id,title,release_year,genres,vote_average,vote_count,popularity,original_language
19995,Avatar,2009,Science Fiction|Action|Adventure,7.6,34023,50.6166,en
259872,Skin. Like. Sun.,2009,Romance|Documentary,6.074,115,50.8537,fr
14836,Coraline,2009,Animation|Family|Fantasy,7.91,8998,30.0399,en
13576,This Is It,2009,Music|Documentary,7.3,1054,21.584,en
18785,The Hangover,2009,Comedy,7.3,18106,19.2848,en
115724,Do You Know Me,2009,Crime|Mystery|Thriller,4.6,17,19.7184,en
767,Harry Potter and the Half-Blood Prince,2009,Adventure|Fantasy,7.681,20797,18.9413,en
14160,Up,2009,Animation|Comedy|Family|Adventure,7.961,21676,17.117,en
16869,Inglourious Basterds,2009,Drama|Thriller|War,8.218,24201,16.1426,en
18240,The Proposal,2009,Comedy|Romance|Drama,7.163,7523,15.1715,en
20453,3 Idiots,2009,Drama|Comedy,8.0,2712,14.6293,hi
8355,Ice Age: Dawn of the Dinosaurs,2009,Animation|Comedy|Family|Adventure,6.767,8870,13.9122,en
14161,2012,2009,Action|Adventure|Science Fiction,5.881,12744,12.3057,en
37169,The Human Centipede (First Sequence),2009,Horror,5.185,2389,16.1845,en
17073,American Swing,2009,Documentary,5.1,18,18.5211,en
10198,The Princess and the Frog,2009,Animation|Romance|Fantasy|Family,7.224,6125,11.149,en
22832,Ninja Assassin,2009,Action|Adventure|Thriller,6.7,1781,9.9279,en
18239,The Twilight Saga: New Moon,2009,Adventure|Fantasy|Drama|Romance,5.99,9754,9.7177,en
26466,Triangle,2009,Horror,6.918,2984,9.3659,en
53445,The Unloved,2009,Drama|TV Movie,6.8,34,11.6427,en
19994,Jennifer's Body,2009,Horror|Comedy,5.994,4247,9.1303,en
19913,(500) Days of Summer,2009,Comedy|Drama|Romance,7.301,11040,10.1145,en
23823,Wrong Turn 3: Left for Dead,2009,Horror|Thriller,5.704,1275,9.2825,en
15512,Monsters vs Aliens,2009,Animation|Family|Adventure|Science Fiction,6.3,4961,8.4875,en
17654,District 9,2009,Science Fiction,7.468,10350,8.1436,en
22881,The Blind Side,2009,Drama,7.666,6849,8.3515,en
13475,Star Trek,2009,Science Fiction|Action|Adventure,7.432,10495,8.2093,en
28178,Hachi: A Dog's Tale,2009,Drama|Family,8.007,7182,9.1311,en
13183,Watchmen,2009,Mystery|Action|Science Fiction,7.355,10000,8.0285,en
21191,Sin Nombre,2009,Drama|Action|Thriller|Crime,7.611,776,8.4904,es
19912,The Final Destination,2009,Horror|Mystery,5.612,3911,7.6331,en
10528,Sherlock Holmes,2009,Adventure|Crime|Mystery,7.221,14774,7.969,en
19908,Zombieland,2009,Comedy|Horror,7.26,13181,7.4219,en
534,Terminator Salvation,2009,Action|Science Fiction|Thriller,6.089,7042,8.5812,en
10315,Fantastic Mr. Fox,2009,Adventure|Animation|Comedy|Family,7.824,6106,6.7247,en
22803,Law Abiding Citizen,2009,Drama|Crime|Thriller,7.394,5680,6.393,en
7980,The Lovely Bones,2009,Fantasy|Drama,7.062,4951,7.3799,en
22794,Cloudy with a Chance of Meatballs,2009,Animation|Comedy|Family,6.658,6448,7.376,en
13448,Angels & Demons,2009,Thriller|Mystery,6.719,7323,7.2161,en
13811,Knowing,2009,Action|Mystery|Science Fiction|Thriller,6.259,5821,6.377,en
12244,9,2009,Action|Adventure|Animation|Science Fiction|Thriller,6.953,3889,6.2161,en
21208,Orphan,2009,Horror|Thriller,6.99,5640,5.6226,en
15092,Crank: High Voltage,2009,Action|Thriller|Crime,6.082,3163,5.9591,en
13207,Friday the 13th,2009,Horror|Thriller,5.775,2858,6.2844,en
14869,G.I. Joe: The Rise of Cobra,2009,Adventure|Action|Thriller|Science Fiction,5.783,4919,6.1948,en
12403,A Perfect Getaway,2009,Thriller|Mystery|Adventure,6.333,1412,5.4977,en
10184,He's Just Not That Into You,2009,Comedy|Romance|Drama,6.627,4048,6.4411,en
17609,Antichrist,2009,Drama|Horror|Thriller,6.623,2843,6.8339,en
17899,Sex  Party and Lies,2009,Comedy|Drama,4.591,159,6.0831,es
12437,Underworld: Rise of the Lycans,2009,Fantasy|Action|Thriller,6.538,3946,5.8031,en
7445,Brothers,2009,Drama|Thriller|War,7.313,3932,5.1396,en
16996,17 Again,2009,Comedy|Fantasy,6.32,5426,4.7783,en
23398,Alvin and the Chipmunks: The Squeakquel,2009,Comedy|Family|Animation|Fantasy|Music,5.7,3126,5.176,en
22683,Gifted Hands: The Ben Carson Story,2009,Drama,7.8,786,4.834,en
17927,Fired Up!,2009,Comedy,6.125,690,4.0491,en
257354,Busty Cops: Protect and Serve!,2009,Comedy|Crime|Mystery|Romance,4.778,18,4.873,en
17335,Obsessed,2009,Drama|Thriller,5.747,699,4.2933,en
22824,The Fourth Kind,2009,Mystery|Science Fiction|Thriller,6.359,1886,4.5653,en
18360,Night at the Museum: Battle of the Smithsonian,2009,Adventure|Fantasy|Action|Comedy|Family,6.2,7294,5.1469,en
22536,Thirst,2009,Drama|Horror|Thriller,7.119,1085,4.6321,ko
16871,Drag Me to Hell,2009,Horror|Thriller,6.478,4089,4.1687,en
22164,Blood and Bone,2009,Action|Crime|Thriller|Drama,7.347,893,4.167,en
21407,The Collector,2009,Horror|Thriller,6.617,1670,4.3446,en
36419,After.Life,2009,Drama|Horror|Mystery|Thriller,6.33,1231,4.545,en
18405,The Last House on the Left,2009,Crime|Thriller|Horror|Drama,6.494,1952,4.069,en
26123,American Pie Presents: The Book of Love,2009,Comedy,5.255,1839,4.4272,en
31011,Mr. Nobody,2009,Science Fiction|Drama|Romance,7.8,6222,4.2857,en
25475,Tinker Bell and the Lost Treasure,2009,Animation|Family|Adventure|Fantasy,6.828,1111,4.3949,en
20766,The Road,2009,Adventure|Drama,7.019,4286,4.3265,en
32985,Solomon Kane,2009,Adventure|Fantasy|Action,6.03,1526,3.7406,en
17431,Moon,2009,Science Fiction|Drama,7.565,6288,4.8766,en
13455,Push,2009,Science Fiction|Action|Adventure|Thriller,6.153,2442,4.9832,en
36728,Naruto Shippuden the Movie: The Will of Fire,2009,Action|Adventure|Comedy|Drama|Fantasy|Animation,7.379,510,4.2897,ja
18487,The Taking of Pelham 1 2 3,2009,Crime|Thriller|Action,6.358,3408,3.7809,en
17979,A Christmas Carol,2009,Animation|Drama|Family|Fantasy,6.9,4912,3.8533,en
16995,State of Play,2009,Thriller|Crime|Mystery,6.811,2152,3.2536,en
22897,It's Complicated,2009,Comedy|Romance,6.51,1516,3.597,en
24420,The Time Traveler's Wife,2009,Drama|Romance|Fantasy,6.944,2709,3.8697,en
23566,Barbie and the Three Musketeers,2009,Animation|Family,7.283,727,3.7006,en
22804,Saw VI,2009,Horror|Thriller,6.293,3505,3.8301,en
158246,Melancholie der Engel,2009,Horror|Mystery,3.9,56,4.0728,de
176241,Prison Break: The Final Break,2009,Action|Drama|Thriller,7.506,722,4.5226,en
25642,Ben 10: Alien Swarm,2009,Action|TV Movie|Science Fiction,6.2,386,3.5684,en
24122,The Rebound,2009,Romance|Comedy,6.503,960,3.7668,en
11322,Public Enemies,2009,Crime|History|Drama,6.7,4837,3.8242,en
17610,Year One,2009,Comedy|Adventure,4.99,2032,3.1141,en
26505,Arthur and the Revenge of Maltazard,2009,Adventure|Fantasy|Animation|Family,5.77,1786,3.7801,fr
22954,Invictus,2009,Drama|History,7.182,4347,3.2279,en
19824,Van Wilder: Freshman Year,2009,Comedy|Romance,5.417,349,3.314,en
68335,Now & Later,2009,Drama,5.052,58,3.6939,en
22843,Evangelion: 2.0 You Can (Not) Advance,2009,Animation|Science Fiction|Action|Drama,7.801,1007,3.1962,ja
16577,Astro Boy,2009,Animation|Action|Family|Science Fiction,6.34,1641,3.3406,en
73881,Thawing Out,2009,Comedy|Drama,5.6,39,3.0984,fr
16866,Planet 51,2009,Animation|Family|Comedy|Science Fiction|Adventure,5.907,2171,3.3916,en
20943,The Ugly Truth,2009,Comedy|Romance,6.51,3774,3.4221,en
15357,District 13: Ultimatum,2009,Action|Thriller|Crime,6.39,1262,3.9446,fr
34480,The Descent: Part 2,2009,Adventure|Horror|Thriller,5.984,1314,3.6007,en
51393,White Night,2009,Mystery|Romance|Thriller,6.227,44,2.899,ko
24150,Halloween II,2009,Horror,5.319,1536,2.8191,en
161246,Raging Sun  Raging Sky,2009,Drama|Fantasy,5.0,22,3.1073,es
20083,Shinjuku Incident,2009,Drama|Action|Thriller|Crime,6.7,321,3.3002,cn
19585,G-Force,2009,Family|Fantasy|Action|Adventure|Comedy,5.487,2006,3.4488,en
38810,Dogtooth,2009,Drama,7.041,2602,3.6637,el
8373,Transformers: Revenge of the Fallen,2009,Science Fiction|Action|Adventure,6.216,9170,3.4849,en
8054,The Imaginarium of Doctor Parnassus,2009,Adventure|Fantasy|Mystery,6.384,2885,2.9253,en
20048,Confessions of a Shopaholic,2009,Comedy|Romance,6.5,2761,3.0657,en
24418,Cirque du Freak: The Vampire's Assistant,2009,Adventure|Fantasy|Action|Thriller,5.857,1168,3.5895,en
28355,Case 39,2009,Horror|Mystery|Thriller,6.319,2388,3.232,en
24253,The Girl Who Played with Fire,2009,Drama|Action|Thriller|Crime|Mystery,6.984,1804,3.286,sv
19899,Couples Retreat,2009,Comedy|Romance,5.557,2091,3.2992,en
15159,The Pink Panther 2,2009,Comedy|Mystery,5.702,1267,3.0029,en
15384,Red Cliff II,2009,Action|Adventure|Drama|History|War,7.289,494,2.907,zh
19959,Surrogates,2009,Science Fiction|Action|Thriller,6.144,3442,3.4213,en
15472,The Girl with the Dragon Tattoo,2009,Drama|Thriller|Crime|Mystery,7.5,3224,2.9601,sv
13836,Race to Witch Mountain,2009,Adventure|Family|Fantasy|Science Fiction|Thriller|Action,5.799,1823,2.8881,en
14164,Dragonball Evolution,2009,Action|Adventure|Fantasy|Science Fiction|Thriller,2.9,2206,3.8846,en
28874,Summer Wars,2009,Animation|Science Fiction,7.5,1031,3.1636,ja
41498,One Piece Film: Strong World,2009,Animation|Fantasy|Adventure,7.4,395,2.9796,ja
23082,The Invention of Lying,2009,Comedy|Fantasy|Romance,6.2,2328,3.0635,en
25376,The Secret in Their Eyes,2009,Mystery|Thriller|Drama,8.0,2864,3.9973,es
30596,Bodyguards and Assassins,2009,Drama|Action|History,6.8,392,3.8697,cn
37961,Kaiji: The Ultimate Gambler,2009,Thriller|Drama|Mystery,6.753,79,2.4524,ja
1977,The Grudge 3,2009,Mystery|Horror|Thriller,5.427,662,2.4661,en
25793,Precious: Based on the Novel 'Push' by Sapphire,2009,Drama,7.322,1779,3.983,en
14912,18 Year Old Virgin,2009,Comedy,3.804,153,2.9286,en
71883,Redline,2009,Animation|Action|Science Fiction,7.514,567,4.2999,ja
25769,Carriers,2009,Action|Drama|Horror|Science Fiction|Thriller,6.052,1495,3.1597,en
19898,Pandorum,2009,Action|Horror|Mystery|Science Fiction|Thriller,6.59,2661,3.5316,en
12573,A Serious Man,2009,Comedy|Drama,6.7,2370,2.5829,en
11699,Bad Lieutenant: Port of Call New Orleans,2009,Drama|Crime,6.189,1273,2.5425,en
33196,Tidal Wave,2009,Action|Drama|Thriller,6.9,488,2.9297,ko
20002,Chandni Chowk to China,2009,Action|Adventure|Comedy,4.938,89,2.6511,hi
24803,Julie & Julia,2009,Romance|Drama,6.716,2216,2.7256,en
19950,Yavarum Nalam,2009,Mystery|Horror,6.319,83,2.9853,ta
18501,Gamer,2009,Action|Thriller|Science Fiction,5.692,2632,3.4707,en
14560,Paul Blart: Mall Cop,2009,Action|Adventure|Comedy|Family,5.454,2723,3.393,en
26736,Wizards of Waverly Place: The Movie,2009,Family|TV Movie|Adventure|Comedy|Fantasy|Action|Drama,7.312,1793,3.0174,en
25602,Ninja,2009,Action|Crime|Drama|Thriller,6.155,403,2.4629,en
10664,[REC]²,2009,Thriller|Horror,6.634,2188,2.7756,es
30018,Mother,2009,Crime|Drama|Mystery,7.699,1683,2.6389,ko
9503,Pope Joan,2009,Drama|History|Romance,6.8,362,2.8611,en
27374,Lake Mungo,2009,Horror|Thriller,6.167,689,2.7297,en
13532,Fanboys,2009,Adventure|Comedy|Crime,6.154,895,3.5495,en
13788,The Unborn,2009,Horror|Thriller|Mystery,5.2,1427,3.6528,en
16538,I Love You  Man,2009,Comedy|Romance,6.578,1937,2.269,en
23488,Dorian Gray,2009,Fantasy|Drama|Thriller,6.043,2238,2.9739,en
10521,Bride Wars,2009,Comedy|Romance,6.2,3194,2.9981,en
28764,Detective Conan: The Raven Chaser,2009,Animation|Crime|Mystery|Thriller,7.285,156,2.8349,ja
20856,Aliens in the Attic,2009,Adventure|Comedy|Family|Fantasy|Science Fiction,5.7,1056,2.9775,en
18162,Land of the Lost,2009,Adventure|Science Fiction|Comedy|Action,5.457,1443,2.9521,en
34653,A Single Man,2009,Drama|Romance,7.268,1667,2.6699,en
17577,The Devil's Tomb,2009,Action|Horror|Thriller|Science Fiction,4.684,196,2.4616,en
29917,Exam,2009,Thriller|Mystery,6.686,2292,2.9873,en
14451,Dead Snow,2009,Horror|Comedy,5.979,1233,2.1297,no
22949,Old Dogs,2009,Comedy|Family,5.57,790,3.3179,en
25716,Crows Zero II,2009,Action|Adventure|Crime|Comedy,7.225,242,2.2239,ja
112631,Daniel & Ana,2009,Thriller|Drama,6.754,114,3.9454,es
24238,Mary and Max,2009,Animation|Comedy|Drama,7.872,2254,2.7108,en
14435,My Bloody Valentine,2009,Horror|Thriller,5.581,1313,2.7377,en
39057,Pokémon: Arceus and the Jewel of Life,2009,Family|Animation|Adventure|Fantasy,7.1,310,2.5723,ja
14410,Notorious,2009,Music|Drama|History,6.952,798,3.5624,en
19918,Spread,2009,Comedy|Romance,5.554,940,3.2633,en
22947,Up in the Air,2009,Drama|Romance,6.895,3995,3.3161,en
10024,My Sister's Keeper,2009,Drama,7.365,2251,2.8003,en
44125,From Beginning to End,2009,Romance|Drama,6.573,184,2.4947,pt
21724,Dance Flick,2009,Music|Comedy|Action,5.0,301,2.7585,en
14254,The Uninvited,2009,Horror,6.45,1625,2.3765,en
26428,Agora,2009,Adventure|Drama|History,6.99,1562,2.4005,en
18533,Bronson,2009,Drama|Action|Crime,6.956,2682,2.9238,en
16523,Where the Wild Things Are,2009,Fantasy|Drama|Adventure|Family,6.502,2019,2.7424,en
247136,The Temptation of Kimono,2009,Drama|Romance,5.5,21,2.3424,ja
18126,Hannah Montana: The Movie,2009,Comedy|Drama|Family|Music|Romance,6.6,2105,2.2167,en
19904,The Stepfather,2009,Horror|Thriller,5.8,960,3.2399,en
17740,Powder Blue,2009,Drama,6.118,254,3.49,en
33273,Cell 211,2009,Action|Thriller|Drama,7.4,1358,2.3092,es
68555,Death Note Relight 2: L's Successors,2009,TV Movie|Thriller|Animation|Crime|Drama|Fantasy,7.331,186,3.1029,ja
18480,Brüno,2009,Comedy,5.634,1916,2.0891,en
18476,Horsemen,2009,Crime|Drama|Horror|Mystery|Thriller,5.943,615,3.3269,en
18438,Castaway on the Moon,2009,Drama|Comedy|Romance,7.9,732,3.651,ko
12556,Ghosts of Girlfriends Past,2009,Romance|Comedy|Fantasy,5.955,2433,2.1592,en
27297,Grotesque,2009,Horror|Thriller,5.734,252,1.9852,ja
21575,A Prophet,2009,Crime|Drama,7.572,1736,2.9408,fr
22798,Whip It,2009,Drama,6.692,1127,2.5955,en
22825,The Box,2009,Thriller|Science Fiction,5.639,1885,2.1184,en
14979,Thick as Thieves,2009,Action|Thriller|Crime,5.98,868,2.0171,en
19833,In the Loop,2009,Comedy,7.025,777,2.2049,en
18947,The Boat That Rocked,2009,Drama|Comedy,7.226,2296,2.2057,en
14834,Not Easily Broken,2009,Drama|Romance,6.4,73,2.2559,en
18781,The Haunting in Connecticut,2009,Thriller|Horror,6.171,1198,2.1991,en
26963,The Secret of Kells,2009,Animation|Family|Fantasy,7.372,786,2.2463,en
18899,Vengeance,2009,Action|Crime|Thriller,6.617,206,2.189,cn
33613,The Girl Who Kicked the Hornet's Nest,2009,Action|Thriller|Crime|Mystery,7.058,1486,2.7416,sv
25626,The Founding of a Republic,2009,Drama|History,5.318,66,2.0303,zh
95935,Doraemon: The New Record of Nobita's Spaceblazer,2009,Animation|Adventure|Family|Fantasy|Science Fiction|Comedy,6.819,47,2.1281,ja
22821,The Boondock Saints II: All Saints Day,2009,Action|Thriller|Crime,5.974,821,2.3228,en
18032,The Secret of Moonacre,2009,Adventure|Fantasy|Romance,6.59,498,2.2625,en
21634,Prayers for Bobby,2009,Drama|History|TV Movie,8.053,630,2.2867,en
10313,The Men Who Stare at Goats,2009,Comedy|War,5.969,2406,2.1123,en
20829,Funny People,2009,Comedy|Drama,5.89,1419,2.9683,en
19543,Anacondas: Trail of Blood,2009,Adventure|Horror|Thriller|TV Movie,4.683,344,2.378,en
17336,Fighting,2009,Action|Crime|Romance|Drama,6.009,767,2.2062,en
108513,Missing,2009,Thriller|Horror,5.9,37,2.4352,ko
15189,Hotel for Dogs,2009,Comedy|Family,6.1,913,2.3358,en
16614,Adventureland,2009,Comedy|Drama|Romance,6.401,2355,1.7115,en
625651,Family Guy Presents: Something  Something  Something  Dark Side,2009,Animation|Comedy|Science Fiction|TV Movie,7.2,164,1.7096,en
26171,Everybody's Fine,2009,Drama,6.839,1102,2.7765,en
16325,Echelon Conspiracy,2009,Action|Thriller,6.152,488,2.1399,en
14711,Afro Samurai: Resurrection,2009,Animation|Action|Adventure|Drama|Fantasy|Science Fiction|TV Movie,6.872,219,1.8706,en
16345,Billu,2009,Comedy|Drama,6.406,112,2.0661,hi
4959,The International,2009,Action|Thriller|Crime|Mystery,6.27,1422,2.4231,en
15268,Street Fighter: The Legend of Chun-Li,2009,Action|Adventure,4.3,491,1.7475,en
21862,Deep in the Valley,2009,Comedy|Romance,4.887,154,2.0371,en
34769,Defendor,2009,Drama|Action|Comedy|Crime,6.404,607,3.009,en
25196,Crazy Heart,2009,Drama|Music|Romance,6.915,1194,1.7774,en
24832,Damage,2009,Action|Thriller|Drama,6.6,183,2.8603,en
23706,All About Steve,2009,Comedy,4.961,1055,1.9456,en
4597,Armored,2009,Action|Crime|Drama|Thriller|Mystery,5.75,703,2.1563,en
19724,Imagine That,2009,Family|Comedy|Fantasy,6.0,597,1.9795,en
24684,An Education,2009,Drama|Romance,6.944,1426,1.9517,en
19458,Princess Protection Program,2009,Family|TV Movie|Comedy|Drama,6.65,1758,1.9714,en
25405,Taking Chance,2009,Drama|War|TV Movie,7.179,240,1.9979,en
10197,Nine,2009,Drama|Music|Romance,5.518,632,2.7309,en
32909,Mulan: Rise of a Warrior,2009,Adventure|Drama|Action,7.48,447,2.1019,zh
65199,Tokyo Train Girls: Private Lessons,2009,Drama|Romance,5.2,13,2.1067,ja
20407,The Answer Man,2009,Comedy|Romance,6.257,138,1.8634,en
19840,I Love You  Beth Cooper,2009,Comedy|Romance,6.0,962,2.2235,en
51948,Mega Monster Battle: Ultra Galaxy Legends The Movie,2009,Action|Adventure|Science Fiction|Animation,7.8,20,1.999,ja
21345,City of Life and Death,2009,Drama|History|War,7.4,237,1.6253,zh
28118,The Gruffalo,2009,Animation|Family|TV Movie,7.354,343,1.8614,en
17082,The Sniper,2009,Action|Thriller,6.065,77,1.5961,cn
22620,Scooby-Doo! The Mystery Begins,2009,Mystery|Comedy|Fantasy,6.401,725,1.9793,en
35052,Cracks,2009,Drama|Mystery|Thriller,6.638,435,2.2605,en
24001,The Hills Run Red,2009,Horror|Thriller,5.76,340,1.6875,en
16056,Winged Creatures,2009,Crime|Drama,5.874,152,1.9229,en
33997,Desert Flower,2009,Drama,7.6,489,2.0961,en
46033,Lupin the Third vs. Detective Conan,2009,TV Movie|Animation|Action|Comedy|Crime,6.9,133,1.8119,ja
26688,Sorority Row,2009,Horror|Mystery,5.6,615,1.9156,en
19139,Goal III: Taking on the World,2009,Drama,3.982,223,1.8876,en
40099,Searching for the Elephant,2009,Romance|Drama,4.864,22,1.7386,ko
26587,Dread,2009,Horror|Drama|Thriller,5.5,257,1.7094,en
48625,Macross Frontier: The False Songstress,2009,Drama|Romance|Animation|Science Fiction,6.9,37,1.6245,ja
37963,Phobia 2,2009,Thriller|Horror,6.2,80,1.4841,th
16931,Into the Blue 2: The Reef,2009,Action|Adventure|Thriller,5.11,173,2.0862,en
23452,Gurren Lagann the Movie: The Lights in the Sky Are Stars,2009,Action|Science Fiction|Animation|Adventure,7.9,119,1.7692,ja
20618,Road Trip: Beer Pong,2009,Comedy,5.354,230,1.5621,en
38780,Rampage,2009,Action|Crime|Thriller,5.958,477,1.7721,en
22640,Shrink,2009,Comedy|Drama,6.2,252,1.8569,en
26320,Taking Woodstock,2009,Music|Comedy|Drama,6.221,476,2.0337,en
22327,Youth in Revolt,2009,Comedy|Romance|Drama,6.152,979,1.7969,en
25472,Merry Madagascar,2009,Animation|Family,6.502,321,2.948,en
17532,S. Darko,2009,Thriller|Crime|Science Fiction|Mystery,4.339,491,1.9321,en
24827,Ajab Prem Ki Ghazab Kahani,2009,Romance|Comedy|Action,6.216,155,1.3455,hi
13975,In the Electric Mist,2009,Thriller|Drama|Crime|Mystery,6.077,462,1.9565,en
16418,Barbie Presents: Thumbelina,2009,Animation|Family,6.633,512,1.6148,en
22855,Superman/Batman: Public Enemies,2009,Science Fiction|Animation|Adventure|Drama|Action,7.086,722,1.6597,en
33409,The Stoning of Soraya M.,2009,Crime|Drama,7.698,258,2.034,en
19597,The Hedgehog,2009,Comedy|Drama,7.24,420,2.766,fr
39545,TiMER,2009,Fantasy|Drama|Comedy|Science Fiction|Romance,6.3,256,1.7923,en
39067,Macabre,2009,Horror|Thriller,6.312,85,1.6638,id
8284,The Limits of Control,2009,Crime|Drama|Mystery|Thriller,6.037,315,1.6631,en
16258,The Butterfly Effect 3: Revelations,2009,Science Fiction|Thriller|Drama|Crime,5.507,624,2.2537,en
29151,Brief Interviews with Hideous Men,2009,Comedy|Drama,5.1,75,1.3797,en
23988,Stan Helsing,2009,Comedy|Horror,4.216,501,1.6396,en
29483,Beautiful Kate,2009,Drama,5.671,70,1.6367,en
16763,Joy Ride 2: Dead Ahead,2009,Crime|Thriller|Horror,5.541,278,1.7911,en
28739,Cabin Fever 2: Spring Fever,2009,Horror,4.524,420,1.8472,en
25941,Harry Brown,2009,Thriller|Crime|Drama|Action,6.8,1162,2.7396,en
16759,Five Minutes of Heaven,2009,Crime|Drama|Thriller,6.108,223,1.5141,en
23903,Curious George 2: Follow That Monkey!,2009,Animation|Family,6.6,125,1.6567,en
179387,Heavenly Touch,2009,Drama|Romance,5.824,54,1.7438,tl
19265,Whatever Works,2009,Comedy|Romance,7.078,1845,1.7164,en
22787,Whiteout,2009,Action|Crime|Mystery|Thriller,5.601,840,1.7385,en
28665,Fame,2009,Music|Comedy|Drama|Romance,5.7,381,2.9604,en
21583,Management,2009,Comedy|Drama|Romance,5.372,352,1.8419,en
37861,Valhalla Rising,2009,Adventure|Drama|Action|Fantasy,6.113,1329,3.0052,en
39319,Tales of Vesperia: The First Strike,2009,Animation|Action|Adventure|Fantasy,6.4,40,1.7325,ja
32516,The Forbidden Legend: Sex & Chopsticks 2,2009,Comedy|Drama|Romance,6.181,113,1.8337,cn
12569,Extract,2009,Comedy,5.838,674,1.6208,en
54225,Five Senses of Eros,2009,Romance|Drama,5.0,25,1.6452,ko
31203,Little Nicholas,2009,Comedy|Family,6.069,1167,1.5219,fr
1450,Blood: The Last Vampire,2009,Action|Adventure|Horror|Science Fiction|Thriller,5.874,421,1.5252,en
108515,Kamen Rider × Kamen Rider W & Decade: Movie War 2010,2009,Action|Adventure|Science Fiction,6.433,15,1.9275,ja
9511,Rabbit Without Ears 2,2009,Comedy|Romance,5.755,278,1.3085,de
33511,Nowhere Boy,2009,Drama,7.163,860,2.2907,en
11323,The Informant!,2009,Drama|Comedy|Crime,6.157,975,1.5404,en
56084,Escaping Tel Aviv,2009,Thriller|Drama|Action,6.1,45,1.6955,ar
291081,Red Riding: The Year of Our Lord 1974,2009,Thriller|Mystery|Crime|Drama|TV Movie,6.659,283,1.5634,en
37903,The White Ribbon,2009,Drama|Mystery,7.475,1138,2.1107,de
79896,The Revenant,2009,Comedy|Horror|War,6.1,274,1.7472,en
36691,Solitary Man,2009,Comedy|Drama|Romance,5.906,345,1.436,en
22259,Bionicle: The Legend Reborn,2009,Action|Adventure|Animation|Science Fiction|Fantasy,5.8,126,1.4727,en
32005,Breaking Point,2009,Action|Adventure|Drama|Thriller,4.4,17,2.6325,en
16985,Legally Blondes,2009,Comedy,5.7,288,1.7556,en
32395,The Greatest,2009,Drama,6.218,174,1.8237,en
72465,Private Lessons,2009,Drama,5.1,30,1.5144,fr
24804,Black Dynamite,2009,Comedy|Action,7.099,703,1.4746,en
39373,Jack Hunter and the Star of Heaven,2009,Adventure|Action,6.4,36,1.5656,en
8088,Broken Embraces,2009,Drama|Romance|Thriller,7.154,715,1.4584,es
16558,Duplicity,2009,Romance|Comedy|Crime,5.9,868,1.6694,en
24056,The Tournament,2009,Horror|Action|Thriller,5.948,679,1.5961,en
19556,Miss March,2009,Comedy|Romance,5.565,383,1.7007,en
19794,Labor Pains,2009,Comedy,5.4,447,2.6908,en
15577,Crossing Over,2009,Crime|Drama,6.111,406,1.5013,en
8915,Amelia,2009,Adventure|Drama|History,5.683,260,1.3783,en
26715,Bitch Slap,2009,Drama|Action|Comedy|Thriller|Crime,4.771,310,1.883,en
11156,Coco Before Chanel,2009,Drama|History,6.876,1029,1.3517,fr
25132,Shorts,2009,Family|Fantasy|Comedy|Adventure|Science Fiction,5.865,318,1.4748,en
16991,Observe and Report,2009,Comedy|Crime|Drama,5.409,747,1.4805,en
24889,Overheard,2009,Drama|Thriller,6.962,119,1.3341,cn
14536,New in Town,2009,Comedy|Romance,5.841,514,1.6027,en
22681,Homecoming,2009,Horror|Thriller|Drama,5.898,176,1.5467,en
15257,Hulk vs. Wolverine,2009,Animation|Action|Science Fiction|Adventure|Fantasy,7.099,282,1.5777,en
28089,The Messenger,2009,Drama|Romance,6.768,482,2.1021,en
25137,Beyond a Reasonable Doubt,2009,Thriller,5.7,345,1.3835,en
25643,Love Happens,2009,Drama|Romance,5.836,718,1.3677,en
22805,Motherhood,2009,Comedy|Drama,5.0,134,1.7597,en
38087,Mystery Team,2009,Comedy|Crime|Mystery|Thriller,6.14,159,1.3853,en
30617,Kamen Rider Decade: All Riders vs. Dai-Shocker,2009,Action|Adventure|Science Fiction,6.3,11,1.3807,ja
50650,Night and Fog,2009,Drama|Crime,7.3,22,1.4063,cn
21167,S&M Judge,2009,Drama,6.6,49,1.4592,nl
24778,Hydra,2009,TV Movie|Horror|Science Fiction|Action|Fantasy,4.2,81,2.6472,en
15670,Madea Goes to Jail,2009,Comedy|Crime|Drama,6.521,212,1.6365,en
24271,The Maiden Heist,2009,Comedy|Crime,5.66,382,1.8877,en
45682,Looking for Jackie,2009,Action|Comedy|Family,4.273,64,1.5419,zh
23790,Magadheera,2009,Action,7.21,143,1.7528,te
23127,The Haunted World of El Superbeasto,2009,Animation|Action|Comedy|Fantasy|Horror|Music,5.91,210,1.6253,en
45650,The Hole,2009,Thriller|Adventure|Fantasy,5.765,762,1.8022,en
26630,Shank,2009,Drama|Action,5.971,51,2.1055,en
18320,The Young Victoria,2009,Drama|History|Romance,7.164,1065,1.7821,en
14857,Personal Effects,2009,Drama,6.0,135,1.5658,en
32654,The Storm Warriors,2009,Action|Adventure|Fantasy,6.1,94,1.5168,cn
32582,The Message,2009,Drama|Thriller,7.4,117,1.4192,zh
11928,Tetro,2009,Drama,6.7,210,1.5384,en
15105,Still Waiting...,2009,Comedy,4.888,112,2.6027,en
105077,Battlestar Galactica: The Plan,2009,Science Fiction|Action|Drama,6.756,478,1.8591,en
41066,Professor Layton and the Eternal Diva,2009,Family|Animation|Mystery,7.473,149,1.5397,ja
17680,The Girlfriend Experience,2009,Drama,5.1,345,2.489,en
12834,Leaves of Grass,2009,Comedy|Crime|Thriller,6.013,463,1.3343,en
128887,Crayon Shin-chan: Roar! Kasukabe Animal Kingdom,2009,Animation|Comedy,6.942,26,1.3714,ja
48968,Tactical Unit: Comrades in Arms,2009,Action|Crime,6.5,15,1.2431,cn
20178,World's Greatest Dad,2009,Comedy|Drama,6.597,652,1.4964,en
44571,The King of Fighters,2009,Action|Thriller|Science Fiction,4.768,166,1.4497,en
25474,Accident,2009,Action|Drama|Thriller,6.731,132,1.3001,cn
78013,Gokusen: The Movie,2009,Comedy|Drama,6.5,25,1.9981,ja
21657,Northern Lights,2009,TV Movie|Drama|Mystery|Romance,6.0,35,1.391,en
41531,Hear Me,2009,Romance|Drama,7.387,84,1.5292,zh
20441,Messengers 2: The Scarecrow,2009,Horror,5.427,179,1.5488,en
113555,The Casuarina Cove,2009,Drama,5.0,12,1.1828,zh
21954,Sex Pot,2009,Comedy,4.3,58,2.4792,en
15359,Wonder Woman,2009,Action|Adventure|Animation|Fantasy|Science Fiction,7.19,620,1.6608,en
56601,The Perfect Game,2009,Drama|Family,7.133,180,1.3516,en
36917,Ju-On: Black Ghost,2009,Fantasy|Horror,5.1,105,1.1964,ja
19273,Dr. Dolittle: Million Dollar Mutts,2009,Comedy|Family|Fantasy,5.5,135,1.558,en
37534,The New Daughter,2009,Horror|Thriller,5.334,382,1.4606,en
25446,Mobile Suit Gundam 00 Special Edition I: Celestial Being,2009,Action|Drama|Adventure|Science Fiction|War|Animation,5.9,10,1.1681,ja
22556,The Yellow Handkerchief,2009,Drama|Romance,6.3,162,1.3508,en
101981,Teke Teke,2009,Horror,6.007,67,1.2074,ja
14849,Dead Like Me: Life After Death,2009,Drama|Fantasy|Comedy,6.343,299,1.59,en
44114,3some,2009,Romance|Drama,5.887,62,1.5811,es
19905,The Goods: Live Hard  Sell Hard,2009,Comedy,5.383,236,1.2067,en
28465,A Dangerous Man,2009,Crime|Action|Adventure|Thriller,5.0,117,1.3825,en
25983,The House of the Devil,2009,Horror|Mystery,6.26,848,1.4705,en
23049,My Life in Ruins,2009,Comedy|Romance,6.149,439,1.2841,en
24438,Did You Hear About the Morgans?,2009,Comedy|Drama|Romance,5.378,1031,1.5538,en
36550,Jack and the Beanstalk,2009,Adventure|Comedy|Family|Fantasy,5.205,83,1.5685,en
61927,Porno Unplugged,2009,Documentary,6.3,35,1.4039,en
26693,Ju-On: White Ghost,2009,Fantasy|Horror,6.2,110,1.122,ja
21297,Wake Up Sid,2009,Comedy|Drama|Romance,7.235,181,1.2302,hi
38842,Middle Men,2009,Drama|Comedy|Crime,6.491,342,1.3934,en
23128,The Cove,2009,Documentary,7.951,679,1.2802,en
43635,My Rainy Days,2009,Drama|Romance,7.4,141,1.6705,ja
35026,Lucky Luke,2009,Comedy|Western|Adventure,4.457,539,2.2496,fr
39414,Paper Man,2009,Comedy|Drama,6.316,366,2.3551,en
40171,Woochi: The Demon Slayer,2009,Adventure|Action|Comedy|Fantasy,6.808,146,1.3184,ko
1731,Helen,2009,Drama,6.5,66,1.3895,en
33195,Triage,2009,Drama|Thriller|Mystery,6.0,173,1.5806,en
38850,Stolen,2009,Crime|Drama|Mystery|Thriller,5.89,118,1.4695,en
8316,The Countess,2009,Drama|History|Thriller|Mystery|Horror,5.9,186,1.2011,en
16911,The Inhabited Island,2009,Science Fiction|Adventure,5.332,113,0.9978,ru
12408,Genova,2009,Romance|Drama,5.6,112,2.0573,en
17134,12 Rounds,2009,Action|Thriller|Crime,5.9,844,1.5782,en
64809,Mai Mai Miracle,2009,Animation|Adventure|Drama,7.022,89,1.3253,ja
28053,City Island,2009,Drama|Comedy,6.945,401,2.405,en
24469,Fish Tank,2009,Drama,6.938,944,1.4014,en
22717,Wanted,2009,Action|Comedy|Crime|Thriller,5.866,123,1.3451,hi
22193,All's Well  End's Well 2009,2009,Comedy|Romance,5.0,22,2.1426,cn
31896,Finding Bliss,2009,Comedy,4.7,73,1.2505,en
23410,The Thaw,2009,Horror|Science Fiction,5.685,349,1.7089,en
42309,Fear Island,2009,Horror|Thriller|Mystery|TV Movie,5.289,168,2.3212,en
29963,Bright Star,2009,Drama|Romance,6.616,484,1.507,en
23167,The Garden of Sinners: Murder Speculation Part B,2009,Animation|Fantasy|Mystery|Romance|Action|Crime,7.2,97,1.3887,ja
26820,My One and Only,2009,Comedy|Drama,6.58,174,1.4404,en
19851,Grey Gardens,2009,History|Drama|TV Movie,6.8,150,1.2626,en
37080,Mother and Child,2009,Drama|Romance,6.6,164,1.1973,en
20606,Doghouse,2009,Comedy|Horror,5.806,392,1.0654,en
30685,Blood Creek,2009,Horror|Thriller,5.3,302,1.5587,en
45892,I Corrupt All Cops,2009,Crime|Drama|Thriller,5.5,20,1.1086,cn
291092,Red Riding: The Year of Our Lord 1983,2009,Thriller|Crime|Drama|Mystery|TV Movie,6.973,188,1.4287,en
10788,Kambakkht Ishq,2009,Action|Comedy|Drama|Romance,4.358,60,1.9204,hi
43619,Leaving,2009,Drama|Romance,6.008,121,1.3584,fr
51365,The Door,2009,Fantasy|Thriller|Science Fiction|Mystery,6.209,160,1.269,de
24589,Dug's Special Mission,2009,Animation|Comedy|Family,6.985,443,1.0934,en
84160,Pretty Cure All Stars DX: Everyone Is a Friend - A Miracle All Pretty Cures Together,2009,Animation|Fantasy|Comedy|Action|Adventure|Family,6.893,14,1.1677,ja
37181,About Elly,2009,Drama,7.471,543,1.602,fa
14749,Space Buddies,2009,Comedy|Adventure|Family|Science Fiction,5.9,220,1.4298,en
20236,Direct Contact,2009,Action|Adventure|Thriller,4.524,62,2.0502,en
51880,Oscar and the Lady in Pink,2009,Drama|Family,6.452,84,1.2594,fr
30431,Creation,2009,Drama|History,6.419,246,1.6651,en
2325,Leningrad,2009,War|Drama,5.469,97,1.1585,en
5937,John Rabe,2009,Drama|History|War,7.063,127,1.2788,de
106378,The Chef of South Polar,2009,Drama|Comedy,7.1,52,1.1257,ja
32124,Dare,2009,Drama|Romance,5.7,76,1.2095,en
41995,Power Kids,2009,Action|Drama,5.675,20,1.4139,th
57407,Omar & Salma 2,2009,Romance|Comedy,6.2,22,1.5326,ar
90679,My Father's Will,2009,Drama|Romance,4.9,18,1.1699,en
27936,Micmacs,2009,Action|Comedy|Crime,6.6,660,1.336,fr
74178,Little Hercules,2009,Family|Fantasy,3.636,11,1.9865,en
19508,Garfield's Pet Force,2009,Family|Comedy|Adventure|Animation,5.5,110,1.3062,en
91312,Cook County,2009,Drama,7.5,11,1.0878,en
30239,Vincere,2009,Drama|History,6.707,164,1.6471,it
15809,Green Street Hooligans 2,2009,Crime|Drama,4.96,260,1.2355,en
22476,Infestation,2009,Action|Comedy|Horror|Science Fiction,5.8,230,1.1843,en
18374,My Girlfriend Is an Agent,2009,Action|Comedy|Romance,6.26,104,1.2416,ko
24051,Hardwired,2009,Science Fiction|Adventure|Action|Thriller,5.1,96,1.2211,en
25124,Kung Fu Chefs,2009,Action|Comedy,5.488,43,1.4043,cn
699249,Naruto OVA 6: The Cross Roads,2009,Animation|Action,6.594,64,1.2123,ja
25704,Post Grad,2009,Comedy|Drama|Romance,5.0,320,1.2697,en
22215,Chéri,2009,Drama|Comedy|Romance,6.088,227,1.2506,en
24293,Goemon,2009,Action|Drama|Fantasy,6.876,133,1.0447,ja
13804,Fast & Furious,2009,Action|Crime|Thriller,6.691,7804,1.3091,en
17332,The Soloist,2009,Drama|Music,6.672,827,1.5044,en
15681,Ex,2009,Comedy|Romance,5.727,467,1.2039,it
26223,The Canyon,2009,Thriller,5.6,129,1.0894,en
39544,Oblivion Island: Haruka and the Magic Mirror,2009,Animation|Adventure,6.465,43,1.1321,ja
5178,The Good Heart,2009,Drama|Comedy|Romance,6.4,93,1.2431,en
19241,Backwoods,2009,Horror|Thriller|TV Movie,4.5,51,1.3005,en
17445,Green Lantern: First Flight,2009,Action|Adventure|Fantasy|Animation|Science Fiction,6.954,496,1.1856,en
24154,Miyori's Forest,2009,Animation|Fantasy|Drama,7.1,29,1.1464,ja
101987,Teke Teke 2,2009,Horror,5.921,38,0.9895,ja
58586,Repo Chick,2009,Comedy,3.595,21,1.0334,en
21641,The Damned United,2009,Drama|History,7.227,695,1.5502,en
27135,Tell-Tale,2009,Drama|Horror|Mystery|Thriller,5.349,149,0.9989,en
25353,The True Story of Puss 'n Boots,2009,Family|Adventure|Animation,4.8,50,1.0009,fr
91777,Monpura,2009,Romance|Music|Drama,7.673,26,1.2578,bn
25053,Air Doll,2009,Drama|Fantasy,6.932,281,1.5207,ja
15060,Futurama: Into the Wild Green Yonder,2009,Animation|Comedy|Science Fiction,7.058,599,1.1172,en
25451,Taking Chances,2009,Comedy|Romance,4.2,47,2.1986,en
54753,Maneater,2009,Horror,5.5,16,1.2548,en
37714,The Assassin Next Door,2009,Drama|Thriller,5.512,84,1.0404,he
22398,Tenderness,2009,Crime|Drama|Thriller,5.199,128,1.4916,en
59300,Final Fantasy VII: On the Way to a Smile - Episode Denzel,2009,Animation|Fantasy,5.833,39,1.1354,ja
16652,Happily N'Ever After 2,2009,Animation|Comedy|Adventure,4.9,226,1.0731,en
27989,Serious Moonlight,2009,Comedy|Romance,5.0,167,1.3217,en
15052,The Lodger,2009,Horror|Mystery|Thriller|Drama,5.7,145,1.0921,en
31162,Black Lightning,2009,Science Fiction|Action|Adventure,6.308,216,1.0595,ru
23963,Pontypool,2009,Horror|Mystery|Science Fiction,6.456,704,1.0173,en
27310,The Marine 2,2009,Action,5.945,228,1.0675,en
15135,Feast III: The Happy Finish,2009,Horror|Action|Comedy|Thriller,4.677,147,1.1855,en
31185,Empire of Silver,2009,Drama|History|Family|Romance,5.5,20,1.1304,zh
35908,Evil Angel,2009,Horror|Thriller|Mystery,4.9,59,1.3652,en
15102,Endgame,2009,Crime|Drama,5.863,51,2.1058,en
19268,So Happy Together,2009,Comedy,6.533,272,1.4469,fr
35435,Eden of the East Movie I: The King of Eden,2009,Animation|Drama|Mystery|Science Fiction|Romance,6.8,76,1.3397,ja
33106,Crazy Racer,2009,Comedy|Action|Adventure,7.675,106,1.1658,zh
23568,American Virgin,2009,Comedy,4.9,172,0.9468,en
41558,Separation City,2009,Romance|Comedy,5.2,24,2.2002,en
25968,Veronika Decides to Die,2009,Drama|Romance,5.908,272,1.1201,en
41434,Don't Look Up,2009,Horror,3.6,54,1.0091,en
18472,Driven to Kill,2009,Action|Adventure|Thriller,5.01,148,1.0783,en
49970,Junkyard Dog,2009,Horror|Thriller,4.0,12,1.9445,en
43735,The Nanny Express,2009,Drama|Romance|Family|Comedy|TV Movie,5.857,49,1.0533,en
28891,Elsewhere,2009,Crime|Drama|Thriller,5.8,94,1.0629,en
25867,De Dana Dan,2009,Comedy|Crime,5.73,98,1.4332,hi
15588,OSS 117: Lost in Rio,2009,Crime|Action|Comedy,7.096,1528,1.3136,fr
169022,Just Friends?,2009,Romance|Comedy,5.9,28,1.1698,ko
41441,The Sword with No Name,2009,Drama|Action|History|Romance,6.091,55,1.2075,ko
18897,Don't Look Back,2009,Drama|Horror|Mystery|Thriller,5.626,222,1.5562,fr
26379,Paa,2009,Drama|Family,6.432,88,1.4895,hi
14853,Screamers: The Hunting,2009,Action|Horror|Science Fiction,4.925,153,1.232,en
54443,Yes  Virginia,2009,Animation|Family,7.1,27,1.9803,en
51249,Alabama Moon,2009,Adventure|Drama|Family,6.456,67,2.1427,en
18826,Spring Breakdown,2009,Comedy,5.4,105,1.0877,en
25927,Staten Island,2009,Drama|Action|Thriller|Crime,6.0,119,1.3068,en
16390,Scooby-Doo! and the Samurai Sword,2009,Family|Mystery|Animation|Comedy|Action|Fantasy,7.7,277,1.2775,en
34069,Cargo,2009,Thriller|Mystery|Science Fiction,5.911,436,1.659,de
263945,Curious George: A Very Monkey Christmas,2009,Animation|Family|TV Movie,6.758,89,1.1675,en
30250,Cold Souls,2009,Comedy|Drama|Fantasy|Science Fiction,5.989,179,1.0192,en
39037,The Good Guy,2009,Comedy|Romance,5.5,173,1.0284,en
97204,Blood,2009,Action|Horror,5.5,10,1.0013,ja
22135,Not Forgotten,2009,Thriller|Horror,5.0,104,1.8373,en
19988,The Butcher,2009,Action|Thriller,4.9,19,0.8355,en
31453,Double Identity,2009,Crime|Thriller,4.8,66,1.1611,en
27906,Call of the Wild,2009,Adventure,6.0,49,0.9035,en
23173,Tormented,2009,Horror|Comedy,5.101,138,0.9617,en
64831,The Boys: The Sherman Brothers' Story,2009,Documentary|Music,7.3,38,0.8097,en
34626,Merantau,2009,Action|Drama|Thriller,6.483,238,1.5781,id
25114,20th Century Boys 2: The Last Hope,2009,Science Fiction|Adventure|Mystery,6.7,73,0.8208,ja
37565,St Trinian's 2: The Legend of Fritton's Gold,2009,Comedy|Adventure|Family,5.622,233,1.2945,en
23530,Invitation Only,2009,Horror,6.04,100,1.0419,zh
19616,New York,2009,Crime|Drama|Thriller,6.2,81,0.9961,hi
4475,The Private Lives of Pippa Lee,2009,Comedy|Drama|Romance,5.9,228,1.6352,en
52221,Loving Leah,2009,Drama|Romance|TV Movie,6.9,58,1.3563,en
35720,Lucky Bastard,2009,Drama|Romance,4.2,17,1.4737,en
19255,Away We Go,2009,Drama|Comedy|Romance,6.656,634,1.235,en
38542,The Disappearance of Alice Creed,2009,Crime|Drama|Thriller,6.455,591,1.1432,en
28830,Oppai Volleyball,2009,Comedy,6.2,21,0.9176,ja
193309,Mississippi Damned,2009,Drama,5.2,14,0.9823,en
48920,Night Runner,2009,Thriller,5.6,15,0.655,es
22051,Adam,2009,Drama|Romance,6.822,483,1.1061,en
28938,Men in the City,2009,Comedy,6.149,148,1.9644,de
40572,How Bruce Lee Changed the World,2009,Documentary,8.0,32,1.1348,en
18238,Lesbian Vampire Killers,2009,Horror|Comedy,5.197,421,1.3403,en
15980,Raaz: The Mystery Continues...,2009,Horror|Mystery,5.522,46,0.9401,hi
22084,Dadnapped,2009,Comedy|Adventure|Action|Family|TV Movie|Crime,5.312,239,0.8967,en
30305,Fireball,2009,Adventure|Action,6.819,91,1.0159,th
22820,Gentlemen Broncos,2009,Comedy|Science Fiction|Drama,5.685,189,0.8935,en
44028,Suck,2009,Comedy|Horror|Music,6.185,162,1.3251,en
188209,Engine Sentai Go-Onger vs. Gekiranger,2009,Action|Adventure|Science Fiction|Fantasy|Family,6.85,10,0.9207,ja
27588,Forget Me Not,2009,Drama|Horror|Romance,5.35,180,1.0512,en
35640,Spanish Movie,2009,Comedy,5.0,190,1.3283,es
30966,Facing Ali,2009,Documentary,7.3,53,1.1179,en
22074,Capitalism: A Love Story,2009,Documentary|History,7.068,569,1.0416,en
26738,Rage,2009,Thriller|Drama,3.5,26,1.9447,en
47813,Waking Sleeping Beauty,2009,Documentary,7.2,113,1.0547,en
25991,Amsterdam,2009,Drama,3.9,12,0.6973,nl
62320,Home,2009,Documentary|Drama|Family,7.818,552,1.0332,fr
39123,20th Century Boys 3: Redemption,2009,Adventure|Mystery|Science Fiction,6.7,67,0.8599,ja
157763,Amazing Racer,2009,Family,6.0,24,0.9077,en
50300,Ed  Edd n Eddy's Big Picture Show,2009,Comedy|Animation|Adventure|TV Movie|Family|Drama|Mystery,7.5,145,1.0224,en
24561,Yatterman,2009,Action|Comedy,6.153,88,0.9446,ja
31850,Breathless,2009,Crime|Drama,7.1,139,1.0956,ko
25891,ExTerminators,2009,Comedy|Drama,5.5,104,0.9877,en
45098,More Than Blue,2009,Drama|Romance,7.528,72,0.9659,ko
26583,The Keeper,2009,Action|Thriller,5.043,115,1.0105,en
42430,Symbol,2009,Comedy|Fantasy,6.695,133,1.4073,ja
43950,Amer,2009,Thriller|Horror,6.2,172,0.9227,fr
19663,Love Aaj Kal,2009,Comedy|Drama|Romance,6.243,111,0.8632,hi
20177,Super Capers,2009,Adventure|Comedy|Science Fiction,3.6,15,0.8936,en
16272,Männersache,2009,Comedy,4.393,28,2.14,de
20777,The Killing Room,2009,Thriller|Drama,5.699,277,1.0649,en
120434,Fresh Precure! Movie: The Kingdom of Toys has Lots of Secrets!?,2009,Animation|Comedy|Fantasy|Action|Adventure|Family,6.125,12,0.9161,ja
24480,Partly Cloudy,2009,Animation|Family|Comedy|Fantasy,7.755,1104,0.963,en
21236,Lonely Street,2009,Action|Comedy|Drama|Thriller,4.615,13,0.9474,en
158484,Castle Under Fiery Skies,2009,Drama|History,8.6,14,0.8309,ja
26691,Neuilly Yo Mama!,2009,Comedy,6.011,948,0.9315,fr
30144,Lilly the Witch: The Dragon and the Magic Book,2009,Fantasy|Family|Comedy,5.311,90,1.0571,de
36811,The Last Station,2009,Drama|Romance,6.4,242,0.9759,en
19106,Round Da Way,2009,Animation|Comedy,6.645,223,1.9332,fr
69371,Citizen Jane,2009,Crime|Mystery|TV Movie,5.1,11,2.2524,en
24881,Love Hurts,2009,Comedy|Romance,4.945,33,2.0663,en
72859,Ghost Town,2009,Horror|Western|Science Fiction,6.4,30,1.15,en
61666,The Garden of Sinners: Remix -Gate of seventh heaven-,2009,Action|Mystery|Romance|Thriller|Animation,7.2,18,1.0321,ja
33788,Possession,2009,Mystery|Thriller,5.56,166,1.2437,en
34158,The People Speak,2009,History|Documentary,7.2,11,0.9941,en
26280,I Killed My Mother,2009,Drama,7.445,1165,0.9895,fr
35939,Glorious 39,2009,War|Drama|History|Thriller,6.0,93,1.5142,en
173672,Hunger,2009,Horror,5.193,189,1.0831,en
53520,Visage,2009,Comedy|Drama|Music,5.4,25,1.9162,fr
114904,Pasanga,2009,Drama|Family,7.4,11,0.8057,ta
16722,The Telling,2009,Horror|Thriller,3.2,24,0.857,en
36465,Into the Storm,2009,Drama|History|TV Movie,6.4,89,0.9073,en
24116,The Skeptic,2009,Horror|Thriller,5.329,108,0.9092,en
25846,Baaria,2009,Drama|Comedy|Romance,7.2,668,1.0851,it
31714,Private Eye,2009,Mystery|Crime|Thriller,6.3,50,0.8902,ko
15286,Marine Boy,2009,Action|Thriller,5.5,25,0.8585,ko
32585,The Beacon,2009,Horror|Thriller,4.7,24,1.6627,en
26673,Frat Party,2009,Comedy|Romance,2.8,33,0.9823,en
54579,The Shock Labyrinth,2009,Horror|Thriller,4.271,35,0.856,ja
44839,Yulenka,2009,Thriller|Drama|Horror,5.7,61,0.7784,ru
123883,Ice Dreams,2009,Romance|TV Movie|Drama|Family,6.4,21,1.1037,en
77616,Permanent Residence,2009,Romance|Drama,5.6,22,1.0405,cn
22800,Good Hair,2009,Documentary|Comedy,6.558,104,0.8581,en
37746,Beyond Sherwood Forest,2009,Action|Adventure|Fantasy|TV Movie,5.3,52,0.8218,en
23382,Dark Country,2009,Crime|Horror|Thriller,5.398,128,1.0973,en
37425,Yona Yona Penguin,2009,Family|Animation|Adventure,5.3,10,0.8789,ja
18896,The French Kissers,2009,Comedy|Drama|Romance,5.8,474,0.8992,fr
56781,Possessed,2009,Horror|Mystery,5.9,32,0.847,ko
31166,I Come with the Rain,2009,Thriller|Mystery,5.586,64,1.1111,en
373327,El pozolero,2009,Crime,7.235,17,1.8659,es
15039,Against the Dark,2009,Horror|Action|Thriller|Science Fiction,3.927,131,1.1476,en
27391,Polar Storm,2009,Action|Science Fiction|TV Movie,4.1,66,1.8764,en
41544,Look for a Star,2009,Romance|Drama|Comedy,5.3,25,0.9794,cn
36686,The Tomb,2009,Horror,4.3,53,0.8472,en
29977,Poker King,2009,Comedy,6.1,29,0.8484,cn
34559,Ice Twisters,2009,Action|Science Fiction|TV Movie,6.0,87,0.8215,en
17618,Laid to Rest,2009,Thriller|Horror,5.402,235,0.9716,en
46194,Amalfi: Rewards of the Goddess,2009,Drama|Crime|Mystery,6.3,10,1.0484,ja
19237,Kill Theory,2009,Horror|Thriller|Mystery,5.309,141,2.0725,en
37178,Virtuality,2009,Science Fiction|TV Movie|Drama|Thriller,5.141,92,1.2181,en
25990,RoboDoc,2009,Comedy,3.8,24,0.8445,en
29501,Falling Up,2009,Comedy|Drama|Romance,5.2,69,1.7581,en
34423,The Slammin' Salmon,2009,Comedy,5.828,201,0.9999,en
35689,Don McKay,2009,Crime|Mystery|Thriller,4.9,57,1.3292,en
37870,Take Off,2009,Comedy|Drama,6.2,30,0.8842,ko
55958,Psalms of Planets Eureka Seven: Good Night  Sleep Tight  Young Lovers,2009,Animation|Science Fiction|Action|Romance|Adventure|Drama,6.4,31,1.0532,ja
131039,Sea Wolf,2009,Adventure|Drama|Romance,5.8,14,0.7454,en
36063,MW -ムウ-,2009,Drama|Science Fiction|Thriller,6.379,29,0.86,ja
585240,The Curious Birth of Benjamin Button,2009,Documentary,6.993,153,0.9837,en
22555,Jesse Stone: Thin Ice,2009,Drama|Crime|TV Movie|Mystery|Thriller,6.863,91,0.8667,en
44133,Turning Point,2009,Crime|Thriller,5.4,24,0.8882,cn
50987,Fort Apache Napoli,2009,History|Drama,7.121,174,1.2718,it
17911,Mega Shark vs. Giant Octopus,2009,Horror|Science Fiction,3.8,270,0.7742,en
27646,Night of the Demons,2009,Horror|Action|Comedy,5.1,192,1.3735,en
7177,Fire from Below,2009,Action|Adventure|Science Fiction|Thriller,4.0,23,0.7971,en
26929,On His Majesty's Secret Service,2009,Comedy|Action,4.7,20,0.8774,cn
21864,Wyvern,2009,Fantasy|Science Fiction|TV Movie|Action|Adventure,4.986,69,0.7833,en
18898,Looking for Eric,2009,Drama|Comedy,6.527,373,0.671,en
26815,Rocket Singh: Salesman of the Year,2009,Drama|Comedy|Romance,6.87,123,0.7032,hi
21625,Gulaal,2009,Crime|Drama,6.809,68,1.026,hi
46127,Sorority Wars,2009,Comedy|Drama|Family|TV Movie,5.99,209,0.9823,en
26367,I Can Do Bad All By Myself,2009,Drama|Comedy,6.3,143,1.0664,en
8926,Afterschool,2009,Drama,5.463,109,1.7264,en
36329,Paju,2009,Drama|Romance,5.8,21,0.948,ko
93399,Thomas & Friends: Hero of the Rails,2009,Family|Animation|Adventure,6.8,14,0.8626,en
34496,Storage,2009,Crime|Thriller,5.9,14,0.7702,en
19900,Weather Girl,2009,Comedy|Romance,5.6,67,0.8121,en
33974,Mammoth,2009,Drama|Romance,6.15,123,0.8545,en
45806,Nothing Personal,2009,Drama,6.5,102,0.8955,en
24963,Dead Air,2009,Horror|Science Fiction|Thriller,5.1,42,0.8844,en
24833,Santa Buddies,2009,Family|Adventure,5.884,246,1.0302,en
16335,Walled In,2009,Horror|Thriller,4.862,196,0.9683,en
19823,Dolan's Cadillac,2009,Crime|Thriller,5.9,162,0.9172,en
55008,Be Sure to Share,2009,Drama,6.5,12,0.9359,ja
31686,Balibo,2009,Drama|Mystery|Thriller,6.563,48,0.7773,en
42819,The City of Your Final Destination,2009,Drama,5.655,58,0.999,en
26809,Prep & Landing,2009,Animation|Fantasy|Family,6.925,153,0.9466,en
23367,Bandslam,2009,Comedy|Drama|Family|Music|Romance,5.83,487,1.0586,en
25754,Children of the Corn,2009,Horror|TV Movie,4.483,210,0.7395,en
19575,Bob Funk,2009,Comedy,4.6,22,0.735,en
45485,I Knew It Was You: Rediscovering John Cazale,2009,Documentary,7.0,65,0.9596,en
45559,Barbarossa,2009,Drama|History,5.2,31,0.9113,de
15338,Ace Ventura Jr: Pet Detective,2009,Comedy|Family|Adventure|Crime,3.382,203,1.0064,en
22494,Frequently Asked Questions About Time Travel,2009,Comedy|Drama|Romance|Science Fiction,6.865,672,0.9478,en
44090,1000 Mabrouk,2009,Comedy|Drama,7.036,55,0.9201,ar
28677,Without a Paddle: Nature's Calling,2009,Action|Adventure|Comedy,4.494,79,0.8104,en
36119,Shyness Machine Girl,2009,Comedy|Horror|Action|Science Fiction,4.391,23,0.9342,ja
23509,Italians,2009,Comedy,5.65,213,1.132,it
27735,Wonderful World,2009,Comedy|Drama|Romance,5.3,52,1.5847,en
37190,Transylmania,2009,Comedy|Horror,4.2,57,1.116,en
67792,Geng: The Adventure Begins,2009,Animation|Family|Adventure,6.6,11,0.6446,ms
31143,A Dog Named Christmas,2009,Family|Drama|TV Movie,7.0,37,0.9424,en
31680,Sasori,2009,Action|Adventure|Drama,5.2,17,0.823,ja
98360,Cleavagefield,2009,Comedy|Horror,4.3,14,1.8324,en
40700,I Give My First Love to You,2009,Drama|Romance,7.428,118,1.0225,ja
62390,Kakera: A Piece of Our Life,2009,Drama|Romance,5.5,21,0.6322,ja
18530,The Cry of the Owl,2009,Drama|Mystery|Thriller,5.667,105,0.6792,en
81434,My Suicide,2009,Comedy|Drama,6.1,46,1.9774,en
38229,Hackers Wanted,2009,Action|Thriller|Documentary,6.0,14,0.921,en
14549,Night Train,2009,Thriller|Crime|Horror,5.6,179,2.2618,en
249277,Wish,2009,Drama|Action,6.3,10,0.8724,ko
41373,Assault Girls,2009,Science Fiction|Action|Horror,4.705,44,0.7019,ja
53012,Musashi: The Dream of the Last Samurai,2009,Animation|Action|Documentary,6.1,10,0.8445,ja
25205,The Concert,2009,Drama|Comedy,7.232,528,1.1431,fr
31175,Soul Kitchen,2009,Drama|Comedy,6.888,594,2.3615,de
31169,The Courageous Heart of Irena Sendler,2009,Drama|War,7.266,124,1.175,en
16440,Tales of the Black Freighter,2009,Animation|Action|Adventure|Horror,6.637,222,0.9069,en
54457,The Case of Itaewon Homicide,2009,Crime|Thriller|Mystery,6.4,28,0.8967,ko
14977,Red Sands,2009,Action|Horror|War,4.3,105,0.7846,en
37555,Nodame Cantabile: The Movie I,2009,Romance|Comedy|Music,7.3,32,0.7692,ja
20323,Long Weekend,2009,Thriller|Drama|Horror,5.181,160,0.7761,en
40119,Drop,2009,Action|Comedy,6.833,18,0.7853,ja
30974,High Lane,2009,Action|Thriller|Horror,6.058,438,1.2805,fr
19874,What Goes Up,2009,Drama,5.1,34,0.7325,en
31629,Arundhati,2009,Horror|Fantasy|Thriller,6.7,32,0.9814,te
20700,A Day in the Life,2009,Crime|Music,5.767,15,0.9736,en
101907,Hulk vs. Thor,2009,Action|Animation|Fantasy|Science Fiction,6.801,241,0.9931,en
46537,Dark and Stormy Night,2009,Horror|Comedy|Thriller|Mystery,5.917,18,0.7763,en
42556,12 Men of Christmas,2009,Comedy|Romance|TV Movie,5.1,61,0.9079,en
36628,Lo,2009,Romance|Comedy|Horror,6.61,68,1.7718,en
59957,Hidden Diary,2009,Comedy|Drama,6.136,22,0.7843,fr
47556,Space Battleship Yamato Resurrection,2009,Action|Adventure|Animation|Science Fiction,5.8,12,1.1605,ja
51848,A Golden Christmas,2009,Family|Romance|Comedy,5.1,49,0.7792,en
31723,Women in Trouble,2009,Comedy|Drama,5.132,129,0.9845,en
50609,Heat Wave,2009,Comedy,4.8,12,1.0578,fr
38669,Tornado Valley,2009,Action|Adventure|Drama|Thriller|TV Movie,6.379,58,0.9343,en
20389,The Escape,2009,Drama|Thriller,4.2,14,2.0268,da
31533,Thor - Hammer of the Gods,2009,Action|Adventure|Drama|Fantasy|TV Movie,3.1,30,0.9503,en
49690,Smile,2009,Horror|Thriller,3.8,36,2.0063,it
63362,Shehata's Store,2009,Drama|Crime|Thriller|Romance,6.3,23,1.1716,ar
38010,Fish Story,2009,Music|Drama|Comedy,7.1,66,0.8164,ja
28632,Zen,2009,Drama|History,7.1,31,0.9071,ja
32922,The Warrior and the Wolf,2009,History|Action|Drama,4.3,13,0.9767,zh
49522,Nativity!,2009,Comedy|Family,6.358,226,0.7357,en
38625,Battle Under Orion,2009,Drama|Action|War,5.6,10,0.9678,ja
91409,Dismal,2009,Horror,3.3,14,0.5325,en
31189,Cairo Time,2009,Drama|Romance,5.946,83,0.7884,en
24595,Blue,2009,Action|Adventure|Thriller,3.98,49,0.7102,hi
20029,Evil Bong 2: King Bong,2009,Comedy|Horror,3.7,38,0.7216,en
58261,Transcendent Man,2009,Documentary,6.7,42,1.2404,en
34279,Cineman,2009,Comedy|Fantasy,2.9,91,1.519,fr
22355,Wickie the Mighty Viking,2009,Comedy|Family|Action|Adventure,5.753,160,0.7731,de
40850,Cherrybomb,2009,Drama|Romance|Thriller,5.488,123,0.914,en
52413,A Blood Pledge,2009,Horror|Drama|Mystery,5.5,61,0.8663,ko
2080,X-Men Origins: Wolverine,2009,Adventure|Action|Science Fiction,6.291,11248,0.92,en
24505,Necromentia,2009,Horror,4.9,80,0.8622,en
43303,Nora Roberts' Tribute,2009,TV Movie|Drama|Romance,5.7,32,0.7175,en
102737,Fatal Secrets,2009,Thriller,3.8,16,0.9648,en
113655,Ingenious,2009,Comedy|Drama|Romance,5.613,93,0.8028,en
32084,Lebanon,2009,Drama|War,6.527,238,1.0937,he
24884,B.O.B.'s Big Break,2009,Animation|Adventure|Action|Comedy,5.9,91,0.9023,en
86262,Like You Know It All,2009,Drama|Comedy,5.8,36,0.7424,ko
44135,The Diplomat,2009,Action|Crime|Drama|Mystery|Thriller|TV Movie,5.1,20,0.7321,en
15260,Joy Division,2009,Documentary|Music,7.634,56,0.7412,en
18044,Ogre,2009,Horror|Science Fiction|TV Movie,5.3,81,0.8493,en
103364,Ibrahim El-Abyad,2009,Action|Drama|Thriller,7.5,35,0.9521,ar
20825,I Hate Valentine's Day,2009,Comedy|Romance,5.354,277,0.878,en
28524,Princess of Mars,2009,Fantasy|Science Fiction|War|Action,4.067,45,0.7858,en
23736,Lies & Illusions,2009,Action|Comedy|Thriller,4.0,69,0.8561,en
26588,Summer's Blood,2009,Horror|Thriller,5.5,103,0.7891,en
39260,RoboGeisha,2009,Action|Comedy|Horror|Science Fiction,5.4,79,0.8185,ja
41496,A Dog Year,2009,Comedy|Drama,6.167,87,0.7564,en
35076,The Botany of Desire,2009,Documentary,6.6,16,0.7833,en
40136,Fireball,2009,Science Fiction|Thriller|TV Movie,5.3,27,0.841,en
16257,Street Fighter IV: The Ties That Bind,2009,Action|Animation|Fantasy|Science Fiction,6.2,26,0.9008,ja
28478,Fat People,2009,Drama|Comedy,6.13,77,1.813,es
28832,Brass Knuckle Boys,2009,Comedy|Music,6.4,24,0.9072,ja
33996,Farewell,2009,Thriller|Drama,6.49,138,0.9217,fr
14028,Behind Enemy Lines III: Colombia,2009,War|Action|Thriller,5.668,164,1.0376,en
73092,Closer to Heaven,2009,Drama|Romance,5.7,10,0.885,ko
22302,Polytechnique,2009,Crime|Drama|Thriller,7.126,698,0.8712,fr
37221,Another Egg and Chicken Movie,2009,Animation|Comedy|Adventure|Family,7.812,202,0.863,es
22447,Is Anybody There?,2009,Drama,6.322,76,0.6996,en
24886,Minor Details,2009,Adventure|Family|Mystery,7.2,46,0.7498,en
18759,The Cell 2,2009,Horror|Science Fiction|Thriller,3.5,92,0.7505,en
24385,Splinterheads,2009,Comedy|Romance,5.9,26,0.7293,en
56704,The Life Coach,2009,Comedy,5.4,67,1.3847,fr
39025,Lalapipo,2009,Drama|Comedy,6.0,11,0.7378,ja
53985,Mutant Pumpkins from Outer Space,2009,TV Movie|Animation|Family|Comedy|Science Fiction,5.852,273,1.0586,en
25182,Love Finds A Home,2009,Drama|Romance|Western|Family|Action|TV Movie,6.7,31,1.2177,en
23044,The September Issue,2009,Documentary,6.555,118,0.8545,en
25187,Written By,2009,Drama|Fantasy,5.4,12,0.8286,cn
33821,Pinocchio,2009,Adventure|Drama|Fantasy,6.088,102,0.9868,en
21013,Kenny Begins,2009,Action|Comedy|Science Fiction,5.935,31,0.7207,sv
306464,Family Guy Presents: Seth & Alex's Almost Live Comedy Show,2009,Animation|Comedy|Music,5.8,11,0.7813,en
68941,I Do...Knot,2009,Comedy|Drama|Romance,7.659,182,0.7063,es
30939,Metallica: Pride  Passion and Glory - Three Nights in Mexico City,2009,Music|Documentary,7.9,43,1.2569,es
37059,2012: Supernova,2009,Action|Science Fiction,4.127,79,1.4209,en
36598,Tresor,2009,Comedy,4.5,128,0.6124,fr
45079,4th Period Mystery,2009,Crime|Mystery|Thriller|Action,5.8,23,0.7229,ko
20893,Shadowheart,2009,Action|Adventure|Drama|Romance|Western,4.5,15,0.917,en
112876,Vennila Kabadi Kuzhu,2009,Drama|Comedy|Romance,7.5,10,0.9629,ta
21293,Gooby,2009,Family|Comedy|Fantasy,3.1,24,1.7774,en
18182,An American Girl: Chrissa Stands Strong,2009,Drama|Family|TV Movie,6.643,42,0.9037,en
171536,Unidentified Flying Mater,2009,Science Fiction|Animation|Comedy|Family|Adventure,6.379,124,0.8487,en
39807,Doc West,2009,Western|Action,6.232,41,0.9569,en
28210,House Broken,2009,Comedy,5.1,95,1.0812,en
21469,Across the Hall,2009,Thriller|Mystery,5.9,123,0.7736,en
19529,The Scam,2009,Crime|Adventure|Thriller|Action,5.6,14,0.6687,ko
25537,Staunton Hill,2009,Horror|Thriller,4.4,38,0.8699,en
206719,The Unbroken,2009,Drama,6.7,12,0.7811,ja
55093,Doc West II : Triggerman,2009,Western|Action|Thriller,6.315,46,0.9477,it
21878,The Line,2009,Action|Crime|Drama|Thriller,4.861,83,0.8502,en
91967,No Subtitles Necessary: Laszlo & Vilmos,2009,Documentary,5.9,12,0.6103,en
33314,Nora Roberts' Midnight Bayou,2009,Drama|Romance|TV Movie,5.4,33,0.7777,en
22609,Dil Bole Hadippa!,2009,Romance|Comedy|Drama,5.525,60,0.8534,hi
112025,We'll Meet in Heaven,2009,Drama,7.7,15,0.6275,zh
236833,Tigger & Pooh and a Musical Too,2009,Animation|Family|TV Movie,6.6,18,0.8786,en
29182,44 Inch Chest,2009,Drama|Crime,5.482,112,0.8008,en
14141,Balls Out: Gary the Tennis Coach,2009,Comedy,5.0,122,0.7722,en
47353,Eleanor's Secret,2009,Animation|Family,6.8,76,0.7403,fr
24383,Villu,2009,Drama|Action|Comedy,3.839,31,0.8351,ta
38604,Kamui,2009,Drama|Action,6.1,49,0.9778,ja
14725,King Guillaume,2009,Comedy,4.518,56,1.8869,fr
45781,Hole in One,2009,Comedy,4.581,124,0.8092,en
63251,Wangan Midnight: The Movie,2009,Action|Drama,6.1,16,0.6521,ja
53729,Wild Cherry,2009,Comedy,4.4,49,0.8618,en
24415,Jack Said,2009,Thriller|Crime,5.1,16,0.8501,en
61269,Season of Good Rain,2009,Romance|Drama,6.2,28,0.7509,ko
105454,How to Draw a Perfect Circle,2009,Drama,5.4,25,0.9239,pt
24869,Ink,2009,Action|Fantasy,6.335,337,0.7954,en
28019,Give 'em Hell  Malone,2009,Crime|Action|Thriller,5.658,130,0.8302,en
15034,Le Séminaire Caméra Café,2009,Comedy,4.7,54,0.7199,fr
27944,Rain Fall,2009,Thriller|Action|Adventure,4.667,30,0.8589,ja
44159,Women Without Men,2009,Drama,6.3,52,0.9117,fa
59928,Spooner,2009,Comedy|Romance,5.5,15,0.7165,en
42625,Margot,2009,Drama,5.5,12,0.5519,en
24023,Johan Falk: GSI - Gruppen för särskilda insatser,2009,Action|Thriller|Crime,6.6,56,0.9406,sv
36800,Metropia,2009,Animation|Drama|Science Fiction|Thriller,6.07,193,0.9252,en
41546,Metallic Attraction: Kungfu Cyborg,2009,Action|Comedy|Science Fiction|Romance,5.6,16,0.8079,cn
26144,Samurai Princess,2009,Action|Horror|Science Fiction,4.8,34,0.6936,ja
23404,Command Performance,2009,Action|Thriller,5.2,102,0.7861,en
23808,Sniper: Weapons of Retaliation,2009,Action|Drama|War,5.7,16,0.6011,ru
50340,Why Did You Come to My House,2009,Comedy|Romance,6.4,11,0.6786,ko
55208,Clash,2009,Action|Thriller|Romance,5.0,35,0.7903,vi
291084,Red Riding: The Year of Our Lord 1980,2009,Thriller|Crime|Drama|Mystery|TV Movie,6.893,196,0.8719,en
30289,MegaFault,2009,TV Movie|Action|Adventure|Science Fiction,5.218,85,0.7401,en
39024,The Forbidden Door,2009,Horror|Mystery|Thriller,6.543,58,0.7104,id
282963,Doctor Who: Planet of the Dead,2009,Science Fiction|TV Movie|Thriller|Fantasy|Mystery,7.491,220,0.8991,en
16398,Dragonquest,2009,Fantasy,3.4,31,0.9548,en
57265,The Actresses,2009,Drama|Comedy,6.9,13,0.7457,ko
265291,Vittorio D.,2009,Documentary,6.3,10,1.9855,en
38547,7 Husbands for Hurmuz,2009,Comedy|History|Romance|Music,6.0,48,0.8456,tr
40864,Last Cowboy Standing,2009,Drama,6.3,18,0.6287,fi
45083,A Million,2009,Thriller|Drama,6.2,36,0.7468,ko
23527,First Squad: The Moment of Truth,2009,Fantasy|Animation|Action|Science Fiction,6.274,144,0.966,ru
29150,Big Fan,2009,Comedy|Drama|Crime,6.1,142,0.8148,en
22827,The Orange Girl,2009,Drama|Romance,5.8,13,1.7077,no
22175,The Shortcut,2009,Mystery|Horror|Thriller,4.654,140,1.8424,en
25594,Wrong Turn at Tahoe,2009,Action|Crime|Drama|Thriller,5.7,108,0.6931,en
35067,High Kick Girl!,2009,Action|Adventure,5.0,30,0.624,ja
15977,Dev.D,2009,Comedy|Drama|Romance,7.003,146,0.6746,hi
49676,Too Late to Say Goodbye,2009,TV Movie|Drama|Mystery|Horror,5.6,24,0.6905,en
64979,Heaven's Postman,2009,Drama|Fantasy|Romance,6.786,28,0.8873,ko
16634,Alien Trespass,2009,Action|Adventure|Comedy|Science Fiction|Horror,5.13,92,0.8314,en
113855,Romy,2009,Drama,5.5,13,1.8383,de
66113,In Her Skin,2009,Drama|Thriller|Crime,6.007,134,0.9333,en
11440,Hilde,2009,Drama,5.3,17,0.7264,de
55786,Storm Seekers,2009,Action|Thriller|TV Movie,5.9,15,0.7106,en
116901,I Am,2009,Drama,5.667,15,0.6827,ru
59450,Chaw,2009,Horror|Comedy|Thriller|Action|Adventure,5.716,58,0.6891,ko
49848,Little Fish  Strange Pond,2009,Drama|Crime|Comedy,3.7,28,0.7358,en
237717,Loudspeaker,2009,Family,6.8,12,0.8742,ml
27866,Kevin Hart: I'm a Grown Little Man,2009,Comedy,7.326,155,0.6531,en
298453,Nikté,2009,Animation|Family|Adventure,7.833,48,0.6627,es
33340,The Angel,2009,Drama,5.9,17,1.4925,no
74493,Ballad,2009,Drama|Action|Romance,5.4,11,0.9869,ja
41545,Tsar,2009,Drama|History,6.1,58,0.7764,ru
46217,Attack on Darfur,2009,War|Thriller|Drama|Action,6.0,37,0.7414,en
68557,Shrill Cries: Reshuffle,2009,Horror|Mystery|Thriller,5.8,25,0.5537,ja
20049,Ayan,2009,Action|Romance|Comedy,7.026,78,0.9185,ta
48230,Tajomaru: Avenging Blade,2009,Action|History|Drama,7.222,18,0.8899,ja
66644,Bandhobi,2009,Drama,6.2,13,0.7494,ko
52699,Hatching Pete,2009,Family|Comedy|TV Movie,5.565,184,1.8056,en
20027,Delhi-6,2009,Drama,6.07,57,0.7667,hi
37928,Cencoroll,2009,Animation|Science Fiction,6.2,50,0.7431,ja
80217,Anna,2009,Drama,5.6,15,1.2248,da
51971,Hideaway (Le refuge),2009,Drama,6.1,85,1.4417,fr
35436,The Villain,2009,Comedy,6.374,143,0.7633,fr
37779,The Last Flight,2009,Adventure|Drama|Romance,5.0,57,1.1377,fr
39358,London River,2009,Drama|Mystery,6.7,53,0.9547,en
189407,Playing for Keeps,2009,Drama|TV Movie,5.9,13,0.6963,en
41123,Lourdes,2009,Drama,6.609,87,1.0229,fr
21861,LOL (Laughing Out Loud),2009,Comedy,6.518,1346,0.8625,fr
36681,Secret,2009,Thriller|Crime,6.4,35,0.5934,ko
32857,Surviving Evil,2009,Action|Horror|Thriller,4.5,24,0.7251,en
36123,Under the Sea 3D,2009,Documentary,6.9,61,0.7214,en
72136,Villon's Wife,2009,Drama|Romance,6.5,12,0.9267,ja
28417,Les Barons,2009,Comedy,5.7,42,0.5596,fr
32668,Victor,2009,Comedy,5.2,25,1.7512,fr
28447,Stolz der Nation,2009,War|Action|Drama,6.8,40,0.6358,en
118315,Occult,2009,Horror|Mystery|Thriller|Science Fiction,6.61,73,0.7393,ja
52799,Undertow,2009,Drama|Romance,7.4,125,1.9286,es
85089,Kerala Cafe,2009,Drama,6.7,23,0.7355,ml
28499,Open Graves,2009,Horror|Thriller,4.957,140,1.3412,en
72074,Murderer,2009,Drama|Thriller|Crime|Mystery,6.5,34,0.8791,cn
51587,Zero Focus,2009,Drama|Thriller,6.2,10,0.7661,ja
130858,Georgia O'Keeffe,2009,Drama|Romance|TV Movie,4.9,14,0.6164,en
43910,Dear Galileo,2009,Drama|Comedy|Romance,7.0,11,0.4213,th
23512,The Boys Are Back,2009,Drama,6.326,193,0.8954,en
117646,Spring Fever,2009,Drama|Romance,6.219,48,0.9475,zh
31218,The Firm,2009,Drama,5.709,86,0.8474,en
56948,Máncora,2009,Drama,5.2,22,0.7908,es
38984,Coco Chanel & Igor Stravinsky,2009,Drama|Romance,6.116,112,0.7939,fr
30203,Star Runners,2009,TV Movie|Horror|Science Fiction,5.5,33,1.7254,en
18065,Next Day Air,2009,Action|Comedy|Crime,5.167,141,0.6697,en
49391,From Time to Time,2009,Adventure|Fantasy|Drama,6.3,117,0.758,en
57309,Slice,2009,Thriller|Crime|Mystery|Horror,6.2,33,1.0834,th
44254,The Minis,2009,Comedy|Family,2.2,14,0.5465,en
53259,You Might As Well Live,2009,Comedy,4.8,12,0.7108,en
19727,Streets of Blood,2009,Action|Crime|Drama,4.327,75,0.7532,en
41813,Pandemic,2009,Action|Drama|Science Fiction|Thriller,6.4,16,0.7833,ja
88797,Dear Doctor,2009,Drama,6.565,23,0.702,ja
27206,Bald,2009,Comedy,4.15,10,1.6815,en
16344,Luck by Chance,2009,Romance|Drama|Comedy,6.57,71,0.6247,hi
9579,The Wild Chicks and Life,2009,Comedy|Family,6.008,64,0.9527,de
18955,Coco,2009,Comedy,4.304,537,0.7145,fr
16004,Love n' Dancing,2009,Romance|Drama,5.5,49,0.7513,en
62409,2033,2009,Science Fiction|Thriller,4.2,22,0.6924,es
33696,Bare Essence of Life,2009,Drama|Comedy,5.958,12,0.6262,ja
64124,À l'aventure,2009,Drama,4.9,65,0.8352,fr
15638,Ultimate Heist,2009,Action|Adventure|Thriller,5.307,101,0.7645,fr
44555,A Woman  a Gun and a Noodle Shop,2009,Comedy|Drama|Thriller,4.909,88,0.6597,zh
39478,Stripped Naked,2009,Crime|Drama|Thriller,4.2,20,0.5992,en
63635,Vettaikaaran,2009,Action|Drama,4.639,36,0.7813,ta
39051,Instant Swamp,2009,Comedy,6.9,15,0.7831,ja
281979,Doctor Who: The Waters of Mars,2009,Horror|Science Fiction|Drama|Mystery|Adventure|TV Movie,7.925,234,0.7392,en
74799,Ningen Shikkaku: Director's Cut-ban,2009,Animation|Drama|History,6.5,35,0.5504,ja
17417,Hallelujah!,2009,Comedy,5.84,166,1.7193,fr
50458,Yoga,2009,Horror,5.1,35,0.6552,ko
44714,Cow,2009,Drama|War,7.1,40,0.698,zh
31061,Recep Ivedik 2,2009,Comedy,4.585,153,0.605,tr
44578,Moonshot,2009,Drama|TV Movie|Adventure|History|Documentary,6.9,19,1.6911,en
44898,The Time That Remains,2009,Drama|History,7.221,61,0.7364,ar
29275,Anita,2009,Drama,7.057,35,1.4605,es
60821,The Good Witch's Garden,2009,TV Movie|Comedy|Family|Fantasy|Romance,7.465,99,0.6142,en
52026,Pleasant Goat and Big Big Wolf: The Super Adventure,2009,Comedy|Family|Animation,7.0,12,0.8732,zh
254053,Uncorked,2009,Drama|Romance|TV Movie,5.7,15,0.7287,en
19599,Book of Blood,2009,Horror|Drama|Mystery|Thriller,5.4,215,0.8251,en
44122,Amar,2009,Comedy|Drama|Romance,3.8,12,0.6537,es
25186,Janky Promoters,2009,Comedy,5.6,38,0.6645,en
41009,Perrier's Bounty,2009,Action|Comedy|Crime|Drama,5.7,114,0.741,en
18122,The Inhabited Island 2: Rebellion,2009,Action|Fantasy|Science Fiction,5.1,71,0.6363,ru
17486,Sister Smile,2009,Drama,6.5,50,1.7228,fr
18247,Spectacular!,2009,Drama|Music|Comedy|Family|TV Movie,6.449,69,0.6925,en
18557,Acolytes,2009,Crime|Horror|Mystery|Thriller,4.992,62,1.6383,en
73970,She  a Chinese,2009,Drama,5.6,16,1.5717,zh
87308,Shirin,2009,Drama,6.2,37,0.6406,fa
41361,The Gold Retrievers,2009,Adventure|Comedy|Family|Western,3.1,11,0.5747,en
50042,The Lightkeepers,2009,Comedy|Drama,5.8,22,0.8248,en
37665,Wake,2009,Comedy|Drama|Romance,4.885,39,0.6666,en
12137,The Crocodiles,2009,Adventure|Family,7.173,130,0.8098,de
26035,According to Greta,2009,Drama|Romance,6.009,211,0.7326,en
51935,House of Boys,2009,Drama|Romance,6.107,42,0.5567,en
17935,Iron & Blood: The Legend of Taras Bulba,2009,Drama|History,5.142,74,0.6803,ru
35747,Valley of the Wolves Gladio,2009,Action|Crime|Drama,5.966,29,0.5577,tr
15945,The Way of War,2009,Action|Thriller,3.6,58,0.6428,en
18529,Crips and Bloods: Made in America,2009,Documentary,6.662,39,0.7056,en
22136,Ricky,2009,Fantasy|Comedy|Drama|Mystery|Romance,5.721,140,0.64,fr
17046,Skellig,2009,Drama|Fantasy|TV Movie,6.108,37,0.7794,en
41339,Tapped,2009,Documentary,6.36,25,0.741,en
39958,The War Boys,2009,Drama,5.9,66,0.646,en
45729,Dark House,2009,Horror|Thriller,5.431,36,0.7178,en
21260,The Land That Time Forgot,2009,Action|Fantasy|Science Fiction|Adventure|TV Movie,3.7,52,0.8358,en
66830,Popcorn Porn: Watching 'Zack and Miri Make a Porno',2009,Documentary,7.2,20,0.7196,en
53957,La matassa,2009,Comedy,6.7,491,0.7485,it
20983,Hooking Up,2009,Comedy|Drama,3.157,35,0.8471,en
31847,Hellhounds,2009,Adventure|Fantasy|Horror|TV Movie|Action,3.643,21,1.8884,en
25541,Brotherhood,2009,Drama,6.892,65,0.6526,da
37721,Accidents Happen,2009,Comedy|Drama,5.899,84,0.5437,en
30128,I Hope They Serve Beer in Hell,2009,Comedy,4.7,83,0.7172,en
22745,The Seamstress,2009,Horror|Crime|Mystery|Thriller,3.8,37,0.5575,en
41899,Haunted Universities,2009,Horror|Thriller,4.857,14,0.857,th
37842,Wild Grass,2009,Drama|Romance,6.0,87,0.6302,fr
55638,Opposite Day,2009,Family|Comedy,4.69,29,0.7832,en
155781,The Executioner,2009,Drama,6.1,11,0.5158,ko
37206,A Shine of Rainbows,2009,Family|Drama,6.5,53,0.8235,en
64050,The Return of Musketeers or the Treasure of Cardinal Mazarini,2009,Adventure|Science Fiction,3.0,17,0.6762,ru
24756,The Art of War III: Retribution,2009,Action|Adventure|Thriller,4.0,39,0.7381,en
50506,Mrs. Miracle,2009,TV Movie|Comedy|Family|Fantasy|Romance,6.017,116,0.702,en
24952,Vampire In Vegas,2009,Horror,2.2,20,0.6192,en
28520,Uncertainty,2009,Drama|Thriller|Romance,5.439,114,1.4666,en
51384,Lovely  Still,2009,Drama|Romance,6.595,42,0.6695,en
52900,Michael Jackson Memorial,2009,Documentary,8.0,18,0.8092,de
40856,That Evening Sun,2009,Drama,6.693,55,0.7077,en
35059,High Noon,2009,Drama|Romance|TV Movie,5.8,33,0.8625,en
52628,Cartagena,2009,Drama|Romance,5.627,54,0.833,fr
30019,Upperdog,2009,Comedy|Drama,6.4,26,1.4905,no
57106,Freedom,2009,Drama,6.47,33,0.7664,fr
60186,The Wedding,2009,Drama,6.5,16,0.6053,ar
25855,Raging Phoenix,2009,Thriller|Action,6.442,78,0.8543,th
17413,Incognito,2009,Comedy,5.5,245,0.758,fr
28930,Samurai Priest Vampire Hunter,2009,Horror|Action,3.154,13,0.6561,en
34003,Turtles Forever,2009,Animation|Science Fiction|Adventure,7.234,154,0.8965,en
74785,Totally Spies! The Movie,2009,Animation|Adventure|Comedy|Family,6.3,78,0.7404,fr
41207,Under the Hood,2009,Science Fiction|Action|Adventure,6.34,50,0.6705,en
250622,National Lampoon Presents: Endless Bummer,2009,Comedy,4.9,41,0.7903,en
32868,The Vicious Kind,2009,Comedy|Drama,6.2,126,0.7129,en
38501,Lesser Evil,2009,Drama|History,5.3,10,2.0127,pl
56325,Naked Ambition: An R Rated Look at an X Rated Industry,2009,Documentary,5.0,38,0.8163,en
184813,Feel the Wind,2009,Drama,6.3,11,0.7307,ja
23854,The Assailant,2009,Drama|Action|Adventure|Fantasy,6.1,62,0.6629,pt
67055,Red Torrent,2009,TV Movie|Horror|Action|Science Fiction,4.9,16,0.67,en
32678,Dead Man Running,2009,Action|Crime|Drama|Thriller,5.8,69,0.6581,en
28479,The Three Investigators in The Secret of Terror Castle,2009,Mystery|Adventure|Family,6.343,83,0.928,de
31337,Contact High,2009,Comedy,6.621,33,0.6907,de
372112,My Sleeping Lover,2009,Romance|Comedy,2.9,11,0.6543,ar
46458,Map of the Sounds of Tokyo,2009,Thriller|Drama|Romance,5.2,64,0.7456,en
54865,You Will Be Mine,2009,Music|Drama,4.9,51,0.6621,fr
82393,Mandrill,2009,Action|Thriller,5.5,12,1.4579,es
25100,Tum Mile,2009,Drama,5.1,15,0.6775,hi
74300,Pomegranates and Myrrh,2009,Drama,5.2,10,0.4006,en
45170,Stolen Dreams,2009,Drama,5.7,43,0.7462,pt
52309,Breaking Her Will,2009,Crime|Horror,3.4,14,0.7807,en
26781,Running Turtle,2009,Thriller|Comedy|Crime|Drama,6.439,41,0.7676,ko
31992,Freeway Killer,2009,Horror|Thriller|Drama|Crime,4.6,25,0.5336,en
51010,Sweet Rush,2009,Drama,6.3,34,2.0305,pl
48746,The Christmas Party,2009,Comedy,4.5,17,1.2537,da
25833,Eating Out: All You Can Eat,2009,Comedy,5.7,77,0.7255,en
21371,Goodbye Solo,2009,Drama,6.9,81,0.6623,en
45261,(Untitled),2009,Drama|Comedy|Romance,6.42,44,0.7026,en
25121,Unnaipol Oruvan,2009,Crime|Drama|Thriller,7.0,41,0.7056,ta
22882,Van Diemen's Land,2009,Drama|History|Thriller,5.3,50,0.4793,en
20688,Kaminey,2009,Action|Crime|Drama,6.724,105,0.4817,hi
25183,Paper Heart,2009,Comedy|Drama|Romance,5.779,120,0.5202,en
63820,Gloves of Stone,2009,Drama|Action,4.3,10,0.7019,en
44788,Eternal Beloved,2009,Drama|Romance|Fantasy,6.9,11,0.623,zh
29134,Amreeka,2009,Drama,6.724,58,0.6266,en
22326,Forbidden Fruit,2009,Drama,6.271,35,0.5329,fi
287239,The Legend of Bruce Lee,2009,Action|Drama,5.5,24,0.5941,en
106262,The Shark Is Still Working,2009,Documentary,7.292,24,0.6825,en
19306,At World's End,2009,Adventure|Action|Comedy|Thriller,5.534,29,0.5392,da
31172,Diamond 13,2009,Action|Crime|Thriller,5.238,63,1.8424,fr
53846,Ghosted,2009,Drama|Thriller|Mystery|Romance,4.1,16,0.4706,de
39799,Heaven's Door,2009,Drama,6.2,11,0.5954,ja
36115,Unmade Beds,2009,Romance|Comedy|Drama,5.554,46,0.5951,en
31880,The Pool Boys,2009,Comedy|Drama,5.769,93,0.6801,en
91623,Hello My Love,2009,Comedy|Romance,5.6,12,0.5273,ko
26342,The Terminators,2009,Action|Horror|Science Fiction,4.2,76,0.9125,en
26861,The Ministers,2009,Crime|Thriller,4.3,26,0.8414,en
45020,Mercy,2009,Drama|Romance,5.214,21,0.6005,en
51477,The Big Dream,2009,Drama|History|Romance,5.5,88,0.5619,it
62323,Vanishing of the Bees,2009,Documentary,7.0,23,0.6624,en
56694,Germany ’09 – 13 Short Films About the State of the Nation,2009,Drama,5.8,15,0.5715,de
41559,The Job,2009,Comedy|Drama|Thriller,4.1,19,0.6029,en
30449,Imago Mortis,2009,Horror,4.5,49,1.4673,en
29109,Blue Seduction,2009,Thriller|Romance,4.2,13,0.7251,en
44128,Charlie Valentine,2009,Crime|Drama|Thriller,4.1,15,1.8152,en
19238,Table for Three,2009,Comedy|Romance,4.7,66,0.6144,en
29919,The Six Wives of Henry Lefay,2009,Comedy,5.3,119,0.762,en
139388,Mundane History,2009,Drama,4.9,14,0.5084,th
514345,Badal Faqed,2009,Action|Drama|Thriller,7.0,16,0.8152,ar
46756,The Temptation of St. Tony,2009,Drama,6.91,39,0.5195,et
20781,Angel of Death,2009,Crime|Action|Thriller,4.8,51,0.5884,en
133481,Eden of The East Compilation: Air Communication,2009,Animation|Drama|Mystery|Science Fiction,6.3,24,0.6572,ja
43711,Enid,2009,Drama|History|TV Movie,6.392,37,0.5596,en
19311,$9.99,2009,Animation|Drama,5.9,96,0.6984,en
20205,Transmorphers: Fall of Man,2009,Science Fiction|Action|Adventure,3.4,37,0.7144,en
44952,Last Day of Summer,2009,Comedy|Drama,4.5,24,0.6154,en
43161,Held Hostage,2009,Drama|Thriller|TV Movie,4.4,18,0.812,en
26191,35 Shots of Rum,2009,Drama,6.8,86,0.5363,fr
38415,Bran Nue Dae,2009,Comedy|Drama|Romance,5.406,32,0.6313,en
24799,Wolvesbayne,2009,TV Movie|Fantasy|Horror,4.417,36,1.691,en
719756,Toriko: Jump Super Anime Tour 2009 Special,2009,Action|Adventure|Animation|Fantasy,6.3,10,0.5352,ja
8895,Adoration,2009,Drama|Romance,5.9,53,0.7255,en
54201,The Naked Kitchen,2009,Drama|Romance,5.2,18,0.6585,ko
37850,Rebellion,2009,Thriller|Action|Crime,6.1,29,0.6569,cn
19318,Mr. Troop Mom,2009,Comedy|Family|TV Movie,5.3,26,0.5565,en
49674,Not Since You,2009,Drama|Romance,5.135,37,0.5835,en
20371,Pandemic,2009,Action|Drama|Thriller,4.3,18,0.5564,en
54612,Sutures,2009,Horror|Thriller,4.2,26,0.6138,en
20432,The Forgotten Ones,2009,Horror|Action,5.0,116,0.5858,en
40534,Jonas Brothers: The Concert Experience,2009,Documentary|Music,6.4,82,0.5871,en
27595,Charlie & Boots,2009,Comedy|Drama,6.1,42,0.5718,en
375351,Locks,2009,Drama,7.4,11,0.5272,en
41116,The Shock Doctrine,2009,Documentary,7.1,60,0.7687,en
57409,Hugh Hefner: Playboy  Activist and Rebel,2009,Documentary,6.0,14,0.6203,en
249222,Oh My Ghost,2009,Comedy|Horror,5.4,11,0.779,th
64631,David's Birthday,2009,Mystery|Drama|Romance,5.6,59,0.5401,it
36698,The Interceptor,2009,Science Fiction,4.1,26,0.8468,ru
50732,Vampire Island,2009,Horror,5.7,29,0.6662,ja
36577,Vampire Girl vs. Frankenstein Girl,2009,Horror|Comedy,5.5,110,0.7789,ja
20184,Never Surrender,2009,Action|Adventure|Drama|Thriller,3.1,22,0.5837,en
59027,The Last Days of Lehman Brothers,2009,Drama|TV Movie,5.471,17,0.6803,en
18131,Baby on Board,2009,Comedy|Romance,4.9,106,0.5288,en
67381,La Danse: The Paris Opera Ballet,2009,Documentary,7.6,18,0.6712,fr
222148,Terminator Salvation: The Machinima Series,2009,Animation|Action|Adventure,6.2,31,0.5744,en
50792,19-Nineteen,2009,Drama,7.2,12,0.5742,ko
84598,Porky's: Pimpin' Pee Wee,2009,Comedy,4.2,28,0.9973,en
42654,Acceptance,2009,Comedy|TV Movie,3.7,11,0.6351,en
33870,Mao’s Last Dancer,2009,Drama|Romance,6.59,122,0.8064,en
37848,The Treasure Hunter,2009,Action|Adventure|Fantasy|Science Fiction,3.6,41,0.7976,zh
41978,High Security Vacation,2009,Comedy|Drama|Adventure,6.079,101,0.5598,ru
26773,Backyard,2009,Thriller|Crime|Drama|Mystery,6.4,34,0.5178,es
31160,Alma,2009,Animation|Fantasy|Horror|Mystery,6.931,145,0.5678,en
36737,Carny,2009,Horror|Science Fiction|TV Movie|Action|Fantasy,4.8,25,0.6103,en
13826,Knife Edge,2009,Horror|Mystery|Thriller,4.5,36,0.5034,en
25450,Ratko: The Dictator's Son,2009,Comedy,3.5,12,0.5188,en
20290,Luck,2009,Action|Thriller|Drama|Adventure,4.583,42,0.6387,hi
48742,Mein Kampf,2009,Drama|Comedy,3.6,26,0.5928,de
15439,Cyprien,2009,Comedy,3.937,206,0.48,fr
59120,The Lost Tribe,2009,Action|Adventure|Drama|Horror|Thriller,4.551,49,0.5345,en
12161,Jerichow,2009,Drama,6.494,80,0.6184,de
24135,Sex and Lies in Sin City,2009,Crime|Drama|Mystery|Thriller|TV Movie,3.3,17,0.5193,en
29429,Deadtime Stories,2009,Horror,4.2,30,0.5769,en
26656,Ghost Machine,2009,Action|Horror|Science Fiction|Thriller,4.763,57,0.4131,en
32338,Every Jack Has a Jill,2009,Comedy|Romance|Family,5.4,49,0.7671,fr
20750,Break,2009,Action|Crime|Drama|Thriller,4.0,14,0.603,en
23698,McDull  Kung Fu Kindergarten,2009,Family|Animation|Comedy|Drama,6.0,22,0.4896,cn
50454,Christmas Angel,2009,Romance|Drama|Comedy,7.1,43,0.7765,en
40537,Eyeborgs,2009,Action|Adventure|Science Fiction|Thriller,4.5,65,0.572,en
43219,La Mission,2009,Drama,5.7,32,0.4689,en
44620,Eloise,2009,Drama|Romance,6.6,64,0.6114,ca
36109,The Grind,2009,Action|Thriller|Romance,3.4,12,0.5761,en
39303,2:13,2009,Horror|Thriller|Mystery,5.3,36,0.6409,en
42306,Love at First Hiccup,2009,Comedy|Romance,5.345,74,0.5368,en
34015,We Live in Public,2009,Documentary,6.852,44,0.535,en
16604,Super Rhino,2009,Animation|Comedy,6.018,83,0.5923,en
24868,Offspring,2009,Horror,5.1,113,0.8242,en
25805,The Book of Masters,2009,Fantasy,4.4,42,0.625,ru
53700,A Summer In The Caribbean,2009,Comedy,4.674,242,0.671,it
15571,Deep Winter,2009,Action|Adventure|Thriller,3.8,13,0.6901,en
14720,All About Actresses,2009,Comedy|Drama,5.9,109,0.6695,fr
33926,Hellbinders,2009,Action|Fantasy|Horror|Science Fiction|Thriller,3.8,13,0.7461,en
36784,Stricken,2009,Drama,5.9,63,0.5744,nl
35726,Fix,2009,Drama,4.4,22,0.5395,en
45961,Rosencrantz and Guildenstern Are Undead,2009,Comedy|Horror,4.2,16,0.557,en
24757,Stoic,2009,Crime|Drama,5.2,57,0.4913,en
104060,Halfway,2009,Drama|Romance,6.0,20,0.7919,ja
24603,All the Best: Fun Begins,2009,Action|Comedy|Music,6.127,55,0.5229,hi
49266,Sand Serpents,2009,Action|Horror|Thriller,3.9,31,0.76,en
54777,Chrome Angels,2009,Action|Thriller|Science Fiction,3.8,12,0.4721,en
12471,Milk,2009,Drama,5.9,55,0.6233,tr
43937,Like Dandelion Dust,2009,Drama,6.9,54,0.6042,en
48281,Before You Say 'I Do',2009,Comedy|Romance|Fantasy|TV Movie,5.6,54,0.5411,en
39072,Happy Tears,2009,Comedy|Drama,5.0,36,0.9644,en
50036,Easier with Practice,2009,Drama|Comedy|Romance,6.4,20,0.5904,en
26472,Poker Run,2009,Horror|Thriller|Action,3.409,11,1.5979,en
80706,2022 Tsunami,2009,Action|Science Fiction|Thriller,4.8,17,0.6355,th
175944,Abduction,2009,Thriller|Horror,3.5,10,0.82,en
57384,Beautiful People,2009,Drama,6.2,48,0.5851,it
40914,Royal Kill,2009,Action|Thriller,3.694,18,0.5839,en
46648,Verônica,2009,Action|Crime,7.2,42,0.4973,pt
30442,Angel and the Badman,2009,Western|Action|TV Movie,5.0,10,0.585,en
24663,The Open Road,2009,Comedy|Drama|Romance,5.182,74,0.5828,en
23174,It's Alive,2009,Horror|Science Fiction,4.1,65,0.4816,en
42546,The Vanquisher,2009,Action|Thriller,4.0,12,0.6012,th
99942,Porn Star Zombies,2009,Comedy|Horror,4.9,28,0.6196,en
52124,Me & Marilyn,2009,Comedy|Romance,5.489,415,0.5453,it
21988,Awaydays,2009,Drama,5.3,50,0.6112,en
76940,Hard Revenge  Milly: Bloody Battle,2009,Drama|Action|Science Fiction|Horror,5.7,17,0.4503,ja
42973,Queen to Play,2009,Comedy|Drama,6.6,73,0.4943,fr
27567,The Maid,2009,Drama|Comedy,6.7,89,0.6137,es
24712,Johan Falk: The Outlaws,2009,Action|Thriller|Crime,6.5,46,0.4618,sv
38124,Tales from the Script,2009,Documentary,6.5,42,0.6217,en
15036,Eden Is West,2009,Drama,6.2,62,0.6318,fr
34188,The Jerk Theory,2009,Comedy,5.8,89,0.5848,en
72421,Marcel Reich-Ranicki - Mein Leben,2009,Drama,6.1,13,0.3724,de
15712,Welcome,2009,Drama|Romance,7.178,259,0.6297,fr
208227,Freefall,2009,Drama|TV Movie,6.1,12,0.5786,en
44094,Bobbos,2009,Comedy,4.7,24,0.4856,ar
46641,Today's Special,2009,Comedy|Romance,6.2,108,0.6945,en
27637,Horst Schlämmer - Isch kandidiere!,2009,Comedy,4.8,58,0.6615,de
36325,Bananas!*,2009,Documentary,6.647,17,0.5611,en
29314,In Therapy,2009,Romance|Drama|Comedy,6.3,50,0.4947,pt
92198,Me Shivajiraje Bhosale Boltoy,2009,Drama,8.0,10,0.5438,mr
51270,The Shift,2009,Documentary|Drama,6.7,14,0.4852,en
28686,War Wolves,2009,Horror,3.2,16,0.5228,en
26032,Make the Yuletide Gay,2009,Drama|Comedy|Romance,6.2,85,0.4512,en
45708,Play the Game,2009,Comedy|Romance,5.8,35,0.5479,en
41144,To Save a Life,2009,Drama,6.299,67,0.5513,en
33326,Phantom Racer,2009,Horror|Action|Thriller|TV Movie,4.56,25,0.585,en
34989,Slovenian Girl,2009,Drama,5.9,70,0.5772,sl
24877,For Sale by Owner,2009,Drama|Horror|Thriller,3.364,11,0.4181,en
26722,Nine Miles Down,2009,Horror|Mystery|Thriller,5.264,108,0.5955,en
61730,Year of the Carnivore,2009,Comedy|Romance,4.8,14,0.4081,en
29029,Made for Each Other,2009,Comedy|Romance,3.8,24,0.6184,en
133666,Dabbe 2,2009,Horror|Mystery|Fantasy,2.952,31,0.4669,tr
37656,Hooked on the Game,2009,Action|Science Fiction,5.645,69,0.7414,ru
38932,Holy Water,2009,Comedy,5.746,69,0.4979,en
19560,Taken in Broad Daylight,2009,Drama|Crime|TV Movie,5.21,31,0.5367,en
14402,Beauties at War,2009,Comedy,5.0,38,0.59,fr
111556,Dornröschen,2009,Family|Fantasy|TV Movie,3.8,11,1.4026,de
45273,The Bleeding,2009,Action|Horror|Thriller,2.6,34,0.7348,en
33627,OceanWorld 3D,2009,Documentary,6.0,33,0.5664,en
30432,Army of Crime,2009,War|Drama|History,6.439,115,0.5152,fr
15640,Killing Is My Business  Honey,2009,Comedy|Crime,6.726,53,0.7616,de
22788,All Star Comedy Jam,2009,Comedy|TV Movie|Documentary,6.3,12,0.6332,en
34128,Peter and Vandy,2009,Drama|Comedy|Romance,6.3,28,0.6371,en
47355,Just Married,2009,Comedy,5.7,120,0.5243,it
64450,The Execution of P,2009,Crime|Drama|Thriller,6.217,46,1.7112,tl
60242,Dream.net,2009,Comedy,1.9,24,0.6662,hu
67316,Bad Cop,2009,Action|Thriller,2.9,10,0.3501,en
18739,Faintheart,2009,Romance|Comedy,6.3,24,0.5194,en
44700,American Cowslip,2009,Comedy,5.1,17,0.7472,en
28238,Hamlet,2009,Drama|TV Movie,7.3,76,0.7242,en
20782,Road of No Return,2009,Action|Drama|Thriller,5.9,97,0.5279,en
25868,Aladin,2009,Fantasy|Drama|Romance|Adventure|Comedy,6.2,100,0.6054,hi
51800,The Dolphin: Story of a Dreamer,2009,Animation|Adventure|Fantasy|Comedy|Family,6.2,37,0.6273,es
52995,Red & White,2009,War|Drama,6.0,10,0.3978,id
34277,So Normal 2: The Craziest Night Ever,2009,Comedy,6.568,73,0.4367,pt
24613,Kurbaan,2009,Crime|Drama|Romance|Thriller|Action,4.881,42,0.5129,hi
36138,State Affairs,2009,Thriller,5.803,38,0.5242,fr
21358,Merlin and the Book of Beasts,2009,Adventure|Fantasy,4.5,25,0.5592,en
64377,One Night in Supermarket,2009,Comedy|Crime,6.219,32,0.4721,zh
69566,Peranmai,2009,Action|Adventure,6.5,12,0.7005,ta
21636,Love Takes Wing,2009,Drama|Western|Family|Romance,7.0,44,0.9494,en
71394,Dear Lemon Lima,2009,Drama|Comedy,5.5,29,0.5075,en
105206,Nobody To Watch Over Me,2009,Drama,6.1,10,0.4219,ja
28969,The Velveteen Rabbit,2009,Animation|Drama|Family|Fantasy,6.6,32,0.5381,en
52667,Jolly Life,2009,Drama|Comedy,5.679,56,0.456,tr
43738,Eastern Plays,2009,Drama,6.3,33,0.7201,bg
76297,All's Faire in Love,2009,Comedy|Romance,5.9,28,0.6177,en
21398,Grace,2009,Horror|Thriller,5.449,178,0.5552,en
40248,Ballistica,2009,Adventure|Action,3.464,14,0.4886,nl
24921,Rise of the Gargoyles,2009,Horror|Action|Adventure|Fantasy,5.068,37,0.6336,en
18673,8 x 10 Tasveer,2009,Thriller|Action|Mystery|Science Fiction,5.2,26,0.4912,hi
32782,Come Dance at My Wedding,2009,TV Movie|Drama,6.4,18,0.5371,en
35619,Storm,2009,Drama,6.1,29,0.4118,en
72733,Bangkok Traffic (Love) Story,2009,Comedy|Romance,7.367,30,0.644,th
76097,Gangs,2009,Comedy|Drama,5.0,21,0.543,de
63664,Siva Manasula Sakthi,2009,Romance|Comedy,6.6,21,0.4203,ta
32389,Logorama,2009,Animation|Crime|Comedy|Action,7.106,188,0.603,fr
38526,Bangkok Adrenaline,2009,Action|Comedy,4.815,27,0.5713,th
61997,Beware the Moon: Remembering 'An American Werewolf in London',2009,Documentary|Horror,6.7,11,0.5269,en
20071,Friend Zone,2009,Comedy,5.5,64,1.6795,es
228756,Puthiya Mugham,2009,Action|Romance,5.9,20,0.5811,ml
20626,Special Correspondents,2009,Comedy,5.111,104,0.5034,fr
61539,Rage,2009,Drama|Thriller|Romance,5.6,22,0.4483,es
35759,My Super Psycho Sweet 16,2009,Horror|TV Movie,6.3,37,0.5412,en
44750,The Winning Season,2009,Comedy|Drama,6.313,163,0.6561,en
23532,How to Be a Serial Killer,2009,Comedy|Horror|Crime,5.0,32,0.4774,en
53988,The Queen of Hearts,2009,Comedy|Romance,5.6,29,0.5106,fr
23702,Acid Factory,2009,Action|Crime|Thriller,5.2,10,0.4512,hi
28729,Skyrunners,2009,Science Fiction|TV Movie|Family,5.08,56,0.587,en
35554,Cado dalle nubi,2009,Comedy,6.7,1708,0.7071,it
34763,Aarya 2,2009,Romance|Comedy|Action,6.729,48,0.4742,te
289428,Wallander: The Priest,2009,Crime|Thriller,5.6,12,0.5933,sv
28904,The Dog Who Saved Christmas,2009,Family|Comedy|TV Movie,5.036,42,0.6231,en
259904,Sacred,2009,Horror,6.7,18,0.5919,id
56531,The Life and Death of a Porno Gang,2009,Adventure|Drama|Thriller|Comedy|Romance|Horror,6.3,64,0.5084,sr
18791,Handphone,2009,Thriller|Drama,6.4,18,0.6554,ko
75547,Nowhere to Hide,2009,Thriller|TV Movie,5.357,14,0.473,en
55951,Aadhavan,2009,Thriller|Action|Comedy,5.56,42,0.6259,ta
58055,Within the Whirlwind,2009,Drama,5.0,19,0.4378,en
41203,Neighbor,2009,Horror|Thriller,4.2,44,0.5596,en
79650,Sagar Alias Jacky Reloaded,2009,Action|Thriller,5.1,20,0.6246,ml
51275,The Priest,2009,Drama|War,6.056,27,0.4301,ru
62738,The Best Movie 2,2009,Comedy,3.277,47,0.5317,ru
51853,Accomplices,2009,Drama|Thriller,5.6,35,0.4264,fr
23720,Humpday,2009,Comedy|Drama,5.351,106,0.6745,en
24986,Sophie's Revenge,2009,Comedy|Drama|Romance,5.6,37,0.4913,zh
39135,The Vintner's Luck,2009,Fantasy|Drama|Romance,4.6,34,0.4363,en
44527,Villa Amalia,2009,Drama,5.8,30,1.5426,fr
33806,The Misfortunates,2009,Drama|Comedy,7.2,215,0.4945,nl
37810,Eyes Wide Open,2009,Romance|Drama,6.5,77,0.4242,he
53103,My Queen Karo,2009,Drama,5.0,25,0.6167,nl
39774,It Came from Kuchar,2009,Documentary,7.1,10,0.4369,en
18120,Brain Drain,2009,Comedy|Romance,5.161,180,0.7,es
96580,The Cannibalistic Councillor,2009,Comedy,6.212,52,0.4976,es
24821,Hidden,2009,Thriller|Horror,5.631,80,0.4671,no
37858,Bandaged,2009,Action|Drama|Thriller,3.8,13,1.2882,en
50077,Berlin '36,2009,Drama|History,5.5,38,0.4412,de
51933,Handsome Harry,2009,Crime|Drama,5.5,29,0.532,en
289344,Wallander: The Revenge,2009,Crime|Thriller,5.7,20,0.8343,sv
24797,Magic Man,2009,Drama|Thriller,3.237,19,0.5333,en
34071,Budapeste,2009,Drama,5.0,19,0.3807,pt
44520,Broken Promise,2009,Drama|History|War,6.1,15,0.4066,sk
69513,Padikathavan,2009,Action|Drama,4.0,15,0.5343,ta
39118,Timetrip: The Curse of the Viking Witch,2009,Adventure|Family,5.3,18,0.9597,da
38220,Ek Niranjan,2009,Romance|Action|Drama,5.1,14,0.5924,te
17886,Mutants,2009,Horror|Science Fiction,5.224,105,0.5529,fr
26971,Mediterranean Food,2009,Comedy,5.4,26,0.6084,es
52613,Murphy's Law,2009,Comedy|Thriller,5.4,37,0.4066,fr
45675,Calvin Marshall,2009,Drama|Comedy,5.129,35,0.6435,en
42554,Accused at 17,2009,Drama|Thriller|TV Movie,6.3,18,0.4802,en
34788,The Front Line,2009,Drama|Crime|History,5.9,35,0.4679,it
57507,Machan,2009,Drama|Comedy,6.9,20,0.5177,si
14838,Hit and Run,2009,Horror,4.487,78,0.6306,en
202717,Daddy Cool,2009,Comedy|Action,5.2,12,0.4593,ml
47194,Blood Night: The Legend of Mary Hatchet,2009,Horror|Thriller,4.5,65,0.5795,en
37849,The Robbers,2009,Drama|Action|Thriller,5.8,28,0.5873,zh
86760,Crash Point: Berlin,2009,Drama|Thriller,6.0,34,0.4621,de
21467,The Bone Man,2009,Crime|Thriller|Comedy,7.4,109,0.6321,de
19281,Immortally Yours,2009,Horror|Romance,3.3,14,0.5112,en
30388,Reykjavik Whale Watching Massacre,2009,Comedy|Horror,4.5,59,0.4682,is
58714,The Ladies Get Their Say,2009,Drama,7.2,79,0.4402,it
24784,Jimmy Carr: Telling Jokes,2009,Comedy,7.443,44,0.4437,en
48508,A Brand New Life,2009,Drama,7.281,73,0.7333,ko
56988,The Cézanne Affair,2009,Drama|History|Comedy,6.3,13,0.4567,it
333914,The Sex Spirit,2009,TV Movie|Drama,4.0,12,0.4489,en
31616,Natalee Holloway,2009,Drama|Mystery|TV Movie,5.2,16,0.4915,en
35568,2081,2009,Action|Science Fiction|Thriller,6.5,68,0.4436,en
58500,The Butterfly Circus,2009,Drama,7.3,137,0.4234,en
59583,Heat Wave,2009,Thriller,4.727,11,0.4292,en
53080,Malibu Shark Attack,2009,Horror|Action|TV Movie,4.1,107,0.6744,en
16057,The Last Confession of Alexander Pearce,2009,History|Documentary,5.8,18,0.4209,en
39641,Adrift,2009,Drama,5.9,77,0.6227,pt
46886,Disco and Atomic War,2009,Documentary,5.4,15,0.5505,et
8887,Lulu and Jimi,2009,Comedy|Drama|Music|Romance,5.7,11,0.4793,de
25120,Kanthaswamy,2009,Action|Crime|Adventure,4.9,31,0.4977,ta
63236,La Soga,2009,Crime|Drama,5.1,21,0.4767,es
29127,Eddie Izzard: Live from Wembley,2009,Comedy,6.971,17,0.356,en
34220,The Purple Sea,2009,Drama|History|Romance,6.574,95,0.6289,it
21581,Through the Mist,2009,Drama|Music,6.263,19,0.6084,fr
48593,Kiss Me  Kill Me,2009,Action|Drama|Romance,6.6,21,0.4757,ko
91122,16 to Life,2009,Comedy|Romance,4.1,15,0.4563,en
27389,Hanger,2009,Horror|Thriller|Comedy,3.6,23,0.4363,en
167760,Fortune Salon,2009,Comedy,6.4,12,0.4903,ko
42419,The Case of Unfaithful Klara,2009,Thriller|Romance,4.9,39,0.4935,it
248654,Caligula's Spawn - Part 1,2009,History,3.5,26,0.5051,en
21372,Life Is Hot in Cracktown,2009,Drama,5.9,18,0.4467,en
50086,Nymph,2009,Horror|Mystery,6.026,19,0.4069,th
29989,Skin,2009,Drama,6.4,50,0.5194,en
24864,What's Your Raashee?,2009,Comedy,4.9,29,0.4252,hi
60949,Toys in the Attic,2009,Thriller|Animation|Family|Fantasy,6.4,29,0.4401,cs
17408,Humans,2009,Adventure|Thriller|Horror,4.1,40,0.4486,fr
44376,Hollywood  je t'aime,2009,Drama|Romance|Comedy,5.0,14,0.4914,en
22335,Smash Cut,2009,Comedy|Horror,3.8,46,0.4522,en
46694,The Pagan Queen,2009,Fantasy|History|Romance,4.1,22,0.5868,en
25543,Life Blood,2009,Horror,3.5,22,1.6333,en
23517,The Murder Farm,2009,Drama|Thriller,5.1,35,0.4447,de
15576,Bellamy,2009,Drama|Crime,5.7,71,0.4305,fr
41864,Phase 3,2009,Comedy,3.8,15,0.4996,es
38645,And Then Came Lola,2009,Comedy|Drama|Romance,5.2,46,0.3903,en
52637,Yuki & Nina,2009,Drama,6.7,11,0.4282,fr
37583,Herb & Dorothy,2009,Documentary,6.9,23,0.4597,en
35212,The Beckoning,2009,Mystery|Horror,5.9,63,0.5097,es
28025,Moonlight Serenade,2009,Drama|Romance,5.275,20,0.5005,en
35173,Love  Bitter,2009,Drama,4.0,16,0.4489,tr
25511,London Dreams,2009,Drama,5.5,20,0.5108,hi
40770,Spirit Camp,2009,Comedy|Horror,4.4,19,0.4058,en
57534,Persecution,2009,Drama,4.4,38,0.5528,fr
18278,Perkins' 14,2009,Horror|Thriller,4.725,51,1.1469,en
86607,Oy!,2009,Drama|Comedy|Romance,6.2,15,0.536,te
55522,Letters to Father Jacob,2009,Drama,7.2,37,0.6064,fi
15587,Safari,2009,Adventure|Comedy,4.617,345,0.5604,fr
19296,Legend of the Bog,2009,Drama|Horror|Thriller,2.7,19,0.3805,en
62335,12 Winter,2009,Crime,5.5,18,0.5429,de
266814,1939: Hollywood's Greatest Year,2009,Documentary|TV Movie,7.5,12,0.4948,en
151484,Passenger,2009,Thriller,6.9,13,0.4667,ml
85963,Great Directors,2009,Documentary,6.1,17,0.4123,en
35065,Drool,2009,Comedy|Drama,5.1,24,0.4266,en
30286,Penance,2009,Horror|Thriller,3.6,39,0.4926,en
37695,Newsmakers,2009,Action|Thriller|Crime|Drama,5.0,22,0.5382,ru
348039,Degrassi Goes Hollywood,2009,Comedy|Music|Drama,7.6,14,0.5069,en
23766,Billa,2009,Action|Thriller,5.1,22,0.5496,te
20458,Headhunter,2009,Thriller,6.0,58,0.6463,da
23451,Videocracy,2009,Documentary,6.5,48,0.4042,it
24026,Johan Falk: Vapenbröder,2009,Action|Thriller|Crime,6.6,50,0.4346,sv
39359,Serbian Scars,2009,Action|Thriller|Crime,3.1,13,0.6715,en
42571,The Double Hour,2009,Crime|Drama|Mystery|Romance|Thriller,6.14,93,0.4949,it
49585,Russia 88,2009,Drama,5.3,29,0.374,ru
36714,Blessed,2009,Drama,6.7,16,0.4057,en
30545,Dogging: A Love Story,2009,Drama|Comedy|Romance,3.921,19,0.4661,en
39563,The Eclipse,2009,Drama|Horror,5.992,60,0.4663,en
47426,South of the Border,2009,Documentary,5.9,41,0.4424,en
49853,Same Same But Different,2009,Drama|Romance,6.6,52,0.397,de
36400,Popieluszko: Freedom Is Within Us,2009,History|Drama,6.8,19,0.3793,pl
51413,No One Knows About Persian Cats,2009,Drama|Music,6.725,80,0.445,fa
22530,Bled,2009,Horror,3.857,21,0.4443,en
19501,April Showers,2009,Drama,4.741,29,0.5685,en
63516,Scrat in Love,2009,Animation|Family|Romance,6.4,51,0.4084,en
36472,Dorfpunks,2009,Comedy|Drama,5.8,13,0.3253,de
26965,Star Trek: The Captain's Summit,2009,Documentary,6.65,20,0.4227,en
19875,Bury Me Behind the Baseboard,2009,Drama,6.274,31,0.4185,ru
34533,Countdown: Armageddon,2009,Thriller|Science Fiction,4.7,12,0.5356,en
51603,The Last International Playboy,2009,Drama|Romance,5.8,13,0.4218,en
41504,Henri-Georges Clouzot's Inferno,2009,Documentary,7.3,88,0.5258,fr
15709,Changing Sides,2009,Comedy,5.403,309,0.4675,fr
27457,Peacetime,2009,Drama|History,7.3,15,0.4661,pt
35164,In the Beginning,2009,Drama,6.617,145,0.3758,fr
50642,Xuxa and the Mystery of the Little Ugly Princess,2009,Family|Fantasy,5.0,59,0.561,pt
70759,What You Don't See,2009,Thriller|Drama,4.4,13,0.374,de
12422,This Night,2009,Drama,6.0,17,0.5171,fr
67204,Reverse Angle,2009,TV Movie|Action|Drama|Mystery,5.5,13,0.4974,en
71575,Between Us,2009,Drama,6.553,19,0.4424,es
38256,Hierro,2009,Mystery|Thriller,5.6,79,0.4769,es
35396,The Island,2009,Comedy,6.2,26,0.5546,el
76972,Thoranai,2009,Action|Drama,4.4,15,0.4368,ta
46489,Magic Silver,2009,Fantasy,4.983,30,0.4602,no
74504,Purgatorio,2009,Drama,4.0,13,1.5585,es
19206,The Perfect Sleep,2009,Action|Adventure|Drama|Thriller,4.316,19,0.5178,en
30121,Winter of Frozen Dreams,2009,Crime|Drama|History|Thriller,4.5,21,0.4012,en
38048,The Wild Stallion,2009,Action|Adventure|Drama|Family|Western,6.058,26,0.424,en
133836,American Bully,2009,Drama|Thriller|Crime,4.6,13,0.5519,en
28644,The Milk of Sorrow,2009,Drama,6.3,103,0.5902,es
63517,The Turn of the Screw,2009,Thriller|Drama|Horror|Mystery|TV Movie,4.7,36,0.4031,en
36588,The Immortal Voyage of Captain Drake,2009,Adventure|Fantasy|TV Movie,4.972,18,0.4538,en
25377,Paintball,2009,Thriller|Action|Horror,3.9,116,0.4839,en
38762,Meat Grinder,2009,Horror|Thriller,5.413,52,0.5731,th
164435,Beck 25 - The Eye of the Storm,2009,Crime|Drama|Thriller|Mystery,5.6,23,0.6519,sv
27561,Trailer Park Boys: Countdown to Liquor Day,2009,Comedy|Crime,6.7,109,0.4575,en
55195,The Rise & Fall of WCW,2009,Documentary,7.2,21,0.4601,en
57802,One-Zero,2009,Drama,5.5,11,0.3818,ar
16116,American High School,2009,Comedy|Romance,3.0,49,0.3508,en
479488,Splatter,2009,Horror,2.9,13,0.3966,en
136707,Good Morning President,2009,Comedy|Drama,6.2,10,0.4806,ko
73786,Fumiko's Confession,2009,Animation|Comedy|Romance,5.7,35,0.3674,ja
44096,Scheherazade  Tell Me a Story,2009,Drama,6.4,31,0.4767,ar
44751,Dossier K.,2009,Action|Crime|Drama|Thriller,6.4,49,0.4324,nl
69499,Naan Kadavul,2009,Drama|Action,7.4,21,0.4412,ta
33274,Street Fighter - Round One - FIGHT!,2009,Animation|Fantasy|Horror|Science Fiction|Action|Adventure,4.615,13,0.4817,en
25154,The Marc Pease Experience,2009,Comedy|Drama,4.4,80,0.4197,en
42673,Santa Baby 2,2009,Comedy|TV Movie|Fantasy,5.1,29,0.3915,en
36974,Turtle: The Incredible Journey,2009,Documentary,6.6,21,0.4762,en
14403,A Man and His Dog,2009,Drama,5.846,26,0.3438,fr
323390,Out of Control,2009,TV Movie|Crime|Mystery|Thriller,5.8,10,0.6692,en
19996,Brother's War,2009,Action|Drama,4.2,18,0.4942,en
72962,George and A.J.,2009,Animation|Family|Comedy,5.8,166,0.4361,en
56083,Hermanoteu In the Land of Godah,2009,Comedy,8.273,33,0.4353,pt
24885,Medicine for Melancholy,2009,Drama|Romance,6.1,50,0.6411,en
55684,Sweatshop,2009,Horror|Thriller,3.4,30,0.4424,en
325045,L'Amour aller-retour,2009,Comedy|Romance|TV Movie,4.8,11,0.2393,fr
25170,The Blackout,2009,Science Fiction|Thriller|Horror,3.8,28,0.4496,en
26629,RTT,2009,Comedy,4.894,263,0.5273,fr
79637,Himalaya  Where the Wind Dwells,2009,Drama,7.4,10,0.4332,ko
42316,The Referees,2009,Documentary,7.1,24,0.4525,en
193289,The Chalk Circle Man,2009,Thriller|TV Movie,7.1,11,0.4625,fr
21026,The Belgrade Phantom,2009,Action|Crime|Drama,5.6,15,0.319,sh
20843,Revenge of the Boarding School Dropouts,2009,Comedy,3.1,10,0.4541,en
35837,Boogie,2009,Action|Animation|Crime,6.94,109,0.4728,es
27480,Last Ride,2009,Drama,6.4,50,0.508,en
36405,Reverse,2009,Comedy|Drama|Thriller|Romance,7.095,37,0.3704,pl
53070,Lightning Strikes,2009,Science Fiction,4.396,24,0.5491,en
22177,Autumn,2009,Horror|Drama,2.9,32,0.4662,en
78642,Kerala Varma Pazhassi Raja,2009,History|War,6.9,17,0.4459,ml
199700,What's Up: Balloon to the Rescue!,2009,Comedy|Animation|Adventure|Family,2.577,26,0.3811,pt
33404,The Ordinary People,2009,Drama,5.6,17,0.2873,fr
80634,Room 33,2009,Horror|Mystery|Thriller,4.3,16,0.4659,en
31186,Captain Berlin vs. Hitler,2009,Comedy,4.15,10,0.2734,en
119632,Dummy,2009,Drama,6.2,16,0.5738,en
14726,Spy(ies),2009,Drama|Romance|Thriller,5.5,68,0.4377,fr
113893,The Three Gifts,2009,TV Movie|Family|Drama,5.2,15,0.3964,en
33918,Regrets,2009,Drama|Romance,4.9,24,0.4157,fr
74342,The Consul of Sodom,2009,Drama,5.6,15,0.5509,es
25122,Naadodigal,2009,Drama,7.7,12,0.573,ta
32932,Under the Mountain,2009,Fantasy|Adventure|Drama,4.5,70,0.515,en
21752,If I Were You 2,2009,Comedy|Fantasy,6.111,247,0.3315,pt
20047,The Steam Experiment,2009,Crime|Drama|Thriller,4.2,61,0.4396,en
78128,Miss Kicki,2009,Drama,5.5,16,0.4278,sv
151875,Ee Pattanathil Bhootham,2009,Comedy|Fantasy,3.6,11,0.4061,ml
34937,An Englishman in New York,2009,Drama,6.3,41,0.4686,en
45890,Moana,2009,Drama|TV Movie,6.4,25,0.5457,it
71245,Tender May,2009,Drama,4.8,15,0.6113,ru
405312,Phineas and Ferb Christmas Vacation!,2009,Action|Animation|Comedy|TV Movie,7.3,24,0.6536,en
222463,Lost in the Mountains,2009,Drama,6.4,17,0.3371,ko
73905,A Room and a Half,2009,Drama|History,6.3,16,0.3072,ru
208697,La Petite mort,2009,Thriller|Horror,3.8,11,0.2951,de
151878,Red Chillies,2009,Crime|Thriller,3.5,11,0.2794,ml
42561,Against the Current,2009,Drama,5.4,33,0.5815,en
56560,Slave,2009,Horror|Thriller|Mystery,4.5,13,0.3795,en
36389,Janosik,2009,Drama|Romance|War,4.1,17,0.46,pl
35840,The Hell of '63,2009,Drama,5.949,50,0.3898,nl
34698,God's Little Village,2009,Comedy,5.638,29,0.5407,pl
110080,Stranger with My Face,2009,Thriller|Mystery|Drama|TV Movie,5.6,12,0.4122,en
56742,The Hanged Man,2009,Drama|Romance,4.6,27,0.5049,es
49579,Help Gone Mad,2009,Comedy,5.125,16,0.4469,ru
42563,A Short Stay in Switzerland,2009,TV Movie|Drama,6.9,12,0.3568,en
28227,Collapse,2009,Documentary|Drama,7.2,107,0.4228,en
22046,James May on the Moon,2009,Documentary,6.8,10,0.6087,en
39509,Cold Storage,2009,Horror|Thriller,4.4,10,0.2225,en
33582,Teenage Dirtbag,2009,Drama,6.46,25,0.3628,en
17659,Legal Aid,2009,Thriller,6.7,13,0.4556,fr
44223,Happy Ever Afters,2009,Romance|Comedy,5.7,23,0.5171,en
43213,Chicago Overcoat,2009,Action|Crime|Thriller,5.303,33,0.4242,en
25335,Hellsinki,2009,Crime|Drama,6.4,50,0.5048,fi
72819,Ward No. 6,2009,Drama,4.905,21,0.5775,ru
27288,Cedar Boys,2009,Crime|Drama,4.3,11,0.3481,en
50028,Saving Grace B. Jones,2009,Drama|Thriller,5.364,11,0.4292,en
55858,Reclaiming the Blade,2009,Documentary,5.9,12,0.3662,en
60807,Kick,2009,Action|Comedy|Thriller,6.675,40,0.3385,te
24754,The New Twenty,2009,Drama,5.3,21,0.3167,en
27169,Gabriel Iglesias: I'm Not Fat... I'm Fluffy,2009,Comedy|TV Movie,6.856,80,0.3473,en
81233,LEGO Star Wars: The Quest for R2-D2,2009,Family|Animation|Science Fiction|Comedy|TV Movie|Action,5.6,43,0.3743,en
36142,The Dark House,2009,Thriller|Crime|History,6.486,109,0.3783,pl
52248,Home,2009,Documentary|Drama,5.4,18,1.298,en
25073,Deadline,2009,Drama|Horror|Thriller,4.947,104,0.6217,en
34426,The National Tree,2009,Family|Drama|TV Movie,5.2,23,0.384,en
23513,My Words  My Lies - My Love,2009,Drama|Romance|Comedy,6.0,25,0.3527,de
276008,Takumi-kun Series: Rainbow Colored Glass,2009,Romance,4.1,11,0.3392,ja
49761,Unrated: The Movie,2009,Horror,2.5,11,0.3025,de
40664,The Interrogation,2009,Drama,6.2,12,0.3654,fi
26837,B-Girl,2009,Music|Crime|Drama,6.2,30,0.5125,en
36411,Złoty środek,2009,Comedy,4.6,12,0.3877,pl
26152,Bank Error in Your Favour,2009,Comedy,5.6,90,0.5394,fr
54070,Red Velvet,2009,Horror,3.5,14,0.3988,en
178136,Max Steel Vs The Mutant Menace,2009,Action|Animation|Adventure|Science Fiction,7.1,17,0.3285,en
30288,Shoot the Duke,2009,Action|Comedy|Crime|Thriller,3.4,14,0.2965,en
27643,House of Flesh Mannequins,2009,Drama|Horror,3.7,11,0.3896,en
8925,The Dead Girl's Feast,2009,Drama,5.6,17,0.2213,pt
26334,Run! Bitch Run!,2009,Horror|Thriller,4.4,79,0.388,en
135527,Pane e libertà,2009,History|Drama|TV Movie,6.9,19,0.3908,it
57526,Heliopolis,2009,Drama,7.2,10,0.4311,ar
40090,Dirt! The Movie,2009,Documentary,6.9,11,0.3645,en
27083,L-O-V-E.,2009,Romance|Comedy|Drama,4.9,11,0.3717,zh
165586,Mutantes: Punk Porn Feminism,2009,Documentary,4.8,11,1.505,en
60727,The People I've Slept With,2009,Comedy|Romance,4.5,20,0.4229,en
25646,Death Warrior,2009,Action|Thriller,2.9,20,0.4035,en
45346,Second Life,2009,Drama,3.9,14,0.5316,en
35627,Samurai Avenger: The Blind Wolf,2009,Thriller|Action,4.7,25,0.3722,en
245769,La Smorfia - Prima Parte,2009,Comedy,8.3,23,0.4338,it
130805,Expecting a Miracle,2009,TV Movie|Drama,6.2,15,0.3285,en
6163,The Hessen Affair,2009,History|Drama|Action,5.0,18,0.4221,en
28565,Silent Night  Zombie Night,2009,Horror|Action|Comedy|Romance,3.714,28,0.3868,en
73489,30 Days to Die,2009,Horror,2.2,15,0.2377,en
45663,The Dunwich Horror,2009,Action|Horror|Thriller|TV Movie,4.5,33,0.4092,en
26293,Hurt,2009,Drama|Mystery|Thriller,4.6,34,0.559,en
33833,Alexander the Last,2009,Drama|Romance,4.583,24,0.3216,en
22165,The Bridge to Nowhere,2009,Crime|Drama,4.0,26,0.4836,en
52492,The Sea Wall,2009,Drama,5.3,40,0.3821,fr
17240,Slaughter,2009,Thriller|Horror,4.39,50,0.3235,en
56263,Going South,2009,Drama,5.707,41,0.5097,fr
29388,High Life,2009,Comedy|Crime,6.035,56,0.3818,en
27370,Paranormal Entity,2009,Horror|Mystery|Thriller,5.2,126,1.1659,en
47075,Samson and Delilah,2009,Drama|Romance,6.3,59,0.4201,en
6162,Morgen  ihr Luschen! Der Ausbilder-Schmidt-Film,2009,Comedy,4.8,26,0.4153,de
16002,Kurt Turns Evil,2009,Animation|Comedy|Drama,5.5,20,0.4188,no
46534,Sweet Karma,2009,Action|Thriller,4.9,39,0.5352,en
16639,Deliver Us from Evil,2009,Thriller,5.768,41,0.2897,da
159508,Wish 143,2009,Drama,6.4,16,0.4943,en
261207,A Night at the Movies: The Suspenseful World of Thrillers,2009,Documentary|TV Movie,6.7,10,0.3981,en
44990,Breaking Upwards,2009,Comedy|Romance,5.4,30,0.4087,en
74666,Jaffa,2009,Drama,5.9,18,0.4665,he
35219,The Missing Person,2009,Comedy|Drama|Mystery|Thriller,5.8,38,0.4042,en
58497,Divorces,2009,Comedy|Romance,5.4,19,0.5259,fr
50722,Vision - From the Life of Hildegard von Bingen,2009,Drama|History,6.02,25,0.4783,de
668372,Nobody,2009,Comedy,7.0,13,0.5743,en
36942,Creature of Darkness,2009,Horror|Science Fiction,2.553,19,0.5384,en
83430,Altiplano,2009,Drama,5.7,11,0.3444,de
43616,The King of Escape,2009,Adventure|Comedy,6.0,27,0.3979,fr
34767,The White Stripes: Under Great White Northern Lights,2009,Documentary|Music,7.4,37,0.3149,en
26582,Tracing Shadow,2009,Action|Comedy,5.5,13,0.2796,zh
50451,Micro Men,2009,Drama,7.1,29,0.3888,en
40571,Paleri Manikyam: Oru Pathirakolapathakathinte Katha,2009,Crime|Drama|Mystery,7.3,15,0.3525,ml
39564,Dark Moon Rising,2009,Horror,4.6,35,0.6476,en
172878,Tale in the Darkness,2009,Drama,4.7,12,0.3862,ru
49882,O Menino da Porteira,2009,Western|Drama,6.269,26,0.3391,pt
44866,Park Benches,2009,Comedy|Drama|Romance,5.468,63,0.3576,fr
14688,Change of Plans,2009,Comedy|Romance,5.39,177,0.6137,fr
289433,Wallander: The Thief,2009,Crime|Thriller,5.5,14,0.4392,sv
70070,The House of Sun,2009,Romance,5.31,29,0.4344,ru
241408,Dad for a Day,2009,Comedy,5.5,10,0.2222,es
30691,Yahşi Batı,2009,Comedy|Western|Adventure,6.925,219,0.4362,tr
360544,Tambourine  Drum,2009,Drama,5.2,18,0.3069,ru
24091,Crush,2009,Drama|Horror|Thriller,3.7,26,0.5327,en
52804,Graphic Sexual Horror,2009,Documentary,6.9,36,0.5399,en
384580,Superstar,2009,Drama,6.1,14,0.2872,fa
39172,After,2009,Drama,4.538,13,0.3057,es
35856,A Matter of Size,2009,Comedy|Drama,6.24,25,0.4685,he
26496,Effi Briest,2009,Drama|Romance,5.0,21,0.3205,de
289426,Wallander: The Leak,2009,Crime|Thriller,5.9,14,0.3428,sv
23951,Objectified,2009,Documentary,7.109,119,0.3389,en
27960,I Saw the Sun,2009,Drama,6.4,98,0.342,tr
57023,My Nanny's Secret,2009,TV Movie|Thriller,4.5,10,0.4463,en
36139,High Plains Invaders,2009,Western|Science Fiction|Horror|TV Movie|Action,4.517,30,0.4342,en
27278,Dane Cook: Isolated Incident,2009,Comedy,6.7,15,0.3869,en
32254,Time of Fear,2009,Crime|Drama,5.438,24,0.3439,pt
32860,The Dark House,2009,Drama|Horror|Thriller,6.4,22,0.3556,en
21283,Steppin: The Movie,2009,Comedy|Romance,4.3,16,0.3866,en
34665,The Fattest Man in Britain,2009,TV Movie|Drama|Comedy,5.9,12,0.3616,en
60179,Fly Out,2009,Comedy|Romance|Fantasy,7.3,37,0.4119,ar
35236,Ready or Not,2009,Action|Comedy|Romance,4.1,16,0.4345,en
20286,Cadavres,2009,Comedy,4.9,22,0.3718,fr
29361,Antikiller D.K,2009,Mystery|Action,4.5,20,0.3563,ru
289343,Wallander: The Cellist,2009,Crime|Thriller,5.6,13,0.3214,sv
26681,Free Fall,2009,Drama,3.5,13,0.3633,fr
74016,Someone's Knocking at the Door,2009,Horror|Comedy|Fantasy,4.3,35,0.359,en
52178,Pains of Autumn,2009,Drama|History,5.167,18,0.3275,tr
50701,How to Seduce Difficult Women,2009,Comedy|Romance,4.4,12,0.3354,en
38195,Bambou,2009,Comedy,4.4,18,0.2602,fr
23116,Loose Change 9/11: An American Coup,2009,Documentary|Drama|History,6.215,65,0.3297,en
51866,Happy End,2009,Drama|Science Fiction|Comedy,5.5,69,0.3516,fr
82100,Flower Girl,2009,Comedy|Music|Romance|TV Movie|Drama,5.9,24,0.4831,en
85810,Konchem Ishtam Konchem Kashtam,2009,Comedy|Romance,6.433,15,0.4244,te
37225,Onechanbara: The Movie - Vortex,2009,Action|Horror,4.5,17,0.3039,ja
24025,Johan Falk: National Target,2009,Crime|Action|Thriller,6.6,45,0.3351,sv
44680,The Wild Hunt,2009,Drama|Thriller,5.9,45,0.4587,en
80783,Best of Times,2009,Romance|Drama,6.808,13,0.7065,th
20837,Jim Gaffigan: King Baby,2009,Comedy,6.8,79,0.3261,en
25048,Le Donk & Scor-zay-zee,2009,Comedy|Music,6.0,27,0.4264,en
25467,Before I Self Destruct,2009,Action|Drama,4.9,24,0.3724,en
383802,The Tell-Tale Heart,2009,Horror|Crime,6.8,22,0.3828,en
49446,You Wont Miss Me,2009,Comedy|Drama,4.9,13,0.3395,en
36041,The Big Gay Musical,2009,Drama|Comedy|Music|Romance,6.6,35,0.4792,en
29923,Detour,2009,Horror|Thriller,5.2,33,0.4017,no
138858,Dire Wolf,2009,Horror,5.2,13,0.4746,en
55224,Volcano,2009,Drama|Action|TV Movie,7.2,11,0.6028,de
38333,Peter on the Way to Heaven,2009,Drama|Comedy,3.6,10,0.3577,ru
49360,Who Killed Nancy?,2009,Documentary|History|Music,5.0,14,0.3416,en
56400,A Matter of Heart,2009,Comedy|Drama,6.0,89,0.2745,it
25693,Albino Farm,2009,Horror,4.7,34,0.4296,en
41427,Questo Piccolo Grande Amore,2009,Romance|Comedy,5.6,146,0.1948,it
20784,Charles Darwin and the Tree of Life,2009,Documentary|TV Movie,7.705,39,0.386,en
129277,Two-Legged Horse,2009,Drama,5.3,14,0.4119,fa
77069,Alice's Birthday,2009,Animation|Family|Science Fiction,5.1,11,0.4464,ru
82219,The Catherine Tate Show: Nan's Christmas Carol,2009,Fantasy|Drama|Science Fiction|Family|Comedy,7.8,12,0.3836,en
9508,Whiskey with Vodka,2009,Comedy|Drama,5.9,23,0.3715,de
54747,Without Bias,2009,Documentary,6.9,20,0.2625,en
48009,Loup,2009,Drama|Adventure,5.9,41,0.4092,fr
44196,A Boy Called Dad,2009,Drama|Romance,6.0,15,0.4054,en
80179,Franswa Sharl,2009,Comedy,5.9,14,0.3702,en
40854,Pornography,2009,Thriller|Mystery|Horror,4.6,15,0.3311,en
35821,Daytime Drinking,2009,Drama|Comedy,6.9,18,0.4276,ko
16336,A man  a fjord!,2009,Comedy,5.5,15,0.2403,de
53237,The Last Lovecraft: Relic of Cthulhu,2009,Comedy|Horror|Adventure,5.11,41,0.485,en
42679,Giulia Doesn't Date at Night,2009,Drama|Romance,6.4,46,0.3874,it
43482,Annihilation Earth,2009,Science Fiction|Action,3.9,18,0.3253,en
39814,Salvage,2009,Horror,4.875,52,0.2495,en
26888,Soul Power,2009,Documentary|Music,6.4,16,0.556,en
18815,I taket lyser stjärnorna,2009,Drama,5.7,21,0.2641,sv
27612,Plague Town,2009,Horror|Thriller,4.841,41,0.3691,en
21851,The Lost,2009,Mystery|Thriller|TV Movie|Horror,5.7,21,0.3493,en
45622,Leslie  My Name Is Evil,2009,Comedy|Crime|Drama,4.313,30,0.438,en
165027,Light Gradient,2009,Drama|Romance|Thriller,5.1,26,0.3236,de
62174,Rahtree Reborn,2009,Horror|Comedy,5.5,12,0.4977,th
75340,9/11: Phone Calls from the Towers,2009,Documentary,7.6,11,0.2838,en
17059,Aa Dekhen Zara,2009,Thriller|Action,4.0,28,0.358,hi
47097,I Die for You,2009,Comedy,5.0,13,0.4066,el
186789,Basketball and Mathematics,2009,Drama|TV Movie,5.6,14,0.3402,fr
56997,Are You Scared 2,2009,Action|Adventure|Horror,3.0,13,0.2502,en
46296,No Time for Love,2009,Comedy|Romance,5.3,11,0.3749,da
19980,99,2009,Comedy|Crime,6.674,23,0.2813,hi
26250,Wanda Sykes: I'ma Be Me,2009,Comedy,7.6,16,0.3583,en
26864,The Fish Child,2009,Drama|Thriller|Romance,5.7,64,0.3373,es
31687,Circle of Eight,2009,Mystery|Horror,3.3,54,0.4849,en
28136,Popatopolis,2009,Documentary,6.4,19,0.3985,en
30077,By the People: The Election of Barack Obama,2009,Documentary,6.8,10,0.3626,en
22241,Firaaq,2009,Drama,6.147,17,0.3737,hi
41182,The Boxer,2009,Drama,4.682,11,0.3413,en
22901,I Know You Know,2009,Thriller|Drama|Comedy,5.8,17,0.3254,en
90108,Initiation,2009,Drama,4.4,12,0.3601,de
124305,Superman: Red Son,2009,Animation,7.3,24,0.3289,en
26430,The Carter,2009,Documentary|Music,6.6,15,0.367,en
34576,The Most Dangerous Man in America,2009,Documentary,7.37,46,0.3168,en
29373,Who Pulled the Plug? 3,2009,Comedy,2.5,20,0.3239,sv
74592,In Your Veins,2009,Drama,5.0,14,0.3006,sv
144253,Christmas in Canaan,2009,Family|Drama|TV Movie,6.1,19,0.3163,en
38409,Erasing David,2009,Documentary,6.1,14,0.2965,en
173523,Killer Bees,2009,Thriller|TV Movie|Action|Adventure,4.0,15,0.5136,de
42916,Fading of the Cries,2009,Horror|Mystery|Fantasy|Action,3.6,34,0.407,en
66536,Eeram,2009,Horror|Thriller,7.0,17,0.3366,ta
27308,P!NK: Funhouse Tour - Live in Australia,2009,Music,8.5,21,0.3948,en
134709,Olimpius Inferno,2009,War|Drama,4.3,13,0.308,ru
59353,Bitter/Sweet,2009,Comedy|Drama|Romance,4.8,10,0.5099,en
45953,By the Will of Chingis Khan,2009,Action|Adventure|Drama|War|History,4.6,14,0.3657,ru
221755,Ividam Swargamanu,2009,Drama|Family,6.6,21,0.4429,ml
16239,Will Ferrell: You're Welcome America - A Final Night with George W. Bush,2009,Comedy,6.566,61,0.3494,en
21033,Beautiful,2009,Drama|Mystery|Thriller,4.808,52,0.3799,en
68208,Louis Theroux: A Place for Paedophiles,2009,Documentary|TV Movie,7.123,53,0.3017,en
410486,Road to Moloch,2009,Horror|Action,6.4,10,0.4299,en
65348,Dawning,2009,Thriller|Horror,3.0,11,0.332,en
279169,Deportees 2,2009,Comedy,4.1,15,0.4366,fa
34013,Mademoiselle Chambon,2009,Comedy|Drama|Romance,6.4,68,0.3453,fr
43065,Nightmares in Red  White and Blue,2009,Documentary|Horror,6.6,69,0.364,en
26986,Operation Dunaj,2009,Comedy|History,5.2,16,0.3978,cs
29007,The House of Branching Love,2009,Comedy|Drama,5.5,30,0.239,fi
65322,Sensored,2009,Drama|Horror|Thriller,4.4,17,0.3634,en
31208,Making Plans for Lena,2009,Comedy|Drama,5.615,48,0.3017,fr
70137,Crush,2009,Romance|Drama,5.5,23,0.3945,ru
250140,Hotel Atlântico,2009,Drama,7.1,12,0.3588,pt
57302,Please  Please Me!,2009,Comedy,5.8,43,0.3272,fr
36410,Zero,2009,Action|Drama,5.0,12,0.3268,pl
62775,Backwood Philosopher,2009,Drama|Comedy,5.8,18,0.4427,fi
347136,Pauline,2009,Drama,6.053,38,0.3217,fr
40827,Ten Winters,2009,Comedy|Romance,7.0,88,0.2948,it
79737,Au Pair 3: Adventure in Paradise,2009,Family|TV Movie|Comedy,5.7,15,0.3579,en
93127,Cristiano de la Secreta,2009,Comedy,7.2,48,0.3693,es
36542,Mr. Right,2009,Comedy|Drama|Romance,4.4,19,0.3928,en
32559,Mall Girls,2009,Drama,5.3,85,0.3846,pl
33913,Tomorrow at Dawn,2009,Thriller|Drama,6.1,11,0.2754,fr
46998,Evil - In the Time of Heroes,2009,Horror,5.472,18,0.3669,el
24024,Johan Falk: Leo Gaut,2009,Action|Thriller|Crime,6.127,51,0.2896,sv
30252,A Midsummer of Love,2009,Comedy|Romance,5.1,34,0.4013,sv
25259,Seven Minutes,2009,Comedy,3.375,12,1.3478,es
66151,Vital Signs,2009,Drama,5.2,10,0.2144,fr
39376,Tales from the Golden Age,2009,Comedy|History,7.0,84,0.3598,ro
612027,Lee's Adventures,2009,Animation|Drama,7.2,17,0.2262,zh
237143,Apocrypha,2009,Drama,5.095,21,0.3461,en
43289,A Rational Solution,2009,Drama|Comedy,5.6,14,0.4337,sv
53289,Mandie and the Secret Tunnel,2009,Adventure|Drama|Action|Family,4.8,14,0.2207,en
26037,Into Temptation,2009,Drama|Mystery,8.0,16,0.3523,en
29916,Vegas,2009,Drama,3.9,12,0.3927,no
20826,The Master Key,2009,Mystery|Science Fiction,4.4,11,0.2678,fr
22454,Dirty Mind,2009,Comedy|Drama,5.8,13,0.3963,nl
510710,Wheelman,2009,Action|Adventure|Thriller|Crime,5.4,14,0.2441,es
37523,Envy,2009,Drama,5.681,36,0.3723,tr
17658,Someone I Loved,2009,Drama|Romance,6.111,45,0.3138,fr
62635,Unmistaken Child,2009,Documentary,6.6,14,0.2669,en
121662,One Hundred Mornings,2009,Drama|Thriller|Science Fiction,4.0,12,0.2156,en
34499,Francesca,2009,Drama,5.1,11,0.4357,en
80570,Family Demons,2009,Horror|Thriller,2.9,12,0.3039,en
86097,For the Love of Movies: The Story of American Film Criticism,2009,Documentary,5.7,15,0.3618,en
36703,Beeswax,2009,Comedy|Drama,5.8,20,0.2915,en
47748,Old Partner,2009,Documentary,7.7,19,0.209,ko
26621,Robin Williams: Weapons of Self Destruction,2009,Comedy|Documentary|TV Movie,7.428,83,0.349,en
43614,Father of My Children,2009,Drama,6.8,65,0.3094,fr
42399,The Friends At The Margherita Café,2009,Drama|Comedy,5.604,101,0.328,it
33116,Godspeed,2009,Drama|Mystery|Thriller,4.0,10,0.2668,en
51517,Deadland,2009,Action|Science Fiction|Thriller,3.885,13,0.3487,en
32367,Crushed,2009,Horror|Thriller,3.4,13,0.2315,en
38988,5150 Elm's Way,2009,Drama|Horror|Thriller,6.465,129,0.274,fr
63488,Dot,2009,Crime|Drama,6.2,10,0.2817,tr
40522,I’m Glad My Mother Is Alive,2009,Drama,5.9,19,0.3666,fr
44529,City of Life,2009,Romance|Drama,6.1,14,0.4126,en
38813,13 Semester,2009,Comedy|Drama|Romance,6.298,42,0.2285,de
37700,Mr. Bjarnfreðarson,2009,Drama|Comedy,6.5,12,1.5061,is
488412,Deep Sea Monster Raiga,2009,Action|Fantasy,5.6,10,0.3368,ja
88604,Maskhead,2009,Horror,2.5,12,0.2701,en
77852,Enigma,2009,Science Fiction,4.875,16,0.2697,en
33282,Natale a Beverly Hills,2009,Comedy,4.8,301,0.4075,it
516684,Who's Hungry?,2009,Horror|Animation,5.9,13,0.189,en
56971,The New Monsters Today,2009,Comedy,4.6,53,0.2784,it
34214,Crude,2009,Documentary,6.4,13,0.3596,en
46467,Zombie Women of Satan,2009,Horror,3.9,17,0.2376,en
56271,Double Take,2009,Documentary,5.8,10,0.241,en
32958,The Story of Me,2009,Drama,6.6,19,0.2734,pt
115723,Luna caliente,2009,Thriller,4.5,11,0.3702,es
113440,Protect Me From What I Want,2009,Romance|Drama,5.8,27,0.3626,en
33091,The Girl,2009,Drama|Family,6.3,40,0.3898,sv
24631,Wedding Fever in Campobello,2009,Comedy,5.8,75,0.4128,de
19770,Weekend with My Mother,2009,Drama,6.7,15,0.339,ro
43907,Money as Debt II,2009,Documentary|Animation,7.3,11,0.3046,en
76459,The Other Bank,2009,Drama,5.9,28,0.3256,ka
40658,Starsuckers,2009,Documentary,6.7,13,0.356,en
52194,Ali's Eight Days,2009,Drama,6.5,21,0.3088,tr
38238,The Widows of Thursdays,2009,Crime|Drama|Mystery,5.529,34,0.4178,es
35156,The End of the Line,2009,Documentary,6.523,22,0.2582,en
49637,The Wild and Wonderful Whites of West Virginia,2009,Documentary,6.75,76,0.334,en
26305,Nirvana: Live at Reading,2009,Music|Documentary,7.414,29,0.2444,en
37897,The Way,2009,Action|Adventure,4.0,11,0.3635,en
43740,The Little Traitor,2009,Drama,6.2,17,0.3833,he
215781,Occupation,2009,Drama|War,7.8,12,0.3751,en
16160,Alive or Dead,2009,Horror|Thriller,3.917,12,0.3587,en
24487,Passing Strange,2009,Music,4.875,12,0.3858,en
233805,Bakhita,2009,History|Adventure,8.2,21,0.4783,it
113554,Drowning,2009,Drama,5.8,16,0.3061,en
41129,Everything Is Terrible! The Movie,2009,Comedy,6.9,14,0.4028,en
79695,Shadow Billionaire,2009,Documentary,6.6,10,0.2933,en
81055,Smoke Gets in Your Eyes,2009,Romance|Drama|Comedy,6.5,31,0.3866,pt
289425,Wallander: The Courier,2009,Crime|Thriller,5.364,21,0.3284,sv
32285,Cornered!,2009,Comedy|Horror,4.3,41,0.2488,en
35008,Rapt,2009,Drama|Thriller,6.123,61,0.311,fr
33494,The Wedding Photographer,2009,Drama|Romance|Comedy,6.1,55,0.2759,sv
56685,Psalm 21,2009,Horror|Science Fiction|Thriller,3.828,29,0.4717,sv
17627,City Rats,2009,Drama,5.2,27,0.4098,en
34208,Katalin Varga,2009,Thriller|Drama|Crime,6.7,55,0.3974,ro
30312,Outrage,2009,Documentary,6.1,30,0.3034,en
113529,The Six Degrees of Helter Skelter,2009,Documentary,7.2,40,0.3611,en
35051,Russell Brand in New York City,2009,Comedy,4.906,16,0.1899,en
17090,The Casino Job,2009,Action|Adventure|Thriller,3.7,12,0.291,en
64515,Love Stories Only Last 90 Minutes,2009,Romance|Drama|Comedy,4.944,27,0.2439,pt
249395,Bala mordida,2009,Unknown,7.5,10,0.2901,es
23205,Second Skin,2009,Documentary,6.0,17,0.2436,en
44411,Eccentricities of a Blonde-Haired Girl,2009,Drama|Romance,6.1,44,0.305,pt
22927,G.I. Joe: Resolute,2009,Action|Animation|Thriller,5.8,18,0.4913,en
82795,Ander,2009,Drama|Romance,5.6,16,0.4783,es
35395,Bunny and the Bull,2009,Comedy|Romance|Drama,6.1,74,0.4242,en
108752,Return of the Outlaws,2009,Western,5.7,20,0.2793,en
72021,Psycho Shark,2009,Drama|Horror|Mystery,3.2,22,0.314,ja
78207,I  Don Giovanni,2009,Drama|Romance,4.789,19,0.417,it
31549,Blood River,2009,Horror|Thriller,4.6,35,0.3805,en
272977,Joan Baez: How Sweet the Sound,2009,Music|Documentary,6.8,10,0.3145,en
257941,Las Meninas,2009,Drama,5.2,10,0.493,uk
62967,The Lady and the Reaper,2009,Animation|Comedy,6.956,80,0.3652,xx
61932,Kill Daddy Good Night,2009,Drama,5.5,13,0.2911,de
198351,Chattambinadu,2009,Comedy|Action,5.7,16,0.5315,ml
43817,White Lightnin',2009,Drama|Thriller,6.9,40,0.3444,en
83587,Zombie Girl: The Movie,2009,Horror|Documentary,6.4,14,0.1763,en
44358,Greek Pete,2009,Drama|Romance,4.4,21,0.2738,en
33407,Twigson,2009,Adventure|Comedy|Family,5.1,20,0.2658,no
35411,The Dancer and the Thief,2009,Drama,5.54,40,0.3063,es
40819,Best Worst Movie,2009,Documentary|Comedy,7.063,182,0.3214,en
47798,The New Tenants,2009,Comedy|Crime,5.922,32,0.4027,en
41248,The Girl on the Train,2009,Drama|Romance,5.892,60,0.3442,fr
33159,The Donner Party,2009,Drama|Western,4.7,21,0.4138,en
42039,All Tomorrow's Parties,2009,Documentary|Music,6.5,10,0.2622,en
40855,Sex Positive,2009,Documentary,4.9,11,0.2657,en
26846,Al final del camino,2009,Romance|Comedy,5.213,40,0.2854,es
30979,The Horse Boy,2009,Documentary,6.5,10,0.2104,en
26694,Big River Man,2009,Documentary,6.6,24,0.2453,en
45765,Me Too,2009,Drama|Comedy,6.817,52,0.2729,es
32172,2 Harihar Nagar,2009,Thriller|Comedy,5.7,24,0.2288,ml
29225,Nun of That,2009,Action|Comedy|Crime|Thriller,4.5,15,0.2946,en
42808,The Man Who Will Come,2009,Drama,7.4,84,0.2237,it
20293,Shortkut - The Con Is On,2009,Comedy,4.2,13,0.3667,hi
24424,Ajami,2009,Crime|Drama,7.022,90,0.4834,he
51345,A Previous Engagement,2009,Romance|Comedy,4.3,10,0.2529,en
55488,Half a Life,2009,Drama|Thriller,6.5,14,0.296,de
61887,Black,2009,Action,5.3,19,0.3037,fr
64632,Pianomania,2009,Documentary|Music,6.5,10,0.2991,de
39933,Toe to Toe,2009,Drama|Romance,3.3,13,0.253,en
66077,The Evening Dress,2009,Drama|Romance,5.846,26,0.217,fr
71902,Temptation,2009,Horror|Thriller|Fantasy,2.8,13,1.1244,en
30846,Burrowing,2009,Drama,5.0,23,0.2968,sv
53104,Orgasm Inc.,2009,Documentary,5.4,16,0.3582,en
27317,Patton Oswalt: My Weakness Is Strong,2009,Comedy,7.2,29,0.2182,en
19837,Beer Wars,2009,Documentary,6.4,18,0.2843,en
46737,Passenger Side,2009,Comedy|Drama,5.3,25,0.3496,en
234593,Robin Hood,2009,Crime|Thriller,5.2,10,0.3024,ml
158711,The Human Family Tree,2009,Documentary,7.2,12,0.3145,en
29613,Caesar and Otto's Summer Camp Massacre,2009,Comedy|Horror,2.2,10,0.3019,en
47845,12 Paces without a Head,2009,Comedy,5.9,19,0.2589,de
26482,Haunting of Winchester House,2009,Horror|Thriller,4.1,31,0.3225,en
54548,All You Need Is Love,2009,Romance|Comedy|Drama,7.6,41,0.3492,de
48845,Soula Come Again (SEX),2009,Comedy,4.6,12,0.2873,el
381961,The Figurine: Araromire,2009,Drama|Horror|Mystery,4.4,17,0.3211,en
61233,Dark Fields,2009,Horror,3.2,14,0.3406,en
107150,The Armoire,2009,Drama,5.0,10,0.274,en
50556,Batbabe: The Dark Nightie,2009,Comedy,4.5,13,0.3403,en
20311,Love the Beast,2009,Action|Adventure|Documentary,6.5,26,0.2618,en
270971,Poverty,2009,Drama|Family|Comedy,6.0,13,0.3159,fa
56600,Scorched,2009,Drama|Science Fiction|Thriller,6.0,12,0.2537,en
15713,The First Star,2009,Comedy,5.712,285,0.4283,fr
35730,Amateur Porn Star Killer 3: The Final Chapter,2009,Crime|Horror|Thriller,4.4,16,0.284,en
40711,A Matter of Principles,2009,Unknown,5.5,10,0.1894,es
23275,Do Knot Disturb,2009,Comedy|Romance,3.281,16,0.3686,hi
62449,Barefoot to the Neck,2009,Comedy|Romance,5.8,16,0.3957,de
24604,Main Aurr Mrs Khanna,2009,Drama,5.085,59,0.3139,hi
120167,A Week Alone,2009,Drama,5.6,15,0.3094,en
37980,Saviors in the Night,2009,Drama,5.4,15,0.2541,de
33664,Asylum Seekers,2009,Comedy,3.818,11,0.3551,en
54689,Muhammad and Larry,2009,Documentary,6.5,10,0.2503,en
51505,The Christmas Hope,2009,Family|Drama|TV Movie,6.2,20,0.2434,en
180631,The Brotherhood VI: Initiation,2009,Horror,2.455,11,0.3166,en
37813,Shadow,2009,Horror|Thriller,5.482,83,0.3282,en
25436,The Art of Being Straight,2009,Drama|Comedy|Romance,4.0,19,0.355,en
52692,Faktor 8 – Der Tag ist gekommen,2009,TV Movie|Action|Thriller,4.4,23,0.3044,de
95538,To Die Like a Man,2009,Drama|Music,5.6,22,0.2496,pt
45576,Last Train Home,2009,Documentary|Drama,7.429,70,0.2373,zh
28793,Coffin Rock,2009,Thriller,5.5,30,0.3365,en
62142,Sugar Boxx,2009,Action|Adventure|Thriller,4.0,10,0.2615,en
62593,Iago,2009,Romance|Drama,5.1,83,0.257,it
40623,A Town Called Panic,2009,Adventure|Animation|Comedy|Family|Fantasy,7.505,212,0.3656,fr
33275,Red Hook,2009,Comedy|Drama|Horror|Thriller,3.2,14,0.2602,en
75968,Agent Macaw: Shaken & Stirred,2009,Animation,7.0,30,0.2324,es
146650,Trail of the Panda,2009,Family,8.0,24,0.4773,zh
27806,The Lionshare,2009,Drama,5.2,17,0.2911,en
38248,Technotise: Edit and I,2009,Animation|Science Fiction|Thriller,6.892,65,0.3324,sr
21263,Life Partner,2009,Comedy|Drama|Romance,4.275,20,0.295,hi
52636,Angel at Sea,2009,Drama,5.1,16,0.3247,fr
73424,True Adolescents,2009,Comedy|Drama,5.7,22,0.3207,en
37570,Love in Another Language,2009,Unknown,7.1,44,0.3741,tr
58960,Dzi Croquettes,2009,Documentary,7.7,16,0.2227,en
40150,Believe: The Eddie Izzard Story,2009,Comedy|Documentary,6.7,22,0.3297,en
39246,Talhotblond,2009,Documentary|Thriller,6.6,60,0.2749,en
65214,Dead Hooker in a Trunk,2009,Horror,5.0,25,0.2634,en
269046,Always and Forever,2009,Romance|Comedy|Drama|TV Movie,6.1,12,0.3674,en
105778,Edie & Thea: A Very Long Engagement,2009,Drama|Documentary|Romance|Family,6.1,14,0.1397,en
24686,Love and the City,2009,Comedy|Romance,5.5,55,0.3428,ru
30236,The Fear Chamber,2009,Horror|Thriller,3.7,11,0.2379,en
139432,Mamonas Forever,2009,Documentary|Music,7.5,22,0.2497,pt
193229,Black Field,2009,Romance|Drama,4.9,20,0.2416,el
61718,Bad Day to Go Fishing,2009,Drama|Comedy|Thriller,6.6,26,0.2757,en
420510,Miloš Forman: What Doesn't Kill You…,2009,Documentary,6.5,10,0.4032,cs
47435,St. George Shoots the Dragon,2009,Drama|War,6.0,15,0.2711,sr
127059,Arena,2009,Drama,6.6,21,0.1874,pt
49988,Deadfall Trail,2009,Horror|Thriller,3.9,17,0.2289,en
131057,The Man Who Would Be Polka King,2009,Documentary,6.2,14,0.2989,en
29602,The Storm,2009,Drama,6.6,55,0.3415,nl
141754,CHAINSAW MAID,2009,Animation|Horror,6.667,36,0.1772,ja
81712,Láska rohatá,2009,Family|Fantasy|TV Movie,5.7,10,0.3206,cs
43908,Kosmos,2009,Comedy|Drama,6.6,50,0.2427,tr
8939,Tulpan,2009,Drama|Romance|Comedy,6.269,54,0.2685,kk
94326,All In: The Poker Movie,2009,Documentary,5.7,14,0.2105,en
32541,Sbirri,2009,Action|Drama,6.0,47,0.2604,it
130105,Two Women,2009,Drama,3.4,12,0.2392,pt
26731,Redwoods,2009,Drama|Romance,5.5,35,0.2741,en
45341,Metastases,2009,Crime|Drama|Comedy,7.093,27,0.1751,hr
25356,The Break-up Artist,2009,Comedy|Romance,4.3,23,0.3845,en
55204,Which Way Home,2009,Documentary,7.854,24,0.2755,en
54901,Severed Ways: The Norse Discovery of America,2009,Drama|Adventure,4.6,20,0.1817,sv
22786,Different from Whom?,2009,Comedy,5.8,202,0.3642,it
24000,My Year Without Sex,2009,Comedy|Drama,5.1,15,0.292,en
99847,I Am Here....Now,2009,Fantasy|Science Fiction|Thriller,4.069,51,0.2046,en
179533,Christmas,2009,Drama|Romance,5.3,21,0.2034,es
457356,Magno Mainak,2009,Adventure|Thriller,6.2,10,0.2153,bn
52162,In Darkness,2009,Drama|Thriller,6.8,20,0.2161,tr
33988,The Pit and the Pendulum,2009,Fantasy|Horror|Thriller,2.0,20,0.2504,en
17959,Black Balls,2009,Comedy,6.6,31,0.2613,da
78432,Before Your Eyes,2009,Drama|Action|Thriller,6.3,19,0.2501,tr
84442,Oxygen,2009,Thriller|Drama|Romance,5.4,30,0.2408,ru
50168,Turma da Mônica em Cine Gibi 4: Meninos e Meninas,2009,Animation|Family|Comedy,7.3,17,1.2146,pt
171499,Crush,2009,Romance|Drama|Horror,4.0,11,0.255,en
69746,The String,2009,Romance|Drama,6.68,50,0.2433,ar
25629,Eddie Izzard: Stripped,2009,Comedy,6.7,29,0.2295,en
68127,7 Suns,2009,Drama,6.7,25,0.47,en
44148,Love 'Till Death,2009,Drama|Romance,6.9,64,0.2473,es
37511,Stingray Sam,2009,Comedy|Western|Science Fiction|Music,6.8,15,0.2824,en
152450,The Feast of Stephen,2009,Drama,5.5,13,0.2783,en
47863,Punching the Clown,2009,Comedy|Music,7.2,17,0.2549,en
43723,Yang Yang,2009,Drama,5.3,13,0.2708,zh
500476,Super,2009,Comedy,5.0,16,0.1991,es
35964,Vavien,2009,Comedy|Thriller|Drama,7.4,94,0.2613,tr
50129,10 to 11,2009,Drama,7.0,40,0.268,tr
113395,Dish :),2009,Comedy,4.5,11,0.2639,en
52175,Sewage,2009,Comedy,5.0,37,0.2282,tr
517126,A.D.,2009,Thriller|Mystery|Drama,5.7,11,0.1849,ru
59947,Around a Small Mountain,2009,Drama|Romance,5.8,13,0.2392,fr
38307,The Ape,2009,Drama|Thriller,5.9,33,0.3361,sv
58781,31 North 62 East,2009,Thriller,4.8,11,0.4096,en
911529,Terminator Zan Kill,2009,Science Fiction|Action,5.7,17,0.285,ja
253894,Nuummioq,2009,Drama|Romance,4.5,11,0.2346,kl
62714,Zombie Farm,2009,Horror,3.9,10,0.2452,es
55913,Some Boys Don't Leave,2009,Drama,6.525,20,0.2655,en
43620,Blame It on Mum,2009,Drama,5.8,24,0.296,fr
31991,Drifter: Henry Lee Lucas,2009,Drama|Horror|Thriller,3.8,21,0.2805,en
61767,I.C.U.,2009,Horror|Thriller,3.526,19,0.2949,en
1070136,RED,2009,Drama|History|Thriller,5.1,19,0.2205,en
63743,Luke and Lucy: The Texas Rangers,2009,Animation,5.5,16,0.2987,nl
52180,The Shadowless,2009,Drama|Mystery|Fantasy,6.469,16,0.4024,tr
258023,Marisa,2009,Fantasy,5.7,12,0.2688,en
50071,Sweetgrass,2009,Documentary,6.8,28,0.2142,en
113444,Steam,2009,Drama,4.2,10,0.2635,en
64127,Chance,2009,Drama|Comedy,5.87,23,0.2552,es
47383,The Man Next Door,2009,Drama|Thriller|Comedy,6.619,59,0.2938,es
36549,Yesterday Was a Lie,2009,Drama|Mystery|Science Fiction|Thriller,5.875,16,0.2701,en
54312,Kawasaki's Rose,2009,Drama,5.2,14,0.1884,cs
50555,Human Zoo,2009,Drama,5.0,21,0.2335,en
30873,No Impact Man,2009,Documentary,6.2,28,0.191,en
47358,Just Say Love,2009,Drama|Romance,5.2,20,0.1891,en
124991,Petition,2009,Documentary,7.2,15,0.2262,zh
55355,One for the Road,2009,Drama,6.217,30,0.2585,fr
48502,El estudiante,2009,Drama,7.722,63,0.2233,es
33809,Everyone Else,2009,Drama|Romance,6.012,85,0.4442,de
33002,New World Order,2009,Documentary,5.7,17,0.2906,en
84775,Stooges,2009,Comedy,3.0,19,0.2841,ru
43611,Sisters,2009,Drama,5.2,13,0.2616,fr
85474,Change Nothing,2009,Documentary|Music,7.4,10,0.2934,fr
74164,Aïcha,2009,Comedy|Drama|TV Movie,6.3,11,0.2936,fr
24713,Johan Falk: Operation Näktergal,2009,Action|Thriller|Crime,6.098,46,0.1968,sv
267013,Curiosity,2009,Horror|Thriller,5.25,14,0.2778,en
37572,Piano Girl,2009,Drama,7.1,15,0.2269,tr
30127,The Invisible Woman,2009,Comedy,6.1,267,0.3585,pt
21814,Earth 2100,2009,Documentary,6.4,23,0.2302,en
39777,Catapult,2009,Documentary,6.8,11,0.2296,de
37429,Vali,2009,History|Drama,7.1,26,0.2319,tr
55295,Finn on the Fly,2009,Comedy|Family,5.0,16,0.2586,en
115888,Antaheen,2009,Drama|Romance,5.8,10,0.2657,bn
57489,The Last Summer in La Boyita,2009,Drama,6.4,26,0.2224,es
289430,Wallander: The Guilt,2009,Crime|Thriller,5.4,15,0.2767,sv
73911,Bullying,2009,Drama,6.4,18,0.2454,es
162654,La Yuma,2009,Action|Drama,5.8,12,0.3419,es
20335,Frogs & Toads,2009,Adventure|Drama|Family,5.8,11,0.1629,nl
35686,Salami Aleikum,2009,Comedy,5.9,20,0.1961,de
56844,The White Space,2009,Comedy,5.7,26,0.2191,it
21190,Kirpi,2009,Comedy,5.8,19,0.2813,tr
145051,The Kinematograph,2009,Animation|Drama,6.3,23,0.3849,pl
34108,Duress,2009,Thriller|Crime,5.3,22,0.2651,en
181999,Butterflies Have No Memory,2009,Drama,6.7,11,0.2233,tl
329707,Bikini Bloodbath: Christmas,2009,Comedy|Horror,3.9,14,0.1583,en
41454,Oldboys,2009,Comedy|Drama,6.379,29,0.4223,da
49541,Die-ner (Get It?),2009,Comedy|Horror,3.8,21,0.2664,en
30262,1 Day,2009,Crime|Drama|Thriller,5.1,18,0.2117,en
202183,Ein Schnitzel für drei,2009,Comedy|TV Movie,6.8,10,0.3194,de
41483,Here and There,2009,Comedy|Drama|Romance,5.5,14,0.2379,sr
61893,Domain,2009,Drama,5.0,10,0.2877,fr
26566,Father and Guns,2009,Action|Comedy|Crime,6.2,40,0.2006,fr
38825,Stop and Go,2009,Comedy,5.4,18,0.1881,es
141569,Atlantiques,2009,Documentary|Drama,6.0,41,0.2229,fr
68634,My Flesh My Blood,2009,Drama|Romance,5.6,10,0.1984,pl
52136,Kadri'nin Götürdüğü Yere Git,2009,Comedy|Romance,3.2,14,0.2881,tr
98868,Cannot Live Without You,2009,Drama,6.1,12,0.2247,zh
43032,Superbror,2009,Family|Drama|Adventure,6.55,10,0.4342,da
19305,Applause,2009,Drama,5.8,13,0.2206,da
49568,1,2009,Science Fiction|Thriller,6.178,121,0.3523,hu
25524,Tornado and the Kalahari Horse Whisperer,2009,Adventure,4.5,10,0.2358,en
103539,Kelin,2009,Drama,6.0,19,0.2421,kk
58475,Rivers Wash Over Me,2009,Drama,4.7,13,0.1914,en
44369,Boy,2009,Comedy|Drama|Romance,4.2,25,0.2379,tl
35719,The Mighty Boosh Live: Future Sailors Tour,2009,Comedy,7.4,15,0.214,en
53821,Piggies,2009,Drama,7.1,22,0.186,pl
26423,Wrecked,2009,Drama,3.868,19,0.2328,en
237771,Woman Without Piano,2009,Comedy|Drama,6.0,10,0.2505,es
137868,The Call,2009,Drama|Romance,4.8,10,0.1837,es
52630,He's My Girl,2009,Comedy|Romance,4.8,16,0.2574,fr
29921,Ho Ho Ho,2009,Comedy|Family,5.4,14,0.215,en
118635,Elegy of a Voyage,2009,Documentary,7.357,14,0.2258,ru
84069,Bela Noite Para Voar,2009,Drama|History,7.9,10,0.2132,pt
27957,The Breath,2009,War|Action|Drama,7.306,142,0.3361,tr
151390,Kingyo,2009,Drama,6.3,16,0.2265,ja
17418,Romaine 30° Below,2009,Comedy,5.2,28,0.2649,fr
60708,Southern District,2009,Drama,6.0,18,0.2161,es
84012,The Invisible Frame,2009,Documentary,6.8,21,0.2396,en
279929,The Continuing and Lamentable Saga of the Suicide Brothers,2009,Fantasy,5.2,15,0.2317,en
28709,Nevesta Lyuboy Tsenoy,2009,Comedy|Romance,3.7,13,0.2201,ru
55939,Break,2009,Action|Horror,3.4,29,0.274,en
129404,The Transition Period,2009,Documentary,7.7,18,0.203,zh
29717,The Adventures of Food Boy,2009,Comedy|Fantasy|Family,5.3,26,0.2965,en
28585,Bikini Girls on Ice,2009,Horror,3.0,35,0.1835,en
225997,Spiral,2009,Drama,7.8,17,0.2724,es
35585,Jo Koy: Don't Make Him Angry,2009,Comedy,6.3,11,0.2988,en
50636,Damned by Dawn,2009,Horror,3.9,16,0.2405,en
76660,Angels with Dirty Wings,2009,Drama,3.1,11,0.2091,de
49851,In the Blink of an Eye,2009,Drama|Fantasy|Thriller,4.9,17,0.2708,en
36377,General Nil,2009,Drama|History|War,6.947,19,0.2283,pl
90241,All Boys,2009,Documentary,3.9,13,0.2513,fi
35572,Harishchandrachi Factory,2009,Comedy|Drama|History,6.5,22,0.3053,mr
56807,Son of Babylon,2009,Drama|War,7.3,18,0.1842,ar
108761,Beyoncé: I Am...Yours - An Intimate Performance at Wynn Las Vegas,2009,Music,8.6,11,0.2909,en
1165565,D.D Breaker Dark dream destruction story ACT.02 YUME Wandering fool,2009,Action,6.0,10,0.14,ja
80334,Hide and Go Kill 2,2009,Horror|Thriller,5.5,10,0.2024,ja
81230,The Perfect Guy for My Girlfriend,2009,Comedy|Romance,4.3,19,0.3032,pl
46545,3 Seasons in Hell,2009,Drama|History|Romance,5.3,11,0.2786,cs
106414,We Were Once a Fairytale,2009,Drama|Fantasy,6.7,15,0.1402,en
46128,La bella società,2009,Drama,4.3,12,0.4824,it
68190,Rally On!,2009,Comedy,5.0,15,0.2446,fi
16030,Aching Hearts,2009,Drama,5.529,17,0.2719,da
27234,A Siren in the Dark,2009,Drama|Horror|Thriller,3.6,14,0.2465,en
78310,Third Person Singular Number,2009,Drama,5.9,17,0.3468,bn
427975,Nachalnik,2009,Drama,7.091,11,0.1834,ru
49841,Sarah's Choice,2009,Drama,5.2,15,0.2256,en
36415,Snow White and Russian Red,2009,Drama|Comedy,5.195,59,0.2557,pl
39442,Sergio,2009,Documentary,7.7,20,0.1888,en
61199,Gonger,2009,Horror|Mystery|Thriller,5.4,26,0.2818,de
58450,Cosmonaut,2009,Comedy|Drama,6.0,36,0.2265,it
26695,George Michael: Live in London,2009,Music,7.9,21,0.2086,en
34092,Lover of Loser,2009,Drama|Family|Romance,7.1,14,0.2742,nl
34212,The Whore,2009,Drama|Horror|Thriller,3.5,20,0.1924,no
148477,Playground,2009,Drama|Romance,4.0,11,0.1648,fi
168523,The Two-Sided Mirror,2009,Drama|Crime|TV Movie,5.8,11,0.4231,fr
31771,Mike Epps: Under Rated & Never Faded,2009,Comedy,6.1,15,0.1841,en
36781,Love and Dance,2009,Music|Drama|Comedy,6.3,28,0.3234,pl
98238,The White Meadows,2009,Drama,7.4,29,0.3133,fa
278458,The Artist,2009,Comedy,5.469,16,0.419,es
75450,Enemies of the People,2009,Documentary,7.308,13,0.2534,en
41142,Under the North Star,2009,Drama|History,6.4,15,0.1722,fi
289432,Wallander: The Sniper,2009,Crime|Thriller,5.2,13,0.1838,sv
51272,Wolfy,2009,Drama,6.333,33,0.3731,ru
39488,Giant,2009,Drama|Romance,6.5,24,0.2405,es
25695,Treeless Mountain,2009,Drama,6.976,42,0.209,ko
54684,Kings Ransom,2009,Documentary,6.6,26,0.2194,en
36944,Fat Head,2009,Documentary,6.686,43,0.2308,en
61790,Déchaînées,2009,Drama,6.375,12,0.3008,fr
153110,The Girl Is Mime,2009,Drama,7.286,14,0.1923,en
26584,North,2009,Comedy|Drama,6.4,49,0.1707,no
50638,Savage,2009,Crime|Drama|Horror|Thriller,5.0,13,0.1603,en
21562,The Crypt,2009,Horror,4.308,26,0.2187,en
34420,Wrong Rosary,2009,Drama|Romance,7.0,26,0.1572,tr
24633,Phantom Pain,2009,Drama,5.6,32,0.3251,de
36192,The Heiress,2009,Comedy|Drama,5.0,16,0.1802,el
30174,1981,2009,Comedy|Drama|Romance,6.809,47,0.1826,fr
39378,The Wind Journeys,2009,Drama|Music|Adventure,6.917,42,0.2435,es
61845,Bornova Bornova,2009,Drama,7.0,23,0.2543,tr
21409,The Window,2009,Drama,5.8,10,0.1996,es
52089,Abimm,2009,Drama|Comedy,5.732,28,0.1507,tr
108714,Breach,2009,Drama,6.2,13,0.2017,es
21166,The Last Resort,2009,Horror|Thriller,3.8,31,0.1927,en
47742,The Butch Factor,2009,Documentary,4.6,10,0.2196,en
69162,I Know What I Saw,2009,Documentary|Science Fiction,7.3,16,0.1726,en
31981,Jim Jefferies: I Swear to God,2009,Comedy,7.258,91,0.2266,en
229294,Le Clan des divorcées,2009,Comedy,7.9,10,0.1808,fr
19969,Skeleton Crew,2009,Horror,4.2,40,0.2416,en
54608,Nightstalker,2009,Horror|Thriller,2.8,13,1.2187,en
57458,A Letter to Uncle Boonmee,2009,Drama,6.5,24,0.1783,th
37620,The Black Knight Returns,2009,Action|Adventure|Science Fiction,2.7,12,0.2755,en
24979,Nick Swardson: Seriously  Who Farted?,2009,Comedy|TV Movie,6.4,19,0.2521,en
8897,Frontier of Dawn,2009,Drama|Romance,5.4,34,0.2442,fr
19301,Hush Little Baby,2009,Drama,5.425,20,0.2355,da
37531,Everyman's War,2009,Drama|War,5.2,27,0.2235,en
83433,The Uh-oh Show,2009,Horror|Comedy,4.7,12,0.2388,en
204558,High-Rise,2009,Documentary,6.7,10,0.1839,pt
50025,Kolpaçino,2009,Action|Comedy,5.756,78,0.2505,tr
122385,Kavi,2009,Drama,5.6,10,0.2306,en
33244,Fifteen Minutes That Shook the World,2009,Comedy,6.1,14,0.1892,en
51334,Five Cities,2009,Drama,6.6,24,0.2871,tr
63853,The Two Horses of Genghis Khan,2009,Documentary|Drama,6.8,10,0.2134,de
52183,Wings of the Night,2009,Drama|Romance|Crime,3.5,15,0.2166,tr
60279,Made in Hungaria,2009,Music|Romance|Comedy,7.2,10,0.2349,hu
42395,Generazione 1000 euro,2009,Comedy,5.8,164,0.1456,it
22854,Inside Planet Earth,2009,Documentary,6.2,10,0.1662,en
115020,Men On The Bridge,2009,Drama,6.3,10,0.1963,tr
66178,Plastic Bag,2009,Drama,7.5,34,0.2428,en
36432,Art & Copy,2009,Documentary,6.905,37,0.1561,en
81576,Garbo: The Spy,2009,Documentary,7.0,16,0.1639,es
25484,Michael McIntyre: Hello Wembley,2009,Comedy,6.6,35,0.2098,en
84016,The Portuguese Nun,2009,Drama,6.6,23,0.2913,pt
43547,Between Love & Goodbye,2009,Drama|Music|Romance,5.8,24,0.2629,en
36407,Strawberry Wine,2009,Drama,5.4,17,0.2238,pl
159304,Runaway,2009,Animation|Comedy,6.5,15,0.2271,en
390159,The Invention of Flesh,2009,Drama,4.7,32,0.1823,es
181539,Cold Tropics,2009,Comedy|Science Fiction,7.1,37,0.1789,pt
61896,Prom Night in Mississippi,2009,Documentary,6.6,17,0.2501,en
56035,Murder Loves Killers Too,2009,Horror|Thriller,3.4,10,0.2323,en
28997,Jean Charles,2009,Drama,6.395,62,0.2538,pt
151637,Bhramaram,2009,Action|Thriller,7.6,23,0.1694,ml
125467,Creative Nonfiction,2009,Comedy|Romance,3.4,10,0.1167,en
53925,The Mouth Of The Wolf,2009,Documentary|Drama,6.1,51,0.1895,it
76352,The Science of Sex Appeal,2009,Documentary,5.8,19,0.2323,en
36738,Boy Interrupted,2009,Documentary,7.4,50,0.164,en
56895,Defamation,2009,Documentary,7.1,18,0.2128,en
41601,SpangaS Op Survival,2009,Adventure|Family|Drama,4.9,11,0.148,nl
48465,Grapes 2,2009,Romance|Comedy,5.15,20,0.2252,cs
35885,Amore 14,2009,Comedy|Romance,3.751,277,0.2979,it
345968,À deux c'est plus facile,2009,Comedy|Drama|TV Movie,5.9,12,0.2626,fr
85708,The Stoneman Murders,2009,Crime,7.105,19,0.1888,hi
50535,Strella,2009,Drama|Romance,6.2,45,0.1846,el
40801,Running on Empty Dreams,2009,Drama|Romance,3.0,13,0.1761,en
113917,The Brotherhood V: Alumni,2009,Horror,2.15,20,0.1877,en
23947,Nasty Old People,2009,Drama,6.1,13,0.2339,en
54398,Strigoi,2009,Comedy|Fantasy|Horror,5.5,34,0.2409,en
32169,Can Go Through Skin,2009,Drama,5.2,11,0.1856,nl
125331,Hobgoblins 2,2009,Horror|Science Fiction,3.1,19,0.2182,en
54734,Small Potatoes: Who Killed the USFL?,2009,Documentary,7.0,20,0.1389,en
47227,Pigeon: Impossible,2009,Action|Animation,6.527,55,0.2477,en
39370,Ghost Month,2009,Horror,4.0,21,0.2086,en
39936,All That I Love,2009,Drama,6.5,40,0.1849,pl
220557,Rejection,2009,Science Fiction|Thriller|Drama,5.4,11,0.1843,ru
51557,Life In One Day,2009,Drama|Fantasy|Romance,4.6,11,0.1588,nl
44329,Phobidilia,2009,Drama,5.2,13,0.1748,he
90658,Music on Hold,2009,Drama|Romance|Comedy,6.8,29,0.1661,es
243083,Grandpa Is Dead,2009,Comedy,5.2,10,0.3183,tl
465790,Bat Fight,2009,Comedy|Music,5.8,13,0.2089,en
142829,In fraganti,2009,Comedy,6.2,13,0.1574,es
28376,Bill Bailey's Remarkable Guide to the Orchestra,2009,Comedy,7.6,10,0.2149,en
44637,Trevor Noah: The Daywalker,2009,Comedy,6.6,11,0.2209,en
54739,The Band That Wouldn't Die,2009,Documentary,6.3,14,0.2984,en
40802,Katt Williams: Pimpadelic,2009,Comedy|Drama|Documentary,6.4,17,0.1927,en
170830,Stranded,2009,Comedy|Drama,6.6,14,0.1926,fr
60085,Final Flesh,2009,Horror|Comedy|Science Fiction,4.65,20,0.1443,en
44346,Soundless Wind Chime,2009,Drama|Romance,5.357,14,0.1809,en
105745,A Esperança Está Onde Menos Se Espera,2009,Unknown,4.6,10,0.129,pt
30254,Case Unknown,2009,Thriller,6.5,14,0.1601,pl
50335,Rota Comando,2009,Action|History|Documentary,4.542,12,0.1787,pt
174409,Pixo,2009,Documentary,8.2,12,0.1113,pt
37573,My Only Sunshine,2009,Drama,6.9,33,0.19,tr
59879,My Greatest Escape,2009,Documentary|Drama,6.5,10,0.135,fr
24458,The Age of Stupid,2009,War|Documentary|History,6.579,76,0.1568,en
38029,Thalía Unplugged,2009,Music,7.8,41,0.1825,es
42346,The Last Days of Emma Blank,2009,Comedy|Drama,6.0,37,0.1556,nl
151772,Be Mine,2009,Comedy|Romance,4.3,14,0.2126,en
40175,A Happy Man,2009,Comedy,4.6,17,0.2114,fr
69855,Steve-O: Demise and Rise,2009,Documentary,7.2,12,0.2489,en
37630,The Protector,2009,Drama,5.5,14,0.3022,cs
287003,Avatar: Scene Deconstruction,2009,Documentary,6.548,52,0.1733,en
74595,Le Bel Âge,2009,Drama,4.2,11,0.1183,fr
111396,Adrift,2009,Drama,5.8,10,0.1736,vi
34773,American Radical: The Trials of Norman Finkelstein,2009,Documentary,6.4,13,0.1395,en
12425,The Other One,2009,Drama|Fantasy,5.4,17,0.1807,fr
21474,Bring It On: Fight to the Finish,2009,Comedy,6.716,586,0.1798,en
137675,Moloch Tropical,2009,Comedy|Drama,5.818,11,0.1921,ht
85409,Mommo: Kız Kardeşim,2009,Drama|Family,8.0,31,0.1782,tr
29379,Alternate Weeks (and Half the Vacation),2009,Drama|Family,5.313,91,0.2839,fr
62717,Loki: Arnaldo Baptista,2009,Documentary|Music,6.8,13,0.1864,pt
154209,The Book of Stone,2009,Horror,4.929,14,0.2562,es
57722,Kings of Pastry,2009,Documentary,6.846,26,0.1892,en
129427,Rabbit à la Berlin,2009,Documentary|History|Comedy,6.4,18,0.1384,pl
85478,Panic Attack!,2009,Science Fiction,6.2,59,0.1297,es
83502,El Arriero,2009,Drama,6.2,16,0.1475,es
134787,Mónica del Raval,2009,Documentary,5.3,11,0.1465,es
103947,3x3,2009,Comedy,5.9,14,0.1391,pt
35988,Het Huis Anubis: The Revenge Of Arghus,2009,Adventure|Mystery|Family,7.5,10,0.2004,nl
22710,Kymatica,2009,Documentary,6.6,13,0.1176,en
101053,Animal Heart,2009,Drama,4.8,10,1.0106,fr
37476,Meno male che ci sei,2009,Drama|Romance,5.8,27,0.1809,it
50221,Mugabe and the White African,2009,Documentary,6.7,15,0.1651,en
43652,Beloved Berlin Wall,2009,Drama|Comedy,6.2,16,0.1461,de
43725,Noémie: Le secret,2009,Family|Fantasy,5.1,12,0.309,fr
82565,Sonicsgate: Requiem for a Team,2009,Drama|Documentary,6.2,10,0.3512,en
253835,Los Bandoleros,2009,Action|Drama,6.154,380,0.1742,en
74024,Prey,2009,Thriller|Action|Horror,3.1,10,0.127,en
198292,Murder Collection V.1,2009,Horror,5.0,10,0.1634,en
68503,Paris by Night of the Living Dead,2009,Horror,4.6,20,0.172,en
50617,Phantoms of Nabua,2009,Mystery,5.9,10,0.1084,th
258725,The Frog Prince,2009,Animation|Family|Fantasy|Romance,5.4,20,0.1704,pt
45167,Pumzi,2009,Science Fiction|Drama,6.5,18,0.145,en
115168,Northless,2009,Drama,5.8,14,0.2305,en
77855,Of Love and Other Demons,2009,Drama,6.4,19,0.1961,es
72985,Grandmother,2009,Drama,7.313,16,0.1521,tl
55802,The World According to Ion B.,2009,Documentary,7.536,14,0.1667,ro
128962,Old Fangs,2009,Animation|Drama,6.3,17,0.1631,en
34881,Waiting for the Hearse 2: The Party is Over,2009,Comedy,5.833,12,0.2075,es
502847,Heartbroken,2009,Romance|Drama,5.3,13,0.1341,fa
80115,The Happiest Girl in the World,2009,Comedy|Drama,6.841,41,0.2036,ro
18489,The Yes Men Fix the World,2009,Documentary,7.0,103,0.1437,en
81609,Franck Dubosc - Il était une fois...,2009,Comedy,6.7,32,0.1773,fr
421831,Shamelessly She-Hulk,2009,Action|Comedy|Drama,6.3,14,0.1265,en
74555,Evil Things,2009,Horror|Thriller,4.533,61,0.1894,en
53121,Barking Water,2009,Drama,6.1,10,0.2795,en
128902,Leave Me,2009,Drama|Fantasy,6.8,17,0.1422,en
54779,Clonehunter,2009,Science Fiction,2.3,10,0.1577,en
266740,The Living Room of the Nation,2009,Documentary|Comedy|Drama,6.8,10,0.1258,fi
373001,El Cementerio de los Elefantes,2009,Drama,8.9,104,0.1141,es
44021,The Wolberg Family,2009,Comedy|Drama,5.3,15,0.1365,fr
64446,Death List,2009,TV Movie|Crime,5.3,11,0.1277,fr
22109,Kingdom of the Blue Whale,2009,Documentary|TV Movie,6.6,16,0.1389,en
163899,Irene,2009,Unknown,6.5,13,0.1035,fr
25086,Second Coming,2009,Horror|Thriller|Action|Drama,2.7,10,0.0841,en
71698,40,2009,Action|Drama,5.554,28,0.1185,tr
55651,Kimjongilia,2009,Documentary,6.2,20,0.1804,en
289717,The School of Power,2009,TV Movie,6.0,14,0.1153,fr
38177,Ed Byrne: Different Class,2009,Comedy,6.6,11,0.1162,en
52814,Heart of Fire,2009,Drama,5.045,11,0.1253,de
131420,Another Man,2009,Drama,5.2,11,0.1194,fr
60427,Five Hours from Paris,2009,Drama|Romance,6.7,11,0.1611,he
292073,Stop-and-Cop Interactive,2009,Action,8.5,28,0.1282,fr
67367,The Thorn in the Heart,2009,Documentary,5.9,12,0.1569,fr
54744,The U,2009,Documentary,7.1,29,0.1205,en
26740,Nostradamus: 2012,2009,Documentary|Drama|History,5.32,25,0.1786,en
64104,After Last Season,2009,Science Fiction|Thriller|Drama,3.314,35,0.0982,en
88567,Zombie Dearest,2009,Horror|Comedy,4.7,11,0.1179,en
60246,Fruit Fly,2009,Comedy|Music,4.4,10,0.1254,en
53290,Plastic Planet,2009,Documentary,6.9,33,0.1227,de
17407,The one I love,2009,Comedy,4.2,26,0.1765,fr
33912,Adieu Gary,2009,Drama,6.0,15,0.1628,fr
67985,In a Dream,2009,Documentary,4.6,10,0.1748,en
37590,Plato's Academy,2009,Drama|Comedy,7.019,27,0.0893,el
72852,Hadewijch,2009,Drama,6.4,66,0.1428,fr
34835,It Felt Like a Kiss,2009,History|Music|Documentary,6.5,32,0.1694,en
53128,With Heart & Soul,2009,Drama|War,6.8,15,0.1182,el
286083,Black Sheep,2009,Action|Adventure,6.2,11,0.1176,es
73688,Feisbum - Il film,2009,Comedy,4.4,13,0.1433,it
60045,Silent Voice,2009,Drama,6.1,26,0.1174,fr
32345,Game of Love,2009,Action|Comedy,5.2,12,0.1409,tr
52247,The Herb of the Rat,2009,Horror|Drama,5.3,15,0.2461,pt
63540,To the Sea!,2009,Comedy|Family,5.444,18,0.2187,ru
88280,Condones.com,2009,Comedy|Romance,5.7,48,0.1366,es
565349,Non smettere di sognare,2009,Drama,5.7,21,0.15,it
30599,Kobe Doin' Work,2009,Documentary,6.5,20,0.1309,en
196357,Beket,2009,Drama,5.2,10,0.1427,it
25870,Machined Reborn,2009,Horror|Thriller,2.7,16,0.0992,en
450143,Captive for 18 Years: The Jaycee Lee Story,2009,Crime|Documentary,6.3,11,0.1666,en
63146,Cleanflix,2009,Documentary,6.2,16,0.1061,en
28208,Russell Brand: Scandalous,2009,Comedy,5.3,14,0.0973,en
54778,Sea of Death,2009,Science Fiction|Thriller|Drama|TV Movie|Action,4.0,14,0.2158,de
275280,Jusqu'à l'enfer,2009,Mystery|Drama|TV Movie,5.5,17,0.1446,fr
126097,Simonal: No One Knows How Tough It Was,2009,Documentary|Music,8.1,13,0.3304,pt
238741,Alarm,2009,Animation|Comedy,6.0,38,0.1654,ko
37575,The Turks Must Be Crazy,2009,Comedy,3.1,20,0.2051,tr
24879,Anders Matthesen: ...vender tilbage,2009,Comedy,6.9,12,0.0725,da
77083,09:06,2009,Drama|Thriller,4.2,11,0.1897,sl
45513,La Bohème,2009,Documentary|Music,4.9,10,0.1404,en
235739,The Good Life,2009,Drama|TV Movie,5.9,17,0.1946,fr
54743,The Legend of Jimmy the Greek,2009,Documentary,5.8,14,0.1166,en
159523,Let's Pollute,2009,Animation,6.5,13,0.0905,en
143222,Guardians,2009,Horror,3.5,10,0.0959,en
22573,Last of the Living,2009,Comedy|Horror,4.2,42,0.0944,en
570364,Fratelli detective,2009,Comedy|Mystery|TV Movie,5.6,10,0.0926,it
192681,Reach,2009,Animation|Drama,6.719,16,0.0652,en
52374,Le Syndrome du Titanic,2009,Documentary,6.1,16,0.1239,fr
411004,Mom Lost It!,2009,Comedy|TV Movie,6.5,16,0.1472,fr
25603,Russell Howard Live: Dingledodies,2009,Comedy,6.2,15,0.1018,en
44531,Simon Konianski,2009,Comedy,5.5,10,0.1205,fr
52624,Bitter Victory,2009,Thriller|Drama,6.2,15,0.1548,fr
253361,Round Trip,2009,Drama,6.5,15,0.0869,es
112462,Mad Sad & Bad,2009,Comedy,4.7,11,0.1719,en
137634,Porn Shoot Massacre,2009,Horror|Thriller,5.2,12,0.3455,en
32987,Derren Brown: An Evening of Wonders,2009,Comedy,8.5,10,0.1174,en
176034,Seeds of the Fall,2009,Comedy,5.923,13,0.1367,sv
35581,Joe Rogan: Talking Monkeys in Space,2009,Comedy,6.4,15,0.0882,en
197577,KJ: Music and Life,2009,Documentary|Music,7.8,14,0.1406,cn
105781,Out in the Silence,2009,Documentary,5.6,20,0.0701,en
126185,Tres dies amb la família,2009,Drama,6.4,10,0.0948,ca
130580,The Rules of Film Noir,2009,Documentary,6.071,14,0.0868,en
73919,Play a Song for Me,2009,Drama,7.036,14,0.1135,pt
187165,Blood Appears,2009,Drama,5.3,10,0.2266,es
82939,Crab Trap,2009,Drama,6.0,10,0.0784,es
167366,Katy Perry: MTV Unplugged,2009,Music|Documentary,8.6,17,0.0835,en
63832,In the Market,2009,Horror,2.0,33,0.0759,it
60765,The Abducted,2009,Thriller|Horror,3.6,15,0.1212,en
68407,Cléopâtre  la dernière Reine d'Egypte,2009,Music,6.9,17,0.0997,en
44359,Twisted Romance,2009,Romance|Drama,6.1,47,0.0609,es
57014,Tutta colpa di Giuda,2009,Comedy|Music,6.0,11,0.1005,it
55655,The Sound of Insects: Record of a Mummy,2009,Documentary,6.813,16,0.0989,de
66720,Special When Lit,2009,Documentary,6.577,26,0.1341,en
283145,Kino Caravan,2009,Drama,6.7,10,0.0807,ro
188479,The Trials of Ted Haggard,2009,Documentary,4.2,10,0.0873,en
66815,Trunk,2009,Horror|Thriller,4.1,11,0.1249,en
113412,The Island,2009,Comedy|Drama|Animation,4.3,10,0.1123,en
46558,Sins of My Father,2009,Documentary,6.5,30,0.1806,es
61706,Interplanetary,2009,Science Fiction|Horror,4.5,11,0.0585,en
875859,J,2009,Animation,7.3,14,0.0739,it
102809,Disorder,2009,Documentary,7.0,11,0.0698,zh
172120,Fagbug,2009,Documentary,4.8,14,0.0577,en
59596,Male Domination,2009,Documentary,6.4,13,0.0555,fr
36120,Ruhr,2009,Documentary,6.6,12,0.0547,en
668112,Los canallas,2009,Drama,6.3,18,0.0551,es
44644,Beautiful Crazy,2009,Drama|Romance,3.9,10,0.1301,zh
128727,Trees of Syntax  Leaves of Axis,2009,Documentary,5.3,10,0.0526,en
47298,Corazón del tiempo,2009,Drama|Romance,6.5,22,0.0404,es
229071,Bertil  Gekås tur & retur,2009,Documentary,7.5,10,0.0418,en
395512,J,2009,Crime|Mystery|Thriller,7.5,10,0.0482,en
38876,Włatcy móch. Ćmoki  Czopki i Mondzioły,2009,Comedy|Animation,6.639,18,0.0404,pl
15811,Spion van Oranje,2009,Comedy,4.7,18,0.0572,nl
58877,Enjoy Poverty,2009,Documentary,6.0,12,0.0478,nl
145478,Chatterbox,2009,Comedy|Family,4.3,13,0.0725,en
228323,Professor Godoy,2009,Romance|Drama,5.2,10,0.0579,pt
46719,Night of the Living Dead: Reanimated,2009,Animation|Action|Drama|Fantasy|Horror|Thriller,5.2,10,0.0495,en
109277,Death Angel - Sonic German Beatdown - Live in Germany,2009,Music,6.2,11,0.0704,en
262765,Inside: Russia's Toughest Prisons,2009,Documentary,6.0,11,0.0256,en
185768,Boycrazy,2009,Music,4.2,10,0.0311,en
43421,12,2009,Drama,5.6,50,0.0357,en
90851,The Cat Piano,2009,Animation|Fantasy,7.431,36,0.0214,en
70824,The Illusionist,2009,Animation,6.8,34,0.0168,en
390984,Bob,2009,Animation,6.7,13,0.0264,en
289100,Girls Fight Club,2009,Unknown,7.5,13,0.0327,en
102807,Carcasses,2009,Documentary|Drama,6.6,11,0.0495,fr
