id,title,release_year,genres,vote_average,vote_count,popularity,original_language
27,9 Songs,2004,Drama|Music|Romance,5.5,580,36.2472,en
673,Harry Potter and the Prisoner of Azkaban,2004,Adventure|Fantasy,8.009,23175,26.8913,en
570595,Russian Nymphet: Temptation,2004,Drama|Romance,5.6,27,23.1369,ru
4935,Howl's Moving Castle,2004,Fantasy|Animation|Adventure,8.388,11098,21.2132,ja
652,Troy,2004,War|Action|History,7.175,11068,22.3466,en
12153,White Chicks,2004,Comedy|Crime,6.941,4534,21.3799,en
11036,The Notebook,2004,Romance|Drama,7.887,12553,18.3151,en
11836,The SpongeBob SquarePants Movie,2004,Adventure|Animation|Comedy|Family|Fantasy,7.1,3200,11.6132,en
9806,The Incredibles,2004,Action|Adventure|Animation|Family,7.726,18900,15.5022,en
38,Eternal Sunshine of the Spotless Mind,2004,Science Fiction|Drama|Romance,8.091,16353,16.5408,en
809,Shrek 2,2004,Animation|Comedy|Family|Fantasy|Romance,7.318,13437,15.5936,en
7131,Van Helsing,2004,Horror|Adventure|Action,6.4,6664,14.072,en
10591,The Girl Next Door,2004,Comedy|Romance,6.7,4025,14.4394,en
10625,Mean Girls,2004,Drama|Comedy,7.226,9465,12.8718,en
9470,Kung Fu Hustle,2004,Action|Comedy|Crime|Fantasy,7.5,3190,12.4747,cn
176,Saw,2004,Horror|Mystery|Crime,7.421,10069,10.6388,en
2048,I  Robot,2004,Action|Science Fiction,6.964,12666,8.8131,en
1954,The Butterfly Effect,2004,Science Fiction|Thriller,7.579,8250,9.685,en
7220,The Punisher,2004,Action|Crime|Drama,6.372,3146,9.8699,en
9509,Man on Fire,2004,Action|Drama|Thriller,7.465,5690,9.1339,en
393,Kill Bill: Vol. 2,2004,Action|Crime|Thriller,7.878,15082,8.8811,en
1538,Collateral,2004,Drama|Crime|Thriller,7.243,6273,9.0913,en
747,Shaun of the Dead,2004,Horror|Comedy,7.543,9353,7.7403,en
10555,Shark Tale,2004,Animation|Action|Comedy|Family,6.041,6707,10.5059,en
558,Spider-Man 2,2004,Action|Adventure|Science Fiction,7.309,16374,8.5987,en
924,Dawn of the Dead,2004,Horror|Science Fiction,7.07,4508,7.6485,en
615,The Passion of the Christ,2004,Drama,7.543,5208,8.8344,en
1824,50 First Dates,2004,Comedy|Romance,6.876,7741,8.1223,en
11247,A Cinderella Story,2004,Comedy|Family|Romance,6.6,3387,6.4767,en
163,Ocean's Twelve,2004,Thriller|Crime,6.566,7894,7.0775,en
70,Million Dollar Baby,2004,Drama,7.954,10369,7.7314,en
73353,Man in the Mirror: The Michael Jackson Story,2004,Drama|TV Movie,6.3,13,7.6298,en
9352,EuroTrip,2004,Comedy,6.62,2963,6.6646,en
594,The Terminal,2004,Comedy|Drama,7.355,8712,5.9106,en
8920,Garfield,2004,Comedy|Family,5.73,4244,6.7488,en
2502,The Bourne Supremacy,2004,Action|Drama|Thriller,7.332,8160,6.6267,en
9550,House of Flying Daggers,2004,Adventure|Drama|Action,7.266,1794,4.4083,zh
2059,National Treasure,2004,Adventure|Action|Mystery,6.7,6871,6.7387,en
613,Downfall,2004,Drama|History|War,7.863,4315,6.7833,de
11130,The Princess Diaries 2: Royal Engagement,2004,Comedy|Drama|Family|Romance,6.715,3409,6.7861,en
435,The Day After Tomorrow,2004,Science Fiction|Thriller|Adventure,6.558,8882,7.83,en
1487,Hellboy,2004,Fantasy|Action,6.676,7428,6.2224,en
5528,The Chorus,2004,Drama|Comedy|Music,7.74,2612,5.6086,fr
1966,Alexander,2004,War|History|Action|Adventure|Drama|Romance,5.956,3506,5.8602,en
11430,The Lion King 1½,2004,Adventure|Animation|Comedy|Family,6.58,3148,5.8575,en
9833,The Phantom of the Opera,2004,Thriller|Drama|Romance,7.266,1779,5.2111,en
11237,Anacondas: The Hunt for the Blood Orchid,2004,Adventure|Horror|Thriller,5.492,1097,5.6256,en
9890,The Stepford Wives,2004,Comedy|Science Fiction|Horror,5.684,1424,4.8348,en
11774,Lemony Snicket's A Series of Unfortunate Events,2004,Adventure|Comedy|Family,6.823,5294,6.2937,en
36648,Blade: Trinity,2004,Action|Horror|Science Fiction,5.862,4313,5.6097,en
2567,The Aviator,2004,Drama,7.217,5845,6.0153,en
12242,Mulan II,2004,Animation|Comedy|Family|Action,6.525,2507,5.4066,en
10096,13 Going on 30,2004,Comedy|Fantasy|Romance,6.8,5542,6.0573,en
9472,DodgeBall: A True Underdog Story,2004,Comedy,6.363,3830,4.9812,en
15165,Barbie as The Princess & the Pauper,2004,Animation|Family|Comedy,7.48,1536,5.4725,en
4251,Veer-Zaara,2004,Drama|Romance,7.452,305,5.1002,hi
11249,Seed of Chucky,2004,Horror|Comedy,5.516,1758,4.4542,en
5255,The Polar Express,2004,Adventure|Animation|Family|Fantasy,6.724,6880,5.4604,en
17111,Shutter,2004,Horror|Mystery|Thriller,7.292,1399,5.2126,th
693,Meet the Fockers,2004,Comedy|Romance,6.3,5166,5.2285,en
16617,Mindhunters,2004,Mystery|Thriller|Crime,6.448,1331,4.015,en
395,AVP: Alien vs. Predator,2004,Adventure|Science Fiction|Action|Horror,5.9,4960,5.0259,en
16907,Naruto the Movie: Ninja Clash in the Land of Snow,2004,Comedy|Action|Animation|Adventure,7.287,615,4.056,ja
13700,Home on the Range,2004,Animation|Family,6.062,2162,4.5426,en
9477,King Arthur,2004,Adventure|War|History|Action|Drama,6.307,2922,4.369,en
2288,Closer,2004,Drama|Romance,6.834,3743,4.9243,en
20544,Something the Lord Made,2004,TV Movie|Drama,7.904,308,4.099,en
11636,New Police Story,2004,Action|Thriller|Crime|Drama,7.2,827,5.1143,cn
1970,The Grudge,2004,Horror|Mystery|Thriller,5.932,3191,4.4992,en
4553,The Machinist,2004,Thriller|Drama,7.523,6159,3.9796,en
21385,Mickey  Donald  Goofy: The Three Musketeers,2004,Adventure|Animation|Comedy|Family,6.73,985,4.795,en
10145,The Forgotten,2004,Thriller|Mystery|Science Fiction,5.941,1239,3.9115,en
12140,Ghost in the Shell 2: Innocence,2004,Animation|Drama|Science Fiction,7.348,981,4.2856,ja
9384,Starsky & Hutch,2004,Comedy|Crime,5.826,2521,4.3963,en
11358,Walking Tall,2004,Adventure|Drama|Action|Thriller,6.316,1660,3.9783,en
10045,District B13,2004,Action|Thriller|Science Fiction,6.817,1994,3.8082,fr
1677,Ray,2004,Drama|Music,7.454,2219,3.7652,en
6947,The Village,2004,Drama|Mystery|Thriller,6.486,4585,3.9362,en
314,Catwoman,2004,Action|Fantasy|Crime,4.621,3581,4.7034,en
111934,Concrete,2004,Horror|Crime,5.044,34,5.3193,ja
11045,Taxi,2004,Action|Comedy|Thriller|Crime,5.564,1170,3.5302,en
15775,If Only,2004,Drama|Romance|Fantasy,7.042,653,3.9026,en
444308,Cashback,2004,Drama|Comedy,7.009,160,4.3819,en
8699,Anchorman: The Legend of Ron Burgundy,2004,Comedy,6.704,4597,3.4693,en
80,Before Sunset,2004,Drama|Romance,7.808,3794,3.7113,en
2003,Anatomy of Hell,2004,Drama,4.816,152,3.1034,fr
24593,Thinking XXX,2004,Documentary,5.49,104,3.5795,en
11282,Harold & Kumar Go to White Castle,2004,Comedy|Adventure,6.559,2278,3.6301,en
10718,Torque,2004,Action|Comedy|Crime,5.268,637,4.5159,en
10589,After the Sunset,2004,Action|Comedy|Crime|Drama,6.173,863,3.5278,en
14442,Ella Enchanted,2004,Family|Fantasy|Comedy,6.483,1971,3.2096,en
15767,Godzilla: Final Wars,2004,Action|Adventure|Science Fiction|Fantasy|Thriller,7.106,367,3.0296,ja
48266,Ma mère,2004,Drama,4.5,177,3.0837,fr
10204,Around the World in 80 Days,2004,Action|Adventure|Comedy,5.949,2706,3.3034,en
5460,Cruel Intentions 3,2004,Drama,4.821,254,2.7678,en
39203,Detective Conan: Magician of the Silver Sky,2004,Animation|Mystery|Adventure,7.048,177,3.6048,ja
205,Hotel Rwanda,2004,Drama|History|War,7.719,3171,3.003,en
5966,Along Came Polly,2004,Comedy|Romance,6.033,3023,3.1047,en
4836,Layer Cake,2004,Drama|Thriller|Crime,6.914,2366,4.2313,en
10304,Starship Troopers 2: Hero of the Federation,2004,Adventure|Horror|Action|Science Fiction,4.472,697,3.126,en
12657,Soul Plane,2004,Comedy,5.474,499,3.8177,en
844,2046,2004,Drama|Science Fiction|Romance,7.226,1078,2.9947,zh
1577,Resident Evil: Apocalypse,2004,Horror|Action|Science Fiction,6.362,4750,3.7096,en
50253,Saint Seiya Heaven Chapter: Overture,2004,Animation|Fantasy,7.7,290,2.8858,ja
10740,Birth,2004,Drama|Mystery,6.031,762,3.2652,en
11024,Scooby-Doo 2: Monsters Unleashed,2004,Mystery|Adventure|Comedy,6.1,2915,3.3463,en
13969,First Daughter,2004,Family|Comedy|Drama|Romance,6.159,1008,3.4435,en
9801,Bridget Jones: The Edge of Reason,2004,Comedy|Romance,6.226,3030,3.0497,en
41472,Flower & Snake,2004,Drama|Romance|Thriller|Horror|Mystery,5.7,54,3.6097,ja
5516,The Ladykillers,2004,Comedy|Crime|Thriller,6.132,1747,3.6254,en
8193,Napoleon Dynamite,2004,Comedy,6.79,2164,2.8001,en
2517,Nobody Knows,2004,Drama,7.996,642,2.5068,ja
1853,In the Realms of the Unreal,2004,Documentary,7.167,42,2.5822,en
866,Finding Neverland,2004,Drama|Fantasy,7.318,3749,3.2873,en
14134,Main Hoon Na,2004,Drama,6.625,424,3.1274,hi
11658,Tae Guk Gi: The Brotherhood of War,2004,Action|Adventure|Drama|History|War,8.0,769,2.6941,ko
11109,Vera Drake,2004,Drama,7.2,401,1.9642,en
14337,Primer,2004,Science Fiction|Drama|Thriller,6.757,2423,2.4348,en
9675,Sideways,2004,Comedy|Drama|Romance,7.115,1888,4.1452,en
26275,Kamikaze Girls,2004,Comedy,7.1,233,2.368,ja
52727,Loved Gun,2004,Drama|Crime,7.045,11,1.5454,ja
2539,Spanglish,2004,Drama|Comedy,6.048,1393,2.5036,en
3989,Team America: World Police,2004,Adventure|Action|Comedy,6.727,2049,2.403,en
19316,Saving Face,2004,Comedy|Romance|Drama,7.252,264,2.8837,en
9759,Cellular,2004,Action|Thriller|Drama|Crime,6.399,2091,2.5667,en
11081,Taking Lives,2004,Thriller,6.374,1745,2.7149,en
11169,Spartan,2004,Mystery|Action|Drama|Thriller|Crime,6.173,420,3.377,en
13673,Christmas with the Kranks,2004,Comedy|Family,6.158,1301,2.6124,en
15566,Surviving Christmas,2004,Comedy|Romance,5.7,590,3.1843,en
34065,Pokémon: Destiny Deoxys,2004,Family|Adventure|Animation|Fantasy,6.623,293,2.685,ja
21778,RRRrrrr!!!,2004,Comedy,6.295,1251,2.3532,fr
60672,Crimson Rivers II: Angels of the Apocalypse,2004,Action|Thriller|Crime,6.104,776,2.8317,fr
4380,Shall We Dance?,2004,Drama|Romance|Comedy,6.4,1292,2.5402,en
1586,Secret Window,2004,Mystery|Thriller,6.566,3937,2.9259,en
36592,Swing Girls,2004,Comedy|Music,7.896,159,2.213,ja
7548,The Libertine,2004,Drama|Romance,5.928,483,3.4994,en
14207,The Librarian: Quest for the Spear,2004,Adventure|Action|Fantasy,6.296,708,2.5204,en
10257,The Twins Effect II,2004,Action|Adventure|Comedy|Fantasy|Romance,5.287,108,2.6626,cn
15318,The Taste of Tea,2004,Comedy|Drama|Fantasy,7.524,168,1.9628,ja
44728,One Piece: Curse of the Sacred Sword,2004,Animation|Adventure|Action,6.859,245,2.2356,ja
8849,Alfie,2004,Comedy|Drama|Romance,5.854,879,2.3128,en
40127,Art of the Devil,2004,Horror,6.5,110,1.889,th
140,Bad Education,2004,Drama|Crime,7.357,1070,2.2391,es
8555,Creep,2004,Horror|Thriller|Mystery,5.996,837,1.9873,en
11141,Laws of Attraction,2004,Comedy|Romance,5.822,456,2.2883,en
15058,Speak,2004,Drama,7.075,531,2.7184,en
421,The Life Aquatic with Steve Zissou,2004,Adventure|Comedy|Drama,7.074,3171,2.3754,en
14462,The Manchurian Candidate,2004,Thriller|Drama|Mystery,6.482,1732,2.5059,en
14623,Thunderbirds,2004,Action|Adventure|Comedy|Family,5.074,316,2.6896,en
10677,Dirty Dancing: Havana Nights,2004,Romance|Drama,6.416,705,2.3444,en
10733,The Alamo,2004,History|War|Drama,5.781,367,3.0927,en
57825,Bride & Prejudice,2004,Drama|Comedy|Romance,6.488,408,2.3302,en
10762,Without a Paddle,2004,Comedy|Action|Adventure|Mystery,5.638,709,1.9707,en
3040,Night Watch,2004,Fantasy|Action|Thriller,6.213,813,2.0776,ru
2023,Hidalgo,2004,Western|Adventure,6.918,1343,3.9047,en
9282,11:14,2004,Thriller|Comedy|Crime,6.802,954,3.364,en
11866,Flight of the Phoenix,2004,Action|Adventure|Drama,6.006,939,2.3055,en
9893,Sleepover,2004,Family|Comedy,6.044,531,2.2261,en
5137,Sky Captain and the World of Tomorrow,2004,Science Fiction|Adventure,5.901,1372,2.5936,en
13702,A Dirty Shame,2004,Comedy,5.3,300,2.1528,en
54807,Mickey,2004,Drama|Family,5.75,10,1.1469,en
1653,The Motorcycle Diaries,2004,Drama,7.4,1429,2.489,es
438,Cube Zero,2004,Mystery|Science Fiction|Thriller,5.667,1153,2.1705,en
11188,Ring of the Nibelungs,2004,Action|Adventure|Fantasy|TV Movie,6.3,158,2.2165,en
9636,Control,2004,Thriller|Action,6.093,193,3.0147,en
401,Garden State,2004,Comedy|Drama|Romance,7.079,2055,2.5481,en
101752,Tsumugi,2004,Drama|Romance,5.9,10,1.8715,ja
13193,Saved!,2004,Comedy,6.427,511,2.0042,en
4599,Raising Helen,2004,Drama|Comedy|Romance,6.137,687,2.1035,en
13378,Mickey's Twice Upon a Christmas,2004,Animation|Comedy|Family|Fantasy,7.01,480,2.261,en
8953,Steamboy,2004,Animation|Fantasy|Science Fiction,6.902,489,2.008,ja
2789,The Chronicles of Riddick,2004,Action|Science Fiction,6.553,4488,2.4463,en
9541,Jersey Girl,2004,Comedy|Romance|Drama,6.2,1149,2.2699,en
9692,The Woodsman,2004,Drama|Crime,6.849,532,2.6082,en
9060,Dumplings,2004,Horror,6.712,259,2.2099,cn
192904,Doraemon: Nobita in the Wan-Nyan Spacetime Odyssey,2004,Animation|Adventure|Family|Science Fiction|Fantasy,7.382,34,3.9706,ja
13572,Twisted,2004,Action|Adventure|Crime|Drama|Thriller,5.58,607,1.9576,en
11128,Ladder 49,2004,Drama|Action|Thriller,6.467,869,3.2201,en
11632,Vanity Fair,2004,Drama|Romance,5.797,358,1.8246,en
11025,New York Minute,2004,Comedy,6.153,936,1.76,en
10838,Dracula 3000,2004,Horror|Science Fiction,2.8,153,2.9344,en
24775,Blast,2004,Action,4.87,27,1.7255,en
16138,R-Point,2004,Action|History|Horror,6.6,186,1.8798,ko
11058,Godsend,2004,Drama|Horror|Science Fiction|Thriller,4.9,529,2.8383,en
21175,Lakshya,2004,War|Action|Drama|Romance,6.7,117,1.9099,hi
1913,The Sea Inside,2004,Drama,7.56,1021,2.2113,es
13416,Friday Night Lights,2004,Drama,6.911,632,2.0344,en
13618,Who's Your Daddy?,2004,Comedy,4.898,93,1.619,en
1280,3-Iron,2004,Drama|Romance|Crime,7.826,1264,1.9577,ko
11208,Wicker Park,2004,Drama|Mystery|Romance|Thriller,6.8,737,1.6814,en
11132,Confessions of a Teenage Drama Queen,2004,Comedy,5.73,952,2.1198,en
11026,Exorcist: The Beginning,2004,Horror|Mystery,5.402,888,2.0159,en
846716,The Hand,2004,Drama|Romance,7.1,42,1.9874,zh
41171,Noel,2004,Drama,5.852,327,1.7551,en
9393,Before the Fall,2004,Drama,7.0,364,2.6411,de
1997,Two Brothers,2004,Adventure|Drama|Family,7.084,868,2.1304,en
20256,The Bodyguard,2004,Action|Comedy,5.898,59,2.2716,th
13476,Win a Date with Tad Hamilton!,2004,Comedy|Romance,5.718,514,1.9842,en
12924,The Place Promised in Our Early Days,2004,Animation|Adventure|Drama|Romance,6.6,553,1.9097,ja
27069,The Raspberry Reich,2004,Drama|Action|Comedy|Thriller,5.6,47,1.5804,en
5674,Pandora Peaks,2004,Documentary,4.5,37,1.95,en
11137,The Prince & Me,2004,Comedy|Romance,6.211,1042,1.724,en
1777,Fahrenheit 9/11,2004,Documentary,7.1,1522,1.7542,en
14844,Chasing Liberty,2004,Comedy|Romance,6.229,652,1.7254,en
11184,Kinsey,2004,Drama,6.599,516,1.4491,en
1599,I ♥ Huckabees,2004,Comedy|Romance,6.294,702,1.5512,en
25523,Shrek 3-D,2004,Fantasy|Animation|Comedy|Family|Adventure,6.0,289,1.7693,en
9965,Wake Up  Ron Burgundy: The Lost Movie,2004,Comedy,6.028,194,1.7292,en
11823,Wimbledon,2004,Comedy|Romance,6.231,1077,1.5865,en
14292,Miracle,2004,Drama|History,7.1,672,1.9776,en
29979,Highwaymen,2004,Action|Thriller|Crime|Horror,5.711,230,2.0209,en
29363,A World Without Thieves,2004,Action|Drama,7.288,153,2.0051,zh
1944,The Door in the Floor,2004,Drama,6.087,230,1.6565,en
11162,The Merchant of Venice,2004,Drama|Romance,6.777,614,1.7905,en
15774,Swades,2004,Drama,7.322,377,1.7094,hi
363,Head-On,2004,Drama|Romance,7.494,629,1.7949,de
39850,Eros,2004,Drama|Romance,5.693,148,2.0294,en
10891,Tremors 4: The Legend Begins,2004,Action|Comedy|Horror|Western,5.736,518,1.7817,en
44345,The Cutting Edge: The Magic of Movie Editing,2004,Documentary|History,7.0,113,1.789,en
1901,In Good Company,2004,Comedy|Drama|Romance,6.055,688,1.844,en
17047,Agent Cody Banks 2: Destination London,2004,Action|Adventure|Comedy|Family,5.6,676,1.815,en
11662,Casshern,2004,Drama|Horror|Science Fiction,5.894,259,1.5402,ja
12902,Scooby-Doo! and the Loch Ness Monster,2004,Family|Adventure|Animation|Comedy|Fantasy|Mystery,7.313,459,1.929,en
47120,Antares,2004,Drama,5.994,86,1.3722,de
276,The Edukators,2004,Drama|Comedy,7.163,384,1.7986,de
11633,Appleseed,2004,Animation|Action|Science Fiction,6.723,392,1.4698,ja
14114,You Got Served,2004,Music|Drama,6.374,474,1.831,en
14172,Wake of Death,2004,Action,6.04,272,1.7163,en
33908,Three... Extremes,2004,Horror,6.787,409,1.5356,ko
10254,Born to Fight,2004,Crime|Action|Thriller,6.463,95,2.3145,th
9953,A Love Song for Bobby Long,2004,Drama,6.799,432,1.9466,en
16394,Winnie the Pooh: Springtime with Roo,2004,Adventure|Animation|Comedy|Family,6.712,196,1.7635,en
34297,Inuyasha the Movie 4: Fire on the Mystic Island,2004,Fantasy|Animation|Adventure,7.6,117,1.5472,ja
41392,Silver Hawk,2004,Science Fiction|Action|Adventure|Thriller,5.5,61,1.3342,cn
1279,Samaritan Girl,2004,Drama,6.953,265,1.5875,ko
15503,Around the Bend,2004,Drama,5.945,55,1.6522,en
124364,Dangerous Obsession,2004,Action|Drama|Thriller,6.828,67,1.9337,es
10361,Ginger Snaps 2: Unleashed,2004,Drama|Horror|Fantasy|Thriller,6.451,367,1.5167,en
44656,My Little Bride,2004,Romance|Comedy,7.127,106,1.5513,ko
48644,The Student Cop,2004,Action|Comedy|Romance,6.511,45,1.3985,ar
16131,Undertow,2004,Drama|Thriller,6.1,137,1.7569,en
10109,The White Dragon,2004,Action|Adventure|Comedy|Drama|Fantasy|Romance,5.479,24,1.3892,zh
21301,Barbershop 2: Back in Business,2004,Comedy|Drama,6.056,320,1.6461,en
20921,Cutie Honey,2004,Action,6.364,92,1.5024,ja
20483,Catch That Kid,2004,Family|Action|Adventure,5.602,320,1.4562,en
16973,Love Object,2004,Drama|Horror|Romance|Thriller,5.916,80,2.0539,en
11217,Club Dread,2004,Comedy|Horror|Mystery|Thriller,5.196,396,1.5648,en
14198,Criminal,2004,Action|Comedy|Thriller,6.237,155,2.7461,en
8340,Turtles Can Fly,2004,Drama,7.752,240,1.5809,ku
25313,P.S.,2004,Drama|Romance,5.619,80,1.5487,en
10367,Wild Things 2,2004,Crime|Drama|Mystery,5.222,216,1.7386,en
10103,Windstruck,2004,Comedy|Romance|Drama,7.136,154,1.698,ko
14247,Sniper 3,2004,Drama|Action|Thriller,5.492,131,1.4637,en
15981,Dead Leaves,2004,Animation|Action|Science Fiction,7.025,139,1.3201,ja
19084,Johnson Family Vacation,2004,Comedy|Family,5.522,207,1.3593,en
17478,Dhoom,2004,Action|Crime|Drama|Thriller,6.232,233,1.7393,hi
34560,Halloweentown High,2004,Adventure|Comedy|Family|Fantasy|TV Movie,6.562,323,2.4862,en
160446,Crayon Shin-chan: Invoke a Storm! The Kasukabe Boys of the Evening Sun,2004,Animation|Comedy,7.19,21,1.5141,ja
32528,Spartacus,2004,Action|Drama,6.715,79,1.6452,en
518244,Scandalous Sex,2004,Drama,6.9,100,1.6559,en
15859,A Moment to Remember,2004,Drama|Romance,7.778,367,1.6504,ko
34672,Chestnut: Hero of Central Park,2004,Family|Comedy,7.253,235,1.6276,en
9805,(T)Raumschiff Surprise - Periode 1,2004,Comedy|Science Fiction|Adventure,6.238,559,1.5567,de
16133,Survive Style 5+,2004,Mystery|Comedy|Thriller,7.267,221,2.8286,ja
10710,Envy,2004,Comedy,4.891,551,1.7051,en
10927,Back to Gaya,2004,Animation|Fantasy|Science Fiction,5.347,101,1.5429,de
8080,Suspect Zero,2004,Crime|Thriller,5.57,381,2.2868,en
32298,Seeing Other People,2004,Drama|Comedy|Romance,5.857,35,1.1995,en
11328,Pusher II,2004,Action|Crime|Drama,7.2,524,1.7439,da
45676,Sexual Parasite: Killer Pussy,2004,Horror|Comedy,3.733,30,1.219,ja
83,Open Water,2004,Horror|Thriller,5.549,1130,1.4631,en
7092,Van Helsing: The London Assignment,2004,Action|Animation|Fantasy|Horror,6.168,176,1.7317,en
19016,Clifford's Really Big Movie,2004,Family|Adventure|Animation|Comedy,6.19,42,1.2137,en
12281,Mean Creek,2004,Crime|Drama,6.8,413,2.4172,en
76275,20 30 40,2004,Drama|Romance,5.64,25,2.7385,cn
15045,Fat Albert,2004,Comedy|Family|Fantasy,5.16,272,1.5136,en
9998,Forbidden Warrior,2004,Adventure|Fantasy|Science Fiction,4.583,18,1.7541,en
131979,Romance of Their Own,2004,Action|Drama|Romance,6.097,31,1.1765,ko
11099,The Final Cut,2004,Drama|Mystery|Science Fiction|Thriller,6.079,767,1.613,en
16074,Mountain Patrol,2004,Action|Drama,7.57,86,1.5774,zh
9528,Ladies in Lavender,2004,Drama|Romance,6.451,142,1.5669,en
2841,A Very Long Engagement,2004,Drama|Romance|War,7.32,1331,1.4967,fr
17452,Pride,2004,Adventure|Drama|Family,6.164,76,1.7386,en
404250,Zatch Bell! 101st Devil,2004,Comedy|Animation|Adventure|Action,6.5,80,1.6342,ja
11052,Yu-Gi-Oh! The Movie,2004,Animation|Fantasy|Action|Science Fiction,6.097,378,1.4704,en
14024,Raise Your Voice,2004,Music|Drama|Romance|Family,6.537,860,1.6954,en
20495,Mujhse Shaadi Karogi,2004,Romance|Comedy,6.508,127,1.3823,hi
2122,The Whole Ten Yards,2004,Comedy|Thriller|Crime,5.75,1032,1.7714,en
49214,Once Upon a Time in High School,2004,Romance|Drama|Action,7.3,91,1.2852,ko
45430,Fantasia,2004,Comedy,6.647,17,1.3222,cn
57190,Vlad,2004,Horror|Fantasy|Thriller,4.1,32,1.1975,en
23056,Pinocchio 3000,2004,Animation|Family|Fantasy|Science Fiction,4.4,152,1.2146,en
48895,To Catch a Virgin Ghost,2004,Comedy|Horror,7.2,31,1.2527,ko
33840,Yesterday Once More,2004,Comedy|Romance|Crime,6.463,40,1.0923,cn
25935,The Reckoning,2004,Crime|Drama|Mystery,6.387,119,1.4509,en
36091,Crying Out Love in the Center of the World,2004,Drama|Romance,7.4,55,1.3006,ja
23592,In Enemy Hands,2004,War,5.848,112,1.4906,en
4676,Grande école,2004,Comedy|Drama|Romance,5.9,48,2.2166,fr
20200,Narco,2004,Comedy,5.7,167,1.1162,fr
16447,Woman Is the Future of Man,2004,Drama|Romance,6.09,67,1.4308,ko
16632,100 Days with Mr. Arrogant,2004,Comedy|Romance,6.482,109,0.9319,ko
34942,Balto III: Wings of Change,2004,Family|Adventure|Animation,6.657,353,1.6041,en
10296,The Football Factory,2004,Drama,6.406,293,1.3389,en
19935,Butterfly,2004,Drama|Romance,6.397,34,1.1175,cn
13970,Arahan,2004,Fantasy|Action|Comedy|Thriller,6.604,134,1.5818,ko
48760,Vasool Raja MBBS,2004,Comedy,6.839,31,2.3,ta
26108,Stage Beauty,2004,Comedy|Romance,6.644,147,1.3776,en
27799,Hana & Alice,2004,Drama|Comedy|Romance,7.007,137,1.949,ja
21712,Mind Game,2004,Animation|Romance|Comedy|Drama|Fantasy|Adventure,7.484,334,1.3019,ja
20641,Love's Enduring Promise,2004,Drama|Romance|Western|Family|TV Movie,6.9,77,1.6513,en
20534,Murder,2004,Drama|Thriller,5.081,37,1.1205,hi
18475,The Cookout,2004,Comedy,4.707,46,2.502,en
291,Riding Giants,2004,Documentary,7.58,50,1.979,en
36092,Be with You,2004,Drama|Fantasy|Romance,7.5,91,1.1356,ja
619432,Naruto OVA 3: Hidden Leaf Village Grand Sports Festival!,2004,Action|Animation|Comedy,7.167,33,1.3291,ja
12543,Breaking News,2004,Action|Crime|Thriller,6.901,173,1.1143,cn
13505,The Perfect Score,2004,Comedy|Crime,5.837,517,1.224,en
21966,Blood and Bones,2004,Drama,6.605,57,1.2529,ja
16791,Five Children and It,2004,Adventure|Fantasy|Family,5.599,229,1.1553,en
82150,Grand Champion,2004,Comedy|Family,5.921,19,2.1639,en
11588,The I Inside,2004,Thriller|Mystery|Drama,5.943,283,1.178,en
21522,Enter the Phoenix,2004,Thriller|Action|Comedy,6.4,44,1.4538,cn
9830,Haven,2004,Drama|Crime,5.226,104,1.4641,en
12634,The Big Bounce,2004,Comedy|Crime,4.991,274,1.3454,en
28280,Direct Action,2004,Action|Adventure|Crime|Thriller,5.068,59,1.6611,en
10046,Renegade,2004,Western,4.8,244,1.183,en
16729,Don't Move,2004,Drama|Romance,6.983,298,1.2007,it
49007,Iron Jawed Angels,2004,Drama|TV Movie,6.794,90,1.3387,en
1114,The Story of the Weeping Camel,2004,Documentary|Drama,7.1,112,1.3062,mn
436,Maria Full of Grace,2004,Drama|Thriller|Crime,7.21,429,1.6455,es
10609,The Life and Death of Peter Sellers,2004,Drama|Comedy|Romance,6.585,193,1.4416,en
24674,The Eye 2,2004,Thriller|Horror,5.9,150,1.1811,cn
18804,Head in the Clouds,2004,Drama|Romance|War,5.936,227,1.3497,en
15184,A Good Woman,2004,Comedy|Romance,6.32,189,1.1551,en
48643,Piccadilly Jim,2004,Comedy|Romance,6.611,18,2.1013,en
36610,Wolf,2004,Thriller|History,6.481,81,2.2994,es
20912,She Hate Me,2004,Comedy|Drama,5.154,123,1.0763,en
17271,Tooth,2004,Fantasy|Comedy|Family,4.063,16,1.2402,en
38643,Los Angeles Plays Itself,2004,Documentary|History,7.6,63,1.1053,en
12580,Izo,2004,Action|Drama|Fantasy,6.118,102,1.4445,ja
140278,Dogville Confessions,2004,Documentary,7.018,28,1.1165,en
56485,The Scarlet Letter,2004,Thriller|Mystery|Crime|Romance,6.375,48,1.3931,ko
25664,Throw Down,2004,Drama|Action,6.8,116,1.1896,cn
26486,The Last Shot,2004,Action|Comedy,5.665,97,1.6873,en
14883,This Girl's Life,2004,Drama,4.964,55,1.1543,en
15237,De-Lovely,2004,Drama|Music,6.123,150,1.222,en
5552,Immortal,2004,Drama|Action|Science Fiction,5.712,453,1.0633,fr
49258,Quill: The Life of a Guide Dog,2004,Drama,6.9,39,1.2241,ja
1843,Dig!,2004,Documentary|Music,6.7,67,2.2331,en
12877,Dead Man's Shoes,2004,Drama|Thriller|Crime,7.1,605,1.6702,en
12648,Secret Agents,2004,Action|Crime|Thriller,5.438,168,1.3501,fr
44217,Jasmine Women,2004,Drama|Family|Romance,7.643,14,1.249,zh
40069,Premonition,2004,Horror,6.293,133,1.1482,ja
41252,Raincoat,2004,Drama|Romance,7.384,43,0.8078,hi
126058,Gay in Amsterdam,2004,Drama|Comedy,5.5,15,1.0731,nl
4289,Dinocroc,2004,Horror|Science Fiction|Thriller,4.1,50,2.0506,en
883,Coffee and Cigarettes,2004,Comedy|Drama,6.926,1048,1.2321,en
12583,Ginger Snaps Back: The Beginning,2004,Horror|Drama|Western|Fantasy|Thriller,6.111,307,1.2129,en
57474,Hypnotized,2004,Thriller|Romance|Mystery,5.583,18,1.1507,ko
44593,Perfect Opposites,2004,Comedy|Drama|Romance,5.586,29,0.9346,en
11413,Employee of the Month,2004,Action|Comedy,5.69,158,1.0547,en
21115,Fighter in the Wind,2004,Action|Drama,7.1,176,1.4392,ko
145217,Cream Lemon,2004,Romance,4.6,11,1.1397,ja
34601,Three Way,2004,Crime|Drama|Thriller,4.3,27,2.1316,en
38969,Kamen Rider Blade: Missing Ace,2004,Science Fiction|Action|Adventure,6.8,11,1.3783,ja
18442,Decoys,2004,Horror|Science Fiction|Thriller,4.9,123,1.3208,en
17209,Madhouse,2004,Horror|Thriller,5.67,156,1.334,en
119776,69,2004,Drama|Comedy,6.5,15,1.0806,ja
25786,Samantha: An American Girl Holiday,2004,Drama|Family|TV Movie,6.5,54,1.1767,en
14846,Little Black Book,2004,Comedy|Romance|Drama,5.347,369,1.5248,en
32063,Unforgivable Blackness: The Rise and Fall of Jack Johnson,2004,Documentary,7.161,28,0.9946,en
45759,Helter Skelter,2004,Action|Crime|Drama|TV Movie,5.8,78,2.3643,en
63459,Funky Monkey,2004,Family|Comedy,6.242,31,0.9295,en
19180,A Different Loyalty,2004,Thriller|Romance,4.754,35,1.0673,en
49213,My Brother,2004,Drama,7.0,35,1.0271,ko
13468,Keane,2004,Drama|Mystery,6.045,77,2.2072,en
28772,One Nite in Mongkok,2004,Crime|Drama|Thriller,6.8,67,1.3039,cn
46342,Evilenko,2004,Crime|Drama|Thriller|History,5.8,128,1.0543,en
10742,The Clearing,2004,Drama|Mystery|Thriller,5.771,253,1.1496,en
1925,Agnes and His Brothers,2004,Comedy|Drama,5.929,35,1.3029,de
56805,A Little Comfort,2004,Drama,6.348,23,1.0351,fr
16232,Mr. 3000,2004,Comedy|Drama,5.282,181,1.1846,en
59777,Popeye's Voyage: The Quest for Pappy,2004,Family|Animation,6.817,41,0.9915,en
76180,Empire of Dreams: The Story of the Star Wars Trilogy,2004,Documentary,7.8,207,0.9162,en
20502,The Life,2004,Drama,4.679,42,2.4936,es
167177,Hair Show,2004,Comedy|Romance,5.5,11,0.9856,en
9688,Melinda and Melinda,2004,Comedy|Drama|Romance,6.207,501,1.2259,en
71248,S Diary,2004,Comedy,5.119,21,0.9911,ko
19423,Going the Distance,2004,Comedy|Romance,5.512,84,0.9752,en
842,The Assassination of Richard Nixon,2004,Drama|History|Thriller|Crime,6.513,306,1.2017,en
11540,Arsène Lupin,2004,Romance|Action|Adventure|Crime|Mystery,5.271,364,2.1694,fr
3875,Brothers,2004,Drama|War,6.8,114,2.2052,da
15708,Latter Days,2004,Drama|Comedy|Romance,6.842,276,1.2257,en
88001,I've Been Twelve Forever: The Work of Director Michel Gondry,2004,Documentary|Music,6.8,10,0.7057,en
79026,El padrino: The Latin Godfather,2004,Action|Crime|Drama,7.155,71,1.3942,en
18372,Too Beautiful to Lie,2004,Comedy|Romance,6.712,52,1.0829,ko
84706,Colour Blossoms,2004,Romance,4.5,16,1.2629,cn
36046,The Work and the Glory,2004,Drama|Romance,6.583,18,1.0131,en
21776,Cash Truck,2004,Action|Drama|Crime|Thriller,6.353,209,1.3519,fr
80866,Lupin the Third: Swallowtail Tattoo,2004,Action|Animation|Comedy|TV Movie|Crime,6.688,32,1.1516,ja
73442,American Crime,2004,Thriller|Crime|Horror,3.81,21,1.98,en
60394,The Buried Secret of M. Night Shyamalan,2004,Comedy|Documentary|Science Fiction|TV Movie,6.676,17,0.9733,en
39291,Motives,2004,Drama|Thriller|Mystery|Romance,5.379,19,0.9578,en
6478,Beyond the Sea,2004,Drama|Music,6.297,177,1.2767,en
31120,Fat Slags,2004,Comedy,3.4,30,0.8472,en
26579,The Heart Is Deceitful Above All Things,2004,Drama,5.824,156,1.3753,en
32171,Infection,2004,Horror|Drama,6.368,125,1.2469,ja
33403,Chrystal,2004,Drama,5.761,23,0.8489,en
34308,Modigliani,2004,Drama,7.038,208,1.0259,en
58978,The Erotic Diary of Misty Mundae,2004,Drama,4.821,14,0.9669,en
36345,Blade of the Phantom Master,2004,Adventure|Animation|Fantasy|Science Fiction,6.1,23,0.9244,ko
200565,Tokusou Sentai Dekaranger THE MOVIE: Full Blast Action,2004,Action|Adventure|Science Fiction|Crime,6.7,14,0.85,ja
25757,Comic Book: The Movie,2004,Comedy,5.958,26,1.0261,en
24363,House of D,2004,Comedy|Drama,6.349,156,0.9908,en
10870,Lucky Luke and the Daltons,2004,Comedy|Western|Adventure,3.6,367,1.9989,fr
16764,Toolbox Murders,2004,Horror|Mystery,5.6,198,1.116,en
137181,Plainsong,2004,Drama|TV Movie,7.208,12,0.9362,en
11930,A2 Racer,2004,Action,4.7,55,1.8488,de
3102,My Step Brother Frankenstein,2004,Drama,6.115,13,1.0459,ru
21379,Bionicle 2: Legends of Metru Nui,2004,Action|Animation|Adventure|Science Fiction|Fantasy,5.956,103,1.1527,en
36086,Boa vs. Python,2004,Horror|Science Fiction,4.5,129,1.032,en
39758,Charlie,2004,Drama|Action|Thriller|Crime,4.4,10,1.4436,en
49201,Love  So Divine,2004,Comedy|Romance,6.5,32,0.9055,ko
33065,Alesha Popovich and Tugarin the Dragon,2004,Animation|Comedy|Family|Fantasy,6.893,136,0.9213,ru
82940,American Meltdown,2004,Drama|Thriller|TV Movie,5.2,16,1.0674,en
47331,Black Kiss,2004,Crime|Drama|Horror|Mystery|Romance,5.5,18,0.9565,ja
209341,Rikidozan: A Hero Extraordinaire,2004,Drama,6.0,11,0.9335,ko
10797,Terkel in Trouble,2004,Animation|Comedy|Mystery|Thriller,6.6,136,0.9289,da
37641,Elvis Has Left the Building,2004,Comedy|Family,5.25,58,1.2943,en
2299,The Light,2004,Drama,6.789,45,1.1618,fr
6934,Yesterday,2004,Drama,7.375,32,1.0175,zu
1998,Holy Lola,2004,Drama,5.893,28,2.0276,fr
34019,The Hidden Blade,2004,Drama|Romance,7.4,125,0.8553,ja
32812,Doing Hard Time,2004,Action|Crime|Drama,5.044,57,1.0443,en
15644,Paparazzi,2004,Action|Drama|Thriller,5.313,209,0.9577,en
200758,Bakuryuu Sentai Abaranger vs. Hurricaneger,2004,Action|Adventure|Science Fiction|Fantasy,8.0,14,2.2727,ja
58508,Far Far Away Idol,2004,Music|Comedy|Animation|Family|Fantasy,6.303,251,0.9437,en
38030,Jiang Hu,2004,Drama|Crime|Action,6.25,36,1.0663,cn
57709,Battle of the Brave,2004,Drama|History|Romance|War,6.19,21,0.8594,fr
31165,Inside I'm Dancing,2004,Drama,7.435,230,0.9337,en
20364,Hulchul,2004,Comedy|Romance|Action,6.662,74,0.9216,hi
198553,Springtime,2004,Drama,7.727,11,1.0215,ko
38053,The President's Barber,2004,History|Drama|Comedy,7.1,40,0.9193,ko
241393,Erreway: 4 caminos,2004,Drama|Adventure|Music,7.729,35,0.986,es
8981,Dear Frankie,2004,Drama|Family,7.043,222,1.0385,en
9391,Enduring Love,2004,Drama|Thriller|Mystery|Romance,5.75,138,0.8719,en
11534,Tropical Malady,2004,Drama|Romance|Fantasy,6.7,140,1.0978,th
33636,Nina,2004,Drama|Thriller,5.722,27,1.1458,pt
45420,Heat Team,2004,Comedy|Crime,6.2,10,1.816,cn
67949,The Secret Lives of Adult Stars,2004,Documentary,5.105,19,1.085,en
17963,Gone Nutty,2004,Animation|Adventure|Comedy|Family,7.0,210,0.9538,en
26710,My Baby's Daddy,2004,Comedy,4.7,63,0.8134,en
5494,George and the Dragon,2004,Adventure,5.5,98,0.8662,en
55177,Touch of Pink,2004,Comedy|Romance,6.1,55,0.9391,en
51909,Tiger Cruise,2004,TV Movie|Family|Drama,6.0,35,0.9147,en
20385,A Killer Within,2004,Mystery|Thriller,5.025,20,0.7925,en
36272,Out of Reach,2004,Action|Thriller|Adventure|Crime,4.516,123,0.8567,en
21290,Strings,2004,Adventure|Animation|Drama|Fantasy,6.7,85,1.0688,en
27895,The Curse of the Komodo,2004,Horror|Science Fiction,4.098,51,1.0719,en
56527,Skeleton Man,2004,Horror|Action,3.3,35,1.7507,en
41874,Jargo,2004,Crime|Drama,6.0,15,2.0354,de
21665,Khakee,2004,Action,6.44,83,0.7877,hi
47336,Clementine,2004,Thriller|Drama|Action,3.175,40,1.0596,ko
16784,Welcome to Mooseport,2004,Comedy,5.1,188,0.9127,en
40976,Koma,2004,Drama|Thriller|Crime|Mystery,5.4,45,0.7284,cn
375273,The Fairly OddParents: Channel Chasers,2004,TV Movie|Adventure|Animation|Comedy|Family|Fantasy,7.706,85,0.8798,en
82322,Varsham,2004,Drama|Thriller|Romance,6.361,18,0.9956,te
9010,Silentium,2004,Thriller|Crime|Comedy,7.236,70,1.414,de
77823,Ghost House,2004,Comedy|Horror,6.31,21,0.9634,ko
21536,Starkweather,2004,Crime|Drama|Horror,4.8,15,1.1317,en
35894,El Rey,2004,Drama,6.958,24,1.1232,es
14653,Happily Ever After,2004,Drama|Comedy|Romance,5.881,118,0.9337,fr
64840,Under a False Name,2004,Romance|Drama|Mystery,5.704,27,0.8779,it
97978,Dark Tales of Japan,2004,Horror|TV Movie,5.825,20,1.0298,ja
15910,Post Impact,2004,Science Fiction|Adventure|TV Movie,4.677,48,0.822,de
85430,Girl Play,2004,Comedy|Romance,5.859,32,0.9414,en
14681,Eating Out,2004,Comedy|Romance,5.7,116,0.8197,en
24034,Teacher's Pet,2004,Animation|Family|Music|Comedy|Drama,6.088,40,0.9605,en
27243,Dragon's World: A Fantasy Made Real,2004,Fantasy|Documentary,8.04,25,1.0755,en
41172,Mr. Handy,2004,Action|Comedy|Thriller,6.4,10,0.8259,ko
31960,Art Heist,2004,Action|Crime|Thriller,4.038,13,1.9893,en
1404,Ae Fond Kiss...,2004,Drama|Romance,6.486,142,0.8452,en
21810,Adam & Paul,2004,Comedy|Drama,6.907,43,1.9681,en
50220,The Seat Filler,2004,Comedy|Romance,4.647,17,0.8703,en
88905,Monster Island,2004,Adventure|Comedy|Horror|TV Movie,4.435,31,0.9731,en
16358,Eulogy,2004,Comedy|Drama,6.441,142,1.0266,en
27300,Hair High,2004,Animation|Horror|Comedy,6.4,36,0.8509,en
9534,The Ferpect Crime,2004,Comedy|Thriller,6.702,354,1.3678,es
28740,Black Friday,2004,Crime|Drama,7.566,98,0.7206,hi
32229,Explosive City,2004,Action|Crime,6.56,25,0.8638,cn
629395,Foster's Home For Imaginary Friends: House of Bloo's,2004,Animation|Adventure|Comedy|Family|Fantasy|TV Movie,7.591,11,0.7739,en
16430,Dandelion,2004,Drama|Romance,6.34,25,0.9514,en
42192,Extreme Dating,2004,Action|Comedy|Romance,5.5,21,2.0919,en
63877,The Ranch,2004,Drama|Comedy|TV Movie,3.867,15,1.042,en
41847,Strip Search,2004,Drama,6.188,48,0.9336,en
17110,One Point O,2004,Drama|Horror|Mystery|Science Fiction,5.7,142,0.8715,en
37859,MXP: Most Xtreme Primate,2004,Comedy,4.9,33,0.8922,en
124117,Pixel Perfect,2004,Family|TV Movie|Science Fiction|Comedy,5.287,87,1.1298,en
464,As It Is in Heaven,2004,Romance|Drama|Comedy|Music,7.12,192,0.8383,sv
121950,Cavedweller,2004,Drama,5.841,22,1.7844,en
86195,Blood,2004,Drama|Comedy,5.455,11,0.8208,en
36166,Devilman,2004,Action|Fantasy|Horror,6.111,72,0.867,ja
118302,I'll Be Seeing You,2004,Thriller|TV Movie,5.227,11,0.7998,en
58591,Miracle Run,2004,Drama|TV Movie,7.6,45,1.1472,en
115626,Stuck in the Suburbs,2004,Family|Comedy|Music|TV Movie,6.041,219,0.8529,en
31063,The Calcium Kid,2004,Comedy,5.533,61,0.8649,en
20695,Blessed,2004,Thriller|Mystery|Horror,4.806,54,0.7123,en
75806,Target,2004,Action|Thriller,4.2,14,1.7774,en
36223,Zebraman,2004,Comedy|Action,6.28,91,0.8979,ja
16226,Lady Death,2004,Fantasy|Animation|Horror|Action|Science Fiction,7.121,91,0.6321,en
86282,Tie Xi Qu: West of the Tracks,2004,Documentary,7.75,52,1.0942,zh
342,Summer Storm,2004,Comedy|Drama,6.761,211,0.7023,de
33294,In Your Hands,2004,Drama,5.806,18,2.1063,da
127642,Feng Shui,2004,Drama|Horror|Thriller,6.5,21,1.0834,tl
7291,36th Precinct,2004,Crime|Drama|Thriller,6.9,642,1.0314,fr
16428,Breakin' All the Rules,2004,Comedy|Romance,6.005,103,0.7656,en
32173,Bunshinsaba: Ouija Board,2004,Horror,6.218,78,0.8103,ko
56790,The Doll Master,2004,Horror,6.028,71,0.7135,ko
167979,The Locker 2,2004,Horror|Thriller,4.688,16,0.782,ja
33645,Megalodon,2004,Horror|Science Fiction|Adventure|Action|Thriller,4.508,64,1.8217,en
80346,Nobody Knows Anything!,2004,Comedy|Drama,3.688,24,0.9761,en
301121,A Natural Born Fool,2004,Comedy,6.279,34,0.6571,ar
82134,The Reality of Love,2004,Romance|Comedy|TV Movie,5.511,47,0.7479,en
28219,Baadasssss!,2004,Drama,6.459,61,0.82,en
23601,We Don't Live Here Anymore,2004,Drama|Romance,5.681,119,0.8739,en
100983,Phil the Alien,2004,Action|Comedy|Science Fiction,4.071,14,0.7279,en
24747,Bobby Jones: Stroke of Genius,2004,Drama,5.933,52,1.0078,en
26500,Turn Left at the End of the World,2004,Drama|Romance,6.022,23,1.0039,he
27742,Séance,2004,Drama|Horror|TV Movie,7.1,48,0.8435,ja
268899,Justice League: Starcrossed - The Movie,2004,Animation|Adventure|Family|Fantasy|Mystery,8.1,123,0.8983,en
36959,The Crossing,2004,Thriller|Comedy,6.412,34,0.8163,no
25372,Man About Dog,2004,Comedy,6.417,12,0.7546,en
116560,XXL,2004,Comedy,4.115,13,0.7915,es
58433,The Apocalypse,2004,Drama|TV Movie,5.485,33,0.8457,en
29764,Ultraman: The Next,2004,Family|Science Fiction|Action|Adventure,6.38,25,1.0352,ja
31117,Superbabies: Baby Geniuses 2,2004,Comedy|Family,2.926,169,1.2007,en
1082707,The Magic Touch of Harry Potter,2004,Documentary,7.7,20,1.0363,en
55135,When I Grow Up  I'll Be a Kangaroo,2004,Comedy,8.284,51,0.7058,sr
4974,Five Times Two,2004,Drama|Romance,6.438,176,0.7116,fr
63647,Ghilli,2004,Action|Comedy|Family|Romance,7.174,72,0.7177,ta
455657,The Great Fava Beans of China,2004,Comedy,6.7,42,1.0478,ar
146608,The Librarians,2004,Action|Thriller,5.3,10,0.9889,en
50108,Sars Wars: Bangkok Zombie Crisis,2004,Action|Comedy|Fantasy|Horror,6.056,27,0.8517,th
30767,Eternal,2004,Drama|Horror|Mystery|Thriller,4.2,33,0.9801,en
19793,Some,2004,Action|Crime|Mystery,6.389,18,0.5598,ko
27275,G.O.R.A.,2004,Comedy|Adventure|Science Fiction,7.308,372,0.7713,tr
156910,Tad Jones,2004,Adventure|Animation,6.0,22,1.6177,es
26125,The Defender,2004,Action|Thriller,4.754,35,1.0363,en
41747,Childstar,2004,Comedy|Drama,5.231,13,1.4294,en
377238,Jam Films S,2004,Comedy,6.4,12,0.8023,ja
56276,Love's Brother,2004,Romance,6.385,13,0.7576,en
132165,When I Turned Nine,2004,Family|Romance,7.4,15,0.6277,ko
23520,Unstoppable,2004,Action|Thriller,5.207,123,1.149,en
27812,Kakurenbo: Hide & Seek,2004,Animation|Horror,5.962,52,0.965,ja
45407,Spy Girl,2004,Comedy|Action|Romance,6.638,40,0.8177,ko
21442,Everybody Has Secrets,2004,Comedy|Romance,6.261,23,0.8637,ko
104740,Teenage Cavegirl,2004,Comedy|Science Fiction,4.735,17,0.9762,en
71507,Jailbait,2004,Drama,4.733,15,0.8281,en
18923,A Home at the End of the World,2004,Drama|Romance,6.4,175,0.9436,en
43670,Stateside,2004,Drama|Music|Romance,5.1,36,0.868,en
12086,Machuca,2004,Drama,7.739,213,0.6624,es
517834,The Making of 'The Return of the King',2004,Documentary,8.8,10,0.7215,en
14614,Churchill: The Hollywood Years,2004,Comedy|War,5.3,38,0.6629,en
39182,Dirty War,2004,Drama|Thriller|TV Movie,6.1,44,1.9474,en
165954,Letter from an Unknown Woman,2004,Drama,6.552,29,0.7302,zh
55875,Last Quarter,2004,Drama|Romance|Thriller|Mystery|Fantasy,6.9,10,0.6556,ja
150744,Síndrome,2004,Drama,4.179,14,1.0313,es
24223,Brides,2004,Drama|Romance|History,6.578,32,0.8624,el
92326,Straight-Jacket,2004,Comedy|Romance,5.667,18,0.8241,en
4253,Hum Tum,2004,Romance|Family|Comedy|Drama,6.435,123,0.6771,hi
18711,Silver City,2004,Comedy|Drama|Mystery|Thriller,6.13,77,0.8151,en
277229,Taarzan: The Wonder Car,2004,Action|Romance,5.74,52,0.9184,hi
24196,The Hillside Strangler,2004,Drama|Horror|Mystery|Thriller,5.068,37,0.6889,en
118320,The Cradle Will Fall,2004,Thriller|TV Movie,5.033,15,0.6572,en
81503,Busty Cops,2004,Comedy|Mystery|Romance,5.769,13,0.7377,en
72867,Hellboy: The Seeds of Creation,2004,Documentary,7.4,10,0.8134,en
42952,72 Meters,2004,Action|Drama|Thriller,6.226,42,0.631,ru
57495,Call Me: The Rise and Fall of Heidi Fleiss,2004,Drama|Romance|Crime|TV Movie,4.5,20,0.986,en
21838,Dead & Breakfast,2004,Horror|Comedy|Music,5.523,109,1.8536,en
62035,Our Italian Husband,2004,Romance|Comedy,4.95,10,0.6199,it
24653,The Consequences of Love,2004,Drama|Thriller,7.5,907,0.752,it
412823,Joshua and the Promised Land,2004,Animation|Adventure|Family|Fantasy,3.657,35,0.8092,en
76822,Tales of Terror from Tokyo and All Over Japan: The Movie,2004,Horror,5.4,15,0.8921,ja
29269,Tony Takitani,2004,Drama,6.778,88,0.7745,ja
40706,Jimmy Timmy Power Hour,2004,Animation|Comedy|Family|Fantasy|TV Movie|Science Fiction|Action,7.068,73,0.8624,en
50466,Countess Dracula's Orgy of Blood,2004,Horror,5.194,18,0.677,en
87614,Sye,2004,Drama|Action,6.471,17,0.8667,te
27846,Bite Me!,2004,Comedy|Horror,4.233,15,1.2784,en
16433,Grand Theft Parsons,2004,Comedy|Drama|Adventure,6.011,46,0.6395,en
106599,Imaginary Witness: Hollywood and the Holocaust,2004,Documentary|History,6.643,14,0.7673,en
39516,The Fallen,2004,Drama|War,4.231,13,0.6197,en
65897,Snowboarders,2004,Comedy,5.923,13,1.3981,cs
8842,Against the Ropes,2004,Romance|Drama,5.064,133,0.9783,en
131924,Lovely Rivals,2004,Comedy,5.7,10,0.7576,ko
25126,Six Shooter,2004,Drama|Comedy|Crime,7.16,287,0.7342,en
34765,Zenon: Z3,2004,Family|TV Movie|Comedy|Adventure|Science Fiction,5.4,84,0.8264,en
1595,Land of Plenty,2004,Drama,6.204,49,0.7081,en
9971,The Last Run,2004,Comedy|Drama|Romance,4.1,15,0.8194,en
48463,Incident at Loch Ness,2004,Comedy|Adventure|Horror,5.842,95,0.7525,en
54771,Tony n' Tina's Wedding,2004,Comedy|Romance,5.418,11,0.899,en
73625,Santos Peregrinos,2004,Comedy,6.397,29,1.0668,es
45881,The Bridge of San Luis Rey,2004,Romance|Drama,5.185,65,0.8836,en
20357,Trauma,2004,Drama|Mystery|Thriller|Horror,5.19,61,0.6769,en
24143,Amazones,2004,Action|Comedy|Crime,5.5,13,1.1747,nl
351512,Skelter+Heaven,2004,Action|Animation|Science Fiction,1.8,17,0.6013,ja
19398,Simon,2004,Drama|Comedy,7.2,56,0.7328,nl
1935,Me and My Sister,2004,Drama|Comedy,5.638,76,0.8039,fr
17651,Poster Boy,2004,Comedy|Drama|Romance,5.429,28,0.6029,en
108299,Fantasías,2004,Drama|Comedy|Romance,6.609,23,0.6915,en
38002,The Big Swindle,2004,Comedy|Crime|Action,6.839,31,0.819,ko
1962,Love in Thoughts,2004,Drama,6.323,65,0.881,de
79434,A-1 Headline,2004,Thriller|Mystery,6.097,31,0.5776,cn
12483,Riding the Bullet,2004,Drama|Horror|Thriller,5.093,220,0.6425,en
47569,Pop Rocks,2004,Music|TV Movie,5.733,12,1.8766,en
45305,Love Battlefield,2004,Action|Drama|Romance|Crime|Thriller,6.265,17,0.5841,cn
19416,Double Dare,2004,Documentary,6.531,32,0.7316,en
34843,Hawking,2004,Drama|TV Movie,7.044,159,0.9394,en
108296,The Mystery of Natalie Wood,2004,Drama|Mystery|TV Movie,5.5,12,0.8736,en
65724,Sucker Free City,2004,Drama|TV Movie|Crime,5.942,26,0.6369,en
7281,The Trixxer,2004,Comedy|Crime,6.362,235,0.7664,de
460,Go for Zucker,2004,Comedy,6.2,60,0.6101,de
51363,When Will I Be Loved,2004,Drama|Thriller|Romance,4.138,47,0.7005,en
31781,Redemption: The Stan Tookie Williams Story,2004,Crime|Drama|TV Movie,6.025,60,0.7586,en
21781,Spider Forest,2004,Thriller|Horror|Mystery|Drama,6.615,91,0.8483,ko
12653,Romasanta: The Werewolf Hunt,2004,Action|Horror,5.051,107,0.7118,en
19719,LolliLove,2004,Comedy,5.9,31,0.6752,en
73416,A Bear Named Winnie,2004,Drama|Family|TV Movie,6.707,29,0.8685,en
10255,Ab-normal Beauty,2004,Horror,5.396,72,0.835,cn
318650,A Blue Automobile,2004,Drama,4.6,10,0.7458,ja
75224,Tintin and I,2004,Documentary,6.842,19,0.6251,fr
55922,White Coats,2004,Comedy,5.088,57,0.7094,en
336748,Silence of the Sea,2004,Romance|Drama|War|TV Movie,7.5,38,0.713,fr
18508,Uno,2004,Drama,6.529,35,1.6002,no
26347,Notre Musique,2004,Drama,6.808,40,1.8331,fr
9803,7 Zwerge - Männer allein im Wald,2004,Comedy|Fantasy,5.473,260,0.9779,de
15931,The Collector,2004,Comedy|Action|Romance,5.2,17,1.3347,da
66722,The Goodbye Girl,2004,Comedy|Romance|TV Movie,6.0,16,0.7445,en
39784,Someone Special,2004,Romance|Comedy,6.7,34,0.7758,ko
56766,The Riverman,2004,Crime|Drama|Thriller,5.411,28,1.8779,en
40975,Bibi Blocksberg and the Secret of Blue Owls,2004,Adventure|Comedy|Family|Fantasy,6.2,86,0.7865,de
37952,The Weeping Meadow,2004,Drama|History,7.539,103,0.5998,el
12109,It's All Gone Pete Tong,2004,Drama|Comedy|Music,6.6,208,0.8043,en
64483,A Driver for Vera,2004,Drama,6.064,47,0.6117,ru
17173,Kibakichi,2004,Horror|Action|Fantasy,5.857,14,0.5794,ja
15673,Connie and Carla,2004,Comedy|Crime|Music,5.855,93,0.64,en
42320,Okal,2004,Romance|Comedy,5.5,23,0.6815,ar
13542,Red Dust,2004,Drama,5.86,43,0.8915,en
76684,Masti,2004,Comedy|Crime|Mystery,5.659,63,0.6452,hi
31065,Ike: Countdown to D-Day,2004,Drama|War|History|TV Movie,6.6,51,0.7686,en
27267,Evil Eyes,2004,Horror,3.4,19,1.8242,en
81082,Malliswari,2004,Comedy|Romance,6.7,19,0.845,te
16635,In My Country,2004,Romance|Drama,5.923,52,0.5534,en
41714,The Beautiful Country,2004,Drama,5.9,43,0.5887,en
8772,The Last Day,2004,Drama,4.683,30,0.6234,fr
30116,Rancid,2004,Drama|Thriller,4.92,25,0.7421,sv
264012,Ordo,2004,Drama,4.85,10,1.8115,fr
20304,Never Die Alone,2004,Action|Crime|Drama|Thriller,5.511,135,0.721,en
77710,My Uncle Killed a Guy,2004,Adventure|Comedy|Crime,6.19,171,0.5804,pt
26510,School for Seduction,2004,Comedy|Drama|Romance,4.85,20,0.6859,en
25350,Imaginary Heroes,2004,Comedy|Drama,6.5,121,1.047,en
118179,Influenza,2004,Comedy|Crime|Drama,6.7,19,1.6578,ko
11401,Metallica: Some Kind of Monster,2004,Documentary|Music,7.073,246,0.7889,en
63086,University of Laughs,2004,Comedy|Drama,7.122,37,0.598,ja
290088,Nero,2004,War|Drama,6.0,10,0.6211,en
92771,Daddy,2004,Drama,5.727,22,0.829,ru
75404,The Lizard,2004,Action|Comedy,7.45,90,0.6939,fa
41569,The Nomi Song,2004,Documentary|Music,6.38,25,0.5957,en
12697,Laura's Star,2004,Animation|Family,6.417,48,0.8682,de
10417,Operation Valkyrie,2004,Drama|History,5.968,62,0.944,de
87059,A Groom from a Security Agency,2004,Comedy|Drama,5.882,38,0.6987,ar
78114,Perfect Education 5: Amazing Story,2004,Drama|Thriller|Romance,5.3,10,0.8574,ja
221460,Escape from Hong Kong Island,2004,Comedy,6.417,12,0.7232,cn
40990,The Keeper,2004,Crime|Drama|Thriller,4.529,34,0.6587,en
14812,Hawaii  Oslo,2004,Drama|Romance,6.775,51,1.2871,no
16605,Somersault,2004,Drama|Romance,6.304,113,1.002,en
20511,Crónicas,2004,Crime|Drama|Thriller,6.353,51,1.7795,es
45879,Lost Reality,2004,Comedy,3.1,10,1.7022,en
149684,Don't Tell Papa,2004,Drama|Comedy,4.2,10,0.6136,ko
69805,Sci-Fighter,2004,Action|Science Fiction,3.765,17,1.6115,en
174702,Antenna,2004,Drama,5.7,10,0.5965,ja
56336,The Beach Loafer,2004,Comedy|Crime|Romance,4.8,18,1.6561,ar
135269,The Seduction of Misty Mundae,2004,Drama,5.175,20,0.7528,en
66121,The Thing Below,2004,Horror|Science Fiction|Thriller,3.353,34,0.6815,en
152784,Kaazhcha,2004,Drama,7.659,22,0.8047,ml
350841,Runway,2004,Action,6.5,15,0.7194,ml
34671,Olga,2004,Drama|History|War,7.15,203,0.6421,pt
52538,Mariages!,2004,Comedy|Drama,5.213,89,0.6609,fr
356587,Jimmy Neutron: Win  Lose and Kaboom!,2004,Animation|Science Fiction|Comedy|Family|TV Movie|Adventure,6.964,14,0.5436,en
81452,The Japanese Wife Next Door,2004,Comedy,4.8,80,0.7104,ja
29559,Murder-Set-Pieces,2004,Horror|Thriller|Crime,3.964,96,0.8828,en
61714,Berserker: Hell's Warrior,2004,Action|Adventure|Fantasy,3.324,17,0.6144,en
39403,Pursued,2004,Thriller|Action,5.226,31,0.6254,en
45404,He Was Cool,2004,Romance|Comedy,6.613,31,0.7411,ko
36215,Vital,2004,Drama|Thriller|Romance,6.7,113,0.6691,ja
67216,The Dead Will Tell,2004,Thriller|Mystery|TV Movie,4.944,18,0.5792,en
97814,Skinned Deep,2004,Comedy|Horror,4.135,48,0.6047,en
65041,Triple Agent,2004,Thriller|Drama,5.793,29,1.614,fr
1437,Abgefahren,2004,Action|Comedy,5.091,11,0.5952,de
15722,Sherlock Holmes and the Case of the Silk Stocking,2004,Mystery|Crime|TV Movie,6.4,44,0.7183,en
42318,Hardcore,2004,Crime|Drama,5.55,40,0.8112,el
21198,House of Voices,2004,Horror|Mystery|Drama,5.7,192,1.7823,fr
57174,I Do (But I Don't),2004,Comedy|Drama|Romance|TV Movie,5.653,49,0.6716,en
25033,The Last Horror Movie,2004,Horror|Thriller,5.608,51,0.4665,en
43998,Method,2004,Thriller,4.75,20,1.7978,en
60236,Countdown,2004,Action|Adventure|Crime,5.9,18,0.5264,ru
12812,Wild Side,2004,Drama,5.817,30,0.6222,fr
1424,November,2004,Drama|Mystery|Thriller,4.88,46,0.5587,en
50332,Snow,2004,Comedy|Family|Fantasy|TV Movie,6.967,30,0.8265,en
81700,The Wool Cap,2004,Drama|TV Movie,6.55,10,0.5697,en
169173,Genius. A Night for Ray Charles,2004,Music|Documentary|TV Movie,7.412,17,0.7261,ru
110850,Heaven's Bookstore,2004,Drama|Romance,5.893,14,0.4141,ja
73062,Bloom,2004,Romance|Drama,5.0,10,0.6118,en
137369,Girl's Love,2004,Romance|Comedy|Drama,6.974,19,0.5093,ar
122977,Saint John Bosco Mission to Love,2004,Adventure|Family|History|TV Movie,6.827,26,1.6781,it
112479,Suburban Secrets,2004,Drama|Romance,4.077,13,0.6173,en
26,Walk on Water,2004,Drama,6.882,93,0.5552,he
3056,Frankenstein,2004,TV Movie|Drama|Horror|Science Fiction|Mystery,5.2,49,1.5355,en
285945,Vettam,2004,Comedy,6.882,17,0.5452,ml
57919,Fame Chimica,2004,Drama,6.154,39,1.1471,it
286790,From Other Worlds,2004,Science Fiction|Comedy,3.929,14,0.5126,en
464305,One Piece: Take Aim! The Pirate Baseball King,2004,Comedy|Animation|Fantasy,6.4,23,0.6595,ja
137298,My Mother the Mermaid,2004,Romance|Fantasy,6.667,18,0.4859,ko
238442,Lunchbox,2004,Romance|Drama,4.533,15,0.6293,ja
42584,The Last Ride,2004,Action|Drama|Thriller|TV Movie,4.273,33,0.6263,en
51208,Albert est méchant,2004,Comedy,4.6,55,0.596,fr
9372,Super Size Me,2004,Documentary,6.723,1779,0.9022,en
28508,Gargoyle: Wings of Darkness,2004,Horror,4.628,39,0.5525,en
56903,Three Steps Over Heaven,2004,Drama|Romance,5.772,714,0.8131,it
38046,Retrograde,2004,Action|Science Fiction,3.167,54,0.6551,en
1126,In My Father's Den,2004,Drama|Mystery|Thriller,7.0,110,0.6546,en
120515,Book of Love,2004,Drama,4.633,30,0.68,en
20669,Death Valley: The Revenge of Bloody Bill,2004,Drama|Horror|Thriller,3.545,22,0.6209,en
136870,Best Times,2004,Drama,7.548,21,0.6428,ar
41568,Tales from the Crapper,2004,Science Fiction|Horror|Comedy,4.32,25,0.5643,en
25460,Return to Sender,2004,Drama,6.36,171,0.8876,en
52512,Café Lumière,2004,Drama,6.737,59,0.5304,ja
96141,Trois 3: The Escort,2004,Drama|Thriller|Romance,5.767,15,0.6697,en
106546,Moscow Heat,2004,Action|Drama|Thriller,2.833,18,0.4691,en
30698,The Five People You Meet In Heaven,2004,Drama|Fantasy|Science Fiction|TV Movie,6.986,106,0.752,en
27306,Cyber Wars,2004,Action|Science Fiction,5.091,22,0.4511,en
76425,The Hamburg Cell,2004,Drama|War,5.636,11,0.7707,en
15795,Install,2004,Drama|Comedy,6.182,11,0.6774,ja
47272,Brother to Brother,2004,Drama,5.053,19,0.6571,en
54439,Lost,2004,Action|Thriller,5.7,28,0.6378,en
86676,Moon & Cherry,2004,Drama|Comedy,6.083,18,0.6821,ja
39386,The Corsican File,2004,Comedy,5.93,402,0.6936,fr
353998,The Story Room: The Making of 'Lilo & Stitch',2004,Animation|Documentary,8.4,17,0.6248,en
22315,Aitraaz,2004,Thriller|Romance|Drama,6.1,68,0.466,hi
16427,A Day Without a Mexican,2004,Comedy|Mystery,5.9,73,0.663,en
67050,D-Day 6.6.1944,2004,Documentary|War,7.056,27,0.468,en
12532,Rottweiler,2004,Horror|Science Fiction|Action,3.4,64,0.8827,en
470035,Spider-Man 2: Making the Amazing,2004,Action|Adventure|Science Fiction|Documentary,6.685,81,0.5982,en
32128,Category 6: Day of Destruction,2004,Action|Thriller|TV Movie,6.304,84,0.8386,en
54552,San Antonio,2004,Action|Comedy,3.5,51,0.9612,fr
115067,Anji,2004,Adventure|Fantasy,5.769,13,0.415,te
69016,Eve's Christmas,2004,Drama|TV Movie|Fantasy,5.425,20,0.6856,en
5473,De Dominee,2004,Drama|Crime|Thriller,6.1,34,0.5711,nl
16066,Oyster Farmer,2004,Romance|Drama,5.739,23,0.6076,en
185052,Nine Lives,2004,Drama|Romance,4.909,11,0.6657,en
30762,3: The Dale Earnhardt Story,2004,TV Movie|Drama,7.575,20,0.5165,en
105772,Alien Lockdown,2004,Science Fiction|Horror,3.875,20,0.6323,en
13678,The Last Trapper,2004,Adventure|Drama|Documentary,6.874,87,0.6209,fr
39851,Clean,2004,Drama,6.401,76,0.7016,en
21121,Dragon Storm,2004,Adventure|Science Fiction,5.0,18,0.7009,en
13371,Sex Lives of the Potato Men,2004,Comedy,4.53,33,0.4922,en
38517,The Brooke Ellison Story,2004,Drama|TV Movie,7.1,20,0.6241,en
84705,Beyond Our Ken,2004,Drama|Romance,6.25,12,0.5535,cn
340856,Seinfeld: How It Began,2004,Documentary,7.8,10,0.4975,en
62027,The Scent of Blood,2004,Drama,5.528,18,0.6219,it
48681,Anonymous,2004,Drama,4.091,11,0.4558,en
46735,The Eavesdropper,2004,Drama|Thriller|Science Fiction,5.464,14,0.4611,en
55396,Dog Nail Clipper,2004,Drama,6.861,18,0.5525,fi
66340,Virumaandi,2004,Drama|Action,7.051,39,0.6124,ta
41628,Max Havoc: Curse Of The Dragon,2004,Action,5.0,11,0.5659,en
23971,Aa Naluguru,2004,Drama,6.9,16,0.5206,te
37600,Cool!,2004,Drama|Crime,4.4,10,0.52,nl
71578,Desnudos,2004,Drama|Romance,3.833,12,0.6313,es
41862,Freshman Orientation,2004,Comedy|Romance,5.2,29,0.6116,en
21792,The Ghost,2004,Thriller|Horror,6.007,73,0.6736,ko
85508,McDull  Prince de la Bun,2004,Animation|Drama|Comedy|Family,7.5,21,0.6258,zh
60589,New,2004,Comedy|Science Fiction|Romance,7.237,19,0.8605,ta
14463,Alone in the Wilderness,2004,Documentary|History,7.906,85,0.5618,en
29004,The District,2004,Animation|Science Fiction|Comedy,5.065,23,0.5366,hu
182858,Jack,2004,Drama|TV Movie,4.846,13,0.5896,en
37944,The Lazarus Child,2004,Drama|Horror,5.588,34,0.7059,en
80880,Aarya,2004,Romance|Drama,6.52,50,0.6166,te
89111,Where's Firuze?,2004,Comedy|Drama|Music,7.167,93,0.5622,tr
27829,Emmanuelle - The Private Collection: Emmanuelle vs. Dracula,2004,Horror,4.545,11,0.7056,en
44524,Kings & Queen,2004,Comedy|Drama|Romance,6.9,87,0.4835,fr
44413,The Holy Girl,2004,Drama,6.6,102,0.5638,es
26463,A Boyfriend for Christmas,2004,TV Movie|Romance|Comedy|Drama|Family,5.613,62,0.6831,en
10356,The Good Shepherd,2004,Drama|Thriller,5.258,33,0.5735,en
59700,12 Days of Christmas Eve,2004,TV Movie|Family|Fantasy|Comedy|Drama,5.304,28,0.5226,en
34099,Brave New Girl,2004,Drama|Music|Family,7.333,12,0.7277,en
73112,Venky,2004,Comedy|Adventure,6.438,16,0.5781,te
19010,Deep Evil,2004,Science Fiction|Thriller|Horror,4.4,27,0.4143,en
27619,The Hazing,2004,Horror,5.6,46,0.4396,en
17825,The 11 Commandments,2004,Comedy,5.3,458,0.5599,fr
108931,L'amant,2004,Drama,5.0,11,0.6658,ja
18866,Knots,2004,Comedy|Romance,4.867,15,0.6613,en
235708,Going Under,2004,Drama,5.0,22,0.5806,en
44415,Benji: Off the Leash!,2004,Drama|Family,5.593,27,0.4717,en
11207,Süperseks,2004,Comedy,5.364,11,0.6189,de
101917,Bluebird,2004,Drama,6.545,11,1.6343,nl
57626,Working Slowly (Radio Alice),2004,Drama|Comedy|History,6.384,43,0.5058,it
69394,Attagasam,2004,Action|Drama,5.5,14,0.5688,ta
55313,A Family,2004,Drama|Family,6.281,16,0.4632,ko
12128,Night of the Living Dorks,2004,Horror|Comedy,5.533,90,0.8319,de
20013,My Name Is Modesty: A Modesty Blaise Adventure,2004,Action|Thriller,4.3,48,0.5942,en
25500,Red Lights,2004,Thriller|Mystery|Crime,5.625,56,1.4209,fr
34359,Blue Demon,2004,Action|Horror|Thriller,3.338,34,1.8194,en
106052,Arakimentari,2004,Documentary,6.425,20,0.6159,en
69892,Shadow of Fear,2004,Thriller,5.362,29,0.4643,en
145902,Trench Road,2004,Drama,5.692,13,0.4481,fi
168525,Perfect Romance,2004,Romance|Comedy,5.867,15,0.6613,en
55234,Company K,2004,Drama|War,5.393,14,0.396,en
75257,The Cat That Looked at a King,2004,Family|Comedy|Fantasy|Animation,6.324,17,0.4327,en
19520,The Perfect Husband: The Laci Peterson Story,2004,Drama|TV Movie,5.111,18,0.576,en
118299,Try to Remember,2004,Thriller|Crime|Drama|Mystery|TV Movie,6.842,19,0.509,en
52796,Winter Solstice,2004,Drama,5.857,21,0.5008,en
375569,Kingdom Hospital,2004,Horror,6.4,49,0.6913,en
211105,Krishna Cottage,2004,Horror|Mystery|Romance,5.225,20,0.6792,hi
74116,Cero y van cuatro,2004,Comedy|Drama,7.66,53,0.6329,es
29952,Bombón El Perro,2004,Drama,6.92,56,0.5468,es
14757,Osama,2004,Drama,7.023,132,0.6977,ps
47462,Everyone,2004,Comedy|Romance,4.675,20,0.4484,en
59555,Tempesta,2004,Drama,5.154,13,0.4588,en
54583,Hollywood North,2004,Comedy,5.118,17,0.4553,en
37947,Snakehead Terror,2004,Horror|Science Fiction|TV Movie,4.523,43,0.7691,en
115153,Kismat,2004,Action|Drama|Romance,5.808,13,0.5345,hi
14399,Killing Cabos,2004,Comedy|Action|Crime,7.831,178,0.5311,es
177152,Low Life,2004,Action|Crime|Drama,5.9,14,0.5591,ko
105299,Siblings,2004,Comedy,5.1,20,0.5828,en
31190,Genesis,2004,Documentary,6.194,36,1.4907,en
27483,Tomb of the Werewolf,2004,Horror,3.625,16,0.5735,en
3098,The Tulse Luper Suitcases  Part 2: Vaux to the Sea,2004,Drama|Adventure|Comedy|Romance,4.917,12,0.5264,en
51186,Tainá 2 - A New Amazon Adventure,2004,Adventure|Family,5.5,27,0.6645,pt
60665,Drum,2004,Action|Drama|Thriller,5.455,11,0.4584,en
29008,The 7th Day,2004,Drama,6.568,50,0.4911,es
25631,The Great Challenge,2004,Drama|Action|Adventure,5.1,100,0.5058,fr
2319,The Dust Factory,2004,Fantasy|Family|Adventure,5.766,47,0.6177,en
77013,Perazhagan,2004,Comedy|Thriller,6.3,20,0.6012,ta
124787,Kekko Kamen Returns,2004,Action|Comedy|Science Fiction,6.833,39,0.4799,ja
25903,Marie and Bruce,2004,Comedy|Drama,4.4,20,0.4683,en
10458,Soundless,2004,Thriller|Crime|Romance,6.26,25,0.4296,de
54702,Malevolence,2004,Crime|Horror|Thriller,5.3,96,0.5377,en
40126,Death Row Girls,2004,Action|Thriller,5.091,11,0.6847,ja
28769,A Christmas Carol,2004,Drama|Fantasy|TV Movie,6.418,55,0.5519,en
20128,Life Is a Miracle,2004,Romance|Drama|Comedy,7.218,197,0.647,sr
188884,The Sisterhood,2004,Horror,3.841,22,0.4727,en
65379,Vampires: Out for Blood,2004,Action|Fantasy|Horror|Thriller,4.464,42,0.6208,en
54408,Spookley the Square Pumpkin,2004,Animation|Family,4.8,19,0.8098,en
66860,Sacred Planet,2004,Documentary,7.5,16,0.4876,fr
20386,Fakiren fra Bilbao,2004,Adventure|Family,5.3,15,0.5807,da
6690,To Take A Wife,2004,Drama|Romance,6.2,15,0.5291,he
2004,Kebab Connection,2004,Comedy|Action|Romance,6.592,76,0.6958,de
26804,Erik or the Small Book of Insects,2004,Adventure|Mystery|Family,5.7,12,0.4545,nl
435365,The Story of Star Wars,2004,Documentary,7.2,22,0.4613,en
38878,She's Too Young,2004,Drama|TV Movie,5.781,32,0.6045,en
68169,Pelé Forever,2004,Documentary,7.2,35,0.5339,pt
136527,Dev,2004,Drama,6.235,17,0.4632,hi
62495,First Love,2004,Drama|Romance|Horror,6.654,153,0.6988,it
20125,Gladiatress,2004,Comedy|Adventure|Action,3.846,26,0.575,en
154499,M.A.I.D.,2004,Comedy|Action,6.455,11,0.611,th
79805,4 The People,2004,Action|Crime,7.0,12,0.4901,ml
21619,King of the Ants,2004,Crime|Drama|Thriller,5.906,90,0.4506,en
84297,Suburban Sasquatch,2004,Horror,3.286,28,0.4189,en
117356,Musafir,2004,Drama|Action|Thriller|Crime,5.659,22,0.5425,hi
178929,The Overture,2004,Drama|Music,7.115,13,0.394,th
8357,What the #$*! Do We (K)now!?,2004,Documentary|Comedy|Drama,5.21,131,0.7462,en
81840,Orgasm Torture in Satan's Rape Clinic,2004,Horror,4.1,11,0.5311,en
72977,Soccer Dog 2: European Cup,2004,Family|Comedy,6.8,30,0.4644,en
54772,Tough Luck,2004,Action|Adventure|Thriller,6.0,15,0.4411,en
84242,Stories of Lost Souls,2004,Drama,5.719,16,0.503,en
36290,Crimes of Fashion,2004,Comedy|TV Movie,4.605,41,0.6297,en
166027,Fida,2004,Thriller|Romance,5.476,21,0.5905,hi
39788,Vinci,2004,Crime|Comedy,6.791,91,0.4519,pl
34995,Puerto Vallarta Squeeze,2004,Adventure|Action|Thriller,4.717,23,0.4148,en
56224,Z Channel: A Magnificent Obsession,2004,History|Documentary,7.075,40,0.5093,en
34112,Gamebox 1.0,2004,Horror|Science Fiction,4.771,24,0.5831,en
74496,The Nutcracker and the Mouseking,2004,Animation|Family|Fantasy,6.324,17,0.505,en
52332,The Long Shot,2004,Drama|Family|TV Movie,7.824,17,0.3997,en
317972,With Good Reason,2004,Drama|Comedy,4.533,15,0.333,es
42420,The Keys To The House,2004,Drama,6.477,86,0.4771,it
144426,City Paradise,2004,Adventure|Animation,6.375,20,0.4174,nl
37988,Vares: Private Eye,2004,Crime|Action,6.167,45,0.632,fi
281948,Naani,2004,Family|Comedy|Fantasy,5.9,12,0.6154,te
47549,Bear Cub,2004,Drama|Comedy,6.4,34,0.5468,es
214067,Kekko Kamen Surprise,2004,Action|Comedy|Music|Science Fiction,4.667,12,0.441,ja
20062,Nitaboh,2004,Animation|History|Music,8.2,15,0.5307,ja
31389,Miss Cast Away and the Island Girls,2004,Comedy,2.766,32,0.5106,en
69629,Kovil,2004,Drama|Action|Romance,5.4,11,0.5594,ta
123702,Garuda,2004,Action|Science Fiction|Thriller,4.333,12,0.5959,th
38328,What Will Become of Us,2004,Romance|Drama|Comedy,5.754,189,0.5202,it
41567,Mojave,2004,Action|Thriller,4.938,16,0.5499,en
18165,The 24th Day,2004,Drama|Thriller,6.375,80,0.7317,en
56739,Kangaroo Jack: G'Day  U.S.A.!,2004,Family|Animation,4.278,27,0.4673,en
30385,Chainsaw Sally,2004,Horror,4.0,12,0.5064,en
92834,Vizontele Tuuba,2004,Comedy|Drama,6.119,109,0.364,tr
40173,The Ex-Wife of My Life,2004,Comedy,4.7,23,0.4573,fr
11399,Look at Me,2004,Comedy|Drama,6.34,103,0.4496,fr
26607,WMD: Weapons of Mass Deception,2004,Documentary,7.273,11,0.3531,en
88983,Cannibal World,2004,Adventure|Horror,3.531,16,0.2829,it
15483,The Card Player,2004,Thriller|Mystery|Crime|Horror,4.4,235,0.5115,it
100152,Mars,2004,Comedy|Drama,5.5,10,0.4773,ru
140718,Tito,2004,Drama|Crime,7.556,27,0.4924,ar
36402,The Welts,2004,Drama,6.966,29,0.4454,pl
13372,Outfoxed: Rupert Murdoch's War on Journalism,2004,Documentary,7.049,72,0.4315,en
15961,King's Game,2004,Thriller|Drama,6.868,53,0.5944,da
38349,Wilby Wonderful,2004,Comedy|Drama|Romance,5.645,38,0.5548,en
25379,The Blue Butterfly,2004,Adventure|Drama,7.028,36,0.4673,en
10594,The Skulls III,2004,Thriller,5.2,41,0.5445,en
59054,The Role of Her Life,2004,Comedy,6.047,32,0.4232,fr
78789,Tomorrow We Move,2004,Comedy,5.891,23,0.4855,fr
65513,The Returned,2004,Drama|Fantasy,5.6,123,0.5431,fr
35946,The Hollow,2004,Horror|TV Movie,5.108,37,0.6945,en
33352,Aftermath,2004,Drama,5.294,17,0.4508,da
112460,London Voodoo,2004,Horror|Thriller,5.55,10,1.4083,en
54582,Wilderness Survival for Girls,2004,Thriller|Drama|Horror,5.194,18,0.4066,en
34427,Denied,2004,Drama|Romance,4.4,15,0.358,en
135199,Ek Hasina Thi,2004,Crime|Action|Drama,6.51,51,0.5788,hi
54902,The Republic Of Love,2004,Drama|Comedy|Romance,4.917,12,0.5719,en
37096,Drugstore Girl,2004,Romance|Comedy,5.182,11,0.5791,ja
45829,À boire,2004,Comedy,4.132,19,0.4624,fr
52398,Marebito,2004,Horror,6.021,146,0.5289,ja
79908,Outing Riley,2004,Comedy,5.333,15,0.4884,en
52251,Hotel,2004,Horror|Drama|Mystery,5.638,58,0.5754,de
43208,Snowball Effect: The Story of Clerks,2004,Documentary,8.05,20,0.4266,en
187425,Sink & Rise,2004,Comedy,5.3,10,0.4617,ko
247543,New Fist of the North Star: When a Man Carries Sorrow,2004,Animation|Action,5.929,21,0.5121,ja
27160,Cold Light,2004,Drama,5.818,11,1.5792,is
12249,Aaltra,2004,Comedy|Drama,6.187,67,0.4106,fr
24985,The Heart of Me,2004,Drama|Romance,6.074,27,0.4143,en
61821,The Jokes,2004,Comedy,4.592,120,0.3335,it
57112,Have You Met Claudia?,2004,Comedy,6.7,1063,0.4064,it
63644,Madurey,2004,Action|Drama,5.0,17,0.5807,ta
89065,Beautiful City,2004,Drama,7.7,68,0.4328,fa
280191,Vismayathumbathu,2004,Mystery|Horror,4.8,10,0.4311,ml
23688,Face,2004,Horror|Crime,5.5,31,0.4843,ko
69126,Eros Therapy,2004,Comedy,4.25,18,0.4169,fr
24703,Trekkies 2,2004,Documentary|Comedy,6.458,24,0.5489,en
220029,When I'm Sixty-Four,2004,Drama|TV Movie,5.033,15,0.3889,en
58384,Drowning Ghost,2004,Horror|Thriller,4.784,37,0.4944,sv
9596,Daniel  the Wizard,2004,Music|Drama|Fantasy|Crime,1.563,63,0.4781,de
59283,The Edelweiss Pirates,2004,Drama|History|War,5.412,17,0.5278,de
112717,Midwinter Night's Dream,2004,Drama,5.227,11,0.5429,sr
34902,Day and Night,2004,Drama,6.409,22,0.4525,sv
27860,Pterodactyl,2004,Action|Adventure|Horror|Science Fiction|Thriller,4.315,73,0.9759,en
471789,Chathikkatha Chanthu,2004,Comedy,7.083,18,0.509,ml
78692,I've Been Waiting So Long,2004,Drama|Romance,4.721,34,0.4467,fr
34167,Looking for Kitty,2004,Comedy|Drama,4.844,16,0.4334,en
65959,Mixed Marriage,2004,Comedy,5.125,20,0.3913,fr
63825,Aayitha Ezhuthu,2004,Action|Drama|Thriller,7.2,39,0.4526,ta
131805,Sexo  Amor e Traição,2004,Comedy,5.435,31,0.3462,pt
63816,M. Kumaran S/O Mahalakshmi,2004,Romance,6.796,27,0.5714,ta
160781,Between Two Women,2004,Drama|Romance,5.342,19,0.46,en
177360,Ab Tumhare Hawale Watan Saathiyo,2004,War|Drama|Action,5.3,19,0.5367,hi
147512,Summer Clouds,2004,Drama,5.559,17,0.4583,es
21200,Intimate Strangers,2004,Drama|Romance,6.358,81,0.5032,fr
55681,The Halfway House,2004,Horror|Comedy,4.204,27,0.455,en
32141,Strange Bedfellows,2004,Comedy,5.727,33,0.4563,en
69627,Manmadhan,2004,Crime|Romance|Thriller,6.05,20,0.4215,ta
23594,Wild Roomies,2004,Comedy|Drama|Romance,4.05,20,0.4345,en
62024,An Italian Romance,2004,Drama|Romance,5.54,25,0.2942,it
36423,Three Dancing Slaves,2004,Drama,5.824,37,0.4699,fr
173803,Elixir of Love,2004,Drama|Comedy,6.286,14,0.5792,cn
26962,Puppet Master vs. Demonic Toys,2004,Horror|Comedy|TV Movie,4.6,91,0.5169,en
264568,The Sexy Adventures of Van Helsing,2004,Horror|Comedy,4.219,16,0.4264,en
41292,The World,2004,Drama,7.0,76,0.3864,zh
69117,Unseen Evil 2,2004,Horror|Science Fiction,2.6,10,0.5058,en
1918,Or (My Treasure),2004,Drama,6.783,23,0.4608,he
22085,The Last Casino,2004,Drama|Comedy,6.986,37,0.6583,en
157366,Up Against Them All,2004,Drama|Crime,5.25,12,0.3886,pt
20328,Michael Moore Hates America,2004,Documentary,4.913,23,0.4572,en
24448,7G Rainbow Colony,2004,Drama|Comedy|Romance,6.804,28,0.6209,ta
95609,Raptor Island,2004,Adventure|Horror|Action|Science Fiction|TV Movie,4.029,17,0.3648,en
534432,Auntie Faransa,2004,Comedy|Drama,5.2,15,0.383,ar
245012,The Runaway,2004,Drama,6.0,10,0.3624,de
10119,The Color of Milk,2004,Comedy|Drama,6.111,18,1.503,no
62338,Cursed,2004,Horror,4.667,24,0.5206,ja
44619,Baober in Love,2004,Drama|Mystery|Romance,5.4,10,0.4183,zh
498437,Max Steel: Endangered Species,2004,Animation|Action|Science Fiction,7.1,24,0.4679,en
41851,Everyday People,2004,Drama|TV Movie,6.194,18,0.5498,en
101280,A Judge of Honor,2004,Drama,6.937,71,0.479,it
52820,Britney Spears: Live from Miami,2004,Music,7.306,18,0.4633,en
146260,Slammed,2004,Comedy|Action|Romance,4.952,21,0.3849,en
60382,Bratz the Video: Starrin' & Stylin',2004,Family|Animation,6.871,31,0.3967,en
298298,Xuxa and The Treasure of the Lost City,2004,Adventure|Family,5.075,20,0.2544,pt
54250,The Blackwater Lightship,2004,Drama,6.143,14,0.6311,en
59474,Cazuza: Time Doesn't Stop,2004,Drama|Music|History,7.1,246,0.4049,pt
267686,Sethurama Iyer CBI,2004,Thriller,7.429,21,0.5083,ml
20430,Meet Market,2004,Comedy|Romance,3.0,11,0.5978,en
358536,When Star Wars Ruled the World,2004,Documentary|TV Movie,8.8,10,0.4645,en
69123,The Iris Effect,2004,Mystery|Thriller|Drama,4.65,10,0.3523,en
44278,Campfire,2004,Drama|Romance,6.333,12,0.3861,he
71547,Fascination,2004,Romance|Thriller|Mystery,4.0,21,1.5984,en
22080,Darklight,2004,Action|Fantasy|Science Fiction|TV Movie,5.078,32,0.499,en
86628,L'Américain,2004,Comedy,2.925,20,0.6304,fr
71076,Dream Warrior,2004,Horror|Action|Thriller|Science Fiction,2.333,12,0.35,en
105681,Heart of the Storm,2004,Drama|Thriller|TV Movie,6.4,13,0.303,en
44003,The Great Journey,2004,Drama|Romance,6.721,34,0.416,fr
397867,The Story of Bohemian Rhapsody,2004,Documentary|Music|TV Movie,8.1,16,0.4461,en
10271,The Story Of My Life,2004,Comedy|Romance,6.136,59,0.6363,fr
17010,The Ketchup Effect,2004,Comedy|Drama,5.333,51,0.3042,sv
26541,The Tesseract,2004,Thriller|Drama,4.7,20,0.4239,en
144758,Karroll's Christmas,2004,Drama|Fantasy|Romance|TV Movie,4.8,10,0.2591,en
26825,Tell Them Who You Are,2004,Documentary,6.083,12,0.4145,en
20724,The Life I Want,2004,Drama|Romance,6.833,12,0.2898,it
66702,Dil Ne Jise Apna Kahaa,2004,Romance|Drama,5.464,14,0.4508,hi
37971,Bet Your Life,2004,TV Movie|Action|Thriller,4.944,18,0.4784,en
152848,Growing Pains: Return of the Seavers,2004,Comedy|Family|Drama|TV Movie,6.028,18,0.5084,en
33459,Lightning Bug,2004,Drama|Thriller|Horror,6.62,25,0.6132,en
486000,The Characters of Star Wars,2004,Documentary,6.85,10,0.4604,en
69934,Full Clip,2004,Action|Thriller,5.533,15,0.5271,en
3539,Off Beat,2004,Drama|Romance,6.1,38,1.5358,de
27760,sideFX,2004,Horror,4.375,16,0.4283,en
104182,Evil,2004,Horror|Thriller,7.333,12,0.4947,th
51827,The Babylon Syndrome,2004,Drama,5.6,10,0.5108,sv
33209,WWE: The Rise + Fall of ECW,2004,Documentary,7.355,31,0.4788,en
51868,Shaolin vs. Evil Dead,2004,Action|Horror,4.611,18,0.4361,zh
101264,Nature Unleashed: Fire,2004,Action|Adventure,6.154,13,0.3844,en
55738,Shut Up and Kiss Me!,2004,Action|Romance|Comedy,3.083,12,0.5338,en
161214,Phir Milenge,2004,Romance|Drama,5.0,10,0.5388,hi
80012,Face of Terror,2004,Action|Drama|Thriller|Crime,5.0,10,0.3601,en
13558,H.H. Holmes: America's First Serial Killer,2004,Crime|Documentary|History,6.209,55,0.4559,en
36984,Trespassing,2004,Horror,4.818,21,0.6314,en
62470,Young Jönsson Gang at Summer Camp,2004,Family|Comedy,3.467,15,0.3426,sv
54766,Honey Baby,2004,Romance|Drama,5.727,11,0.3146,en
57307,L'incruste,2004,Comedy,5.1,15,0.4609,fr
69129,Anonymous Rex,2004,Action|Fantasy|Science Fiction|TV Movie,4.9,22,1.4306,en
33610,A/R Andata + Ritorno,2004,Comedy|Romance|Drama,6.636,66,0.4707,it
2791,The Chronicles of Riddick: Dark Fury,2004,Animation|Action|Science Fiction|Thriller,6.071,347,0.4264,en
11179,Girls on Top 2,2004,Comedy,4.84,72,0.4523,de
80856,Arjun,2004,Action|Drama,5.6,14,0.4437,te
53734,A Foreign Affair,2004,Comedy|Drama|Romance,5.538,13,0.3764,en
25439,Maiden Voyage,2004,TV Movie|Action,4.0,10,0.3607,en
392264,Tama Tū,2004,War|Comedy,6.906,16,0.3566,mi
49737,The Five of Us,2004,Crime|Drama,6.375,16,0.4248,fr
72051,Garv: Pride and Honour,2004,Action|Crime|Drama,5.679,28,0.4782,hi
4991,The Good Cop,2004,Action|Comedy,6.407,27,0.3615,da
20147,Dave Chappelle: For What It's Worth,2004,Comedy|Documentary|TV Movie,7.661,161,0.3453,en
135696,El asombroso mundo de Borjamari y Pocholo,2004,Comedy,4.327,26,0.4461,es
33137,In Search of Santa,2004,Animation,4.885,13,0.3838,en
69481,Raising Genius,2004,Comedy|Drama,4.318,11,0.5385,en
36695,The Goddess: How I Fell in Love,2004,Drama,4.262,21,0.431,ru
418149,Disaster at Chernobyl,2004,Documentary|History|TV Movie,7.5,13,0.3377,en
72463,Take a Deep Breath,2004,Drama,4.5,11,0.3368,sr
48331,Guard Dog,2004,Animation|Comedy,6.155,29,0.3988,en
60030,Malabar Princess,2004,Drama,6.309,97,0.3772,fr
61814,Gilles' Wife,2004,Drama,5.75,18,0.4287,fr
28684,Ring of Darkness,2004,Horror,4.125,16,0.4554,en
27101,Formula 17,2004,Comedy|Romance,5.575,20,0.4867,zh
174615,Return to Source: The Philosophy of The Matrix,2004,Documentary,7.3,17,0.3506,en
467407,Mind and Body,2004,Drama,7.091,11,0.4014,ja
542652,I Roteò e la magia dello specchio,2004,Animation|Music,6.412,34,0.3992,it
58193,The Spectator,2004,Drama|Thriller,6.0,18,0.3483,it
62504,The Rider Named Death,2004,Drama|Thriller|History,4.647,17,0.3499,ru
80660,The Perfect Husband,2004,Crime|Mystery|Thriller|TV Movie,4.6,10,0.3959,en
36799,Sugar,2004,Drama|Romance,4.983,29,0.427,en
148884,Shankar Dada M.B.B.S.,2004,Unknown,6.531,16,0.4488,te
32333,Wacky Class Welcome,2004,Comedy,3.484,62,0.3893,tr
15089,Fighter Pilot: Operation Red Flag,2004,Documentary,6.643,21,0.5249,en
61076,Alive,2004,Drama|Comedy,5.63,27,0.4265,fr
63715,Our Own,2004,Action|Drama|War,6.304,28,0.3786,ru
140299,Autograph,2004,Romance|Drama,7.5,12,0.5764,ta
232199,Spaced: Skip to the End,2004,Documentary,6.269,13,0.4363,en
49449,Almost Brothers,2004,Drama,5.8,15,0.3893,pt
70476,Gracie's Choice,2004,TV Movie|Drama,7.082,67,0.3225,en
24817,The Year of the Tick,2004,Comedy,5.545,11,0.2637,es
25714,The Return of James Battle,2004,Adventure|Comedy|Horror,5.564,85,0.361,fr
27357,Fallen Art,2004,Animation|Comedy|War|Drama,7.043,115,0.3256,xx
8846,Alone,2004,Drama|Romance,6.2,29,0.3989,de
69871,Patoruzito,2004,Animation|Family,6.957,23,1.4268,es
92929,Identity Theft: The Michelle Brown Story,2004,Crime|Drama|TV Movie,6.833,12,0.4123,en
40635,Just Desserts,2004,Comedy|Romance,6.375,20,0.4968,en
11193,True,2004,Drama|Romance,7.0,90,0.5192,en
53750,Swindled,2004,Crime|Drama|Thriller,6.121,29,0.3204,es
72278,Bad Spelling,2004,Drama,5.815,27,0.4527,fr
89066,Dancing in the Dust,2004,Drama,7.032,31,0.3044,fa
5443,Idiot Love,2004,Comedy|Drama,5.29,31,0.4088,ca
163543,Shelf Life,2004,Horror,5.2,10,0.3344,en
14346,Blackballed: The Bobby Dukes Story,2004,Comedy,5.917,18,0.5137,en
93115,The 50 Worst Movies Ever Made,2004,Documentary,4.733,30,0.4083,en
159069,Vaastu Shastra,2004,Mystery|Horror,5.3,10,0.3999,hi
4896,Quiet as a Mouse,2004,Comedy|Drama,6.179,42,0.457,de
36296,Work Hard  Play Hard,2004,Drama,5.729,24,0.3596,fr
25060,Zombie Honeymoon,2004,Horror,4.885,48,0.4726,en
72272,The Bridesmaid,2004,Thriller|Romance|Drama,6.396,48,0.5476,fr
138317,A Deadly Encounter,2004,Thriller|TV Movie,4.958,12,0.392,en
35949,Jennifer's Shadow,2004,Horror|Mystery|Thriller,5.1,15,0.3987,en
64700,Reversible Errors,2004,Crime|Drama|Thriller|TV Movie,6.154,13,0.3049,en
67065,Ju-rei: The Uncanny,2004,Horror,5.0,19,0.4043,ja
26254,The Hunting of the President,2004,Documentary,5.7,15,0.4308,en
77120,A League of Ordinary Gentlemen,2004,Documentary,6.417,12,0.2848,en
43210,Six: The Mark Unleashed,2004,Action|Thriller,4.8,23,0.4989,en
154913,Anand,2004,Drama|Romance,6.5,20,0.3341,te
44343,Billy's Dad Is a Fudge-Packer,2004,Comedy,6.412,17,0.3918,en
27531,AD/BC: A Rock Opera,2004,Comedy|Music,6.375,32,0.3914,en
19854,State's Evidence,2004,Drama|Crime|Thriller|Horror,5.667,15,0.5337,en
41654,Sepet,2004,Romance|Comedy|Drama,7.15,10,0.4905,ms
22238,The Syrian Bride,2004,Drama,6.706,51,0.4128,he
189346,Héctor,2004,Drama,6.038,13,0.4389,es
59705,Pédale dure,2004,Comedy,3.529,52,0.3495,fr
161132,The Return of the Dancing Master,2004,Crime|Thriller|Drama,5.25,10,0.3957,de
15689,Dead Meat,2004,Comedy|Action|Horror|Science Fiction,4.756,41,0.3145,en
19936,Hipnos,2004,Horror|Thriller,5.378,41,0.4457,es
122987,Going to the Mat,2004,TV Movie|Drama|Family,6.691,47,0.3285,en
60069,I Like to Work – Mobbing,2004,Drama,6.647,17,0.3677,it
43410,Yuva,2004,Drama|Crime,6.567,52,0.6085,hi
155973,Aan: Men at Work,2004,Action|Crime|Thriller,5.237,19,0.4834,hi
71183,People : Jet Set 2,2004,Comedy,3.408,49,0.4587,fr
18889,Control Room,2004,Documentary|War,7.352,61,0.2605,en
16566,Ab Tak Chhappan,2004,Crime|Drama,7.402,41,0.4268,hi
264406,Lalon,2004,Music|Drama,7.7,10,0.3952,bn
34062,The Calamari Wrestler,2004,Comedy,5.53,33,0.3872,ja
56344,The Dark Diamond,2004,Family|Adventure|Fantasy,4.893,14,0.4286,nl
25084,50 Ways to Leave Your Lover,2004,Comedy|Romance,4.167,18,0.4083,en
81600,Stille Nacht,2004,Thriller|Drama,5.8,12,1.5259,nl
62222,Cracking the Da Vinci Code,2004,Documentary,4.273,11,0.341,en
25061,Zombie Nation,2004,Horror,2.896,48,0.4139,en
22859,G.I. Joe: Valor vs. Venom,2004,Animation|Family,7.167,12,0.3923,en
72247,Late Bloomer,2004,Comedy,6.722,18,1.3435,en
116881,Rabbit on the Moon,2004,Crime|Thriller,4.615,13,0.415,es
39504,Moolaadé,2004,Drama,7.18,75,1.4353,bm
19491,Kyun! Ho Gaya Na...,2004,Drama|Family|Romance,4.857,21,0.5967,hi
153102,12 Days of Terror,2004,Drama|Horror|TV Movie,5.542,36,0.4368,en
172451,Shiner,2004,Romance|Crime,5.2,10,0.2528,en
193314,Alexandria... New York,2004,Drama,6.727,11,0.4003,ar
110285,The Echo,2004,Thriller|Horror,5.6,15,1.4945,tl
19614,JAY-Z: Fade to Black,2004,Documentary|Music,6.444,18,0.4699,en
21932,Pluk and His Tow Truck,2004,Family|Fantasy,5.974,19,0.259,nl
189353,Ripper 2: Letter from Within,2004,Horror|Thriller|Science Fiction,3.2,17,0.4412,en
75508,Merry-Go-Round c. 1950,2004,Drama|Comedy,6.067,15,0.3828,es
47283,Owner of the Story,2004,Drama|Comedy|Romance,6.371,31,0.3238,pt
29436,Beyond the Front Line,2004,History,6.409,22,0.452,sv
49209,Dead Doll,2004,Horror,4.857,14,0.2176,en
5594,Say I Do,2004,Comedy,5.479,24,0.4669,es
48394,Casablanca Driver,2004,Comedy,5.931,29,1.5768,fr
98082,Phil Collins: Live at Montreux 2004,2004,Music,7.5,13,0.3536,en
157303,Listener,2004,Comedy,6.8,10,0.2903,ru
81456,Clara's Summer,2004,Drama|Romance|TV Movie,4.464,14,0.4534,fr
27410,Rojo sangre,2004,Horror,5.269,13,0.3967,es
143377,Zee-Oui,2004,Crime|Drama|Thriller,5.955,11,0.4153,th
47109,In Your Image,2004,Drama|Science Fiction|Thriller,4.75,16,0.3907,fr
57289,Rhinoceros Eyes,2004,Drama|Romance|Horror,5.917,18,0.4605,en
32707,Breaking Dawn,2004,Mystery|Thriller|Horror,5.8,28,0.4374,en
37918,The Agronomist,2004,Documentary,6.194,18,0.3712,en
55739,Single Santa Seeks Mrs. Claus,2004,Comedy|Fantasy|Family|TV Movie,5.969,32,0.3691,en
499969,Madness in the Desert,2004,Documentary,7.1,10,0.2712,hi
245003,Lorenzo,2004,Animation|Comedy|Family|Fantasy|Music|Horror,6.4,120,0.3888,en
149634,Nature Unleashed:  Avalanche,2004,Action|Adventure,3.367,15,0.4588,en
66106,A Very Cool Christmas,2004,Adventure|Comedy|Family|TV Movie,3.913,23,0.4659,en
20162,Addiction,2004,Drama|Romance,3.63,46,0.3792,fi
10819,The Wedding,2004,Comedy|Drama,7.238,84,0.4054,pl
83144,Plain Truth,2004,Drama|Thriller|Crime|Mystery|TV Movie,6.125,16,0.3746,en
63671,Gharshana,2004,Crime|Action|Thriller,7.45,10,0.3505,te
27091,Harry and Max,2004,Drama|Romance,5.531,32,0.4341,en
6443,The Forest for the Trees,2004,Comedy|Drama,6.6,49,0.3253,de
103785,Boats Out of Watermelon Rinds,2004,Drama,7.842,57,0.6087,tr
20344,The Aryan Couple,2004,Drama|War,6.205,22,0.3386,en
29404,Corpses,2004,Horror,4.167,12,0.3104,en
260609,Cary Grant: A Class Apart,2004,Documentary|TV Movie,7.1,10,0.3653,en
75305,Derren Brown: Séance,2004,TV Movie|Documentary|Horror,7.818,11,0.2011,en
25755,Citizen Dog,2004,Comedy|Fantasy|Romance,6.776,38,0.4188,th
232817,Plan,2004,Action|Thriller,4.8,10,0.4331,hi
167972,The Locker,2004,Horror|Thriller,4.926,27,0.3164,ja
3564,The Last Tunnel,2004,Crime|Drama,5.533,15,0.378,fr
101909,The Bridge of Arts,2004,Drama,6.554,28,0.2041,fr
48261,Green Hat,2004,Drama,5.75,12,0.718,zh
66926,Hungarian Vagabond,2004,Adventure|Comedy,5.889,18,0.3132,hu
201025,The Burly Man Chronicles,2004,Documentary,6.9,10,0.2988,en
8985,Visions of Europe,2004,Documentary|Comedy|Drama,5.227,22,0.4486,en
38021,Changing Times,2004,Drama|Romance,5.552,29,0.3041,fr
62986,Lust for Dracula,2004,Horror|Thriller,3.545,11,0.342,en
34005,The Art of Losing,2004,Adventure|Action|Thriller|Crime,6.086,29,0.4508,es
40876,Down to the Bone,2004,Drama|Romance,6.5,42,0.3337,en
38004,After Midnight,2004,Comedy|Romance,6.434,53,0.407,it
22568,Black Mor's Island,2004,Animation|Adventure|Family,6.275,20,0.3127,fr
11350,Hell on Wheels,2004,Documentary,8.0,10,0.425,de
36353,Stratosphere Girl,2004,Drama|Mystery|Thriller,5.4,26,0.2758,ko
48426,The Pleasure Is All Mine,2004,Comedy|Romance|Drama,5.036,14,0.2715,fr
47554,Ethan Mao,2004,Drama|Thriller,4.8,13,0.2907,en
659750,Turma da Mônica em Cine Gibi: O Filme,2004,Animation|Comedy|Family,7.5,11,0.624,pt
568024,Ed  Edd n Eddy’s Jingle Jingle Jangle,2004,Animation|Comedy|TV Movie|Family,9.1,12,0.461,en
117343,The Garden of Earthly Delights,2004,Drama|Romance,6.5,14,0.3205,en
33704,The Box,2004,Comedy,5.708,53,0.3527,fr
103437,Scarecrow Gone Wild,2004,Horror,3.5,20,0.3681,en
238401,Vesham,2004,Drama,5.875,12,0.5046,ml
57758,Love Trap,2004,Romance|Family|Comedy,4.8,10,0.2012,nl
161175,Yeh Lamhe Judaai Ke,2004,Romance|Drama|Mystery,6.2,11,0.2593,hi
33150,Howard Zinn: You Can't Be Neutral on a Moving Train,2004,Documentary,6.688,24,0.3758,en
33624,Double zéro,2004,Adventure|Comedy,4.841,312,0.4082,fr
66889,Baby for Sale,2004,Drama|TV Movie,6.417,12,0.6286,en
32802,Out of Season,2004,Crime|Thriller,4.767,15,0.4038,en
37416,Be Here to Love Me,2004,Documentary|Music,7.152,23,0.3952,en
51147,Oh Happy Day,2004,Comedy|Romance,6.767,15,0.3432,da
126430,Tying the Knot,2004,Documentary|Romance,6.182,11,0.3062,en
158780,Run,2004,Unknown,5.056,18,0.3556,hi
19112,The End of Suburbia: Oil Depletion and the Collapse of the American Dream,2004,Documentary,7.25,24,0.2894,en
10100,Shark Attack in the Mediterranean,2004,Horror|Thriller|TV Movie,3.724,38,0.2843,de
205868,When Angels Come to Town,2004,Drama|Family|Fantasy|TV Movie,6.167,12,0.2983,en
41217,Looking for Fidel,2004,Documentary,6.1,16,0.3266,en
274104,B-Happy,2004,Drama,5.909,11,0.2365,es
197233,Duck Dodgers in Attack of the Drones,2004,Animation|Comedy|Family|Science Fiction,6.4,10,0.2871,en
68416,Latin Dragon,2004,Action|Thriller,4.941,17,0.2737,en
231585,Moth Games,2004,Drama,3.273,11,0.4712,ru
12453,Stupid Boy,2004,Comedy|Drama,5.577,26,0.3986,fr
14648,Podium,2004,Comedy|Music,5.931,463,0.4175,fr
62295,Vaniglia e cioccolato,2004,Drama|Romance,6.167,15,0.2338,it
135760,Savage Island,2004,Horror,5.125,12,0.3689,en
88810,Kill Me Tender,2004,Drama|Comedy,4.533,15,0.3957,es
126190,Faultline,2004,Action|TV Movie,4.083,12,0.3438,en
127531,Deewaar: Let's Bring Our Heroes Home,2004,Drama|Action,6.385,13,0.4013,hi
51896,Two Cars  One Night,2004,Drama|Comedy,6.686,70,0.3147,en
72413,The Family Jewels,2004,Comedy|Drama,6.548,21,0.3799,de
59979,The Whore and the Whale,2004,Drama,5.2,20,0.3369,es
76873,De Caunes-Garcia - Le meilleur de nulle part ailleurs,2004,Comedy,7.0,34,0.3938,fr
2349,Erbsen auf halb 6,2004,Drama|Comedy|Romance,6.578,32,0.4233,de
185572,Scrapple,2004,Drama|Comedy,5.833,12,0.2779,en
24199,Ellis in Glamourland,2004,Drama|Comedy,5.3,20,0.2914,nl
72553,Salvador Allende,2004,Documentary,6.938,16,0.3566,es
5873,Guys & Balls,2004,Comedy|Romance,6.324,34,0.2978,de
12313,Rock Crystal,2004,Adventure|Drama,6.818,11,0.3168,de
167074,Your Next Life,2004,Drama,5.773,22,0.3395,es
319661,Old Goriot,2004,Drama|TV Movie,4.462,13,0.2776,fr
47054,Our Time Is Up,2004,Comedy,6.0,16,0.3077,en
14086,Agatha and the Storm,2004,Comedy|Romance,6.098,51,0.3255,it
35950,Ghost Lake,2004,Horror|Mystery|Thriller,3.705,22,0.4212,en
243672,Pink Punch,2004,Drama,3.591,11,0.3118,es
69313,The Guitar Mongoloid,2004,Drama,5.516,32,0.3339,sv
18497,Exiles,2004,Adventure|Drama|Music,6.142,53,0.4415,fr
64758,When the Sea Rises,2004,Drama|Comedy|Romance,6.159,22,0.3661,fr
37245,3 Guys  1 Girl  2 Weddings,2004,Drama|Comedy,4.7,15,0.3531,fr
26434,Queen on Fire: Live at the Bowl,2004,Music,8.1,16,0.3795,en
28738,Frog-g-g!,2004,Comedy|Horror|Science Fiction,5.5,28,0.4106,en
117276,Celeste in the City,2004,Romance|Comedy|TV Movie,5.9,10,0.3313,en
65967,Up and Down,2004,Comedy|Drama,6.613,31,0.3767,cs
31068,Killing Words,2004,Drama|Thriller,6.614,57,0.2248,es
28418,Darkhunters,2004,Horror,4.092,12,0.3686,en
51727,Consent,2004,Comedy,5.905,21,0.2552,en
316839,Si j'étais elle,2004,Comedy|TV Movie,4.9,10,0.3487,fr
60607,Natural Enemy,2004,Drama|Crime|Mystery,4.85,10,0.5381,fr
54427,Stork Day,2004,Comedy|Fantasy,6.591,186,0.3726,it
39847,Tetris: From Russia with Love,2004,Documentary,6.714,14,0.2474,en
71241,In Search of the Titanic,2004,Animation|Family,3.1,26,0.4529,it
58278,The Vanity Serum,2004,Crime|Mystery|Thriller,5.611,18,0.2312,it
32547,Social Genocide,2004,Documentary,8.083,24,0.2036,es
89587,Eyes of Crystal,2004,Thriller|Crime,5.7,41,0.4589,it
57977,Moon of Avellaneda,2004,Drama|Romance,7.153,98,0.373,es
1145722,The Making of 'Kill Bill Vol. 2',2004,Documentary,8.846,13,0.3547,en
36971,Whisky,2004,Comedy|Drama,6.9,96,0.3157,es
23965,The White Diamond,2004,Documentary,6.934,83,0.2457,en
48870,Promised Land,2004,Drama|Thriller,5.1,19,0.2832,en
131123,Guardian of the Realm,2004,Horror|Science Fiction,3.4,15,0.2392,en
53301,Toss-Up,2004,Drama,6.877,53,0.3668,tr
44634,Woman Thou Art Loosed,2004,Drama,5.478,23,0.3159,en
20193,Slugs,2004,Comedy,5.694,31,0.2598,de
34207,Duck Season,2004,Comedy|Drama,7.072,83,0.3379,es
1392,Born into Brothels: Calcutta's Red Light Kids,2004,Documentary,6.825,249,0.4384,en
40330,Happy Camper,2004,Comedy|Crime,5.607,14,0.3296,fr
26998,Charley & Mimmo,2004,Family|Animation,6.8,16,0.4254,fr
261234,The Night Is Bright,2004,Drama|Romance,3.542,12,0.25,ru
10175,Tears of Kali,2004,Fantasy|Horror|Science Fiction,5.2,20,0.3123,de
89223,Snuff Trap,2004,Mystery|Thriller|Horror,4.405,21,0.3814,it
291545,Parasite,2004,Horror,5.735,16,0.3582,en
12604,Dalecarlians,2004,Comedy|Drama,5.915,47,0.3226,sv
25334,Wondrous Oblivion,2004,Drama,6.614,22,0.342,en
12612,Freeze Frame,2004,Thriller|Drama|Crime,6.295,61,0.4425,en
121022,Rooms for Tourists,2004,Horror,4.429,14,0.1928,es
174787,Guerrilla: The Taking of Patty Hearst,2004,Documentary,6.3,11,0.2251,en
41475,Bright Leaves,2004,Documentary,6.969,16,0.2353,en
48278,Michelangelo Eye to Eye,2004,Documentary,6.192,13,0.3362,it
25956,Secuestro Express,2004,Drama|Action|Thriller|Crime,6.337,46,0.3513,es
44489,Ice Men,2004,Drama,4.273,11,0.2489,en
27675,Blood Gnome,2004,Horror,3.286,21,0.2719,en
81088,Mass,2004,Drama|Action|Crime|Romance,6.08,25,0.4304,te
95696,A Dot and a Line,2004,Drama|Action,4.789,19,0.3213,es
110282,A Way of Life,2004,Drama,6.417,12,0.3476,en
103212,Rakht,2004,Thriller|Horror,5.077,13,0.417,hi
11195,The Ninth Day,2004,Drama|Thriller|War,6.5,24,0.2495,de
61853,Motocross Kids,2004,Family|Action,5.955,11,0.3115,en
26020,Kathy Griffin: Allegedly,2004,Comedy,6.731,13,0.1857,en
57113,Wherever You Are,2004,Drama,4.789,19,0.3718,it
198307,Ricky Gervais Live 2: Politics,2004,Comedy,6.862,69,0.2971,en
26810,A Common Thread,2004,Drama,6.424,33,0.258,fr
11073,Pura Vida Ibiza,2004,Comedy,4.036,14,0.3976,de
46869,Love on the Side,2004,Comedy|Romance,4.976,21,0.2651,en
6216,The Whore's Son,2004,Drama,5.214,14,0.2886,de
44220,Patton Oswalt: No Reason to Complain,2004,Comedy|Documentary|TV Movie,7.3,21,0.2639,en
45924,The World According To Bush,2004,Documentary,7.6,10,0.2831,en
67334,True Love,2004,Drama|Romance,5.143,14,0.3188,en
217745,Dil Maange More!!!,2004,Romance,4.7,17,0.319,hi
72058,Madame Edouard,2004,Comedy|Crime,4.8,10,0.2487,fr
57685,The Best Thief in the World,2004,Comedy|Drama,4.643,14,0.5744,en
33827,The Graffiti Artist,2004,Drama|Romance,5.574,27,0.2052,en
60222,Dans une galaxie près de chez vous  le film,2004,Comedy|Action|Family|Science Fiction,7.385,13,0.4247,fr
56785,Welcome to Switzerland,2004,Comedy,5.015,34,0.3044,fr
16843,11:11,2004,Horror|Thriller,3.642,60,0.2654,en
442,Popular Music,2004,Comedy|Drama,6.297,64,0.3541,sv
37694,Proud,2004,Drama,4.65,10,0.2703,en
80018,L.A. Twister,2004,Comedy,5.273,11,0.2387,en
53143,Cirque du Soleil: La Nouba,2004,Documentary|Family|Music,7.333,12,0.2995,en
77085,A Cartomante,2004,Drama,3.846,13,0.2403,pt
40569,Nos amis les flics,2004,Comedy|Action|Crime,5.0,33,0.2243,fr
62074,Baal,2004,Drama|TV Movie,5.682,11,0.3084,de
24685,Viper in the Fist,2004,Drama,6.5,173,0.3974,fr
43432,Roma,2004,Drama|History|Romance|Mystery,6.397,29,0.3068,es
11346,Kleinruppin Forever,2004,Comedy,5.864,22,0.229,de
36771,Uuno Turhapuro – This Is My Life,2004,Comedy,4.571,14,0.2203,fi
163957,Evolution of a Filipino Family,2004,Drama,7.735,34,0.3012,tl
48635,Isi/Disi - Amor a lo bestia,2004,Comedy|Music|Romance,4.79,62,0.4326,es
121203,Final Cut: The Making and Unmaking of Heaven's Gate,2004,Documentary,7.462,13,0.3802,en
14130,One Perfect Day,2004,Drama|Romance,5.436,11,0.3066,en
379835,Mum's Guest,2004,Unknown,6.273,22,0.3333,fa
18154,The Deviants,2004,Comedy|Romance,4.2,10,0.2785,en
199283,Grandma,2004,Drama,6.0,26,0.2613,ru
167966,Voices from the List,2004,Documentary|Drama|War,6.864,11,0.2916,en
5960,Only Human,2004,Drama|Comedy|Romance,6.329,35,0.3166,es
36920,The School Trip,2004,Comedy|Romance|TV Movie,4.778,18,0.1893,de
35953,In the Land of the Cannibals,2004,Horror|Action|Thriller,4.367,15,0.3246,en
137308,The Journey,2004,Drama|Romance,4.955,11,0.2708,ml
167284,Viva Algeria,2004,Drama,5.75,12,0.3618,fr
108827,Mirage,2004,Drama,6.813,16,0.2641,mk
31707,Curse of the Maya,2004,Horror,3.6,15,0.1783,en
278388,The Iceman and the Psychiatrist,2004,Documentary|Crime|Thriller|Horror,7.4,22,0.2795,en
37267,The Threat,2004,Drama|Thriller|Action,5.471,17,0.2636,sv
30860,06/05,2004,Drama|Thriller,5.614,22,0.364,nl
15188,Monster Thursday,2004,Drama|Romance,5.1,15,0.3402,no
56896,Sharks 3D,2004,Documentary,6.9,15,0.2585,en
217720,The Trailer Park Boys Xmas Special,2004,Comedy|TV Movie,6.836,55,0.2768,en
40225,Confidence Reigns,2004,Comedy,4.286,21,0.3856,fr
146546,Italiencele,2004,Comedy|Drama,5.5,10,0.3386,ro
54671,Okul,2004,Comedy|Horror,3.956,45,0.2648,tr
10926,Samba in Mettmann,2004,Comedy,4.969,16,0.3194,de
16668,The Best Two Years,2004,Comedy|Drama,7.048,21,0.3033,en
108417,The Mystery of the Almond Trees,2004,Drama|Comedy|Thriller,4.5,10,0.2296,es
404475,Kiss Kis Ko,2004,Comedy|Music|Romance,4.538,13,0.2858,hi
78258,Venus & Fleur,2004,Drama,4.857,28,0.2404,fr
50613,Angel in the Family,2004,Drama|TV Movie,4.8,15,0.2591,en
23857,White Skin,2004,Drama|Horror|Mystery,5.0,27,0.2429,fr
73746,Snowfever,2004,Romance|Comedy|Drama,6.4,14,0.2839,nl
73915,Estamira,2004,Documentary,7.545,22,0.3063,pt
21616,Cautiva,2004,Drama,6.727,22,0.2865,es
361866,Rudraksh,2004,Action|Fantasy,3.773,22,0.216,hi
109587,The Red Colored Grey Truck,2004,Comedy|Romance|Adventure,6.817,41,0.2782,sr
60106,Loser Takes All!,2004,Mystery|Comedy,5.389,27,0.2727,fr
263029,Late Night with Conan O'Brien: The Best of Triumph the Insult Comic Dog,2004,Comedy,6.533,15,0.2063,en
53691,Action Man: Robot ATAK,2004,Action|Family|Animation,6.1,13,0.1941,en
32314,Büyü,2004,Horror,3.231,26,0.1966,tr
44104,Private,2004,Drama,6.619,21,0.1716,ar
174120,Zapata: The dream of a hero,2004,War|Drama,5.619,21,0.2954,es
72039,Attack of the Virgin Mummies,2004,Horror|Comedy,3.0,13,0.3403,en
41237,They Are Among Us,2004,Horror|Science Fiction|Thriller|TV Movie,4.118,17,0.3015,en
107967,ABBA - The Last Video,2004,Music|Comedy|Animation,5.8,10,0.2385,en
76967,Chellamae,2004,Thriller|Romance,6.0,13,0.3898,ta
43561,Christmas in Love,2004,Comedy|Romance,4.706,251,0.239,it
35304,Miss Sweden,2004,Drama,5.2,29,0.235,sv
38398,Just Bea,2004,Comedy|Romance,5.762,21,0.3137,no
79767,Rolling Family,2004,Drama|Comedy,6.306,31,0.3096,es
210661,My Nikifor,2004,Drama|History,5.941,17,0.2355,pl
40187,An Innocent Little Game,2004,Comedy,5.847,49,0.3198,fr
228434,The Ten Steps,2004,Horror|Thriller,7.0,10,0.2801,en
11394,Jazzclub - Der frühe Vogel fängt den Wurm,2004,Comedy,5.8,23,0.33,de
110088,Tracy Beaker: The Movie of Me,2004,Comedy|Fantasy,6.3,10,0.1999,en
177155,Days and Hours,2004,Drama,7.708,12,0.3176,bs
11218,Rhythm is it!,2004,Documentary,7.05,10,0.2313,en
99436,The Japanese Wife Next Door: Part 2,2004,Comedy,7.0,18,0.2611,ja
29168,Dr. Moreau's House of Pain,2004,Horror|Science Fiction,4.194,18,0.2793,en
101884,Carrie's War,2004,Drama|Family|History|War,7.7,10,0.2639,en
25223,Gopher Broke,2004,Animation|Comedy,6.06,42,0.1977,en
113054,Mila from Mars,2004,Drama,7.182,11,0.2925,bg
82236,13 at a Table,2004,Drama|Comedy,6.607,14,0.2879,it
78134,Nelly,2004,Drama,4.714,14,0.3366,fr
152657,My Only Love,2004,Drama,4.577,13,0.2839,fr
180050,Cigarettes and Coffee,2004,Drama,6.5,20,0.2408,ro
126046,The Prisoner of the Iron Bars,2004,Documentary|History,7.6,12,0.2198,pt
62778,Don't Even Think 2: Independence Play,2004,Crime|Comedy,3.333,12,0.2778,ru
49132,Boy,2004,Drama,5.771,24,0.1805,en
27903,Margaret Cho: CHO Revolution,2004,Comedy,5.818,11,0.2327,en
26818,Searching for the Wrong-Eyed Jesus,2004,Documentary|Music,7.333,10,0.3228,en
61165,Adam & Evil,2004,Horror,3.659,22,0.2055,it
32566,Bullet Boy,2004,Action|Crime|Drama,5.672,32,0.3159,en
455437,Carlitos Medellin,2004,Documentary,6.412,17,0.8177,es
43271,Unconscious,2004,Comedy|Mystery|Romance,6.872,43,0.2564,es
92069,Argo,2004,Action|Comedy,7.217,23,0.2983,hu
193422,I Love Cinema,2004,Drama|Comedy,5.952,21,0.2281,ar
245017,Binta and the Great Idea,2004,Family|Drama,6.033,15,0.231,fr
16423,Love and Magnets,2004,Drama|Romance,6.353,17,0.3108,fr
60017,How We Got the Italian Movie Business Into Trouble: The True Story of Franco and Ciccio,2004,Documentary,6.765,17,0.2162,it
61267,Clara and Me,2004,Drama|Romance,5.409,22,0.2196,fr
397855,Jammin' in Jamaica,2004,Animation|Comedy|Music,6.7,13,0.3811,en
69054,Slavoj Zizek: The Reality of the Virtual,2004,Documentary,6.688,16,0.2,en
105357,Felix the Cat Saves Christmas,2004,Family|Drama|Music|Animation,5.5,10,0.1842,en
28698,Everything,2004,Drama|Mystery,5.106,16,0.1493,en
199036,The Lost Tape: Andy's Terrifying Last Days Revealed,2004,Horror,5.816,19,0.2141,en
40851,The First Time I Turned Twenty,2004,Comedy,5.808,13,0.2362,fr
39496,Producing Adults,2004,Drama|Comedy|Romance,5.204,27,0.3673,fi
684740,The Matrix Revolutions: Neo Realism - Evolution of Bullet Time,2004,Documentary,6.8,14,0.2523,en
79910,Crutch,2004,Drama|Romance,4.727,11,0.3068,en
33377,Bush's Brain,2004,Documentary,6.857,14,0.2328,en
54925,A Wonderful Night in Split,2004,Drama|Crime,7.5,14,0.2893,hr
143240,Never in My Life!,2004,Romance|Comedy,6.5,53,0.2058,pl
2702,Earth and Ashes,2004,Drama,5.909,11,0.1985,ps
48785,The Last Train,2004,Drama|War,4.727,11,0.2409,ru
43979,20 Fingers,2004,Drama,5.417,12,0.2825,fa
48329,Ryan,2004,Documentary|Animation|Drama|Fantasy,6.712,66,0.2399,en
25283,Four Shades of Brown,2004,Comedy|Drama,6.5,35,0.2276,sv
49121,Running Without Sound,2004,Romance,4.455,11,0.1296,en
140666,Weekend Millionaires,2004,Comedy,6.688,16,0.2334,ro
255547,Didi Wanna Be a Kid,2004,Comedy|Family,4.345,55,0.2468,pt
45990,Christmas Rematch,2004,Comedy|Drama,6.875,116,0.176,it
73123,In Orange,2004,Adventure|Drama|Family,6.038,26,0.2453,nl
64800,The Three Faces of Terror,2004,Horror,4.929,14,0.1946,it
427040,Happy Tree Friends- Winter Break,2004,Animation|Comedy|Horror,7.5,13,0.3573,en
9,Sunday in August,2004,Drama,6.967,30,0.2784,de
128100,A Visit to the Louvre,2004,Documentary,6.3,10,0.1529,fr
13443,NASCAR: The IMAX Experience,2004,Documentary,7.24,25,0.3473,en
76195,Centipede,2004,Horror,3.25,14,0.2305,en
78293,À tout de suite,2004,Crime|Drama|Romance|Thriller,5.167,18,0.2783,fr
25262,Dave Gorman's Googlewhack Adventure,2004,Comedy,8.056,18,0.2197,en
17871,Chris Rock: Never Scared,2004,Comedy,7.505,94,0.3944,en
172513,Green Vinyl,2004,Drama|Horror|Fantasy,6.487,38,0.2154,pt
70812,Redeemer,2004,Drama|Fantasy,7.0,27,0.1684,pt
16046,The Take,2004,Documentary,7.841,22,0.1725,en
43545,Lost Things,2004,Thriller|Horror,4.87,27,0.2574,en
108907,Looking for Alexander,2004,Drama,6.867,15,0.2756,fr
143470,Ouija,2004,Horror,7.196,23,0.2753,es
33611,The Robbery of the Third Reich,2004,Crime|Comedy|War,6.0,18,0.243,sr
61681,Lightweight,2004,Drama,4.458,12,0.2078,fr
40056,Prom Queen: The Marc Hall Story,2004,Comedy|Drama,5.944,18,0.1901,en
27222,You I Love,2004,Comedy|Romance,4.238,21,0.3314,ru
10113,Fear of Clowns,2004,Horror|Thriller,4.524,21,0.2964,en
334620,Girlfriend,2004,Romance|Drama,3.231,13,0.1752,en
34100,Zen Noir,2004,Comedy|Drama|Mystery,4.75,12,0.1514,en
22427,Blue Collar Comedy Tour Rides Again,2004,Comedy|Documentary,5.7,33,0.2627,en
254502,R20,2004,Comedy,4.9,10,0.2816,el
83827,In the Darkness of the Night,2004,Crime|Drama,5.9,16,0.2505,pt
116550,A Less Bad World,2004,Drama,6.262,21,0.1945,es
68873,My Angel,2004,Drama,5.844,16,0.1868,fr
47413,After the Apocalypse,2004,Drama|Science Fiction,5.273,11,0.1472,en
74101,Dark Harvest,2004,Horror,2.273,22,0.27,en
338266,Videodrome: Forging the New Flesh,2004,Documentary,6.727,11,0.2878,en
49681,Lost Embrace,2004,Drama|Comedy,6.545,44,0.244,es
153770,Marseille,2004,Drama,6.778,18,0.1779,de
25590,In the Rough,2004,Comedy|Animation,6.342,19,0.177,en
97319,Cosas que hacen que la vida valga la pena,2004,Comedy|Drama|Romance,5.1,10,0.2417,es
47019,Bowie: A Reality Tour,2004,Music|Documentary,8.393,14,0.1912,en
143278,A Trip to the Orphanage,2004,Music,5.929,14,0.1833,en
259402,Metalworkers,2004,Documentary,6.676,17,0.2255,pt
14978,Moog,2004,Documentary|Music|History,5.357,14,0.2562,en
43973,Stray Dogs,2004,Drama,7.333,12,0.2345,fa
284821,Winnie the Pooh: 123's,2004,Animation,6.9,20,0.2342,en
44648,Finding Kate,2004,Drama,6.042,12,0.2449,en
8995,C(r)ook,2004,Comedy|Crime|Thriller,7.163,49,0.2159,de
28419,Hellbreeder,2004,Horror,3.8,10,0.2875,en
33916,Czech Dream,2004,Documentary|Crime,7.237,38,0.2127,cs
22728,L'amore è eterno finché dura,2004,Comedy,6.145,251,0.2274,it
277819,Factory,2004,Documentary,5.667,15,0.1584,ru
121454,Buffalo Boy,2004,Drama,6.5,11,0.1933,vi
71781,Balas & Bolinhos: O Regresso,2004,Adventure|Crime|Comedy,6.714,28,0.2191,pt
36479,Steve-O: The Early Years,2004,Comedy|Documentary,6.455,11,0.1834,en
386138,Saturday  Sunday & Monday,2004,Comedy|Drama,6.769,13,0.1823,it
87929,Trafic,2004,Unknown,6.65,10,0.2083,ro
47200,Schizo,2004,Crime|Drama|Romance|Mystery,5.278,18,0.2069,ru
27471,Carmilla  the Lesbian Vampire,2004,Horror,3.091,22,0.2052,en
36725,Kill Your Idols,2004,Documentary|Music,7.5,13,0.217,en
21843,Riot On!,2004,Documentary,4.864,11,0.1445,en
10248,The Ring Thing,2004,Comedy,5.211,19,0.1831,de
95607,The Cop  the Criminal and the Clown,2004,Comedy,4.182,11,0.2369,fr
77708,O Vestido,2004,Drama|Romance,5.8,12,0.3019,pt
153088,Bad Joke 2,2004,Comedy,2.643,14,0.2225,cs
267990,The Natural Route,2004,Drama,6.875,20,0.1679,es
35005,Conversations with Mother,2004,Comedy|Drama,5.857,14,0.2332,es
157909,Show Me,2004,Drama|Thriller,5.846,13,0.1513,en
21022,Hush Hush Baby,2004,Comedy|Drama,5.929,28,0.2212,nl
47843,Real Life,2004,Drama|Fantasy,5.0,10,0.1294,el
15083,האושפיזין,2004,Comedy|Drama,6.7,22,0.1774,he
170113,Cape of Good Hope,2004,Comedy|Drama|Romance,5.3,10,0.1925,en
31255,Dark Harvest II: The Maize,2004,Horror,3.286,14,0.2765,en
270374,Sugar Orange,2004,Drama|Romance,5.773,11,0.2363,de
65120,Days of Santiago,2004,Drama|Crime,7.833,25,0.2085,es
73870,Se devo essere sincera,2004,Comedy|Crime,5.939,33,0.2304,it
190390,Adieu,2004,Comedy|Drama,7.3,10,0.1914,fr
111089,Good Life Delivery,2004,Drama|Comedy,7.036,15,0.1672,es
30774,The White Stripes: Under Blackpool Lights,2004,Music,7.45,10,0.1841,en
18409,L’incomparable Mademoiselle C.,2004,Family|Comedy,6.045,11,0.238,fr
252476,Harvest Time,2004,Drama,5.7,10,0.1564,ru
205908,Recon 2020:  The Caprini Massacre,2004,Science Fiction|Action,3.067,15,0.2112,en
320917,Oranges,2004,Romance|Drama,6.75,26,0.2008,en
546202,Zona del silencio: Paralelo 27,2004,Science Fiction,5.7,14,0.121,es
92327,Liviu's Dream,2004,Drama,6.8,11,0.2045,ro
344008,Mon voisin du dessus,2004,Comedy|Romance|TV Movie,6.091,11,0.1901,fr
79549,Dans la tête du tueur,2004,Crime|TV Movie,5.091,11,0.1356,fr
397690,Gayab,2004,Fantasy,4.0,10,0.2073,hi
56655,Everything About Mustafa,2004,Drama|Thriller,6.606,52,0.1645,tr
83266,It's Not You  It's Me,2004,Romance|Comedy,6.358,53,0.1886,es
34901,Christina Aguilera: Stripped - Live in the U.K.,2004,Music,8.157,14,0.1874,en
44086,The Kite,2004,Drama|Romance,5.4,15,0.1505,fr
149872,Addicted to Acting,2004,Documentary,6.773,11,0.1347,de
48679,Flatlife,2004,Animation|Comedy,6.722,18,0.2164,en
48690,The Gift,2004,Drama,6.4,18,0.2223,it
471135,What Grown-Ups Know,2004,Drama,4.7,10,0.136,en
3510,Shem,2004,Drama,4.7,10,0.1554,en
49037,Hellevator: The Bottled Fools,2004,Science Fiction|Horror,5.455,55,0.2804,ja
56976,Love Returns,2004,Comedy|Drama,6.071,14,0.1326,it
258450,Addictions and Subtractions,2004,Drama,6.125,16,0.1438,es
78705,Live-In Maid,2004,Drama,7.231,13,0.1212,es
37812,Peter Kay: Live at the Manchester Arena,2004,Comedy,5.864,11,0.1468,en
90361,Bettie Page: Dark Angel,2004,Drama,4.208,11,0.218,en
51252,Palermo Hollywood,2004,Drama,5.275,20,0.1295,es
143281,Sissy-Boy Slap-Party,2004,Comedy,5.229,35,0.1226,en
105646,The Great Water,2004,Drama|War,5.529,17,0.1882,mk
103632,Love by Mistake,2004,Drama,5.2,10,0.1269,es
39377,Ron White: They Call Me Tater Salad,2004,Comedy,6.618,17,0.1318,en
31257,The Hillz,2004,Crime|Drama,3.143,21,0.1327,en
48732,America's Heart & Soul,2004,Documentary|Family,5.55,10,0.1668,en
85757,Steve + Sky,2004,Comedy|Romance|Drama,6.3,19,0.3564,nl
311036,Wandering Shadows,2004,Comedy|Drama,6.545,11,0.1434,es
20148,Cowboys & Angels,2004,Comedy|Drama,6.0,40,0.2204,en
48606,Birthday Boy,2004,Animation,6.769,13,0.0868,ko
48121,Mondovino,2004,Documentary,6.605,19,0.1465,en
143808,Sorrowful Shadow,2004,Comedy,6.025,20,0.1153,en
58014,A Children's Story,2004,Crime|Drama,6.25,24,0.1751,it
146941,The Revolution of the Crabs,2004,Animation,6.783,30,0.1358,fr
17024,Slutty Summer,2004,Comedy|Romance,4.895,19,0.212,en
25592,Last Chance Saloon,2004,Comedy,4.1,10,0.1956,fr
59062,The Sun Assassinated,2004,Unknown,5.3,10,0.1442,fr
203013,Witchcraft XII: In the Lair of the Serpent,2004,Horror,2.0,10,0.3801,en
195833,Caribe,2004,Drama,6.042,12,0.1117,es
203808,Strange Fruit,2004,Mystery|Thriller,3.7,10,0.1157,en
58529,Dealer,2004,Drama,7.023,22,0.1139,hu
126238,Ten Skies,2004,Documentary,7.25,16,0.164,en
34581,Twist of Faith,2004,Documentary,6.938,16,0.1938,en
51886,Jochem Myjer: Adéhadé,2004,Comedy,7.4,12,0.2364,nl
86280,Star Spangled to Death,2004,Documentary,7.727,11,0.1319,en
116603,The Great American Snuff Film,2004,Crime|Horror,3.273,11,0.2028,en
83946,Tom Dowd & The Language of Music,2004,Documentary|Music,7.429,14,0.1519,en
67889,Uncovered: The War on Iraq,2004,Documentary|History|War,8.0,11,0.1093,en
50289,The Junior Olsen Gang Rocks It,2004,Adventure|Family|Comedy,5.818,11,0.163,no
129308,Georges Bataille's Story of the Eye,2004,Drama,3.409,11,0.1772,en
34094,Hide and Creep,2004,Horror|Comedy|Science Fiction,6.1,25,0.1558,en
292351,93  rue Lauriston,2004,Crime|Drama|History|TV Movie,5.722,18,0.1951,fr
25465,The Future of Food,2004,Documentary,7.56,25,0.122,en
23377,Pablo Francisco: Bits and Pieces,2004,Comedy,7.6,17,0.3386,en
205803,The Making of ‘Mulholland Drive’,2004,Documentary,7.0,14,0.1385,en
228398,Justice,2004,Documentary,6.864,11,0.1972,pt
319391,J.K. Rowling and the Birth of Harry Potter,2004,Documentary,7.1,21,0.1251,en
28743,The Off Season,2004,Horror,4.545,11,0.1709,en
73694,Les Bodin's - Mère & Fils,2004,Comedy,6.3,15,0.2478,fr
4237,Freak Out,2004,Comedy|Horror,5.571,14,0.1622,en
39483,Larry the Cable Guy: Git-R-Done,2004,Comedy,4.5,10,0.1154,en
455735,El atraco,2004,Drama,6.889,18,0.1151,es
47357,North Korea: A Day in the Life,2004,Documentary,6.643,14,0.1725,nl
267133,How I Killed a Saint,2004,Drama,5.25,10,0.1553,mk
344762,DFK6498,2004,Drama,6.5,22,0.1391,en
104718,Other Worlds,2004,Documentary|Mystery,7.031,16,0.1001,fr
18996,Brian Regan: I Walked on the Moon,2004,Comedy,8.13,23,0.1931,en
33823,Paper Clips,2004,Documentary,6.974,19,0.2342,en
45183,Cachimba,2004,Comedy,4.909,11,0.1919,es
182856,The Beautiful Washing Machine,2004,Unknown,5.091,11,0.1232,zh
252293,Intermissions,2004,Documentary,7.857,14,0.1148,pt
74676,Oasis: Definitely Maybe,2004,Music|Documentary,7.6,10,0.1047,en
56475,Touch the Sound,2004,Documentary|Music,7.4,13,0.1581,en
104062,The Last Farm,2004,Drama,7.24,25,0.187,is
36003,Danger! 50 000 Zombies,2004,Horror|Comedy,7.357,14,0.1427,en
102341,In This World of Thieves,2004,Comedy,5.41,162,0.3765,it
30856,Gunner Palace,2004,Documentary|History|War,6.313,24,0.1522,en
34507,Doug Stanhope: Deadbeat Hero,2004,Comedy,8.0,21,0.1148,en
62286,Chest Imeyu,2004,War,6.25,10,0.119,ru
37010,Promedio rojo,2004,Comedy|Romance,4.813,16,0.1385,es
33280,Cry in the Woods,2004,Crime|Thriller,5.563,16,0.134,no
36067,13 Lakes,2004,Documentary,6.808,13,0.1137,en
113364,Stealing a Nation,2004,Documentary,8.3,14,0.1905,en
64973,Peace  Propaganda & the Promised Land,2004,Documentary,6.577,13,0.1651,en
140597,Attractive Seeks Woman,2004,Comedy,5.35,10,0.1325,pl
48933,To Sleep Next to Her,2004,Drama,5.889,27,0.1017,it
203723,Delivery,2004,Drama,4.909,11,0.0905,el
77705,The Other Side of the Street,2004,Thriller|Drama|Romance,6.553,19,0.1668,pt
36241,Los Muertos,2004,Drama,6.338,37,0.156,es
116753,Shwaas,2004,Drama,7.364,11,0.0873,mr
14036,Johan Cruijff - En un momento dado,2004,Documentary,7.0,10,0.1323,en
85761,Hours of Light,2004,Romance|Drama,4.944,18,0.0976,es
96054,Bangkok Loco,2004,Comedy|Music,6.25,12,0.1321,th
48596,Ana and the Others,2004,Drama,6.429,14,0.1232,es
143072,Christmas at Deejay's House: A Christmas Carol,2004,Comedy,6.682,11,0.1109,it
97136,Demetri Martin: If I,2004,Comedy|TV Movie,6.7,10,0.0993,en
98959,The Game of Truth,2004,Drama|Comedy|Romance,5.227,11,0.1834,es
251153,Submission: Part I,2004,Drama,6.368,19,0.0934,en
51055,Seoul Train,2004,Documentary,5.75,10,0.1226,en
125741,In the Battlefields,2004,Drama|War,6.1,10,0.1263,ar
51069,I Like Killing Flies,2004,Documentary,7.2,27,0.0679,en
45294,The History Of Iron Maiden - Part 1: The Early Days,2004,Music|Documentary,8.2,12,0.1088,en
52188,The Waiting Room,2004,Drama,6.181,35,0.1312,tr
240069,Um Show de Verão,2004,Romance,3.5,19,0.1078,pt
73450,Daffy Duck for President,2004,Animation|Comedy|Family,5.909,11,0.0897,en
27800,Kill the Scream Queen,2004,Horror,2.227,11,0.2959,en
28105,Word Wars,2004,Documentary,6.352,27,0.1503,en
106441,Anger Sees Red,2004,Unknown,3.6,10,0.1113,en
147819,Jan 69,2004,Documentary|History,6.0,13,0.0763,cs
153118,The Man Without a Shadow,2004,Animation,6.929,28,0.1061,fr
182291,On The Downlow,2004,Drama,4.455,11,0.096,en
178469,The 3 Rooms of Melancholia,2004,Documentary,7.5,14,0.0839,fi
48342,The Phantom Inventory,2004,Animation|Fantasy|Drama,6.818,11,0.1105,fr
99950,Every So Often in the World...,2004,Documentary,7.25,12,0.0725,es
155909,Saved by a Miracle,2004,Comedy|TV Movie|History,5.455,11,0.1844,pl
31801,Slayer: Still Reigning,2004,Music,7.464,14,0.1016,en
651342,"J.R.R. Tolkien and the Birth of ""The Lord of the Rings"" and ""The Hobbit""",2004,Documentary,5.7,13,0.142,en
39909,Bone Sickness,2004,Horror,3.346,26,0.119,en
245005,Mighty Times: The Children's March,2004,Documentary,7.8,10,0.0791,en
125742,The 10th District Court: Moments of Trial,2004,Documentary,7.352,27,0.0751,fr
26057,Kathy Griffin: The D-List,2004,Unknown,6.8,10,0.0935,en
121587,Camp Slaughter,2004,Horror|Science Fiction,2.545,11,0.1216,en
341586,Shyamol Chhaya,2004,Drama,8.083,12,0.1781,bn
129129,Light Is Calling,2004,Unknown,6.75,24,0.075,en
37801,Lewis Black: Black on Broadway,2004,Comedy,6.905,37,0.1084,en
717823,Terminator 5: The Death of Hollywood,2004,Comedy|Science Fiction|Action,5.1,24,0.0957,ru
14656,The Hook,2004,Thriller,6.3,10,0.1404,fr
77468,Fjorton suger,2004,Romance|Drama,4.353,18,0.1021,sv
201199,Bug Crawls,2004,Animation|Horror,6.0,23,0.1055,en
328544,In the Dark,2004,Documentary,6.9,10,0.0857,ru
12540,Bring It On Again,2004,Comedy,5.924,453,0.0858,en
92814,Jesus Christ: Serial Rapist,2004,Horror,3.143,14,0.0738,en
172539,My Uncle Mario,2004,Unknown,7.6,15,0.0507,he
79075,BAGMAN Profession: Meurtrier,2004,Comedy|Horror,6.089,28,0.1597,fr
216991,Post Coitum,2004,Comedy,4.455,11,0.0681,cs
56008,J'me sens pas belle,2004,Romance|Comedy,5.283,30,0.1369,fr
77125,A Trip to the City,2004,Drama,6.6,10,0.0517,ro
45783,Anders Matthesen: Tal for dig selv,2004,Comedy,7.656,16,0.0686,da
454829,Different,2004,Unknown,4.5,10,0.0569,en
89585,Chisholm '72: Unbought & Unbossed,2004,Documentary,8.455,11,0.0679,en
387325,Forced to Kill,2004,Action|Western|Crime,2.8,11,0.0393,pt
113989,Mouse Heaven,2004,Documentary,6.5,16,0.096,en
185600,A Pure Spirit,2004,Drama,4.694,18,0.0578,fr
149586,The Conscientious Objector,2004,Documentary,7.4,11,0.1099,en
687920,Sexo e a Metrópole,2004,Unknown,6.4,12,0.0412,pt
358626,Il mio eroe Paperino,2004,Unknown,6.5,12,0.0361,it
62854,Frequently Asked Questions,2004,Drama|Science Fiction,4.792,12,0.0717,fr
354113,Striking Daughter,2004,Animation,3.0,14,0.0297,ja
47538,Blind Guardian: Imaginations Through the Looking Glass,2004,Music|Documentary,7.9,12,0.0811,en
293809,Undressing My Mother,2004,Documentary,5.875,12,0.0445,en
30150,Dream Theater: Live at Budokan,2004,Music,7.594,16,0.0382,en
61707,Bazaar Bizarre: The Strange Case of Serial Killer Bob Berdella,2004,Documentary,3.455,12,0.0297,en
44286,Between the Boys,2004,Drama|Family|Romance,5.417,12,0.1136,en
410068,Metamorfosis,2004,Drama,6.4,10,0.0071,es
260678,A Tree in Tanjung Malim,2004,Drama,6.2,10,0.0646,zh
41849,Straight Into Darkness,2004,Action|Adventure|Drama,4.545,22,0.0443,en
30904,Death in Gaza,2004,Documentary,5.808,13,0.0239,en
311128,The Tale of the Floating World,2004,War|Animation|Drama|Fantasy,6.7,10,0.0143,ja
239001,Butterfly of Love,2004,Unknown,6.182,11,0.0143,fr
155586,Creating the Lord of the Rings Symphony,2004,Music|Documentary,7.182,11,0.0007,en
