id,title,release_year,genres,vote_average,vote_count,popularity,original_language
496243,Parasite,2019,Comedy|Thriller|Drama,8.494,20686,35.0029,ko
299534,Avengers: Endgame,2019,Adventure|Science Fiction|Action,8.237,27790,30.6417,en
537915,After,2019,Drama|Romance,7.108,8524,26.2168,en
429617,Spider-Man: Far From Home,2019,Action|Adventure|Science Fiction,7.4,16974,22.8642,en
301528,Toy Story 4,2019,Family|Comedy|Animation|Adventure,7.462,10540,22.5764,en
581528,The Gangster  the Cop  the Devil,2019,Action|Crime|Thriller,7.864,1476,20.5631,ko
567609,Ready or Not,2019,Horror|Comedy,7.1,5495,19.0863,en
519465,Queen of Hearts,2019,Drama,6.915,377,18.9586,da
475557,Joker,2019,Crime|Thriller|Drama,8.125,27746,15.2071,en
330457,Frozen II,2019,Family|Animation|Adventure|Comedy|Fantasy,7.2,10289,16.3463,en
466272,Once Upon a Time... in Hollywood,2019,Comedy|Drama|Thriller,7.4,14862,14.6169,en
546554,Knives Out,2019,Comedy|Crime|Mystery,7.8,14034,12.5801,en
530385,Midsommar,2019,Horror|Drama|Mystery,7.15,8085,12.1489,en
420817,Aladdin,2019,Adventure|Fantasy|Romance|Family,7.085,10614,12.2349,en
615453,Ne Zha,2019,Animation|Fantasy|Adventure,7.9,866,13.2377,zh
384018,Fast & Furious Presents: Hobbs & Shaw,2019,Action|Adventure|Comedy,6.832,7761,12.9595,en
633604,Yummy,2019,Horror|Comedy,6.333,353,11.5318,nl
474350,It Chapter Two,2019,Horror|Thriller|Drama,6.838,9621,12.4406,en
359724,Ford v Ferrari,2019,Drama|Action|History,8.007,8990,11.9791,en
181812,Star Wars: The Rise of Skywalker,2019,Adventure|Action|Science Fiction,6.269,10848,12.8041,en
299537,Captain Marvel,2019,Action|Adventure|Science Fiction,6.782,16760,11.2231,en
530915,1917,2019,War|History|Drama,7.987,13554,10.7599,en
331482,Little Women,2019,Drama|Romance,7.9,6837,10.7398,en
373571,Godzilla: King of the Monsters,2019,Science Fiction|Action,6.692,6722,11.0552,en
458156,John Wick: Chapter 3 - Parabellum,2019,Action|Thriller|Crime,7.4,11739,12.6296,en
420818,The Lion King,2019,Adventure|Drama|Family|Animation,7.097,10745,11.6092,en
512200,Jumanji: The Next Level,2019,Adventure|Comedy|Fantasy,6.877,9374,10.7975,en
166428,How to Train Your Dragon: The Hidden World,2019,Animation|Family|Adventure,7.751,7110,10.7215,en
531428,Portrait of a Lady on Fire,2019,Drama|Romance,8.099,2937,10.9849,fr
399579,Alita: Battle Angel,2019,Action|Science Fiction|Adventure,7.255,10032,12.0221,en
509967,6 Underground,2019,Action|Comedy|Thriller,6.334,5178,8.2541,en
412117,The Secret Life of Pets 2,2019,Animation|Comedy|Family|Adventure,6.9,3330,10.2802,en
620249,The Legend of Hei,2019,Animation|Fantasy|Action,8.293,471,10.3637,zh
568160,Weathering with You,2019,Animation|Drama|Fantasy|Romance,7.979,2630,9.3205,ja
287947,Shazam!,2019,Action|Comedy|Fantasy,6.978,10205,9.7599,en
637920,Miracle in Cell No. 7,2019,Drama,8.251,4565,8.8039,tr
420809,Maleficent: Mistress of Evil,2019,Family|Fantasy|Adventure,7.296,6496,8.9754,en
458305,Vivarium,2019,Science Fiction|Mystery|Horror,6.044,2538,8.8203,en
502416,Ma,2019,Horror|Thriller,5.8,2434,8.9182,en
454640,The Angry Birds Movie 2,2019,Animation|Adventure|Comedy|Family,7.0,1883,8.2595,en
290859,Terminator: Dark Fate,2019,Science Fiction|Action|Adventure|Thriller,6.422,5673,7.9801,en
398978,The Irishman,2019,Crime|Drama|History,7.6,7517,7.4984,en
320288,Dark Phoenix,2019,Science Fiction|Action|Adventure,6.0,7079,8.5306,en
522938,Rambo: Last Blood,2019,Action|Thriller|Drama,6.529,4217,5.9872,en
503919,The Lighthouse,2019,Drama|Fantasy|Thriller,7.471,5554,6.4865,en
484641,Anna,2019,Action|Adventure|Thriller,6.715,3004,7.7146,en
458723,Us,2019,Horror|Mystery,6.948,8073,6.4853,en
515001,Jojo Rabbit,2019,Comedy|War|Drama,7.985,10421,5.7021,en
423204,Angel Has Fallen,2019,Action|Thriller,6.606,3891,5.789,en
522162,Midway,2019,Action|War|History,7.099,2718,6.0874,en
447404,Pokémon Detective Pikachu,2019,Action|Adventure|Fantasy,6.9,7355,7.2212,en
531309,Brightburn,2019,Horror|Science Fiction|Drama,6.2,3467,6.4871,en
521029,Annabelle Comes Home,2019,Horror,6.4,3847,6.2401,en
527641,Five Feet Apart,2019,Romance|Drama,8.215,5917,7.1461,en
450465,Glass,2019,Thriller|Drama|Science Fiction,6.666,9087,6.903,en
487616,Curiosa,2019,Drama|History,5.8,241,5.7163,fr
625976,It Feels So Good,2019,Drama|Romance,6.684,49,5.8415,ja
559969,El Camino: A Breaking Bad Movie,2019,Crime|Drama|Thriller,7.046,5641,6.9294,en
575813,Better Days,2019,Drama|Crime|Romance,8.1,555,5.6227,zh
431693,Spies in Disguise,2019,Animation|Action|Adventure|Comedy|Family,7.6,2975,6.3044,en
479455,Men in Black: International,2019,Comedy|Science Fiction|Action|Adventure,5.898,5354,6.6367,en
522681,Escape Room,2019,Horror|Thriller|Mystery,6.544,5055,5.9403,en
535167,The Wandering Earth,2019,Science Fiction|Action|Drama,6.651,1154,5.5228,zh
554596,No manches  Frida 2: paraíso destruido,2019,Comedy,7.9,953,6.118,es
473033,Uncut Gems,2019,Drama|Thriller|Crime,7.165,5388,5.3924,en
480414,The Curse of La Llorona,2019,Horror,5.7,2668,6.982,en
619264,The Platform,2019,Drama|Science Fiction|Thriller,6.971,7827,6.8882,es
623983,Michael Jackson: Chase the Truth,2019,Documentary,7.038,26,5.7639,en
508965,Klaus,2019,Animation|Family|Comedy,8.222,4676,5.587,en
452832,Serenity,2019,Thriller|Mystery|Drama,5.457,1631,6.3468,en
456740,Hellboy,2019,Fantasy|Horror|Action|Adventure,5.58,3709,6.0275,en
576004,Porno,2019,Comedy|Horror,5.983,421,8.9128,en
611291,Bring the Soul: The Movie,2019,Music|Documentary,8.3,460,5.7505,ko
577328,Kabir Singh,2019,Drama|Romance,6.327,179,5.6936,hi
428045,Iron Mask,2019,Action|Adventure|Family|Fantasy,6.086,550,5.0623,ru
483906,Polar,2019,Action|Crime|Drama,6.4,2499,6.8621,en
575299,Fidelity,2019,Drama,6.66,329,5.3385,ru
592350,My Hero Academia: Heroes Rising,2019,Animation|Action|Fantasy|Adventure,8.138,1280,4.4806,ja
571055,Down,2019,Horror|Thriller|TV Movie,6.83,253,4.7132,en
506574,Descendants 3,2019,Family|TV Movie|Adventure|Fantasy|Music,7.675,1616,5.2403,en
638507,How to Train Your Dragon: Homecoming,2019,Animation|Fantasy|Adventure|Family,8.039,1107,4.6195,en
431580,Abominable,2019,Family|Animation|Adventure|Comedy|Fantasy,7.455,2177,4.8724,en
338967,Zombieland: Double Tap,2019,Horror|Comedy,6.898,6268,6.0078,en
280217,The Lego Movie 2: The Second Part,2019,Action|Adventure|Animation|Comedy|Family,6.657,2427,4.4857,en
587727,Busty Girlfriend,2019,Romance,7.389,36,4.6391,ko
511987,Crawl,2019,Horror|Thriller,6.324,3381,5.5003,en
492188,Marriage Story,2019,Drama,7.733,7416,4.076,en
533444,Waves,2019,Romance|Drama,7.366,809,4.8192,en
514999,Murder Mystery,2019,Comedy|Mystery,6.258,4799,5.7576,en
329996,Dumbo,2019,Family|Fantasy|Adventure,6.589,4525,4.0214,en
698438,Swapping: Perfect Neighbor,2019,Romance,5.8,58,4.4523,ko
522924,The Art of Racing in the Rain,2019,Drama|Romance,8.174,1677,4.163,en
481084,The Addams Family,2019,Family|Animation|Comedy|Fantasy,6.601,2489,4.4,en
572164,EXIT,2019,Action|Comedy,7.622,298,9.3054,ko
501170,Doctor Sleep,2019,Horror|Fantasy,7.143,4884,4.1536,en
553600,Promare,2019,Animation|Action|Science Fiction,7.1,314,3.4756,ja
585268,War,2019,Action|Thriller|Adventure,6.752,381,4.2931,hi
568091,Fractured,2019,Thriller|Drama,6.762,2904,4.0338,en
440472,The Upside,2019,Comedy|Drama,7.133,1400,3.8158,en
552178,Dark Waters,2019,Drama|Thriller,7.533,2530,4.652,en
637113,Square One,2019,Documentary|Crime|Drama,8.6,58,4.5291,en
606856,Togo,2019,Adventure|Family,8.119,2260,3.964,en
644479,Dedicated to my ex,2019,Drama|Comedy,8.3,513,3.7052,es
575222,Doraemon: Nobita's Chronicle of the Moon Exploration,2019,Animation|Adventure|Comedy|Science Fiction|Fantasy|Family,7.368,76,4.1227,ja
540901,Hustlers,2019,Drama|Comedy|Crime,6.469,3095,3.9867,en
399361,Triple Frontier,2019,Action|Thriller|Crime|Adventure,6.33,3537,4.8696,en
612152,Secret Obsession,2019,Drama|Thriller|Horror,5.53,1184,4.8628,en
522518,A Dog's Journey,2019,Family|Adventure|Drama,8.055,1620,3.4484,en
458897,Charlie's Angels,2019,Action|Adventure|Comedy,6.382,3149,4.5001,en
1033051,Revenge Porn: PAIN OF LOVE,2019,Romance|Drama,8.44,50,4.25,ja
572154,Rascal Does Not Dream of a Dreaming Girl,2019,Animation|Romance|Drama|Fantasy,8.225,601,3.7548,ja
449562,The Hustle,2019,Comedy|Crime,6.193,2700,3.8046,en
504949,The King,2019,Drama|History|War,7.158,3568,4.0372,en
575824,Men of Hard Skin,2019,Drama,6.011,44,4.2647,es
537061,Steven Universe: The Movie,2019,TV Movie|Animation|Family|Adventure|Fantasy,8.2,860,3.3131,en
853033,Adultery Alumni Association 2,2019,Drama|Romance,4.7,41,3.9256,ko
522212,Just Mercy,2019,Drama|Crime|History,7.854,2490,3.6795,en
500916,Primal,2019,Action|Adventure|Thriller,5.624,429,6.0435,en
438650,Cold Pursuit,2019,Crime|Action|Drama,5.875,2802,4.9002,en
508664,Danger Close: The Battle of Long Tan,2019,War|Action|Drama|History,6.808,354,3.5464,en
581387,Ashfall,2019,Action|Adventure|Thriller,6.838,628,3.8766,ko
453405,Gemini Man,2019,Science Fiction|Action|Adventure|Thriller|Drama,6.264,5463,3.9137,en
563309,Bigil,2019,Drama|Action|Family,6.263,78,3.5025,ta
454292,Saaho,2019,Action|Adventure|Thriller,5.7,111,3.7544,te
491480,The Boy Who Harnessed the Wind,2019,Drama|History,7.882,1870,4.0234,en
512196,Happy Death Day 2U,2019,Comedy|Horror|Science Fiction,6.3,3655,3.8752,en
599975,Countdown,2019,Horror|Thriller,6.205,2312,3.6041,en
654299,Out of the Clear Blue Sky,2019,Comedy|Drama|Music,8.263,384,3.2704,es
636702,Head Burst,2019,Drama,6.6,29,3.3235,de
567646,Extreme Job,2019,Action|Comedy|Crime,7.193,353,3.4438,ko
535544,Downton Abbey,2019,Drama|Romance|History,7.135,1263,3.0743,en
504608,Rocketman,2019,Music|Drama,7.312,5002,3.8192,en
643236,Meet the Malawas,2019,Comedy,4.445,190,3.5697,fr
621191,Blue Story,2019,Crime|Drama|Romance,7.285,240,3.3865,en
536869,Cats,2019,Fantasy|Comedy|Drama,4.098,1044,3.6685,en
441282,Night Hunter,2019,Drama|Thriller,6.576,1072,3.4631,en
591278,Game of Thrones: The Last Watch,2019,Documentary,7.042,345,3.3809,en
535292,21 Bridges,2019,Crime|Action|Drama,6.77,2154,3.4436,en
499701,Dora and the Lost City of Gold,2019,Family|Comedy|Adventure,6.633,1822,4.3909,en
612402,Nani's Gang Leader,2019,Comedy|Crime|Thriller,7.086,35,3.6752,te
417384,Scary Stories to Tell in the Dark,2019,Horror|Mystery,6.489,2855,4.9298,en
671622,My Sister-in-law's Secret,2019,Drama,6.4,11,3.3465,ko
560527,The Dude in Me,2019,Fantasy|Comedy|Action,7.788,151,3.5822,ko
525661,Bombshell,2019,Drama,6.779,3205,4.0725,en
461130,Code 8,2019,Science Fiction|Action|Crime,6.264,2169,3.1913,en
610892,Violet Evergarden: Eternity and the Auto Memory Doll,2019,Drama|Fantasy|Animation,8.1,459,3.6109,ja
514439,Breakthrough,2019,Drama,7.646,1144,4.6619,en
611861,Erotic Tutoring 2,2019,Romance|Drama,7.4,12,3.7229,ko
532067,KONOSUBA – God's blessing on this wonderful world! Legend of Crimson,2019,Animation|Comedy|Fantasy,8.0,616,3.0293,ja
438674,Dragged Across Concrete,2019,Crime|Action|Thriller,6.597,1122,3.1204,en
534490,Avengement,2019,Crime|Action|Thriller,6.801,599,2.7229,en
515195,Yesterday,2019,Comedy|Fantasy|Music|Romance,6.687,4268,4.4398,en
571891,Pokémon the Movie: Mewtwo Strikes Back - Evolution,2019,Animation|Adventure|Fantasy|Action|Family,6.7,566,3.5701,ja
486589,Red Shoes and the Seven Dwarfs,2019,Animation|Fantasy|Family|Comedy|Romance|Adventure,7.685,1137,3.5333,ko
466081,The Informer,2019,Drama|Crime|Thriller,6.539,952,3.6325,en
655355,Dirty Sexy Saint,2019,Romance|Drama|Comedy,6.3,69,3.1225,en
517093,Balkan Line,2019,Drama|Action|War,7.444,573,3.2456,ru
524251,I See You,2019,Horror|Thriller|Mystery,6.985,1648,2.8571,en
556509,Svaha: The Sixth Finger,2019,Horror|Mystery|Thriller|Crime,6.767,210,3.402,ko
292011,Richard Jewell,2019,Drama|History,7.417,2728,3.1101,en
449985,Triple Threat,2019,Thriller|Action,6.417,644,3.7444,en
487297,What Men Want,2019,Comedy|Romance,6.2,1585,2.8704,en
543540,The Perfect Date,2019,Romance|Comedy,6.428,3330,4.2226,en
521777,Good Boys,2019,Comedy,6.835,2012,3.1943,en
505436,Serial (Bad) Weddings 2,2019,Comedy,5.893,1325,3.1283,fr
610209,There Is a Japanese Woman in My Room,2019,Drama|Romance,4.8,10,3.1601,ko
486131,Shaft,2019,Action|Crime|Comedy|Mystery,6.531,1869,4.389,en
465086,The Grudge,2019,Horror|Mystery,5.416,1314,2.5561,en
390634,Fate/stay night: Heaven's Feel II. Lost Butterfly,2019,Animation|Action|Fantasy|Drama|Romance,7.004,263,3.3887,ja
508138,Burn,2019,Thriller|Crime|Action,6.058,354,4.0852,en
524247,The Intruder,2019,Thriller,6.068,622,3.5692,en
567006,Kabaneri of the Iron Fortress: The Battle of Unato,2019,Animation|Drama|Action|Science Fiction,7.1,94,3.4282,ja
595867,On a Magical Night,2019,Comedy|Drama,6.217,256,3.2009,fr
463684,Velvet Buzzsaw,2019,Thriller|Mystery|Horror,5.4,2006,3.1923,en
663566,Timeless Love,2019,Drama|Romance|TV Movie|Thriller,6.82,50,2.3077,de
625450,Tall Girl,2019,Comedy|Drama|Romance,6.3,1954,4.2024,en
157433,Pet Sematary,2019,Horror,5.746,3427,3.0779,en
535581,The Dead Don't Die,2019,Comedy|Horror,5.426,2854,2.5516,en
596302,Crayon Shin-chan: Honeymoon Hurricane ~The Lost Hiroshi~,2019,Animation|Adventure|Family,7.039,51,2.796,ja
637536,Sister Sister,2019,Thriller|Drama|Romance,5.5,11,2.6453,vi
416144,Hotel Mumbai,2019,Thriller|History|Drama|Action,7.536,1751,2.9215,en
569037,The Lady Improper,2019,Drama,4.5,18,2.5267,cn
820232,Demon Slayer: Kimetsu no Yaiba - Sibling's Bond,2019,Animation|Action|Fantasy|Thriller,7.878,249,3.0287,ja
527261,The Silence,2019,Horror|Drama|Thriller|Fantasy,6.019,1693,2.8771,en
463843,Sweetheart,2019,Horror,6.396,410,2.5946,en
586499,Pee Nak,2019,Comedy|Horror,5.882,17,2.5239,th
472674,The Goldfinch,2019,Drama,7.1,937,3.7787,en
542417,Skin,2019,Drama|Crime|Romance,6.877,465,2.6902,en
533642,Child's Play,2019,Horror|Science Fiction,6.0,2055,3.0593,en
505600,Booksmart,2019,Comedy,7.01,2845,3.9493,en
483202,Eli,2019,Horror,6.01,1511,3.3054,en
581531,Metamorphosis,2019,Horror|Thriller,7.073,193,2.3948,ko
512895,Lady and the Tramp,2019,Family|Romance|Comedy,7.2,1640,2.823,en
467956,The Professor,2019,Comedy|Drama,6.8,1263,4.8922,en
566451,Re:ZERO -Starting Life in Another World- The Frozen Bond,2019,Animation|Drama|Fantasy,7.328,203,2.5772,ja
449924,Ip Man 4: The Finale,2019,Action|History|Drama,7.267,2127,2.8395,cn
460321,Close,2019,Action|Adventure|Thriller,5.998,714,3.8522,en
445629,Fighting with My Family,2019,Comedy,6.8,1874,3.042,en
589594,Abduction,2019,Horror|Science Fiction|Thriller|Action,6.0,115,5.1436,en
511322,The Good Liar,2019,Crime,6.7,1270,2.2598,en
578189,Black and Blue,2019,Action|Thriller|Crime,6.791,973,2.515,en
468224,Tolkien,2019,War|Drama|Romance,6.916,1542,2.8431,en
463257,The Peanut Butter Falcon,2019,Adventure|Comedy|Drama,7.394,1606,2.8285,en
506528,Harriet,2019,Drama|History,7.33,936,3.0083,en
585831,The Bad Guys: Reign of Chaos,2019,Action|Crime,7.012,168,2.8857,ko
393624,Official Secrets,2019,Thriller|History|Drama,7.2,1109,2.501,en
501907,A Beautiful Day in the Neighborhood,2019,History|Family|Drama,6.971,1752,3.0511,en
505948,I Am Mother,2019,Science Fiction|Thriller,6.713,2837,2.5144,en
508763,A Dog's Way Home,2019,Drama|Adventure|Family,7.389,1185,3.2364,en
554600,Uri: The Surgical Strike,2019,Action|Drama|War,7.045,478,2.7646,hi
530723,Bad Education,2019,Drama|Crime|History,6.742,768,3.3353,en
581791,The Blonde One,2019,Drama|Romance,7.95,200,2.7439,es
532671,The Prodigy,2019,Horror|Thriller,6.161,1074,3.3705,en
369196,I Spit on Your Grave: Déjà Vu,2019,Horror,3.054,149,2.85,en
537056,Batman: Hush,2019,Action|Animation|Crime|Mystery,7.2,959,2.3284,en
568300,BTS World Tour: Love Yourself in Seoul,2019,Music|Documentary,8.21,460,2.2115,ko
596650,Chhichhore,2019,Romance|Comedy|Drama,7.672,174,2.7604,hi
491283,Judy,2019,Drama|History|Music,6.679,1266,2.9217,en
480434,Dreamland,2019,Drama|Thriller,5.886,272,2.3098,en
616219,Shining Modern History,2019,Drama|Romance,4.3,11,2.6052,ko
530079,Ride Your Wave,2019,Animation|Romance|Comedy|Drama|Fantasy,7.571,371,2.2118,ja
573699,White Snake,2019,Romance|Animation|Fantasy,7.7,554,2.798,zh
471506,Greta,2019,Mystery|Thriller|Drama,6.554,1458,2.7601,en
457799,Extremely Wicked  Shockingly Evil and Vile,2019,Drama|Crime,6.996,3545,2.8078,en
615165,Her Blue Sky,2019,Animation|Romance,7.313,168,2.7683,ja
586707,Life Like,2019,Thriller|Science Fiction|Drama,6.223,262,2.2282,en
419704,Ad Astra,2019,Science Fiction|Drama,6.131,7237,2.1593,en
582913,The Room,2019,Horror|Drama|Mystery|Science Fiction,6.41,1036,2.7473,en
531368,Bodies at Rest,2019,Action|Crime|Mystery|Thriller,6.378,98,2.5253,cn
523139,In the Tall Grass,2019,Horror,5.547,2403,3.5469,en
484468,The Wolf's Call,2019,Thriller|Action|Adventure,7.53,2159,2.4494,fr
644682,Sleeping With My Student,2019,Thriller|TV Movie,6.022,23,2.6334,en
556271,Kalank,2019,Drama|Romance,5.8,60,2.482,hi
582570,Sextuplets,2019,Comedy,6.198,872,2.8328,en
553837,Code Geass: Lelouch of the Re;surrection,2019,Animation|Science Fiction|Crime|Mystery|War,7.194,121,2.3243,ja
480105,47 Meters Down: Uncaged,2019,Horror|Thriller,5.709,1520,2.6051,en
553835,Is It Wrong to Try to Pick Up Girls in a Dungeon?: Arrow of the Orion,2019,Animation|Action|Adventure|Comedy|Fantasy|Romance,7.679,287,2.175,ja
554805,Kingdom,2019,Action|Adventure|War|History|Fantasy,7.268,149,2.3343,ja
698009,Young Sister-in-law 3,2019,Romance,6.0,11,2.4348,ko
583132,Sadako,2019,Horror,5.875,132,1.9037,ja
574207,The Operative,2019,Drama|Thriller,5.843,245,2.2608,en
513302,Minuscule 2: Mandibles from Far Away,2019,Animation|Adventure|Family|Comedy,7.0,213,2.3932,fr
454458,UglyDolls,2019,Animation|Music|Family|Comedy,6.641,468,2.2791,en
459992,Long Shot,2019,Comedy|Romance,6.7,2887,2.5164,en
581997,Batman vs Teenage Mutant Ninja Turtles,2019,Animation|Science Fiction|Adventure|Crime|Comedy|Action,7.2,554,2.0526,en
534075,Super 30,2019,Drama,7.281,130,3.0074,hi
520901,Doom: Annihilation,2019,Action|Science Fiction|Horror,4.925,474,2.3316,en
487680,The Kitchen,2019,Action|Crime|Drama,6.102,731,2.0747,en
570503,Tune in for Love,2019,Romance|Drama,7.7,322,3.0259,ko
522645,Bastaard,2019,Thriller,5.5,20,3.368,nl
607310,Evaru,2019,Thriller|Crime,7.097,36,2.5295,te
433502,The Aftermath,2019,War|Drama|Romance,6.441,726,2.422,en
454467,Noelle,2019,Family|Comedy|Fantasy,6.571,750,2.5465,en
517116,Haunt,2019,Horror|Thriller,6.673,1369,2.4025,en
549053,Last Christmas,2019,Comedy|Drama|Romance,7.195,2635,2.3302,en
327331,The Dirt,2019,Drama|Music|Comedy,7.434,1320,2.3105,en
572151,Zombie for Sale,2019,Comedy|Horror|Drama,6.807,88,2.0176,ko
454294,The Kid Who Would Be King,2019,Action|Adventure|Fantasy|Family,6.196,832,2.6951,en
571627,The Divine Fury,2019,Action|Horror|Thriller,6.719,290,2.9969,ko
585759,The Coldest Game,2019,Drama|Thriller,6.181,329,2.6357,pl
500682,The Highwaymen,2019,Crime|Drama|Thriller,6.767,2234,2.2293,en
565310,The Farewell,2019,Comedy|Drama,7.414,1545,2.1543,en
400157,Wonder Park,2019,Comedy|Animation|Adventure|Family|Fantasy,6.6,752,2.5789,en
530382,In the Shadow of the Moon,2019,Science Fiction|Thriller,6.181,1591,2.5834,en
472815,Buddy Games,2019,Comedy,5.3,243,2.5967,en
638134,Pets United,2019,Animation|Family|Adventure|Comedy,5.897,224,2.021,en
568012,One Piece: Stampede,2019,Animation|Action|Adventure|Fantasy,7.771,647,2.2713,ja
592867,Dragon Quest: Your Story,2019,Animation|Adventure|Comedy|Fantasy|Action|Family,6.792,238,3.2319,ja
611914,The Courier,2019,Action|Thriller|Adventure|Crime,5.962,569,1.8761,en
421473,Above Suspicion,2019,Thriller|Crime|Action,5.9,313,2.4211,en
520900,The Personal History of David Copperfield,2019,Comedy,6.406,537,2.3359,en
512901,The Knight of Shadows: Between Yin and Yang,2019,Action|Adventure|Family|Fantasy|Romance,5.596,146,2.5274,zh
530563,Bauhaus,2019,Drama,5.7,18,1.8641,de
586048,Kim Ji-young: Born 1982,2019,Drama,7.4,116,2.2437,ko
487672,Reign of the Supermen,2019,Science Fiction|Animation|Action|Fantasy|Drama,7.0,692,2.2401,en
484437,The Hole in the Ground,2019,Horror,5.659,754,2.1303,en
487670,The Death of Superman,2019,Science Fiction|Animation|Action|Drama,7.452,621,1.9198,en
537739,Can You Keep a Secret?,2019,Romance|Comedy,6.36,969,2.5136,en
554241,Playing with Fire,2019,Family|Comedy,6.581,757,2.483,en
491625,Gully Boy,2019,Drama|Music,7.345,213,2.1577,hi
604605,Hello World,2019,Animation|Romance|Science Fiction|Drama,7.32,405,2.3967,ja
541487,Maharshi,2019,Drama|Action,6.757,35,1.8805,te
302349,Iron Sky: The Coming Race,2019,Action|Comedy|Fantasy|Science Fiction,5.2,461,2.1376,en
510298,Seberg,2019,Thriller|Drama,5.907,290,3.2538,en
570480,Trouble,2019,Animation|Adventure|Family|Comedy|Music,6.6,241,2.1385,en
586863,Les Misérables,2019,Crime|Drama|Thriller,7.569,1604,1.8347,fr
553839,Saga of Tanya the Evil: The Movie,2019,Animation|Action|War|Fantasy,8.05,201,2.2298,ja
643274,Beauty Salon: Special Service 3,2019,Romance,5.3,13,2.0798,ko
658009,Ip Man: Kung Fu Master,2019,Action|Drama,6.5,190,2.2426,zh
551332,The Two Popes,2019,Drama|History,7.486,3149,2.3302,en
585077,Children of the Sea,2019,Animation|Fantasy|Adventure|Mystery,7.1,341,2.1124,ja
575219,Pegasus,2019,Comedy|Action,6.664,119,2.5297,zh
569109,Pathinettam Padi,2019,Action,5.3,24,2.0864,ml
619278,Inside Man: Most Wanted,2019,Action|Crime|Thriller,6.322,395,3.4713,en
504588,Mektoub  My Love: Intermezzo,2019,Comedy|Drama,4.447,19,1.8916,fr
620561,Obsession,2019,Thriller,5.161,28,2.0676,en
458253,Missing Link,2019,Family|Animation|Comedy|Adventure|Action,6.912,928,2.1564,en
526429,Made in Abyss: Wandering Twilight,2019,Animation|Adventure|Fantasy|Mystery|Science Fiction,8.282,140,3.0341,ja
575479,An Easy Girl,2019,Comedy|Drama,5.523,375,2.1091,fr
526050,Little,2019,Comedy|Fantasy|Romance,6.836,754,2.2307,en
519010,Pain and Glory,2019,Drama,7.374,1918,1.886,es
291867,Zeroville,2019,Comedy|Drama,5.069,94,1.9262,en
523172,Late Night,2019,Comedy|Drama,6.385,876,2.1707,en
500922,A Score to Settle,2019,Action|Crime|Drama|Thriller,5.837,523,2.2061,en
489243,The Hummingbird Project,2019,Thriller|Drama,6.203,403,2.1248,en
514921,The Aeronauts,2019,Adventure|Drama|Romance,6.803,1200,2.4753,en
480042,Escape Plan: The Extractors,2019,Action|Thriller|Crime,5.435,943,2.3395,en
594188,NiNoKuni,2019,Animation|Action|Adventure|Family|Fantasy|Romance,6.6,271,1.826,ja
566143,Mr. Majnu,2019,Drama|Romance,5.1,17,2.2079,te
589712,The Captain,2019,Adventure,6.99,149,2.2071,zh
531306,Rim of the World,2019,Science Fiction|Adventure|Comedy,5.9,1039,2.1583,en
635744,Jarhead: Law of Return,2019,War,6.527,3360,1.9512,en
581420,Walk. Ride. Rodeo.,2019,Drama,7.0,244,2.1757,en
529983,The Poison Rose,2019,Thriller|Crime,4.743,372,1.7139,en
610781,See You Soon,2019,Romance|Drama,5.938,40,2.0091,en
626300,Random Acts of Christmas,2019,Romance|TV Movie,6.3,31,3.2238,en
536743,Queen & Slim,2019,Crime|Drama|Romance,7.137,758,1.9035,en
537055,Wonder Woman: Bloodlines,2019,Science Fiction|Animation,6.871,520,2.1322,en
539892,Freaks,2019,Science Fiction|Thriller,6.745,1274,2.241,en
504562,Motherless Brooklyn,2019,Drama|Thriller,6.7,1596,2.1925,en
528225,Sound! Euphonium the Movie – Our Promise: A Brand New Day,2019,Animation|Drama,7.1,51,1.6674,ja
566402,Vinaya Vidheya Rama,2019,Action|Drama,3.9,26,2.6636,te
517909,The Laundromat,2019,Crime|Drama|Comedy,6.026,1302,2.013,en
422803,A Shaun the Sheep Movie: Farmageddon,2019,Family|Comedy|Adventure|Animation|Science Fiction,6.902,589,2.238,en
578906,Jade Dynasty,2019,Drama|Romance|Fantasy,7.4,69,1.7103,zh
574982,The Blackout,2019,Thriller|Science Fiction|Action,6.482,574,2.231,ru
620725,Jexi,2019,Comedy,6.756,1287,1.8653,en
512263,Honey Boy,2019,Drama,7.0,735,1.8725,en
440762,Jay and Silent Bob Reboot,2019,Comedy|Action|Adventure,5.679,602,1.9836,en
520720,Kim Possible,2019,Family|Action|Adventure|Comedy|TV Movie,5.5,277,3.3005,en
429471,Captive State,2019,Science Fiction|Action|Thriller,5.663,1263,2.3222,en
572468,Impetigore,2019,Horror|Mystery,6.709,237,1.9174,id
513045,Stuber,2019,Action|Comedy,6.607,1412,2.2002,en
411728,The Professor and the Madman,2019,History|Drama|Mystery|Thriller,7.127,1288,1.8252,en
510388,Villains,2019,Comedy|Horror|Thriller,6.241,482,2.378,en
578672,L♡DK: Two Loves Under One Roof,2019,Romance,5.792,36,1.9138,ja
589157,Line Walker 2: Invisible Spy,2019,Action|Crime|Thriller|Adventure,6.79,62,2.8845,cn
560192,Grand Isle,2019,Drama|Thriller,5.387,337,1.9306,en
524659,Crown Vic,2019,Crime|Drama|Action,6.212,223,1.7541,en
575828,Son of a Rich,2019,Comedy,6.892,195,1.9939,ru
602663,My Best Summer,2019,Romance|Drama,5.9,13,2.1535,zh
556901,Teen Titans Go! vs. Teen Titans,2019,Action|Animation|Comedy|Family|Fantasy|Science Fiction,7.527,517,1.8369,en
512731,The White Storm 2: Drug Lords,2019,Drama|Action|Thriller,6.5,67,2.0068,cn
569594,Bharat,2019,Action|History|Drama,6.1,70,2.9377,hi
602661,Chasing the Dragon II: Wild Wild Bunch,2019,Crime|Action|Thriller,6.2,35,1.9657,cn
638210,My Girlfriend Is a Serial Killer,2019,Horror|Crime|Romance|Thriller,6.5,29,1.8522,ja
505706,The Golden Glove,2019,Crime|Thriller|Horror|Comedy,6.941,646,1.8656,de
727502,High & Low The Worst,2019,Action,7.7,18,2.1102,ja
477018,The Translators,2019,Mystery|Thriller,6.397,542,2.822,fr
527776,Overcomer,2019,Drama,7.7,306,2.0671,en
575428,The Wild Goose Lake,2019,Crime|Drama|Thriller,6.7,374,2.1327,zh
583903,Our Friend,2019,Drama|Romance,7.16,359,2.9283,en
449459,The Vanishing,2019,Thriller|Mystery,5.773,787,1.8018,en
441183,Light of My Life,2019,Science Fiction|Drama,6.47,579,1.7176,en
531503,Point Blank,2019,Action|Thriller,6.003,573,2.1433,en
538225,Deadwood: The Movie,2019,Western|Drama|TV Movie,6.736,453,2.299,en
509874,Lying and Stealing,2019,Crime|Comedy|Drama,5.841,374,2.0476,en
546768,Maggie,2019,Drama|Comedy,7.452,21,2.8794,ko
605375,The Bravest,2019,Drama|Action,7.2,87,2.204,zh
510242,Psycho-Pass: Sinners of the System - Case.1 Crime and Punishment,2019,Animation|Science Fiction|Crime,6.6,102,2.0298,ja
465003,The Red Sea Diving Resort,2019,Drama|Thriller|History,6.818,864,1.9195,en
614587,Lupin III: The First,2019,Adventure|Animation|Comedy|Crime|Mystery,7.3,313,1.8938,ja
551808,Black Christmas,2019,Horror|Mystery,4.553,607,1.5395,en
520552,The Conquest of Siberia,2019,History|Action|Drama,6.257,70,1.6487,ru
627715,Marjaavaan,2019,Romance|Action,6.9,36,2.0856,hi
594404,Leaving Neverland: ProSieben Spezial,2019,Documentary,5.437,151,2.243,de
581218,Boonie Bears: Blast into the Past,2019,Animation|Family|Adventure|Fantasy,7.0,29,1.759,zh
540141,City Hunter: Shinjuku Private Eyes,2019,Animation|Action|Comedy|Crime|Mystery,6.4,88,2.0465,ja
565743,The Vast of Night,2019,Drama|Mystery|Science Fiction|Thriller,6.555,1175,1.8493,en
643534,Good Newwz,2019,Romance|Comedy|Family|Drama,6.642,95,2.2423,hi
475888,Tell It to the Bees,2019,Romance|Drama,7.5,472,2.0667,en
431075,Polaroid,2019,Horror|Mystery|Thriller,6.018,1137,2.0367,en
536841,Diego Maradona,2019,Documentary,7.407,431,1.5071,en
547590,El Chicano,2019,Drama,6.621,87,2.6202,en
559562,Psycho-Pass: Sinners of the System - Case.2 First Guardian,2019,Animation|Science Fiction|Crime,6.807,83,1.7033,ja
537059,Justice League vs. the Fatal Five,2019,Animation|Action|Science Fiction|Fantasy,6.762,383,2.0086,en
561362,Rust Creek,2019,Thriller|Drama|Action|Crime,6.3,352,2.0209,en
575094,Abigail,2019,Adventure|Fantasy|Mystery,6.191,259,1.7001,en
553833,The Relative Worlds,2019,Animation|Drama|Romance|Science Fiction|Fantasy|Action,5.9,66,1.9521,ja
641790,Trauma Center,2019,Action|Thriller,5.447,403,1.7658,en
346709,Line of Duty,2019,Thriller|Crime|Action,5.897,363,2.0242,en
584962,Between Two Ferns: The Movie,2019,Comedy,5.926,943,1.9254,en
500852,Miss Bala,2019,Action,6.366,588,1.624,en
611014,Foxter and Max,2019,Adventure|Fantasy|Family,7.224,114,2.0127,uk
399121,An Officer and a Spy,2019,History|Drama|Thriller,7.066,1594,1.9777,fr
489245,The Kill Team,2019,War|Action|Drama,6.452,425,1.9224,en
577889,Feedback,2019,Thriller|Horror,5.8,152,1.918,en
586347,The Hard Way,2019,Action,5.5,170,1.714,en
702037,Finley,2019,Horror|Comedy,7.077,13,1.547,en
650272,Beyond the Law,2019,Action,5.2,104,1.738,en
500904,A Vigilante,2019,Thriller|Drama,5.414,412,2.4747,en
513514,Lev Yashin. The Dream Goalkeeper,2019,Drama,7.547,128,2.0306,ru
505423,Wounds,2019,Horror|Mystery,4.0,860,2.8822,en
469274,City Hunter,2019,Action|Comedy|Adventure,6.474,838,2.1407,fr
607294,Pailwaan,2019,Action|Drama,6.0,10,1.6657,kn
428836,Ophelia,2019,Drama|Romance|History,7.1,604,1.6349,en
595985,Cold Blood,2019,Thriller|Action,5.285,431,1.8299,en
524348,The Report,2019,Drama,7.032,1155,1.6251,en
502292,The Last Summer,2019,Romance|Comedy,6.004,1400,2.1215,en
613868,Cousins,2019,Comedy|Romance|Drama,7.696,357,1.8015,pt
590215,Always Say Yes,2019,Romance,5.263,19,1.569,es
339395,Georgetown,2019,Crime|Drama,5.923,200,2.8392,en
661289,The Summers of It - Chapter Two: It Ends,2019,Documentary,7.1,67,1.6067,en
622420,The Jack in the Box,2019,Horror,5.718,477,1.9898,en
487083,Paradise Hills,2019,Fantasy|Science Fiction|Thriller,5.929,596,2.007,en
569016,No Mercy,2019,Action|Drama|Crime|Thriller,7.337,163,1.5378,ko
617986,Three Days and a Life,2019,Thriller|Drama|Crime,6.441,244,1.7311,fr
594634,Close to the Horizon,2019,Romance|Drama,7.804,507,1.7724,de
503129,Student of the Year 2,2019,Romance|Comedy|Drama,4.193,83,1.4372,hi
496743,Aniara,2019,Science Fiction|Drama,6.1,431,1.6691,sv
611562,Hollow Point,2019,Action,6.4,126,1.9829,en
590050,Josh Hasty's Candy Corn,2019,Horror|Thriller,4.5,42,1.7538,en
623195,Falling Inn Love,2019,Romance|Comedy,6.523,1209,1.8423,en
535845,Brian Banks,2019,Drama,7.211,270,1.899,en
574302,Tazza: One Eyed Jack,2019,Crime|Drama,6.306,36,1.5143,ko
652575,Young Sister-in-Law 5,2019,Romance,5.9,12,1.5215,ko
612304,Divaldo Franco,2019,Drama,8.68,142,1.916,pt
559957,Shanghai Fortress,2019,Science Fiction|War,5.536,166,1.838,zh
615774,Scooby-Doo! Return to Zombie Island,2019,Fantasy|Animation|Family|Adventure|Comedy|Mystery|Horror,7.0,961,2.0087,en
606117,A Cinderella Story: Christmas Wish,2019,Romance|Music|Comedy|Fantasy,6.4,732,1.7724,en
509730,The Queen's Corgi,2019,Family|Animation|Comedy,5.9,445,1.4321,en
587030,Kaithi,2019,Action|Thriller|Crime,7.584,148,1.4769,ta
565348,Adopt a Highway,2019,Drama,6.7,143,1.6274,en
413518,Pinocchio,2019,Drama|Family|Fantasy,6.567,1574,1.9133,it
526426,Made in Abyss: Journey's Dawn,2019,Animation|Adventure|Mystery|Fantasy|Science Fiction,7.604,82,1.9062,ja
492449,Killerman,2019,Action|Thriller,6.19,245,1.8708,en
569485,Skin,2019,Drama,6.612,139,1.5516,en
607836,Fist & Furious,2019,Action|Crime,7.167,36,1.6167,ko
554808,Masquerade Hotel,2019,Crime|Mystery,6.7,47,1.4489,ja
602307,LEGO DC Batman: Family Matters,2019,Animation|Family|Action|Comedy,6.696,166,1.4898,en
652783,Sheep Without a Shepherd,2019,Crime|Mystery|Thriller,7.6,109,1.5178,zh
517764,The Farm,2019,Horror,5.398,382,1.6304,en
581530,Start-Up,2019,Drama|Action|Comedy,6.9,74,1.5737,ko
590372,A Daughter's Deception,2019,Thriller|TV Movie,6.2,23,1.6408,en
594290,My Evil Stepdad,2019,Thriller|TV Movie,6.6,13,1.5703,en
487291,Ride Like a Girl,2019,Drama,7.263,167,1.8283,en
481880,Trial by Fire,2019,Drama|Crime,7.0,272,2.1143,en
512239,The Corrupted,2019,Crime|Thriller,6.072,104,1.4704,en
449563,Isn't It Romantic,2019,Comedy|Fantasy|Romance,6.199,3586,1.7481,en
574638,Rolling Thunder Revue: A Bob Dylan Story by Martin Scorsese,2019,Documentary|Music,7.014,146,1.9592,en
570260,Venice Calling,2019,Comedy|Drama,5.9,262,1.3154,fr
417466,Monos,2019,Drama|Thriller|Crime|War,6.6,445,2.1998,es
508101,Plus One,2019,Comedy|Romance,6.836,412,1.6181,en
563604,Dear Comrade,2019,Drama|Action|Romance,6.859,46,1.9433,te
530081,The Man Who Killed Hitler and Then the Bigfoot,2019,Drama|Adventure|Fantasy|Science Fiction|War,5.441,477,1.6479,en
367198,Undercover Punch and Gun,2019,Action|Thriller,6.1,26,1.3714,cn
492565,The Kid,2019,Western|Drama|Action,5.988,329,1.6152,en
515248,Someone Great,2019,Comedy|Romance,6.4,1193,1.7471,en
449998,The Invincible Dragon,2019,Action|Crime|Thriller|Comedy,4.7,35,1.747,zh
567629,Battle of Jangsari,2019,Drama|History|War,6.8,92,1.6204,ko
447034,Vita & Virginia,2019,Drama|Romance,6.752,220,2.8229,en
584586,0.0MHz,2019,Horror,5.2,47,2.2058,ko
567733,Crypto,2019,Thriller|Crime|Drama,5.368,208,1.4205,en
559566,Psycho-Pass: Sinners of the System - Case.3 On the Other Side of Love and Hate,2019,Animation|Science Fiction|Crime,7.047,74,1.4576,ja
608826,Saekano the Movie: Finale,2019,Animation|Comedy|Romance|Drama,6.7,36,1.5457,ja
611207,The Knight Before Christmas,2019,Comedy|Romance,6.4,1165,1.5396,en
576017,For Sama,2019,Documentary|War,8.243,309,1.9739,en
582186,Oh  Ramona!,2019,Comedy|Romance,5.772,424,2.0344,en
571786,Miss & Mrs. Cops,2019,Action|Comedy|Crime,6.942,78,1.6077,ko
568320,Hit-and-Run Squad,2019,Crime|Action,7.2,80,1.6371,ko
440918,Teen Spirit,2019,Music|Drama,6.041,357,1.7656,en
509598,Mr. Jones,2019,Thriller|Drama|History,6.7,475,1.663,en
564251,Kakegurui: The Movie,2019,Drama|Mystery|Thriller,7.305,82,1.4094,ja
513409,Earthquake Bird,2019,Drama|Mystery|Romance|Thriller,5.9,473,2.208,en
489064,3 from Hell,2019,Horror|Thriller,5.79,544,1.4552,en
571655,Valhalla,2019,Adventure|Fantasy,5.3,140,1.8708,da
576393,Fall in Love at First Kiss,2019,Romance|Comedy,6.6,96,1.6239,zh
553002,Horrible Histories: The Movie — Rotten Romans,2019,Comedy|Family|Adventure,5.2,81,1.3246,en
501902,Just Friends,2019,Romance|Drama|Comedy,7.089,96,1.6894,nl
543917,Bloodline,2019,Horror|Thriller,5.92,280,1.5836,en
477428,The Painted Bird,2019,War|Drama|Thriller,7.095,184,1.4859,cs
631997,The Forest of Love,2019,Crime|Thriller,6.335,170,1.9259,ja
523077,Running with the Devil,2019,Crime|Drama|Thriller,5.4,346,1.8591,en
478860,Proxima,2019,Drama,6.205,441,1.3145,fr
576953,Good Kisser,2019,Romance|Drama,4.3,23,1.6157,en
433249,IO,2019,Science Fiction,4.978,1475,1.5559,en
572628,The Flowers of Evil,2019,Drama|Romance|Thriller,6.6,37,1.7012,ja
403300,A Hidden Life,2019,History|Drama|War,7.2,782,1.7474,en
630924,Holiday Date,2019,Romance|TV Movie,6.406,48,2.5754,en
579188,Crazy Romance,2019,Romance|Comedy,6.802,43,1.3464,ko
574883,An Affair to Die For,2019,Thriller|Horror,5.879,140,1.9248,en
433503,The House of Tomorrow,2019,Drama|Comedy,6.787,68,1.3845,en
441384,The Beach Bum,2019,Comedy|Drama,5.652,563,1.7127,en
815756,Las sirvientas calientes,2019,Comedy,5.75,16,1.6339,es
611636,Stucco,2019,Horror,5.258,31,1.4197,en
587870,Lupin the IIIrd: Fujiko's Lie,2019,Animation|Crime|Action|Drama,7.1,105,1.446,ja
597094,First Love,2019,Crime|Action|Comedy,6.7,332,1.5576,ja
622951,A Sun,2019,Drama|Crime,7.726,261,1.4738,zh
604872,Skyfire,2019,Action|Adventure,6.353,307,1.5227,zh
597089,Article 15,2019,Crime|Drama|Thriller,7.561,172,2.0583,hi
532812,Robert the Bruce,2019,Drama|History,5.5,136,1.4808,en
614488,Street Flow,2019,Drama|Crime,6.913,373,1.8218,fr
291984,The Death & Life of John F. Donovan,2019,Drama,6.868,719,1.4222,en
416153,Arctic Dogs,2019,Animation|Adventure|Comedy,6.1,140,2.12,en
569267,Forbidden Dream,2019,History|Drama,7.143,21,1.4255,ko
536176,Brexit: The Uncivil War,2019,History|TV Movie|Drama,6.6,354,1.785,en
573791,The Battle: Roar to Victory,2019,History|Action|War,7.408,49,1.6055,ko
611748,Housefull 4,2019,Comedy|Drama|Romance,5.598,102,1.4412,hi
611337,Deception of the Novelist,2019,Crime|Mystery|Thriller,5.8,12,1.2683,cn
561974,Dino King: Journey to Fire Mountain,2019,Animation|Adventure,7.817,126,2.3085,ko
629919,A Witness Out of the Blue,2019,Crime|Thriller|Mystery,6.6,39,2.5457,cn
567598,Greed,2019,Comedy|Drama,5.611,167,1.2524,en
581361,Badla,2019,Crime|Thriller|Mystery|Drama,7.271,170,1.4477,hi
503125,Little Monsters,2019,Horror|Comedy,6.487,744,1.6769,en
520016,Driven,2019,Thriller|History|Crime,6.205,255,1.5861,en
634336,Uncanny Annie,2019,Horror|Thriller|TV Movie,6.063,72,1.5984,en
552865,10 Minutes Gone,2019,Crime|Action|Thriller|Mystery,5.214,248,1.8545,en
458131,The Best of Enemies,2019,Drama|History,7.385,480,2.0101,en
624779,VFW,2019,Action|Crime|Horror|Thriller,5.8,264,1.1901,en
549559,Apollo 11,2019,Documentary|History|Drama,7.865,705,1.3504,en
593691,HOMECOMING: A film by Beyoncé,2019,Documentary|Music|TV Movie,8.056,350,1.715,en
525657,Daughter of the Wolf,2019,Action|Thriller,5.543,341,1.8269,en
575452,The Traitor,2019,Drama|Crime|Thriller,7.648,1428,2.0496,it
295151,Let It Snow,2019,Romance|Comedy,6.075,1213,1.3268,en
571603,Juror 8,2019,Drama,7.4,31,1.4559,ko
560066,Scooby-Doo! and the Curse of the 13th Ghost,2019,Comedy|Family|Animation|Adventure|Mystery,7.9,256,1.8547,en
466550,Drive,2019,Action|Thriller,5.0,63,1.6224,hi
566555,Case Closed: The Fist of Blue Sapphire,2019,Animation|Mystery|Crime|Action|Adventure,6.194,183,1.525,ja
480001,The Art of Self-Defense,2019,Comedy|Thriller|Drama|Mystery,6.563,832,1.6605,en
535308,Hala,2019,Drama,6.28,84,1.2162,en
559401,Sibyl,2019,Drama,5.677,519,1.3107,fr
648043,Dead Driver,2019,Horror|Action,6.1,63,2.37,en
547404,House of Hummingbird,2019,Drama,7.5,116,1.4789,ko
580600,Astro Kid,2019,Animation|Comedy|Adventure|Family,7.2,216,1.5999,fr
588073,P Storm,2019,Action|Crime,6.4,67,1.4952,cn
617773,Western Stars,2019,Music|Documentary,6.957,47,1.1511,en
591101,Mardaani 2,2019,Action|Crime|Thriller,7.05,80,1.5375,hi
528888,Dolemite Is My Name,2019,Drama|Comedy|History,6.976,1280,1.3918,en
575754,The Beast,2019,Crime|Action|Thriller|Mystery,6.79,100,1.777,ko
546110,The Rookies,2019,Action|Adventure|Comedy,5.343,51,1.9757,zh
616584,K-12,2019,Fantasy,7.7,287,2.3075,en
570661,The Collini Case,2019,Drama|Thriller,7.385,435,1.3176,de
593680,Step Up: Year of the Dance,2019,Music|Drama,6.123,81,1.554,zh
559519,Mr. Osomatsu the Movie,2019,Comedy|Animation,6.4,13,2.1119,ja
482981,Wild Rose,2019,Music|Comedy|Drama,6.771,358,1.1553,en
419706,Mary,2019,Horror|Mystery,5.0,230,1.6086,en
608654,The Banana Splits Movie,2019,Horror|Thriller,6.524,266,1.4049,en
537681,Giant Little Ones,2019,Drama,7.1,297,1.5063,en
607383,AquaSlash,2019,Horror|Comedy,3.977,193,1.5793,en
601493,The Climbers,2019,Adventure|Action|Drama|History,6.363,62,1.5079,zh
587808,Backdraft 2,2019,Action|Crime|Drama,6.4,200,1.5743,en
477508,Lucky Day,2019,Action|Crime|Thriller,5.391,179,2.3511,en
474214,Trading Paint,2019,Action|Drama,5.383,128,2.6427,en
628707,Trick,2019,Horror|Thriller,5.745,165,2.2615,en
630322,Battle at Big Rock,2019,Action|Adventure|Science Fiction,6.85,150,1.4176,en
592687,Marvel Rising: Battle of the Bands,2019,Family|Animation|Action|Comedy|Science Fiction,6.1,56,1.2959,en
405177,Where'd You Go  Bernadette,2019,Comedy|Drama,6.582,729,1.2187,en
437626,Stockholm,2019,Crime|Comedy,5.868,439,1.4694,en
570735,37 Seconds,2019,Drama,7.3,109,1.3308,ja
614017,Detention,2019,Horror|Mystery|Thriller|Drama,6.7,113,1.3735,zh
567591,No Longer Human,2019,Drama|Thriller,6.0,25,1.913,ja
434072,Mapplethorpe,2019,Drama|History,6.3,35,1.6231,en
622230,LEGO Marvel Spider-Man: Vexed by Venom,2019,Animation|Action,6.2,40,1.3778,en
515743,Back of the Net,2019,Drama|Family,6.6,110,1.5658,en
471707,Corpus Christi,2019,Drama,7.6,608,1.4766,pl
620632,Pharaoh's War,2019,Action|Thriller,6.5,46,1.4805,ar
575602,Long Live the King,2019,Action|Crime|Comedy,6.5,27,1.933,ko
583268,Someone  Somewhere,2019,Drama|Romance|Comedy,6.39,717,1.4441,fr
440444,Piercing,2019,Horror|Thriller,5.718,250,1.2818,en
619139,Porn for Newbies,2019,Comedy,5.9,40,1.3772,es
619263,The Wave,2019,Science Fiction,6.047,170,1.2598,en
507941,Section 375,2019,Drama|Thriller,7.458,72,1.127,hi
507773,Bring Me Home,2019,Drama|Thriller|Mystery,6.721,70,1.2744,ko
499338,I Believe,2019,Family|Drama,7.731,156,1.4559,en
454161,The Shadow Play,2019,Crime|Drama|Mystery|Thriller,6.793,58,1.0977,zh
579230,Bala,2019,Comedy|Romance,6.475,100,1.6059,hi
662151,Celebrating Marvel's Stan Lee,2019,Documentary|Fantasy,7.1,22,1.2367,en
576617,The Island of Giant Insects,2019,Animation|Horror,4.1,15,1.557,ja
538207,We Die Young,2019,Drama|Action|Crime|Thriller,6.786,352,1.2176,en
592898,Jersey,2019,Drama,8.048,73,1.263,te
570269,Trinity Seven: Heaven's Library & Crimson Lord,2019,Animation|Action|Fantasy|Comedy,7.6,61,1.5509,ja
506876,Bolden,2019,Drama|Music,4.194,18,1.3293,en
590350,Pati Patni Aur Woh,2019,Comedy|Romance,6.2,46,1.2637,hi
576121,Total Dhamaal,2019,Comedy|Adventure,5.186,51,1.7171,hi
468816,The Rising Hawk,2019,Action|History|Drama,5.862,149,1.2283,en
592230,Blood Quantum,2019,Horror,5.816,193,1.3317,en
574303,Jo Pil-ho: The Dawning Rage,2019,Action|Crime|Drama|Thriller,6.1,125,1.4345,ko
591322,My First Client,2019,Drama,8.602,98,1.5273,ko
384756,Rabid,2019,Science Fiction|Horror,5.796,260,1.2211,en
617264,Purity Falls,2019,Thriller|TV Movie,4.7,29,2.7508,en
623520,Z,2019,Horror|Thriller,6.57,350,1.241,en
509585,7500,2019,Thriller|Drama,6.149,928,1.1659,en
464504,A Madea Family Funeral,2019,Comedy,5.958,493,1.6348,en
594692,Mother,2019,Drama|Thriller,6.723,130,1.2536,fr
758025,Peter's To-Do List,2019,Science Fiction|Action|Adventure,6.964,96,1.2757,en
612845,My People  My Country,2019,Drama|History,6.713,80,1.1897,zh
567566,The Rifleman,2019,War|Drama|History,7.3,192,1.3585,lv
539651,Don't Let Go,2019,Horror|Mystery|Science Fiction|Thriller,6.904,453,1.2802,en
446159,Bacurau,2019,Mystery|Western|Thriller,7.648,1144,1.5736,pt
586586,Bliss,2019,Horror,5.725,211,1.3927,en
531735,Ibiza,2019,Comedy,5.2,343,2.0318,fr
576379,Hell on the Border,2019,Western|Adventure,5.528,105,1.0958,en
564701,Lucifer,2019,Action|Drama|Thriller,7.087,75,2.149,ml
565716,American Factory,2019,Documentary,7.188,515,1.3441,en
565311,Blush,2019,Drama,4.9,14,2.0706,en
573683,The Wonderland,2019,Animation|Fantasy|Family,6.4,97,1.7424,ja
550115,Airplane Mode,2019,Comedy,2.6,74,1.404,en
579224,Dream Girl,2019,Romance|Comedy,6.345,87,1.1191,hi
601980,Grisaia: Phantom Trigger the Animation - Soul Speed,2019,Action|Animation,6.0,12,1.276,ja
638937,Close Quarters,2019,Drama,5.691,34,1.5676,es
621757,Dads,2019,Documentary,6.878,37,2.5532,en
586954,Latte and the Magic Waterstone,2019,Animation|Adventure|Family|Comedy,6.564,110,1.1226,de
531509,Otherhood,2019,Comedy,6.2,470,2.2637,en
585747,The Woman Who Keeps a Murderer,2019,Thriller|Horror,5.571,21,1.2513,ja
595112,One Night,2019,Drama,7.2,24,2.1462,ja
621914,Arctic Apocalypse,2019,Action|Science Fiction,6.1,173,1.8015,en
597187,The Secret Lives of Cheerleaders,2019,TV Movie|Thriller|Drama,6.7,37,1.4155,en
599950,Sid & Judy,2019,Documentary|History,7.4,16,1.1121,en
450487,Fast Color,2019,Thriller|Science Fiction,5.947,226,1.5281,en
619441,Goodbye,2019,Drama|Thriller,7.0,234,1.2312,es
617768,The Song of Names,2019,Drama|Music,6.691,170,1.2438,en
492616,Luce,2019,Drama|Thriller,6.377,326,1.4953,en
581518,When Hitler Stole Pink Rabbit,2019,Drama,7.0,175,1.4348,de
424651,Untogether,2019,Comedy|Drama,5.4,48,1.3614,en
501395,True History of the Kelly Gang,2019,Crime|Drama|Western|Thriller,5.933,356,1.6299,en
582494,The Resistance Fighter,2019,History|Action|War,6.206,90,1.2801,pl
463088,The Game Changers,2019,Documentary,7.306,337,1.2906,en
575198,The Secret Men Club,2019,Comedy,6.5,33,1.2797,ar
529589,Love Live! Sunshine!! The School Idol Movie: Over the Rainbow,2019,Music|Animation|Comedy,7.0,15,1.1323,ja
630027,Fragtime,2019,Animation|Romance|Science Fiction|Comedy,6.2,50,1.2499,ja
590593,The Queen of Black Magic,2019,Horror|Mystery,6.641,85,1.4568,id
609734,Above the Shadows,2019,Fantasy|Romance,6.728,197,1.2477,en
601099,Verotika,2019,Horror,3.327,55,2.787,en
602508,Warning: Do Not Play,2019,Horror|Mystery,6.253,77,1.0699,ko
565276,Love  Antosha,2019,Documentary,7.442,60,2.2643,en
602797,Hot Gimmick: Girl Meets Boy,2019,Drama|Romance,5.9,58,1.3244,ja
575238,Integrity,2019,Crime|Drama|Mystery,5.609,23,1.1688,cn
500860,The Mustang,2019,Drama,6.9,431,1.2657,en
575138,The New King of Comedy,2019,Comedy,5.565,46,1.5235,cn
496891,Girls und Panzer das Finale: Part 2,2019,Animation|Action|Comedy,6.182,33,1.2327,ja
455957,Domino,2019,Crime|Thriller,4.6,297,2.3911,en
592128,Mob Town,2019,Drama|Crime,6.379,66,2.0082,en
470897,Strange but True,2019,Thriller,6.035,215,1.0549,en
580626,The Divine Move 2: The Wrathful,2019,Crime|Action,7.0,33,1.1479,ko
611468,Kidnapping Stella,2019,Thriller,5.327,437,1.1087,de
578498,Family Practice,2019,Drama,3.6,10,1.8008,de
635339,Kamen Rider Reiwa: The First Generation,2019,Action|Adventure|Science Fiction,6.115,13,1.5205,ja
510284,Braid,2019,Thriller|Horror|Mystery,5.73,172,1.1692,en
532267,The Fable,2019,Action|Comedy|Crime,6.706,85,1.3953,ja
584242,Wet Season,2019,Drama|Romance,6.4,39,1.262,zh
496495,Sye Raa Narasimha Reddy,2019,Drama|History|War,6.25,38,2.3249,te
660033,How I Became a Gangster,2019,Crime|Action,6.98,123,1.3566,pl
501989,Ode to Joy,2019,Comedy|Drama|Romance,6.192,130,1.1076,en
471859,Charlie Says,2019,Drama|Crime,5.9,244,1.198,en
519473,Nancy Drew and the Hidden Staircase,2019,Crime|Family|Mystery,6.4,254,1.6227,en
605389,The Great War of Archimedes,2019,War|Action|Mystery|Drama,6.653,36,1.4507,ja
496339,Dabangg 3,2019,Action|Comedy|Crime,4.7,63,1.148,hi
652722,In the Arms of an Assassin,2019,Romance|Thriller,7.758,432,2.0302,es
622977,The Last Vermeer,2019,Drama|History,6.5,140,1.1523,en
560362,Rattlesnake,2019,Thriller|Drama|Mystery|Horror,5.273,459,1.0376,en
509853,The Fanatic,2019,Crime|Thriller,4.44,334,1.3482,en
522039,The Last Black Man in San Francisco,2019,Drama,6.999,361,1.0974,en
566222,The Great Hack,2019,Documentary,6.896,577,1.0443,en
529149,Darlin',2019,Horror|Thriller|Mystery,5.281,144,1.5924,en
614564,Wish Man,2019,Drama,6.8,36,2.1474,en
530743,Instinct,2019,Drama|Mystery|Thriller,5.0,58,2.2061,nl
570508,Innocent Witness,2019,Drama,7.8,84,1.2465,ko
524780,Dogs Don't Wear Pants,2019,Drama,6.891,193,1.6187,fi
599845,The Immortal,2019,Crime|Drama|Thriller,6.625,499,1.3996,it
640090,Under Your Bed,2019,Drama|Thriller,6.4,36,1.2664,ja
579524,Santa's Little Helpers,2019,Animation|Comedy|Family|Adventure,6.3,60,0.7852,en
542830,Little White Lies 2,2019,Comedy|Drama|Family|Romance,6.65,731,1.1587,fr
595172,The Pilgrim's Progress,2019,Animation|Adventure,7.6,95,1.7023,en
536396,Blackbird,2019,Drama,6.782,220,1.1351,en
545836,Amundsen,2019,Drama|History|Adventure,6.048,187,1.6891,no
503356,Viswasam,2019,Action|Drama,6.315,46,1.2377,ta
565307,Clemency,2019,Drama,6.264,121,2.3281,en
553141,The Head Hunter,2019,Horror|Fantasy,5.487,335,1.3227,en
629014,Promare / Side: Galo,2019,Action|Animation|Science Fiction,7.4,26,1.2251,ja
366668,Playmobil: The Movie,2019,Family|Animation|Comedy|Adventure|Fantasy,5.752,310,1.2187,en
583794,Law of Tehran,2019,Action|Crime|Drama,7.176,270,1.4255,fa
521844,The Wedding Year,2019,Comedy,6.037,122,1.1949,en
513083,Wine Country,2019,Comedy,5.489,537,1.3185,en
640389,The Iron Bridge,2019,Drama,5.5,15,1.163,pl
596054,Heroic Losers,2019,Comedy|Thriller,7.6,612,1.0656,es
515741,Angel of Mine,2019,Drama|Thriller|Mystery,6.187,307,1.4995,en
637415,Enhanced,2019,Action|Science Fiction,5.4,44,1.0145,en
501591,Born a King,2019,Drama|History,7.4,22,1.1292,ar
512199,Native Son,2019,Drama,5.5,90,2.0751,en
481117,The Brawler,2019,Crime|Drama|History|Romance,4.3,16,1.1441,en
611605,1BR,2019,Thriller|Drama|Horror,6.033,527,1.6108,en
597237,Calum von Moger: Unbroken,2019,Documentary,7.4,18,1.1551,en
587806,Ultraman R/B The Movie: Select! The Crystal of Bond,2019,Action|Family|Science Fiction,7.088,17,1.2277,ja
578514,Samurai Marathon,2019,Action|Drama,6.054,56,1.1996,ja
579245,The Specials,2019,Comedy|Drama,7.78,983,1.0714,fr
513576,Always Be My Maybe,2019,Romance|Comedy,6.648,1397,1.2894,en
600014,Iron Fists and Kung Fu Kicks,2019,Documentary|History,6.75,60,1.2913,en
640793,My Bossy Girl,2019,Comedy|Romance,6.0,17,1.2353,ko
572609,School-Live!,2019,Horror|Comedy|Drama|Mystery,7.3,26,1.172,ja
570292,Dream Factory,2019,Drama|Comedy|Romance,7.36,93,1.0928,de
606154,The Tunnel,2019,Thriller|Drama,6.4,324,1.44,no
582759,Mr. Local,2019,Romance|Action|Comedy,4.6,13,1.0507,ta
539140,Cencoroll Connect,2019,Animation|Science Fiction,6.8,26,1.2431,ja
566228,The Inventor: Out for Blood in Silicon Valley,2019,Documentary,7.043,300,1.234,en
574894,The Big Shot,2019,Action|Crime|Thriller,6.108,37,0.9999,zh
340104,Lucy in the Sky,2019,Drama|Thriller|Romance,4.97,233,1.1272,en
517468,The Truth,2019,Drama,6.004,266,1.375,fr
520679,Her Smell,2019,Drama|Music,5.769,143,1.1234,en
564863,MAL·MO·E: The Secret Mission,2019,Drama|Comedy|History,7.8,27,1.1779,ko
609202,Black Fox,2019,Animation|Action|Drama|Science Fiction,6.64,50,1.3358,ja
509733,Spy Cat,2019,Animation|Adventure|Comedy|Family,6.7,84,1.0446,de
631143,QT8: The First Eight,2019,Documentary,7.2,182,1.3279,en
575146,Stray,2019,Drama|Horror|Thriller,4.818,33,1.2391,ru
529862,Brittany Runs a Marathon,2019,Comedy|Drama,6.6,508,1.4123,en
632931,The Silence of the Marsh,2019,Thriller,5.2,239,1.4924,es
493899,So Long  My Son,2019,Drama,7.709,223,1.2437,zh
537140,Hope Gap,2019,Drama,6.456,160,1.3097,en
532024,Heaven,2019,Drama|TV Movie,6.2,40,1.359,en
575381,Changeland,2019,Comedy|Drama,5.636,81,1.8069,en
473019,The Souvenir,2019,Romance|Drama,6.08,282,1.2198,en
540709,Ema,2019,Drama,6.726,252,2.087,es
567590,Diner,2019,Crime|Thriller|Action,6.6,18,1.3496,ja
621476,American Skin,2019,Crime|Drama,6.981,103,1.6993,en
535396,Maria's Paradise,2019,Drama|History,5.4,10,1.5348,fi
566387,12 Suicidal Teens,2019,Mystery|Drama,6.438,89,1.2217,ja
596652,Sivappu Manjal Pachai,2019,Thriller,5.929,14,1.3727,ta
549787,Tokyo Ghoul 'S',2019,Action|Horror|Science Fiction|Fantasy,6.515,99,1.106,ja
605804,The Wretched,2019,Horror|Mystery|Thriller,6.055,685,1.44,en
378112,Salma's Big Wish,2019,Animation|Family|Fantasy,6.912,153,1.0911,es
532327,How High 2,2019,Comedy|TV Movie,6.2,107,1.2148,en
508791,The Sun Is Also a Star,2019,Romance|Drama,7.0,625,1.2319,en
567410,System Crasher,2019,Drama,7.7,386,1.7705,de
615137,The 9th Precinct,2019,Fantasy|Thriller|Crime,5.587,23,1.1532,zh
522369,Sorry We Missed You,2019,Drama,7.316,833,1.1212,en
624417,Cola Wars,2019,Documentary|History,7.8,12,1.7133,en
571787,Inseparable Bros,2019,Comedy|Drama,8.233,60,1.1178,ko
572988,The King's Letters,2019,History|Drama,7.2,16,1.0926,ko
524008,The Chain,2019,Thriller,5.1,30,0.9938,en
528985,Assimilate,2019,Horror|Thriller|Science Fiction,6.304,293,1.025,en
583209,Marvel Rising: Heart of Iron,2019,Animation|Family|Science Fiction|Action,6.4,80,0.9352,en
534259,Blinded by the Light,2019,Drama|Comedy,6.92,609,1.044,en
595841,Making Waves: The Art of Cinematic Sound,2019,Documentary|History,6.9,80,1.3516,en
527385,After the Wedding,2019,Drama,6.375,257,1.3832,en
608085,Seven Days War,2019,Animation|Drama|Action,6.4,84,1.0112,ja
522837,Fortuna's Eye,2019,Drama,6.6,23,1.1267,ja
566213,Honeyland,2019,Documentary,7.874,301,1.0297,tr
522464,Palm Beach,2019,Comedy|Drama,5.3,29,2.3814,en
570511,Cheer Up  Mr. Lee,2019,Drama|Comedy|Family,8.0,26,1.1534,ko
637965,My Wife's Secret Life,2019,Thriller|TV Movie,4.6,11,0.9843,en
432011,Super Deluxe,2019,Comedy|Thriller|Drama|Crime,7.713,134,1.3646,ta
594633,Hailey Dean Mysteries: A Prescription for Murder,2019,Mystery|TV Movie,6.9,39,1.3803,en
609670,D-Day,2019,War,4.7,22,1.6231,en
627879,Rogue Warfare,2019,War|Action,5.6,144,2.1428,en
612089,Love Unleashed,2019,TV Movie|Romance,6.8,26,2.1563,en
535265,Killers Anonymous,2019,Action|Thriller|Crime|Mystery,4.617,227,2.2942,en
619650,There's Something in the Water,2019,Documentary,7.308,13,1.0801,en
571756,Leberkäsjunkie,2019,Comedy|Crime,6.933,105,2.0573,de
554814,Fly Me to the Saitama,2019,Comedy,6.7,25,1.0345,ja
647206,Android Kunjappan Version 5.25,2019,Comedy|Drama,7.449,40,0.9279,ml
549435,Tailgate,2019,Thriller|Horror,6.149,258,1.1731,nl
491473,Gloria Bell,2019,Drama|Romance,5.965,341,1.4075,en
618019,Awake,2019,Action|Thriller,5.367,162,1.3354,en
607426,Tempting Fate,2019,Drama|Romance|TV Movie,5.635,37,1.0696,en
634524,Badland,2019,Western,6.164,125,1.3665,en
584427,4L,2019,Comedy|Drama,5.904,171,2.1107,es
641909,Lupin the Third: Prison of the Past,2019,Animation|Action|Adventure|Crime|Comedy|TV Movie,6.8,19,1.08,ja
472497,Sweetness in the Belly,2019,Drama,6.269,40,1.8995,en
322520,Hal,2019,Documentary,6.6,15,1.1131,en
618219,Mosul,2019,War|Drama|Action,6.692,343,1.2719,ar
590401,De De Pyaar De,2019,Romance|Comedy,6.057,61,0.9749,hi
504631,Mermaid Down,2019,Horror|Fantasy|Mystery|Thriller,6.417,303,1.2971,en
619173,The Witness,2019,Crime|Thriller,7.0,20,1.1894,ja
366171,To Your Last Death,2019,Animation|Horror,5.589,56,1.1138,en
587693,A Christmas Prince: The Royal Baby,2019,Romance|Family|TV Movie,6.272,567,1.2112,en
541572,The Elephant Queen,2019,Documentary|Family,7.244,90,1.1196,en
572632,Aircraft Carrier Ibuki,2019,Drama,6.167,12,0.9508,ja
522892,Escaping the Madhouse: The Nellie Bly Story,2019,Thriller|TV Movie,7.5,137,1.0912,en
595975,La Belle Époque,2019,Comedy|Drama,7.365,1067,1.3628,fr
575100,When Mom Is Away,2019,Comedy|Family,6.5,518,0.9389,it
525946,Troop Zero,2019,Comedy|Drama|Family,6.953,309,1.2776,en
515724,Semper Fi,2019,Action|Drama,5.98,147,1.1094,en
559937,S.W.A.T.,2019,Action|Crime|Drama,7.351,94,1.1752,zh
592316,My Little Pony: Equestria Girls - Spring Breakdown,2019,Action|Adventure|Comedy|Animation,8.5,65,1.0208,en
530624,Antiquities,2019,Comedy,4.3,10,1.0228,en
550958,Holy Lands,2019,Drama,6.1,42,2.0892,en
554022,Torpedo: U-235,2019,Action|War|Adventure,6.43,178,2.1668,nl
635776,Rogue Warfare: The Hunt,2019,Action,5.6,64,0.9191,en
618239,Hava  Maryam  Ayesha,2019,Drama,7.0,12,0.6792,fa
617299,Lola and the Sea,2019,Drama,6.418,67,0.8959,fr
554801,The Confidence Man JP - The Movie -,2019,Comedy|Mystery,7.3,34,1.1649,ja
612654,Fantastic Fungi,2019,Documentary,7.265,187,1.0972,en
597295,Love The Way You Are,2019,Romance|Comedy,5.4,34,0.9542,zh
492002,Radioflash,2019,Thriller|Drama,5.119,97,0.9275,en
628276,The Sisterhood,2019,Thriller|TV Movie,4.8,34,1.993,en
627087,Lunana: A Yak in the Classroom,2019,Drama,7.4,225,1.1405,dz
538227,Extra Ordinary,2019,Fantasy|Comedy|Horror,6.414,274,2.1988,en
465929,Back Roads,2019,Crime|Drama|Thriller,5.767,60,1.0653,en
571391,Chicuarotes,2019,Drama|Crime,7.842,250,1.2844,es
619166,By Quantum Physics: A Nightlife Venture,2019,Crime,6.0,21,1.1611,ko
571078,Money,2019,Crime|Drama,6.7,30,1.2483,ko
608994,The Cleansing Hour,2019,Horror,6.337,270,1.043,en
557648,Rent,2019,Music|TV Movie|Drama,6.738,84,1.4787,en
499566,A Million Little Pieces,2019,Drama,6.2,114,1.206,en
606441,Monster Island,2019,Science Fiction|TV Movie,3.6,33,1.7948,en
548544,Invisible Life,2019,Drama,7.8,344,1.0361,pt
656968,FX's A Christmas Carol,2019,Drama|Fantasy,7.2,214,1.2331,en
580944,Treehouse,2019,Horror|Thriller|TV Movie,5.5,82,1.0246,en
459670,Monica and Friends: Bonds,2019,Family|Adventure|Comedy,7.673,298,1.0416,pt
661286,The Summers of It – Chapter One: You'll Float Too,2019,Documentary,8.25,24,1.0033,en
586037,We Are Boats,2019,Fantasy,5.3,21,1.092,en
511468,Who Killed Lady Winsley?,2019,Crime|Comedy,6.4,37,1.0983,tr
576928,Asuran,2019,Action|Drama,7.566,106,1.2955,ta
620683,My Mom Is a Character 3,2019,Comedy,8.2,493,0.9318,pt
530076,Corporate Animals,2019,Horror|Comedy,4.8,143,1.7908,en
576026,The House Elf,2019,Fantasy|Family,7.038,78,1.0821,ru
588787,Ordinary Love,2019,Drama|Romance,6.799,157,0.7669,en
509364,By the Grace of God,2019,Drama,7.143,586,1.2502,fr
560964,Junglee,2019,Action|Adventure,6.8,107,0.935,hi
532838,Deep Murder,2019,Comedy|Horror,3.779,34,0.96,en
575009,A Home with a View,2019,Comedy,5.7,10,0.7929,cn
505953,Storm Boy,2019,Drama|Adventure|Family,7.137,153,1.3104,en
498743,Never Grow Old,2019,Western,6.04,239,1.1033,en
600348,Volition,2019,Science Fiction|Thriller,5.477,86,0.9977,en
589978,Fahim,2019,Drama|Family|Comedy,6.83,182,1.0948,fr
582873,Martin Eden,2019,Romance|Drama,6.999,690,0.9677,it
574074,Kitbull,2019,Animation|Family|Drama,7.938,400,0.9782,en
531438,Holiday in the Wild,2019,Romance|Comedy,6.5,569,1.2221,en
613200,The King's Avatar: For the Glory,2019,Animation|Action|Drama,6.4,73,1.1241,zh
517024,Break,2019,Thriller,5.3,230,1.0817,ru
573106,The Third Eye 2,2019,Horror|Mystery|Thriller,5.8,46,1.0773,id
348672,About Endlessness,2019,Drama|Fantasy|Comedy,6.522,227,0.7447,sv
498448,Kesari,2019,Action|Drama|History|War,7.085,123,1.4941,hi
541577,This Changes Everything,2019,Documentary,6.2,42,0.9966,en
524124,Big Kill,2019,Action|Western,6.0,30,0.919,en
571610,Majili,2019,Drama|Romance,6.434,38,1.0347,te
559713,Fisherman's Friends,2019,Comedy|Drama,6.724,192,1.0595,en
588209,Alien: Harvest,2019,Science Fiction|Horror,6.5,58,1.6848,en
570973,Last Breath,2019,Documentary,7.504,120,0.91,en
603772,Little Q,2019,Drama|Family,7.6,107,1.0289,cn
519141,Matthias & Maxime,2019,Drama|Romance,7.1,510,1.2899,fr
593035,Alien Warfare,2019,Action|Science Fiction|Thriller,4.079,151,1.1164,en
535356,Elisa & Marcela,2019,Drama|Romance,7.287,403,1.1339,es
599744,Tooth Fairy,2019,Horror|Thriller,5.221,86,1.0096,en
626975,Our Ladies,2019,Comedy|Drama,6.482,55,0.9398,en
530157,Pledge,2019,Horror|Thriller,5.168,143,1.3318,en
522887,Manou the Swift,2019,Animation|Adventure|Family|Comedy,6.4,80,1.0641,en
508330,Awoken,2019,Horror|Thriller|Mystery,5.765,100,0.8719,en
539524,To the Ends of the Earth,2019,Drama,6.4,61,0.8513,ja
590123,Aurora Teagarden Mysteries: A Very Foul Play,2019,Mystery|TV Movie|Thriller|Crime,7.451,82,1.1206,en
617708,La Llorona,2019,Thriller|Horror|Drama,6.4,366,1.208,es
401410,Prey,2019,Horror|Thriller,4.783,83,1.2886,en
573537,Selling Isobel,2019,Drama|Thriller,5.0,16,1.1322,en
491037,The Mandela Effect,2019,Science Fiction|Thriller|Drama,6.3,182,1.2832,en
570614,Rise of the Footsoldier 4: Marbella,2019,Action|Crime,5.3,34,1.0724,en
510355,Share,2019,Drama|Mystery,5.272,90,0.9908,en
613099,The Legacy of the Bones,2019,Thriller|Crime|Mystery,6.542,462,1.0608,es
617483,Chal Mera Putt,2019,Comedy|Drama,7.063,16,1.0872,pa
620263,BLACKFOX: Age of the Ninja,2019,Action|Adventure|Drama|History,7.091,11,0.8772,ja
602545,Into the Labyrinth,2019,Thriller|Mystery,6.38,528,1.0962,it
582927,I'm No Longer Here,2019,Drama,7.864,527,1.297,es
728767,Solar Impact,2019,Action|Fantasy|Thriller,4.826,46,0.8273,en
547009,Greener Grass,2019,Comedy,6.1,144,0.7862,en
573257,Mikhael,2019,Action|Family|Thriller,4.1,14,1.0086,ml
582589,Family of Strangers,2019,Drama,7.6,10,1.0358,ja
598586,Almost Love,2019,Drama|Romance|Comedy,6.17,47,1.9253,en
565179,The First King,2019,History|Drama,7.104,1128,1.1256,la
620744,Mystery 101: Words Can Kill,2019,Mystery|TV Movie,7.944,36,0.7625,en
373226,Belzebuth,2019,Horror|Fantasy,7.172,372,1.076,es
574151,Love You to Death,2019,Drama|TV Movie,7.599,106,0.833,en
606952,The Goddess of Fortune,2019,Drama,7.1,521,0.9553,it
565719,Hail Satan?,2019,Documentary,7.0,195,1.2074,en
369560,Drunk Parents,2019,Comedy,4.5,260,0.8815,en
504585,Little Joe,2019,Drama|Science Fiction,5.766,320,0.9132,en
411144,We Have Always Lived in the Castle,2019,Mystery|Thriller,5.536,337,1.134,en
598075,Vertigo,2019,Drama|Romance,6.1,18,1.1964,ko
577953,A Long Goodbye,2019,Family|Drama,7.0,13,0.9972,ja
492190,The Day Shall Come,2019,Comedy,5.742,124,0.9389,en
591121,Maria,2019,Action|Crime,6.0,160,1.0111,tl
582883,Deerskin,2019,Comedy|Horror,6.464,777,0.9295,fr
576040,Malibu Rescue,2019,Comedy|Family,6.2,206,1.9693,en
586969,Farewell Song,2019,Music|Romance|Drama,7.2,26,0.9119,ja
611594,Mission Mangal,2019,Drama|History,6.671,79,0.8754,hi
507712,The Devil Has a Name,2019,Drama|Comedy|Thriller,5.3,62,1.0275,en
496967,Atlantics,2019,Drama|Romance|Fantasy,6.738,281,0.9232,fr
548784,Hell Girl,2019,Horror|Fantasy,6.155,29,0.8746,ja
606146,The Perfect Patient,2019,Crime|Drama|Thriller,6.4,121,0.8507,sv
513413,Spider in the Web,2019,Thriller,4.988,124,0.9736,en
604975,Chase,2019,Thriller|Action,4.611,18,0.8146,en
536881,Genesis,2019,Drama|Romance,6.244,41,2.0723,fr
620881,The Perfect Secret,2019,Comedy|Drama,6.509,342,0.9964,de
535550,Hotel by the River,2019,Drama,6.431,72,0.8659,ko
574241,Poms,2019,Comedy|Drama,6.569,226,1.1694,en
514755,Crossbreed,2019,Science Fiction,3.5,22,0.8111,en
514743,Cordelia,2019,Drama|Thriller|Horror,5.1,43,0.909,en
622601,Your Family or Your Life,2019,TV Movie|Drama,5.9,10,0.9278,en
472983,Invader Zim: Enter the Florpus,2019,Animation|Comedy|Science Fiction,7.407,259,1.0594,en
617402,Kaguya-sama: Love Is War,2019,Comedy|Romance,7.5,39,0.9411,ja
624620,PAW Patrol: Ready  Race  Rescue!,2019,Animation|Family|Fantasy|Adventure,7.084,149,1.2254,en
486832,Them That Follow,2019,Thriller,5.0,89,1.1463,en
532938,The Shiny Shrimps,2019,Comedy,6.584,467,1.0265,fr
365958,Bottom of the 9th,2019,Crime|Drama,6.203,32,1.0409,en
551115,Penoza: The Final Chapter,2019,Action|Crime|Thriller|Drama,6.7,146,0.9689,nl
576225,Alone/Together,2019,Romance|Drama,6.1,17,2.0365,tl
608845,The Fatal Raid,2019,Action|Comedy|Drama,6.794,34,0.9633,cn
577332,Panipat,2019,Action|History|War|Romance,6.09,39,0.887,hi
573560,The Car: Road to Revenge,2019,Action|Horror|Thriller|Science Fiction,6.3,114,0.9171,en
567860,Fyre,2019,Documentary,6.933,1005,0.9588,en
623521,The Dare,2019,Horror|Mystery|Thriller,5.868,151,0.9703,en
516724,Mistresses,2019,Comedy,5.1,14,0.7009,ru
574936,Love  Romance & Chocolate,2019,TV Movie|Romance,6.4,76,0.9307,en
603400,The Passage,2019,Action|War|History|Drama,7.12,25,0.9219,ar
647375,Marvel Studios: Expanding the Universe,2019,Documentary,5.821,28,0.9252,en
543915,The Boat,2019,Thriller|Mystery|Horror,5.465,143,1.3004,en
506403,Submission,2019,Drama,6.333,27,0.8912,en
602177,Glorious Days,2019,Drama,7.906,16,0.8824,id
542917,Twin Murders: The Silence of the White City,2019,Drama|Thriller,5.633,345,1.0222,es
504582,The Whistlers,2019,Thriller|Crime,6.0,181,1.2621,ro
717042,Recon,2019,War|Thriller,4.918,61,0.9622,en
580629,Get Duked!,2019,Comedy|Action|Horror,6.19,263,0.992,en
604839,Rodman: For Better or Worse,2019,Documentary|TV Movie,8.2,12,0.8847,en
603519,Beats,2019,Drama|Music,6.645,269,1.0752,en
606307,15 Years,2019,Drama,5.389,18,0.8509,he
449684,Girls with Balls,2019,Horror|Comedy,4.179,249,0.9112,fr
551994,The Shed,2019,Horror|Thriller,5.861,147,1.0498,en
574321,Only the Animals,2019,Drama|Crime,6.697,322,1.0869,fr
584134,Death Whisper,2019,Horror,6.6,11,0.8514,id
585311,General Commander,2019,Action,3.882,72,0.9615,en
593240,Human Lost,2019,Action|Animation|Science Fiction,5.097,36,1.0274,ja
587986,Advantages of Travelling by Train,2019,Drama|Thriller,6.449,176,0.8848,es
598784,Six Children and One Grandfather,2019,Comedy|Family|TV Movie,5.7,11,1.3688,en
567973,Furie,2019,Action|Drama|Thriller,6.6,218,1.0,vi
586940,I Lost My Body,2019,Animation|Drama|Fantasy,7.5,1335,1.0314,fr
500656,A Good Woman Is Hard to Find,2019,Thriller|Crime,6.084,191,0.914,en
544404,Who You Think I Am,2019,Drama|Romance,6.5,351,0.9441,fr
586595,After Midnight,2019,Drama|Horror|Romance,5.7,134,0.7686,en
582895,Perfect Nanny,2019,Drama|Crime|Thriller,6.06,252,0.9269,fr
553882,An Acceptable Loss,2019,Thriller|Drama,6.2,78,0.9806,en
623464,Zombie Tidal Wave,2019,Action|Adventure|Science Fiction|Horror|Thriller,4.4,64,1.0144,en
429416,The Jesus Rolls,2019,Comedy|Crime|Drama,4.419,172,0.9479,en
647498,1942: Unknown Battle,2019,War|Drama|History,7.7,172,1.3511,ru
618363,Collective,2019,Documentary,7.534,189,0.8954,ro
586451,Blow the Man Down,2019,Drama|Mystery|Comedy,6.233,335,0.814,en
331986,The Public,2019,Drama,6.476,85,0.7787,en
649487,Pagalpanti,2019,Comedy|Action,4.7,19,0.9826,hi
574954,The Prince,2019,Drama,7.3,60,0.9472,es
515789,StarDog and TurboCat,2019,Animation|Comedy|Family,7.086,99,0.9593,en
620371,Sons of Rizk 2: Return of the Lions of the Land,2019,Drama|Action,7.2,28,0.9181,ar
501495,Greenlight,2019,Thriller|Horror,5.6,11,1.3005,en
552646,Before the Dawn,2019,Drama|Romance,5.6,17,0.8878,en
598440,Homme Fatale,2019,Comedy|Romance|History,6.3,23,1.1146,ko
542444,The (Silent) War,2019,Drama|Thriller|War,5.9,59,0.8976,es
582681,Friend Zone,2019,Romance|Comedy,7.2,47,0.9314,th
518755,Sheep & Wolves: Pig Deal,2019,Animation|Adventure|Comedy|Family,6.5,86,1.0746,ru
586592,Come to Daddy,2019,Comedy|Horror|Mystery|Thriller,5.973,586,0.9239,en
573808,Man of Men,2019,Drama,6.5,29,0.9661,ko
582206,The Best Is Yet to Come,2019,Comedy|Drama,6.812,314,1.0545,fr
617285,How to Live in This World,2019,Comedy|Romance,6.0,10,2.2935,ko
651536,Gone,2019,TV Movie|Thriller|Crime,4.6,14,1.7474,en
543343,Guava Island,2019,Comedy|Thriller|Music,6.684,343,1.6933,en
571632,Another Child,2019,Drama,7.5,38,0.8998,ko
520390,The Kindness of Strangers,2019,Drama,6.272,123,0.8251,en
607217,A Merry Christmas Match,2019,Drama|TV Movie|Romance,6.134,41,0.8123,en
578209,Moonlit Winter,2019,Romance|Drama,7.0,62,0.9204,ko
661680,Where We Disappear,2019,Drama,5.8,12,0.8485,en
401686,Berlin  I Love You,2019,Drama,4.727,64,0.9952,en
587424,Infection,2019,Horror|Thriller,6.735,189,0.9315,es
575075,The Hero,2019,Action|Crime|Drama,5.936,78,0.907,ru
601453,Psycho Granny,2019,Thriller|TV Movie,7.1,17,1.0184,en
612632,My Little Pony: Equestria Girls - Sunset's Backstage Pass,2019,Family|Animation,8.878,45,1.0717,en
581561,Text,2019,Drama|Thriller,6.457,105,0.9163,ru
620210,Fagara,2019,Drama,7.3,12,0.9457,cn
617144,Orpheus Song,2019,Adventure|Romance,5.5,35,0.7284,de
585839,The Protector,2019,Romance,6.3,25,1.0127,en
570131,Love at Second Sight,2019,Comedy|Romance|Fantasy,7.043,874,1.8443,fr
651879,Murders at the House of Death,2019,Mystery|Crime|Horror|Thriller,6.0,16,0.9778,ja
665702,Secrets at the Lake,2019,Thriller|TV Movie,6.23,50,0.8444,en
554590,Tod@s Caen,2019,Comedy,7.841,485,0.937,es
562102,A Woman's Nightmare,2019,TV Movie|Thriller,4.921,19,0.8949,en
599321,Korea: The Never-Ending War,2019,Documentary|War,7.821,14,0.8288,en
587272,Father There Is Only One,2019,Comedy|Family,7.7,768,0.933,es
567976,Swingers 2,2019,Comedy,3.962,13,1.0326,uk
566232,Miles Davis: Birth of the Cool,2019,Documentary|History|Music,7.121,95,1.0903,en
527745,Until We Fall,2019,Drama,6.1,10,0.6819,da
522373,Young Ahmed,2019,Drama,6.3,170,0.8995,fr
619067,The Promised Land,2019,Drama|Crime,6.0,11,0.8982,ja
576720,Aurora,2019,Comedy|Drama|Romance,5.5,28,0.7937,fi
566914,F2: Fun and Frustration,2019,Comedy,5.591,33,0.6982,te
601722,Thicker Than Water,2019,Thriller|TV Movie,5.5,48,0.9834,en
487437,White as Snow,2019,Comedy|Drama,5.1,107,1.2402,fr
569101,Unda,2019,Drama,7.1,38,0.7373,ml
603314,Black Money,2019,Crime|Drama|Thriller,7.1,30,0.899,ko
603641,TKKG,2019,Adventure|Family|Crime,5.243,35,1.0666,de
455005,The Field,2019,Fantasy|Mystery|Thriller,5.0,12,1.2735,en
571650,Paradise Beach,2019,Action|Thriller|Crime,5.2,182,0.8575,fr
607822,Vault,2019,Crime|Drama,5.643,84,0.8618,en
517034,Union of Salvation,2019,Drama|History|Adventure,6.1,34,0.9752,ru
576422,Missbehavior,2019,Comedy,6.0,12,0.7188,cn
576743,Marvel Rising: Chasing Ghosts,2019,Family|Animation|Action|Adventure,6.4,56,0.8505,en
550158,Disclaimer,2019,Comedy|Drama,4.7,87,0.9724,fr
539531,It Must Be Heaven,2019,Comedy|Drama,6.5,178,0.9374,fr
642271,The Little Mermaid Live!,2019,Family|Music|TV Movie,6.75,54,0.9311,en
655730,Agatha and the Curse of Ishtar,2019,Crime,5.771,83,1.0533,en
642532,Thanks for Everything,2019,Comedy|Drama|Crime,6.8,15,0.6799,fr
439059,Rocko's Modern Life: Static Cling,2019,Animation|Comedy|TV Movie|Family,6.599,167,0.9445,en
585830,Watching,2019,Horror|Thriller,5.6,14,0.9489,ko
580001,Kevin Hart's Guide to Black History,2019,Comedy,5.4,47,0.849,en
657148,"Live in Front of a Studio Audience: ""All in the Family"" and ""Good Times""",2019,Comedy|TV Movie|Family,6.1,14,0.8046,en
569814,Rebels,2019,Comedy,6.135,341,1.0909,fr
575722,A Little Princess,2019,Drama|Comedy,6.6,17,0.7821,ko
587217,Blue Hour,2019,Drama|Comedy,6.909,11,0.9163,ja
433499,Finding Steve McQueen,2019,Crime,6.064,163,0.8776,en
619433,I Don't Like Younger Men 4,2019,Romance,4.3,16,1.0866,ko
503742,The Mountain,2019,Drama,5.115,61,0.7377,en
597088,And Then We Danced,2019,Drama|Romance,7.224,259,0.891,ka
660064,Beneath the Shadow,2019,Drama,5.5,11,0.6915,ja
554796,Talking the Pictures,2019,Comedy|History|Drama,7.5,10,0.8494,ja
576328,Beware of Children,2019,Drama,7.333,30,1.7003,no
627093,Curious George: Royal Monkey,2019,Animation|Adventure|Comedy|Family,7.6,100,1.0806,fr
597965,The Show Must Go On: The Queen + Adam Lambert Story,2019,Music|Documentary,7.472,53,0.8246,en
539364,Satanic Panic,2019,Horror|Comedy,5.296,152,0.9785,en
613349,A Good Doctor,2019,Comedy,6.544,333,0.9702,fr
644613,The Legend of Tomiris,2019,History|War|Drama,6.822,174,0.938,kk
575113,Modalità aereo,2019,Comedy,5.747,239,1.9009,it
585894,The Marquez-Castillo Siblings,2019,Comedy|Family,7.417,109,0.7922,es
597202,Benjamin,2019,Comedy|Drama,4.5,11,1.7413,en
544812,The Third Wife,2019,Drama,6.5,89,0.9623,vi
595890,Other Music,2019,Documentary,6.7,15,0.8892,en
665568,Black Maiden: Chapter Q,2019,Horror,5.8,10,0.7907,ja
651985,The SpongeBob Musical: Live on Stage!,2019,Family|Comedy|TV Movie,7.768,28,0.8162,en
588207,Alien: Containment,2019,Drama|Horror|Science Fiction,6.1,61,1.3257,en
934809,The Road to El Camino: Behind the Scenes of El Camino: A Breaking Bad Movie,2019,Documentary,7.0,34,0.9276,en
566236,Untouchable,2019,Documentary,6.466,89,1.8983,en
608813,In Full Bloom,2019,Action|Drama,6.76,77,0.8991,en
621284,I Am Patrick Swayze,2019,Documentary,7.0,29,0.9464,en
633545,The Missing Sister,2019,TV Movie|Thriller|Crime,4.7,16,0.8635,en
631998,As I Am,2019,Drama,5.583,12,1.0594,en
614722,Hell House LLC III: Lake of Fire,2019,Horror|Mystery,5.199,174,0.8887,en
586943,Fritzi: A Revolutionary Tale,2019,Animation|Drama|Family,6.6,33,0.5761,de
575701,Listen to the Universe,2019,Drama|Music,7.1,11,0.9536,ja
500247,Gipsy Queen,2019,Drama,7.1,12,1.2259,de
643866,Pilgrim,2019,Horror|Thriller|TV Movie,5.9,73,0.7475,en
586577,In Search of Darkness,2019,Documentary|Horror,7.5,103,1.0449,en
574037,Crazy Alien,2019,Comedy|Science Fiction,6.2,80,0.8707,zh
616558,The Spy,2019,Thriller|Drama|History,6.144,80,0.9276,no
582246,Phoenix  Oregon,2019,Comedy,5.4,12,1.8544,en
582607,See You Yesterday,2019,Science Fiction|Drama|Adventure|Crime|Action,5.6,563,0.8046,en
547403,Second Life,2019,Drama,7.0,20,0.8407,ko
614198,Are We Dead Yet,2019,Horror|Comedy,5.7,11,0.7417,en
498580,Kanchana 3,2019,Horror|Comedy,4.2,22,0.9467,ta
461218,William,2019,Science Fiction,5.8,13,2.3276,en
592452,Bloody Chainsaw Girl Returns: Revenge of Nero,2019,Action|Horror,6.321,53,0.8755,ja
567966,Bixler High Private Eye,2019,Adventure|Family|TV Movie|Mystery,7.426,54,1.0694,en
610120,Anima,2019,Music,7.28,482,0.7464,en
544392,Working Woman,2019,Drama,6.3,19,0.9586,he
659246,Psycho Nurse,2019,Thriller|TV Movie,4.9,11,0.8676,en
638240,Miracle in Cell No. 7,2019,Drama|Comedy,7.2,29,0.8743,tl
566454,The Mystery of Henri Pick,2019,Drama|Comedy,6.468,480,0.9585,fr
310421,Namma Veettu Pillai,2019,Comedy|Action,5.4,18,1.0722,ta
587301,School Life,2019,Drama|Comedy|Family,6.884,805,0.8391,fr
572616,Lupin the Third: Goodbye Partner,2019,Animation|Action|Adventure|Crime|Comedy|TV Movie,6.2,25,0.8849,ja
630476,Wyrm,2019,Comedy|Romance|Science Fiction,6.8,30,0.8021,en
632602,Birders,2019,Documentary,6.2,17,1.7364,en
591051,Savage,2019,Action|Crime|Thriller,5.9,22,0.5738,zh
582943,438 Days,2019,Drama|Thriller|History,7.091,82,2.068,sv
538715,Exit Plan,2019,Mystery|Thriller|Drama,5.969,97,0.9105,da
627579,Identity Theft of a Cheerleader,2019,Thriller|TV Movie,6.6,27,1.0508,en
611651,Sator,2019,Horror,4.996,126,0.7189,en
643786,The Living Dead,2019,Fantasy,6.9,13,0.7541,zh
580632,Snatchers,2019,Science Fiction|Horror|Comedy,6.497,168,0.8641,en
602495,"Live in Front of a Studio Audience: Norman Lear's ""All in the Family"" and ""The Jeffersons""",2019,Comedy|TV Movie,6.583,36,0.9725,en
532620,Let's Dance,2019,Music|Comedy|Drama,6.5,340,0.7195,fr
609844,The Earth of Mankind,2019,Drama|History,7.033,15,1.5781,id
630709,If I Were a Rich Man,2019,Comedy,5.896,159,0.8533,es
501977,Depraved,2019,Horror|Drama|Science Fiction,5.6,60,1.8615,en
633907,Loon Lake,2019,Horror|Thriller|Drama,4.6,20,0.7411,en
627487,Christmas Hotel,2019,Romance|TV Movie,6.2,21,1.0078,en
602283,Roxane,2019,Comedy,6.0,72,1.1366,fr
541495,The Man Who Feels No Pain,2019,Action|Comedy,6.72,75,0.8183,hi
611257,The Journalist,2019,Drama,7.4,20,0.8454,ja
630018,Out in the Open,2019,Drama,6.615,100,1.2636,es
575304,Another Woman,2019,Comedy,5.9,18,0.5797,ru
637395,The Spooky Tale of Captain Underpants Hack-a-ween,2019,Comedy|Animation|Family,6.617,30,1.1164,en
574376,Eye for an Eye,2019,Drama|Thriller|Crime,6.659,334,0.6716,es
614154,The Wrong Stepmother,2019,TV Movie|Thriller|Crime,6.841,22,0.9502,en
561557,The Ash Lad: In Search of the Golden Castle,2019,Fantasy|Adventure,6.504,125,1.1831,no
520905,Tone-Deaf,2019,Horror|Thriller|Comedy,5.218,101,0.9019,en
590096,Miracles Of Love,2019,Drama,6.9,33,0.8436,tr
612313,Love and Sunshine,2019,Romance|TV Movie,7.2,41,1.01,en
571783,Race to Freedom: Um Bok-dong,2019,Drama,6.7,16,1.0113,ko
606216,Hydra,2019,Thriller|Action|Crime|Drama,5.6,21,0.712,ja
499930,Black Circle,2019,Mystery|Horror,5.5,11,0.9628,sv
517164,Mouthpiece,2019,Drama,5.3,12,0.7095,en
565326,Before You Know It,2019,Comedy|Drama,4.9,19,0.6566,en
588199,In Search of the Last Action Heroes,2019,Documentary|Action,6.989,46,0.7692,en
604176,I'll Find You,2019,War|Music|Romance,5.5,25,0.7288,en
483353,The Wolf Hour,2019,Thriller,5.322,135,1.0622,en
517148,Beanpole,2019,Drama|War,7.0,355,0.9887,ru
603765,Looking Up,2019,Family|Drama,5.8,24,0.7974,zh
568776,Powder,2019,Drama|Comedy,7.4,37,1.249,es
578211,My Punch-Drunk Boxer,2019,Comedy|Drama,6.929,14,0.8015,ko
579273,Escape from Raqqa,2019,Drama|Thriller,6.0,55,1.0707,fr
815757,Las sirvientas calientes 2,2019,Comedy,5.75,18,0.7368,es
512603,Out Stealing Horses,2019,Drama,6.4,72,0.9214,no
640882,3022,2019,Science Fiction,5.3,244,1.073,en
550755,Windstorm 4,2019,Family|Adventure|Drama,6.858,74,0.9025,de
618326,Sisters in Arms,2019,Action|War|Adventure,7.104,149,1.0022,fr
613247,Get Lucky,2019,Comedy,5.8,29,0.6064,de
565357,We Are Little Zombies,2019,Drama|Music,6.6,38,0.8323,ja
539050,Memories of My Body,2019,Drama|Romance|Thriller,6.5,22,0.7032,id
528091,The Furies,2019,Horror|Action|Thriller,5.547,204,0.9172,en
636021,Hit Me Anyone One More Time,2019,Comedy|Drama,7.1,14,0.8297,ja
523869,Little Nights  Little Love,2019,Romance|Drama,6.7,16,0.7747,ja
572696,Idol,2019,Thriller,6.1,11,0.7863,ko
653904,Spirit Riding Free: Spirit of Christmas,2019,Animation|Family|Adventure|TV Movie,6.8,44,1.0226,en
597311,Guilt by Design,2019,Action|Crime,6.3,18,1.0015,zh
585062,Luka Chuppi,2019,Comedy|Romance,5.99,96,0.8819,hi
655466,Picture Perfect Royal Christmas,2019,Romance|Comedy|Drama|TV Movie,6.6,36,0.8595,en
637963,Never Surrender: A Galaxy Quest Documentary,2019,Documentary,7.4,39,0.7736,en
627370,Forever in My Heart,2019,TV Movie|Romance,6.739,46,0.6371,en
564898,Mine 9,2019,Drama|Thriller,5.565,77,0.8586,en
565214,The Tracker,2019,Action,4.713,47,0.7916,en
576069,Bait,2019,Drama,6.9,97,0.8619,en
594342,Seven Years in May,2019,Documentary|Drama,7.4,11,1.058,pt
611424,Brave Father Online - Our Story of Final Fantasy XIV,2019,Drama|Comedy|Family,7.5,11,0.6494,ja
600881,The Son,2019,Thriller,5.418,152,1.8423,es
588224,The Quiet One,2019,Documentary|Music,6.8,14,0.6253,en
590118,Aurora Teagarden Mysteries: A Game of Cat and Mouse,2019,Mystery|TV Movie|Crime,7.548,63,0.9448,en
581475,Juanita,2019,Drama,5.4,91,0.7156,en
576071,Unplanned,2019,Drama,6.825,223,0.7929,en
690725,The Baby Proposal,2019,Romance|TV Movie,6.6,23,0.6877,en
519464,Psychosia,2019,Drama,5.8,12,0.558,da
575190,Fyre Fraud,2019,Documentary,6.376,178,1.7358,en
491854,Foxtrot Six,2019,Action|Drama|Science Fiction,6.196,51,0.8452,en
597049,International Falls,2019,Comedy,6.2,25,0.7992,en
599672,The Blue Elephant 2,2019,Thriller|Mystery|Drama,7.574,47,0.8599,ar
514881,Chiwawa-chan,2019,Comedy|Mystery|Romance,6.8,15,0.697,ja
648969,Gundam Reconguista in G Movie I: Go! Core Fighter,2019,Animation|Science Fiction|War|Adventure,6.7,10,0.8337,ja
576314,You Only Live Once: Die Toten Hosen on Tour,2019,Music|Documentary,6.5,11,0.9338,de
576712,Everybody’s Everything,2019,Documentary,8.47,299,0.8329,en
534993,Petta,2019,Action,7.187,91,0.9112,ta
586654,Bottled with Love,2019,TV Movie|Romance,6.8,76,0.7856,en
554436,About That Life,2019,Comedy,6.7,19,0.8403,nl
595923,Nina Wu,2019,Drama|Thriller,6.3,51,0.6693,zh
605347,The Outsider,2019,Western,4.1,22,1.6978,en
590009,Funhouse,2019,Horror,5.179,159,0.7657,en
640521,Prescience,2019,Romance|Thriller,4.333,12,1.6769,en
653522,The App,2019,Drama|Science Fiction,3.0,126,1.5921,it
630915,Check Inn to Christmas,2019,TV Movie|Romance,6.7,44,0.8806,en
587289,Loving Vincent: The Impossible Dream,2019,Documentary,8.0,15,0.6194,en
610010,Killer Therapy,2019,Horror,4.679,14,0.8383,en
586458,The Short History of the Long Road,2019,Drama,7.045,56,0.786,en
714479,Fragile.com,2019,Horror|Thriller,4.0,10,1.8209,en
755688,Brave Blue World: Racing to Solve Our Water Crisis,2019,Documentary,6.2,19,1.4188,en
543084,The Biggest Little Farm,2019,Documentary,7.6,167,0.7863,en
573409,Vijay Superum Pournamiyum,2019,Drama|Comedy,6.7,17,0.886,ml
639609,Holiday Rush,2019,Drama|Comedy|Romance,5.618,224,1.9377,en
637422,MatchMaker Mysteries: A Killer Engagement,2019,TV Movie|Mystery,6.806,31,0.6039,en
610387,Haunting Inside,2019,Horror,5.8,18,1.2521,en
623364,Action,2019,Action,4.9,17,0.7989,ta
576727,All Roads to Pearla,2019,Drama|Thriller,4.947,19,0.8145,en
569571,One Red Nose Day and a Wedding,2019,Comedy|Drama|TV Movie|Romance,6.968,31,0.6889,en
491622,Manikarnika: The Queen of Jhansi,2019,History|Drama|Action,6.583,54,1.0931,hi
498155,The Glass Room,2019,Drama,5.2,35,0.7938,en
646732,Ghosting: The Spirit of Christmas,2019,Fantasy|TV Movie,5.634,41,0.8164,en
606943,Ittymaani: Made In China,2019,Comedy|Drama,4.2,16,0.773,ml
547090,Cave Rescue,2019,Adventure|Drama,5.913,40,1.3426,en
513208,Itsy Bitsy,2019,Horror|Thriller,5.054,92,1.6735,en
425516,Love Type D,2019,Romance|Comedy,5.3,20,0.6786,en
627903,Northwood Pie,2019,Comedy|Drama|Romance,7.0,11,0.9847,en
621751,And We Go Green,2019,Documentary,7.0,21,0.7045,en
582350,Sprinter,2019,Drama,6.375,16,1.8653,en
594626,Morning Show Mysteries: A Murder in Mind,2019,Mystery|TV Movie,6.8,21,0.9013,en
638943,Lost Girl,2019,Thriller|Mystery,6.89,50,0.7937,es
631404,Undercover Cheerleader,2019,Crime|Drama|TV Movie|Mystery,6.5,22,1.2823,en
679782,Foster Boy,2019,Drama|Mystery|Thriller,6.741,29,0.5894,en
433989,7 Deadly Sins,2019,Horror,2.813,16,0.8641,en
639832,Undercover Brother 2,2019,Comedy|Action,4.3,34,0.8251,en
625489,Recep Ivedik 6,2019,Comedy,4.281,112,0.9845,tr
634550,Skin Walker,2019,Horror|Thriller,4.8,22,0.693,en
537655,The Bears' Famous Invasion of Sicily,2019,Animation|Adventure|Family|Fantasy,7.2,194,0.7639,fr
535092,The Goldfish,2019,Comedy,6.42,106,0.8473,de
589982,Spread Your Wings,2019,Adventure|Family,7.466,327,0.7122,fr
574297,Birthday,2019,Drama,8.1,27,0.8592,ko
525183,Paddleton,2019,Comedy|Drama,6.971,307,0.8862,en
553030,Dirty God,2019,Drama,5.8,45,0.7036,en
554739,The Final Wish,2019,Horror,5.0,159,0.7095,en
544003,Framing John DeLorean,2019,Documentary|Drama,6.1,55,1.0704,en
610445,Mosley,2019,Animation|Family|Adventure|Fantasy,6.8,38,0.8367,en
505941,Frankie,2019,Drama,4.8,61,0.6768,fr
634462,Trixie Mattel: Skinny Legend,2019,Comedy,5.4,10,0.5813,en
602198,Saving Zoë,2019,Drama|Mystery|Thriller,6.2,183,0.9859,en
507317,The Portuguese Woman,2019,Drama|History,6.5,14,0.9429,pt
579091,The Drone,2019,Horror|Comedy,3.766,32,0.6307,en
617385,Hero,2019,Crime|Thriller|Action,6.3,30,0.7067,ta
706005,Killbird,2019,Thriller,5.8,31,0.7115,en
548064,You Might Be the Killer,2019,Horror|Comedy|Mystery,5.847,189,0.8224,en
568908,Making Babies,2019,Comedy|Drama,5.9,39,0.7679,en
519674,The Bygone,2019,Crime|Drama,6.508,59,0.6349,en
500899,The Wedding Guest,2019,Thriller,5.653,157,0.6649,en
566061,Cold Case Hammarskjöld,2019,Documentary|History,6.755,47,0.6532,en
588001,Despite Everything,2019,Comedy,6.0,433,0.8119,es
541768,The Brave,2019,Action|Thriller|Crime,5.146,24,0.9737,en
612592,Dolls,2019,Horror,3.9,17,0.8091,en
589082,Twilight,2019,Animation|Drama,6.8,26,0.9555,ja
612308,A Taste of Summer,2019,TV Movie|Romance,6.4,37,0.9748,en
624993,Super Gidget,2019,Animation,6.2,20,0.6441,en
456529,Jacob's Ladder,2019,Horror|Mystery|Thriller,4.427,89,0.7749,en
574091,Wind,2019,Animation|Family|Fantasy|Drama|Adventure,7.12,166,0.8126,en
587488,Inhuman Kiss,2019,Drama|Horror|Romance,6.375,68,1.0026,th
613689,Makmum,2019,Horror,5.5,10,0.93,id
613860,A Model Kidnapping,2019,Thriller|TV Movie|Crime,5.6,68,0.9764,en
585774,Toshimaen: Haunted Park,2019,Horror,5.4,11,0.7267,ja
646150,Acceleration,2019,Action|Thriller,5.426,68,0.8203,en
565341,The Sound of Silence,2019,Drama,5.8,38,0.806,en
662821,The Dawn,2019,Horror|Thriller,6.1,55,0.7242,en
684107,Hammer,2019,Crime|Drama|Thriller,5.4,28,0.6791,en
575942,Sword of Trust,2019,Comedy,5.9,94,0.7253,en
522062,Midnight Diner,2019,Drama,5.3,11,0.7004,zh
616885,The Wrong Mommy,2019,Thriller|TV Movie,6.75,34,0.7044,en
443072,Fanny Lye Deliver'd,2019,Drama|History|Thriller,6.339,59,0.7079,en
639392,Killer Contractor,2019,Thriller|TV Movie,6.6,26,0.706,en
620146,2nd Chance for Christmas,2019,Family|TV Movie,5.8,18,0.7521,en
587873,The Girl from the Other Side,2019,Animation|Fantasy,7.671,38,0.6934,ja
649058,Memories of a Teenager,2019,Drama,7.811,114,0.7278,es
612315,A Summer Romance,2019,Romance|TV Movie|Comedy,6.9,60,0.6889,en
592688,Marvel Rising: Operation Shuri,2019,Family|Animation|Science Fiction|Adventure,5.8,32,0.6531,en
484638,15 Minutes of War,2019,War|Action|Drama|History,6.79,322,0.7427,fr
635031,Guadalupe-Kings,2019,Comedy,7.3,55,0.8793,es
510498,High Flying Bird,2019,Drama,5.68,253,0.7659,en
565531,Where's My Roy Cohn?,2019,Documentary,5.4,14,0.6674,en
540291,Isabelle,2019,Horror,5.1,145,1.7023,en
653917,My Little Pony: Equestria Girls - Holidays Unwrapped,2019,Animation,8.692,26,0.5757,en
626359,Clown,2019,Horror,4.3,46,0.8329,en
542921,While at War,2019,Drama|History|War,7.059,306,0.7129,es
580374,From Zero to I Love You,2019,Romance,5.152,23,0.8864,en
570192,A Winter Princess,2019,TV Movie|Romance,6.8,62,0.7342,en
618346,DC Showcase: Sgt. Rock,2019,Action|War|Animation|Science Fiction,6.505,101,0.6992,en
547388,New Biz in the Hood,2019,Comedy|Drama,5.84,343,0.8747,fr
592689,Marvel Rising: Playing with Fire,2019,Animation|Action|Adventure|Family,6.17,56,0.7892,en
479869,Stuck,2019,Music|Drama,7.0,31,0.6878,en
609441,Love Alaska,2019,TV Movie|Comedy|Romance,6.6,19,0.7612,en
513421,Discarnate,2019,Horror|Thriller,5.3,97,0.9507,en
543786,Belmonte,2019,Drama,5.038,13,1.2128,es
630898,A Blue Ridge Mountain Christmas,2019,TV Movie|Romance,6.3,44,0.9188,en
637663,DC Showcase: Death,2019,Fantasy|Animation|Drama,8.471,155,0.7506,en
490447,Savage,2019,Thriller,4.19,93,1.8764,fr
651353,Kettiyollaanu Ente Maalakha,2019,Drama|Romance|Family,6.4,17,0.6912,ml
545330,Hacker,2019,Action|Family,6.754,136,2.1557,da
643437,Adan,2019,Drama|Thriller|Romance|Crime,5.6,13,0.7187,tl
628571,Go Away  Ultramarine,2019,Drama|Mystery|Fantasy,7.273,11,0.8344,ja
597309,The Last Wish,2019,Drama|Comedy,6.45,10,0.8111,zh
616257,Rule of 3,2019,Thriller|TV Movie,5.5,45,1.1562,en
623627,Seventeen,2019,Drama|Comedy,7.314,191,0.7515,es
625561,Travis Scott: Look Mom I Can Fly,2019,Documentary|Music,6.813,224,0.8318,en
582309,Antigone,2019,Drama,6.8,65,1.8634,fr
583722,Just Add Romance,2019,TV Movie|Romance|Comedy,6.452,63,0.6538,en
628053,Happy Old Year,2019,Drama,7.0,84,0.6961,th
571028,Caviar,2019,Comedy,5.1,15,0.9286,de
594398,Mio on the Shore,2019,Drama,7.4,12,0.6898,ja
514894,Baby Jane,2019,Drama|Romance,3.3,31,0.6976,fi
583911,2050,2019,Drama|Science Fiction|Comedy,4.3,39,0.7439,en
553608,DJ Cinderella,2019,Romance|Comedy,6.459,353,0.9299,pt
639254,Crossword Mysteries: Proposing Murder,2019,TV Movie|Mystery|Crime,7.515,67,0.8134,en
706857,Bad Impulse,2019,Drama|Horror|Thriller,5.0,24,2.0046,en
572158,The Culprit,2019,Thriller|Mystery|Crime,7.4,25,0.6334,ko
514880,Bento Harassment,2019,Family|Comedy|Drama,6.714,21,0.9055,ja
432152,Madness in the Method,2019,Comedy|Crime,5.255,47,0.7301,en
593961,Hello  Love  Goodbye,2019,Romance|Drama,6.291,115,0.8315,tl
593911,Sunrise in Heaven,2019,Drama|Romance,6.4,28,0.7766,en
542422,Rosie,2019,Drama,6.256,39,0.5187,en
628044,Necromancer 2020,2019,Action|Fantasy|Horror,5.5,13,0.6618,th
587065,Bayala: A Magical Adventure,2019,Animation|Adventure|Family|Fantasy,6.0,24,0.7577,de
506815,A Violent Separation,2019,Crime|Thriller,7.0,102,0.7884,en
454610,Anthem of a Teenage Prophet,2019,Drama,6.4,43,0.6751,en
517517,Lancaster Skies,2019,Drama|War|Action,5.667,57,1.7566,en
554311,Zombi Child,2019,Fantasy|Horror|Drama,6.1,137,0.7376,fr
579878,Robo,2019,Family|Science Fiction|Drama,6.9,46,0.6401,ru
570488,Saving Flora,2019,Adventure|Drama|Family,7.1,60,0.7474,en
534011,Vicious,2019,Thriller|Horror,5.925,67,0.9571,nl
621438,Puddles,2019,Animation|Fantasy,7.0,31,0.9064,en
567044,Daffodils,2019,Drama|Romance|Music,5.412,17,0.7455,en
529934,What Is Love?,2019,Romance|Drama,6.923,13,0.6564,ja
628493,Darrow & Darrow: Witness to Murder,2019,Thriller|Drama|Crime|Mystery|TV Movie,7.021,24,0.7132,en
587429,Sweet Family,2019,Comedy,7.5,128,0.5608,es
537919,Tucked,2019,Comedy|Drama,5.8,13,0.6228,en
586961,End of the Century,2019,Drama|Romance,7.253,156,0.8059,es
535736,DreadOut,2019,Horror|Thriller,6.4,37,0.6418,id
565383,The Death of Dick Long,2019,Comedy|Crime|Drama,6.13,179,0.7193,en
510318,Buñuel in the Labyrinth of the Turtles,2019,Animation|Drama|History,7.0,130,0.6955,es
619585,Matinee,2019,Romance|Drama,5.7,12,0.6597,ja
607334,Adventures of Dally and Spanky,2019,Family,7.1,49,0.9126,en
604196,The Lonely Island Presents: The Unauthorized Bash Brothers Experience,2019,Comedy|Music,6.366,127,1.3164,en
636514,Portals,2019,Horror|Science Fiction,3.786,49,0.8693,en
693359,The House of Flowers Presents: The Funeral,2019,Comedy,7.0,12,0.718,es
583841,Truth and Justice,2019,Drama|History,7.659,88,0.7321,et
649520,My Best Friend's Christmas,2019,Romance|TV Movie,5.7,19,0.72,en
580522,The Way We Weren't,2019,Comedy|Romance,5.0,21,0.5913,en
611259,The Space Between the Lines,2019,Romance|Drama,6.338,71,1.006,de
594696,Sailing Into Love,2019,Romance|TV Movie,6.932,44,0.6733,en
561295,Kadaram Kondan,2019,Action|Thriller,5.4,21,0.5981,ta
543412,Do Not Reply,2019,Horror|Thriller,5.7,67,0.761,en
609189,Into the Ashes,2019,Crime|Thriller|Drama|Mystery,5.089,84,0.866,en
592798,The Bare Necessity,2019,Comedy|Romance,6.0,126,0.7763,fr
336007,Against the Clock,2019,Thriller|Action,4.121,29,0.756,en
582624,Chronicle Mysteries: The Wrong Man,2019,TV Movie|Mystery|Crime,7.143,35,0.7831,en
482986,The Fight,2019,Comedy|Drama,5.7,12,1.4585,en
571798,Ruby Herring Mysteries: Silent Witness,2019,Mystery|TV Movie,7.0,38,0.8756,en
658087,Is My Daughter Really Dead?,2019,Thriller,5.2,10,0.5678,en
631021,Deviant Love,2019,Thriller|TV Movie,4.2,12,1.3315,en
588004,The Incredible Shrinking Wknd,2019,Drama|Science Fiction,5.8,28,0.7449,es
616561,Hope,2019,Drama|Romance,6.9,59,0.7955,no
604922,Made for You with Love,2019,Romance|TV Movie|Comedy,6.486,35,0.6081,en
612298,Rome in Love,2019,Romance|TV Movie,6.3,62,0.9381,en
614205,Dark Light,2019,Horror|Science Fiction|Thriller,6.198,177,0.7984,en
598058,Impossible Monsters,2019,Thriller,3.857,21,0.5455,en
639421,Turkey Drop,2019,Romance|TV Movie,6.7,49,0.7197,en
588295,Song of Youth,2019,Drama,6.7,20,0.609,zh
576296,Benchwarmers 2: Breaking Balls,2019,Comedy,4.324,37,0.9709,en
589584,Berserk,2019,Fantasy|Thriller,5.1,16,0.8344,en
493141,Beats,2019,Drama|Comedy|Music,6.657,86,0.6489,en
605767,The 12th Suspect,2019,Mystery|Thriller,7.4,14,0.9035,ko
635425,My Dear Liar,2019,Drama,7.053,19,0.5863,zh
585308,Girl/Girl Scene: The Movie,2019,Drama|Comedy|Romance,4.0,16,0.7891,en
568165,Copperman,2019,Family|Drama,5.6,73,0.6611,it
590164,Mercy Black,2019,Horror|Mystery,5.998,232,0.7944,en
553585,Patrick,2019,Drama|Comedy,6.68,50,0.5922,nl
606462,Mystery 101: Playing Dead,2019,Mystery|TV Movie,7.5,43,0.804,en
575752,A Resistance,2019,History|Drama,8.0,11,0.9672,ko
585261,Virus,2019,Drama|Thriller,7.4,59,0.9198,ml
567969,American Woman,2019,Drama|Crime,4.9,17,0.7058,en
615114,The Wrong Boy Next Door,2019,Thriller|Drama|TV Movie|Crime,5.2,17,0.8017,en
607776,Clinton Road,2019,Horror,2.9,18,1.69,en
610596,ZZ Top - That Little Ol' Band from Texas,2019,Documentary|Music,7.5,46,0.5627,en
594628,Morning Show Mysteries: Countdown to Murder,2019,Mystery|TV Movie,6.4,20,0.6668,en
606057,Peanuts in Space: Secrets of Apollo 10,2019,Animation|Family|Comedy,6.2,28,0.6573,en
595521,The Creative Brain,2019,Documentary,7.197,38,0.6735,en
571419,Saving Leningrad,2019,Drama|War,5.734,109,0.8284,ru
565382,Sister Aimee,2019,Drama,5.9,12,0.7191,en
626979,Coup 53,2019,Documentary|History,8.0,14,0.5427,en
590153,Nowhere to Be Found,2019,Drama|Thriller|TV Movie,7.508,130,0.7763,en
511900,King of Hearts,2019,Drama|Music|Romance,5.688,16,0.5277,fi
586456,Clementine,2019,Drama,5.0,46,1.0092,en
579893,Fixies VS Crabots,2019,Animation,7.2,16,0.6505,ru
577647,Grand-Daddy Day Care,2019,Family|Comedy,5.783,46,0.5697,en
618265,The Kingmaker,2019,Documentary,7.333,30,0.5882,en
436053,Stray,2019,Action|Crime|Fantasy|Thriller,5.709,43,0.6354,en
547066,The Shamer's Daughter 2: The Serpent Gift,2019,Adventure|Fantasy,6.3,94,0.9175,da
616061,Dark Angel,2019,TV Movie|Drama,6.4,28,0.6203,en
516630,The Standoff at Sparrow Creek,2019,Crime|Drama|Thriller,6.15,120,0.8189,en
571495,The Ruthless,2019,Crime|Drama,6.254,425,0.8283,it
510689,Among the Shadows,2019,Crime|Horror|Thriller,3.7,59,0.7194,en
574152,Death of a Cheerleader,2019,Drama|TV Movie|Crime|Thriller,6.7,28,0.7074,en
623897,Goodbye Mother,2019,Drama|Romance|Family,6.714,14,0.8832,vi
460070,J.T. LeRoy,2019,Drama|History,5.46,100,0.5777,en
622963,American Son,2019,Drama|TV Movie,6.1,231,0.892,en
598065,Our Godfather,2019,Documentary|History,6.616,69,0.7431,en
601083,Culture Shock,2019,Horror|Thriller|TV Movie,5.8,51,1.7777,en
610074,Rise of the Machine Girls,2019,Action|Horror|Science Fiction|Comedy,4.912,17,0.7528,ja
512056,Adults in the Room,2019,Drama,6.552,134,0.7686,fr
594265,Teacher,2019,Drama,6.418,49,0.6423,en
583755,Limbo,2019,Comedy|Horror,5.349,43,0.5959,en
596445,Dance with Me,2019,Comedy|Music,6.974,39,0.6122,ja
577028,The Ninth,2019,Mystery|Thriller|Crime|Horror,6.275,131,0.7777,ru
575559,The County,2019,Drama,6.2,35,0.7147,is
545567,Benjamin,2019,Romance|Comedy|Drama,6.126,87,1.1259,en
595924,Liberté,2019,Drama|History,5.1,47,0.757,fr
594712,Uyare,2019,Drama,7.4,47,0.5541,ml
585833,Steam Room Stories: The Movie,2019,Comedy|Romance,5.733,15,0.6085,en
533715,The Big Trip,2019,Animation|Comedy|Adventure|Family,6.9,84,0.931,ru
660851,Forky Asks a Question: What Is Money?,2019,Animation|Family|Comedy,6.0,103,0.6948,en
585973,Destiny,2019,Drama|Romance,5.5,14,0.6638,tr
516052,The Legend of the Galactic Heroes: Die Neue These Seiran 1,2019,Animation|Science Fiction,7.889,18,0.7284,ja
575333,Convoy 48 The War Train,2019,War|Drama,5.3,17,0.5461,ru
533985,Bit,2019,Horror|Comedy,5.0,38,0.6538,en
602411,Adventures of Aladdin,2019,Adventure|Fantasy,3.9,46,0.722,en
583372,Chronicle Mysteries: Vines that Bind,2019,TV Movie|Mystery|Crime,7.857,35,0.7297,en
555748,The Other Side of Heaven 2: Fire of Faith,2019,Drama|Adventure,5.967,14,0.7901,en
651720,Automation,2019,Science Fiction,5.607,14,0.8843,en
606278,Dosed,2019,Documentary,8.3,13,0.5726,en
436549,The Field Guide to Evil,2019,Horror,5.593,91,0.7849,en
620635,Mohamed Hussein,2019,Comedy,5.8,12,0.6675,ar
423778,La Flor,2019,Drama|Fantasy|Thriller,7.234,32,0.5255,es
640052,Helen,2019,Drama|Thriller|Family,7.5,52,0.6236,ml
575923,Only Mine,2019,Thriller|Drama|TV Movie,5.215,135,1.2219,en
566675,Remember Me,2019,Comedy|Drama|Romance,6.3,31,0.861,en
630894,Nostalgic Christmas,2019,Romance|TV Movie,7.0,129,1.5935,en
649177,Almost a Comedy,2019,Romance|Comedy,7.147,34,0.5445,zh
508802,Penguins,2019,Documentary|Family,7.1,56,0.6843,en
515725,Good Posture,2019,Drama|Comedy,5.192,26,0.7809,en
599484,Hell Girl,2019,Horror,5.5,47,0.6329,en
528773,Tanguy  le retour,2019,Comedy,4.381,215,0.6561,fr
630916,Christmas at the Plaza,2019,Romance|TV Movie,6.398,122,0.6981,en
606308,NXT TakeOver XXV,2019,Drama|Action|Thriller,8.4,30,0.5333,en
626319,Write Before Christmas,2019,TV Movie|Romance,6.87,115,0.7099,en
543025,The Great Alaskan Race,2019,Adventure|History,5.826,47,0.8239,en
645488,Aquaman: Heroines of Atlantis,2019,Documentary,6.161,59,0.6216,en
619141,All Good Things,2019,Family|Drama,6.9,17,0.7145,en
516700,Gundala,2019,Action|Adventure|Science Fiction,6.215,340,0.5079,id
592348,The Trap,2019,Comedy,4.861,83,0.7681,en
575803,My Extraordinary Summer with Tess,2019,Drama,7.125,64,1.2256,nl
492613,The Parts You Lose,2019,Drama|Crime|Thriller,6.7,118,0.6213,en
585728,The Ex Next Door,2019,Thriller|TV Movie,4.1,19,0.7673,en
506554,Judy & Punch,2019,Drama|Thriller|Comedy|Crime,6.1,74,0.6616,en
594399,Night Walk,2019,Action|Crime|Drama,4.667,21,2.0509,en
510034,Diane,2019,Drama,6.1,37,0.5831,en
631193,Promare / Side: Lio,2019,Animation|Action|Science Fiction,6.9,26,0.9439,ja
598570,Athlete,2019,Drama|Romance,5.6,14,0.6604,ja
532647,Trespassers,2019,Horror|Thriller|Crime,4.8,76,0.7921,en
485358,Ever After,2019,Horror|Fantasy,5.153,49,0.8421,de
516495,Flashout,2019,Science Fiction,4.7,11,1.7016,en
561325,Pavarotti,2019,Documentary|History|Music,7.277,83,0.6988,en
539186,A Tale of Three Sisters,2019,Drama,7.158,57,0.9039,tr
607307,She's Just a Shadow,2019,Crime|Thriller|Drama,5.4,15,0.8214,en
531489,Cutterhead,2019,Thriller,6.055,82,0.8565,da
517543,How I Became Russian,2019,Comedy,6.431,29,0.5841,ru
525696,A Guide to Second Date Sex,2019,Romance|Comedy,5.1,39,0.5472,en
575351,Kumbalangi Nights,2019,Comedy|Drama|Romance,8.017,119,0.8683,ml
584643,Mad Mom,2019,Thriller|TV Movie,5.3,50,0.6155,en
571482,DolceRoma,2019,Comedy|Crime|Drama,6.1,71,1.812,it
606562,The Most Beautiful Day in the World,2019,Comedy,5.96,213,0.6309,it
640275,Gone with the Light,2019,Drama|Romance,5.917,24,0.6736,zh
648968,Tootsies & The Fake,2019,Comedy,4.421,19,0.6453,th
635737,Devil's Revenge,2019,Horror,4.4,12,0.544,en
619396,Troubled Waters,2019,Crime|TV Movie|Drama|Thriller,5.5,21,0.6877,fr
588987,Almost Human,2019,Documentary,6.25,12,0.7615,en
512954,Leaving Afghanistan,2019,Drama|Action|War,6.608,93,0.56,ru
630920,Angel Falls: A Novel Holiday,2019,Romance|TV Movie,6.3,26,0.6044,en
620743,Mystery 101: Dead Talk,2019,Crime|Mystery|TV Movie,7.5,41,0.6323,en
592336,Don't Stop Me Now,2019,Comedy,6.341,390,0.5103,it
533148,Ek Ladki Ko Dekha Toh Aisa Laga,2019,Romance|Drama,5.578,64,0.6698,hi
472500,End of Sentence,2019,Drama|Adventure,6.2,77,0.7268,en
647076,Amish Abduction,2019,Thriller|TV Movie,5.705,22,0.854,en
597594,Circus of Books,2019,Documentary|History,6.859,103,0.7107,en
585862,Romeo Akbar Walter,2019,Action|Thriller,6.1,42,0.7212,hi
588226,Woodstock: Three Days That Defined a Generation,2019,Music|Documentary,7.304,51,0.7942,en
615982,Sijjin 6,2019,Horror,5.25,50,0.8483,tr
648572,Vic the Viking: The Magic Sword,2019,Animation|Comedy|Adventure,5.4,44,0.7382,en
595900,Family Romance  LLC,2019,Drama,6.237,76,0.758,en
566936,The Uncle,2019,Drama|Thriller|Mystery,6.0,11,0.6441,ko
499573,Top End Wedding,2019,Comedy,5.84,47,0.5817,en
513111,To the Stars,2019,Drama,5.8,74,0.636,en
486233,Adam,2019,Comedy,4.3,35,0.644,en
639357,Thunderbird,2019,Thriller|Horror,5.0,13,0.795,en
612051,Coyote Lake,2019,Thriller|Drama,6.0,49,0.5873,en
619168,Soldier Boy,2019,War|Drama,6.9,25,0.7115,ru
618360,Citizen K,2019,Documentary,6.7,30,0.8242,ru
560949,The Staggering Girl,2019,Drama,5.702,57,0.6564,it
649401,Infidel,2019,Action|Thriller,5.585,88,0.7766,en
607528,Held for Ransom,2019,Drama,7.1,77,0.6284,da
603702,Staged Killer,2019,TV Movie|Thriller,4.833,12,0.4598,en
537788,Daniel Isn't Real,2019,Horror|Mystery,6.138,239,0.7908,en
542828,Father & Sons,2019,Comedy|Drama,5.5,117,0.6926,fr
513487,Heavy,2019,Crime|Thriller|Romance,5.5,22,0.8014,en
608726,Bellezonismo,2019,Comedy,3.364,11,0.5688,es
632565,From Miyamoto to You,2019,Romance|Drama,6.1,15,0.6403,ja
594695,A Feeling of Home,2019,Romance|Comedy|TV Movie,6.3,29,0.7838,en
575720,The House of Us,2019,Drama|Family,7.1,23,0.7447,ko
626280,Radio Christmas,2019,Drama|Romance|TV Movie,6.2,17,1.8651,en
606243,Season of Love,2019,Romance|Comedy,7.247,75,0.6689,en
616844,Pure,2019,Horror|Thriller|TV Movie,5.4,56,0.6257,en
604837,Dauntless: The Battle of Midway,2019,War|Action|Drama|History|Adventure,4.317,52,0.9433,en
571451,The Last Laugh,2019,Comedy,5.4,181,0.7649,en
468339,Once Upon a Time in London,2019,Crime,5.304,56,0.5771,en
504605,Casanova  Last Love,2019,Drama|Romance,4.8,41,2.2891,fr
600184,The Nest,2019,Drama|Horror|Mystery,6.261,284,0.8157,it
575361,Queen of Spades: Through the Looking Glass,2019,Horror|Thriller,7.0,178,0.6444,ru
584044,The Viking War,2019,History|Fantasy|Drama,5.0,34,0.5385,en
624932,Dave Chappelle: Sticks & Stones,2019,Comedy,7.576,374,0.6662,en
414777,After Darkness,2019,Drama|Family|Thriller|Science Fiction,4.1,48,0.7898,en
532402,Summer Night,2019,Comedy|Drama|Music|Romance,5.3,31,0.9453,en
647063,The Great War,2019,History|War|Drama|Action,6.572,83,0.6232,en
574097,Oh Mercy,2019,Crime|Drama,6.387,283,0.5722,fr
589089,1989: A Spy Story,2019,Thriller|Drama,6.6,17,1.022,de
515818,Yao,2019,Comedy|Drama|Adventure,6.6,278,0.5975,fr
535144,Sonchiriya,2019,Crime|Action|Drama,8.0,40,0.65,hi
624995,Minion Scouts,2019,Animation,7.2,49,0.5449,en
606599,Commando 3,2019,Action|Thriller,7.0,39,0.7892,hi
529245,Crossword Mysteries: A Puzzle to Die For,2019,TV Movie|Mystery|Thriller,7.086,76,0.6414,en
641997,Jak poślubić milionera?,2019,Comedy|Romance,6.429,42,0.8622,pl
618375,Leap of Faith: William Friedkin on The Exorcist,2019,Documentary|Horror,7.4,45,0.6057,en
668735,Marriage Story: From the Pages to the Performances,2019,Documentary,8.3,18,0.5656,en
653218,Midnight Kiss,2019,Horror|Thriller|TV Movie,5.3,60,0.7742,en
584795,Devi 2,2019,Horror|Comedy,4.2,11,0.9138,ta
627479,Christmas Stars,2019,Romance|TV Movie,7.2,13,0.5872,en
554753,Mirreyes vs Godínez,2019,Comedy,6.8,114,0.6452,es
610438,He Won't Kill  She Won't Die,2019,Romance|Comedy,6.5,14,0.5707,ja
605801,Astronaut,2019,Drama|Comedy,6.154,26,0.6097,en
542714,Sometimes Always Never,2019,Drama|Comedy,6.4,69,0.8877,en
572885,A Bride's Revenge,2019,Thriller|TV Movie,6.1,15,0.5758,en
662876,The End Will Be Spectacular,2019,History|War|Drama|Action,7.625,24,0.3032,ku
591265,Timelapse of the Future: A Journey to the End of Time,2019,Documentary,8.457,23,0.5913,en
477016,Out of Blue,2019,Drama|Crime|Mystery,5.135,85,0.6343,en
489176,The Birdcatcher,2019,Drama|Thriller|War,5.5,66,0.7581,en
536506,My Dog Stupid,2019,Comedy,6.018,191,0.583,fr
581474,Emma Fielding Mysteries: More Bitter Than Death,2019,Mystery|TV Movie|Crime,7.076,33,0.8418,en
580312,The Dog Days of Winter,2019,Animation|Family,5.8,28,0.6164,en
654580,A Family Reunion Christmas,2019,Comedy|Family,5.862,29,0.8683,en
618435,Thanneer Mathan Dinangal,2019,Romance|Comedy,7.708,36,0.9768,ml
528668,Adopt a Daddy,2019,Comedy,5.706,131,0.709,fr
543694,Summer Survivors,2019,Drama,7.2,20,0.487,lt
482566,Intrigo: Dear Agnes,2019,Mystery|Crime|Drama,5.6,28,0.6888,en
554967,Varda by Agnès,2019,Documentary,7.9,76,0.6073,fr
586655,Easter Under Wraps,2019,TV Movie|Romance,6.44,50,0.5644,en
321066,Scream  Queen! My Nightmare on Elm Street,2019,Documentary|Horror,6.5,53,0.7534,en
550273,Boo!,2019,Horror|Thriller|Drama|Mystery,5.4,76,0.4523,en
412865,Peranbu,2019,Drama|Family,7.3,44,0.5875,ta
583727,True Love Blooms,2019,Romance|TV Movie,6.5,36,0.7054,en
620631,Wannabe Courageous,2019,Comedy,4.7,20,0.7192,ar
569494,Fraud Saiyaan,2019,Comedy|Drama,4.2,10,0.7372,hi
591789,Boi,2019,Thriller,4.964,42,0.6484,es
653151,Les Misérables: The Staged Concert,2019,Music,6.8,25,0.8382,en
589367,Trixie Mattel: Moving Parts,2019,Documentary,6.798,62,0.6821,en
615289,Stalked by My Doctor: A Sleepwalker's Nightmare,2019,Thriller|TV Movie|Horror,8.385,13,0.6902,en
542968,For Love or Money,2019,Comedy,5.4,55,0.7008,en
622831,Mao Zedong 1949,2019,History|Drama|War,5.0,10,0.5879,zh
602310,Still Laugh-In: The Stars Celebrate,2019,Comedy|Documentary|TV Movie,5.3,15,0.5871,en
578671,White Lie,2019,Drama,6.5,39,0.5672,en
592739,Cetto c'è  senzadubbiamente,2019,Comedy,5.3,258,0.6482,it
583337,Artik,2019,Horror|Thriller,4.984,31,1.561,en
602231,Harry & Meghan: Becoming Royal,2019,Romance|TV Movie,7.1,28,0.783,en
588730,A Second Chance: Rivals!,2019,Drama|Family,6.926,61,0.7596,en
572404,Port Authority,2019,Drama,6.0,46,0.7633,en
631428,Cherished Memories: A Gift to Remember 2,2019,Romance|TV Movie,5.42,25,0.6314,en
524625,Painkillers,2019,Drama,3.7,12,0.5294,en
605829,The Swan Princess: Kingdom of Music,2019,Family|Animation|Fantasy|Music,5.674,23,0.5682,en
643195,The Christmas Chalet,2019,TV Movie|Romance,6.1,32,0.5988,en
594694,Paris  Wine & Romance,2019,Romance|TV Movie,6.9,60,0.6338,en
586454,Burning Cane,2019,Drama,5.7,12,0.5388,en
496863,XY Chelsea,2019,Documentary,5.7,18,0.4763,en
656216,Bernie the Dolphin 2,2019,Family|Comedy|Adventure,5.8,14,0.6676,en
533885,Kaappaan,2019,Action|Thriller,5.608,37,0.6549,ta
482568,Intrigo: Samaria,2019,Mystery|Drama|Crime|Thriller,5.512,41,0.5346,en
524787,The Russian Bride,2019,Horror|Thriller,5.3,72,0.5125,en
505060,The Gallows Act II,2019,Horror,4.926,102,0.6315,en
654571,How to Train Your Dragon: Snoggletog Log,2019,Animation|Family,7.015,67,0.5413,en
639947,Wonder Boy,2019,Documentary,6.7,42,0.6364,fr
627471,Christmas 9 to 5,2019,Romance|TV Movie,6.7,33,0.656,en
613341,Apollo: Missions to the Moon,2019,Documentary|History,7.3,40,0.6282,en
609024,San Andreas Mega Quake,2019,Science Fiction|Action|Thriller,5.7,40,0.7057,en
751984,Brighton,2019,Comedy,5.1,10,0.4744,en
574436,Piranhas,2019,Drama|Crime,6.835,539,0.7454,it
408437,A Magical Journey,2019,Adventure|Fantasy|Family,4.75,18,0.5745,en
607091,Oh! Baby,2019,Comedy|Drama|Fantasy|Family,6.7,28,0.5916,te
555877,Immenhof - The Adventure of a Summer,2019,Family|Drama,6.7,31,0.5004,de
577091,Mystery 101,2019,Crime|Mystery|TV Movie,7.33,50,0.5084,en
501590,Synonyms,2019,Comedy|Drama,5.755,143,0.6791,fr
622014,Planet of the Humans,2019,Documentary,6.379,70,0.6667,en
601313,I Am Durán,2019,Documentary,6.9,27,0.6355,en
589524,The Champion,2019,Comedy|Drama,6.6,397,0.5261,it
613090,Live Twice  Love Once,2019,Comedy|Drama,7.443,353,0.9136,es
560095,Poor Georges,2019,Drama,5.8,14,1.5989,fr
451918,Little Woods,2019,Drama|Thriller,5.4,89,0.6885,en
565377,Mope,2019,Drama|Comedy,4.871,31,0.5328,en
513236,Something,2019,Drama|Mystery|Horror,4.5,11,0.6562,en
579298,Walter,2019,Comedy,5.6,169,1.5731,fr
574163,Cliffs of Freedom,2019,History|Drama,6.9,19,0.6021,en
577037,Love Them All,2019,Drama,7.0,24,0.7918,ru
547760,Canal Street,2019,Drama|Thriller,7.0,24,0.6365,en
635903,Manoharam,2019,Comedy|Drama,5.9,14,0.6078,ml
609338,Radio Silence,2019,Thriller|TV Movie,5.2,81,0.5374,en
644730,Restricted Area,2019,Horror,1.4,11,0.5712,en
537791,Through Black Spruce,2019,Drama|Mystery,5.2,33,0.5862,en
652786,A Very British Christmas,2019,Romance|Comedy|TV Movie,6.2,29,0.6946,en
679033,Sherlock Holmes and the Great Escape,2019,Animation|Adventure|Mystery,6.9,15,0.5811,zh
346666,Pretenders,2019,Drama,5.2,16,0.5659,en
571485,Vivere,2019,Drama,5.5,63,0.4253,it
454687,Benjamin the Elephant,2019,Family|Comedy,4.45,20,0.7639,de
586221,Master of Dark Shadows,2019,Documentary,9.1,20,0.3892,en
585702,Drive Me Home,2019,Drama,6.15,30,0.4358,it
574109,Horror Noire: A History of Black Horror,2019,Documentary|Horror,6.773,75,0.6579,en
591774,Run with the Hunted,2019,Crime|Thriller,4.71,31,0.5368,en
638220,A Piece of Cake,2019,Family|Animation|Comedy|Fantasy,6.578,51,0.7066,de
593660,My Brother Chases Dinosaurs,2019,Comedy|Family,7.016,308,0.6944,it
614199,Spiral,2019,Horror|Mystery|Thriller,5.7,166,0.6201,en
530183,The Warrior Queen of Jhansi,2019,History|War|Drama|Action|Adventure,6.417,12,0.6047,en
630737,2099: The Soldier Protocol,2019,Action|Science Fiction,4.842,19,0.4064,en
566221,The Edge of Democracy,2019,Documentary,7.654,380,0.8144,pt
570186,Winter Castle,2019,TV Movie|Romance|Comedy,6.763,59,0.6309,en
478502,One Last Deal,2019,Drama,6.7,30,0.5636,fi
635887,Prescription for Love,2019,Romance|Drama|TV Movie,6.945,55,0.5996,en
612701,Frankenstein's Monster's Monster  Frankenstein,2019,Comedy,5.8,79,0.7742,en
590102,Love Takes Flight,2019,TV Movie|Romance,7.402,41,0.544,en
532869,NGK,2019,Drama,4.8,33,0.6994,ta
608315,The Mayor of Rione Sanità,2019,Crime|Drama,6.1,120,0.4615,it
566219,Sea of Shadows,2019,Documentary,7.7,56,0.4182,en
627133,The Crystal Calls - Making The Dark Crystal: Age of Resistance,2019,Documentary,7.6,39,0.5739,en
582881,The Swallows of Kabul,2019,Animation|Drama,7.717,224,0.5655,fr
632665,Bonnie and Bonnie,2019,Drama|Romance,7.2,60,0.5224,de
616020,No. 7 Cherry Lane,2019,Animation|Drama|Romance,4.8,20,0.596,zh
605368,Hard Night Falling,2019,Thriller|Action,5.158,60,0.6038,en
508114,Pimped,2019,Thriller,4.5,28,0.5021,en
611068,Phil,2019,Comedy|Drama,4.9,30,0.625,en
582874,Thalasso,2019,Comedy|Drama,5.593,70,0.52,fr
537476,I Trapped the Devil,2019,Horror|Mystery|Drama,4.946,92,0.5577,en
513432,Only You,2019,Drama|Romance,6.609,129,0.7991,en
613178,Shadow Wolves,2019,Action|Adventure|Thriller,5.4,21,0.7207,en
642964,Christmas with a Prince: Becoming Royal,2019,TV Movie|Romance,7.25,42,0.6615,en
570137,Brother,2019,Drama,6.58,125,0.6304,fr
551499,70 Big Ones,2019,Crime|Action,5.725,89,1.0616,es
616064,Web of Dreams,2019,TV Movie|Drama,5.8,19,0.6414,en
871932,Impuros: O Filme,2019,TV Movie|Crime|Drama,6.9,10,0.7963,pt
606215,The Black Godfather,2019,Documentary|Music,6.592,38,0.5737,en
626323,Picture a Perfect Christmas,2019,Romance|TV Movie|Drama|Comedy,6.17,47,0.7589,en
586291,Nerkonda Paarvai,2019,Drama|Action|Thriller,6.9,29,0.4786,ta
594304,Cuck,2019,Drama,4.405,37,0.7577,en
587317,Bombay Rose,2019,Animation|Drama|Romance,6.629,31,0.4814,hi
509932,The True Adventures of Wolfboy,2019,Drama,5.9,58,0.7806,en
608658,Oprah Winfrey Presents: When They See Us Now,2019,Documentary,7.7,81,0.8058,en
582049,Random Acts of Violence,2019,Horror|Thriller|Drama,5.4,107,0.6081,en
678521,Perdiendo mi virginidad,2019,Drama,5.8,10,0.7664,es
563943,Curtiz,2019,Drama|History,5.848,23,0.6625,hu
636698,The Man Without Gravity,2019,Fantasy|Drama|Comedy,7.05,262,0.8131,it
574188,Peel,2019,Drama|Comedy,6.4,48,0.8198,en
573227,The Longest Night,2019,Drama|Crime|Thriller,5.735,34,0.5223,es
575236,Bully. Coward. Victim. The Story of Roy Cohn,2019,Documentary,6.125,24,0.671,en
630850,The Garden of Evening Mists,2019,Drama|Romance,7.2,12,0.6229,en
560707,The Guest,2019,Drama,6.6,15,0.7535,ar
549551,Echo in the Canyon,2019,Documentary|Music,6.756,45,0.5823,en
655031,The Final Level: Escaping Rancala,2019,Action|Adventure|Fantasy|Science Fiction,4.034,29,0.8535,en
614817,Capsized: Blood in the Water,2019,Drama|TV Movie|Thriller|Horror,4.9,39,0.6959,en
581316,Love Under the Rainbow,2019,Romance|TV Movie,6.2,38,0.7968,en
612087,My Little Pony: Rainbow Roadtrip,2019,Animation|Family,8.952,21,0.5752,en
621385,Barot House,2019,Thriller|Mystery,5.8,10,0.7021,hi
574284,Harpoon,2019,Comedy|Horror|Thriller,5.993,202,0.5387,en
514586,Photograph,2019,Drama|Romance,6.71,81,0.8179,hi
628332,The Christmas Club,2019,Romance|TV Movie,6.3,35,0.5043,en
599777,They Come Knocking,2019,Horror|Thriller|TV Movie,5.715,93,0.7103,en
630921,Christmas In Evergreen: Tidings of Joy,2019,Romance|TV Movie,6.8,51,0.6863,en
602609,Good Sam,2019,Romance|Drama|Comedy,5.977,241,0.7798,en
548638,Cronofobia,2019,Drama,5.875,12,1.6101,it
587070,Elcano & Magellan: The First Voyage Around the World,2019,Adventure|Animation|Comedy|Family|History,5.6,48,0.7208,eu
570169,BFF Detectives,2019,Family|Adventure,6.139,18,0.6208,de
589861,Colewell,2019,Drama,5.5,16,0.7637,en
641370,Invasion: Planet Earth,2019,Action|Adventure|Science Fiction,5.242,99,0.5958,en
539819,The Grizzlies,2019,Drama,7.202,47,1.5658,en
555637,I Love My Mum,2019,Comedy,5.0,13,0.3343,en
596980,Linda Ronstadt: The Sound of My Voice,2019,Documentary,7.6,30,0.6844,en
537526,A Land Imagined,2019,Mystery|Drama,6.0,60,0.4776,zh
614204,Witches in the Woods,2019,Horror|Mystery|Thriller,5.61,118,0.7044,en
603475,Hailey Dean Mysteries: Killer Sentence,2019,Mystery|TV Movie,6.891,32,0.6341,en
514222,Surprise Me!,2019,Romance,5.0,14,0.5395,en
577122,Rocca Changes the World,2019,Family|Comedy,7.443,35,0.6289,de
761344,Over the Town,2019,Comedy|Romance,7.4,14,0.5118,ja
615585,A Storybook Christmas,2019,Romance|TV Movie|Comedy,6.5,30,0.5816,en
642224,Margaret Atwood: A Word After a Word After a Word Is Power,2019,Documentary,6.8,12,0.5225,en
603447,Wedding at Graceland,2019,Romance|TV Movie,6.9,25,0.7747,en
594631,Hailey Dean Mysteries: Death on Duty,2019,Mystery|TV Movie,7.0,32,0.5456,en
596670,Wig,2019,Documentary,5.75,16,0.5972,en
604195,The Zoya Factor,2019,Romance,5.534,29,0.5286,hi
565591,Memory: The Origins of Alien,2019,Documentary,6.359,104,0.6257,en
607465,The Confidence Man JP: Fortune,2019,Comedy|Mystery,6.974,19,0.5773,ja
500245,The German Lesson,2019,Drama,6.5,54,0.7907,de
645444,Psycho BFF,2019,Thriller|Drama|TV Movie,7.1,27,0.8208,en
627477,Christmas Unleashed,2019,Romance|TV Movie,6.2,22,0.5601,en
634541,Dancing with the Birds,2019,Documentary,7.739,71,0.5016,en
567801,Billion,2019,Comedy|Action,4.9,51,0.5859,ru
650073,John Mulaney & The Sack Lunch Bunch,2019,Comedy|Family|Music,7.041,109,0.5041,en
567738,American Hangman,2019,Thriller,6.009,162,0.5928,en
536952,Restaurant from the Sky,2019,Drama,6.5,10,0.5847,ja
646332,Soul of Hero,2019,Action,7.814,137,0.5599,es
656770,The Columnist,2019,Comedy|Horror|TV Movie,5.6,58,1.4409,nl
647302,Benny Loves You,2019,Horror|Comedy,5.821,235,0.5701,en
573042,Sweethearts,2019,Comedy|Action|Crime,5.93,57,0.511,de
621005,Prassthanam,2019,Action|Drama,6.5,11,0.5223,hi
651510,Terror  Sisters!,2019,Comedy|Fantasy|Horror,6.971,16,0.9153,fr
476344,The Chaperone,2019,Drama,6.2,33,0.8124,en
652776,A Christmas Princess,2019,Romance|TV Movie,6.1,42,0.5401,en
580077,Nothing to Lose 2,2019,Drama,4.9,23,0.5157,pt
579571,Deadly Excursion,2019,Thriller|TV Movie,5.8,13,1.3619,en
592938,The Way You Look Tonight,2019,Romance|Fantasy|Drama,5.643,14,0.7484,en
555801,My Best Friend's Wedding,2019,Comedy|Romance,7.0,90,0.5962,es
640320,Girls Guns and Blood,2019,Action|Thriller|Comedy,3.389,18,0.5727,en
618389,Andrey Tarkovsky. A Cinema Prayer,2019,Documentary,6.7,37,0.6604,ru
613853,Venky Mama,2019,Family|Comedy|Drama|Action,4.2,13,0.536,te
618597,Very Ralph,2019,Documentary,6.3,12,0.5043,en
611286,To Have and to Hold,2019,Drama|Romance|TV Movie,6.7,16,0.6554,en
572851,SGT. Will Gardner,2019,War|Action|Adventure|Drama,4.7,25,0.6623,en
553001,100% Coco New York,2019,Comedy|Family,7.1,17,0.5567,nl
661419,The Final Problem,2019,Crime|Drama,5.5,20,0.5993,de
605373,The Influence,2019,Horror,4.855,272,0.658,es
511619,Winter of The Braves,2019,History|War|Drama,6.6,76,0.7038,uk
592485,Zoombies 2,2019,Comedy|Action|Adventure|Horror,5.4,33,0.4869,en
342091,What She Said: The Art of Pauline Kael,2019,Documentary,6.7,16,0.6917,en
660856,Forky Asks a Question: What Is Art?,2019,Animation|Family|Comedy,5.9,84,0.4462,en
582944,The Cordillera of Dreams,2019,Documentary,7.2,34,0.3917,es
589871,Grass Is Greener,2019,Documentary,6.693,44,0.4839,en
571473,5 Is the Perfect Number,2019,Drama|Thriller,6.285,260,0.4991,it
587233,A1,2019,Comedy,3.1,12,0.3806,ta
575405,Deadly Switch,2019,Thriller|TV Movie|Drama,5.3,35,0.5754,en
503207,Rockaway,2019,Adventure|Drama,6.7,24,0.7653,en
428378,Enai Noki Paayum Thota,2019,Action|Drama|Romance,5.3,18,0.7844,ta
565391,The Tomorrow Man,2019,Drama|Romance,5.725,69,0.4455,en
572703,Love  Again,2019,Romance|Comedy,7.1,15,0.5824,ko
623023,Manson: Music from an Unsound Mind,2019,Documentary,6.7,19,0.5165,en
594082,Mosul,2019,Documentary,7.026,134,0.6719,en
595216,Play or Die,2019,Horror|Mystery,5.37,165,0.703,en
570658,Rate Your Date,2019,Comedy,5.98,50,0.5706,de
542269,Ambivalence,2019,Drama|Thriller,5.8,20,0.5741,ru
574861,No Filter,2019,Comedy,6.065,309,0.5929,fr
655602,His Deadly Affair,2019,Thriller|Crime|TV Movie,5.6,12,0.5249,en
583055,Spider-Ham: Caught in a Ham,2019,Animation|Action|Comedy|Family|Science Fiction,6.851,222,0.6067,en
537651,Sibel,2019,Drama,6.697,89,0.5173,tr
640094,90 Feet from Home,2019,Crime|Thriller|Drama,4.7,10,0.5019,en
575745,Beneath the Leaves,2019,Thriller,4.0,20,0.6257,en
605367,Socorro  Virei uma Garota!,2019,Comedy|Fantasy,6.6,67,0.608,pt
532953,Purl,2019,Animation|Comedy,6.665,324,0.4176,en
581310,Flip That Romance,2019,Romance|TV Movie,6.5,59,0.6265,en
620271,Porinju Mariam Jose,2019,Action|Comedy|Crime,6.5,26,0.7076,ml
599396,Axcellerator,2019,Science Fiction,6.2,42,0.703,en
522246,Eerie,2019,Horror|Crime|Thriller,5.479,94,0.6835,tl
649802,Ronny Chieng: Asian Comedian Destroys America!,2019,Comedy,6.994,81,0.5038,en
489162,Denmark,2019,Comedy,6.156,32,0.6381,en
565739,Lost Holiday,2019,Mystery|Comedy,4.2,10,1.702,en
613667,Send Me to the Clouds,2019,Drama|Romance,5.8,17,0.4236,zh
605478,Kroos,2019,Documentary,6.1,33,0.7544,de
629985,Christmas Under the Stars,2019,Romance|TV Movie,6.5,55,0.6301,en
621003,Laal Kaptaan,2019,Drama|Action,7.204,27,0.4973,hi
617646,Prati Roju Pandaage,2019,Family|Romance|Comedy,6.5,14,0.5029,te
573568,Red Bracelets: The Beginning,2019,Drama,6.567,15,0.3395,de
600127,Breakpoint: A Counter History of Progress,2019,Documentary|History,7.7,24,0.5803,fr
621710,A Bump Along the Way,2019,Drama|Comedy,6.8,18,0.4318,en
565840,The Immortal Wars: Resurgence,2019,Action|Science Fiction,5.658,76,0.8083,en
577970,Dilan 1991,2019,Drama|Romance,7.0,26,0.5096,id
540122,Imprisoned,2019,Thriller,4.6,13,0.6798,en
605048,Supervized,2019,Comedy,5.189,37,0.602,en
557461,Doing Money,2019,Drama|TV Movie|Crime,5.0,11,1.9526,en
580917,Working Man,2019,Drama,7.35,10,0.5661,en
736137,The Forgotten,2019,Drama,6.3,11,0.5927,uk
487416,Golden Youth,2019,Drama,4.4,30,0.5817,fr
573081,Fourteen,2019,Drama,5.9,29,0.4801,en
593580,One Cut of the Dead Spin-Off: In Hollywood,2019,Horror|Comedy|TV Movie,6.8,21,0.4019,ja
573650,Bangla,2019,Comedy|Drama,6.1,112,0.6543,it
648207,Queen Marie of Romania,2019,Drama|History,7.1,32,0.5519,ro
532903,After Class,2019,Comedy,5.3,40,0.6261,en
643938,Mistletoe & Menorahs,2019,Romance|Drama|Comedy|TV Movie,5.7,39,0.8744,en
608613,Prélude,2019,Drama,5.3,17,0.4419,de
641336,The Last Right,2019,Comedy|Drama,6.1,39,0.4651,en
628987,The Bit Player,2019,Documentary,6.6,11,0.3744,en
689712,Here Awhile,2019,Drama,5.8,10,0.3617,en
493066,Low Tide,2019,Thriller,6.158,98,0.5053,en
648467,The Silent Party,2019,Thriller,6.182,22,0.3721,es
626309,Christmas at Dollywood,2019,TV Movie|Romance,6.7,40,0.6989,en
660859,Forky Asks a Question: What Is Love?,2019,Animation|Family|Comedy,6.4,81,0.5198,en
616700,Whitney Cummings: Can I Touch It?,2019,Comedy,6.663,43,0.5511,en
660858,Forky Asks a Question: What Is Time?,2019,Animation|Family|Comedy,6.1,73,0.6251,en
577736,Love on the Menu,2019,TV Movie|Romance,6.837,47,0.488,en
513340,Animals,2019,Comedy|Drama,5.518,55,0.5104,en
603404,Casablanca,2019,Action|Drama,6.6,22,0.5071,ar
601131,Norm of the North: King Sized Adventure,2019,Animation|Adventure|Comedy|Family,5.0,25,0.6189,en
574162,Victoria Gotti: My Father's Daughter,2019,Crime|Drama|TV Movie,6.447,19,0.4044,en
645302,The Experience,2019,Drama,4.7,10,0.5604,en
562299,The August Virgin,2019,Comedy,6.437,79,0.513,es
626307,Merry & Bright,2019,TV Movie|Romance,6.2,52,0.7578,en
586460,Stray Dolls,2019,Drama|Crime,4.2,17,0.4462,en
578337,Seduced by a Killer,2019,Thriller|TV Movie,4.588,17,0.508,en
600751,Room for Rent,2019,Thriller|Horror,6.379,91,0.6166,en
574933,Valentine in the Vineyard,2019,TV Movie|Romance,6.0,40,0.4946,en
629502,James vs. His Future Self,2019,Science Fiction|Comedy|Drama,5.75,38,0.4666,en
609797,Wandering Stars,2019,Documentary|Music,7.4,241,0.3102,fr
499195,The Cannibal Club,2019,Horror|Comedy,5.4,49,0.4424,pt
547539,Sweetheart,2019,Comedy|Drama,6.456,259,0.5079,fr
575769,4x4,2019,Thriller,6.261,153,0.6444,es
584178,Ghost Writer,2019,Comedy|Drama|Horror,7.05,20,1.4417,id
622597,My Husband's Husband,2019,TV Movie|Comedy,4.5,14,0.4984,fr
589739,Hair Love,2019,Animation|Family|Comedy,7.591,488,0.9216,en
593652,Pain Threshold,2019,Drama|Adventure|Thriller,4.5,28,0.6254,ru
668593,Killing Your Daughter,2019,TV Movie|Thriller,4.7,15,0.5195,en
611754,Brochevarevarura,2019,Thriller|Crime,7.2,30,0.6079,te
585026,Two Blue Stripes,2019,Drama,7.48,25,0.6045,id
629010,Boy Genius,2019,Comedy,7.176,17,1.7054,en
626276,Christmas Reservations,2019,Romance|TV Movie,6.4,36,0.5484,en
340268,State Like Sleep,2019,Drama,4.676,37,0.6765,en
608398,Good Gals,2019,Comedy,6.4,124,0.4734,it
650380,From the Vine,2019,Drama,5.6,13,0.5361,en
603651,The Flood,2019,Drama,5.4,27,0.5787,en
648698,Thambi,2019,Thriller|Action,6.5,31,0.5401,ta
615372,Re/cycle,2019,Fantasy,7.7,42,0.3796,en
627070,Tell Me Who I Am,2019,Documentary|Drama|Mystery,7.348,263,0.551,en
603055,Bennett's War,2019,Drama,6.7,56,0.4874,en
636041,The Rodriguez and the Beyond,2019,Comedy|Family|Science Fiction,5.5,47,0.6386,es
655426,After She Wakes,2019,Horror|Thriller,5.1,32,0.5847,en
619798,7 Days to Vegas,2019,Comedy,5.2,25,0.5376,en
511789,I Hate Kids,2019,Comedy,5.8,57,0.4701,en
543727,Selah and the Spades,2019,Drama,5.3,51,0.495,en
631385,Dew,2019,Drama|Romance,6.3,19,0.5442,th
502805,Ladyworld,2019,Thriller|Horror,4.667,15,1.6312,en
589138,Memory Games,2019,Documentary,7.0,13,0.5048,en
582887,The Best Years of a Life,2019,Drama|Romance|Comedy,6.6,98,0.6447,fr
628039,Hello  Privilege. It's Me  Chelsea,2019,Documentary,5.437,71,0.4075,en
626310,Two Turtle Doves,2019,Drama|Family|Romance|TV Movie,6.9,32,0.5695,en
576055,Dying for a Baby,2019,Thriller|TV Movie,6.4,33,0.5995,en
574093,Float,2019,Animation|Drama|Family|Fantasy,7.269,294,0.4483,en
659720,Odessa Steamboat,2019,Comedy,4.7,12,0.6298,ru
580630,Girl on the Third Floor,2019,Horror|Thriller,5.233,332,0.7274,en
575788,2040,2019,Documentary,6.7,47,0.4206,en
647759,Crazy Wedding 2,2019,Comedy,5.0,21,0.5437,uk
503706,The Haunting of Sharon Tate,2019,Horror|Thriller,4.388,210,0.6524,en
631402,A Christmas Miracle,2019,Romance|TV Movie,6.7,17,0.6748,en
572630,Back Street Girls: Gokudoruzu,2019,Action|Comedy,5.3,12,0.5574,ja
586097,Robert Reborn,2019,Horror,3.8,39,1.4728,en
577533,Extracurricular Activities,2019,Comedy|Romance|Drama,6.1,57,0.8867,en
592807,Papicha,2019,Drama,7.7,275,0.4245,fr
628784,Once Upon a Time in Deadwood,2019,Western,4.385,13,0.4149,en
656150,Responsible Child,2019,Drama|TV Movie,6.682,22,0.5307,en
617921,Boudica: Rise of the Warrior Queen,2019,History,4.1,13,0.5145,en
613183,All the Freckles in the World,2019,Comedy,6.187,147,0.611,es
624825,Trapped: The Alex Cooper Story,2019,Drama|TV Movie,4.9,18,0.6615,en
575184,The Watchman,2019,Drama|Thriller,6.2,70,0.4478,ru
566366,Mike Wallace Is Here,2019,Documentary,6.5,12,0.5402,en
594630,Morning Show Mysteries: Death by Design,2019,Mystery|TV Movie,7.4,14,0.5356,en
623582,Already Gone,2019,Drama,5.346,13,0.5781,en
515908,The Nightshifter,2019,Thriller|Horror|Mystery,6.982,166,1.0122,pt
588175,The Prado Museum: A Collection of Wonders,2019,Documentary|History,7.2,13,0.5189,it
611761,Inmate #1: The Rise of Danny Trejo,2019,Documentary,7.097,31,0.5343,en
641228,Cross: Rise of the Villains,2019,Action,4.2,13,0.5185,en
517434,American Exit,2019,Drama,5.7,24,0.3892,en
617924,Roger Waters: Us + Them,2019,Music|Documentary,7.8,52,0.5285,en
487414,The Ronda Rousey Story: Through My Father's Eyes,2019,Documentary,5.7,12,0.7376,en
621681,Revenge of the Pontianak,2019,Horror|Romance,5.2,23,0.6174,ms
617400,Come Kiss Me at 0:00AM,2019,Comedy|Romance,8.0,74,0.5901,ja
632098,Savage X Fenty Show,2019,Documentary,8.1,44,0.6132,en
621753,Bikram: Yogi  Guru  Predator,2019,Documentary|Crime,6.3,134,0.59,en
576692,Human Nature,2019,Documentary,6.929,42,0.6056,en
604532,School Spirit,2019,Horror|Mystery|Thriller|TV Movie,5.5,58,0.5152,en
572667,Too Handsome to Handle,2019,Comedy|Drama|Romance,6.5,13,1.493,id
500854,Hard Paint,2019,Drama,6.4,35,0.5455,pt
512092,Smuggling Hendrix,2019,Comedy|Drama,6.364,55,0.4396,el
601419,Bloody Chainsaw Girl Returns: Giko Awakens,2019,Action|Horror,6.7,13,0.6448,ja
654766,Christmas Matchmakers,2019,Romance|TV Movie,5.5,17,1.6309,en
561605,Swoon,2019,Romance|Drama,6.1,23,1.3707,sv
577990,Money Trap,2019,Comedy|Crime|Action,5.587,132,0.4979,tr
577340,Welcome to Acapulco,2019,Action|Comedy|Thriller,5.4,26,0.6173,en
505940,Happy Birthday,2019,Drama|Comedy,5.615,130,0.3954,fr
544345,Just a Gigolo,2019,Comedy,5.283,191,0.6397,fr
611054,Gaddalakonda Ganesh,2019,Action|Thriller,6.2,10,0.6849,te
586599,Mi amigo Alexis,2019,Family|Comedy|Drama,6.0,21,0.3071,es
532656,Perfect Skin,2019,Horror|Thriller,5.1,21,0.6245,en
621729,The Cave,2019,Documentary,7.2,53,0.6276,en
575126,Sober Cab,2019,Comedy|Adventure,6.3,10,0.4173,ru
462920,Perfect,2019,Thriller|Science Fiction,4.3,48,0.558,en
635885,Feast of the Seven Fishes,2019,Comedy|Romance,6.6,59,0.4307,en
601169,Chasing Happiness,2019,Documentary|Music,8.01,149,0.5042,en
582902,Dolphin Kick,2019,Adventure|Family,6.2,14,0.5697,en
622332,My One & Only,2019,Romance|TV Movie,6.8,41,0.477,en
565005,Assassinaut,2019,Science Fiction|Thriller,4.0,20,1.4708,en
769442,Bohemian Rhapsody: Recreating Live Aid,2019,Music|Documentary,8.9,15,0.4722,en
646711,Double Pregnant,2019,Comedy,7.3,67,0.4605,es
582375,Notebook,2019,Romance|Drama,5.8,21,0.4482,hi
589029,Tutte le mie notti,2019,Drama|Thriller,5.092,60,0.4317,it
437023,¡Ay  mi madre!,2019,Comedy,4.7,34,0.5367,es
647237,Jo,2019,Comedy,6.25,12,0.8902,fr
580090,Phil Tippett: Mad Dreams and Monsters,2019,Documentary,7.5,10,0.3255,en
640435,Cold Brook,2019,Drama,6.544,34,0.6018,en
632040,The Perfect Cheerleader,2019,Drama|TV Movie,7.0,42,0.7451,en
600274,The Neighbors' Window,2019,Drama,6.982,220,0.4962,en
483351,The Unicorn,2019,Comedy,4.5,43,0.6368,en
581998,Faith  Hope & Love,2019,Comedy|Romance,7.5,33,0.4796,en
612882,Lake of Death,2019,Horror|Drama|Mystery,3.9,31,0.7667,no
594697,Love in the Sun,2019,TV Movie|Romance,6.074,54,0.479,en
573858,Dark  Almost Night,2019,Thriller|Crime|Mystery,3.9,34,0.4406,pl
620741,Ruby Herring Mysteries: Her Last Breath,2019,TV Movie|Mystery|Thriller|Crime,7.2,36,0.5787,en
580872,In Bed with a Killer,2019,Thriller|TV Movie,5.9,16,0.5007,en
582352,706,2019,Thriller,5.2,10,0.5356,hi
541099,DeadTectives,2019,Comedy|Horror,5.894,85,0.353,en
604553,Christmas Wishes & Mistletoe Kisses,2019,Romance|TV Movie,6.4,61,0.5583,en
505432,Oru Adaar Love,2019,Romance|Comedy,5.5,15,0.6203,ml
609919,She Never Died,2019,Action|Fantasy|Horror|Crime,5.615,52,0.5313,en
658200,The Master Butcher,2019,Drama|TV Movie,7.9,15,0.3343,de
585564,118,2019,Action|Thriller,5.2,11,1.383,te
637263,Abducted: The Mary Stauffer Story,2019,Horror|Thriller|Drama|TV Movie,6.5,50,0.4667,en
623922,Chronicle Mysteries: The Deep End,2019,Mystery|TV Movie,7.8,23,0.5713,en
615790,The Cleansing,2019,Drama|Horror|Thriller,4.7,13,0.4847,en
563489,Go Back to China,2019,Comedy|Drama,5.9,25,0.5897,en
594673,The Tashkent Files,2019,Drama|Mystery|Thriller|History,7.339,56,0.5393,hi
511778,Shed of the Dead,2019,Comedy|Horror,4.915,41,0.5548,en
515320,Animal Among Us,2019,Horror|Thriller,3.7,21,0.5116,en
648736,Christmas on the Range,2019,TV Movie|Romance,6.1,21,0.4133,en
641481,Cyber Bride,2019,Science Fiction,2.711,19,0.4404,en
576674,Frances Ferguson,2019,Comedy,6.091,22,0.6039,en
543771,Her Job,2019,Drama,6.425,20,0.5722,el
544398,Man Up!,2019,Drama|Comedy,6.692,72,0.3543,fr
630900,A Godwink Christmas: Meant For Love,2019,TV Movie|Romance,7.2,46,0.5372,en
622596,Love on Repeat,2019,TV Movie|Romance|Comedy,4.5,14,0.5251,en
504589,Alice T.,2019,Drama,6.02,25,0.2911,ro
596179,Climate Change: The Facts,2019,Documentary,7.1,16,0.4823,en
591889,Mommy Would Never Hurt You,2019,Thriller|TV Movie,7.2,56,0.4932,en
604434,Sita,2019,Unknown,5.8,10,0.5587,te
593568,My Killer Client,2019,TV Movie|Thriller,5.5,15,0.7594,en
602939,Mossad,2019,Comedy|Action,5.444,27,0.5579,he
589261,Deadly Assistant,2019,Drama|TV Movie|Crime,4.4,13,0.5823,en
735477,Amours à mort,2019,Crime|TV Movie,6.3,13,0.421,fr
639422,Same Time  Next Christmas,2019,Romance|TV Movie,6.674,66,0.6143,en
645434,1st Born,2019,Comedy,5.7,10,0.3342,en
632318,Alelí,2019,Comedy|Drama,6.8,14,0.4072,es
572521,Gloria Mundi,2019,Drama,6.3,99,0.5432,fr
500850,The Silence of Others,2019,Documentary,8.0,87,0.5277,es
612515,Dark Encounter,2019,Science Fiction|Thriller|Horror,5.302,121,0.593,en
589452,Suzi Q,2019,Documentary|Music,6.083,30,0.5662,en
565312,Knock Down the House,2019,Documentary,7.2,182,0.442,en
628262,Famous and Fatal,2019,Thriller|TV Movie,4.4,13,0.4252,en
613348,The Vets,2019,Comedy|Drama,6.538,120,0.5494,fr
600836,Project Ithaca,2019,Science Fiction|Thriller,5.823,113,0.5482,en
586653,A Brush with Love,2019,Romance|TV Movie,5.8,56,0.5243,en
616464,The Fighting Preacher,2019,Drama|Family,7.455,11,0.4161,en
576938,Slasher Party,2019,Horror,2.882,17,0.4804,en
599724,All That We Destroy,2019,Horror|Science Fiction|Thriller|TV Movie,6.0,81,0.4683,en
488695,Baghdad in My Shadow,2019,Thriller|Drama,6.033,15,0.482,en
686872,In Vino,2019,Comedy|Crime|Thriller,5.867,15,0.5091,en
615322,O Amor Dá Trabalho,2019,Comedy|Romance|Fantasy,6.2,27,0.5909,pt
573150,The Goya Murders,2019,Drama|Thriller,5.052,77,0.5359,es
570190,SnowComing,2019,Romance|TV Movie,6.4,33,0.5943,en
458012,Moothon,2019,Crime|Drama,6.2,25,0.5197,ml
636449,Ujda Chaman,2019,Comedy|Drama,6.333,24,0.7166,hi
549945,The Club of Ugly Children,2019,TV Movie|Action|Adventure|Family|Science Fiction,6.4,30,0.5387,nl
532893,The Turkey Bowl,2019,Comedy,5.148,27,0.4451,en
651724,The Irishman: In Conversation,2019,Documentary,7.478,116,0.4441,en
592480,Alice and the Mayor,2019,Comedy|Drama,6.222,343,0.7498,fr
512959,122,2019,Horror|Thriller,5.7,55,0.4896,ar
607693,Aruvam,2019,Thriller|Horror,4.4,13,0.6828,ta
549935,Head Count,2019,Horror|Mystery|Thriller,5.342,111,0.4579,en
515353,Funan,2019,Animation|Drama|History,6.9,71,0.4569,fr
603106,Capital in the Twenty-First Century,2019,Documentary,6.5,74,0.4613,en
554733,Newly Rich,2019,Comedy|Drama,7.1,14,0.3403,id
508033,Use Me,2019,Thriller,5.6,12,0.5079,en
545573,All the Gods in the Sky,2019,Horror|Drama|Science Fiction,5.7,43,0.4022,fr
497835,Sin,2019,History|Drama,5.8,85,0.5694,it
606225,Vortex,2019,Drama|Action|Crime,6.7,15,0.4718,zh
597900,High Moon,2019,Action|Horror|Western,4.923,13,1.5791,en
666227,The Story of Plastic,2019,Documentary,8.1,12,0.3915,en
648163,The Christmas Cabin,2019,Comedy|Romance,5.9,21,0.521,en
612437,I Miss You,2019,Drama|Romance,6.7,31,0.4698,es
567227,My Mother's Stalker,2019,Thriller|TV Movie,4.1,10,0.4535,en
566420,Cherry Blossoms & Demons,2019,Drama|Comedy,5.1,12,0.5306,de
597290,Those Who Remained,2019,Drama,7.28,25,0.5606,hu
584253,A Girl Missing,2019,Drama,6.491,56,0.4107,ja
565340,Ms. Purple,2019,Drama,6.2,15,0.7448,en
637890,Macabre,2019,Horror|Thriller|Drama,6.5,33,0.488,pt
582871,The Twentieth Century,2019,Comedy,6.3,26,0.3476,en
593475,My Out-Laws,2019,Comedy,5.652,168,0.7726,fr
630923,It's Beginning to Look a Lot Like Christmas,2019,TV Movie|Romance,6.2,40,0.5702,en
603085,Picture Perfect Mysteries: Newlywed and Dead,2019,TV Movie|Crime|Mystery,7.3,34,0.4611,en
613446,The Sky Is Pink,2019,Romance|Drama|Comedy,7.763,78,0.5736,hi
601609,From Friend to Fiancé,2019,Romance|TV Movie,6.1,46,0.6391,en
569133,Women of Mafia 2,2019,Action|Drama|Crime,4.5,55,0.5032,pl
594314,Blood Myth,2019,Horror,2.857,14,0.3383,en
622085,Art of Falling in Love,2019,TV Movie|Romance,6.5,24,0.4594,en
586044,I'm Just F*cking with You,2019,Comedy|Horror|Thriller|TV Movie,5.939,99,0.5915,en
486350,Dreamland,2019,Horror|Fantasy|Comedy|Mystery,5.31,29,0.6609,en
552359,Beyond the Night,2019,Drama|Mystery|Thriller,5.1,14,0.5481,en
579057,Siblings of the Cape,2019,Drama,6.0,11,0.5946,ja
592814,Made in Bangladesh,2019,Drama,6.4,14,0.4273,bn
643413,Ip Man and Four Kings,2019,Action|Drama,6.214,14,0.5587,zh
515048,Jessica Forever,2019,Drama|Fantasy|Science Fiction,4.6,41,0.461,fr
626301,Matchmaker Christmas,2019,Romance|TV Movie,6.0,28,0.4376,en
515402,The Cat and the Moon,2019,Drama,4.4,16,0.4262,en
581599,Invisible Sue,2019,Adventure|Fantasy,5.383,47,0.608,de
543760,The Chambermaid,2019,Drama,6.5,59,0.5639,es
539036,Soni,2019,Drama|Crime,6.807,44,0.4705,hi
542928,The Endless Trench,2019,Drama|History|Thriller,6.864,264,0.618,es
612322,Anniversary Nightmare,2019,Drama|TV Movie|Crime,4.45,20,0.4824,en
645576,A Heist with Markiplier,2019,Adventure|Comedy|Crime,7.4,14,0.4195,en
593026,The Adventures of Jurassic Pet,2019,Family|Adventure|Science Fiction,6.541,73,0.6834,en
631049,Love  Fall & Order,2019,TV Movie|Romance,6.5,50,0.4544,en
555790,As If It Were the First Time,2019,Comedy,6.8,195,0.4383,es
658410,The Wrong Husband,2019,Thriller|TV Movie,5.833,24,0.5383,en
644325,Romance Retreat,2019,TV Movie|Romance|Comedy,5.943,35,0.5183,en
628446,Killer Sofa,2019,Comedy|Horror,4.7,122,0.522,en
654795,Portrait of a Beauty,2019,Drama|Horror|Thriller,6.6,27,0.5134,tr
589149,Vanilla,2019,Comedy|Romance,6.0,19,1.3139,en
620039,Aznavour by Charles,2019,Documentary|Music,6.9,16,0.5374,fr
637879,A Very Corgi Christmas,2019,TV Movie|Romance,6.6,54,0.4358,en
647579,Enrico Piaggio: Vespa,2019,Drama|TV Movie,7.0,68,0.6184,it
529459,Variações: Guardian Angel,2019,Music|History|Drama,6.9,39,0.4903,pt
566100,Cemara's Family,2019,Family|Drama,8.0,27,1.6316,id
616800,Illuminated: The True Story of the Illuminati,2019,Documentary,5.2,20,0.4743,en
658854,We,2019,Drama|Romance,6.3,91,1.7635,en
634904,Inherit the Viper,2019,Crime|Thriller|Drama,5.275,80,0.5676,en
589540,Spider,2019,Drama|Crime|Thriller,6.9,46,0.6178,es
486269,Under the Eiffel Tower,2019,Romance|Comedy,5.789,38,0.4113,en
616808,All Summer Long,2019,Romance|TV Movie,6.8,32,0.4383,en
602971,Made in China,2019,Comedy|Drama,5.4,136,0.4684,fr
629500,You've Got Murder,2019,Comedy|Crime,6.154,127,0.4444,tr
636207,The Old Man Movie,2019,Animation|Comedy|Adventure,6.5,18,0.6611,et
614196,Death of a Vlogger,2019,Drama|Horror|Mystery,5.5,38,0.4747,en
600335,Kardec,2019,Drama|History,6.574,94,0.5791,pt
607316,Sune - Best Man,2019,Family|Comedy,5.2,14,0.298,sv
597080,The Halt,2019,Science Fiction|Drama,6.3,21,0.4224,tl
588211,Alien: Ore,2019,Science Fiction|Horror,6.1,53,0.5462,en
611609,Blood & Flesh: The Reel Life & Ghastly Death of Al Adamson,2019,Documentary,6.8,25,0.399,en
576187,I Got the Hook Up 2,2019,Comedy,5.575,20,0.5893,en
576281,Lara,2019,Drama|Comedy|Music,6.7,80,0.6122,de
657853,Mathu Vadalara,2019,Crime|Comedy|Thriller,7.6,28,0.5186,te
532649,Book of Monsters,2019,Comedy|Horror|Action,5.038,80,0.5298,en
565273,Light from Light,2019,Drama,6.1,35,0.3393,en
547258,Play,2019,Comedy,7.251,366,0.4325,fr
590390,Peter Falk versus Columbo,2019,Documentary,7.231,13,0.4435,fr
540111,Joan of Arc,2019,Drama|War|History,6.092,49,0.5866,fr
660855,Forky Asks a Question: What Is a Friend?,2019,Animation|Family|Comedy,6.2,89,0.6209,en
639999,Ejen Ali: The Movie,2019,Animation|Action|Adventure|Family|Science Fiction,8.3,24,0.5589,ms
592495,Mummy Reborn,2019,Adventure|Horror,4.0,13,0.4957,en
622327,The Panti Sisters,2019,Comedy|Drama|Romance,4.7,11,0.465,tl
569584,Why Cheat India,2019,Drama|Crime,5.522,23,0.4763,hi
568972,Alfons Zitterbacke,2019,Family|Adventure|Comedy,5.3,10,0.5413,de
653364,Elizabeth Is Missing,2019,Drama|Mystery|TV Movie,7.3,45,0.6192,en
575561,Fire Will Come,2019,Drama,6.45,130,0.9104,gl
631403,Our Christmas Love Song,2019,Romance|TV Movie,6.0,22,0.4905,en
593280,Life Overtakes Me,2019,Documentary,6.5,88,0.4862,en
613844,Desolate,2019,Drama,5.6,14,0.3155,en
587990,Litus,2019,Drama|Comedy,6.0,54,1.4979,es
621103,Pentagram,2019,Horror,3.6,24,0.5464,en
607181,Kinky Boots: The Musical,2019,Music|Comedy,7.78,59,0.4337,en
586311,Kiss Kiss,2019,Action|Crime|Drama,2.036,14,0.359,en
610909,Eat  Drink and Be Married,2019,Romance|TV Movie,6.3,39,0.662,en
601801,Chopsticks,2019,Comedy|Drama,6.1,52,0.3778,hi
569912,Aamis,2019,Drama|Romance,7.7,29,0.556,as
573661,In the Heart of the World,2019,Drama|Crime,6.175,20,0.33,pt
608504,Fiddler: A Miracle of Miracles,2019,Documentary,6.5,12,0.5001,en
590012,Chitralahari,2019,Drama|Romance,6.9,19,0.4334,te
477657,My Zoe,2019,Drama|Science Fiction,6.5,66,0.5772,en
625248,Dead Kids,2019,Thriller|Crime|Drama,5.8,27,0.3715,tl
607087,Maluma: What I Was  What I Am  What I Will Be,2019,Documentary|Music,5.8,106,0.4645,es
590548,Natpe Thunai,2019,Drama,5.5,14,0.6618,ta
553794,Sonora: The Devil’s Highway,2019,Drama|Thriller|Western,6.18,25,0.4721,es
638574,Not Knowing,2019,Drama,5.417,24,0.4677,tr
587138,Driven,2019,Comedy|Horror|Thriller,4.4,38,0.5638,en
638806,Holiday Hearts,2019,Romance|TV Movie,6.1,21,0.5355,en
588216,Alien: Specimen,2019,Drama|Horror|Science Fiction,6.2,88,0.5752,en
461783,All These Small Moments,2019,Drama,6.6,39,0.75,en
500895,I Was at Home  But...,2019,Drama,5.8,30,0.4664,de
597785,Deathcember,2019,Horror,5.289,57,0.4317,en
579450,Free Rein: Valentine's Day,2019,Romance|Family,7.5,63,0.5326,en
609408,A Whole New Life,2019,Comedy,5.689,172,0.3919,it
589885,Eminence Hill,2019,Western,4.741,27,0.6016,en
629442,3 Days with Dad,2019,Comedy,5.1,12,0.4614,en
624405,Brotherhood,2019,Drama,5.0,11,0.4057,en
616221,Maternal,2019,Drama,6.768,28,0.4411,es
572680,Irupathiyonnaam Noottaandu,2019,Action|Adventure|Drama,3.7,11,0.6698,ml
573632,The Last Boy,2019,Drama|Science Fiction,4.967,91,0.4291,en
642803,Òlòtūré,2019,Drama|Crime,6.3,54,0.4522,en
627958,Proceder,2019,Drama,7.7,36,0.467,pl
539042,Unremember,2019,Drama,6.2,17,0.2881,pt
520939,Escape and Evasion,2019,Drama|War,6.1,31,0.518,en
575314,Blood Bound,2019,Horror|Thriller,3.7,14,0.374,en
525424,I've Never Been to New York,2019,Music|Comedy|Romance,5.9,35,0.392,de
510455,The Ideal Palace,2019,History|Drama,6.909,149,0.5354,fr
569543,Mia Martini - I Am Mia,2019,History|Documentary|Music,7.2,181,0.3941,it
585561,Adithya Varma,2019,Drama|Romance,5.7,15,0.4332,ta
528089,Buoyancy,2019,Drama|Crime,7.088,34,0.4451,th
622654,Get In,2019,Thriller,5.8,145,0.4454,fr
618362,State Funeral,2019,Documentary|History,6.6,34,0.5327,ru
543693,Jabariya Jodi,2019,Drama|Romance,4.5,13,0.5085,hi
632530,Return to Downton Abbey: A Grand Event,2019,TV Movie|Documentary,7.2,20,0.3721,en
617571,Summer Detective,2019,Drama,6.8,27,0.3802,zh
793445,Chernobyl: Zone of Exclusion,2019,Drama|Mystery,7.5,35,0.3561,ru
643533,Super Monsters Save Christmas,2019,Animation|Family,6.1,11,0.3328,en
545556,Evelyn,2019,Documentary,7.3,18,0.4259,en
610394,The Haunting of La Llorona,2019,Horror,3.5,11,0.398,en
575442,A Song for Mia,2019,Romance|Drama|Music,5.5,10,0.4057,de
589985,I'll Go Where You Go,2019,Comedy|Drama,5.634,202,0.4209,fr
577114,Operation Cicero,2019,Crime|Drama|History|War,6.0,53,0.4346,tr
482710,Claire Darling,2019,Drama,5.5,71,0.7641,fr
587910,Parchís: the Documentary,2019,Documentary|Music,6.618,34,0.4686,es
612368,In the Name of the Land,2019,Drama,7.2,321,0.488,fr
584699,Last Sunrise,2019,Adventure|Drama|Science Fiction,6.2,12,0.4684,zh
626313,A Christmas Love Story,2019,Romance|TV Movie,6.6,37,0.4759,en
541576,Meeting Gorbachev,2019,Documentary,6.529,69,0.3586,en
597722,Demon Eye,2019,Horror,3.6,29,0.5719,en
621462,The Sleepwalkers,2019,Drama|Family,6.8,40,0.4738,es
626273,The Road Home for Christmas,2019,TV Movie|Romance|Drama,5.9,19,0.3489,en
613461,Project Gio,2019,Comedy,6.3,21,0.4237,nl
487611,Conviction,2019,Drama,6.842,279,0.6089,fr
635804,Half a Century of Poetry Later,2019,Fantasy,5.9,25,0.4451,pl
567580,Because You're Mine,2019,Drama,7.3,10,0.4602,de
579299,Forgotten Christmas,2019,Family|Comedy,6.547,32,0.7008,no
590121,Aurora Teagarden Mysteries: An Inheritance to Die For,2019,Mystery|TV Movie|Crime,7.237,59,0.682,en
565386,The Last Tree,2019,Drama,6.3,26,0.4556,en
566227,Halston,2019,Documentary,5.591,22,0.4515,en
653765,A Nasty Piece of Work,2019,Horror|Thriller|TV Movie,6.7,68,0.4665,en
491317,A Translator,2019,Drama,6.8,53,0.4622,es
485882,Cleo,2019,Comedy,5.9,16,0.3424,de
490690,Stories from the Chestnut Woods,2019,Drama|Fantasy|History,6.2,12,0.3927,sl
477072,Mothers' Instinct,2019,Drama|Mystery|Thriller,6.327,159,0.3578,fr
657716,Prathi Poovankozhi,2019,Drama,6.1,11,0.7185,ml
592117,Compulsive Liar,2019,Comedy|Science Fiction,6.655,29,0.4574,fr
609890,Disappearance,2019,Romance|Thriller|Mystery,4.1,10,0.403,en
600510,Rattlesnakes,2019,Thriller,5.043,23,0.5585,en
651602,Christmas in Vienna,2019,Comedy|Romance|TV Movie,5.9,21,0.4958,en
619687,Disco,2019,Drama,5.2,18,0.5387,no
568960,I Am Lying Now,2019,Thriller|Science Fiction|Mystery,3.2,10,0.4448,pl
590986,One Role for Two,2019,Comedy,5.5,68,0.4876,fr
574674,Waiting for the Carnival,2019,Documentary,8.3,41,0.348,pt
610482,Agent Sai Srinivasa Athreya,2019,Crime|Comedy|Mystery,7.483,60,0.4562,te
736518,Two Autumns in Paris,2019,Drama|Thriller|Romance,6.9,24,0.4279,es
585218,The Treasure : Love & Destiny,2019,Drama|History,6.7,22,0.5561,ar
451289,Making Apes: The Artists Who Changed Film,2019,Documentary,6.8,12,0.4942,en
429740,Rock  Paper  Scissors,2019,Thriller|Horror,3.8,13,0.5672,en
700516,He's Out to Get You,2019,Thriller|TV Movie,5.0,15,0.3685,en
502149,Being Frank,2019,Comedy,6.6,50,0.4658,en
518031,Seven Dinners,2019,Comedy,6.0,24,0.3559,ru
595503,Super Monsters Furever Friends,2019,Fantasy|Animation,5.667,15,0.6549,en
553645,ReMastered: Devil at the Crossroads,2019,Music|Documentary,6.83,88,0.3592,en
600700,After Maria,2019,Documentary,5.5,22,0.2995,es
460276,The Song of Sway Lake,2019,Drama,5.1,22,0.4477,en
617807,Santa in Training,2019,Family,4.375,12,0.2919,en
610643,#AnneFrank. Parallel Stories,2019,Documentary|Drama|History,7.056,54,0.4473,en
575958,Mickey and the Bear,2019,Drama,6.256,41,0.7578,en
585443,The Orphanage,2019,Music|Drama,6.9,24,0.3849,ps
639965,Happy Times,2019,Comedy|Horror,5.5,25,0.5131,he
625501,Stolen Days,2019,Drama,6.6,78,0.3491,it
568637,Diablo: The Utimate Race,2019,Action|Crime,4.984,64,0.5673,pl
575458,Farewell to the Night,2019,Drama,6.1,67,0.4221,fr
589939,Lourdes,2019,Documentary,7.0,22,0.4368,fr
596041,Summer of Changsha,2019,Crime|Drama,6.1,18,0.5061,zh
589181,Of Love and Lies,2019,Comedy|Drama,6.542,71,0.4203,fr
619593,Kalki,2019,Action|Crime,4.7,12,0.4847,ml
571263,Naughty Grandma 2,2019,Comedy,5.6,30,0.4417,ru
574434,God Exists  Her Name Is Petrunya,2019,Drama,6.831,157,0.4225,mk
574088,The Weasel's Tale,2019,Comedy|Mystery,7.5,178,0.6584,es
610743,Along Came the Devil II,2019,Horror|Thriller,5.7,55,0.4829,en
660208,Love Under House Arrest,2019,Comedy,5.9,95,0.3657,it
589291,PM Narendra Modi,2019,Drama|History,3.7,11,0.4243,hi
592136,Kevin Hart: Irresponsible,2019,Comedy|Documentary|TV Movie,6.734,141,0.3703,en
570657,Loud Connection,2019,Comedy,6.6,61,0.4708,ru
591102,Comali,2019,Comedy|Drama,6.1,30,0.7943,ta
632131,Täydellinen joulu,2019,Comedy,5.2,10,0.4239,fi
641364,Shooom's Odyssey,2019,Animation|Family,8.432,111,0.4459,fr
524779,Master Cheng,2019,Drama|Comedy,7.022,69,0.4574,fi
541339,The Good Girls,2019,Drama,6.581,80,0.6003,es
585969,Kill Me If You Dare,2019,Romance|Comedy,4.733,30,0.4717,tr
584123,In the Quarry,2019,Thriller|Crime,5.2,15,0.3032,es
603110,Magamuni,2019,Drama|Thriller|Crime,6.8,12,0.5946,ta
715313,Dance of Chance,2019,Comedy|Drama,4.114,22,0.4632,fr
841262,El taxista caliente 3,2019,Comedy,6.1,31,0.5132,es
637865,Call Mom!,2019,Comedy|Drama,5.5,14,0.52,sv
530227,A Young Man With High Potential,2019,Crime|Thriller,5.333,36,0.5282,en
640155,Comidark Films: The Getaway,2019,Comedy,5.077,91,0.4576,tr
584828,Last Ferry,2019,Drama|Thriller|Crime,4.177,31,0.3443,en
554580,For Better  For Worse,2019,Comedy|Romance,6.5,42,0.4175,es
582906,The Dazzled,2019,Drama,6.9,217,0.6272,fr
616815,Hitsville: The Making of Motown,2019,Documentary|Music,7.6,25,0.4131,en
571430,Quiet Comes the Dawn,2019,Horror|Thriller,6.1,61,0.4509,ru
748621,Under ConTroll,2019,Comedy|Fantasy|Horror,4.75,13,0.4192,de
540172,A Coach's Daughter,2019,Drama,5.3,21,0.4855,pl
631420,The Mistletoe Secret,2019,Romance|TV Movie,6.7,27,0.4964,en
580854,Hutsul Girl Ksenia,2019,Music|Comedy|Romance,7.5,15,0.3093,uk
537875,Jinpa,2019,Drama,6.847,36,0.4153,bo
630913,Double Holiday,2019,Romance|TV Movie,7.1,40,0.3251,en
567939,Pegasus: Pony With a Broken Wing,2019,Family|Fantasy,5.0,10,0.449,en
608512,Clown Motel: Spirits Arise,2019,Horror,5.1,14,0.4489,en
657595,Thrissur Pooram,2019,Action|Drama|Thriller,3.5,13,0.4872,ml
643852,Josie & Jack,2019,Drama,4.4,13,0.5603,en
619599,Ambili,2019,Comedy,6.5,18,0.5009,ml
600770,Sequin in a Blue Room,2019,Drama|Thriller,5.941,34,0.493,en
619189,The Manson Family Massacre,2019,Horror|Crime,5.1,12,0.4843,en
532880,Ready to Mingle,2019,Comedy|Romance,6.8,143,1.331,es
570910,Thackeray,2019,Drama|History,5.158,19,0.3747,hi
510026,Bethany Hamilton: Unstoppable,2019,Documentary,7.8,23,0.3907,en
656180,A Beauty & the Beast Christmas,2019,TV Movie|Drama|Romance,5.3,19,0.4952,en
512019,In Family I Trust,2019,Comedy|Romance,6.201,216,0.5457,es
579881,Sister,2019,War|Drama,7.8,81,0.3821,ru
622934,(Nie)znajomi,2019,Drama|Comedy,6.3,37,0.3506,pl
501633,The Invisibles,2019,Comedy|Drama,6.969,383,0.6889,fr
632076,#Like,2019,Thriller,5.038,26,0.4164,en
570193,Winter Love Story,2019,Romance|TV Movie,6.8,45,0.4347,en
610905,Justine,2019,Drama,6.4,14,0.7063,en
592545,Athiran,2019,Romance|Thriller,6.135,26,0.4876,ml
582623,Chronicle Mysteries: Recovered,2019,Mystery|Crime|TV Movie,6.946,37,0.4559,en
625814,Morgue,2019,Horror,6.802,96,0.4709,es
469140,The Divorce Party,2019,Romance|Comedy,5.0,27,0.4863,en
631409,Christmas in Montana,2019,TV Movie|Romance,7.025,20,0.4433,en
577109,To Paris!,2019,History|Adventure|War|Comedy,2.1,12,0.489,ru
493656,My Brother’s Name Is Robert and He Is an Idiot,2019,Drama,4.7,24,0.3722,de
345919,Love Is Blind,2019,Drama|Comedy,4.8,19,0.442,en
625629,The Creatress,2019,Drama,6.2,10,0.5344,en
591459,Pet Graveyard,2019,Horror,5.2,26,0.3199,en
639771,Cosmos,2019,Science Fiction|Mystery,5.932,110,0.4355,en
631210,Ottilie von Faber-Castell - Eine mutige Frau,2019,Drama|History,5.8,20,0.651,de
584904,Above Suspicion,2019,Drama|TV Movie|Thriller,6.68,25,0.5491,fr
573911,"Gabriel ""Fluffy"" Iglesias: One Show Fits All",2019,Comedy,7.211,64,0.343,en
568240,L'agenzia dei bugiardi,2019,Comedy,5.9,240,0.5721,it
582907,Sole,2019,Drama,6.8,36,0.5211,it
638238,Follow,2019,Horror,6.9,50,0.3811,tl
511401,The Raft,2019,Documentary,5.867,15,1.0022,sv
493522,Blame Game,2019,Drama|Thriller,5.92,44,0.3306,de
621319,The Money,2019,Comedy|Action,5.4,23,0.431,ar
597146,I Almost Married a Serial Killer,2019,Thriller|TV Movie,5.647,17,0.3723,en
463364,The Isle,2019,Thriller|Adventure|Fantasy|Horror,4.763,99,0.4506,en
603453,In the Key of Love,2019,Romance|TV Movie,6.3,21,0.454,en
549859,The Dead Center,2019,Thriller|Horror|Mystery,5.798,94,0.6205,en
620629,Transparent: Musicale Finale,2019,Drama|Comedy|Music|TV Movie,6.7,20,0.4368,en
589984,A Very Bad Friend,2019,Comedy,6.145,310,0.4906,fr
592800,A Brother’s Love,2019,Drama|Comedy,6.47,83,0.4704,fr
432371,The Last Fiction,2019,Animation|Drama|Fantasy,6.9,18,0.3065,fa
589116,Antoine Griezmann: The Making of a Legend,2019,Documentary,7.1,99,0.8074,fr
593214,Blank,2019,Action|Thriller,6.8,13,0.4954,hi
526225,Gates of Darkness,2019,Horror,5.721,34,0.429,en
618215,Mafia Is Not What It Used to Be,2019,Documentary,7.6,53,0.6146,it
623173,iHuman,2019,Documentary,7.1,20,0.4319,no
564704,Jallikattu,2019,Action|Thriller|Crime,6.706,90,0.5163,ml
666139,Killer in Suburbia,2019,TV Movie|Thriller,5.286,21,0.4741,en
638164,Mister T.,2019,Comedy|Drama,5.5,27,0.4388,pl
593060,The Spy Who Fell to Earth,2019,Documentary|History|Mystery,6.7,36,0.4891,en
479424,Ghost in the Graveyard,2019,Horror|Drama,3.5,25,0.387,en
579697,All the Colors of Giallo,2019,Documentary,6.9,23,0.5019,it
612502,Mister America,2019,Comedy,6.333,33,0.5522,en
483555,Versus,2019,Drama,4.8,19,0.4151,fr
630922,Christmas On My Mind,2019,TV Movie|Romance,6.404,57,0.3538,en
634077,Avane Srimannarayana,2019,Fantasy|Action|Adventure|Comedy|Western,7.393,28,0.395,kn
627483,Rediscovering Christmas,2019,Romance|TV Movie,7.1,18,1.3224,en
575562,Love Me Not,2019,Drama,4.3,10,0.3752,es
593340,Acquainted,2019,Drama|Romance,4.583,12,0.4483,en
510457,Beast No More,2019,Horror|Thriller,4.2,10,0.3239,en
597121,Olla,2019,Drama|Comedy,6.517,60,0.5518,fr
633159,Art of the Dead,2019,Horror,4.037,27,0.3844,en
658035,New Year's Kiss,2019,TV Movie|Romance|Comedy,5.8,10,0.4926,en
562289,Head Over Heels 3,2019,Comedy,7.029,87,0.4143,pt
624989,Sturgill Simpson Presents Sound & Fury,2019,Animation|Music,6.139,90,0.4337,en
596767,Recovery,2019,Horror,3.98,25,0.4957,en
539136,Ricordi?,2019,Drama|Romance,7.3,173,0.3988,it
606714,Manmadhudu 2,2019,Comedy|Romance|Drama,5.2,12,0.4875,te
542930,A Remarkable Tale,2019,Comedy,5.6,70,0.3902,es
555295,Body at Brighton Rock,2019,Horror|Thriller,5.0,69,0.3741,en
595558,Vongozero: The Outbreak,2019,Drama,7.0,11,0.3501,ru
511577,EGG,2019,Drama|Comedy,5.4,36,0.3699,en
591906,Rahman 1400,2019,Drama|Comedy,4.1,11,0.4338,fa
518245,The Exception,2019,Thriller|Mystery|Drama,5.2,16,0.4579,da
581012,The Green Book: Guide to Freedom,2019,Documentary|History|TV Movie,7.766,64,0.5344,en
627076,Savage,2019,Crime,6.8,37,0.4441,en
643199,Snowbound for Christmas,2019,TV Movie|Romance,6.1,18,0.5368,en
619271,Expedition Amelia,2019,Documentary|History|TV Movie,6.7,15,0.3852,en
541977,Guests,2019,Horror|Thriller|Romance,5.7,52,0.369,ru
628261,Who Stole My Daughter?,2019,Thriller|TV Movie,4.7,10,0.6102,en
616828,Puppy Swap: Love Unleashed,2019,Romance|Family,7.3,10,0.458,en
581770,Claude Chabrol  the Maverick,2019,Documentary|History,6.2,11,0.3995,fr
569104,Madura Raja,2019,Action|Comedy|Family|Thriller,5.5,15,0.3866,ml
584256,Living and Knowing You Are Alive,2019,Drama|Documentary,6.1,11,0.3623,fr
513372,Hoax,2019,Horror,4.708,48,0.4197,en
571689,Sons of Denmark,2019,Drama|Thriller,6.083,36,0.4891,da
546261,The Guest,2019,Comedy|Drama,6.6,83,0.3768,it
504592,Divine Love,2019,Drama|Science Fiction,6.0,84,0.6086,pt
581618,Watermelon Juice,2019,Drama,5.9,15,0.2113,ca
636891,Scare Package,2019,Horror|Comedy,5.586,152,0.5022,en
595723,Franco Escamilla: bienvenido al mundo,2019,Comedy,8.444,133,0.3503,es
630723,1986,2019,Drama,5.1,10,0.4862,ru
604554,My Boyfriend's Back: Wedding March 5,2019,Comedy|Romance|TV Movie,6.9,26,0.339,en
625790,Help Me I'm Dying,2019,Comedy,6.45,10,0.2996,en
614208,The Ascent,2019,Horror|Action|Science Fiction,4.68,25,0.3387,en
627446,Feo pero Sabroso,2019,Comedy,7.1,52,0.49,es
499963,The Aspern Papers,2019,Drama,4.5,22,0.4823,en
546251,A Rose in Winter,2019,Drama,6.0,10,0.3531,en
596886,Please Speak Continuously and Describe Your Experiences as They Come to You,2019,Science Fiction|Horror,7.357,14,0.3094,en
519238,Murder Me  Monster,2019,Horror|Drama|Thriller,5.3,50,0.411,es
601701,After the Storm,2019,TV Movie|Romance|Drama,6.1,63,0.4534,en
651906,M8 - When Death Rescues Life,2019,Drama|Thriller,7.227,55,0.3945,pt
585256,The Frenchman,2019,History|Drama,6.1,12,0.3937,ru
526191,LKG,2019,Comedy|Drama,6.5,19,0.5052,ta
566368,One Child Nation,2019,Documentary,7.2,170,0.5017,en
626267,Over the Moon in Love,2019,Romance|TV Movie,6.4,33,0.5048,en
566062,The Disappearance of My Mother,2019,Documentary,5.4,14,0.2673,it
566945,Melancholic,2019,Drama|Crime|Comedy,7.5,12,0.4891,ja
644158,He Dreams of Giants,2019,Documentary,6.5,11,0.6249,en
537734,The Weekend,2019,Comedy|Drama|Romance,6.0,14,0.3103,en
631799,Beyoncé Presents: Making The Gift,2019,Documentary|Music,7.8,10,0.4419,en
575793,The Body Remembers When the World Broke Open,2019,Drama,7.4,17,0.5079,en
597398,Away,2019,Animation|Drama|Adventure|Fantasy,6.452,115,0.5354,lv
589758,Ivan Tsarevich & the Grey Wolf 4,2019,Animation|Adventure|Family,7.1,16,0.4225,ru
572367,The Least of These,2019,Drama|History,6.3,16,0.414,en
593843,Back Fork,2019,Drama,5.5,21,0.405,en
569805,The Legend of 5 Mile Cave,2019,Western,5.786,14,0.4282,en
550485,Batla House,2019,Action|Drama|Thriller,6.82,64,0.614,hi
624060,Back to School,2019,Comedy,5.384,250,0.3926,fr
640209,Theresa & Allison,2019,Drama|Fantasy|Horror|Mystery|Romance,4.5,18,0.408,en
651645,Tennessee Gothic,2019,Comedy|Horror,4.9,10,0.2953,en
608619,What Might Have Been,2019,Drama|Romance,5.2,19,0.3339,de
507990,Run the Race,2019,Drama,6.891,69,0.3804,en
643847,Boiling Point,2019,Thriller|Drama,7.396,24,0.4498,en
602518,Mr. Devil,2019,Horror|Mystery,6.033,299,0.4127,it
597096,Oleg,2019,Drama,6.8,27,0.4607,lv
584921,From Cradle to Grave,2019,Thriller|Drama|Crime|TV Movie,6.344,16,0.3327,fr
568503,Tomorrow We Are Free,2019,Drama,6.8,14,0.4214,de
585598,John Ford: The Man Who Invented America,2019,Documentary|TV Movie,5.9,13,0.4793,fr
572000,The Demonologist,2019,Horror|Thriller|Fantasy,3.4,14,0.7428,en
554917,The Siren,2019,Fantasy|Horror,5.5,31,0.2924,en
595929,Oru Yamandan Premakadha,2019,Comedy|Romance,4.3,15,0.3893,ml
623057,Inside Game,2019,Drama,3.9,11,0.4863,en
582227,Tall Tales,2019,Thriller|Drama|History|Romance|War,6.8,17,0.4004,hu
644435,My Adventures with Santa,2019,Family|Fantasy|Adventure,4.385,13,0.3884,en
599362,Solum,2019,Science Fiction,5.455,11,0.4802,en
648316,The Body,2019,Thriller|Mystery,5.679,42,0.6279,hi
641543,Happy Endings Sleepover,2019,Drama|Romance,4.846,13,0.3252,en
519116,The Load,2019,Drama,6.183,30,0.434,sr
500915,Werewolf,2019,Horror|War|History,6.306,108,0.5333,pl
555795,This Is Not Berlin,2019,Drama,6.9,59,0.471,es
624372,Ted Bundy: Mind of a Monster,2019,Crime|Documentary,7.6,44,0.5168,en
613080,Once Upon a Time in Bethlehem,2019,Comedy|Fantasy,6.1,516,0.4977,it
599598,India's Most Wanted,2019,Action|Thriller,5.2,13,0.3453,hi
592877,I'm Not a Killer,2019,Thriller|Crime|Drama,6.0,89,0.4101,it
614959,Aporia,2019,Horror|Thriller|Action,5.2,10,0.4066,az
579681,Allu Ramendran,2019,Comedy|Drama,6.0,11,0.4839,ml
483096,Gags the Clown,2019,Horror|Comedy,6.4,94,0.3053,en
616896,Petromax,2019,Comedy|Horror,6.1,12,0.4637,ta
622585,Legions,2019,Drama|History|War,6.7,43,0.3976,pl
582763,Trio,2019,Drama|Comedy,6.8,12,0.2645,nl
612821,Censored,2019,History|Drama,7.118,17,0.4547,uk
599862,My Mother's Killer Boyfriend,2019,Thriller|TV Movie,6.217,23,0.4126,en
466281,She's Missing,2019,Drama,5.0,24,0.4197,en
617776,The Domain,2019,Drama|History,7.0,21,1.4358,pt
570189,One Winter Proposal,2019,Romance|TV Movie,6.8,46,0.3556,en
633049,Escaping the NXIVM Cult: A Mother's Fight to Save Her Daughter,2019,Crime|Drama|TV Movie,4.8,19,0.5152,en
644883,I ragazzi dello Zecchino d’Oro,2019,Comedy|TV Movie,7.037,27,0.3361,it
553869,Aadai,2019,Thriller|Mystery|Action,6.0,13,0.3908,ta
628291,The Golden Anniversary,2019,Comedy|TV Movie,5.7,12,0.4565,fr
655571,One Day at Disney,2019,Documentary,6.9,22,0.4794,en
604298,Mrs Lowry & Son,2019,Drama,6.4,46,0.503,en
553478,The Legend of Black Snake,2019,Comedy,4.858,130,0.4598,fr
518731,Love Blooms,2019,Drama|Romance,4.214,21,0.3562,fr
626318,Christmas Town,2019,TV Movie|Romance,7.2,50,0.3808,en
586333,Who Would You Take to a Deserted Island?,2019,Comedy|Drama,5.076,383,0.6245,es
571032,Nevrland,2019,Drama|Thriller|Horror,5.779,34,0.4108,de
550156,American Dreamer,2019,Thriller|Crime,6.125,28,0.4067,en
627469,The Magical Christmas Shoes,2019,Romance|TV Movie|Comedy,6.3,19,0.4639,en
580633,Tales from the Lodge,2019,Comedy|Horror,5.38,25,0.2926,en
614200,Eat Brains Love,2019,Horror|Comedy,4.625,24,0.4868,en
613486,Volare,2019,Drama,6.6,220,0.3848,it
642009,An Almost Perfect Scam,2019,Comedy|Crime,3.25,30,0.3343,pl
653752,Christmas in the Highlands,2019,TV Movie|Romance,5.2,44,0.4581,en
639409,Time for You to Come Home for Christmas,2019,Romance|TV Movie,6.8,25,0.3065,en
570128,Wide Load,2019,Comedy,4.2,114,1.5823,fr
534371,Lost and Found,2019,Comedy,4.534,74,0.2505,fr
622845,Kalel  15,2019,Drama,6.2,12,0.4291,tl
617549,Ring Ring,2019,Action|Thriller,5.3,13,0.3509,en
568143,Do Not Be Deceived,2019,Mystery|TV Movie|Thriller,5.5,11,0.3816,en
584765,Into the Grand Canyon,2019,Documentary,7.7,16,0.3779,en
593400,If You Love Me,2019,Comedy,6.1,130,0.4633,it
634815,Daddy,2019,Drama,5.68,25,0.4665,en
542713,Starfish,2019,Drama|Horror|Science Fiction,5.601,188,0.4355,en
606157,Raatchasi,2019,Thriller|Drama,6.5,13,0.3657,ta
603340,Ishq,2019,Thriller|Romance,5.663,40,0.3407,ml
553084,Vous êtes jeunes  vous êtes beaux,2019,Drama,6.6,14,0.3283,fr
616229,The Male Gaze: The Heat of the Night,2019,Drama,3.2,12,0.4491,en
602158,A Very Country Wedding,2019,TV Movie|Romance,6.0,24,0.398,en
542931,Off Course to China,2019,Comedy,4.831,89,0.3551,es
575359,Odessa,2019,Comedy|Romance|Drama,5.6,19,0.3159,ru
636229,Portal,2019,Horror|Thriller,3.8,13,0.5524,en
618243,Balloon,2019,Drama,7.0,46,0.382,bo
640421,Cargo,2019,Fantasy|Science Fiction|Drama,4.8,21,0.3933,hi
658938,High School Musical: The Musical: The Series: The Special,2019,Documentary|Music,8.4,28,0.3424,en
548757,A Wake,2019,Drama,5.2,14,0.3725,en
580634,I Am Richard Pryor,2019,Documentary,6.9,17,0.3299,en
770924,Murder In La Rochefoucauld,2019,Crime|TV Movie|Thriller,6.0,11,0.3255,fr
592747,In the Time It Takes to Get There,2019,Comedy,7.2,28,0.4148,en
636959,Sumikko Gurashi: The Pop-up Book and the Secret Child,2019,Animation|Family,7.1,12,0.581,ja
629324,Joel McHale: Live from Pyongyang,2019,Comedy,5.409,11,0.4607,en
537792,Papi Chulo,2019,Comedy|Drama,5.4,36,0.4569,en
645362,The Kacey Musgraves Christmas Show,2019,Music,7.1,19,0.4218,en
600720,A Mother on the Edge,2019,Thriller|TV Movie,6.5,11,0.4086,en
627478,Grounded for Christmas,2019,Romance|TV Movie,6.39,59,0.2903,en
635233,Jack & Daniel,2019,Thriller|Action,3.2,12,0.3677,ml
657993,Starting Up Love,2019,TV Movie|Romance|Comedy|Family,5.8,25,0.484,en
614202,Stalked,2019,Action|Horror,2.9,17,0.2343,en
579598,Vaarikkuzhiyile Kolapathakam,2019,Comedy|Thriller,6.1,15,0.4756,ml
649524,Behind the Trees,2019,Horror|Thriller|Mystery,5.4,52,0.382,en
590969,Armstrong,2019,Documentary,7.3,33,0.468,en
631909,F*ck Love,2019,Romance|Comedy,5.0,28,0.4506,nl
603450,Love  Take Two,2019,Romance|TV Movie,6.8,10,0.4377,en
480527,Roads,2019,Drama|Adventure|Comedy,6.3,39,0.3269,en
607386,Marooned,2019,Animation|Adventure|Family|Science Fiction,6.5,31,0.3612,en
580896,June,2019,Family|Drama,6.6,19,0.3919,ml
576583,The Story of Us,2019,TV Movie|Romance,5.731,39,0.5125,en
510452,All Inclusive,2019,Comedy,3.9,333,0.4344,fr
616063,Gates of Paradise,2019,TV Movie|Drama,6.4,14,0.4648,en
579955,Yowis Ben 2,2019,Comedy|Drama|Music|Romance,7.1,13,0.3603,jv
554318,Hoaxed,2019,Documentary,6.9,26,0.3243,en
601510,Possession Diaries,2019,Horror,4.6,14,0.2929,en
659491,Eduard Suroviy. The tears of Brighton,2019,Comedy,5.636,11,0.2696,ru
615017,47 Hours to Live,2019,Thriller|Horror,5.9,51,0.3355,en
537180,Persona non grata,2019,Drama|Thriller,4.609,46,0.2576,fr
676691,The Crossroads of Hunter Wilde,2019,Drama,6.0,12,0.3663,en
583140,Mr. Leather,2019,Documentary,4.6,14,0.3621,pt
630919,A Homecoming for the Holidays,2019,Romance|TV Movie,6.7,24,0.3737,en
627474,Staging Christmas,2019,Romance|TV Movie,5.5,20,0.4856,en
624406,All About Who You Know,2019,Comedy|Romance,5.0,12,0.3808,en
584756,I  Pastafari: A Flying Spaghetti Monster Story,2019,Documentary,6.5,19,0.3185,en
608166,Exchange Student,2019,Animation|Comedy|Science Fiction,6.3,28,0.4153,en
581936,L'eroe,2019,Drama,6.0,18,0.4232,it
568453,The Soviet Sleep Experiment,2019,Mystery|Thriller|Horror,7.8,15,0.442,en
580625,7 Reasons to Run Away (from Society),2019,Comedy,5.9,31,0.3909,ca
585642,The Killer Downstairs,2019,Thriller|TV Movie,4.5,12,0.4685,en
582886,Notre Dame,2019,Comedy,4.946,101,0.549,fr
604453,Duisburg - Linea di sangue,2019,TV Movie|Drama|Crime,6.022,23,0.3044,it
605503,The Father,2019,Drama,5.8,11,0.4748,bg
541642,Loving Cuba,2019,Comedy|Romance,4.3,13,0.4861,nl
598974,Kill Me Twice,2019,Thriller|TV Movie,4.6,23,0.3891,en
507647,Standing Up for Sunny,2019,Comedy|Romance,5.2,18,0.4898,en
609434,Midway to Love,2019,Romance|TV Movie,5.9,17,0.4356,en
630191,My Mother,2019,Family|Drama,6.5,31,0.4231,tr
594937,In My Blood It Runs,2019,Documentary,8.0,11,0.3683,en
583046,1st Summoning,2019,Horror,3.6,43,0.8521,en
609063,Sister of the Bride,2019,Romance|TV Movie|Comedy,6.444,45,0.3625,en
732869,Infieles,2019,Comedy,6.0,56,0.4126,es
514708,The Humorist,2019,Drama|Comedy,4.7,25,0.4047,ru
638605,Grandma's Wedding,2019,Comedy,6.9,69,0.528,es
566063,Ask Dr. Ruth,2019,Documentary,7.684,49,0.3653,en
537854,Germany. A Winter's Tale,2019,Drama,5.1,11,0.388,de
528096,The Naked Wanderer,2019,Romance|Comedy,5.1,12,0.4038,en
622761,Eternal Code,2019,Action,4.3,11,0.2948,en
602163,Oh Les Filles!,2019,Documentary,7.4,12,0.5458,fr
602400,Les Ombres de Lisieux,2019,Crime|Mystery,5.9,16,0.36,fr
554577,The Mongolian Conspiracy,2019,Crime|Thriller,6.4,27,0.3065,es
656858,Driving Licence,2019,Drama|Thriller|Comedy,6.6,41,0.4128,ml
637805,Vikruthi,2019,Comedy|Drama,6.8,12,0.6765,ml
619366,Bruja,2019,Crime|Drama|Fantasy|Mystery|Thriller,7.557,53,0.4508,es
633686,The Devil's Harmony,2019,Horror|Comedy|Music,5.6,17,0.2559,en
643022,Skywatch,2019,Science Fiction|Action,7.304,28,0.8186,en
592783,And the Birds Rained Down,2019,Drama,7.1,19,0.3366,fr
603158,The Shock of the Future,2019,Drama|Music,5.5,19,0.3156,fr
627016,Gary Gulman: The Great Depresh,2019,Comedy|Documentary,6.2,11,0.4246,en
539445,Joy,2019,Drama,5.9,46,0.4087,de
565373,Koko-di Koko-da,2019,Horror|Comedy|Fantasy,5.8,78,0.4741,sv
609933,AEW All Out 2019,2019,Action|Drama,8.3,19,0.3066,en
606755,The World We Make,2019,Drama,6.2,25,0.4385,en
658326,Love Story,2019,Romance|Drama|Comedy,7.5,18,0.3959,ar
621739,The Good Intentions,2019,Drama,6.339,31,0.3567,es
543411,Alpha: The Right to Kill,2019,Crime,5.3,14,0.2475,tl
611640,The Deeper You Dig,2019,Horror|Drama,5.72,75,0.3404,en
642333,A Cheerful Christmas,2019,Romance|TV Movie,5.6,24,0.2426,en
505929,90 ML,2019,Comedy|Drama,4.9,11,0.4411,ta
571466,Mom Squad,2019,Comedy,5.6,10,0.3775,da
497865,Scarborough,2019,Romance|Drama,5.652,23,0.3424,en
681631,Jurassic Thunder,2019,Action|Science Fiction|Horror,4.1,11,0.3805,en
575563,The Audition,2019,Drama,5.9,47,0.3963,de
651166,Sitara: Let Girls Dream,2019,Animation|Drama,6.83,47,0.4501,en
583994,By a Hair,2019,Comedy|Drama,7.267,15,0.4919,fr
633517,Jeff Dunham: Beside Himself,2019,Comedy,7.5,51,0.333,en
641304,Gumnaami,2019,Action|Drama|History,7.8,10,0.4023,bn
543593,Mutant Blast,2019,Science Fiction|Horror|Comedy|Action,5.9,14,0.3905,pt
660866,Forky Asks a Question: What Is a Pet?,2019,Animation|Family|Comedy,5.9,65,0.3477,en
627493,Christmas at Graceland: Home for the Holidays,2019,Romance|TV Movie,6.1,23,0.355,en
599379,Ice on Fire,2019,Documentary,6.98,50,0.3896,en
594028,Kavaludaari,2019,Thriller|Mystery|Crime,7.0,25,0.638,kn
613538,Beshoot,2019,War|Action|Drama,7.2,13,0.3274,uk
598507,I Want My MTV,2019,Documentary|Music,7.5,11,0.222,en
521154,Confessional,2019,Thriller,5.0,16,0.2604,en
599616,I  Leonardo,2019,History|Drama,5.8,39,0.4356,it
520024,The Bull,2019,Drama,5.6,34,0.3536,ru
640076,Made In China,2019,Comedy|Drama,5.8,22,0.3264,hi
638961,Erasing His Dark Past,2019,TV Movie|Thriller,4.5,10,0.524,en
652809,Jack Whitehall: Christmas with My Father,2019,Comedy,5.4,25,0.3879,en
650360,Pocket Hercules: Naim Suleymanoglu,2019,Drama,7.571,78,0.6321,tr
586597,Oil On Canvas,2019,Drama,4.125,20,0.3524,es
552709,Long Lost,2019,Thriller|Mystery|Drama,5.065,46,0.4769,en
652020,The First Temptation of Christ,2019,Comedy|Fantasy,5.6,130,0.4418,pt
649761,Gorillaz: Reject False Icons,2019,Documentary|Music,7.573,55,0.3714,en
569723,Door in the Woods,2019,Horror|Thriller,5.1,24,0.2935,en
518596,Fantastic Return to Oz,2019,Animation|Adventure|Fantasy|Family,5.4,145,0.3707,ru
633318,Luz: The Flower of Evil,2019,Drama|Fantasy|Western|Horror,4.72,25,0.4555,es
715297,Stakeout,2019,Crime|Drama,5.2,19,0.4203,en
514510,To Dust,2019,Drama|Comedy,5.6,31,0.3853,en
648337,Go! The Unforgettable Party,2019,Music|Family|Drama|TV Movie,7.5,83,0.3684,es
612392,My Favorite Shapes by Julio Torres,2019,Comedy|TV Movie,7.262,21,0.3103,en
583248,Scappo a casa,2019,Comedy,5.0,169,0.4149,it
592675,Vellai Pookal,2019,Drama|Thriller|Crime,6.5,20,0.2824,ta
538620,El Pepe: A Supreme Life,2019,Documentary,7.3,48,0.3604,es
617268,Misfit 2,2019,Comedy,6.1,12,1.4039,nl
576762,Forever You,2019,Comedy|Romance|Music,5.5,62,0.3323,it
606413,Brother in Love,2019,Comedy|Family,6.854,65,0.4217,tr
627485,The Christmas Temp,2019,Romance|TV Movie,5.3,13,0.3319,en
452037,Strip Club Massacre,2019,Thriller|Horror,3.4,13,0.5259,en
608052,Kindred Spirits,2019,Drama|Thriller|TV Movie,6.0,42,0.4171,en
595399,All in My Family,2019,Documentary,6.3,43,0.3733,en
507245,Clickbait,2019,Comedy|Horror|Thriller,4.452,31,1.3366,en
607300,Purge of Kingdoms,2019,Comedy,6.1,15,0.3694,en
614381,John Denver Trending,2019,Drama,8.0,10,0.2757,tl
611763,Promise of Pisa,2019,Drama,5.1,15,0.2864,nl
567651,Beware the Gorilla,2019,Comedy|Family,5.3,91,0.3413,it
505971,Thadam,2019,Crime|Mystery|Thriller,7.08,44,0.3413,ta
468996,Super Size Me 2: Holy Chicken!,2019,Documentary,6.977,173,0.4267,en
657500,Fascism on a Thread: The Strange Story of Nazisploitation Cinema,2019,Documentary,6.5,10,0.3406,en
627078,Santa Girl,2019,Comedy|Romance,5.7,31,0.3647,en
582926,Particles,2019,Drama,4.4,15,0.3506,fr
563907,All You Need is Crime,2019,Comedy,5.942,476,0.585,it
585093,Blind Spot,2019,Drama,5.3,20,0.356,fr
515348,The Mercy of the Jungle,2019,War|Drama,5.8,15,0.3824,fr
416682,Ambition,2019,Thriller,4.7,18,0.4132,en
609108,iSmart Shankar,2019,Action|Science Fiction|Thriller,5.1,19,0.4977,te
616904,Enter the Anime,2019,Documentary,5.247,79,0.3339,en
607072,Deadcon,2019,Horror,3.3,34,0.3788,en
631883,Grandfathers,2019,Comedy|Drama,5.721,43,0.3667,es
585325,I Am Somebody's Child: The Regina Louise Story,2019,Drama|TV Movie,6.455,22,0.402,en
595875,Adam,2019,Drama,6.982,83,0.6035,ar
657325,12 Pups of Christmas,2019,Romance|TV Movie,5.1,28,0.3,en
580846,Katherine Ryan: Glitter Room,2019,Comedy,6.821,42,0.2616,en
577826,The Challenger Disaster,2019,Drama|History,5.9,18,0.4015,en
568985,Hebe,2019,Drama|History,7.1,55,0.3466,pt
642203,Seth Meyers: Lobby Baby,2019,Comedy,7.0,75,0.4307,en
601835,Homekilling Queen,2019,Drama|TV Movie,6.2,10,0.434,en
516964,We Are Columbine,2019,Documentary,6.8,15,0.2886,en
582909,The Breitner Commando,2019,War|Drama,5.6,47,0.4243,fr
627467,A Sweet Christmas Romance,2019,Romance|TV Movie,6.9,29,0.3812,en
617249,Politics,2019,Drama|Comedy,3.526,57,0.393,pl
658397,Apparition,2019,Horror,4.9,30,0.4357,en
627466,Always and Forever Christmas,2019,Romance|TV Movie,6.7,25,0.35,en
615690,Notzilla,2019,Comedy|Science Fiction,3.3,13,1.3118,en
612146,Kakshi: Amminippilla,2019,Drama|Comedy,5.9,10,0.4185,ml
643285,Siberia and Him,2019,Drama,3.85,10,0.3521,ru
568789,The Ground Beneath My Feet,2019,Drama,5.7,35,0.379,de
640154,Comidark Films: In Between,2019,Drama|Comedy,6.392,106,0.4136,tr
595203,Trust No 1,2019,Action,5.864,44,0.5368,en
573438,Strike,2019,Family|Comedy|Adventure|Animation,5.9,21,0.4322,en
545925,Amsterdam Vice,2019,Crime|Action|Thriller|Drama,6.074,34,0.3702,nl
130421,Hanukkah,2019,Horror,2.8,11,1.5698,en
616819,Redemption,2019,Action|Drama,6.9,49,0.297,pt
580461,Super Bear,2019,Animation|Family,6.8,16,0.4012,zh
589976,Just Retired,2019,Comedy,5.469,191,0.4084,fr
547102,All My Loving,2019,Drama,5.2,11,0.3728,de
658092,Dolly Parton: Here I Am,2019,Documentary|Music,7.3,37,0.4117,en
627939,Survival Box,2019,Thriller,5.789,19,0.3418,en
517166,The Axiom,2019,Horror|Mystery|Fantasy,5.4,59,0.5552,en
605507,Let's Stay Friends,2019,Comedy,5.4,45,0.333,it
520203,The Place of No Words,2019,Drama|Fantasy,7.0,11,0.3948,en
539825,The Great Darkened Days,2019,Drama|History|Thriller,5.3,16,0.3357,fr
621742,The Obituary of Tunde Johnson,2019,Drama|Thriller,5.2,23,0.2827,en
597102,Goodbye Summer,2019,Romance|Drama,6.6,11,0.6568,ko
582593,On the Roof,2019,Drama|Comedy,6.071,14,0.3502,cs
459970,Don't Come Back from the Moon,2019,Drama,5.5,20,0.2997,en
642297,Thunderdome Never Dies,2019,Documentary,7.417,12,0.3356,nl
598776,The Unexpected Child,2019,Drama|TV Movie,6.3,19,0.4348,fr
586534,Mystify: Michael Hutchence,2019,Documentary|Music,7.231,54,0.3686,en
625128,Bill Burr: Paper Tiger,2019,Comedy|TV Movie,7.456,225,0.3139,en
569905,Mishmash  or Egg Nogg 3,2019,Comedy|Romance,4.792,48,0.329,pl
570132,Battle of the Classes,2019,Comedy,5.826,314,0.2967,fr
586801,Snow White and the Magic of the Dwarves,2019,Fantasy,5.4,10,0.4092,de
609778,Where We Belong,2019,Drama,8.079,19,0.2767,th
594170,The Chaos Class Again,2019,Comedy,3.7,20,0.3429,tr
503761,Being Frank: The Chris Sievey Story,2019,Documentary|Music|Comedy,6.8,20,0.3542,en
498162,Before the Frost,2019,Drama,6.2,31,0.4119,da
568522,N.T.R: Kathanayakudu,2019,Drama,4.9,14,0.3922,te
624582,Love Action Drama,2019,Comedy,6.1,24,0.3679,ml
574047,The Devil's Machine,2019,Horror,4.1,13,0.3326,en
515929,Too Late to Die Young,2019,Drama,6.1,33,0.4478,es
637402,A Date by Christmas Eve,2019,TV Movie|Comedy|Romance,5.6,21,0.4284,en
557800,At the Heart of Gold: Inside the USA Gymnastics Scandal,2019,Documentary,7.118,68,0.3547,en
706513,Bar Joseph,2019,Drama,5.0,21,0.4087,it
654871,Gon  the Little Fox,2019,Animation,7.5,12,0.397,ja
643193,A Christmas Recipe for Romance,2019,Romance|TV Movie,6.5,20,0.4004,en
603488,14 Days  12 Nights,2019,Drama,6.1,36,0.5751,fr
577022,Deadly Match,2019,Thriller|TV Movie,5.3,12,0.3921,en
643936,A Christmas Winter Song,2019,Comedy|TV Movie,6.0,16,0.3605,en
723629,Another Kind of I Do,2019,Comedy|Drama,6.5,16,0.2943,es
634129,Der letzte Bulle,2019,Crime|Comedy,6.5,27,0.3098,de
590978,Liam Gallagher: As It Was,2019,Documentary|Music,6.8,33,0.3798,en
584127,Atone,2019,Action|Thriller|Adventure,4.6,15,0.3292,en
621706,Crazy World,2019,Action|Comedy,7.6,15,0.2976,en
460868,The Accidental Prime Minister,2019,History|Drama,5.308,26,0.426,hi
650264,Valan: Valley of Angels,2019,Crime|Drama,7.2,79,0.3247,hu
619801,Unmasking Jihadi John: Anatomy of a Terrorist,2019,Documentary,6.7,10,0.3201,en
650040,Party Over,2019,Drama|Crime,5.7,12,0.3102,pt
531312,Goliath96,2019,Drama,5.4,13,0.3582,de
627491,Sense  Sensibility & Snowmen,2019,Romance|TV Movie,6.772,46,0.4192,en
607346,Sono solo fantasmi,2019,Comedy|Horror,5.2,124,0.3796,it
641564,Home for Harvest,2019,TV Movie|Romance,5.471,17,0.3754,en
639477,American Hunt,2019,Horror|Thriller,5.0,17,0.305,en
502173,Relaxer,2019,Fantasy|Comedy,6.0,40,0.3395,en
434574,Havana Darkness,2019,Thriller,4.0,12,0.4434,en
564181,9,2019,Science Fiction|Thriller|Mystery|Horror,6.5,26,0.4312,ml
605015,Premier de la classe,2019,Comedy,5.91,89,0.3451,fr
551027,Ave Maryam,2019,Drama|Romance,6.25,10,0.2859,id
600892,The Odds,2019,Horror,5.667,57,0.3357,en
515350,Coureur,2019,Drama,6.7,10,0.3856,nl
662389,Pompeii: Secrets of the Dead,2019,Documentary,6.7,56,0.2006,en
596860,You Deserve a Lover,2019,Drama,5.733,86,0.3622,fr
593057,A Mano Disarmata,2019,Drama|Crime|Thriller|Action,6.417,72,0.35,it
553889,Airaa,2019,Drama|Horror,5.0,13,0.3301,ta
656779,Sophia Loren  a special destiny,2019,Documentary,6.9,10,0.3526,fr
534373,Losing It,2019,Drama,6.2,103,0.4054,fr
463157,Jellyfish,2019,Drama,7.567,30,0.3334,en
616073,Return to Horror Hotel,2019,Horror|Science Fiction|Comedy,6.459,295,0.3034,en
588709,Faustina: Love and Mercy,2019,Drama|Documentary,8.492,65,0.4415,pl
588459,Turkish Ice Cream,2019,History|Drama|War,5.9,42,0.484,tr
553932,The Royal Tutor Movie,2019,Comedy|Animation,6.1,11,0.3403,ja
498678,The Bra,2019,Comedy|Drama,6.036,42,0.3521,de
593059,A Piece of My Heart,2019,Comedy,6.154,13,0.2896,sv
537976,American Dharma,2019,Documentary,6.5,13,0.3047,en
640173,15 Things You Didn't Know About Bigfoot,2019,Comedy|Horror|Crime|Mystery,6.4,12,0.3511,en
646391,My Mom's Letter from Heaven,2019,TV Movie|Drama|Romance,7.6,59,0.3618,en
627470,Twinkle All the Way,2019,TV Movie|Romance|Family,6.3,49,0.3616,en
626315,Christmas in Rome,2019,TV Movie|Comedy|Romance,6.6,68,0.2916,en
549895,In This Gray Place,2019,Drama|Romance|Thriller,5.0,20,0.3419,en
599399,After We Leave,2019,Science Fiction|Drama,5.5,28,0.3561,en
490462,A Bigger World,2019,Drama,6.3,65,0.3215,fr
605851,True Fiction,2019,Horror|Thriller,4.909,33,0.4146,en
532952,Smash and Grab,2019,Animation|Science Fiction,6.558,180,0.3166,en
639133,100 Days to Live,2019,Thriller|Crime,5.4,20,0.3123,en
554569,Left High And Dry,2019,Comedy|Romance,7.6,80,0.323,es
679783,Exit 0,2019,Thriller,5.0,18,0.3001,en
585527,The Apollo,2019,Documentary,6.447,19,0.3813,en
608611,Relativity,2019,Drama|Romance,5.9,39,0.3658,de
652048,Red Devil,2019,Thriller|Drama|Crime,5.737,19,0.4504,en
572292,Psychobitch,2019,Drama|Romance,6.5,43,0.3992,no
568773,Devil Between the Legs,2019,Drama,6.6,123,0.3213,es
688570,A Fragile Bond,2019,Drama|TV Movie,6.2,12,0.2711,fr
613296,My Family and the Wolf,2019,Drama|Adventure|Family,5.4,13,0.3087,fr
634571,Spirits in the Forest,2019,Documentary|Music,7.2,35,0.4405,en
641849,Darkness,2019,Drama|Thriller,4.9,24,0.378,it
636831,Night Ride,2019,Drama,6.0,49,0.3701,fr
626576,Mayday,2019,Horror|Fantasy|Thriller,5.4,14,0.2265,en
590017,The Fool,2019,Comedy,5.091,110,0.6685,fr
680653,Exorcism at 60 000 Feet,2019,Comedy|Horror,5.0,25,0.3504,en
658150,Cinderella: After Ever After,2019,Fantasy|Comedy|TV Movie,7.1,16,0.2838,en
586346,Before the Burn,2019,Comedy,5.958,36,0.2838,es
610203,Loop,2019,Science Fiction|Drama,7.8,12,0.2716,pt
635554,Home Is Where The Killer Is,2019,Thriller|Drama,4.2,12,0.4649,en
612655,Up the Mountain,2019,Comedy,5.0,35,0.2894,fr
544309,Man and a Junior,2019,Comedy,6.5,11,0.3054,fi
523278,Saand Ki Aankh,2019,Drama,6.981,26,0.5075,hi
611843,Jeune Juliette,2019,Comedy|Drama,5.771,24,0.266,fr
559487,Alone at Sea,2019,Documentary,5.6,11,0.2663,fr
632937,Agnes Joy,2019,Drama,5.2,12,1.2985,is
582732,The Last Serb in Croatia,2019,Comedy|Adventure|Horror,5.13,23,0.5103,hr
528112,Tito and the Birds,2019,Animation|Adventure|Drama|Fantasy|Family,6.229,35,0.2896,pt
569106,Mamangam,2019,Action|War|Thriller|History|Adventure,6.2,22,0.712,ml
530777,Ein Dorf wehrt sich,2019,Drama,6.75,14,0.3859,de
587332,Avenues,2019,Drama,6.1,12,0.3758,en
578814,Tomorrow's a New Day,2019,Drama|Comedy,6.862,228,0.4015,it
629413,Entangled,2019,Drama,4.3,10,0.3391,en
565718,David Crosby: Remember My Name,2019,Documentary|Music,7.0,20,0.4235,en
528630,Spinster,2019,Comedy,5.7,32,0.4391,en
631475,Keeping the Bees,2019,Drama,5.2,15,0.3101,tr
629354,Play,2019,Drama|TV Movie,4.9,10,0.3831,de
491132,Before Someone Gets Hurt,2019,Horror,3.9,20,0.48,en
641569,Raining Cats and Dogs,2019,TV Movie|Comedy|Drama,6.646,24,0.3323,fr
541021,Celebration,2019,Comedy,5.9,24,0.2777,ru
506251,The Haunting of Borley Rectory,2019,Horror|Drama|Fantasy|Thriller,5.0,11,0.2898,en
595108,D-Day Assassins,2019,War,6.0,10,0.3439,en
656036,Most Likely to Murder,2019,Thriller|TV Movie,5.2,24,0.3279,en
611368,Imperfect,2019,Comedy|Drama,7.6,17,0.3277,id
599978,Murder in the Front Row: The San Francisco Bay Area Thrash Metal Story,2019,Documentary|Music,7.25,16,0.3936,en
554566,To The Heritage With Love,2019,Comedy,6.2,11,0.1915,es
604228,The Blackwell Ghost 3,2019,Horror,6.698,43,0.2868,en
634767,St. Louis Superman,2019,Documentary,7.1,14,0.2175,en
657293,Christmas Crush,2019,Romance|Comedy|TV Movie,5.0,22,0.3095,en
504437,Sarvam Thaala Mayam,2019,Family|Music|Drama,7.0,19,0.3713,ta
474104,Demon House,2019,Horror|Documentary|Thriller|Mystery,5.3,39,0.402,en
593693,Palau the Movie,2019,Drama,7.7,20,0.2504,es
631737,The First Forgotten,2019,Drama|TV Movie,7.3,28,0.2966,fr
609457,Luca,2019,Romance,6.3,14,0.3662,ml
633836,Last Dance,2019,Romance|TV Movie|Drama,5.7,17,0.2684,fr
553456,Game Over,2019,Thriller|Mystery|Drama,6.236,74,0.3527,ta
581585,A Regular Woman,2019,Drama,7.4,80,0.259,de
606966,#FollowMe,2019,Horror|Thriller,4.3,16,0.3054,en
511539,Island of the Hungry Ghosts,2019,Documentary,6.0,11,0.3673,en
546241,Once Again,2019,Drama|Romance,6.2,15,0.5099,hi
635769,Nikki Glaser: Bangin',2019,Comedy,6.657,51,0.2767,en
583486,100 Vaginas,2019,Documentary,5.5,19,0.4476,en
690549,Doctor Death,2019,Drama|Thriller|TV Movie|Horror,4.0,13,0.2799,en
579191,Beyond The Visible - Hilma af Klint,2019,Documentary,7.2,13,0.3225,de
554567,Lady Rancho,2019,Comedy,7.045,78,0.4386,es
627468,Christmas in Louisiana,2019,Romance|TV Movie,6.6,28,0.3452,en
570258,All About Yves,2019,Comedy,5.2,104,0.2871,fr
630054,The Wrong Cheerleader,2019,Drama|Thriller|TV Movie,6.8,14,0.3493,en
628483,Rebooted,2019,Comedy|Drama|Animation,7.4,31,0.3371,en
575941,Olympic Dreams,2019,Comedy|Drama|Romance,6.1,22,0.3482,en
567015,Good Girl Gone Bad,2019,Comedy,5.2,10,0.3324,de
577074,Holy Beasts,2019,Drama,4.4,15,0.3169,es
627465,Sweet Mountain Christmas,2019,Romance|TV Movie,6.5,20,0.2773,en
543093,Maiden,2019,Documentary,7.5,36,0.3276,en
616062,Fallen Hearts,2019,Drama|TV Movie,6.1,17,0.4627,en
619460,Benjamin Falck & the Ghost Dagger,2019,Adventure,5.9,22,0.311,no
680977,Renovation of the Heart,2019,Romance,6.1,19,0.3453,en
611444,Missing 411: The Hunted,2019,Documentary,6.6,27,0.351,en
627072,Axone,2019,Drama|Comedy,6.094,16,0.3087,hi
626285,A Christmas Wish,2019,Romance|Comedy|Drama|Family|TV Movie,6.5,42,0.3551,en
566367,Midnight Family,2019,Documentary,7.035,72,0.2654,es
590019,Fingers,2019,Horror|Comedy|Crime,5.6,10,0.3081,en
553646,ReMastered: The Two Killings of Sam Cooke,2019,Documentary,6.875,52,0.3227,en
607158,Brother's Day,2019,Thriller|Family,3.7,11,0.3457,ml
605045,Am I a Serial Killer?,2019,Thriller|Mystery|TV Movie,6.1,14,0.2953,en
597095,Lillian,2019,Drama,6.2,27,0.3212,de
618221,Bird Talk,2019,Drama,4.5,13,0.2316,pl
504321,Paris Is Us,2019,Drama,4.3,160,0.368,fr
622769,A Movie Love,2019,Comedy|Romance,8.5,19,0.286,es
502800,Crisis Hotline,2019,Thriller,4.462,13,0.1818,en
576034,The Children of the Dead,2019,Horror|Mystery,4.7,18,0.2301,de
633650,The Price of Protest,2019,Documentary|TV Movie,7.6,11,0.2229,de
621746,Zana,2019,Drama|Thriller|Horror,6.8,20,0.3346,sq
615988,Thomas Pesquet: The Makings of a Hero,2019,Documentary,7.3,12,0.3539,fr
551688,Judgementall Hai Kya,2019,Comedy|Drama|Thriller,5.682,22,0.4395,hi
627475,Merry Liddle Christmas,2019,Romance|TV Movie,7.0,24,0.2639,en
552172,Balloon,2019,Drama|Fantasy,7.6,11,0.3141,en
591350,How I Taught Myself to Be a Child,2019,Adventure|Family|Drama|Comedy,6.6,14,0.3061,de
655366,Dial M for Middlesbrough,2019,TV Movie|Comedy|Horror|Mystery,6.5,14,0.2632,en
548925,A Colony,2019,Drama,6.9,38,0.4028,fr
630109,Cracked Up,2019,Documentary,7.2,14,0.275,en
593809,Terrorist,2019,Comedy|Drama,6.1,24,0.3443,cs
586441,Albatroz,2019,Science Fiction|Mystery|Thriller,4.7,14,0.348,pt
643065,The Fall,2019,Horror,6.7,104,0.3047,en
637463,Make Me a Sandwich,2019,Horror|Comedy,6.3,42,0.3242,en
636835,Sympathy for the Devil,2019,War|Drama,7.7,69,0.3087,fr
536331,April  May and June,2019,Drama,7.7,31,0.2656,nl
506826,Breaking Barbi,2019,Comedy|Science Fiction,2.4,10,0.3391,en
614375,Fuccbois,2019,Drama|Thriller,5.9,29,0.3734,tl
483261,The Most Beautiful Couple,2019,Drama|TV Movie,6.7,31,0.2764,de
581958,Amy Schumer: Growing,2019,Comedy,5.858,88,0.2917,en
631290,5 Years Apart,2019,Comedy|Drama,5.6,14,0.2441,en
625884,Lynn + Lucy,2019,Drama,6.6,18,0.2909,en
514550,A Certain Kind of Silence,2019,Drama,6.3,12,0.3491,cs
581162,A Hairy Tail,2019,Comedy|Crime|Fantasy,5.2,11,0.3246,fa
574370,I Can Quit Whenever I Want,2019,Comedy,6.255,184,0.401,es
622124,Hunting Season,2019,Comedy,4.6,12,0.4001,da
626327,Holiday for Heroes,2019,Romance|TV Movie,6.7,30,0.3095,en
637384,Man Camp,2019,Comedy,5.9,13,0.2742,en
623086,Borderless Love,2019,Comedy|Romance,5.6,12,0.255,pt
665867,The Set Up,2019,Drama|Crime,3.8,13,0.3286,en
612005,Ranarangam,2019,Action|Crime,5.6,11,0.3666,te
597958,Gordon Lightfoot: If You Could Read My Mind,2019,Documentary|Music,6.733,15,0.2652,en
568700,Eu Sou Mais Eu,2019,Comedy,6.0,35,0.2948,pt
636560,1800 Grams,2019,Comedy|Drama,6.1,13,0.2248,pl
573917,Ken Jeong: You Complete Me  Ho,2019,Comedy|Documentary,5.777,83,0.2715,en
575600,Just the Three of Us,2019,Comedy,4.9,40,0.3095,fr
514734,General Magic,2019,Documentary,7.286,42,0.3673,en
631191,Corporate Monster,2019,Action|Horror|Science Fiction,7.0,25,0.3245,en
531634,Pick It Up!: Ska in the '90s,2019,Documentary|Music,8.0,10,0.1834,en
658408,Rafadan Tayfa: Göbeklitepe,2019,Animation|Science Fiction|Adventure|Family,5.6,10,0.3855,tr
609660,Adam Devine: Best Time of Our Lives,2019,Comedy|TV Movie,6.2,24,0.3616,en
635100,Jesus Is King,2019,Music|Documentary,4.9,11,0.255,en
620137,Safe Corridor,2019,Drama|War,6.5,16,0.2786,ka
590306,Hearts and Bones,2019,Drama,6.042,24,0.3165,en
582344,Sons of 'Ndrangheta,2019,TV Movie|Crime|Drama,6.269,26,0.4798,it
579898,What's with This Granny?!‎,2019,Comedy|Family,5.819,138,0.4329,fr
537223,Four Springs,2019,Documentary|TV Movie,7.3,15,0.2592,zh
619716,The Retirement,2019,Drama|Comedy,6.5,22,0.2615,es
559673,Hamid,2019,Drama,7.038,13,0.2614,hi
470829,Cocaine Prison,2019,Documentary,6.2,16,0.2658,es
627482,You Light Up My Christmas,2019,Romance|TV Movie,5.8,11,0.3292,en
600301,The Hypocrites,2019,Action|Comedy|Thriller,5.2,15,0.2319,es
589064,Kuessipan,2019,Drama,6.5,30,0.3332,fr
630382,Aspromonte: Land of The Forgotten,2019,Drama,6.3,65,0.3832,it
531084,Darkness Visible,2019,Horror|Thriller,4.9,10,0.6816,en
642661,Arsenio Hall: Smart and Classy,2019,Comedy,6.0,16,0.1836,en
706150,Super Firefighters,2019,Comedy,7.2,16,0.2969,es
617772,Doll Cemetery,2019,Horror,5.7,23,0.2854,en
551024,27 Steps of May,2019,Drama,8.269,13,0.3244,id
627489,Christmas Scavenger Hunt,2019,Romance|Drama|TV Movie,6.2,34,0.3547,en
660862,Forky Asks a Question: What Is a Leader?,2019,Animation|Family|Comedy,5.7,62,0.3113,en
512865,Real Love,2019,Drama|Comedy|Family,6.0,71,0.3382,fr
621722,Comets,2019,Drama|Romance,5.9,17,0.3342,ka
576334,The Brink,2019,Documentary,6.4,23,0.2988,en
615940,Dr. Jack & Mr. Nicholson,2019,Documentary|TV Movie,6.1,23,0.3295,fr
608811,Patsy & Loretta,2019,Drama|TV Movie|Music,6.0,10,0.3448,en
535421,Likemeback,2019,Drama,3.5,34,0.2621,it
613081,Rock  Paper and Scissors,2019,Thriller,6.3,14,0.2266,es
659086,Sillu Karuppatti,2019,Drama|Romance,7.0,19,0.2652,ta
592991,Not for Resale,2019,Documentary,6.6,12,0.2799,en
543493,Babysplitters,2019,Comedy,5.6,12,0.2923,en
574437,The Awakening of the Ants,2019,Drama,6.2,21,0.2769,es
582903,Echo,2019,Drama,6.597,36,0.3228,is
554583,Bootleg Dad,2019,Comedy,6.4,37,0.3108,es
566235,Toni Morrison: The Pieces I Am,2019,Documentary,7.5,15,0.3302,en
608979,FAT: A Documentary,2019,Documentary,6.368,19,0.3609,en
533984,Get Her... If You Can,2019,Comedy,5.7,57,0.3021,es
621561,Our Planet: Behind the Scenes,2019,Documentary,7.6,50,0.375,en
543636,Whatever Happened to My Revolution,2019,Drama|Comedy,6.3,49,0.41,fr
565720,Give Me Liberty,2019,Comedy|Drama,6.5,66,0.3321,en
621268,The Moneychanger,2019,Comedy|Drama,7.2,10,0.3785,es
603452,The Last Bridesmaid,2019,Romance|TV Movie,6.6,39,0.4055,en
597693,Burning Ghost,2019,Drama|Romance|Fantasy,5.5,32,0.3041,fr
593067,Los Ajenos Fútbol Club,2019,Comedy,7.5,12,0.2643,es
534963,100,2019,Action,6.7,20,0.3038,ta
460424,Resistance,2019,History|Drama|Romance,6.3,10,0.2457,pt
652694,The Man in the Trunk,2019,Mystery|Thriller|Crime|Drama|Horror,3.5,10,0.2177,en
517831,The Young Cannibals,2019,Horror|Thriller,6.1,56,0.3307,en
639698,Diablo Rojo PTY,2019,Horror,5.9,18,0.2138,es
621730,Noura's Dream,2019,Drama,5.7,15,0.2167,ar
613694,Gaza Fights for Freedom,2019,Documentary,8.0,11,0.2401,en
586764,Welcome Back Mr. President,2019,Comedy,5.841,264,0.3022,it
512229,Psychomagic: A Healing Art,2019,Documentary,6.1,34,0.3602,fr
598254,Oththa Seruppu Size 7,2019,Thriller|Drama,8.0,18,0.4368,ta
622627,GG Bond: Lollipop in Fantasy,2019,Animation|Family,7.5,38,0.343,zh
574547,She Said  He Said,2019,Comedy|Romance,7.1,62,0.3076,pt
459116,No Safe Spaces,2019,Documentary,6.8,31,0.3233,en
412177,Kee,2019,Thriller|Action,6.2,13,0.2917,ta
514933,Russian Psycho,2019,Thriller|Comedy|Drama,4.7,15,0.3149,ru
649800,Michelle Wolf: Joke Show,2019,Comedy,6.846,52,0.2878,en
606244,Colin Quinn: Red State  Blue State,2019,Comedy,7.2,11,0.3243,en
575572,The Marshal,2019,History|Drama,4.9,28,0.2597,pl
525825,Chained for Life,2019,Drama,6.269,39,0.2937,en
735933,African Kung-Fu Nazis,2019,Action|Comedy|Horror,4.364,22,0.3245,en
642949,A Christmas Movie Christmas,2019,Romance|TV Movie|Fantasy,5.6,49,0.3942,en
628468,The Utah Cabin Murders,2019,Horror|Crime,4.6,23,0.2579,en
611809,Kiss of the Rabbit God,2019,Fantasy|Romance,6.7,21,0.2769,zh
631417,A Christmas Duet,2019,Romance|TV Movie,6.2,26,0.2613,en
571683,Heavy Load,2019,Comedy,6.462,13,0.3308,da
639065,Cleo,2019,Drama,6.2,12,0.3502,nl
617296,Victorious Square,2019,Comedy|Drama,6.6,27,0.2412,fr
590218,Twelve,2019,Family|Drama,6.5,11,0.2174,en
575940,Pink Wall,2019,Drama|Romance,5.529,17,0.3183,en
592788,Claudia,2019,Comedy,5.9,10,0.3403,es
610704,The 16th Episode,2019,Horror,4.26,25,0.3212,en
675235,White Eye,2019,Drama,6.565,31,0.3665,he
636846,The Nomads,2019,Drama,7.1,13,0.366,en
586069,The Gasoline Thieves,2019,Drama|Crime,6.5,23,0.2961,es
618253,Chiara Ferragni: Unposted,2019,Documentary,5.741,297,0.2604,it
525697,Nuclear,2019,Drama,5.235,17,0.3653,en
600442,VIP Cop: New Year's Eve Mayhem 2,2019,Comedy,5.353,34,0.4801,ru
650614,Lorena: Light-Footed Woman,2019,Documentary,6.7,36,0.3954,es
616914,Revealing Ukraine,2019,Documentary,4.4,17,0.2246,en
624490,The Last Aristocrat,2019,Comedy,5.9,17,0.3289,cs
536434,Red 11,2019,Thriller|Science Fiction|Horror|Mystery,5.19,21,0.2197,en
710711,5 Minutes Too Late,2019,Drama,5.1,11,0.305,ro
643179,Rock N' Roll Christmas,2019,Family|Music|Comedy|TV Movie,5.7,17,0.3514,en
630028,Ill: Final Contagium,2019,Horror|Science Fiction,5.7,14,0.3696,it
680985,Soul Reaper,2019,Horror,2.9,14,0.3152,en
638150,#Jestem M. Misfit,2019,Comedy,3.7,19,0.2528,pl
467980,Not A Minute To Lose,2019,Comedy|Romance|Fantasy|Drama,8.1,82,0.2176,es
615916,The Mummy: Rebirth,2019,Horror|Action,4.1,18,0.3918,de
575568,An Almost Ordinary Summer,2019,Comedy,6.2,169,0.2595,it
501577,Daddy Issues,2019,Drama,4.7,31,0.3878,en
595680,The Great Spirit,2019,Comedy|Drama,6.5,61,0.2785,it
616324,Space Dogs,2019,Documentary,6.9,14,0.229,de
475303,A Rainy Day in New York,2019,Comedy|Romance,6.487,2369,0.2787,en
555112,Recorder: The Marion Stokes Project,2019,Documentary,6.5,13,0.4122,en
620014,Xenophobia,2019,Science Fiction,2.5,14,0.8004,en
543788,Madonna and the Breakfast Club,2019,Documentary|Drama,6.5,22,0.2054,en
482034,Riot Girls,2019,Science Fiction|Action,4.7,40,0.2994,en
650961,Huguette,2019,TV Movie|Comedy|Drama,5.7,16,0.3443,fr
575575,Icarus. The Legend of Mietek Kosz,2019,Drama|History,6.333,18,0.3983,pl
607197,Tornare,2019,Thriller,5.3,36,0.3825,it
519316,The Dig,2019,Thriller,7.4,47,0.3745,en
686394,Rolling Stone: Life and Death of Brian Jones,2019,Documentary|Music,7.0,12,0.1558,en
523882,Aren't You Happy?,2019,Drama|Comedy,6.0,17,0.2377,de
628627,Leaving the Frame,2019,Documentary,6.9,10,0.2184,de
607175,Stay Out Stay Alive,2019,Horror|Thriller|Drama,5.0,29,0.2843,en
605257,Vita segreta di Maria Capasso,2019,Drama|Crime|Romance,5.9,38,0.2604,it
572093,My Daughter's Ransom,2019,Drama|TV Movie,5.8,13,0.2831,en
656917,Geniş Aile: Komşu Kızı,2019,Comedy,3.5,11,0.2898,tr
596870,A White  White Day,2019,Drama,6.1,123,0.2747,is
503257,Pick of the Litter,2019,Documentary,7.4,45,0.179,en
569071,Minha Fama de Mau,2019,Drama|Music|History,6.4,38,0.2815,pt
633187,The Spellbound,2019,Drama,5.3,28,0.3155,fr
583267,Přes prsty,2019,Comedy|Romance,5.211,19,0.3113,cs
643198,Christmas in Paris,2019,TV Movie|Romance,5.8,25,0.2418,en
693489,Be Still And Know,2019,Drama,7.1,13,0.2921,en
689945,Better Brain Health: We Are What We Eat,2019,Documentary,7.5,11,0.3263,fr
630288,The Final Scream,2019,Horror,5.9,41,0.4076,en
639424,Christmas Love Letter,2019,TV Movie|Comedy|Romance,5.8,24,0.2677,en
614195,Impossible Crimes,2019,Thriller|Horror,6.3,17,0.2481,es
492716,Bittersweet Symphony,2019,Drama,5.3,10,0.2824,en
631790,Six Hot Chicks in a Warehouse,2019,Action|Comedy|Horror,3.3,12,0.2249,en
629819,Witnesses,2019,Horror,4.538,13,0.2463,en
712698,God,2019,Drama,5.3,12,0.3237,en
539719,Firecrackers,2019,Drama,6.0,12,0.2385,en
540009,Dachra,2019,Horror,7.133,30,0.3392,ar
641163,Becoming Ms Bennet: Pride & Prejudice,2019,Romance|TV Movie,6.083,12,0.2844,en
613027,It's Still Your Bed,2019,Romance|Drama,6.1,23,0.3078,en
573956,Darkroom,2019,Drama|Crime,5.4,19,0.3154,de
572125,The 2019 Rose Parade with Cord & Tish,2019,Comedy,6.2,24,0.2184,en
698102,63 Up,2019,Documentary,7.3,16,0.2988,en
646173,Yeh Saali Aashiqui,2019,Thriller|Romance,8.5,13,0.4502,hi
553651,ReMastered: Massacre at the Stadium,2019,Documentary,7.4,26,0.2554,en
415085,All Creatures Here Below,2019,Drama,4.867,30,0.3835,en
642739,Mike Birbiglia: The New One,2019,Comedy,7.4,39,0.2894,en
621754,Cunningham,2019,Documentary,6.5,10,0.2348,en
626282,A Very Vintage Christmas,2019,Romance|TV Movie,6.8,29,0.3227,en
595871,Jesús de Nazaret: El Hijo de Dios,2019,Drama|History,7.489,45,0.2649,es
648564,Special Actors,2019,Comedy,6.5,11,0.3345,ja
596873,Our Mothers,2019,Drama,5.5,11,0.2528,es
595951,Fatal Getaway,2019,Mystery|Thriller|Horror|TV Movie,4.9,12,0.4116,en
577101,A Dog Barking at the Moon,2019,Drama,5.8,10,0.3256,zh
575812,Running with Beto,2019,Documentary,6.4,18,0.2713,en
586893,Kolaigaran,2019,Action|Thriller|Crime|Drama,6.3,16,0.2515,ta
585604,Wake Up,2019,Horror|Thriller,3.967,30,0.2708,en
631344,A Love Song for Latasha,2019,Documentary,7.0,65,0.2706,en
589457,Love Beats,2019,Drama,5.0,10,0.3136,es
454354,The Rise of the Synths,2019,Documentary,7.6,23,0.2396,en
645998,House Arrest,2019,Comedy,6.5,15,0.2854,hi
595593,Jack the Ripper : The Case Reopened,2019,Documentary,7.4,10,0.2192,en
606784,Tiananmen: The People Versus the Party,2019,Documentary|History|TV Movie,8.0,12,0.4052,en
529209,The Japon,2019,Comedy,4.47,66,0.3163,es
661269,Snow Monster,2019,Action|Horror|Adventure,4.9,10,0.1913,zh
667359,Sixty,2019,Comedy,6.0,13,0.3192,fr
570168,The Perfect Trap,2019,Family|Comedy,5.268,28,0.2532,de
611852,Fabulous,2019,Comedy,5.567,15,0.3033,fr
609064,A Haunting at Silver Falls: The Return,2019,Horror,5.5,16,0.2993,en
652074,Andy Murray: Resurfacing,2019,Documentary,6.8,19,0.2873,en
573468,The Reformer. Zwingli: A Life's Portrait,2019,History,6.4,14,0.4931,de
570454,Compromessi sposi,2019,Comedy,5.0,121,0.2284,it
616204,Efsunlu: Kabirden Gelen,2019,Horror,6.0,13,0.2086,tr
603094,Monty and the Street Party,2019,Animation|Comedy,6.273,11,0.1734,da
626296,No Time Like Christmas,2019,TV Movie|Romance|Music|Family,6.7,14,0.2627,en
610199,Pacarrete,2019,Drama,7.8,24,0.2509,pt
638866,Luccas Neto in: Children's Day,2019,Adventure|Comedy|Family,7.1,28,0.2506,pt
589326,Propaganda: The Art of Selling Lies,2019,Documentary,6.6,13,0.4366,en
580637,IRIS: A Space Opera by Justice,2019,Music,8.0,20,0.2532,en
611080,Lampor: The Flying Casket,2019,Drama|Horror,6.4,11,0.3225,id
608742,The Holy Family,2019,Drama|Comedy,4.0,21,0.2489,fr
593495,The Reliant,2019,Action|Family,3.4,15,0.1958,en
611520,Fatal Friend Request,2019,Thriller,4.9,13,0.31,en
596707,Weedjies! Halloweed Night,2019,Horror|Comedy,5.4,16,0.2906,en
581104,Ayogya,2019,Action|Crime|Drama,7.1,17,0.3568,ta
544334,Sun,2019,Comedy,6.8,12,0.3172,fr
596204,Brené Brown: The Call to Courage,2019,Documentary,7.198,43,0.2745,en
663610,37 Teen,2019,Comedy,5.8,14,0.4445,en
576709,The Boy Band Con: The Lou Pearlman Story,2019,Documentary,6.3,20,0.2696,en
545302,Bundy and the Green River Killer,2019,Crime|Thriller|Drama|Horror,4.712,34,0.2966,en
541578,Screwball,2019,Documentary|History,6.2,31,0.2654,en
597029,Tux and Fanny,2019,Animation|Fantasy|Comedy|Adventure,8.3,11,0.1716,ru
639959,Unknown Visitor,2019,Horror,4.5,19,0.295,en
650415,Black Raven,2019,Drama|History|War,7.0,15,0.2295,uk
638072,Deon Cole: Cole Hearted,2019,Comedy,6.484,31,0.2068,en
621333,Scarecrow,2019,Comedy,4.9,20,0.3686,ar
815758,¡Qué buena está mi ahijada! 2,2019,Comedy,6.0,16,0.411,es
579417,Dhilluku Dhuddu 2,2019,Comedy|Horror,4.7,13,0.294,ta
576699,Red Dog,2019,Documentary,6.3,14,0.2087,en
647260,Cazador  la película,2019,Action|Fantasy|Science Fiction,7.6,17,0.2426,es
518975,A Russian Youth,2019,War|Drama,5.2,27,0.3122,ru
592710,Nomad: In the Footsteps of Bruce Chatwin,2019,Documentary,7.0,32,0.3158,en
571234,The Lunnis and the Great Fairy Tale Adventures,2019,Fantasy|Family,7.4,16,0.2796,es
602468,Il grande salto,2019,Comedy,5.1,84,0.4955,it
467401,In Praise of Nothing,2019,Documentary,7.0,12,0.3563,sr
625221,Servants of War,2019,Thriller|Action,6.4,45,0.2671,pl
568406,For the Ones We Loved,2019,Comedy,4.1,29,0.2974,fr
575169,Dirty John: The Dirty Truth,2019,Documentary|Crime,5.827,49,0.4126,en
625463,Murder In The Maures Mountains,2019,Crime|Drama|TV Movie,5.7,14,0.2418,fr
621727,The Lost Okoroshi,2019,Action|Adventure|Drama,6.4,10,0.278,en
594345,42nd Street,2019,Comedy,7.4,10,0.9649,en
588990,Une mort sans importance,2019,Drama|TV Movie,6.1,11,0.1916,fr
593029,Push,2019,Documentary,7.9,22,0.3384,sv
642268,The Animal People,2019,Documentary,6.9,10,0.2796,en
610296,Jiivi,2019,Crime|Drama,7.5,17,0.3803,ta
588210,Alien: Night Shift,2019,Science Fiction|Horror,6.0,47,0.2485,en
572426,Cleavers: Killer Clowns,2019,Horror,6.1,13,0.232,en
576789,Crack,2019,Thriller|Mystery,5.5,17,0.255,sk
641561,Point-Blank,2019,Drama|Thriller|Crime,6.1,11,0.2276,fr
590529,Mom Went On Vacation,2019,Comedy,6.598,46,0.2659,es
573893,O Beautiful Night,2019,Comedy|Fantasy|TV Movie,5.9,19,0.2542,de
631322,Silhouette,2019,Horror|Drama|Thriller,5.3,17,0.2262,en
600675,The King Who Fooled Hitler,2019,Documentary|History,7.0,14,0.2843,en
590385,Greyhound Attack,2019,Drama|War|History,4.9,14,0.3111,en
569719,How to Be Alone,2019,Horror,6.162,37,0.2533,en
643385,Fake Millionaire,2019,Comedy|Drama,6.5,10,0.245,lt
582880,Technoboss,2019,Comedy|Music|Romance,5.7,14,0.2372,pt
583724,Love to the Rescue,2019,TV Movie|Romance,6.857,49,0.2295,en
602313,Louis Theroux: Mothers on the Edge,2019,Documentary|TV Movie,6.5,12,0.264,en
612633,Jérôme Commandeur - Tout en douceur,2019,Comedy,6.8,15,0.2209,fr
589980,Would I Lie to You: The Beginning,2019,Comedy,4.911,79,0.2669,fr
600048,Renegade: The Life Story of David Icke,2019,Documentary,5.1,11,0.2593,en
566220,Shooting the Mafia,2019,Documentary|History,7.3,23,0.2827,en
603931,Watchmakerʼs Apprentice,2019,Fantasy|Family,4.5,11,0.2709,cs
636126,Always a Bridesmaid,2019,Romance|Comedy,6.75,14,0.2888,en
468592,Vitalina Varela,2019,Drama,6.6,70,0.2554,pt
663300,City of Trees,2019,Romance|Drama,5.2,26,0.1488,en
547202,Murder In Rochefort,2019,Drama|Crime|Thriller|Mystery|TV Movie,6.1,20,0.2498,fr
574067,Egg,2019,Drama,6.2,33,0.2953,mn
519121,The Silences,2019,Drama,7.2,29,0.2291,es
573660,Sai de Baixo: O Filme,2019,Comedy,5.4,66,0.2442,pt
636146,Rwanda,2019,Action|Drama|History,7.5,11,0.217,it
506517,My Grandpa is an Alien,2019,Adventure|Family|Science Fiction,6.7,36,0.3643,hr
597615,Rewind,2019,Documentary,7.1,38,0.2433,en
637176,I'll Be Home for Christmas,2019,Drama|Music,6.846,13,0.2354,sv
613221,Daughter,2019,Animation|Drama,6.2,44,0.313,cs
592693,Towards the Battle,2019,Adventure|Western|Drama,5.0,13,0.223,fr
576308,Heimat Is a Space in Time,2019,Documentary,6.6,11,0.5139,de
618010,Dreamy Eyes,2019,Drama|Romance,6.7,20,0.3235,vi
583029,Ordinary Happines,2019,Comedy|Fantasy,6.1,273,0.3281,it
589230,Victor & Célia,2019,Comedy|Drama,5.5,79,0.2445,fr
616319,The Tree House,2019,Documentary|Science Fiction,6.15,10,0.182,vi
593946,The Banished,2019,Horror,5.6,27,0.2211,es
592608,Kill Thy Neighbor,2019,Drama|Thriller|TV Movie,5.2,15,0.2557,en
726743,Epilogue: The Punchline,2019,Comedy,8.182,11,0.2364,en
581640,Kodathi Samaksham Balan Vakeel,2019,Comedy|Thriller,5.7,12,0.3202,ml
619925,Comrade Drakulich,2019,Comedy|Horror,5.6,43,0.2761,hu
793434,Brigitte Bardot  rebel with a cause,2019,Documentary,7.9,10,0.2756,fr
584130,Who's Stalking Me?,2019,Drama|Thriller|TV Movie,5.9,35,0.2444,en
613085,The Dog Snatch,2019,Comedy,5.4,38,0.26,it
635772,Two Heads Creek,2019,Horror|Comedy,5.162,74,0.2899,en
671789,Agramon's Gate,2019,Horror|Thriller|Mystery,5.4,19,0.2037,en
550662,The Miracle of the Sargasso Sea,2019,Crime|Drama|Thriller,5.0,29,0.3005,el
587682,Jimmy Carr: The Best of Ultimate Gold Greatest Hits,2019,Comedy,7.057,70,0.2543,en
728797,Dark Stories to Survive the Night,2019,Horror,4.1,12,0.2727,fr
594446,Steirerkreuz,2019,Crime|TV Movie|Drama,6.6,10,0.2069,de
605540,The Evil Inside Her,2019,Horror,4.3,11,0.2454,en
535348,Long Way Home,2019,Drama,6.9,49,0.292,pt
387743,108 Stitches,2019,Drama|Family,8.2,62,0.194,es
655246,Der König von Köln,2019,Comedy,8.1,10,0.2015,de
567937,Klassentreffen,2019,Comedy|TV Movie|Drama,5.3,11,0.3335,de
612429,Label Me,2019,Drama,5.833,18,0.2161,de
621495,One Remains,2019,Horror,3.6,20,0.1732,en
610672,Cans Without Labels,2019,Animation|Comedy,2.4,21,0.2352,en
588204,Alien: Alone,2019,Science Fiction|Horror,6.3,47,0.3125,en
605702,The Cure: Anniversary 1978 - 2018 - (Live In Hyde Park),2019,Music|Documentary,8.2,11,0.3473,en
586447,I Am Easy to Find,2019,Music,7.2,42,0.2766,en
641900,La Maladroite,2019,TV Movie|Drama,7.889,54,0.2763,fr
592776,South Terminal,2019,Drama,5.2,46,0.2492,fr
623780,Os Parças 2,2019,Comedy,7.0,44,0.2487,pt
596289,And Then the Bear,2019,Animation|Drama,6.1,24,0.1337,fr
662894,The Wolf Pack,2019,Action|War,6.492,59,0.1923,tr
532097,Bloody Marie,2019,Action|Drama|Thriller,5.2,10,0.2174,nl
593720,Swans: Where Does a Body End?,2019,Documentary|Music,7.9,14,0.3335,en
499384,Dressage,2019,Drama,5.182,11,0.2237,fa
642584,The Lost Tomb of Alexander the Great,2019,Documentary,7.0,16,0.3091,en
519241,The Dead and the Others,2019,Drama,5.9,32,0.2588,pt
516585,Far from the Tree,2019,Documentary,6.8,11,0.4103,en
568790,Ghost Town Anthology,2019,Drama|Mystery,6.3,28,0.3868,fr
577089,Monsters.,2019,Drama|Romance,6.5,11,0.2503,ro
583584,I See You,2019,Thriller|Horror,3.2,17,0.2805,en
623298,Murder in Provins,2019,Crime|Mystery|Drama|TV Movie,6.1,17,0.2721,fr
596258,Anna,2019,Drama,6.1,16,0.3225,uk
513844,Holiday Hell,2019,Horror,3.5,15,0.2213,en
624496,National Street,2019,Drama,4.9,15,0.2097,cs
612587,A.M.I.,2019,Horror,4.5,51,0.2786,en
610210,Skin in the Game,2019,Thriller|Crime,4.2,12,0.3393,en
628782,Grub,2019,Comedy|Horror,6.583,12,0.1887,fr
574374,The Little Switzerland,2019,Comedy,4.7,85,0.2035,es
755378,Operation Just Cause,2019,War|Drama|Action,6.9,27,0.2537,es
611639,Dead Dicks,2019,Comedy|Horror|Science Fiction,5.6,30,0.2224,en
588154,Noah Land,2019,Drama,6.9,39,0.4283,tr
589187,The Directive,2019,Action|Adventure|Science Fiction,2.7,17,0.2379,en
554572,This Is Tomas,2019,Comedy|Drama,6.7,15,0.2214,es
693475,The Jester: Chapter 3,2019,Horror,7.5,57,0.2333,en
619262,Wrinkles the Clown,2019,Documentary|Horror|Comedy,5.608,60,0.249,en
630729,Paradise War: The Story of Bruno Manser,2019,Drama|History|Adventure,7.1,17,0.4235,de
604165,Kamen Rider Zi-O the Movie: Over Quartzer,2019,Action|Adventure|Science Fiction|Drama,6.7,18,0.2313,ja
608655,Appena un minuto,2019,Comedy,4.8,77,0.2246,it
626299,Christmas a la Mode,2019,Romance|TV Movie,6.6,34,0.2752,en
577549,Real Cases of Shadow People: The Sarah McCormick Story,2019,Documentary|Horror|Thriller|Mystery,5.1,13,0.2227,en
627430,Closed School,2019,Horror|Thriller,5.0,11,0.2811,ko
554574,Beyond The Mountain,2019,Drama|Thriller,6.9,25,0.2693,es
498062,Luz,2019,Horror|Mystery,5.179,81,0.2567,de
621454,The Race,2019,Animation|Comedy,6.1,27,0.2002,en
632478,Uncle,2019,Drama,7.477,22,0.2022,da
573915,Wanda Sykes: Not Normal,2019,Comedy,7.0,68,0.3266,en
735495,Loves Me  Loves Me Not,2019,Drama|Romance,4.4,11,0.268,en
601744,Loqueesha,2019,Comedy|Drama,2.9,20,0.203,en
539315,Dev,2019,Romance|Action,4.9,18,0.3853,ta
657597,Captives,2019,Drama,6.167,12,0.2332,hu
566230,Marianne & Leonard: Words of Love,2019,Documentary|Music,6.3,35,0.2637,en
510314,Simonal,2019,Drama,6.5,34,0.3827,pt
626743,Blind,2019,Drama|Horror,4.136,22,0.383,en
624147,It's in the Bank,2019,Crime|Comedy,4.6,24,0.2391,pl
608954,Wipe Out,2019,Comedy|Drama,6.015,33,0.2238,fr
590712,O Barato de Iacanga,2019,Documentary|Music,7.8,25,0.171,pt
562696,Monster,2019,Drama|Comedy|Family,6.5,12,0.2681,ta
649006,A Karate Christmas Miracle,2019,Action|Family|Drama,3.3,11,0.283,en
542922,Taxi to Treasure Rock,2019,Comedy,5.2,82,0.2477,es
613092,The Crack: Inception,2019,Drama|Thriller,6.7,38,0.2361,es
660861,Forky Asks a Question: What Is a Computer?,2019,Animation|Family|Comedy,5.9,66,0.4015,en
619374,Old-Timers,2019,Drama,5.4,13,0.2393,cs
586459,Initials S.G.,2019,Drama|Comedy,5.88,25,0.219,es
648090,Shelby American,2019,Documentary,7.1,10,0.1876,en
643438,Motichoor Chaknachoor,2019,Romance|Drama,6.442,26,0.2727,hi
628756,American Factory: A Conversation with the Obamas,2019,Documentary,5.5,21,0.2569,en
603562,The Lift Boy,2019,Comedy|Drama,6.2,18,0.1983,en
655087,Baby in a Manger,2019,TV Movie|Drama|Romance,6.9,13,0.2815,en
635920,Delirium,2019,Thriller|TV Movie,5.8,14,0.2112,de
513326,The Tangle,2019,Science Fiction|Thriller,5.333,21,0.2147,en
606227,Dolcissime,2019,Drama|Comedy,5.5,44,0.2289,it
649072,The Queen of the Lizards,2019,Science Fiction|Comedy,5.5,20,0.2094,es
608149,Flow,2019,Animation,8.7,22,0.2174,xx
571296,Planet Single 3,2019,Comedy|Romance,6.7,49,0.1779,pl
653820,Rot,2019,Horror|Drama,3.8,10,0.2431,en
582582,Ce soir  c'est Palmashow,2019,Comedy|Family,7.0,39,0.1741,fr
543533,The Luring,2019,Horror|Thriller,3.75,12,0.1717,en
563673,Meltem,2019,Drama,5.9,11,0.2648,fr
620639,A Thief's Daughter,2019,Drama,6.2,26,0.288,es
575823,Easy Love,2019,Documentary|Drama,5.0,17,0.3228,de
607926,Mo,2019,Drama|Thriller,6.0,31,0.1928,ro
583790,When the Moon Was Full,2019,Crime|Drama|Romance,6.3,15,0.1982,fa
615275,Vai que Cola 2: O Começo,2019,Comedy,6.8,53,0.314,pt
515816,Raoul Taburin,2019,Comedy,5.73,159,0.2944,fr
655311,Dark Paradise,2019,Crime,5.2,16,0.2236,de
684509,Párty Hárd,2019,Comedy,5.9,12,0.2115,cs
508780,Hanna's Homecoming,2019,Mystery|Drama|Horror,4.455,11,0.2933,de
621912,Wer 4 Sind,2019,Documentary|Music,5.8,13,0.2152,de
608164,Just a Thought,2019,Animation|Comedy|Romance,6.8,30,0.2114,en
601343,The Entity,2019,Horror|Thriller,5.3,12,0.2745,tl
558343,Tiffany Haddish: Black Mitzvah,2019,Comedy,6.3,29,0.1956,en
637627,Jenny Slate: Stage Fright,2019,Comedy,6.0,44,0.2531,en
545919,Single Street,2019,Comedy|Romance,7.128,47,0.2293,nl
628587,Zwischen uns die Mauer,2019,Drama|Romance,4.8,10,0.2834,de
666751,Los Leones,2019,Comedy|Romance,7.8,75,0.2172,es
575224,The Long Walk,2019,Drama|Science Fiction|Horror,7.7,11,0.2284,lo
603920,The Prague Orgy,2019,Drama|Thriller,3.2,10,0.2555,cs
577055,Staff Only,2019,Drama,5.0,11,0.2203,ca
568308,Red Letter Day,2019,Thriller|Comedy|Crime,4.15,20,0.321,en
610619,Mike Epps: Only One Mike,2019,Comedy,6.867,15,0.216,en
618525,GUO4,2019,Drama,4.6,43,0.3559,en
555657,Under the Same Roof,2019,Comedy,5.492,124,0.3092,es
649099,To Kill The Dragon,2019,Horror,7.1,17,0.2608,es
571675,Lucero,2019,Horror|Mystery,4.5,15,0.2114,es
614477,Louis Theroux: Surviving America’s Most Hated Family,2019,Documentary|TV Movie,7.75,12,0.2189,en
649735,Bitter Years,2019,Drama,4.0,20,0.2419,it
590678,Gholamreza Takhti,2019,Drama,6.8,13,0.1879,fa
584201,La stagione della caccia,2019,Drama|Mystery|TV Movie,6.962,26,0.2727,it
645398,A Kiss on Candy Cane Lane,2019,Drama|Romance,5.2,14,0.1983,en
565593,Dolce Fine Giornata,2019,Drama,5.7,21,0.4346,pl
607738,The Boogeywoman,2019,Thriller|Fantasy,5.0,10,0.1967,en
619239,The Diary of Diana B.,2019,Drama|History|War,7.4,13,0.2238,hr
631020,Black Mercedes,2019,Thriller|War|Crime,4.4,37,0.3398,pl
623634,The Innocence,2019,Drama,6.4,68,0.1999,ca
570733,Dafne,2019,Drama,5.9,18,0.2491,it
586621,Jelgava '94,2019,Drama,6.667,12,0.1418,lv
551779,Stitches,2019,Drama,6.969,16,0.1826,sr
648426,The Lunchroom,2019,Comedy|Drama,6.783,23,0.3282,es
638292,Blanche Gardin - Bonne nuit Blanche,2019,Comedy,7.5,53,0.3334,fr
565537,Jawline,2019,Documentary,5.9,15,0.2595,en
493659,Bixa Travesty,2019,Documentary,7.0,21,0.3329,pt
546549,Meteorites,2019,Drama|Romance,5.6,18,0.1966,fr
634743,Black Knuckle and Deputy Maltese,2019,Western|Comedy,6.2,10,0.2118,en
631705,Christmas Jars,2019,TV Movie|Drama|Romance|Comedy,6.596,26,0.3091,en
607146,Ella Fitzgerald: Just One of Those Things,2019,Documentary|Music|History,7.071,14,0.2381,en
548944,Playing Hard,2019,Drama,6.2,41,0.1674,pl
622962,Incitement,2019,Thriller,6.594,16,0.2055,he
596690,Vinci Da,2019,Thriller|Mystery|Crime,6.9,16,0.2053,bn
653831,John Wayne - America at All Costs,2019,Documentary,6.636,11,0.2162,fr
637895,Owners,2019,Comedy|Drama,6.8,35,0.1889,cs
615946,Ruta Madre,2019,Comedy|Drama,4.8,15,0.1891,en
608143,Uncle Thomas: Accounting for the Days,2019,Animation,6.7,14,0.1479,pt
593963,The White Devil,2019,Drama|Horror|Thriller,4.9,10,0.1999,es
611060,Love for Sale 2,2019,Drama|Family|Romance,6.3,10,0.2227,id
622683,Orsai,2019,Comedy|Family|Romance,8.0,15,0.2107,es
582912,Camille,2019,Drama|War,7.071,57,0.3038,fr
612501,Tuttapposto,2019,Comedy,6.474,116,0.26,it
614456,Death Will Come and Shall Have Your Eyes,2019,Drama,6.0,25,0.1934,es
583783,Midday Event: Trace of Blood,2019,Drama,4.4,10,0.2471,fa
575440,The Days to Come,2019,Drama|Romance,5.8,22,0.2007,ca
619341,The Wrong Tutor,2019,TV Movie|Thriller|Drama,3.1,10,0.3012,en
552722,David Bowie: Finding Fame,2019,Documentary|Music,6.9,32,0.1837,en
520364,Blue Note Records: Beyond the Notes,2019,Documentary|Music,6.9,13,0.234,en
547747,Goliath,2019,Drama,6.467,15,0.2143,sv
648310,The Returned,2019,Drama|Horror,5.5,15,0.2165,es
663662,Home with a View of the Monster,2019,Drama|Horror|Mystery,4.8,13,0.2474,en
659742,Alice,2019,Fantasy,6.6,10,0.1713,fr
580023,C'è tempo,2019,Comedy,6.2,105,0.2353,it
574467,The Warden,2019,Drama|Mystery|Romance,7.1,33,0.2354,fa
440844,Mercy,2019,Drama,6.0,12,0.2151,pt
577084,Just Don't Think I'll Scream,2019,Documentary,6.9,41,0.2445,fr
500688,Late Afternoon,2019,Family|Animation|Drama,7.4,82,0.1977,en
647568,Playback,2019,Documentary,5.143,14,0.1636,es
635968,The Curse of Halloween Jack,2019,Horror,3.6,32,0.2168,en
663000,Soy de rancho,2019,Drama|Action|Comedy,7.3,43,0.2782,es
561882,Checker Tobi und das Geheimnis unseres Planeten,2019,Family|Documentary|Adventure,7.1,16,0.1923,de
553780,Guie’dani’s Navel,2019,Drama,6.3,20,0.257,es
467076,Rapid Eye Movement,2019,Thriller,4.0,11,0.487,en
580075,Chorar de Rir,2019,Comedy,6.2,16,0.2108,pt
588760,Do It or Shut Up,2019,Action|Comedy,4.9,14,0.1889,ro
597896,Forman vs. Forman,2019,Documentary,7.6,14,0.1913,cs
535415,350 Days,2019,Documentary,5.1,10,0.1746,en
550473,Quand on crie au loup,2019,Comedy,4.357,56,0.2128,fr
565955,Mussum: Um Filme do Cacildis,2019,Documentary|Music,7.1,31,0.2118,pt
1007425,Surviving R. Kelly: The Impact,2019,Documentary,7.6,14,0.1189,en
584786,Bell Bottom,2019,Comedy|Thriller|Drama,6.767,15,0.2124,kn
588236,Lillith,2019,Horror,4.4,14,0.2082,en
567417,I Was  I Am  I Will Be,2019,Drama,6.2,25,0.2005,de
841223,Draculito y Draculero,2019,Comedy,6.6,34,0.2309,es
605936,Hitler's Evil Science,2019,Documentary|History|TV Movie,7.0,11,0.271,fr
581159,Castle of Dreams,2019,Drama,6.4,12,0.3117,fa
558294,Halloween at Aunt Ethel's,2019,Horror|Comedy,3.5,35,0.2058,en
645524,School of the Damned,2019,Thriller|Horror,3.5,14,0.2538,en
606960,Dybbuk Box: True Story of Chris Chambers,2019,Horror,4.536,14,0.2396,en
575557,The Prince’s Voyage,2019,Animation,7.0,24,0.3986,fr
588446,Little Necro Red,2019,Horror,5.4,28,0.2158,en
649239,Nati 2 volte,2019,Unknown,5.7,14,0.2308,it
477312,Hep Yek 3: You Shook Me,2019,Comedy,4.1,17,0.2077,tr
569486,A Dog Called Money,2019,Documentary|Music,5.9,23,0.2503,en
568693,The Amazing Johnathan Documentary,2019,Documentary|Comedy,6.1,41,0.2069,en
632455,Supernova,2019,Thriller|Drama,6.827,26,0.1797,pl
539033,Manta Ray,2019,Drama,6.2,23,0.2687,th
608542,Memorable,2019,Animation|Drama,8.158,73,0.2364,fr
608617,Stars Above Us,2019,Drama,5.8,22,0.1733,de
720065,Termination,2019,Action|Horror|Science Fiction,4.0,14,0.1612,en
656245,Princezna a půl království,2019,Family|Fantasy|TV Movie,6.3,12,0.1409,cs
515357,Tremors,2019,Drama,6.436,39,0.2148,es
783442,Dombivli Return,2019,Drama|Thriller,6.1,11,0.1788,hi
549773,Wolf,2019,Horror|Thriller|Action,4.38,25,0.2064,en
573921,Miranda Sings Live... Your Welcome,2019,Comedy|Music,5.4,34,0.1868,en
639834,League of Legends: Origins,2019,Documentary,7.069,51,0.167,en
608956,Clément  Alex  and Everyone Else,2019,Comedy|Romance|Drama,4.0,16,0.3885,fr
618367,Electric Swan,2019,Drama,6.0,19,0.1903,es
560726,A March to Remember,2019,Drama|History,6.2,13,0.1672,es
630338,What Happened on September 11,2019,Documentary,6.5,23,0.1706,en
574367,Heute oder morgen,2019,Drama,3.5,12,0.248,de
628229,Catching Faith 2: The Homecoming,2019,Drama|Family,7.1,17,0.1642,en
604596,The Cage,2019,Drama|Thriller|Crime,7.0,13,0.175,cs
587981,Me  Myself and My Dead Wife,2019,Comedy|Drama,4.4,17,0.1384,es
732795,Basta un paio di baffi,2019,Comedy|TV Movie,6.9,15,0.202,it
571645,Underdog,2019,Drama|Action,5.0,19,0.2323,pl
581927,My Second Time,2019,Drama,6.5,12,0.2007,it
597090,Parking,2019,Drama,5.1,16,0.3901,ro
574380,Der gute Bulle - Friss oder stirb,2019,Crime|TV Movie,6.1,11,0.2029,de
605278,Golden Men,2019,Crime|Drama,6.322,225,0.2526,it
509904,Roll Red Roll,2019,Documentary,6.9,62,0.1517,en
604130,Jo Koy: Comin' in Hot,2019,Comedy,6.7,28,0.2103,en
548564,Dying to Tell,2019,Documentary,7.0,14,0.2012,es
802525,Eleven Males 2,2019,Comedy|Crime|Thriller,7.5,12,0.2265,es
681616,Bacurau no Mapa,2019,Documentary,8.0,14,0.1922,pt
574902,The Ghost Who Walks,2019,Crime,4.3,11,0.1366,en
558198,Batsh*t Bride,2019,Comedy,4.6,10,0.157,en
527659,One Last Night,2019,Comedy|Romance,4.4,22,0.1836,en
614197,Criminal Audition,2019,Comedy|Drama|Mystery|Thriller,5.8,14,0.144,en
611241,Andy,2019,Comedy|Romance,5.491,54,0.194,fr
647211,How Mom Turned to Armed Robbery,2019,TV Movie|Drama,5.3,10,0.1465,fr
618226,Nevia,2019,Drama,6.5,28,0.2576,it
577030,MS Slavic 7,2019,Drama,5.3,11,0.1862,en
614793,Prime Day Concert 2019,2019,Music,5.9,10,0.1811,en
537488,What You Gonna Do When the World's on Fire?,2019,Documentary,7.2,22,0.162,en
606780,Murder in Saint Omer,2019,Drama|Crime|Thriller|TV Movie,5.5,14,0.4214,fr
593815,Misfit,2019,Comedy,4.3,14,0.161,de
575848,Berlin Bouncer,2019,Documentary,6.3,21,0.2231,de
593104,Between the Darkness,2019,Horror|Thriller,3.6,11,0.2292,en
591180,Incident at Montauk,2019,Horror|Science Fiction|Mystery,4.0,12,0.1786,en
641510,It's a Mad World,2019,Drama|Thriller,6.1,51,0.3531,it
624348,Cleaners,2019,Comedy|Drama,7.8,15,0.1631,tl
282796,Troll Bridge,2019,Fantasy|Animation|Drama|Comedy,7.1,13,0.2212,en
613317,Les Municipaux : Trop c'est trop,2019,Comedy,4.8,73,0.1895,fr
644710,10/31 Part 2,2019,Horror,3.5,13,0.3952,en
589853,Q Ball,2019,Documentary,5.6,25,0.1697,en
632903,Letter Beyond the Walls,2019,Documentary,8.1,14,0.2263,pt
635782,Breakthrough,2019,War|Drama,7.325,40,0.2179,sl
613835,13 Graves,2019,Horror,4.9,16,0.1323,en
628450,Swiping Love,2019,Comedy|Romance,6.0,18,0.2176,es
567525,Sebastian Maniscalco: Stay Hungry,2019,Comedy|TV Movie,6.392,37,0.1394,en
654913,Passeggeri notturni,2019,Drama,5.3,10,0.1384,it
597497,Growing Up with I Spit on Your Grave,2019,Documentary,6.615,13,0.2043,en
654387,My Name is Eftihia,2019,Drama|History,8.4,40,0.2199,el
567940,Passed by Censor,2019,Drama,6.2,14,0.1577,tr
655397,Christmas Wedding Runaway,2019,Romance|TV Movie,5.8,16,0.1791,en
570741,Flatland,2019,Adventure|Western,5.0,13,0.2218,af
576013,South Mountain,2019,Drama,5.1,10,0.2016,en
594498,The Good  The Bad  The Hungry,2019,Documentary,6.4,10,0.1586,en
577283,Forbidden School,2019,Drama|History|War|TV Movie,7.5,15,0.1518,it
640813,Do You Like Me?,2019,Thriller|Drama,6.6,22,0.1851,es
620778,Jim Gaffigan: Quality Time,2019,Comedy,6.653,49,0.1735,en
566011,Curse of the Blind Dead,2019,Horror,4.4,16,0.2564,en
581940,Good But Not Great,2019,Comedy,7.3,18,0.1517,it
485359,Angelo,2019,History|Drama,3.5,15,0.2661,de
581620,Anthem: Conviction,2019,Action|Science Fiction,6.6,13,0.1655,en
606312,Parents in Progress,2019,Comedy,5.9,71,0.1575,it
616720,Fighter,2019,Drama|Crime,3.8,15,0.2345,pl
638566,Naruto to Boruto: The Live 2019,2019,Animation,7.4,81,0.281,ja
586344,Badge of Steel,2019,Comedy|Action|Crime,7.8,81,0.1272,es
575730,Knives and Skin,2019,Drama|Mystery|Thriller,5.2,42,0.249,en
554855,Paper Flags,2019,Drama,7.1,29,0.1243,fr
576478,Falling for Love,2019,Drama|TV Movie,6.5,13,0.1485,fr
678389,Fear Filter,2019,Horror,6.4,10,0.2363,en
602214,You Can’t Watch This,2019,Documentary,7.5,10,0.1775,en
637861,E.M.P. 333 Days,2019,Drama|Thriller,5.0,10,0.1466,en
623392,Whindersson Nunes: Adult,2019,Comedy,7.904,73,0.1616,pt
661839,Dance With Me,2019,Comedy|Drama,4.8,13,0.243,fa
575095,Acid Rain,2019,Animation,6.3,12,0.1336,pl
568360,The Beast in the Jungle,2019,Drama,6.1,11,0.238,en
576003,Ms. White Light,2019,Comedy|Drama,6.6,17,0.4779,en
607971,Enes Batur: Gerçek Kahraman,2019,Comedy,3.0,14,0.1467,tr
882055,Bad Ben 7: The Haunted Highway,2019,Comedy|Horror,6.0,13,0.2117,en
670122,Murder in Hérault,2019,TV Movie|Crime|Thriller|Drama,6.2,12,0.2277,fr
574111,Amanda Seales: I Be Knowin',2019,Comedy|TV Movie,6.5,11,0.1626,en
649077,Iruttu,2019,Horror|Thriller|Drama,4.6,11,0.2787,ta
575806,Domains,2019,Drama,5.1,10,0.2241,ja
471291,My Own Private Hell,2019,Comedy|Drama|Romance,6.6,16,0.1971,pt
679890,Quiet,2019,Drama,6.8,13,0.2746,es
601516,ReMastered: The Lion's Share,2019,Documentary|Music,6.6,22,0.2123,en
667222,Hitchcock Confidential,2019,Documentary,7.75,12,0.1715,fr
654495,Django: En el nombre del hijo,2019,Action,6.9,11,0.2179,es
553160,So What Is Love,2019,Comedy|Romance,6.9,16,0.1944,nl
659153,5Gang: A Different Kind of Christmas,2019,Action|Comedy,7.9,111,0.1631,ro
689676,Feeling Through,2019,Drama,7.163,43,0.1979,en
601490,Befriending the Grouch,2019,Comedy|TV Movie,7.2,17,0.1758,de
597691,As Happy As Possible,2019,Comedy|Drama,5.4,11,0.1474,fr
576698,Qualified,2019,Documentary,6.1,10,0.1544,en
567224,Kölcsönlakás,2019,Romance|Comedy,5.6,11,0.1616,hu
639737,Modern Loves,2019,Drama,6.095,21,0.1849,es
622429,Recontraloca,2019,Comedy,7.3,24,0.2835,es
634754,Fire in Paradise,2019,Documentary,6.9,38,0.184,en
543562,Bulbul Can Sing,2019,Drama,6.5,10,0.1603,as
649825,El silencio del cazador,2019,Drama|Thriller,6.8,12,0.2649,es
611805,They're Inside,2019,Horror,4.5,30,0.1749,en
574236,Selfie,2019,Documentary,7.16,75,0.1664,it
552294,Echoes of Fear,2019,Horror,6.357,35,0.4615,en
651249,True: Winter Wishes,2019,Animation|Adventure|Family,6.3,40,0.205,en
595855,Non Ci Resta Che Ridere,2019,Comedy,3.4,18,0.1136,it
672686,Alone With Her Dreams,2019,Drama,7.5,32,0.2311,it
614744,Effetto domino,2019,Drama,6.5,16,0.1802,it
612295,Into the Forest,2019,Horror,4.0,10,0.1721,en
585768,Oprah Winfrey Presents: After Neverland,2019,Documentary,5.5,22,0.2223,en
761030,The King of the Toad,2019,Comedy,7.8,39,0.1365,es
570744,Greta,2019,Drama,5.7,14,0.1674,pt
706862,Annabellum: The Curse of Salem,2019,Horror|Mystery|Thriller,3.3,11,0.1822,en
408487,Fingerpori,2019,Comedy,3.9,19,0.1301,fi
616322,Overseas,2019,Documentary,7.1,11,0.1534,tl
675045,Lupe,2019,Drama,6.0,14,0.2462,en
582491,Całe szczęście,2019,Comedy,5.8,16,0.5007,pl
511491,My Soul to Keep,2019,Horror|Thriller,5.3,27,0.1266,en
570086,Brugklas - de tijd van m'n leven,2019,Family|Drama|Romance,7.2,10,0.1183,nl
423669,Raus,2019,Drama,5.7,10,0.1391,de
595930,Homeward,2019,Drama,7.281,32,0.2097,uk
754727,The Green Snake,2019,Unknown,7.1,13,0.1937,zh
616312,Love Me Tender,2019,Drama,6.15,10,0.2125,it
592108,Gone Kesh,2019,Comedy|Drama,6.1,10,0.2188,hi
608602,Golden Twenties,2019,Comedy,5.3,10,0.2148,de
575331,Lovely Trash,2019,War|Drama|Comedy|Fantasy,5.5,11,0.1528,fa
653602,X,2019,Drama|Thriller,5.1,13,0.1385,en
625331,In the Shadow of the Towers: Stuyvesant High on 9/11,2019,Documentary,6.9,20,0.1418,en
656190,Saria,2019,Drama,7.0,29,0.1962,es
637878,Todesfrist – Nemez und Sneijder ermitteln,2019,TV Movie|Thriller,4.571,14,0.2707,de
602176,Les murs du souvenir,2019,Mystery|Crime|Drama|TV Movie,5.4,14,0.1608,fr
590927,Only Good Things,2019,Drama,6.782,39,0.1038,it
587638,The Glorious Seven,2019,Action,2.9,15,0.1873,en
568401,Snowlidays,2019,Comedy|Drama,4.1,36,0.1521,fr
657202,Harter Brocken: Der Geheimcode,2019,Crime|Drama|Thriller,7.0,11,0.1746,de
618376,Se c’è un aldilà sono fottuto - Vita e cinema di Claudio Caligari,2019,Documentary,7.7,14,0.202,it
538632,The Projectionist,2019,Drama|Thriller|Mystery,6.1,14,0.1252,es
742357,Jugo de tamarindo,2019,Comedy|Drama,6.3,15,0.1622,es
573718,Love Machine,2019,Comedy,5.0,12,0.2203,de
642738,Iliza Shlesinger: Unveiled,2019,Comedy,6.3,58,0.1292,en
604927,Liberty: Mother of Exiles,2019,Documentary|History,7.5,11,0.1417,en
615295,Medias Res,2019,Comedy|Thriller|Crime|Mystery,6.0,19,0.2185,en
600428,Thamasha,2019,Romance|Drama,7.4,13,0.2295,ml
635497,Mo Gilligan: Momentum,2019,Comedy,5.2,17,0.1981,en
596354,Fulci for Fake,2019,Documentary,6.8,18,0.1849,it
601818,Tylko nie mów nikomu,2019,Documentary,7.538,39,0.2008,pl
575102,Taxi Blues,2019,Comedy|Romance,5.9,14,0.1228,sr
573657,Out of Tune,2019,Comedy|Drama,5.842,19,0.1614,da
584556,Stunt School,2019,Comedy,4.067,15,0.1709,tr
545575,Holy Tour,2019,Documentary,6.2,12,0.1284,fr
577748,Sometimes  I Think About Dying,2019,Drama|Comedy|Romance,6.577,26,0.1896,en
576697,Kathy Griffin: A Hell of a Story,2019,Comedy,6.596,26,0.1298,en
596280,The Distance Between Us and the Sky,2019,Drama,6.3,31,0.1319,el
538065,Carwash,2019,Comedy|Drama,6.1,12,0.2333,fr
607033,The Final Exit of the Disciples of Ascensia,2019,Comedy|Animation|Science Fiction|Drama,8.6,17,0.2347,en
542164,Groupers,2019,Comedy|Drama,4.5,21,1.0406,en
633691,Valerio's Day Out,2019,Drama,7.8,18,0.1277,en
613674,F.C. De Kampioenen 4: Viva Boma!,2019,Comedy,7.4,12,0.1474,nl
706915,Main Zaroor Aaunga,2019,Drama|Horror|Thriller,5.7,11,0.1124,hi
639562,Sunburned,2019,Drama,5.6,10,0.2509,de
608403,Mollami,2019,Drama|Comedy,5.9,30,0.1826,it
586134,H0us3,2019,Horror|Science Fiction|Thriller,5.976,42,0.1011,es
586602,Papá Youtuber,2019,Comedy,6.1,34,0.1286,es
573877,Chained,2019,Drama,6.6,17,0.3239,he
602891,Saverio Raimondo: Il Satiro Parlante,2019,Comedy,5.7,15,0.0819,it
520754,The Australian Dream,2019,Documentary,7.2,10,0.1228,en
637868,"GEN HOSHINO STADIUM TOUR ""POP VIRUS""",2019,Music|Documentary,7.0,10,0.1821,ja
606786,Und wer nimmt den Hund?,2019,Comedy|TV Movie,5.3,15,0.206,de
616351,Baby Gang,2019,Crime|Drama|Action|Thriller,5.6,11,0.1243,it
512214,These Peculiar Days,2019,Romance|Drama|Comedy,4.964,14,0.1502,es
636522,Swiped to Death,2019,Horror,5.429,14,0.2075,en
592555,Tout contre elle,2019,Drama|Thriller|TV Movie,5.3,36,0.1997,fr
621115,L'amore  il sole e le altre stelle,2019,Comedy|TV Movie,5.6,11,0.1333,it
689394,Summer Hit,2019,Romance,5.2,16,0.1365,en
655912,Ary Abittan : My Story,2019,Comedy,5.7,17,0.1217,fr
597613,Leftover Women,2019,Documentary|Drama|Romance,7.25,14,0.2176,zh
577489,Char Man,2019,Horror|Thriller,5.0,17,0.1355,en
613970,Dutch Angle: Chas Gerretsen & Apocalypse Now,2019,Documentary,6.6,10,0.1171,en
661235,Tensione superficiale,2019,Drama,5.1,15,0.1696,it
572979,Take Me Somewhere Nice,2019,Drama,5.7,29,0.1459,en
552982,A Clever Crook,2019,Comedy,5.0,53,0.2613,fr
651696,Ballet Blanc,2019,Horror,5.6,12,0.1455,en
769969,A Glimpse,2019,Romance|Drama,6.9,11,0.1436,en
614698,El Sendero de la Anaconda,2019,Documentary,5.8,11,0.2114,es
664730,Due West,2019,Drama,6.4,11,0.1043,fr
933720,Lion,2019,Adventure|Animation,6.5,23,0.1381,fr
531618,Araf 2,2019,Horror,5.8,12,0.1795,tr
599781,The Evil Down the Street,2019,Horror|Thriller|Drama,3.5,10,0.1523,en
648987,Fag,2019,Romance|Drama,6.781,32,0.1771,fr
575731,A oscuras,2019,Thriller|Drama,6.2,11,0.1839,es
576105,So Pretty,2019,Drama,4.6,10,0.1034,en
636561,Super Monsters: Vida's First Halloween,2019,Animation|Family|Comedy,4.8,10,0.1461,en
625948,Lukas Storyteller,2019,Animation|Family|Music,5.9,17,0.1415,en
695556,Contra-Filé,2019,Animation|Horror,7.0,11,0.2134,pt
626394,Karel  Me and You,2019,Comedy|Drama,4.885,13,0.1785,cs
629503,Extraordinary: The Seeding,2019,Documentary,6.8,32,0.1591,en
678583,Some Be,2019,Horror,6.2,10,0.1384,es
585596,The Fox & the Bird,2019,Animation,6.7,10,0.0792,fr
661690,Lake Artifact,2019,Comedy|Horror|Science Fiction|Thriller,3.286,14,0.1494,en
667211,Notre-Dame: Race Against the Inferno,2019,Documentary,6.182,11,0.1114,en
554847,Go Home,2019,Horror,5.5,28,0.1678,it
626874,The Wonder,2019,Comedy|Crime,6.4,17,0.1521,es
617654,Nazis on Drugs: Hitler and the Blitzkrieg,2019,Documentary|History,6.2,11,0.105,en
645541,Ellipse,2019,Science Fiction,4.375,25,0.1235,en
590976,Q's Barbershop,2019,Documentary,5.5,11,0.1012,da
590890,Avarya,2019,Science Fiction|Animation,7.5,12,0.1386,tr
592875,Uriyadi 2,2019,Action|Thriller,7.0,11,0.2782,ta
575817,Your Turn,2019,Documentary,7.1,18,0.1424,pt
633821,Fight Like Angels,2019,Drama|History,5.983,30,0.1562,it
575771,Blood Will Tell,2019,Thriller|Drama|Mystery,6.0,30,0.2079,es
593489,Anthony Jeselnik: Fire in the Maternity Ward,2019,Comedy|Documentary,7.0,108,0.103,en
636148,Is He My Girlfriend?,2019,Comedy,6.7,15,0.1754,es
622045,American Bistro,2019,Comedy|Drama,5.0,10,0.1328,en
879203,Bad Ben: The Way In,2019,Horror|Comedy,4.8,11,0.0932,en
530392,Guaxuma,2019,Animation|Drama,7.5,14,0.2171,pt
541579,Walking on Water,2019,Documentary,6.2,21,0.2469,en
590872,Nate Bargatze: The Tennessee Kid,2019,Comedy,7.438,56,0.1844,en
614578,Slaughterhouse Slumber Party,2019,Horror|Comedy,3.5,10,0.1403,en
633735,The One You Never Forget,2019,Drama|Romance,6.1,10,0.3131,en
582302,Pull,2019,Horror|Mystery|Thriller,4.3,10,0.1783,en
630628,Maestro,2019,Animation|Music,7.125,16,0.1193,en
590436,Murder on Reunion Island,2019,TV Movie|Crime|Drama,5.6,15,0.1833,fr
641213,The Dunes,2019,Thriller|Mystery|Drama,6.2,15,0.1755,en
610648,Venezia,2019,Drama,6.4,14,0.1339,es
597612,17 Blocks,2019,Documentary,7.4,15,0.1898,en
649244,Frida. Viva la Vida,2019,Documentary,6.5,42,0.1376,it
585344,You Are My Movie,2019,Documentary,3.8,25,0.1063,es
627429,Jamais sans toi  Louna,2019,Drama|Crime|TV Movie,6.8,20,0.1444,fr
616999,Killing the Dead,2019,Thriller,7.5,36,0.0757,es
616266,Flesh,2019,Animation|Documentary,7.05,10,0.1719,pt
616225,Endless Night,2019,Drama|History,6.1,16,0.1098,gl
630777,"Jesy Nelson: ""Odd One Out""",2019,Documentary,8.3,12,0.1474,en
617342,The Edge,2019,Documentary,7.088,17,0.1505,en
594258,Shakti,2019,Drama|Comedy,5.76,25,0.1583,es
640091,La volta buona,2019,Drama,5.7,10,0.1503,it
620745,A Guiana Sumiu...,2019,Comedy|Music,6.2,13,0.1379,pt
618513,The Tears Thing,2019,Drama,5.2,12,0.1412,fr
654083,A New Christmas,2019,Drama,5.6,10,0.1251,en
656612,Florence Foresti : Epilogue,2019,Comedy,6.5,42,0.1243,fr
574030,Here Comes Hell,2019,Horror|Comedy,4.524,21,0.1205,en
570745,Family Members,2019,Drama,5.1,11,0.1465,es
691818,Once Again,2019,Romance,5.2,12,0.1089,es
626595,The Rise of Jordan Peterson,2019,Documentary,6.2,25,0.1403,en
612078,Bun Hay Mean : le Chinois marrant,2019,Comedy,6.9,11,0.0975,fr
584973,Notes from Melanie,2019,Comedy,5.636,22,0.1004,en
708560,MBF: Man's Best Friend,2019,Drama|Family|War,8.3,37,0.2051,en
636322,FOMO: Fear of Missing Out,2019,Drama,6.958,12,0.1371,hu
613999,Aziz Ansari: Right Now,2019,Comedy|TV Movie|Documentary,7.154,104,0.1337,en
593048,Spring,2019,Fantasy|Animation|Adventure,7.5,15,0.1333,en
612413,Ramy Youssef: Feelings,2019,Comedy,6.0,18,0.1974,en
631360,Carcereiros: O Filme,2019,Drama|Crime,6.5,29,0.1033,pt
658435,Din Don: Il Ritorno,2019,TV Movie|Comedy,4.8,10,0.1105,it
474884,Ice Blue,2019,Thriller,5.1,10,0.096,en
616679,Return to Earth,2019,Documentary,6.8,22,0.098,en
586245,Ghosts of Sugar Land,2019,Documentary,5.7,50,0.0863,en
544519,My Polish Honeymoon,2019,Drama|Comedy,5.2,12,0.0935,fr
589350,Eine ganz heiße Nummer 2.0,2019,Comedy,5.5,19,0.1397,de
667639,The Letter Reader,2019,Drama,7.0,15,0.2052,zu
504054,Stars by the Pound,2019,Drama|Comedy,6.1,35,0.0994,fr
609175,I'm Not Your Mom,2019,Comedy|Romance,7.4,39,0.0955,es
603994,Luccas Neto em: Uma Babá Muito Esquisita,2019,Comedy,6.2,11,0.118,pt
637490,Wild Session,2019,Documentary,6.8,13,0.2298,es
594226,Margen de error,2019,Romance|Drama|Comedy,5.0,12,0.0993,es
589315,Le Cercle des petits philosophes,2019,Documentary,6.6,12,0.0797,fr
638623,Revolution and Land,2019,Documentary|History,8.2,21,0.1424,es
620025,The Fixer: Millennium,2019,Action|Drama,6.5,11,0.1028,ru
586247,Kyan Khojandi : Pulsions,2019,Comedy,7.7,56,0.0795,fr
584964,Louis Theroux: The Night in Question,2019,Documentary,6.944,18,0.0867,en
643419,Manifest Destiny Down: Spacetime,2019,Comedy|Music|Romance|Science Fiction,4.1,10,0.1234,en
621451,Lightning in a Bottle,2019,Animation,6.3,29,0.1107,en
555793,Cine Holliúdy 2: A Chibata Sideral,2019,Comedy,6.1,27,0.0801,pt
573910,Ray Romano: Right Here  Around the Corner,2019,Comedy|TV Movie,6.8,50,0.1373,en
648116,Jeff Panacloc contre-attaque,2019,Comedy,7.1,25,0.1132,fr
1124116,Not Found - Forbidden Videos Removed from the Net - Best Selection by Staff Part 6,2019,Horror,3.6,14,0.1494,ja
635823,Chichinette: The Accidental Spy,2019,Documentary,6.4,10,0.0896,fr
577080,Lemebel,2019,Documentary,6.7,11,0.1007,es
658920,Kev Adams : La Dernière en direct,2019,Comedy,7.4,18,0.1035,fr
648092,The Last Heroes,2019,Fantasy|Horror,6.4,32,0.1249,it
584038,Anavitória: Araguaína - Las Vegas,2019,Documentary|Music,8.4,13,0.1755,pt
588362,Edoardo Ferrario: Temi Caldi,2019,TV Movie|Comedy,6.6,41,0.2174,it
594152,Madame,2019,Documentary,5.9,15,0.0873,fr
591637,La guarida del lobo,2019,Thriller|Drama,7.2,14,0.078,es
621305,Un amor hasta las patas,2019,Comedy|Family,7.2,12,0.08,es
575682,Pig Hag,2019,Drama,3.458,12,0.1098,en
644350,Fadily Camara: La plus drôle de tes copines,2019,Comedy,6.3,32,0.1348,fr
615750,Spider,2019,Unknown,6.3,20,0.1088,en
621447,Hair-Jitsu,2019,Action|Animation,6.2,32,0.1429,en
597108,Tlamess,2019,Drama,4.7,11,0.3523,fr
605121,Trauma Therapy,2019,Thriller,3.5,10,0.2821,en
813454,L'Enfant Terrible,2019,Drama,8.3,23,0.0851,es
642372,Happy New Year,2019,Comedy|Romance,6.4,15,0.1221,sk
601781,River  el más grande siempre,2019,Documentary,8.9,14,0.1474,es
553644,ReMastered: The Miami Showband Massacre,2019,Documentary,6.774,31,0.0939,en
624827,Toomas Beneath the Valley of the Wild Wolves,2019,Animation,6.821,14,0.097,et
636492,The Dunes,2019,Horror,5.921,19,0.0884,en
597593,Changing the Game,2019,Documentary,6.25,12,0.1328,en
624078,Simon Amstell: Set Free,2019,Comedy,6.0,24,0.0899,en
635361,Unterm Birnbaum,2019,Drama|TV Movie,6.5,11,0.1073,de
434468,Antonio One Two Three,2019,Drama|Comedy,5.7,10,0.1076,pt
919590,Phantastische Harry Potter Momente - Das große SAT.1 Spezial,2019,Documentary,6.8,30,0.065,de
572223,2ème étoile,2019,Documentary,7.9,25,0.1062,fr
577054,Talking About Trees,2019,Documentary,7.206,17,0.1657,en
846232,A,2019,Unknown,6.5,18,0.0803,tl
623931,Harley Queen,2019,Documentary,6.1,17,0.1129,es
609419,Game Changers: Inside the Video Game Wars,2019,Documentary,7.727,11,0.0686,en
572208,Women on the Run,2019,Comedy|Romance,6.043,35,0.2185,cs
622103,Making Monsters,2019,Horror,5.6,10,0.0864,en
630960,This Time Away,2019,Science Fiction|Drama,6.9,16,0.0672,en
549646,Diggerz: Black Lung Rises,2019,Horror,3.9,12,0.074,pt
686268,Ahmed Sylla - Différent,2019,Comedy,5.8,10,0.0746,fr
577098,Flesh Out,2019,Drama,6.5,24,0.07,fr
629993,A Month of Single Frames,2019,Documentary,6.8,11,0.0625,en
625283,Crocodile,2019,Drama,7.682,11,0.0731,es
642257,Biswa Kalyan Rath: Sushi,2019,Comedy,6.7,10,0.077,hi
537632,Young and Alive,2019,Documentary,7.8,13,0.0495,fr
575804,Again Once Again,2019,Comedy,5.3,12,0.1163,es
657363,Christmas at the Chateau,2019,Romance|Family,4.5,14,0.0912,en
587203,Camp Wedding,2019,Comedy|Horror|Mystery,4.0,19,0.1059,en
619248,Luccas Neto in: Summer Camp,2019,Comedy,6.9,24,0.1154,pt
534369,Out,2019,Documentary,6.0,25,0.0725,fr
637573,Daniel Sloss: X,2019,Comedy,7.9,27,0.06,en
616307,The Dove and the Wolf,2019,Drama,5.9,14,0.0468,es
634583,Fırıncının Karısı,2019,Comedy,2.8,15,0.0921,tr
651807,Storia di Nilde,2019,Unknown,6.8,17,0.0723,it
594426,Francesco de Carlo: Cose di Questo Mondo,2019,Comedy,6.6,23,0.2511,it
576082,Belonging,2019,Crime|Drama,5.8,20,0.1738,tr
597686,Indianara,2019,Documentary,5.3,16,0.059,pt
615408,Fight Club But With Tennis And No Fight,2019,Animation|Comedy,7.6,13,0.0621,en
658470,Seb's Papuan Adventure,2019,Documentary|Adventure,6.6,27,0.0869,fr
642749,Jeff Garlin: Our Man in Chicago,2019,Comedy,5.6,13,0.1028,en
583218,The Weight Of The World On My Shoulders,2019,Drama,6.9,12,0.1112,it
554993,Britt-Marie Was Here,2019,Drama|Comedy,5.2,59,0.0878,sv
654374,The Youngest Sister-in-law,2019,Romance,5.3,11,0.0781,ko
584350,A Place in the Sun,2019,Documentary,7.0,30,0.0618,fr
776063,I delitti del BarLume - Hasta pronto Viviani,2019,Comedy|Crime|Drama,6.75,10,0.0548,it
648445,4 Meters,2019,Comedy|Romance,7.292,24,0.0567,es
575872,Our Wonderful Lives,2019,Drama,7.5,18,0.1634,fr
589745,Isadora's Children,2019,Drama,6.3,20,0.0853,fr
602760,A Tale of Two Kitchens,2019,Documentary,5.9,22,0.0998,en
608110,Thomas VDB - Bon Chienchien,2019,Comedy,7.2,10,0.0613,fr
612294,Abduction 101,2019,Horror,3.7,10,0.0612,en
589382,The Pickup Game,2019,Documentary,6.6,11,0.1017,en
566216,Midnight Traveler,2019,Documentary,5.9,13,0.0677,ps
608165,Debt Fees,2019,Comedy,2.8,11,0.047,tr
625242,Spying on letter,2019,Thriller,6.55,10,0.0998,it
576888,Breakwater,2019,Documentary|Drama,5.2,20,0.1299,pt
625974,SHOP: A Pop Opera,2019,Animation|Music|Comedy,8.6,16,0.1284,en
621455,Lucky Toupée,2019,Animation|Comedy|Fantasy|Romance,6.4,27,0.0516,en
627728,Farruko: En letra de otro,2019,Documentary|Music,7.8,36,0.0475,es
654232,Him,2019,Drama|Romance,5.2,12,0.0596,is
583345,Blue Boy,2019,Documentary,4.5,16,0.0738,ro
611710,Daniel Sosa: Maleducado,2019,Comedy,6.5,10,0.0297,es
599207,On the President's Orders,2019,Documentary,6.9,10,0.0905,tl
618431,Não Vai Ter Golpe!,2019,Documentary,6.8,12,0.0546,pt
522637,Nona. If They Soak Me  I'll Burn Them,2019,Drama,6.2,12,0.0707,es
589180,Defiant Souls,2019,Drama|History,6.1,14,0.071,es
671643,Ricardo Arjona  Circo Soledad En Vivo,2019,Music,8.625,48,0.056,es
651846,Wolf Walk,2019,Documentary,6.833,12,0.281,fr
633553,Fútbol Club Maradona,2019,Documentary,6.8,31,0.0555,es
708204,W,2019,Drama,7.0,13,0.0532,en
912810,Afraid,2019,Thriller,3.5,15,0.0615,en
716220,The Way Back,2019,Documentary,6.8,40,0.0723,fr
648324,Renacidos: El Padre Pío cambió sus vidas,2019,Documentary,6.5,11,0.052,es
619451,The Real Chernobyl,2019,Documentary,7.7,10,0.0363,en
708282,Apocalypse,2019,Science Fiction|Drama,5.6,14,0.0416,it
597683,Des Hommes,2019,Documentary,6.5,24,0.0448,fr
719946,To Remove the Heart,2019,Documentary,2.8,34,0.0368,es
578628,Gods of Molenbeek,2019,Documentary,7.2,10,0.0935,fr
568064,Azahar,2019,Animation|Drama|Adventure|Family,7.7,10,0.0361,es
812434,Star,2019,Drama,6.2,39,0.0454,it
627322,Tabernacle 101,2019,Drama|Horror,3.6,18,0.0461,en
645451,The Silver Forest,2019,Drama|TV Movie,5.3,18,0.2211,fr
649794,1982,2019,Documentary,7.9,16,0.044,es
650029,After the Raid,2019,Documentary,5.5,13,0.0423,es
587853,Upin & Ipin: The Lone Gibbon Kris,2019,Animation|Adventure|Family,7.2,10,0.037,ms
628723,Wings,2019,Animation|Family,8.0,12,0.0281,en
739692,El número nueve,2019,Documentary,7.8,11,0.0413,it
728574,Dio non ti odia,2019,Horror|Mystery|Thriller,5.538,13,0.0671,it
634772,Walk Run Cha-Cha,2019,Documentary,5.6,31,0.0981,en
616256,16 December,2019,Unknown,4.2,10,0.0264,es
623285,Sas,2019,Unknown,6.7,11,0.0256,fr
617102,A Dramatic Film,2019,Documentary,6.731,13,0.0256,fr
606978,Intercambiadas,2019,Comedy,6.6,17,0.0327,es
584804,Little Germans,2019,Documentary,7.067,15,0.0478,de
584929,Accidental Stranger,2019,Unknown,5.8,16,0.0286,en
877294,a,2019,Unknown,6.5,15,0.0412,it
735885,HH,2019,Unknown,8.2,10,0.0538,en
650055,A Nossa Bandeira Jamais Será Vermelha,2019,Documentary,6.4,11,0.0538,pt
576722,Cachada: The Opportunity,2019,Drama,6.2,13,0.0168,es
577176,Magnetic Harvest,2019,Comedy|Drama,5.0,10,0.1399,fr
595403,Salam Godzilla,2019,Documentary,10.0,14,0.0168,fr
615474,1,2019,Unknown,5.0,25,0.0143,en
660039,The Taste of Next Door Sister,2019,Romance,3.1,15,0.0074,ko
878727,Kjarval and The Door Mountain,2019,Documentary,8.5,13,0.0071,is
