id,title,release_year,genres,vote_average,vote_count,popularity,original_language
460465,Mortal Kombat,2021,Action|Fantasy|Adventure,7.038,6704,101.6152,en
744275,After We Fell,2021,Drama|Romance,7.004,2744,74.8974,en
634649,Spider-Man: No Way Home,2021,Action|Adventure|Science Fiction,7.9,22032,39.6728,en
773543,Fib the Truth,2021,Drama|Thriller,5.819,91,26.4722,ru
438631,Dune,2021,Science Fiction|Adventure,7.8,14928,27.1999,en
801335,Girl in the Basement,2021,Thriller|Crime|TV Movie,7.557,863,20.8022,en
637649,Wrath of Man,2021,Thriller|Crime|Drama,7.6,6103,15.1145,en
337404,Cruella,2021,Comedy|Crime|Drama,7.972,10069,15.0825,en
791373,Zack Snyder's Justice League,2021,Action|Adventure|Fantasy,8.091,10834,15.9674,en
645710,The Voyeurs,2021,Thriller,6.524,1184,13.5766,en
436969,The Suicide Squad,2021,Action|Comedy|Adventure,7.46,9589,14.2913,en
497698,Black Widow,2021,Action|Adventure|Science Fiction,7.2,11249,13.8519,en
459151,The Boss Baby: Family Business,2021,Animation|Comedy|Adventure|Family,7.331,2686,10.5997,en
615457,Nobody,2021,Action|Thriller,7.878,8359,11.7271,en
566525,Shang-Chi and the Legend of the Ten Rings,2021,Action|Adventure|Fantasy,7.495,10395,12.6259,en
568124,Encanto,2021,Animation|Comedy|Family|Fantasy,7.569,10210,12.1253,en
810693,Jujutsu Kaisen 0,2021,Animation|Action|Fantasy,8.103,1751,11.7507,ja
588228,The Tomorrow War,2021,Action|Science Fiction|Adventure,7.486,4160,15.5669,en
370172,No Time to Die,2021,Action|Thriller|Adventure,7.341,7121,19.8985,en
508943,Luca,2021,Animation|Comedy|Drama|Family|Fantasy,7.782,8952,12.5243,en
550988,Free Guy,2021,Comedy|Adventure|Science Fiction,7.451,9828,10.8068,en
592695,Pleasure,2021,Drama,6.265,789,11.5033,sv
438695,Sing 2,2021,Animation|Comedy|Family|Music,7.833,4778,11.2139,en
423108,The Conjuring: The Devil Made Me Do It,2021,Horror|Mystery|Thriller,7.352,6544,9.1072,en
524434,Eternals,2021,Science Fiction|Action|Adventure,6.772,9149,10.2246,en
458220,Palmer,2021,Drama,8.116,1911,8.9623,en
646380,Don't Look Up,2021,Comedy|Science Fiction|Drama,7.065,9359,8.8212,en
520763,A Quiet Place Part II,2021,Science Fiction|Thriller|Horror,7.4,7399,10.3767,en
399566,Godzilla vs. Kong,2021,Action|Science Fiction|Adventure,7.535,10643,10.0303,en
624860,The Matrix Resurrections,2021,Science Fiction|Action|Adventure,6.332,6478,11.9456,en
852370,Idol Seungha's R-Rated Film Shooting,2021,Drama,6.598,46,9.2194,ko
776797,The Sadness,2021,Horror|Thriller,6.8,1117,8.9064,zh
580489,Venom: Let There Be Carnage,2021,Science Fiction|Action|Adventure,6.747,11177,8.7838,en
824744,Shiddat,2021,Romance|Drama,6.681,36,8.3905,hi
841755,Mortal Kombat Legends: Battle of the Realms,2021,Animation|Action|Fantasy,7.602,502,8.0419,en
631843,Old,2021,Thriller|Mystery|Horror,6.321,4880,8.0078,en
512195,Red Notice,2021,Action|Comedy|Crime,6.733,6445,7.239,en
527774,Raya and the Last Dragon,2021,Animation|Action|Adventure|Fantasy|Family,7.802,7297,8.8519,en
776503,CODA,2021,Drama|Music|Romance,7.891,2587,8.1929,en
451048,Jungle Cruise,2021,Fantasy|Comedy|Adventure,7.292,6173,7.2754,en
630586,Wrong Turn,2021,Horror|Thriller,5.949,1320,8.2937,en
460458,Resident Evil: Welcome to Raccoon City,2021,Action|Horror|Science Fiction,5.936,2698,7.9807,en
581726,Infinite,2021,Science Fiction|Action|Adventure,6.563,2145,7.6503,en
385128,F9,2021,Action|Adventure|Crime,7.0,7713,7.2598,en
501929,The Mitchells vs. the Machines,2021,Animation|Adventure|Comedy,7.844,3360,7.2344,en
476669,The King's Man,2021,Action|Adventure|Thriller,6.713,5059,6.7119,en
745881,The Medium,2021,Horror|Mystery,6.994,744,6.3164,th
513310,Boss Level,2021,Action|Science Fiction|Thriller,6.872,1922,5.576,en
425909,Ghostbusters: Afterlife,2021,Fantasy|Comedy|Adventure,7.326,5155,7.4576,en
587807,Tom & Jerry,2021,Comedy|Family|Animation,6.7,2575,6.5256,en
893694,Eva,2021,Drama|Romance,5.36,25,6.6983,tl
578701,Those Who Wish Me Dead,2021,Thriller|Action,6.608,1850,6.216,en
796499,Army of Thieves,2021,Action|Crime|Comedy,6.801,2282,5.0077,en
801604,Shark: The Beginning,2021,Action|Drama,7.6,93,5.8919,ko
283566,Evangelion: 3.0+1.0 Thrice Upon a Time,2021,Animation|Action|Science Fiction|Drama,8.202,947,5.3317,ja
576784,Upon the Magic Roads,2021,Adventure|Fantasy,6.8,313,5.4364,ru
454527,Benedetta,2021,History|Drama|Romance,6.6,1156,5.3741,fr
617653,The Last Duel,2021,History|Drama|Action|Thriller,7.405,3853,4.7295,en
522402,Finch,2021,Science Fiction|Drama|Adventure,7.805,3976,5.4386,en
503736,Army of the Dead,2021,Crime|Action|Horror,6.203,4419,5.4507,en
602063,Rurouni Kenshin: The Final,2021,Action|Adventure|History|Drama,7.7,547,5.3489,ja
550205,Wish Dragon,2021,Animation|Family|Comedy|Fantasy|Romance|Adventure,7.83,1480,5.0366,en
685274,Mobile Suit Gundam Hathaway,2021,Animation|Action|Drama|Science Fiction,7.184,147,5.5653,ja
667257,Impossible Things,2021,Family|Drama,8.395,422,5.4427,es
619778,Malignant,2021,Horror|Mystery,6.748,2624,4.2821,en
792237,Cam Girls,2021,Romance,6.39,50,4.5471,en
672322,Rurouni Kenshin: The Beginning,2021,Action|Adventure|Drama|Romance,7.7,542,4.398,ja
602223,The Forever Purge,2021,Action|Horror|Thriller,6.867,2680,4.7685,en
597208,Nightmare Alley,2021,Crime|Drama|Thriller,7.0,3372,5.6123,en
522931,Hitman's Wife's Bodyguard,2021,Action|Comedy|Crime|Thriller,6.642,2592,5.5937,en
617502,Jolt,2021,Action|Thriller|Crime,6.5,1395,5.0167,en
511809,West Side Story,2021,Drama|Romance|Crime,6.915,1781,4.1074,en
690957,Pushpa: The Rise,2021,Action|Drama|Thriller,6.765,185,4.91,te
412656,Chaos Walking,2021,Fantasy|Science Fiction|Adventure,6.553,2587,4.8248,en
744746,Caveat,2021,Horror|Mystery,6.368,234,4.611,en
869922,Reckless Summer,2021,TV Movie|Drama,6.1,42,4.2652,fr
718032,Licorice Pizza,2021,Drama|Comedy|Romance,6.953,2654,4.6436,en
760873,The Colony,2021,Science Fiction|Thriller,5.728,349,4.37,de
581644,The Misfits,2021,Action|Thriller,5.442,515,5.3277,en
784130,The Night Belongs to Lovers,2021,Romance|Drama,5.7,20,4.8478,fr
568620,Snake Eyes: G.I. Joe Origins,2021,Action|Adventure,6.451,1721,4.5933,en
660120,The Worst Person in the World,2021,Drama|Romance|Comedy,7.4,1843,4.2396,no
723640,My Love,2021,Romance|Drama,7.4,31,3.9555,zh
645788,The Protégé,2021,Action|Thriller|Crime,6.557,1150,5.2379,en
576845,Last Night in Soho,2021,Horror|Mystery,7.272,3871,4.2846,en
662638,Detective Conan: The Scarlet Bullet,2021,Animation|Action|Crime|Mystery|Romance|Thriller,6.5,102,4.4887,ja
675445,PAW Patrol: The Movie,2021,Action|Adventure|Animation|Comedy|Family,7.33,1271,4.9868,en
795607,Green Snake,2021,Animation|Fantasy|Action|Adventure,8.1,369,4.498,zh
542178,The French Dispatch of the Liberty  Kansas Evening Sun,2021,Drama|Comedy,7.012,2975,5.2461,en
663558,New Gods: Nezha Reborn,2021,Animation|Fantasy|Action,8.063,512,4.3371,zh
630004,The Vault,2021,Drama|Action|Thriller,6.806,1076,4.8958,en
603661,The Hating Game,2021,Drama|Comedy|Romance,7.271,1203,4.1335,en
854663,Blood Type O  Watermelon Chest Housekeeper,2021,Drama|Romance,6.9,15,4.1113,ko
646207,The Ice Road,2021,Action|Thriller,6.758,1914,4.2714,en
589761,Chernobyl: Abyss,2021,Drama|History|Action,6.251,575,3.6884,ru
860623,Last Man Down,2021,Action|Thriller|Mystery,6.17,755,2.966,en
614917,King Richard,2021,Drama|History,7.598,2861,5.1265,en
599925,Shershaah,2021,Action|Drama|Thriller|War,7.291,122,4.7237,hi
567189,Tom Clancy's Without Remorse,2021,Action|Thriller|War,6.94,2724,4.8154,en
654974,Home Sweet Home Alone,2021,Family|Comedy,4.9,696,4.3806,en
379686,Space Jam: A New Legacy,2021,Family|Comedy|Adventure|Animation|Science Fiction,6.6,4225,4.7752,en
763164,Apex,2021,Action|Thriller|Science Fiction,5.15,608,3.8069,en
482373,Don't Breathe 2,2021,Thriller|Horror,6.995,2830,3.2281,en
585216,Escape Room: Tournament of Champions,2021,Horror|Thriller|Mystery,6.515,2281,3.2582,en
602734,Spiral: From the Book of Saw,2021,Horror|Mystery,5.9,2280,4.2735,en
567748,The Guilty,2021,Drama|Thriller,6.422,3127,4.313,en
449406,Vivo,2021,Animation|Family|Comedy|Music,7.253,764,4.4982,en
581734,Nomadland,2021,Drama,7.172,3361,3.6512,en
645886,The Unforgivable,2021,Drama|Crime,7.415,2049,4.7584,en
768744,My Hero Academia: World Heroes' Mission,2021,Animation|Action|Adventure|Science Fiction,7.59,625,3.6889,ja
559907,The Green Knight,2021,Adventure|Drama|Fantasy,6.605,2204,3.8616,en
601666,I Care a Lot,2021,Crime|Thriller|Drama|Comedy,6.574,2993,3.6418,en
792001,Amor Bandido,2021,Thriller|Romance|Drama,6.7,120,3.4365,es
513692,Raging Fire,2021,Action|Crime|Thriller|Adventure|Mystery,7.074,299,4.0965,cn
482321,Ron's Gone Wrong,2021,Animation|Science Fiction|Family|Comedy,7.9,2018,3.4545,en
611698,A Writer's Odyssey,2021,Fantasy|Action|Adventure|Drama,7.059,364,3.733,zh
601337,83,2021,Drama|History,7.192,65,4.1282,hi
881298,Fight Against Evil,2021,Crime|Drama|Action,6.591,22,3.2517,zh
776305,Belle,2021,Animation|Science Fiction|Fantasy,7.617,883,4.2372,ja
593910,Cinderella,2021,Fantasy|Romance|Comedy,6.328,1473,4.5767,en
591273,Fear Street: 1994,2021,Horror|Mystery|Drama,6.691,2650,4.015,en
664236,Extinct,2021,Animation|Comedy|Family|Adventure,6.226,186,4.3104,en
634528,The Marksman,2021,Action|Drama|Thriller,6.8,1740,3.4574,en
591274,Fear Street: 1978,2021,Horror|Mystery|Drama,7.179,2232,3.762,en
598331,Rumble,2021,Animation|Family,6.778,549,4.4792,en
610253,Halloween Kills,2021,Horror,6.408,2908,3.8363,en
628704,Midnight,2021,Thriller|Crime,7.157,313,3.7503,ko
637693,Spirit Untamed,2021,Adventure|Animation|Family|Western,7.244,567,3.3878,en
843241,The Seven Deadly Sins: Cursed by Light,2021,Animation|Fantasy,7.7,513,3.0975,ja
845222,Kingdom: Ashin of the North,2021,Drama|Fantasy|Thriller,7.076,627,3.6109,ko
484718,Coming 2 America,2021,Comedy,6.339,2388,3.9897,en
763788,Dangerous,2021,Action|Thriller,5.978,514,3.3718,en
638597,YES DAY,2021,Family|Comedy,6.681,1295,3.7035,en
691179,Friends: The Reunion,2021,Documentary,7.839,1329,2.8095,en
516329,Antlers,2021,Drama|Horror|Mystery,6.222,1234,4.3673,en
592508,Sooryavanshi,2021,Action|Crime|Thriller,5.8,177,3.9311,hi
597890,Voyagers,2021,Science Fiction|Thriller,5.974,975,3.6804,en
630240,Titane,2021,Drama|Thriller|Horror,6.335,1678,2.9832,fr
795514,The Fallout,2021,Drama,7.5,1305,3.5889,en
669671,Night Teeth,2021,Horror|Thriller|Action,6.438,866,4.1668,en
644583,The Mauritanian,2021,Drama|Thriller,7.396,1292,2.8797,en
623135,Sinkhole,2021,Comedy|Drama,6.9,165,3.031,ko
770254,Back to the Outback,2021,Family|Animation|Adventure|Comedy,7.612,787,3.4564,en
544401,Cherry,2021,Drama|Crime,7.3,1377,3.2049,en
738652,Copshop,2021,Thriller|Crime|Action,6.299,914,3.7249,en
630392,The Cursed,2021,Horror|Drama|Thriller,6.571,424,3.1873,en
615643,Minari,2021,Drama,7.331,1854,2.967,en
759297,The Housemaid,2021,Thriller,5.4,53,4.2278,tl
574060,Gunpowder Milkshake,2021,Action|Crime|Thriller,6.276,1153,3.2507,en
775996,Outside the Wire,2021,Thriller|Action|Science Fiction,6.356,1935,3.2842,en
597891,Kate,2021,Action|Thriller,6.618,1710,2.8534,en
643586,Willy's Wonderland,2021,Horror|Thriller|Action,5.98,1141,3.3041,en
522478,Peter Rabbit 2: The Runaway,2021,Comedy|Family|Adventure,7.056,890,3.9877,en
740903,The Unhealer,2021,Fantasy|Thriller|Horror,5.922,103,3.0955,en
635731,Pig,2021,Drama|Thriller|Mystery,6.6,1726,3.7932,en
526811,Simple Passion,2021,Romance|Drama,5.798,121,3.2766,fr
585245,Clifford the Big Red Dog,2021,Family|Adventure|Comedy|Fantasy,7.158,1826,3.4221,en
672741,Till Death,2021,Horror|Thriller,6.682,961,3.2521,en
774741,Diary of a Wimpy Kid,2021,Animation|Comedy|Family,6.238,404,3.1187,en
579047,Reminiscence,2021,Mystery|Science Fiction|Thriller,6.519,1952,2.7576,en
347626,He's All That,2021,Comedy|Romance,6.466,1476,3.079,en
823610,Seal Team,2021,Animation|Family,6.898,236,2.6915,en
830938,Love Will Tear Us Apart,2021,Drama|Romance,6.6,25,2.9269,zh
602666,Detective Chinatown 3,2021,Action|Comedy|Mystery,5.63,115,2.7867,zh
639721,The Addams Family 2,2021,Animation|Family|Comedy|Fantasy|Adventure,6.925,1409,2.8999,en
525660,Dynasty Warriors,2021,Action|Adventure|Fantasy,5.9,141,3.63,zh
730840,Trollhunters: Rise of the Titans,2021,Animation|Fantasy|Family|Action|Adventure,7.546,358,3.2974,en
602269,The Little Things,2021,Drama|Crime|Thriller,6.352,2833,3.5948,en
619297,Sweet Girl,2021,Action|Thriller|Drama,6.595,1288,2.9067,en
769749,Finding You,2021,Romance|Drama,6.9,227,2.5405,en
695932,We Made a Beautiful Bouquet,2021,Romance|Drama,7.778,115,2.7938,ja
874157,Five More Minutes,2021,TV Movie|Comedy|Romance|Drama,7.3,20,2.9537,en
629017,Run Hide Fight,2021,Action|Crime|Thriller,6.582,359,2.714,en
600583,The Power of the Dog,2021,Drama|Western,6.741,2955,2.9927,en
793998,Happening,2021,Drama,7.197,512,3.6497,fr
777270,Belfast,2021,Drama|History,7.038,1678,2.5788,en
727745,The Kissing Booth 3,2021,Romance|Comedy,6.859,2025,2.67,en
520663,The Woman in the Window,2021,Crime|Mystery|Thriller,5.974,2141,2.3483,en
591275,Fear Street: 1666,2021,Mystery|Horror,7.085,1999,2.839,en
788929,Lamb,2021,Drama|Fantasy|Horror,6.422,1039,3.5508,is
644495,House of Gucci,2021,Drama|Crime|History,6.563,3443,3.1079,en
595743,SAS: Red Notice,2021,Drama|Action|Thriller,5.778,589,2.6441,en
760883,Blood Red Sky,2021,Horror|Thriller|Action,6.793,1711,2.6838,de
639557,Cliff Walkers,2021,Drama|Action|Mystery,6.7,117,2.2636,zh
758866,Drive My Car,2021,Drama,7.44,1498,2.3297,ja
618851,Pretty Guardian Sailor Moon Eternal the Movie Part 1,2021,Animation|Action|Fantasy,7.89,195,2.5033,ja
654754,Billie Eilish: The World's a Little Blurry,2021,Documentary|Music,8.218,335,2.6098,en
586047,Seobok,2021,Science Fiction|Action|Thriller|Mystery,7.2,254,2.3018,ko
547565,The Night House,2021,Horror|Mystery,6.559,1320,2.5093,en
911126,Palitan,2021,Drama|Romance,5.1,12,2.9854,tl
785752,Intrusion,2021,Drama|Mystery|Thriller,6.0,759,3.3516,en
522406,Flashback,2021,Thriller|Mystery,6.0,329,2.1384,en
524369,The Many Saints of Newark,2021,Crime|Drama,6.306,754,2.6093,en
714869,Serial (Bad) Weddings 3,2021,Romance|Comedy,6.3,423,2.1796,fr
797838,Firebird,2021,Drama|Romance|War,7.333,231,3.0856,en
659384,Row 19,2021,Horror|Thriller,5.391,142,2.4351,ru
729679,Toma,2021,Drama|Music|History,6.9,24,2.651,sr
761898,Sword Art Online the Movie - Progressive - Aria of a Starless Night,2021,Animation|Action|Fantasy|Science Fiction,7.9,332,2.8091,ja
860306,Taya,2021,Thriller|Crime|Drama,4.7,16,2.4919,tl
618162,The Harder They Fall,2021,Western,6.629,1210,2.3347,en
811634,The Monkey King: Reborn,2021,Animation|Action|Fantasy|Family,7.2,341,2.3049,zh
805195,The Girl Who Believes in Miracles,2021,Family|Drama,7.44,116,2.4088,en
597316,My Little Pony: A New Generation,2021,Animation|Family|Fantasy|Comedy|Adventure,7.7,337,3.2501,en
843269,Eureka: Eureka Seven Hi-Evolution,2021,Animation|Drama|Adventure|Science Fiction|Romance|Action,6.6,15,2.4008,ja
662237,Sweet & Sour,2021,Drama|Romance|Comedy,7.7,248,2.4065,ko
718633,Bruised,2021,Drama,6.8,476,2.948,en
604360,The 8th Night,2021,Mystery|Thriller|Horror,6.141,156,2.676,ko
773736,TINA,2021,Documentary|Music,7.7,81,1.9255,en
798544,Summer Ghost,2021,Animation|Drama|Mystery|Fantasy,7.264,159,2.2378,ja
740925,No One Gets Out Alive,2021,Horror|Mystery|Thriller,5.861,733,2.4704,en
726684,Miraculous World: Shanghai - The Legend of Ladydragon,2021,Animation|Family|Action|Adventure|Fantasy,7.913,690,2.5519,fr
784500,Pretty Guardian Sailor Moon Eternal the Movie Part 2,2021,Animation|Action|Fantasy|Drama,8.168,173,2.3741,ja
849937,Deadly Dorm,2021,TV Movie|Thriller,4.2,10,2.7994,en
875104,Ip Man: The Awakening,2021,Action|Adventure|History|Drama,6.808,180,2.4159,zh
873492,Mahjong Nights,2021,Drama,5.3,13,2.6384,tl
776660,Cryptozoo,2021,Animation|Fantasy|Drama,5.819,58,2.2278,en
869250,Being James Bond,2021,Documentary,7.771,94,2.5183,en
616651,Stillwater,2021,Drama|Crime|Thriller,6.633,1415,2.8817,en
614409,To All the Boys: Always and Forever,2021,Romance|Comedy|Drama,7.503,2066,2.6944,en
603768,Super Me,2021,Adventure|Drama|Fantasy,7.391,124,2.2553,zh
632357,The Unholy,2021,Horror|Mystery,6.554,2252,2.8197,en
846786,Luzifer,2021,Drama|Horror,5.828,32,1.1203,de
581389,Space Sweepers,2021,Drama|Fantasy|Science Fiction,7.049,1144,2.4573,ko
763152,More the Merrier,2021,Comedy|Romance,6.6,443,2.3863,es
565028,Candyman,2021,Horror|Thriller,6.009,1758,2.2538,en
559581,Stowaway,2021,Science Fiction|Drama|Thriller,6.004,673,3.2283,en
829920,Fate/Grand Order Final Singularity – Grand Temple of Time: Solomon,2021,Animation|Action|Adventure|Fantasy,6.93,43,2.5346,ja
623511,The Burning Sea,2021,Action|Thriller|Drama,6.557,299,4.5777,no
607259,Fatherhood,2021,Drama|Comedy,7.493,1526,2.3675,en
695969,Haseen Dillruba,2021,Romance|Mystery|Thriller,6.773,119,2.2972,hi
653349,Vacation Friends,2021,Comedy,7.029,889,2.7034,en
567797,The Dry,2021,Crime|Thriller|Mystery,6.784,837,3.2661,en
765245,Swan Song,2021,Drama|Science Fiction,7.116,593,2.1843,en
820530,DAKAICHI - I'm being harassed by the sexiest man of the year - the Movie: Spain Arc,2021,Animation|Drama|Comedy|Romance,7.1,24,2.4247,ja
763329,Red Rocket,2021,Drama|Comedy,6.8,628,2.4069,en
850356,Gabriel's Rapture: Part I,2021,Romance,7.809,199,2.0324,en
693827,Lansky,2021,Crime|Drama|Thriller,5.946,168,3.4401,en
638449,The Last Letter from Your Lover,2021,Drama|Romance,7.332,668,2.9701,en
682532,John and the Hole,2021,Drama|Thriller|Horror,5.349,175,2.5108,en
831405,Injustice,2021,Animation|Science Fiction|Fantasy|Action,7.3,847,2.2145,en
583406,Judas and the Black Messiah,2021,Drama|History,7.3,1704,2.7862,en
529106,Major Grom: Plague Doctor,2021,Action|Adventure,6.644,650,2.1453,ru
663260,Black Box,2021,Mystery|Thriller|Drama,7.324,1433,2.0099,fr
843906,Straight Outta Nowhere: Scooby-Doo! Meets Courage the Cowardly Dog,2021,Animation|Mystery,7.7,403,2.9134,en
628534,The White Tiger,2021,Drama,6.99,995,1.9177,en
753453,V/H/S/94,2021,Horror|Thriller,6.126,547,1.9591,en
586791,Little Fish,2021,Romance|Science Fiction|Drama,7.1,268,1.9757,en
672647,The Map of Tiny Perfect Things,2021,Fantasy|Romance,7.1,877,2.3565,en
750253,My Son,2021,Thriller|Crime|Drama,6.161,515,2.7273,en
410113,The Loud House Movie,2021,Animation|Family|Comedy|Adventure|Fantasy,7.273,207,2.2812,en
644092,Finding ʻOhana,2021,Adventure|Action|Comedy|Family,6.24,450,2.9058,en
785663,Old Henry,2021,Western|Action|Drama,7.257,699,2.026,en
579741,Words Bubble Up Like Soda Pop,2021,Animation|Romance|Drama,7.3,336,2.2318,ja
716612,Spencer,2021,Drama,6.725,1816,3.3805,en
722913,Malcolm & Marie,2021,Drama|Romance,7.009,1456,2.0871,en
804435,Vanquish,2021,Action|Adventure|Thriller,5.2,300,3.2537,en
591538,The Tragedy of Macbeth,2021,Drama,6.931,873,2.2584,en
666243,The Witcher: Nightmare of the Wolf,2021,Animation|Action|Fantasy,7.428,1098,2.709,en
681887,Cosmic Sin,2021,Science Fiction|Action|Adventure,3.997,583,1.8285,en
583833,A Dog Named Palma,2021,Family|Romance,8.1,184,2.5241,ru
797394,Secret Magic Control Agency,2021,Animation|Comedy|Fantasy,7.005,394,2.295,ru
787723,13 Minutes,2021,Action|Drama|Thriller,5.807,256,2.2654,en
557950,Mainstream,2021,Comedy|Drama,6.3,372,2.0965,en
760747,The Trip,2021,Comedy|Horror,6.7,647,2.1533,no
598896,Land,2021,Drama,6.712,328,2.5403,en
660000,Lost Illusions,2021,Drama|Romance|History,7.385,563,1.9452,fr
726429,Xtreme,2021,Action|Adventure|Crime,6.316,269,3.0673,es
779029,The Battle at Lake Changjin,2021,Drama|War,6.3,147,2.1059,zh
846867,Mad God,2021,Animation|Fantasy|Horror|Science Fiction,6.831,565,2.0305,en
736146,A Family,2021,Crime|Drama,7.299,77,2.0602,ja
795564,Crayon Shin-chan: Shrouded in Mystery! The Flowers of Tenkazu Academy,2021,Animation,7.672,32,2.3657,ja
615658,Awake,2021,Drama|Science Fiction|Thriller,5.854,1161,2.4348,en
539565,Zola,2021,Comedy|Crime|Drama,6.169,282,2.0898,en
678458,Pompo the Cinephile,2021,Animation|Comedy|Drama,7.2,89,1.8795,ja
817451,Endangered Species,2021,Thriller|Action|Adventure,5.708,195,2.2302,en
892120,Art of Love,2021,Drama|Romance,3.6,13,2.2765,es
680447,Windstorm: The Great Hurricane,2021,Family|Adventure|Drama,6.793,41,2.2076,de
767499,The Manor,2021,Horror|Mystery,5.525,303,4.5585,en
811592,One Shot,2021,Action|Thriller|Crime|War,6.7,913,2.433,en
666750,Dragonheart: Vengeance,2021,Fantasy|Action|Adventure,6.769,132,2.5219,en
675327,Shadow in the Cloud,2021,Horror|Action|War,5.828,1063,2.2112,en
643532,The Card Counter,2021,Drama|Thriller|Crime,6.121,1088,1.7805,en
763148,Time Is Up,2021,Romance|Drama,6.447,721,2.2676,en
621876,Flora & Ulysses,2021,Family|Adventure|Comedy|Fantasy,6.479,267,2.713,en
808023,The Virtuoso,2021,Thriller|Crime|Action,5.884,434,2.3848,en
741228,Locked Down,2021,Comedy|Crime|Romance,5.215,310,1.9001,en
567690,Dear Evan Hansen,2021,Drama,6.261,372,1.9263,en
609972,Paranormal Activity: Next of Kin,2021,Horror|Mystery,6.118,763,2.427,en
626392,Master,2021,Action|Thriller|Crime,6.566,121,2.0375,ta
736074,Batman: The Long Halloween  Part Two,2021,Animation|Mystery|Action|Crime,7.405,580,1.9342,en
810223,An Autumn Romance,2021,Romance|Drama|Family,7.112,165,1.955,en
807158,Irul,2021,Thriller|Mystery,5.647,34,1.6363,ml
579051,Silk Road,2021,Crime|Thriller,6.3,230,4.1977,en
807196,Boiling Point,2021,Drama|Thriller,7.231,759,2.5116,en
506281,The World to Come,2021,Romance|Drama|Western,7.0,398,1.8804,en
532865,The Dig,2021,Drama|History,6.844,1350,2.1945,en
866678,Furioza,2021,Action|Crime|Drama,6.351,215,2.118,pl
693113,Midnight in the Switchgrass,2021,Crime|Mystery|Thriller|Action,5.813,483,2.1387,en
631060,Things Heard & Seen,2021,Horror,5.706,1075,1.7599,en
633802,Dark Spell,2021,Horror,6.6,189,1.6747,ru
839803,I Am What I Am,2021,Animation|Comedy|Action|Drama,7.301,78,2.0994,zh
748853,In the Earth,2021,Horror|Science Fiction|Thriller,5.6,387,1.539,en
583689,Moxie,2021,Comedy|Drama|Music,7.201,860,2.2075,en
628914,Queenpins,2021,Comedy|Crime,6.505,500,2.1557,en
599281,Fear of Rain,2021,Thriller|Horror|Drama,6.904,566,2.4704,en
766798,Parallel Mothers,2021,Drama,6.8,1038,1.9213,es
792678,Cube,2021,Thriller|Mystery|Science Fiction,5.394,142,1.9605,ja
629028,Mission: Possible,2021,Comedy|Action|Thriller,7.455,198,2.1655,ko
749274,Cry Macho,2021,Drama|Western,5.9,1122,1.6943,en
832359,AEW Full Gear 2021,2021,Action|Drama,7.5,11,2.3222,en
592863,Respect,2021,Drama|Music|History,6.788,464,1.6679,en
869984,My Bride,2021,Romance|Comedy,5.3,11,1.6107,ar
881460,Planet Dune,2021,Science Fiction|Horror|Adventure,5.1,70,2.8489,en
823754,Bo Burnham: Inside,2021,Comedy|Drama,8.0,605,1.7263,en
796849,Ride or Die,2021,Drama|Romance|Thriller,6.676,182,1.9572,ja
741335,Sing a Bit of Harmony,2021,Animation|Drama|Science Fiction,7.5,69,1.7674,ja
554230,The Lost Daughter,2021,Drama,6.457,1116,1.996,en
698201,Tokyo Revengers,2021,Action|Drama|Crime,7.826,236,1.9733,ja
602302,Recalled,2021,Mystery|Thriller,6.951,102,1.8212,ko
724885,The Cursed: Dead Man's Prey,2021,Thriller|Mystery|Horror,7.413,149,1.8755,ko
587996,Below Zero,2021,Action|Crime|Thriller,6.352,972,1.681,es
739990,Nightbooks,2021,Fantasy|Horror|Family,6.082,421,1.5351,en
680531,The Mad Women's Ball,2021,Thriller|Drama|History,7.057,352,1.8235,fr
523638,Prisoners of the Ghostland,2021,Action|Fantasy|Horror|Thriller|Western,5.0,667,2.08,en
649409,No Sudden Move,2021,Crime|Thriller,6.372,800,1.6772,en
766931,Born a Champion,2021,Action|Drama,6.976,143,1.6327,en
654739,Hard Hit,2021,Action|Crime|Drama|Thriller,7.496,223,1.7464,ko
628964,Child of Kamiari Month,2021,Animation|Drama|Fantasy|Family,6.486,74,1.4384,ja
683127,Earwig and the Witch,2021,Animation|Fantasy|Family|Comedy,5.906,297,1.8681,ja
656940,Body Brokers,2021,Thriller|Crime,6.2,122,2.7993,en
537116,tick  tick... BOOM!,2021,Drama|Music,7.6,2301,1.5366,en
637534,The Stronghold,2021,Thriller|Action|Crime,7.368,1420,1.9696,fr
800497,Werewolves Within,2021,Horror|Comedy,6.033,633,1.7492,en
730823,Miracle: Letters to the President,2021,Drama,7.4,72,1.6828,ko
736545,Nothing Serious,2021,Romance|Comedy,6.756,43,2.1979,ko
617762,The Electrical Life of Louis Wain,2021,Drama|History|Comedy,6.892,532,2.0694,en
842033,Ghost Mansion,2021,Horror|Thriller,7.235,245,1.8342,ko
424277,Annette,2021,Drama|Romance,6.664,746,1.5896,fr
758902,The Yin Yang Master,2021,Action|Adventure|Drama|Fantasy|Romance,6.6,93,1.7696,zh
660958,Night of the Kings,2021,Drama,6.6,88,1.7638,fr
650031,The Shadow in My Eye,2021,War|Drama|History,7.814,548,1.9491,da
864873,Hypnotic,2021,Thriller|Drama|Horror,6.0,694,2.6925,en
615666,A Boy Called Christmas,2021,Family|Adventure|Fantasy,7.282,815,1.8938,en
796234,Unlock Your Heart,2021,Drama|Romance,6.882,17,1.6611,ja
752886,Tomb of the River,2021,Action|Crime|Drama,6.1,22,2.2034,ko
780382,The Wolf and the Lion,2021,Family|Adventure|Drama,7.468,503,1.8197,en
736069,Justice Society: World War II,2021,Animation|War|Science Fiction,7.384,605,1.9018,en
862855,Cloudy Mountain,2021,Action|Adventure|Drama,7.13,261,1.9389,zh
798141,Doors,2021,Science Fiction,4.833,192,2.3346,en
471498,Oxygen,2021,Science Fiction|Thriller|Horror,6.6,1547,2.3277,fr
857702,LEGO Star Wars Terrifying Tales,2021,Animation|Family|Science Fiction|Comedy,6.814,282,1.5639,en
615678,Thunder Force,2021,Comedy|Action|Science Fiction,5.5,1330,1.7858,en
877183,The Simpsons in Plusaversary,2021,Animation|Comedy|Fantasy,6.49,432,2.1114,en
736073,Batman: The Long Halloween  Part One,2021,Animation|Mystery|Action|Crime,7.455,707,1.9514,en
613911,Bliss,2021,Science Fiction|Romance|Drama,5.507,672,1.7883,en
876716,Ciao Alberto,2021,Animation|Comedy|Family|Fantasy,7.376,703,2.7931,en
672582,The Deep House,2021,Horror|Mystery,5.987,1103,1.6959,en
664574,Silent Night,2021,Comedy|Science Fiction|Horror,5.935,605,1.7892,en
779221,Gatao: The Last Stray,2021,Crime|Action,5.286,14,1.72,zh
746131,Paris  13th District,2021,Drama|Romance,6.871,392,1.7319,fr
745611,Delicious,2021,History|Comedy|Drama,6.905,299,1.82,fr
739542,America: The Motion Picture,2021,Animation|Action|Comedy,5.779,265,1.3638,en
656159,Endless Rain,2021,Romance|Drama,5.9,21,2.522,ko
671043,Spoiled Brats,2021,Comedy,6.0,605,1.9387,fr
671295,Blue Miracle,2021,Adventure|Drama|Family,7.346,302,2.4397,en
726894,Baragaki: Unbroken Samurai,2021,History|Drama|Action,6.7,17,1.923,ja
633515,The Forgotten Battle,2021,Action|War|Adventure|History|Drama,7.085,773,2.18,nl
603206,Dream Horse,2021,Comedy|Drama,7.0,136,1.5433,en
726550,Aria the Crepuscolo,2021,Animation|Comedy|Science Fiction|Fantasy,7.8,10,1.4381,ja
801293,Detective Conan: The Scarlet Alibi,2021,Animation|Drama|Action|Mystery,6.3,20,1.8329,ja
712454,The Summit of the Gods,2021,Animation|Adventure|Mystery,7.8,419,1.7812,fr
683311,Castle Falls,2021,Action|Crime|Thriller|Drama|TV Movie,6.218,147,2.3199,en
732203,Gintama: The Very Final,2021,Animation|Action|Science Fiction,8.2,76,1.5025,ja
795230,Trust,2021,Thriller|Romance|Drama,6.4,232,1.6235,en
871964,Nobody Sleeps in the Woods Tonight 2,2021,Horror|Thriller|Comedy,4.584,344,1.669,pl
803923,Every Breath You Take,2021,Thriller|Mystery,5.808,284,1.5011,en
624789,Naked Singularity,2021,Crime|Drama,4.618,85,1.8422,en
625169,12 Mighty Orphans,2021,History|Drama|Action,7.171,251,1.581,en
826691,Last of the Wolves,2021,Crime|Thriller|Action,7.111,27,1.4061,ja
607844,Escape from Mogadishu,2021,War|Action|Thriller|Drama|History,7.1,204,1.9308,ko
673309,American Underdog,2021,Drama|Family,7.1,424,1.6573,en
795859,kid 90,2021,Documentary,6.982,57,1.6199,en
823609,Monster Family 2,2021,Animation|Family|Comedy,6.6,98,1.5631,en
846214,The Good  the Bart  and the Loki,2021,Animation|Comedy|Family,7.2,692,1.675,en
768147,Asakusa Kid,2021,Drama,7.1,72,1.6315,ja
834027,Val,2021,Documentary,7.2,222,1.4987,en
802443,Deadly Illusions,2021,Thriller|Drama,5.0,350,2.5042,en
598014,The Last Warrior: Emissary of Darkness,2021,Fantasy|Adventure|Comedy,6.97,66,1.6178,ru
653858,Student Council Staff Members Movie 2,2021,Animation|Comedy,6.1,18,1.5536,ja
746808,The Great Yokai War: Guardians,2021,Fantasy|Family|Adventure|Horror,6.156,16,2.15,ja
553087,Oslo,2021,TV Movie|Drama|History,6.536,111,1.5013,en
757587,1921,2021,History|Drama|War,6.067,15,1.5312,zh
758891,Hi  Mom,2021,Drama|Comedy|Fantasy,7.015,171,1.387,zh
588921,Ainbo: Spirit of the Amazon,2021,Adventure|Animation|Family|Fantasy,7.023,470,2.078,en
870096,Restart the Earth,2021,Science Fiction|Horror|Action,6.7,147,1.7398,zh
659370,Margrete: Queen of the North,2021,History|Drama,6.516,91,1.849,da
843243,Fate/kaleid liner Prisma☆Illya: Licht Nameless Girl,2021,Action|Animation|Fantasy|Drama,6.0,11,1.6691,ja
821661,A Year-End Medley,2021,Comedy|Romance,7.204,159,1.4639,ko
717192,Ferry,2021,Crime|Drama|Action,6.826,287,1.5374,nl
706872,Drishyam 2,2021,Thriller|Crime|Drama,7.6,135,1.738,ml
734265,Love Hard,2021,Comedy|Romance,6.921,1611,1.8023,en
845264,Ground Zero,2021,Action,6.8,13,1.69,ko
855823,Schumacher,2021,Documentary,7.276,460,2.5738,de
633844,The Deer King,2021,Animation|Drama|Adventure|Fantasy,6.7,100,1.5052,ja
645440,Revue Starlight: The Movie,2021,Animation|Drama|Fantasy|Action|Music,8.3,35,1.2913,ja
580532,Crisis,2021,Thriller|Crime|Drama,6.241,390,1.9014,en
793937,The School of the Magical Animals,2021,Family|Adventure|Fantasy,6.3,101,1.8237,de
826749,Fortress,2021,Action|Thriller|Crime,5.657,369,1.7562,en
657644,Minnal Murali,2021,Action|Comedy|Fantasy,7.162,336,2.0781,ml
784393,High Flying Romance,2021,Romance|Drama,7.2,23,1.1827,en
468225,The Starling,2021,Drama,6.914,318,1.5723,en
664300,Shiva Baby,2021,Comedy|Drama,7.118,783,1.42,en
791469,Dark Web: Cicada 3301,2021,Thriller|Action|Comedy,5.89,141,1.4226,en
578908,Bad Trip,2021,Comedy,6.122,587,1.3456,en
920081,Megaboa,2021,Action|Horror|Science Fiction|TV Movie,6.3,472,1.6295,en
760195,Separation,2021,Horror|Mystery,5.666,325,1.4441,en
876024,The Cleaner,2021,Crime|Drama|Mystery,5.5,31,1.3102,en
826708,Kamen Rider Saber + Kikai Sentai Zenkaiger: Super Hero Chronicles,2021,Action|Science Fiction|Adventure,6.0,12,1.5994,ja
593395,Diabolik,2021,Crime|Mystery,6.079,623,1.5092,it
760336,Munich - The Edge of War,2021,Drama|History,6.936,660,1.4077,en
765869,Black Friday,2021,Horror|Comedy|Science Fiction,4.977,283,2.6378,en
586101,Music,2021,Music|Drama,5.244,160,2.4282,en
670429,Witch Hunt,2021,Horror|Fantasy,6.646,285,1.4744,en
768334,A Classic Horror Story,2021,Horror|Mystery,5.85,1047,1.7103,it
653457,Mimi,2021,Comedy|Drama,6.934,98,1.8602,hi
586384,Anybody Seen My Girl?,2021,Romance|Drama,6.2,20,1.4479,ru
632617,C'mon C'mon,2021,Drama,7.2,767,1.3237,en
732450,Batman: Soul of the Dragon,2021,Animation|Action|Adventure|Crime,6.729,373,1.6342,en
763025,Never Back Down: Revolt,2021,Action,6.3,136,1.5713,en
467909,In the Heights,2021,Drama|Romance,7.1,790,1.6834,en
514995,Gully,2021,Drama|Crime,5.0,69,1.5311,en
523936,Meander,2021,Horror|Science Fiction|Drama|Thriller,5.894,471,1.4624,fr
739413,Mother/Android,2021,Science Fiction|Thriller,5.769,837,2.2151,en
644714,On the Line,2021,Action|Crime|Drama,7.7,46,1.5027,ko
672521,Mayday,2021,Mystery|Fantasy|Drama,5.0,64,2.1566,en
763149,Aftermath,2021,Horror|Crime|Drama|Thriller,6.171,665,1.5526,en
827007,Indiana Jones: The Search for the Lost Golden Age,2021,Documentary|TV Movie,7.855,31,1.662,fr
659940,The Marco Effect,2021,Thriller|Crime,5.785,128,1.5651,da
637462,Fate/Grand Order the Movie: Divine Realm of the Round Table: Camelot 2 Paladin; Agateram,2021,Animation|Action|Adventure|History|Drama|Fantasy,6.225,40,1.9286,ja
573164,An Egg Rescue,2021,Animation|Comedy|Adventure|Family,7.873,420,1.7019,es
682254,Scooby-Doo! The Sword and the Scoob,2021,Animation|Comedy|Family|Mystery|Adventure|Fantasy,7.6,197,1.3952,en
601470,The Eyes of Tammy Faye,2021,Drama|History,6.443,681,1.5732,en
795811,Wheel of Fortune and Fantasy,2021,Drama|Romance,7.203,358,1.7473,ja
597433,Beckett,2021,Crime|Action|Thriller|Mystery,6.174,734,1.464,it
676819,Moneyboys,2021,Drama,6.3,39,1.1809,zh
730769,Some Like It Rare,2021,Comedy|Horror,6.44,530,1.4261,fr
679844,Radhe,2021,Action|Adventure|Crime|Thriller,3.799,67,1.8444,hi
541524,Passing,2021,Drama,6.278,342,1.1704,en
577242,Kaamelott: The First Chapter,2021,Adventure|Fantasy|Comedy,6.613,749,1.7336,fr
680058,The Rescue,2021,Documentary|Drama,7.955,267,1.9053,en
797787,Man in Love,2021,Romance|Drama,7.175,80,1.6129,zh
890825,14 Peaks: Nothing Is Impossible,2021,Documentary,7.362,377,1.3843,en
778508,Swingers,2021,Comedy|Romance,5.6,13,1.5057,ru
530351,Bad Hair,2021,Horror|Comedy,5.7,93,2.461,en
767304,Redemption Day,2021,Action|Romance|War,5.888,273,1.6473,en
672437,Brain Freeze,2021,Horror|Comedy,6.137,51,1.6022,fr
817485,My Lovely Angel,2021,Drama,7.889,27,1.3566,ko
645689,The Duke,2021,Comedy|Drama|History,6.952,364,1.2677,en
786190,Pagglait,2021,Drama|Comedy,6.592,49,1.5238,hi
599960,French Exit,2021,Comedy|Drama,5.649,171,2.0256,en
517088,Being the Ricardos,2021,Drama|History,6.5,696,1.3231,en
660942,The Innocents,2021,Horror|Drama|Fantasy,6.9,716,1.9744,no
631058,Boogie,2021,Drama,5.693,83,2.6351,en
785539,Resort to Love,2021,Romance|Comedy,7.129,433,1.4906,en
595813,Barb & Star Go to Vista Del Mar,2021,Comedy,5.989,270,1.8192,en
692992,No Future,2021,Drama,5.8,11,2.2235,en
477044,Bergman Island,2021,Drama|Romance,6.3,241,2.0505,en
641668,Seance,2021,Horror,5.6,182,1.5076,en
774714,Out of Death,2021,Action|Thriller|Crime,5.362,275,1.4428,en
504148,The Serpent,2021,Action,6.3,53,2.5446,en
808579,Anne+: The Film,2021,Drama|Romance,6.2,68,1.588,nl
726916,JJ+E,2021,Romance|Drama,5.815,168,1.3032,sv
851274,Nerisa,2021,Drama,5.5,14,1.6629,tl
647581,Heart of Champions,2021,Drama,6.589,84,1.3338,en
716330,Biriyaani,2021,Drama,6.4,11,1.3773,ml
896221,Trolls Holiday in Harmony,2021,Animation|Fantasy|Family|Comedy,7.2,193,1.6773,en
778552,The Penitent Thief,2021,Drama|Fantasy,5.661,28,1.5434,en
877188,Marvel Studios' 2021 Disney+ Day Special,2021,Documentary,6.906,32,1.102,en
741434,Homunculus,2021,Drama|Thriller,6.0,119,1.7309,ja
489932,Monster,2021,Crime|Drama,6.5,110,1.2413,en
826353,Mascarpone,2021,Drama|Comedy,6.059,85,1.2676,it
734519,The Fable: The Killer Who Doesn't Kill,2021,Action|Comedy|Crime,7.005,96,1.3936,ja
727293,The Tender Bar,2021,Drama,6.574,611,1.4642,en
729720,The Last Mercenary,2021,Action|Comedy,6.355,664,1.5138,fr
501841,A Journal for Jordan,2021,Drama|Romance,7.0,125,1.3193,en
773569,The Soul,2021,Mystery|Science Fiction|Thriller,6.9,101,1.1761,zh
735726,Everything Went Fine,2021,Comedy|Drama,6.61,163,1.2409,fr
824202,Masquerade Night,2021,Crime|Mystery,6.136,22,1.0941,ja
783740,Till We Meet Again,2021,Fantasy|Romance|Adventure,6.663,40,1.4273,zh
591222,Limbo,2021,Thriller|Crime|Drama|Action,7.238,181,1.2971,cn
796428,Madres,2021,Horror|Mystery,5.639,101,2.2909,en
809314,Trigger Point,2021,Action|Thriller|Mystery,6.17,206,1.6284,en
556867,Breaking News in Yuba County,2021,Comedy|Drama|Crime,5.894,227,1.3866,en
852401,Sex Girl 12,2021,Drama|Romance,6.5,27,1.3128,ko
755437,You Keep the Kids,2021,Comedy|Family,7.1,206,1.4546,es
811367,22 vs. Earth,2021,Family|Comedy|Fantasy|Animation,7.0,486,1.3423,en
785537,Last Summer,2021,Romance|Drama,5.9,69,1.4013,tr
813258,Monster Pets: A Hotel Transylvania Short,2021,Animation|Comedy|Fantasy,7.382,408,1.4747,en
805411,Descendants: The Royal Wedding,2021,Animation|Family|Comedy|Drama,6.682,165,1.3279,en
618416,Penguin Bloom,2021,Drama,6.891,339,1.4461,en
536208,Hard Luck Love Song,2021,Romance|Music|Drama|Thriller,4.0,14,1.2262,en
826007,Hell's Garden,2021,Comedy|Action,6.9,22,1.0723,ja
730047,Cyrano,2021,Drama|Romance,6.336,327,1.4761,en
818192,Ida Red,2021,Crime|Thriller|Drama|Action,5.7,92,1.3349,en
798152,Lust Life Love,2021,Drama|Romance,3.1,12,1.2054,en
826796,Help,2021,Drama,7.044,137,1.164,en
768480,SIGNAL: The Movie – Cold Case Investigation Unit,2021,Mystery|Crime,5.7,10,1.7752,ja
899665,Fireflies in the Sun,2021,Crime|Drama|Thriller,6.429,35,1.3803,zh
660262,Three Wishes for Cinderella,2021,Fantasy|Family,6.9,190,1.381,no
641960,Four Good Days,2021,Drama,6.826,284,1.2446,en
761548,Pups Alone,2021,Family|Comedy,5.8,66,1.4378,en
785545,Shaun the Sheep: The Flight Before Christmas,2021,Animation|Comedy|Family,6.972,178,1.4488,en
773621,Natsume's Book of Friends: The Waking Rock and the Strange Visitor,2021,Animation|Drama|Fantasy,7.0,20,1.3703,ja
797457,Nitram,2021,Thriller|Crime|Drama,6.929,210,1.3427,en
681947,Clerk,2021,Documentary,6.25,24,1.7096,en
776559,How It Ends,2021,Comedy|Drama,4.856,97,1.2856,en
655082,Eiffel,2021,Romance|Drama,6.245,725,1.2578,fr
607430,Nine Days,2021,Drama|Fantasy,6.813,284,1.2857,en
725986,Knights of Sidonia: Love Woven in the Stars,2021,Animation|Romance|Science Fiction,6.0,16,1.2012,ja
512025,There's Someone Inside Your House,2021,Horror|Mystery,5.35,765,2.0298,en
583081,Warning,2021,Science Fiction,4.756,135,1.4253,en
855400,Jai Bhim,2021,Crime|Drama|Mystery|History,7.287,232,1.4716,ta
825997,Rogue Hostage,2021,Action|Adventure|Thriller|TV Movie,5.61,209,1.1461,en
818350,Blush,2021,Animation|Romance|Science Fiction|Family|Fantasy,7.8,176,1.8212,en
423333,Mass,2021,Drama,7.3,298,1.1753,en
399178,Benediction,2021,Drama|History|War,6.2,87,1.3174,en
668640,Official Competition,2021,Comedy|Drama,6.635,445,1.106,es
763240,Sugar Daddy,2021,Drama,6.4,51,2.2985,en
673121,Wolf,2021,Drama,5.228,92,2.1695,en
694103,Roohi,2021,Horror|Comedy,4.5,38,1.3359,hi
730028,The Most Beautiful Boy in the World,2021,Documentary,7.404,57,1.7735,sv
644089,Blue Bayou,2021,Drama,7.436,296,1.1512,en
667276,Las leyendas: El origen,2021,Animation|Comedy|Fantasy|Adventure|Family|Horror,8.288,273,1.4872,es
778819,Checkered Ninja 2,2021,Animation|Comedy|Action|Family,6.7,61,1.4747,da
575842,Red Ghost,2021,War|Drama|History,6.0,74,1.3607,ru
785534,Paper Lives,2021,Drama,7.955,415,1.2018,tr
776561,Strawberry Mansion,2021,Fantasy|Science Fiction|Adventure|Romance|Drama,6.8,89,1.1254,en
597859,The Pilot: A Battle for Survival,2021,War|History|Drama,6.5,56,1.3655,ru
649394,Worth,2021,History|Drama,6.731,377,1.4475,en
749004,Petite Maman,2021,Drama|Fantasy,7.093,460,1.3073,fr
831438,The Seed,2021,Horror|Science Fiction|Comedy,4.888,80,1.4971,en
785976,Pelé,2021,Documentary,7.292,212,1.4601,pt
760758,The House of the Lost on the Cape,2021,Animation|Drama|Family|Fantasy,6.6,28,1.0384,ja
965244,Ghost in the Shell: SAC_2045 Sustainable War,2021,Animation|Action|Science Fiction,6.849,76,1.2557,ja
744733,The Emigrants,2021,Drama|History,5.7,29,2.4621,sv
711963,Coming Home in the Dark,2021,Crime|Horror|Thriller,5.756,217,1.2041,en
514466,Supercool,2021,Comedy|Action,5.844,48,1.2932,fi
511819,Memoria,2021,Drama|Science Fiction|Mystery,6.035,273,0.9684,es
739901,The Possessed,2021,Horror|Thriller,6.14,75,1.3291,en
802217,8-Bit Christmas,2021,Family|Comedy,6.423,495,1.1054,en
850099,Risen,2021,Science Fiction|Drama|Thriller,5.033,182,1.1785,en
786300,Tentacles,2021,Horror|Romance|Science Fiction|Thriller|TV Movie,5.8,117,1.2548,en
762879,Christmas...Again?!,2021,Family|Comedy|Fantasy|TV Movie|Drama,6.578,116,1.7991,en
718838,Mothering Sunday,2021,Romance|Drama,5.403,129,1.3821,en
848981,9/11: Inside the President's War Room,2021,Documentary|History,6.809,89,1.3197,en
753601,Around the World in 80 Days,2021,Animation|Family|Comedy,5.812,93,1.614,fr
831223,Gone Mom: The Disappearance of Jennifer Dulos,2021,Thriller|Mystery|Crime|TV Movie,7.792,240,1.211,en
713711,The Gateway,2021,Drama|Thriller,5.319,80,1.9873,en
801058,Seaspiracy,2021,Documentary|Crime,7.823,461,1.2185,en
722798,The Door into Summer,2021,Science Fiction|Drama,6.4,51,1.3005,ja
695282,Take Back,2021,Action|Thriller|Crime,5.9,71,1.1133,en
843267,Princess Principal Crown Handler: Chapter 2,2021,Animation|Action|Adventure|Drama|Mystery,7.3,12,1.2265,ja
785861,A Stand Worthy of Men,2021,Comedy,7.1,24,1.0577,ar
676705,Pil's Adventures,2021,Animation|Adventure|Fantasy|Comedy|Family,6.7,199,1.3136,fr
748787,Chess Story,2021,History|Drama|War|Thriller,6.9,157,1.1613,de
699102,A Week Away,2021,Drama|Music|Romance|Comedy,6.896,408,1.2657,en
889227,Railway Heroes,2021,War|Drama|History,6.7,39,1.526,zh
763568,Arlo the Alligator Boy,2021,Animation|Comedy|Family|Music|Adventure,6.7,57,1.027,en
747687,The Catholic School,2021,Drama,6.2,452,1.1751,it
882096,A California Christmas: City Lights,2021,Romance|Comedy|Drama,6.62,192,1.3892,en
633657,The Good House,2021,Romance|Drama|Comedy,6.2,83,1.1011,en
727551,Double Patty,2021,Romance|Drama,5.8,16,1.0305,ko
660042,The Big Bull,2021,Crime|Drama,5.2,12,1.3059,hi
673319,Happily,2021,Comedy|Romance|Science Fiction|Thriller,5.789,142,2.3778,en
644083,Twist,2021,Crime|Drama|Action,5.825,194,1.3635,en
869724,My Country  My Parents,2021,Drama,6.107,28,1.1929,zh
622024,New Year Blues,2021,Drama|Romance,6.5,33,1.3039,ko
831827,Far from the Tree,2021,Animation|Family,8.1,388,1.5348,en
886474,Maniac Driver,2021,Horror|Thriller|Crime,4.5,11,1.445,ja
774021,Demonic,2021,Drama|Horror|Science Fiction,4.852,294,1.1009,en
642732,Roadrunner: A Film About Anthony Bourdain,2021,Documentary,6.949,88,1.2616,en
641951,The Journey,2021,Animation|Action|Fantasy,7.0,21,0.9895,ja
716594,No Man of God,2021,Crime|Drama|Thriller|History,6.596,328,1.3687,en
798803,Enemy,2021,Action|Thriller,5.9,12,1.8852,ta
791568,Settlers,2021,Science Fiction|Thriller|Drama,5.0,182,2.3009,en
656113,Jagame Thandhiram,2021,Crime|Drama,5.5,54,1.286,ta
866408,Mutation on Mars,2021,Drama|Science Fiction,6.7,66,1.1399,zh
779057,The Survivalist,2021,Action|Science Fiction|Thriller,4.431,102,1.6407,en
520963,Bad Candy,2021,Horror,4.42,44,1.8395,en
847143,Baby Assassins,2021,Action|Drama|Comedy|Mystery|Crime,6.6,88,1.1147,ja
481879,Die in a Gunfight,2021,Action|Comedy|Romance,5.253,148,1.2711,en
809717,Moonbound,2021,Animation|Family,6.5,94,1.2567,de
795522,The Spine of Night,2021,Animation|Fantasy|Action|Horror,6.0,99,1.208,en
839100,Bright: Samurai Soul,2021,Animation|Action|Fantasy,5.669,80,1.2187,ja
776485,The Sparks Brothers,2021,Documentary|Music,7.347,98,1.1923,en
781456,Race 1,2021,Action|Drama,6.4,28,1.346,zh
809929,Aquarium of the Dead,2021,Horror|Action|Comedy,5.2,81,0.7875,en
874300,South Park: Post COVID: The Return of COVID,2021,Animation|Comedy|TV Movie,7.397,471,1.1611,en
642546,The Last Bus,2021,Drama,6.515,97,1.1989,en
661020,Adverse,2021,Crime|Thriller,4.8,45,2.2312,en
803279,Heart Beats,2021,Romance|Drama,7.5,39,1.1181,ja
714273,Undergods,2021,Fantasy|Science Fiction|Drama,5.817,60,2.0126,en
711475,Here Today,2021,Comedy|Drama,6.954,162,1.1448,en
706566,Caution  Hazardous Wife: The Movie,2021,Action|Comedy|Romance,7.2,15,1.2474,ja
793002,Dreamcatcher,2021,Horror|Mystery|Thriller,5.671,108,2.1309,en
762888,Senior Moment,2021,Comedy|Romance,5.63,23,1.0459,en
680813,Flee,2021,Documentary|Animation,7.8,393,1.4261,da
820041,Hideaki Anno: The Final Challenge of Evangelion,2021,Documentary|TV Movie,8.6,10,1.0707,ja
851303,Waiting for Bojangles,2021,Drama|Comedy|Romance,7.382,346,1.2106,fr
375358,Crabs!,2021,Comedy|Horror,4.1,41,1.2701,en
740658,Catman,2021,Romance|Fantasy|Comedy,7.471,206,1.1766,zh
717693,Playing God,2021,Comedy|Drama,6.1,66,1.0735,en
808667,Character,2021,Thriller|Mystery|Crime,7.5,56,1.2147,ja
858064,Night of the Animated Dead,2021,Animation|Horror,6.021,119,1.3654,en
673692,Doctor,2021,Thriller|Comedy|Action,6.3,54,1.1833,ta
821792,Bull,2021,Crime|Thriller,6.417,192,1.2854,en
709589,Parasite in Love,2021,Drama|Romance,6.8,18,1.0979,ja
814781,Once Upon a Time in Hong Kong,2021,Action|Crime|Thriller,5.2,19,0.8774,zh
829707,Catwoman: The Feline Femme Fatale,2021,Documentary,8.462,13,1.3418,en
602463,Hostage: Missing Celebrity,2021,Action,6.8,40,1.0724,ko
887767,Last Shoot Out,2021,Western|Action|Thriller|Drama,6.4,137,0.9682,en
882338,Anything Goes,2021,Music|Comedy|Romance,7.9,19,1.2369,en
795104,Rang De,2021,Comedy|Romance,6.063,24,1.2723,te
675319,Zone 414,2021,Science Fiction|Thriller|Mystery,5.325,303,1.4365,en
671040,Young Adult Matters,2021,Drama,6.8,34,1.5903,ko
656097,Gerda,2021,Drama,5.074,27,1.1956,ru
680652,Karnan,2021,Drama|Action,7.3,66,1.0971,ta
834404,Teen Titans Go! See Space Jam,2021,Animation|Comedy|Family|Fantasy|Science Fiction,6.159,246,1.0919,en
847153,Crime Story,2021,Crime|Drama|Thriller,3.824,34,1.4515,en
854188,The Kindred,2021,Horror,6.406,128,1.0154,en
836919,Who Are You  Charlie Brown?,2021,Documentary|Animation,6.875,40,1.2534,en
611408,Do You Do You Saint-Tropez,2021,Comedy|Crime,5.0,204,1.0615,fr
665896,Small Engine Repair,2021,Crime|Drama|Thriller,6.135,100,0.9726,en
670981,Prayers for the Stolen,2021,Drama,7.603,190,1.2358,es
785457,Afterlife of the Party,2021,Fantasy|Comedy|Drama,6.702,487,1.2398,en
804755,Agnes,2021,Horror|Drama,4.087,46,1.1414,en
542507,Princess Principal Crown Handler: Chapter 1,2021,Animation|Action|Adventure|Drama|Mystery,6.1,45,0.9941,ja
826914,Muppets Haunted Mansion,2021,Comedy|Family|TV Movie,6.4,235,1.3511,en
573680,The Banishing,2021,Horror,5.17,159,1.2413,en
785533,The Princess Switch 3: Romancing the Star,2021,Romance|Comedy,6.721,467,1.1704,en
911068,Death to 2021,2021,Comedy,5.98,296,0.9787,en
534072,Great White,2021,Horror|Thriller,5.199,417,1.9373,en
795813,I'm Your Man,2021,Science Fiction|Comedy|Romance,6.741,363,1.1313,de
796339,Insight,2021,Action|Science Fiction|Drama,5.655,29,1.045,en
866462,Megalodon Rising,2021,Action|Science Fiction,5.773,143,1.0401,en
624899,Everybody's Talking About Jamie,2021,Drama|Comedy,6.2,147,1.0865,en
576925,My Sweet Monster,2021,Animation|Adventure|Family,6.017,58,1.2523,ru
665888,Lapsis,2021,Science Fiction|Thriller|Drama,6.1,73,1.0857,en
809488,Satoshi Kon: The Illusionist,2021,Documentary,6.7,13,0.8578,fr
550524,Monday,2021,Drama|Romance,6.5,177,1.223,en
603603,American Traitor: The Trial of Axis Sally,2021,History|Drama,5.524,83,1.1204,en
890541,7 Women and a Murder,2021,Comedy|Mystery|Crime,5.53,396,1.1347,it
756403,Riverdance: The Animated Adventure,2021,Animation|Fantasy|Music|Adventure|Comedy|Family,6.05,101,1.2531,en
742396,Kakegurui 2: Desperate Russian Roulette,2021,Mystery|Thriller|Drama,6.7,19,1.0801,ja
527169,The Curse of Turandot,2021,Action|Fantasy|Romance,4.8,18,1.1372,zh
661595,Yakuza Princess,2021,Action|Thriller,6.132,220,1.1088,pt
581390,The Book of Fish,2021,History|Drama,7.769,39,1.088,ko
789708,Hilda and the Mountain King,2021,Animation|Adventure|Fantasy|Family|TV Movie,7.545,190,1.013,en
696605,What Josiah Saw,2021,Horror|Thriller,5.8,90,1.0448,en
722778,The Hand of God,2021,Drama,7.531,1776,1.2654,it
895001,The Whole Truth,2021,Horror|Mystery|Thriller,6.488,251,1.1464,th
676845,Come Play With Me,2021,Horror,6.837,169,1.1931,es
740467,Drifting,2021,Drama,7.081,31,0.7919,cn
534038,Faraway Eyes,2021,Fantasy|Comedy|Romance,4.816,38,1.0704,en
762079,The Advent Calendar,2021,Horror|Thriller|Drama,6.689,399,1.3029,fr
852005,Crazy Tsunami,2021,Horror|Action|Drama,4.783,23,1.033,zh
671725,Chompy & the Girls,2021,Comedy|Horror|Science Fiction,5.732,28,0.8185,en
833404,Bloody Oranges,2021,Comedy|Horror|Crime|Drama,6.0,104,0.9398,fr
868578,Kung Fu Stuntmen,2021,Documentary|Action,7.2,17,3.2498,cn
649928,Robin Robin,2021,Animation|Adventure|Family,7.039,218,1.2272,en
790894,Paradise Cove,2021,Mystery|Thriller|Horror,4.4,28,2.186,en
781816,Fortune Favors Lady Nikuko,2021,Animation|Drama|Family|Comedy,7.1,67,1.0277,ja
820712,Secret Name,2021,Drama,6.0,59,1.4284,fr
663866,Censor,2021,Horror|Mystery,5.844,464,1.0416,en
661591,Drift Away,2021,Drama,5.6,56,1.0782,fr
771502,The Bachelorette Party,2021,Comedy,5.5,94,1.1758,it
791570,Suicide Forest Village,2021,Horror|Mystery|Drama,6.5,91,1.264,ja
787298,Squared Love,2021,Romance|Comedy,6.1,333,1.1431,pl
840526,Show Me the Ghost,2021,Horror|Comedy,7.457,47,0.8304,ko
864388,Mickey's Tale of Two Witches,2021,Animation|TV Movie|Family,6.968,126,1.0488,en
761388,Lady of the Manor,2021,Comedy|Fantasy,5.645,55,1.1507,en
728526,Encounter,2021,Mystery|Thriller|Drama,6.289,463,1.3589,en
882102,A Naija Christmas,2021,Comedy|Romance,6.7,48,1.2572,en
836486,JFK Revisited: Through the Looking Glass,2021,Documentary|History,7.0,86,1.0997,en
847981,Black Island,2021,Thriller,5.882,204,1.488,de
618911,Atrangi Re,2021,Romance|Comedy|Drama,6.537,67,1.2017,hi
879097,Rabbids Invasion - Mission To Mars,2021,Animation|Comedy,6.883,47,0.9567,fr
806690,Edge of the World,2021,Drama|Adventure|History,5.4,87,0.9677,en
848278,Jurassic Hunt,2021,Action|Science Fiction|Thriller|Horror,5.0,220,1.0132,en
620498,Fabian: Going to the Dogs,2021,Drama|Romance|History,6.444,63,1.3572,de
750459,Downfalls High,2021,Drama|Music|Romance,6.063,48,1.0691,en
665901,Violet,2021,Drama,6.667,30,1.1434,en
774343,Deception,2021,Drama|Romance,5.337,104,1.011,fr
835112,Ted Bundy: American Boogeyman,2021,Thriller|Crime,6.6,149,0.96,en
629277,What Happened to Mr. Cha?,2021,Comedy,6.9,42,1.2045,ko
763873,Under Wraps,2021,Family|Comedy|Fantasy|TV Movie,6.785,100,1.5879,en
820702,A Tale of Love and Desire,2021,Drama|Romance,6.205,83,1.0861,fr
853354,Bob Ross: Happy Accidents  Betrayal & Greed,2021,Documentary,6.7,109,1.1513,en
786699,Ruby,2021,Drama|TV Movie,6.3,27,1.0512,en
896633,Adele One Night Only,2021,Music|Documentary|TV Movie,7.8,63,1.0909,en
660353,Ted K,2021,Drama|Crime,6.031,145,1.1385,en
566076,The United States vs. Billie Holiday,2021,Music|Drama|History,6.531,306,1.4913,en
752961,Annaatthe,2021,Action|Family|Drama,4.7,25,1.3874,ta
645585,Arisaka,2021,Action,5.7,12,0.8757,tl
647557,The Killing of Kenneth Chamberlain,2021,Mystery|Thriller|Drama,7.2,52,0.8822,en
828305,Rushed,2021,Mystery|Thriller|Horror|Drama|Crime,6.686,60,1.8994,en
812204,Rock Dog 2: Rock Around the Park,2021,Animation|Comedy|Music|Family,6.6,114,0.9857,en
667969,Birds of Paradise,2021,Drama,6.469,145,1.0923,en
602288,Whispering Corridors 6: The Humming,2021,Horror|Mystery,6.7,36,1.282,ko
746880,Girls und Panzer das Finale: Part 3,2021,Animation|Action|Comedy,7.1,12,0.954,ja
785538,7 Prisoners,2021,Drama|Crime,7.083,379,1.0031,pt
714195,A Mouthful of Air,2021,Drama,6.47,84,1.156,en
810674,A Girl on the Shore,2021,Drama|Romance,7.0,24,1.261,ja
783701,Junkrat Train,2021,Horror|Thriller|Mystery,5.824,17,0.8767,zh
776515,Together Together,2021,Comedy|Drama|Romance,6.4,177,1.0215,en
608746,Mumbai Saga,2021,Action|Drama|Crime,5.654,26,1.1055,hi
851281,Monster Hunter: Legends of the Guild,2021,Animation|Adventure|Action|Fantasy,5.7,92,1.0156,en
854864,Love Knots,2021,TV Movie|Comedy|Romance|Family,5.7,12,1.0364,en
776279,The Replacement,2021,Drama|Thriller,6.1,57,1.106,es
810873,Single All the Way,2021,Romance|Comedy,6.412,428,1.0773,en
652156,Apples,2021,Drama|Comedy,6.356,111,1.5558,el
812644,Secret Society,2021,Drama,7.0,13,1.9464,en
806643,This Little Love of Mine,2021,Romance|Comedy,6.1,145,0.9495,en
802403,Ajeeb Daastaans,2021,Drama|Romance,6.106,47,1.0817,hi
873633,Honey Girls,2021,Music|Family,5.4,11,2.008,en
592656,Brothers by Blood,2021,Crime|Thriller,5.7,180,1.324,en
795615,The Feast,2021,Horror|Thriller,5.67,88,1.0386,cy
793723,Sentinelle,2021,Thriller|Action|Drama,5.834,632,1.0806,fr
682587,The Alpinist,2021,Documentary|Adventure,7.75,179,1.2549,en
760875,The Devil Below,2021,Horror|Thriller,4.6,129,1.0251,en
638965,Mandibles,2021,Comedy|Fantasy,6.301,610,1.0317,fr
818809,A Cinderella Story: Starstruck,2021,Romance|Comedy|Music,6.9,148,0.9188,en
808090,A House on the Bayou,2021,Horror|Mystery,5.663,199,1.0281,en
839727,Secrets of a Gold Digger Killer,2021,Crime|Drama|TV Movie,5.3,16,1.0808,en
763539,Gulliver Returns,2021,Animation|Adventure|Fantasy,6.107,136,1.0288,uk
793967,Phobias,2021,Horror|Thriller,4.6,51,1.2391,en
624481,The Birthday Cake,2021,Crime|Thriller,5.097,62,0.9349,en
762433,Zeros and Ones,2021,War|Thriller,4.709,233,1.0314,en
776527,Summer of Soul (...Or  When the Revolution Could Not Be Televised),2021,Music|Documentary|History,7.639,220,1.0782,en
851976,Small World,2021,Crime|Action|Drama,7.6,110,0.9242,pl
473021,The Souvenir: Part II,2021,Romance|Drama,6.454,98,1.0718,en
893297,American Sicario,2021,Crime|Action,5.827,124,0.9904,en
779047,Us Again,2021,Animation|Drama|Family|Romance,7.8,348,0.8534,en
818415,Mission «Sky»,2021,Drama|War,8.088,57,0.9954,ru
660833,Multiverse,2021,Science Fiction|Thriller|Drama,6.614,346,0.8297,en
805639,Huge Shark,2021,Horror,3.667,15,1.0375,zh
754934,Son,2021,Horror|Thriller,6.026,292,0.8857,en
834143,Wicked,2021,Fantasy|Romance|Drama,7.8,99,0.9284,en
698215,HOKUSAI,2021,Drama,6.5,48,0.8777,ja
808228,Night of the Sicario,2021,Action|Thriller|Drama,5.849,86,1.0141,en
751858,Maara,2021,Drama,6.7,28,1.3437,ta
588182,Compartment No. 6,2021,Drama,7.0,462,1.0678,fi
768127,Fantasies,2021,Comedy|Romance,5.1,123,1.0537,fr
842846,Emmanuelle: Queen of French Erotic Cinema,2021,Documentary|History,6.6,16,1.1877,fr
860776,Bheemante Vazhi,2021,Comedy|Drama,6.1,12,1.0111,ml
452019,Needle in a Timestack,2021,Drama|Romance|Science Fiction,5.306,62,0.9813,en
795853,Gaia,2021,Horror|Fantasy|Drama,5.943,235,1.1424,en
860867,The Accursed,2021,Horror,6.49,150,0.9281,en
854575,A Janitor,2021,Drama|Action,6.421,19,1.0619,ja
857497,Untold: Malice at the Palace,2021,Documentary|Crime,7.19,129,0.8043,en
728118,Quo Vadis  Aida?,2021,War|Drama|History,7.648,475,0.9955,sr
794719,In the Wake,2021,Thriller|Drama,7.1,18,0.9051,ja
649087,Red Dot,2021,Thriller|Horror,5.884,734,1.0624,sv
695951,Chehre,2021,Thriller|Mystery|Drama,6.4,24,0.8158,hi
793465,Aurora Teagarden Mysteries: Til Death Do Us Part,2021,TV Movie|Mystery|Crime,7.4,40,0.9387,en
828146,Breaking Boundaries: The Science of Our Planet,2021,Documentary,7.493,72,1.2254,en
710871,Ghost Lab,2021,Drama|Horror|Science Fiction|Thriller,6.489,138,1.0723,th
835975,Great Freedom,2021,Drama|Romance|Crime,7.278,200,1.3599,de
797488,Dangerous Medicine,2021,Thriller|TV Movie,6.7,16,0.828,en
788633,Enemies: The Confession,2021,Drama|Thriller|TV Movie,6.636,11,0.8352,de
645861,South of Heaven,2021,Crime|Drama|Thriller,6.4,88,0.817,en
814785,G Storm,2021,Action|Thriller,5.2,25,1.0002,cn
724904,The Cinderella Addiction,2021,Drama|Crime,6.5,10,0.9331,ja
693853,Kinmoza the Movie: Thank You!!,2021,Animation|Comedy,5.8,10,1.0222,ja
848788,Anita,2021,Drama|Music|History,7.881,21,1.1469,cn
763073,Trees of Peace,2021,Drama,7.2,90,1.0319,en
812456,Barbie & Chelsea: The Lost Birthday,2021,Animation|Family,6.9,131,1.4085,en
760919,The Power,2021,Horror,6.024,170,1.0119,en
853588,Prey,2021,Thriller,4.671,398,0.9522,de
779011,A Wedding to Remember,2021,TV Movie|Romance|Comedy|Drama,6.3,39,0.8681,en
811072,Two,2021,Thriller|Horror,5.391,348,0.8448,es
695080,American Night,2021,Action|Thriller|Crime,4.227,66,0.9566,en
653572,The Nowhere Inn,2021,Music|Comedy|Thriller,5.84,47,0.797,en
764068,Hero Mode,2021,Comedy|Family,5.697,33,0.7717,en
722802,Liar x Liar,2021,Comedy|Romance,7.821,39,2.0572,ja
819024,Fathom,2021,Documentary,5.5,20,0.9389,en
604782,Payback,2021,Mystery|Thriller|Crime|Drama,5.8,32,1.2071,en
739146,Bhoot Police,2021,Adventure|Horror|Comedy,5.026,38,0.8749,hi
785527,Forever Rich,2021,Crime|Comedy|Drama,6.468,126,2.3661,nl
863837,Water Monster 2,2021,Thriller|Mystery|Horror,7.0,28,1.0946,zh
821427,The Novice,2021,Drama,6.4,214,0.9315,en
891219,Nash Bridges,2021,Crime|Drama,5.609,23,0.7899,en
786705,Confessions of an Invisible Girl,2021,Comedy|Drama,6.626,243,1.1286,pt
602295,Spiritwalker,2021,Action|Mystery|Thriller|Fantasy,6.433,89,1.1804,ko
789171,Last Survivors,2021,Thriller,5.324,105,0.8498,en
792750,Operation Java,2021,Thriller|Crime,6.958,24,0.9267,ml
857729,Untold: Deal with the Devil,2021,Documentary,6.879,66,1.1263,en
599025,The Ex,2021,Horror|Thriller,6.556,135,0.947,ru
850818,Barbie: Big City  Big Dreams,2021,Animation|Music|Family,6.95,189,1.0246,en
790786,Kill Plan,2021,Thriller,5.962,26,2.024,en
730057,Torn,2021,Documentary,6.9,25,1.0118,en
728882,Under the Open Sky,2021,Crime|Drama,7.595,42,1.0974,ja
780268,Apex Predators,2021,Horror,1.8,10,0.7997,en
571468,Freaks Out,2021,Adventure|Fantasy|Drama,7.3,952,0.9078,it
588890,Even Mice Belong in Heaven,2021,Adventure|Animation|Family|Fantasy,7.1,36,0.8516,cs
851743,Kanakam Kaamini Kalaham,2021,Comedy,5.8,14,2.4376,ml
662712,Flag Day,2021,Drama|Thriller|Crime,5.766,167,1.0595,en
822099,The Lost Leonardo,2021,Documentary|History,7.2,52,0.9002,en
824349,Mediterraneo: The Law of the Sea,2021,Drama,6.6,39,1.9469,es
820722,The Good Boss,2021,Comedy|Drama,6.9,473,1.0224,es
653594,I Carry You with Me,2021,Drama,7.0,66,0.9982,es
835433,Confessions of Felix Krull,2021,Crime|Drama,6.5,39,0.8604,de
618200,Pipeline,2021,Crime|Action,6.9,47,1.0656,ko
595280,Fever Dream,2021,Thriller|Drama|Mystery,5.8,132,0.8469,es
778663,Sexual Drive,2021,Comedy|Drama,6.3,33,1.4427,ja
714011,After Love,2021,Drama,7.1,152,0.848,en
860578,Jackie Chan: Building an Icon,2021,Documentary,7.7,11,0.9156,fr
712120,Red Soil,2021,Drama,6.5,73,1.7886,fr
848880,Chinese Doctors,2021,Drama,5.8,21,0.9672,zh
776526,Rita Moreno: Just a Girl Who Decided to Go for It,2021,Documentary,7.5,16,0.7221,en
670129,PVT Chat,2021,Drama,5.464,70,1.0124,en
741318,Zero to Hero,2021,Drama,7.1,45,0.9775,cn
586945,The Crossing,2021,Animation|Drama|Adventure,7.2,36,1.183,fr
583198,Unclenching the Fists,2021,Drama,6.4,48,0.9354,os
694256,Caught by a Wave,2021,Drama|Romance,6.6,251,0.8568,it
654074,Ninjababy,2021,Drama|Comedy,7.059,118,0.8908,no
827818,One Second,2021,Comedy|Romance|Drama|History,5.5,11,0.8486,ar
850367,Tropical-Rouge! Precure: The Snow Princess and the Miraculous Ring!,2021,Animation|Fantasy|Action|Comedy|Adventure|Family,5.85,10,0.7825,ja
848519,Every Last One of Them,2021,Action|Thriller,5.2,55,0.9246,en
752803,Endgame,2021,Comedy|Crime,7.0,68,1.1206,zh
669659,Best Sellers,2021,Comedy|Drama,6.356,153,1.2244,en
835369,My Son,2021,Drama,5.9,15,0.7809,de
776821,Outlaws,2021,Crime,6.865,219,0.9273,es
884452,The Ambush,2021,War|Action|Drama,6.089,62,1.2802,ar
543836,The Velvet Underground,2021,Documentary|Music,6.782,117,0.8722,en
852355,The Falls,2021,Drama,6.606,66,1.1334,zh
669696,Tadap,2021,Action|Romance,6.4,14,1.0001,hi
695089,Onoda: 10 000 Nights in the Jungle,2021,Drama|Adventure|War|History,7.11,155,1.1116,fr
794961,Akhanda,2021,Action|Drama,5.673,26,0.6894,te
828871,Meenakshi Sundareshwar,2021,Romance|Drama,5.544,34,1.0461,hi
808604,Aria the Benedizione,2021,Animation|Comedy|Science Fiction|Fantasy,7.1,14,0.7619,ja
841569,Treat or Trick,2021,Action|Comedy|Horror|Crime,5.8,10,0.6406,zh
594691,Lovers,2021,Drama|Thriller,5.3,166,1.0402,fr
598826,Sardar Udham,2021,Crime|Drama|History,7.115,126,1.0125,hi
764686,The Divide,2021,Drama,6.6,174,0.9224,fr
882878,Ben 10: Alien X-Tinction,2021,Animation|Family|TV Movie|Action,5.1,10,0.8003,en
823216,Red Stone,2021,Action|Crime|Mystery|Thriller|Drama,5.833,30,1.9565,en
864390,Mickey and Minnie Wish Upon a Christmas,2021,Animation|TV Movie|Comedy|Family,6.997,171,1.0006,en
802226,Bingo Hell,2021,Thriller|Horror,4.66,134,0.9477,en
756651,Hold Me Tight,2021,Drama,6.418,104,0.8509,fr
809336,You Had Me at Aloha,2021,TV Movie|Comedy|Romance,6.8,20,0.7812,en
655917,A Perfect Enemy,2021,Drama|Mystery|Thriller,6.4,166,0.9512,en
865720,Mi Canción,2021,Music|Crime|History,8.3,43,1.4115,es
869166,The Venus Effect,2021,Comedy|Romance,6.6,14,1.1018,da
606236,Family Swap,2021,Comedy|Fantasy,5.94,174,0.9566,fr
751519,It's a Flickering Life,2021,Drama,6.4,10,0.8734,ja
866127,The Women and the Murderer,2021,Documentary|Crime,6.207,41,0.9152,fr
840283,The Match,2021,Drama|History|War,6.1,57,1.0545,en
882251,Silent Hours,2021,Thriller|Mystery,5.3,35,0.7827,en
785544,We Couldn't Become Adults,2021,Drama|Romance,6.4,53,1.0607,ja
869617,Friendzone,2021,Romance|Comedy,5.832,280,0.8351,fr
802121,The Last Execution,2021,Drama|Thriller,6.241,56,0.9512,de
749727,Shepherd,2021,Horror,5.355,62,0.8188,en
882206,LOL Surprise: The Movie,2021,Animation|Family,6.8,136,0.6023,en
887645,Just Short of Perfect,2021,Romance|Comedy,6.042,131,0.98,pt
783753,Wish You,2021,Romance|Music|Drama,7.3,88,0.9761,ko
785585,Kurup,2021,Thriller|Crime,6.18,50,0.9092,ml
726527,The Parish,2021,Horror|Thriller,5.979,47,1.1222,en
681355,North Hollywood,2021,Comedy|Drama,5.304,46,0.9403,en
740844,Little Nicholas' Treasure,2021,Family|Comedy,6.0,58,0.7412,fr
741636,Bloodthirsty,2021,Horror,5.0,70,1.3413,en
811076,Barbarians,2021,Thriller|Horror,5.18,86,0.9299,en
874299,South Park: Post COVID,2021,Animation|Comedy|TV Movie,7.214,395,0.9016,en
767377,Dhamaka,2021,Thriller|Drama|Crime,6.8,103,0.9468,hi
889418,Love Hurts,2021,Thriller|Horror,3.7,13,1.2576,en
747983,It's a Summer Film!,2021,Comedy|Drama|Romance|Science Fiction,7.263,59,1.0194,ja
799555,Operation Varsity Blues: The College Admissions Scandal,2021,Documentary|Crime|Drama,6.8,144,0.8249,en
845875,The Champion of Auschwitz,2021,Drama|History|War,7.674,216,0.7723,pl
818543,Slumber Party Massacre,2021,Horror|Comedy,5.2,107,0.8001,en
885110,Amina,2021,War|History|Drama,6.438,137,0.8507,en
839436,Dragon Fury,2021,Horror|Fantasy|Mystery,5.6,50,1.104,en
794602,Swan Song,2021,Comedy|Drama,6.836,67,0.8668,en
666624,Security,2021,Thriller,5.521,192,1.27,it
823425,National Champions,2021,Drama,6.422,82,0.9901,en
872130,Zoey's Extraordinary Christmas,2021,Comedy|Drama,6.4,92,1.0481,en
650129,Ali & Ratu Ratu Queens,2021,Comedy|Drama,6.3,15,0.8566,id
774823,Becoming Cousteau,2021,Documentary,6.97,33,0.8526,en
768232,Boxing Day,2021,Romance|Comedy,6.7,32,0.9605,en
583116,The House Next Door: Meet the Blacks 2,2021,Comedy,5.3,60,0.9685,en
846542,Annie Live!,2021,Comedy|Family|Music|TV Movie,5.5,15,1.7754,en
784410,Crossword Mysteries: Riddle Me Dead,2021,TV Movie|Mystery|Crime|Drama,7.45,40,1.0086,en
796011,Sarpatta Parambarai,2021,History|Action|Drama,7.729,48,0.8949,ta
768726,Dogtanian and the Three Muskehounds,2021,Animation|Comedy|Adventure|Family,6.748,117,1.0231,es
810413,The War Below,2021,War|Drama|History,6.664,67,0.7936,en
793425,Aurora Teagarden Mysteries: How to Con A Con,2021,Mystery|Crime|TV Movie,7.2,40,0.8094,en
734858,Spin,2021,TV Movie|Family|Music,6.963,54,1.0128,en
820511,Ripper Untold,2021,Horror,6.1,171,1.0007,en
807070,Vortex,2021,Drama,7.104,265,0.7704,fr
553592,Queen Bees,2021,Romance|Comedy|Drama,6.0,65,0.7387,en
561757,Church People,2021,Comedy,4.045,11,0.9631,en
606718,Uppena,2021,Romance|Drama,5.889,18,1.8011,te
705950,Three Sisters,2021,Drama,5.8,16,0.9527,ko
835786,Giant Spider,2021,Thriller|Horror,6.8,70,0.8312,zh
653740,Assassins,2021,Documentary|Crime,6.8,33,0.8527,en
801271,Hide and Seek,2021,Horror|Thriller|Mystery,4.824,54,1.0547,en
749927,Riverside Mukolitta,2021,Family|Drama,6.6,17,0.8903,ja
788045,My Best Friend Anne Frank,2021,History|War|Drama,6.793,276,1.2048,nl
777620,Caged,2021,Thriller|Horror|Drama,6.3,123,0.8352,en
878357,Minions & Monsters,2021,Animation|Family|Fantasy|Comedy,6.7,15,1.153,en
680319,We Broke Up,2021,Romance|Comedy,5.917,42,0.8691,en
668780,There's Something About Mario,2021,Comedy,6.0,34,0.6854,pt
695958,The Girl on the Train,2021,Drama|Thriller,5.742,95,0.8143,hi
747988,Eternally Younger Than Those Idiots,2021,Drama|Romance,7.3,11,0.9227,ja
787310,Survive the Game,2021,Action|Thriller|Crime,5.29,188,0.813,en
664286,The Sun Stands Still,2021,Thriller|Action,7.2,10,0.846,ja
821859,A Girl Returned,2021,Drama,7.3,81,0.9683,it
739323,The Swimmer,2021,Drama,5.379,29,0.8411,he
727333,Come from Away,2021,Comedy|Drama,7.5,55,0.8184,en
863851,Mírame,2021,Horror,6.8,66,1.7375,es
902478,B for Busy,2021,Comedy|Romance,7.6,68,0.8133,zh
718949,Deadlock,2021,Action|Thriller,5.2,87,0.9376,en
633503,The East,2021,War|Drama|Thriller|History,5.9,71,1.4059,nl
680631,Boys from County Hell,2021,Horror|Comedy,5.66,72,0.7568,en
820099,Schemes in Antiques,2021,Adventure|Mystery|Action|Comedy,6.3,24,0.8301,zh
685264,Pray Away,2021,Documentary,6.7,101,1.0142,en
840382,Sweet Revenge: A Hannah Swensen Mystery,2021,TV Movie|Mystery|Drama,6.879,29,0.7063,en
919689,War of the Worlds: Annihilation,2021,Science Fiction|Action|TV Movie,4.8,98,0.8839,en
825597,"Maggie Simpson in ""The Force Awakens from Its Nap""",2021,Family|Animation|Comedy|Science Fiction,6.6,208,0.8919,en
861057,Swim,2021,Horror|Action,5.1,69,0.7661,en
681349,Next Door,2021,Drama|Comedy,6.521,119,0.9213,de
840427,The Father Who Moves Mountains,2021,Drama|Thriller,5.8,94,0.9787,ro
512356,Pennywise: The Story of ‘It’,2021,Documentary|Horror,7.4,39,0.8685,en
846652,Hannibal Hopkins & Sir Anthony,2021,Documentary,4.5,26,0.7985,en
859041,Crazy Fist,2021,Action,6.8,56,1.0393,zh
796989,Death Saved My Life,2021,Drama|Thriller|TV Movie,7.333,36,0.8984,en
890836,Dean Martin: King of Cool,2021,Documentary,7.6,14,0.8827,en
848886,Hellbender,2021,Horror,5.591,138,0.6716,en
899405,Anonymously Yours,2021,Drama|Romance,7.532,376,0.8043,es
791900,Heroes Return,2021,Action,5.7,18,0.8041,zh
611489,Init!ation,2021,Horror|Mystery,5.118,157,0.7916,en
599331,Perhaps Love,2021,Comedy|Drama,6.0,16,0.8766,ko
776909,Sounds Like Love,2021,Comedy|Romance,6.4,180,0.7198,es
904039,Madagascar: A Little Wild - Holiday Goose Chase,2021,Animation|Comedy|Family,6.542,24,0.9291,en
794379,Feral State,2021,Thriller,3.75,22,1.3795,en
721636,Churuli,2021,Mystery|Science Fiction|Horror,7.105,38,0.9276,ml
844069,Guimoon: The Lightless Door,2021,Horror|Thriller,6.7,81,1.0128,ko
765684,Octonauts and the Ring of Fire,2021,Family|Animation|Adventure,6.3,11,0.9182,en
845611,The Mole Song: Final,2021,Comedy|Action|Crime,7.227,11,0.929,ja
897018,Devil's Triangle,2021,Action|Adventure|Science Fiction|Fantasy,3.3,16,0.6436,en
897429,All Too Well: The Short Film,2021,Drama|Music,8.0,291,0.9694,en
686548,Son of the South,2021,History|Drama,6.494,154,0.8209,en
839354,Upcoming Summer,2021,Drama|Romance,6.8,32,0.9712,zh
842171,Deep,2021,Science Fiction|Thriller|Drama|Mystery,6.305,123,1.015,th
797271,Counterattack,2021,Action|Mystery|Thriller,6.3,18,0.7057,zh
602334,France,2021,Comedy|Drama,5.238,233,1.0074,fr
854732,Rise of the Footsoldier: Origins,2021,Crime|Drama|Action,5.539,38,0.839,en
1014659,Incantation,2021,Horror|Thriller,5.712,33,1.3239,en
529580,Burning at Both Ends,2021,Drama|War,6.0,33,0.8008,en
877004,Next Stop  Christmas,2021,TV Movie|Fantasy|Drama|Romance|Comedy,6.363,91,0.7615,en
761534,Baby Money,2021,Thriller|Crime,5.8,19,0.752,en
776557,Writing with Fire,2021,Documentary|History,7.3,33,0.7187,hi
795778,Night Raiders,2021,Science Fiction,4.8,52,0.8186,en
873488,House Tour,2021,Thriller,4.5,10,0.9903,tl
646995,One Summer Story,2021,Drama|Comedy,7.4,14,0.9729,ja
660002,Love After Love,2021,Drama,5.6,32,0.8718,zh
823855,I Am All Girls,2021,Drama|Mystery|Thriller|Crime,6.5,326,0.9636,en
654344,A Bookshop in Paris,2021,Drama|Romance,5.5,70,0.8305,it
764807,Felix and the Treasure of Morgäa,2021,Family|Adventure|Animation,6.8,13,0.7572,fr
712121,Sweat,2021,Drama|Thriller,6.234,111,0.7591,pl
633342,Locked In,2021,Mystery|Thriller|Crime|Drama,6.1,48,1.0687,en
828397,Ben Gen 10,2021,Animation|TV Movie,6.151,116,0.6835,en
852721,Nona,2021,Animation,6.326,92,0.7691,en
716255,Most Eligible Bachelor,2021,Romance|Drama,6.033,15,0.9529,te
821390,The Retreat,2021,Thriller|Horror,5.029,70,0.7858,en
729752,La Traque,2021,TV Movie|Thriller|Drama,6.2,44,1.9587,fr
735409,First Love,2021,Drama|Mystery,6.2,12,0.8728,ja
832913,A Girl and A Guy,2021,Drama|Romance|Comedy,4.5,11,0.9879,tl
779611,Zog and the Flying Doctors,2021,Animation|Family|TV Movie|Fantasy,6.5,28,0.8913,en
733209,Man of God,2021,History|Drama,7.035,43,0.7918,en
665133,Malik,2021,Thriller|Drama|Action|Crime|Adventure,7.2,52,0.8727,ml
856437,Farha,2021,Drama|History|War,7.224,85,0.7182,ar
855638,Sweet as Maple Syrup,2021,TV Movie|Comedy|Romance,6.7,17,0.5316,en
860712,Chasing the Line,2021,Drama|History,7.3,15,0.7362,de
805058,Aloners,2021,Drama,6.736,125,0.8708,ko
858054,The River Runner,2021,Documentary|Adventure,6.2,20,1.2078,en
778681,Flinch,2021,Crime|Drama|Romance,5.471,17,1.8306,en
776142,Crack: Cocaine  Corruption & Conspiracy,2021,Documentary,6.901,91,0.93,en
870219,New York Ninja,2021,Action|Crime|Thriller,4.9,36,0.8011,en
829400,Psych 3: This Is Gus,2021,Comedy|Crime|Mystery|TV Movie,6.879,141,1.0104,en
793285,God's Not Dead: We The People,2021,Drama,6.668,140,0.8034,en
698840,My Blood and Bones in a Flowing Galaxy,2021,Drama|Fantasy|Romance,7.5,20,0.952,ja
826702,Intolerance,2021,Drama,7.6,25,0.7817,ja
665886,Holler,2021,Drama,6.0,44,0.6331,en
656991,Wild Indian,2021,Crime|Drama|Thriller,5.372,47,0.932,en
613583,Kids Are Back,2021,Comedy,5.216,104,0.7927,fr
844225,Every Trick In The Book,2021,Drama|Mystery,7.583,12,0.8188,ja
776544,Luzzu,2021,Drama,6.8,33,1.3978,mt
758879,A Castle for Christmas,2021,Comedy|Adventure,5.994,356,0.8338,en
785864,Salt-N-Pepa,2021,Music|Drama,6.594,16,0.6136,en
765169,BIA: An Upside Down World,2021,Comedy|Drama|Family|Music,7.869,126,0.9124,es
728816,Gameboys: The Movie,2021,Romance|Drama|Music,8.176,17,0.7483,tl
645856,The Seventh Day,2021,Horror,5.218,291,0.9964,en
752505,The Old Ways,2021,Horror|Fantasy,6.746,372,0.6697,en
513983,Baphomet,2021,Horror|Thriller,5.6,61,0.8822,en
660006,Madame Claude,2021,Crime|Drama|Romance,5.672,232,0.8314,fr
684281,Adventures of a Mathematician,2021,Drama|History,6.102,64,0.7789,en
588367,The Humans,2021,Drama,6.087,219,0.6392,en
757660,Fortuna,2021,Drama|Thriller,4.5,12,1.0272,it
672208,A Hero,2021,Drama,7.319,382,0.9387,fa
646955,Stuck Apart,2021,Comedy|Drama,6.0,65,0.8331,tr
650270,Ryoma! The Prince of Tennis,2021,Animation|Comedy,5.0,10,0.9259,ja
695244,The Night Beyond the Tricornered Window,2021,Mystery|Romance|Thriller|Horror|Fantasy,6.5,22,0.7781,ja
877657,Attack of the Hollywood Clichés!,2021,Documentary,6.0,130,0.807,en
827315,American Refugee,2021,Horror|Thriller|TV Movie,5.5,51,0.8598,en
672816,Cicada,2021,Drama|Romance,5.8,20,0.7517,en
877181,Under the Helmet: The Legacy of Boba Fett,2021,Documentary,6.902,46,1.0803,en
820303,Along Came Wanda,2021,Drama|Romance,5.2,11,0.8004,en
795980,As Luck Would Have It,2021,TV Movie|Comedy|Romance,6.547,43,0.7373,en
743599,Plan B,2021,Comedy,6.129,105,0.8371,en
865921,Return of Special Forces 5,2021,Action,6.74,248,0.7157,zh
535156,Maanaadu,2021,Thriller|Action|Science Fiction,6.888,49,0.9253,ta
886896,Save The Tree,2021,Animation,5.1,11,0.7888,es
613335,Christmas with the Tuches,2021,Comedy,5.1,278,1.1091,fr
810271,The Resort,2021,Horror,5.509,284,0.7905,en
878706,The Door Lock,2021,Crime|Thriller,4.7,11,0.7648,zh
713377,R♥️J,2021,Romance|Drama,6.6,35,0.8575,en
826733,The Cover,2021,Comedy|Romance|Music,6.5,43,1.5107,es
866669,Sister Swap: Christmas in the City,2021,TV Movie|Comedy|Romance,6.1,25,0.7425,en
892306,Bara El Manhag,2021,Drama|Comedy,8.0,11,0.7269,ar
659988,Madeleine Collins,2021,Drama|Thriller,6.027,165,0.6816,fr
847179,A Lethal Lesson,2021,Thriller|TV Movie|Family|Crime,6.2,15,0.7691,en
834802,Ben 10: Ben 10 010,2021,Animation|Action,6.4,87,0.8339,en
877013,Hell Hath No Fury,2021,Action|War,6.4,103,0.8178,en
844636,Jungle Run,2021,Adventure|Action|TV Movie,5.9,104,0.8091,en
522466,High Ground,2021,Thriller|Action|Drama|Western,6.3,81,1.0612,en
681260,Maya the Bee: The Golden Orb,2021,Adventure|Animation|Family,6.6,102,0.8706,en
831201,Mom Is Pregnant,2021,Comedy,5.5,12,0.617,ar
635012,Long Weekend,2021,Romance|Comedy,6.953,85,1.774,en
794960,Blood Moon,2021,Fantasy|Horror|Thriller|TV Movie,5.861,54,0.6386,en
800410,The Wasteland,2021,Drama|Horror|Thriller,5.194,216,0.761,es
797294,Assault on VA-33,2021,Action|Thriller,5.5,55,0.7543,en
743881,One Second Champion,2021,Drama,6.2,13,0.757,cn
852851,Memories of a Murderer: The Nilsen Tapes,2021,Documentary,5.928,97,0.5854,en
783790,Love  Lost & Found,2021,Romance,6.9,26,0.8928,en
798581,BanG Dream! Episode of Roselia I: Promise,2021,Animation|Music|Drama,5.2,10,0.8407,ja
663991,Sisters Apart,2021,Drama|War,5.9,10,0.6588,de
854521,Django & Django: Sergio Corbucci Unchained,2021,Documentary|History,6.96,50,0.8534,en
845887,7th & Union,2021,Drama,7.662,74,0.6469,en
899382,Christmas Is Canceled,2021,Comedy|Romance,5.426,102,0.7635,en
791343,DC Showcase: Kamandi: The Last Boy on Earth!,2021,Animation|Science Fiction|Action|Adventure,6.331,59,0.9449,en
741328,Hand Rolled Cigarette,2021,Drama|Crime|Thriller,5.6,24,0.6804,cn
574078,The Story of My Wife,2021,Romance|Drama,5.8,74,0.761,hu
497834,Saturday Fiction,2021,Action|Drama,6.758,31,0.89,zh
683641,Je suis Karl,2021,Drama|Thriller,5.3,58,0.7151,de
788669,The Man with the Answers,2021,Drama|Romance,7.0,64,0.7558,el
623962,The Grand Duke Of Corsica,2021,Comedy|Drama|Adventure,3.7,10,0.6816,en
910762,Earth Rescue Day,2021,Science Fiction|Action,6.033,30,0.6696,zh
604563,OSS 117: From Africa with Love,2021,Comedy|Adventure|Action,5.644,861,0.696,fr
783546,Hideout,2021,Horror|Crime,4.81,29,1.8797,en
681986,The Last Thing Mary Saw,2021,Horror|Drama|Thriller,6.049,92,0.8306,en
678580,El mesero,2021,Comedy,7.994,357,0.6554,es
918632,The Super Bob Einstein Movie,2021,Documentary,6.9,25,0.7677,en
810406,2gether: The Movie,2021,Music|Romance|Drama,7.3,36,0.7566,th
682376,Habit,2021,Crime|Thriller|Comedy,4.639,61,0.8769,en
799676,Shyam Singha Roy,2021,Romance|Thriller|Drama,6.773,44,0.832,te
598252,The Ice Demon,2021,Horror|Thriller,5.94,42,0.7388,ru
849369,Superhost,2021,Horror|Thriller,5.849,182,0.9212,en
858918,One Summer,2021,TV Movie|Drama|Family|Romance,7.4,25,1.6923,en
662745,Monica and Friends: Lessons,2021,Family|Comedy|Drama|Adventure,8.227,97,0.5448,pt
878127,Welcome to Hell,2021,Horror,4.789,19,0.6263,es
785354,Alludu Adhurs,2021,Romance|Comedy,5.0,10,0.7069,te
718416,Smiley Face Killers,2021,Horror|Thriller,2.917,24,0.656,en
713479,Creatures,2021,Horror|Action|Comedy|Science Fiction,5.2,28,0.6095,en
672475,V2. Escape from Hell,2021,War|Action|Drama,5.7,19,0.8389,ru
752070,Him,2021,Drama,4.489,95,0.5897,fr
779783,Soy Luna: The Last Concert,2021,Music|Documentary,8.013,78,0.9299,es
762469,Father Christmas Is Back,2021,Comedy|Family,4.645,173,0.7627,en
784391,It Was Always You,2021,Romance|TV Movie,7.317,41,0.6498,en
726657,Brave: Gunjyou Senki,2021,Action|History|Mystery|Fantasy,6.9,14,0.692,ja
788672,400 Bullets,2021,Action|War|Mystery,6.972,89,1.9493,en
781099,Inexorable,2021,Thriller,6.067,97,0.7342,fr
811703,The Year Earth Changed,2021,Documentary,7.8,126,0.9048,en
608980,Three Floors,2021,Drama,6.3,319,1.0233,it
778998,Love Upstream,2021,TV Movie|Comedy|Romance,6.58,25,0.7552,en
624385,Ascendant,2021,Mystery|Science Fiction|Thriller,4.559,17,1.4334,en
540248,Here Are the Young Men,2021,Drama,5.357,49,0.5436,en
814312,Maixabel,2021,Drama,7.041,134,0.4921,es
796158,Yuni,2021,Drama,6.8,32,0.5725,id
828264,3/19,2021,Drama,6.066,53,1.2044,it
809208,Dolly Parton: A MusiCares Tribute,2021,Documentary|Music,6.7,16,0.7692,en
754067,Vicky and Her Mystery,2021,Adventure|Family|Drama,7.1,516,0.6749,fr
735981,Karen,2021,Thriller,4.316,57,0.7366,en
613098,Undercover Wedding Crashers,2021,Comedy,5.988,83,0.7544,es
711643,Chhorii,2021,Horror|Thriller,6.148,27,0.9473,hi
659360,Drunk Bus,2021,Comedy|Drama,5.621,33,0.8117,en
901047,An Audience with Adele,2021,Music|Documentary|TV Movie,8.4,42,0.8403,en
874965,The Four of Us,2021,Comedy|Romance|Drama,5.468,111,0.7548,de
801528,Framing Britney Spears,2021,Documentary,7.2,101,0.8115,en
852503,Tig Notaro: Drawn,2021,Comedy|Animation,6.5,16,0.6125,en
695576,A Soldier's Revenge,2021,Western,5.1,20,0.8269,en
785516,Stuck Together,2021,Comedy,5.913,438,0.7251,fr
744714,Kiba: The Fangs of Fiction,2021,Drama,7.4,14,0.9271,ja
656609,Dating & New York,2021,Comedy|Romance,4.6,27,0.6547,en
799668,The Hypnosis,2021,Horror|Thriller,6.2,27,0.6889,ko
822010,Danny Boy,2021,Drama|War|TV Movie,6.771,129,0.7035,en
864403,Annabelle Sethupathi,2021,Horror|Comedy|Fantasy,4.3,12,0.5834,ta
656584,To Olivia,2021,Drama,6.9,28,0.7058,en
862193,Overrun,2021,Action|Crime,5.25,12,0.716,en
32471,Mixtape,2021,Comedy|Family,6.938,138,0.614,en
814777,One of a Kind Love,2021,Romance|TV Movie|Family,6.7,25,0.6853,en
655302,Attack on Finland,2021,Action|Thriller,5.633,79,0.8562,fi
918692,Granit,2021,Action|War,7.0,45,0.5766,ru
749645,The Beta Test,2021,Thriller|Horror|Comedy,6.064,242,0.7302,en
833257,Juniper,2021,Drama|Comedy,6.547,53,0.6299,en
923526,99.9 Criminal Lawyer: The Movie,2021,Drama|Comedy|Crime,6.455,11,0.6443,ja
800409,Zarnitsa,2021,Drama,5.2,14,0.6514,ru
716810,Bordertown: The Mural Murders,2021,Crime,6.538,106,0.8532,fi
809910,Triumph,2021,Drama,6.694,54,0.6814,en
820492,Audible,2021,Documentary,6.818,85,0.6851,en
845929,Aurora Teagarden Mysteries: Honeymoon  Honeymurder,2021,Mystery|TV Movie|Drama|Crime,7.216,37,0.7157,en
731740,The Block Island Sound,2021,Horror|Science Fiction|Thriller|Mystery,5.234,265,0.8674,en
614637,Woodlands Dark and Days Bewitched: A History of Folk Horror,2021,Documentary|History,7.597,31,0.9892,en
883876,A Christmas Star,2021,Comedy|Romance|TV Movie,6.37,27,0.733,en
721048,Bell Bottom,2021,Action|Thriller,6.093,43,0.6308,hi
810731,Why Did You Kill Me?,2021,Documentary|Crime,5.928,160,0.6036,en
753926,Toys of Terror,2021,Horror,6.1,34,0.676,en
860269,The Vows We Keep,2021,TV Movie|Drama|Romance,7.3,14,0.6256,en
597305,The Attorney,2021,Drama|Crime|Mystery,6.6,13,0.6758,cn
781453,Anaïs in Love,2021,Drama|Romance|Comedy,6.2,162,0.9482,fr
767504,Black as Night,2021,Horror|Thriller,5.5,129,0.586,en
881957,Captain Nova,2021,Adventure|Family|Science Fiction,6.1,107,0.6566,nl
589713,Shades of the Heart,2021,Drama,6.615,13,0.6317,ko
849938,Framed by My Husband,2021,TV Movie|Thriller|Drama,5.8,16,0.5717,en
734780,Sardar Ka Grandson,2021,Comedy|Drama|Romance|Family,7.1,27,0.7259,hi
846167,In for a Murder,2021,Crime|Comedy,6.169,195,0.7549,pl
591634,False Positive,2021,Horror|Mystery|Thriller,5.6,193,1.0061,en
788210,V.C. Andrews' Pearl in the Mist,2021,TV Movie|Drama,7.5,39,0.7194,en
795530,Language Lessons,2021,Drama|Comedy,6.7,67,0.6456,en
859860,Catch the Bullet,2021,Western|Action,5.6,93,0.8118,en
842239,The Crusade,2021,Comedy|Family,5.2,57,1.5539,fr
895435,Be Somebody,2021,Comedy|Mystery|Drama,7.458,59,0.528,zh
874230,Time for Them to Come Home for Christmas,2021,TV Movie|Comedy|Romance|Drama,6.4,33,0.8544,en
835148,Headspace: Unwind Your Mind,2021,Documentary|Animation,6.8,14,0.6654,en
836950,Ama,2021,Drama,6.336,55,1.6275,es
781044,Dutch,2021,Action|Drama,7.4,17,0.5612,en
855228,The Girl Who Got Away,2021,Horror|Thriller|Mystery,6.241,137,0.9334,en
833971,The House of Flowers: The Movie,2021,Drama,7.923,123,0.9873,es
718498,Aristocrats,2021,Drama,6.948,48,0.7343,ja
795518,Broadcast Signal Intrusion,2021,Horror|Mystery|Thriller,5.6,97,0.6747,en
679548,The Alpha Test,2021,Science Fiction|Thriller,5.3,77,0.5814,en
662400,Days,2021,Drama,6.571,35,0.7285,zh
531820,Made in Chinatown,2021,Action|Comedy,5.8,10,0.6455,en
878987,American Girl,2021,Drama,6.688,32,0.7069,zh
719463,Haute Couture,2021,Drama,6.1,116,0.6837,fr
859453,The Getaway King,2021,Comedy|Crime|Action,6.231,78,0.6157,pl
826047,Why?,2021,Horror,3.9,15,0.7206,en
858815,Photocopier,2021,Drama|Mystery|Thriller,6.922,270,0.6918,id
784963,Tuck Jagadish,2021,Drama|Action|Family,4.7,10,0.8105,te
787923,Marvel's Behind the Mask,2021,Documentary,7.053,47,0.596,en
833393,La Civil,2021,Drama|Crime|Thriller,7.771,96,0.6021,es
560981,The Amusement Park,2021,Horror|Drama|Thriller,6.1,118,0.698,en
852626,Kaguya-sama Final: Love Is War,2021,Comedy|Romance,8.4,16,0.7048,ja
890601,Puff: Wonders of the Reef,2021,Documentary,7.659,104,0.8835,en
790646,The Toll,2021,Comedy|Thriller|Crime,5.612,49,0.6096,en
624793,Creation Stories,2021,Drama|Music,5.9,29,0.7022,en
809340,Her Pen Pal,2021,Romance|Comedy|TV Movie,6.802,58,0.5669,en
846892,The Balcony Movie,2021,Documentary,7.4,31,0.7204,pl
776552,Misha and the Wolves,2021,Documentary|Mystery,6.8,52,0.7317,en
880644,The Good Father: The Martin MacNeill Story,2021,Drama|TV Movie,5.6,20,0.6257,en
524417,This Is the Night,2021,Drama,5.431,36,0.7272,en
796258,Ito,2021,Drama,6.667,24,0.5528,ja
741124,Presidents,2021,Comedy,5.313,150,1.549,fr
876871,The Trick,2021,Drama|Thriller|TV Movie,5.0,10,1.7535,en
865419,The Amityville Moon,2021,Horror,3.9,14,0.427,en
709056,I,2021,Drama,7.0,10,0.5107,ko
918832,Curious George: Cape Ahoy,2021,Animation|Adventure|Comedy,4.9,12,0.7385,en
678466,Garuda Gamana Vrishabha Vahana,2021,Crime|Drama|Thriller,7.647,17,0.757,kn
835551,Masquerade,2021,Thriller,5.5,103,0.7557,en
587668,The Gravedigger's Wife,2021,Drama,6.7,30,0.713,fi
783746,Fatal Fiancé,2021,Thriller|TV Movie|Drama,5.464,14,0.7525,en
783508,Crossword Mysteries: Terminal Descent,2021,TV Movie|Crime|Drama|Mystery|Romance,7.22,50,0.6303,en
674610,A Loud House Christmas,2021,Family|Comedy,7.1,152,0.6105,en
612491,Superheroes,2021,Romance|Comedy|Drama,7.2,227,0.7507,it
498402,Aline,2021,Music|Comedy|Drama|Family,6.6,392,0.7588,fr
720407,Untitled Horror Movie,2021,Horror|Comedy,4.3,57,0.6715,en
876566,The House,2021,Thriller|Drama|Science Fiction,5.397,58,0.7101,de
589752,The World Champion,2021,Drama,6.1,36,0.4992,ru
787836,Atlas,2021,Drama,5.55,30,0.4584,it
754325,The Retreat,2021,Horror,4.6,15,0.4635,en
791346,DC Showcase: Blue Beetle,2021,Animation|Science Fiction|Action|Adventure,6.019,52,0.6396,en
627639,Ana's Desire,2021,Drama,5.6,11,0.5647,es
885654,Spain: The First Globalization,2021,Documentary|History,7.8,11,0.8206,es
809970,Operation Hyacinth,2021,Thriller|Crime|Mystery,6.8,105,0.7261,pl
720318,The Wedding Day,2021,Drama,6.013,39,1.7903,pl
722799,Lena and Snowball,2021,Family|Adventure,5.1,12,0.6746,en
843338,Hinterland,2021,Thriller|Drama|History,6.256,86,0.5418,de
714968,Plan A,2021,Thriller|Drama|History,6.155,103,0.8436,en
792657,Safer at Home,2021,Thriller|Horror|Crime|Drama,5.3,153,0.6362,en
718916,The Exchange,2021,Comedy,5.8,16,0.5742,en
533705,Dr. Bird's Advice for Sad Poets,2021,Comedy|Drama,6.9,68,0.6864,en
883955,Maps and Mistletoe,2021,TV Movie|Comedy|Romance|Drama,5.654,26,0.6465,en
665769,One of These Days,2021,Drama,6.1,14,0.6691,en
821699,Break Through the Darkness,2021,Drama|Action|Crime,5.7,21,0.5171,zh
866665,Sister Swap: A Hometown Holiday,2021,Romance|Comedy|TV Movie,5.71,31,0.6636,en
776541,Hive,2021,Drama,7.029,85,0.694,sq
788942,The Restless,2021,Drama,6.811,103,0.6078,fr
674451,My Fiona,2021,Drama,8.2,12,0.6382,en
763532,Long Story Short,2021,Romance|Comedy|Fantasy,6.732,218,0.7199,en
775978,Notorious Nick,2021,Drama,6.6,13,0.7354,en
530554,Stay Still,2021,Drama,5.077,13,0.7821,de
677054,Bad Roads,2021,Drama,7.0,29,0.722,uk
748618,The Lady of Heaven,2021,History|Drama|Action,6.208,24,0.6936,en
808969,Wetland,2021,Thriller,4.767,15,0.4476,es
820517,In Front of Your Face,2021,Drama,6.8,49,0.5328,ko
590399,Thalaivii,2021,Drama,4.9,17,0.777,ta
838150,Întregalde,2021,Drama|Comedy|Thriller,6.1,22,1.6853,ro
776511,Jockey,2021,Drama,5.833,30,1.1408,en
822138,Ascension,2021,Documentary,6.9,80,0.594,en
719164,Women,2021,Thriller,4.7,39,0.6052,en
887171,Adrienne,2021,Documentary|Drama,6.5,27,0.6347,en
642684,Operation Portugal,2021,Comedy,4.944,107,0.716,fr
654350,The Bad Poet,2021,History|Drama,6.0,143,0.6734,it
653024,The God Committee,2021,Thriller,6.584,89,0.5955,en
609181,Golden Arm,2021,Comedy,5.722,18,0.6812,en
887609,Last Train to Christmas,2021,Fantasy|Drama,5.568,59,0.6503,en
761270,Dancing Queens,2021,Comedy|Drama,5.9,105,0.6417,sv
788396,The Real Charlie Chaplin,2021,Documentary,7.6,28,0.6603,en
814853,Hostage House,2021,Thriller|TV Movie,6.61,50,0.5504,en
871592,Webcam Cheerleaders,2021,Drama|Thriller|TV Movie,6.6,11,0.6636,en
797861,Infinitum: Subject Unknown,2021,Science Fiction|Thriller|Mystery,5.4,56,0.6625,en
536728,The Space Between,2021,Drama|Comedy,5.0,23,0.6395,en
775244,Mousa,2021,Action|Adventure|Science Fiction,6.8,32,0.6925,ar
790962,A Vineyard Romance,2021,TV Movie|Romance|Comedy|Family|Drama,6.525,20,0.6067,en
693730,Charming the Hearts of Men,2021,Drama,5.667,33,0.835,en
805682,Horror in the High Desert,2021,Horror|Mystery,5.8,107,0.5387,en
850337,If I Can't Have Love  I Want Power,2021,Music|Fantasy,6.063,40,0.6232,en
757514,Son of Monarchs,2021,Drama,5.545,11,0.4629,es
861604,Blood Brothers: Malcolm X & Muhammad Ali,2021,Documentary|History,7.3,33,0.7541,en
728054,Vicious Fun,2021,Comedy|Horror|Romance,6.4,129,0.646,en
807867,Authentik,2021,Music|Drama,6.5,127,0.8966,fr
848562,Woodstock 99: Peace  Love  and Rage,2021,Documentary|Music,6.5,98,0.701,en
766105,A Taste of Hunger,2021,Romance|Drama,6.0,69,0.5606,da
675799,Alone,2021,Thriller|Horror|Drama,6.8,20,0.6156,es
881853,The Enchanted Christmas Cake,2021,TV Movie|Comedy|Romance,5.8,46,0.5981,en
609490,Petrov's Flu,2021,Drama|Science Fiction|Comedy,6.3,96,0.7736,ru
528360,Broken Diamonds,2021,Drama,5.1,10,0.5261,en
850986,The Housewives of the North Pole,2021,Comedy|TV Movie,4.9,16,0.5645,en
809733,Hear Me Out,2021,Comedy|Romance,6.367,105,0.606,fr
654323,Peaceful,2021,Drama,7.132,102,0.7954,fr
917524,Beck 43 - Haunted by the Past,2021,Thriller|Drama|Crime|Mystery,5.2,12,0.5198,sv
468085,Awaken,2021,Documentary|Music|Family|Mystery,6.7,12,0.6198,en
673732,Vakeel Saab,2021,Action|Thriller|Crime|Drama,6.4,17,1.0041,te
782474,Kidnapped,2021,Thriller|Drama|TV Movie,6.5,21,0.8049,en
822100,A Choice of Weapons: Inspired by Gordon Parks,2021,Documentary,6.85,20,0.6403,en
779006,Cooking Up Love,2021,TV Movie|Comedy|Family|Romance,6.1,26,0.5863,en
796368,Jathi Ratnalu,2021,Comedy|Crime,7.192,26,0.7954,te
678491,No Man's Land,2021,Drama|Thriller|Action,6.3,37,0.5109,en
835739,Super Monsters: Once Upon a Rhyme,2021,Animation,6.1,69,0.5802,en
695973,Satyameva Jayate 2,2021,Action|Crime|Drama|Thriller,5.5,25,0.6179,hi
878962,Sharkdog’s Fintastic Halloween,2021,Animation|Fantasy|Family,5.2,11,0.5709,en
616827,Rare Beasts,2021,Romance|Comedy|Drama,5.5,31,0.7182,en
866038,Apache Junction,2021,Western|Action|Crime,6.292,178,0.5662,en
846964,And Tomorrow You Will Be Dead,2021,Drama|Thriller,6.7,31,0.4007,de
675024,The Exorcism of Carmen Farias,2021,Horror,6.024,127,0.6118,es
773998,Double Dad,2021,Comedy|Drama|Family,6.6,178,0.6765,pt
768797,You're Not Normal  Either!,2021,Drama|Romance|Comedy,7.5,19,0.7108,ja
798751,Sister,2021,Drama,6.0,21,0.6173,zh
554594,Koati,2021,Animation,7.1,84,0.7899,en
717689,The Year of Fury,2021,Thriller|Drama,6.4,11,0.4972,es
849107,The Rebels of PT-218,2021,War|Action|Drama,3.8,13,0.5002,en
717694,The Auschwitz Report,2021,Drama|History|War,6.358,88,0.7059,sk
587186,Teddy,2021,Action|Thriller|Fantasy|Adventure,6.7,20,0.5149,ta
820923,Mark  Mary + Some Other People,2021,Comedy|Drama|Romance,5.2,26,0.5718,en
851925,Death Alley,2021,Western|Action,5.208,36,1.7586,en
660335,Hunted,2021,Action|Horror|Thriller,6.198,197,0.7637,en
809137,Sand Dollar Cove,2021,TV Movie|Comedy|Romance|Drama,6.8,58,0.7978,en
665387,French Tech,2021,Comedy,6.467,136,0.5257,fr
724331,The Crypt Monster,2021,Comedy|Horror,4.8,70,0.4943,it
865733,Spring,2021,Romance|Drama,4.6,12,1.4717,en
824362,What Did You Eat Yesterday?,2021,Drama|Romance,6.0,16,0.6555,ja
790555,Faceless,2021,Thriller,5.1,14,1.457,en
778660,Pebbles,2021,Drama,6.2,16,0.5985,ta
830991,Ride the Eagle,2021,Comedy|Drama,6.247,79,0.8624,en
899599,Reno 911!: The Hunt for QAnon,2021,TV Movie|Comedy|Crime,5.766,109,0.5551,en
851870,American Insurrection,2021,Action|Drama|Thriller,5.196,51,0.5824,en
820896,Saving Paradise,2021,Drama|Romance,6.0,19,0.6772,en
743048,Wandering Heart,2021,Drama,6.2,20,0.5868,es
853821,Honey Lemon Soda,2021,Romance|Comedy|Drama,7.9,13,0.6715,ja
598389,The Eleventh Chapter,2021,Drama,7.0,26,0.6192,zh
916507,Krass Klassenfahrt - Der Kinofilm,2021,Comedy,5.7,15,0.494,de
785199,Tokyo Shaking,2021,Drama,6.1,44,1.4721,fr
834500,Trippin’ with the Kandasamys,2021,Comedy|Romance,6.8,37,0.7412,en
653712,The Killing of Two Lovers,2021,Drama|Thriller,6.449,99,0.8996,en
757750,Maria Chapdelaine,2021,Drama|Romance,6.3,20,0.5496,fr
853088,Happier Than Ever: A Love Letter to Los Angeles,2021,Music|Documentary,7.79,126,0.8012,en
818336,American Eid,2021,Drama,7.063,16,0.7231,en
747688,Yara,2021,Drama,6.305,437,0.6288,it
796595,Sometime Other Than Now,2021,Drama,5.5,14,0.5931,en
587130,The Reckoning,2021,Horror|Drama,6.444,232,0.6121,en
850329,Shiny_Flakes: The Teenage Drug Lord,2021,Documentary|Crime,7.491,158,0.5989,de
796643,Keeping Company,2021,Horror|Thriller|Comedy|Drama,4.8,10,0.4191,en
801876,Dear Diary: World's First Pranks,2021,Animation|Comedy|Family,6.8,16,0.5696,en
679024,Toofaan,2021,Drama,5.054,28,0.7088,hi
723294,Knock  Knock  It's Mom!,2021,Comedy,5.4,120,0.6772,fr
757916,Let the Wrong One In,2021,Comedy|Horror,5.611,45,0.5402,en
793147,Please Enlighten Me,2021,Romance,6.6,34,0.8086,zh
879330,Soulmates,2021,Comedy,6.1,63,0.6631,en
849752,List of a Lifetime,2021,Drama|TV Movie,6.3,10,0.559,en
811959,The United Way,2021,Documentary,7.0,21,0.4843,en
775162,Ships in the Night: A Martha's Vineyard Mystery,2021,Mystery|TV Movie|Crime,7.286,21,0.7083,en
796157,White Building,2021,Drama,6.4,17,0.3265,km
527176,Ham on Rye,2021,Drama|Fantasy|Mystery,6.346,13,0.5873,en
778814,Daisy Quokka: World's Scariest Animal,2021,Animation|Comedy|Family,6.4,79,0.6994,en
824410,A Madder Red,2021,Drama,7.2,14,0.905,ja
879540,Dave Chappelle: The Closer,2021,Comedy,7.164,259,0.5507,en
768449,American Badger,2021,Action,5.4,45,0.7284,en
866434,Kaanekkaane,2021,Drama|Thriller,7.267,15,0.7588,ml
786562,Fatal Frenemies,2021,Thriller|TV Movie|Drama|Crime,3.769,13,0.6273,en
743873,The Hidden Child,2021,Drama,6.452,63,0.5812,it
850805,The Labyrinth,2021,Horror|Fantasy,4.8,12,0.5459,ko
714995,The Manson Brothers: Midnight Zombie Massacre,2021,Horror|Action|Comedy,4.444,18,0.647,en
874260,A Kiss Before Christmas,2021,TV Movie|Romance|Comedy|Drama,6.044,68,0.5797,en
781777,AEW Double or Nothing 2021,2021,Action|Drama,6.9,19,0.6123,en
805973,Christmas at the Ranch,2021,Romance|Comedy|Drama,6.4,36,0.4688,en
660708,Il Buco,2021,Drama,6.253,95,0.4948,it
876103,A Christmas Together With You,2021,TV Movie|Romance|Drama,6.1,24,0.5323,en
752589,Siberian Sniper,2021,War|History,7.2,31,0.5823,ru
669363,The Man Who Sold His Skin,2021,Drama,6.6,145,0.5554,ar
790509,The Fear Footage 3AM,2021,Horror,7.7,41,0.6104,en
796120,Dreams of Getting Rich,2021,Drama|Comedy,6.818,11,0.525,zh
753946,Nayattu,2021,Thriller|Drama,7.488,42,0.5714,ml
744991,Tribhanga,2021,Drama|Family,7.2,29,1.406,hi
822772,Weißbier im Blut,2021,Crime|Comedy,5.22,25,0.4221,de
826263,I Am Alfred Hitchcock,2021,Documentary,7.3,22,0.636,en
664601,Gunda,2021,Documentary,7.17,56,0.5988,en
835961,Snakehead,2021,Action|Drama|Crime,6.0,27,0.5014,en
805051,Welcome to Smelliville,2021,Animation|Adventure|Family|Fantasy,6.747,77,0.7662,en
823461,Good on Paper,2021,Comedy|Romance,5.567,335,0.5825,en
811933,Julia,2021,Documentary|History,6.2,13,0.8741,en
918930,Ella and the Little Sorcerer,2021,Animation|Fantasy|Drama|Family,4.9,13,0.6595,en
640917,The Time of Indifference,2021,Drama,5.7,28,1.3111,it
664596,Funny Face,2021,Drama|Crime,4.7,15,0.6088,en
886440,Dybbuk,2021,Horror|Thriller|Drama,5.156,16,0.8165,hi
861818,Boomika,2021,Mystery|Thriller|Horror,5.306,18,0.8554,ta
659063,The Misadventures of Hedi and Cokeman,2021,Action|Comedy|Crime,4.6,127,0.5267,fr
798155,Like Dogs,2021,Horror|Thriller,4.6,31,0.6538,en
1087914,A Time to Remember,2021,Romance,7.1,46,0.439,ko
874252,It Takes a Christmas Village,2021,Romance|Comedy|TV Movie,6.7,13,0.5706,en
852719,Twenty Something,2021,Animation|Comedy|Drama,7.199,93,0.5711,en
733989,The Shift,2021,Thriller,6.32,50,1.67,fr
734284,Secrets in the Water,2021,Thriller|TV Movie|Mystery,7.4,17,0.4734,en
816711,Lust for Gold: A Race Against Time,2021,Documentary,6.2,26,0.5201,en
813401,One-Tenth of a Millimeter Apart,2021,Documentary,7.0,10,0.6478,cn
582292,13 Fanboy,2021,Horror,5.0,68,1.8362,en
874194,My Christmas Family Tree,2021,TV Movie|Comedy|Romance|Drama,7.2,41,0.5345,en
585381,Souvenir,2021,Drama,6.3,41,0.4565,es
811769,The First Wave,2021,Documentary|History,6.6,29,0.5262,en
633793,Tell Her,2021,Drama,5.542,12,0.4908,ru
673423,Twittering Birds Never Fly: Don't Stay Gold,2021,Animation|Drama,6.0,12,0.5218,ja
897992,The Amazing Mr. Blunden,2021,Fantasy|Family|Adventure|TV Movie,6.33,47,0.615,en
892113,Death Valley,2021,Horror|Science Fiction|Action,4.811,82,0.6252,en
779001,A Love to Remember,2021,TV Movie|Romance,6.5,22,0.6438,en
812630,El cuartito,2021,Comedy,4.8,15,1.7222,es
825227,Seasoned With Love,2021,Romance|TV Movie,6.154,13,0.5617,en
778256,Streamline,2021,Drama,6.7,25,0.5407,en
746422,The Last Paradiso,2021,Drama|Romance,5.8,119,0.8268,it
807351,The Colour Room,2021,Drama,6.1,45,0.6167,en
886771,Joy for Christmas,2021,TV Movie|Comedy|Romance,6.1,26,0.5142,en
590397,Bhuj: The Pride of India,2021,War|History|Action|Drama,5.3,27,0.6493,hi
881211,Snoopy Presents: For Auld Lang Syne,2021,Animation|Family|Comedy,7.2,106,0.638,en
686918,Lone Wolf,2021,Drama,4.1,14,0.7521,en
831982,Creating an Army of the Dead,2021,Documentary,6.022,23,0.5186,en
878419,Royally Wrapped For Christmas,2021,TV Movie|Comedy|Romance,6.1,32,0.642,en
793896,Triassic Hunt,2021,Action|Science Fiction|Horror,5.3,49,0.6231,en
598413,Send It!,2021,Action|Adventure|Comedy,5.8,24,0.6803,en
920095,Playdate,2021,Drama|Thriller,6.2,17,1.5001,fr
694938,R.I.A.,2021,Adventure|Science Fiction|Thriller,4.648,27,0.6952,en
644468,Bhoomi,2021,Drama,4.4,17,0.756,ta
508444,Falling for Figaro,2021,Romance|Comedy|Music,6.5,60,0.8303,en
861252,69 + 1,2021,Comedy,6.7,20,0.69,tl
734796,Don't Kill Me,2021,Horror,4.6,172,0.6513,it
946552,Operation Overlord,2021,War,6.4,40,0.5213,en
874244,Gingerbread Miracle,2021,TV Movie|Comedy|Drama|Romance,6.0,30,0.5758,en
574095,The Jonsson Gang,2021,Comedy|Crime,4.6,18,0.8014,sv
725133,Gump,2021,Family|Adventure|Drama,7.147,17,0.5211,cs
502376,Tiger Robbers,2021,Comedy|Adventure,4.9,10,0.5085,zh
426615,Shoplifters of the World,2021,Comedy|Drama,5.0,25,0.476,en
646376,The Middle Man,2021,Comedy|Drama,6.091,55,0.5646,en
809349,Poisoned in Paradise: A Martha's Vineyard Mystery,2021,TV Movie|Mystery,7.1,20,0.7275,en
802504,Just Say Yes,2021,Comedy|Romance,6.292,212,0.5523,nl
820654,Envy: A Seven Deadly Sins Story,2021,Drama|TV Movie,6.136,11,0.4769,en
793332,Marry Me Again?,2021,Comedy|Drama|Family,5.5,16,0.6211,ar
788253,V.C. Andrews' All That Glitters,2021,TV Movie|Drama|Thriller,6.8,14,0.5524,en
795410,Bliss,2021,Romance|Drama,5.324,17,0.5548,de
744278,Mondocane,2021,Action|Crime|Science Fiction|Drama,6.299,154,0.5193,it
806443,Time,2021,Drama,7.2,12,0.6182,cn
897765,Killer Cover Up,2021,TV Movie|Thriller|Drama,5.5,14,0.7842,en
891464,Zero,2021,Thriller|Science Fiction|Crime,4.816,19,0.6521,de
888492,A Forbidden Orange,2021,Documentary|History,5.3,15,0.5965,es
726220,Beans,2021,Drama,6.286,28,0.6785,en
878424,A Kindhearted Christmas,2021,TV Movie|Comedy|Romance,6.1,68,0.8561,en
1019545,Requiem,2021,Drama,6.8,19,0.5952,en
920977,One Night Off,2021,Comedy,5.5,39,0.5097,de
912802,Superworm,2021,Animation|Family|Comedy|TV Movie,6.4,12,0.7349,en
819500,Found,2021,Documentary,7.405,37,0.6535,en
870404,Meteor,2021,Science Fiction|Thriller,5.4,102,0.5821,en
749968,The Only One,2021,Drama|Romance,5.5,22,0.733,en
811554,Aarkkariyam,2021,Drama,7.4,19,0.536,ml
590387,Brian Wilson: Long Promised Road,2021,Documentary|Music,6.2,20,0.5697,en
783558,Fly Me Away,2021,Comedy|Drama,6.7,89,0.5569,fr
784594,Live Spectacle NARUTO ~Song of the Akatsuki~,2021,Unknown,7.2,44,0.4974,ja
883936,Under the Christmas Tree,2021,TV Movie|Romance,6.0,27,0.5028,en
791910,Rise of the Mummy,2021,Fantasy|Horror|Science Fiction,5.478,46,0.6778,en
878384,Toying with the Holidays,2021,TV Movie|Comedy|Romance|Drama,6.2,31,0.4596,en
630486,Night Drive,2021,Thriller|Horror,4.5,20,0.5841,en
858073,Aranmanai 3,2021,Comedy|Horror|Drama,3.5,14,0.5165,ta
799360,MatchMaker Mysteries: The Art of the Kill,2021,Mystery|Drama|TV Movie|Crime,6.7,31,0.5772,en
774454,Red Snow,2021,Horror|Comedy,5.957,93,1.4351,en
698320,The Mad Hatter,2021,Horror|Thriller,5.3,63,0.6593,en
783305,Chronicle Mysteries: Helped to Death,2021,Mystery|TV Movie,7.421,19,0.5066,en
821046,7 Days,2021,Romance|Comedy,6.107,28,0.4367,en
829358,Queen of Spades,2021,Horror,6.0,85,0.6891,en
778730,Crazy About Her,2021,Comedy|Romance,7.202,486,0.6904,es
750272,Paper Spiders,2021,Drama,6.283,30,0.5689,en
729793,Wet Dog,2021,Drama,7.125,16,0.4668,de
747548,Hero Dog: The Journey Home,2021,Adventure,7.213,61,0.5796,en
681435,Red,2021,Crime|Mystery|Thriller,5.3,59,0.5756,te
823803,My Husband's Killer Girlfriend,2021,Thriller|TV Movie,7.3,11,0.5678,en
630926,A New Year's Resolution,2021,Romance|TV Movie,6.294,34,0.4857,en
856245,To Kill the Beast,2021,Mystery|Fantasy|Thriller,6.05,149,0.5862,es
767553,The Time Thief,2021,Fantasy|Science Fiction,6.6,17,0.5121,fr
838154,Hit the Road,2021,Comedy|Drama,6.738,149,0.5623,fa
792334,Sulthan,2021,Action|Thriller|Romance,5.325,20,0.5273,ta
824738,Are You Lonesome Tonight?,2021,Crime|Drama|Mystery|Thriller|Romance,5.6,25,0.5115,zh
778913,I Missed You,2021,Romance|Drama|Family,6.3,10,0.6272,zh
756603,The Accusation,2021,Drama,7.073,186,0.5144,fr
886849,Not So Friendly Neighborhood Affair,2021,Comedy|Drama,7.1,15,0.6693,bs
894432,The Gardener,2021,Action|Thriller,4.955,22,0.5714,en
798159,Hum Do Hamare Do,2021,Comedy|Drama|Family,5.3,20,0.5826,hi
818356,Growing Fangs,2021,Drama|Romance|Family|Fantasy,6.6,17,0.6252,en
835963,Commitment Hasan,2021,Drama,6.9,14,0.6596,tr
600950,Hijra in Between,2021,Romance|Drama|TV Movie,7.2,26,0.6194,zh
784986,Love in Translation,2021,Comedy|Romance|Family|TV Movie,6.3,25,0.4854,en
735812,Death of a Telemarketer,2021,Comedy|Drama,5.5,35,0.5561,en
874147,The Christmas Promise,2021,TV Movie|Romance|Drama,5.9,35,0.5705,en
799861,The Boathouse,2021,Mystery|Drama|Thriller,5.5,10,0.4697,en
768331,The Inner Cage,2021,Drama|Crime,7.0,277,0.6246,it
476044,Street Gang: How We Got to Sesame Street,2021,Documentary,7.385,26,0.5729,en
728113,And Tomorrow the Entire World,2021,Crime|Drama|Romance,6.0,37,0.7442,de
784572,Krack,2021,Action|Crime|Drama,6.0,26,0.5219,te
793180,Love  Bubbles & Crystal Cove,2021,TV Movie|Comedy|Romance|Drama,6.0,19,0.5911,en
704035,What Happened to Our Nest Egg!?,2021,Comedy|Drama|Family,6.7,12,0.7161,ja
960481,The Warrior Princess,2021,History|Action|Drama,7.1,132,0.6136,mn
842424,Fly,2021,Music|Drama|Romance,6.0,37,0.5654,de
772436,Killing Cabos 2: The Mask of El Máscara,2021,Action|Comedy|Adventure,7.717,83,0.6625,es
789413,Bram Stoker's Van Helsing,2021,Horror,5.7,89,0.4981,en
833804,This Is GWAR,2021,Documentary|Music|Horror,6.9,14,0.4204,en
838889,Down with the King,2021,Drama|Music,5.8,24,0.5864,en
706085,Av: The Hunt,2021,Thriller,5.7,35,0.5234,tr
876444,One December Night,2021,TV Movie|Comedy|Romance|Family,6.375,24,0.5193,en
917263,Making The Witcher: Season 2,2021,Documentary,6.926,34,0.7868,en
860267,South Beach Love,2021,TV Movie|Comedy|Romance,6.667,27,0.5223,en
874257,Jingle Bell Princess,2021,TV Movie|Comedy|Drama|Romance,6.5,45,0.5331,en
763109,I Am Zlatan,2021,Drama,5.717,159,0.5047,sv
579879,The North Wind,2021,Drama,5.455,11,0.4766,ru
857700,47 Bombs,2021,Action|Thriller|Crime,7.104,120,0.6902,pl
870218,Editing,2021,Drama,6.4,13,0.5426,en
826241,The Perfect Family,2021,Comedy|Drama|Family,5.488,126,0.4827,es
891708,The Bitch Who Stole Christmas,2021,Comedy|TV Movie|Drama,4.684,19,0.6341,en
800705,Alien Conquest,2021,Science Fiction|Action|TV Movie,3.0,26,0.746,en
888683,4 Kings,2021,Action|Drama|Crime,6.55,20,0.5116,th
788647,Kally’s Mashup: A Very Kally's Birthday,2021,Music|Family|TV Movie|Romance,8.1,101,0.4793,es
666390,Bunty Aur Babli 2,2021,Comedy|Crime|Drama,4.955,11,0.4913,hi
788920,Dealer,2021,Drama,5.2,30,0.5453,nl
920342,Monster's Battlefield,2021,Science Fiction|Action|Horror,6.8,194,0.5139,zh
758506,Last of the Grads,2021,Horror|Thriller,3.2,10,0.475,en
710309,Burial Ground Massacre,2021,Horror,2.4,13,0.5092,en
708808,Witness Infection,2021,Horror|Comedy,4.5,11,0.575,en
770742,My Brother  My Sister,2021,Drama,6.402,122,0.5748,it
567910,The Show,2021,Drama|Fantasy|Mystery,5.4,40,0.5782,en
787864,Madonna: Madame X,2021,Music,7.707,29,0.4966,en
661930,The Swarm,2021,Horror|Drama,5.796,507,0.7484,fr
791975,Crazy for Football - Matti per il calcio,2021,Drama|TV Movie|Comedy,7.3,16,0.4822,it
874246,The Great Christmas Switch,2021,TV Movie|Drama|Romance|Comedy,5.5,19,0.6067,en
698410,Adventures of Rufus: The Fantastic Pet,2021,Family|Adventure|Fantasy,5.4,17,0.5833,en
675480,Last Call,2021,Comedy,5.1,13,0.6237,en
779005,Designed with Love,2021,TV Movie|Comedy|Family|Romance,5.5,23,0.4745,en
877831,Sugar Plum Twist,2021,TV Movie|Comedy|Romance|Drama,6.1,20,0.4394,en
837548,Together,2021,Drama|Comedy,5.8,118,0.5471,en
842361,Invisible Demons,2021,Documentary,6.929,14,0.3821,hi
858908,Raise a Glass to Love,2021,TV Movie|Romance|Comedy,6.0,22,0.5107,en
813858,Under the Stadium Lights,2021,Drama,6.0,19,0.4625,en
761332,Silver Spoon,2021,Drama|Thriller|Action|Comedy,5.7,28,0.5784,ru
847335,Moonlight Shadow,2021,Drama,6.3,14,0.5852,ja
712345,Skies of Lebanon,2021,Comedy|Drama,6.7,42,0.6358,fr
661927,Underground,2021,Drama,6.8,16,0.4837,fr
874196,The Christmas House 2: Deck Those Halls,2021,Romance|Drama|TV Movie,5.4,27,0.5648,en
706972,Narco Sub,2021,Action,6.657,261,0.4709,en
878401,Angel Falls Christmas,2021,TV Movie|Comedy|Romance,5.3,140,0.5562,en
854723,Another Girl,2021,Drama|Mystery,4.9,18,0.4819,en
653748,The Go-Go's,2021,Documentary|Music,7.146,24,0.5242,en
751503,Help  I Shrunk My Friends,2021,Family|Adventure|Fantasy,4.9,22,0.5433,de
900743,Nicole Byer: BBW (Big Beautiful Weirdo),2021,Comedy,6.1,16,0.6599,en
888500,'Tis the Season to be Merry,2021,TV Movie|Comedy|Romance|Drama,6.1,53,0.5664,en
734372,An Intrusion,2021,Thriller,5.75,12,0.5423,en
811050,The Legend of the Christmas Witch: The Origins,2021,Family|Fantasy|Comedy,5.915,82,0.5228,it
821683,Promises,2021,Drama,5.558,69,1.6209,en
681461,The Surrogate,2021,Drama,4.1,14,0.4751,en
878417,Christmas Time Is Here,2021,TV Movie|Comedy|Romance|Drama,4.4,38,0.4246,en
833427,Plaza Catedral,2021,Drama|Thriller,6.1,12,0.5805,es
826704,Blue,2021,Drama,6.7,10,0.5761,ja
701524,A Cop Movie,2021,Documentary|Crime|Drama,7.2,64,0.5781,es
819701,Sweet Carolina,2021,TV Movie|Romance|Family|Drama,7.017,29,0.4217,en
671266,Ni tuyo  ni mía,2021,Drama,8.643,70,0.5296,es
439213,More Than Miyagi: The Pat Morita Story,2021,Documentary,7.1,45,0.6343,en
786110,Jakob's Wife,2021,Horror|Thriller|Fantasy,5.7,128,0.6086,en
832189,The Year of the Everlasting Storm,2021,Drama|Mystery|Documentary,6.5,10,0.7347,en
774785,The Right One,2021,Comedy|Romance,5.9,37,0.4854,en
743921,Blurred Lines,2021,Drama,6.028,18,0.5561,de
660205,Land Of The Sons,2021,Science Fiction,6.1,112,0.6341,it
801583,The Mutation,2021,Horror,4.1,16,0.4552,en
878477,Romance in the Wilds,2021,TV Movie|Romance,6.9,18,0.2893,en
646071,Foxhole,2021,Drama|War|Action|History,6.2,20,0.5147,en
800505,Wedding Cake Dreams,2021,TV Movie|Comedy|Romance,6.6,13,0.4365,en
861126,Ostap Bender: The Final Hustle,2021,Adventure|Comedy|Action|Crime,8.0,51,0.3695,ru
734322,Anonymous Animals,2021,Fantasy|Thriller|Horror,6.295,40,0.4393,fr
655379,Copilot,2021,Drama,6.6,23,0.4272,de
1252539,Chris Rock Total Blackout: The Tamborine Extended Cut,2021,Comedy|TV Movie|Documentary,6.4,10,0.4502,en
728132,The Third War,2021,Drama|Thriller,5.9,48,0.3561,fr
879818,A Professor's Vengeance,2021,TV Movie|Mystery|Thriller|Crime,6.6,13,0.3948,en
879535,Four Hours at the Capitol,2021,Documentary,7.3,55,0.6973,en
842356,The Velvet Queen,2021,Documentary,7.9,136,0.4882,fr
830891,Sherni,2021,Drama,6.306,31,0.549,hi
885277,Arsène Wenger: Invincible,2021,Documentary,7.6,14,0.8129,en
839734,Left for Dead: The Ashley Reeves Story,2021,Drama|TV Movie,6.5,20,0.6072,en
890757,A Christmas Proposal,2021,TV Movie|Romance,6.569,29,0.3936,en
785212,Clara Sola,2021,Drama|Fantasy,6.7,44,0.5481,es
879913,Goldbeak,2021,Animation|Adventure|Family,7.25,28,0.5004,zh
784058,School's Out Forever,2021,Horror|Thriller|Drama|Comedy,5.469,16,0.5,en
623273,Women Is Losers,2021,Drama|History,5.958,12,0.4183,en
498587,The Book Of Vision,2021,Drama|History|Mystery,6.117,30,0.4882,en
717942,Sweet River,2021,Horror|Mystery,5.4,23,0.5425,en
791779,Joji,2021,Drama|Crime,7.508,64,0.5654,ml
804013,Under the Volcano,2021,Documentary|Music,6.9,13,0.5725,en
637014,Tango Shalom,2021,Comedy,5.2,12,0.5596,en
751163,Magnesium,2021,Crime|Action|Comedy,4.5,12,0.6063,pl
880004,Wicked Games,2021,Horror|Thriller,3.9,15,0.5501,en
775617,Two for the Win,2021,Romance|TV Movie,6.5,20,0.5567,en
786683,The Wrong Mr. Right,2021,Thriller|TV Movie|Drama,4.4,13,0.4756,en
723270,Useless Humans,2021,Comedy|Horror|Science Fiction,4.868,19,0.5254,en
694254,Baggio: The Divine Ponytail,2021,Drama,6.422,435,0.6963,it
873972,Hunters,2021,Action,6.174,23,0.4745,en
869434,Unknown Dimension: The Story of Paranormal Activity,2021,Documentary|Horror,6.5,40,0.524,en
805455,White Snake: Love Tribulation,2021,Romance|Fantasy,7.2,27,0.4541,zh
811741,Teka-Teki Tika,2021,Comedy|Mystery|Thriller,5.8,10,0.4516,id
778997,A Whirlwind Wedding,2021,Romance|TV Movie,6.4,21,0.4711,en
889300,Love Me Instead,2021,Drama,6.5,56,0.6493,tr
809160,Last Man Standing: Suge Knight and the Murders of Biggie and Tupac,2021,Documentary|Music|Crime,6.6,11,0.4867,en
782760,COVID-21: Lethal Virus,2021,Science Fiction|Thriller|Horror,5.5,236,0.5249,en
866721,Killer Cheer Mom,2021,Drama|Thriller|TV Movie,6.2,16,0.4388,en
736842,Royal Blossom,2021,Romance|TV Movie,5.765,17,1.5879,en
784047,Creating The Queen's Gambit,2021,Documentary,7.831,136,0.633,en
729577,The Last Son,2021,Western|Action|Adventure|Drama,5.601,139,0.5598,en
882038,Difference in Experience,2021,Romance|Comedy|Drama,5.9,12,0.4332,ar
597840,Pinocchio: A True Story,2021,Animation|Fantasy|Family,2.935,31,0.5733,ru
576547,Girls Got Game,2021,Comedy,6.1,16,0.5832,ru
755836,Chandigarh Kare Aashiqui,2021,Drama|Romance,5.898,49,0.5169,hi
818119,Chadwick Boseman: Portrait of an Artist,2021,Documentary,8.0,14,0.7066,en
881500,A Christmas Miracle for Daisy,2021,Romance|Comedy|Family|TV Movie,5.881,112,0.9316,en
924763,Weekend Warriors,2021,Action|Thriller,7.37,23,1.0985,en
633954,The Guide to the Perfect Family,2021,Comedy|Drama,6.5,103,0.4107,fr
426242,Where Is Anne Frank,2021,Animation|Drama|Family|History,6.6,82,0.6314,en
844158,Realm of Terracotta,2021,Animation|Fantasy|Adventure,6.292,24,0.5866,zh
888491,Juice WRLD: Into the Abyss,2021,Documentary|Music,7.8,20,0.4921,en
848067,The Blackout Experiment,2021,Drama|Horror,4.1,23,0.3516,en
842169,Girl Next,2021,Horror|Thriller,4.7,30,0.6237,en
880545,Merry Liddle Christmas Baby,2021,Drama|Romance|TV Movie,7.5,17,0.3661,en
820711,Good Mother,2021,Drama,6.3,25,0.3582,fr
818342,Dinner Is Served,2021,Drama,6.382,17,0.6102,en
865404,Once Upon a Time in Euskadi,2021,Drama,6.271,35,0.5588,es
749505,The Estate,2021,Comedy|Thriller,4.2,13,0.6679,en
745078,Prime Time,2021,Drama|Thriller,5.186,97,0.6566,pl
525989,A Dark Foe,2021,Crime|Thriller|Drama|Horror,3.5,20,0.5182,en
785209,Playground,2021,Drama,7.056,180,0.6541,fr
856321,Private Desert,2021,Drama,6.831,83,0.688,pt
890787,Christmas Takes Flight,2021,TV Movie|Comedy|Romance,5.7,16,0.5052,en
793157,Lemon and Poppy Seed Cake,2021,Drama,6.615,39,0.4819,es
894155,Jonas Brothers Family Roast,2021,Comedy|Music|Documentary,6.485,66,0.4896,en
917376,Hansel & Gretel: After Ever After,2021,Fantasy|Family|Comedy,7.1,28,0.4038,en
794246,With or Without You,2021,Drama|Comedy,6.6,35,0.4776,it
863946,Horror Noire,2021,Horror,4.5,22,0.4966,en
874167,The Timekeepers of Eternity,2021,Animation|Mystery|Science Fiction|Horror,7.063,16,0.5433,en
660005,Suzanna Andler,2021,Drama,4.8,16,0.5196,fr
847357,Mystery 101: Deadly History,2021,TV Movie|Crime|Mystery,8.0,24,0.5581,en
845885,Dark Blood,2021,Crime|Drama,4.4,14,0.4258,es
795797,Introduction,2021,Drama,6.422,32,0.6545,ko
823526,Knock Knock,2021,Thriller|Comedy|Mystery,6.8,13,0.4714,zh
658075,Hungama 2,2021,Comedy,4.6,17,0.5333,hi
912499,Kiss the Cook,2021,TV Movie|Comedy|Romance|Family,6.3,14,0.4706,en
793155,Brothers-In-Law,2021,Comedy|Crime,6.0,23,1.441,gl
766358,Sound of Violence,2021,Horror|Thriller|Crime|Music,4.931,36,0.5944,en
789358,Check,2021,Crime|Thriller,5.4,12,0.4581,te
685169,People Just Do Nothing: Big in Japan,2021,Comedy,6.532,47,0.5702,en
806804,Aileen Wuornos: American Boogeywoman,2021,Horror|Thriller,5.153,85,0.5629,en
895595,The Making of 'Rocky vs. Drago',2021,Documentary,5.7,11,0.3951,en
881050,The Sands Between,2021,Drama|Romance,6.6,11,0.407,en
786532,Agent Revelation,2021,Action|Science Fiction|Drama,5.625,32,0.5777,en
728814,The Box,2021,Music|Drama,6.0,12,0.8483,ko
700127,Lulli,2021,Comedy|Romance|Fantasy,5.8,219,0.5271,pt
802068,Wild Dog,2021,Action|Thriller,5.5,22,0.4707,te
668408,The King of Laughter,2021,Drama|History,7.471,204,0.5532,it
811086,Yellow Dragon's Village,2021,Crime|Thriller|Action|Adventure|Horror,6.05,10,0.5023,ja
674531,Bob Biswas,2021,Crime|Thriller|Action,6.524,21,0.5325,hi
814780,Farm to Fork to Love,2021,Romance|TV Movie,6.5,51,0.7014,en
674255,Vengeance Is Mine  All Others Pay Cash,2021,Action|Romance|Comedy,6.706,17,0.5161,id
820710,Medusa,2021,Fantasy|Horror,5.641,32,0.5509,pt
874152,Christmas in My Heart,2021,TV Movie|Drama|Romance|Music,5.9,23,0.3555,en
855654,The Secret Sauce,2021,TV Movie|Comedy|Romance,6.4,16,0.4449,en
860271,Signed  Sealed  Delivered: The Vows We Have Made,2021,TV Movie|Romance|Comedy|Mystery,6.962,26,0.6664,en
784167,The Power,2021,Drama|Action,6.4,14,0.4018,hi
776586,Ma Belle  My Beauty,2021,Drama|Romance,5.7,14,0.3903,en
852981,Collection,2021,Thriller|Mystery|Crime|Drama,5.2,46,0.576,en
820518,Dinosaur Train: Adventure Island,2021,Animation|Family|Adventure|Science Fiction|TV Movie,9.2,12,0.633,en
886563,Permis de construire,2021,Comedy,5.508,127,0.5751,fr
812173,A Love Yarn,2021,Romance|Comedy|TV Movie|Family,6.7,19,0.3956,en
791315,Netrikann,2021,Thriller|Mystery|Crime,5.9,12,0.4466,ta
882093,David and the Elves,2021,Family|Fantasy|Comedy,6.1,91,0.6173,pl
862582,Untold: Breaking Point,2021,Documentary,7.571,49,0.6596,en
831028,They Talk,2021,Horror|Mystery|Thriller,4.27,37,0.4729,it
576352,The Cloud in Her Room,2021,Drama,6.5,10,0.4285,zh
836691,Shark Beach with Chris Hemsworth,2021,Documentary|TV Movie,6.6,20,0.8442,en
608499,Saint-Narcisse,2021,Comedy|Drama|Romance,5.6,20,0.3932,en
809968,Bartkowiak,2021,Action|Thriller,6.031,160,0.606,pl
799497,Get the Goat,2021,Action|Comedy|Crime,6.886,211,0.4579,pt
667938,Curveball,2021,Comedy|Drama|War,7.167,12,0.6241,de
500458,Marighella,2021,Drama|History|Action,7.586,134,0.5432,pt
868581,Identical Love,2021,Romance|TV Movie,6.8,23,0.5922,en
800823,The Kids Are Alright: Destination Asturias,2021,Comedy|Family,5.6,161,0.5957,es
825647,Star Wars Biomes,2021,Science Fiction|Documentary,6.482,57,0.5097,en
716855,The Blind Man Who Did Not Want to See Titanic,2021,Drama|Romance|Thriller,7.205,56,0.5444,fi
681015,The Long Goodbye,2021,Drama|Thriller,6.7,65,0.5486,en
762842,Shelter in Place,2021,Horror|Thriller,4.0,23,0.4664,en
658780,Garage Sale Mysteries: Searched & Seized,2021,TV Movie|Crime|Mystery,6.8,12,0.591,en
825252,Haters,2021,Comedy,3.7,73,0.5873,fr
776490,The Pink Cloud,2021,Drama|Science Fiction,5.8,39,0.4545,pt
691417,The Penthouse,2021,Drama|Thriller|TV Movie,3.2,17,0.6567,en
793441,A Honeymoon to Remember,2021,Comedy|Romance|TV Movie,5.3,21,0.5625,en
890665,Game Changer,2021,Comedy|Crime,6.5,28,0.4205,th
821546,The Loneliest Whale: The Search for 52,2021,Documentary,7.2,10,0.5293,en
893702,Mariah's Christmas: The Magic Continues,2021,Music|Family,4.75,16,0.5719,en
818659,Carnaval,2021,Comedy,5.038,80,0.5408,pt
874166,Christmas at Castle Hart,2021,TV Movie|Comedy|Romance|Drama,6.276,49,1.3129,en
797594,Britney vs. Spears,2021,Documentary|Music,7.054,193,0.4353,en
682757,Sisters with Transistors,2021,Documentary|History|Music,6.9,19,0.3917,en
838443,Fire on the Plain,2021,Mystery|Crime,5.1,17,0.4303,zh
878111,A Christmas Number One,2021,Romance|Comedy|Music|Drama,5.536,42,0.6047,en
793252,Mystery 101: Killer Timing,2021,Mystery|TV Movie|Crime|Drama,7.68,25,0.4803,en
769271,The Humans and the Mongoose,2021,Comedy|Science Fiction|Adventure,4.9,16,0.4253,ar
795982,One Perfect Wedding,2021,TV Movie|Comedy|Romance,6.6,21,0.5763,en
777726,Marx Can Wait,2021,Documentary,7.3,40,0.4794,it
763569,Moments Like This Never Last,2021,Documentary,6.1,10,0.537,en
675575,Honeydew,2021,Horror,4.884,69,0.5403,en
590304,June Again,2021,Drama|Comedy,6.5,37,0.4156,en
845422,Bankrolled,2021,Comedy,5.5,31,0.4344,es
650747,Historias lamentables,2021,Comedy,6.8,50,0.5114,es
807072,Hello Charlie,2021,Adventure|Comedy,6.4,16,0.6046,hi
877819,A Lot Like Christmas,2021,TV Movie|Comedy|Romance,6.14,25,0.3989,en
915533,Riverfront Romance,2021,Romance,6.636,11,0.4058,en
669666,Home,2021,Drama,6.746,65,0.4635,en
833428,The Love Letter,2021,Drama|Romance|Comedy,5.7,47,0.5134,fr
665753,All Hands on Deck!,2021,Comedy,6.893,98,0.5158,fr
774054,The Minimalists: Less Is Now,2021,Documentary,6.168,149,0.3617,en
802194,Downeast,2021,Drama|Crime|Thriller,6.833,24,0.4394,en
603783,Home Sweet Home,2021,Mystery|Thriller|Crime,6.5,20,0.5785,zh
631583,Sacrifice,2021,Horror,4.51,52,0.4307,en
786015,Sweetheart,2021,Comedy|Drama|Romance,6.1,32,0.6275,en
774456,Garcia & Garcia,2021,Comedy,5.4,69,0.3903,es
709629,War of Likes,2021,Comedy,7.688,242,0.4249,es
643454,Show Me What You Got,2021,Drama|Romance,5.2,16,0.2908,en
810190,Kala,2021,Action|Thriller,6.2,16,0.443,ml
817772,Lust: A Seven Deadly Sins Story,2021,Drama|TV Movie|Romance|Mystery,5.038,13,1.2111,en
890228,A Man Named Scott,2021,Documentary|Music,7.5,30,0.5033,en
741664,Catweazle,2021,Comedy,5.85,50,0.4638,de
831224,Soccer Mom Madam,2021,Drama|TV Movie,5.5,16,0.6185,en
874219,A Holiday in Harlem,2021,Comedy|Romance,4.6,13,0.4882,en
876644,The Alternate,2021,Science Fiction|Thriller,4.231,13,0.2778,en
832128,A Christmas Dance Reunion,2021,Romance|TV Movie,6.0,16,0.3878,en
786798,Alpha Rift,2021,Science Fiction|Action|Fantasy,4.8,11,0.3442,en
873840,Savage X Fenty Show Vol. 3,2021,Documentary|Music,7.1,23,0.4212,en
654553,Yuvarathnaa,2021,Action|Drama,4.818,11,0.6425,kn
784117,Um Tio Quase Perfeito 2,2021,Comedy|Family,6.5,10,0.3459,pt
778996,A Romance Wedding,2021,Romance|TV Movie,6.26,25,0.5397,en
746781,The Night,2021,Horror|Mystery,5.621,116,0.4464,fa
832074,Tourist,2021,Action,6.181,36,0.5117,ru
825422,Fauci,2021,Documentary,3.3,30,0.675,en
653715,Summertime,2021,Comedy|Drama|Music,6.4,23,0.5691,en
592662,Castle in the Ground,2021,Drama,4.3,12,0.4449,en
775265,Virus Shark,2021,Horror|Science Fiction,4.5,35,0.4713,en
884341,Accidentally in Love,2021,TV Movie|Comedy|Romance,6.577,13,0.447,en
850490,Oasis: Knebworth 1996,2021,Documentary|Music,7.8,21,0.5204,en
876119,The Nine Kittens of Christmas,2021,TV Movie|Comedy|Romance|Drama|Fantasy,6.9,40,0.5242,en
742391,Final Set,2021,Drama,6.133,180,0.5041,fr
666622,Breaking Up in Rome,2021,Romance|Comedy|Drama,6.6,216,0.5578,it
866129,Candy Coated Christmas,2021,Romance|Comedy|TV Movie,6.3,37,0.6078,en
797309,Biggie: I Got a Story to Tell,2021,Documentary|Music,7.156,138,0.7204,en
659947,Wildfire,2021,Drama,6.0,14,0.5948,en
842349,Bigger Than Us,2021,Documentary,7.1,18,0.3996,en
891910,Escape from Death Block 13,2021,Action,5.9,36,0.5046,en
661931,The Daughter,2021,Thriller|Drama,5.947,47,0.3324,es
743232,Tigers,2021,Drama,5.7,29,0.5537,sv
637201,American Sausage Standoff,2021,Comedy,5.0,10,0.4057,en
787738,Take Me to Tarzana,2021,Comedy,7.8,12,0.5057,en
895089,A Clüsterfünke Christmas,2021,Comedy,5.5,18,0.5485,en
881246,Blending Christmas,2021,TV Movie|Comedy|Family|Drama,5.235,17,0.5287,en
517815,The Girl and the Spider,2021,Drama,6.023,43,0.4242,de
900246,Six Degrees of Celebration 8,2021,Comedy,4.8,20,0.6048,ru
804244,The Day Sports Stood Still,2021,Documentary,6.033,15,0.6123,en
737012,The Perfect David,2021,Drama,4.909,11,0.4028,es
838146,The Tsugua Diaries,2021,Drama,6.13,23,0.5269,pt
880728,The Test,2021,Comedy,6.2,148,0.398,fr
637254,Test Pattern,2021,Drama,6.9,26,0.4054,en
817775,What Drives Us,2021,Documentary|Music,6.8,21,0.4396,en
797245,Carpoolers,2021,Comedy,5.9,46,0.4389,es
788610,Fake Famous,2021,Documentary,7.114,44,0.501,en
638784,The Dog Who Wouldn't Be Quiet,2021,Drama,6.591,55,0.3607,es
633949,Memory Box,2021,Drama,6.3,30,0.4733,fr
631880,Tyger Tyger,2021,Drama,5.0,12,0.4809,en
833391,Together Forever Tea,2021,Romance|TV Movie|Family,7.167,15,0.5965,en
874948,Grudge,2021,Thriller|Drama,6.052,96,0.53,tr
770554,Price of Parenting,2021,Comedy,5.335,115,0.7592,fr
839440,Dinosaur Hotel,2021,Horror|Science Fiction|Mystery,5.1,80,0.5329,en
829035,Axeman at Cutter's Creek,2021,Horror,3.5,12,0.4394,en
788931,Leave No Traces,2021,Drama|History|Thriller,6.857,70,0.435,pl
705956,A Distant Place,2021,Drama,5.9,12,0.6325,ko
575343,Masha,2021,Drama|Crime,4.7,10,0.3719,ru
776553,Playing with Sharks,2021,Documentary,7.6,11,0.5031,en
743115,Toubab,2021,Comedy,6.109,23,0.5254,de
858159,Human Resources,2021,Mystery|Horror|Thriller,4.583,18,0.4773,en
881239,Holiday in Santa Fe,2021,TV Movie|Comedy|Drama|Family,6.0,26,0.403,en
780632,June & Kopi,2021,Comedy|Drama|Family,7.0,12,0.4916,id
842684,Death and the Winemaker,2021,Animation|Fantasy,7.3,14,0.4205,fr
883951,Ghosts of Christmas Past,2021,Comedy|Romance|TV Movie|Drama,6.2,30,0.4706,en
904263,Jimmy Carr: His Dark Material,2021,Comedy,6.843,102,0.3811,en
807597,P!nk: All I Know So Far,2021,Documentary|Music,7.727,55,0.495,en
706646,Me You Madness,2021,Comedy,5.1,22,0.5671,en
829729,Potter's Ground,2021,Drama|Thriller|Western,6.2,33,0.4656,pt
816480,Out of Time,2021,Science Fiction|Action|Drama,5.5,26,0.4728,en
616291,143 Sahara Street,2021,Documentary,7.0,11,0.7718,fr
620637,Tughlaq Durbar,2021,Drama|Comedy,5.864,11,0.4598,ta
705993,Black Light,2021,Drama|Crime,7.1,13,0.4515,ko
672221,Der Boandlkramer und die ewige Liebe,2021,Comedy|Family|Fantasy|Romance,5.797,37,0.5604,de
797967,Naandhi,2021,Crime|Drama|Thriller,7.3,10,0.6316,te
858058,Burning,2021,Documentary,6.9,16,0.45,en
799141,Fate: The Winx Saga - The Afterparty,2021,Fantasy|Comedy,7.6,20,0.5356,en
659927,Death of a Ladies' Man,2021,Drama,5.6,18,0.5039,en
653967,Bet on Friendship,2021,Comedy,6.0,20,0.3917,cs
833286,Bender: The Beginning,2021,Adventure|Comedy|Action|Drama,6.4,45,0.4872,ru
784876,Obsessed with the Babysitter,2021,Thriller|TV Movie|Crime,4.8,11,0.4523,en
858914,Redemption in Cherry Springs,2021,TV Movie|Drama|Mystery,6.5,16,0.4135,en
788263,V.C. Andrews' Hidden Jewel,2021,TV Movie|Drama,6.9,23,0.3323,en
824184,Horse Julius on the Throne and Three Heroes,2021,Animation|Comedy|Adventure,5.667,24,0.4356,ru
762904,Off the Rails,2021,Comedy,6.0,18,0.4984,en
660727,Death Rider in the House of Vampires,2021,Horror|Western,3.4,10,0.4169,en
822554,Stalked by My Doctor: Just What the Doctor Ordered,2021,TV Movie|Thriller|Horror,6.727,11,0.5287,en
745589,Villa Caprice,2021,Thriller|Drama,5.5,53,0.4582,fr
655181,Libertad,2021,Drama,5.8,28,0.4152,es
799982,Lair,2021,Horror,5.3,17,0.6709,en
790019,Sanak,2021,Action|Thriller,6.2,23,0.4988,hi
726424,Sune - Mission: Midsummer,2021,Family|Comedy,4.5,14,0.5992,sv
834347,Wired Shut,2021,Horror|Thriller,4.962,26,0.4357,en
575293,Under the Stars of Paris,2021,Drama|Comedy,6.715,107,0.6177,fr
328950,Synapse,2021,Science Fiction,4.4,10,1.7669,en
844043,Song Express,2021,Comedy|Music,6.2,83,0.3642,fr
729830,The Automat,2021,Documentary|History,6.619,21,0.3995,en
653936,Zátopek,2021,Drama,6.15,20,0.4812,cs
658287,I Am Santa Claus,2021,Comedy,6.449,158,0.4188,it
799363,Morning Show Mysteries: Murder Ever After,2021,Mystery|Crime|TV Movie,7.3,13,0.4167,en
653670,Luxor,2021,Romance|Drama,6.921,19,0.5024,en
788905,One Step from Me,2021,Adventure|Comedy|Drama,6.8,63,0.3224,es
798047,Milk,2021,Drama,6.2,13,0.3105,ru
893204,Single Mother by Choice,2021,Comedy|Drama,7.0,42,0.4354,en
820709,Magnetic Beats,2021,Drama,6.506,90,0.3606,fr
865140,Chilangolandia,2021,Comedy,7.068,111,0.4654,es
798060,Digging to Death,2021,Horror,6.0,15,0.4379,en
617405,Marakkar: Lion of the Arabian Sea,2021,History|War|Action,5.741,27,0.6009,ml
779000,The Wedding Ring,2021,TV Movie|Comedy|Romance|Family|Drama,4.9,15,0.4297,en
790803,The Nest,2021,Horror|Thriller,5.3,48,0.6196,en
576922,Take a Hike  Vasya! Lost In Bali,2021,Comedy,4.409,11,0.3554,ru
810677,Her Way,2021,Drama,6.6,70,0.4872,fr
902547,The Forever Prisoner,2021,Documentary|Crime,7.545,11,0.3662,en
720109,Antidote,2021,Horror|Thriller,5.2,37,0.3157,en
859546,The Chaos Class: Summer Games,2021,Family|Comedy,4.667,12,0.4392,tr
785522,Skater Girl,2021,Drama|Family,7.2,166,0.5755,en
849283,Sweet Pecan Summer,2021,TV Movie|Comedy|Romance|Family,6.8,26,0.4694,en
842500,See You Next Christmas,2021,Romance|Comedy|Drama,5.5,10,0.4811,en
778994,Love at the Ranch,2021,TV Movie|Romance|Drama,6.2,22,0.4932,en
735493,You May Kiss the Bridesmaid,2021,Comedy|Romance|TV Movie|Family,6.639,18,0.4812,en
647809,On Our Watch,2021,Comedy,6.5,246,0.4884,it
801557,Cannibal Troll,2021,Horror,5.8,64,0.7211,en
874193,Christmas CEO,2021,TV Movie|Romance,5.6,30,0.4485,en
857732,Untold: Crime & Penalties,2021,Documentary|Crime,7.036,56,0.4484,en
912055,Missing and Alone,2021,Thriller|TV Movie,4.636,11,0.3773,en
888652,'Twas the Fight Before Christmas,2021,Documentary,6.033,30,0.3572,en
852636,The Devil's Tail,2021,Horror,5.9,19,0.4775,en
743173,Per tutta la vita,2021,Romance|Comedy|Drama,5.858,116,0.4772,it
788413,All for Uma,2021,Comedy|Family,4.7,31,0.3602,it
797946,The Djinn,2021,Horror|Thriller,5.666,184,0.7477,en
769165,My Brother's Keeper,2021,Drama|Family,7.595,42,0.5261,en
859468,Autumn Girl,2021,Drama|History,4.7,27,0.3668,pl
809338,The Baker's Son,2021,TV Movie|Romance,6.34,50,0.9378,en
842353,Northspur,2021,Action|Drama|Thriller|Science Fiction,6.818,11,0.3625,en
833005,Occupation,2021,Drama|Comedy,5.9,10,0.4636,cs
772388,Descarrilados,2021,Comedy,5.6,64,0.4114,es
712124,The Night Doctor,2021,Drama|Thriller,6.5,177,0.4227,fr
767979,Stars Fell on Alabama,2021,Comedy|Drama|Romance,6.0,31,0.3869,en
879229,A Picture Perfect Holiday,2021,TV Movie|Comedy|Romance|Family|Drama,4.8,12,0.246,en
802610,Sharks of the Corn,2021,Horror|Comedy,2.8,15,0.5289,en
774098,Nail Polish,2021,Crime|Thriller|Drama,6.632,19,0.3423,hi
813152,Buckley's Chance,2021,Drama|Family,6.2,10,0.4661,en
757635,The Justice of Bunny King,2021,Drama,7.111,18,0.3885,en
793430,Chasing Waterfalls,2021,TV Movie|Comedy|Romance,7.226,31,0.5266,en
922281,A Deadly Grudge,2021,Thriller|TV Movie|Drama,5.6,11,0.3068,en
862717,Helmet,2021,Comedy|Drama,6.2,10,0.3571,hi
823087,Ape vs. Monster,2021,Science Fiction|Action|Adventure,5.8,145,0.4388,en
792415,Crazy Wedding 3,2021,Comedy,4.8,13,0.4075,uk
573644,The Outside Story,2021,Drama|Comedy,5.821,14,0.4808,en
806950,Dog Years,2021,Romance|Comedy,6.3,123,0.5379,it
770578,Dial 100,2021,Mystery|Thriller,6.2,10,0.3592,hi
879227,An Ice Wine Christmas,2021,TV Movie|Comedy|Romance,5.4,14,0.3899,en
647740,Notes from a Women Salesman,2021,Thriller|Drama,6.0,43,0.3594,it
799573,Nate Bargatze: The Greatest Average American,2021,Comedy,7.27,37,0.4091,en
643807,Ramprasad Ki Tehrvi,2021,Drama|Family|Comedy,6.5,24,0.5653,hi
769364,We Need to Do Something,2021,Horror|Mystery,5.329,85,0.4716,en
732693,Couple From The Future,2021,Drama|Science Fiction|Comedy,6.6,39,0.5296,ru
888498,A Royal Queens Christmas,2021,TV Movie|Comedy|Romance|Drama,6.22,59,0.378,en
667757,The Intruder,2021,Thriller,5.889,36,0.5913,es
838184,Snowed in for Christmas,2021,TV Movie|Comedy|Romance|Family,6.106,33,0.3799,en
793442,The Clue to Love,2021,TV Movie|Comedy|Romance|Family,6.042,24,0.3791,en
777183,The Nature of Romance,2021,TV Movie|Romance,5.8,16,0.4453,en
589820,Rose Plays Julie,2021,Drama|Thriller,5.814,43,0.4054,en
736516,The Reunions,2021,Drama,7.16,25,0.3262,zh
795640,Love's Sweet Recipe,2021,TV Movie|Comedy|Romance,6.0,15,0.415,en
840372,Crashing Through the Snow,2021,TV Movie|Comedy|Family|Romance,6.6,29,0.4383,en
1122742,Las sirvientas calientes 8,2021,Comedy,7.077,13,0.4769,es
779003,Christmas Thieves,2021,Family|Comedy|Crime|Animation,4.615,13,0.2978,it
838609,Cold Case,2021,Thriller|Mystery|Horror,5.3,26,0.4133,ml
785210,Love Song for Tough Guys,2021,Comedy,5.964,69,0.417,fr
818789,"Borat: VHS Cassette of Material Deemed ""Sub-Acceptable"" by Kazakhstan Ministry of Censorship and Circumcision",2021,Comedy,6.519,27,0.5528,en
783820,Count Me In,2021,Documentary|Music,7.067,15,0.3701,en
779280,Not Like Dad,2021,Comedy|Drama|Romance,7.1,58,0.5083,ru
844227,Echoes of the Past,2021,Drama,6.6,23,0.4424,el
874124,An Unexpected Christmas,2021,TV Movie|Comedy|Romance|Drama,6.2,60,0.407,en
892452,Decrypted,2021,Comedy|Drama,4.8,10,0.5117,en
672026,The Light Touch,2021,Comedy|Romance,3.7,11,0.3704,en
775943,Tarumama,2021,Horror|Drama,4.6,37,0.5683,es
674322,The Cemil Show,2021,Thriller|Comedy,6.5,10,0.3626,tr
577040,100 Minutes,2021,Drama,7.0,12,0.3508,ru
751862,School Of Mafia,2021,Comedy,5.1,39,0.3416,it
755135,6:45,2021,Thriller|Horror,4.7,29,0.4494,en
789578,The Heroics,2021,Comedy|Drama,7.0,14,0.453,fr
874127,Coyote Creek Christmas,2021,TV Movie|Comedy|Romance|Drama,6.1,46,0.3785,en
676840,El Amarre,2021,Horror,6.9,94,0.3897,es
716920,The Rose Maker,2021,Comedy,6.597,103,0.4401,fr
849452,Fixing Up Christmas,2021,TV Movie|Comedy|Romance|Family,5.9,25,0.368,en
852390,Kipchoge: The Last Milestone,2021,Documentary,7.8,17,0.3363,en
859987,#Home,2021,Drama|Family,7.689,37,0.5113,ml
592997,You Don't Nomi,2021,Documentary,5.8,13,0.4374,en
816679,Our Dream Wedding,2021,TV Movie|Comedy|Romance,4.9,13,0.371,en
840224,Surviving 9/11,2021,Documentary,7.2,10,0.3749,en
762735,Wildcat,2021,Mystery|Thriller|Drama|War,6.2,13,0.5069,en
684697,Stray,2021,Documentary,6.059,17,1.2249,tr
712164,Striding Into the Wind,2021,Drama,5.8,10,0.4012,zh
906460,Death Link,2021,Horror,5.3,33,0.3655,en
900516,Off-Season,2021,Thriller|Drama|Comedy|TV Movie,5.3,11,1.4329,fr
681478,Peace by Chocolate,2021,Comedy|Drama,7.1,16,0.3612,en
816706,Josephine,2021,Drama,5.6,12,0.4192,es
698429,My Wonderful Wanda,2021,Comedy|Drama,5.906,16,0.4536,de
790850,Sir Alex Ferguson: Never Give In,2021,Documentary,7.7,47,0.4066,en
899235,Christmas on the Farm,2021,Comedy|Romance|Drama|TV Movie,5.7,24,0.3442,en
708577,Like a Cat on a Highway 2,2021,Comedy,6.12,366,0.3677,it
809065,Flashback,2021,Comedy|Science Fiction,5.919,111,0.452,fr
884333,10 Steps to Love,2021,TV Movie|Comedy|Romance,6.8,17,0.2714,en
778870,Strip Down  Rise Up,2021,Documentary,6.5,49,0.595,en
890244,A Stalker in the House,2021,Thriller,5.3,10,0.4267,en
852858,Glasshouse,2021,Thriller|Science Fiction|Drama,5.821,28,0.4303,en
893304,Hyperland,2021,Science Fiction,6.0,13,0.3401,de
811646,Saltwater: The Battle for Ramree Island,2021,War|Action|Horror|History,5.769,13,0.582,en
777670,American Dream,2021,Drama,4.1,14,0.4103,en
663909,Love Story,2021,Romance|Drama,7.278,18,0.3633,te
670046,Ginger's Tale,2021,Animation,6.7,15,0.4064,ru
911972,Devil In Dune,2021,Science Fiction|Action|Horror,6.7,18,0.4671,zh
836563,Evolution,2021,Drama,5.8,28,0.5173,hu
850884,Revolution of Our Times,2021,Documentary,8.3,33,0.3696,cn
874204,A Christmas Wish in Hudson,2021,TV Movie|Comedy|Romance,6.1,15,0.2364,en
808962,Causality,2021,Thriller,6.3,70,0.551,es
691423,Cerebrum,2021,Science Fiction|Thriller,5.962,26,0.3797,en
804827,The Most Reluctant Convert: The Untold Story of C.S. Lewis,2021,Drama|History,6.2,13,0.4565,en
794819,Rashmi Rocket,2021,Drama,5.9,15,0.6527,hi
814812,The Cursed Official,2021,Comedy,5.2,10,0.5196,ru
723338,Life in a Day 2020,2021,Documentary,8.0,16,0.3263,en
847353,The 27-Hour Day,2021,TV Movie|Comedy|Romance|Family,6.988,41,0.6671,en
793423,Fit for a Prince,2021,TV Movie|Romance|Comedy|Drama,6.7,20,0.3682,en
889753,Night Night,2021,Thriller|Horror,5.329,38,1.338,en
859555,Bize Müsaade,2021,Comedy,5.7,10,0.4524,tr
760154,The Secret Diary of an Exchange Student,2021,Comedy|Romance,6.5,157,0.468,pt
790523,Still Out of My League,2021,Romance|Comedy,6.6,211,0.3537,it
821493,India Sweets and Spices,2021,Comedy|Drama|Romance,5.7,19,0.454,en
822618,Eye Without a Face,2021,Horror|Thriller,4.2,20,0.539,en
869623,Procession,2021,Documentary,6.6,29,0.3721,en
672489,The Only Way Out,2021,Thriller,6.0,14,0.4485,sr
797307,The Pact,2021,Drama,6.4,17,0.4246,da
680779,Naughty Grandma 3,2021,Comedy,5.2,10,0.4243,ru
865019,Repeat,2021,Drama|Science Fiction|Mystery|Thriller,5.2,12,0.4132,en
677053,Between Two Dawns,2021,Drama,6.4,28,0.4048,tr
833516,Scooby-Doo  Where Are You Now!,2021,Animation|Adventure|Mystery|TV Movie,7.9,38,0.3932,en
791344,DC Showcase: The Losers,2021,Animation|Science Fiction|Action|Adventure,5.543,46,0.52,en
805052,Polyamory for Dummies,2021,Comedy|Romance,4.8,34,0.4194,es
911177,Silverstar,2021,Family|Drama,6.6,12,0.2737,nl
796891,The Man in the Basement,2021,Mystery|Drama,5.619,84,0.4253,fr
659333,The Nose or Conspiracy of Mavericks,2021,Animation,6.95,10,0.3588,ru
744742,The Last Rite,2021,Horror|Thriller,6.2,257,0.4246,en
793438,Fishing for Love,2021,TV Movie|Comedy|Romance,5.8,19,0.3661,en
779548,Before I Go,2021,Drama|Comedy,6.2,13,0.37,en
857873,Romeo Santos: Utopia Live from MetLife Stadium,2021,Music|Romance,7.485,66,0.4042,es
886806,The Wedding Trip,2021,Comedy|Romance,5.7,11,0.4544,en
881464,Fear PHarm 2,2021,Horror,5.605,19,0.3102,en
788251,The Girl in the Wood,2021,Crime|TV Movie|Drama|Mystery|Thriller,5.9,18,0.5304,fr
822979,Heart of the Manor,2021,TV Movie|Comedy|Romance,6.7,10,0.3861,en
455889,Poly Styrene: I Am a Cliché,2021,Documentary|Music,6.618,17,0.4716,en
800669,A Perfect Fit,2021,Romance|Comedy|Drama,7.219,73,0.4669,id
876572,Blame,2021,Thriller|Drama,5.6,12,0.3766,en
783572,The Lodger,2021,Horror|Thriller|Romance,3.4,13,0.3352,fr
806067,Mandela,2021,Comedy|Drama,7.048,31,0.4387,ta
842063,Private Network: Who Killed Manuel Buendía?,2021,Documentary|History,7.3,12,0.4967,es
889975,Saving Sloane,2021,Family|Drama|Fantasy,6.2,10,0.3084,en
801988,Project Pay Day,2021,Family|Comedy,5.9,20,0.33,en
877692,You  Me and the Christmas Trees,2021,TV Movie|Comedy|Romance|Drama,6.6,35,0.4537,en
603170,A Father's Legacy,2021,Drama,7.1,28,0.4151,en
808865,The Believer,2021,Horror,3.7,12,0.4225,en
806495,Fellinopolis,2021,Documentary,6.2,18,0.4298,it
650743,Ad Libitum,2021,Thriller|Adventure,6.271,24,0.343,ru
575764,Casablanca Beats,2021,Drama|Music,4.5,25,0.3779,ar
803639,One,2021,Drama|Thriller,5.7,16,0.3195,ml
874238,The Santa Stakeout,2021,TV Movie|Comedy|Romance|Crime,6.1,22,0.4239,en
820693,Lingui  the Sacred Bonds,2021,Drama,6.607,42,0.381,fr
588099,Boomerang,2021,Comedy|Crime,5.4,18,0.334,ru
1013258,Escape from Kabul,2021,Documentary,6.8,27,0.4495,en
854146,The Picture of Christmas,2021,TV Movie|Comedy|Family|Romance,5.9,24,0.4802,en
838189,Falling in Love at Christmas,2021,TV Movie|Comedy|Romance|Family,5.3,21,0.4176,en
894584,The Beauty of Love,2021,TV Movie|Comedy|Romance|Family,6.429,21,0.3167,en
881180,The Claus Family 2,2021,Family|Comedy|Fantasy,6.5,80,0.4035,nl
879337,Honsla Rakh,2021,Comedy|Drama|Romance,6.3,11,0.4144,pa
840576,The Black Square,2021,Comedy|Crime,5.3,26,0.4221,de
882098,Grumpy Christmas,2021,Comedy,7.6,81,0.3583,es
585213,Viking Blood,2021,Action,6.4,17,0.44,en
842795,Roadhouse Romance,2021,TV Movie|Comedy|Romance|Drama,7.148,27,0.3151,en
720045,Shadow,2021,Drama,4.5,11,0.3535,pt
674564,The Deep Ones,2021,Horror|Science Fiction,4.1,36,0.4453,en
793153,Girlfriends,2021,Comedy,5.9,40,0.3597,es
708510,Mission Extreme,2021,Action|Crime|Drama,5.9,10,0.3367,bn
676623,Tout nous sourit,2021,Comedy,5.8,60,0.3909,fr
878508,While We Sleep,2021,Horror,4.977,23,0.4063,en
842050,The In-Laws,2021,Comedy,6.448,67,0.4057,pl
844143,Jagged,2021,Music|Documentary,7.0,27,0.3745,en
669401,Ballad of a White Cow,2021,Drama,6.912,51,0.5083,fa
932104,Something's Coming: West Side Story,2021,Documentary,7.5,14,0.3861,en
835325,Dashcam,2021,Thriller|Mystery,4.7,30,0.3709,en
765490,Morrison,2021,Drama,5.4,23,1.5194,it
541481,H Is for Happiness,2021,Family,6.367,15,0.4206,en
874210,Christmas with Felicity,2021,Comedy|Romance|Drama|TV Movie,5.8,12,0.2131,en
749386,Eugénie Grandet,2021,History|Drama,6.0,55,0.3616,fr
715874,Help! My In-Laws Are Vampires!,2021,Comedy|Fantasy,5.772,112,0.4197,it
842721,Father of Flies,2021,Horror,4.0,12,0.493,en
761830,The Guest Room,2021,Thriller|Horror|Drama,5.9,121,0.3509,it
657195,Tralala,2021,Comedy|Music,5.6,41,0.3351,fr
664697,Lo Invisible,2021,Drama,5.7,10,0.354,es
766423,Puparia,2021,Animation|Drama|Fantasy,8.0,63,0.3139,ja
911306,Brother in Love 2,2021,Comedy,6.227,33,0.353,tr
854529,Night at the Eagle Inn,2021,Horror|Mystery,4.9,23,0.4342,en
655369,Playlist,2021,Comedy,5.6,58,0.4029,fr
853291,Bookworm and the Beast,2021,Romance,6.333,12,0.4488,en
841575,Break Every Chain,2021,Drama,6.946,28,0.4332,en
779775,A Christmas Tale,2021,Family|Drama|Comedy,6.525,40,0.3518,sv
920258,The Immortal Wars: Rebirth,2021,Science Fiction,6.5,50,0.3502,en
839287,Mollo tutto e apro un chiringuito,2021,Comedy,5.4,117,0.3883,it
782100,The Wrong Real Estate Agent,2021,Drama|Thriller|TV Movie,6.4,19,0.4466,en
776506,The Blazing World,2021,Horror|Fantasy|Adventure|Drama,4.4,21,0.4232,en
659954,Azor,2021,Drama|Thriller,6.259,85,0.4778,fr
911758,Mistletoe Mixup,2021,Romance|Comedy,5.0,15,0.3837,en
858717,Harry and Meghan: Escaping the Palace,2021,TV Movie|Drama,6.7,156,0.3609,en
617246,The Box,2021,Drama,6.386,22,0.3797,es
793436,Don't Go Breaking My Heart,2021,TV Movie|Comedy|Romance,7.2,23,0.4026,en
749142,Olga,2021,Drama,6.886,57,0.4068,uk
838594,Devil's Island,2021,Horror,5.464,28,0.4372,en
629227,Let Us In,2021,Science Fiction|Thriller|Horror,5.273,22,0.4171,en
635702,South Wind 2: Speed Up,2021,Thriller|Crime|Drama,7.6,20,0.393,sr
760871,Demigod,2021,Horror|Mystery|Drama,4.7,15,0.4588,en
732305,Diana: The Musical,2021,History|Romance|Drama,5.0,26,0.3924,en
874140,Making Spirits Bright,2021,TV Movie|Drama|Romance,6.3,17,0.4503,en
790233,Trafficked: A Parent's Worst Nightmare,2021,Drama,6.2,12,0.4184,en
734818,An Optical Illusion,2021,Thriller,4.9,33,0.3519,es
874226,Christmas in Tahoe,2021,TV Movie|Romance|Drama|Comedy,6.06,25,0.4411,en
767841,Slashlorette Party,2021,Horror,4.5,11,0.2778,en
868882,Jan-e-Man,2021,Drama|Comedy,8.0,16,0.4251,ml
830471,Revenge Delivered,2021,TV Movie|Thriller,7.3,23,0.3198,en
700578,Kaiserschmarrndrama,2021,Comedy|Crime,6.896,82,0.5417,de
791135,Unfollower,2021,Thriller,6.5,21,0.8355,en
807888,Rhino,2021,Drama|Crime|Thriller,6.5,75,0.4349,uk
810511,2025: The World Enslaved by a Virus,2021,Adventure|Science Fiction|Thriller|Fantasy,1.833,39,0.3922,en
1104285,Tunnel,2021,Mystery|Horror,2.8,10,0.3493,en
858059,Attica,2021,Documentary,6.9,43,0.3488,en
847208,3 1/2 Hours,2021,TV Movie|Drama|History,6.5,34,0.3281,de
705714,Dietro la notte,2021,Thriller,5.8,22,0.2929,it
837550,Jodie Foster: Hollywood Under the Skin,2021,Documentary|TV Movie,7.475,20,0.4713,fr
855566,Thittam Irandu,2021,Thriller|Mystery|Crime,5.9,16,0.3109,ta
775622,Snowkissed,2021,Romance|TV Movie|Comedy,7.1,45,0.524,en
770593,Rebuilding a Dream Christmas,2021,Romance|TV Movie,5.7,17,0.251,en
801609,Oprah with Meghan and Harry: A CBS Primetime Special,2021,Documentary|TV Movie,6.6,45,0.3868,en
736506,Claw,2021,Horror|Science Fiction,5.2,27,0.352,en
852470,Wild Roots,2021,Drama,7.1,17,0.437,hu
864783,star-crossed: the film,2021,Music,6.7,14,0.4558,en
919695,Jak si nevzít princeznu,2021,Fantasy|Family,6.8,13,0.4283,cs
786193,Goodbye  Butterfly,2021,Thriller,5.3,17,0.3233,en
792166,Leonardo DiCaprio: Most Wanted!,2021,Documentary,6.5,21,0.5093,en
890280,Sex: Unzipped,2021,Comedy,4.0,11,0.2916,en
726151,Never Gonna Snow Again,2021,Drama|Comedy,6.2,65,0.2956,pl
857783,Nothing to Laugh About,2021,Comedy|Drama,6.9,15,0.2681,no
810950,Little Palestine: Diary of a Siege,2021,Documentary,7.1,12,0.3765,ar
855096,Hotsunlight,2021,Drama|War|Action,7.2,37,0.458,ru
565470,Roe v. Wade,2021,Drama|History,5.6,44,0.477,en
777769,Alles op Tafel,2021,Comedy|Drama,6.048,21,0.2587,nl
856560,The Underground War,2021,Action|Science Fiction,5.45,10,0.3092,zh
696109,A Glitch in the Matrix,2021,Documentary,5.323,48,0.4061,en
872150,Chain Reaction,2021,Action,7.0,23,0.4282,pt
802777,The Ghosts of Borley Rectory,2021,History|Horror|Drama,4.8,23,0.3856,en
822101,Bitchin': The Sound and Fury of Rick James,2021,Documentary|Drama|History|Music,7.2,11,0.3493,en
854535,The Legacy of Chucky,2021,Documentary|Horror,6.9,18,0.3258,en
635771,No Such Thing as Monsters,2021,Horror,4.1,10,0.373,en
881594,This Is Not a Comedy,2021,Drama|Comedy,6.106,85,0.404,es
819700,Baby  It's Cold Inside,2021,TV Movie|Romance|Comedy,6.682,33,0.4141,en
853361,As in Heaven,2021,Drama,6.1,34,0.4292,da
738057,616 Wilford Lane,2021,Horror|Action,5.1,12,0.4098,en
776551,Faya Dayi,2021,Documentary,7.5,15,0.3235,om
882968,Christmas on 5th Avenue,2021,TV Movie|Comedy|Romance,6.353,17,0.2954,en
831912,A Predator Returns,2021,Drama|Crime|Thriller|TV Movie,4.6,18,0.2781,en
877822,Warming Up to You,2021,Romance|Comedy|TV Movie,6.4,18,0.4379,en
845844,Extraction Point,2021,Science Fiction|Action|Thriller,5.4,37,0.4105,en
860262,Love Strikes Twice,2021,TV Movie|Comedy|Romance|Mystery|Drama,6.613,31,0.3209,en
666564,Narappa,2021,Drama|Action,6.9,14,0.3751,te
823031,O Auto da Boa Mentira,2021,Comedy,5.6,10,0.3486,pt
786357,Animals on the Loose: A You vs. Wild Movie,2021,Adventure,5.798,47,0.2776,en
871530,It's Just a Phase  Honeybunny,2021,Comedy|Drama|Romance,6.171,73,0.4438,de
676150,Hotel Coppelia,2021,Drama,7.614,57,0.3933,es
850953,Azzurri: Road to Wembley,2021,Documentary,7.8,34,0.3539,it
759524,The Story of Southern Islet,2021,Fantasy|Drama|Horror,6.6,10,0.2995,zh
849236,Ostap Bender: Gold of the Empire,2021,Comedy|Adventure|Action,6.9,75,0.3346,ru
862565,Escape of Shark,2021,Thriller|Action|Horror,2.833,12,0.2757,zh
866275,Journey of My Heart,2021,TV Movie|Romance|Comedy|Drama,7.4,22,0.4424,en
852457,The Exam,2021,Drama,7.2,11,0.2314,ku
798298,Love in Whitbrooke,2021,TV Movie|Comedy|Romance|Family,6.568,22,0.3791,en
660719,Our Men,2021,Drama,5.0,33,0.4294,fr
812584,Sword of Destiny,2021,Action,6.7,25,0.3475,zh
779202,Insensate,2021,Mystery|Horror|Thriller,6.7,79,0.3966,pt
712113,A Good Man,2021,Drama,4.5,20,0.3581,fr
857879,Mount Adams,2021,Action|Adventure|Science Fiction,5.9,12,0.354,en
866718,A Small Fortune,2021,Thriller|Crime,4.9,11,0.3507,en
776151,Haymaker,2021,Drama|Romance,3.2,11,0.4734,en
647713,Family Budget,2021,Comedy,5.6,10,0.4807,ru
800728,Ginny & Georgia - The Afterparty,2021,Documentary,7.165,82,0.5007,en
800305,The Boy Who Killed My Parents,2021,Crime|Drama|Thriller|Horror,6.259,212,0.4106,pt
890120,Doutes,2021,Drama|TV Movie,5.8,11,0.3206,fr
800052,A Country Romance,2021,TV Movie|Comedy|Romance|Family,6.05,20,0.3127,en
835860,Mary J. Blige's My Life,2021,Documentary|Music,6.6,24,0.2961,en
782724,Beck - Den förlorade sonen,2021,Crime|Drama|Mystery,5.8,14,0.3423,sv
754765,The Last Journey,2021,Science Fiction|Adventure,5.266,190,0.5019,fr
912552,Shatner in Space,2021,Documentary,5.9,12,0.3379,en
917539,Smyrna,2021,Drama|History,8.107,14,0.3567,el
670343,Sun Children,2021,Drama,7.0,57,0.501,fa
662029,Ahed's Knee,2021,Drama,6.514,35,0.4737,he
858910,Taking the Reins,2021,TV Movie|Comedy|Romance,7.0,30,0.5663,en
833043,The Consequences,2021,Drama|Thriller,5.1,10,0.3057,es
793156,A Dead Man Cannot Live,2021,Action|Crime|Thriller,4.5,11,0.4018,es
712131,Souad,2021,Drama,6.6,15,0.3473,ar
742843,Affairs of the Art,2021,Animation|Comedy,6.089,45,0.3356,en
794709,Geared Up,2021,Action|Thriller,4.909,11,0.3894,sv
790547,Legacy,2021,Documentary,8.2,27,0.3266,fr
776769,When We Were Bullies,2021,Documentary,5.0,25,0.3109,en
797134,C.O.R.N.,2021,Horror,6.3,13,0.3214,en
795574,Patrice O'Neal: Killing Is Easy,2021,Documentary|Comedy,7.118,17,0.2944,en
776659,Brother's Keeper,2021,Drama,7.194,54,0.3088,tr
800329,Groomed,2021,Documentary,6.0,11,0.3382,en
795815,What Do We See When We Look at the Sky?,2021,Drama|Romance|Fantasy,6.7,60,0.3503,ka
897298,Pixar 2021 Disney+ Day Special,2021,Documentary,5.2,21,0.35,en
849365,Double Walker,2021,Horror,5.923,39,0.3572,en
839065,Flammenmädchen,2021,Crime|Drama|Mystery,6.808,13,0.2644,de
888917,Lords of Scam,2021,Documentary|Crime,6.863,62,0.416,fr
841764,Meskina,2021,Comedy|Romance,5.9,39,0.4769,nl
919269,I Am Mortal,2021,Science Fiction|Fantasy|Drama,4.795,22,0.2824,en
823346,Last Night in Rozzie,2021,Drama,5.5,12,0.328,en
707157,Ten Months,2021,Drama|Comedy,6.7,10,0.3358,ko
888506,A Godwink Christmas: Miracle of Love,2021,TV Movie|Comedy|Romance|Drama,5.8,32,0.3819,en
874162,Boyfriends of Christmas Past,2021,Comedy|Romance|TV Movie|Drama,4.955,33,0.4783,en
849277,A Little Daytime Drama,2021,TV Movie|Comedy|Romance,6.5,23,0.4819,en
877690,Debbie Macomber's A Mrs. Miracle Christmas,2021,TV Movie|Drama|Romance,6.8,20,0.3766,en
532204,This Is the Year,2021,Comedy|Drama|Romance,6.658,38,0.3224,en
874122,Nantucket Noel,2021,TV Movie|Comedy|Romance|Drama,6.3,27,0.3564,en
723377,The Scary of Sixty-First,2021,Horror|Mystery|Thriller,5.6,121,0.3954,en
582884,Sisters,2021,Drama,4.9,18,0.3601,fr
849772,Twisted House Sitter,2021,TV Movie|Mystery|Thriller,7.1,10,0.3642,en
777326,Honest Divorce,2021,Comedy,4.4,11,0.4403,ru
853094,When the Screaming Starts,2021,Horror|Comedy,5.1,26,0.3045,en
823353,The Knower,2021,Action,6.6,20,0.3545,ar
846864,Rose,2021,Drama,5.5,22,0.5433,fr
874144,The Christmas Contest,2021,TV Movie|Romance|Drama|Comedy,5.897,39,0.3921,en
820682,86 Melrose Avenue,2021,Drama|Thriller,6.0,12,0.7066,en
775619,A Winter Getaway,2021,Romance|TV Movie,6.4,22,0.4846,en
818370,The Little Prince(ss),2021,Family|Drama,7.1,140,0.3175,en
795088,Save the Wedding,2021,Romance|TV Movie,6.1,20,0.3637,en
847463,A Chance for Christmas,2021,TV Movie|Romance|Fantasy|Comedy,5.2,15,0.5065,en
795531,Potato Dreams of America,2021,Comedy|Drama|Fantasy,6.32,25,0.5063,en
698495,Enemies of the State,2021,Documentary,6.0,20,0.3506,en
606813,Auggie,2021,Drama|Science Fiction,6.2,12,0.4597,en
913989,Mocro Mafia: Meltem,2021,Crime|Action,7.1,15,0.2868,nl
842354,Animal,2021,Documentary|Drama,7.3,26,0.3887,fr
800748,The Stairs,2021,Horror|Science Fiction,4.0,21,0.4931,en
831738,My Sunny Maad,2021,Animation,6.313,16,0.3295,cs
846862,Monte Verità,2021,History|Drama,5.045,11,0.2665,de
812592,Get the Grift,2021,Comedy|Crime,6.4,105,0.3132,pt
750223,Persona Non Grata,2021,Comedy|Drama,6.4,15,0.3549,da
888910,Camp Confidential: America's Secret Nazis,2021,Documentary|Animation|History,6.263,38,0.3234,en
676842,Instructions for Su,2021,Comedy|Drama,7.725,91,0.3151,es
712134,Spring Blossom,2021,Drama|Romance,4.296,54,0.4007,fr
862435,Flowers & Honey,2021,TV Movie|Romance,6.75,12,0.4402,en
835355,Dear Thomas,2021,Drama,6.075,20,0.341,de
786064,The Great Indian Kitchen,2021,Drama,7.5,51,0.3803,ml
879917,Jack and Jill,2021,Horror|Drama,5.1,40,0.3216,en
805764,Don't Forget I Love You,2021,TV Movie|Romance|Comedy,6.6,27,0.3863,en
753477,Buckskin,2021,Western|Action,6.7,29,0.4054,en
818857,A Snowy Christmas,2021,TV Movie|Comedy|Romance|Family,5.7,15,0.2488,en
601368,Swimming Out Till the Sea Turns Blue,2021,Documentary,6.917,18,0.4611,zh
860720,El refugio,2021,Comedy,6.4,78,0.4468,es
832257,Howard’s Mill,2021,Horror|Mystery|Crime,5.8,27,0.3346,en
877828,A Dickens of a Holiday!,2021,TV Movie|Comedy|Romance,6.8,28,0.3459,en
629992,Oliver Sacks: His Own Life,2021,Documentary,7.6,13,0.3056,en
948116,Sugarlove,2021,Drama|Thriller|TV Movie,4.8,10,0.4339,de
534081,Sandeep Aur Pinky Faraar,2021,Thriller|Drama,6.643,21,0.309,hi
813935,Not to Forget,2021,Drama,6.8,10,0.284,en
782719,Enemies: Against the Clock,2021,Drama|Thriller|TV Movie,6.5,13,0.3266,de
795775,The World After Us,2021,Drama,6.111,36,0.2838,fr
879111,Dancing Through the Snow,2021,TV Movie|Comedy|Romance|Family|Drama,6.4,19,0.3882,en
876576,Go! Go! Cory Carson: Chrissy Takes the Wheel,2021,Animation|Family,5.9,28,0.427,en
745534,Two Types of People,2021,Drama,6.6,20,0.2481,tr
876104,A Very Merry Bridesmaid,2021,TV Movie|Comedy|Romance,6.4,47,0.3814,en
784379,Playing Cupid,2021,Romance|TV Movie|Comedy|Drama,7.071,35,0.353,en
829488,As Gouda as It Gets,2021,Romance|Comedy|TV Movie|Family,6.1,13,0.3641,en
784378,Beverly Hills Wedding,2021,Romance|TV Movie,6.6,20,0.4341,en
776884,The Ultimate Playlist of Noise,2021,Drama|Music,6.7,27,0.3909,en
880536,Christmas in Tune,2021,TV Movie|Comedy|Romance,6.2,14,0.3751,en
863831,The Girl in Cabin 13,2021,Horror,5.7,11,0.4216,en
779201,What Would Sophia Loren Do?,2021,Documentary,6.537,27,0.3749,en
913179,137 Shots,2021,Documentary|Crime,6.3,19,0.3824,en
778993,The Perfect Wedding Match,2021,Romance|TV Movie|Comedy|Drama,5.6,15,0.4207,en
847419,Sealed With a Kiss: Wedding March 6,2021,TV Movie|Comedy|Romance|Family,6.3,10,0.4938,en
802884,Zebra Girl,2021,Thriller|Mystery|Crime,6.6,14,0.3692,en
756594,Bigger Is Beautiful,2021,Comedy,4.6,26,0.3501,fr
772307,Mako,2021,Drama|Thriller|Adventure|Horror,5.4,14,0.3501,ar
802817,La bambina che non voleva cantare,2021,Drama|TV Movie,6.3,26,0.2367,it
841297,Peligro en tu mirada,2021,Drama|Thriller,6.7,39,0.2966,es
824865,Nail Bomber: Manhunt,2021,Crime|Documentary|History,6.5,50,0.3533,en
836066,Sara'S,2021,Comedy|Drama,6.7,14,0.3987,ml
875853,Saddle Up For Revenge,2021,Comedy|TV Movie,5.1,27,0.3408,fr
813808,Kuruthi,2021,Thriller|Action,7.174,23,0.3094,ml
835666,How to Hack Your Boss,2021,Comedy,6.5,43,0.285,pt
664576,The Metamorphosis of Birds,2021,Documentary|Drama,6.5,44,0.2925,pt
835365,Commitment Phobia,2021,Comedy|Romance,5.94,42,0.2647,de
820748,Hollow,2021,Horror|Thriller,5.8,24,0.2442,en
663143,The Priest,2021,Drama|Horror,5.552,29,0.3095,ml
745931,Beyto,2021,Drama|Romance,5.857,28,0.5039,de
854587,Thinkalazhcha Nishchayam,2021,Romance|Comedy|Drama,7.0,14,0.4837,ml
910760,Sweet Navidad,2021,Romance|TV Movie|Comedy|Drama,5.7,15,0.4377,en
844819,A Christmas to Savour,2021,TV Movie|Comedy|Romance,5.5,18,0.344,en
798293,The J Team,2021,Music|Family|TV Movie,7.1,23,0.5257,en
856434,Out of Sync,2021,Drama,6.1,35,0.3695,es
866237,Back Then,2021,Comedy|Drama|History,6.6,24,0.26,pl
790346,Carosello Carosone,2021,TV Movie|Music,6.905,58,0.275,it
807700,Lights  Camera  Romance,2021,Comedy|Romance|TV Movie,6.25,16,0.3562,en
920332,Insecure: The End,2021,Documentary,4.7,15,0.4756,en
787868,All Aboard!,2021,Comedy,5.199,98,0.3894,fr
869589,You vs. Wild: Out Cold,2021,Action|Adventure|Documentary,5.75,24,0.432,en
801485,The Resonator: Miskatonic U,2021,Horror|Science Fiction,4.88,25,0.3462,en
1129198,El Sexoservidor 7,2021,Comedy,6.188,32,0.272,es
838180,For the Love of Chocolate,2021,TV Movie|Comedy|Romance|Family,6.2,13,0.2914,en
776328,Marilyn's Eyes,2021,Comedy,6.735,293,0.2907,it
862360,Pirates,2021,Comedy|Drama|Music,6.6,17,0.4534,en
712117,Here We Are,2021,Drama,6.0,26,0.3158,he
592479,My Body Will Bury You,2021,Drama|Action|Western,5.6,14,0.292,it
587632,Don't Heal Me,2021,Comedy,5.7,13,0.3542,ru
729766,Robin Roberts Presents: Mahalia,2021,History|Drama|TV Movie,6.692,13,0.3853,en
846779,The Sacred Spirit,2021,Drama|Comedy,6.533,46,0.3804,es
790846,"There Is No ""I"" in Threesome",2021,Documentary,4.933,15,0.3566,en
786627,Shook,2021,Horror,5.4,43,0.2634,en
702479,Lei mi parla ancora,2021,Drama,6.159,63,0.3408,it
656272,Digger,2021,Drama,7.2,27,0.263,el
660955,Old Fashioned,2021,Comedy,5.218,62,0.2971,fr
796166,Feathers,2021,Drama|Comedy,5.75,28,0.2505,ar
674986,The Lift,2021,Science Fiction|Romance|Comedy,5.9,61,0.3167,es
879329,Lantern's Lane,2021,Horror|Comedy,5.4,53,0.2457,en
858919,Rise and Shine  Benedict Stone,2021,TV Movie|Drama|Family,7.3,20,0.4287,en
825580,Murder in Chartreuse,2021,TV Movie|Mystery|Thriller|Drama|Crime,6.7,12,0.3353,fr
874228,Christmas Sail,2021,Comedy|Romance|TV Movie|Drama,5.7,21,0.3111,en
775209,Taking a Shot at Love,2021,Romance|TV Movie,7.09,39,0.303,en
920143,The Trip 6,2021,Comedy,6.8,74,0.3764,es
784992,Love's Match,2021,TV Movie|Romance|Comedy|Family,6.4,16,0.4185,en
636901,Rocky,2021,Crime|Action|Drama,6.7,11,0.3839,ta
772909,Easter Eggs,2021,Animation,6.2,12,0.2052,nl
636908,Knifecorp,2021,Horror,4.1,11,0.3852,en
687577,Juntos e Enrolados,2021,Comedy,6.9,14,0.2261,pt
854345,Life of Crime: 1984-2020,2021,Documentary|Drama,8.29,31,0.4197,en
776303,Kaagaz,2021,Drama|Comedy,6.759,27,0.2874,hi
887142,A Christmas Stray,2021,TV Movie|Romance|Drama,5.3,11,0.271,en
866660,A Christmas Treasure,2021,TV Movie|Comedy|Romance,5.9,17,0.3333,en
876502,Asteroid,2021,Action|Drama|Comedy,6.103,29,0.2979,en
812056,Love on the Road,2021,TV Movie|Comedy|Romance|Family,7.0,21,0.3946,en
515985,The Fever,2021,Drama|Mystery|Thriller,6.1,10,0.4404,pt
896483,The Salvation Of The World As We Know It,2021,Drama|Comedy|Family,6.293,29,0.4052,de
833056,Beautiful Losers,2021,Drama|Thriller,6.2,10,0.3035,es
680017,Karnawal,2021,Drama,6.2,22,0.7108,es
782973,Tony Parker: The Final Shot,2021,Documentary,7.1,65,0.373,en
844782,Miley Cyrus Presents Stand by You,2021,Documentary|Music,7.3,34,0.2679,en
755166,Ninnila Ninnila,2021,Comedy|Romance,6.875,12,0.2708,te
879931,One Night in Paris,2021,Comedy,5.2,21,0.3439,fr
839615,Cupids on Beacon Street,2021,Comedy|Romance|TV Movie|Family,6.1,10,0.3787,en
876262,Garota da Moto,2021,Action,4.8,12,0.2156,pt
602533,Ritorno al crimine,2021,Comedy,5.55,131,0.2969,it
836305,The Phantom,2021,Documentary|Crime,6.2,19,0.3469,en
785001,Picture Perfect Lies,2021,Crime|Family|Thriller|TV Movie|Drama,5.9,14,0.3233,en
793511,Deadly Cuts,2021,Comedy,4.471,17,0.3814,en
733982,It's me against you - The mystery of the spellbound school,2021,Family|Fantasy,8.0,79,0.353,it
922607,Easter Bunny Massacre,2021,Mystery|Horror,5.1,20,0.299,en
850064,Goodbye Happiness,2021,Comedy,6.2,12,0.3295,fr
877669,A World For Julius,2021,Drama,7.3,41,0.1932,es
725561,Gaza Mon Amour,2021,Drama|Comedy|Romance,6.3,31,0.375,ar
799492,Aanum Pennum,2021,Drama,5.6,11,0.456,ml
826740,Three Songs for Benazir,2021,Documentary,6.2,81,0.2965,ps
802803,My True Fairytale,2021,Drama|Mystery|Thriller,5.8,10,0.419,en
796278,Virtual Reality,2021,Horror|Thriller,6.1,49,0.2124,es
883901,Christmas Lovers Anonymous,2021,TV Movie|Comedy|Romance,5.4,14,0.3667,en
663294,Mothers,2021,Comedy,4.6,19,0.2928,cs
984945,(re)kindle,2021,Drama|Romance,7.4,61,0.3156,pt
741622,How to Deter a Robber,2021,Comedy|Crime,5.6,16,0.5022,en
872842,Love You Like That,2021,Comedy|Romance,6.9,14,0.2994,en
804005,Silence... Can You Hear It?,2021,Thriller|Drama,6.1,20,0.377,hi
800762,Sensation,2021,Thriller|Mystery|Science Fiction,5.5,10,0.35,en
581905,Zoya,2021,Drama|History|War,3.5,13,0.3501,ru
772148,The House of Snails,2021,Thriller|Horror,6.0,58,0.303,es
679915,The Inevitable,2021,Thriller|Horror,4.4,16,0.3406,es
754848,DMX: Don't Try to Understand,2021,Documentary|Music,6.5,12,0.3283,en
844613,Sonic 30th Anniversary Symphony,2021,Documentary|Music,7.1,13,0.3662,en
881245,The Holiday Fix Up,2021,Comedy|Romance|TV Movie|Drama,6.1,23,0.4283,en
821433,We Were Once Kids,2021,Documentary,7.538,13,0.3544,en
784846,Happy Birthday Mr Bean,2021,Documentary|Comedy,7.769,13,0.2958,en
784389,Mix Up in the Mediterranean,2021,TV Movie|Romance,6.9,26,0.2214,en
776565,Knocking,2021,Thriller|Drama|Horror,5.4,44,0.3452,sv
839760,Love Map,2021,TV Movie|Comedy|Romance|Family,6.6,10,0.5505,en
795729,Nizhal,2021,Mystery|Thriller,5.5,20,0.3759,ml
852862,The Righteous,2021,Drama|Horror|Mystery|Thriller,6.2,21,0.3163,en
833420,To Chiara,2021,Drama|Fantasy,6.853,112,0.2783,it
853764,Baby Oopsie,2021,Horror|Thriller,6.2,14,0.3051,en
852493,The Pebble and the Boy,2021,Drama,6.0,13,0.2891,en
963591,Those Who Call,2021,Horror,4.3,19,0.2886,en
874227,Christmas Is You,2021,TV Movie|Comedy|Romance,5.7,19,0.2919,en
843024,All the Crows in the World,2021,Drama|Comedy,5.604,24,0.237,zh
874728,The Secret of Sinchanee,2021,Horror,6.0,41,0.2752,en
899557,Love on the Rock,2021,Action|Adventure|Romance,6.8,13,0.2901,en
877372,A World Without,2021,Mystery|Thriller|Drama,5.0,14,0.3287,id
782220,Chiara Lubich - L'amore vince tutto,2021,Drama|History,7.2,19,0.2499,it
789563,Armageddon Tales,2021,Action|Science Fiction,5.1,16,0.3382,en
830645,Murder by the Coast,2021,Documentary|Crime|History|Mystery,6.4,50,0.2605,es
712137,Rascal,2021,Crime|Thriller,6.3,20,0.2526,fr
664524,Geez & Ann,2021,Drama|Romance,6.8,13,0.3726,id
749087,My Father's Stories,2021,Drama,5.5,47,0.3061,fr
843729,Ajagajantharam,2021,Action,6.8,10,0.2617,ml
592813,The Dorm,2021,Drama,5.3,20,0.3086,ru
879163,Peçanha Contra o Animal,2021,Comedy|Crime,5.9,54,0.1999,pt
871812,Implanted,2021,Science Fiction|Thriller,4.4,23,0.2699,en
869990,Awakened Demon,2021,Drama|Fantasy,6.8,13,0.3895,zh
899249,LEGO Marvel Avengers: Loki in Training,2021,Family|Animation|Action,7.1,20,0.3196,en
485432,Kurt Vonnegut: Unstuck in Time,2021,Documentary,6.8,25,0.3117,en
871082,9/11: Life Under Attack,2021,Documentary|History|TV Movie,7.5,16,0.3545,en
636553,Love  Spells and All That,2021,Romance|Drama,5.4,14,0.2727,tr
747440,Caged Birds,2021,Drama|Romance|Crime,5.4,18,0.4003,de
694843,Asia,2021,Drama,5.0,18,0.316,he
799640,Blood Conscious,2021,Horror|Drama|Thriller,4.3,26,0.2679,en
862701,Ankahi Kahaniya,2021,Drama|Romance,5.8,15,0.302,hi
850674,Super Hot,2021,Horror|Comedy,4.7,19,0.3405,en
671269,Karem the Possession,2021,Horror,6.3,18,0.2976,es
796162,Amira,2021,Drama,6.4,18,0.3238,ar
837271,Future Fear,2021,Science Fiction|Horror,6.4,16,0.2575,en
844869,Christmas à la Carte,2021,TV Movie|Comedy|Romance|Drama,5.9,22,0.4482,en
928116,You Might Get Lost,2021,Horror|Science Fiction,6.2,13,0.2881,en
804973,A Day in a Life,2021,Drama,4.3,25,0.1827,fr
773303,Zombie Reddy,2021,Horror|Comedy,6.5,14,0.4547,te
665429,Eyimofe (This Is My Desire),2021,Drama,6.5,10,0.3809,en
880595,Christmas Movie Magic,2021,TV Movie|Comedy|Romance,4.9,20,0.4037,en
661707,Invisible Hero,2021,Family|Comedy|Fantasy,6.1,10,0.317,fi
892772,Godzilla vs. Hedorah,2021,Science Fiction,9.2,12,0.2895,ja
757169,Boy Meets Boy,2021,Romance|Drama,5.5,16,0.3243,en
874043,We Are Nothing,2021,Documentary|Music,6.792,12,0.2187,es
814848,Lethal Love,2021,Thriller|TV Movie,4.7,10,0.3393,en
893941,Misfit,2021,Comedy|Romance,8.012,213,0.3352,es
810015,East of the Mountains,2021,Drama|Action,5.488,43,0.3808,en
735716,Fake News,2021,Comedy|Drama,4.101,114,0.345,fr
882995,A Furry Little Christmas,2021,TV Movie|Comedy|Romance,6.2,18,0.4266,en
833905,Second Half,2021,Comedy|Romance,3.1,16,0.5505,pl
846790,The Odd-Job Men,2021,Comedy,7.4,13,0.2225,ca
880934,Saying Yes to Christmas,2021,Drama|TV Movie|Romance,5.4,12,0.2814,en
732886,14 Phere,2021,Comedy|Romance|Drama,6.1,17,0.3939,hi
878410,Much Ado About Christmas,2021,TV Movie|Comedy|Romance,6.0,27,0.2966,en
787721,Putin's Palace: History of World's Largest Bribe,2021,Documentary,7.1,47,0.3274,ru
861717,Finde,2021,Comedy|Horror|Thriller,7.5,22,0.2218,es
858381,Eating Our Way to Extinction,2021,Documentary|Drama|Crime,6.9,22,0.3497,en
838719,Val,2021,Horror|Comedy,5.1,22,0.3071,en
853791,Hard Shell  Soft Shell,2021,Romance|Comedy,6.9,67,0.2756,fr
844530,The Judgement,2021,Drama|Thriller,6.8,37,0.2908,nl
833335,Futura,2021,Documentary,7.357,28,0.4068,it
796396,A Cape Cod Christmas,2021,Romance|TV Movie,6.8,12,0.2553,en
890239,Noir comme neige,2021,TV Movie|Thriller|Crime,5.9,22,0.2423,fr
922333,John Williams: The Berlin Concert,2021,Music,7.2,12,0.2734,en
856117,Beckenrand Sheriff,2021,Comedy,6.67,56,0.3781,de
871875,Escape the Undertaker,2021,Horror|Mystery|Family,4.7,70,0.3503,en
805102,Stay,2021,Horror,5.0,10,0.3156,en
865539,Dikkiloona,2021,Comedy|Romance|Science Fiction,5.0,10,0.3921,ta
910494,PussyCake,2021,Horror|Science Fiction|Music,5.289,45,0.3609,es
881672,L'Ami qui n'existe pas,2021,Drama|TV Movie,6.1,11,0.2635,fr
741528,Totally Under Control,2021,Documentary,6.8,20,0.3804,en
821955,The Right Mom,2021,Drama,8.1,12,0.2283,en
829830,Madhuram,2021,Romance|Drama,6.9,11,0.3638,ml
845769,River,2021,Documentary,5.929,14,0.436,en
861844,A Perfect Match,2021,Romance|TV Movie,5.5,11,0.3002,en
801968,Risks + Side Effects,2021,Comedy,6.0,10,0.3229,de
784374,I fratelli De Filippo,2021,History|Drama,7.243,68,0.2223,it
843885,The Story of Film: A New Generation,2021,Documentary,7.367,15,0.3179,en
878761,Back to Those Days,2021,Drama,7.3,15,0.2406,pl
874161,Open by Christmas,2021,TV Movie|Comedy|Romance,6.2,30,0.3255,en
669375,Don't Read This on a Plane,2021,Comedy|Drama,5.12,25,0.3676,en
734480,When Granny Meets Grandpa,2021,Comedy|Family,5.6,53,0.2462,fr
795780,The Last Forest,2021,Documentary|Drama,6.737,19,0.3742,pt
854554,The Hole in the Fence,2021,Drama,6.0,16,0.2645,es
786573,HellKat,2021,Action|Thriller|Horror,5.462,26,0.3013,en
871493,Ankle Biters,2021,Horror|Comedy,5.9,15,0.2854,en
586813,Hannes,2021,Drama|Comedy,5.3,19,0.3402,de
586380,The Everlasting Story,2021,Animation|Adventure|Family,7.6,25,0.3629,ru
874239,Every Time a Bell Rings,2021,TV Movie|Comedy|Romance|Drama,5.7,28,0.293,en
811286,Hotel Poseidon,2021,Horror|Drama,5.4,15,0.3054,nl
881857,Mistletoe in Montana,2021,Comedy|Romance|TV Movie,5.4,15,0.2946,en
713671,Fucking with Nobody,2021,Comedy,5.2,16,0.2573,fi
655738,a-ha: The Movie,2021,Music|Documentary,6.867,45,0.2989,no
845112,Bye Bye,2021,Comedy|Romance|Music,7.0,41,0.3639,fr
854698,A Chiara,2021,Drama,6.6,17,0.3132,it
765057,69: The Saga of Danny Hernandez,2021,Music|Documentary,6.0,13,0.4947,en
567017,Equinox,2021,Drama|Romance,6.0,14,0.3845,de
773147,Genitori vs influencer,2021,Comedy,5.8,140,0.2869,it
869944,Jim Carrey: America Unmasked,2021,Documentary,7.361,18,0.2322,fr
781766,Beck 41 - Death in Samarra,2021,Crime|Drama|Mystery|Thriller,5.1,16,0.2243,sv
608804,The Girl Who Killed Her Parents,2021,Crime|Drama|Thriller|Horror,6.319,257,0.3249,pt
838617,The Wisdom of Trauma,2021,Documentary,6.9,15,0.2702,en
776518,In the Same Breath,2021,Documentary,7.144,45,0.2817,en
854442,Next-Door Nightmare,2021,Thriller|TV Movie|Drama|Horror,5.5,12,0.3044,en
802324,Doctor on Call,2021,Comedy,6.131,118,0.4168,it
900955,Moscow 1996  Vote or Lose!,2021,Documentary|History|TV Movie,7.7,15,0.1982,fr
779008,A Picture Perfect Wedding,2021,TV Movie|Comedy|Family|Romance|Drama,5.4,21,0.361,en
893164,Cuidado con lo que deseas,2021,Family|Fantasy|Comedy,4.543,23,0.5033,es
812666,This Game's Called Murder,2021,Thriller|Comedy,3.5,17,0.4205,en
776536,El Planeta,2021,Comedy|Drama,6.1,33,0.1972,es
1015261,Save Me from Everything,2021,Horror|Mystery|Thriller,5.6,38,0.241,en
678941,L.O.C.A. – Liga das Obsessivas Compulsivas por Amor,2021,Comedy,7.8,10,0.3105,pt
874220,Christmas in Harmony,2021,Comedy|Romance|TV Movie|Drama,4.967,15,0.3064,en
795613,Introducing  Selma Blair,2021,Documentary,7.4,14,0.2595,en
875460,CATO,2021,Drama,8.5,47,0.2984,es
582876,Anton,2021,Drama|History,5.5,14,0.3053,uk
630520,Bad Christmas,2021,Comedy|Crime,7.5,53,0.265,es
860869,It Came from Below,2021,Horror|Thriller,5.1,13,0.3466,en
865439,Jurassic Shark 2: Aquapocalypse,2021,Horror|Action|Adventure|Science Fiction|Thriller,4.029,18,0.2209,en
844414,Master Kid,2021,Animation|Adventure|Fantasy,7.4,19,0.2832,zh
828588,The Turning Point,2021,Drama,6.2,82,0.2865,it
740511,Her Name Was Grace Kelly,2021,Documentary,6.636,11,0.2809,fr
792219,Letters to Santa 4,2021,Comedy|Romance,5.657,35,0.2722,pl
914255,Goodbye Jerome!,2021,Animation|Fantasy|Romance|Drama,7.763,19,0.2946,fr
864759,All You Need is Lie,2021,Comedy|TV Movie,5.1,13,0.3441,fr
850489,Black Sheep,2021,Drama|Comedy,7.1,24,0.2354,pl
830083,Mise à nu,2021,Drama|TV Movie,6.5,11,0.2815,fr
816213,The Girl Has Flown,2021,Drama,5.9,15,0.2547,it
849877,Joey and Ella,2021,Family|Adventure|Comedy,4.4,10,0.3779,en
786980,Cheer for Your Life,2021,Crime|TV Movie|Thriller,5.8,12,0.2265,en
854199,Match Made in Mistletoe,2021,TV Movie|Comedy|Romance|Family|Drama,5.646,24,0.4227,en
795757,Taste,2021,Drama,4.5,16,0.2362,vi
821969,The Legend of the Underground,2021,Documentary,4.8,10,0.213,en
823427,Don't Let Her In,2021,Horror,4.4,12,0.275,en
1318297,Louis C.K.: Sorry,2021,Comedy,7.243,37,0.2323,en
531921,Who’s Stopping Us,2021,Drama|Documentary,7.231,13,0.1794,es
888488,Eight Gifts of Hanukkah,2021,TV Movie|Comedy|Romance,7.05,20,0.262,en
821807,To Catch a Spy,2021,Mystery|TV Movie|Romance,7.4,27,0.332,en
680673,Reunion 3: Singles Cruise,2021,Comedy,4.6,15,0.2929,fi
819223,You Me Lenin,2021,Drama|Comedy,6.1,19,0.2846,tr
1101886,HELLO,2021,Drama,5.7,22,0.3038,en
796930,Homecoming Ghost,2021,Comedy|Drama,6.8,11,0.2917,es
776781,Unidentified,2021,Action|Crime|Thriller,6.0,21,0.2605,ro
852283,Ditched,2021,Horror|Thriller,5.403,31,0.1928,en
854567,107 Mothers,2021,Drama|Documentary,6.0,19,0.2309,uk
809236,Have You Ever Seen Fireflies?,2021,Drama|Comedy,6.3,43,0.2852,tr
803861,The Stay,2021,Thriller,3.8,19,0.2692,en
714017,Beasts,2021,Drama,6.1,38,0.2606,fr
835292,Blackstock Boneyard,2021,Horror|Thriller,4.846,13,0.2756,en
675108,Our Lady of San Juan  Four Centuries of Miracles,2021,Drama,7.5,14,0.2488,es
876045,Censor of Dreams,2021,Fantasy|Mystery|Comedy|Drama|Horror,7.136,11,0.2983,fr
619231,Anne at 13 000 Ft.,2021,Drama,5.9,14,0.3141,en
698583,Who Framed Santa Claus?,2021,Comedy|Family,5.3,86,0.3371,it
831760,Bob Spit: We Do Not Like People,2021,Animation|Documentary|Science Fiction|Comedy,8.0,12,0.2465,pt
665824,The Wanting Mare,2021,Drama|Fantasy|Romance,6.0,17,0.2035,en
869602,Lead Me Home,2021,Documentary|Drama,6.3,130,0.2734,en
799844,Je te veux moi non plus,2021,Comedy|Romance,5.6,161,0.3197,fr
800319,The Dead of Night,2021,Thriller|Horror,3.5,16,0.4,en
637612,Outcast Rockstar,2021,Documentary,7.4,59,0.2642,pt
849361,Don't Say Its Name,2021,Horror|Thriller,5.3,26,0.264,en
856403,Welcome Venice,2021,Drama,6.94,25,0.4178,it
788388,Burn It All,2021,Thriller|Crime,5.9,27,0.2081,en
764057,The Meaning of Hitler,2021,Documentary,6.3,12,0.2509,en
721955,Goodbye Honey,2021,Horror|Thriller,3.4,12,0.3164,en
822582,The Queen of Basketball,2021,Documentary,7.2,36,0.2617,en
737737,Babysitter Must Die,2021,Horror|Comedy,5.5,29,0.3003,en
914533,Fuelled,2021,Animation|Drama|Thriller,8.0,27,0.2924,en
875419,Love Gets a Room,2021,Drama|Romance,6.9,38,0.3817,en
712158,Ibrahim,2021,Drama,5.6,20,0.2248,fr
795625,Lily Topples The World,2021,Documentary,7.5,12,0.5367,en
855569,Wolka,2021,Drama,5.3,14,0.4303,pl
796000,Right in Front of Me,2021,TV Movie|Romance|Comedy,6.683,30,0.3454,en
919545,Girls Getaway Gone Wrong,2021,Thriller|TV Movie,4.8,10,0.2435,en
795812,Mr. Bachmann and His Class,2021,Documentary,7.8,18,0.2618,de
856421,Outlier,2021,Horror|Thriller|Science Fiction|Drama,5.0,10,0.2654,en
881233,A Fiancé for Christmas,2021,TV Movie|Comedy|Romance,5.2,16,0.4205,en
782310,Mayor Pete,2021,Documentary,5.5,11,0.4236,en
876671,The Cost of Deception,2021,Crime|Drama,3.488,41,0.1704,hu
660598,Caliber 9,2021,Action|Crime|Thriller,4.6,13,0.3376,it
795635,Love Stories in Sunflower Valley,2021,TV Movie|Romance|Comedy,6.089,28,0.2541,en
915765,The Camp,2021,Action|Family|Comedy,6.6,21,0.203,ro
588917,Dragon Princess,2021,Adventure|Animation|Family|Fantasy,7.4,21,0.2149,fr
794227,Black Art: In the Absence of Light,2021,Documentary,6.9,11,0.3271,en
836490,Rehana Maryam Noor,2021,Drama,7.133,15,0.3299,bn
871858,Justin Bieber: Our World,2021,Music|Documentary,7.1,27,0.2636,en
785345,La petite femelle,2021,Drama|TV Movie,6.063,16,0.2868,fr
846446,Go Seppuku Yourselves,2021,Drama,5.8,10,0.5192,ja
747987,Rookie,2021,Drama,5.8,12,0.1751,nl
817566,Just One Time,2021,Drama,6.714,21,0.2886,es
839761,The Horrific Evil Monsters,2021,Horror|Comedy|Action,4.5,11,0.2017,en
828511,Owning it,2021,Drama|TV Movie,6.4,21,0.252,fr
875425,The Death of David Cronenberg,2021,Horror,6.1,27,0.1746,en
807942,My Dad Is a Sausage,2021,Family|Comedy,5.8,14,0.3433,nl
897193,The 16th,2021,Comedy,6.932,44,0.3336,ru
850056,Disney Princess Remixed: An Ultimate Princess Celebration,2021,Music,5.7,12,0.3372,en
911184,Badland Doves,2021,Western,6.3,23,0.2352,en
858541,200 Pounds,2021,Drama,5.9,11,0.2314,ar
894844,Jekyll and Hyde,2021,Horror,5.3,13,0.2152,en
882224,Christmas with a Prince: The Royal Baby,2021,TV Movie|Romance,7.0,27,0.2886,en
795622,WeWork: or The Making and Breaking of a $47 Billion Unicorn,2021,Documentary,6.6,67,0.3739,en
840377,Love  For Real,2021,TV Movie|Romance|Comedy,6.4,20,0.2953,en
922017,Chief Daddy 2: Going for Broke,2021,Comedy,6.0,88,0.3327,en
884220,Dark Shadows and Beyond: The Jonathan Frid Story,2021,Documentary,9.4,13,0.3133,en
786170,The Guardian,2021,Thriller|Drama|Horror,7.3,12,0.3353,vi
1161605,NULL,2021,Action|Drama,9.2,44,0.1961,en
740076,Music Hole,2021,Crime|Comedy|Drama,5.7,27,0.2025,fr
840543,Amityville Vampire,2021,Horror,1.9,10,1.1075,en
858077,La Ciguapa Siempre,2021,Horror,3.6,12,0.183,en
854196,Zalava,2021,Drama|Horror,5.8,13,0.2333,fa
699998,Mighty Victoria,2021,Drama|Western,7.4,15,1.0138,es
741686,Bloody Summer Camp,2021,Horror,3.5,12,0.3302,en
738627,Comedians,2021,Comedy,5.3,61,0.1853,it
895814,Deadware,2021,Horror,4.762,42,0.2239,en
669661,Natural Light,2021,War|Drama|History,5.6,37,0.2855,hu
776583,First Date,2021,Comedy|Crime|Mystery,5.471,17,0.2183,en
877787,Meeting Point,2021,Drama,3.1,10,0.2569,tr
848466,We,2021,Drama|Family,6.3,28,0.21,id
757796,Green Sea,2021,Drama,6.094,16,0.2178,el
824387,Cinema Bandi,2021,Drama|Comedy,6.767,15,0.2914,te
820209,Angela and I,2021,Comedy,5.3,25,0.1939,it
863070,The Seekers: Thrill Night,2021,Adventure|Family|Mystery|Comedy,5.6,10,0.186,da
811068,The Found Footage Phenomenon,2021,Documentary|Horror,5.8,12,0.3273,en
852590,1000 Miles From Christmas,2021,Comedy|Romance|Family,6.284,132,0.322,es
903746,Laura's Star,2021,Family,5.9,11,0.318,de
800394,The Last Cruise,2021,Documentary,6.5,26,0.2165,en
510510,The Village in the Woods,2021,Horror|Thriller,5.0,10,0.2982,en
820453,The Beatles and India,2021,Documentary|Music,6.3,21,0.313,en
762687,Code: Karim,2021,Thriller|Action,6.1,17,0.2468,it
750587,Lady Usher,2021,Horror|Thriller,6.4,29,1.1941,en
782848,Madam Chief Minister,2021,Drama,5.8,11,0.2584,hi
728125,Final Account,2021,Documentary|War,7.5,21,0.3745,de
886883,Theo Von: Regular People,2021,Comedy,6.063,16,0.2069,en
829125,Sam Smith: Love Goes – Live at Abbey Road Studios,2021,Music,8.5,21,0.2614,en
823594,The Curse of Humpty Dumpty,2021,Horror,4.545,33,0.4676,en
793158,When Brooklyn Met Seville,2021,Comedy,5.7,34,0.2107,es
846749,True to the Game 3,2021,Romance|Thriller|Crime|Drama,7.333,15,0.2711,en
809778,The Unemployment Club,2021,Comedy,5.1,43,0.2281,es
817959,Lovely Boy,2021,Drama|Music,6.0,47,0.2232,it
807024,Mad Dog,2021,Thriller|Drama,6.263,80,0.2925,it
788932,Love in a Bottle,2021,Drama|Romance,6.5,16,0.3118,en
726413,Ghosts,2021,Drama,5.4,12,0.2184,tr
605546,Babi Yar. Context,2021,Documentary|History,6.2,14,0.3529,ru
899568,Finding Love in San Antonio,2021,Romance,5.5,10,0.2361,en
842479,14 Days,2021,Drama|Romance,6.885,13,0.197,it
785734,The Pond,2021,Horror|Drama|Mystery,4.5,11,0.1505,en
718012,No. 10,2021,Drama|Comedy|Thriller,6.471,17,0.3323,nl
860039,Networker Baire,2021,Adventure|Drama|Romance,6.8,11,0.2069,bn
804770,Charlotte,2021,Comedy|Drama,6.9,20,0.2995,es
836489,Freda,2021,Drama,6.842,19,0.287,fr
601329,The Windshield Wiper,2021,Animation|Romance,7.0,102,0.2044,en
885302,Cold Return,2021,Unknown,5.5,11,1.431,en
722780,For the Sake of Vicious,2021,Action|Horror|Mystery,6.4,49,0.2432,en
888838,The Long Dark Trail,2021,Horror,3.8,20,0.3203,en
897993,Alles auf Rot,2021,Crime|Thriller,6.7,18,0.2925,de
877833,Christmas for Keeps,2021,TV Movie|Comedy|Romance,5.444,18,0.2069,en
892433,Angèle,2021,Documentary|Music,7.0,101,0.2497,fr
917269,The Witcher Season One Recap: From the Beginning,2021,Action,5.727,11,0.2057,en
872537,Convergence: Courage in a Crisis,2021,Documentary,4.8,10,0.2673,en
917792,Una Navidad con Samantha Hudson,2021,Comedy|Music,7.3,16,0.2473,es
508479,Gold for Dogs,2021,Romance|Drama,4.9,20,0.2465,fr
714277,The Funeral Home,2021,Horror,5.1,47,0.3548,es
872586,Suedi,2021,Comedy,5.7,15,0.2655,sv
833408,The Tale of King Crab,2021,Drama,7.138,94,0.2867,it
610351,The Relatives,2021,Drama|Comedy,6.0,24,0.1893,ru
792977,Blood Money: Inside the Nazi Economy,2021,History|War|Documentary,7.9,11,0.309,fr
849777,Jackass Shark Week,2021,Comedy|Action|Documentary|TV Movie,5.2,29,0.2041,en
842482,Trafficante di virus,2021,Drama|Thriller,4.8,10,0.2581,it
844295,Behemoth,2021,Horror,4.6,11,0.246,en
803999,Fern Brady: Power & Chaos,2021,Comedy,7.1,13,0.1991,en
818367,Let's Be Tigers,2021,Drama,7.3,15,0.2146,en
736774,Hello  Stranger: The Movie,2021,Romance|Comedy,6.7,14,0.2606,tl
638741,Some Kind of Heaven,2021,Documentary,6.9,36,0.2877,en
802805,Drive All Night,2021,Thriller,4.5,11,0.2212,en
901851,100 Days with Tata,2021,Documentary,7.1,14,0.2445,es
792101,Bats,2021,Horror,5.8,24,0.194,en
794669,Koko,2021,Drama|Romance,7.1,17,0.2016,en
567927,No,2021,Drama|Comedy,5.9,12,0.2555,de
778655,Madalena,2021,Drama|Horror,6.0,20,0.1678,pt
888372,Carla,2021,History|Music|TV Movie,7.2,34,0.2176,it
714028,Dustin,2021,Drama,6.1,18,0.2864,fr
874199,Baking Spirits Bright,2021,Romance|Comedy|TV Movie,5.5,11,0.2196,en
697930,Monuments,2021,Comedy|Drama,5.9,14,0.1763,en
890334,A Christmas Witness,2021,TV Movie|Romance|Drama,6.2,10,0.2136,en
818361,The Last of the Chupacabras,2021,Family|Fantasy,6.2,22,0.2288,en
895178,The Feast,2021,Horror,6.875,16,0.1891,en
838186,Sycorax,2021,Drama,5.5,16,0.2205,es
818834,The Spore,2021,Horror,4.3,15,0.3082,en
892342,Happiness Ever After,2021,Romance|Drama,7.061,33,0.2341,en
851969,Nobody Will Believe You,2021,Drama|Thriller|TV Movie,5.9,10,0.175,en
814353,Louis Theroux: Shooting Joe Exotic,2021,Documentary|TV Movie,6.421,19,0.1864,en
786556,The Dog Days of Christmas,2021,Romance|TV Movie|Comedy,6.1,16,0.2175,en
794783,The Heiress,2021,Horror,4.5,11,0.2365,en
889824,Seduction & Snacks,2021,Comedy|Romance,5.6,18,0.2286,en
849281,Hum,2021,Thriller,6.4,30,0.2131,en
836764,The Housewife and the Hustler,2021,Documentary|Crime|Drama,5.706,17,0.4368,en
920429,The Great and Terrible Day of the Lord,2021,Drama|Horror|Thriller,7.0,40,0.2033,en
779004,Love in Full Swing,2021,TV Movie|Romance|Comedy|Family,5.231,13,0.2374,en
836193,The Anti-Vax Conspiracy,2021,Documentary,6.1,12,0.2124,en
787644,Average Joe,2021,Action,6.222,27,0.2233,en
764443,The Employer and the Employee,2021,Drama,6.5,10,0.284,es
674419,Wolfgang,2021,Documentary,8.0,13,0.2491,en
884972,Gefährliche Wahrheit,2021,Drama|TV Movie|Thriller,6.8,12,0.198,de
893656,Gracinha,2021,Music,7.6,13,0.197,pt
786302,Dead in the Water,2021,Thriller|TV Movie,4.7,19,0.1971,en
854537,My Wonderful Life,2021,Comedy|Drama|Romance,4.941,34,0.2083,pl
785853,Thorn of War,2021,Action|War,6.7,30,0.1833,en
877642,Controlling Britney Spears,2021,Documentary,7.7,16,0.2103,en
846847,Caricaturana,2021,Comedy,5.3,20,0.1767,ro
881058,Escaping Captivity: The Kara Robinson Story,2021,Documentary|TV Movie,7.3,10,0.2825,en
879475,Love at Sky Gardens,2021,TV Movie|Comedy|Romance,6.1,10,0.2472,en
871832,Visitor,2021,Horror,5.7,12,0.154,es
701451,The Trip,2021,Documentary,6.1,35,0.181,en
858258,The Influencer,2021,Comedy|Thriller|Drama,5.6,14,0.2378,en
1059241,Ghosts and the Afterlife,2021,Documentary,9.6,23,0.1389,en
745980,Louloute,2021,Drama,5.4,26,0.2607,fr
853123,Blue Moon,2021,Drama,6.9,10,0.2212,ro
790963,Love on Trend,2021,Comedy|TV Movie|Romance|Family,5.7,13,0.2481,en
816518,Sisters on Track,2021,Documentary,7.3,13,0.2557,en
854428,Sulla giostra,2021,Drama,5.3,21,0.2593,it
723943,Redemption of a Rogue,2021,Comedy|Drama,6.8,10,0.2551,en
619325,The Red Star,2021,Comedy|Mystery,6.0,12,0.1926,es
608872,Pulse,2021,Drama,6.8,43,0.1786,uk
800993,Dolphin Island,2021,Family|Drama,6.7,10,0.1686,en
784376,The Great Silence,2021,Drama|Comedy,7.2,55,0.2773,it
879140,Titan,2021,Drama,6.9,10,0.174,fr
797882,Only for Tereza,2021,Comedy|Romance|Drama,4.9,15,0.2887,cs
916222,Cem Yılmaz: Diamond Elite Platinum Plus,2021,Comedy|TV Movie,6.086,76,0.1601,tr
837287,An Unknown Compelling Force,2021,Documentary,7.318,11,0.2028,en
890559,Haroun,2021,Comedy,6.2,20,0.2017,fr
865553,Emma Bovary,2021,Drama|TV Movie,5.654,13,0.4299,fr
598011,Norman,2021,Science Fiction|Thriller,4.9,13,0.1899,en
899997,Dead Asleep,2021,Documentary,6.278,18,0.3563,en
875107,Sisters Forever,2021,Drama|TV Movie,7.0,18,0.1582,it
860607,Good Madam,2021,Drama|Horror,4.6,10,0.246,xh
767511,On the Fringe of Wild,2021,Drama|Romance,4.1,13,0.3429,en
879170,Candy Cane Candidate,2021,TV Movie|Comedy|Romance,4.7,11,0.3383,en
797842,Hostage,2021,Thriller,4.1,13,0.1793,en
801622,Inside Chernobyl with Ben Fogle,2021,Documentary,7.6,10,0.2265,en
855476,Speedway,2021,Drama|Romance,3.9,12,0.2159,pl
870929,Totem,2021,Comedy|Horror,5.9,10,0.2102,fr
860425,Breathless,2021,Crime|Drama|Thriller,5.8,33,0.1752,es
846983,Lynx,2021,Documentary,7.6,19,0.2168,fr
500974,Terror Eyes,2021,Thriller,5.8,23,0.279,en
854531,The Night,2021,Documentary,5.903,31,0.1667,zh
846284,Amityville Scarecrow,2021,Horror,3.4,10,0.2785,en
776555,Sabaya,2021,Documentary,6.8,12,0.2,ku
487955,Nebulous Dark,2021,Science Fiction|Horror,5.4,24,0.2413,en
882956,Mistletoe & Molly,2021,TV Movie|Comedy|Romance,6.0,10,1.0988,en
814030,Star,2021,Thriller|Drama|Mystery,5.5,20,0.2135,ml
818608,Those Who Care,2021,Documentary,7.6,21,0.1754,fr
893171,Ściema po polsku,2021,Comedy,3.2,13,0.2044,pl
469532,Plaga Zombie: American Invasion,2021,Horror|Action|Comedy,6.0,17,0.2504,en
865388,Rosa Rosae. A Spanish Civil War Elegy,2021,Documentary|Animation,6.0,12,0.2851,es
605286,Si vive una volta sola,2021,Comedy,5.63,258,0.2153,it
778627,Black Medusa,2021,Drama|Thriller,4.5,15,0.1565,ar
789382,When I Consume You,2021,Mystery|Drama|Horror,4.8,13,0.2309,en
866529,My Heroes Were Cowboys,2021,Documentary|Western,6.4,15,0.3277,en
412102,Nenjam Marappathillai,2021,Thriller|Horror,6.1,18,0.2499,ta
778665,The Witches of the Orient,2021,Documentary,6.5,14,0.307,fr
776570,Mother Schmuckers,2021,Comedy,4.9,14,0.1822,fr
680023,Voces secretas,2021,Crime|Drama|Mystery,6.2,17,0.181,es
656528,A Pure Place,2021,Drama,5.0,17,0.1295,de
898662,En attendant un miracle,2021,Crime|TV Movie,6.2,12,0.2135,fr
895749,Red Point,2021,Comedy|Crime,5.467,15,0.1998,es
777405,Hot Chocolate Holiday,2021,Romance|Comedy|TV Movie,6.1,22,0.1959,en
797444,Exodus,2021,Science Fiction,4.818,11,0.2342,en
912828,Te Prego Lá Fora,2021,Animation|Comedy,5.4,53,0.2105,pt
912324,Secrets in the Wilderness,2021,TV Movie|Thriller,5.5,12,0.1949,en
812491,I'm a Girl  I'm a Princess,2021,Drama,6.8,43,0.16,es
785652,Benvenuti in casa Esposito,2021,Comedy,5.8,44,0.1793,it
993169,Back to the Present,2021,Comedy|Drama,6.0,37,0.1684,it
899306,Driven round the bend,2021,Comedy|TV Movie,6.1,12,0.2281,fr
783555,A Brighter Tomorrow,2021,Drama,5.3,10,0.2122,fr
818378,Moby Doc,2021,Documentary|Music,6.1,16,0.1575,en
767452,Four Roads,2021,Documentary,6.6,61,0.2378,it
731663,Shoky & Morthy: Last Big Thing,2021,Comedy|Horror|Adventure,4.0,10,0.1719,cs
824584,Not Me,2021,Comedy|Drama,6.1,17,0.2521,ar
790500,Carroceros,2021,Documentary,8.0,15,0.3055,es
764244,Lost Course,2021,Documentary,7.6,10,0.1423,zh
836526,Boys,2021,Comedy,5.5,17,0.2185,it
766922,Spiral,2021,Drama,6.227,11,0.1935,fr
908167,Sabato  domenica e lunedì,2021,Drama|Comedy|TV Movie,5.4,14,0.1893,it
856351,Immaculate,2021,Drama,6.0,12,0.1731,ro
783557,Sheroes,2021,Documentary,8.1,12,0.1382,fr
860727,Granny's Sexual Life,2021,Animation|Documentary,5.5,12,0.2507,fr
772173,Los dias que no estuve,2021,Drama,7.6,30,0.2157,es
777940,Die Vergesslichkeit der Eichhörnchen,2021,Drama|Comedy,6.167,24,0.1682,de
795281,Inbetween Girl,2021,Comedy|Drama,4.7,10,0.1562,en
842715,Ouija Warehouse,2021,Horror,5.0,62,0.1553,en
877205,Mayberry Man,2021,Comedy,5.9,11,0.1437,en
854518,DeAndré#DeAndré - Storia di un impiegato,2021,Documentary|Music,7.4,14,0.1859,it
901407,Millonario sin amor,2021,Romance|Comedy,8.0,85,0.1793,es
794362,G-Zombie,2021,Horror|Fantasy|Comedy,5.6,47,0.3457,te
885087,Perfect Strangers,2021,Comedy|Drama,6.333,18,0.2327,ro
852724,A Spark Story,2021,Documentary,6.5,14,0.19,en
790593,FAT: A Documentary 2,2021,Documentary,6.864,11,0.1424,en
875985,Wyszynski - Revenge or Forgiveness,2021,Drama|History|War,5.1,13,0.2079,pl
878070,The Tenant. You Can't Burn Us All.,2021,Drama|Thriller,6.2,14,0.1718,pl
806354,Hermanoteu na Terra de Godah: O Filme,2021,Comedy,7.182,22,0.1606,pt
799572,Santa,2021,Drama,8.3,18,0.2414,es
839074,The End,2021,Comedy|Thriller,4.4,11,0.3618,pl
889637,Christmas in the Pines,2021,Comedy|Romance|Drama,5.7,11,0.2139,en
781801,Steve McQueen: The Lost Movie,2021,Documentary,7.0,10,0.1695,en
782165,The Méliès Mystery,2021,Documentary|History,6.9,17,0.2154,fr
1108780,Not Broken,2021,Drama,7.6,17,0.2121,en
828483,Me Sinto Bem Com Você,2021,Drama|Romance|Comedy,7.3,13,0.1433,pt
786584,Dawn of the Beast,2021,Horror|Mystery,5.7,69,0.1496,en
803381,The Exorcism of Roland Doe,2021,Documentary,5.8,12,0.1789,en
824617,Mexican Moon,2021,Crime|Drama|Western,7.9,10,0.1546,en
865745,Astro Loco,2021,Science Fiction|Comedy,4.1,10,0.1264,en
792329,Kill Cavalry,2021,War,6.9,35,0.1805,en
885458,Detetive Madeinusa,2021,Comedy,4.2,13,0.1532,pt
872719,Pharma Bro,2021,Documentary,5.4,15,0.236,en
693713,Vampir,2021,Horror|Mystery,5.8,10,0.1228,sr
778657,Mighty Flash,2021,Drama,6.1,19,0.1678,es
800164,Persona: The Dark Truth Behind Personality Tests,2021,Documentary,5.6,20,0.1463,en
916499,The Hand of God: Through the Eyes of Sorrentino,2021,Documentary,6.5,38,0.1261,it
914241,Operation Merry Christmas: The Elf Con,2021,Comedy|Crime,7.1,42,0.1307,es
861589,Guermantes,2021,Drama|Romance|Comedy,5.1,25,0.2894,fr
851622,Dark Ritual,2021,Horror,4.3,16,0.176,en
786971,Red Woods,2021,Horror|Adventure|Mystery,5.349,63,0.1991,en
874294,The Bodin’s in Thailand,2021,Comedy,6.0,55,0.1958,fr
816836,Searching for Sheela,2021,Documentary,5.8,25,0.2653,hi
570871,Final Voyage,2021,Drama|Science Fiction,5.4,27,0.1895,de
860810,The Land,2021,Comedy|Crime|Drama,5.0,16,0.1773,pl
916613,Beanie Mania,2021,Documentary,6.6,15,0.2126,en
660599,Sirley,2021,Comedy,5.5,37,0.1228,it
905082,Fresh Meat: Jeffrey Dahmer,2021,Documentary|Crime,6.2,11,0.1191,en
742750,Short Vacation,2021,Drama,6.8,10,0.1721,ko
651915,Intervenção,2021,Crime|Action,6.6,34,0.1265,pt
812031,Heroes: Silence and Rock & Roll,2021,Documentary|Music,8.39,86,0.2607,es
668091,Still Processing,2021,Documentary,7.0,11,0.4379,en
776325,Con tutto il Cuore,2021,Comedy,5.8,55,0.1423,it
721537,Counting Bullets,2021,Action|Western,6.4,25,0.2306,en
796161,The Alleys,2021,Thriller|Drama|Crime,6.733,15,0.179,ar
802567,The New Girl,2021,Drama,5.9,36,0.1709,es
784988,Absolute Denial,2021,Animation|Science Fiction|Thriller,8.6,10,0.1547,en
777930,Borga,2021,Drama,7.5,12,0.2037,de
912283,We Too Together,2021,Drama|Romance,7.3,10,0.1056,en
857563,Phil Wang: Philly Philly Wang Wang,2021,Comedy,5.9,11,0.1168,en
911071,You Are My Problem,2021,Family|Drama|Comedy,7.3,69,0.1376,es
912367,The Angel in the Wall,2021,Thriller|Horror,7.684,19,0.1378,it
883648,Little Big Mouth,2021,Comedy|Romance,5.3,27,0.1624,en
846854,How Do You Measure a Year?,2021,Documentary,6.5,25,0.2638,en
903303,Jim Gaffigan: Comedy Monster,2021,Comedy,6.258,31,0.0996,en
866273,Sic,2021,Documentary|TV Movie,8.5,12,0.2163,it
918627,On My Mind,2021,Drama,6.6,12,0.1881,da
788892,Aurora,2021,Drama,6.622,37,0.1259,es
727182,Známi neznámi,2021,Comedy,5.8,15,0.2221,sk
824487,Goldjungs,2021,Drama|Comedy,5.7,13,0.2854,de
738035,Toxikoma,2021,Drama,6.571,14,0.1924,hu
852468,Runner,2021,Drama,7.1,10,0.1268,lt
807630,Forever Parents,2021,Comedy|TV Movie,4.5,12,0.1642,de
872666,Snow  Tea and Love,2021,Comedy|Science Fiction,6.3,17,0.118,ro
841793,Stranded,2021,Drama,4.6,48,0.1085,pt
798200,#Stayhome,2021,Comedy|Drama|Crime,5.4,18,0.147,it
893222,A Great North Christmas,2021,TV Movie|Drama|Romance,5.4,15,0.1746,en
661004,Shadow of the Cat,2021,Thriller|Fantasy|Drama,6.3,49,0.2387,es
845182,À tes côtés,2021,Drama|TV Movie,5.9,15,0.1982,fr
821664,Ovella,2021,Drama|Fantasy,6.0,10,0.0903,ca
659715,Governance,2021,Drama|Thriller,6.1,28,0.1191,it
641363,15 Minutes of Shame,2021,Documentary,6.342,19,0.1788,en
806439,Morat: Balas Perdidas,2021,Music|Documentary,9.0,66,0.1345,es
666088,Mamá  mamá  mamá,2021,Drama,6.7,22,0.1125,es
917516,The Murder of Gabby Petito: Truth  Lies and Social Media,2021,Documentary|Crime|History,6.6,15,0.1209,en
850654,Marlon Wayans: You Know What It Is,2021,Comedy,5.3,10,0.1138,en
706663,Nahuel and the Magic Book,2021,Animation|Fantasy,7.9,31,0.2139,es
858016,Listening to Kenny G,2021,Documentary|Music,7.0,16,0.1013,en
866741,Box,2021,Horror,6.2,49,0.1554,en
882812,Dead Serious,2021,Comedy,7.1,23,0.1329,es
838152,Train Again,2021,Documentary,5.964,14,0.091,de
798727,Biking Borders,2021,Documentary,7.4,24,0.1352,de
901321,Summoning Bloody Mary,2021,Horror,4.4,18,0.1385,en
804779,We Burn Like This,2021,Drama,7.5,16,0.1564,en
718488,Uncle: The Story of a Man,2021,Drama|Adventure|Romance,5.81,21,0.1378,tr
790496,Bad Luck Banging or Loony Porn,2021,Comedy|Drama,6.366,264,0.13,ro
870110,Shot in the Dark,2021,Horror|Drama,4.3,11,0.1336,en
931466,Exopolitics,2021,Science Fiction|Thriller,5.9,25,0.2231,en
800099,Lucas,2021,Drama,5.9,18,0.218,es
848137,Naufragi,2021,Drama,5.7,21,0.0905,it
898269,Michael Che: Shame the Devil,2021,Comedy,6.81,21,0.1164,en
794095,Brian Regan: On the Rocks,2021,Comedy,6.7,20,0.1132,en
879414,Contretemps,2021,Animation,6.818,11,0.1294,fr
796169,Shake Your Cares Away,2021,Drama,6.1,10,0.144,en
865484,Two Women,2021,Drama|TV Movie,6.7,10,0.1166,fr
827798,The Actress,2021,Drama,7.3,10,0.143,en
636594,Yaya & Lennie: The Walking Liberty,2021,Animation|Science Fiction|Adventure,6.5,11,0.1937,it
853258,Alleyway,2021,Action|Thriller,6.6,12,0.0979,en
843698,Epica - ΩMEGA ALIVE,2021,Music,8.4,11,0.1588,nl
799020,Hey There!,2021,Comedy,5.0,17,0.1454,tr
785204,I delitti del BarLume - Mare forza quattro,2021,Comedy|Thriller|Crime,6.6,12,0.1607,it
888111,The Return of La Llorona,2021,Horror,5.8,37,0.1434,es
592777,Should the Wind Drop,2021,Drama,6.0,13,0.1296,fr
814064,Avocado Toast,2021,Comedy,6.6,35,0.13,en
789658,Sector VIP,2021,Thriller|Drama,6.2,15,0.1058,es
729890,To Be Someone,2021,Crime|Comedy,3.8,11,0.1643,en
862287,V,2021,Drama,6.6,12,0.1336,ru
818563,Black Eagles,2021,Documentary,8.0,10,0.1414,de
848129,Geliefert,2021,Drama|TV Movie,6.3,22,0.1504,de
919309,Investors,2021,Comedy,6.583,18,0.1518,ro
617257,All About Ing,2021,Drama|Family,7.3,10,0.093,cn
752622,Curral,2021,Drama,7.0,10,0.12,pt
801946,First Signal,2021,Drama|History|Science Fiction,3.526,19,0.2282,en
881413,Qu'est-ce qu'on va faire de Jacques ?,2021,Drama|TV Movie,6.8,10,0.1621,fr
888185,The Black Minutes,2021,Crime|Thriller|Drama,6.0,12,0.1508,es
667241,A Bruddah's Mind,2021,Drama,7.2,12,0.0692,pt
858066,Hello?,2021,Horror,5.7,23,0.1502,en
891676,The Aphid and the Ant,2021,Drama,6.0,16,0.1566,it
835159,The Black Spot,2021,Drama|Thriller|Horror,5.1,12,0.1152,es
853157,Bring Out the Fear,2021,Horror,5.147,17,0.0902,en
824806,Hoodman,2021,Crime|Horror|Thriller,3.8,14,0.2436,en
856400,I And the Stupid Boy,2021,Drama|Comedy,6.1,13,0.1371,fr
882793,Digitare il codice segreto,2021,Comedy|TV Movie,4.7,13,0.1097,it
622766,10 palomas,2021,Crime|Action|Drama,6.8,37,0.0979,es
694188,Modern Father's Diary,2021,Comedy,6.3,14,0.1229,cs
792517,Hate by Dani Rovira,2021,Comedy,7.012,42,0.0934,es
838177,Anxious Body,2021,Animation,5.0,10,0.428,xx
809755,King Otto,2021,Documentary,7.389,18,0.0782,en
920642,The Seance,2021,Horror,4.4,11,0.104,en
826763,Notti in bianco  baci a colazione,2021,Comedy|Family,5.6,17,0.0902,it
830426,Rebels @School,2021,Comedy,5.32,25,0.1328,nl
722147,Bem Bom,2021,Music|Drama,6.7,15,0.0789,pt
1296221,Matt Rife: Only Fans,2021,Comedy,6.682,11,0.1193,en
755447,For Lucio,2021,Documentary,5.7,10,0.2083,it
984435,Godzilla Apex,2021,Science Fiction|Adventure,9.2,12,0.0786,en
854527,Semiotic Plastic,2021,Comedy,6.684,19,0.0976,ro
916675,Gaspard Proust : Dernier Spectacle,2021,Comedy,7.9,10,0.1589,fr
870370,Finding Fanon 1,2021,Unknown,7.7,12,0.0799,fr
942161,Baby Doll,2021,Horror,5.6,21,0.0843,en
852495,Luccas Neto em: O Mapa do Tesouro 2,2021,Adventure|Family|Comedy,6.7,23,0.1023,pt
872209,Shane Gillis: Live in Austin,2021,Comedy,7.909,11,0.0624,en
872891,Holiday,2021,Drama|Thriller,4.5,10,0.1162,pl
844532,Dr. Gama,2021,Drama|History,8.0,16,0.1037,pt
682454,There Will Be No More Night,2021,Documentary|War,6.8,24,0.0907,fr
785207,I delitti del BarLume - Tana libera tutti,2021,Crime|Comedy,6.7,13,0.1315,it
809039,That's Fine,2021,Comedy|Drama,4.8,18,0.1244,it
694823,Scarecrow,2021,Drama|Fantasy,5.9,13,0.0816,ru
722282,Gallant Indies,2021,Documentary|Music,7.5,15,0.1707,fr
764530,The City of Wild Beasts,2021,Drama,7.2,16,0.1041,es
837780,The Devil Made Me Do It,2021,Documentary|Horror,7.6,12,0.0691,en
853566,The Alpines,2021,Mystery|Thriller,4.3,22,0.0769,en
854648,Robot Apocalypse,2021,Science Fiction|Action,6.213,75,0.0691,en
829294,The Lone Wolf,2021,Mystery,8.1,10,0.1166,pt
884622,A Match Made at Christmas,2021,Romance|Comedy|Family,4.7,13,0.0657,en
764521,Me & The Beasts,2021,Drama|Music|Comedy|Fantasy,6.5,13,0.0756,es
921221,Alice Guy  the First Female Filmmaker,2021,Documentary|History|TV Movie,7.2,10,0.0689,fr
753133,Coming Out,2021,Animation|Family|Fantasy,7.429,28,0.0885,xx
840428,Future Is a Lonely Place,2021,Drama|Crime|Thriller,5.3,15,0.1213,de
804111,Play It Safe,2021,Drama,7.0,11,0.0894,en
870371,U Get What U Kiss 2: The Crazy Bride,2021,Comedy,7.1,13,0.0739,ro
843324,Let's Dream,2021,Science Fiction|Horror,5.4,12,0.0776,en
812284,A.rtificial I.mmortality,2021,Documentary,5.8,16,0.109,en
780054,Loop,2021,Animation,6.7,10,0.0596,xx
895800,A,2021,Drama,4.9,16,0.1099,fr
754218,C.A.M.,2021,Horror|Thriller,5.6,13,0.0663,en
643185,A Wild Patience Has Taken Me Here,2021,Romance,4.773,11,0.0456,pt
884787,Other Cannibals,2021,Drama,6.8,11,0.0832,it
779184,Covid Diaries NYC,2021,Documentary,4.467,15,0.0506,en
772438,Mirando al Cielo,2021,Drama,6.9,14,0.0722,es
844918,Alien Whispers,2021,Horror|Science Fiction|Thriller,5.8,10,0.0977,en
804516,Dying to Divorce,2021,Documentary,6.818,11,0.0527,en
918090,Dope Boys Alphabet,2021,Documentary,7.3,23,0.0538,it
848982,El amigo visible,2021,Crime|Drama|Horror|Thriller,5.7,14,0.0555,es
851790,Leo's Return,2021,Drama,6.8,24,0.0868,ja
897468,The Co-Ed Killer: Mind of a Monster,2021,Documentary|Crime,7.2,10,0.0418,en
843292,After Party Secrets,2021,Thriller,6.8,10,0.1042,en
880071,The Cleveland Kidnappings,2021,Documentary|Crime,6.1,13,0.0443,en
881486,MAD,2021,Drama,5.6,17,0.0546,te
846782,The Giants,2021,Drama,7.1,12,0.0621,it
896713,The Illusion of Control,2021,Thriller,5.941,17,0.0352,uk
831979,Juan Luis Guerra 4.40: Entre Mar y Palmeras,2021,Music,8.3,41,0.0388,es
800128,El Cóndor en Nueva York,2021,Action|Fantasy,6.0,36,0.0689,es
889610,The Black Cop,2021,Documentary|Drama,6.0,10,0.0937,en
814791,Berenshtein,2021,War|History|Drama,7.1,23,0.1363,ru
832793,Handbag: The Untold Story of the F*g Hag,2021,Documentary,5.3,11,0.0431,en
846824,Squish!,2021,Animation|Documentary,5.5,11,0.0519,th
876895,Yt,2021,Drama|Comedy,6.4,10,0.0398,ru
735780,Man,2021,Comedy,6.3,17,0.0503,en
1078760,1,2021,Drama,6.6,57,0.0361,ja
800757,Dachau: Death Camp,2021,Documentary|History|War,6.462,13,0.0617,en
861396,The F-Word,2021,Documentary,6.6,39,0.0362,ru
869891,TRY,2021,Unknown,6.6,17,0.0239,en
779773,Luccas Neto em: Acampamento de Férias 3,2021,Comedy|Family|Adventure,8.5,26,0.0814,pt
1084119,Red,2021,Animation|Science Fiction,3.6,18,0.0503,fr
976862,The Film,2021,Drama|Fantasy,6.8,11,0.0143,tr
857910,Lokillo: Nothing's the Same,2021,Comedy,7.1,21,0.0362,es
