id,title,release_year,genres,vote_average,vote_count,popularity,original_language
462183,Wild Awakening,2016,Drama|Romance|Thriller,5.295,22,142.1734,es
372058,Your Name.,2016,Animation|Romance|Drama,8.481,12591,31.714,ja
396535,Train to Busan,2016,Horror|Thriller|Action|Adventure,7.75,8392,28.7243,ko
269149,Zootopia,2016,Animation|Adventure|Family|Comedy,7.762,18123,24.5558,en
290098,The Handmaiden,2016,Thriller|Drama|Romance,8.187,4326,24.1224,ko
293660,Deadpool,2016,Action|Adventure|Comedy,7.624,32761,19.7005,en
271110,Captain America: Civil War,2016,Adventure|Action|Science Fiction,7.448,24053,16.9089,en
324786,Hacksaw Ridge,2016,Drama|History|War,8.19,14863,16.1425,en
209112,Batman v Superman: Dawn of Justice,2016,Action|Adventure|Fantasy,6.0,19001,16.2348,en
259693,The Conjuring 2,2016,Horror,7.293,9186,14.442,en
329865,Arrival,2016,Drama|Science Fiction|Mystery,7.6,19373,13.7466,en
348893,Boyka: Undisputed IV,2016,Action|Drama|Thriller|Crime,7.193,1460,14.2723,en
378064,A Silent Voice: The Movie,2016,Animation|Drama|Romance,8.4,4495,13.9104,ja
313369,La La Land,2016,Comedy|Drama|Romance,7.898,18125,13.5054,en
284052,Doctor Strange,2016,Fantasy|Adventure|Action,7.42,23442,13.1773,en
278154,Ice Age: Collision Course,2016,Adventure|Animation|Family|Comedy|Science Fiction,6.112,4873,12.7107,en
296096,Me Before You,2016,Drama|Romance,7.919,13234,11.7357,en
330459,Rogue One: A Star Wars Story,2016,Action|Adventure|Science Fiction,7.507,16419,11.5449,en
335797,Sing,2016,Animation|Comedy|Family|Music,7.123,8432,9.8481,en
140300,Kung Fu Panda 3,2016,Animation|Action|Adventure|Comedy|Family,6.9,6593,11.3067,en
360814,Dangal,2016,Drama|Family|Comedy,7.879,1157,11.1965,hi
246655,X-Men: Apocalypse,2016,Science Fiction|Fantasy|Action,6.525,13781,10.2226,en
259316,Fantastic Beasts and Where to Find Them,2016,Fantasy|Adventure,7.309,19705,10.7637,en
291805,Now You See Me 2,2016,Crime|Thriller,6.828,11589,10.0459,en
153518,The Angry Birds Movie,2016,Animation|Adventure|Comedy|Family,6.3,3996,9.0425,en
343611,Jack Reacher: Never Go Back,2016,Action|Thriller|Drama|Crime,6.014,5341,10.1423,en
441900,A Round Trip to Love 2,2016,Action|Drama|Romance|Thriller,4.8,15,8.6693,zh
381284,Hidden Figures,2016,Drama|History,8.043,10446,9.1641,en
310131,The Witch,2016,Horror,7.003,7652,9.0966,en
293670,The Wailing,2016,Horror|Mystery,7.378,2056,7.9356,ko
241259,Alice Through the Looking Glass,2016,Adventure|Family|Fantasy,6.565,6783,8.1351,en
311324,The Great Wall,2016,Action|Adventure|Fantasy,6.03,5537,8.4997,en
68735,Warcraft,2016,Action|Adventure|Fantasy,6.405,7274,9.2129,en
376812,Sultan,2016,Drama|Action|Romance,6.865,260,7.9317,hi
283366,Miss Peregrine's Home for Peculiar Children,2016,Adventure|Fantasy,6.838,10481,7.8393,en
297761,Suicide Squad,2016,Action|Adventure|Fantasy,5.9,22106,8.3326,en
302946,The Accountant,2016,Crime|Thriller|Drama,7.138,7358,8.0295,en
429245,Even Though I Don't Like It,2016,Romance|Drama|Fantasy,4.974,19,7.0974,ja
274870,Passengers,2016,Drama|Romance|Science Fiction,6.955,14237,8.7891,en
127380,Finding Dory,2016,Adventure|Animation|Family,7.041,12654,7.9008,en
333484,The Magnificent Seven,2016,Adventure|Action|Western,6.49,6410,8.1485,en
300671,13 Hours: The Secret Soldiers of Benghazi,2016,War|Action|History|Drama|Thriller,7.275,3949,7.8053,en
290250,The Nice Guys,2016,Comedy|Crime|Action,7.1,8664,7.4319,en
375794,No manches  Frida,2016,Comedy,7.713,952,6.9577,es
397243,The Autopsy of Jane Doe,2016,Horror|Mystery,6.835,4732,6.5618,en
315011,Shin Godzilla,2016,Action|Science Fiction|Horror,7.232,1569,7.0464,ja
376867,Moonlight,2016,Drama,7.4,7537,6.1761,en
205584,Gods of Egypt,2016,Action|Adventure|Fantasy,5.699,4359,6.846,en
278924,Mechanic: Resurrection,2016,Action|Crime|Thriller|Adventure,6.059,3666,7.5766,en
302699,Central Intelligence,2016,Action|Comedy,6.414,6352,7.6332,en
267935,The BFG,2016,Adventure|Family|Fantasy,6.292,3628,7.2435,en
372754,Dou kyu sei – Classmates,2016,Romance|Animation,8.3,441,7.0019,ja
308531,Teenage Mutant Ninja Turtles: Out of the Shadows,2016,Action|Adventure|Comedy|Family|Science Fiction,6.055,3798,6.6916,en
258489,The Legend of Tarzan,2016,Fantasy|Action|Adventure,5.9,6514,7.5787,en
223702,Sausage Party,2016,Adventure|Animation|Comedy|Fantasy,5.752,7716,6.5257,en
262504,Allegiant,2016,Adventure|Science Fiction|Action|Mystery,6.099,6979,6.9653,en
324668,Jason Bourne,2016,Action|Adventure|Thriller,6.38,6219,6.3143,en
371462,Mammal,2016,Drama,6.217,46,6.3063,en
334541,Manchester by the Sea,2016,Drama,7.553,6413,5.8966,en
395000,Young Mother 4,2016,Romance,4.5,12,6.241,ko
300669,Don't Breathe,2016,Horror|Thriller|Crime,7.014,7970,6.2439,en
188927,Star Trek Beyond,2016,Action|Adventure|Science Fiction,6.788,7101,6.2157,en
308266,War Dogs,2016,Comedy|Crime|Drama,6.942,5484,5.9132,en
296524,Deepwater Horizon,2016,Drama|Action,6.899,4909,7.8862,en
363676,Sully,2016,Drama|History,7.204,7720,6.4499,en
419116,Russian Mom,2016,Drama|Romance,5.5,26,6.3631,ko
342473,Ballerina,2016,Animation|Adventure|Comedy|Family,7.211,1988,6.579,en
316727,The Purge: Election Year,2016,Action|Horror|Thriller,6.381,5506,5.2815,en
351211,Blair Witch,2016,Thriller|Horror,5.2,2043,3.5386,en
333371,10 Cloverfield Lane,2016,Thriller|Science Fiction|Drama|Horror,7.003,8685,5.6476,en
258230,A Monster Calls,2016,Fantasy|Adventure|Family,7.299,3566,5.21,en
310307,The Founder,2016,Drama|History,7.145,5391,5.1385,en
278927,The Jungle Book,2016,Adventure|Family|Fantasy,6.872,8494,6.8572,en
136799,Trolls,2016,Adventure|Animation|Comedy|Family|Fantasy|Music,6.6,3827,5.7848,en
391757,Never Back Down: No Surrender,2016,Drama|Action,7.064,510,5.7601,en
207932,Inferno,2016,Mystery|Thriller|Action,6.096,6655,5.135,en
345911,Lights Out,2016,Horror,6.4,4130,6.254,en
68730,Silence,2016,Drama|History,7.117,3306,6.0526,en
413337,Girl in the Box,2016,Drama|TV Movie,6.697,160,6.9555,en
346672,Underworld: Blood Wars,2016,Fantasy|Action|Thriller|Science Fiction|Horror,5.917,3935,5.587,en
376570,Hush,2016,Horror|Thriller,6.731,4846,5.0914,en
324670,Spectral,2016,Science Fiction|Thriller|Action,6.544,1999,4.161,en
334543,Lion,2016,Drama,8.04,6961,4.4211,en
346685,The Girl on the Train,2016,Crime|Mystery|Thriller,6.44,6033,5.1115,en
340666,Nocturnal Animals,2016,Drama|Thriller,7.411,8297,4.758,en
259694,How to Be Single,2016,Comedy|Romance,6.255,3360,5.1362,en
267860,London Has Fallen,2016,Action|Thriller,6.224,5107,5.0226,en
47933,Independence Day: Resurgence,2016,Action|Adventure|Science Fiction,5.365,6458,5.8077,en
290595,The Huntsman: Winter's War,2016,Action|Adventure|Drama,6.292,5052,5.3562,en
291870,Dirty Grandpa,2016,Comedy,5.941,4599,5.0168,en
393457,Fences,2016,Drama,6.891,2811,4.5344,en
43074,Ghostbusters,2016,Action|Fantasy|Comedy,5.347,6776,4.6736,en
332210,Storks,2016,Adventure|Animation|Comedy|Family,6.671,2503,4.496,en
267193,Grimsby,2016,Action|Comedy,5.954,2508,4.1022,en
411442,Time Raiders,2016,Action|Adventure|Fantasy,5.321,28,3.9978,zh
333669,Bastille Day,2016,Action,6.322,1530,4.1911,en
332567,The Shallows,2016,Horror|Drama|Thriller,6.356,5328,5.1251,en
299687,The 5th Wave,2016,Science Fiction|Adventure|Action,5.936,6034,5.0456,en
416148,Rocco,2016,Documentary,5.5,186,4.2222,fr
427719,X-Rated 2: The Greatest Adult Stars of All-Time,2016,Documentary,6.7,105,4.3914,en
396263,GANTZ:O,2016,Animation|Science Fiction|Action|Drama,7.324,836,4.6687,ja
408567,Deadly Pickup,2016,Thriller,5.326,23,4.4709,en
360606,Adventures in Babysitting,2016,Comedy|Family|Adventure|TV Movie,7.235,440,4.839,en
362227,Night of Something Strange,2016,Comedy|Horror,4.7,89,3.209,en
347031,Swiss Army Man,2016,Comedy|Drama|Romance|Fantasy|Adventure,6.923,3813,3.2743,en
369885,Allied,2016,Action|Drama|War|Romance|Thriller,6.807,4801,4.3738,en
387847,My Friend's Older Sister,2016,Romance,4.3,10,3.5685,ko
301365,The Neon Demon,2016,Horror,6.504,3946,3.625,en
334533,Captain Fantastic,2016,Adventure|Drama,7.888,6833,4.1335,en
356305,Why Him?,2016,Comedy,6.383,4411,3.5785,en
339984,Miracles from Heaven,2016,Family|Drama,7.45,1273,4.4252,en
408866,RE:BORN,2016,Action|Crime,7.203,264,3.8623,ja
313297,Kubo and the Two Strings,2016,Animation|Adventure|Family,7.633,3818,3.9557,en
381890,The Mermaid,2016,Comedy|Fantasy|Romance,6.54,487,4.3895,zh
302156,Criminal,2016,Action|Crime|Science Fiction,6.207,1882,5.2184,en
325133,Neighbors 2: Sorority Rising,2016,Comedy,5.816,4619,3.6615,en
345735,Robbery,2016,Comedy|Crime|Fantasy|Romance|Thriller,6.9,42,3.3616,cn
318781,Colonia,2016,Drama|History,7.257,1992,4.2546,de
384345,Doraemon: Nobita and the Birth of Japan,2016,Animation|Adventure|Fantasy|Science Fiction|Family,6.8,78,3.8295,ja
402331,Hard Target 2,2016,Action|Thriller,6.205,312,3.7575,en
271969,Ben-Hur,2016,Action|History|Adventure|Drama,5.8,1784,3.1459,en
303991,Demolition,2016,Comedy|Drama,6.848,2508,3.9568,en
376659,Bad Moms,2016,Comedy,6.489,4265,3.9853,en
381902,The Monkey King 2,2016,Action|Adventure|Fantasy,5.9,112,3.871,zh
270487,Hail  Caesar!,2016,Comedy|Mystery,5.942,4005,3.5752,en
328111,The Secret Life of Pets,2016,Animation|Comedy|Family|Adventure,6.319,8513,3.3263,en
283378,Fallen,2016,Drama|Fantasy|Romance,6.1,1672,3.58,en
382190,Pokémon the Movie: Volcanion and the Mechanical Marvel,2016,Family|Adventure|Animation|Fantasy|Science Fiction,6.739,205,4.4507,ja
375366,The Girl with All the Gifts,2016,Action|Horror|Science Fiction,6.579,2163,3.63,en
262841,Monster Trucks,2016,Action|Comedy|Science Fiction,6.093,924,3.9279,en
329833,Zoolander 2,2016,Action|Adventure|Comedy,4.929,2383,4.7779,en
338766,Hell or High Water,2016,Western|Crime|Drama,7.301,4868,3.4288,en
293767,Billy Lynn's Long Halftime Walk,2016,Drama|War,6.034,633,3.1016,en
407375,Sniper: Ghost Shooter,2016,Action|Drama|War,6.326,290,3.2306,en
418827,Sister's Younger Husband,2016,Drama,5.7,10,3.3705,ko
351819,Fifty Shades of Black,2016,Romance|Comedy,4.893,1408,3.567,en
345920,Collateral Beauty,2016,Drama|Romance,7.2,5557,3.2645,en
324560,Brimstone,2016,Thriller|Western|Drama,7.154,1272,3.2805,en
302401,Snowden,2016,Drama|History|Crime|Thriller,7.111,4659,3.6677,en
328387,Nerve,2016,Mystery|Adventure|Crime,6.998,7024,3.2942,en
374205,One Piece Film: GOLD,2016,Action|Animation|Adventure|Comedy,7.2,534,3.5578,ja
442495,Sexology,2016,Documentary,4.3,16,3.1549,en
369557,Sing Street,2016,Romance|Drama|Music|Comedy,7.859,2450,3.3506,en
313922,Green Room,2016,Horror|Crime|Thriller,6.72,2939,3.2703,en
335796,Ouija: Origin of Evil,2016,Horror,6.154,2622,3.1439,en
347647,Traders,2016,Thriller,6.19,50,2.2469,en
430384,My Wife's Sister,2016,Romance|Family|Drama,5.263,19,3.5534,ko
353069,Mother's Day,2016,Comedy|Drama|Romance,5.981,1320,3.4968,en
306947,The Invitation,2016,Thriller|Horror,6.4,2861,3.4918,en
58431,Pride and Prejudice and Zombies,2016,Romance|Horror|Comedy|Thriller,6.2,2311,3.4431,en
441846,A Round Trip to Love,2016,Drama|Action|Romance,6.0,17,3.5619,zh
425650,House with a Good View 3,2016,Romance|Drama,5.1,10,3.5335,ko
421928,Luck-Key,2016,Action|Comedy|Crime,7.152,148,2.522,ko
270774,Skiptrace,2016,Action|Adventure|Crime|Comedy,5.8,766,3.689,en
445077,I'm a Porn Star: Gay 4 Pay,2016,Documentary,6.875,28,2.9219,en
379170,Sherlock: The Abominable Bride,2016,Crime|Drama|Mystery|Thriller|TV Movie,7.835,2341,3.4918,en
263341,Crouching Tiger  Hidden Dragon: Sword of Destiny,2016,Action|Adventure|Drama,6.158,720,3.1441,en
330483,The Choice,2016,Drama|Romance,7.194,1966,3.1697,en
378462,The Gigolo 2,2016,Drama,4.2,15,2.9924,cn
121856,Assassin's Creed,2016,Action|Adventure|Science Fiction,5.4,8118,2.9112,en
412520,Sex Doll,2016,Drama|Thriller|Mystery,5.7,159,3.0441,fr
381341,Perfect Strangers,2016,Drama,7.9,4636,2.7018,it
331313,Keeping Up with the Joneses,2016,Action|Comedy,6.089,2148,3.2795,en
276624,I Am a Hero,2016,Action|Horror|Drama,7.463,508,3.3948,ja
277834,Moana,2016,Adventure|Comedy|Family|Animation,7.566,13731,2.8986,en
376290,Miss Sloane,2016,Thriller|Drama|Crime,7.411,1981,3.201,en
374052,The Love Witch,2016,Horror|Comedy|Romance|Fantasy,6.411,626,3.4201,en
309886,Blood Father,2016,Action|Thriller|Drama,6.2,1663,3.7566,fr
336011,White Girl,2016,Drama,5.659,477,4.11,en
376660,The Edge of Seventeen,2016,Comedy|Drama,7.152,4258,3.0486,en
409387,Sex: A Relationship and Not Marriage,2016,Drama,6.6,14,3.139,ko
430412,The Daytime Doorman,2016,Romance|Comedy,6.3,13,2.8192,pt
321258,The Boy,2016,Horror|Mystery|Thriller,5.974,3953,2.884,en
330070,Terra Formars,2016,Action|Horror|Science Fiction,6.082,287,2.5933,ja
331962,Exposed,2016,Drama|Crime|Thriller|Mystery,4.958,579,3.9289,en
335778,Risen,2016,Action|Adventure|Drama|History|Mystery,6.3,949,2.7045,en
388399,Patriots Day,2016,Action|Crime|Drama|History|Thriller,7.071,2849,2.9927,en
429450,Pandora,2016,Thriller|Drama|Action,7.531,508,2.4833,ko
393445,Ae Dil Hai Mushkil,2016,Romance|Drama,6.415,218,2.8389,hi
323675,Ride Along 2,2016,Action|Comedy,6.255,1795,3.0366,en
329440,The Forest,2016,Horror|Thriller|Mystery,5.238,1860,3.0964,en
412190,Love O2O,2016,Drama|Comedy|Romance,6.7,60,3.0467,zh
294272,Pete's Dragon,2016,Adventure|Family|Fantasy,6.386,2324,2.5553,en
336455,Viral,2016,Drama|Horror|Science Fiction,5.668,565,3.539,en
300673,The Finest Hours,2016,Action|Drama|History|Thriller,6.597,1744,3.0512,en
388333,M.S. Dhoni: The Untold Story,2016,Drama,7.244,203,3.2463,hi
431808,Assassination Classroom the Movie: 365 Days' Time,2016,Action|Animation|Comedy|Drama,6.5,84,3.2207,ja
402397,Sag mir nichts,2016,TV Movie|Drama|Romance,5.3,26,2.5578,de
382591,Two Is a Family,2016,Drama|Comedy,7.724,3058,2.6995,fr
374856,Detective Conan: The Darkest Nightmare,2016,Animation|Mystery|Action|Crime,6.787,122,2.5953,ja
379990,Anything for Love,2016,Romance|TV Movie|Comedy,6.018,56,2.4351,en
412013,Swinger,2016,Romance|Comedy,5.3,15,2.9176,da
433157,One Piece: Heart of Gold,2016,Animation|Adventure|Comedy|Fantasy|Action,7.441,102,2.9671,ja
404378,A Street Cat Named Bob,2016,Family|Drama,7.9,1550,2.4594,en
416249,Cold War II,2016,Action|Thriller|Crime,6.3,123,3.7126,cn
406429,League of Gods,2016,Action|Fantasy,5.623,175,2.3719,zh
377264,Morgan,2016,Horror|Science Fiction|Thriller,5.817,1597,2.8837,en
407655,A Cinderella Story: If the Shoe Fits,2016,Comedy|Family|Fantasy|Music,7.183,867,2.6774,en
371645,Hunt for the Wilderpeople,2016,Adventure|Comedy|Drama,7.644,2306,2.4719,en
146198,Triple 9,2016,Action|Crime|Adventure|Thriller,5.984,2279,3.9855,en
390584,King Cobra,2016,Crime|Drama,5.9,485,2.68,en
382322,Batman: The Killing Joke,2016,Animation|Crime|Drama,6.612,1932,2.889,en
351809,To Steal from a Thief,2016,Crime|Thriller,6.263,390,2.7054,es
413658,The Warriors Gate,2016,Action|Adventure|Comedy|Family|Fantasy,6.608,379,2.4452,en
424649,Model for Murder: The Centerfold Killer,2016,Horror|Thriller|Mystery,4.938,16,2.4881,en
351339,Anthropoid,2016,History|Thriller|War,7.141,1151,3.3109,en
334524,Gold,2016,Adventure|Drama|Thriller,6.621,1752,3.8987,en
378018,The Void,2016,Mystery|Horror|Science Fiction,6.021,1419,2.743,en
271706,Big Fish & Begonia,2016,Animation|Adventure|Fantasy,7.4,484,3.018,zh
368940,Robinson Crusoe,2016,Animation|Adventure|Family,5.8,358,2.2577,de
279641,Whiskey Tango Foxtrot,2016,Comedy|Drama|War,6.309,1047,2.0516,en
333385,Mr. Right,2016,Comedy|Romance|Crime,6.5,1461,3.0396,en
419446,Tiger  Blood in the Mouth,2016,Drama,5.0,48,2.5061,es
339397,Café Society,2016,Comedy|Drama|Romance,6.44,2819,3.2363,en
379291,Justice League vs. Teen Titans,2016,Science Fiction|Action|Animation,7.275,1038,2.1494,en
374617,Imperium,2016,Crime|Drama,6.458,1491,2.593,en
344041,Standoff,2016,Action|Crime|Thriller,6.065,341,2.0912,en
422154,The Glassblower,2016,Drama|History|TV Movie,6.5,46,2.1622,de
245913,Pelé: Birth of a Legend,2016,Drama,7.3,1156,2.4992,en
303858,Money Monster,2016,Thriller|Drama,6.433,3150,2.2654,en
425094,Echo Torch,2016,Horror|Science Fiction,6.9,14,2.3487,en
315664,Florence Foster Jenkins,2016,Comedy|Drama,6.654,1536,1.9728,en
384798,Kill Command,2016,Action|Horror|Science Fiction|Thriller,5.663,646,2.4249,en
390433,Missing You,2016,Crime|Thriller,7.204,81,2.3894,ko
409502,I'm Not Ashamed,2016,Drama|Crime,7.1,289,2.2788,en
322240,Nine Lives,2016,Fantasy|Comedy|Family,5.814,1138,2.0968,en
382272,Death Note: Light Up the NEW World,2016,Crime|Horror|Science Fiction|Thriller,6.317,183,2.4323,ja
353326,The Man Who Knew Infinity,2016,Drama|History,7.159,1578,2.1162,en
376866,Jackie,2016,Drama,6.46,2438,2.575,en
341012,Popstar: Never Stop Never Stopping,2016,Comedy|Music,6.595,1369,2.5508,en
367177,Winnetou - A New World,2016,Western|Adventure|TV Movie,6.156,48,1.2559,de
399173,The Assignment,2016,Action|Crime|Thriller,5.538,560,2.4075,en
339405,Christine,2016,Drama,6.866,408,3.1474,en
401791,Boonie Bears: The Big Top Secret,2016,Animation|Adventure|Comedy,7.3,19,2.6512,zh
319888,Eddie the Eagle,2016,Comedy|Drama|History|Adventure,7.166,2292,2.5526,en
452251,Beauty Salon: Special Service,2016,Romance|Drama,6.2,16,2.4004,ko
323677,Race,2016,Drama|History,7.259,1622,3.468,en
408355,Throne of Elves,2016,Fantasy|Animation|Family,7.601,217,2.434,zh
394315,Midori: The Camellia Girl,2016,Drama|Horror,6.351,37,2.5265,ja
95610,Bridget Jones's Baby,2016,Drama|Comedy|Romance,6.405,3084,2.9492,en
359412,Marauders,2016,Action|Crime|Thriller,5.837,707,2.155,en
366170,Yu-Gi-Oh!: The Dark Side of Dimensions,2016,Adventure|Animation,7.555,464,2.5062,ja
382602,Sadako vs. Kayako,2016,Horror,5.579,246,2.4903,ja
380565,Home Invasion,2016,Thriller|Crime|Horror,5.625,168,2.0676,en
387893,Ice Age: The Great Egg-Scapade,2016,Animation|Comedy|Family|TV Movie,6.393,508,3.0386,en
316023,Mike and Dave Need Wedding Dates,2016,Comedy,6.045,2613,2.8466,en
340677,I.T.,2016,Thriller|Crime,5.413,682,3.1492,en
205588,Our Kind of Traitor,2016,Thriller,6.05,616,2.0957,en
325789,The Infiltrator,2016,Crime|Drama|Thriller,6.7,1817,2.3982,en
380111,Flight Crew,2016,Action,6.92,299,2.1877,ru
408620,Asura: The City of Madness,2016,Action|Crime|Thriller,6.811,122,2.794,ko
378108,In This Corner of the World,2016,Drama|Animation|Romance|War|History,7.9,628,2.312,ja
419590,The Love Machine,2016,Drama|Thriller|Horror,4.559,17,1.9411,en
396330,LEGO DC Comics Super Heroes: Justice League - Gotham City Breakout,2016,Animation|Family|Adventure|Action|Comedy,6.68,153,2.4637,en
345009,Mine,2016,War|Thriller,6.592,1350,2.4754,en
445239,Abu Shanab,2016,Comedy,6.2,15,2.2361,ar
424656,Crayon Shin-chan: Fast Asleep! Dreaming World Big Assault!,2016,Adventure|Animation|Comedy|Family|Fantasy,6.6,58,2.031,ja
363579,The Age of Shadows,2016,Action|Thriller|History,7.189,371,2.5038,ko
390734,Kingsglaive: Final Fantasy XV,2016,Animation|Science Fiction|Action,6.766,755,2.5229,ja
329981,Shut In,2016,Drama|Thriller,5.283,734,2.0922,en
372761,Persona3 the Movie #4 Winter of Rebirth,2016,Animation|Fantasy|Adventure,7.7,32,1.9984,ja
376047,Fitoor,2016,Romance|Drama,5.491,57,3.0687,hi
366924,Batman: Bad Blood,2016,Science Fiction|Action|Animation|Adventure|Crime,7.0,989,2.2339,en
415214,Operation Mekong,2016,Action|Adventure|Crime|War,7.005,277,2.2023,zh
357786,Kizumonogatari Part 1: Tekketsu,2016,Animation|Fantasy|Drama|Mystery|Action,7.7,308,2.1629,ja
410199,ARQ,2016,Science Fiction|Thriller,6.125,1299,1.7368,en
377447,Railroad Tigers,2016,Action|Adventure|Comedy|Family|War,6.089,152,2.0582,zh
384682,Office Christmas Party,2016,Comedy,5.714,2220,2.057,en
411268,Line Walker,2016,Action|Crime|Drama,6.461,76,2.5174,cn
331583,The Whole Truth,2016,Drama|Thriller,6.555,1274,1.962,en
413052,Hacker,2016,Crime|Drama|Thriller,6.279,339,2.3611,en
245703,Midnight Special,2016,Adventure|Drama|Science Fiction,6.255,2045,2.5307,en
407806,13th,2016,Documentary,7.9,792,1.689,en
393562,Raman Raghav 2.0,2016,Thriller|Crime,7.015,133,2.144,hi
391629,Baaghi,2016,Action|Thriller|Romance|Adventure,6.366,145,1.9589,hi
284564,31,2016,Horror|Thriller,5.4,860,1.9042,en
377897,Barbie: Spy Squad,2016,Action|Animation|Family,6.973,429,2.1353,en
392572,Rustom,2016,Thriller|Drama|Crime,6.679,140,1.8845,hi
337844,In Dubious Battle,2016,Drama,5.802,159,1.7804,en
213681,Masterminds,2016,Action|Comedy|Crime,5.753,1861,2.0292,en
383367,Sairat,2016,Drama|Romance,7.6,73,1.8722,mr
338964,Bad Santa 2,2016,Comedy|Crime|Mystery,5.4,873,1.9367,en
391975,2 Lava 2 Lantula!,2016,Horror|Science Fiction|Thriller,5.0,94,1.7795,en
308529,Kickboxer: Vengeance,2016,Action|Drama,5.1,446,1.8916,en
386861,P.S. Girls,2016,Romance|Thriller,5.4,19,2.0376,ko
259695,Live by Night,2016,Crime|Drama|Thriller,6.274,1403,2.1499,en
370755,Paterson,2016,Drama|Comedy|Romance,7.114,2061,2.137,en
382220,Master,2016,Crime|Action,6.935,108,3.2557,ko
168098,Cell,2016,Horror|Science Fiction|Thriller,4.713,1139,2.8524,en
195590,Collide,2016,Thriller|Action,5.579,639,2.0133,en
409297,A Dark Song,2016,Horror|Fantasy|Mystery,6.314,554,1.6388,en
354859,The Promise,2016,History|Romance|Drama,6.852,507,2.2261,en
381002,From Vegas to Macau III,2016,Action|Comedy,4.1,53,2.0535,cn
394723,The Red Thread,2016,Drama|Romance,6.7,193,2.1823,es
332872,Julieta,2016,Drama|Romance,6.99,915,2.787,es
389053,The Do-Over,2016,Action|Adventure|Comedy,5.7,1596,2.0768,en
283552,The Light Between Oceans,2016,Drama|Romance,7.069,1425,1.8658,en
380075,Fog in August,2016,Drama,7.4,101,1.0259,de
323676,The Boss,2016,Comedy,5.8,1391,2.1893,en
332979,Bleed for This,2016,Drama,6.8,834,1.8048,en
234004,Ratchet & Clank,2016,Action|Adventure|Animation|Family,5.8,666,1.9443,en
316152,Free State of Jones,2016,Action|Drama|History|War,6.8,1657,2.1649,en
332411,I Am Wrath,2016,Action|Crime|Drama|Thriller,5.751,740,2.1789,en
339396,True Memoirs of an International Assassin,2016,Comedy|Action,5.767,847,2.041,en
407627,Ice Sharks,2016,TV Movie|Adventure|Action|Science Fiction|Horror,4.8,121,1.9787,en
384737,Precious Cargo,2016,Action|Crime|Thriller,5.097,300,2.8626,en
429235,Sister In Law,2016,Comedy,5.51,48,1.6446,tr
333386,The Duel,2016,Western|Drama,5.433,375,2.3402,en
301608,The Trust,2016,Action|Comedy|Crime|Drama|Thriller,5.2,540,2.2072,en
359784,Maudie,2016,Drama|Romance|History,7.75,585,1.7895,en
411003,Lumière!,2016,Documentary|History,7.867,75,1.9098,fr
413198,Call of Heroes,2016,Action|Thriller,6.5,98,1.8594,cn
289269,Lady Bloodfight,2016,Action|Thriller|Drama,6.563,182,1.7623,en
340945,USS Indianapolis: Men of Courage,2016,Action|War,5.868,660,1.8918,en
381693,Kung Fu Panda: Secrets of the Scroll,2016,Animation|Family|Comedy,6.9,238,2.1172,en
407887,Operation Chromite,2016,History|Drama|War|Action,5.8,225,1.6194,ko
241258,Incarnate,2016,Horror|Thriller,5.455,600,2.0304,en
290825,Yoga Hosers,2016,Comedy|Fantasy|Horror|Action,4.645,476,3.0385,en
399106,Piper,2016,Family|Animation,8.147,1733,1.7513,en
286567,Max Steel,2016,Action|Adventure|Science Fiction,5.575,849,2.1575,en
426166,My Annoying Brother,2016,Drama|Comedy,8.012,127,1.6933,ko
382512,LEGO DC Comics Super Heroes: Justice League - Cosmic Clash,2016,Action|Adventure|Animation|Comedy|Family,6.334,154,2.0797,en
366514,Up for Love,2016,Comedy|Romance|Drama,6.023,875,1.7481,fr
402298,Denial,2016,Drama|History,6.849,701,1.9301,en
378200,The Perfect Match,2016,Romance|Comedy,5.546,208,1.7619,en
385320,Zoombies,2016,Science Fiction|Action|Horror,5.0,191,2.472,en
374473,I  Daniel Blake,2016,Drama,7.712,1535,1.9986,en
410117,Lady Macbeth,2016,Drama,6.563,819,1.937,en
337556,Emerald Green,2016,Fantasy|Action|Mystery,6.967,885,2.569,de
391617,Kóblic,2016,Drama|Thriller,5.974,78,2.2287,es
337674,Elle,2016,Drama|Thriller,6.6,2003,1.5375,fr
352186,Good Kids,2016,Comedy,6.309,329,1.7304,en
428099,My Tomorrow  Your Yesterday,2016,Romance|Drama,7.5,197,1.7536,ja
298584,Cabin Fever,2016,Horror,4.748,480,2.0223,en
429285,Midnight Diner 2,2016,Drama|Comedy,7.432,37,2.5992,ja
354282,Science Fiction Volume One: The Osiris Child,2016,Science Fiction,5.629,531,1.7298,en
342521,Keanu,2016,Action|Comedy|Crime,6.045,1136,1.7442,en
382598,Full Speed,2016,Family|Comedy|Action,6.018,673,2.0667,fr
370992,Shivaay,2016,Adventure|Action|Drama|Thriller,5.892,65,2.1042,hi
400554,A Minute’s Silence,2016,Drama|Romance|TV Movie,5.525,20,2.5196,de
267192,Genius,2016,History|Drama,6.483,724,1.764,en
339419,Loving,2016,Drama|Romance,6.696,969,1.7438,en
389868,Seoul Station,2016,Animation|Horror|Science Fiction|Action|Thriller,6.537,490,1.6075,ko
296523,Man Down,2016,Thriller|Drama|War,6.048,280,1.7537,en
315669,The Bodyguard,2016,Action|Crime|Drama,5.837,86,1.8399,zh
364116,The Other Side of the Door,2016,Horror|Thriller,5.555,894,1.8664,en
390497,Tunnel,2016,Thriller|Drama,7.287,651,1.6858,ko
374461,Mr. Church,2016,Drama,7.4,521,2.5398,en
340103,The Monster,2016,Horror|Drama,5.5,601,1.3943,en
407794,Indiscretion,2016,Thriller|Crime|Drama|Romance,4.3,35,1.756,en
410988,The Stakelander,2016,Action|Horror,5.777,177,2.8928,en
308453,The Bronze,2016,Drama|Comedy,6.02,396,2.1019,en
362584,Kizumonogatari Part 2: Nekketsu,2016,Animation|Fantasy|Mystery,7.969,224,1.564,ja
381418,Sanam Teri Kasam,2016,Drama|Romance,7.9,140,1.908,hi
318121,The Fundamentals of Caring,2016,Comedy|Drama,7.289,2320,2.0521,en
378348,A Violent Prosecutor,2016,Crime|Comedy|Action,7.0,121,1.3087,ko
342737,20th Century Women,2016,Drama,7.3,1233,1.826,en
413543,Dear Zindagi,2016,Drama|Romance,7.006,257,1.6959,hi
347026,A United Kingdom,2016,Drama|History,6.7,540,1.6524,en
348668,A Conspiracy of Faith,2016,Crime|Drama|Mystery|Thriller,6.957,611,1.7148,da
378674,DC Films Presents Dawn of the Justice League,2016,Documentary,6.043,69,1.7399,en
369552,L.O.R.D: Legend of Ravaging Dynasties,2016,Animation|Fantasy|Drama|Science Fiction,7.038,144,1.7193,zh
403605,Headshot,2016,Action|Thriller|Drama,6.426,484,1.9397,id
359628,Assassination Classroom: Graduation,2016,Comedy|Action|Science Fiction,7.1,106,1.8812,ja
369883,Middle School: The Worst Years of My Life,2016,Family|Comedy,6.943,458,1.9712,en
375533,Wolf Girl and Black Prince,2016,Romance,6.515,67,1.9139,ja
437665,The Wrong House,2016,Thriller|TV Movie,5.7,18,1.4934,en
368031,Friend Request,2016,Horror|Thriller,5.552,1323,1.9593,en
378485,We Are the Flesh,2016,Drama|Horror|Fantasy,5.2,130,1.6232,es
340676,Personal Shopper,2016,Drama|Mystery|Thriller,5.9,1321,2.4899,fr
377275,In Bed with Victoria,2016,Comedy|Drama|Romance,5.9,507,1.7884,fr
383121,Kindergarten Cop 2,2016,Comedy,4.9,253,1.888,en
311667,Manhattan Night,2016,Drama|Mystery|Thriller,5.915,417,1.5614,en
403032,The Tenants Downstairs,2016,Drama|Mystery|Crime|Horror,6.231,39,1.6363,zh
410220,Drowning Love,2016,Romance|Drama,6.155,84,1.3692,ja
333667,Rock Dog,2016,Animation|Adventure|Comedy|Family|Music,6.246,315,1.8198,en
372519,The Ten Commandments: The Movie,2016,Drama,7.2,308,1.7242,pt
376004,Adulterers,2016,Thriller|Drama,6.1,106,2.4288,en
301804,Before I Wake,2016,Drama|Fantasy|Horror|Thriller,6.501,1969,2.0012,en
356842,The Ones Below,2016,Thriller,6.0,376,1.4282,en
184341,Hands of Stone,2016,Drama,6.598,455,1.6813,en
373314,Misconduct,2016,Drama|Thriller,5.587,606,1.8416,en
376969,Fucking Berlin,2016,Drama|Romance,5.7,114,1.9106,de
337703,The Red Turtle,2016,Animation|Drama|Fantasy|Family,7.4,1370,1.3547,fr
401146,Your Lie in April,2016,Drama|Music|Romance,7.017,58,1.4718,ja
326285,American Pastoral,2016,Crime|Drama,6.169,743,2.8826,en
339526,The Land Before Time XIV: Journey of the Brave,2016,Animation|Adventure|Family,6.695,123,1.5955,en
360139,Elis,2016,Drama,7.208,125,1.4085,pt
393070,Insane,2016,Mystery|Thriller,6.929,35,1.144,ko
381873,Accel World: Infinite Burst,2016,Animation|Action|Science Fiction,6.566,53,1.401,ja
401133,The Truth Beneath,2016,Thriller|Drama,6.839,62,1.5637,ko
291328,Rules Don't Apply,2016,Romance|Comedy|Drama,5.7,501,1.5392,en
367206,Sword Master,2016,Action,6.399,134,2.3449,zh
369698,Viking,2016,History|Action|Drama,4.836,177,1.6704,ru
390989,Sharknado 4: The 4th Awakens,2016,Comedy|Science Fiction,4.507,406,1.4167,en
429892,Erotic Tutoring,2016,Romance|Comedy|Drama,6.231,13,1.4893,ko
384664,Goodbye Berlin,2016,Drama|Comedy,6.662,348,2.5435,de
301348,Elvis & Nixon,2016,Drama|Comedy|History,5.988,445,1.6697,en
346651,Pandemic,2016,Action|Science Fiction|Horror,5.103,377,1.4748,en
417419,SoulMate,2016,Romance|Drama,7.169,86,1.3019,zh
403310,HK: Hentai Kamen 2 - Abnormal Crisis,2016,Action|Comedy,6.234,79,1.884,ja
372751,Code Geass: Akito the Exiled 5: To Beloved Ones,2016,Action|Animation|Science Fiction,6.269,54,1.8497,ja
382399,High Strung,2016,Music|Romance|Drama,7.035,941,1.6578,en
413666,Taekwondo,2016,Drama|Romance|Comedy,6.9,89,2.7428,es
360249,The Last King,2016,Action|Adventure|Drama|History,5.7,238,2.0845,no
359983,The Lion Guard: Return of the Roar,2016,Family|TV Movie|Animation|Adventure,6.7,1221,1.6493,en
352695,Joshy,2016,Drama|Comedy,5.622,115,2.5017,en
291413,Within,2016,Horror|Thriller,5.452,303,2.7684,en
334538,Into the Forest,2016,Drama|Science Fiction,5.8,716,1.6424,en
378502,While the Women Are Sleeping,2016,Drama|Mystery,5.706,17,1.2749,ja
453075,One Summer Night,2016,Drama,5.8,11,1.5807,ko
392794,The Dancer,2016,Drama|History,6.5,204,2.475,fr
427143,Elena and the Secret of Avalor,2016,Fantasy|Animation|Family|TV Movie,7.256,84,1.6649,en
353979,Pet,2016,Horror|Thriller,5.9,728,1.4656,en
427342,Panfilov's 28 Men,2016,History|Action|Drama|War,6.8,178,1.4973,ru
374056,Sound! Euphonium The Movie: Welcome to the Kitauji High School Concert Band,2016,Animation|Drama|Music,5.9,24,1.6806,ja
365283,The Inerasable,2016,Horror,6.8,34,1.5424,ja
382217,Vanishing Time: A Boy Who Returned,2016,Fantasy|Drama,7.2,184,1.4765,ko
326423,Barbershop: The Next Cut,2016,Comedy|Drama,6.3,499,1.7039,en
375183,A Family Man,2016,Drama,6.693,543,1.6608,en
369300,The Limehouse Golem,2016,Horror|Mystery|Thriller,6.249,737,1.534,en
472516,The Moment You Fall in Love,2016,Drama|Animation|Romance|Comedy,7.475,140,1.6002,ja
390329,Madly,2016,Drama,4.9,11,1.2631,en
375315,The Salesman,2016,Drama|Thriller,7.252,933,1.4044,fa
332721,Dad's Army,2016,Comedy|War,5.0,219,1.3455,en
409393,Killer Assistant,2016,TV Movie|Thriller|Crime,5.7,13,1.9906,en
295699,Everybody Wants Some!!,2016,Comedy,6.38,1205,1.3834,en
412540,J.L. Family Ranch,2016,Drama|Western,6.0,29,2.1844,en
384127,A Man and a Woman,2016,Drama|Romance,6.679,78,1.443,ko
403850,Mobile Suit Gundam: The Origin IV – Eve of Destiny,2016,Animation|Science Fiction|Action,7.7,29,1.1804,ja
272820,Mr. Pig,2016,Drama,6.0,52,1.9271,es
378385,Jarhead 3: The Siege,2016,War|Action|Drama,6.13,253,1.5635,en
414064,PERSONA5 the Animation - THE DAY BREAKERS -,2016,Action|Adventure|Animation|Fantasy,7.4,15,1.406,ja
372758,Initial D Legend 3: Dream,2016,Action|Animation|Drama,7.447,66,1.3258,ja
302688,My Big Fat Greek Wedding 2,2016,Comedy|Romance,5.974,1078,2.2842,en
433825,Freezer's Campaign,2016,Comedy,4.6,16,1.5771,ar
248705,The Visitors: Bastille Day,2016,Comedy|Fantasy,4.2,726,1.6334,fr
405314,My Little Pony: Equestria Girls - Legend of Everfree,2016,Adventure|Animation|Music|Fantasy|Comedy,7.496,124,1.5492,en
404114,Mobile Suit Gundam Thunderbolt: December Sky,2016,Action|Animation|Drama|Science Fiction|War,7.5,29,1.5594,ja
428395,Misbehavior,2016,Drama,5.4,28,1.6453,ko
410118,Cave,2016,Adventure|Thriller,4.452,105,2.1499,no
413667,The Night,2016,Drama,4.2,21,1.5303,es
409122,Scooby-Doo! and WWE: Curse of the Speed Demon,2016,Animation|Family|Comedy|Mystery,7.6,200,1.3505,en
334517,The Siege of Jadotville,2016,War|Drama|Thriller,7.107,942,1.812,en
385317,Hot Bot,2016,Comedy|Science Fiction,4.279,206,1.3408,en
421742,Mr. Donkey,2016,Comedy|Drama,7.494,79,1.4039,zh
418930,The Secrets of Emily Blair,2016,Thriller|Horror,4.3,38,1.6306,en
339408,The Birth of a Nation,2016,Drama,6.6,574,1.5399,en
410718,Before the Flood,2016,Documentary,7.694,819,1.5053,en
369202,Lake Bodom,2016,Horror,5.3,299,1.1696,fi
408360,The Last Princess,2016,Action|Drama|History,6.7,68,1.6209,ko
417546,The Other End,2016,Drama,6.5,41,1.1405,pt
270007,Take Down,2016,Thriller,5.83,200,1.2844,en
355506,Siren,2016,Horror|Thriller,5.904,291,1.8252,en
374853,I've Always Liked You,2016,Animation|Drama|Romance,7.43,149,1.4542,ja
388862,Countdown,2016,Action|Crime|Mystery|Thriller,5.069,101,1.2188,en
375108,Mafia: Survival Game,2016,Action|Science Fiction,4.436,110,1.2591,ru
382207,Late Bloomer,2016,Comedy|Romance|TV Movie,6.333,36,2.3947,en
297806,I Saw the Light,2016,Music|Drama,6.2,216,1.2724,en
420686,Aroused by Gymnopedies,2016,Drama,5.722,18,1.6096,ja
340487,Certain Women,2016,Drama,6.004,383,1.299,en
376581,Amateur Night,2016,Comedy,5.512,201,1.4034,en
365187,Nannaku Prematho...,2016,Action,6.949,39,1.5582,te
385261,Love  Lies,2016,Romance|Drama|History,7.8,65,1.5174,ko
257440,Term Life,2016,Thriller|Drama|Action|Mystery,5.968,327,1.9789,en
373922,Three,2016,Action|Crime|Thriller,5.989,87,1.2534,cn
369299,Don't Blame the Kid,2016,Comedy|Romance,7.725,662,1.5821,es
291351,The Sea of Trees,2016,Drama,6.209,540,1.5253,en
393834,Goldstone,2016,Crime|Thriller,5.984,127,1.3789,en
393559,My Life as a Zucchini,2016,Animation|Comedy|Drama,7.8,1507,1.3813,fr
368182,Compulsion,2016,Thriller|Horror|Fantasy,4.7,65,1.5175,en
293452,The Disappointments Room,2016,Horror|Thriller,4.527,478,1.1325,en
451003,A Flower Aflame,2016,Drama|Romance,5.8,14,1.422,ja
408381,Monolith,2016,Thriller|Drama,5.336,388,1.2439,en
425104,Ninjago: Masters of Spinjitzu - Day of the Departed,2016,Animation|Fantasy|Action|Adventure|TV Movie,8.1,43,1.3144,en
428639,Derailed,2016,Crime|Action,6.61,41,1.4426,ko
413279,Team Thor,2016,Comedy|Science Fiction,7.227,579,1.3295,en
426614,Ekkadiki Pothavu Chinnavada,2016,Romance|Thriller,6.1,17,1.4707,te
270010,A Hologram for the King,2016,Comedy|Drama,5.853,1224,1.5102,en
382892,Paris 05:59 / Théo & Hugo,2016,Drama|Romance,6.69,124,1.4637,fr
382170,A Bride for Rip Van Winkle,2016,Drama|Romance,6.9,76,1.1779,ja
411221,Ozzy,2016,Animation|Family,6.0,177,2.4942,es
377263,Frantz,2016,History|Drama|Romance,7.345,736,1.1581,fr
506822,Double D Dude Ranch,2016,Western|Comedy,4.471,17,1.3593,en
420260,The Drowning,2016,Drama|Thriller,4.5,129,2.2584,en
364433,They Call Me Jeeg,2016,Science Fiction|Action|Drama,7.406,2586,1.2861,it
411736,Batman: Return of the Caped Crusaders,2016,Action|Animation|Adventure|Family|Science Fiction,6.488,290,1.1429,en
372756,Garakowa -Restore the World-,2016,Animation|Drama|Science Fiction,5.6,15,1.1955,ja
391698,The Beatles: Eight Days a Week - The Touring Years,2016,Documentary|Music,7.5,382,1.2549,en
376166,From the Land of the Moon,2016,Drama|Romance,6.6,313,1.3667,fr
395763,In the Shadow of Iris,2016,Thriller|Drama,5.871,267,1.4154,fr
374475,Toni Erdmann,2016,Comedy|Drama,7.0,1095,1.4092,de
348748,Nick: Off Duty,2016,Thriller|Action|Comedy|Mystery,4.841,66,1.3111,de
370076,Theri,2016,Action|Crime|Thriller,6.8,108,1.6383,ta
403232,Vigilante Diaries,2016,Action|Crime|Thriller,4.3,60,1.4081,en
317557,Queen of Katwe,2016,Drama,7.232,466,1.4368,en
328429,Approaching the Unknown,2016,Thriller|Drama|Science Fiction,5.283,332,1.3488,en
405755,So Young 2: Never Gone,2016,Comedy|Drama|Romance,6.4,55,1.3721,zh
332794,The Odyssey,2016,Adventure|Drama,6.634,433,2.5123,fr
414827,Sijjin 3: The Forbidden Love,2016,Horror,5.6,52,1.4774,tr
354216,The Devil's Candy,2016,Horror|Thriller|Drama,6.308,710,1.949,en
381948,Must See TV: An All Star Tribute to James Burrows,2016,Comedy,4.1,13,1.2593,en
438086,Love Machine,2016,Drama,4.2,28,1.125,ru
431086,The Perfect Stalker,2016,Thriller|TV Movie,5.184,19,1.2996,en
415636,I Belonged to You,2016,Romance|Drama,6.3,28,1.8313,zh
389201,A Chinese Odyssey Part Three,2016,Adventure|Comedy|Family|Fantasy,6.389,18,1.5436,zh
325346,The Hollars,2016,Drama|Comedy,6.313,332,1.8245,en
318850,The Young Messiah,2016,Drama,6.395,147,1.2043,en
373476,Complete Unknown,2016,Drama|Mystery|Thriller,5.147,187,1.293,en
277710,Anesthesia,2016,Drama|Thriller,5.733,129,2.3673,en
411802,Batman Unlimited: Mechs vs. Mutants,2016,Animation|Action|Science Fiction,6.476,103,1.1826,en
375867,Paris Can Wait,2016,Comedy|Drama|Romance,5.857,249,1.4943,en
186759,Get a Job,2016,Drama|Comedy,5.308,699,1.2217,en
207936,Tumbledown,2016,Romance|Comedy|Drama|Music,6.189,188,1.3369,en
394374,At the End of the Tunnel,2016,Crime|Thriller,7.041,451,1.2618,es
356334,Gridlocked,2016,Action,5.924,178,1.6434,en
404532,Lupin the Third: Italian Game,2016,TV Movie|Action|Animation|Adventure|Crime,6.6,27,1.1403,ja
392818,The Transfiguration,2016,Horror|Drama,5.996,137,2.1617,en
385390,Love by Chance,2016,Romance|TV Movie,6.0,79,1.0772,en
401043,Kuroko's Basketball - Movie: Winter Cup - Shadow and Light,2016,Animation|Comedy,6.9,17,1.2146,ja
448969,Kuroko's Basketball - Movie: Winter Cup - Crossing the Door,2016,Animation,7.4,11,1.0701,ja
368993,Mascots,2016,Comedy,5.405,201,2.3015,en
323262,Holidays,2016,Comedy|Horror|Fantasy|Mystery,4.944,522,2.376,en
412383,KanColle Movie,2016,Animation|Action|Science Fiction|TV Movie|War,5.0,23,1.3322,ja
300667,3 Generations,2016,Comedy|Drama,6.4,445,1.2538,en
396352,Melon Rainbow,2016,Drama,4.9,14,1.3421,da
374173,Kapoor & Sons,2016,Drama|Romance|Comedy|Family,7.053,200,1.4771,hi
388764,Bounty Hunters,2016,Action|Adventure|Comedy|Drama,7.2,56,1.2945,zh
291264,The Family Fang,2016,Comedy|Drama|Mystery,5.855,342,1.2631,en
413164,Pretty Cure All Stars: Everybody Sing♪ Miraculous Magic!,2016,Animation|Fantasy|Action|Music|Adventure|Comedy|Family,6.5,12,1.1757,ja
410366,The History of Love,2016,Drama|Romance|War,6.4,96,1.4073,en
402693,100 Meters,2016,Comedy|Drama,7.379,307,1.5478,es
245627,Abattoir,2016,Horror|Thriller,4.5,149,2.4315,en
296867,El Jeremías,2016,Family|Comedy|Drama,6.8,58,2.3598,es
333367,Sky,2016,Drama,6.2,96,1.6521,en
352492,XOXO,2016,Music|Drama,5.943,601,2.1605,en
447655,Double Mommy,2016,Drama|TV Movie,7.354,41,1.3599,en
339994,The Good Neighbor,2016,Drama|Thriller,6.198,479,1.2555,en
316000,Miles Ahead,2016,Drama|Music|History,6.403,236,1.2513,en
412361,Nitro Rush,2016,Action,5.9,24,1.9839,fr
340485,American Honey,2016,Drama,6.797,930,1.5582,en
347126,God's Not Dead 2,2016,Drama,6.1,422,1.4399,en
338189,It's Only the End of the World,2016,Drama,7.2,1661,1.3129,fr
340402,Almost Christmas,2016,Comedy|Drama,5.995,395,1.4784,en
345925,Rupture,2016,Thriller|Science Fiction,4.881,290,1.649,en
409447,Hairspray Live!,2016,Romance|Comedy|Drama|TV Movie|Music,7.326,167,1.1675,en
347881,The Confirmation,2016,Drama|Comedy,6.4,196,2.213,en
421313,Eliminators,2016,Action|Thriller,6.4,216,1.3207,en
376494,Unforgettable,2016,Drama|Romance,7.955,66,1.2338,ko
464431,The Wilding,2016,Horror|TV Movie,4.3,18,1.276,en
394326,Planetarian: Hoshi no Hito,2016,Animation|Drama,6.7,28,2.6814,ja
380623,Nocturama,2016,Drama|Thriller,6.388,245,2.2217,fr
382501,Eternity,2016,Drama|Romance,5.6,108,1.6487,fr
415749,Barbie: Star Light Adventure,2016,Animation|Family|Science Fiction,6.874,183,1.5105,en
424647,Paranormal Sexperiments,2016,Horror|Romance,6.0,12,1.3244,en
335791,When the Bough Breaks,2016,Drama|Thriller,5.828,435,1.3075,en
408439,Hounds of Love,2016,Crime|Drama|Horror,6.135,371,1.3798,en
395181,Finding Mr. Right 2,2016,Romance,5.9,48,1.0093,zh
371449,Other People,2016,Comedy|Drama,6.4,221,2.4001,en
390437,Ki & Ka,2016,Comedy|Romance,5.477,64,2.4997,hi
412467,Beyond Valkyrie: Dawn of the 4th Reich,2016,Action|War|History,5.408,49,1.2906,en
397366,Mobile Suit Gundam: The Origin III - Dawn of Rebellion,2016,Action|Animation|Science Fiction,7.9,36,1.1404,ja
385371,The Midnight Man,2016,Crime|Thriller,5.911,28,1.2892,en
316021,Frank & Lola,2016,Drama|Mystery|Romance,5.599,192,2.3931,en
376252,Mood of the Day,2016,Romance|Comedy,7.2,52,1.3368,ko
408579,Ultraman X The Movie: Here He Comes! Our Ultraman,2016,Fantasy|Action|Science Fiction,6.6,10,1.3606,ja
276905,Norm of the North,2016,Adventure|Animation|Comedy|Family,4.7,360,1.3195,en
433810,Kamen Rider Heisei Generations: Dr. Pac-Man vs. Ex-Aid & Ghost with Legend Riders,2016,Action|Adventure|Science Fiction,7.6,15,1.5059,ja
387938,Super Family,2016,Comedy,4.7,45,1.2302,ru
382572,The Wasted Times,2016,Drama|Mystery|Crime,6.86,57,1.4325,zh
1017204,Naruto OVA 12: The Day Naruto Became Hokage,2016,Animation|Drama|Fantasy,7.531,64,1.3621,ja
410126,Patient Seven,2016,Thriller|Horror,5.208,137,2.2461,en
411081,Summer Love,2016,TV Movie|Romance,5.93,71,2.2462,en
492621,The Midnight Man,2016,Horror,5.771,441,1.2397,en
401917,The Black Devil and the White Prince,2016,Comedy|Romance,7.5,104,1.3641,ja
408843,64: Part 2,2016,Mystery,7.5,17,2.3215,ja
403510,Tom and Jerry: Back to Oz,2016,Animation|Comedy|Family|Fantasy|Adventure,6.0,64,1.3865,en
417047,Barbie & Her Sisters in a Puppy Chase,2016,Family|Animation,6.705,146,1.3274,en
367195,S Storm,2016,Crime|Action|Thriller,5.682,33,1.0504,cn
429135,Camera Store,2016,Drama,5.7,26,1.7606,en
385736,Kicks,2016,Drama|Crime|Action|Adventure,6.7,155,1.062,en
358895,Being Charlie,2016,Drama|Romance,6.2,174,1.0395,en
369697,Norman: The Moderate Rise and Tragic Fall of a New York Fixer,2016,Comedy|Thriller|Drama,5.525,198,1.2792,en
417413,The Mole Song: Hong Kong Capriccio,2016,Action|Comedy,6.9,19,1.2631,ja
402648,Familyhood,2016,Drama|Comedy,6.08,25,1.0191,ko
374458,Graduation,2016,Drama,6.8,302,1.415,ro
354979,Dog Eat Dog,2016,Drama|Crime|Thriller,5.131,382,1.2071,en
402672,Mohenjo Daro,2016,Adventure|Drama|History|Romance,6.113,93,1.1112,hi
340674,Dark Crimes,2016,Drama|Thriller,4.631,494,1.1856,en
428039,Her Dark Past,2016,Thriller|Mystery|TV Movie,4.9,16,0.9953,en
396172,Angry Inuk,2016,Documentary,7.4,12,1.0282,en
374671,After the Storm,2016,Drama,7.201,393,1.4167,ja
369524,The Comedian,2016,Comedy,5.691,170,1.2223,en
362178,Kaili Blues,2016,Drama|Mystery,7.1,147,1.2832,zh
402696,Appa,2016,Drama,7.1,14,1.4013,ta
392832,Two Stepmoms,2016,Comedy,6.0,145,1.0017,it
294795,The 9th Life of Louis Drax,2016,Mystery|Thriller,6.36,477,1.2719,en
383140,Weaponized,2016,Thriller|Action|Science Fiction,3.7,44,2.4198,en
418718,Esteros,2016,Drama|Romance,6.533,136,2.2335,es
403064,She and Her Cat: Everything Flows,2016,Animation|Drama,6.799,67,1.0902,ja
395925,Rampage: President Down,2016,Action|Crime|Thriller,5.287,155,0.8476,en
382581,Monster High: Great Scarrier Reef,2016,Family|Animation,7.807,122,1.4102,en
399894,Daylight's End,2016,Action|Horror|Science Fiction,5.781,194,1.3004,en
389627,Nerdland,2016,Animation|Comedy,5.559,34,1.2869,en
359483,Adidas Vs. Puma: The Brother's Feud,2016,Drama,6.993,146,1.2477,de
237584,Mojave,2016,Thriller|Action|Adventure,5.01,147,1.0972,en
409550,Scoop!,2016,Mystery|Drama,6.4,28,1.1774,ja
392536,LEGO Scooby-Doo! Haunted Hollywood,2016,Animation|Family|Comedy|Mystery,7.3,247,1.3927,en
397717,Barry,2016,Drama,5.696,207,2.5009,en
419639,The Thinning,2016,Thriller|Drama|Horror,6.7,378,1.1471,en
393732,Mean Dreams,2016,Drama|Thriller,6.421,139,1.3122,en
362703,Diablo,2016,Action|Adventure|Thriller|Western,4.9,177,1.2068,en
347870,Slash,2016,Comedy,5.8,48,1.8115,en
353571,Tallulah,2016,Drama|Comedy,6.708,757,2.3272,en
417503,Burning 2,2016,Comedy|Action,6.3,64,1.3107,no
351454,Neruda,2016,Drama,6.297,279,2.1564,es
331352,Playing with Dolls: Bloodlust,2016,Horror,3.8,24,1.3355,en
428142,Fate/Grand Order: First Order,2016,Action|Fantasy|Animation,6.744,117,1.4766,ja
399300,The Bodyguard,2016,Action|Crime|Adventure,6.65,100,1.3758,zh
278925,Broken Vows,2016,Thriller,5.0,111,1.1219,en
334522,Alone in Berlin,2016,War|Thriller|Drama,6.711,403,1.1545,en
342464,Jack of the Red Hearts,2016,Drama|Family,7.1,108,1.1325,en
310119,Last Days in the Desert,2016,Adventure|Drama|History,5.749,175,1.3721,en
331392,Eloise,2016,Horror|Mystery|Thriller,5.1,238,1.3358,en
381255,Down by Love,2016,Drama|Romance,6.0,193,1.1673,fr
308409,The Commune,2016,Drama,6.378,217,1.2469,da
413838,Mad World,2016,Drama,7.007,73,1.5888,cn
412431,Decommissioned,2016,Action|Thriller,3.2,15,1.5268,en
397365,Madaari,2016,Thriller|Drama,7.339,87,0.9305,hi
400547,Hurricane Bianca,2016,Comedy|Drama,6.101,277,1.1699,en
455509,Turbulence,2016,Action|TV Movie,5.661,28,1.2281,en
431802,Kabaneri of the Iron Fortress: Light That Gathers,2016,Animation|Drama|Action|Science Fiction,7.5,14,1.223,ja
333663,War on Everyone,2016,Action|Comedy|Mystery,5.743,470,1.4031,en
398535,Udta Punjab,2016,Crime|Drama,7.233,165,1.2104,hi
462743,Suddenly Twenty,2016,Romance|Comedy|Fantasy,7.0,15,1.1244,th
363111,Wolves at the Door,2016,Horror|Thriller,4.887,238,1.2948,en
402446,Edge of Winter,2016,Drama|Thriller,5.843,182,1.5733,en
291356,In a Valley of Violence,2016,Action|Western,6.113,634,1.2937,en
400114,I Am Not Madame Bovary,2016,Comedy|Drama,6.8,98,1.2216,zh
407172,Summer Villa,2016,Romance|Comedy|TV Movie,6.4,103,1.214,en
376565,The Duelist,2016,Adventure|Action|Drama,6.2,101,1.1768,ru
371741,Ali and Nino,2016,Drama|Romance,6.5,84,1.1534,en
393765,Priceless,2016,Drama|Romance|Crime,7.0,189,1.052,en
296360,Love & Friendship,2016,Drama|Romance|Comedy,6.067,591,1.2692,en
400605,Dead Rising: Endgame,2016,Action|Horror,5.145,193,1.043,en
433145,Yo-kai Watch: The Movie - The Great Adventure of the Flying Whale & the Double World  Meow!,2016,Adventure|Animation|Comedy|Fantasy,7.3,45,1.1212,ja
373471,The Land,2016,Drama,6.0,28,1.9578,en
394223,Sniper: Special Ops,2016,Action|War|Drama,4.3,103,1.0927,en
401650,DC Super Hero Girls: Hero of the Year,2016,Animation|Family|Action,5.858,60,1.1584,en
342165,Too Late,2016,Drama|Crime|Mystery,6.789,97,1.0189,en
413770,Ethel & Ernest,2016,Animation|Drama|War|History,7.5,127,0.8962,en
413452,Cardboard Boxer,2016,Drama,6.344,61,2.1513,en
362058,The Snow Queen 3: Fire and Ice,2016,Family|Animation|Fantasy|Comedy,7.0,86,1.2611,ru
332718,Bilal: A New Breed of Hero,2016,Animation|Action|Adventure|History,6.832,167,1.0236,en
433605,Some Like It Hot,2016,Comedy,6.81,21,1.0842,zh
425652,Three Sexy Meals,2016,Drama|Romance,7.2,16,1.0921,ko
419546,HyperNormalisation,2016,Documentary,7.5,157,2.3874,en
257345,The Darkness,2016,Horror|Thriller,4.8,645,1.1723,en
383256,Love Finds You in Valentine,2016,Drama|TV Movie|Romance,6.4,76,1.1736,en
418585,The Crooked Man,2016,Horror,4.6,46,1.2436,en
359344,Rage,2016,Mystery|Drama|Thriller,6.84,78,1.0558,ja
374603,Love in Paradise,2016,TV Movie|Romance,6.052,29,1.1053,en
395932,The Bet,2016,Comedy,4.7,11,1.8786,en
411609,A Loving Husband,2016,Drama,7.0,11,1.207,ja
337154,The Meddler,2016,Comedy|Drama,5.95,378,0.9483,en
451001,High & Low The Red Rain,2016,Drama|Action,6.6,18,1.18,ja
396616,The King's Choice,2016,War|Action|Drama,6.835,173,1.1619,no
417758,Our Love Story,2016,Drama|Romance,5.9,41,1.923,ko
376528,Richard Linklater: Dream Is Destiny,2016,Documentary,6.8,22,1.0005,en
413349,Killing Reagan,2016,Drama|TV Movie,6.532,31,1.9761,en
391039,Life and a Day,2016,Drama,7.917,72,0.9791,fa
298583,All Roads Lead to Rome,2016,Comedy|Romance,4.985,266,1.0327,en
399183,Cyborg Hookers,2016,Comedy|Science Fiction|Romance,4.8,12,1.0612,en
326381,Fado,2016,Thriller|Drama,5.2,14,1.5312,de
377273,Aquarius,2016,Drama,7.444,516,1.6475,pt
393441,Dishoom,2016,Comedy|Action,5.53,99,0.9087,hi
351065,Zoom,2016,Animation|Comedy|Drama,5.851,111,2.1206,en
381767,Shelley,2016,Drama|Horror|Mystery,5.526,136,1.1225,da
429005,Rudolf the Black Cat,2016,Comedy|Animation|Adventure|Family,6.606,47,1.2053,ja
380762,Trivisa,2016,Drama|Crime,7.2,102,1.1848,cn
372411,Absolutely Fabulous: The Movie,2016,Comedy,5.275,264,1.0769,en
315880,Correspondence,2016,Drama|Romance,6.4,416,1.2423,it
402976,Range 15,2016,Horror|Comedy,4.7,62,0.8829,en
336445,Army of One,2016,Comedy,5.198,336,1.1294,en
482114,Scribe,2016,Action|Thriller,5.936,181,1.009,fr
406992,Wild Oats,2016,Comedy|Drama,6.2,95,2.2048,en
402193,Night Guards,2016,Fantasy|Action|Science Fiction|Thriller,4.7,67,2.7787,ru
390410,Shadow World,2016,Documentary|History,7.579,19,2.2031,en
337874,Goat,2016,Drama,5.378,271,0.9398,en
417199,Missing,2016,Drama|Mystery|Thriller,6.9,60,1.1265,ko
366499,Zip & Zap and the Captain's Island,2016,Adventure|Comedy,6.108,65,1.312,es
369860,Bibi & Tina: Girls vs. Boys,2016,Adventure|Comedy|Family|Fantasy,6.412,68,1.0826,de
347689,Pee-wee's Big Holiday,2016,Adventure|Comedy|Family,6.092,249,1.0877,en
345674,See You Tomorrow,2016,Comedy|Drama|Romance,4.542,24,0.8935,cn
348677,The Model,2016,Drama,5.8,127,1.4297,da
356298,Don't Think Twice,2016,Comedy|Drama,6.407,416,0.9976,en
346684,On Wings of Eagles,2016,Drama|History|War,5.704,54,1.5474,en
410191,Weirdos,2016,Drama,6.7,25,1.3001,en
419566,LEGO Jurassic World: The Indominus Escape,2016,Family|Animation|Comedy,5.7,106,1.2681,en
392629,Murder  She Baked: A Deadly Recipe,2016,Mystery|TV Movie,6.887,75,1.0222,en
413736,Monster High: Welcome to Monster High,2016,Animation|Family,6.9,144,1.318,en
393277,The Icebreaker,2016,Action|Adventure|Drama,5.856,112,1.069,ru
404961,Ghosthunters,2016,Horror,4.7,74,1.287,en
394159,Ember,2016,Drama,5.5,35,1.8991,tr
412120,Her Love Boils Bathwater,2016,Drama,7.403,62,0.9002,ja
496985,Psychophonia,2016,Horror|Science Fiction|Thriller|Drama|Crime|Mystery,2.6,12,0.8808,en
393717,The Crew,2016,Drama|Crime|Thriller,6.181,353,1.1158,fr
398289,Life on the Line,2016,Drama|Action|Thriller,5.786,234,1.3095,en
382079,Donald Trump's The Art of the Deal: The Movie,2016,Comedy|TV Movie,5.4,104,1.0412,en
406052,Mostly Ghostly 3: One Night in Doom House,2016,Family|Fantasy|Horror,6.234,64,1.1246,en
448967,Kuroko's Basketball - Movie: Winter Cup - Beyond the Tears,2016,Animation|Comedy,7.5,14,1.0065,ja
374195,GARO: Divine Flame,2016,Action|Animation,5.6,19,1.2586,ja
427393,Mum's List,2016,Drama,6.8,43,1.0009,en
385137,Seondal: The Man Who Sells the River,2016,History|Comedy,7.167,30,1.4342,ko
393659,Ms. Matched,2016,Comedy|Romance|TV Movie,5.4,61,1.0905,en
422390,Suddenly Seventeen,2016,Comedy|Romance|Fantasy|Drama,7.25,36,0.951,zh
366696,The Red Pill,2016,Documentary,7.5,218,1.0919,en
381034,I Am Not a Serial Killer,2016,Horror|Mystery|Crime,6.33,528,1.1258,en
378537,Fourth Place,2016,Drama,7.0,12,2.0256,ko
322487,Spark: A Space Tail,2016,Adventure|Animation|Comedy|Family|Science Fiction,4.9,62,1.3879,en
408248,Unless,2016,Drama,4.8,15,0.9306,en
312669,Maggie's Plan,2016,Drama|Romance|Comedy,5.7,401,0.9013,en
436356,High & Low The Movie,2016,Action,6.5,23,0.9687,ja
382154,Destruction Babies,2016,Crime|Drama|Thriller,6.8,31,1.0424,ja
322548,Shangri-La Suite,2016,Crime|Drama|Romance,5.7,48,1.1489,en
288171,Blue Mountain State: The Rise of Thadland,2016,Comedy,5.585,319,1.1024,en
377985,Fan,2016,Action|Adventure|Thriller,6.284,269,1.2532,hi
388045,The Legend of the Chupacabras,2016,Animation|Adventure|Fantasy|Horror|Family,7.419,154,1.2517,es
340611,Indignation,2016,Drama|Romance,6.347,284,0.7839,en
392681,Museum,2016,Drama|Thriller,6.685,89,1.3347,ja
365997,A Beautiful Planet,2016,Documentary,7.171,79,0.7871,en
381518,Mindhorn,2016,Comedy,6.073,317,0.9326,en
400608,Bo Burnham: Make Happy,2016,Comedy|Music,7.995,435,0.8707,en
414935,Backstabbed,2016,Thriller|TV Movie,4.444,18,1.5698,en
407559,I Am the Pretty Thing That Lives in the House,2016,Horror|Mystery,4.597,620,1.0839,en
355008,Special Correspondents,2016,Comedy,5.784,558,1.1023,en
378350,The Mine,2016,Drama,6.8,20,1.5109,fi
387252,Kadhalum Kadanthu Pogum,2016,Comedy|Drama|Romance,7.1,40,1.122,ta
377448,The Rocky Horror Picture Show: Let's Do the Time Warp Again,2016,TV Movie|Comedy|Science Fiction|Fantasy|Horror,5.126,211,1.2437,en
376292,Paradox,2016,Action|Science Fiction,4.595,111,2.1839,en
417028,The Swap,2016,Comedy|TV Movie,6.686,207,1.0639,en
380124,Boo! A Madea Halloween,2016,Comedy|Horror,5.808,434,1.3702,en
404829,Emma's Chance,2016,Drama|Family,6.306,85,1.0504,en
378106,Digimon Adventure tri. Part 3: Confession,2016,Adventure|Action|Animation|Family|Fantasy|Science Fiction,7.0,52,1.5511,ja
390777,Ordinary World,2016,Comedy|Drama,5.719,98,1.1317,en
348390,Confirmation,2016,Drama|History|TV Movie,6.888,156,1.1723,en
291015,Under the Dog,2016,Action|Animation|Science Fiction|Thriller,6.3,28,1.2865,ja
339547,Jeruzalem,2016,Horror|Action|Science Fiction|Thriller,5.531,643,1.1335,en
410314,A Wish for Christmas,2016,TV Movie|Romance|Drama|Fantasy,5.903,262,1.1907,en
394759,Sheep & Wolves,2016,Animation|Fantasy|Romance|Comedy|Family,6.2,150,1.1441,ru
256569,Trespass Against Us,2016,Action|Crime|Drama,5.771,347,0.9054,en
447523,Ushijima the Loan Shark The Final,2016,Comedy|Drama,6.6,12,1.2466,ja
404791,The 101-Year-Old Man Who Skipped Out on the Bill and Disappeared,2016,Adventure|Comedy,6.4,206,1.2727,sv
297239,Boy 7,2016,Thriller|Action|Science Fiction,5.536,70,1.9696,nl
398682,Schutzpatron. Ein Kluftingerkrimi,2016,TV Movie|Crime,6.05,10,0.9824,de
306966,Summer Camp,2016,Horror,5.62,200,2.0588,en
373072,Tickled,2016,Documentary,7.2,437,1.0573,en
395482,Golden Years,2016,Crime|Comedy,6.3,37,1.9097,en
369925,Oopiri,2016,Drama|Family|Romance,7.1,51,1.0093,te
422603,Aanandam,2016,Adventure|Comedy|Romance,7.3,36,1.3296,ml
377587,Meet the Blacks,2016,Comedy,4.738,321,1.3069,en
422576,Will You Be There,2016,Drama|Fantasy,7.2,53,0.9677,ko
375532,The Top Secret: Murder in Mind,2016,Thriller,5.786,14,0.958,ja
395938,AmeriGeddon,2016,Action|Drama,4.0,37,1.5791,en
408245,The Journey Is the Destination,2016,Drama,6.486,36,1.0962,en
325302,They Look Like People,2016,Drama|Horror|Mystery,6.23,248,1.2518,en
347123,All the Way,2016,Drama|History|TV Movie,6.654,311,1.1788,en
403667,Adios Amigos,2016,Comedy|Drama,6.2,18,1.1949,nl
389425,Code of Honor,2016,Action|Crime|Thriller,4.16,94,1.0891,en
389165,Code 8,2016,Science Fiction|Action,6.546,218,1.1394,en
340584,Lavender,2016,Drama|Thriller,5.7,357,0.8631,en
443843,Athos,2016,Documentary,7.8,13,0.9881,de
410876,Tell Me How I Die,2016,Horror|Thriller,5.4,234,1.3598,en
381018,Transpecos,2016,Thriller,5.622,78,1.1877,en
387398,All Yours,2016,Comedy|Drama|Romance|TV Movie,5.688,32,1.1869,en
378483,Suntan,2016,Comedy|Drama,6.3,112,0.9472,el
431251,Life Risking Romance,2016,Romance|Thriller|Comedy,6.9,14,1.1793,ko
415283,Pop in Q,2016,Animation|Fantasy|Music|Drama|Adventure,5.385,26,0.8949,ja
379880,A Melody to Remember,2016,Drama|War,8.3,27,0.9685,ko
394269,Lemonade,2016,Music|TV Movie,8.43,165,1.0096,en
384356,The Look of a Killer,2016,Crime|Thriller,5.9,15,0.9058,fi
396292,Ali Wong: Baby Cobra,2016,Comedy,7.2,188,1.1044,en
373451,Michael Jackson's Journey from Motown to Off the Wall,2016,Music|Documentary,7.013,80,1.3203,en
403368,Havenhurst,2016,Horror|Mystery|Thriller,5.119,130,0.8395,en
406449,Hatred,2016,War|Drama|History,7.322,157,1.0236,pl
253343,Dear Eleanor,2016,Adventure|Comedy|Drama,5.86,89,1.0467,en
360389,Nina,2016,Drama|Music,5.222,90,2.2261,en
401222,ISRA 88,2016,Thriller|Adventure|Science Fiction|Mystery,4.6,41,2.0387,en
426558,Force 2,2016,Action|Adventure|Crime,6.698,48,0.7932,hi
401698,Hidden Kisses,2016,Drama|TV Movie,7.467,330,1.1591,fr
371560,The Eyes of My Mother,2016,Drama|Horror,6.18,355,1.0201,en
387886,Canola,2016,Drama,7.895,57,1.1777,ko
382511,Penny Pincher!,2016,Comedy,5.6,958,1.2321,fr
399624,Befikre,2016,Romance|Comedy|Drama,5.1,64,0.8684,hi
387801,The Untamed,2016,Science Fiction|Drama|Thriller|Horror,5.93,208,1.0499,es
422469,I Am Bolt,2016,Documentary,7.057,114,0.837,en
378221,Rufus,2016,TV Movie|Family|Comedy|Fantasy,6.477,66,1.9419,en
423628,Believe,2016,Drama,6.5,19,1.0073,en
403333,DC Super Hero Girls: Super Hero High,2016,Action|Adventure|Animation|Family|TV Movie,5.8,20,0.7707,en
347033,Equity,2016,Drama,5.62,104,1.1616,en
412380,Koro-sensei Q!,2016,Animation|Comedy,5.567,15,0.7962,ja
408842,64: Part 1,2016,Mystery,7.571,21,0.8693,ja
368006,24,2016,Action|Science Fiction|Thriller,7.199,133,0.7708,ta
445871,Maho Girls Precure! the Movie: The Miraculous Transformation! Cure Mofurun!,2016,Animation|Fantasy|Action|Comedy|Adventure|Family,7.9,10,0.9479,ja
397520,Anne of Green Gables,2016,Drama|Family|TV Movie,7.179,131,1.03,en
391477,The Mobfathers,2016,Crime|Drama,6.1,35,1.0132,cn
371738,Looking: The Movie,2016,Drama|Romance|TV Movie,7.13,235,0.9944,en
326094,Wiener-Dog,2016,Comedy|Drama,5.6,231,0.9976,en
292834,Brother Nature,2016,Comedy,5.1,50,0.8292,en
406302,Paula,2016,Drama,6.3,43,2.0749,de
418325,Mirror Game,2016,Crime|Mystery|Thriller,7.884,56,0.875,bn
392790,Ma' Rosa,2016,Drama,6.5,23,1.4755,tl
391779,Housefull 3,2016,Comedy|Romance,5.1,110,0.9711,hi
394322,Ajin: Demi-Human – Collide,2016,Action|Animation|Science Fiction,7.2,13,0.829,ja
274504,The Adderall Diaries,2016,Thriller|Romance|Drama,5.266,224,1.1766,en
399612,Realive,2016,Science Fiction,6.035,217,1.2923,es
369776,The Tuche Family: The American Dream,2016,Comedy,5.554,1020,0.998,fr
374954,Sarrainodu,2016,Action|Drama,6.181,47,0.8879,te
345909,Wolves,2016,Drama,5.757,72,1.013,en
394645,The Prime Minister,2016,Thriller,5.9,86,2.378,nl
354125,Cold Moon,2016,Crime|Drama|Horror|Mystery|Thriller,4.792,53,0.897,en
403642,The Neighbor,2016,Crime|Horror|Mystery|Thriller,5.705,207,0.965,en
405882,Don't Kill It,2016,Action|Fantasy|Horror,5.969,245,1.0313,en
346134,Miss Stevens,2016,Comedy|Drama,6.478,254,1.0851,en
427433,Sky on Fire,2016,Action|Crime|Thriller,5.8,22,0.9099,zh
393877,A.R.C.H.I.E.,2016,Family|Science Fiction|Comedy,6.0,62,1.0571,en
431742,The Last Dragonslayer,2016,Adventure|Fantasy|TV Movie,5.955,55,0.9563,en
562581,Sex Cowboys,2016,Drama,4.0,24,0.8971,it
385738,Dreamland,2016,Romance|Comedy|Drama,5.8,20,2.0,en
372752,Digimon Adventure tri. Part 2: Determination,2016,Adventure|Action|Animation|Family|Fantasy|Science Fiction,6.929,63,1.4212,ja
343887,The Last Laugh,2016,Documentary,7.0,21,0.9967,en
394110,My New Sassy Girl,2016,Comedy|Romance,5.3,15,0.8594,ko
375355,Don't Hang Up,2016,Horror|Thriller,6.24,576,0.9372,en
422874,Money,2016,Crime|Thriller,5.4,117,1.0413,en
415781,Everest: The Summit of the Gods,2016,Adventure|Drama|Mystery,6.0,12,0.9787,ja
413745,One Night Only,2016,Drama|Action|Crime,6.0,34,1.0645,zh
372399,A Aa,2016,Family|Comedy|Romance|Drama,6.6,26,1.0368,te
373889,The Most Beautiful Day,2016,Comedy|Drama,7.013,275,0.8899,de
330770,Evolution,2016,Mystery|Drama|Horror,5.91,229,1.3869,fr
348675,The Day Will Come,2016,Drama,7.6,85,1.1598,da
397873,Cyborg X,2016,Horror|Science Fiction|Action,5.237,78,1.0008,en
362101,Lowlife Love,2016,Drama|Romance,6.0,33,0.9454,ja
353433,Urge,2016,Mystery|Thriller,4.333,234,1.0317,en
377690,The Lion Woman,2016,Drama,6.8,128,2.0092,no
329010,Emelie,2016,Horror|Thriller,5.269,677,0.8402,en
385722,Bling,2016,Family|Animation|Science Fiction,5.7,35,0.9144,en
407624,Saltwater,2016,TV Movie|Science Fiction|Action|Horror,3.8,52,1.8809,en
500376,Girls und Panzer der Film Special: Arisu War!,2016,Comedy|Animation,5.2,10,1.05,ja
405535,The Chamber,2016,Horror|Thriller,5.3,40,2.0286,en
391642,The Kodai Family,2016,Romance|Comedy,6.684,19,0.9174,ja
401252,The Queen of Spain,2016,Comedy,5.207,99,0.8786,es
404785,Evergreen Love,2016,Romance,7.146,41,0.8311,ja
370105,Escapades with Friends,2016,Romance|TV Movie|Comedy,4.714,14,0.8321,de
374464,Planetarium,2016,Drama|Fantasy|Mystery,4.624,213,1.1427,fr
378356,Monkey Up,2016,Comedy|Family,5.1,24,0.9827,en
317991,Black Stone,2016,Drama,4.9,12,0.72,ko
400969,Twisted Justice,2016,Comedy|Crime|Drama,6.4,11,0.8973,ja
308017,Silent Retreat,2016,Mystery|Thriller|Horror,4.4,36,0.8461,en
402370,Alleycats,2016,Action|Thriller,5.056,54,2.1411,en
413782,Mifune: The Last Samurai,2016,Documentary,7.1,50,0.828,en
367842,Aranmanai 2,2016,Action|Horror|Romance,4.2,23,1.8832,ta
382400,Dance Camp,2016,Drama|Comedy,6.3,18,1.8791,en
401689,Mythica: The Godslayer,2016,Adventure|Fantasy|Action,6.068,66,0.9281,en
410661,My Entire High School Sinking Into the Sea,2016,Animation|Comedy|Drama|Action|Thriller,6.7,37,0.9931,en
408508,Blue Jay,2016,Drama|Romance,7.0,530,1.1244,en
398891,Bakery in Brooklyn,2016,Comedy|Romance,5.2,153,0.8947,en
360737,Center of My World,2016,Drama|Romance,7.1,274,0.9553,de
392882,Night's Tightrope,2016,Drama|Thriller,7.059,17,0.7588,ja
424661,Legends of the Hidden Temple,2016,Adventure|Family|TV Movie,6.7,50,0.9006,en
393985,Proof of Innocence,2016,Crime|Comedy|Drama,7.8,16,0.7013,ko
385737,Always Shine,2016,Thriller|Drama|Horror|Mystery,5.4,154,2.0049,en
432831,His Secret Past,2016,Thriller|TV Movie,6.6,16,0.5999,en
392222,1920 London,2016,Horror,4.22,50,0.8223,hi
392344,Baar Baar Dekho,2016,Romance|Drama|Action,5.779,61,1.1356,hi
412094,The Net,2016,Drama,7.364,202,0.785,ko
374416,Where Am I Going?,2016,Comedy|Family|Adventure,6.8,2225,0.9274,it
390401,Custody,2016,Drama,6.9,53,0.9689,en
412818,911 Nightmare,2016,Thriller|TV Movie,5.2,23,1.6556,en
382336,Dongju: The Portrait of a Poet,2016,Drama|History,7.8,20,1.4069,ko
390930,If Cats Disappeared from the World,2016,Drama|Fantasy,6.8,70,0.8162,ja
402773,My Daughter's Disgrace,2016,Drama|Thriller|TV Movie,5.2,31,0.9875,en
393712,West Coast,2016,Comedy,5.5,46,1.5896,fr
364223,Strange Weather,2016,Drama,5.831,59,0.8289,en
417935,Hell-Bent in India,2016,Comedy|Action,5.767,15,0.9681,ar
374452,Sieranevada,2016,Drama,6.79,105,1.1944,ro
380620,Creepy,2016,Crime|Drama|Horror,6.7,217,1.2551,ja
416252,Mischievous Kiss the Movie Part 1: High School,2016,Comedy|Romance,6.5,10,0.9556,ja
382204,A Cappella,2016,Romance|Drama,5.1,13,0.7805,ja
413740,The Queen of Crime,2016,Thriller|Comedy|Crime,7.7,19,0.8342,ko
329718,Finding Altamira,2016,Drama|History,5.8,141,0.8501,en
418896,The Dreamseller,2016,Drama,6.714,126,0.8807,pt
370765,Jessica Darling's It List,2016,Family,5.8,135,0.9697,en
394045,Casual Encounters,2016,Comedy,3.8,19,1.3959,en
388619,The Last Ride,2016,Comedy,7.615,13,0.9132,ko
416497,The Doll,2016,Thriller|Horror,5.2,55,0.9,id
339792,David Brent: Life on the Road,2016,Comedy|Music,6.099,397,0.9805,en
396152,Restoration,2016,Horror,4.213,40,1.7253,en
380808,Zero Days,2016,Documentary,7.347,258,0.9872,en
377662,Litchi Hikari Club,2016,Horror,5.6,10,1.0249,ja
397003,The Asian Connection,2016,Action|Crime,3.9,82,0.9898,en
407936,Chihayafuru: Part I,2016,Romance|Comedy|Drama,7.205,39,0.9782,ja
387889,Buddymoon,2016,Comedy,6.083,42,1.7458,en
369778,Chocolat,2016,Comedy|Drama,6.834,754,0.859,fr
109453,Mothers and Daughters,2016,Drama,5.292,125,0.6745,en
376972,The Devil's Mistress,2016,Drama|History|Romance,6.0,66,0.8447,cs
417004,The Escape,2016,Thriller|Action,6.37,50,1.1198,en
325385,Endless Poetry,2016,Fantasy|Drama,7.4,198,0.9752,es
384581,Fanny's Journey,2016,Drama|History,7.168,188,1.3059,fr
408106,Victor,2016,Drama,6.6,15,0.6701,en
391663,Stefan Zweig: Farewell to Europe,2016,Drama|History,6.6,78,0.9619,de
311764,Opening Night,2016,Comedy|Music,5.7,83,0.9769,en
406785,Inner Workings,2016,Animation|Family|Comedy,7.8,306,1.0027,en
381355,Noblesse: Awakening,2016,Action|Animation|Comedy|Drama|Fantasy|Mystery|Horror,7.3,30,1.0089,ja
388347,The Call Up,2016,Adventure|Action|Science Fiction,5.2,148,0.986,en
392807,The Happiest Day in the Life of Olli Mäki,2016,Drama|Romance,6.575,106,1.1375,fi
375290,Airlift,2016,Drama|Thriller,7.1,214,0.9563,hi
366901,Despite the Falling Snow,2016,Drama|Romance|Thriller,5.6,100,0.8337,en
400990,Horror Stories 3,2016,Thriller|Horror|Science Fiction,6.0,16,0.9068,ko
350060,Heartstone,2016,Romance|Drama,7.177,181,1.3596,is
376873,Rocky Handsome,2016,Action|Thriller,6.273,75,0.8057,hi
375012,Under the Shadow,2016,Drama|Horror|War,6.484,725,1.3119,fa
379040,Marvel's Captain America: 75 Heroic Years,2016,Documentary,6.7,35,0.9076,en
355066,Bad Cat,2016,Comedy|Animation|Action,6.9,205,0.8759,tr
407540,Rekka,2016,Romance|Action|Comedy,5.4,22,0.8033,ta
413471,The Late Bloomer,2016,Comedy|Drama|Romance,5.421,356,1.0201,en
393184,Clash,2016,Thriller|Drama,7.475,99,0.7778,ar
413221,Pup Star,2016,Family|Comedy|Music,5.3,16,2.2165,en
389113,The Bacchus Lady,2016,Drama,6.8,34,0.9364,ko
359279,Bloody Chainsaw Girl,2016,Action|Horror|Comedy,5.692,26,0.8266,ja
338544,For the Love of Spock,2016,Documentary,7.399,189,0.9814,en
373473,Little Men,2016,Drama,6.424,172,0.9437,en
305943,A Kind of Murder,2016,Drama|Thriller|Crime,5.399,257,1.0119,en
397278,Fender Bender,2016,Horror|Thriller,5.02,98,1.8263,en
382475,The Pass,2016,Drama|Romance,6.4,133,0.9915,en
375946,Fast Convoy,2016,Drama|Action|Thriller,5.6,119,1.7567,fr
257087,The Veil,2016,Horror,4.884,284,0.9683,en
411545,Gibby,2016,Family,6.8,31,1.0064,en
380754,Isolation,2016,Action|Crime|Thriller,5.338,37,1.0082,en
366080,Kabali,2016,Action|Crime|Drama,6.022,91,0.9647,ta
449455,Sanada 10 Braves,2016,Action|Comedy,7.6,12,1.003,ja
376869,Neerja,2016,Drama|Thriller,7.268,241,1.0869,hi
381067,Karaoke Crazies,2016,Mystery|Fantasy,6.3,10,1.0257,ko
409547,Someone,2016,Drama,6.9,17,0.7732,ja
407775,Knucklebones,2016,Horror|Thriller,4.1,56,0.9124,en
405796,Hidden Truth,2016,Thriller|Crime|TV Movie,5.3,17,0.7216,en
395797,The Horde,2016,Action|Horror,4.9,58,2.0657,en
416727,A Quiet Dream,2016,Drama,6.8,23,0.8747,ko
405551,Arbor Demon,2016,Drama|Horror|Thriller,4.773,64,0.7524,en
403862,Great Grand Masti,2016,Comedy|Fantasy|Horror,3.854,41,1.0396,hi
378613,Breakdown,2016,Thriller,4.8,14,1.5521,en
530417,Needle Boy,2016,Drama,4.5,15,1.8816,da
396849,A Woman of Courage,2016,Drama|TV Movie,7.1,40,0.871,it
377213,Te3n,2016,Mystery|Thriller|Crime,6.881,105,1.6702,hi
385962,Time Renegades,2016,Drama|Romance|Thriller|Fantasy,7.1,59,1.0008,ko
374607,Love on the Sidelines,2016,TV Movie|Romance|Comedy,6.3,102,0.8921,en
291290,Submerged,2016,Horror|Thriller,4.4,60,1.8167,en
415358,Pink,2016,Drama|Thriller,7.367,241,0.8124,hi
423624,Nessun Dorma,2016,Mystery|Drama|Thriller,4.8,14,0.8854,cn
353058,Blood Feast,2016,Horror|Thriller,3.889,36,1.9043,en
382717,Sanam Re,2016,Drama|Romance,6.0,59,0.7648,hi
429657,Albert,2016,Animation|Family,6.855,31,0.7563,en
357706,Irudhi Suttru,2016,Drama,7.352,64,0.7538,ta
391036,Kali,2016,Action|Thriller,6.4,45,0.9,ml
402516,Sharkenstein,2016,Horror|Science Fiction|Comedy,2.956,45,1.8572,en
347751,13 Cameras,2016,Horror|Crime|Thriller,4.973,166,0.7945,en
394684,May God Save Us,2016,Thriller|Crime|Drama,6.751,505,1.2101,es
388885,Secrets of the Force Awakens: A Cinematic Journey,2016,Documentary,7.0,39,0.8013,en
360365,Tini: The New Life of Violetta,2016,Comedy|Drama|Music,7.3,398,0.8558,es
403509,Boy Missing,2016,Mystery|Thriller,6.5,278,1.088,es
412209,Tramps,2016,Comedy|Drama|Romance,6.159,249,0.9625,en
381262,In Her Name,2016,Drama|Crime,6.8,333,1.3935,fr
391980,Don't Look at Me That Way,2016,Drama,3.9,13,0.8951,de
375572,Italian Race,2016,Drama|Action,7.532,968,1.058,it
411054,Guppy,2016,Drama,7.4,26,0.8333,ml
398265,Traded,2016,Western,5.067,67,1.2556,en
403357,1898: Our Last Men in the Philippines,2016,War|Drama|History,6.5,175,0.6754,es
399460,Yesterday Once More,2016,Drama|Romance,7.2,15,0.8478,zh
386827,Love Is All You Need?,2016,Drama,5.8,40,0.9056,en
423878,Crossfire,2016,Drama|Thriller|TV Movie,5.4,26,0.8975,en
402543,Center Stage: On Pointe,2016,Music|TV Movie|Drama,6.4,83,0.917,en
396389,One Night Stand,2016,Drama|Romance,4.053,19,0.7957,hi
348089,Grease Live,2016,TV Movie|Music,7.057,315,1.0898,en
275269,Wazir,2016,Thriller|Action|Crime,6.737,139,0.6208,hi
406516,The Young One,2016,Drama,5.8,10,0.7815,fr
382200,Seto and Utsumi,2016,Comedy,7.6,26,0.8457,ja
352490,This Beautiful Fantastic,2016,Drama|Romance|Comedy,7.1,346,1.1042,en
408574,Chihayafuru: Part II,2016,Romance|Comedy|Drama,7.813,24,0.9425,ja
378491,Sailor Suit and Machine Gun: Graduation,2016,Action|Romance,6.0,15,0.7771,ja
416691,1 Night,2016,Drama|Romance,6.2,151,0.7965,en
427008,The Mountain II,2016,War|Drama,7.53,201,0.9325,tr
366568,Four Against the Bank,2016,Comedy|Crime,5.919,179,0.8967,de
254952,Me Him Her,2016,Comedy,4.8,40,0.5484,en
389272,Lost & Found,2016,Adventure|Family|Mystery,5.4,85,0.6654,en
419094,Orange: Future,2016,Drama|Animation|Romance|Science Fiction,7.5,98,0.7772,ja
356987,Abandoned,2016,Drama|Thriller|Adventure,6.0,132,0.8625,en
384641,Spirits' Homecoming,2016,Drama|History,7.1,28,0.8137,ko
426484,Heaven Sent,2016,Romance|Drama|TV Movie,6.475,40,1.3355,en
303854,Front Cover,2016,Romance|Comedy|Drama,5.8,24,0.9587,en
429063,The Crawler In The Attic,2016,Mystery,5.933,15,1.0756,ja
442321,Samurai Hustle Returns,2016,Comedy,6.6,25,0.8098,ja
414767,Death Al Dente: A Gourmet Detective Mystery,2016,Drama|TV Movie|Mystery|Crime,6.918,49,0.9301,en
429691,Mind Blown,2016,Science Fiction|TV Movie|Action,4.9,34,1.1294,en
404902,The Sector,2016,Action|Science Fiction,3.357,14,1.6208,en
355277,Born in China,2016,Documentary,7.387,172,0.9134,zh
262848,Phantasm: Ravager,2016,Horror|Fantasy|Action|Science Fiction,4.824,188,0.7107,en
373339,Norman Lear: Just Another Version of You,2016,Documentary,7.1,15,0.795,en
420541,One Day,2016,Romance|Drama,7.659,44,0.7809,th
397591,Girl Flu.,2016,Comedy,5.9,28,1.0763,en
421760,A Heavenly Christmas,2016,Drama|Romance|Fantasy|TV Movie,6.1,65,0.9626,en
334535,The Ticket,2016,Drama,5.703,96,0.7985,en
423627,Contract to Kill,2016,Adventure|Action,4.506,79,1.0087,en
377878,Quackerz,2016,Animation,4.9,34,1.0588,en
421848,Recovery,2016,Horror|Thriller,5.1,86,0.7583,en
374341,Eastfrisian for Beginners,2016,Comedy,6.4,10,1.1746,de
429699,My Korean Teacher,2016,Comedy|Romance,7.7,20,0.9016,ja
368942,A Quiet Passion,2016,Drama,6.062,195,0.9018,en
393407,The Jews,2016,Comedy,4.3,197,0.8392,fr
356895,37,2016,Drama,4.8,25,1.579,en
379887,Like for Likes,2016,Romance|Comedy,7.3,21,0.8411,ko
378087,Party Town,2016,Comedy,5.113,102,1.7066,es
346558,Pocket Listing,2016,Action|Comedy|Crime,6.388,49,0.9712,en
377462,O.J.: Made in America,2016,Documentary|Crime|History,8.4,263,0.863,en
345918,Come and Find Me,2016,Drama|Thriller|Mystery,5.556,286,0.5982,en
423377,Sugar Mountain,2016,Drama|Thriller,5.614,123,0.9407,en
415959,Every Christmas Has a Story,2016,TV Movie|Drama|Comedy|Romance,5.235,81,0.8808,en
345928,Shovel Buddies,2016,Drama,5.9,27,0.9312,en
416149,The Perfect Weapon,2016,Science Fiction|Action|Thriller,3.734,79,0.9105,en
394692,Paint It Black,2016,Drama,5.8,26,0.7355,en
388403,Chongqing Hot Pot,2016,Drama,6.446,74,0.9286,zh
387501,Peelers,2016,Horror,4.7,73,0.8759,en
355254,De Palma,2016,Documentary,7.0,174,0.6944,en
403348,Welcome to Hartmanns,2016,Comedy|Drama,6.32,244,0.9213,de
364051,The Innocents,2016,Drama|History,7.057,424,0.8639,fr
422153,Hulk: Where Monsters Dwell,2016,Action|Animation|Fantasy|Science Fiction,6.651,93,0.8495,en
401061,Officer Downe,2016,Action|Comedy|Science Fiction|Thriller|Crime,4.411,79,0.6897,en
373757,Beyond Sleep,2016,Drama,4.8,19,1.0883,no
305342,Dean,2016,Romance|Comedy,5.786,70,0.7201,en
413547,Kahaani 2,2016,Thriller|Mystery,6.625,60,1.88,hi
408543,A Woman's Life,2016,Drama,5.6,68,0.7928,fr
399218,Whisky Galore,2016,Romance|Comedy,5.923,52,0.8841,en
406099,For a Few Bullets,2016,Comedy|Mystery|Action|Romance|Adventure,4.5,13,0.9026,zh
371465,Much Ado About Nothing,2016,Drama,5.9,21,0.9796,es
381356,Five,2016,Comedy,6.972,1339,0.9082,fr
389060,XXX,2016,Drama,6.9,14,0.8434,tl
376847,Remember You,2016,Romance|Drama|Mystery,8.1,35,0.9269,ko
345874,Stealing Cars,2016,Drama,6.2,36,0.7706,en
382258,Pink and Gray,2016,Thriller|Drama,6.5,13,0.9039,ja
384262,Diving Into the Unknown,2016,Documentary,6.714,28,0.7918,fi
388757,Tik Tok,2016,Action|Crime|Mystery|Thriller,5.773,44,0.9764,zh
380254,Sori: Voice from the Heart,2016,Drama|Science Fiction,6.7,17,0.7384,ko
391766,Do Lafzon Ki Kahani,2016,Drama|Romance|Action,6.393,14,0.6876,hi
370870,Aligarh,2016,Drama|History,6.815,54,0.6932,hi
424222,UFO: It Is Here,2016,Science Fiction|Horror,3.9,18,0.7049,de
381052,Family Weekend,2016,Comedy,5.1,15,1.0159,nl
408033,Tamara,2016,Comedy,6.352,646,0.7002,fr
369033,Rebirth,2016,Thriller,4.8,206,0.8121,en
267800,Sundown,2016,Romance|Comedy,5.755,98,2.0029,en
330333,The Boss's Daughter,2016,Comedy|Drama|Romance,5.1,91,0.6225,fr
324289,Touched with Fire,2016,Romance|Drama,5.959,61,0.8121,en
396451,Bad Girls Behind Bars,2016,Drama|Romance,7.5,14,0.7218,en
433327,Kirik Party,2016,Comedy|Drama,7.7,28,0.979,kn
374191,Ajin: Demi-Human – Confront,2016,Animation|Action|Thriller,7.3,19,0.8596,ja
391804,The Long Excuse,2016,Drama,6.764,36,1.2063,ja
399747,Mother  May I Sleep with Danger?,2016,Thriller|TV Movie|Horror,5.2,71,0.8414,en
391778,Azhar,2016,Drama,5.6,36,0.9855,hi
413416,The Housemaid,2016,Romance|Horror,5.9,36,0.7401,vi
379441,Greater,2016,Family|Drama,7.186,113,0.8329,en
421632,I'll Be Home for Christmas,2016,TV Movie|Family|Drama,6.157,115,0.8755,en
415132,Ares,2016,Science Fiction|Drama|Thriller,6.048,352,0.692,fr
414372,Polina,2016,Drama,6.588,120,0.8236,fr
392476,Vampire Sisters 3: Journey to Transylvania,2016,Adventure|Family|Fantasy,6.723,94,0.9658,de
361159,Navy Seals vs. Zombies,2016,Horror|Action,5.154,185,0.7957,en
412150,Blindness,2016,Drama|History,6.3,16,1.6301,pl
392625,Flower Shop Mystery: Snipped in the Bud,2016,TV Movie|Mystery|Crime|Drama,6.5,42,0.8331,en
432703,The Senior Class,2016,Animation|Drama,7.1,13,0.8993,ko
382814,Little Mermaid,2016,Drama|Fantasy|Romance,5.7,10,1.6088,en
433562,Turnabout,2016,Drama,4.6,11,1.0109,en
409255,Premam,2016,Romance|Drama,6.5,16,1.0158,te
357424,Almost Adults,2016,Comedy|Drama|Romance,6.1,147,0.5449,en
411500,50 Years of Star Trek,2016,Documentary,6.4,23,0.8716,en
388440,The Curse of Sleeping Beauty,2016,Fantasy|Horror,5.2,230,0.9758,en
363841,Guernica,2016,Drama|War|Romance,5.782,126,0.9214,en
402423,The Vessel,2016,Drama,5.3,47,1.6305,en
248781,ABCs of Death 2 1/2,2016,Horror|Thriller|Comedy|Fantasy|Science Fiction,4.6,64,0.8018,en
419544,Mission Milano,2016,Action|Comedy,6.1,16,0.7149,cn
330982,The Childhood of a Leader,2016,Drama,6.1,188,0.8069,en
396083,Shakespeare Live! From the RSC,2016,Music|TV Movie|Documentary,7.2,12,0.8723,en
445303,The Insanity,2016,Drama|Comedy|Mystery,6.3,15,0.5479,zh
383627,Hearts of Spring,2016,Romance|TV Movie,5.8,23,1.2102,en
377279,Hermia & Helena,2016,Drama,5.5,22,1.067,es
400902,The Man Who Was Thursday,2016,Mystery|Thriller,4.7,23,0.9484,en
386243,Style,2016,Action|Thriller,7.0,10,0.8702,ml
469113,Bobby the Hedgehog,2016,Animation|Family,4.6,14,0.8307,en
391262,Curve,2016,Thriller|Horror,7.0,80,0.798,en
339116,Maximum Ride,2016,Action|Adventure|Comedy|Fantasy|Science Fiction|Thriller,4.924,258,0.8948,en
382437,Terror Birds,2016,Science Fiction|Horror,4.8,20,1.0163,en
423033,Khun Pan,2016,Action|Fantasy|History|Thriller,6.5,10,0.6188,th
412766,Sam Was Here,2016,Horror|Mystery|Thriller,5.4,170,0.9652,en
417770,My War,2016,History|War,5.8,20,0.7458,zh
409583,Split,2016,Comedy|Romance,4.7,25,0.6632,en
262982,The Hollow Point,2016,Action|Drama|Thriller|Crime|Western|Adventure|Mystery,5.735,206,0.9272,en
424632,Until Forever,2016,Drama|Romance,7.572,118,0.7095,en
381075,Teenage Cocktail,2016,Drama|Thriller,5.4,187,0.8555,en
358725,Saint Amour,2016,Comedy|Drama,5.664,165,0.7315,fr
417056,The Hollow,2016,Crime|Drama|Mystery|Thriller,4.845,29,0.8315,en
447040,Bitter Sweet,2016,Comedy|Romance,5.8,13,0.7528,ja
329714,Satisfaction 1720,2016,Comedy,5.8,17,1.18,da
400329,First Born,2016,Horror,5.463,94,0.9981,en
365995,Inside,2016,Horror|Thriller,4.962,234,0.7757,en
376501,Outlaws and Angels,2016,Western|Drama|Thriller,5.6,109,0.9228,en
398488,Cinema Novo,2016,Documentary|History,6.7,22,0.7995,pt
396393,Stop the Wedding,2016,Drama|Romance|TV Movie,5.8,43,0.6541,en
393421,Sarbjit,2016,Drama,7.625,36,0.9566,hi
352890,Morris from America,2016,Drama|Romance,6.2,117,0.87,en
348611,Sister Cities,2016,Drama|TV Movie|Thriller,6.419,43,0.6797,en
422842,Hailey Dean Mysteries: Murder  With Love,2016,TV Movie|Mystery,7.289,45,0.8998,en
367807,Deserted,2016,Drama|Thriller,4.5,31,1.7879,en
363185,Mastizaade,2016,Romance|Comedy,2.724,29,0.7175,hi
340227,Honeyglue,2016,Romance|Drama,5.87,23,0.6913,en
424995,Over the Fence,2016,Drama|Adventure|Romance,6.4,21,0.8662,ja
387585,Macho,2016,Comedy,5.9,95,0.7878,es
347035,Swallows and Amazons,2016,Adventure|Family,6.335,94,0.8018,en
407777,Karate Kill,2016,Action,5.057,35,0.7153,ja
410315,The Mistletoe Promise,2016,TV Movie|Romance|Comedy,6.3,94,0.6703,en
409395,Odd Squad: The Movie,2016,Family|Comedy|Science Fiction,6.038,26,0.5233,en
352504,Burn Your Maps,2016,Adventure|Comedy|Drama|Family,7.1,45,0.9045,en
412511,Cup of Love,2016,Romance,5.2,20,0.8618,en
398792,Lost in the Pacific,2016,Adventure|Science Fiction|Thriller,4.3,33,0.8443,zh
396643,A Flying Jatt,2016,Fantasy|Action|Adventure,3.074,47,0.8111,hi
383870,Skirt Day,2016,Comedy|Romance,5.0,21,0.7727,nl
404947,Sinister Squad,2016,Fantasy|Action|Horror,2.87,46,0.6271,en
384450,Dead 7,2016,Comedy|Horror|Western,4.319,58,0.64,en
391486,Crossing Point,2016,Action|Thriller,5.122,48,0.7467,en
348320,Scream Week,2016,Comedy|Thriller|Horror,4.866,71,1.9816,nl
428948,Infinity Chamber,2016,Science Fiction|Mystery|Thriller,6.265,277,0.7735,en
393841,Pelli Choopulu,2016,Romance|Comedy,7.225,40,0.8535,te
354380,Too Young To Die!,2016,Romance|Fantasy|Music|Comedy,6.5,31,0.7549,ja
379731,Little Savages,2016,Family,5.625,20,0.7483,en
392628,Karen Kingsbury's A Time to Dance,2016,Drama|Romance|TV Movie,5.7,35,0.7516,en
374609,Unleashing Mr. Darcy,2016,Romance|TV Movie|Comedy,5.567,97,0.6737,en
347872,The Rendezvous,2016,Action|Adventure|Drama,5.5,41,0.7115,en
421118,Surviving Compton: Dre  Suge and Michel'le,2016,Drama|TV Movie|History,5.963,27,0.8077,en
378891,Monsoon Mangoes,2016,Comedy,6.2,10,0.7253,ml
410114,Japanese Girls Never Die,2016,Drama|Comedy,6.6,21,0.7094,ja
403569,Total Frat Movie,2016,Comedy,5.0,44,0.7641,en
393764,The African Doctor,2016,Comedy,6.808,670,1.0179,fr
414719,Interrogation,2016,Action|Thriller,5.8,107,0.7726,en
417015,I Love You: A Divorce Comedy,2016,Comedy|Drama|Romance,4.7,12,0.7595,sv
363335,Raaz Reboot,2016,Horror,4.0,28,0.9218,hi
393656,Date with Love,2016,Comedy|TV Movie|Romance,6.3,114,0.6572,en
339927,Kevin Hart: What Now?,2016,Comedy|Documentary|TV Movie,6.4,264,0.6677,en
382951,A Sunday Horse,2016,Drama|Family,6.345,74,0.7177,en
415813,Flimflam,2016,Comedy|Family|Drama,5.4,33,0.8138,ar
427045,A December Bride,2016,Romance|TV Movie,7.0,160,0.9335,en
277839,Good Guys Go to Heaven  Bad Guys Go to Pattaya,2016,Comedy,5.0,504,0.7196,fr
405373,Pure Art,2016,Mystery|Thriller,5.6,17,0.7615,ru
369781,Public Friends,2016,Comedy,6.2,372,0.6276,fr
390409,Magnus,2016,Documentary,6.8,59,1.6017,no
381749,Porn to Be Free,2016,Documentary|History,5.6,83,0.6692,it
390592,Adult Life Skills,2016,Comedy|Drama,6.232,95,0.7262,en
390526,Between Us,2016,Romance|Drama|Comedy,5.1,23,0.6555,en
334532,100 Streets,2016,Drama,5.97,183,0.7415,en
378017,The Barn,2016,Horror,4.8,68,0.6382,en
419627,#SCREAMERS,2016,Horror,3.913,23,0.8894,en
446908,Bad Twin,2016,Thriller|TV Movie,5.2,35,0.6209,en
381167,Churchill's Secret,2016,History|TV Movie|Drama,6.3,26,0.7021,en
376455,Kodi,2016,Action|Drama|Thriller,6.223,47,0.8361,ta
340488,Salt and Fire,2016,Drama|Thriller,4.944,81,0.8791,en
393079,Death by Death,2016,Comedy|Drama,4.9,14,0.8629,fr
379691,Lou Andreas-Salomé  The Audacity to be Free,2016,Drama|History,6.5,31,0.636,de
421620,Christmas in Homestead,2016,Romance|TV Movie,6.1,92,0.5943,en
379297,Toni Braxton: Unbreak My Heart,2016,Drama|Music|TV Movie,6.1,26,0.822,en
418912,Terrortory,2016,Horror,4.2,13,1.6648,en
375809,Marseille,2016,Drama|Comedy,4.878,139,1.7645,fr
299641,Jimmy Vestvood: Amerikan Hero,2016,Comedy,5.3,41,0.7162,en
400411,Satanic,2016,Horror|Mystery|Thriller,4.327,415,0.6856,en
374606,Love's Complicated,2016,Romance|Comedy|TV Movie,6.158,38,0.7118,en
371813,Puthiya Niyamam,2016,Drama|Family|Thriller,6.3,23,0.6096,ml
415817,30 Years Ago,2016,Drama|Thriller,7.36,25,0.7148,ar
427474,Wellness für Paare,2016,TV Movie|Comedy,6.2,26,0.5582,de
410317,Christmas Cookies,2016,TV Movie|Romance|Drama,6.0,78,0.7412,en
427004,Marine Life Interviews,2016,Animation|Family|Comedy,6.2,78,0.7602,en
389972,What a Wonderful Family!,2016,Comedy|Family,7.282,39,0.6938,ja
370464,The Masked Saint,2016,Crime|Action,5.589,90,0.6704,en
402334,Brotherhood,2016,Crime|Drama,5.995,91,0.7979,en
401182,The Stepsister,2016,Drama|Thriller|TV Movie,6.3,21,0.6727,en
426232,Who Killed JonBenét?,2016,Crime|TV Movie,6.3,27,0.8377,en
428144,Madonna: Rebel Heart Tour,2016,Documentary|Music,7.3,28,0.9501,en
367196,Weeds on Fire,2016,Drama|History,6.3,18,0.6434,cn
408670,Ace the Case: Manhattan Mystery,2016,Family|Mystery,4.708,24,0.7664,en
413784,Blue Velvet Revisited,2016,Documentary,6.909,11,0.5937,en
390582,Here Alone,2016,Horror|Thriller|Science Fiction,5.417,248,1.0122,en
404579,Akira,2016,Action|Crime|Thriller,5.6,46,0.9531,hi
400421,The Hunt,2016,Action|Thriller,5.5,11,0.9729,ko
393857,The Confessions,2016,Drama|Thriller,5.953,117,0.7987,it
346658,The Oath,2016,Drama|Crime|Thriller,6.031,96,0.6529,is
392795,Harmonium,2016,Drama,6.6,97,0.7292,ja
370978,Kiki: Love to Love,2016,Comedy|Romance,6.08,383,0.6239,es
404516,Let Her Out,2016,Horror,4.955,88,0.7363,en
445475,Kinmoza! Pretty Days,2016,Comedy|Animation,6.2,12,0.8051,ja
400610,Prey,2016,Horror|Thriller|Comedy,5.636,136,0.9059,nl
411052,Heaven in the Dark,2016,Drama,5.9,11,0.6652,cn
381707,Our Lovers,2016,Drama|Romance,7.211,258,1.3873,es
398841,Blood Lust,2016,Horror|Mystery,4.3,10,1.8317,en
399266,Pushing Dead,2016,Comedy|Drama,6.031,32,0.6355,en
411638,The Fury of a Patient Man,2016,Thriller,6.594,464,0.8259,es
394314,The Magnificent Nine,2016,Comedy,5.5,13,0.7115,ja
407620,Planet of the Sharks,2016,Action|Horror|Science Fiction,3.6,72,0.6984,en
371446,The Free World,2016,Romance|Drama,6.1,57,0.7906,en
367816,Ghostheads,2016,Documentary,5.986,35,0.6653,en
411005,Godspeed,2016,Drama|Crime|Comedy|Thriller,7.2,45,0.8662,zh
438913,Dead West,2016,Drama|Crime|Thriller|Horror,3.4,11,0.788,en
391062,Joker,2016,Drama,7.5,21,0.9228,ta
431889,Take Me Home,2016,Horror|Thriller|Mystery,5.556,18,0.7475,th
406125,At Cafe 6,2016,Comedy|Romance,6.3,34,0.5492,zh
410144,Black Widows,2016,Comedy,4.2,20,0.659,en
394047,The Dog Lover,2016,Drama|Family,6.3,22,0.7898,en
418726,Something New,2016,Comedy,5.671,228,0.7613,it
392142,Max & Leon,2016,Comedy|War|Adventure,6.3,834,0.6636,fr
398786,Kammatti Paadam,2016,Drama|Action,8.0,52,0.8953,ml
387062,Tales of an Immoral Couple,2016,Comedy|Romance,6.663,80,0.6316,es
393513,Evil Bong: High-5!,2016,Comedy|Horror,2.7,23,0.6772,en
388259,Against the Wild II: Survive the Serengeti,2016,Adventure,5.474,19,0.7002,en
377432,Valentine Ever After,2016,Romance|TV Movie,6.3,68,0.6589,en
374614,Dater's Handbook,2016,Comedy|Drama|Romance|TV Movie,5.6,67,0.8367,en
278313,Stoner Express,2016,Comedy,6.0,15,0.751,en
385305,24×36,2016,Documentary,6.843,35,1.7969,en
383354,Spirit of the Game,2016,Drama,4.9,13,0.739,en
380856,A Stand Up Guy,2016,Comedy,5.1,13,0.6898,en
396390,Garage Sale Mystery: The Novel Murders,2016,TV Movie|Mystery,6.628,43,0.623,en
450509,Albion: The Enchanted Stallion,2016,Fantasy|Adventure|Comedy|Family,5.7,93,0.6312,en
345924,The Night Stalker,2016,Crime|Drama|Thriller|Mystery|TV Movie,6.8,28,0.6782,en
400326,Versus: The Life and Films of Ken Loach,2016,Documentary,6.6,18,0.7435,en
407390,Autumn Lights,2016,Mystery|Drama,5.2,29,1.2562,en
427895,Verführt - In den Armen eines Anderen,2016,TV Movie|Romance,6.0,25,0.7657,de
279096,Lazer Team,2016,Comedy|Science Fiction|Action,5.484,215,0.8402,en
418969,The Irresistible Blueberry Farm,2016,Romance|Mystery|TV Movie,6.1,44,0.8385,en
350160,Schweinskopf al dente,2016,Comedy|Crime,6.978,114,0.718,de
398366,Heartstrings,2016,Drama|Comedy,6.4,71,0.7518,fr
265312,Americano,2016,Animation|Family,5.3,20,0.786,en
353728,Closet Monster,2016,Drama|Fantasy|Mystery,7.041,293,0.7578,en
416602,American Romance,2016,Thriller,4.1,17,0.6528,en
425664,Unwanted Guest,2016,TV Movie|Thriller|Drama,5.5,13,1.6242,en
407334,My Summer Prince,2016,Romance|Comedy|Family|TV Movie,5.9,98,0.7625,en
392058,Fear  Inc.,2016,Horror|Comedy|Thriller,5.679,204,0.7836,en
399417,Lazy Eye,2016,Romance|Comedy|Drama,5.5,52,0.7052,en
415923,All Out Dysfunktion!,2016,Comedy,2.4,10,0.6765,en
424873,Weenie,2016,Animation,4.1,28,1.7111,en
339148,Already Tomorrow in Hong Kong,2016,Romance,6.023,131,0.6431,en
414276,Freaky Ali,2016,Comedy|Romance,5.455,22,0.7626,hi
399268,Thomas & Friends: The Great Race,2016,Family|Animation|Music,5.5,17,0.8907,en
405924,Janatha Garage,2016,Action|Drama,7.213,47,0.7342,te
413780,The Worthy,2016,Thriller|Action|Science Fiction,4.9,89,0.7726,ar
414223,The Swan Princess: Princess Tomorrow  Pirate Today!,2016,Family|Animation|Comedy|Adventure,5.682,33,0.6855,en
400995,Marriage of Lies,2016,Drama|Mystery|Thriller|TV Movie,5.0,21,0.6682,en
412519,Honey 3: Dare to Dance,2016,Music|Drama|Family|Romance,6.7,225,1.4403,en
406112,Welcome to Willits,2016,Horror|Science Fiction,4.24,50,0.7284,en
417936,Accidentally Engaged,2016,Comedy|Romance|TV Movie,6.143,119,0.6935,en
374465,Things to Come,2016,Drama,6.518,342,0.8087,fr
505201,Deadly Attraction,2016,Thriller|TV Movie,5.1,13,1.6042,en
416574,Egon Schiele: Death and the Maiden,2016,Drama|History,6.686,102,0.6368,de
376453,Operation Avalanche,2016,Thriller|Mystery|Comedy,6.11,218,0.9479,en
390358,Pyromaniac,2016,Drama|Thriller,6.2,31,0.7001,no
458777,Zoolander: Super Model,2016,Animation|Comedy|TV Movie,4.6,17,0.653,en
372844,The Violin Player,2016,Drama,5.4,16,0.4846,hi
371000,No Tomorrow,2016,Crime|Thriller,8.5,12,0.7708,ko
410924,LenaLove,2016,Thriller|Drama,5.211,38,1.8347,de
434949,Bowie: The Man Who Changed the World,2016,Documentary|Music,5.7,48,0.6653,en
378932,Antboy 3,2016,Action|Adventure|Family,6.9,59,0.9057,da
381170,American Conjuring,2016,Horror,4.4,45,1.1306,en
425722,Behind the Blue Door,2016,Family|Fantasy|Adventure,5.8,30,0.6875,pl
371865,Slack Bay,2016,Comedy,5.6,273,1.002,fr
361358,Nobunaga Concerto: The Movie,2016,Action|Comedy|Science Fiction,6.4,24,0.795,ja
411632,End of a Gun,2016,Action|Crime|Thriller,4.535,85,0.697,en
404486,The Boys Who Cried Wolf,2016,Crime|Mystery,7.1,17,0.5442,ko
397517,Be Somebody,2016,Drama|Comedy|Romance,6.494,265,0.6257,en
415031,The Oddsockeaters,2016,Adventure|Family|Animation,6.0,14,0.7632,cs
376519,Maya Angelou: And Still I Rise,2016,Documentary,8.0,16,0.6469,en
426808,A Cinderella Christmas,2016,Romance|Comedy|TV Movie,6.7,227,0.6298,en
399119,Change of Heart,2016,TV Movie|Romance|Comedy,6.4,26,0.7733,en
389365,The Ploy,2016,Drama|History,5.9,36,1.3394,it
386830,Temps,2016,Romance|Comedy,5.3,45,0.7569,en
364690,Natural Selection,2016,Drama|Crime,5.3,125,0.9117,en
369032,Carnage Park,2016,Action|Crime|Horror|Thriller,5.3,134,0.8885,en
388191,Mythica: The Iron Crown,2016,Action|Adventure|Fantasy,6.0,80,0.6788,en
427989,Poorly Rich,2016,Comedy,6.006,435,0.7478,it
393729,Divines,2016,Drama,7.67,687,0.7052,fr
378858,LEGO Friends: Girlz 4 Life,2016,Family|Animation,5.2,30,0.7072,en
366148,Jil Jung Juk,2016,Action|Comedy|Romance|Thriller,6.6,20,0.8537,ta
403434,Level Up,2016,Thriller,4.9,55,0.5865,en
392985,Gold Digger,2016,Comedy|Romance,5.8,17,0.6368,fi
394774,Kästner and Little Tuesday,2016,History|Drama,7.5,17,0.667,de
393737,Three Bedrooms  One Corpse: An Aurora Teagarden Mystery,2016,Mystery|TV Movie|Crime|Drama,6.721,104,0.7173,en
419148,Mr. Write,2016,Romance|TV Movie,6.4,23,0.633,en
419303,Joseph and Mary,2016,Drama,4.6,12,0.5793,en
421725,Scrat: Spaced Out,2016,Family|Science Fiction|Comedy|Animation,6.3,67,0.5169,en
339342,Anarchy Parlor,2016,Horror,5.049,61,1.8251,en
398218,David and Goliath,2016,Action|Adventure|Drama,4.2,45,0.6902,en
397514,The Windmill Massacre,2016,Drama|Horror,4.9,169,0.5768,en
399912,Brace for Impact,2016,Thriller|TV Movie,5.5,28,0.6349,en
376296,The Wrong Roommate,2016,TV Movie|Mystery|Thriller|Drama,5.1,17,0.7581,en
393158,The Cliff,2016,Romance|Thriller,5.2,26,1.7435,es
364160,Caged No More,2016,Action|Drama|Thriller,4.1,12,0.6714,en
383869,Back to Mom's,2016,Comedy,5.66,463,0.7293,fr
397704,The Lennon Report,2016,Drama|History,6.1,15,0.6313,en
394448,Himeanole,2016,Mystery|Drama,6.0,20,0.7701,ja
398356,Flower Shop Mystery: Dearly Depotted,2016,TV Movie|Mystery|Crime|Romance,6.55,40,0.8165,en
398854,A Midsummer Night's Dream,2016,Comedy|Fantasy|Romance,5.375,16,0.6949,en
379300,Erased,2016,Thriller|Fantasy,6.6,32,0.6516,ja
399311,Outlier,2016,Drama|Thriller,6.0,13,0.5695,en
432296,Hangout,2016,Comedy|Mystery|Thriller,7.227,11,0.5461,id
381041,Rainbow Time,2016,Comedy|Drama,5.3,22,0.585,en
360284,A Light Beneath Their Feet,2016,Drama,6.7,14,0.4553,en
410882,The Map Against the World,2016,History|Drama,6.636,22,0.7243,ko
401687,Hopeless Romantic,2016,TV Movie|Romance,5.2,33,0.6722,en
451964,Evil Nanny,2016,Drama|Horror|Thriller|TV Movie,6.0,48,0.579,en
408362,Run-Off,2016,Drama,6.1,11,0.5504,ko
402464,Some Freaks,2016,Drama|Comedy|Romance,6.1,57,0.5749,en
408299,Heaven Will Wait,2016,Drama,6.975,182,0.8128,fr
407518,Chosen,2016,Drama|War,5.22,41,0.7427,en
364615,Toro,2016,Drama|Crime|Thriller,6.024,167,0.5306,es
646767,Doctor Who: The Return of Doctor Mysterio,2016,Action|Adventure|Science Fiction,7.4,38,0.663,en
412588,Ellen,2016,Drama,4.8,10,1.6057,en
228034,The Bronx Bull,2016,Drama,4.4,18,0.5916,en
389630,All We Had,2016,Drama,5.511,92,0.6687,en
387715,Louis-Ferdinand Céline,2016,Drama,5.8,14,0.7958,fr
403570,Red Dog: True Blue,2016,Family|Comedy|Drama,6.558,103,0.7066,en
321030,One More Time,2016,Comedy|Drama|Music,5.0,72,0.7409,en
416306,Hide and Seek,2016,Thriller|Mystery,6.0,48,0.7053,zh
403582,I Married an Anti-Fan,2016,Romance|Comedy,6.1,43,0.7791,zh
392252,Mariupolis,2016,Documentary,6.667,12,0.6941,ru
412924,Supersonic,2016,Music|Documentary|History,7.381,240,0.7234,en
419645,Lost in the Moonlight,2016,Family|Adventure|Animation|Fantasy,7.5,11,0.948,ko
356189,My Name Is Emily,2016,Drama,6.8,37,0.659,en
368596,Back in the Day,2016,Drama,3.0,116,0.5887,en
373479,Eat That Question: Frank Zappa in His Own Words,2016,Music|Documentary,7.389,27,0.6739,en
407335,Summer in the City,2016,Romance|Comedy|TV Movie,6.0,54,0.6424,en
436769,My Way: The Rise and Fall of Silvio Berlusconi,2016,Documentary,6.6,39,0.3721,it
383807,Heal the Living,2016,Drama,6.45,231,0.7624,fr
400045,An American Girl: Lea to the Rescue,2016,Family|Adventure,6.456,34,0.4895,en
436022,Cutie Honey: Tears,2016,Action|Science Fiction,5.4,29,0.8001,ja
403283,Gehenna: Where Death Lives,2016,Horror|Thriller|Mystery|Science Fiction,5.1,56,0.461,en
351242,The Intervention,2016,Comedy|Drama,5.9,174,0.6325,en
419548,Krampus 2: The Devil Returns,2016,Thriller|Action|Horror,5.1,91,0.6238,en
420122,Siphayo,2016,Drama|Romance,4.423,14,0.753,tl
402223,Classmates,2016,Romance|Comedy,3.1,22,0.6443,ru
411009,Amanda Knox,2016,Documentary|Crime,6.6,591,0.6005,da
406129,Married by Christmas,2016,Comedy|TV Movie|Romance,5.4,50,0.7633,en
438524,Yell for the Blue Sky,2016,Drama,6.6,10,0.6267,ja
427756,Venus,2016,Documentary,5.3,23,1.5044,da
379992,Signed  Sealed  Delivered: From the Heart,2016,Drama|Romance|TV Movie,7.172,29,0.5138,en
431730,Winnetou - The Secret of Silver Lake,2016,Adventure|Western|TV Movie,6.268,28,0.6264,de
426203,Love Everlasting,2016,Romance|Drama,7.4,184,0.7925,en
391700,We Are Family,2016,Comedy|Family,6.281,219,0.6329,fr
444269,Belmondo by Belmondo,2016,Documentary,7.8,12,0.6162,fr
421064,Black and White Stripes: The Juventus Story,2016,Documentary,7.2,42,0.5881,it
413953,The Earthquake,2016,Drama,6.7,72,0.673,ru
394161,The Outsider,2016,Thriller|Drama,7.0,212,0.6849,fr
333675,Band of Robbers,2016,Adventure|Comedy|Crime|Thriller,5.869,130,0.5633,en
384748,The World of Us,2016,Drama,7.5,52,0.656,ko
447664,Dead Draw,2016,Thriller|Crime,5.0,30,0.597,en
420511,Ice Girls,2016,Family|TV Movie,6.5,27,0.5341,en
356270,The Broken Crown,2016,Drama|History,6.5,55,0.5405,es
377428,All Things Valentine,2016,Romance|Comedy|TV Movie,5.944,89,0.6765,en
412204,Marie Curie,2016,Drama|History,5.086,99,0.6596,fr
358908,Paths of the Soul,2016,Drama|Documentary,6.7,29,0.646,bo
381375,One Way Trip,2016,Drama,6.6,29,0.7676,ko
362478,The Preppie Connection,2016,Drama|Crime,6.303,99,0.6549,en
414610,Stalked by My Doctor: The Return,2016,Thriller|TV Movie|Horror,6.2,105,0.8561,en
381148,Comic 8: Casino Kings - Part 2,2016,Action|Comedy|Crime,5.6,10,0.5179,id
358364,Split,2016,Fantasy|Drama|Thriller|Crime,5.942,52,0.7861,en
295460,The Load,2016,History|Drama,6.9,22,1.3599,es
380172,Love in the Vineyard,2016,Drama|TV Movie|Romance,5.6,33,0.7661,en
425936,Trolland,2016,Animation|Comedy,1.8,15,0.7541,en
418389,Plank Face,2016,Horror,4.8,18,0.7691,en
408167,Manhattan Undying,2016,Romance|Drama|Fantasy,4.625,32,0.6524,en
353501,Pulimurugan,2016,Action|Adventure,6.175,60,0.6866,ml
430266,Servant of the People 2,2016,Comedy,6.132,34,0.6343,uk
385383,Fight Valley,2016,Action|Drama,3.3,30,0.5574,en
403580,Xuan Zang,2016,History|Drama,6.824,17,0.6491,zh
339406,Showdown in Manila,2016,Action,3.4,41,0.6129,en
377883,Kikoriki. Legend of the Golden Dragon,2016,Animation|Family,5.9,79,0.7829,ru
435009,6.9 on the Richter Scale,2016,Comedy|Music,6.9,23,0.5804,ro
396917,Swagger,2016,Documentary,6.6,27,0.8064,fr
323694,Nina Forever,2016,Horror|Comedy|Romance,5.223,164,1.9548,en
505352,The Game of Love,2016,Comedy|Romance|Drama,3.4,12,0.4861,en
396508,Encounter,2016,Horror,3.7,10,0.6119,en
405899,Beautiful Prison,2016,Drama|Horror|Romance|Thriller,4.9,14,0.6816,en
410205,All Governments Lie: Truth  Deception  and the Spirit of I.F. Stone,2016,Documentary,7.395,19,0.8023,en
382518,Last Call for Nowhere,2016,Comedy,5.67,280,0.9006,fr
383098,Ta'ang,2016,Documentary,5.6,10,0.5537,my
400649,Attack of the Killer Donuts,2016,Comedy|Horror,4.1,132,0.5152,en
407250,The Exchange Student,2016,Comedy,5.4,139,1.4072,fr
435104,1992,2016,Drama,6.2,25,0.6535,fr
375154,Billionaire Boy,2016,Family|Drama|Comedy|TV Movie,5.7,28,0.5552,en
413388,The Silence of the Sky,2016,Drama|Thriller,6.4,70,0.4888,pt
429754,Pippa,2016,Comedy|Drama,4.1,13,1.5141,nl
381318,Illegitimate,2016,Drama,6.2,42,0.5193,ro
382261,Double Life,2016,Mystery,6.091,11,0.6032,ja
363493,The Contract,2016,Crime|Thriller|Action,4.3,10,1.0115,en
409164,Boys in the Trees,2016,Drama|Horror|Thriller,6.607,164,0.6411,en
369780,Josephine  Pregnant & Fabulous,2016,Comedy,5.765,281,0.5856,fr
404073,Ghost Team,2016,Comedy|Horror,4.6,71,0.6201,en
340197,All I Need,2016,Horror|Thriller,4.3,43,0.4411,en
387845,Musudan,2016,Mystery|Thriller|Action,6.0,10,0.8495,ko
264418,You're Killing Me Susana,2016,Romance|Drama|Comedy,6.6,116,0.6252,es
450298,Arctic Adventure: On Frozen Pond,2016,Animation|Family,6.4,16,0.674,en
376311,Little Dead Rotting Hood,2016,Horror,3.6,77,0.7358,en
389704,The Perfect Daughter,2016,TV Movie|Drama,6.7,16,0.5881,en
408024,Moka,2016,Drama,6.017,88,0.5119,fr
408211,Ibiza Undead,2016,Action|Comedy|Horror,3.6,31,0.4964,en
381351,A Mighty Team,2016,Comedy,5.4,167,0.66,fr
419771,The Monk and the Demon,2016,Mystery|Comedy|Fantasy|Science Fiction,6.739,46,0.6014,ru
378396,Alba,2016,Drama,6.726,31,1.6921,es
388340,7 Things You Don't Know About Men,2016,Comedy,4.8,35,0.5767,pl
394170,Phantom Detective,2016,Action|Drama,6.871,66,0.8166,ko
426545,Fight For Space,2016,Documentary,7.6,10,0.5598,en
349740,Kanithan,2016,Action|Romance,5.8,12,0.7688,ta
416445,Revengeance,2016,Animation,5.469,16,0.574,en
417198,Voyage of Time: The IMAX Experience,2016,Documentary,6.9,74,0.787,en
407757,Sweet  Sweet Lonely Girl,2016,Drama|Horror|Thriller,5.3,47,0.5428,en
394661,Sacrifice,2016,Thriller|Crime|Mystery,5.367,241,0.5001,en
378227,Natsamrat,2016,Drama,8.242,33,0.7848,mr
376530,The Eagle Huntress,2016,Family|Documentary|Adventure,7.1,104,0.5946,en
392820,Gimme Danger,2016,Documentary|Music,6.858,144,0.7645,en
456571,Golden Orchestra,2016,Comedy|Drama|Music,7.6,10,0.6901,ja
391626,The Offering,2016,Mystery|Thriller|Horror,5.2,127,0.6898,en
381645,My Father  Die,2016,Action|Drama,5.8,54,0.5223,en
412432,Nessie & Me,2016,Family|Adventure,3.2,11,0.5736,en
390744,The Loner,2016,Action|Mystery|Crime|Thriller,3.9,19,0.8273,en
391484,Boost,2016,Action|Drama|Crime,4.6,22,0.5485,en
377852,Greetings from Fukushima,2016,Drama,6.1,34,0.5947,de
421851,Michael Moore in TrumpLand,2016,Documentary,5.857,98,0.5041,en
340481,The Unknown Girl,2016,Thriller|Drama|Crime,6.18,430,0.644,fr
385243,8 Best Dates,2016,Comedy|Romance,4.6,23,0.5884,ru
400387,Riphagen the Untouchable,2016,Drama|History|Thriller,6.503,180,0.6632,nl
434873,It Stains the Sands Red,2016,Comedy|Horror|Drama,5.582,250,0.6696,en
401121,Shortwave,2016,Thriller|Science Fiction,4.5,55,0.6004,en
410129,The Apostle Peter: Redemption,2016,Drama,6.452,21,0.6605,en
356200,One Breath,2016,Drama,5.7,15,0.4949,de
420760,Ever After High: Dragon Games,2016,Animation|Adventure|Comedy|Family|Fantasy|Romance,6.1,15,0.535,en
400536,Politics  Instructions Manual,2016,Documentary,6.955,11,0.5371,es
406147,Ordinary People,2016,Drama,6.0,17,1.446,tl
428845,Holiday Joy,2016,TV Movie|Comedy,5.614,70,0.6067,en
376436,Husband Factor: Resurrection,2016,Comedy,5.6,36,0.5216,tr
412974,Love on a Limb,2016,TV Movie|Romance,6.4,46,0.6371,en
401294,Virtual Revolution,2016,Science Fiction,5.059,111,0.6681,en
393569,Text for You,2016,Romance|Comedy|Drama,6.63,119,0.7104,de
331393,Undrafted,2016,Comedy|Drama|Family,7.0,35,0.6551,en
382163,Maniac Hero,2016,Action|Comedy,5.0,11,0.7155,ja
371743,Sophie and the Rising Sun,2016,Drama,6.7,31,0.5643,en
431591,We're Going on a Bear Hunt,2016,Animation|Family|TV Movie,6.8,14,0.614,en
301339,Coming Through the Rye,2016,Drama,6.2,28,0.5856,en
411279,Pretham,2016,Comedy|Horror,5.4,23,0.5426,ml
411037,Home,2016,Drama,7.0,42,0.7138,nl
398541,Teenage Kicks,2016,Drama,5.8,30,0.6557,en
425961,Pitbull: Tough Women,2016,Action|Drama|Crime,5.696,79,0.4878,pl
398970,I Am Watching You,2016,TV Movie|Thriller|Romance,5.15,20,0.6161,en
390557,Closet Space,2016,Horror|Mystery,6.8,46,0.7209,en
356889,The Great & The Small,2016,Drama,6.1,17,0.4556,en
408194,Devil's Bride,2016,Drama|History,5.9,60,0.5921,fi
378698,Soy Nero,2016,Drama|Comedy,6.1,31,0.5451,es
410678,Yourself and Yours,2016,Drama|Comedy,6.298,57,0.4941,ko
402898,Monkey King,2016,Comedy,4.4,15,1.6779,de
407803,Harry Benson: Shoot First,2016,Documentary,6.6,22,0.6407,en
471981,Chocolate City: Vegas Strip,2016,Drama,5.8,24,0.6955,en
361854,The Dark Side of the Moon,2016,Thriller,5.7,90,0.6213,de
310888,Southside with You,2016,Romance|Drama,5.637,201,0.6751,en
432167,#Selfie 69,2016,Romance|Comedy|Action,6.5,57,0.608,ro
415962,My Christmas Dream,2016,TV Movie|Romance|Comedy,5.8,78,0.5797,en
411678,Afterimage,2016,Drama|History,6.53,84,0.6148,pl
404762,Serena,2016,Documentary,7.286,14,0.672,en
394051,Phantom of the Theatre,2016,Drama|Horror|Mystery|Romance|Thriller,4.8,20,0.6221,zh
355536,Director's Cut,2016,Horror|Comedy|Thriller|Crime,6.162,34,0.7572,en
361777,Smoke & Mirrors,2016,History|Thriller,6.471,258,0.5394,es
412188,93 Days,2016,Drama,5.7,52,0.5465,en
405388,Mono,2016,Comedy,4.9,32,0.6086,ru
332285,Antibirth,2016,Horror,5.0,122,0.7167,en
382545,The Mohican Comes Home,2016,Comedy,5.9,14,0.561,ja
402042,Bosch: The Garden of Dreams,2016,Documentary,7.1,21,0.603,es
359538,The Canterville Ghost,2016,Fantasy|Comedy|Family,5.504,125,0.6074,fr
324326,Uncle Kent 2,2016,Comedy|Drama|Mystery,5.4,11,0.484,en
477811,El taxista caliente,2016,Comedy,5.9,33,0.7119,es
385805,Betting on Zero,2016,Documentary,7.067,126,0.653,en
257258,Sold,2016,Drama,6.378,37,0.7847,en
399231,The Carer,2016,Comedy,6.6,36,0.6791,en
376003,Mercury Plains,2016,Action|Adventure|Drama,4.7,50,0.5417,en
442264,Cradle of Lies,2016,Mystery|Thriller|TV Movie,5.7,10,0.5718,en
392124,Right Here Right Now,2016,Drama,5.1,50,0.5708,fr
432593,You're So Cool  Brewster! The Story of Fright Night,2016,Documentary,6.8,16,0.5746,en
314029,Neon Bull,2016,Drama,6.7,101,0.4645,pt
368230,Miruthan,2016,Action|Romance|Thriller,5.2,27,0.6696,ta
462653,Second Chance,2016,Romance,5.0,17,0.669,tr
405757,The Tunnel,2016,Drama|Mystery|Science Fiction|Thriller,6.3,25,1.8131,no
444951,New Life,2016,Drama|Romance,6.6,42,0.52,en
418604,Al posto tuo,2016,Comedy,5.6,175,0.4528,it
380121,The Bounce Back,2016,Romance,6.4,54,0.5356,en
380874,Jonathan,2016,Drama,6.4,46,0.5655,de
285743,Alleluia! The Devil's Carnival,2016,Horror|Music,6.107,28,0.511,en
399641,BearCity 3,2016,Comedy|Drama|Romance,4.1,11,0.5734,en
397981,Beyond the Gates,2016,Adventure|Horror,5.17,191,0.6277,en
396557,Kids in Love,2016,Drama|Romance,5.721,122,0.5574,en
381737,Manson's Lost Girls,2016,Crime|Drama|Thriller,5.5,19,0.6115,en
409069,The Fall,2016,Documentary,8.5,10,0.572,en
379976,Anyone Can Quantum,2016,Comedy,7.0,18,0.6727,en
397127,Alpha and Omega: Dino Digs,2016,Animation|Family|Comedy|Fantasy,5.0,26,0.7072,en
408149,Isle of the Dead,2016,Horror,4.8,36,0.587,en
413640,Mudhugauv,2016,Action|Comedy,5.1,11,0.8463,ml
386835,The Forest,2016,Drama|Horror|Fantasy,5.6,22,0.5556,th
383559,Tomcat,2016,Drama,5.7,21,0.5771,de
380592,Ten Meter Tower,2016,Documentary,7.125,24,0.7757,sv
255160,On the Milky Road,2016,Comedy|Drama,6.5,114,0.7401,sr
392153,Bruno & Boots: Go Jump in the Pool,2016,Family|Comedy,5.6,34,0.5412,en
381399,Class Divide,2016,Documentary,5.938,17,0.3883,en
416987,After the Reality,2016,Comedy|Drama|Family,5.5,30,0.5952,en
393423,Laal Rang,2016,Comedy|Crime|Drama|Thriller,5.833,15,0.5319,hi
353460,The Idol,2016,Comedy|Drama,7.0,74,0.6413,ar
389088,Arctic Heart,2016,Romance|Comedy|Drama|Science Fiction,4.8,82,0.6222,fr
377798,Les Naufragés,2016,Comedy,4.2,71,0.7043,fr
428015,Wolf Mother,2016,Crime|Thriller,4.16,25,1.5081,en
421759,Broadcasting Christmas,2016,TV Movie|Romance|Drama|Comedy,5.679,78,0.5135,en
390512,The Phenom,2016,Drama,5.401,71,0.572,en
419242,Happiness,2016,Drama,6.933,15,0.6053,cn
360029,Into the Inferno,2016,Documentary,6.979,233,0.9078,en
336655,Dégradé,2016,Comedy|Drama,7.4,10,0.3319,ar
399220,Away,2016,Drama,6.2,22,0.5219,en
385735,Mountain Cry,2016,Drama|Romance,6.7,15,0.6378,zh
354864,Everlasting,2016,Crime|Drama|Thriller|Mystery|Romance,5.0,25,0.8363,en
408323,Ignatius of Loyola,2016,Action|Drama|History|Romance|War,5.8,32,0.7225,en
405932,All Girls Weekend,2016,Horror,3.4,45,0.616,en
359025,Camino,2016,Thriller|Action|Adventure,4.9,54,0.6241,en
308924,Song of the Phoenix,2016,Drama,6.7,32,0.5457,zh
394260,Sweet Dreams,2016,Drama,6.541,222,0.7431,it
414768,The Julius House: An Aurora Teagarden Mystery,2016,Mystery|TV Movie|Crime|Drama,6.833,117,0.6692,en
418402,Inseparables,2016,Drama|Comedy,7.3,83,0.5194,es
410348,Is That a Gun in Your Pocket?,2016,Comedy,5.9,17,0.5323,en
406771,Barcode,2016,Action|Comedy,4.2,21,0.527,fa
428398,Santa Claus. Battle of Mages,2016,Fantasy|Action|Adventure,4.581,31,0.555,ru
413579,Best Worst Thing That Ever Could Have Happened...,2016,Documentary,7.5,19,0.6629,en
412437,Flowers of Evil,2016,Drama|Crime,5.1,20,0.6163,fi
396378,Supreme,2016,Romance|Action|Comedy,5.5,13,0.4829,te
395442,Seduced,2016,Drama|Thriller|TV Movie,6.1,15,0.7663,en
388762,Die Informantin,2016,Thriller|Crime,5.2,18,1.7955,de
415078,Hamilton's America,2016,Documentary,6.6,41,0.6265,en
448164,Murder in Martigues,2016,TV Movie|Mystery|Crime|Drama,5.8,12,0.4106,fr
399611,The Unseen,2016,Action|Horror|Science Fiction|Thriller,5.782,62,0.63,en
386826,A Beginner's Guide to Snuff,2016,Comedy|Horror|Thriller,5.269,26,0.6297,en
401441,Embrace,2016,Documentary,6.476,41,0.5828,en
443476,Mommy's Secret,2016,Drama|Crime|TV Movie,5.0,19,0.7026,en
388468,Grand Hotel,2016,Comedy|Drama,4.9,18,0.5537,no
395815,Hepta: The Last Lecture,2016,Romance|Drama,7.7,36,0.6579,ar
375082,Spaceman,2016,Comedy|Drama,5.8,16,0.6267,en
371181,Murder  She Baked: A Peach Cobbler Mystery,2016,Mystery|TV Movie,7.2,76,0.6914,en
381615,The Bridge Part 2,2016,TV Movie|Drama,6.2,53,0.4144,en
415766,Who Gets the Dog?,2016,Drama|Comedy|Romance|TV Movie,5.061,82,0.5424,en
394713,Their Distance,2016,Romance,6.8,11,0.6743,ja
399347,Il traduttore,2016,Drama|Thriller,4.1,14,0.4408,it
374739,Flower Shop Mystery: Mum's the Word,2016,Mystery|TV Movie|Crime|Romance,6.7,47,0.7001,en
380225,Like Crazy,2016,Drama|Comedy,7.383,903,0.7654,it
414455,Chronically Metropolitan,2016,Comedy|Drama,5.0,40,0.7638,en
396394,The Convenient Groom,2016,TV Movie|Romance,5.849,43,0.5431,en
763762,Shelter,2016,Animation|Fantasy|Music,7.3,42,0.5184,ja
415137,Angel,2016,Romance|Comedy|Drama,6.3,67,0.8325,fr
396345,Malcriados,2016,Comedy,6.3,36,0.3619,es
371182,Garage Sale Mystery: Guilty Until Proven Innocent,2016,Drama|Mystery|TV Movie,6.457,46,0.6766,en
419261,Earthtastrophe,2016,Science Fiction|TV Movie,4.622,45,0.6245,en
390364,Bangkok Rush,2016,Action,4.1,13,0.644,en
398034,Velainu Vandhutta Vellaikaaran,2016,Romance|Comedy|Drama,5.6,13,0.7482,ta
392817,The Student,2016,Drama,6.473,166,0.6376,ru
421622,Looks Like Christmas,2016,TV Movie|Comedy|Romance,5.4,34,0.5243,en
416906,Delusion,2016,Drama,5.4,19,0.5713,et
370575,The Wild Soccer Bunch 6,2016,Adventure|Family|Action,4.379,29,0.4577,de
392788,The Stopover,2016,Drama|War,5.3,50,0.5078,fr
426958,Strangled,2016,Thriller|Drama|Crime|Horror,6.394,90,0.7737,hu
399421,A Remarkable Life,2016,Drama|Music|Romance,3.2,14,0.5088,en
367841,Sex & Crime,2016,Comedy|Crime,5.4,11,1.5515,de
428324,Lovesick,2016,Romance,4.417,12,0.5058,en
398137,The Architect,2016,Drama|Comedy,4.3,37,0.4551,en
423891,Sound of Christmas,2016,TV Movie|Drama,6.261,44,0.4503,en
378084,Chasing,2016,Action|Comedy,6.2,26,0.6326,ko
347630,Laid in America,2016,Comedy,5.2,90,0.5157,en
408539,Paradise,2016,Drama|War,7.075,53,0.4959,ru
377186,My Sweet Audrina,2016,Drama|Thriller|TV Movie,5.3,44,1.1835,en
359870,Burn Burn Burn,2016,Drama|Comedy,6.555,55,0.717,en
352164,Summer of 8,2016,Drama|Comedy,6.0,51,0.641,en
399636,Retake,2016,Romance|Drama,6.0,35,0.5258,en
388243,Bleed,2016,Horror|Thriller,4.2,60,0.5951,en
387399,We Go On,2016,Horror|Thriller|Drama,5.83,165,0.5676,en
442133,Offline: Are You Ready for the Next Level?,2016,Action|Adventure|Comedy,5.535,86,0.6052,de
390833,Dickshark,2016,Science Fiction|Comedy|Horror,3.06,25,0.4921,en
381691,Maheshinte Prathikaaram,2016,Comedy|Drama,7.7,73,0.6629,ml
405050,Bad Girl,2016,Thriller|Drama,6.0,65,0.713,en
381938,My Brother,2016,Drama|Comedy,5.75,64,0.468,tr
381028,Tower,2016,Animation|Crime|Documentary,7.6,202,0.5374,en
347097,Observance,2016,Thriller|Horror|Mystery,5.0,38,0.6111,en
412894,Stagecoach: The Texas Jack Story,2016,Western,4.463,40,0.4627,en
320413,The Greasy Strangler,2016,Comedy|Horror|Thriller,5.555,210,0.6185,en
415634,Cock and Bull,2016,Comedy|Crime|Drama,7.2,49,0.7103,zh
405604,Branagh Theatre Live: Romeo and Juliet,2016,Drama|Romance,8.0,23,0.6131,en
402910,Jailbirds,2016,Drama,5.633,90,0.5037,fr
376228,Audrie & Daisy,2016,Documentary,7.1,199,0.5348,en
377431,Appetite for Love,2016,Romance|TV Movie,5.675,80,0.8206,en
377154,Being 17,2016,Drama,6.808,380,0.5247,fr
419747,Halloweed,2016,Horror|Comedy,4.4,31,0.5366,en
410634,Diggers,2016,Horror,3.7,43,0.5897,ru
417708,Young Hyacinth,2016,Comedy|TV Movie,5.1,17,0.5277,en
426785,Tum Bin 2,2016,Drama|Romance,6.5,13,0.8818,hi
425774,The Legend of Ben Hall,2016,Western,6.023,65,0.6132,en
410270,2 Jennifer,2016,Action|Horror,4.2,17,0.5509,en
345912,Find a Boyfriend for My Wife... PLEASE!,2016,Comedy,6.0,26,0.4686,es
377060,The Diary of Anne Frank,2016,Drama,7.204,137,0.612,de
428260,A Christmas in Vermont,2016,Comedy|TV Movie,5.1,49,0.5419,en
293941,The Quiet Hour,2016,Drama|Science Fiction|Thriller,4.533,45,0.4665,en
413764,Playground,2016,Thriller|Drama,6.1,34,0.4781,pl
366505,The Olive Tree,2016,Drama|Comedy,6.7,140,0.5986,es
426487,The Lighthouse,2016,Drama|History|Horror,5.1,29,1.7357,en
419315,Anomalous,2016,Thriller|Fantasy|Horror,5.667,24,0.4621,es
406492,Saving Sally,2016,Animation|Comedy|Fantasy|Romance,5.7,10,0.5423,en
415005,Stalin's Couch,2016,Drama,4.033,15,0.6928,fr
437941,The Bolshoi,2016,Drama,6.1,55,0.5878,ru
710832,Peaky Blinders: The True Story,2016,Documentary,8.574,27,0.9985,en
433602,Even Lovers Get the Blues,2016,Drama,5.854,24,0.4118,fr
393731,Mercenary,2016,Drama,5.9,48,0.5991,fr
430158,To Walk Invisible,2016,Drama|History,7.208,60,0.5119,en
375868,A Stroke of Luck,2016,Romance|Drama|Comedy,4.963,201,0.6222,es
431731,Winnetou - The Last Fight,2016,Adventure|Western|TV Movie,6.348,33,0.6416,de
413441,Autumn in the Vineyard,2016,TV Movie|Romance,6.056,54,0.5044,en
375798,Brice 3,2016,Comedy,4.214,637,1.5911,fr
408475,Devi(L),2016,Comedy|Horror,6.0,29,0.6079,ta
334893,ChickLit,2016,Comedy,5.4,17,0.4643,en
393789,Killer,2016,Comedy|Drama,7.1,13,0.2645,en
426670,Dolly Parton's Christmas of Many Colors: Circle of Love,2016,Drama|Family|TV Movie,6.0,26,0.5367,en
403052,Mower Minions,2016,Comedy|Animation|Family,6.67,200,0.595,en
413600,Park,2016,Drama,4.7,15,0.3937,el
393694,Kokoro,2016,Drama,5.7,16,0.4935,fr
405040,Warkop DKI Reborn: Jangkrik Boss! Part 1,2016,Comedy|Action|Adventure,6.5,11,0.621,id
408755,The Binding,2016,Thriller|Horror|Drama,3.8,25,0.4456,en
352431,Carrossel 2: O Sumiço de Maria Joaquina,2016,Adventure|Comedy|Family,6.1,62,0.4611,pt
385760,Timber the Treasure Dog,2016,Adventure|Family,5.7,12,0.5498,en
391901,Respectable: The Mary Millington Story,2016,Documentary,6.3,15,0.4359,en
416569,Love and Fury,2016,Drama,5.7,20,0.5378,fi
418378,Die Beautiful,2016,Comedy|Drama,6.3,15,0.5638,tl
411053,Annmariya Kalippilaanu,2016,Drama|Family,7.0,24,0.5598,ml
378092,Kill Kane,2016,Thriller|Crime|Action,3.9,18,0.4545,en
361475,Departure,2016,Drama|Romance|Family,6.336,113,0.6174,en
430013,22 ángeles,2016,Drama|History|TV Movie,6.3,14,0.5209,es
300672,Vincent N Roxxy,2016,Drama|Crime|Thriller,5.5,101,0.6904,en
458352,The Book of Genesis,2016,Drama|History,6.844,32,0.3603,en
419981,Ivan Tsarevitch and the Changing Princess,2016,Romance|Animation|Comedy|Family|Fantasy,7.3,32,0.4791,fr
406000,The Teacher,2016,Drama|Comedy,6.867,105,0.5142,sk
384043,National Parks Adventure,2016,Documentary,6.9,33,0.595,en
384673,National Bird,2016,Documentary,6.7,30,0.5246,en
289143,Dofus - Book I: Julith,2016,Animation|Action|Adventure|Fantasy|Comedy,7.456,103,0.5228,fr
408151,The Standoff,2016,Comedy,5.6,61,0.6037,en
381070,Loev,2016,Drama|Romance,5.257,103,0.4795,hi
459427,Car Dogs,2016,Drama|Comedy,5.8,12,0.5691,en
352002,To My Beloved,2016,Thriller|Action|Drama,6.3,15,0.462,pt
371459,A Good Wife,2016,Drama,6.1,19,0.5409,sr
421750,Deadly Inferno,2016,Action|Drama,6.4,15,0.7071,en
403579,The C Word,2016,Documentary,6.8,33,0.4045,en
375097,The Wonderland,2016,Comedy|Family,5.455,22,0.4896,ru
387940,The Chosen,2016,Drama|History|Thriller,5.871,35,0.3995,es
421761,A Dream of Christmas,2016,Drama|Romance|TV Movie,6.3,90,0.5663,en
380994,Mike Nichols: An American Master,2016,Documentary|TV Movie,6.3,10,0.4379,en
430161,The Lighthouse of the Orcas,2016,Romance|Drama,6.967,214,0.5574,es
418747,Hidden Reserves,2016,Drama|Science Fiction,5.9,20,0.5224,de
397242,Don't Worry Baby,2016,Drama|Comedy,5.1,13,0.3467,en
387949,Royal Treasure,2016,Comedy,4.3,11,0.4314,zh
426473,A Snow Capped Christmas,2016,TV Movie|Romance|Drama,6.162,65,0.5437,en
404665,Oppam,2016,Thriller,7.15,30,0.6514,ml
381015,The Other Half,2016,Drama|Romance,6.1,28,0.4835,en
398455,To Keep the Light,2016,Drama|History,5.9,11,0.5365,en
416777,Viking Legacy,2016,Action|Adventure,4.0,35,0.5479,en
412203,In Between,2016,Drama,7.0,127,0.5085,ar
343010,The American Side,2016,Mystery|Drama|Thriller,4.7,45,0.5594,en
450768,Only for One Night,2016,Drama|Thriller,4.895,19,0.4735,en
332665,Men Go to Battle,2016,Western|Drama|War,4.692,13,0.3215,en
419206,Suffering of Ninko,2016,Drama,5.0,11,0.6007,ja
396395,The Wedding March,2016,Romance|TV Movie|Drama,6.053,47,0.5151,en
358807,The Fits,2016,Drama,6.4,122,0.4442,en
441542,Plan B,2016,Action|Comedy,6.5,27,0.5454,de
449546,For Both of Us,2016,Romance|Drama,5.924,33,0.5212,tr
397204,Six Gun Savior,2016,Action|Adventure|Western|Fantasy,4.6,10,0.3422,en
405458,Miniforce: New Heroes Rise,2016,Family|Animation,7.9,26,0.455,ko
371429,Maruthu,2016,Romance|Action|Comedy,5.6,15,0.664,ta
402919,Killing for Love,2016,Crime|Documentary,6.138,46,0.4917,de
385372,Chalk It Up,2016,Comedy,5.0,124,0.4137,en
422439,The Furies,2016,Drama|Family,6.6,22,0.4589,es
347127,The Charnel House,2016,Horror,4.0,39,0.5802,en
401442,Internet Famous,2016,Comedy,3.8,53,0.7881,en
378446,Ogres,2016,Drama,6.509,56,0.3212,fr
516373,All at Once,2016,Drama,5.9,11,0.5275,en
369406,Nowhere Boys: The Book of Shadows,2016,Science Fiction,5.6,52,0.6205,en
365194,Deadly Voltage,2016,Drama|Science Fiction,5.0,24,0.6945,en
384500,Tiramisu,2016,Comedy,5.329,298,1.5164,it
381063,The Alchemist Cookbook,2016,Drama|Horror|Comedy,5.169,59,0.5678,en
406107,Dead Awake,2016,Horror|Thriller,5.17,159,0.6733,en
430978,Vince & Kath & James,2016,Romance|Comedy,5.7,10,0.4542,tl
402778,Remo,2016,Comedy|Romance,5.667,39,0.4254,ta
408550,Les Pépites,2016,Documentary,7.313,32,0.7238,fr
371859,The Death of Louis XIV,2016,Drama|History,6.5,98,0.6691,fr
398943,Beacon Point,2016,Thriller,5.1,21,0.4203,en
407389,The Remains,2016,Horror|Thriller,4.7,164,1.6321,en
404461,The Curse of Robert the Doll,2016,Horror,3.5,56,0.5915,en
391774,Love Games,2016,Romance|Thriller,4.9,11,0.5095,hi
325186,Smothered,2016,Horror|Comedy,3.6,13,1.5809,en
373348,Author: The JT LeRoy Story,2016,Documentary,6.6,31,0.6061,en
377151,Fire at Sea,2016,Documentary,6.647,248,0.6558,it
339079,A Country Called Home,2016,Drama,5.3,38,0.5079,en
419530,Bir Baba Hindu,2016,Comedy,2.9,20,0.4643,tr
415838,Barbie: Dreamtopia,2016,Animation|Fantasy|Family,6.7,25,1.4197,en
390337,Parents,2016,Drama,4.2,19,0.6323,da
385755,Women Who Kill,2016,Comedy|Crime|Mystery|Romance|Thriller,4.948,29,0.5271,en
428916,Flatbush Luck,2016,Romance|Comedy|Crime|Drama,5.2,10,0.4135,en
391899,Hannibal Buress: Hannibal Takes Edinburgh,2016,Comedy,6.4,23,0.5103,en
404141,One More Time with Feeling,2016,Documentary|Music,7.9,105,0.6078,en
392418,The Cheerleader Murders,2016,TV Movie|Thriller,6.8,22,0.6341,en
381935,Jack Goes Home,2016,Drama|Thriller|Horror,5.198,81,0.4592,en
485228,Tora-san of Goto,2016,Documentary|Drama|Family,7.654,13,0.4391,ja
317930,Compadres,2016,Action|Comedy,6.8,136,0.4386,es
412205,Past Life,2016,Drama,7.0,14,0.5982,he
427561,An American Girl Story: Maryellen 1955 - Extraordinary Christmas,2016,Family,7.8,12,0.4924,en
394185,Chokeslam,2016,Comedy,4.7,33,0.6818,en
414919,Hart Beat,2016,Family|Comedy|Drama,6.5,93,1.5205,nl
380622,Staying Vertical,2016,Drama,5.19,87,0.5998,fr
427279,Christmas All Over Again,2016,Family|Comedy|TV Movie,4.5,19,0.5124,en
400456,Exorcist House of Evil,2016,Thriller|Horror|Mystery,4.5,21,0.5123,en
360030,Lo and Behold: Reveries of the Connected World,2016,Documentary,6.56,325,0.5232,en
336435,We Are Pregnant,2016,Comedy|Drama|Romance,5.437,103,0.4262,es
376261,Weiner,2016,Documentary,7.295,195,0.5874,en
323929,Krisha,2016,Drama,6.782,220,0.5559,en
389044,The Together Project,2016,Drama|Comedy|Romance,5.955,101,0.5506,fr
421049,The Watcher,2016,Horror|Thriller,5.4,93,0.5584,en
410432,Aandavan Kattalai,2016,Action|Drama|Romance,7.946,37,0.6122,ta
390376,Rag Union,2016,Comedy|Drama,5.661,28,0.4786,ru
352498,First Girl I Loved,2016,Drama|Romance,6.272,156,0.6348,en
355948,Call Me King,2016,Drama|Action|Crime,5.0,10,0.381,en
421126,The Dragon Spell,2016,Family|Comedy|Animation|Fantasy|Adventure,6.333,33,0.533,uk
404035,Jet Trash,2016,Thriller|Drama,5.0,10,0.4593,en
336226,Blind Sun,2016,Mystery|Thriller|Horror|Drama,4.6,25,0.8384,fr
388273,No Letting Go,2016,Drama,7.0,17,0.6015,en
431339,A Plastic Ocean,2016,Documentary,7.54,88,0.4926,en
377492,Dirty 30,2016,Romance|Comedy,5.8,93,0.6012,en
382754,Lantouri,2016,Romance|Drama,6.1,16,0.6078,fa
393003,Wildflower,2016,Thriller|Drama,5.8,33,0.6233,en
428849,A Firehouse Christmas,2016,Comedy|Drama|Romance|TV Movie,5.265,34,0.561,en
417417,Seed: The Untold Story,2016,Documentary,6.3,10,0.2675,en
264518,Judge Archer,2016,Action|Drama,6.3,31,0.9077,zh
438143,Pigeon Toady's Guide to Your New Baby,2016,Animation|Comedy,5.5,13,0.4229,en
421629,Love Always  Santa,2016,Romance|Comedy|TV Movie,5.8,52,0.4684,en
386172,The Rift,2016,Thriller|Horror|Science Fiction,3.6,40,0.577,en
446594,96 Souls,2016,Drama|Mystery|Science Fiction,4.4,12,1.6122,en
375963,The Fall of the Krays,2016,Crime|Thriller,5.0,21,0.5213,en
140491,Alienate,2016,Drama|Horror|Science Fiction,4.0,38,0.7657,en
382663,Pavada,2016,Comedy|Drama,5.6,18,0.6292,ml
400711,Faultless,2016,Thriller|Drama,6.097,124,0.6018,fr
372518,Stronger Than The World,2016,Drama|Action,6.5,126,0.6293,pt
381507,Home,2016,Horror|Drama|Family,5.5,35,0.5127,en
377153,A Lullaby to the Sorrowful Mystery,2016,Drama|Fantasy|Adventure|History,7.7,17,0.4774,tl
369237,The Fourth Phase,2016,Documentary|Adventure,6.615,26,0.4225,en
408387,Crow,2016,Fantasy|Horror|Thriller,5.0,17,0.5236,en
364410,The White King,2016,Drama|Science Fiction,5.3,46,0.5308,en
410319,Sorority Nightmare,2016,TV Movie|Thriller|Drama,6.3,10,0.3787,en
423360,Hammer,2016,Action|Drama,7.3,57,0.4453,ru
416239,Actor in Law,2016,Comedy|Drama|Family|Fantasy|Romance,7.133,15,0.5749,ur
378291,The Wrong Car,2016,Thriller|TV Movie|Drama|Crime,5.7,37,0.5075,en
393945,150 Milligrams,2016,Drama,6.74,127,0.5616,fr
396488,Traffic,2016,Thriller|Drama,6.563,16,0.5184,hi
389379,Seitenwechsel,2016,Comedy,5.364,22,0.4565,de
421259,Bus Driver,2016,Action,5.2,12,0.6854,en
374466,Daguerrotype,2016,Drama|Fantasy|Horror|Romance,5.6,48,0.4432,fr
378381,Wasted,2016,Comedy,4.923,26,1.4174,nl
385203,Suicide Note,2016,Thriller|TV Movie,4.8,13,0.4927,en
387712,Les Enfoirés 2016 - Au rendez-vous des Enfoirés,2016,Music,7.2,10,0.5898,fr
447233,Wonderkid,2016,Drama,5.733,15,0.5507,en
408624,A Death in the Gunj,2016,Drama|Thriller,7.0,57,0.6435,en
415257,Off Key,2016,Comedy|Drama,4.9,14,0.4452,fi
391743,Curmudgeons,2016,Comedy,7.417,30,0.5572,en
392001,A Fat Wreck,2016,Documentary|Music,7.2,18,0.3076,en
416251,Christmas List,2016,Comedy|Romance|TV Movie,5.5,64,0.4621,en
411861,Tommaso,2016,Drama,5.4,68,0.4941,it
410311,Delinquent,2016,Drama|Family|Crime,5.8,12,0.6213,en
412107,IDI: Inspector Dawood Ibrahim,2016,Action|Comedy,4.2,10,0.4965,ml
408626,City of Tiny Lights,2016,Crime|Drama|Thriller,5.212,85,0.4616,en
400276,That's Not Cheating,2016,Romance|Comedy,5.823,65,0.4613,es
414690,Master Spy,2016,Adventure|Family,5.4,17,1.6682,nl
409307,Howard Lovecraft & the Frozen Kingdom,2016,Family|Animation|Fantasy|Comedy,4.869,42,0.4722,en
411025,Close Relations,2016,Documentary,7.2,10,0.451,ru
411757,Sweet Sixteen,2016,Drama|Romance,5.8,11,0.564,zh
421768,Hatton Garden: The Heist,2016,Drama|Crime,4.2,10,0.486,en
356901,Five Nights in Maine,2016,Drama,5.1,39,0.4076,en
430058,Votez Bougon,2016,Comedy,4.2,23,0.3726,fr
393410,Dancing Quietly,2016,Comedy|Drama,5.1,21,0.3194,de
414597,Well,2016,Drama,5.6,94,0.5364,hu
403429,Two Lottery Tickets,2016,Comedy|Adventure,6.901,81,1.5879,ro
402967,Koko: The Gorilla Who Talks to People,2016,Documentary|TV Movie,7.636,10,0.5435,en
376424,Beware the Slenderman,2016,Documentary|Crime,6.507,267,0.4458,en
378695,24 Weeks,2016,Drama,6.467,45,0.4924,de
421852,An American Girl Story - Melody 1963: Love Has to Win,2016,Family,7.7,14,0.4874,en
410994,Dhruva,2016,Crime|Thriller|Action,6.8,35,0.568,te
382498,Heart of Stone,2016,Drama|Fantasy|Romance,6.3,38,0.5288,de
273828,Las Aparicio,2016,Drama,5.8,50,0.5671,es
385922,Forever Young,2016,Comedy,5.548,155,0.5776,it
400190,Secret Summer,2016,Romance|Family|Comedy|TV Movie,6.7,76,0.4755,en
417321,The Master: A LEGO Ninjago Short,2016,Animation|Comedy|Action|Family,6.4,30,0.549,en
376237,Suited,2016,Documentary,6.8,13,1.3602,en
427261,A Husband for Christmas,2016,Drama|Comedy|TV Movie|Romance,5.3,23,0.5731,en
344906,The Last Heist,2016,Action|Crime,4.419,68,0.4561,en
364257,Queen Mimi,2016,Documentary,7.3,10,0.482,en
420329,Caffè,2016,Drama,6.3,15,0.4496,it
403665,White Island,2016,Comedy,4.7,11,0.4421,en
420967,Girlfriends of Christmas Past,2016,Romance|Comedy|TV Movie,4.8,37,0.5499,en
402925,That Trip We Took with Dad,2016,Drama|Comedy,5.8,19,0.5098,de
381287,Foreign Land,2016,Drama,4.5,10,0.4974,en
413842,In the Radiant City,2016,Drama,7.0,10,0.4557,en
413730,Summertime,2016,Romance|Drama,6.3,300,0.537,it
413417,The Matchbreaker,2016,Romance|Comedy,5.943,70,0.439,en
401392,Broken Promise,2016,TV Movie|Thriller,6.4,11,0.6451,en
250326,Never Ever,2016,Drama,3.9,19,0.3651,fr
425773,Ghostmates,2016,Comedy|Fantasy,5.2,30,0.4384,en
408546,David Cross: Making America Great Again,2016,Comedy|TV Movie,6.604,53,0.3677,en
333089,Bad Hurt,2016,Drama,5.2,17,0.5265,en
427871,Death of a Vegas Showgirl,2016,TV Movie|Thriller|Drama|Crime,5.3,13,0.557,en
392140,Ma famille t'adore déjà !,2016,Comedy,5.222,281,0.5094,fr
412214,Off the Map,2016,Drama|Comedy|Romance,5.6,11,0.4463,fi
381040,My Blind Brother,2016,Comedy|Drama|Romance,5.847,108,0.4195,en
387840,Thoroughbred,2016,Thriller|Crime|Mystery,6.8,14,0.3443,es
417501,Child Eater,2016,Horror,4.509,53,0.6317,en
364327,Jonah,2016,Drama|Thriller,6.0,27,0.4449,pt
385114,Beauties of the Night,2016,Documentary,7.3,23,0.4952,es
324276,I Dream Too Much,2016,Drama|Comedy,4.8,12,0.3039,en
428327,Couples Counseling,2016,Comedy|Romance,6.6,15,0.5409,pt
402100,Late Summer,2016,Mystery|Drama|Thriller,4.1,21,1.3862,no
417595,Russian Red,2016,Drama,6.0,11,1.376,pt
413043,Safari,2016,Documentary,6.485,33,0.4463,de
408514,People That Are Not Me,2016,Drama|Romance,5.8,12,0.3747,he
399267,The Trans List,2016,Documentary,6.0,16,0.2895,en
377278,After Love,2016,Drama,6.108,120,0.5105,fr
340255,Welcome to Happiness,2016,Fantasy|Comedy|Drama,5.4,18,0.4286,en
421914,Hide-and-Never Seek,2016,Horror,5.5,11,0.5095,ko
430088,The Harrow,2016,Mystery|Drama|Crime|Romance|Thriller,5.7,11,0.3169,en
371435,Kuttrame Thandanai,2016,Crime|Thriller|Drama,7.4,14,0.4958,ta
399359,Reg,2016,TV Movie|Drama,5.0,10,0.5804,en
382736,Pichaikkaran,2016,Action|Drama|Thriller,7.1,19,0.5806,ta
447380,Along for the Ride,2016,Documentary,7.0,11,0.4446,en
377516,The Rack Pack,2016,Comedy|Drama,6.9,32,0.4678,en
384727,The Ideal,2016,Comedy,5.3,113,0.3903,fr
375900,Tout schuss,2016,Comedy,4.946,175,0.4832,fr
415800,Barcelona: A Love Untold,2016,Drama|Romance,6.289,19,0.537,tl
444689,Quarries,2016,Horror|Thriller,4.951,51,0.4399,en
345932,So B. It,2016,Drama|Family,6.6,17,0.5328,en
412471,Dark Silence,2016,Horror,3.9,29,0.3284,en
390880,Friday,2016,Comedy,5.8,30,0.5508,ru
421623,A Nutcracker Christmas,2016,Drama|Family|TV Movie|Romance,6.3,65,0.4335,en
353732,River,2016,Thriller,5.8,72,0.4521,en
393808,Star Fox Zero: The Battle Begins,2016,Science Fiction|Animation|Action|Adventure,5.6,12,0.4986,ja
369094,Iraivi,2016,Crime|Drama|Family|Romance,7.2,35,0.5567,ta
322986,O Último Virgem,2016,Comedy|Romance,4.9,29,0.5063,pt
388022,Young Light,2016,Drama,5.9,20,0.4313,de
397680,Pretty Little Addict,2016,Thriller|TV Movie,8.0,10,0.4512,en
418272,A Boy Called Po,2016,Fantasy|Drama,6.898,44,0.4471,en
371810,Kavalai Vendam,2016,Comedy|Drama|Romance,5.0,16,0.6484,ta
376579,Let's Be Evil,2016,Thriller|Horror|Science Fiction,4.19,147,0.4542,en
417504,Divine Divas,2016,Documentary,7.7,20,0.2624,pt
416304,#FollowFriday,2016,Thriller|TV Movie,3.4,18,1.5671,en
382509,Cezanne and I,2016,Drama|History,5.9,116,0.545,fr
424645,Escape from Pleasure Planet,2016,Comedy|Science Fiction|Romance,5.417,30,0.5573,en
420703,O Shaolin do Sertão,2016,Comedy,6.8,51,0.3644,pt
409254,Majnu,2016,Comedy|Romance,6.1,14,0.4534,te
385377,Ballet of Blood,2016,Horror,1.8,10,0.2781,en
383535,They're Watching,2016,Thriller|Comedy|Horror,5.6,166,0.4104,en
401697,In the Name of Ben-Hur,2016,Action,4.421,19,0.496,en
377319,Derren Brown: Pushed to the Edge,2016,Documentary|TV Movie,7.2,102,0.5727,en
392800,Hissein Habré  A Chadian Tragedy,2016,Documentary,6.2,10,0.5026,fr
386709,Mi Rifaccio Il Trullo,2016,Comedy,5.2,21,0.3474,it
377290,A Serious Game,2016,Drama|Romance,5.5,27,0.5689,sv
409317,It's a Fairy!,2016,Comedy|Fantasy,5.69,150,0.4521,pt
384371,Roommates Wanted,2016,Comedy,6.243,369,0.5836,fr
401123,Beta Test,2016,Thriller|Action|Science Fiction,5.191,204,0.661,en
458736,Paramedics,2016,Horror,4.9,20,0.3224,en
377799,One Man and his Cow,2016,Drama|Comedy,6.756,351,0.6013,fr
332660,Portrait of a Serial Monogamist,2016,Comedy|Drama|Romance,2.6,10,0.3876,en
406431,The Hurt Business,2016,Documentary,5.7,33,0.3677,en
421758,Journey Back to Christmas,2016,Drama|Family|TV Movie,6.5,95,0.4762,en
417877,Baked in Brooklyn,2016,Comedy|Crime|Drama|Romance,5.2,114,0.775,en
412354,Death Metal,2016,Music|Comedy|Horror,5.9,17,1.47,en
388092,Schreckenstein Castle,2016,Comedy|Family|Adventure,5.882,34,0.5991,de
320146,Creative Control,2016,Drama|Science Fiction,5.176,74,0.6611,en
375345,The Submarine Kid,2016,Drama,5.4,36,0.4159,en
411730,A Decent Woman,2016,Drama,5.2,13,0.524,es
395119,Fashionista,2016,Mystery|Drama|Thriller,4.6,22,0.4805,en
402109,Godhi Banna Sadharana Mykattu,2016,Family|Drama,8.3,12,0.627,kn
397451,Forever,2016,Comedy|Romance|Drama,6.9,23,0.5959,af
378777,Soggade Chinni Nayana,2016,Drama|Family|Fantasy,5.9,18,0.6114,te
421601,Bornless Ones,2016,Horror|Mystery|Thriller,4.7,66,0.6259,en
422229,Ghost Patrol,2016,Animation|Family|Mystery,4.1,16,0.3919,en
402453,King Dave,2016,Drama|Thriller,5.0,16,0.4053,fr
370178,Scare Campaign,2016,Horror,5.739,209,0.6333,en
415007,Oozham,2016,Drama|Action|Thriller,6.4,13,0.4735,ml
403499,Don't Blame Karma on What Happens to You for Being an Asshole,2016,Comedy|Romance,5.215,79,0.3937,es
410284,Annabelle Hooper and the Ghosts of Nantucket,2016,TV Movie|Mystery|Family,6.0,52,0.5891,en
400148,Owl You Need Is Love,2016,Comedy|Romance,5.6,25,0.3846,fr
411201,Dancer,2016,Documentary,7.3,73,0.5014,en
454917,Local Dog,2016,Comedy,5.3,11,0.5516,ar
373446,Gleason,2016,Documentary,8.4,55,0.3646,en
371914,When Black Birds Fly,2016,Animation|Horror|Science Fiction,4.417,18,0.4537,en
430293,Off-Piste,2016,Action|Drama|Thriller|Adventure,4.629,35,0.3901,en
385586,Kidnap Capital,2016,Drama|Thriller,6.4,13,0.3783,en
448158,Murder in Brocéliande,2016,Crime|Drama|Mystery|TV Movie,5.9,13,0.3741,fr
397512,Last Man Club,2016,Drama,6.3,13,0.4134,en
404245,Starfish,2016,Drama,6.568,22,0.5913,en
430977,Seklusyon,2016,Horror,5.3,17,0.4124,tl
330697,Belgica,2016,Drama,6.023,133,0.3858,nl
425408,Pussy,2016,Animation|Comedy|Fantasy,6.5,50,0.385,pl
355234,Parisienne,2016,Drama,5.9,55,0.4936,fr
423367,Queen of Spades,2016,Thriller|Mystery,5.5,22,0.5131,ru
419772,The No-Job Agency,2016,Comedy,4.7,207,0.5128,fr
330417,Achcham Yenbadhu Madamaiyada,2016,Action|Romance,5.1,18,0.4466,ta
339586,From Bedrooms to Billions: The Amiga Years,2016,Documentary,7.208,24,0.2902,en
378441,Notes on Blindness,2016,Drama|Documentary,6.986,72,0.473,en
362409,Trash Fire,2016,Comedy|Drama|Horror|Thriller,5.784,111,0.4221,en
376426,Tony Robbins: I Am Not Your Guru,2016,Documentary,6.5,105,0.3946,en
343829,Breaking the Bank,2016,Comedy,4.5,21,0.5384,en
381452,Lotte,2016,Drama,4.9,13,0.3898,de
393695,Kills on Wheels,2016,Action|Drama|Comedy,7.095,58,0.5297,hu
390841,Wang Mao,2016,Comedy|War,6.1,18,0.397,zh
390587,Tiger Raid,2016,Thriller,4.5,17,0.5627,en
373587,Dharmadurai,2016,Drama|Romance,7.5,28,0.6165,ta
420452,The Circuit,2016,Comedy|Drama,7.0,12,0.4215,en
389301,Madtown,2016,Drama|Thriller,5.75,28,0.3485,en
358909,A Copy of My Mind,2016,Drama|Crime|Romance,6.263,19,0.425,id
421630,Finding Father Christmas,2016,Drama|TV Movie|Romance,6.2,72,0.802,en
267852,Black Mountain Side,2016,Thriller|Horror|Mystery,5.207,145,0.4726,en
384212,Dark Diamond,2016,Crime|Drama,5.9,61,1.5726,fr
430343,Eclipse,2016,Adventure|Fantasy|Science Fiction,4.2,21,0.5937,ru
422792,Holiday Breakup,2016,Romance|Comedy,3.8,18,0.508,en
400123,Miami Beach,2016,Comedy,5.6,95,0.4542,it
520089,Alison,2016,Documentary|Crime,6.9,22,0.3212,en
429101,Anti Matter,2016,Science Fiction,5.737,150,0.4265,en
404845,Twist of Fate,2016,Drama|Romance|TV Movie,6.5,21,0.4491,en
393658,Tulips in Spring,2016,Drama|TV Movie|Romance,6.0,55,0.3831,en
389427,Hard Sell,2016,Comedy|Drama,5.9,49,0.5031,en
377274,The Ornithologist,2016,Adventure|Drama|Mystery,6.103,112,0.4572,pt
375199,Jai Gangaajal,2016,Drama|Action,5.286,14,0.4597,hi
413747,Black Tar Road,2016,Romance|Drama,3.5,14,0.4596,en
407171,Signed  Sealed  Delivered: One in a Million,2016,Romance|TV Movie,6.414,29,0.537,en
392033,Saved by Grace,2016,Drama,4.9,12,0.4744,en
391711,Imagining Zootopia,2016,Documentary,7.1,12,0.47,en
418327,Blood Is Blood,2016,Horror,6.2,10,0.4686,en
414268,Framing Mom,2016,Drama,6.5,15,0.3862,no
392655,Prisoner X,2016,Thriller|Science Fiction,5.5,25,0.479,en
425703,How to Grow Up Despite Your Parents,2016,Music|Family|Drama,6.8,243,0.5715,it
422135,Someone to Talk To,2016,Drama,6.2,16,0.3812,zh
435664,2 Years of Love,2016,Romance|Comedy,5.5,12,0.3756,en
423516,Pettson and Findus: The Best Christmas Ever,2016,Family|Animation|Comedy,5.3,19,0.4023,de
392816,Pericle,2016,Drama,5.4,46,0.2598,it
407667,Uncontrolled Love,2016,Romance|Drama,5.6,19,0.3858,zh
412605,The Last Descent,2016,Drama,7.114,105,0.4284,en
411928,Jack the Ripper: The London Slasher,2016,Thriller,6.9,65,0.5412,de
455122,Allmen and the Dragonflies,2016,Comedy|Crime|Drama,6.917,12,0.431,de
406481,When Larry Met Mary,2016,Comedy|Romance,5.2,11,0.5442,zh
388088,Jacob's Kingdom of Heaven,2016,Drama|Family,7.4,30,0.5122,ml
346238,Männertag,2016,Comedy,4.8,21,0.3216,de
401358,Hunting Season,2016,Thriller,4.1,10,0.3329,en
445605,Slam,2016,Comedy,5.786,238,0.438,it
432015,Bamse and the Witch's Daughter,2016,Adventure|Animation|Comedy|Family,6.7,10,0.4143,sv
413601,Wùlu,2016,Crime|Drama,5.7,17,0.7391,bm
422040,The Swaying Waterlily,2016,Drama,6.1,17,0.5053,tr
429809,The Snowy Day,2016,Animation,7.0,10,0.4047,en
408265,By the Time It Gets Dark,2016,Drama,6.1,24,0.5051,th
408274,The Apple of My Eye,2016,Romance|Comedy,5.4,28,0.4428,fr
398360,The Fourth Pyramid,2016,Thriller,5.7,10,0.4703,ar
403517,Banjo,2016,Music|Action,4.545,11,0.4121,hi
353074,Run the Tide,2016,Drama,5.4,52,0.4655,en
420333,La madre,2016,Drama,5.7,13,0.3649,es
400013,Fragments of Love,2016,Romance|Drama,5.5,22,0.5465,es
375527,Half Sister  Full Love,2016,Comedy|Drama,5.2,153,0.4492,fr
403130,Intruder,2016,Thriller|Horror,3.7,37,0.4334,en
400391,Uriyadi,2016,Thriller|Action,7.8,24,0.6818,ta
374957,The Cold Front,2016,Drama|Mystery|Thriller,4.588,17,0.4558,ru
376575,48 Hours to Live,2016,Crime|Music|Thriller,4.4,22,0.5408,en
351067,Bachelor Games,2016,Horror|Comedy,4.1,12,0.4104,en
456661,Panda Paws,2016,Animation|Comedy,6.0,14,0.4165,en
408612,The Night Watchman,2016,Drama|Thriller|Horror,4.5,18,0.4046,es
391199,Displacement,2016,Thriller|Science Fiction|TV Movie,5.0,13,0.5129,en
424132,Rush: Time Stand Still,2016,Documentary|Music,8.2,11,0.4004,en
385031,Dirty Lies,2016,Action|Drama|Crime|Thriller,4.9,16,0.4354,en
446216,Time Toys,2016,Family|Science Fiction,5.9,41,0.4771,en
385018,Engelmacher - Der Usedom-Krimi,2016,Crime|TV Movie,4.833,12,0.4494,de
393603,The Congressman,2016,Drama,6.227,11,0.3914,en
412206,The Road to Mandalay,2016,Drama,6.9,12,0.5156,my
420056,El Coco,2016,Comedy,7.0,34,0.4289,es
328796,Burn Country,2016,Drama|Thriller|War,5.0,32,0.459,en
289193,I Am Trash,2016,Drama|Thriller,4.7,12,0.4083,ko
411038,Layla M.,2016,Drama,6.58,56,0.3767,ar
401438,Casa Vita,2016,Family|TV Movie,6.7,25,0.3378,en
378697,Hedi,2016,Drama,6.759,27,0.5508,ar
330068,Fastball,2016,Documentary,7.183,52,0.5861,en
424822,Advance & Retreat,2016,Romance|TV Movie,6.3,37,1.5476,en
494403,Boys,2016,Drama,6.643,14,0.34,en
419192,McLaren,2016,Documentary,7.424,105,0.3866,en
430500,Le passe-muraille,2016,Romance|Comedy|Fantasy|TV Movie,6.2,38,0.4483,fr
390782,I'll Sleep When I'm Dead,2016,Documentary|Music,6.4,36,0.3545,en
406162,Anuraga Karikkin Vellam,2016,Comedy,7.148,27,0.4396,ml
422405,Diani and Devine Meet the Apocalypse,2016,Adventure|Comedy,6.7,11,0.4437,en
407789,Clinton Cash,2016,Documentary,7.0,27,0.3424,en
408541,These Days,2016,Drama,4.5,24,0.4493,it
393411,Looping,2016,Drama,6.1,20,0.34,de
392660,A Sunday Kind of Love,2016,Comedy|Fantasy|Romance,5.8,21,0.3238,en
385750,Folk Hero & Funny Guy,2016,Comedy|Drama|Music,5.2,16,0.5259,en
422027,The Sun at Midnight,2016,Adventure|Drama,6.4,17,0.2376,en
387805,7:19,2016,Thriller|Drama|History,6.5,54,0.5376,es
388615,Mommy's Little Girl,2016,TV Movie|Drama|Thriller,6.2,24,0.5405,en
422514,Killjoy's Psycho Circus,2016,Horror|Comedy|Science Fiction,4.3,21,0.4241,en
444246,Growing Up Wild,2016,Documentary|Family,7.2,26,0.4315,en
409366,Thirst,2016,Action|Thriller|Science Fiction,4.903,31,0.4774,en
395450,The Summer of All My Parents,2016,Drama|Comedy,4.9,58,0.4264,fr
415914,Schubert in Love,2016,Comedy,5.109,23,0.3673,de
424727,Breath,2016,Drama|Fantasy|Family,6.2,13,0.41,fa
400039,Alan Partridge's Scissored Isle,2016,Comedy,7.1,22,0.3591,en
353452,Blood Orange,2016,Thriller,5.9,25,0.3908,en
373442,When Two Worlds Collide,2016,Documentary,7.333,18,0.4523,es
356747,The People Garden,2016,Drama|Mystery,3.6,11,0.3738,en
371363,Brahmotsavam,2016,Family|Drama,4.4,15,0.5519,te
367839,Too Hard to Handle,2016,Comedy|Drama,5.6,31,0.5197,de
430413,Six Degrees of Celebration 5,2016,Comedy,5.2,43,0.457,ru
405621,Love Under New Management: The Miki Howard Story,2016,Drama|TV Movie,6.583,12,0.6159,en
422991,Sour Apples,2016,Drama|Comedy,6.964,69,0.4023,tr
423093,Seven Years,2016,Drama,6.377,203,0.4179,es
376233,Life  Animated,2016,Documentary,7.4,143,0.5379,en
408371,Broken,2016,Drama|Thriller,4.5,17,0.4332,en
410869,Ever After High: Epic Winter,2016,TV Movie|Comedy|Fantasy|Family|Animation,7.3,18,0.3674,en
473278,Heaven Is a Traffic Jam on the 405,2016,Documentary,7.3,36,0.4676,en
402025,Heartland,2016,Drama|Romance,5.8,34,0.3856,en
424996,Amish Witches: The True Story of Holmes County,2016,Horror|TV Movie,4.5,11,0.3892,en
410508,Manamantha,2016,Drama|Family|Thriller,6.9,12,0.3763,te
402771,The Library Suicides,2016,Thriller,5.9,14,0.3879,cy
426789,A Doggone Christmas,2016,Family,4.6,11,0.4497,en
390441,The Hero,2016,Action|Drama|Romance|War|History,5.219,16,0.3526,ru
407767,Hostage to the Devil,2016,Horror|Documentary|Mystery,4.9,22,0.3719,en
370718,Ebre  del bressol a la batalla,2016,History|Drama,5.0,10,0.3557,ca
385363,Hollow Creek,2016,Crime|Mystery|Thriller,4.3,19,0.5622,en
432937,Master of the Drunken Fist: Beggar So,2016,Action,5.923,13,0.4136,zh
422118,Behind,2016,Mystery|Horror,6.6,13,0.309,es
389703,Rise,2016,Science Fiction,5.9,27,0.6001,en
372288,Gut zu Vögeln,2016,Romance|Comedy,5.1,45,0.3703,de
359373,Interruption,2016,Drama|Mystery|Thriller,6.7,22,0.4243,el
375573,Chasing Great,2016,Documentary,7.75,12,0.4122,en
369784,Sophie's Misfortunes,2016,Family|Comedy,4.832,98,0.5055,fr
391618,Rumbos,2016,Comedy|Romance,6.1,39,0.5051,es
380568,The Pasta Detectives 3,2016,Family|Comedy|Crime|Action,5.7,26,0.3411,de
412518,In-Lawfully Yours,2016,Romance|Comedy,6.2,52,0.415,en
410562,Chennai 600028 II: Second Innings,2016,Comedy|Romance,5.7,18,0.4764,ta
381035,Jean of the Joneses,2016,Comedy,7.1,12,0.4529,en
360592,The Dust Storm,2016,Romance|Drama|Music,5.5,18,0.3673,en
414202,Carole Matthieu,2016,Drama,5.8,14,0.4755,fr
384487,Always Be My Maybe,2016,Comedy|Romance,6.6,14,0.4319,tl
411023,The Ivory Game,2016,Documentary,7.6,67,0.5717,en
434380,Cirque du Soleil: Toruk - The First Flight,2016,Music|Family,7.1,29,0.6371,en
385931,Wrong Swipe,2016,Drama|Thriller|TV Movie,6.1,21,0.3699,en
375804,Camping 3,2016,Comedy,4.7,599,0.4431,fr
428119,The Rooftop Christmas Tree,2016,TV Movie|Drama|Romance|Comedy,6.1,27,0.3299,en
291874,Memoria,2016,Drama,5.2,22,0.4307,en
421624,Love You Like Christmas,2016,Drama|Romance|TV Movie,6.3,63,0.4576,en
371811,Sardaar Gabbar Singh,2016,Comedy|Action,4.0,14,0.644,te
408537,The Distinguished Citizen,2016,Comedy|Drama,7.3,282,0.5188,es
401060,Mercy,2016,Thriller,4.3,165,0.4807,en
418704,The Night Before Halloween,2016,Thriller|Horror|TV Movie,5.7,30,0.5568,en
445841,Ashan Khargen,2016,Romance|Comedy,3.0,10,0.4893,ar
410200,Hello Destroyer,2016,Drama,6.6,14,1.5219,en
388223,Home,2016,Drama,6.8,11,0.4153,en
384725,Vicky,2016,Comedy,3.5,58,0.3411,fr
310043,Johnny Frank Garrett's Last Word,2016,Horror,4.7,54,0.3639,en
472876,Zombies,2016,Horror|Action|Thriller|Mystery,5.8,44,0.4528,de
381066,Jules and Dolores,2016,Comedy,6.4,39,0.3908,pt
396392,Wedding Bells,2016,TV Movie|Romance,6.1,50,0.519,en
424105,Alpha and Omega: The Big Fureeze,2016,Family|Animation,4.9,18,0.479,en
386100,Fritz Lang,2016,Drama,4.9,14,0.3388,de
381588,Don't Leave Me!,2016,Drama|TV Movie,6.5,22,0.3819,fr
416854,A Bun in the Oven,2016,Comedy,5.5,122,0.4187,fr
392437,The Conduit,2016,Thriller|Horror,3.8,11,0.3794,en
428150,Communion,2016,Documentary,7.0,13,0.3122,pl
528741,The Escape,2016,Drama,5.0,13,0.3391,tr
369823,Hello Naan Pei Pesuren,2016,Drama|Comedy|Horror|Romance,4.5,11,0.3462,ta
378334,Status: Available,2016,Romance|Comedy,5.1,27,0.5437,ru
376084,Projekt A - A Journey to Anarchist Projects in Europe,2016,Documentary,6.8,10,0.3456,de
382593,Divorce French Style,2016,Comedy,6.119,623,0.5238,fr
427955,Love Is Dead,2016,Comedy,5.362,69,0.3211,fr
330385,Despite the Night,2016,Romance|Drama|Mystery|Horror,6.1,24,0.4303,fr
309879,Dark Signal,2016,Mystery|Thriller|Horror,3.8,46,0.2978,en
425193,Brother and Sister,2016,Drama,5.591,22,0.5451,de
371425,Bangalore Naatkal,2016,Drama|Family|Romance,5.6,20,0.5603,ta
524501,Heaven Is Still Far Away,2016,Drama|Fantasy,6.6,17,0.4274,ja
419699,Land of the Little People,2016,Adventure|Drama|Thriller,7.5,11,0.3815,he
404812,Dislike,2016,Horror,2.5,25,0.5086,ru
419825,The Phoenix Tapes '97,2016,Horror|Science Fiction|Thriller,6.459,49,0.5351,en
378340,Your Children,2016,TV Movie|Thriller|Drama,6.875,12,0.5432,de
378256,Brother,2016,Thriller|Drama,6.4,15,0.4849,nl
347757,Worry Dolls,2016,Horror|Thriller,5.294,114,0.485,en
403480,The Unheard Woman,2016,TV Movie|Drama|History,7.3,18,0.461,de
374440,Spa Night,2016,Drama,5.606,33,0.4554,en
377853,The First  the Last,2016,Drama|Comedy|Crime,6.447,66,0.5398,fr
392050,Big Bad,2016,Science Fiction|Action|Adventure|Comedy|Thriller|Horror,4.3,15,0.2905,en
371420,Kaashmora,2016,Fantasy|Horror|Comedy,4.9,29,0.4737,ta
435792,A Chaster Marriage,2016,Comedy|Romance,4.8,12,0.3526,tr
371445,As You Are,2016,Drama,6.908,109,0.392,en
415422,Diagnosis Delicious,2016,TV Movie|Romance|Comedy,6.2,31,0.5465,en
395278,Wizard Mode,2016,Documentary,6.8,12,1.5168,en
420324,Canastra Suja,2016,Drama,6.9,21,0.3555,pt
408547,Blood in the Water,2016,Crime|Mystery|Thriller,4.6,25,0.4519,en
382143,I  Olga Hepnarova,2016,Drama|History,6.7,63,0.3391,cs
418204,The Unnamed,2016,Drama,7.543,23,0.3503,bn
396865,A Yellow Bird,2016,Drama,5.5,13,0.3943,ta
382638,Terrordactyl,2016,Action|Comedy|Science Fiction,4.8,33,0.4153,en
415889,Historia Roja  czyli w ziemi lepiej słychać,2016,Drama|War|History,3.5,16,0.3561,pl
381353,Rosalie Blum,2016,Comedy,6.427,130,0.3802,fr
418647,Dear Diary  I Died,2016,Thriller|TV Movie|Mystery,4.8,29,0.2511,en
408619,Justin Timberlake + The Tennessee Kids,2016,Music|Documentary,7.3,51,0.4496,en
386427,Kshanam,2016,Crime|Thriller,7.015,33,0.5697,te
396099,Paralytic,2016,Thriller|Mystery,6.486,37,0.3003,en
400875,After Hitler,2016,Documentary|History,7.9,16,0.389,fr
379532,Rodeo Girl,2016,Family,6.6,25,0.3418,en
289559,House of Purgatory,2016,Thriller|Horror,3.6,28,0.4783,en
521867,Roberto Saviano: Writing Under Police Protection,2016,Documentary|TV Movie,7.2,39,0.4819,it
433640,Corpse Party: Book of Shadows,2016,Horror,6.2,17,0.3922,ja
436792,Blood of Youth,2016,Thriller|Action,5.8,20,0.3374,zh
375788,Thirty Something  Single and Fabulous,2016,Comedy,7.1,55,0.4999,es
411082,Summer of Dreams,2016,TV Movie|Drama|Family,5.6,40,0.3319,en
383208,It Had to Be You,2016,Comedy|Romance,5.5,47,0.4984,en
405174,Bed of the Dead,2016,Horror,5.1,87,0.3588,en
419330,Somnus,2016,Thriller|Adventure|Science Fiction,4.0,16,0.5239,en
424459,We Will Not Get Used To,2016,Unknown,5.7,10,0.2708,fa
377847,Scrappin',2016,Comedy,5.9,31,0.3218,de
404663,Nova Seed,2016,Animation|Fantasy|Science Fiction|Adventure,7.2,13,0.4404,en
381065,In Pursuit of Silence,2016,Documentary,6.5,23,0.2058,en
416226,Minutes Past Midnight,2016,Horror|Thriller,4.833,72,0.3853,en
414067,Amber Alert,2016,Drama|Thriller|TV Movie,6.1,28,0.5037,en
389371,An Almost Perfect Country,2016,Comedy,5.8,135,0.3749,it
429289,One in a Billion,2016,Documentary,6.472,18,0.4212,en
416688,The Tribe,2016,Thriller|Drama|Science Fiction,5.3,16,0.3702,en
379220,No Filter,2016,Comedy,5.781,73,0.4359,es
430508,Wajah Tum Ho,2016,Drama|Mystery|Romance|Thriller,5.0,21,0.3743,hi
420410,2149: The Aftermath,2016,Science Fiction,6.515,65,0.3467,en
415396,María (and Everybody Else),2016,Comedy|Drama,5.7,30,0.2678,es
359053,Don't Fuck in the Woods,2016,Horror,4.0,76,0.6131,en
406114,Adam,2016,Animation|Science Fiction,6.923,39,0.3994,en
271891,Karanlıkta Uyananlar,2016,Drama,6.5,10,0.2358,tr
423893,A Christmas to Remember,2016,Romance|TV Movie,6.0,78,0.4069,en
384446,Cassidy Way,2016,Drama|Thriller,4.4,18,0.3634,en
424782,I'm a Killer,2016,History|Crime|Thriller,6.769,80,0.4132,pl
381058,Silicon Cowboys,2016,Documentary,6.775,80,0.4133,en
376236,Nuts!,2016,Documentary|Animation,6.7,29,0.4095,en
412196,The Wedding Party,2016,Comedy|Romance,5.3,19,0.5221,en
394499,Porta dos Fundos: Contrato Vitalício,2016,Comedy,4.2,78,0.4402,pt
385585,Sandra Brown's White Hot,2016,TV Movie|Drama|Mystery,5.3,22,0.4398,en
381763,The Major Fisherman,2016,Drama|TV Movie,7.1,24,0.2868,it
398765,Monsterland,2016,Thriller|Horror|Fantasy,4.8,17,0.3251,en
410974,Jesus,2016,Drama,6.0,25,0.3915,es
379053,A World Unseen: 'The Revenant',2016,Documentary,6.1,17,0.3874,en
405670,Zoology,2016,Drama|Science Fiction,5.2,37,0.3362,ru
384420,Krishna Gaadi Veera Prema Gaadha,2016,Romance|Comedy|Action,7.3,20,0.5187,te
427012,Kattappanayile Rithwik Roshan,2016,Romance|Comedy,6.2,20,0.4757,ml
403400,A Perfect Christmas,2016,Comedy|Family|Romance|TV Movie,5.3,46,0.3161,en
400525,Run to Me,2016,TV Movie|Thriller,5.1,20,0.4401,en
500270,Dark Harvest,2016,Thriller|Crime|Drama,3.7,11,1.4642,en
377158,United States of Love,2016,Drama,5.7,55,0.4416,pl
425927,Hear the Silence,2016,Drama|War|Action,5.045,11,0.495,de
565707,Rated,2016,Unknown,7.2,10,1.4693,en
425674,Arlo: The Burping Pig,2016,Family|Comedy,5.3,12,0.5179,en
403820,K-Shop,2016,Thriller|Horror|Crime,5.766,62,0.3272,en
406625,Happy Birthday,2016,Horror|Thriller|Comedy,4.9,41,0.3843,en
384086,Agony,2016,Drama|Thriller,4.913,23,0.5231,de
372226,Visaranai,2016,Thriller|Crime|Drama,8.012,81,0.6628,ta
381073,Operator,2016,Comedy|Drama,5.8,70,0.3444,en
424014,Quel bravo ragazzo,2016,Comedy,5.294,192,0.3747,it
426156,Infinity Train,2016,Adventure|Animation|Fantasy,8.3,33,0.3859,en
431392,Ouija 3: The Charlie Charlie Challenge,2016,Horror,4.3,30,0.4053,en
413588,Rock On 2,2016,Music|Drama,4.821,14,0.3663,hi
391276,Manithan,2016,Comedy|Drama,6.4,14,0.5361,ta
367499,Dirty Wolves,2016,Drama|History,5.3,15,0.3258,es
408219,Population Zero,2016,Crime|Mystery|Thriller,6.0,49,0.4827,en
373247,Down Under,2016,Comedy,6.281,32,0.3888,en
454507,The Stranger Inside,2016,Thriller|TV Movie,6.7,16,0.3436,en
435478,If Looks Could Kill,2016,Thriller|Drama|TV Movie,5.45,10,0.5026,en
378569,Se mi lasci non vale,2016,Comedy,5.8,95,0.3467,it
390357,King of the Belgians,2016,Comedy|Drama,6.0,57,0.292,en
414525,Stranger in the House,2016,Thriller|TV Movie,5.2,12,0.3345,en
359787,Holy Biker,2016,Action|Romance|Western,5.449,59,0.3587,pt
414523,Dhuruvangal Pathinaaru,2016,Thriller|Action|Crime|Mystery,7.777,92,0.3925,ta
407588,Floyd Norman: An Animated Life,2016,Documentary,7.4,31,0.3688,en
376884,Kyaa Kool Hain Hum 3,2016,Comedy,2.71,31,0.3961,hi
252451,Defying the Nazis: The Sharps' War,2016,Documentary,6.9,17,0.3418,en
395452,In the Forests of Siberia,2016,Adventure|Drama,6.8,117,0.5548,fr
383524,Natural Born Pranksters,2016,Comedy,4.4,59,0.3883,en
403450,At War for Love,2016,War|Drama|Comedy|Romance,7.251,519,0.4764,it
399623,Passage to Mars,2016,Adventure|Documentary|Science Fiction,3.75,16,0.3628,en
397490,U Turn,2016,Mystery|Thriller|Crime|Horror,6.8,43,0.3932,kn
428010,Liberty's Secret,2016,Comedy|Romance|Music,4.8,15,0.4862,en
430993,Fox Trap,2016,Horror,3.9,15,0.3725,en
386373,Dünyanın En Güzel Kokusu,2016,Romance,5.0,11,0.4385,tr
402993,Volt,2016,Thriller|Science Fiction,5.5,15,0.4037,de
379305,Bunker: Project 12,2016,Adventure|Action|Thriller|Science Fiction,5.0,22,0.5158,en
398581,The Other Side of the Mirror,2016,Drama|Fantasy,4.1,48,0.3663,en
380734,Forsaken,2016,Horror,3.5,27,0.4363,en
376998,Nenu.. Sailaja...,2016,Comedy|Romance,6.3,20,0.5607,te
390669,One Kiss,2016,Romance|Comedy,6.651,285,0.3821,it
377210,Fantastic Lies,2016,Documentary|History,7.2,19,0.358,en
381374,Action Hero Biju,2016,Action|Comedy|Crime,7.4,44,0.4819,ml
427673,Sadie's Last Days on Earth,2016,Comedy,5.5,18,0.4465,en
394259,Chouf,2016,Drama,6.268,97,0.279,fr
326256,Miss India America,2016,Family|Comedy|Drama,5.7,20,0.4072,en
425700,Un Natale al Sud,2016,Comedy,4.7,240,0.3047,it
407454,A Mother's Revenge,2016,Action|Drama|Thriller|TV Movie,5.5,18,0.4136,en
455355,Sweet Boy,2016,Romance|Drama,6.5,13,0.3789,th
384021,Who's Driving Doug,2016,Drama,4.9,14,0.4674,en
371647,Mahana,2016,Drama,6.6,22,0.3891,en
412212,White Sun,2016,Drama,7.1,14,0.4087,ne
382906,Rara,2016,Drama,5.5,35,0.4039,es
379008,Whitney Cummings: I'm Your Girlfriend,2016,Comedy,5.9,18,0.3088,en
420613,Memories of Summer,2016,Drama,5.5,11,0.3317,pl
416680,I'm Gilda,2016,Drama|Music,7.646,65,0.3582,es
438463,Mother,2016,Thriller|Horror,6.575,106,0.4742,es
393520,Mimosas,2016,Drama|Adventure|Western,6.176,34,0.4274,ar
428634,The Weekend,2016,Comedy,6.1,18,0.3381,en
412280,The Northlander,2016,Adventure|Fantasy|Science Fiction,4.2,29,1.5758,en
377475,Behind the Clouds,2016,Drama,5.125,12,0.2936,nl
377670,Chapo: El Escape Del Siglo,2016,Thriller|Action|Adventure|Crime,5.5,30,0.5565,es
416256,The Caretaker,2016,Thriller|Horror,4.5,24,0.292,en
406511,Vincent,2016,Comedy|Drama,6.6,19,0.4475,fr
401861,Collector,2016,Thriller|Drama,6.801,88,0.3349,ru
381298,Ghayal Once Again,2016,Action|Crime|Drama,5.9,24,0.5828,hi
402046,Bobby,2016,Documentary,6.7,23,0.3795,en
316268,Lake Eerie,2016,Thriller|Horror|Science Fiction,3.5,67,0.3715,en
406042,Happy Bhag Jayegi,2016,Comedy|Romance,6.278,36,0.359,hi
418393,Hotel Rock'n'Roll,2016,Comedy,6.4,12,0.2969,de
401326,Mr. Frog,2016,Comedy|Family|Fantasy,5.058,26,1.418,nl
376446,Thodari,2016,Action|Thriller,4.4,19,0.2844,ta
359770,Land Legs,2016,Drama,6.8,10,1.3264,fr
382542,Beyond the Call to Duty,2016,Action|Thriller|Science Fiction,4.2,19,0.3557,en
367584,Wonderland,2016,Drama,4.0,20,0.3166,de
441713,The New Politics,2016,Science Fiction,5.1,11,0.3389,en
413927,Louise by the Shore,2016,Animation,6.9,70,0.4285,fr
400247,Gentleman,2016,Romance|Thriller,6.8,18,0.3468,te
400252,Evidence of Truth,2016,Mystery|Crime|Thriller|Drama|TV Movie,5.0,14,0.5091,en
419499,What’s the Big Deal,2016,Comedy,6.3,294,0.3529,it
360924,Red Billabong,2016,Action|Adventure|Horror,4.4,30,0.4421,en
362314,My Hindu Friend,2016,Drama,4.0,30,0.4033,pt
410259,Race To Win,2016,Drama|Family,6.6,28,0.321,en
367613,The Night My Mother Killed My Father,2016,Comedy,5.858,113,0.2507,es
340616,Baden Baden,2016,Comedy|Drama,5.9,36,0.3597,fr
425553,My Future Love,2016,Comedy|Drama|Romance,7.0,40,0.4445,sv
398430,Sonic Sea,2016,Documentary,7.0,12,0.4097,en
389099,The Other Wife,2016,Thriller|TV Movie,4.7,19,0.4715,en
428601,Menorca,2016,Drama,4.3,14,0.3076,en
437253,Perfect Strangers,2016,Drama|Comedy,5.7,20,0.3971,el
395395,Bobby Sands: 66 Days,2016,Documentary,7.0,16,0.4047,en
391561,Exit 14,2016,Horror,3.8,15,0.4423,en
357851,Let Me Make You a Martyr,2016,Action|Mystery|Drama|Crime|Thriller|Fantasy,5.034,58,0.4924,en
387536,The Open Door,2016,Drama,6.286,35,0.3171,es
379393,Attenborough and the Giant Dinosaur,2016,Documentary,7.3,19,0.4916,en
472053,Tesla,2016,History|Documentary,7.1,22,0.3823,en
380830,Good Luck Sam,2016,Comedy,5.5,51,0.3547,fr
392054,KILD TV,2016,Thriller|Horror,4.8,15,0.351,en
396004,The Evil in Us,2016,Horror,5.0,103,0.3695,en
378510,Brothers of the Night,2016,Documentary|Drama,5.0,23,0.3415,de
384573,The First Monday in May,2016,Documentary,7.4,35,0.3181,en
384243,The Fury,2016,Drama,6.3,26,0.5471,nl
417406,The Possession Experiment,2016,Thriller|Horror,5.2,65,0.4309,en
423335,Thoppil Joppan,2016,Comedy,5.2,16,0.554,ml
440776,Dracula,2016,Comedy|Adventure|Horror,3.3,13,0.4061,fa
396093,Naledi: A Baby Elephant's Tale,2016,Documentary,6.3,16,0.2037,en
337407,Backgammon,2016,Mystery|Drama,4.3,21,0.33,en
444983,Mon frère bien-aimé,2016,Drama|Thriller|TV Movie,6.8,15,0.34,fr
381038,Long Nights Short Mornings,2016,Drama|Romance,4.7,22,0.4374,en
440876,Sheborg Massacre,2016,Science Fiction|Action|Adventure|Horror|Comedy,4.0,14,0.2774,en
381325,The Exorcism of Anna Ecklund,2016,Thriller|Horror,3.5,97,0.4367,en
404580,Spin Out,2016,Comedy|Romance,5.8,73,0.4525,en
383788,Attack of the Lederhosen Zombies,2016,Comedy|Horror,4.7,90,0.393,de
424060,The Witching,2016,Horror,3.7,15,0.4231,en
227932,My Mom Is a Character 2,2016,Comedy,7.7,525,0.5164,pt
413647,Sharknado: Heart of Sharkness,2016,Comedy,3.2,12,0.5548,en
356464,A Heavy Heart,2016,Drama,7.0,30,0.399,de
434357,Criando ratas,2016,Drama,5.379,29,0.2738,es
378696,Crosscurrent,2016,Drama,6.3,21,0.3823,zh
428515,Check the Store Next Door,2016,Comedy|Drama|Family,7.8,29,0.3818,id
430026,Season's Greetings,2016,Romance|TV Movie,5.3,22,0.405,en
406110,We've Forgotten More Than We Ever Knew,2016,Drama|Science Fiction,5.694,36,0.366,en
384081,Pregnant at 17,2016,Drama|TV Movie,6.2,19,0.4358,en
380815,30 Dates,2016,Romance|Comedy,5.1,12,0.3653,ru
399068,Phobia,2016,Drama|Mystery|Thriller|Horror,6.886,35,0.4272,hi
325373,Two Lovers and a Bear,2016,Drama|Romance,6.481,79,0.4353,en
421631,Operation Christmas,2016,TV Movie|Romance|Drama,6.2,56,0.419,en
429801,Gabriel Iglesias: I'm Sorry for What I Said When I Was Hungry,2016,Comedy,7.0,80,0.3487,en
426639,The Falls: Covenant of Grace,2016,Romance|Drama,6.724,29,0.3358,en
420697,Derren Brown: Miracle,2016,Documentary|Mystery,6.7,45,0.3199,en
324174,The Automatic Hate,2016,Drama|Comedy,5.9,29,0.3317,en
415861,Smolensk,2016,Drama|Thriller,2.562,65,0.3509,pl
410717,Joe Pera Talks You to Sleep,2016,Animation|Comedy,7.125,16,0.2839,en
383218,The Champions: Faster. Higher. Stronger,2016,Drama,6.0,20,0.3428,ru
452787,The Follower,2016,Thriller|TV Movie,4.8,16,0.2872,en
361249,Nil Battey Sannata,2016,Drama|Family,7.255,47,0.3602,hi
422791,Santa Swap: Merry Christmas Mr. Andersen,2016,Family|Comedy,5.6,20,0.3528,no
393443,Extremis,2016,Documentary,6.954,87,0.3132,en
438797,The Last Party,2016,Comedy,4.7,23,0.2696,es
428401,The Candidate,2016,Comedy,5.6,19,0.2453,es
412339,The Atheist Delusion,2016,Documentary,1.9,21,0.316,en
416261,All Hallow's Eve,2016,Family,5.1,51,0.2984,en
394412,Fiore,2016,Drama,6.2,142,0.4732,it
402573,A Housekeeper's Revenge,2016,TV Movie|Thriller|Drama,3.842,19,0.3454,en
460142,Stalked by My Mother,2016,Thriller|Mystery|TV Movie,5.7,14,0.3953,en
369779,La Tour 2 contrôle infernale,2016,Comedy,4.107,247,0.4301,fr
379987,Do Not Disturb,2016,Comedy,6.5,10,0.5224,en
414762,Signed  Sealed  Delivered: Lost Without You,2016,Drama|TV Movie|Comedy,7.2,30,0.305,en
383442,The Devil Within,2016,Horror|Thriller,3.5,48,0.3751,en
417977,Oru Muthassi Gadha,2016,Family|Comedy|Adventure,5.7,12,0.3284,ml
346384,Chicken,2016,Drama,5.5,19,0.328,en
384594,Blood Hunters,2016,Thriller|Horror,5.2,20,0.3434,en
416211,The White Helmets,2016,Documentary|War,7.393,211,0.3048,ar
407937,Before the Summer Crowds,2016,Drama,6.1,16,0.3042,ar
371804,The Unkindness of Ravens,2016,Drama|Horror,5.4,14,0.3372,en
413361,Ice Guardians,2016,Documentary,7.2,40,0.4399,en
403540,Mirzya,2016,Romance|Drama|Fantasy,6.2,19,0.2808,hi
408159,The Young Offenders,2016,Comedy,7.041,232,0.3932,en
389702,Bizans Oyunları: Geym of Bizans,2016,Comedy,3.8,35,0.3301,tr
184710,Quarantine L.A.,2016,Science Fiction|Horror,3.7,11,0.3767,en
444935,Bromance,2016,Comedy|Drama|Romance,5.3,27,0.2829,es
421633,Hearts of Christmas,2016,Drama|TV Movie,6.5,51,0.4134,en
410480,Kaththi Sandai,2016,Action|Romance,3.2,10,0.4209,ta
424889,Norman Television,2016,Animation,6.4,35,0.3241,en
194188,Punk's Dead: SLC Punk 2,2016,Comedy,4.6,27,0.2456,en
429784,Bert Kreischer: The Machine,2016,Comedy,7.9,29,0.2922,en
375950,The Country Doctor,2016,Drama|Comedy,6.195,249,0.5096,fr
381214,Bunker of the Dead,2016,Action|Horror|Comedy,4.8,34,0.3459,de
382125,Welcome to Norway!,2016,Drama|Comedy,6.139,36,0.3528,no
389373,Humble Servants,2016,Crime,5.441,17,0.1607,pl
421626,Sleigh Bells Ring,2016,TV Movie|Romance|Family,5.9,49,0.3439,en
375486,Beck 31 - Gunvald,2016,Crime|Thriller|Mystery|Drama,5.5,26,0.266,sv
366502,The Tip of the Iceberg,2016,Mystery|Thriller,4.9,22,0.3478,es
436500,77 Minutes,2016,Documentary,6.0,15,0.3593,en
286339,Rumble,2016,Action,4.5,15,0.4291,en
386579,Kaçma Birader,2016,Comedy,6.2,39,0.2922,tr
385498,Point Blank,2016,Drama|Thriller|TV Movie,6.4,29,0.3388,de
384687,The Channel,2016,Horror|Thriller|Drama,4.3,17,0.3154,en
382751,Junction 48,2016,Drama|Action|Crime,5.8,15,0.3702,en
413346,Cas,2016,Romance,4.813,16,0.4933,nl
386805,Red Captain,2016,Thriller|Crime,5.292,24,0.3184,sk
385887,The Steps,2016,Comedy,6.4,11,0.3573,en
427602,Project X,2016,Documentary,6.3,24,0.6285,en
388624,Steve-O: Guilty as Charged,2016,Comedy,6.4,21,0.3095,en
393154,Amityville Toybox,2016,Horror,2.5,12,0.3392,en
423435,Eating You Alive,2016,Documentary,7.3,19,0.3936,en
402889,Hands of a Mother,2016,Drama,7.0,10,0.3654,de
370545,Ivan Tsarevich & the Grey Wolf 3,2016,Family|Animation|Adventure,7.1,23,0.3346,ru
382408,Nawara,2016,Drama,7.9,17,0.4391,ar
380333,My Grandpa’s Receipt,2016,Comedy,5.069,51,0.3616,tr
383692,Die Hebamme II,2016,TV Movie|Drama,6.1,17,0.2485,de
424131,Father Never Bothered,2016,Comedy,7.0,41,0.3026,es
351981,Bear Story,2016,Animation|Drama,7.483,119,0.2903,es
418399,7 Minutes,2016,Drama,7.0,164,0.36,it
377621,Ola Bola,2016,History|Drama|Documentary,7.706,17,0.3944,ms
418921,Memory Box,2016,Drama,5.5,13,0.3591,en
386235,Distance,2016,Drama,5.7,11,0.4483,zh
380590,Beck 33 - End of the Road,2016,Thriller|Drama|Mystery|Crime,5.3,20,0.3623,sv
291871,Yosemite,2016,Drama,4.5,27,0.3892,en
437600,Gorenos,2016,Horror,4.2,14,0.1981,en
351414,The Beautiful Days of Aranjuez,2016,Drama,4.4,23,0.2488,fr
412093,Worldly Girl,2016,Romance|Drama,6.3,82,0.517,it
422535,Thorium  the Far Side of Nuclear Power,2016,Documentary,6.7,14,0.346,fr
402536,The Head Vanishes,2016,Animation|Drama,6.5,26,0.2948,fr
373441,Jim: The James Foley Story,2016,Documentary,7.4,42,0.3683,en
402362,Emo: The Musical,2016,Romance|Comedy|Music,6.032,78,0.3371,en
390281,Ustica: The Missing Paper,2016,Drama|History,5.5,46,0.3325,it
377757,Tale of a Lake,2016,Documentary,7.1,19,0.2855,fi
395697,Il Ministro,2016,Comedy|Crime|Drama,5.6,64,0.3004,it
452446,Saudi Arabia Uncovered,2016,Documentary,6.455,11,0.3426,en
405473,A Date for Mad Mary,2016,Romance|Drama|Comedy,6.401,71,0.2823,en
358923,The Music of Strangers: Yo-Yo Ma and the Silk Road Ensemble,2016,Music|Documentary,6.9,20,0.3225,en
423448,Bodyguard,2016,Action|Drama|Thriller,5.0,27,0.3529,fa
387566,Darwinte Parinamam,2016,Comedy|Drama,5.3,12,0.3373,ml
404117,Down the Deep  Dark Web,2016,Documentary|Crime,7.6,12,0.255,fr
375111,At Eye Level,2016,Comedy|Drama|Family,7.0,16,1.3887,de
408949,Diary of an Exorcist - Zero,2016,Thriller|Horror,6.4,35,0.3402,pt
385309,Kill or Be Killed,2016,Thriller|Western|Horror|Mystery,4.159,22,0.3751,en
389995,I Married a Dumbass,2016,Comedy|Romance,5.2,60,0.3509,es
461698,Hot Property,2016,Drama|Comedy,4.3,14,0.3429,en
391709,Apprentice,2016,Drama,6.9,56,0.529,ms
410970,The Reconquest,2016,Romance|Drama,5.8,47,0.5981,es
402558,Ukraine on Fire,2016,Documentary|History,5.863,51,0.3952,en
264759,Hillsborough,2016,Documentary,8.8,15,0.2864,en
389677,Blind Vaysha,2016,Animation|Fantasy|Drama,7.1,68,0.3709,en
351232,Parallel Courses,2016,Drama,6.845,42,0.7046,es
413440,Pumpkin Pie Wars,2016,Romance|TV Movie,6.1,64,0.3047,en
418745,Re-emigrantes,2016,Comedy,5.1,11,0.3265,es
368012,Kathakali,2016,Action|Mystery|Thriller,6.4,20,0.3379,ta
371463,Sand Storm,2016,Drama,6.1,107,0.3614,he
418308,Marion  13 ans pour toujours,2016,Drama|TV Movie,7.2,78,0.3802,fr
431643,Sinbad and the War of the Furies,2016,Action|Adventure|Fantasy,4.3,23,0.3607,en
418198,Not With His Wife,2016,Crime|Drama|TV Movie,4.5,10,0.3564,en
378754,Cinema  Mon Amour,2016,Documentary,6.6,10,0.3098,ro
392346,Don't Believe the Hype,2016,Romance|Comedy|Drama,6.3,23,0.2853,de
382750,Barakah Meets Barakah,2016,Comedy|Romance,6.4,37,0.3004,ar
373481,Unlocking the Cage,2016,Documentary,6.8,14,0.1644,en
437617,Box 27,2016,Drama|TV Movie,7.5,11,0.2464,fr
384112,Dad in Training,2016,Comedy,6.107,131,0.4364,fr
391773,Kamp Holland,2016,Drama|War,5.9,15,0.3818,nl
415665,1:54,2016,Drama,6.612,147,0.3224,fr
399810,Brad Williams: Daddy Issues,2016,Comedy,7.4,14,0.2483,en
390403,Enlighten Us: The Rise and Fall of James Arthur Ray,2016,Documentary,6.3,19,0.2714,en
432953,Red Nail Polish,2016,Drama,5.8,10,0.2825,fa
421625,My Christmas Love,2016,TV Movie|Romance|Comedy,6.2,76,0.4342,en
486779,Little Feather,2016,Drama,5.8,10,0.3288,sk
404086,Lair of the Beast,2016,Horror,2.6,15,0.3201,en
419331,L'ami,2016,Drama|History,5.6,22,0.3784,fr
418798,Gang of the Caribbean,2016,Thriller,5.2,24,0.6417,fr
393521,One Week and a Day,2016,Comedy|Drama,5.9,31,0.409,he
453900,House of Z,2016,Documentary,7.2,13,0.3698,en
400130,Ciao  Brother!,2016,Comedy,6.8,12,0.3304,it
429743,Christmas with the Andersons,2016,TV Movie|Family|Comedy,5.409,22,0.3577,en
438592,Born in Syria,2016,Documentary,7.2,19,0.2876,es
387656,Beck: The Last Day,2016,Thriller|Crime|Drama|Mystery,5.5,22,0.5048,sv
424982,Absurd Accident,2016,Comedy|Crime|Thriller,6.8,14,0.4112,zh
414711,The Blues: Another Story of France,2016,Documentary,6.7,48,0.3529,fr
393613,Spaghettiman,2016,Crime|Action|Comedy,5.646,24,0.3179,en
395762,Father Son Therapy,2016,Comedy,5.314,121,0.2938,fr
425007,It Watches,2016,Thriller|Horror,2.9,15,0.3827,en
406204,People You May Know,2016,Comedy|Drama,5.4,29,0.3165,en
413727,Mukti Bhawan,2016,Comedy|Drama,6.8,35,0.3706,hi
390991,Frankie Boyle: Hurt Like You've Never Been Loved,2016,Comedy,7.2,15,0.3087,en
339345,The Poltergeist of Borley Forest,2016,Horror,3.2,40,0.2425,en
399062,Paranormal Sex Tape,2016,Horror,2.0,11,0.3117,en
406808,In the Blood,2016,Drama,5.8,16,0.2811,da
359871,My Scientology Movie,2016,Documentary,6.581,301,0.4163,en
414260,Building Star Trek,2016,Documentary|Science Fiction,6.0,11,0.346,en
322994,I'm Rich!,2016,Comedy,6.34,141,0.3304,pt
427879,Road to Hell,2016,Western|Crime|Thriller,3.333,12,0.3014,en
383200,Bitcoin Heist,2016,Action,7.154,13,0.3788,vi
373355,The Lovers and the Despot,2016,Documentary|History,6.9,30,0.3012,en
340187,Uncaged,2016,Horror|Comedy,3.703,37,0.3901,en
360142,In Dog's Words,2016,Comedy|Drama,6.1,29,0.2966,pt
419372,I babysitter,2016,Comedy,5.8,226,0.2689,it
456705,All About Asado,2016,Documentary,6.404,26,0.2171,es
378195,Lady Day at Emerson's Bar & Grill,2016,Music|Drama|TV Movie,7.6,13,0.2793,en
356301,Across the Line,2016,Drama,5.2,14,0.3993,en
419324,The Guv'nor,2016,Documentary,6.6,13,0.2827,en
381083,Gary Numan: Android In La La Land,2016,Documentary|Music,7.2,11,0.2983,en
269588,Km 31-2,2016,Mystery|Horror,7.1,69,0.3482,es
390393,Check It,2016,Documentary,4.9,10,0.4027,en
376036,NWA & Eazy-E: The Kings of Compton,2016,Music|Documentary,6.9,14,0.4175,en
407547,Beiimaan Love,2016,Thriller|Romance,2.6,10,0.5106,hi
420952,Praktan,2016,Drama|Family,6.139,18,0.3198,bn
401977,Qui sème l'amour...,2016,Comedy|Family|TV Movie|Romance,5.7,17,0.3044,fr
375880,Beck 32 - Steinar,2016,Drama|Crime|Thriller|Mystery,5.6,28,0.3393,sv
383526,You'll Never Be Alone,2016,Crime|Drama,6.3,30,0.3385,es
395726,Pitch,2016,Drama,6.5,14,0.3539,ru
399615,White Coffin,2016,Thriller|Horror|Action,4.88,54,0.4548,es
432534,A Gift,2016,Drama|Romance|Comedy|Music,7.7,10,0.3498,th
392955,God Knows Where I Am,2016,Mystery|Documentary|Drama|History,6.4,23,0.2511,en
376523,Nothing Left Unsaid: Gloria Vanderbilt & Anderson Cooper,2016,Documentary,7.7,20,0.3328,en
459802,Cream,2016,Animation|Comedy|Science Fiction|Drama,7.529,35,0.3829,en
408542,The Woman Who Left,2016,Drama,6.9,66,0.4406,tl
432300,The Bribe of Heaven,2016,Comedy|Science Fiction,6.9,15,0.3085,es
423156,Sidekick,2016,Drama|Action|Family|Fantasy,8.0,13,0.2882,en
397552,Paranormal Drive,2016,Thriller|Crime|Horror,4.1,28,0.3846,ru
93950,The Sighting,2016,Horror|Thriller,3.2,23,0.3732,en
450005,City of Joy,2016,Documentary,7.3,24,0.2915,en
415176,Clowns,2016,Drama,6.038,13,0.3027,it
401278,The Rehearsal,2016,Drama,5.2,18,0.4609,en
430638,Uncontrolled Love 2,2016,Romance|Drama,5.3,14,0.2944,zh
383267,Crazy About Tiffany's,2016,Documentary,6.9,16,0.3209,en
366622,U2: iNNOCENCE + eXPERIENCE Live in Paris,2016,Music|Documentary,8.4,18,0.2358,en
388021,Radio Home,2016,Drama|Comedy,6.0,27,0.3128,de
428638,Igelak (Frogs),2016,Comedy|Music,4.7,14,0.2076,eu
382455,Don't Call Me Son,2016,Drama,6.3,75,0.3075,pt
396899,The Girl Without Hands,2016,Animation|Fantasy|Romance,7.031,81,0.2644,fr
415892,The Groom,2016,Comedy,4.7,26,0.3019,ru
380879,News from Planet Mars,2016,Comedy,5.366,82,0.271,fr
381024,Orange Sunshine,2016,Documentary,6.6,16,0.309,en
352993,Back and Forth,2016,Romance|Comedy,5.9,39,0.418,pt
412489,Franca: Chaos and Creation,2016,Documentary,7.4,26,0.2545,en
386696,Shed My Skin,2016,Drama,6.485,34,0.4368,de
422472,Family Possessions,2016,Horror,4.7,10,0.3356,en
418691,Shadows of the Dead,2016,Horror,5.5,17,0.3039,en
296865,A Monster with a Thousand Heads,2016,Drama|Thriller,5.9,43,0.3583,es
337708,Vai Que Dá Certo 2,2016,Comedy,5.9,51,0.2836,pt
403011,Being George Clooney,2016,Documentary,6.1,19,0.3379,en
446626,Second Nature,2016,Comedy,4.5,11,0.3021,en
418693,Marathon: The Patriots Day Bombing,2016,Documentary,6.804,28,0.2678,en
383502,Riddle Room,2016,Horror,3.152,23,0.3063,en
392664,Too Neapolitan,2016,Family|Comedy,6.302,159,0.2361,it
386857,Break-Up Nightmare,2016,Thriller|TV Movie,4.9,21,0.4379,en
381011,Hunter Gatherer,2016,Drama,6.3,17,0.3785,en
394823,Robby and Toby's Fantastic Voyager,2016,Adventure|Family|Comedy,4.4,47,0.3256,de
376391,We Are X,2016,Music|Documentary,7.1,31,0.374,en
421854,Joe Rogan: Triggered,2016,Comedy,6.839,84,0.1507,en
348555,The Next Skin,2016,Drama|Mystery|Thriller,5.804,74,0.362,ca
333358,Better Off Single,2016,Comedy,5.0,27,0.3249,en
353419,Found Footage 3D,2016,Horror,5.358,102,0.2996,en
417565,O Filho Eterno,2016,Drama|Family,7.4,19,0.3529,pt
391962,Badlands of Kain,2016,Thriller|Horror|Mystery,4.4,12,0.2795,en
393496,Future Boyfriend,2016,Science Fiction|Comedy,5.2,12,0.2709,en
393663,Leonardo da Vinci: The Genius in Milan,2016,Documentary,8.5,12,0.4345,it
426137,Billy Connolly: High Horse Tour Live,2016,Comedy,7.5,10,0.2904,en
417451,Reclusion,2016,Horror|Thriller,4.4,19,0.3296,en
414789,Jerry Lewis: The Man Behind the Clown,2016,Documentary|TV Movie,7.0,18,0.4026,fr
413308,A Real Vermeer,2016,Romance|Drama|History,5.3,21,0.3403,nl
412363,The Wedding Plan,2016,Comedy|Romance,5.7,43,0.2466,he
426135,Every Brilliant Thing,2016,Documentary|TV Movie,7.2,12,0.4174,en
383866,Après moi le bonheur,2016,Family|Drama|TV Movie,7.3,79,0.3124,fr
394668,Can We Take a Joke?,2016,Documentary|Comedy,6.7,15,0.3861,en
382653,Old Stone,2016,Drama|Thriller,6.9,17,0.2655,zh
393134,Loop,2016,Crime|Thriller|Science Fiction,5.362,29,0.2915,hu
412208,Soul on a String,2016,Drama,5.182,11,0.2506,zh
415182,Anna's Time,2016,Drama,6.8,10,0.2914,fr
411041,ID2: Shadwell Army,2016,Drama|Crime,5.0,14,0.4036,en
403264,Accidental Exorcist,2016,Horror,4.0,12,0.2913,en
352342,Seasons,2016,Documentary|Adventure|Family,7.0,68,0.301,fr
394496,What's Up with Cinta 2,2016,Drama|Romance,6.306,36,0.3004,id
394287,Sound and Fury,2016,Drama,5.8,17,0.327,fa
414222,ZG80,2016,Action|Comedy,6.8,24,0.2837,hr
418985,Pete Davidson: SMD,2016,Comedy,6.906,16,0.3144,en
461062,Wekufe: The Origin of Evil,2016,Horror|Mystery|Thriller,5.4,26,0.368,es
428058,A Puppy for Christmas,2016,Family|TV Movie,6.6,35,0.4373,en
427095,Enough!,2016,Drama,6.7,19,0.3169,nl
390547,The One-Eyed King,2016,Drama|Comedy,5.8,22,0.2588,ca
324463,The Devil's Scarab,2016,Adventure|Mystery,5.0,41,0.3163,pt
445650,You're Everything To Me,2016,Comedy,6.0,38,0.2852,tr
409101,The Hedonists,2016,Comedy|Drama,7.2,12,0.3346,zh
395511,Tiger Theory,2016,Comedy|Drama,7.3,15,0.3929,cs
418662,Wrath,2016,Drama|Thriller|Crime,3.9,12,0.4929,es
376534,Cameraperson,2016,Documentary,6.7,92,0.4504,en
411608,Waterboys,2016,Drama|Comedy|Music,5.889,18,0.2751,nl
383682,Planet Single,2016,Comedy|Romance,6.5,111,0.3605,pl
391649,Locksmith’s Debt,2016,Comedy,5.425,53,0.3525,tr
410572,Babu Bangaram,2016,Action|Comedy|Romance,5.2,12,0.3519,te
375897,Encore heureux,2016,Comedy,5.5,105,0.4329,fr
398810,Scenery,2016,Animation|Comedy|Horror,7.1,16,0.2713,es
422494,A Simple Story About Murder,2016,Crime|Thriller,5.5,14,0.2803,pl
396126,Sustainable,2016,Documentary,7.1,24,0.3621,en
405035,Koala Kumal,2016,Drama|Romance|Comedy,7.4,10,0.3154,id
376716,Elections Day 2,2016,Comedy,6.26,48,0.2805,ru
375872,Heroes Wanted,2016,Action|Comedy,5.067,165,0.3503,es
299751,Jia Zhangke  A Guy from Fenyang,2016,Documentary,6.9,13,0.2291,pt
408422,4 Days in France,2016,Romance|Drama,5.569,29,0.3694,fr
389370,Conni & Co,2016,Comedy|Adventure|Family,7.5,10,0.2796,de
377206,Army Dog,2016,Family|Action,5.2,10,0.427,en
391835,Eccentrics  the Sunny Side of the Street,2016,Comedy|Music|History,6.05,10,0.3025,pl
424009,Non si ruba a casa dei ladri,2016,Comedy,5.696,191,0.2682,it
427966,Camp Blood 5,2016,Horror,3.1,18,0.2709,en
429524,Drone Wars,2016,Action|Science Fiction|Thriller,4.8,47,0.4063,en
393949,Joe's Violin,2016,Documentary,6.158,19,0.2434,en
429555,The Dragon Maiden,2016,Crime,6.2,12,0.2782,de
347850,The Unfolding,2016,Mystery|Horror|Thriller,3.9,22,0.3867,en
407628,Dam Sharks!,2016,Action|Horror|Science Fiction,4.5,27,0.2705,en
450015,20 Seconds of Courage,2016,Drama,8.8,10,0.4288,en
379284,Um Suburbano Sortudo,2016,Comedy,5.858,74,0.2533,pt
427416,Sing,2016,Drama|Music,7.6,77,0.2604,hu
373453,Brahman Naman,2016,Comedy,5.5,44,0.3456,en
418333,Crush in Jaipur,2016,Romance|Comedy|TV Movie,6.4,232,0.3366,fr
410154,Red Sonja: Queen of Plagues,2016,Animation|Fantasy|Action|Adventure,4.4,13,0.4142,en
371464,Wild,2016,Drama,6.1,60,0.3637,de
408252,House Of Salem,2016,Horror,5.0,10,0.2265,en
410694,Milton's Secret,2016,Drama|Family,5.222,18,0.4134,en
391995,Hillary's America: The Secret History of the Democratic Party,2016,Documentary,5.3,86,0.4635,en
372632,The '85 Bears,2016,Documentary,7.1,16,0.3236,en
377460,This Magic Moment,2016,Documentary,7.172,32,0.2176,en
385218,Pink,2016,Drama,5.2,11,0.2134,es
426140,Merry Christmas  Baby,2016,Family|TV Movie,5.4,12,0.31,en
392703,House of Darkness,2016,Horror|Thriller|TV Movie,6.8,20,0.2825,en
381027,The Space in Between: Marina Abramović and Brazil,2016,Documentary,7.7,10,0.3835,pt
429838,Cam-Girl,2016,Thriller|Mystery,3.4,11,1.4035,en
408262,Bangkok Nites,2016,Drama,6.5,12,0.2498,ja
380464,Iftar Soda,2016,Drama|Comedy,7.085,88,0.3236,tr
408203,Little Wing,2016,Drama,6.7,23,0.2645,fi
417030,Terror 5,2016,Horror,4.3,30,0.2757,es
286258,Alone Man,2016,Science Fiction|Drama|Romance,7.0,20,0.2176,pt
397619,Attenborough's Life That Glows,2016,Documentary,8.1,31,0.2829,en
376387,Hooligan Sparrow,2016,Documentary,7.2,13,0.3254,en
414835,La vita possibile,2016,Drama,6.0,52,0.4765,it
408268,We Are Not Alone,2016,Horror|Thriller,6.1,93,0.4646,es
384452,Cruel Summer,2016,Drama|Horror|Thriller,5.1,31,0.3245,en
433316,Love with Disabilities,2016,Romance|Comedy,5.7,11,0.3304,ru
418808,Razors: The Return of Jack the Ripper,2016,Horror|Fantasy,4.4,15,0.2927,en
405898,Born to a Man,2016,Action|Drama,6.1,10,0.2773,ar
142611,Houston  We Have a Problem!,2016,Comedy,7.6,37,0.378,en
381879,What's in the Darkness,2016,Drama|Mystery|Crime,6.3,20,0.6336,zh
442392,Everything Is Love,2016,Comedy|Romance|Drama|Music,5.8,21,0.3843,tr
410485,Gasping for Air,2016,Drama,6.7,33,0.2792,tl
419502,Christmas Dinner,2016,Romance|Comedy,5.4,193,0.5077,it
421483,The Summer Is Gone,2016,Drama,6.1,18,0.1514,zh
413107,The Hero,2016,Crime|Thriller,4.7,18,0.3126,nl
414993,One-Two-Three Now!,2016,Romance|Drama,6.2,12,0.2465,da
395177,Bourek,2016,Drama|Comedy,6.571,14,0.2768,en
375167,Assolo,2016,Comedy,4.9,54,0.3005,it
473465,Last Ones Out,2016,Horror|Thriller|Drama,4.9,10,0.2403,en
405795,Confessions,2016,Comedy|Drama|Horror|Thriller,5.5,11,0.2795,en
376234,Newtown,2016,Documentary,6.7,46,0.3372,en
425186,Soof 2,2016,Comedy|Romance,6.576,33,0.376,nl
415714,Kochavva Paulo Ayyappa Coelho,2016,Drama,6.0,11,0.2816,ml
373472,Holy Hell,2016,Documentary,6.612,130,0.2159,en
391274,Iru Mugan,2016,Science Fiction|Action|Thriller|Mystery,5.3,38,0.4836,ta
392891,Patton Oswalt: Talking for Clapping,2016,Comedy|Documentary|TV Movie,6.658,79,0.3313,en
371051,In My Father's Garden,2016,Drama,6.0,21,0.3324,nl
396121,Tsukiji Wonderland,2016,Documentary,7.9,21,0.299,ja
388222,Bad Seeds,2016,Comedy|Drama,6.9,18,0.2835,fr
395449,The New Life of Paul Sneijder,2016,Drama,6.0,58,0.3221,fr
383145,HoneyBee,2016,Horror|Thriller,3.8,13,0.2479,en
393498,The Maiden,2016,Horror,6.2,13,0.306,en
432344,Risky Drinking,2016,Documentary,6.9,10,0.1575,en
419147,Louis Theroux: Savile,2016,Documentary|TV Movie,6.897,39,0.3013,en
421958,The Verdict,2016,TV Movie,7.5,35,0.3172,de
378607,The House,2016,Horror|Thriller,5.7,35,0.2246,no
395955,Magi,2016,Horror,5.6,40,0.3679,tr
390673,Come saltano i pesci,2016,Drama,5.8,20,0.2962,it
417033,Angel of Reckoning,2016,Action|Horror|Thriller,2.6,11,0.4591,en
375811,Arrête ton cinéma !,2016,Comedy,4.6,42,0.3194,fr
456669,Welcome Back,2016,Comedy|Romance,4.568,22,0.2022,tr
398395,Timecode,2016,Drama|Romance,7.0,55,0.2798,es
390343,Burden,2016,Documentary,5.8,16,0.2835,en
404750,Kamper,2016,Comedy|Drama,5.1,12,0.2713,pl
396011,Deadly Intent,2016,Drama|Horror|Thriller,3.6,19,0.2416,en
423313,After You're Gone,2016,Drama,6.4,14,0.3652,ru
386123,Bigfoot vs. Zombies,2016,Horror,2.5,21,0.2674,en
513662,Altered Hours,2016,Science Fiction|Thriller,4.75,22,0.3293,en
510337,The Possessed,2016,Horror|Thriller,6.5,13,0.2079,zh
426576,Shared Rooms,2016,Comedy|Romance|Drama,5.8,30,0.2544,en
425208,Fathers,2016,Drama|Romance,6.2,15,0.3552,th
369834,Sethupathi,2016,Action|Thriller,6.412,34,0.3085,ta
359093,The 24 Hour War,2016,Documentary,6.977,65,0.2501,en
398702,La Niña De La Mina,2016,Thriller|Horror|Mystery,6.1,35,0.3315,es
381045,Chicken People,2016,Documentary,7.1,20,0.2022,en
373194,Monday at 11:01 A.M.,2016,Thriller|Horror,3.6,10,0.2763,en
427964,Camp Blood 4,2016,Horror,3.3,21,0.2681,en
393627,21 Days Under the Sky,2016,Documentary,6.5,11,0.229,en
413096,Secrets in the Attic,2016,Thriller,4.5,14,0.4781,en
406103,Diverge,2016,Thriller|Drama|Science Fiction,5.2,28,0.279,en
463607,The Battle Of Chosin,2016,Documentary,7.2,13,0.2436,en
435665,Ava's Impossible Things,2016,Romance|Drama,4.7,15,0.2892,en
433082,Across the Waters,2016,Drama|History|War,7.0,15,0.2971,da
397385,Cunk on Shakespeare,2016,Comedy,7.5,41,0.3784,en
375895,Dieumerci !,2016,Comedy,5.9,34,0.2813,fr
391581,Off the Rails,2016,Documentary,6.9,12,0.1992,en
451943,Buster Keaton: The Genius Destroyed by Hollywood,2016,Documentary,7.8,13,0.2024,fr
395599,Footnotes,2016,Music|Comedy,6.3,11,0.2138,fr
373349,Mapplethorpe: Look at the Pictures,2016,Documentary,6.9,43,0.2608,en
535221,Man in the Well,2016,Drama|Science Fiction,5.7,15,0.138,zh
402160,The Birch,2016,Fantasy|Horror,6.8,63,0.3222,en
429547,This is Hel,2016,Thriller|Mystery,7.6,17,0.3371,pl
381043,Asperger's Are Us,2016,Documentary,5.6,21,0.2867,en
364379,Cat Sick Blues,2016,Horror|Comedy,5.6,76,0.2165,en
360141,The Cold Front Brought by the Rain,2016,Drama,5.7,21,0.1915,pt
460910,The Haunted House on Kirby Road,2016,Adventure|Comedy|Horror,3.6,18,0.3754,en
378230,Lens,2016,Thriller,6.7,17,0.2976,ml
398421,My Stupid Boss,2016,Comedy|Drama,6.9,17,0.2622,id
422058,Three Heroes and the King of the Sea,2016,Comedy|Animation|Adventure,5.946,46,0.3938,ru
432484,Peter Pan Goes Wrong,2016,Comedy|Family|Music,7.5,63,0.2726,en
389849,The Devil Lives Here,2016,Horror|Fantasy|Thriller,6.2,15,0.3653,pt
530260,Karl Meltzer: Made to Be Broken,2016,Documentary,6.5,15,0.2145,en
448469,Towards Tenderness,2016,Documentary,6.6,16,0.2247,fr
412111,The Emeryville Experiments,2016,Horror|Thriller,3.25,26,0.2555,en
397093,The Beginning of Life,2016,Documentary,7.318,22,0.247,pt
379959,Thunder Road,2016,Drama|Comedy,7.3,54,1.0311,en
407398,James and Alice,2016,Drama|Family|Romance,6.3,12,0.2806,ml
390574,Dead Rush,2016,Comedy|Horror|Action,4.8,11,0.2997,en
443580,The Woman with Red Hair,2016,Drama|Mystery|Crime|TV Movie,5.7,10,0.2178,fr
334684,LoveTrue,2016,Documentary,5.438,16,0.2723,en
331642,Born to Win,2016,Comedy,4.3,29,0.2795,es
411656,Tonio,2016,Drama,5.7,17,0.2866,nl
402462,Parasites,2016,Action|Horror|Thriller,4.1,19,0.3098,en
412532,The Last Film Festival,2016,Comedy,3.2,10,0.2861,en
485906,The Elf,2016,Horror,4.2,20,0.3165,en
422600,Arcadia,2016,Action|Science Fiction,4.417,12,0.204,en
406427,The Noonday Witch,2016,Thriller|Horror,4.4,26,0.2388,cs
391955,Maalik,2016,Action|Drama|Crime|Thriller,6.7,12,0.2767,ur
446210,No Way! 2,2016,Comedy,4.7,19,0.2183,tr
418602,No Tomorrow: A Turbo Kid Tale,2016,Science Fiction|Action|Drama,7.7,15,0.2723,en
427557,Attitude Test,2016,Comedy,5.4,33,0.4041,es
348660,Walk with Me,2016,Drama|War,6.4,21,0.3421,da
422590,Maria per Roma,2016,Comedy,5.3,11,0.2406,it
393859,Abbraccialo per me,2016,Drama,6.6,12,0.2559,it
449431,Bwoy,2016,Drama,4.917,12,0.3686,en
405178,Dawn of the Deaf,2016,Drama|Horror,5.861,18,0.473,en
381069,Little Sister,2016,Comedy|Drama,6.064,132,0.2906,en
564837,Atomic Shark,2016,Action|Horror,2.6,19,0.2789,en
406781,Kasaba,2016,Action|Thriller,4.7,10,0.2435,ml
421111,My Dead Boyfriend,2016,Comedy,4.8,22,0.2978,en
412795,Maligno,2016,Horror|Mystery,6.1,24,0.3444,es
283256,Hunters,2016,Horror,3.6,10,0.4216,en
345469,France Is a Gas,2016,Science Fiction|Comedy,5.4,25,0.2581,fr
433618,Kavi Uddheshichathu..?,2016,Comedy|Drama,4.8,10,0.301,ml
377729,Bad Black,2016,Action|Comedy|Crime,7.1,40,0.301,en
402928,Wunderlich's World,2016,Comedy,4.6,12,0.2922,de
398287,They Call Us Monsters,2016,Documentary,6.7,20,0.3423,en
377276,Struggle for Life,2016,Comedy,5.724,114,0.2448,fr
377148,Letters from War,2016,Drama|War,7.0,17,0.2904,pt
365083,Harvest Lake,2016,Horror,3.212,33,0.1878,en
399372,Red Christmas,2016,Horror|Thriller,4.2,63,0.1914,en
392386,Nikki Glaser: Perfect,2016,Comedy,6.5,19,0.2848,en
400812,Cold of Kalandar,2016,Family|Drama,7.3,25,0.2959,tr
428313,Watani: My Homeland,2016,Documentary,6.647,17,0.241,en
371461,Halal Love,2016,Romance|Comedy|Drama,5.5,11,0.306,ar
428330,Angel 2,2016,Family|Fantasy|Comedy,7.241,29,0.2812,cs
415356,The Children of Chance,2016,Drama|Comedy,6.8,44,0.4245,fr
468853,...Re,2016,Comedy|Drama,6.8,72,0.2501,kn
392127,The Origin of Violence,2016,Drama,6.0,11,0.2948,fr
377565,Mythopathy,2016,Comedy|Drama,5.75,20,0.3065,el
399851,I Know Where Lizzie Is,2016,Crime|Thriller|TV Movie,3.633,15,0.287,en
372985,Boris Without Beatrice,2016,Drama,6.5,12,0.2477,fr
414961,The Darkest Universe,2016,Romance|Comedy|Drama|Mystery,5.818,11,0.2324,en
347666,We Need to Talk,2016,Comedy,5.518,109,0.3287,es
428040,The Christmas Project,2016,Family,5.111,18,0.2197,en
372689,Waiting,2016,Comedy|Drama,7.071,14,0.2428,hi
400827,Only Blockbusters Left Alive: Monopolizing Film Distribution in Turkey,2016,Documentary,6.4,11,0.1533,tr
425332,Children of the Night,2016,Drama|Mystery|Crime|Thriller,5.5,59,0.2501,it
430419,Lone Wolves,2016,Action|Science Fiction,3.4,11,0.3235,en
375487,Stop Me Here,2016,Drama,5.9,50,0.2572,fr
376256,The Bad Kids,2016,Documentary,7.2,23,0.2527,en
336049,Bonded by Blood 2,2016,Crime,4.6,18,0.245,en
377783,Mother and Daughter: California Dream,2016,Comedy|TV Movie,5.9,18,0.2873,fr
427749,Nightmare Wedding,2016,TV Movie|Thriller,5.4,12,0.3334,en
381032,Another Evil,2016,Comedy|Horror,5.908,49,0.4259,en
380731,Darkweb,2016,Action|Thriller,2.9,35,0.2547,en
350037,Wolf and Sheep,2016,Drama,6.4,14,0.2501,da
420478,Einstein's God Model,2016,Science Fiction|Thriller|Drama,5.5,30,0.2304,en
394176,Enter the Battlefield: Life on the Magic - The Gathering Pro Tour,2016,Documentary,6.4,12,0.2572,en
420893,Ang Manananggal sa Unit 23B,2016,Horror|Romance|Fantasy,5.0,18,0.2346,tl
390415,Maikäfer flieg,2016,Drama,6.3,14,0.2947,de
323431,Petting Zoo,2016,Drama,6.5,11,0.3174,en
379873,L'abbiamo fatta grossa,2016,Comedy|Family,5.523,281,0.356,it
397674,Louis Theroux: A Different Brain,2016,Documentary|TV Movie,6.909,22,0.2829,en
417500,Damocles,2016,Comedy|TV Movie,4.7,14,0.2549,fr
287982,VHS Massacre: Cult Films and the Decline of Physical Media,2016,Documentary|Comedy|History|Horror|Science Fiction,5.3,42,0.3636,en
798143,My Journey Through French Cinema,2016,Documentary|History,7.5,10,0.2498,fr
394034,Buddha in a Traffic Jam,2016,Thriller|Crime,6.833,12,0.4432,hi
461088,50 Kilos of Sour Cherry,2016,Family|Drama|Comedy,4.3,18,0.3152,fa
436354,Last Days in Havana,2016,Drama,5.7,15,0.2244,es
429813,Hotel of the Damned,2016,Thriller|Horror,3.4,20,0.2056,en
401361,Imagine Dragons: Smoke + Mirrors Live,2016,Music,8.7,12,0.2641,en
418093,La verità sta in cielo,2016,Mystery|Thriller|Drama,5.9,63,0.3023,it
438414,En tu cabeza,2016,Fantasy|Comedy|Romance|Drama,5.2,17,0.2161,es
408258,Souvenir,2016,Comedy|Drama|Romance,5.7,30,0.2676,fr
390295,Contemporary Color,2016,Documentary|Music,6.7,10,0.2899,en
383254,The Dreamed Ones,2016,Documentary,8.2,10,0.4024,de
390341,The Tenth Man,2016,Comedy|Drama,5.235,34,0.243,es
356090,2 Nights Till Morning,2016,Romance|Drama,6.1,25,0.2741,fi
428229,Remote Paradise,2016,Thriller|TV Movie,4.2,10,0.2419,en
375801,Que pena tu vida,2016,Romance|Comedy,4.9,24,0.2649,es
437530,Almost There,2016,Documentary,6.3,15,0.2521,en
419507,Escape From Reuma Park,2016,Comedy,3.967,468,0.1893,it
383064,Road to Istanbul,2016,Drama,6.3,17,0.2668,fr
388402,Der schwarze Nazi,2016,Comedy|Drama,4.929,14,0.2742,de
422972,Kill Ratio,2016,Action,4.2,32,0.4103,en
383809,Thanks Boss!,2016,Comedy|Documentary,7.282,142,0.2157,fr
363103,Nise: The Heart of Madness,2016,Drama,8.143,133,0.2968,pt
430742,Nightwish: Vehicle Of Spirit,2016,Music,9.2,10,0.2114,en
426797,Wait Till Helen Comes,2016,Thriller|Fantasy,5.4,28,0.206,en
423246,Drifter,2016,Crime|Horror|Thriller,4.938,32,0.2835,en
402890,The Hannas,2016,Drama|Comedy,3.5,10,0.198,de
413664,Midnight University,2016,Comedy|Horror,5.633,15,0.2326,th
408292,The Last Family,2016,Drama|History,7.1,111,0.1967,pl
288710,The Frontier,2016,Crime|Drama|Thriller,5.8,26,0.2974,en
376451,How To Tell You're A Douchebag,2016,Romance|Comedy,3.4,10,0.3123,en
510061,Luisa Spagnoli,2016,Drama|TV Movie|History,7.7,21,0.4558,it
408719,Chronesthesia,2016,Drama|Romance,5.5,13,0.1953,en
382155,Pitbull: Public Orders,2016,Action|Crime|Thriller,6.368,87,0.1523,pl
425046,Small Talk,2016,Documentary,6.5,18,0.2567,zh
395560,Capsule,2016,Drama|History|Science Fiction|Thriller,5.085,82,0.1833,en
359806,Em Nome da Lei,2016,Thriller|Action|Drama|Mystery,6.1,17,0.2416,pt
343725,The Violators,2016,Drama,5.7,13,0.2135,en
264400,The Night Guard,2016,Drama,6.7,10,0.2172,es
693467,The Jester,2016,Mystery|Horror,7.367,113,0.2907,en
432020,Il camionista,2016,Drama,6.7,10,0.1949,it
390520,Team Foxcatcher,2016,Documentary,6.987,149,0.2329,en
427597,Kev Adams & Gad Elmaleh - Kev Gad  Tout est possible,2016,Comedy,5.9,95,0.2012,fr
427176,Io ci sono,2016,Drama|Crime,7.7,37,0.2283,it
412492,I Was a Dreamer,2016,Drama|Comedy,6.086,35,0.162,it
406231,Citizen Soldier,2016,Action|Documentary,5.9,16,0.2543,en
416290,Cedric the Entertainer: Live from the Ville,2016,Comedy|Documentary|TV Movie,5.692,26,0.3123,en
400753,The Bachelor,2016,Comedy|Romance,5.05,20,0.3004,el
392812,Dogs,2016,Drama|Thriller,6.3,34,0.2415,ro
366104,A Decent Man,2016,Drama,5.8,43,0.3571,fr
340865,Provoked,2016,Thriller|Horror,4.4,10,0.2129,en
407626,Ozark Sharks,2016,Action|Horror|Science Fiction|TV Movie,4.266,64,0.353,en
416154,CarousHELL,2016,Horror|Comedy,4.5,10,0.2005,en
441386,The 6th Friend,2016,Horror,4.6,29,0.2506,en
414743,Martin Lawrence Doin’ Time,2016,Comedy|Documentary|TV Movie,5.6,15,0.1688,en
296288,Tamo Junto,2016,Comedy|Romance,5.3,10,0.2578,pt
515793,The Search for Life in Space,2016,Documentary,6.4,20,0.203,en
427451,Banking on Bitcoin,2016,Documentary|History,6.3,96,0.2847,en
376810,Pat & Mat in a Movie,2016,Animation|Comedy|Adventure,6.4,14,0.2305,cs
392978,Chasing Niagara,2016,Documentary,7.0,20,0.2262,en
419390,PYOTR495,2016,Horror|Fantasy,4.471,17,0.1848,ru
355598,Girl in Woods,2016,Drama|Horror|Thriller,3.7,20,0.2917,en
447288,Maniac Tales,2016,Horror|Thriller|Mystery,5.538,13,0.299,en
384344,Tere Bin Laden Dead or Alive,2016,Comedy,5.1,11,0.3186,hi
394689,Garfunkel and Oates: Trying to be Special,2016,Comedy,7.2,38,0.2832,en
427071,Undercover,2016,Comedy,4.9,14,0.3372,da
454472,Mujeres infieles 4,2016,Mystery,6.0,45,0.2161,es
424722,Dark Fortune,2016,Drama,6.0,10,0.2357,de
376537,B.C. Butcher,2016,Horror,2.5,10,0.1986,en
379344,Do You Even Know Who I Am?,2016,Comedy,4.8,18,0.1757,es
407173,For Love and Honor,2016,Comedy|Drama|Romance|TV Movie,6.25,18,0.2341,en
403397,Enchufe sin visa,2016,Comedy,7.9,19,0.2452,es
671947,DIABOLIK LOVERS ~re:requiem~,2016,Unknown,8.02,25,0.2373,ja
365923,A Decent Man,2016,Thriller|Drama,6.8,20,0.2334,de
447337,Benim Adım Feridun,2016,Comedy|Romance|Drama,4.7,12,0.241,tr
533697,The Defense of New Haven,2016,Action|Adventure|Family,7.7,12,0.1895,en
418143,Finding Sofia,2016,Comedy,6.1,28,0.2326,en
433946,Now More than Ever: The History of Chicago,2016,Documentary,7.2,12,0.2209,en
381080,The Art of Organized Noize,2016,Music|Documentary,7.1,20,0.2207,en
381094,Take Me for a Ride,2016,Drama|Romance,4.1,17,0.2479,es
375898,Meet the Guilbys,2016,Comedy|Drama,5.3,31,0.1839,fr
460848,Chutney,2016,Thriller,6.4,11,0.2318,hi
426470,Hergé: In the Shadow of Tintin,2016,Documentary,7.5,10,0.2739,fr
428492,The Stuff of Dreams,2016,Comedy,7.0,31,0.2036,it
451939,Last Day of School,2016,Comedy,3.3,14,0.1836,en
393863,Zeta: Una Storia Hip-Hop,2016,Drama|Music,6.218,170,0.2379,it
386591,My Mother's Wound,2016,Drama|War|Mystery,6.761,44,0.2144,tr
433890,Carpet and Chaos,2016,TV Movie|Comedy,5.8,14,0.2415,fr
384683,The High Frontier,2016,Action|Drama|Thriller,5.946,46,0.3186,pl
431605,Cunk on Christmas,2016,Comedy,7.111,27,0.2793,en
376502,The Blackout Experiments,2016,Horror|Documentary,4.7,20,0.2408,en
438739,Three Letters 3: Black Magic,2016,Horror,3.9,10,0.26,tr
395499,Real Boy,2016,Documentary,4.2,10,0.1273,en
384485,The General Case,2016,Drama,6.5,14,0.3997,de
393132,Dying to Be Loved,2016,TV Movie|Thriller,4.2,15,0.2634,en
173897,Resident Evil: The Final Chapter,2016,Action|Horror|Science Fiction,6.1,3475,0.2849,en
408803,Cristina,2016,Drama|Documentary,8.2,10,0.2749,en
390396,Command and Control,2016,Documentary,6.8,35,0.2512,en
385301,Munafik,2016,Horror|Mystery|Thriller,6.421,19,0.1929,ms
412662,Riverhead,2016,Drama,6.5,10,0.1716,en
392791,Inversion,2016,Drama,6.2,11,0.3126,fa
381403,5,2016,Unknown,6.8,18,0.2268,en
421822,Horror Hotel The Movie,2016,Science Fiction|Horror,4.1,18,0.2386,es
358926,Couple in a Hole,2016,Thriller|Drama,5.2,21,0.241,en
366749,Age of Monster,2016,Comedy,4.409,11,0.2695,es
386028,The Million Dollar Duck,2016,Documentary,6.75,12,0.219,en
394262,French Tour,2016,Drama|Comedy,5.3,39,0.2845,fr
423733,The Darkest Dawn,2016,Action|Science Fiction,4.3,96,0.2277,en
440179,A House ‎for Rent with All the Inconveniences,2016,Comedy,6.5,11,0.2991,ru
408438,Indivisible,2016,Drama,6.84,172,0.2139,it
427298,Carlos Ballarta: el amor es de putos,2016,Unknown,6.9,25,0.2131,es
409109,Rat Film,2016,Documentary,7.1,36,0.2717,en
463469,Putin Forever?,2016,Documentary|History,5.9,16,0.2594,ru
404279,Green Is Gold,2016,Drama|Crime,6.2,28,0.4537,en
378782,Hubert und Staller - Unter Wölfen,2016,Crime|Comedy,6.0,14,0.2246,de
511336,Russian Doll,2016,Thriller|Drama|Crime|Mystery,3.346,13,0.1489,en
402899,The Last Pig,2016,Comedy|Drama,5.7,14,0.1692,de
716316,No  You're Stupid,2016,Drama,7.769,39,0.2036,ru
403252,The Railroad Lady,2016,Comedy|Drama,6.6,29,0.2126,fr
375564,Boundaries,2016,Drama,5.8,12,0.2038,fr
416086,Redistributors,2016,Thriller,4.7,17,0.2734,en
398188,Interstellar Wars,2016,Science Fiction,3.0,14,0.3704,en
456884,What's With Wheat?,2016,Documentary,7.1,10,0.3346,en
417180,Vacant House,2016,Drama|Horror|Thriller,3.1,12,0.2018,en
391813,Primal Shift,2016,Thriller|Horror,4.6,17,0.1976,en
453059,Byomkesh Pawrbo,2016,Thriller|Mystery,6.0,11,0.2451,bn
377452,Resurrection,2016,Horror,6.1,33,0.2397,es
422929,Roza of Smyrna,2016,Drama,7.485,33,0.2083,el
408197,Marija,2016,Drama,5.5,10,0.1996,de
419790,On the Road,2016,Drama|Music|Documentary,4.6,12,0.2701,en
336271,The Dark Stranger,2016,Drama|Thriller|Horror,4.897,34,0.3316,en
396232,Sour Grapes,2016,Documentary,7.3,97,0.1877,en
412199,The Animal's Wife,2016,Drama|Thriller,7.6,44,0.2336,es
404831,Santoalla,2016,Documentary,7.1,21,0.1418,en
385753,Live Cargo,2016,Drama|Thriller,5.8,15,0.2141,en
384160,How to Lose Weight in 4 Easy Steps!,2016,Drama|Comedy|Romance,7.8,14,0.2762,en
402217,Happy Wedding,2016,Comedy|Drama|Romance,6.0,13,0.3512,ml
413923,Ears,2016,Comedy,7.1,66,0.2306,it
389292,APEX: The Story of the Hypercar,2016,Documentary,6.5,48,0.2925,en
406298,Into the Forest,2016,Thriller,5.331,59,0.1878,fr
413785,George Best: All by Himself,2016,Documentary,7.4,19,0.2457,en
365073,Paraguay  Droga y Banana,2016,Documentary,8.1,36,0.3028,es
416993,A Jew Must Die,2016,Drama,4.792,12,0.1979,fr
408623,The Rolling Stones: Olé Olé Olé! – A Trip Across Latin America,2016,Documentary|Music,7.226,31,0.2326,en
412207,Santa & Andres,2016,Drama,6.0,11,0.3411,es
573724,Macho calado,2016,Comedy,6.2,23,0.2505,es
346388,Black Mountain Poets,2016,Drama|Comedy,6.4,12,0.1765,en
383567,Theo Von: No Offense,2016,Comedy,6.1,28,0.2578,en
442561,Alex Vizorek est une œuvre d'art,2016,Comedy,7.1,10,0.2767,fr
425527,Alliances rouge sang,2016,Drama|Crime|Mystery|TV Movie,6.5,10,0.2296,fr
396744,Underfire: The Untold Story of Pfc. Tony Vaccaro,2016,War|Documentary|Drama|History,7.2,13,0.3653,en
407204,The Giant,2016,Drama,6.2,36,0.3685,sv
384321,Who's Gonna Love Me Now?,2016,Documentary,6.0,11,0.4381,en
447887,Another Forever,2016,Drama,4.7,17,0.2109,en
417587,Under Pressure,2016,Drama,7.4,33,0.2006,pt
390590,Abortion: Stories Women Tell,2016,Documentary|TV Movie,6.3,18,0.3833,en
420472,Below the Surface,2016,Thriller,6.1,15,0.5812,en
411020,I Called Him Morgan,2016,Music|Documentary|History,7.2,50,0.1849,en
398371,Birth of a Leader,2016,Drama,5.5,10,0.3009,fr
412369,Big Big World,2016,Drama,6.5,19,0.2034,tr
409041,Hartenstrijd,2016,Comedy|Romance|TV Movie,6.083,12,0.196,nl
447710,Jamie,2016,Drama|Romance,4.2,10,0.1855,en
376089,Motel Mist,2016,Science Fiction|Thriller|Mystery,5.0,11,0.3121,th
447702,We Love Moses,2016,Drama,4.8,12,0.16,en
436143,Fabrizio’s Initiation,2016,Comedy|Drama,5.05,10,0.3269,es
376386,All These Sleepless Nights,2016,Documentary|Drama,6.306,49,0.2645,pl
415613,O Perfume da Memória,2016,Romance,6.3,21,0.1589,pt
402377,Crazy for Fixi,2016,Comedy,5.111,36,0.299,de
413313,Strawberry Bubblegums,2016,Comedy|Drama,5.3,12,0.2905,de
419245,Hyper,2016,Romance|Action|Family,5.5,14,0.3225,te
408609,The Intent,2016,Crime|Drama,5.25,24,0.2245,en
379507,The Procedure,2016,Drama|Mystery|Comedy,5.2,12,0.2053,en
395531,Magicians: Life in the Impossible,2016,Documentary,6.3,26,0.2587,en
411805,Walking Dead In The West,2016,Fantasy|Horror|Western,3.643,14,0.1871,en
404789,Morran & Tobias: Godsend,2016,Comedy,5.864,22,0.2737,sv
402215,Mötley Crüe: The End - Live in Los Angeles,2016,Music,8.6,10,0.4052,en
427648,Till We Meet Again,2016,Drama|Adventure,5.907,27,0.1568,en
394855,Ballad in Blood,2016,Horror|Mystery,5.0,41,0.23,en
390766,Southwest of Salem: The Story of the San Antonio Four,2016,Documentary,5.9,11,0.2142,en
373480,Kiki,2016,Documentary,5.7,24,0.2281,en
441366,Stuck with a Perfect Woman,2016,Romance|Comedy,5.8,17,0.2632,cs
416369,Breadcrumbs,2016,Drama,4.9,12,0.4765,es
402270,Stressed to Kill,2016,Comedy|Crime|Drama|Thriller,5.0,12,0.2858,en
395706,Era d'estate,2016,Drama,6.7,27,0.3363,it
364002,John From,2016,Drama,5.6,16,0.2237,pt
399938,Michael Ian Black: Noted Expert,2016,Comedy,6.7,10,0.1649,en
378450,Out of Love,2016,Drama,3.8,10,0.1596,fr
380683,Mad,2016,Comedy|Drama,6.7,20,0.3147,en
417548,Brazilian Holocaust,2016,Documentary,7.969,48,0.2096,pt
390852,Stadtlandliebe,2016,Romance|Comedy,4.1,12,0.2771,de
427535,Le mec de la tombe d'à côté,2016,Drama|Comedy|TV Movie,5.1,16,0.2563,fr
417744,Weekend,2016,Drama,5.2,15,0.1953,es
414779,The River Thief,2016,Crime|Action|Adventure,5.2,13,0.2596,en
416361,The Reunion 3: The Baptism,2016,Comedy,4.7,18,0.1932,da
459471,Anomaly,2016,Science Fiction|Horror|Mystery,3.0,13,0.2398,en
340484,Kate Plays Christine,2016,Documentary,5.7,25,0.154,en
397582,The Dirty Dutch,2016,Comedy,4.88,25,0.3015,nl
396920,Journey to Greenland,2016,Drama|Comedy,6.1,34,0.2699,fr
373841,Pass Thru,2016,Science Fiction|Drama,4.4,46,0.2593,en
382503,A Kid,2016,Drama,7.0,97,0.1962,fr
388410,Edgar Allan Poe's Lighthouse Keeper,2016,Horror|Mystery,4.7,31,0.2111,en
360970,Sex Life of Plants,2016,Drama,3.9,10,0.2381,es
393517,Apnée,2016,Drama,5.7,24,0.2322,fr
720998,The Walking Dead: The Journey So Far,2016,Documentary,7.9,25,0.1792,en
404306,The White Rabbit,2016,Crime|Drama|Thriller|TV Movie,6.2,24,0.2205,de
404132,Incarnation,2016,Thriller|Action|Mystery,5.6,10,0.2551,sh
419508,Christman in London - God Save the Queen,2016,Comedy,5.3,170,0.2538,it
416567,The Beginning and End of the Universe,2016,Documentary,7.1,14,0.1997,en
394612,Oflu Hoca'nın Şifresi 2,2016,Comedy,3.4,12,0.2378,tr
417456,8 Bit Generation: The Commodore Wars,2016,Documentary,6.6,15,0.2065,en
661448,Read Me,2016,Comedy|Drama|Romance,5.4,14,0.1671,en
402871,Don't Hug Me I'm Scared 6,2016,Animation|Horror|Music|Fantasy|Comedy,7.968,94,0.2289,en
417427,The Good Boy,2016,Comedy|Drama|Family,5.4,42,0.3141,ru
427800,Capture Kill Release,2016,Drama|Horror|Thriller,4.6,48,0.1917,en
403793,Wer aufgibt ist tot,2016,TV Movie|Drama|Comedy,4.7,12,0.1614,de
352996,A Matter of Courage,2016,Drama,6.9,13,0.3083,pt
317938,You Will Know What to Do With Me,2016,Drama|Romance,5.6,22,0.2103,es
420390,Liberation Day,2016,Documentary|Music,7.881,21,0.1946,en
382811,The End,2016,Mystery|Drama,5.348,23,0.1945,fr
425849,2 Cool 2 Be 4gotten,2016,Drama,5.9,20,0.2445,tl
384353,Chasse-Galerie : La Légende,2016,Thriller|Fantasy,4.9,12,0.3646,fr
378488,If There's a Hell Below,2016,Drama|Thriller|Mystery,4.1,15,0.3401,en
364000,It's Love,2016,Drama|Romance,4.2,10,0.2773,fr
403662,Winds of Havana,2016,Thriller|Drama|Crime,5.6,15,0.203,es
384585,Young Mothers in the '70s,2016,History|Drama|TV Movie,6.556,18,0.1954,fr
419504,There's No Religion Anymore,2016,Comedy,5.4,242,0.1637,it
435246,Dance with the Jackals 4,2016,Comedy,3.889,27,0.2138,tr
390353,Traceroute,2016,Comedy|Documentary,6.5,12,0.2213,en
434608,The Trip 4,2016,Comedy,6.5,33,0.172,es
402918,Original Bliss,2016,Drama,4.7,17,0.273,de
411014,Forever Pure,2016,Documentary,6.1,16,0.1632,he
404022,Jim Jefferies: Freedumb,2016,Comedy,7.298,156,0.2209,en
494892,God,2016,Drama,8.3,10,0.248,en
362243,Family Film,2016,Drama|Adventure,6.5,24,0.1589,cs
431346,Iteration 1,2016,Unknown,6.5,10,0.2477,en
396253,Diamond Island,2016,Drama,7.071,28,0.2204,fr
390641,Vaxxed: From Cover-Up to Catastrophe,2016,Documentary,5.476,42,0.2902,en
411278,Passfire,2016,Documentary|History,7.2,12,0.1615,en
379335,Love Records,2016,Music|Comedy|Drama,4.1,11,0.2036,fi
377726,Time Heroes,2016,Family|Adventure,5.5,13,0.2154,de
431242,InnSæi,2016,Documentary,6.8,24,0.2299,en
421663,The Night of the Virgin,2016,Fantasy|Horror|Comedy|Thriller|Mystery,5.5,41,0.2172,es
382913,Mellow Mud,2016,Drama,7.139,18,0.2561,lv
421619,The Constitution,2016,Drama|Comedy,6.567,30,0.1476,hr
647158,El tatuaje,2016,Comedy,6.5,75,0.197,es
606084,Las chicas de la mecánica,2016,Comedy,5.1,13,0.1892,es
412186,'76,2016,Romance|Drama,6.1,11,0.1966,en
402907,Odd Job,2016,Action|Comedy,6.1,190,0.2856,fr
388892,The Rise of a Tomboy,2016,Comedy|Drama|Romance,4.7,10,0.2849,zh
429496,Jingle Ballin',2016,Comedy,6.8,18,0.2147,en
400852,Kolpachino 3: Chain,2016,Comedy,3.909,44,0.1952,tr
425358,Sign,2016,Drama|Music|Romance,5.2,12,0.2105,xx
387929,This House Has People in It,2016,Comedy|Horror,7.482,57,0.18,en
415855,El Paletero,2016,Drama|Action,5.0,24,0.1362,es
393518,Album,2016,Drama|Comedy,5.5,16,0.205,tr
403599,Dolly Deadly,2016,Comedy|Drama|Horror,4.6,11,0.1613,en
408937,Crazy in Love,2016,Unknown,7.293,29,0.2071,es
372711,The Land of the Enlightened,2016,Documentary,6.0,14,0.2728,en
389116,Rauf,2016,Family|Drama|Romance,6.8,14,0.1907,tr
400216,Breakfast at Dad's,2016,Comedy|Drama|Family,7.2,17,0.2789,ru
362229,She Kills,2016,Action|Horror,4.6,20,0.2165,en
429405,Boys Will Be Boys,2016,Comedy,6.4,31,0.2235,nl
399504,S Is for Stanley,2016,Documentary,7.5,84,0.1924,it
389358,Antonio  ihm schmeckt's nicht!,2016,Comedy,5.4,18,0.1412,de
275257,Mara'akame's Dream,2016,Drama,6.7,15,0.2034,es
118626,She Wolf Rising,2016,Horror,3.2,12,0.1762,en
379316,The Caretaker,2016,Thriller|Horror,5.8,16,0.2214,pt
412672,My Father's Wings,2016,Drama,6.2,11,0.2595,tr
379500,Under the Gun,2016,Documentary,5.7,21,0.1595,en
418429,Before Monday,2016,Comedy,5.4,69,0.1697,it
411677,Austerlitz,2016,Documentary,6.9,13,0.1901,en
351398,Manhunt: Escape to the Carpathians,2016,Crime|TV Movie,5.0,15,0.159,de
442236,Finding Oscar,2016,Mystery|Documentary|Crime|History,7.7,12,0.2041,en
275229,The Darkness,2016,Thriller,5.9,48,0.1807,es
407300,Something in the Woods,2016,Unknown,5.3,10,0.1727,en
376515,Becoming Mike Nichols,2016,Documentary,6.9,17,0.1907,en
387989,Vita  Cuore  Battito,2016,Comedy,5.5,85,0.2096,it
415445,The Glass Coffin,2016,Thriller|Horror,5.0,24,0.2221,es
434669,My Little Sister,2016,Horror,4.9,30,0.2744,en
437048,Hacking Bloggers,2016,Comedy|Science Fiction|Adventure,1.9,21,0.2103,ru
404383,Jamel et ses amis au Marrakech du rire 2016,2016,Comedy|Family,7.0,17,0.2376,fr
364601,Restless Love,2016,Drama|Comedy,7.0,15,0.2219,pt
388592,Goran,2016,Drama|Thriller,5.3,12,0.2137,hr
425898,La Folle Soirée du Palmashow 3,2016,Comedy|Family|TV Movie,7.1,23,0.1938,fr
410537,The Amityville Terror,2016,Horror,5.129,66,0.1744,en
360348,The Human Face of Big Data,2016,Documentary,6.6,12,0.1742,en
393868,The Champions League,2016,Comedy,4.444,81,0.2007,it
387054,Jimmy Carr: Funny Business,2016,Comedy|TV Movie,6.9,148,0.1966,en
346354,At Your Doorstep,2016,Drama|Music,5.2,27,0.2409,es
480985,Dust Buddies,2016,Animation|Comedy,5.9,12,0.1059,en
393870,My Father Jack,2016,Unknown,4.3,11,0.1595,it
511186,Grinder,2016,Drama|Thriller,2.8,10,0.2049,en
376263,How to Let Go of the World and Love All the Things Climate Can't Change,2016,Documentary,4.5,10,0.4143,en
342123,Cassette: A Documentary Mixtape,2016,Documentary,6.342,19,0.201,en
387748,Tamara and the Ladybug,2016,Drama,5.2,10,0.2311,es
388791,#SelfieParty,2016,Comedy,5.1,10,0.2334,uk
393629,Pure Pwnage: Teh Movie,2016,Comedy|Documentary,7.0,12,0.1721,en
407284,Brides to Be,2016,Drama|Horror|Romance,3.2,11,0.1718,en
403858,Budhia Singh: Born to Run,2016,Drama,6.375,16,0.1641,hi
466982,G O'Clock,2016,Drama,4.9,11,0.2179,en
381044,The Bandit,2016,Documentary,7.6,11,0.1752,en
395269,The Worlds of Philip K. Dick,2016,Documentary|History|TV Movie,6.556,18,0.1362,fr
392885,Daniel Tosh: People Pleaser,2016,Comedy,7.1,20,0.1516,en
424062,Wish for Christmas,2016,Family|Drama,4.7,19,0.2524,en
536381,Death by Metal,2016,Documentary|Music,7.1,14,0.1665,en
390675,On Air: Storia di Un Successo,2016,Music|Comedy|Drama,4.94,25,0.4885,it
438635,Ashley Madison: Sex  Lies and Cyber Attacks,2016,Documentary,5.5,26,0.1337,en
421708,The Absence of Eddy Table,2016,Mystery|Animation|Horror|Romance,7.1,10,0.2068,no
395479,City 40,2016,Documentary|History,6.2,48,0.1494,en
408540,Feather,2016,Comedy,6.365,229,0.1604,it
394528,Louis Theroux: Drinking to Oblivion,2016,Documentary|TV Movie,7.36,25,0.2225,en
393961,Food Choices,2016,Documentary,7.2,72,0.2771,en
424505,Mum Is Wrong,2016,Drama,6.0,36,0.2222,fr
412189,The Arbitration,2016,Drama,6.7,11,0.187,en
377156,Death in Sarajevo,2016,Drama,6.2,19,0.191,bs
329025,Ditch Day Massacre,2016,Horror,4.4,27,0.2097,en
421247,Amerika Square,2016,Drama,5.853,17,0.1657,el
412698,Deliver Me,2016,Documentary,6.441,17,0.2325,it
449078,Time Sweep,2016,Drama|Thriller,4.7,10,0.1385,es
408428,Pawn Street,2016,Drama,5.9,16,0.1334,it
427997,El Inca,2016,Drama,7.477,22,0.2017,es
317954,City of Gold,2016,Documentary,6.318,33,0.1096,en
426480,Mariela Castro's March: Cuba's LGBT Revolution,2016,Documentary,4.3,10,0.1456,en
390518,Reset,2016,Documentary,7.8,21,0.1792,fr
406398,Pear Cider and Cigarettes,2016,Animation|Drama,6.8,40,0.2494,en
501139,Cautionary Tales,2016,Drama|Comedy,6.6,15,0.2333,en
427274,I Wish  I Wish,2016,Horror,5.6,20,0.112,es
412658,Flemish Heaven,2016,Drama,6.4,11,0.1624,nl
464605,13 Demons,2016,Thriller,3.5,13,0.1543,en
397403,Brexit: The Movie,2016,Documentary,5.8,10,0.1621,en
380534,Hidden Colors 4: The Religion of White Supremacy,2016,Documentary,6.7,12,0.1959,en
372345,Ozhivudivasathe Kali,2016,Mystery|Crime|Drama,7.5,13,0.3349,ml
389297,Believeland,2016,Documentary,5.9,10,0.2414,en
393516,Happy Times Will Come Soon,2016,Drama,5.4,16,0.1976,it
390812,Presque comme les autres,2016,Drama|TV Movie,6.7,12,0.1966,fr
415032,The Fabulous Patars,2016,Comedy,6.6,88,0.1649,fr
412472,Kookie,2016,Horror,5.471,17,0.1347,en
429324,Expedition Mars: Spirit & Opportunity,2016,Documentary,7.8,15,0.1957,en
496378,Functional Fitness,2016,Documentary,5.8,10,0.1464,en
426634,The Coming War on China,2016,Documentary,6.6,29,0.144,en
378813,Aloys,2016,Drama|Fantasy,6.4,84,0.2022,de
426488,Pete Holmes: Faces and Sounds,2016,Comedy|TV Movie,6.6,27,0.2478,en
447704,The Evangelist,2016,Thriller|Horror,3.8,10,0.1619,en
322465,Floating!,2016,Comedy|Drama|Romance,3.0,22,0.3094,de
437041,Massacre on Aisle 12,2016,Comedy|Horror,4.9,26,0.1762,en
520961,You Don't Know Who You're Talking To,2016,Comedy,6.421,19,0.2348,es
411516,A German Life,2016,Documentary,6.5,12,0.1425,de
408436,Quit Staring at My Plate,2016,Drama,5.864,22,0.1882,hr
456809,Heaven in Hell,2016,Drama|Comedy,6.2,11,0.1459,es
549340,Documenting the Face of America: Roy Stryker & the FSA Photographers,2016,Documentary,6.8,10,0.1668,en
456996,Summer's Over,2016,Drama,7.2,10,0.1469,ro
379388,Plants,2016,Drama,4.7,13,0.1357,es
399343,Fräulein - A Winter’s Tale,2016,Comedy|Drama,5.3,39,0.1574,it
322151,Chopping Block,2016,Comedy|Horror,4.6,10,0.2514,en
447289,#Sohavégetnemérős,2016,Comedy|Music,6.9,10,0.2537,hu
424979,Little Miss Perfect,2016,Drama,5.1,14,0.2538,en
432646,The Children of Villa Emma,2016,Drama|History|War,5.2,11,0.2297,de
407296,The Killing$ of Tony Blair,2016,Documentary,6.8,11,0.1635,en
432036,Il mio vicino del piano di sopra,2016,Comedy|TV Movie,6.1,12,0.1169,it
593754,Jennifer Lopez | All I Have,2016,Music|Documentary,9.7,16,0.1656,en
413788,Stockholm  My Love,2016,Drama|Music,6.7,18,0.1256,en
421075,Botticelli – Inferno,2016,Documentary,6.9,12,0.132,de
425498,Michael Che Matters,2016,Comedy|TV Movie,6.864,81,0.1835,en
381725,Mad about Her,2016,Romance|Comedy,5.9,32,0.2108,pt
421559,Plan Z,2016,Horror,4.2,22,0.2029,en
399437,Zoo Quest in Colour,2016,Documentary,8.5,12,0.1091,en
349091,The Freddie Mercury Story: Who Wants to Live Forever?,2016,Documentary|TV Movie|Music,8.0,12,0.214,en
392770,L'universale,2016,Comedy,5.3,17,0.1233,it
429828,Sneakers,2016,Drama,5.7,11,0.1972,ru
480535,Fox and the Whale,2016,Animation,6.8,19,0.0741,xx
459918,A Winter to Remember,2016,Drama|Romance,6.4,39,0.115,es
388335,Benavidez’s Case,2016,Thriller,5.1,13,0.1106,es
385238,Vettah,2016,Mystery|Thriller,6.7,15,0.2077,ml
353259,Lucha Mexico,2016,Documentary,6.5,10,0.1342,en
445564,BAD,2016,Romance|Drama,7.9,16,0.137,en
401539,Play the Devil,2016,Drama,4.389,18,0.1567,en
471713,B.F.F.,2016,Drama,7.5,10,0.1474,en
376560,The Final Project,2016,Thriller|Horror,3.1,21,0.16,en
407365,I Had A Bloody Good Time At House Harker,2016,Comedy|Horror,5.54,25,0.3351,en
347070,The Stylist,2016,Drama|Horror,5.7,21,0.1113,en
413562,The Alien and Me,2016,Comedy|Music|Romance,5.2,17,0.1562,es
377461,Doc & Darryl,2016,Documentary,6.8,11,0.2799,en
417741,El Amparo,2016,Drama,6.1,12,0.1201,es
378489,The Woods Dreams Are Made of,2016,Documentary,6.167,12,0.3002,fr
428252,Distance Between Dreams,2016,Adventure|Documentary|Action,5.364,11,0.1466,en
473286,The Truth About Alcohol,2016,Documentary,7.2,15,0.1351,en
410649,Argentino QL,2016,Comedy,6.9,16,0.1284,es
419314,7 Days,2016,Drama|Romance,5.8,24,0.1503,it
400747,My Guardian Angel,2016,Thriller,7.692,13,0.2083,en
381019,Accidental Courtesy: Daryl Davis  Race & America,2016,Documentary,7.517,29,0.1572,en
417633,Miséricorde,2016,Mystery|Drama,5.6,12,0.1924,fr
449883,Camp Blood 666,2016,Horror,4.5,17,0.1231,en
413017,I Am Not Salvador,2016,Comedy,3.1,14,0.1866,fa
398415,Hyper-Reality,2016,Science Fiction|Thriller,5.8,16,0.189,es
423525,Reunion 2: The Bachelor Party,2016,Comedy,4.6,18,0.217,fi
422471,Pitchfork,2016,Horror,3.6,42,0.1621,en
384289,Peter and the Farm,2016,Documentary,7.053,19,0.1575,en
430029,What's the Matter with Gerald?,2016,Comedy|Drama|Fantasy,5.6,12,0.162,en
421490,Tall Men,2016,Fantasy|Horror|Thriller,3.6,18,0.16,en
418223,On the Trail of My Father,2016,Adventure|Drama,6.179,28,0.1421,it
346013,Lost Paradise,2016,Thriller,5.886,44,0.6738,es
401112,Eastern Business,2016,Comedy|Drama,7.7,21,0.2582,ro
425003,Colin Quinn: The New York Story,2016,Comedy,6.1,24,0.1686,en
427099,Joe & Caspar Hit the Road USA,2016,Comedy,5.4,11,0.1868,en
382997,Onda su onda,2016,Comedy,4.7,34,0.2103,it
377287,The Son of Joseph,2016,Comedy|Drama,6.7,27,0.1863,fr
408544,The Blind Christ,2016,Drama,5.2,28,0.1859,es
429987,Midsummer Night's Murder,2016,Crime|Comedy,5.0,10,0.1465,de
389260,Slender,2016,Thriller|Horror,3.2,17,0.1038,en
423046,The Legend of King Arthur,2016,Music|Romance,7.9,25,0.216,fr
394196,Sauna the Dead: A Fairy Tale,2016,Horror|Romance,6.6,20,0.1605,en
381449,We Are The Tide,2016,Mystery|Science Fiction,5.7,31,0.199,de
415542,Jeff Ross Roasts Cops,2016,Comedy,6.188,16,0.1473,en
404360,Cuernito Armani,2016,Unknown,6.9,10,0.1238,es
425765,Tamara,2016,Drama|Romance,6.8,21,0.1245,es
411010,An Insignificant Man,2016,Documentary,6.4,11,0.138,hi
355950,A Boyfriend for My Wife,2016,Comedy,6.0,54,0.2119,pt
419416,Brillo Box (3¢ off),2016,Documentary,6.8,12,0.1321,en
349948,The Dark Below,2016,Thriller,4.8,20,0.1075,en
402992,Deadman Apocalypse,2016,Adventure,4.3,10,0.1947,en
413834,Gringo: The Dangerous Life of John McAfee,2016,Documentary|Drama,6.7,70,0.2098,en
412730,Theatre of Life,2016,Documentary,5.9,15,0.1887,en
365336,Spring Awakening,2016,Thriller|Drama,4.6,17,0.2129,el
378378,Brasserie Valentine,2016,Romance,5.429,14,0.1303,nl
487585,Guerrero: The Movie,2016,Drama,8.4,20,0.2093,es
410794,Rats,2016,Documentary,6.0,61,0.1256,en
815770,El sexo me divierte 2,2016,Comedy,5.639,36,0.1369,es
424580,Sad Vacation: The Last Days of Sid and Nancy,2016,Documentary,6.8,10,0.1466,en
588843,Ishi's Return,2016,Documentary,6.7,28,0.1261,en
370213,Sonita,2016,Documentary|Music,6.9,25,0.1115,fa
379371,Pre Vis Action,2016,Action,6.3,25,0.1371,xx
371961,Boy 23: The Forgotten Boys of Brazil,2016,Documentary,7.7,23,0.0943,pt
431267,Hinterlands,2016,Horror|Mystery,7.4,16,0.1132,en
378503,The Wounded Angel,2016,Drama,6.9,14,0.1484,kk
351739,Dwelling,2016,Horror,4.7,16,0.0873,en
345139,Homeland: Iraq Year Zero,2016,Documentary,6.9,15,0.1136,ar
361146,Point Zero,2016,Thriller|Drama,5.3,12,0.1583,pt
421888,Dead Heart,2016,Drama|Horror|Thriller,6.3,17,0.1584,es
460644,The Jihadis Next Door,2016,Documentary,7.0,11,0.1575,en
405197,Only for the Weekend,2016,Comedy,4.5,14,0.1648,it
381649,Strike a Pose,2016,Documentary,6.7,42,0.4078,nl
404582,Demon Tongue,2016,Horror,3.5,13,0.1197,en
375812,The 3 L'il Pigs 2,2016,Comedy,5.7,16,0.2476,fr
408992,Angry Birds: The Early Hatchling Gets the Worm,2016,Animation,5.9,11,0.1194,en
394632,Free to Run,2016,Documentary,7.3,25,0.1677,en
429126,Reggie Watts: Spatial,2016,Comedy,5.92,25,0.1375,en
385673,Astrosamantha,2016,Documentary,6.5,10,0.1605,it
377446,Tony Hinchcliffe: One Shot,2016,Comedy,7.0,10,0.1023,en
392342,Callback,2016,Thriller,4.3,10,0.1512,es
355786,Thithi,2016,Comedy|Drama,7.729,24,0.1134,kn
433281,Scavengers,2016,Science Fiction|Animation,8.074,27,0.167,en
415482,First Contact: Lost Tribe of the Amazon,2016,Documentary,7.1,20,0.1541,en
310577,A Better Place,2016,Fantasy,4.4,11,0.1462,en
404070,Lina,2016,Drama,6.2,10,0.1112,de
406454,Fury of the Demon,2016,Horror|Mystery|Fantasy,6.6,15,0.1607,fr
404757,Train Driver's Diary,2016,Comedy|Drama,6.7,27,0.165,sr
430183,Piccoli segreti  grandi bugie,2016,Comedy|TV Movie|Romance,5.8,11,0.3856,it
420560,Anna,2016,Drama,7.4,19,0.097,es
377150,A Dragon Arrives!,2016,Drama|Mystery|Horror,6.0,33,0.1729,fa
486362,Fuga de la Patagonia,2016,Adventure|Thriller|Western,7.0,36,0.1255,es
332806,I Am Belfast,2016,Documentary,6.7,18,0.1076,en
428975,The Cormorants,2016,Family|Adventure,5.706,17,0.1421,it
405203,Born in Heinola,2016,Drama|Music,7.1,16,0.2097,fi
359947,Agnes,2016,Drama|Romance,3.4,10,0.1723,de
426348,Get a Room,2016,Comedy,5.1,12,0.1401,pt
428898,Turn Around,2016,Horror,5.8,10,0.172,en
415355,A Town Called Panic: Back to School Panic!,2016,Comedy|Animation,6.9,11,0.2251,fr
395965,A Billion Lives,2016,Documentary,8.0,20,0.2357,en
425841,Kathleen Madigan: Bothering Jesus,2016,Comedy,7.4,13,0.093,en
415735,Sebastian Maniscalco: Why Would You Do That?,2016,Comedy,7.4,34,0.0962,en
407897,Vintage Tomorrows,2016,Documentary,6.7,10,0.1808,en
113323,Frankenstein Created Bikers,2016,Horror|Science Fiction|Action|Thriller|Crime,4.0,11,0.5183,en
419392,Snake Bite,2016,Adventure|Thriller|Horror,6.9,16,0.1176,en
324421,We Are Twisted Fucking Sister!,2016,Music|Documentary,6.5,50,0.1281,en
393967,My Brothers and Sisters in the North,2016,Documentary,7.6,10,0.1771,de
469950,Music When The Lights Go Out,2016,Documentary,6.3,15,0.1136,pt
418992,Lewis Black: Black to the Future,2016,Comedy,6.7,15,0.1227,en
361255,Looking for Her,2016,Drama,4.7,13,0.3358,fr
276537,The Last Man on the Moon,2016,Documentary|History,6.7,89,0.16,en
631303,The Devil's Hour,2016,Horror|Drama|Thriller,8.9,14,0.1093,en
481261,The Eleven O'Clock,2016,Comedy,7.1,34,0.1261,en
457049,Crone Wood,2016,Horror,4.118,17,0.0955,en
477253,In arte Nino,2016,Drama|TV Movie,7.1,66,0.1911,it
324312,T-Rex,2016,Documentary,6.1,12,0.2026,en
408267,Godless,2016,Drama,4.5,17,0.0991,bg
384586,Vendeur,2016,Drama,5.6,33,0.0893,fr
434711,To Stay Alive: A Method,2016,Documentary|Music,5.654,13,0.3219,en
408296,The Train of Salt and Sugar,2016,Adventure|Drama|War,7.4,10,0.1978,pt
390784,Maurizio Cattelan: Be Right Back,2016,Documentary,6.7,11,0.0792,en
447599,The Moonlight Man,2016,Horror,4.7,17,0.1208,en
334683,Code: Debugging the Gender Gap,2016,Documentary,7.3,11,0.1141,en
416403,Planet Unknown,2016,Animation|Science Fiction|Adventure,6.6,26,0.1358,zh
427996,La Fine Équipe,2016,Comedy,6.1,16,0.1013,fr
425964,Ahmed Sylla - Avec un grand A,2016,Comedy,7.2,39,0.1313,fr
386376,Osman Pazarlama,2016,Comedy,3.875,64,0.1609,tr
384845,Fittest on Earth: The Story of the 2015 Reebok CrossFit Games,2016,Documentary,7.083,24,0.1918,en
396597,Before the Rooster Crows,2016,Drama,5.8,12,0.1852,es
387941,Everything Else,2016,Drama,5.3,12,0.0907,es
393571,Raving Iran,2016,Documentary,6.6,16,0.1062,fa
447053,The Good Plumber,2016,Comedy,5.4,13,0.1716,cs
409155,Toril,2016,Thriller,6.1,16,0.119,fr
387733,Such Is Life in the Tropics,2016,Thriller,6.7,13,0.1649,es
395802,Freightened: The Real Price of Shipping,2016,Documentary,7.6,10,0.1765,sv
393710,Les Habitants,2016,Documentary,6.1,15,0.1335,fr
393774,A Song For Your Mixtape,2016,Drama,4.5,11,0.1075,en
382212,Homo Sapiens,2016,Documentary,7.1,33,0.141,de
392587,The Sociologist and the Bear Cub,2016,Documentary,6.1,15,0.1699,fr
416867,Iliza Shlesinger: Confirmed Kills,2016,Comedy,6.2,91,0.1753,en
388899,A Fistful of Grapes,2016,Comedy,5.0,27,0.14,it
828023,Star Trek: Horizon,2016,Action|Adventure|Science Fiction,3.9,10,0.097,en
422010,I Know You're in There,2016,Horror,5.1,25,0.1185,en
623098,Pearl,2016,Animation,6.592,38,0.1253,en
422253,¿Pa' qué me casé?,2016,Comedy,7.6,11,0.1314,es
437576,Life after killing,2016,Drama|TV Movie,4.7,14,0.0938,fr
422431,Black Sun,2016,Unknown,5.583,12,0.1228,es
419371,Abbey Grace,2016,Horror,4.0,17,0.0922,en
412213,The Women's Balcony,2016,Drama|Comedy,7.2,24,0.1141,he
437816,La sociale,2016,Documentary,7.3,13,0.1371,fr
479702,Masters in the Forbidden City,2016,Documentary,7.2,10,0.0908,zh
412242,Guilty Men,2016,Western|Drama|Thriller,6.1,17,0.1912,es
464251,Footprints  the Path of Your Life,2016,Documentary,6.9,11,0.2269,es
404249,Seat in Shadow,2016,Drama,5.1,10,0.0942,en
354388,No Home Movie,2016,Documentary,6.5,35,0.0737,fr
405671,It's Not the Time of My Life,2016,Comedy|Drama,6.083,12,0.1202,hu
422987,L'Invitation,2016,Comedy,5.5,24,0.1643,fr
423118,Turma da Mônica em Cine Gibi 9: Vamos Fazer de Conta,2016,Family|Animation|Comedy,6.8,10,0.777,pt
434784,Unseen,2016,Documentary|Crime,6.6,14,0.1048,en
373399,A Song of Lisbon,2016,Comedy|Music|Romance,5.6,14,0.127,pt
396924,Willy the 1st,2016,Comedy|Drama,6.0,61,0.0813,fr
393570,Chasing Asylum,2016,Documentary,8.0,12,0.1601,en
465178,Miss,2016,Romance|Comedy,6.1,10,0.1145,es
402466,Therapy,2016,Crime|Horror|Thriller,4.4,15,0.0749,fr
881502,Bad Ben,2016,Comedy|Horror|TV Movie|Thriller,5.8,22,0.1697,en
429292,Wolfsland – Ewig Dein,2016,TV Movie|Crime|Mystery|Action,5.4,11,0.1132,de
386794,Solange And The Living,2016,Drama|Comedy,5.5,12,0.1108,fr
409281,Amityville: No Escape,2016,Horror,2.471,17,0.132,en
418670,Everything Now,2016,Thriller,6.2,25,0.1305,fr
405225,The Triangle,2016,Mystery|Horror,4.6,31,0.0868,en
396109,Gary Gulman: It's About Time,2016,Comedy,6.7,13,0.0964,en
376257,Trapped,2016,Documentary,7.0,12,0.1449,en
394628,Aliens: The Big Think,2016,Documentary,6.9,10,0.0795,en
410506,Insane,2016,Horror,3.6,10,0.1066,es
318226,Hillsong: Let Hope Rise,2016,Documentary|Music,5.5,13,0.0802,en
401387,Sunspring,2016,Science Fiction,6.1,24,0.093,en
390751,Solitary,2016,Documentary|Crime,7.1,17,0.1898,en
474231,NOVA: Life's Rocky Start,2016,Documentary|History,8.1,10,0.0891,en
414547,Samurai Rauni,2016,Comedy|Drama,5.1,16,0.0802,fi
442303,Herculanum,2016,Drama,5.7,15,0.0613,fr
458049,Kids vs Wizards,2016,Animation|Adventure|Family|Fantasy,1.714,14,0.0796,ru
481702,A Haunting on Dice Road: The Hell House,2016,Documentary|Horror|Drama,5.4,10,0.1108,en
381046,The Dwarvenaut,2016,Documentary,6.2,10,0.0863,en
427413,Enemies Within,2016,Drama,6.4,20,0.0801,fr
776039,I delitti del BarLume - Azione e reazione,2016,Comedy|Crime|Drama,6.8,11,0.137,it
310707,The Dooms Chapel Horror,2016,Thriller|Horror,3.9,10,0.0846,en
442581,Les Bodin's : Grandeur Nature (@Zenith de Limoges),2016,Comedy,7.8,12,0.1294,fr
569492,I delitti del BarLume - Il telefono senza fili,2016,Comedy|Crime|Drama,6.6,20,0.0707,it
483830,Johnny,2016,Drama,5.1,10,0.1592,en
555435,Курорт. Провинциальная история Хэ,2016,Drama|Action,6.0,39,0.0855,ru
424588,Moth,2016,Thriller|Horror,3.3,17,0.1256,en
333375,Prescription Thugs,2016,Documentary,6.5,47,0.1803,en
415725,Doug Stanhope: No Place Like Home,2016,Comedy,6.3,23,0.0775,en
408294,El Candidato,2016,Comedy,4.9,11,0.1099,es
710080,The Gift,2016,Documentary,4.4,20,0.0723,pl
403911,Sofía Niño de Rivera: Exposed,2016,Comedy,7.2,10,0.1477,es
385598,Europe  She Loves,2016,Documentary,5.3,18,0.0973,de
378137,Hannibal Buress: Comedy Camisado,2016,Comedy,6.2,92,0.0891,en
357054,The Suffering,2016,Horror|Mystery|Thriller,4.7,23,0.1239,en
417682,The Cop Cam,2016,Horror,4.0,11,0.083,en
399596,Lost Creek,2016,Drama|Fantasy|Horror,4.1,10,0.0743,en
428566,The Good Postman,2016,Documentary,6.909,11,0.0579,bg
388763,Xavier,2016,Drama,4.9,12,0.0859,pt
419354,Catholics vs. Convicts,2016,Documentary,7.0,11,0.1214,en
399264,Growing Up Coy,2016,Documentary,6.5,22,0.2324,en
444066,Pet Fooled,2016,Documentary,7.0,16,0.0691,en
410965,Jeff Foxworthy & Larry the Cable Guy: We've Been Thinking,2016,Comedy,5.5,18,0.0779,en
376086,Dark Beast,2016,Drama,5.9,10,0.0643,es
420479,A Promise of Time Travel,2016,Science Fiction|Drama|Mystery,5.4,11,0.0697,en
385246,Toy Guns,2016,Comedy,6.0,25,0.0593,es
330266,Late Night Double Feature,2016,Thriller|Comedy|Horror,4.8,16,0.0956,en
413040,Mountain,2016,Drama,6.5,10,0.169,it
411237,Curse of the Man Who Sees UFOs,2016,Documentary,6.9,10,0.1045,en
412394,The Wishgranter,2016,Romance|Animation|Comedy,6.7,22,0.1405,en
447925,Nuraghes,2016,Fantasy|Drama,6.6,22,0.09,it
425945,Agente Ñero Ñero 7,2016,Comedy,6.9,29,0.0559,es
408396,The Challenge,2016,Documentary,6.7,11,0.0818,ar
384589,Marie and the Misfits,2016,Comedy,6.2,15,0.0728,fr
447234,Ali Kundilli 2,2016,Adventure|Comedy,4.188,16,0.0956,tr
339568,No Land's Song,2016,Documentary,6.6,11,0.0696,de
541503,Engaño a primera vista,2016,Unknown,8.889,27,0.0645,es
385808,Keep Quiet,2016,Documentary,6.923,13,0.0658,en
562889,Donbass,2016,Documentary,5.4,11,0.0607,fr
400127,Dead Uncle,2016,Comedy,6.5,12,0.12,it
430273,Rama Rama Re,2016,Thriller|Comedy|Drama,7.235,17,0.074,kn
393861,Grotto,2016,Adventure|Fantasy|Family,4.0,13,0.0887,it
345906,Panamerican Machinery,2016,Drama|Comedy,5.3,10,0.0526,es
413049,American Anarchist,2016,Documentary,6.3,53,0.1016,en
484079,Into the Mud,2016,Thriller|Horror,5.8,10,0.0918,es
423122,Dana Carvey: Straight White Male  60,2016,Comedy|Documentary|TV Movie,6.315,62,0.0577,en
399637,The Freedom to Marry,2016,Documentary,5.1,10,0.0645,en
601386,El balón de oro,2016,Drama|Fantasy,7.167,18,0.0572,es
369464,Mon maître d'école,2016,Documentary,7.2,16,0.0739,fr
398256,Death by Design,2016,Documentary,7.083,12,0.0558,en
393588,Batrachian's Ballad,2016,Documentary,6.5,10,0.0588,pt
397356,Accidents  Blunders and Calamities,2016,Animation,7.6,10,0.0842,en
541556,Juana Azurduy  Guerrillera de la Patria Grande,2016,History,7.9,12,0.0681,es
354428,Dead Slow Ahead,2016,Drama|Documentary,6.9,22,0.1159,tl
427965,Robinù,2016,Documentary,6.524,21,0.0519,it
412702,Sarah Winchester: Ghost Opera,2016,Music|Horror,5.9,14,0.0817,fr
417026,Russell Peters: Almost Famous,2016,Comedy,6.228,46,0.0615,en
434806,Slapper,2016,Drama,5.9,13,0.0802,en
408229,Hello Gangster,2016,Action|Crime|Comedy,5.967,15,0.0536,en
423614,William  the New Judo Master,2016,Drama,5.182,11,0.0498,es
538246,La Dama del Corvette,2016,Action|Crime,6.4,94,0.0492,es
392676,Down to Earth,2016,Documentary,7.3,10,0.0516,en
455599,The Night Of The Wild Boar,2016,Thriller,5.2,10,0.0583,es
403173,Pete Johansson: You Might Also Enjoy Pete Johansson,2016,Comedy,6.45,10,0.0682,en
422343,The Daughter,2016,Drama,5.7,13,0.0828,es
392091,Los Punks: We Are All We Have,2016,Documentary,5.8,10,0.0932,en
380817,Jihadists,2016,Documentary,7.65,10,0.0623,fr
894536,Pintus @Arena,2016,Unknown,7.35,10,0.0418,it
414910,Tonight It's You,2016,Horror,5.9,17,0.0805,en
430353,My Worst Wedding,2016,Romance|Comedy,5.3,10,0.0858,es
406598,Standing in the Dust,2016,Drama|War,6.9,16,0.0555,fa
458970,Life After: Chernobyl,2016,Documentary,5.6,10,0.0701,en
373748,JL's Passion,2016,Documentary,6.5,18,0.0256,pt
392320,Pickle,2016,Documentary,6.4,11,0.0667,en
376482,Tom Segura: Mostly Stories,2016,Comedy,7.0,91,0.0363,en
916609,Test,2016,Unknown,7.3,21,0.0478,en
405983,All the Cities of the North,2016,Drama,4.4,11,0.0423,sr
366273,It's So Easy and Other Lies,2016,Documentary,6.0,11,0.0423,en
427409,Once Upon a Line,2016,Animation,7.0,18,0.0404,en
395461,La Laguna,2016,Documentary,6.0,11,0.0404,en
453606,The Objects of Love,2016,Drama,5.4,11,0.1079,es
443069,Indice 50,2016,Family|Animation|Comedy,5.1,14,0.0368,fr
433020,Whindersson Nunes: Marminino,2016,Comedy,8.3,11,0.0261,pt
474070,Concrete Football,2016,Documentary,6.8,18,0.0831,fr
390311,The Return,2016,Documentary,5.7,21,0.0629,en
418688,Blood on the Mountain,2016,Documentary,6.8,13,0.0214,en
425693,Animated Newspaper,2016,Animation,6.1,12,0.0143,fr
674154,Mist,2016,Unknown,6.1,10,0.0143,en
426358,Man,2016,Unknown,6.2,10,0.0071,en
