id,title,release_year,genres,vote_average,vote_count,popularity,original_language
350,The Devil Wears Prada,2006,Drama|Comedy,7.43,13662,106.4381,en
1579,Apocalypto,2006,Action|Drama|History,7.631,6378,46.0604,en
58,Pirates of the Caribbean: Dead Man's Chest,2006,Adventure|Fantasy|Action,7.4,17183,23.5719,en
4257,Scary Movie 4,2006,Comedy,5.487,3593,26.5994,en
1402,The Pursuit of Happyness,2006,Drama,7.886,10601,20.4606,en
950,Ice Age: The Meltdown,2006,Animation|Family|Comedy|Adventure,6.719,10344,13.4859,en
1417,Pan's Labyrinth,2006,Fantasy|Drama|War,7.764,11469,12.6435,es
920,Cars,2006,Animation|Adventure|Comedy|Family,7.031,15121,14.0553,en
36557,Casino Royale,2006,Adventure|Action|Thriller,7.57,11693,14.112,en
1422,The Departed,2006,Drama|Thriller|Crime,8.16,16220,13.2994,en
1124,The Prestige,2006,Drama|Mystery|Science Fiction,8.2,17603,12.4541,en
9655,She's the Man,2006,Comedy|Romance,6.817,3288,10.4175,en
9072,Little Man,2006,Comedy|Crime,5.955,1905,10.819,en
9792,The Hills Have Eyes,2006,Horror|Thriller,6.467,3346,10.6086,en
1948,Crank,2006,Action|Thriller|Crime,6.66,4217,9.7487,en
9693,Children of Men,2006,Science Fiction|Thriller|Action,7.613,7856,7.6133,en
752,V for Vendetta,2006,Action|Thriller|Science Fiction,7.9,15569,8.173,en
591,The Da Vinci Code,2006,Thriller|Mystery,6.726,10068,8.5086,en
7512,Idiocracy,2006,Comedy|Science Fiction|Adventure,6.375,3557,8.1867,en
1593,Night at the Museum,2006,Fantasy|Family|Comedy,6.6,10962,8.0452,en
11619,Flushed Away,2006,Adventure|Animation|Comedy|Family,6.327,4096,9.0691,en
7518,Over the Hedge,2006,Adventure|Animation|Comedy|Family,6.597,4848,7.2586,en
1372,Blood Diamond,2006,Drama|Thriller|Action,7.561,8335,7.3441,en
8275,American Pie Presents: The Naked Mile,2006,Comedy,5.485,2196,7.7417,en
588,Silent Hill,2006,Horror|Mystery,6.631,4891,7.1511,en
956,Mission: Impossible III,2006,Adventure|Action|Thriller,6.765,7622,7.0844,en
4977,Paprika,2006,Animation|Science Fiction|Thriller,7.813,2866,5.8212,ja
9286,Final Destination 3,2006,Horror|Mystery,6.153,4571,6.7084,en
1427,Perfume: The Story of a Murderer,2006,Crime|Fantasy|Drama,7.363,5012,8.2449,en
1378,Shortbus,2006,Romance|Drama|Comedy,6.264,586,6.4584,en
9353,Nacho Libre,2006,Comedy|Action|Family,6.5,1855,6.7666,en
33142,Vivah,2006,Romance|Drama,6.66,94,6.1152,hi
9297,Monster House,2006,Animation|Comedy|Family|Fantasy,6.7,4328,6.3518,en
14784,The Fall,2006,Adventure|Fantasy|Drama,7.628,1542,6.2387,en
1581,The Holiday,2006,Comedy|Romance,7.101,5637,5.7176,en
1246,Rocky Balboa,2006,Drama,6.9,3800,5.8666,en
1440,Little Children,2006,Drama|Romance,7.077,1151,6.2629,en
9339,Click,2006,Comedy|Drama|Fantasy,6.306,7565,6.2413,en
1452,Superman Returns,2006,Science Fiction|Action|Adventure,5.816,4569,5.7926,en
388,Inside Man,2006,Crime|Drama|Thriller,7.405,6362,5.5548,en
1255,The Host,2006,Horror|Drama|Science Fiction,6.973,3121,5.6428,ko
7484,Open Season,2006,Animation|Family|Adventure|Comedy,6.193,2994,5.7818,en
15255,Undisputed II: Last Man Standing,2006,Action|Crime|Thriller|Drama,7.362,918,5.4456,en
7551,Déjà Vu,2006,Action|Thriller|Science Fiction,6.887,5293,5.3449,en
9836,Happy Feet,2006,Animation|Comedy|Family,6.226,5460,4.8705,en
9992,Arthur and the Invisibles,2006,Adventure|Fantasy|Animation|Family,6.4,3043,5.0413,fr
1690,Hostel,2006,Horror,5.963,3946,5.354,en
9762,Step Up,2006,Music|Drama|Romance|Crime,6.877,3899,5.9491,en
36239,Slaughtered Vomit Dolls,2006,Horror|Drama,4.0,116,4.8098,en
582,The Lives of Others,2006,Drama|Thriller,8.04,4126,5.0547,de
9053,DOA: Dead or Alive,2006,Adventure|Action|Thriller,5.254,919,5.0255,en
9767,The Break-Up,2006,Romance|Comedy,5.905,2834,5.4455,en
17422,Summer Palace,2006,Drama|Romance,7.3,113,5.7802,zh
7516,Smokin' Aces,2006,Action|Comedy|Crime,6.484,1833,4.801,en
70841,Doraemon: Nobita's Dinosaur,2006,Animation|Adventure|Family|Fantasy|Science Fiction,7.448,97,5.0945,ja
9907,Barnyard,2006,Animation|Comedy|Family,5.931,1183,5.0793,en
4643,The Guardian,2006,Action|Adventure|Drama,7.1,1677,6.1295,en
10781,The Texas Chainsaw Massacre: The Beginning,2006,Horror|Thriller,6.157,1949,4.7596,en
9035,Slither,2006,Horror|Science Fiction|Comedy,6.546,1722,4.7156,en
834,Underworld: Evolution,2006,Fantasy|Action|Thriller,6.601,4375,4.9082,en
186,Lucky Number Slevin,2006,Drama|Thriller|Crime|Mystery,7.476,4469,4.4872,en
773,Little Miss Sunshine,2006,Comedy|Drama,7.694,7856,4.1008,en
1164,Babel,2006,Drama,7.173,4076,5.0654,en
9788,Accepted,2006,Comedy,6.446,1784,4.419,en
496,Borat: Cultural Learnings of America for Make Benefit Glorious Nation of Kazakhstan,2006,Comedy,6.787,5975,4.2671,en
17379,Last Holiday,2006,Adventure|Comedy|Drama,7.278,875,4.7804,en
33227,Tapas,2006,Comedy|Drama,5.838,37,5.9929,es
10010,Brother Bear 2,2006,Adventure|Animation|Family,6.664,1566,5.4318,en
1494,Curse of the Golden Flower,2006,Action|Drama|Fantasy,6.868,819,4.9695,zh
13002,Barbie in the 12 Dancing Princesses,2006,Animation|Family,7.6,1251,5.613,en
1491,The Illusionist,2006,Fantasy|Drama|Thriller|Romance,7.299,5322,5.4653,en
22093,Broken Sky,2006,Drama|Romance,5.0,26,4.3222,es
25676,Rob-B-Hood,2006,Drama|Action|Comedy,6.972,679,4.0388,cn
1381,The Fountain,2006,Drama|Adventure|Science Fiction|Romance,6.911,3102,3.8628,en
7549,Fearless,2006,Drama|Action,7.515,1409,4.0975,zh
503,Poseidon,2006,Adventure|Action|Drama|Thriller,5.881,2300,3.9222,en
14069,The Girl Who Leapt Through Time,2006,Fantasy|Animation|Drama|Science Fiction,7.8,2253,3.633,ja
13275,Annapolis,2006,Drama|Action,6.87,571,4.1278,en
39205,Detective Conan: The Private Eyes' Requiem,2006,Animation|Mystery|Adventure,7.1,166,3.6544,ja
214,Saw III,2006,Horror|Thriller|Crime,6.419,4940,4.7699,en
12096,The Pink Panther,2006,Comedy|Mystery|Crime|Adventure|Family,5.872,2137,3.4131,en
10947,High School Musical,2006,Comedy|Family|TV Movie,6.5,4787,4.0701,en
2179,Tenacious D in The Pick of Destiny,2006,Comedy|Music|Fantasy|Adventure,6.782,1777,3.5568,en
9718,Talladega Nights: The Ballad of Ricky Bobby,2006,Comedy,6.379,1900,3.7734,en
44730,One Piece: Giant Mecha Soldier of Karakuri Castle,2006,Animation|Adventure|Action|Comedy|Science Fiction|Fantasy,6.952,188,3.0147,ja
16007,Death Note,2006,Fantasy|Mystery|Thriller,7.073,793,3.7346,ja
3683,Flags of Our Fathers,2006,War|Drama|History,6.853,2020,4.0293,en
11565,Big Momma's House 2,2006,Comedy|Crime,5.772,1700,3.324,en
79518,Naked,2006,Drama,5.3,10,3.8464,nl
9900,Grandma's Boy,2006,Comedy,6.531,751,3.8885,en
82,Miami Vice,2006,Action|Crime|Thriller,6.027,1966,4.5705,en
1887,Marie Antoinette,2006,Drama|History,6.701,2957,3.7947,en
14191,Aquamarine,2006,Fantasy|Romance|Family|Comedy,6.461,1582,3.3307,en
10025,Just My Luck,2006,Comedy|Drama|Family|Fantasy|Romance,6.18,2015,3.1266,en
9766,Gridiron Gang,2006,Crime|Drama,7.066,1099,3.9063,en
2486,Eragon,2006,Fantasy|Action|Adventure|Family,5.136,3450,3.2714,en
19976,The Exterminating Angels,2006,Drama|Fantasy,5.263,78,3.7155,fr
9530,RV,2006,Family|Comedy|Adventure,5.893,1791,5.0114,en
326,Snakes on a Plane,2006,Action|Thriller|Adventure|Crime|Horror,5.491,1986,3.7205,en
9954,The Covenant,2006,Fantasy|Horror|Adventure|Action,5.6,1103,3.5942,en
45380,Crazy Stone,2006,Action|Comedy,7.615,143,3.2927,zh
18377,200 Pounds Beauty,2006,Drama|Comedy|Romance,6.806,348,2.9702,ko
9904,The Wild,2006,Action|Adventure|Animation|Comedy|Family,5.545,1131,3.5015,en
9906,The Ant Bully,2006,Fantasy|Adventure|Animation|Comedy|Family,5.788,1468,4.0121,en
1544,Imagine Me & You,2006,Drama|Comedy|Romance,7.576,1111,3.7027,en
1730,Inland Empire,2006,Horror|Thriller|Mystery|Drama|Fantasy,7.0,1263,2.9731,en
1852,World Trade Center,2006,Drama|History|Thriller,6.134,1809,2.7078,en
9726,A Good Year,2006,Comedy|Drama|Romance,6.692,1643,3.4299,en
3093,Basic Instinct 2,2006,Crime|Mystery|Thriller,4.98,836,3.234,en
1251,Letters from Iwo Jima,2006,Action|Drama|War,7.483,2281,3.4007,en
9829,United 93,2006,Drama|History|Crime|Thriller|Action,7.109,1636,3.6279,en
37933,Tales from Earthsea,2006,Animation|Fantasy|Adventure,6.532,1488,3.884,ja
9975,Curious George,2006,Adventure|Animation|Comedy|Family,6.527,557,3.3458,en
2044,The Lake House,2006,Romance|Drama|Fantasy,7.0,2983,3.5263,en
9986,Charlotte's Web,2006,Comedy|Family|Fantasy,6.234,1459,3.2573,en
9920,Ultraviolet,2006,Science Fiction|Action|Thriller,5.215,1724,2.3591,en
14194,Dhoom 2,2006,Drama|Action|Thriller|Crime,6.64,286,2.9092,hi
512,Scoop,2006,Comedy|Mystery,6.602,1747,3.4194,en
806,The Omen,2006,Horror|Mystery|Thriller,5.654,1191,4.8316,en
2207,16 Blocks,2006,Action|Adventure|Crime|Thriller,6.458,2103,3.05,en
9513,Garfield: A Tail of Two Kitties,2006,Comedy|Family|Adventure,5.6,2344,3.14,en
5820,The Sentinel,2006,Action|Thriller|Crime,6.058,903,2.6007,en
1247,The Good Shepherd,2006,Drama|Thriller|History,6.355,1296,3.1829,en
18861,Naruto the Movie: Guardians of the Crescent Moon Kingdom,2006,Adventure|Animation|Action,7.1,486,3.2896,ja
32740,Krrish,2006,Action|Science Fiction,6.504,278,2.4521,hi
3603,Black Sheep,2006,Horror|Comedy,5.767,823,3.0489,en
13285,Barbie Fairytopia: Mermaidia,2006,Animation|Family|Adventure|Fantasy,6.881,735,3.0792,en
1259,Notes on a Scandal,2006,Drama|Romance,7.095,986,3.0695,en
9969,Deck the Halls,2006,Comedy|Family,5.6,804,2.7664,en
10079,Joy Division,2006,Drama,5.2,26,3.5695,en
9036,Eight Below,2006,Adventure|Drama|Family,7.041,1825,2.9983,en
1969,Bandidas,2006,Action|Comedy|Western|Crime,6.039,1174,2.7511,en
1125,Dreamgirls,2006,Drama|Music,6.715,1083,2.8451,en
6877,Failure to Launch,2006,Romance|Comedy,5.834,1796,3.1507,en
319314,Imprint,2006,Horror|TV Movie,6.913,189,2.8475,ja
9075,Black Book,2006,Drama|Thriller|War,7.5,1246,3.643,nl
128883,Crayon Shin-chan: The Legend Called Dance! Amigo!,2006,Comedy|Animation,7.549,41,2.6057,ja
14113,Zoom,2006,Family|Comedy|Adventure|Action|Science Fiction,5.299,639,3.2838,en
13754,Tekkonkinkreet,2006,Action|Adventure|Animation,7.368,420,2.6425,ja
10007,See No Evil,2006,Horror|Thriller,5.456,705,2.4173,en
14202,The Painted Veil,2006,Romance|Drama,7.3,1272,2.6429,en
21316,Leroy & Stitch,2006,Animation|Comedy|Family|Science Fiction,6.539,608,3.6919,en
9708,The Wicker Man,2006,Horror|Mystery|Thriller,4.353,1415,2.5207,en
9754,Firewall,2006,Action|Crime|Thriller,5.85,1030,3.3625,en
10741,Bobby,2006,Drama,6.417,426,2.791,en
14799,For Your Consideration,2006,Comedy,5.8,178,2.3012,en
8975,The Marine,2006,Action,5.973,828,2.4705,en
1975,The Grudge 2,2006,Horror|Thriller,5.577,1123,2.5008,en
9044,Tristan & Isolde,2006,Drama|Romance,6.7,846,2.394,en
14208,The Librarian: Return to King Solomon's Mines,2006,Fantasy|Action|Adventure,6.266,628,2.557,en
9682,Pulse,2006,Horror|Science Fiction|Mystery|Drama,5.069,593,2.6633,en
9615,The Fast and the Furious: Tokyo Drift,2006,Action|Crime|Drama|Thriller,6.547,7621,2.7216,en
24397,Kiss Me Again,2006,Comedy|Drama|Romance,4.635,26,2.2628,en
7304,Running Scared,2006,Action|Crime|Drama|Thriller,6.991,1157,2.7507,en
9293,John Tucker Must Die,2006,Comedy|Romance,6.102,1471,2.8091,en
80136,Pingpong,2006,Drama,5.9,34,2.2383,de
38015,Tazza: The High Rollers,2006,Crime|Comedy,6.9,99,2.2277,ko
31512,Memories of Matsuko,2006,Comedy|Drama,7.8,183,2.2515,ja
10073,Date Movie,2006,Comedy|Romance,4.277,1053,2.7361,en
10063,The Breed,2006,Thriller|Horror,5.499,424,2.6805,en
10886,The Unknown Woman,2006,Thriller|Drama|Mystery,7.188,373,3.515,it
13205,Bambi II,2006,Animation|Drama|Family,6.536,1055,2.3811,en
9918,Glory Road,2006,Drama|History,7.406,801,2.283,en
16808,Pokémon Ranger and the Temple of the Sea,2006,Family|Animation|Action|Adventure|Fantasy|Science Fiction,6.5,223,2.4154,ja
3509,A Scanner Darkly,2006,Animation|Science Fiction|Thriller,6.802,1949,2.2472,en
12838,One to Another,2006,Drama,6.0,36,2.3303,fr
15077,Election 2,2006,Drama|Crime|Thriller,7.4,205,2.3609,cn
60293,Tom and Jerry: Shiver Me Whiskers,2006,Animation|Comedy|Family|Adventure,6.9,169,2.5253,en
2295,Clerks II,2006,Comedy,6.897,1497,2.2879,en
10069,Stay Alive,2006,Horror|Mystery|Science Fiction,5.82,826,2.2025,en
9794,Employee of the Month,2006,Comedy|Romance,5.6,702,2.2698,en
10067,The Shaggy Dog,2006,Comedy|Family,4.912,588,2.6298,en
2266,Paris Je T'aime,2006,Drama|Romance,6.757,837,2.5951,fr
13767,The Santa Clause 3: The Escape Clause,2006,Comedy|Family|Adventure,5.586,1168,2.8725,en
13960,ATL,2006,Drama|Comedy|Crime|Romance,6.909,171,3.1959,en
8997,Hollow Man II,2006,Horror|Thriller|Science Fiction,4.917,295,2.3764,en
17501,Don,2006,Action|Drama|Thriller,6.916,305,2.3855,hi
3602,I'll Always Know What You Did Last Summer,2006,Horror,4.2,490,2.626,en
7874,Black Snake Moan,2006,Drama,6.831,966,2.4048,en
9664,Flyboys,2006,Action|Adventure|Drama|History|Romance|War,6.5,852,2.4624,en
25527,The Ron Clark Story,2006,TV Movie|Drama,7.596,177,2.4939,en
11651,Hui Buh: The Castle Ghost,2006,Animation|Fantasy|Adventure|Comedy,5.822,233,2.3225,de
219,Volver,2006,Comedy|Drama|Romance,7.478,1917,2.5152,es
9697,Lady in the Water,2006,Drama|Fantasy|Mystery,5.564,1486,2.288,en
15575,Bleach the Movie: Memories of Nobody,2006,Fantasy|Animation|Science Fiction,6.9,227,2.4915,ja
26594,The Secret,2006,Documentary,6.566,385,2.7946,en
15860,Dragon Tiger Gate,2006,Action|Thriller,6.702,238,2.3213,cn
9676,The Black Dahlia,2006,Crime|Thriller|Drama,5.639,1205,2.4364,en
30606,Mobile Suit Zeta Gundam - A New Translation III: Love is the Pulse of the Stars,2006,Action|Animation|Science Fiction|War,6.214,28,1.4812,ja
29926,Dead Boyz Don't Scream,2006,Horror|Thriller,3.5,10,1.9012,en
42324,My Wife is a Gangster 3,2006,Comedy|Action|Drama,5.9,52,2.0477,ko
4474,My Super Ex-Girlfriend,2006,Comedy|Science Fiction|Romance,5.159,1540,2.0834,en
7457,Alpha Dog,2006,Crime|Drama|Thriller,6.646,1513,2.4345,en
50126,Fallen,2006,TV Movie|Drama|Fantasy,6.896,134,3.1133,en
4441,Candy,2006,Drama|Romance,7.1,647,2.4235,en
9948,The Fox and the Hound 2,2006,Adventure|Animation|Comedy|Family,6.0,706,2.4492,en
9988,Beerfest,2006,Comedy,5.837,612,2.1302,en
1262,Stranger Than Fiction,2006,Drama|Comedy|Romance|Fantasy,7.288,2546,1.7911,en
13934,Mater and the Ghostlight,2006,Animation|Comedy|Family|Horror,6.268,478,1.6406,en
12094,Jackass Number Two,2006,Action|Comedy|Documentary,6.6,1262,2.1247,en
37725,It's a Boy Girl Thing,2006,Comedy|Fantasy|Romance,6.524,1104,1.81,en
9642,Asterix and the Vikings,2006,Family|Animation|Comedy|Adventure,6.1,758,2.0974,fr
9270,Brick,2006,Drama|Mystery|Crime,6.82,1373,2.1477,en
10795,Tell No One,2006,Drama|Thriller|Crime|Mystery,7.223,1517,1.9069,fr
61717,Wendy Wu: Homecoming Warrior,2006,Family|Action|Adventure|TV Movie|Comedy,6.2,442,2.46,en
1523,The Last King of Scotland,2006,Drama,7.417,2366,2.3819,en
9957,The Benchwarmers,2006,Comedy,5.865,937,2.2063,en
32158,The Restless,2006,Fantasy|Action|Adventure,5.9,66,1.6859,ko
14620,The Butterfly Effect 2,2006,Drama|Science Fiction|Thriller,4.976,1004,2.8164,en
1441,The Contract,2006,Drama|Action|Thriller|Crime,5.805,565,2.1756,en
52462,The Pet,2006,Drama|Thriller,4.5,31,2.4423,en
1717,All the King's Men,2006,Drama|Thriller,5.789,337,1.9992,en
25764,Dasepo Naughty Girls,2006,Comedy,5.1,30,1.3158,ko
10053,When a Stranger Calls,2006,Horror|Mystery,5.7,1149,1.9632,en
9843,Big Nothing,2006,Action|Comedy|Crime|Thriller,6.454,476,1.7478,en
10089,Evil Bong,2006,Comedy|Horror,3.467,90,1.8872,en
16237,Teen Titans: Trouble in Tokyo,2006,Animation|Action|Science Fiction|TV Movie,7.863,452,1.7755,en
18925,Facing the Giants,2006,Drama,7.577,497,2.1968,en
1252,Lonely Hearts,2006,Drama|Thriller|Crime|Romance,6.052,377,3.0434,en
7839,Wedding Daze,2006,Comedy|Romance,5.627,411,2.4002,en
1116,The Wind That Shakes the Barley,2006,Drama|War,7.328,899,1.9323,en
9656,Black Christmas,2006,Horror|Mystery,5.227,608,2.0232,en
16781,Madea's Family Reunion,2006,Drama|Comedy|Romance,6.391,220,1.8743,en
22510,Hot for Teacher,2006,Comedy|Romance,5.3,29,1.8197,ko
9978,Stormbreaker,2006,Adventure|Action|Family,5.239,672,1.9356,en
14938,The Alibi,2006,Romance|Comedy|Drama,5.649,121,1.8103,en
10115,Stick It,2006,Comedy|Drama,6.814,604,1.998,en
14395,Kabhi Alvida Naa Kehna,2006,Drama|Romance,6.437,231,2.5576,hi
21427,The Valet,2006,Comedy,5.98,555,1.8405,fr
13668,Catch and Release,2006,Comedy|Drama|Romance,5.938,606,1.8633,en
137773,Pokémon: The Mastermind of Mirage Pokémon,2006,TV Movie|Animation|Action|Adventure,6.8,61,1.8116,ja
16140,Death Note: The Last Name,2006,Fantasy|Thriller|Mystery,7.065,546,1.7932,ja
42322,Tarek's Situation,2006,Romance|Comedy,6.966,59,2.2863,ar
624479,Superman II: The Richard Donner Cut,2006,Science Fiction|Action|Adventure,7.4,390,1.9788,en
11908,Hatchet,2006,Comedy|Horror,5.776,722,3.0517,en
9809,Let's Go to Prison,2006,Comedy|Crime,5.839,347,1.9573,en
9895,Man of the Year,2006,Comedy|Romance|Thriller,5.936,500,1.9057,en
13967,Miss Potter,2006,Drama|Family|Romance,6.648,549,2.0073,en
9796,Turistas,2006,Horror|Thriller,5.476,887,2.6113,en
19595,Shark Bait,2006,Animation|Family,5.0,262,1.8988,en
1165,The Queen,2006,Drama|History,6.953,1428,2.0432,en
16761,A Movie of Eggs,2006,Animation|Comedy|Family,7.836,321,1.7787,es
10005,Behind Enemy Lines II: Axis of Evil,2006,Action|Adventure|Thriller,4.922,128,1.8932,en
11652,Invincible,2006,Drama|History,7.0,1029,1.9121,en
109080,Fist of the North Star: The Legend of the True Savior: Legend of Raoh-Chapter of Death in Love,2006,Animation|Action|Adventure,6.684,98,1.4945,ja
9592,Open Water 2: Adrift,2006,Drama|Horror|Thriller,5.471,718,1.8866,en
13171,The Ex,2006,Comedy|Romance,5.285,253,1.793,en
20523,Animal Crossing: The Movie,2006,Animation|Drama|Family,6.8,68,1.7452,ja
20521,Reefer Madness: The Movie Musical,2006,Comedy|TV Movie,6.6,88,1.6972,en
15213,Everyone's Hero,2006,Adventure|Animation|Comedy|Family,6.071,343,1.4913,en
9786,Art School Confidential,2006,Comedy|Drama,6.1,233,1.6318,en
32219,Blade: House of Chthon,2006,Action|Horror|TV Movie|Science Fiction,5.7,87,1.8444,en
1253,Breaking and Entering,2006,Drama|Romance,6.077,267,1.7698,en
107540,Bewitching Attraction,2006,Comedy|Romance,4.1,18,1.9309,ko
15163,Amazing Grace,2006,Drama,6.909,318,1.7149,en
12271,Factory Girl,2006,Drama|History,6.0,269,2.6249,en
15152,OSS 117: Cairo  Nest of Spies,2006,Crime|Action|Adventure|Comedy,7.229,1853,1.8555,fr
282758,Doctor Who: The Runaway Bride,2006,Science Fiction,7.8,248,1.55,en
10032,Van Wilder 2: The Rise of Taj,2006,Comedy|Romance,5.097,428,1.6398,en
23538,A Dirty Carnival,2006,Crime|Drama|Action,7.024,226,1.7053,ko
18843,Dr. Dolittle 3,2006,Comedy|Family|Fantasy,5.133,483,1.6859,en
9727,End Game,2006,Thriller|Action|Crime,5.441,102,1.9309,en
12167,The Art of Negative Thinking,2006,Comedy|Drama,6.758,64,1.8984,no
2269,Day Watch,2006,Fantasy|Action|Adventure|Horror|Thriller,6.101,602,1.786,ru
9828,Unknown,2006,Mystery|Thriller,6.245,462,1.7847,en
13355,Scooby-Doo! Pirates Ahoy!,2006,Fantasy|Animation|Comedy|Family|Mystery|Adventure,7.5,301,1.6778,en
30942,Fatal Contact,2006,Action|Thriller|Crime,6.565,54,1.5397,zh
9389,Renaissance,2006,Action|Animation|Science Fiction,6.557,287,2.7632,fr
18191,Edmond,2006,Drama|Thriller,5.935,217,1.4024,en
20431,Sakuran,2006,History|Drama,6.551,69,1.577,ja
14449,The Banquet,2006,Fantasy|Drama|Action|History,6.126,123,1.6067,zh
12763,Take the Lead,2006,Drama|Music,6.857,745,1.9752,en
10118,Material Girls,2006,Comedy|Family|Romance,5.297,483,2.5433,en
9917,Waist Deep,2006,Action|Adventure|Drama|Thriller,6.4,276,2.6048,en
176707,Virgin Rose,2006,Drama|Crime|Romance,5.0,14,1.9094,es
202590,The Sea of Perdition,2006,Science Fiction,5.3,13,1.4997,en
31170,Casper's Scare School,2006,Animation|Comedy|Family|Fantasy|TV Movie,4.913,63,1.5541,en
48658,She Made Me a Criminal,2006,Romance|Comedy|Adventure,6.67,53,1.3455,ar
15590,The Prince & Me 2: The Royal Wedding,2006,Romance|Comedy|Family,5.842,253,1.5276,en
9022,All the Boys Love Mandy Lane,2006,Horror|Mystery|Thriller,5.576,708,1.6795,en
10026,Hot Tamale,2006,Action|Comedy|Crime|Thriller,4.943,35,1.4395,en
14055,Starter for 10,2006,Drama|Comedy|Romance,6.383,445,1.466,en
10288,Fido,2006,Horror|Comedy|Romance|Drama,6.443,487,1.2664,en
13751,Akeelah and the Bee,2006,Drama,7.051,350,1.73,en
13197,10th & Wolf,2006,Action|Crime|Drama|Mystery|Thriller,5.915,112,2.5083,en
313,Snow Cake,2006,Romance|Drama,7.124,193,2.5692,en
18615,Fur: An Imaginary Portrait of Diane Arbus,2006,Drama|History,6.1,304,1.8404,en
9310,American Dreamz,2006,Comedy|Drama,5.067,320,1.7274,en
1819,You  Me and Dupree,2006,Comedy|Romance,5.6,1435,1.4507,en
20525,Hana,2006,Action|Drama|History|Comedy,6.6,65,1.251,ja
6641,Love and Other Disasters,2006,Comedy|Romance,5.743,348,1.3585,en
14808,Battle of the Warriors,2006,Action|War|Adventure,6.43,100,1.5507,zh
13689,Peaceful Warrior,2006,Drama,7.452,481,1.9695,en
7913,Rang De Basanti,2006,Comedy|Drama|History|Romance|Action,7.075,502,1.7559,hi
8998,Friends with Money,2006,Comedy|Drama|Romance,5.149,607,1.5302,en
8453,Fanaa,2006,Action|Drama|Romance|Thriller,6.776,232,1.5425,hi
9973,Air Buddies,2006,Adventure|Comedy|Family,5.955,353,1.6299,en
133336,Forbidden Quest,2006,Romance|Comedy,5.4,19,1.5943,ko
14458,Altered,2006,Horror|Science Fiction|Thriller,5.434,250,1.7184,en
11515,Goya's Ghosts,2006,Drama|History,6.616,534,1.3837,en
182,The Good German,2006,Drama|Mystery|Romance|Thriller|War,5.821,346,1.8193,en
14012,Flicka,2006,Family|Drama,6.881,315,1.2541,en
29291,Klimt,2006,Drama|Romance,5.158,76,2.3995,de
33370,Done the Impossible,2006,Documentary,5.9,25,1.3369,en
1249,Hollywoodland,2006,Crime|Drama|Mystery,6.093,450,1.4671,en
20605,The City of Violence,2006,Action|Thriller|Crime,6.567,149,1.6628,ko
25875,Silk,2006,Horror|Science Fiction|Mystery,6.183,90,1.6392,zh
7859,Half Nelson,2006,Drama,6.64,958,2.8074,en
9959,Freedomland,2006,Thriller|Crime|Mystery,5.2,365,1.4743,en
1899,The Chinese Botanist's Daughters,2006,Drama,6.357,63,1.4077,fr
2168,2:37,2006,Drama,6.577,149,2.7351,en
13722,Mercenary for Justice,2006,Action|Adventure|Thriller,4.444,108,1.1882,en
18147,Unaccompanied Minors,2006,Family|Comedy,5.957,329,1.3407,en
13914,Heavyweights,2006,Comedy,6.417,24,1.2364,de
37986,Kamen Rider Kabuto: God Speed Love,2006,Science Fiction|Action|Adventure,6.5,15,1.2796,ja
14609,Ultimate Avengers: The Movie,2006,Action|Animation|Family|Adventure|Science Fiction,6.871,395,1.4801,en
111224,Ghost in the Shell: S.A.C. 2nd GIG - Individual Eleven,2006,Animation|Science Fiction,7.561,123,1.8017,ja
9756,Half Light,2006,Thriller|Horror|Drama,5.995,308,1.4217,en
5072,Severance,2006,Horror|Comedy|Thriller,6.285,668,1.3704,en
10104,Dorm Daze 2,2006,Comedy,4.687,99,1.2729,en
10055,Room 6,2006,Horror|Thriller,4.586,70,2.6545,en
15402,The Notorious Bettie Page,2006,Comedy|Drama,6.3,188,1.3144,en
14872,The Cutting Edge: Going for the Gold,2006,Romance|Drama,6.489,178,1.2204,en
15934,El Cantante,2006,History|Drama|Music,7.154,127,2.2313,en
21710,Fuck,2006,Documentary,6.4,88,1.0985,en
13742,Satan,2006,Comedy|Horror|Thriller,5.75,384,2.2707,fr
55470,One Missed Call 3: Final,2006,Horror|Mystery,5.7,104,1.4363,ja
20359,Phir Hera Pheri,2006,Comedy,6.912,148,1.466,hi
27122,The Attic,2006,Horror|Thriller,4.026,58,1.9081,en
15714,Like Minds,2006,Thriller|Mystery|Horror|Crime,6.4,128,1.4844,en
17028,Eating Out 2: Sloppy Seconds,2006,Romance,6.1,104,1.242,en
64736,Piter FM,2006,Comedy|Drama|Romance,6.73,89,2.3309,ru
1781,An Inconvenient Truth,2006,Documentary,6.977,973,1.3464,en
21705,The Barbie Diaries,2006,Family|Animation,6.4,391,1.3598,en
69635,Sillunu Oru Kaadhal,2006,Family|Romance,6.822,45,1.7473,ta
8588,Shooting Dogs,2006,Drama|History,7.491,162,2.4056,en
1590,Copying Beethoven,2006,Drama,6.462,185,1.2804,en
1838,We Shall Overcome,2006,Drama,7.3,43,1.224,da
30139,Phat Girlz,2006,Comedy|Romance,4.662,68,1.2881,en
40707,Jimmy Timmy Power Hour 2: When Nerds Collide,2006,Animation|Adventure|Comedy|TV Movie|Science Fiction|Fantasy|Action,6.603,62,1.4158,en
48587,Living Death,2006,Thriller|Horror|Drama,4.0,29,1.0647,en
29293,House of the Dead 2,2006,Action|Horror|Thriller,4.694,134,1.1941,en
34862,Solar Attack,2006,Action|Science Fiction|Thriller|TV Movie,5.239,46,1.7399,en
45457,The Shopaholics,2006,Comedy|Romance,6.083,12,1.0929,cn
5488,I'm a Cyborg  But That's OK,2006,Drama|Comedy|Romance,7.0,597,1.5416,ko
10111,Confetti,2006,Comedy|Romance,5.432,73,1.2897,en
13807,Exiled,2006,Action|Crime|Thriller,7.197,261,1.5491,cn
11170,We Are Marshall,2006,Drama|History,6.885,790,1.5589,en
205081,Codename: Kids Next Door: Operation Z.E.R.O.,2006,Animation|Science Fiction|TV Movie|Adventure|Family|Comedy|Fantasy|Mystery|Action,7.978,246,1.4128,en
9903,The Hoax,2006,Comedy|Drama,6.291,235,1.3962,en
53085,Piranha Hunt,2006,Action|Thriller|Crime,5.894,52,1.1226,ru
1993,Golden Door,2006,History|Drama|Romance,6.493,148,2.4199,it
14963,The Groomsmen,2006,Comedy|Romance|Drama,5.2,74,1.4304,en
9950,Find Me Guilty,2006,Comedy|Crime|Drama,6.6,543,1.3509,en
32159,Bloody Tie,2006,Action|Crime|Thriller,6.2,49,1.0222,ko
10124,Heartstopper,2006,Horror|Thriller,3.9,37,2.0439,en
9672,Infamous,2006,Drama|Crime,6.475,223,1.3797,en
19637,Chup Chup Ke,2006,Comedy,6.229,109,1.2776,hi
14256,Winter Passing,2006,Comedy|Drama,6.0,129,1.6552,en
2346,Still Life,2006,Drama|Romance,7.227,174,1.3763,zh
11494,Wilderness,2006,Horror|Action,6.124,233,1.0186,en
27428,Bloody Reunion,2006,Mystery|Horror|Thriller,6.7,122,1.3154,ko
40211,A Millionaire's First Love,2006,Drama|Romance,7.3,86,1.2874,ko
18276,Hoot,2006,Family|Adventure,5.679,137,1.3452,en
13436,13: Game of Death,2006,Horror|Thriller|Crime|Drama,6.409,163,2.1314,th
16285,The Blue Elephant,2006,Animation|Family|Adventure,7.757,37,1.2088,th
118717,Ultraman Mebius & Ultra Brothers,2006,Action|Adventure|Science Fiction,7.7,14,1.2003,ja
14816,Dog Bite Dog,2006,Action|Crime|Thriller,6.5,59,0.9825,cn
49283,Sunflower,2006,Crime|Drama,7.1,55,1.1783,ko
13185,Kidulthood,2006,Drama,6.298,198,1.2969,en
17566,Brave Story,2006,Animation|Adventure|Mystery|Fantasy,6.351,77,1.185,ja
4657,Jindabyne,2006,Crime|Drama|Mystery|Thriller,5.481,80,1.3987,en
26431,Pu-239,2006,Drama,6.655,74,1.026,en
14619,Bottoms Up,2006,Romance|Comedy,3.148,61,2.3921,en
21461,Lage Raho Munna Bhai,2006,Comedy|Drama|Romance,7.308,229,1.1101,hi
25937,Once in a Summer,2006,Drama|Romance,6.8,39,1.0987,ko
15005,One Night with the King,2006,Drama|History,6.7,74,1.2898,en
14945,Origin: Spirits of the Past,2006,Animation|Science Fiction|Adventure|Drama|Fantasy|Romance|Action,6.965,259,1.4572,ja
1294,Four Minutes,2006,Drama|Music,6.831,145,1.2537,de
9842,School for Scoundrels,2006,Comedy|Romance,5.488,380,1.406,en
93511,Walkout,2006,Drama|TV Movie|History,5.567,15,2.1904,en
208478,Destricted,2006,Drama|Romance,4.4,78,1.5581,en
22024,Akihabara@DEEP,2006,Action|Drama|Comedy,5.5,12,1.4782,ja
72592,Honey and Clover,2006,Drama|Romance,6.3,30,1.0724,ja
16083,First Snow,2006,Drama|Thriller,6.127,177,1.1342,en
12795,Another Gay Movie,2006,Comedy|Romance,6.0,223,1.4064,en
44085,The Yacoubian Building,2006,Drama,7.365,63,1.1936,ar
1379,Lights in the Dusk,2006,Drama|Comedy,6.741,162,1.0935,fi
6948,The Woods,2006,Mystery|Horror|Thriller,5.714,301,1.1883,en
8194,A Guide to Recognizing Your Saints,2006,Crime|Drama,6.497,341,1.3301,en
7511,The Last Kiss,2006,Comedy|Drama|Romance,6.056,402,1.4145,en
10266,The Veteran,2006,TV Movie|Drama|War,4.306,18,2.0129,en
30347,Jesse Stone: Death in Paradise,2006,Drama|Crime|Thriller|Mystery|TV Movie,6.908,120,1.1532,en
15314,Mini's First Time,2006,Comedy|Crime|Drama,5.57,134,1.4007,en
14219,Skinwalkers,2006,Fantasy|Action|Horror,5.122,308,1.6261,en
11818,Valley of the Wolves: Iraq,2006,Action|War|Drama,5.011,92,1.1686,tr
90374,Wood & Stock: Sex  Oregano and Rock'n'Roll,2006,Animation|Comedy,5.5,16,1.181,pt
14611,Ultimate Avengers 2,2006,Adventure|Animation|Action|Science Fiction,6.787,322,1.2929,en
9650,Hard Luck,2006,Crime|Drama|Thriller,5.519,81,2.4794,en
41419,Mammoth,2006,Action|Comedy|Science Fiction|Horror|TV Movie|Adventure,4.559,68,2.0542,en
20527,Love and Honor,2006,Drama|Romance,7.49,97,1.482,ja
18524,The Celestine Prophecy,2006,Romance|Drama|Adventure,5.196,79,1.2244,en
72908,Cheese Head,2006,Drama|Romance,5.867,15,1.2795,es
63963,Maundy Thursday,2006,Drama|Romance,7.1,47,1.1673,ko
40243,Heavenly Forest,2006,Drama|Romance,7.526,96,1.1583,ja
9784,Man About Town,2006,Drama|Comedy,5.22,148,1.2804,en
53905,Marilyn Hotchkiss' Ballroom Dancing & Charm School,2006,Drama|Romance|Comedy,5.925,73,1.1519,en
272698,Rugrats: Tales from the Crib: Three Jacks & A Beanstalk,2006,Animation|Adventure|Family|Fantasy|Comedy|TV Movie,6.1,14,1.0272,en
7298,One Way,2006,Crime|Mystery|Thriller,5.569,64,1.7215,en
18877,Confession of Pain,2006,Crime|Thriller,6.3,84,1.0162,cn
14201,The U.S. vs. John Lennon,2006,Documentary,6.66,75,0.7522,en
8324,Fast Food Nation,2006,Drama|Comedy,6.1,398,1.1351,en
12486,Farce of the Penguins,2006,Comedy|Romance|Documentary,4.2,55,1.1187,en
18870,Minotaur,2006,Horror|Adventure|Fantasy,4.902,158,2.1826,en
17086,Chromophobia,2006,Drama|Thriller,5.154,52,2.0903,en
54625,Checking Out,2006,Comedy|Drama,6.675,20,1.7301,en
1967,Ask the Dust,2006,Romance|Drama,5.431,167,1.3265,en
19026,Azur & Asmar: The Princes' Quest,2006,Animation|Family,7.7,667,1.3447,fr
27047,Fabulous! The Story of Queer Cinema,2006,Documentary,5.4,21,1.0689,en
2357,10 Items or Less,2006,Comedy|Drama,6.217,281,1.0121,en
149723,The Letters,2006,Drama,6.5,15,1.0892,ja
6691,Priceless,2006,Drama|Comedy|Romance,6.4,779,1.4657,fr
16727,The Namesake,2006,Drama,6.796,191,1.1718,en
9695,Karla,2006,Crime|Drama|Thriller,5.434,114,0.9547,en
14171,Home of the Brave,2006,War|Drama,5.446,196,1.2676,en
55906,Like a Virgin,2006,Comedy|Drama,5.8,18,0.9889,ko
21786,Cold Prey,2006,Horror|Mystery|Thriller,6.246,464,1.1806,no
15073,Cargo,2006,Drama|Thriller,4.767,30,1.587,en
15216,Midnight Clear,2006,Drama,5.375,16,1.6674,en
9914,Shadow Man,2006,Action|Adventure|Thriller,4.364,103,1.0616,en
9526,A Prairie Home Companion,2006,Drama|Comedy|Music,6.3,325,0.9133,en
15420,The Plague,2006,Thriller|Horror,4.9,78,2.1442,en
18517,Mr. Fix It,2006,Comedy|Romance,4.946,37,1.1656,en
24479,Look  Up in the Sky! The Amazing Story of Superman,2006,Documentary,7.6,30,1.1896,en
45349,Rainbow Song,2006,Drama|Romance,7.6,27,0.9012,ja
426183,Diebuster: The Movie,2006,Action|Drama|Adventure|Animation|Science Fiction,7.1,14,1.1447,ja
13551,The Dead Girl,2006,Mystery|Drama|Crime|Thriller,6.024,249,1.163,en
10004,Desperation,2006,Drama|Fantasy|Horror|Thriller|Mystery,5.5,228,1.3036,en
14062,.45,2006,Drama|Crime|Thriller,5.141,199,1.1966,en
13771,Venus,2006,Comedy|Drama|Romance,6.633,158,1.0135,en
19103,As You Like It,2006,Comedy|Drama|Romance,5.77,100,1.148,en
107525,The Prince of Soap,2006,Comedy,3.3,10,0.9513,fi
19583,Fierce People,2006,Drama|Thriller,6.1,129,1.8494,en
37924,Sweeney Todd,2006,Drama|Horror|Thriller|Music,6.346,114,1.2615,en
25890,Looking for Comedy in the Muslim World,2006,Comedy,4.912,34,1.0032,en
19323,Superman: Brainiac Attacks,2006,Animation|Action|Family|Science Fiction,6.08,157,1.0253,en
52788,Sisters,2006,Mystery|Thriller|Horror,3.945,64,1.2626,en
34204,Return to Halloweentown,2006,Family|Fantasy|Comedy|TV Movie|Action,6.649,624,1.0879,en
46247,No Time for Nuts,2006,Adventure|Animation|Comedy|Family|Science Fiction,7.367,214,1.0764,en
18869,Jimmy and Judy,2006,Action|Crime|Drama|Thriller,4.717,30,0.9594,en
300,The Science of Sleep,2006,Comedy|Drama|Fantasy,6.987,838,1.4503,fr
216364,Awesometown,2006,Comedy|TV Movie,7.4,13,1.0292,en
2447,The Nativity Story,2006,Drama,6.922,255,1.1465,en
18164,12 and Holding,2006,Drama,6.812,93,1.105,en
13075,Sherrybaby,2006,Drama,6.1,148,1.2693,en
103631,Vita Smeralda,2006,Comedy,3.7,52,0.879,it
34898,Heavens Fall,2006,Crime|Drama,7.0,20,1.0008,en
48737,The Maidens' Conspiracy,2006,Adventure,4.11,41,1.1758,ca
39280,Time Bomb,2006,Action|Drama|Thriller|TV Movie,5.636,11,2.0791,en
69391,Vampire Cop Ricky,2006,Action|Comedy|Romance|Horror|Fantasy,4.3,13,1.0739,ko
341,A Crime,2006,Crime,5.548,42,2.0513,en
22488,Love's Abiding Joy,2006,Drama|Romance|Western|Family|TV Movie,7.0,48,1.5056,en
15008,The Flying Scotsman,2006,Drama,6.533,76,1.0773,en
15363,Something New,2006,Romance|Comedy|Drama,6.4,259,1.2373,en
16774,Hellboy Animated: Sword of Storms,2006,Science Fiction|Animation|Fantasy|Action|Horror|Adventure|Thriller|TV Movie,6.342,155,1.3871,en
10817,Glue,2006,Drama,5.794,34,1.7862,es
13495,Captain Alatriste: The Spanish Musketeer,2006,Action,5.852,256,1.4088,es
523,Requiem,2006,Drama,6.6,122,1.0821,de
222661,The Day I Bought a Star,2006,Animation|Fantasy|Science Fiction,7.8,14,1.1472,ja
10093,The Return,2006,Horror|Drama|Thriller,6.025,655,0.8886,en
45390,The Hard Easy,2006,Action|Drama,5.656,16,0.9211,en
34222,Crooked,2006,Action|Thriller,4.357,14,1.9153,en
10958,Flight 93,2006,Drama|Thriller|TV Movie,6.5,190,1.0594,en
112903,Suite Dreams,2006,Comedy|Drama|Romance,6.2,35,1.0538,ja
3542,Lady Chatterley,2006,Drama|Romance,6.151,116,2.2835,fr
73196,The Jail: The Women's Hell,2006,Horror|Crime|Drama,7.6,54,1.1844,it
22358,The Island,2006,Drama|Comedy,6.955,166,0.9315,ru
8736,Dikkenek,2006,Comedy,6.679,723,2.1277,fr
13517,The Ugly Duckling and Me!,2006,Family|Animation|Comedy,5.524,106,1.3849,en
15056,The Curse of King Tut's Tomb,2006,Action|Adventure|Fantasy|Thriller|Horror,5.1,56,1.1655,en
37609,The Cheetah Girls 2,2006,Family|Comedy|Drama|Music|TV Movie,6.303,414,1.203,en
39341,Big Bad Wolf,2006,Horror|Comedy,6.1,113,1.0824,en
28795,Forbidden Siren,2006,Horror|Thriller,5.145,55,0.8851,ja
31933,The Land Before Time XII: The Great Day of the Flyers,2006,Animation|Family|Adventure,6.198,182,1.1526,en
7510,Running with Scissors,2006,Drama|Comedy,5.8,261,1.1015,en
296194,Comedy Central Roast of William Shatner,2006,Comedy|TV Movie,6.545,56,1.0638,en
14930,Relative Strangers,2006,Comedy,5.305,77,0.976,en
14561,Comeback Season,2006,Comedy|Family|Romance,6.159,44,1.7375,en
16766,Japan Sinks,2006,Drama|Thriller|Adventure|Science Fiction,5.7,33,1.0608,ja
9925,Funny Money,2006,Comedy|Crime,5.203,59,0.952,en
31979,Played,2006,Thriller|Crime,3.875,20,1.1706,en
10961,Behind the Mask: The Rise of Leslie Vernon,2006,Comedy|Horror|Thriller,6.462,514,1.1644,en
52444,Seducing Mr. Perfect,2006,Romance|Comedy,6.0,55,1.1016,ko
191146,Life's Speed Bump,2006,Comedy|Drama,6.868,53,1.0191,ar
31047,Jesse Stone: Night Passage,2006,Drama|Thriller|TV Movie,6.916,125,1.0602,en
3549,After the Wedding,2006,Drama,7.14,485,1.2098,da
72885,The Spot,2006,Drama,5.7,16,1.0527,ru
11701,Grilled,2006,Drama|Action|Comedy,4.994,79,1.1022,en
15023,Park,2006,Comedy|Drama,4.929,28,0.9944,en
61139,Bummer 2,2006,Crime|Drama,5.929,84,1.0085,ru
9841,Rest Stop,2006,Horror|Thriller,5.4,307,1.2407,en
38305,Hula Girls,2006,Comedy|Drama|Family,6.8,57,1.0428,ja
18558,Scenes of a Sexual Nature,2006,Comedy|Drama|Romance,5.328,90,0.912,en
80860,Lupin the Third: Seven Days Rhapsody,2006,Action|Animation|Comedy|TV Movie|Crime,6.7,27,1.3994,ja
24801,Cow Belles,2006,Comedy|Family|TV Movie,5.517,266,1.0325,en
18619,Ghetto,2006,History|War,6.8,32,0.9788,de
428,Summer '04,2006,Drama|Romance,5.673,26,1.0173,de
11705,Red Road,2006,Drama|Thriller,6.507,219,0.8412,en
6077,13 Tzameti,2006,Action|Thriller,7.064,257,2.0542,fr
17700,Deep Sea 3D,2006,Documentary,6.566,83,1.0903,en
15284,Udon,2006,Comedy|Drama,6.5,14,0.9912,ja
13334,Wolfhound of the Grey Dog Clan,2006,Fantasy|Adventure|Action,5.473,92,0.9248,ru
59500,Jade Warrior,2006,Fantasy|Action,5.1,59,0.8761,fi
33199,No Regret,2006,Drama|Romance,5.8,36,1.2682,ko
104522,My Love,2006,Animation|Drama|Romance,7.069,58,0.8159,ru
17245,Mulberry Street,2006,Horror,5.358,137,1.0968,en
14804,Vitus,2006,Music|Drama,7.375,88,1.1525,de
35752,Nana 2,2006,Drama|Music|Romance,6.4,46,1.1142,ja
43401,Do You Think So!,2006,Comedy,3.8,12,0.9942,ar
19167,Second in Command,2006,Action,5.544,182,0.9096,en
16304,Creepshow 3,2006,Horror|Comedy,4.546,208,0.8106,en
22520,Aachi & Ssipak,2006,Action|Animation|Science Fiction|Comedy|Adventure,6.2,62,0.9637,ko
13842,Broken Bridges,2006,Drama|Music,7.383,30,1.4843,en
11960,After This Our Exile,2006,Drama|Romance,5.7,21,0.8162,cn
19100,Those Happy Days,2006,Comedy|Family,7.353,1111,1.0702,fr
64223,Family Ties,2006,Drama,6.3,18,0.862,ko
33563,Bickford Shmeckler's Cool Ideas,2006,Comedy|Romance,5.523,65,0.8237,en
2016,Days of Glory,2006,Drama|History|War,6.682,402,1.0827,fr
27732,Road House 2: Last Call,2006,Adventure|Action|Thriller|Crime,5.302,43,1.1041,en
44507,Red Riding Hood,2006,Family|Fantasy,5.8,27,0.838,en
14569,I-See-You.com,2006,Comedy,4.9,55,1.0089,en
74095,Wo Hu,2006,Crime|Drama,5.7,11,0.8769,cn
55657,Surrender  Dorothy,2006,Drama|Romance|TV Movie,5.2,26,1.7954,en
10854,Wicked Little Things,2006,Fantasy|Horror,5.8,293,1.3748,en
16173,Dark Storm,2006,TV Movie|Science Fiction,5.37,27,1.0083,en
24432,Doogal,2006,Comedy|Family|Animation|Adventure|Fantasy,4.9,114,0.9305,en
13043,Camping,2006,Comedy,5.5,893,1.0019,fr
15858,Earthstorm,2006,TV Movie|Action|Science Fiction|Thriller,4.79,62,0.9912,en
613251,Pokémon Mystery Dungeon: Team Go-Getters Out of the Gate!,2006,Animation|Adventure|Comedy|Fantasy,5.0,12,1.0839,en
2694,Tuya's Marriage,2006,Drama|Romance,7.0,39,0.8506,zh
24701,Puff  Puff  Pass,2006,Comedy,5.829,41,0.8994,en
81002,Rakhi,2006,Drama|Action,5.8,12,0.6477,te
8618,The History Boys,2006,Drama,6.6,214,0.8904,en
24115,How to Eat Fried Worms,2006,Comedy|Family,6.228,128,0.9082,en
10085,Unrest,2006,Horror|Mystery,5.683,200,0.9795,en
25648,Time,2006,Romance|Drama|Mystery,6.882,251,0.8766,ko
55765,Righteous Ties,2006,Crime|Drama|Comedy,6.4,39,1.0863,ko
9847,The Tripper,2006,Horror|Comedy,4.9,113,0.853,en
26655,Like Mike 2: Streetball,2006,Family|Comedy|Fantasy,5.5,111,0.8717,en
18858,Irresistible,2006,Drama|Mystery|Thriller,5.5,136,0.8787,en
127938,Harlots of the Caribbean,2006,Adventure|Action|Comedy,6.2,18,1.1524,en
43960,Drake & Josh Go Hollywood,2006,Family|Comedy|Adventure|TV Movie|Crime,7.058,214,1.1094,en
38440,Gangster,2006,Romance|Crime|Drama|Action|Thriller,6.75,48,2.115,hi
18208,Beautiful Ohio,2006,Drama,5.133,15,0.9204,en
1596,Population 436,2006,Horror|Thriller,5.801,297,1.024,en
19849,Rampage: The Hillside Strangler Murders,2006,Drama|Thriller|Crime,5.6,16,1.0039,en
40122,Gangster High,2006,Action|Crime,6.5,48,0.8256,ko
18426,Daisy,2006,Drama|Romance|Action,7.2,104,1.0657,ko
32220,The Insatiable,2006,Comedy|Horror|Romance,4.859,39,1.7064,en
13816,Idlewild,2006,Crime|Drama|Music,5.679,67,1.3422,en
26266,Spymate,2006,Adventure|Comedy|Family,6.2,62,1.0207,en
426518,Gunbuster: The Movie,2006,Animation|Action|Adventure|Drama|Science Fiction,7.2,16,0.7914,ja
52615,Meltdown: Days of Destruction,2006,Action|Drama|Science Fiction|TV Movie,6.244,39,0.8517,en
13315,Big Bang Love  Juvenile A,2006,Fantasy|Drama,6.427,55,0.9877,ja
1543,Emma's Bliss,2006,Drama|Romance,6.467,46,0.9983,de
60600,The Lather Effect,2006,Comedy|Drama,5.0,10,0.8453,en
20021,The King,2006,Drama|Thriller,6.1,69,2.038,en
36931,On the Edge,2006,Drama|Action|Thriller|Crime,6.5,17,0.9442,cn
10049,Attack Force,2006,Action|Adventure|Science Fiction|Thriller,4.272,112,0.8922,en
128556,Desde que amanece apetece,2006,Comedy,4.875,16,0.8768,es
9817,Save the Last Dance 2,2006,Drama|Family|Romance,5.471,242,0.9924,en
36862,Bratz: Genie Magic,2006,Animation|Family,7.1,25,0.9762,en
65584,Aquaman,2006,Action|Adventure|TV Movie,6.0,36,1.5845,en
14818,Dynamite Warrior,2006,Action,6.296,54,0.9282,th
76759,Murder of the Inugami Clan,2006,Mystery|Thriller|Horror,6.938,17,0.9893,ja
21766,Dorm,2006,Horror|Mystery,6.554,93,0.865,th
364054,About Love and Passion,2006,Romance|Drama,5.235,17,0.6797,ar
13248,Bah  Humduck!: A Looney Tunes Christmas,2006,Animation|Comedy|Family,7.132,148,0.7919,en
32160,Running Wild,2006,Action|Crime|Thriller,6.238,42,1.0087,ko
38163,Bernard and Doris,2006,Comedy|Drama|TV Movie,6.076,99,0.9137,en
10272,Jekyll + Hyde,2006,Horror|Thriller,4.85,20,1.8718,en
50133,Yo-Yo Sexy Girl Cop,2006,Action|Crime,3.6,10,0.9059,ja
28506,A.I. Assault,2006,Thriller|Science Fiction,5.241,54,0.8868,en
150434,Futari wa Precure Splash☆Star the Movie: Tic-Tac Crisis Hanging by a Thin Thread!,2006,Animation|Fantasy|Comedy|Action|Adventure|Family,6.737,19,0.9802,ja
32157,Hanbando,2006,Mystery|Thriller|History,6.339,31,0.7882,ko
188295,Mahou Sentai Magiranger vs. Dekaranger,2006,Action|Adventure|Science Fiction|Fantasy,6.5,12,0.9305,ja
24553,All the Invisible Children,2006,Drama,6.955,77,1.0134,fr
33794,Arang,2006,Horror,5.6,45,0.6598,ko
57270,A Bloody Aria,2006,Thriller|Comedy|Crime,5.4,33,0.842,ko
10094,Gone,2006,Drama|Horror|Mystery|Thriller,5.1,111,0.7674,en
31082,Sixty Six,2006,Comedy|Drama,6.6,52,0.7834,en
27614,Poltergay,2006,Comedy|Horror,5.259,85,1.9261,fr
17367,Belle Toujours,2006,Drama,6.1,19,1.5893,fr
5816,Waiter,2006,Comedy|Drama,6.214,49,0.7803,nl
9520,The Thief Lord,2006,Adventure|Fantasy|Family,5.959,194,1.0673,en
26497,Impy's Island,2006,Animation|Family|Fantasy,5.993,73,0.923,de
70989,Pardonnez-moi,2006,Drama|Comedy,5.796,27,0.9438,fr
53282,My Name Is Fame,2006,Drama|Romance,6.8,12,0.7208,cn
112309,Thiruvilaiyaadal Aarambam,2006,Comedy|Romance,6.2,14,0.8596,ta
75679,Tears for You,2006,Drama,7.2,29,1.1821,ja
47369,Avenger,2006,TV Movie|Action|Thriller,6.026,38,1.0281,en
54659,Woman on the Beach,2006,Drama|Romance,6.224,38,0.6631,ko
9773,Alien Autopsy,2006,Comedy|Science Fiction,5.697,137,0.9936,en
163123,Memories of Tomorrow,2006,Drama,6.139,18,0.8309,ja
60160,Gamera the Brave,2006,Action|Adventure|Fantasy|Science Fiction|Family,7.0,81,0.9277,ja
103368,Sergeant Keroro The Super Duper Movie,2006,Animation,5.6,10,0.8221,ja
15845,A Soap,2006,Comedy|Drama,5.5,30,0.8544,da
57005,Eternal Summer,2006,Drama|Romance,6.113,71,0.6943,zh
17035,The Amateurs,2006,Comedy,5.58,106,0.873,en
13162,Blind Dating,2006,Comedy|Romance,5.99,196,0.8375,en
9782,The Night Listener,2006,Crime|Horror|Mystery|Thriller,5.511,284,0.8868,en
205567,That's So Suite Life of Hannah Montana,2006,TV Movie|Family|Comedy,6.9,105,0.7867,en
129937,Magic Mirror,2006,Drama,6.583,12,1.3365,pt
19609,My Boss  My Teacher,2006,Action|Comedy|Crime,5.2,22,0.9221,ko
33984,First Love,2006,Crime|Drama,6.7,18,0.7818,ja
49342,On the Edge,2006,Drama,5.556,36,0.8066,es
40114,Bar Legend,2006,Action|Crime,5.1,13,0.8059,ko
40631,Dracula,2006,Drama|Horror|TV Movie,5.596,52,1.0293,en
18424,Cloud 9,2006,Comedy|Romance|Thriller,5.217,30,0.7598,en
92422,Strawberry Shortcakes,2006,Drama,5.6,26,0.9775,ja
376487,Katkout,2006,Comedy,4.2,23,0.7409,ar
80919,Game 6,2006,Drama|Comedy,4.5,47,0.7076,en
30367,The Elder Son,2006,Romance|Comedy|Drama,5.988,43,0.9413,en
24624,The Detonator,2006,Action|Thriller,4.66,106,0.8276,en
71690,Beyond the Wall of Sleep,2006,Horror,2.4,12,0.8998,en
118154,Quiet Flows The Don,2006,Drama|Romance|War,4.292,12,0.7993,ru
37306,Voodoo Moon,2006,Drama|Fantasy|Horror,4.167,15,1.875,en
38280,Choking Man,2006,Comedy|Drama,5.538,13,1.4251,en
60456,Girlfriends,2006,Comedy,4.4,27,0.7736,fr
16700,Bonneville,2006,Comedy|Drama,5.641,64,0.6826,en
12677,The Backwoods,2006,Horror|Thriller|Action,5.5,113,0.809,es
52420,4 Horror Tales: Hidden Floor,2006,Horror,5.8,15,0.8039,ko
58542,The Fox Family,2006,Comedy|Fantasy|Music,5.5,11,0.6128,ko
18123,Believe in Me,2006,Drama|Family,6.471,17,0.7688,en
36964,Pucked,2006,Comedy,4.059,17,1.8291,en
261618,Wallander: The Secret,2006,Crime|Thriller,6.4,14,0.8861,sv
222664,Mon Mon the Water Spider,2006,Animation,7.05,20,0.8226,ja
18404,Cattle Call,2006,Comedy,4.147,34,1.5479,en
18070,Black Dawn,2006,Action,4.2,96,1.0089,en
16432,Day of Wrath,2006,Adventure|Drama|Action,4.309,34,0.8291,en
24676,Fatal Contact: Bird Flu in America,2006,Action|Drama|Thriller|TV Movie,5.9,51,0.8201,en
61077,Avida,2006,Comedy,5.793,29,1.7384,fr
107114,The Eden Formula,2006,Science Fiction|Thriller|TV Movie,2.8,13,0.7204,en
13402,Re-cycle,2006,Fantasy|Horror|Mystery|Thriller,6.439,181,0.844,cn
39021,The Art of Fighting,2006,Action|Comedy,6.051,39,0.8033,ko
13060,Lifted,2006,Family|Animation|Science Fiction|Comedy,7.456,816,0.8305,en
25657,Kamome Diner,2006,Drama|Comedy,7.331,65,0.8961,ja
160051,Goose on the Loose,2006,Adventure|Comedy|Family,5.35,10,0.7249,en
14137,Beer League,2006,Comedy,5.171,73,0.7846,en
20494,Malamaal Weekly,2006,Comedy|Crime,6.379,62,0.8344,hi
63883,Drama/Mex,2006,Drama|Romance,6.0,48,1.8792,es
51465,The Other Side,2006,Action|Horror|Thriller,5.138,40,0.7167,en
39439,Radio Star,2006,Drama|Comedy,6.8,15,0.86,ko
66736,Deadly Skies,2006,Action|Adventure|Science Fiction|Thriller|TV Movie,4.232,28,0.6774,en
31985,Lightspeed,2006,Fantasy|Action|Science Fiction|TV Movie,3.2,23,1.7333,en
15021,The Baby's Room,2006,Drama|Horror|Thriller|TV Movie,6.745,192,0.9561,es
43987,No Mercy for the Rude,2006,Comedy|Action|Crime|Thriller,6.4,65,0.7658,ko
27253,Fingerprints,2006,Mystery|Horror|Thriller,5.738,65,1.7583,en
64499,Quinceañera,2006,Drama,6.303,38,0.6335,es
65679,Butterfly Kiss,2006,Action|Romance|Crime,4.786,14,0.8945,ru
40922,Coffee Date,2006,Comedy|Romance,5.019,27,0.7233,en
21435,French Fried Vacations 3: Friends Forever,2006,Comedy,4.08,751,0.7695,fr
14505,Bachelor Party Vegas,2006,Comedy,4.91,67,0.8149,en
29865,Trapped Ashes,2006,Horror,5.111,54,0.897,en
13141,Strangers with Candy,2006,Comedy,5.649,97,0.7175,en
15941,The Borgia,2006,Drama|History,5.216,44,0.8072,es
36602,The Wind in the Willows,2006,TV Movie|Drama|Family,5.8,10,0.8676,en
75634,Sharpe's Challenge,2006,War|Action|Adventure|History|TV Movie,6.2,41,0.8589,en
550278,Pennies,2006,Thriller|Drama,6.6,14,0.6595,en
15976,The Bubble,2006,Drama|Romance|Comedy,6.256,84,0.9338,he
21014,Keeping Up with the Steins,2006,Comedy,5.359,46,0.7045,en
15667,The Last Winter,2006,Horror|Thriller,5.367,235,0.6875,en
21630,Open Window,2006,Drama,5.438,24,1.0089,en
68446,Magma: Volcanic Disaster,2006,Action|Thriller|TV Movie,6.445,55,0.7003,en
27683,The Last Time,2006,Drama|Romance,5.767,72,0.8138,en
26437,The Tenants,2006,Comedy|Drama|Mystery,4.875,20,0.6738,en
59560,Deceit,2006,Drama|Thriller|TV Movie,3.9,15,0.7124,en
1123,Catch a Fire,2006,Action|Drama|Thriller,6.274,144,0.8854,en
121088,Personal Effects,2006,Comedy|Drama|Romance,6.0,24,1.7917,es
76268,My Son,2006,Drama|Crime,6.639,18,1.0404,fr
206624,The Knot,2006,Drama|Romance|War,5.0,12,0.8239,zh
63637,Aathi,2006,Action|Thriller,5.0,18,0.6873,ta
37213,Lovely Complex,2006,Comedy|Romance,6.194,36,0.6822,ja
49204,Marrying the Mafia 3: Family Hustle,2006,Drama|Comedy|Crime,4.6,19,0.8322,ko
183957,Twilight Dancers,2006,Drama,6.5,10,1.0756,tl
38007,Ira & Abby,2006,Comedy|Romance,5.591,33,0.8052,en
41401,Cinderella,2006,Horror|Thriller|Mystery,6.1,53,0.8248,ko
154326,Hearty Paws,2006,Drama,7.1,15,0.8783,ko
7513,Ghost Train,2006,Horror,4.8,27,0.7851,ja
17179,Two Weeks,2006,Comedy|Drama,6.086,35,1.1126,en
12586,Bella,2006,Drama|Romance,6.319,102,0.7518,en
13318,The Bothersome Man,2006,Comedy|Drama|Fantasy,7.067,268,0.6728,no
92759,12 Hours to Live,2006,Crime|Drama|Thriller|TV Movie,4.933,15,0.7679,en
55294,Canvas,2006,Drama,6.3,17,0.6952,en
22105,Danika,2006,Drama|Horror|Thriller|Mystery,5.1,93,0.7049,en
15434,Seed,2006,Horror,3.962,133,0.6104,en
27351,Meatball Machine,2006,Horror|Science Fiction|Action,5.314,86,0.7182,ja
50787,Going to Pieces: The Rise and Fall of the Slasher Film,2006,Documentary,6.816,95,0.8914,en
2911,The Last Drop,2006,Action|Crime|History|War,4.223,47,0.7674,en
19670,Golmaal – Fun Unlimited,2006,Comedy|Family,6.716,139,1.2026,hi
35940,Bratz: Passion 4 Fashion - Diamondz,2006,Family|Animation|Adventure,6.641,32,0.6453,en
18590,The Architect,2006,Drama,5.622,37,0.8742,en
189478,A Ton of Luck,2006,Action|Comedy|Drama,7.324,51,0.7718,es
334118,Detective Conan Drama Special 1: The Letter of Challenge,2006,Mystery,5.875,16,0.8134,ja
4641,Read It and Weep,2006,Family|Comedy|Drama|TV Movie,5.787,260,1.0297,en
71013,Final Move,2006,Thriller|Mystery,4.8,10,0.7674,en
7547,Come Early Morning,2006,Drama|Romance,5.466,44,0.667,en
27528,Colic,2006,Horror|Mystery,5.5,11,0.5915,th
31101,Only the Brave,2006,Drama|War,5.365,25,0.7279,en
382635,The Tokyo Trial,2006,Crime|Drama,6.3,13,0.8794,zh
13066,I Want Someone to Eat Cheese With,2006,Comedy|Romance,5.5,49,0.8552,en
49757,Kinky Kong,2006,Comedy,4.136,11,1.2776,en
44499,The Graveyard,2006,Horror,4.3,21,0.5994,en
12197,Reprise,2006,Drama,7.131,252,1.0064,no
15558,Journey to the End of the Night,2006,Thriller,5.885,53,0.5957,en
6969,Jesus  Mary and Joey,2006,Comedy|Drama|Romance,4.375,12,0.4729,en
70131,Cruel Winter Blues,2006,Crime|Drama,6.856,45,0.7374,ko
51464,Saikano: The Last Love Song on This Little Planet,2006,Action|Thriller|Science Fiction|Romance,4.1,17,0.899,ja
242911,Stalin,2006,Action|Drama,5.765,17,1.054,te
19955,I Do,2006,Comedy|Romance,6.428,347,0.8022,fr
58290,TKKG - The Secret of the Mysterious Mind Machine,2006,Family|Adventure,5.729,24,0.4774,de
40977,Isabella,2006,Drama,7.273,33,0.8153,cn
60112,La cura del gorilla,2006,Thriller|Comedy|Crime,5.467,30,0.5647,it
10250,The Butcher,2006,Horror|Action,5.0,53,1.8814,en
39798,Bashing,2006,Drama,6.208,12,0.6373,ja
51244,Murderers,2006,Drama,5.846,13,1.2046,fr
13775,Macbeth,2006,Thriller|Drama|Action,4.1,46,0.8232,en
53335,Candy Stripers,2006,Horror,5.0,59,0.616,en
26847,Santa Baby,2006,Comedy|TV Movie|Fantasy,4.9,48,1.7025,en
15711,The Lost,2006,Crime|Drama|Thriller,5.354,65,0.7705,en
17287,Poultrygeist: Night of the Chicken Dead,2006,Comedy|Horror|Science Fiction,5.838,179,0.7886,en
11650,Five Fingers,2006,Drama|Action|Thriller,6.008,129,1.0746,en
317,Grbavica: The Land of My Dreams,2006,Drama|History,6.903,88,0.6534,bs
15543,Penny Dreadful,2006,Horror|Thriller,5.556,144,0.7146,en
20989,18 Fingers of Death!,2006,Action|Adventure|Comedy,3.615,13,0.6638,en
35252,The Sex Movie,2006,Drama,4.0,21,0.9966,en
15534,Griffin & Phoenix,2006,Comedy|Drama|Romance,7.062,185,0.9294,en
10832,Them,2006,Horror|Thriller,6.157,598,0.8377,fr
5206,The Boss of It All,2006,Comedy,6.599,322,0.6587,da
13712,Incontrôlable,2006,Comedy,4.013,160,1.6288,fr
14474,The Oh in Ohio,2006,Comedy|Romance,5.2,109,0.843,en
74345,My Quick Way Out,2006,Drama|Action,5.789,19,1.5634,es
18549,Flannel Pajamas,2006,Drama|Romance,5.385,13,1.0643,en
48753,Cannibal,2006,Drama|Horror|Thriller|Crime,5.1,47,0.6518,de
51851,Change of Address,2006,Comedy|Romance,6.1,49,0.7282,fr
69520,Pudhupettai,2006,Action|Drama|Crime,7.5,43,0.8606,ta
29697,Faith Like Potatoes,2006,Drama,7.4,62,0.9563,en
19033,The Sasquatch Gang,2006,Comedy|Adventure|Drama,5.889,54,0.7429,en
75317,Dabbe,2006,Horror|Thriller|Fantasy,4.574,47,0.8773,tr
54064,Call Me Elisabeth,2006,Drama,6.1,12,0.7409,fr
8421,Zidane: A 21st Century Portrait,2006,Documentary,5.864,44,0.6951,fr
341104,Notebook,2006,Drama|Family,7.0,12,0.8394,ml
140664,Firestorm: Last Stand at Yellowstone,2006,Drama|Action,7.4,10,0.6134,en
79033,A Winter in Paris,2006,Crime|Thriller,5.364,11,0.6577,fr
54229,Cold Trail,2006,Drama|Thriller,5.3,15,0.6358,is
9834,The Net 2.0,2006,Action|Drama|Thriller,5.113,93,0.8309,en
23691,The Initiation of Sarah,2006,Horror|Thriller|TV Movie|Fantasy,5.5,47,0.7882,en
52410,Unholy Women,2006,Horror,5.9,27,0.8122,ja
418433,The Hostage,2006,Action|Drama|Comedy,7.0,24,0.639,ar
47017,Uranya,2006,Comedy,5.882,34,0.8747,el
24648,The Visitation,2006,Drama|Horror|Science Fiction|Thriller,5.1,50,0.6377,en
211312,Emmanuelle - The Private Collection: Jesse's Secret Desires,2006,Romance|Drama,4.6,10,0.7334,en
53541,Angel,2006,Drama,6.9,11,0.5008,ja
11110,Sweet Mud,2006,Drama,6.786,14,0.6297,he
14041,Civic Duty,2006,Action|Adventure|Drama|Thriller,6.133,45,0.6607,en
18531,Beautiful Dreamer,2006,Drama,5.5,19,0.5611,en
6733,Where Is Fred?,2006,Comedy|Romance,6.272,145,0.5665,de
45051,Thin,2006,Documentary,6.977,22,1.0952,en
72994,Midnight Ballad for Ghost Theater,2006,Horror|Comedy|Fantasy,4.8,12,0.6354,ko
11404,Driving Lessons,2006,Comedy|Drama,6.1,168,0.728,en
36197,Digimon Savers: The Movie - Ultimate Power! Activate Burst Mode!!,2006,Animation,4.8,10,1.3937,ja
207711,Trick: The Movie 2,2006,Comedy|Crime|Mystery,6.773,22,0.6318,ja
15624,Conversations with Other Women,2006,Drama|Romance,6.3,182,0.9321,en
45853,Séance,2006,Horror|Thriller,4.9,28,0.6207,en
63081,The Victim,2006,Horror|Thriller|Mystery,6.3,25,0.5439,th
17628,I Am a Sex Addict,2006,Comedy|Romance,5.42,50,0.6785,en
58934,Mrs. Harris,2006,Drama|Thriller|TV Movie,5.85,20,0.8569,en
10790,The Abandoned,2006,Horror|Thriller,5.49,254,0.7596,en
15675,Neil Young: Heart of Gold,2006,Documentary|Music,7.524,42,0.7252,en
120393,To Get to Heaven First  You Have to Die,2006,Drama,5.0,10,0.3845,tg
10011,Abominable,2006,Horror|Thriller,4.816,103,0.9021,en
13311,Holiday,2006,Drama|Crime|Thriller,6.4,35,0.5852,ko
13508,Who Killed the Electric Car?,2006,Documentary,7.236,201,0.6115,en
305655,Haeckel's Tale,2006,Horror|TV Movie,5.75,37,0.7013,en
14705,Omkara,2006,Crime|Drama,6.936,94,0.8285,hi
35281,Bratz: Babyz - The Movie,2006,Family|Animation|Music,8.0,46,0.7061,la
9774,Kokoda,2006,Action|History|War,6.198,43,0.6475,en
19497,It's Only Talk,2006,Drama,6.333,15,0.5571,ja
24422,Who Loves the Sun,2006,Comedy|Drama|Romance,5.289,19,0.6145,en
25938,My Scary Girl,2006,Drama|Comedy|Crime|Romance,5.5,26,0.6446,ko
70749,A Lobster Tale,2006,Family|Fantasy|Drama,6.833,15,0.765,en
44105,Destiny,2006,Drama,7.43,114,0.6722,tr
15049,Bon Cop Bad Cop,2006,Action|Comedy|Crime,6.5,234,0.6525,fr
41393,Zyzzyx Road,2006,Thriller|Drama,4.9,17,0.8188,en
35978,Pumpkinhead: Ashes to Ashes,2006,Horror|Fantasy,5.332,113,0.752,en
12130,I Don't Want to Sleep Alone,2006,Drama|Romance,6.5,46,0.5342,zh
40708,Jimmy Timmy Power Hour 3: The Jerkinators!,2006,Action|Adventure|Comedy|TV Movie|Science Fiction|Fantasy|Animation,6.489,46,0.6777,en
1254,Don't Worry  I'm Fine,2006,Drama,7.203,604,0.7386,fr
57784,Glass House: The Good Mother,2006,Drama|Thriller,5.679,95,0.7523,en
86,The Elementary Particles,2006,Drama|Romance,6.125,148,0.7981,de
65956,I See You,2006,Romance|Drama,5.8,11,0.7091,hi
32753,Surf School,2006,Comedy,2.8,38,0.9122,en
113882,Islander,2006,Drama,5.7,10,1.1982,en
53347,The Garden,2006,Drama|Thriller|Horror,4.818,22,1.6091,en
42427,Fair Play,2006,Thriller|Drama,5.6,32,0.6224,fr
15423,Snoop Dogg's Hood of Horror,2006,Comedy|Horror,4.8,82,0.8984,en
13557,The Gravedancers,2006,Horror|Thriller,5.769,214,1.0352,en
34066,The Last Train,2006,War|Drama,7.24,75,0.6426,de
35857,Dirty Laundry,2006,Comedy|Drama,5.7,10,1.7934,en
37319,The Adventures of Brer Rabbit,2006,Family|Animation,6.375,12,0.8462,en
37028,The Magic Flute,2006,Comedy|Drama|Music,6.4,29,0.6786,en
42303,The Karate Dog,2006,Action|Adventure|Comedy|Crime|Family|TV Movie,5.26,48,0.6501,en
213110,The Amazing Screw-On Head,2006,Comedy|Action|Adventure|Animation|Science Fiction|Fantasy|Horror|TV Movie,6.93,50,0.619,en
309054,Lost in Love,2006,Drama|Romance,6.364,11,0.5713,ko
16170,Jar City,2006,Drama|Thriller|Crime,5.838,77,1.8681,is
95011,Laura Smiles,2006,Drama,6.2,15,1.8122,en
45797,Sway,2006,Drama|Crime,5.9,22,0.6238,ja
10114,Ring Around the Rosie,2006,Horror|Mystery|Thriller,4.427,41,0.6302,en
45882,Bab'Aziz,2006,Drama,7.3,44,0.6641,fa
13414,Fifty Pills,2006,Comedy|Crime|Drama,4.735,51,0.6217,en
41855,Forget About It,2006,Drama|Comedy,5.125,12,0.7537,en
212518,Re-Animated,2006,Comedy|Family|Animation|TV Movie|Fantasy,6.4,55,0.6785,en
34789,Irish Jam,2006,Comedy,5.7,26,1.2031,en
20971,Zinda,2006,Action|Thriller,4.089,28,0.6653,hi
29691,The Last Sect,2006,Horror|Thriller,3.69,29,0.6763,en
44440,The Book of Revelation,2006,Mystery|Romance|Thriller,5.224,29,0.7013,en
39267,Tachigui: The Amazing Lives of the Fast Food Grifters,2006,Animation|Drama|Comedy,6.536,14,0.9288,ja
60817,Ghost in a Teeny Bikini,2006,Comedy|Horror,3.7,15,0.5367,en
18654,Caffeine,2006,Comedy,5.685,62,0.739,en
18219,Don't Tell,2006,Drama,6.094,90,0.7185,it
45158,A for Andromeda,2006,Science Fiction|Drama|Thriller|TV Movie,4.591,23,0.656,en
67563,Sukeban Boy,2006,Fantasy|Horror|Action|Comedy,4.0,16,0.5608,ja
103112,Olé,2006,Comedy,4.134,318,1.4876,it
121298,Outlaw Trail: The Treasure of Butch Cassidy,2006,Adventure|Family|Western,5.875,12,0.6369,en
25043,Pirates of Treasure Island,2006,Adventure|Action,2.9,16,0.8802,en
12839,The Curiosity of Chance,2006,Comedy|Drama,5.853,51,0.7399,en
35724,The Genius Club,2006,Thriller|Drama,5.267,15,0.5646,en
7456,The Cloud,2006,Science Fiction|Thriller|Drama,6.3,125,0.7436,de
58309,School for All,2006,Comedy,5.143,35,0.688,fr
24180,Napoleon and Me,2006,Comedy|History,6.091,116,0.9239,it
23411,Last Exit,2006,TV Movie|Action|Drama|Thriller,6.354,24,0.5279,en
16851,Yo-Yo Girl Cop,2006,Action|Crime|Thriller,5.633,45,0.8576,ja
26518,Old Joy,2006,Drama,6.4,202,0.4948,en
16364,Robotech: The Shadow Chronicles,2006,Action|Adventure|Animation|Science Fiction,6.045,33,0.7441,en
52401,Sun Scarred,2006,Action|Crime|Drama|Thriller,7.1,22,0.743,ja
34596,The Darkroom,2006,Horror|Thriller,4.9,15,0.6452,en
11406,Out of Bounds,2006,Comedy,5.476,21,0.6026,de
58520,Live Freaky! Die Freaky!,2006,Animation|Comedy|Music|Science Fiction|Horror,4.091,11,0.7335,en
13739,Quatre étoiles,2006,Comedy,5.528,106,0.686,fr
25585,Falkenberg Farewell,2006,Drama,6.2,34,0.7834,sv
52311,Candles on Bay Street,2006,TV Movie|Drama,6.1,24,0.4511,en
226200,Pournami,2006,Drama|Action|Romance|Music,5.6,17,0.6314,te
14788,Bubble,2006,Drama|Crime|Mystery,6.332,128,0.6363,en
36328,Longford,2006,Crime|Drama|TV Movie,6.5,48,0.5969,en
87683,Krakatoa: The Last Days,2006,Drama|Documentary|History,6.3,18,0.4708,en
19342,All In,2006,Drama,4.5,12,0.5054,en
19789,My Little Pony: The Princess Promenade,2006,Animation|Family|Fantasy,6.7,17,0.5949,en
1697,Grave Decisions,2006,Drama|Comedy,7.043,117,0.5631,de
56193,These Foolish Things,2006,Comedy|Drama|Romance,5.81,21,0.6831,en
13856,Special,2006,Drama|Fantasy|Science Fiction,6.3,103,1.5936,en
71192,Danny Roane: First Time Director,2006,Comedy,4.636,11,0.6463,en
23381,Pokiri,2006,Action|Thriller|Crime,7.5,70,0.7311,te
89116,The Professor and His Beloved Equation,2006,Drama|Family|Romance,6.842,19,0.6833,ja
65823,Slayer,2006,Action|Horror|Science Fiction|TV Movie,4.6,32,1.6668,en
48569,Humko Deewana Kar Gaye,2006,Drama|Romance,5.194,31,0.831,hi
67280,Billy Wilder Speaks,2006,Documentary|TV Movie,6.9,17,0.4805,en
40592,Loft,2006,Horror|Mystery,5.65,41,0.6912,ja
62782,The Connection,2006,Drama,3.8,10,0.3987,ru
76968,Thimiru,2006,Action|Romance,5.6,16,0.659,ta
86254,Crash Landing,2006,Action,4.733,30,0.7467,en
38327,My Best Enemy,2006,Comedy,6.123,308,0.6144,it
33753,Hell,2006,Drama,6.8,79,0.4965,fr
33412,Lotto,2006,Comedy,6.273,11,1.8084,da
44250,Cruel World,2006,Comedy|Horror|Thriller,4.482,28,0.6976,en
511153,Axegrinder,2006,Horror,4.6,10,0.4487,en
72891,Euphoria,2006,Drama|Romance,5.79,31,0.6288,ru
25012,Absolute Zero,2006,Action|Science Fiction|TV Movie,5.1,53,0.6673,en
42905,Kraken: Tentacles of the Deep,2006,Action|Horror|Science Fiction|TV Movie,3.62,46,0.9384,en
36615,Little Red Flowers,2006,Comedy|Drama,6.261,44,0.5451,zh
28144,The Dark Sea,2006,Drama,4.0,14,0.5547,it
286835,Top Gear: Winter Olympics Special,2006,Comedy|Documentary,7.3,15,0.5637,en
15414,Land of the Blind,2006,Drama|Thriller,5.8,57,0.8074,en
16070,This Film Is Not Yet Rated,2006,Documentary,7.081,378,0.7166,en
53880,E,2006,Unknown,5.8,10,0.7045,ta
14231,Wholetrain,2006,Drama|Crime,6.46,25,1.0783,de
62678,Bastards,2006,Action|Drama|War,5.79,81,0.7572,ru
41188,Bhagam Bhag,2006,Comedy|Thriller|Romance,6.5,96,0.6689,hi
1776,Jesus Camp,2006,Documentary,6.996,379,0.4933,en
62691,Midnight Sun,2006,Drama,7.3,29,0.5506,ja
68046,The Great Meaulnes,2006,Drama,5.4,44,0.7074,fr
47658,This Filthy World,2006,Documentary|Comedy,7.6,44,0.6183,en
39139,Fly  Daddy  Fly,2006,Action|Drama,6.2,13,0.5907,ko
50577,The Year Without a Santa Claus,2006,Comedy|Family|TV Movie,5.8,20,0.7539,en
69407,Varalaru,2006,Drama,6.368,19,0.5675,ta
53590,Alag,2006,Science Fiction|Fantasy|Thriller|Drama,4.6,11,0.7277,hi
72712,Stranded,2006,TV Movie|Thriller,4.9,10,0.4538,en
256439,My Little Pony: The Runaway Rainbow,2006,Animation|Adventure|Fantasy,7.3,51,0.6421,en
38841,Mojave Phone Booth,2006,Drama|Mystery,5.75,10,0.6388,en
20564,Nearing Grace,2006,Drama|Romance,4.979,24,0.691,en
36617,The Hairy Tooth Fairy,2006,Family|Animation,6.674,118,0.6793,es
21774,L'Entente cordiale,2006,Comedy,4.806,54,0.6016,fr
46277,Premium,2006,Comedy|Romance,5.438,16,0.7065,en
87295,Love Phobia,2006,Romance|Drama,6.8,18,0.7307,ko
33502,The Legend of Lucy Keyes,2006,Drama|Horror|Thriller,5.365,26,0.5545,en
114299,Sex and Consequences,2006,Drama|Thriller|Romance,4.977,22,0.6824,en
72237,Monster Night,2006,Adventure|Comedy|Family|Horror,4.542,12,0.6822,en
50241,Saving Shiloh,2006,Family|Drama,6.5,17,0.6589,en
167928,Frozen City,2006,Drama,5.3,15,0.5953,fi
224990,Strawberry Shortcake: The Sweet Dreams Movie,2006,Animation|Family,7.0,12,0.735,en
84958,R U Invited?,2006,Comedy|Romance|Drama,5.7,24,0.9362,en
37453,Molly: An American Girl on the Home Front,2006,Drama|Family|History,7.063,24,0.7672,en
54058,The Night of Taneyamagahara,2006,Animation,5.1,11,0.3894,ja
31289,The Caiman,2006,Drama|Comedy,6.699,282,0.6835,it
286,Germany: A Summer's Fairytale,2006,Documentary,6.848,56,0.6583,de
57408,At Cairo's Railway Station,2006,Comedy|Romance|Drama,6.3,28,0.5805,ar
134768,The World of Silence,2006,Thriller,7.0,19,0.5857,ko
15664,Right at Your Door,2006,Drama|Thriller|Science Fiction,5.837,258,0.691,en
48184,Baabul,2006,Drama|Romance|Family,6.1,35,0.6521,hi
3865,Dark Blue Almost Black,2006,Drama|Romance,6.7,120,1.1712,es
116675,Legacy of Fear,2006,Thriller|TV Movie|Crime,4.6,12,0.6304,en
20405,Puccini for Beginners,2006,Comedy|Drama|Romance,5.525,40,0.5528,en
57819,Kardia,2006,Drama,4.9,10,0.4539,en
13222,The Devil and Daniel Johnston,2006,Documentary|Music,7.702,141,0.6099,en
9639,Grimm Love,2006,Drama|Horror|Crime,4.837,83,0.5978,de
85693,Hammy's Boomerang Adventure,2006,Comedy|Family|Animation,6.1,54,0.6802,en
9868,Franz + Polina,2006,Drama|War|Romance,4.81,21,0.693,ru
48402,Night Run,2006,Drama|Thriller,5.722,18,1.078,nl
2032,Transit,2006,Comedy|Drama|War,5.143,14,0.6226,ru
83939,Punk Love,2006,Drama,4.85,10,0.4467,en
21382,The Snake,2006,Thriller,6.085,94,0.572,fr
64838,Made in Paris,2006,Comedy,5.2,13,0.8074,fr
9345,Exit,2006,Drama|Mystery|Thriller,5.3,49,0.6676,sv
15422,Dark Ride,2006,Horror|Thriller,4.708,106,0.6362,en
319309,Family,2006,Horror|TV Movie,7.0,35,0.5779,en
7517,Live Free or Die,2006,Action|Comedy|Crime,5.444,27,0.5806,en
33534,Dobrinya and the Dragon,2006,Adventure|Animation|Comedy|Fantasy,7.0,106,0.6396,ru
49219,O Jerusalem,2006,Drama|History,6.109,32,0.5518,fr
23207,Crossing the Line,2006,Documentary,7.455,22,0.5906,en
13529,Electroma,2006,Science Fiction|Drama,6.7,123,0.8429,fr
14297,Root of All Evil?,2006,Documentary,7.4,70,0.4803,en
14823,London to Brighton,2006,Crime|Drama|Thriller,6.345,116,0.6122,en
46952,Banshee,2006,Crime|Thriller|TV Movie,6.9,32,0.655,en
123879,Say Uncle,2006,Comedy|Drama,5.368,19,0.4727,en
15030,Deep Water,2006,Documentary|Adventure|Drama|Action,7.217,76,0.7133,en
53953,The Tooth Fairy,2006,Horror,4.3,55,0.65,en
15806,Splinter,2006,Thriller,4.529,17,0.787,en
80061,Things That Hang from Trees,2006,Drama,4.25,12,0.6084,en
5640,I Am the Other Woman,2006,Drama|Thriller,5.333,15,0.6087,de
52416,4 Horror Tales: Roommates,2006,Horror,5.5,15,0.522,ko
8199,Dreamland,2006,Drama|Romance,6.028,36,0.6345,en
40701,Love My Life,2006,Drama|Romance,5.4,25,0.7065,ja
18742,The House Next Door,2006,Horror|Mystery|Thriller,4.558,26,0.7164,en
34137,Chai Lai Angels: Dangerous Flowers,2006,Action|Comedy,4.333,18,0.6893,th
24590,Conversations with God,2006,Drama,6.8,67,0.6778,en
108712,I Remember,2006,Drama,6.25,12,0.4081,pt
63245,Mr. Wacky,2006,Comedy|Romance,4.7,10,0.5673,ko
65442,Breaking the Surface,2006,Drama,4.591,22,0.6444,de
1896,Salvador (Puig Antich),2006,Drama|History,6.875,68,0.5866,ca
205076,Not My Life,2006,Mystery|Thriller|TV Movie,5.7,10,0.6023,en
59267,Jaan-E-Mann,2006,Drama|Romance,5.524,41,0.5804,hi
116946,The Wailer,2006,Horror,6.8,111,0.7026,en
44974,Kettle of Fish,2006,Comedy|Romance,4.7,15,0.5729,it
14518,Peter & the Wolf,2006,Animation|Family|Music,6.7,105,0.4823,en
139200,Hello Sister  Goodbye Life,2006,Drama|TV Movie,6.105,43,0.6718,en
33615,Connors' War,2006,Action|Adventure|Science Fiction|Thriller,6.0,13,0.6865,en
20931,Taxi No. 9211,2006,Comedy|Drama|Thriller,6.346,65,0.4956,hi
51913,Shock to the System: A Donald Strachey Mystery,2006,Crime|Drama|Mystery|Thriller,5.9,33,0.5333,en
78557,Presumed Dead,2006,Thriller|TV Movie,3.8,11,0.6911,en
358879,Christmas on Chestnut Street,2006,Comedy|TV Movie,4.7,10,0.606,en
284578,The Vanished,2006,Horror,5.5,12,0.4447,ja
36622,Caved In: Prehistoric Terror,2006,Horror|Science Fiction|TV Movie,3.4,40,0.475,en
26687,The Unseeable,2006,Horror|Mystery,6.448,48,0.5455,th
16017,Prague,2006,Drama,5.9,45,0.4931,da
64484,Playing the Victim,2006,Comedy|Drama,6.469,64,0.4846,ru
48250,Fascists on Mars,2006,Comedy|Science Fiction|Adventure,6.683,186,0.5625,it
35721,Live Feed,2006,Horror|Thriller|Action,3.921,38,0.5309,en
9958,Trailer Park Boys: The Movie,2006,Comedy|Crime,6.526,156,0.541,en
45444,Arch Angels,2006,Adventure|Comedy|Fantasy,5.182,11,0.4744,ja
51579,Long Lost Son,2006,Drama|Mystery|TV Movie,5.9,16,0.7842,en
261615,Wallander: The Container Lorry,2006,Thriller|Crime,5.533,15,0.4757,sv
35199,Wordplay,2006,Documentary,7.0,48,0.52,en
31279,Turks in Space,2006,Comedy|Science Fiction|Action|Adventure,2.129,62,0.7798,tr
68116,Incubus,2006,Horror|Science Fiction|Thriller,3.585,41,0.7694,en
44767,A Cheerful Gang Turns the Earth,2006,Comedy|Drama|Crime,6.0,12,0.6057,ja
28900,Halloween: 25 Years of Terror,2006,Documentary,6.878,49,0.6278,en
13686,The Kovak Box,2006,Science Fiction|Thriller|Action,5.788,120,0.5462,en
29040,Matti: Hell Is for Heroes,2006,Drama|Comedy,5.533,45,0.4687,fi
23710,Shakira: Oral Fixation Tour,2006,Music,7.857,14,0.588,en
15412,Khosla Ka Ghosla!,2006,Comedy,7.3,115,0.5416,hi
21067,Who Made the Potatoe Salad?,2006,Comedy|Romance,5.273,11,0.5522,en
7009,The Wild Chicks,2006,Comedy|Family,6.231,78,0.5129,de
168208,For Horowitz,2006,Drama,6.9,11,0.583,ko
38025,Invisible Waves,2006,Drama|Thriller|Crime,5.855,38,0.6558,th
107986,Amber's Story,2006,Drama|Crime|TV Movie,6.714,14,0.543,en
81051,Godavari,2006,Drama|Romance,6.813,16,0.5504,te
16053,The Good Student,2006,Comedy,4.716,32,0.5607,en
333106,Back to the Well: 'Clerks II',2006,Comedy|Documentary,6.9,24,0.436,en
95758,The Sci-Fi Boys,2006,Documentary,7.0,12,0.4584,en
13616,Children of Glory,2006,Drama|History,6.833,39,0.581,hu
16785,Zombie Self-Defense Force,2006,Horror,4.0,15,0.6698,ja
43638,Holly,2006,Drama,6.294,17,0.4823,en
76946,Eight Days to Live,2006,TV Movie|Drama,5.909,11,0.4856,en
15652,Hoboken Hollow,2006,Horror,3.762,21,0.6058,en
46888,The One Percent,2006,Documentary,5.9,20,0.4526,en
43085,Dead and Deader,2006,Horror|Action|Science Fiction|Comedy,4.9,30,0.4796,en
21011,Baba's Cars,2006,Comedy|Action,5.346,13,1.3454,sv
18082,Tired of Kissing Frogs,2006,Drama|Comedy|Romance,6.3,69,0.487,es
69393,Augusta  Gone,2006,Drama|TV Movie,6.667,15,0.5796,en
63670,Vettaiyaadu Vilaiyaadu,2006,Action|Thriller,7.255,51,0.5755,ta
45776,Hannibal: Rome's Worst Nightmare,2006,History|Action|TV Movie,5.6,37,0.6451,en
24654,What the Bleep! Down the Rabbit Hole,2006,Documentary|Drama,6.071,35,0.4943,en
230883,The Customer Is Always Right,2006,Thriller,5.2,12,0.7449,ko
31983,Darna Zaroori Hai,2006,Thriller|Horror,5.345,29,0.5453,hi
183766,Tarantino's Mind,2006,TV Movie|Comedy,7.1,38,0.5478,pt
82097,Home by Christmas,2006,Drama|Family|TV Movie,5.9,18,0.6321,en
14064,Ten Canoes,2006,Adventure|Comedy|Drama,6.7,75,0.5954,en
40909,Vikramarkudu,2006,Action|Drama,6.6,36,0.7562,te
119468,Dragon Dynasty,2006,Adventure|Fantasy|Action,4.1,14,0.5894,en
31088,Fatal Desire,2006,TV Movie|Thriller|Romance,5.7,14,0.4879,en
32666,Wild West Comedy Show: 30 Days & 30 Nights - Hollywood to the Heartland,2006,Comedy|Documentary,6.3,11,0.5012,en
1666,The Bridge,2006,Documentary,6.777,226,0.6606,en
2286,Crusade in Jeans,2006,Adventure|Fantasy|History,5.9,66,0.6754,nl
33003,Maxed Out,2006,Documentary,6.8,30,1.5785,en
114693,Mystery Woman: Wild West Mystery,2006,Mystery|Crime|Thriller|TV Movie,6.467,15,0.4896,en
39095,Mungaru Male,2006,Music|Comedy|Drama|Romance,7.5,16,0.5576,kn
39912,Cemetery Gates,2006,Horror|Science Fiction|Action,3.648,27,0.3867,en
63815,Something Something… Unakkum Enakkum,2006,Romance|Drama|Action,6.333,27,0.4134,ta
48915,Housewife  49,2006,Drama|History,6.0,18,1.7248,en
65839,It Doesn't Hurt Me,2006,Drama|Romance,5.292,48,0.4853,ru
110501,Seven and a Half,2006,Comedy|Drama,6.667,30,0.5784,sr
13209,Offside,2006,Comedy|Drama,6.985,135,0.4969,fa
40465,Chain Reaction,2006,Horror,4.894,52,0.7528,en
10844,Out of the Blue,2006,Drama|Crime,6.532,79,0.4387,en
35027,Like a Dragon: Prologue,2006,Drama|Crime,6.269,13,0.5193,ja
157077,Thrill of the Kill,2006,Thriller|Drama|TV Movie|Crime,4.0,10,0.4348,en
132868,Uncle's Paradise,2006,Fantasy|Drama|Comedy,4.6,11,0.6945,ja
16043,The Lost Treasure of the Knights Templar,2006,Family|Adventure|Action,5.7,45,0.4916,da
39559,Gorillaz: Demon Days Live at the Manchester Opera House,2006,Music|Documentary,7.6,18,0.5529,en
9984,City of Rott,2006,Animation|Horror,4.4,17,0.4287,en
56491,In Her Line of Fire,2006,Action|Thriller,4.288,33,0.4826,en
324218,Aksar,2006,Thriller|Drama|Romance,4.176,17,0.4573,hi
13728,Locked Out,2006,Comedy,6.168,167,0.655,fr
62044,Commediasexi,2006,Comedy,4.2,101,0.5536,it
366230,Born to Be a Criminal,2006,Action|Comedy|Crime|Romance,5.911,28,0.4916,ar
56255,Executive Koala,2006,Comedy|Crime|Drama|Thriller|Horror|Mystery,5.3,33,0.5419,ja
18618,Gettin' It,2006,Comedy,3.685,28,0.5964,en
71196,Cheating in Chains,2006,Comedy,6.3,37,0.414,pt
17236,Whirlygirl,2006,Romance|Drama,5.349,43,0.5128,en
18607,Comme t'y es belle !,2006,Comedy,6.0,168,0.8353,fr
96781,Soul's Midnight,2006,Horror,3.846,13,0.3957,en
46687,The Ruby in the Smoke,2006,Drama|Mystery|Crime,6.385,26,0.575,en
21775,The Stone Council,2006,Adventure|Crime|Drama|Fantasy|Mystery|Thriller,4.473,56,0.5009,fr
15639,Larry the Cable Guy: Health Inspector,2006,Comedy,4.013,75,0.648,en
13527,Pure Hearts,2006,Drama,5.796,27,0.4844,da
57740,Flirting with Danger,2006,Mystery|TV Movie|Drama|Thriller,4.294,17,0.6534,en
18986,HG Wells: War with the World,2006,Drama|TV Movie,6.071,14,0.6762,en
233738,The V Word,2006,Horror|TV Movie,4.935,54,0.4971,en
39405,U,2006,Animation|Fantasy,6.559,101,0.4861,fr
51609,The Wild Soccer Bunch 3,2006,Adventure|Comedy|Family,5.304,84,0.4782,de
151188,Haunting Desires,2006,Horror|Fantasy|Thriller,3.318,11,1.2489,en
49767,Fade to Black,2006,Drama|Mystery|Thriller,4.368,19,0.5151,en
58432,The Dark Hour,2006,Horror|Mystery|Science Fiction|Thriller,5.5,64,0.4642,es
16080,Crazy Eights,2006,Horror,4.523,66,0.54,en
14654,In Paris,2006,Comedy|Drama,6.0,102,1.5214,fr
157526,Tokyo Train Girls 4: Young Wife's Desires,2006,Drama,4.4,14,0.6942,ja
37004,Fuga,2006,Drama|Thriller|Music,6.087,23,0.543,es
866481,Unfair: Code Breaking,2006,Action|Thriller|Mystery|TV Movie,6.9,11,0.3878,ja
76099,The Colonel,2006,Crime|Drama|History|War,6.8,11,0.4177,fr
47621,Tempbot,2006,Science Fiction|Comedy|Drama|Romance,6.3,28,0.4629,en
18383,Almost Love,2006,Comedy|Romance,6.1,18,0.5094,ko
62616,Alive,2006,Drama,5.448,29,0.4003,ru
36960,Memory,2006,Horror,5.256,43,0.579,en
39163,National Lampoon's TV: The Movie,2006,Comedy,4.327,26,0.4765,en
154873,Marie-Antoinette  la véritable histoire,2006,Drama|History|TV Movie,7.0,14,0.4948,fr
128411,See You After School,2006,Comedy,6.0,18,0.5019,ko
6222,The Crows,2006,Horror|Thriller,3.6,10,0.4122,de
41010,Wide Sargasso Sea,2006,Drama|Romance,5.6,15,0.5364,en
12808,Nina's Heavenly Delights,2006,Romance|Comedy|Drama,6.66,50,0.4704,en
26987,Christmas Do-Over,2006,Comedy|Family|Fantasy|TV Movie,5.739,46,0.526,en
154662,Dinner is served!,2006,Comedy|Romance,5.0,11,0.5561,ru
15928,Fidibus,2006,Comedy,5.474,19,1.591,da
25974,Moscow Zero,2006,Action|Horror|Drama,3.4,35,0.5415,en
38848,A Few Days in September,2006,Drama|Thriller,4.85,30,0.6187,fr
15495,The Hamiltons,2006,Drama|Horror|Thriller,5.021,194,0.619,en
71752,Hidden Places,2006,TV Movie|Drama|Romance,7.654,13,0.5985,en
33256,The Elephant King,2006,Drama|Romance,5.889,18,0.5037,en
73517,Boys Love,2006,Drama|Romance,4.3,22,0.5568,ja
61528,Born Equal,2006,Drama|TV Movie,5.0,14,0.5397,en
25576,Love Is the Drug,2006,Drama,5.929,14,0.5282,en
31072,Dragon,2006,Fantasy,5.375,12,1.6224,en
269144,Marriage with a Fool,2006,Romance,5.3,10,0.6434,cn
52130,Home Coming,2006,Drama,6.2,20,0.4608,tr
62492,The Wedding Weekend,2006,Comedy|Music|Romance,3.808,13,0.4758,en
17940,Android Apocalypse,2006,Science Fiction,4.191,34,0.4406,en
1256,Dead in 3 Days,2006,Horror|Thriller,5.4,88,0.3665,de
34728,Queer Duck: The Movie,2006,Animation|Comedy|TV Movie,4.25,24,0.4869,en
137310,Wild Hearts,2006,TV Movie|Drama,6.273,11,0.5945,en
104372,Waru,2006,Crime,4.923,13,0.4116,ja
273311,A Long Walk,2006,Drama,6.909,11,0.5542,ja
59571,GAL,2006,Drama|Thriller|History,4.775,20,0.4178,es
50611,What I Did for Love,2006,Drama|Romance|TV Movie,6.1,15,0.4474,en
8972,Neger  Neger  Schornsteinfeger,2006,Drama,6.8,10,0.4267,de
25216,Steel City,2006,Drama,5.462,13,0.3836,en
45939,President,2006,Thriller,5.422,32,1.6443,fr
18421,Climates,2006,Drama,6.8,154,0.5334,tr
63074,The Roses of the Desert,2006,War|Comedy,6.156,16,0.5408,it
39404,The Robber Hotzenplotz,2006,Comedy|Family,5.483,30,0.423,de
17319,Wrestlemaniac,2006,Horror,4.99,49,0.5001,en
24055,The Puffy Chair,2006,Comedy|Drama|Romance,6.059,59,0.4998,en
14351,Crossover,2006,Action|Adventure|Drama,3.475,40,0.5404,en
36946,Troubled Waters,2006,Action|Crime|Mystery|Thriller|TV Movie,3.7,17,0.4316,en
14848,The Dog Problem,2006,Comedy|Romance,5.964,55,0.512,en
18527,Madonna: The Confessions Tour,2006,Music,8.432,59,0.6053,en
13364,Deliver Us from Evil,2006,Crime|Documentary,7.127,209,0.6266,en
90832,Fatal Trust,2006,Drama|Mystery|Thriller|TV Movie|Crime|Romance,5.368,19,0.6847,en
23134,Totally Awesome,2006,Comedy|TV Movie,4.9,28,0.4009,en
142023,Lovers of the Café Flore,2006,Drama|TV Movie,5.6,22,0.482,fr
28011,XTC Just Don't Do It,2006,Family|Drama|Crime,6.2,27,1.5574,nl
35556,When Do We Eat?,2006,Comedy,5.25,20,0.5598,en
46647,Bog of Beasts,2006,Drama,6.0,46,0.5479,pt
25035,The Zombie Diaries,2006,Horror|Action|Thriller,4.3,83,0.5362,en
23925,Covert One: The Hades Factor,2006,Action|Drama|Science Fiction|Mystery,5.9,32,0.4517,en
376268,Stargate SG-1: True Science,2006,Science Fiction|Documentary|TV Movie,7.7,20,0.4356,en
24041,El Cortez,2006,Drama|Thriller,5.636,22,0.5134,en
25119,Are You Scared,2006,Action|Horror|Thriller,3.7,64,0.3399,en
43617,Madame Irma,2006,Comedy,5.6,138,0.4875,fr
82552,Armenia,2006,Drama|Crime,5.867,15,0.4701,fr
52672,Cat Girl Kiki,2006,Drama|Science Fiction,7.0,29,0.3563,ja
18245,True True Lie,2006,Thriller|Drama,4.533,15,0.4263,en
42559,A Christmas Wedding,2006,Comedy|Family|Romance|TV Movie,5.485,33,0.5427,en
12156,Private Property,2006,Drama,6.6,37,0.4331,fr
38580,The Little Matchgirl,2006,Animation|Drama|Family|Fantasy,7.5,194,0.557,en
21927,Dark Corners,2006,Horror|Thriller,5.063,63,0.4244,en
4880,Nichts als Gespenster,2006,Comedy|Drama,5.8,16,0.4544,de
69412,Paramasivan,2006,Action|Drama|Thriller,4.5,11,0.5969,ta
10037,The Hunt for Eagle One: Crash Point,2006,Action|Adventure|Thriller,4.5,18,0.5464,en
33365,The Night Before the Exams,2006,Comedy|Drama,6.455,1083,0.4361,it
25532,Chronicle of an Escape,2006,Thriller,6.62,79,0.396,es
189461,Rough Winds,2006,Drama,4.083,12,0.4262,es
30447,Blood Curse,2006,Horror|Mystery,5.903,31,0.4963,pt
85824,Sainikudu,2006,Action|Drama,6.2,17,0.515,te
17902,Stormforce,2006,Action|Adventure|Drama,5.667,21,0.4075,nl
155949,Aap Ki Khatir,2006,Comedy|Romance,4.8,13,0.4151,hi
32312,Araf,2006,Thriller|Horror,2.6,10,0.3495,tr
28640,Devil's Den,2006,Action|Horror|Thriller,4.5,38,0.5036,en
278139,Thuruppugulan,2006,Comedy,5.1,11,0.5464,ml
41536,Mercury Man,2006,Action|Adventure|Science Fiction,3.8,17,0.5314,th
234838,Classmates,2006,Mystery|Romance,7.4,36,0.4948,ml
20085,Wedding Wars,2006,Comedy|Romance|TV Movie,5.5,32,0.5216,en
8014,Valley of Flowers,2006,Adventure|Drama|Romance,6.8,30,0.568,fr
9551,Dieter - Der Film,2006,Animation|Comedy|Music|TV Movie,4.683,52,0.3264,de
39183,Once in a Lifetime: The Extraordinary Story of the New York Cosmos,2006,Documentary,7.107,14,0.4114,en
62726,Aurora,2006,Drama,5.7,10,0.5031,en
10036,7 Dwarves: The Forest Is Not Enough,2006,Comedy|Fantasy,5.508,187,0.4791,de
150030,Life Is Not a Fairytale: The Fantasia Barrino Story,2006,Drama|Music,6.2,14,0.4234,en
4887,Takva: A Man's Fear of God,2006,Drama,7.2,86,0.5243,tr
319323,Chocolate,2006,Horror|TV Movie,5.2,32,0.3917,en
32152,Apt,2006,Horror|Thriller,5.7,58,0.4721,ko
51202,Sideline Secrets,2006,Drama|Romance|Mystery,3.962,13,0.3763,en
10177,Evil Aliens,2006,Comedy|Horror|Science Fiction,5.062,121,0.5152,en
42435,Natale a New York,2006,Comedy,4.978,534,0.4643,it
289021,Sounds Like,2006,Horror|TV Movie,6.03,33,0.4561,en
8436,The Page Turner,2006,Drama|Music|Thriller,6.544,148,0.5612,fr
58771,Our Country,2006,Drama,5.4,13,0.2911,it
15398,Inside,2006,Drama|Horror|Thriller,4.381,21,0.5099,en
84623,Winter Journey,2006,Drama,6.9,10,0.5311,de
55660,Left in Darkness,2006,Horror|Thriller,5.6,51,0.5119,en
53850,Basilisk: The Serpent King,2006,Action|Horror|TV Movie|Fantasy,6.2,56,0.5084,en
21342,Pushkin: The Last Duel,2006,Drama|Romance|History,3.538,13,0.4291,ru
86872,Playing House,2006,Comedy|Romance,6.15,10,0.4755,en
58796,Canes,2006,Horror,4.333,18,0.4593,en
21794,In a Dark Place,2006,Horror|Thriller,4.222,54,0.5325,en
42289,666: The Child,2006,Horror,3.686,35,0.6089,en
254205,Et + si @ff,2006,Comedy,6.113,31,0.503,fr
72558,Children,2006,Drama,6.1,11,1.3799,is
72683,The Tomb,2006,Horror|Fantasy,3.921,19,0.311,it
16276,The Tiger Brigades,2006,Action|Adventure|Crime,5.655,132,0.4248,fr
14593,All You've Got,2006,Comedy|Family|Drama|TV Movie,6.217,23,0.4598,en
144152,Out of Sight,2006,Drama|Mystery,5.4,10,0.3534,he
46618,Umrao Jaan,2006,Romance|Drama,8.0,27,0.5766,hi
39307,Kenneth Williams: Fantabulosa!,2006,Comedy|Drama,6.317,30,0.4913,en
288588,Valerie on the Stairs,2006,Horror|TV Movie,5.3,32,0.4953,en
16013,Triple Dare,2006,Drama,4.9,20,0.44,da
24185,The Wedding Director,2006,Drama,6.0,45,0.4549,it
34515,Katt Williams: The Pimp Chronicles Pt. 1,2006,Comedy,6.955,44,0.5241,en
111177,Jane Doe: Yes  I Remember It Well,2006,Mystery|Crime|Drama|TV Movie,6.125,12,0.4729,en
36727,A House of Your Dreams,2006,Comedy,5.678,267,0.4552,fr
10051,Avenue Montaigne,2006,Comedy|Drama|Romance,6.132,121,0.5177,fr
21173,Death of a President,2006,Drama|Crime|Thriller|Mystery,5.62,79,0.5872,en
16429,Brothers of the Head,2006,Music|Drama,5.538,26,0.4966,en
74710,7 Millionaires,2006,Action|Comedy,4.6,10,0.4099,sv
55717,The Wind Blows Round,2006,Drama,7.037,41,0.2852,it
19312,The Black Hole,2006,Science Fiction|Thriller|TV Movie,4.402,66,0.5651,en
17214,To Let,2006,Drama|Horror|Thriller,5.872,98,0.524,es
69554,Keerthi Chakra,2006,War,6.225,20,0.6283,ml
129481,Family Portraits: A Trilogy of America,2006,Drama|Horror,5.455,11,0.4029,en
61783,Congorama,2006,Drama,6.5,19,0.4888,fr
44627,Seasons Change,2006,Romance|Comedy,7.75,18,0.5071,th
158708,Sandwich,2006,Comedy|Romance,5.222,18,0.4016,hi
45593,Roman,2006,Drama|Thriller|Horror,4.845,29,0.4443,en
45052,The Pumpkin Karver,2006,Horror,5.2,43,0.5137,en
79665,Imsai Arasan 23am Pulikesi,2006,Drama|Comedy,7.6,10,0.4414,ta
36668,X-Men: The Last Stand,2006,Adventure|Action|Science Fiction,6.421,10386,0.5366,en
14453,Free Jimmy,2006,Animation|Comedy,5.398,93,0.4189,no
5881,Twice Upon a Time,2006,Comedy,5.9,14,0.3481,fr
74638,Stardust: The Bette Davis Story,2006,Documentary|TV Movie,6.7,15,0.5142,en
10006,Wild Seven,2006,Action|Crime|Drama,4.262,21,0.4446,en
11211,Bring It On: All or Nothing,2006,Comedy,6.742,869,0.4419,en
18085,Roving Mars,2006,Documentary,7.191,34,0.4885,en
173288,Black Sheep,2006,Comedy,5.9,32,0.3797,de
61789,The Hunt,2006,Action|Horror|Science Fiction|Thriller,4.763,19,0.4569,en
57818,The Exodus Decoded,2006,Documentary,6.9,11,0.4495,en
46879,Spectre,2006,Drama|Horror|Mystery,5.234,47,0.4905,es
22436,Who Pulled the Plug? 2,2006,Comedy,3.861,35,0.4235,sv
113958,Love Thy Neighbor,2006,Drama|Thriller|TV Movie,6.667,15,0.3884,en
76012,The Da Vinci Treasure,2006,Mystery|Action|Adventure|Drama,2.6,12,0.4076,en
49729,Red Needles,2006,Drama,6.5,25,0.4031,fr
25740,Buy the Ticket  Take the Ride,2006,Documentary,7.2,18,0.3982,en
39170,Prince Vladimir,2006,Animation|Drama|History,6.588,40,0.4128,ru
73548,Miracle Dogs Too,2006,Drama|Family,5.5,13,0.4322,en
30244,Kabul Express,2006,Action|Comedy|Drama|Thriller,6.023,22,0.5012,hi
59273,Su-ki-da,2006,Drama|Romance,7.3,24,0.4694,ja
43766,Fireworks Wednesday,2006,Drama,7.4,149,0.5461,fa
52682,Les Aristos,2006,Comedy,4.286,66,0.4646,fr
77848,Under the Mistletoe,2006,Romance|Drama|TV Movie,5.3,16,0.3898,en
5442,Va a ser que nadie es perfecto,2006,Comedy,6.476,21,0.4597,es
16067,Final Days of Planet Earth,2006,Action|Science Fiction|Drama|Horror,4.804,23,0.5019,en
75020,Gag,2006,Horror,3.225,20,0.7174,en
1914,FC Venus,2006,Comedy|Romance,5.765,34,0.6316,de
140722,Beauty in Trouble,2006,Comedy|Drama,6.318,22,0.414,cs
213658,Low Winter Sun,2006,Drama|Crime,6.143,21,0.3437,en
68189,Man Exposed,2006,Drama|Comedy,5.25,16,0.3743,fi
617057,El malogrado amor de Sebastián,2006,Romance|Drama,4.545,11,0.3701,es
33826,Death Row,2006,Horror|Crime,3.7,15,0.3388,en
14542,Jeff Dunham: Arguing with Myself,2006,Comedy,6.752,103,0.4664,en
45973,Homie Spumoni,2006,Comedy,4.967,15,0.4649,en
20145,36 China Town,2006,Comedy|Thriller,5.7,59,0.6111,hi
280186,Rasathanthram,2006,Drama|Comedy|Family,6.6,18,0.3717,ml
57406,Leonard Cohen: I'm Your Man,2006,Documentary|Music,6.468,31,0.4118,en
59995,Wild Tigers I Have Known,2006,Drama,5.818,44,0.353,en
15728,Boy Culture,2006,Drama|Romance,6.4,92,0.3472,en
261866,Sex  Love  and Other Perversions,2006,Drama|Comedy,4.192,13,0.3278,es
311998,Film Noir: Bringing Darkness to Light,2006,Documentary,7.1,14,0.5571,en
73169,Zuzu Angel,2006,Drama|History,6.858,67,0.4359,pt
21505,The Haunted Airman,2006,Drama|Thriller|Horror|TV Movie,4.9,29,0.4903,en
43673,Sleeping Dogs Lie,2006,Drama|Comedy|Romance,5.717,53,0.42,en
334033,Sick Girl,2006,Horror|TV Movie,6.2,45,0.4073,en
228749,Baba Kalyani,2006,Action|Thriller,4.6,11,0.6679,ml
30351,All She Wants for Christmas,2006,Comedy|Drama|Romance|TV Movie,5.4,13,0.3867,en
63612,Bienvenido a casa,2006,Drama|Comedy|Romance,4.917,12,0.3743,es
319311,The Damned Thing,2006,Horror|TV Movie|Drama,5.105,38,0.4435,en
55253,The Machine,2006,Drama|Comedy|Science Fiction|Romance,7.342,19,1.6382,pt
236007,Naksha,2006,Action|Adventure,3.917,12,0.4145,hi
56860,Lost Signal,2006,Horror|Thriller,4.174,23,0.4146,en
50342,Diary,2006,Thriller|Horror,6.2,29,0.4222,cn
56082,One of the People,2006,Drama|Action,6.887,31,0.4377,ar
20981,The Call of Cthulhu,2006,Horror|Thriller|Fantasy|Science Fiction,6.96,176,0.4446,en
30123,Striking Range,2006,Action|Adventure|Drama|Thriller,4.2,10,0.5103,en
33114,Comrade Pedersen,2006,Drama,5.5,25,0.3876,no
280188,Kilukkam Kilukilukkam,2006,Comedy,2.2,10,0.4138,ml
39796,Yellow,2006,Drama|Romance,4.826,23,0.4415,en
58946,The Night of the Sunflowers,2006,Drama|Thriller,6.3,66,0.3512,es
31626,Bommarillu,2006,Drama|Romance,6.464,42,0.4903,te
95342,Love for Sale,2006,Drama,7.3,66,0.3425,pt
298723,Pro-Life,2006,Horror|Thriller|TV Movie,5.5,85,0.4925,en
24170,Private Fears in Public Places,2006,Drama|Romance,6.412,74,0.5189,fr
38944,The Leaning Tower,2006,Drama|Comedy,5.5,14,0.4043,fi
9949,Death Ride,2006,Horror|Thriller,3.429,14,0.625,en
12713,Comedy of Power,2006,Drama,6.277,83,0.5017,fr
53252,The Ugly Swans,2006,Science Fiction|Drama,6.364,55,0.3581,ru
20015,KM 31: Kilometer 31,2006,Thriller|Horror|Mystery,6.124,157,0.509,es
31325,The Singer,2006,Drama|Romance|Music,6.136,92,0.4617,fr
16014,Clash of Egos,2006,Comedy,5.671,35,0.4227,da
31097,The Pleasure Drivers,2006,Action|Drama|Thriller,4.656,16,0.3444,en
58928,Fragments of Antonin,2006,Drama|War,6.588,17,0.4919,fr
39301,Someone to Run With,2006,Adventure|Drama,6.2,19,0.4677,he
42934,Random Quest,2006,Science Fiction|Romance|TV Movie,6.7,11,0.4601,en
64812,Le Roi Soleil,2006,Music|Comedy,8.3,38,0.347,fr
25169,My First Wedding,2006,Comedy|Romance,4.824,17,0.3142,en
38918,Kiss me Kismet,2006,Comedy|Romance|TV Movie,5.864,11,0.4214,de
13319,Frostbitten,2006,Horror|Comedy,5.1,77,0.3398,sv
67742,S&Man,2006,Horror,4.6,44,0.2921,en
24409,Nightmare Man,2006,Comedy|Horror|Thriller,4.4,51,0.4157,en
50450,Slaughter Night,2006,Horror,5.19,21,0.2988,nl
32111,Why I Wore Lipstick to My Mastectomy,2006,Drama|Comedy|TV Movie,5.0,12,0.4727,en
7292,7 Mummies,2006,Horror|Action,3.3,50,0.4687,en
18206,Alone With Her,2006,Crime|Drama|Thriller,5.657,83,0.4276,en
19039,The Conclave,2006,Drama|History,5.944,18,0.5208,de
10062,UKM: The Ultimate Killing Machine,2006,Horror|Science Fiction,2.9,22,0.356,en
79027,When a Killer Calls,2006,Horror|Crime|Mystery,3.6,15,0.297,en
50046,Killing the Shadows,2006,Comedy|Drama|History,7.065,92,0.3511,tr
13164,Everything's Gone Green,2006,Comedy,5.483,30,0.3591,en
32604,Transylvania,2006,Drama,5.5,41,0.4628,fr
71556,S.S. Doomtrooper,2006,Action|Horror|Science Fiction|TV Movie,5.5,18,0.4542,en
14417,Driftwood,2006,Horror|Mystery,4.466,29,0.4272,en
27904,Syndromes and a Century,2006,Drama|Romance,6.776,98,0.4803,th
1540,Heading South,2006,Drama|Romance,5.436,39,0.4671,fr
46820,Madeinusa,2006,Drama,6.2,24,0.4779,es
37406,Lewis Black: Red  White & Screwed,2006,Comedy,6.6,36,0.4118,en
129933,Paraguayan Hammock,2006,Drama,5.941,17,0.387,es
65793,The Feast of the Goat,2006,Drama|History,5.3,20,0.46,es
54910,Off the Black,2006,Drama,5.844,16,0.3788,en
30303,A Girl Like Me: The Gwen Araujo Story,2006,Drama|TV Movie,5.1,20,0.5214,en
52452,Johnny Was,2006,Action|Crime|Drama,4.867,15,0.4079,en
49149,Summer,2006,Drama,5.2,14,0.3763,en
13943,Suburban Mayhem,2006,Drama|Thriller|Romance,5.59,29,0.5263,en
35710,Snakes on a Train,2006,Action|Horror|Thriller,3.7,51,0.4452,en
22066,The Marsh,2006,Horror|Mystery,5.1,70,0.3328,en
158605,Gambler,2006,Documentary,6.727,11,0.4098,da
46755,Doorman,2006,Drama,6.0,19,0.2529,en
54909,He's a Bully  Charlie Brown,2006,Family|Animation|Comedy|TV Movie|Drama,6.8,20,0.5278,en
216755,The Human Behavior Experiments,2006,Documentary,7.5,11,0.3608,en
10097,The Tiger's Tail,2006,Drama|Comedy|Crime,5.759,27,0.3332,en
10420,Fraulein,2006,Drama,5.5,15,0.4181,de
42860,The Stone Merchant,2006,Drama|Thriller,4.1,21,0.441,en
187423,A Pirate's Heart,2006,Adventure,5.292,12,0.4405,de
73682,The Paper Will Be Blue,2006,Drama|Action|Thriller|War,7.414,29,0.5418,ro
71381,The Heat,2006,Comedy|Romance,3.8,32,0.4374,ru
52131,Gen,2006,Thriller,3.724,29,0.3701,tr
238802,First Love,2006,Drama|Comedy,5.467,15,0.4741,tr
8093,Khadak,2006,Drama|Fantasy|Romance,6.455,22,0.3261,mn
44305,Fat Girls,2006,Comedy|Drama,4.692,13,0.3662,en
13713,Jean-Philippe,2006,Comedy|Music,5.714,323,0.4552,fr
129074,36 Steps,2006,Horror,4.9,16,0.2984,es
27445,Two Tickets to Paradise,2006,Comedy,5.36,15,0.3493,en
10123,French for Beginners,2006,Comedy|Romance,5.547,53,0.7683,de
81060,Happy,2006,Romance|Comedy,6.3,39,0.3752,te
103433,Hillside Cannibals,2006,Horror,2.983,29,0.4724,en
44260,Lake of Fire,2006,Documentary,7.0,42,0.3898,en
88334,Palimpsest,2006,Thriller,4.8,17,0.3805,pl
24234,Andy Warhol: A Documentary Film,2006,Documentary,8.2,12,0.4305,en
64849,Push,2006,Drama,4.9,12,0.5041,en
53486,The Family Friend,2006,Drama,7.222,309,0.4147,it
15551,Cirque du Soleil: Corteo,2006,Documentary|Family|Music,7.7,38,0.4215,fr
37766,Uro,2006,Action|Crime|Thriller,5.891,23,0.3788,no
82861,Classic Albums: Queen - The Making of A Night at the Opera,2006,Documentary|Music,6.5,16,0.3196,en
81213,Loneliness in the Net,2006,Drama|Romance,4.6,19,0.3535,pl
72397,The Mermaid Chair,2006,Drama|Romance|TV Movie,4.0,13,0.3456,en
4516,My Best Friend,2006,Comedy,6.109,248,0.4845,fr
128762,Black Dahlia,2006,Horror,3.4,26,0.3018,en
34389,Iraq in Fragments,2006,Documentary,6.579,19,0.3475,ku
82805,Piano 17,2006,Action|Comedy|Crime,6.096,26,0.3048,it
88053,Lots of Ice and a Little Bit of Water,2006,Comedy,6.553,19,0.2478,pt
15325,God Grew Tired of Us,2006,Documentary,7.287,47,0.4657,en
54399,Vanaja,2006,Drama,6.0,11,0.368,te
37840,Love Me Not,2006,Drama,6.3,24,0.3638,ko
69810,The Road,2006,Drama,6.708,12,0.3355,zh
347807,Fight Club: Members Only,2006,Action,6.5,26,0.2577,hi
21819,Mischief Night,2006,Drama,5.7,16,0.3703,en
9999,The Free Will,2006,Crime|Drama,6.964,56,0.4121,de
51676,Summer Rain,2006,Drama|Romance,4.912,17,0.354,es
108610,Manay Po!,2006,Comedy,5.0,13,0.307,tl
69624,Vallavan,2006,Action|Romance,5.533,15,0.4578,ta
112103,The Optimists,2006,Drama,6.65,10,0.41,sr
289332,Wallander: The Joker,2006,Crime|Thriller,5.9,15,0.3787,sv
64383,Bad Faith,2006,Comedy,5.972,71,0.431,fr
46371,Apna Sapna Money Money,2006,Comedy,5.405,21,0.3838,hi
31421,The Gymnast,2006,Drama|Romance,6.103,39,0.3673,en
48519,Dracula's Curse,2006,Action|Horror,4.088,34,0.4704,en
51790,The Road to Christmas,2006,Drama|TV Movie,5.7,17,0.3031,en
53942,4-4-2 - Il gioco più bello del mondo,2006,Comedy,5.387,75,0.3801,it
159893,2 in the AM PM,2006,Animation|Comedy,7.12,25,0.2925,en
13254,The Living and the Dead,2006,Drama|Horror,6.325,60,0.3036,en
72752,Rising Son: The Legend of Skateboarder Christian Hosoi,2006,Documentary,5.4,13,0.3736,en
33591,The Border Post,2006,Comedy|Drama,7.1,39,0.3502,sr
133828,A Harlot's Progress,2006,Drama,4.7,10,0.2951,en
47318,Disaster Zone: Volcano in New York,2006,Action|Science Fiction,5.75,46,0.3579,en
330929,Turkish Chick,2006,Comedy,2.9,10,0.3253,nl
136469,The 9/11 Commission Report,2006,Drama|Thriller,4.8,14,0.4103,en
31999,Slippery Slope,2006,Comedy|Romance,3.455,11,1.1775,en
15699,Opal Dream,2006,Drama|Family,6.13,27,0.4181,en
50138,Legend of the Doll,2006,Comedy|Drama,7.5,31,0.3393,ja
119861,Dreams and Desires: Family Ties,2006,Animation,6.7,10,0.3481,en
24582,Manufactured Landscapes,2006,Documentary,7.198,58,0.2801,en
132358,Cries in the Dark,2006,Crime|TV Movie,7.364,11,0.3264,en
80261,Return to Rajapur,2006,Drama|Romance,6.817,60,0.2442,en
48116,Love Sick,2006,Drama,5.531,65,0.3837,ro
164823,AA,2006,Documentary|Music,4.6,34,0.3209,ja
1260,Lotte from Gadgetville,2006,Adventure|Animation|Comedy|Family,8.692,13,0.4373,et
27696,The Thirsting,2006,Horror,3.3,13,0.2968,en
39252,The Witches Hammer,2006,Science Fiction|Horror,2.25,12,0.339,en
18819,The Hunt for Eagle One,2006,Adventure|Drama|Action|Thriller|War,5.377,26,0.3267,en
35464,The Goodbye Kiss,2006,Drama|Thriller|Crime,6.833,61,0.3195,it
36675,Halloween Night,2006,Horror,3.8,28,0.4147,en
28744,Satanic,2006,Horror,3.25,20,0.4803,en
113321,Jasminum,2006,Comedy|Family,6.2,35,0.3308,pl
45746,After...,2006,Horror|Science Fiction|Thriller,3.176,17,0.3505,en
49359,Shadow: Dead Riot,2006,Action|Horror,3.906,32,0.3491,en
26481,Kiltro,2006,Action|Adventure,5.389,27,0.4257,es
19151,East Side Story,2006,Drama|Comedy|Romance,5.076,33,0.378,en
34466,Franklin and the Turtle Lake Treasure,2006,Animation|Family|Fantasy|Comedy,6.0,18,0.424,fr
38989,The Wives He Forgot,2006,Drama|Mystery|TV Movie,3.4,10,0.5787,en
23989,Final Contract: Death on Delivery,2006,Action,5.9,15,0.3672,en
43622,All the Beauty of the World,2006,Comedy|Drama,6.147,17,0.3081,fr
29793,The Perfect Marriage,2006,TV Movie|Thriller|Crime,4.1,11,0.5278,en
22161,April in Love,2006,Comedy|Drama,6.038,26,0.3059,fr
53215,Kiwi!,2006,Animation|Adventure|Comedy,7.0,204,0.2676,en
50543,The White Planet,2006,Documentary|Family,6.737,19,0.353,fr
203660,That Man: Peter Berlin,2006,Documentary,6.5,14,0.2352,en
52967,Offside,2006,Drama|Comedy,5.3,23,1.4261,sv
134018,House of the Sleeping Beauties,2006,Drama|Thriller,5.35,20,0.3413,de
73650,Singapore Dreaming,2006,Drama|Comedy,6.3,10,0.3994,zh
55171,Novel Romance,2006,Comedy|Romance,4.2,11,0.3218,en
172438,Big John,2006,Documentary,7.8,10,0.5041,fr
351,Longing,2006,Drama,6.22,25,0.3783,de
99668,Trance,2006,Drama,6.167,21,0.3552,pt
80864,Ashok,2006,Drama|Action|Romance,5.364,11,0.4271,te
46526,The Christmas Card,2006,Drama|Romance|TV Movie,6.244,43,0.3454,en
66063,Holiday Makers,2006,Comedy,5.528,18,0.2513,cs
93961,Falling for Grace,2006,Comedy|Romance,5.214,28,0.3948,en
4140,Blindsight,2006,Documentary,6.8,11,0.3441,en
40785,Suddenly,2006,Drama,5.0,11,0.7074,sv
109928,Phoenix,2006,Romance,4.7,14,0.3454,en
24927,Night of the Living Dead 3D,2006,Horror,3.899,69,0.4739,en
16188,9/Tenths,2006,Thriller,4.882,17,0.4026,en
9951,The Dudesons Movie,2006,Comedy|Action,5.3,41,0.414,en
16768,An Evening with Kevin Smith 2: Evening Harder,2006,Comedy|Documentary,7.1,54,0.3202,en
20543,Steven Wright: When the Leaves Blow Away,2006,Comedy,6.5,12,0.3816,en
24048,The Front Line,2006,Action|Drama|Thriller,6.375,16,0.2872,en
137801,Nobody Knows Sex,2006,Comedy,3.688,16,0.5279,ru
38820,The Other Half,2006,Drama|Comedy|Romance,6.964,14,0.3102,en
75307,Derren Brown: The Heist,2006,Comedy,8.333,15,0.4535,en
53659,A Perfect Day,2006,Drama|TV Movie,4.5,20,0.4405,en
47170,48 Angels,2006,Drama,4.5,13,0.3901,en
43985,Half Moon,2006,Music|Drama|Comedy,6.448,29,0.2921,ku
36827,Return with Honor,2006,Drama|Comedy|Romance,6.125,72,0.3579,en
26631,In the Blood,2006,Horror|Thriller,4.182,11,0.4383,en
38576,A Gentlemen's Duel,2006,Comedy|Animation|Science Fiction|Action,6.6,21,0.2712,en
51858,Among Adults,2006,Comedy|Drama,4.6,11,0.3217,fr
10084,Rollin' with the Nines,2006,Action|Crime|Drama|Thriller,4.688,24,0.4063,en
369843,Humko Tumse Pyaar Hai,2006,Romance|Thriller,7.0,11,0.4289,hi
37993,Angels of the Sun,2006,Drama,7.0,39,0.3743,pt
434,Tough Enough,2006,Drama|Thriller,6.857,56,0.312,de
592457,Zoey 101: Spring Break-Up,2006,Family|Drama|TV Movie,8.5,20,0.3328,en
30861,The Last House in the Woods,2006,Horror,4.434,38,0.3716,it
26751,Tre,2006,Drama|Romance,5.8,13,1.249,en
23843,The Listening,2006,Thriller|Crime|Drama,6.532,31,0.3985,it
134901,Life After Tomorrow,2006,Documentary,6.545,11,0.5684,en
45551,Surveillance,2006,Crime|Horror|Thriller,5.0,14,0.3388,en
18213,Bikini Bloodbath,2006,Horror,3.5,10,0.2485,en
16010,Life Hits,2006,Drama,5.538,13,0.5283,da
87413,Der die Tollkirsche ausgräbt,2006,Unknown,5.2,10,0.379,de
75393,The Power of Fear,2006,Horror,3.639,18,0.5147,ru
74076,9/11: The Twin Towers,2006,Documentary,6.4,15,0.3654,en
29283,The Trip to Panama,2006,Adventure|Family|Animation,6.5,16,0.3962,de
115093,Doghead,2006,Drama,5.588,17,0.2357,es
49834,The International,2006,Music|Drama|Comedy,6.371,58,0.3134,tr
27174,The Redsin Tower,2006,Horror,4.2,10,0.3235,en
18634,Puzzlehead,2006,Science Fiction|Thriller|Drama|Horror,5.654,26,0.4159,en
7872,The Road to Guantanamo,2006,Drama,6.88,129,0.331,en
52372,The Chanting,2006,Horror,5.8,16,0.3418,id
69380,A Wonderful World,2006,Comedy|Drama,7.635,115,0.4856,es
36676,Jonestown: The Life and Death of Peoples Temple,2006,Documentary|History|TV Movie,7.066,91,0.3561,en
45641,Pray for Morning,2006,Horror|Thriller,4.861,18,0.3329,en
98019,Footsteps,2006,Crime|Drama|Thriller|Horror,2.9,12,1.452,en
38065,Salvage,2006,Horror|Mystery|Thriller,4.846,68,0.3827,en
63838,Sword-Bearer,2006,Action|Romance|Thriller|Science Fiction,5.114,22,0.3592,ru
193453,Leisure Time,2006,Drama,7.1,10,0.3899,ar
233296,Jawani Diwani: A Youthful Joyride,2006,Romance|Comedy,4.542,12,0.2653,hi
123334,TV Junkie,2006,Documentary,6.529,17,0.2996,en
55424,Try Me,2006,Comedy|Romance,6.059,59,0.528,fr
69868,Piccolo  Saxo & Cie,2006,Animation|Family,6.625,20,0.3079,fr
57965,Red Like the Sky,2006,Drama,7.658,79,0.318,it
36883,Midnight Movies: From the Margin to the Mainstream,2006,Documentary|Horror,6.309,89,0.3201,en
10121,Warriors of Terra,2006,Horror|Science Fiction,3.773,22,0.2971,en
72156,Love Comes to the Executioner,2006,Drama|Comedy|Romance,5.2,10,0.3928,en
30384,Zombies Anonymous: Last Rites of the Dead,2006,Comedy|Horror,4.477,22,0.3181,en
112095,Tomorrow Morning,2006,Drama,6.917,12,0.4289,sr
51051,Dead Man's Bounty,2006,Action|Thriller|Western,3.455,11,0.397,en
42575,Eccezzziunale... veramente - Capitolo secondo... me,2006,Comedy,4.739,140,0.4048,it
13484,The Foot Fist Way,2006,Comedy,5.736,146,0.3467,en
13140,Kenny,2006,Comedy,6.192,65,0.3423,en
101822,Dong,2006,Documentary,5.563,16,0.2636,zh
289330,Wallander: The Castle Ruins,2006,Crime|Thriller,5.7,15,0.3556,sv
243463,Didi - The Treasure Raider,2006,Adventure|Family|Comedy,5.558,26,0.3091,pt
12840,The Man of My Life,2006,Drama|Comedy|Romance,5.9,33,0.3666,fr
49835,Cinematographer Style,2006,Documentary,6.8,11,1.1264,en
75470,Karol: The Pope  The Man,2006,Drama|History,6.3,60,0.3183,it
609455,I Lampaclima e l'isola misteriosa,2006,Animation,6.845,29,0.368,it
37978,Niagara Motel,2006,Drama,5.5,13,0.4214,en
39041,The Conrad Boys,2006,Drama,5.393,28,0.3312,en
118796,Helmer & Son,2006,Comedy|Drama,4.7,11,0.1944,da
78561,Sasquatch Mountain,2006,Horror|Science Fiction|Fantasy|Thriller|Mystery,5.059,34,0.3528,en
155445,Not All Were Murderers,2006,Drama|History|TV Movie,6.7,11,0.3761,de
213598,La Morte Rouge,2006,Documentary,6.6,16,0.1841,es
35733,Amateur Porn Star Killer,2006,Horror|Crime,3.8,36,0.3279,en
34588,If I Were You,2006,Comedy|Fantasy,6.386,392,0.3197,pt
317781,Pyare Mohan,2006,Comedy,5.0,11,0.3611,hi
135362,The Chosen One,2006,Drama,6.423,13,0.2786,nl
96010,The Way I Spent the End of the World,2006,Drama,5.8,34,0.3745,ro
23817,The Big Bad Swim,2006,Comedy|Drama,5.58,25,0.3513,en
328301,Sidewalls,2006,Romance,7.063,16,0.2986,es
200214,The Pink Soldier,2006,Music|Family|TV Movie,5.5,10,0.2436,fr
13296,The Magician,2006,Comedy|Drama,6.909,176,0.3524,tr
26251,Wanda Sykes: Sick and Tired,2006,Comedy,8.0,11,0.262,en
14421,The Year My Parents Went on Vacation,2006,Drama,7.18,125,0.3464,pt
58072,Baciami piccina,2006,Comedy,5.786,28,0.2874,it
289421,Wallander: Blood Line,2006,Thriller|Crime,5.0,15,0.2808,sv
173304,Heremias: Book One - The Legend of the Lizard Princess,2006,Drama|Crime,7.9,16,0.2752,tl
52419,4 Horror Tales: February 29,2006,Horror,5.8,17,0.3064,ko
34787,Drawing Restraint 9,2006,Fantasy,6.25,24,0.3443,ja
102449,A Summer Day,2006,Drama|TV Movie,5.4,14,0.2915,fr
16042,AKA Tommy Chong,2006,Documentary,7.283,18,0.2986,en
2152,Dixie Chicks: Shut Up and Sing,2006,Music|Documentary,6.7,48,0.3756,en
239114,Sea of Dreams,2006,Drama|Fantasy|Mystery,5.5,11,0.2548,en
39501,Long Flat Balls,2006,Comedy,5.3,17,0.3086,no
29046,Scorpius Gigantus,2006,Horror|Science Fiction,2.769,13,0.2534,en
65795,The Education of Fairies,2006,Drama,6.232,28,0.2821,es
67073,Born and Bred,2006,Drama|Romance,5.361,18,0.2988,es
43052,Say That You Love Me,2006,Drama,4.6,11,0.2754,sv
16009,Offscreen,2006,Drama|Romance|Horror,7.059,17,0.9004,da
135210,Junk,2006,Crime|Horror|Thriller,4.648,27,0.291,ru
14173,Princess,2006,Thriller|Animation|Action|Drama,6.094,53,0.3211,da
58782,A Dead Calling,2006,Horror,4.3,18,0.2928,en
71783,Blackwater Valley Exorcism,2006,Horror,3.9,24,0.2878,en
26882,Bugcrush,2006,Thriller|Horror,5.776,29,0.2721,en
40511,At the End of the Spectra,2006,Mystery|Horror,5.9,25,0.2599,es
71430,Boog and Elliot's Midnight Bun Run,2006,Animation|Comedy|Family,5.5,50,0.2519,en
59275,I Not Stupid Too,2006,Drama,7.967,15,0.3373,zh
148853,Legacy,2006,Drama,6.567,15,0.2582,fr
85461,Honour of the Knights,2006,Drama,7.2,27,0.3314,ca
78695,Family Hero,2006,Drama,4.78,25,0.3647,fr
27919,The Second Chance,2006,Drama,6.075,20,0.3098,en
46747,Cowboy Forever,2006,Drama|Romance,4.308,13,0.2846,en
67988,Curse of the Wolf,2006,Horror|Action|Comedy,4.2,13,0.154,en
27773,Special Dead,2006,Action|Adventure|Comedy|Horror,4.3,12,0.2957,en
50100,My Country  My Country,2006,Documentary,6.9,19,0.2286,en
391604,Il padre delle spose,2006,Drama|TV Movie,4.1,13,0.3374,it
230183,Chinthamani Kolacase,2006,Action|Crime|Mystery,6.2,18,0.2588,ml
54190,Ugly Me,2006,Comedy|Romance,4.773,11,0.3944,es
22812,Unnatural & Accidental,2006,Drama|Crime|Mystery,4.4,10,0.3225,en
193944,Vadakkumnadhan,2006,Drama,6.0,11,0.3641,ml
49348,Trespassers,2006,Horror,4.227,22,0.2856,en
40011,The Quest,2006,Comedy|Documentary,3.667,24,0.2781,en
153601,Eye of the Leopard,2006,Documentary|TV Movie,8.4,16,0.5413,en
35403,Grounding: The Last Days of Swissair,2006,Drama,5.917,12,0.3429,de
11405,The Red Cockatoo,2006,Comedy|Drama|Romance,5.479,24,0.3805,de
76853,Slumming,2006,Comedy|Drama,6.125,16,0.344,de
61205,In Her Mother's Footsteps,2006,Drama|Mystery|Thriller|TV Movie,5.0,11,0.3021,en
49577,Free Floating,2006,Drama|Comedy|Romance,4.9,16,0.3426,ru
49887,Les Irréductibles,2006,Comedy|Drama,5.656,16,0.2893,fr
62757,Savages,2006,Comedy|Drama,6.457,23,0.5839,ru
278901,Korgoth of Barbaria,2006,Animation|Comedy|Fantasy|Action,8.22,25,0.3041,en
27423,Ghost Game,2006,Horror|Mystery|Thriller,5.533,15,0.3604,th
77436,Vacationland,2006,Drama,4.971,17,0.2786,en
14761,Cocaine Cowboys,2006,Documentary,7.278,189,0.2786,en
124176,Falling in Love with the Girl Next Door,2006,Comedy|TV Movie,5.938,16,0.4725,en
4979,Windows on Monday,2006,Drama,5.091,11,0.2468,de
91836,Elipsis,2006,Drama|Thriller|Crime,5.591,11,0.4017,es
76718,How to Go Out on a Date in Queens,2006,Comedy|Romance,2.636,11,0.3461,en
38001,Ghosts,2006,Drama,6.5,14,0.2412,en
109693,A Love to Keep,2006,Drama|Romance,4.5,11,0.2762,es
24171,Dry Season,2006,Action|Drama|Thriller,7.053,19,0.2558,fr
137306,Mystery Woman: At First Sight,2006,Thriller|Crime|Mystery|TV Movie,6.333,15,0.2588,en
27959,Heist School,2006,Comedy|Drama,5.8,90,0.3754,tr
31339,Premonition,2006,Drama,6.115,13,0.2107,fr
82566,Celia's Lives,2006,Drama,5.75,12,0.362,es
60153,Hi Way,2006,Comedy,6.1,11,0.1671,pl
63923,Requiem from Java,2006,Drama|Music|Romance,5.9,12,0.3731,jv
54653,Gangs of the Dead,2006,Horror|Action|Science Fiction,3.32,25,0.4114,en
136542,Family: Ties of Blood,2006,Action|Crime|Drama|Thriller,6.042,12,0.252,hi
35760,White Palms,2006,Drama,7.139,18,0.286,hu
10884,10 Questions for the Dalai Lama,2006,Documentary,7.2,15,0.2312,en
164834,The Poisoner,2006,Drama|TV Movie,7.6,14,0.3901,fr
13365,49 Up,2006,Documentary,7.4,56,0.3047,en
71919,A Real Friend,2006,Horror|Mystery|TV Movie,4.9,40,0.2425,es
31387,Keloglan Vs. The Dark Prince,2006,Comedy,2.056,36,0.2833,tr
123892,Pretty Maid Café,2006,Drama|Romance,6.7,12,0.2826,ja
16984,Clarkson: The Good The Bad The Ugly,2006,Documentary|Comedy,5.75,12,0.2383,en
116397,Histoire(s) du Cinéma 2b: Deadly Beauty,2006,Documentary,6.15,20,0.3619,fr
16018,American Hardcore,2006,Documentary|Music,6.858,60,0.2878,en
85537,The Beautiful Beast,2006,Drama|Thriller|Horror,4.25,12,0.2447,fr
70930,Burnt Out,2006,Drama,6.026,19,0.2525,fr
13174,America: Freedom to Fascism,2006,Documentary,7.3,40,0.2819,en
44886,You and I,2006,Comedy|Romance|Drama,5.217,23,0.3314,fr
62750,...e se domani,2006,Comedy,5.792,24,0.3002,it
44007,Cándida,2006,Comedy|Drama,6.023,22,0.2961,es
16150,Darkon,2006,Documentary|Fantasy,6.711,19,0.3813,en
56980,Our Land,2006,Thriller|Drama,6.5,32,0.2257,it
26120,Plagues and Pleasures on the Salton Sea,2006,Documentary,6.8,10,0.2447,en
31463,Subject Two,2006,Horror|Science Fiction|Thriller,5.436,39,0.233,en
1964,A Friend of Mine,2006,Drama,6.623,77,0.318,de
43076,Sons,2006,Drama|Comedy,6.769,26,0.2864,no
18151,Shadow Company,2006,Documentary,6.6,15,0.2707,en
53003,The Trail,2006,Adventure,7.0,10,0.1971,fr
13979,Day Night Day Night,2006,Drama|Thriller,5.963,27,0.2976,en
39510,Blood Tea and Red String,2006,Animation|Fantasy|Thriller,7.111,54,0.3037,en
27208,A Curtain Raiser,2006,Drama|Romance,6.534,29,0.2023,fr
319318,The Fair Haired Child,2006,Horror|TV Movie,5.8,68,0.2862,en
110761,Container,2006,Drama,4.7,19,0.3014,en
214126,Bigfoot,2006,Horror|Comedy,3.1,10,0.2137,en
270117,Beck 18 - The Girl in the Root Cellar,2006,Crime|Drama|Mystery|Thriller,6.1,26,0.2564,sv
25604,Dara Ó Briain: Live at the Theatre Royal,2006,Comedy,7.6,20,0.1929,en
44434,LOL,2006,Drama|Comedy|Romance,5.717,92,0.1915,en
29413,Korn : Live on the Other Side,2006,Music|Documentary,6.6,10,0.4243,en
74180,Romeo & Juliet: Sealed with a Kiss,2006,Romance|Family|Animation,6.6,10,0.2332,en
68418,The Screwfly Solution,2006,Horror|TV Movie,5.6,61,0.2522,en
160900,Night Of Terror,2006,Thriller|TV Movie,6.571,14,0.291,en
60537,One Summer,2006,Drama|Comedy,5.74,25,0.2361,fr
25395,Blood Trails,2006,Horror,4.3,33,0.2393,de
8990,Das kleine Arschloch und der alte Sack - Sterben ist Scheiße,2006,Animation|Comedy,5.7,25,0.2582,de
163890,Blockade,2006,Documentary|History|War,6.4,19,0.2219,ru
122249,Boys Life 5,2006,Romance,5.6,12,0.3691,en
40179,Cheating Love,2006,Comedy|Romance,5.0,22,0.2633,fr
13894,Sharkwater,2006,Documentary,7.6,65,0.3094,en
30724,The Bikini Escort Company,2006,TV Movie|Comedy,3.727,11,0.2197,en
13338,Sione's Wedding,2006,Comedy|Romance,6.231,26,0.3343,en
14891,Dirty Sanchez: The Movie,2006,Comedy,5.289,64,0.3573,en
644458,Max Steel: Countdown,2006,Animation|Adventure|Action|Family,8.6,14,0.3377,en
41424,Eduart,2006,Drama|Crime,4.6,10,0.2891,sq
203525,Beastly Boyz,2006,Thriller|Horror,3.182,11,0.1692,en
34283,The Pervert's Guide to Cinema,2006,Documentary,7.4,174,0.2975,en
57775,Khottabych,2006,Comedy|Fantasy,5.8,59,0.1921,ru
37405,Eden,2006,Drama,5.1,10,0.2119,de
237759,The Way Back Home,2006,Drama,6.708,12,0.3534,en
163888,Oxhide,2006,Drama|Documentary,6.3,12,0.2708,zh
341445,One Hundredth of a Second,2006,Drama|War,6.917,24,0.2517,en
131116,Saviour Square,2006,Drama,6.618,38,0.251,pl
46140,Derren Brown: Something Wicked This Way Comes,2006,TV Movie|Mystery,8.0,12,0.143,en
13070,Air Guitar Nation,2006,Documentary,6.184,19,0.3715,en
24189,The Missing Star,2006,Drama,6.75,28,0.2809,it
60867,Zero. Lilac Lithuania,2006,Crime|Thriller,5.2,20,0.225,lt
13748,A Ticket to Space,2006,Comedy|Science Fiction,5.2,151,0.3134,fr
170876,You and Me,2006,Drama,7.045,22,0.2933,zh
13670,A Crude Awakening,2006,Documentary,7.333,30,0.196,en
24159,12:08 East of Bucharest,2006,Comedy|Drama,6.9,122,0.389,ro
27175,The Real Dirt on Farmer John,2006,Documentary,7.231,13,0.2219,en
29258,A Very Serious Person,2006,Drama,5.75,16,0.2517,en
29124,Get Thrashed,2006,Documentary|Music,7.0,23,0.2526,en
25150,Awesome; I Fuckin' Shot That!,2006,Music|Documentary,7.2,22,0.2139,en
126141,The Case of the Grinning Cat,2006,Documentary|TV Movie,6.938,16,0.2674,fr
32624,Gypsy Caravan: When the Road Bends,2006,Music|Documentary,7.3,10,0.2631,en
108887,Demented,2006,Drama,6.611,18,0.1887,fr
12681,You Am I,2006,Adventure|Romance,5.9,11,0.2545,lt
89258,Mystery Woman: Redemption,2006,Mystery|Crime|Thriller|TV Movie|Drama,6.733,16,0.2856,en
28935,An Erotic Werewolf in London,2006,Horror,3.4,15,0.5221,en
164431,Beck 17 - The Scorpion,2006,Crime|Drama|Thriller|Mystery,5.9,29,0.2148,sv
160686,Part-Time Lifeguards III,2006,Comedy,3.846,26,0.2771,es
43639,Five Across the Eyes,2006,Horror,3.3,28,0.2176,en
40462,Bachelor Party Massacre,2006,Horror,4.3,10,0.2509,en
149117,Lavatory Lovestory,2006,Animation|Romance|Comedy,6.5,38,0.3169,ru
5717,Man Push Cart,2006,Drama,6.981,54,0.2476,en
106194,Bergman Island,2006,Documentary,7.611,18,0.215,en
57768,A Thousand Kisses,2006,Drama|Romance|Comedy,5.727,22,0.2885,nl
30535,Along the Ridge,2006,Drama,7.018,56,0.2218,it
33608,We Are Not Angels 3: Rock & Roll Strike Back,2006,Comedy,5.6,18,0.4849,sr
63717,Gardens in Autumn,2006,Comedy,5.958,12,0.1539,fr
72889,Flash.card,2006,Crime|Drama|Thriller,3.9,15,0.2582,ru
193449,Ouija,2006,Drama|Mystery,4.5,13,0.3344,ar
27453,Sketches of Frank Gehry,2006,Documentary,6.87,23,0.3297,en
65255,Mr. Jingles,2006,Horror,5.4,49,0.2443,en
51376,Inside North Korea,2006,Documentary,7.1,15,0.2559,en
73790,Junk Town,2006,Animation|Science Fiction,6.1,12,0.193,ja
74052,My Name Is Juani,2006,Comedy|Drama,5.6,66,0.263,es
38352,Andersen. Life Without Love,2006,Romance|Fantasy|Drama,4.4,18,0.2495,ru
34594,Crossing Borders,2006,Drama|History,6.517,58,0.2956,es
74790,Dance Party  USA,2006,Drama,5.025,20,0.2199,en
40238,The Slaughter,2006,Horror,4.2,21,0.3641,en
140146,Francuski numer,2006,Comedy|Crime|Action,5.0,21,0.2324,pl
353039,Never Like the First Time!,2006,Animation,6.844,16,0.2813,sv
17460,Blame It on Fidel!,2006,History|Drama,7.0,65,0.2379,fr
121555,Stephen Tobolowsky's Birthday Party,2006,Documentary,6.2,10,0.2947,en
83887,The Sacred Family,2006,Drama,5.909,11,0.1898,es
21974,Money as Debt,2006,Documentary|Animation,7.417,24,0.2051,en
249538,Brasília 18%,2006,Drama,4.8,10,0.2192,pt
68301,A Bothered Conscience,2006,Horror,6.6,11,0.2189,en
97548,Family Law,2006,Drama|Comedy,6.318,22,0.2103,es
319549,Dragons: Destiny of Fire,2006,Animation,7.4,29,0.2716,es
173454,Vengeance,2006,Horror|Fantasy|Thriller|Action,3.9,10,0.2985,th
104726,Poison Friends,2006,Drama|Thriller,5.4,19,0.1987,fr
98906,Satan's Playground,2006,Horror,3.571,14,0.1813,en
70060,White Trash,2006,Romance|Comedy,5.2,10,0.2314,sv
73201,Automatons,2006,Science Fiction|Action|Thriller,6.6,10,0.1845,en
193451,Justified Betrayal,2006,Drama,6.0,10,0.3029,ar
42913,Beur Blanc Rouge,2006,Comedy,4.25,12,0.2316,fr
22034,Tangier,2006,Thriller|Drama,6.543,23,0.2667,nl
140172,Cool Air,2006,Horror,4.8,13,0.2665,en
80178,Little Man,2006,Comedy,6.225,20,0.2236,da
35367,Young  Single & Angry,2006,Comedy|Romance,4.077,13,0.2118,en
52153,The Mighty Boosh Live,2006,Comedy,8.0,20,0.3585,en
172155,The Feeding,2006,Horror,3.5,10,0.2686,en
409507,Emile's Girlfriend,2006,Comedy|Drama,5.0,10,0.2531,he
116401,Histoire(s) du Cinéma 3a: The Coin of the Absolute,2006,Documentary,6.472,18,0.3518,fr
24439,Joe Rogan: Live,2006,Comedy,6.587,23,0.2102,en
80621,Svalan  katten  rosen  döden,2006,Crime|Drama|Thriller|Mystery,4.8,11,0.2019,sv
55854,The Young  the Gay and the Restless,2006,Comedy|Drama,3.367,15,0.2428,en
159279,Keillers Park,2006,Drama|Romance,4.8,12,0.2543,sv
25729,Aziris Nuna,2006,Adventure|Family|Science Fiction,4.472,18,0.2542,ru
57702,In the Pit,2006,Documentary,6.125,12,0.24,es
59954,The Big Apartment,2006,Comedy|Romance,5.15,30,0.2093,fr
34083,The Silent City,2006,Science Fiction|War,5.5,33,0.1811,en
62045,Only God Knows,2006,Drama|Mystery|Romance,5.214,14,0.2891,es
49484,Sniffer,2006,Drama|Science Fiction,6.0,14,0.1996,no
24947,Twisted Sisters,2006,Crime|Horror|Thriller,4.176,17,0.2072,en
112092,Sheitan Warrior,2006,Comedy|Fantasy|Horror,5.567,15,0.2141,sr
2180,Heartbreak Hotel,2006,Drama|Comedy,4.9,19,0.2595,sv
77224,A Perfect Friend,2006,Thriller|Drama,3.6,10,0.228,fr
289340,Wallander: The Trickster,2006,Thriller|Crime,4.929,14,0.1967,sv
24565,Our Daily Bread,2006,Documentary,7.8,41,0.2453,de
95932,Isi & Disi: alto voltaje,2006,Adventure|Music|Comedy,5.0,52,0.2726,es
108930,Jim Gaffigan: Beyond the Pale,2006,Comedy,7.0,92,0.1794,en
26303,Prehistoric Park,2006,Documentary|Adventure,7.2,13,0.2045,en
51138,The Moment After 2: The Awakening,2006,Science Fiction|Thriller,5.406,16,0.1734,en
17138,The 8th Plague,2006,Action|Horror,4.455,22,0.2379,en
15756,Hurricane on the Bayou,2006,Documentary,5.8,11,0.2094,en
68944,Charlie Says,2006,Drama,5.339,31,0.2157,fr
69942,The Shadow Walkers,2006,Horror|Action|Thriller,5.1,14,0.2067,en
44827,Dor,2006,Drama,7.4,28,0.2783,hi
41637,Angora Ranch,2006,Drama|Romance,3.9,11,0.1221,en
40155,Phantom of the Opera: Behind the Mask,2006,Documentary,5.6,17,0.2496,en
40860,Drained,2006,Comedy,7.02,153,0.2569,pt
20092,Corporate,2006,Crime,6.417,24,0.2684,hi
13044,One Fine Day,2006,Comedy,5.1,89,0.187,fr
60026,The Jungle,2006,Comedy,4.708,12,0.1842,fr
59362,Pyaar Ke Side Effects,2006,Comedy|Drama|Romance,6.3,22,0.1765,hi
31341,Blue Collar Comedy Tour: One for the Road,2006,Comedy,5.5,18,0.2968,en
215580,Mystery Woman: Oh Baby,2006,Mystery|Crime|Thriller|TV Movie,6.765,17,0.2809,en
268702,Xuxa Twins,2006,Family,4.4,21,0.1947,pt
15501,Dane Cook: Vicious Circle,2006,Comedy,6.5,46,0.2872,en
324608,Shaadi Se Pehle,2006,Drama,4.364,11,0.4251,hi
7554,The Cats of Mirikitani,2006,Documentary,7.4,11,0.2454,en
104233,Family Saga,2006,Comedy|Horror,4.9,14,0.1832,de
76179,Exorcism: The Possession of Gail Bowers,2006,Horror|Drama,4.341,22,0.2144,en
84848,Blood,2006,Drama,5.125,20,0.1707,es
36558,Glass Tiger 2,2006,Comedy,6.717,30,0.1761,hu
15324,Steal This Film,2006,Documentary,5.6,31,0.1933,en
83439,Silver Road,2006,Drama,4.7,15,0.2091,en
81550,Ice Cream  I Scream,2006,Comedy,6.282,62,0.1735,tr
141263,Tony Hawk in Boom Boom Sabotage,2006,Animation|Family,4.3,10,0.1564,en
21704,Sam's Lake,2006,Horror|Thriller,4.719,16,0.2953,en
377998,Hellraiser: Prophecy,2006,Horror,3.3,11,0.1938,en
101414,Los mánagers,2006,Comedy|Music,5.182,11,0.2402,es
80356,Air Force  Incorporated,2006,Unknown,7.25,10,0.1196,es
89309,Ryna,2006,Drama,5.4,10,0.1877,ro
83072,Rafters,2006,Romance|Comedy|Adventure,5.235,17,0.2702,cs
78479,Jackpot,2006,Comedy,6.461,38,0.1927,fi
35336,Brothers: The Return,2006,Crime|Drama|Thriller,6.361,18,0.1927,sv
887697,Test,2006,Animation|Drama,7.177,48,0.1624,cs
467547,Mad_e in Bangladesh,2006,Unknown,7.7,12,0.2824,bn
236284,Graffiti,2006,Drama,5.467,15,0.2962,ru
118565,The Lighthouse,2006,Drama|War,6.192,39,0.2183,ru
29630,Milarepa,2006,Action|Adventure|Drama,7.375,24,0.2995,bo
21153,Flock of Dodos: The Evolution-Intelligent Design Circus,2006,Documentary,6.5,10,0.1508,en
29579,Hate2O,2006,Thriller|Horror,3.9,39,0.1961,it
61506,Dead End,2006,Thriller|Horror,5.625,16,0.2464,nl
52732,High Score,2006,Documentary,7.654,13,0.1431,en
172673,Instructions for a Light and Sound Machine,2006,Unknown,5.967,30,0.1954,xx
40862,Iraq for Sale: The War Profiteers,2006,Documentary,7.8,25,0.183,en
418771,Vocal Parallels,2006,Drama,6.45,10,0.2527,kk
278256,Bartali: The Iron Man,2006,TV Movie|Drama,6.898,54,0.2136,it
297124,Il mio amico Babbo Natale 2,2006,Family|Fantasy|TV Movie,5.6,40,0.1784,it
65857,Stupid Teenagers Must Die,2006,Horror,1.885,13,0.1811,en
53341,U2: Vertigo 05 - Live from Milan,2006,Music,7.8,10,0.2859,en
97100,Night of the Dead: Leben Tod,2006,Horror,2.7,14,0.2141,en
65626,Lift,2006,Mystery|Thriller,3.308,13,0.2221,ru
82404,Colossal Youth,2006,Drama,7.2,52,0.3193,pt
22097,Rammstein: Völkerball,2006,Music|Documentary,8.148,27,0.1817,de
10088,Sweet Insanity,2006,Horror|Thriller,2.071,14,0.1581,en
37419,Mommy  I'm Scared,2006,Drama,6.806,36,0.2199,tr
26370,638 Ways to Kill Castro,2006,History|Documentary|TV Movie,6.2,14,0.2458,en
9761,Elephants Dream,2006,Animation|Science Fiction,5.8,69,0.2999,en
87280,Mad Cowgirl,2006,Horror|Drama|Romance,4.5,22,0.2217,en
170057,The Blood of Yingzhou District,2006,Documentary,6.4,12,0.1661,en
270056,Contracorriente,2006,Unknown,8.4,10,0.1843,es
118251,First Flight,2006,Animation|Family,6.7,26,0.1657,en
64479,The Room,2006,Horror|Drama|Thriller,3.971,17,0.2181,fr
303296,M for Mother,2006,Drama,7.9,22,0.2211,fa
75705,Zoop In India,2006,Family|Adventure|Action,5.2,10,0.1587,nl
347308,A Good Death Beats a Dull Life,2006,Comedy|Drama|Thriller,5.4,10,0.2123,es
41163,In a Day,2006,Comedy|Drama|Romance,7.5,21,0.1692,en
48119,Retrieval,2006,Drama,5.615,13,0.1677,pl
28062,When Darkness Falls,2006,Thriller|Drama,7.2,27,0.2297,sv
45664,Who the #$&% Is Jackson Pollock?,2006,Documentary,6.625,20,0.1526,en
30253,Late Bloomers,2006,Comedy,6.3,34,0.2263,de
64771,Mustang Sally's Horror House,2006,Horror,4.333,15,0.2068,en
72424,Die Könige der Nutzholzgewinnung,2006,Comedy,4.8,11,0.1788,de
99475,Hänsel und Gretel,2006,Family|Fantasy|TV Movie,6.5,17,0.1766,de
305570,Paradox,2006,Thriller,6.69,20,0.1488,en
212067,For One Night,2006,TV Movie|Drama|Romance,7.6,11,0.2673,en
38094,One Rat Short,2006,Animation,6.6,19,0.1981,en
128288,The Pit,2006,Horror,4.778,18,0.17,uk
24176,Mario's War,2006,Drama,5.977,22,0.1581,it
225255,Little Secrets,2006,Drama|Comedy,5.042,12,0.1745,lb
226898,High Maintenance,2006,Comedy|Drama,6.2,21,0.1477,de
8,Life in Loops (A Megacities RMX),2006,Documentary,7.324,34,0.2965,en
44074,Cease Fire,2006,Comedy|Drama|Romance,5.0,13,0.1528,fa
82877,The Gospel of Judas,2006,Documentary|History,7.2,10,0.1742,en
1096978,Avatar,2006,Drama,6.008,60,0.1956,es
32311,The Class of Chaos 3 5,2006,Comedy,3.109,64,0.1948,tr
16849,Love & Dance,2006,Drama,6.3,12,0.1831,he
47618,Adicolor Yellow,2006,Science Fiction,5.3,23,0.1979,en
34993,Blame,2006,Horror|Drama|Mystery|TV Movie,4.672,32,0.1958,es
46341,El próximo Oriente,2006,Comedy,5.273,11,0.232,es
119616,Black Butterfly,2006,Drama,5.417,12,1.3814,es
77035,Lakshmi,2006,Drama,5.3,10,0.376,te
44817,Bullets  Blood & a Fistful of Ca$h,2006,Crime|Action,4.912,17,0.2072,en
49846,A Sunday in Kigali,2006,Drama,7.35,10,0.179,fr
118895,How Much Further,2006,Drama,7.0,22,0.2729,es
239070,120 Seconds to Get Elected,2006,Comedy,5.943,44,0.1318,en
27785,Sinful,2006,Thriller|Drama|Horror,4.0,10,0.1435,en
47247,Extended Play,2006,Comedy|Drama|Fantasy|Romance,5.447,19,0.1686,el
149959,Giovanni Falcone - L'uomo che sfidò Cosa Nostra,2006,Crime|History|TV Movie,6.1,22,0.188,it
16701,Kidz in da Hood,2006,Family|Comedy|Drama,4.5,12,0.1797,sv
53497,The Besieged Fortress,2006,Documentary,6.932,22,0.1936,fr
106028,Summer School,2006,Horror|Mystery,7.933,15,1.2841,en
246994,The Tale of How,2006,Animation,6.0,12,0.1779,en
75460,15 Minutes Over Low Heat,2006,Comedy|Drama,5.925,20,0.1287,tr
38170,Pablo Francisco: Ouch!,2006,Comedy,7.4,13,0.1692,en
115603,Fiction,2006,Drama|Romance,5.038,13,0.2143,ca
27672,Dorm of the Dead,2006,Horror,1.2,13,0.1132,en
36143,Flanders,2006,War|Drama|Romance,6.22,75,0.2202,fr
38635,The Danish Poet,2006,Animation,7.01,52,0.2005,en
15815,1:1,2006,Drama,7.982,28,0.2989,da
146538,The Knight Didi and the Princess Lili,2006,Family|Adventure,4.365,26,0.1084,pt
128375,L'estate del mio primo bacio,2006,Comedy|Drama,4.6,28,0.3316,it
264833,Oculus: Chapter 3 - The Man with the Plan,2006,Horror,6.6,25,0.1147,en
19275,Future by Design,2006,Documentary,7.3,32,0.1262,en
52086,Wide Awake,2006,Documentary|Horror,5.964,14,0.2229,en
45122,Times Have Been Better,2006,Comedy,5.8,20,0.1574,fr
50579,The Singing Revolution,2006,Documentary|History|Music,6.0,10,0.2109,en
21773,J'invente rien,2006,Comedy,5.114,22,0.2106,fr
71732,The Right of the Weakest,2006,Thriller|Drama,6.292,24,0.1596,fr
38008,Ghosts of Cité Soleil,2006,Documentary,7.056,18,0.1315,en
69913,My Dad Is 100 Years Old,2006,Documentary|Drama|Comedy,7.075,20,0.3827,en
76040,9/11: The Falling Man,2006,Documentary|TV Movie,7.2,35,0.2228,en
381173,The Great Mystery of Water,2006,Documentary,5.8,11,0.1266,ru
226274,We Go Way Back,2006,Drama|Comedy,5.083,12,0.1569,en
218362,Guide Dog,2006,Comedy|Animation,6.2,16,0.1442,en
138011,Available Men,2006,Comedy,5.0,11,0.1447,en
53871,Glastonbury,2006,Music|Documentary,5.475,20,0.1295,en
5850,Times and Winds,2006,Drama,7.1,56,0.2327,tr
29638,Werewolf in a Women's Prison,2006,Horror,3.7,22,0.1501,en
91099,Your Life in 65 Minutes,2006,Drama|Romance,6.286,14,0.134,es
74673,A Year in My Life,2006,Drama,6.029,17,0.1789,fr
4971,Lucy,2006,Drama,5.8,11,0.1724,de
63514,Whispering Moon,2006,Drama|Romance,4.0,12,0.2314,de
64522,Reel Bad Arabs: How Hollywood Vilifies a People,2006,Documentary,5.8,11,0.1607,en
77583,Long-Term Relationship,2006,Comedy|Romance,5.684,19,0.2219,en
52137,The Little Apocalypse,2006,Thriller|Horror|Drama|Fantasy,5.3,10,0.2684,tr
116604,The Mozart of Pickpockets,2006,Crime|Comedy,6.7,23,0.1475,fr
64974,R()und Brackets,2006,Comedy,1.722,18,0.2098,it
13447,Dream Theater: Score - 20th Anniversary World Tour,2006,Music,7.6,10,0.1629,en
75743,Life and Lyrics,2006,Drama|Romance|Music,5.7,10,0.1987,en
47491,The Beales of Grey Gardens,2006,Documentary|Drama,7.3,33,0.1325,en
85277,Happy Family,2006,Comedy|Romance,5.6,10,0.1718,nl
39869,Joshua,2006,Horror,4.9,11,0.1101,en
263507,The Fall of '55,2006,Documentary,5.2,10,0.1902,en
199411,El Doctor,2006,Animation|Comedy|Fantasy,6.0,22,0.1509,en
92659,Din of Celestial Birds,2006,Mystery|Animation,6.1,22,0.2402,en
33951,Shattered Soul,2006,Drama|Crime|Mystery,5.682,22,0.1761,tr
18173,The American Poop Movie,2006,Comedy,4.5,21,0.1877,en
128759,Rage,2006,Crime|Thriller|TV Movie,5.905,21,0.2424,de
64209,The Road to San Diego,2006,Comedy,6.75,14,0.1069,es
94862,Plasterhead,2006,Horror,2.9,10,0.1993,en
18652,Street Thief,2006,Crime|Drama|Thriller,5.7,23,0.1806,en
256644,Game,2006,Animation,5.433,15,0.1793,fr
165603,Love & Suicide,2006,Drama,4.0,10,0.1334,en
32532,Everything Will Be OK,2006,Animation|Drama|Comedy,7.634,119,0.1379,en
295041,By the Kiss,2006,Unknown,6.2,10,0.1101,xx
57979,Pro Dia Nascer Feliz,2006,Documentary,7.158,19,0.1253,pt
56952,Scream of the Ants,2006,Drama|Adventure,5.6,12,0.2311,fa
61575,Ti lascio perché ti amo troppo,2006,Comedy,5.9,66,0.1312,it
128075,11 Settembre 2001 - Inganno Globale,2006,Documentary|TV Movie,7.5,12,0.1291,it
32714,Cut Sleeve Boys,2006,Comedy|Drama,4.941,17,0.1614,en
342479,The Tube with a Hat,2006,Drama,6.923,26,0.1305,ro
245300,The Aroma of Tea,2006,Animation,5.7,30,0.1383,nl
258716,A Car's Life: Sparky's Big Adventure,2006,Animation|Comedy|Family,2.105,19,0.123,en
98190,Ban the Sadist Videos! Part 2,2006,Documentary,6.5,16,0.1498,en
116396,Histoire(s) du Cinéma 2a: Only Cinema,2006,Documentary,6.3,21,0.1861,fr
36176,The Passenger,2006,Animation|Comedy|Horror,5.8,14,0.2188,en
179514,Schüleraustausch,2006,Comedy|TV Movie,5.95,10,0.1567,de
89598,La distancia,2006,Drama,4.971,17,0.1255,es
339761,Locos por el sexo,2006,Comedy,4.545,11,0.1921,es
26314,Job: The Last Grey Cell,2006,Comedy,5.295,44,0.1244,pl
61313,Fimfarum 2,2006,Animation|Family,7.5,12,0.1213,cs
54585,Night Feeders,2006,Horror|Science Fiction,3.8,12,0.1337,en
143764,Nude Caboose,2006,Comedy,4.2,12,0.145,en
24716,Horrors of War,2006,Action|Horror|Thriller,3.267,15,0.1098,en
173722,The Hills of Disorder,2006,Documentary,7.3,10,0.1,pt
41367,The Quick and the Undead,2006,Action|Horror|Western,3.7,21,0.1917,en
48128,Straight Story,2006,Science Fiction|Comedy,4.9,25,0.1494,el
50472,Anplagghed al Cinema,2006,Comedy|Fantasy,6.978,346,0.1413,it
85766,The Frozen North,2006,Documentary|History,6.3,13,0.381,en
36416,We're All Christs,2006,Drama,6.56,58,0.1171,pl
75867,Soul Kicking,2006,Drama,6.333,15,0.1088,el
88480,Never on a Sunday,2006,Drama|Music|Romance|Comedy,5.85,10,0.1465,es
13010,9/11: Press for Truth,2006,Documentary,7.6,13,0.1372,en
50605,Angel's Rage,2006,Drama,5.55,10,0.184,fr
257206,Time of Her Life,2006,Horror|Mystery|Romance|Fantasy,5.833,12,0.1567,en
160237,Young  Dumb and Full of Love,2006,Unknown,4.0,11,0.1761,hu
81312,Just Love Me,2006,Comedy|Romance,5.879,58,0.1359,pl
235141,Spider's Web: A Pig's Tale,2006,Animation|Family,3.8,13,0.162,en
337741,Patoruzito 2: La Gran Aventura,2006,Animation,7.1,19,0.1334,es
23495,The War Tapes,2006,Documentary,7.0,14,0.1162,en
80258,Salvatore. Questa è la vita,2006,Unknown,7.0,13,0.1095,it
21473,Kisses and Caroms,2006,Comedy|Romance,4.364,22,0.0706,en
114931,Sonja,2006,Drama,4.55,10,0.1397,de
294727,Tertium Non Datur,2006,War|Drama,5.6,11,0.1666,ro
22906,American Blackout,2006,Documentary,6.591,11,0.0961,en
16884,Anders Matthesen - Anden på coke?,2006,Comedy,6.9,18,0.1072,da
408111,Happy Birthday to You!,2006,Crime|Horror|Thriller|Drama,5.2,10,0.0941,es
46491,Casi casi,2006,Comedy|Romance,6.7,10,0.2332,es
25358,Katt Williams: Live,2006,Comedy|Documentary|TV Movie,6.8,16,0.1476,en
79161,51 Birch Street,2006,Documentary,7.367,15,0.1269,en
118015,The Saddest Boy in the World,2006,Drama|Comedy,6.625,12,0.1018,en
34064,Marilena from P7,2006,Drama,6.265,34,0.1127,ro
162656,Tanghi Argentini,2006,Comedy,7.0,18,0.128,nl
142528,Des fleurs pour Algernon,2006,Drama|TV Movie,6.975,20,0.1306,fr
575392,Friends Jokes,2006,Comedy|TV Movie,6.6,93,0.1525,ar
144881,Monkey Warfare,2006,Comedy|Drama,4.4,10,0.09,en
33910,Bad Brains,2006,Thriller|Horror,3.8,10,0.0994,it
121506,The Protector,2006,Drama|Action,7.103,34,0.0914,en
22485,loudQUIETloud: A Film About the Pixies,2006,Documentary|Music,6.75,30,0.1084,en
257545,Ja wam pokażę!,2006,Comedy|Romance,3.75,16,0.1027,pl
49313,Telling Lies,2006,Thriller,5.7,10,0.1272,en
116398,Histoire(s) du Cinéma 3b: A New Wave,2006,Documentary,6.4,20,0.0984,fr
42681,Filme da Treta,2006,Comedy,5.3,16,0.1158,pt
112282,The Wraith of Cobble Hill,2006,Drama|Animation,6.25,12,0.1176,es
47510,The Guatemalan Handshake,2006,Drama|Comedy,5.35,10,0.343,en
119409,La máquina de bailar,2006,Comedy,3.6,20,0.3241,es
129005,Can Tunis,2006,Documentary,7.8,10,0.1458,es
32013,Hacking Democracy,2006,Documentary|Crime,7.6,24,0.0775,en
710314,Un filo intorno al mondo,2006,Comedy|Family,6.9,38,0.0841,it
26143,Stewart Lee: 90s Comedian,2006,Comedy,7.3,15,0.0923,en
558099,No More Anesthesia,2006,Romance,10.0,13,0.052,ru
25315,Ron White: You Can't Fix Stupid,2006,Comedy,5.958,12,0.0772,en
99819,The Great Match,2006,Comedy,6.667,12,0.1009,es
75724,Gritos en el pasillo,2006,Horror|Animation,8.327,55,0.1111,es
46752,Davy and Stu,2006,Romance,4.5,15,0.108,en
61889,Deep Purple: Live at Montreux 1996,2006,Music,7.8,11,0.1031,en
200953,Dark Fields,2006,Horror,4.6,10,0.0907,en
91563,Black Sun,2006,Documentary,7.0,14,1.1829,en
82437,Following Sean,2006,Documentary,6.5,11,0.0616,en
108772,These Encounters of Theirs,2006,Drama|Documentary,6.4,10,0.1118,it
18152,Occupation 101: Voices of the Silenced Majority,2006,Documentary,7.5,33,0.0809,en
49952,Black Gold,2006,Documentary,6.405,21,0.0544,en
35143,Ralphie May: Girth of a Nation,2006,Comedy,6.2,10,0.0536,en
23077,Russell Peters: Outsourced,2006,Comedy,7.069,36,0.1182,en
211678,The River: Legend of La Llorona,2006,Horror,6.3,18,0.0306,en
432924,Tapa na Pantera,2006,Comedy,6.6,10,0.1204,pt
116403,Histoire(s) du Cinéma 4b: The Signs Among Us,2006,Documentary,6.059,17,0.0915,fr
114142,Rag Tag,2006,Drama|Action|Romance,4.7,16,0.0861,en
246666,Tyger,2006,Animation,6.0,12,0.0495,pt
235055,Down There,2006,Documentary,5.4,13,0.0818,fr
93451,Creatures from the Pink Lagoon,2006,Horror|Comedy,4.273,11,0.0921,en
116402,Histoire(s) du Cinéma 4a: The Control of the Universe,2006,Documentary,6.4,19,0.0473,fr
24999,The Great Happiness Space: Tale of an Osaka Love Thief,2006,Documentary,6.983,29,0.0409,en
74964,911 Mysteries Part 1: Demolitions,2006,Documentary,7.2,10,0.0538,en
300556,Even If She Had Been a Criminal...,2006,Documentary,6.8,11,0.0143,fr
82137,24/7: The Passion of Life,2006,Drama,5.321,14,0.0256,de
918706,Man,2006,Unknown,6.4,17,0.0071,en
