id,title,release_year,genres,vote_average,vote_count,popularity,original_language
39254,Real Steel,2011,Action|Science Fiction|Drama,7.098,9180,79.7612,en
78192,Michael Jackson: The Life of an Icon,2011,Documentary|Music,8.137,182,53.1064,en
77338,The Intouchables,2011,Drama|Comedy,8.271,18442,21.1095,fr
12445,Harry Potter and the Deathly Hallows: Part 2,2011,Adventure|Fantasy,8.08,21995,21.4107,en
1865,Pirates of the Caribbean: On Stranger Tides,2011,Adventure|Action|Fantasy,6.57,14963,16.9616,en
63964,Deiva Thirumagal,2011,Drama|Family,7.3,31,14.7631,ta
50619,The Twilight Saga: Breaking Dawn - Part 1,2011,Adventure|Fantasy|Romance,6.189,9273,16.4284,en
44896,Rango,2011,Animation|Comedy|Family|Western|Adventure,6.9,7111,15.5726,en
49013,Cars 2,2011,Animation|Family|Adventure|Comedy,6.181,8476,13.9279,en
414419,Kill Bill: The Whole Bloody Affair,2011,Action|Crime,8.092,1295,13.2594,en
10195,Thor,2011,Adventure|Fantasy|Action,6.8,22356,13.6531,en
41630,No Strings Attached,2011,Comedy|Romance,6.296,4993,11.7493,en
114168,Perras,2011,Thriller|Drama|Romance,7.265,310,12.693,es
49018,Insidious,2011,Horror|Thriller,6.941,7329,11.3845,en
49530,In Time,2011,Action|Thriller|Science Fiction,6.971,12167,10.1464,en
46195,Rio,2011,Animation|Adventure|Comedy|Family,6.8,7176,10.5137,en
49444,Kung Fu Panda 2,2011,Animation|Family|Comedy|Action,7.066,7888,10.5092,en
74997,The Human Centipede 2 (Full Sequence),2011,Drama|Horror|Crime,4.768,1448,10.8663,en
50014,The Help,2011,Drama,8.202,9054,9.8785,en
86331,Desire,2011,Drama|Romance,6.282,1365,10.0444,fr
71672,Wrong Turn 4: Bloody Beginnings,2011,Horror|Thriller,5.744,1217,9.9851,en
45243,The Hangover Part II,2011,Comedy,6.507,11284,9.197,en
85877,The 33D Invader,2011,Comedy|Science Fiction,5.7,32,9.9454,cn
1771,Captain America: The First Avenger,2011,Action|Adventure|Science Fiction,7.007,22744,9.6799,en
50546,Just Go with It,2011,Comedy|Romance,6.708,6122,9.3004,en
38321,Priest,2011,Action|Fantasy|Horror,5.876,2529,9.0497,en
41446,Scream 4,2011,Horror|Mystery,6.486,4182,9.0193,en
64690,Drive,2011,Drama|Thriller|Crime,7.584,13644,8.4688,en
50646,Crazy  Stupid  Love.,2011,Comedy|Drama|Romance,7.272,9293,9.6002,en
61791,Rise of the Planet of the Apes,2011,Thriller|Action|Drama|Science Fiction,7.343,12753,9.03,en
56292,Mission: Impossible - Ghost Protocol,2011,Action|Thriller|Adventure,7.114,10775,8.5326,en
71676,Ghost Rider: Spirit of Vengeance,2011,Action|Fantasy|Thriller,5.019,4071,8.5784,en
63311,The Skin I Live In,2011,Drama|Horror|Mystery|Thriller,7.487,4630,8.1142,es
76025,Shame,2011,Drama,6.928,3412,8.338,en
51876,Limitless,2011,Thriller|Mystery|Science Fiction,7.201,11488,8.1532,en
59440,Warrior,2011,Drama|Action,7.8,5023,6.5978,en
17578,The Adventures of Tintin,2011,Adventure|Animation|Mystery,6.922,5815,6.8403,en
65754,The Girl with the Dragon Tattoo,2011,Thriller|Crime|Mystery,7.4,7614,6.5267,en
55779,Final Destination 5,2011,Horror|Mystery,6.156,4091,6.7249,en
47327,Drive Angry,2011,Fantasy|Thriller|Action|Crime,5.539,2039,6.9474,en
417859,Puss in Boots,2011,Action|Adventure|Animation|Comedy|Family,6.6,4558,6.0435,en
60308,Moneyball,2011,Drama,7.3,5789,6.0133,en
41513,The Smurfs,2011,Animation|Family|Adventure|Comedy|Fantasy,5.756,4002,6.4348,en
45612,Source Code,2011,Thriller|Science Fiction|Mystery,7.314,9127,5.9797,en
27582,The Mechanic,2011,Action|Thriller|Crime,6.534,3600,6.8538,en
49849,Cowboys & Aliens,2011,Action|Science Fiction|Thriller|Western,5.659,5419,6.3099,en
50544,Friends with Benefits,2011,Romance|Comedy,6.643,8391,6.4611,en
57212,War Horse,2011,War|History|Adventure|Drama,7.305,3684,6.4151,en
73456,Barbie: Princess Charm School,2011,Family|Animation|Fantasy,7.548,871,5.3313,en
39513,Paul,2011,Adventure|Comedy|Science Fiction,6.742,6286,6.1793,en
77617,Detective Conan: Quarter of Silence,2011,Animation|Action|Crime|Mystery,7.071,155,5.9329,ja
37958,Immortals,2011,Fantasy|Action|Drama,6.0,2812,4.9778,en
81481,Silenced,2011,Drama,8.16,773,5.2857,ko
62835,Colombiana,2011,Action|Thriller|Crime|Drama,6.641,2874,5.8728,en
76758,The Flowers of War,2011,Drama|History|War,7.4,906,4.8595,zh
44912,Green Lantern,2011,Adventure|Action|Science Fiction,5.186,7661,5.5004,en
50359,Hop,2011,Animation|Comedy|Family,5.795,1389,5.9102,en
82023,Hotel Desire,2011,Drama|Romance,6.189,148,5.0073,de
49517,Tinker Tailor Soldier Spy,2011,Drama|Thriller|Mystery,6.622,2922,5.141,en
58574,Sherlock Holmes: A Game of Shadows,2011,Adventure|Mystery|Crime,7.145,10938,6.1362,en
37686,Super 8,2011,Thriller|Science Fiction|Mystery,6.777,7080,5.2237,en
39538,Contagion,2011,Drama|Thriller|Science Fiction,6.649,6542,4.5797,en
55721,Bridesmaids,2011,Comedy|Romance,6.511,4677,6.9425,en
70006,Never Back Down 2: The Beatdown,2011,Drama|Action,6.49,701,4.9647,en
51540,Horrible Bosses,2011,Comedy|Crime,6.574,6811,5.0615,en
58151,Fright Night,2011,Horror|Comedy,6.239,2120,4.8466,en
48138,Unknown,2011,Action|Mystery|Thriller,6.687,4171,5.1375,en
65881,Battlefield Heroes,2011,War|Comedy|History,5.633,30,4.7707,ko
45772,Gnomeo & Juliet,2011,Animation|Family,5.904,2074,4.4119,en
55301,Alvin and the Chipmunks: Chipwrecked,2011,Comedy|Fantasy|Family|Music|Animation,5.702,2351,4.4041,en
38050,The Adjustment Bureau,2011,Science Fiction|Thriller|Romance,6.781,4922,3.707,en
58233,Johnny English Reborn,2011,Crime|Action|Comedy,6.245,3587,5.159,en
60935,The Thing,2011,Horror|Science Fiction|Mystery,6.234,3212,4.5321,en
55846,Blitz,2011,Crime|Action|Thriller,6.184,1815,4.3722,en
52449,Bad Teacher,2011,Comedy,5.611,4960,5.0447,en
52451,The Three Musketeers,2011,Adventure|Action|Thriller,5.799,2783,4.4934,en
137227,Doraemon: Nobita and the New Steel Troops: Winged Angels,2011,Animation|Adventure|Family|Science Fiction|Fantasy|Comedy,7.372,86,3.9557,ja
307130,Junior,2011,Horror|Fantasy,6.562,73,3.4482,fr
51828,One Day,2011,Drama|Romance,7.412,4519,4.3916,en
49520,The Change-Up,2011,Comedy,6.2,2981,5.0839,en
44826,Hugo,2011,Adventure|Drama|Family,7.175,7669,4.5832,en
60307,Diary of a Wimpy Kid: Rodrick Rules,2011,Family|Comedy,6.7,1252,4.6279,en
64328,The Muppets,2011,Comedy|Family|Music,6.672,1689,3.5547,en
74643,The Artist,2011,Drama|Comedy|Romance,7.442,3517,4.5973,fr
75624,Naruto Shippuden the Movie: Blood Prison,2011,Thriller|Animation|Action|Comedy|Horror|Mystery,7.25,700,4.0541,ja
8967,The Tree of Life,2011,Drama|Fantasy,6.727,3331,3.5396,en
46529,I Am Number Four,2011,Action|Thriller|Science Fiction|Adventure,6.177,4979,4.4871,en
23629,Sucker Punch,2011,Action|Fantasy|Thriller,6.2,5082,4.7851,en
40807,50/50,2011,Comedy|Drama,7.184,4097,3.6687,en
230652,Pirates of the Caribbean: Tales of the Code: Wedlocked,2011,Adventure|Action|Fantasy,6.733,116,3.3169,en
59860,Monte Carlo,2011,Adventure|Comedy|Romance,6.803,2325,3.3293,en
59965,Abduction,2011,Thriller|Action|Mystery,5.841,3021,3.3076,en
48988,Hall Pass,2011,Comedy|Romance,5.709,2116,3.5153,en
94047,My Way,2011,Drama|Action|History|War,7.921,448,4.549,ko
50839,Margin Call,2011,Thriller|Drama,6.9,2097,4.1242,en
44943,Battle: Los Angeles,2011,Science Fiction|Action,5.817,3728,4.2729,en
68817,Footloose,2011,Drama|Music|Romance,6.581,1727,3.6974,en
51162,Winnie the Pooh,2011,Animation|Family|Adventure|Comedy,6.903,963,3.4068,en
50456,Hanna,2011,Action|Thriller|Adventure,6.589,3680,3.774,en
79464,Rockstar,2011,Drama|Music|Romance,7.293,220,3.5093,hi
38317,Zookeeper,2011,Comedy|Romance|Family,5.4,1777,3.896,en
37430,Conan the Barbarian,2011,Adventure|Fantasy|Action,5.311,2004,3.6452,en
74308,Detachment,2011,Drama,7.628,2014,4.0808,en
59108,Tower Heist,2011,Action|Comedy,6.1,3181,3.432,en
71859,We Need to Talk About Kevin,2011,Drama|Thriller,7.541,3097,3.9998,en
59436,Midnight in Paris,2011,Fantasy|Comedy|Romance,7.514,7742,2.9607,en
50698,Grave Encounters,2011,Thriller|Horror,6.321,1667,3.6353,en
74465,We Bought a Zoo,2011,Drama|Comedy|Family,6.832,2948,3.6675,en
63197,Megan Is Missing,2011,Drama|Horror|Thriller,6.2,837,3.3014,en
73454,X,2011,Action|Thriller|Romance,6.418,323,3.6564,en
50321,Mars Needs Moms,2011,Adventure|Animation|Family,5.967,778,3.3239,en
61202,Zindagi Na Milegi Dobara,2011,Drama|Comedy|Romance,7.608,412,3.1009,hi
64586,Sleeping Beauty,2011,Drama|Romance,5.378,682,3.3177,en
57737,Barbie: A Fairy Secret,2011,Animation|Family|Fantasy,6.9,537,3.3548,en
65759,Happy Feet Two,2011,Animation|Comedy|Family,6.209,1734,3.4061,en
51052,Arthur Christmas,2011,Drama|Animation|Family|Comedy,6.8,1636,3.4021,en
40805,The Green Hornet,2011,Action|Crime|Comedy,5.596,3480,3.6426,en
49021,Killer Elite,2011,Action|Adventure|Thriller,6.272,2319,4.2402,en
64639,Straw Dogs,2011,Drama|Thriller,5.928,626,3.5598,en
62215,Melancholia,2011,Drama|Science Fiction,7.2,3827,2.9535,en
74018,A Cinderella Story: Once Upon a Song,2011,Comedy|Family|Romance|Drama,6.374,1055,3.7897,en
86000,Always,2011,Romance|Drama,7.822,312,3.0659,ko
83389,From Up on Poppy Hill,2011,Animation|Drama,7.523,1941,3.4025,ja
120457,Drifters,2011,Comedy|Drama|Romance,5.766,47,3.7935,it
71880,Jack and Jill,2011,Comedy|Family,4.398,2221,3.265,en
49730,Red Riding Hood,2011,Thriller|Drama|Fantasy|Mystery|Horror|Romance,5.981,3315,3.1874,en
79224,War of the Arrows,2011,Drama|Action|History,7.203,286,3.7831,ko
48171,The Rite,2011,Drama|Thriller|Horror,6.126,2237,3.629,en
120475,Dragon Ball: Episode of Bardock,2011,Action|Animation|Science Fiction,7.075,445,2.9213,ja
23047,Season of the Witch,2011,Adventure|Fantasy|Action,5.531,2651,2.9484,en
71670,Hostel: Part III,2011,Horror,5.097,1305,2.5389,en
79707,Children Who Chase Lost Voices,2011,Animation|Adventure|Fantasy|Family,7.3,785,3.0443,ja
51481,Mean Girls 2,2011,Comedy,5.243,1301,2.8176,en
77887,Hawaiian Vacation,2011,Animation|Family|Comedy,6.968,706,3.8428,en
80184,The Hidden Face,2011,Thriller|Mystery,7.302,1141,2.4794,es
67308,3-D Sex and Zen: Extreme Ecstasy,2011,Romance|Drama,5.495,193,2.7038,cn
70057,Dragon,2011,Drama|Action|Thriller,6.894,320,2.7673,zh
72113,Carnage,2011,Comedy|Drama,7.2,3145,3.7231,en
79771,Chillerama,2011,Comedy|Horror,5.7,131,2.6365,en
68341,Cold Fish,2011,Drama|Thriller|Crime|Horror,6.91,399,3.3315,ja
71469,The Darkest Hour,2011,Horror|Action|Thriller|Science Fiction,5.31,1583,2.5858,en
55292,Shaolin,2011,Action|Drama,6.863,413,2.6998,zh
71689,Phineas and Ferb The Movie: Across the 2nd Dimension,2011,Action|Adventure|Animation|Comedy|Family|Science Fiction|TV Movie,7.1,601,2.6814,en
115969,Buddha: The Great Departure,2011,Adventure|Animation|Drama|History,7.5,72,2.4968,ja
49494,The Eagle,2011,Adventure|Drama,6.243,1424,2.7245,en
79218,Ice Age: A Mammoth Christmas,2011,Animation|Family|TV Movie,6.5,703,3.0585,en
57089,Hoodwinked Too! Hood VS. Evil,2011,Comedy|Animation|Family,5.1,573,2.9792,en
56288,Spy Kids: All the Time in the World,2011,Family|Comedy|Action|Adventure,4.704,1060,3.4121,en
62331,My Own Swordsman,2011,Action|Comedy,5.2,25,2.8985,zh
58232,Chalet Girl,2011,Comedy|Romance,6.396,663,3.2106,en
88794,J. Edgar,2011,Drama|Crime|History,6.231,2587,3.7406,en
59861,Larry Crowne,2011,Comedy|Romance|Drama,5.998,1423,3.4789,en
91417,Dragons: Gift of the Night Fury,2011,Animation|Comedy|Adventure|Family,7.252,429,2.4137,en
46541,Game of Death,2011,Adventure|Action|Thriller,4.951,154,1.5638,en
79433,Ronal the Barbarian,2011,Animation|Adventure|Fantasy,6.096,319,3.53,da
79082,One Piece 3D: Straw Hat Chase,2011,Animation|Adventure,6.731,169,2.7568,ja
58224,Mr. Popper's Penguins,2011,Comedy|Family,5.983,3176,2.8824,en
57431,The Sitter,2011,Comedy,5.6,1020,2.9176,en
70578,Trespass,2011,Thriller|Crime|Drama,5.509,1217,2.7895,en
38117,Beastly,2011,Romance|Fantasy|Drama,6.3,2871,3.2687,en
76115,The Phantom of the Opera at the Royal Albert Hall,2011,Music|Drama|Romance,8.321,193,2.2625,en
38322,Big Mommas: Like Father  Like Son,2011,Crime|Comedy|Action,5.544,1303,2.9526,en
41517,Ra.One,2011,Adventure|Action|Science Fiction,5.742,378,2.7109,hi
49012,Arthur,2011,Comedy|Romance,5.556,798,3.3662,en
38319,Your Highness,2011,Comedy|Fantasy|Adventure|Action|Romance,5.33,1447,2.1636,en
76897,Vedi,2011,Thriller|Action,5.0,13,1.4589,ta
48231,A Dangerous Method,2011,Drama,6.4,2222,2.7929,en
56780,Atlas Shrugged: Part I,2011,Drama|Thriller|Science Fiction|Mystery,5.452,217,2.2408,en
75948,The Sorcerer and the White Snake,2011,Action|Fantasy,6.492,311,3.138,zh
87332,My Secret Partner,2011,Comedy|Drama|Romance,5.1,11,2.2497,ko
74135,Gantz: Perfect Answer,2011,Action|Mystery|Science Fiction|Horror,6.644,232,2.6634,ja
86130,Pixie Hollow Games,2011,Animation|Family,6.997,297,2.5729,en
71688,The Iron Lady,2011,History|Drama,6.36,1888,2.4456,en
38684,Jane Eyre,2011,Drama|Romance,7.201,1563,2.4622,en
65055,Shark Night 3D,2011,Thriller|Horror,5.1,609,2.0237,en
101173,Coriolanus,2011,Drama|Thriller,5.851,494,3.3131,en
9364,Wuthering Heights,2011,Drama|Romance,5.9,279,3.9247,en
50348,The Lincoln Lawyer,2011,Crime|Drama|Thriller,7.21,3648,2.4822,en
64720,Take Shelter,2011,Thriller|Drama|Horror,7.059,1992,2.6398,en
58767,Sniper: Reloaded,2011,War|Action|Thriller|Drama,5.786,229,2.0176,en
84427,House of Pleasures,2011,Drama,6.5,281,2.7538,fr
227257,Monster High: Fright On!,2011,Family|Animation|Fantasy,6.7,51,1.8924,en
71677,Assassination Games,2011,Action|Crime|Drama|Thriller,6.33,459,2.3228,en
10316,The Ides of March,2011,Drama,6.676,2710,2.7964,en
72972,Tom and Jerry & The Wizard of Oz,2011,Animation|Comedy|Adventure|Family|Fantasy,6.3,138,2.7161,en
63492,What's Your Number?,2011,Comedy|Romance,6.465,2439,2.7008,en
72213,Courageous,2011,Drama,7.625,408,2.0864,en
51999,Perfect Sense,2011,Drama|Science Fiction|Romance,6.869,1249,2.7941,en
74513,Special Forces,2011,Action|Drama|War,6.7,633,2.4298,fr
62838,New Year's Eve,2011,Comedy|Romance,5.888,2225,2.5555,en
65057,The Descendants,2011,Comedy|Drama,6.8,3068,2.0907,en
120811,K-ON! The Movie,2011,Animation|Family|Adventure|Comedy|Music,7.932,110,1.9186,ja
72571,Paranormal Activity 3,2011,Horror|Mystery,5.917,2376,2.9027,en
50837,Martha Marcy May Marlene,2011,Drama|Thriller,6.574,819,2.3434,en
38356,Transformers: Dark of the Moon,2011,Action|Science Fiction|Adventure,6.231,8951,2.4136,en
74842,Legend of the Millennium Dragon,2011,Animation|Adventure|Fantasy,6.1,64,3.0395,ja
38543,Ironclad,2011,Romance|Adventure|Action|History,6.145,801,2.3064,en
85621,Men in Hope,2011,Comedy|Romance,7.3,186,2.0614,cs
49950,The Roommate,2011,Thriller|Drama|Horror,5.4,996,2.2239,en
43959,Soul Surfer,2011,Family|Drama,7.009,1240,2.0993,en
77459,A Monster in Paris,2011,Adventure|Animation|Comedy|Family|Fantasy,6.906,1355,2.4178,fr
60895,Beyond the Blackboard,2011,Family|Drama,7.6,68,2.1259,en
60243,A Separation,2011,Drama,7.901,1955,2.3716,fa
115223,Pokémon the Movie: Black - Victini and Reshiram,2011,Animation|Family|Adventure|Drama|Fantasy,6.6,182,2.4305,ja
23514,The Rum Diary,2011,Comedy|Drama,5.885,1327,1.9892,en
70435,Haywire,2011,Action|Thriller|Drama,5.715,1480,2.1923,en
60309,The Conspirator,2011,Crime|Drama|History,6.562,497,2.791,en
77495,Sleep Tight,2011,Thriller|Horror,7.057,1220,2.0721,es
62046,Flypaper,2011,Mystery|Comedy|Crime,6.383,805,1.8037,en
79120,Weekend,2011,Drama|Romance,7.26,571,2.8302,en
80518,Fullmetal Alchemist: The Sacred Star of Milos,2011,Adventure|Fantasy|Animation|Action|Science Fiction,6.816,294,2.249,ja
54445,S.W.A.T.: Firefight,2011,Action|Crime|Thriller,5.703,406,2.1757,en
71254,Arena,2011,Action|Thriller|Science Fiction,5.214,283,1.8218,en
116322,The Legend of La Llorona,2011,Animation|Family|Fantasy|Horror,7.842,303,2.216,es
64685,Extremely Loud & Incredibly Close,2011,Drama,7.0,2135,2.1851,en
62206,30 Minutes or Less,2011,Action|Adventure|Comedy,5.778,1832,2.1165,en
81870,Flying Swords of Dragon Gate,2011,Action|Adventure|Drama,6.3,242,1.8723,zh
68758,Haunted-3D,2011,Horror|Thriller,5.9,48,2.4207,hi
63493,The Ledge,2011,Drama|Thriller,6.183,393,1.8219,en
49022,Something Borrowed,2011,Comedy|Drama|Romance,6.2,1093,2.0631,en
74998,Seeking Justice,2011,Action|Drama|Thriller,5.906,1090,2.4998,en
65218,Lemonade Mouth,2011,Drama|Comedy|Music|TV Movie,7.435,1092,2.7132,en
66125,Red Dog,2011,Drama|Comedy|Family,7.324,431,2.1159,en
86328,Terrifier,2011,Horror,6.112,268,1.987,en
77117,Sunny,2011,Drama|Comedy,7.8,191,1.3505,ko
59678,Attack the Block,2011,Action|Comedy|Science Fiction,6.464,2273,1.6451,en
79990,Desi Boyz,2011,Comedy|Drama,6.275,111,2.6346,hi
60420,Like Crazy,2011,Drama|Romance,6.4,1080,1.92,en
81342,Delicacy,2011,Drama|Comedy|Romance,6.4,480,1.5637,fr
69735,Batman: Year One,2011,Action|Animation|Crime|Drama|Thriller,7.249,1050,1.8554,en
65650,The Good Doctor,2011,Drama|Thriller|Mystery,6.187,259,1.8945,en
55347,Beginners,2011,Drama|Romance|Comedy,6.8,1139,1.5797,en
88557,Pokémon the Movie: White - Victini and Zekrom,2011,Animation|Family|Adventure|Drama|Fantasy,6.5,201,1.8709,ja
73358,Page Eight,2011,Mystery|Thriller|Drama,6.588,331,1.4706,en
41109,Don 2,2011,Action|Thriller,6.975,263,1.4917,hi
59726,Wake Wood,2011,Drama|Horror|Thriller,5.619,213,1.6887,en
402200,Ben 10 / Generator Rex: Heroes United,2011,Action|Animation|Science Fiction|TV Movie,7.213,61,1.9781,en
48340,Sanctum,2011,Action|Thriller,6.053,1160,2.0658,en
192690,Act Naturally,2011,Comedy|Drama,5.6,31,3.0418,en
55787,Water for Elephants,2011,Drama|Romance,6.934,2624,1.7227,en
49020,Submarine,2011,Drama|Comedy|Romance,7.359,1589,1.8615,en
50780,The Beaver,2011,Drama,6.371,935,1.807,en
79108,Starbuck,2011,Comedy,6.882,474,1.8159,fr
75622,Rampart,2011,Crime|Drama,5.465,405,1.6907,en
50725,Take Me Home Tonight,2011,Comedy|Drama|Romance,5.976,720,1.9135,en
39773,Just Peck,2011,Comedy|Family,5.2,22,1.7532,en
44754,Margaret,2011,Drama,6.3,333,1.9206,en
77221,Black Gold,2011,Adventure|Drama,6.484,307,1.8735,en
55465,A Very Harold & Kumar Christmas,2011,Comedy,6.0,1062,1.9067,en
44564,The Dilemma,2011,Comedy|Drama,5.336,917,2.7219,en
51209,Kill the Irishman,2011,Action|Crime|Thriller|Drama,6.775,704,2.011,en
50357,Apollo 18,2011,Horror|Science Fiction|Thriller,5.316,1096,1.6277,en
69310,Beginning of the Great Revival,2011,Drama|Action|History|War,4.719,48,1.6962,zh
73937,The Big Year,2011,Comedy,5.992,889,2.2124,en
77949,The Awakening,2011,Horror|Thriller|Mystery,6.4,1494,2.0519,en
71325,With Every Heartbeat,2011,Romance|Drama,7.1,383,2.0919,sv
56591,Corman's World,2011,Documentary,7.089,84,1.8518,en
55420,Another Earth,2011,Drama|Science Fiction,6.724,1811,2.0593,en
85836,Hara-Kiri: Death of a Samurai,2011,Drama|History,7.177,203,1.3286,ja
70670,Headhunters,2011,Thriller|Crime|Action,7.231,1370,1.9158,no
189349,Naruto OVA 9: Chunin Exam on Fire! and Naruto vs. Konohamaru!,2011,Animation|Action,7.293,87,1.6342,ja
69668,Dream House,2011,Mystery|Drama|Thriller,6.202,1431,1.62,en
50671,The Resident,2011,Thriller|Mystery,5.772,678,1.8138,en
85545,Elles,2011,Drama,5.323,195,2.5443,fr
45610,Machine Gun Preacher,2011,Action|Thriller|Crime,6.733,1135,2.0445,en
70530,A Chinese Ghost Story,2011,Fantasy|Action,5.629,58,1.6293,cn
58219,Ages of Love,2011,Romance|Comedy|Drama,5.3,213,1.8735,it
65291,Green Lantern: Emerald Knights,2011,Action|Adventure|Animation|Science Fiction|Drama|Fantasy,6.7,546,1.9485,en
76122,Marvel One-Shot: The Consultant,2011,Adventure|Fantasy|Science Fiction|Action,6.301,621,1.8505,en
200426,Kaizoku Sentai Gokaiger: The Movie - The Flying Ghost Ship,2011,Action|Adventure|Science Fiction|Fantasy|Horror,6.714,14,1.6322,ja
58235,Confessions of a Brazilian Call Girl,2011,Drama,6.5,508,1.8828,pt
121442,Ice,2011,Thriller|Action|Science Fiction,5.476,63,1.7097,en
73873,Albert Nobbs,2011,Drama,6.3,523,1.7784,en
53487,This Must Be the Place,2011,Drama,6.98,1307,1.8182,en
84155,Pretty Cure All Stars DX3: Deliver the Future! The Rainbow-Colored Flower That Connects the World,2011,Animation|Action|Fantasy|Comedy|Adventure,7.464,14,1.4072,ja
79382,I Wish,2011,Drama,7.28,177,1.5018,ja
78172,Lan Kwai Fong,2011,Drama,4.1,20,1.6118,cn
80410,In the Name of the King 2: Two Worlds,2011,Adventure|Fantasy|Drama|Action,3.947,152,1.8843,en
65599,The Woman,2011,Drama|Horror,6.054,592,1.8043,en
64215,Laddaland,2011,Horror|Drama,6.457,69,1.5861,th
54540,Beverly Hills Chihuahua 2,2011,Comedy|Family,5.885,413,2.1592,en
81250,Geek Charming,2011,Comedy|Drama|Family|TV Movie,6.686,792,2.1657,en
65034,Too Big to Fail,2011,Drama|TV Movie|History,6.952,262,1.5639,en
61891,Anonymous,2011,Drama|History|Thriller,6.398,790,1.6329,en
76535,Marvel One-Shot: A Funny Thing Happened on the Way to Thor's Hammer,2011,Science Fiction|Fantasy|Adventure|Action|Comedy,6.865,564,1.4406,en
73499,The Double,2011,Action|Drama|Crime,5.82,717,1.5438,en
75736,Catch.44,2011,Drama|Action|Thriller,5.0,372,1.8153,en
48572,Red State,2011,Horror|Action|Thriller,6.046,1040,1.4572,en
77878,The Lady,2011,Drama|Romance,6.8,263,1.4338,en
80591,W.E.,2011,Drama|Romance,6.3,310,1.4525,en
70868,I Don't Know How She Does It,2011,Romance|Comedy,5.179,414,1.5212,en
89708,Samsara,2011,Documentary,8.055,689,1.6237,en
66120,The Monk,2011,Thriller,5.359,117,2.1739,fr
74725,Kill List,2011,Horror|Thriller|Crime,6.211,869,1.7136,en
76349,1911,2011,Adventure|Drama|Action|History|War,5.755,165,2.24,zh
81344,White Vengeance,2011,Drama|Action,6.8,58,1.3316,zh
75900,My Week with Marilyn,2011,Drama|Romance,6.677,1360,1.9767,en
81390,A Lonely Place to Die,2011,Adventure|Action|Thriller|Crime,6.176,643,1.5191,en
81440,Good Luck Charlie  It's Christmas!,2011,Comedy|Family|Drama|TV Movie,6.674,427,1.6969,en
75802,Hysteria,2011,Comedy|Romance,6.685,867,1.7991,en
56831,The Sunset Limited,2011,Drama|TV Movie,7.222,512,1.7325,en
62837,Dolphin Tale,2011,Drama|Family,6.9,682,1.9503,en
18754,Mysterious Island,2011,Horror,5.0,27,1.3574,zh
74523,Born to Race,2011,Action,6.917,228,1.4489,en
51017,Madea's Big Happy Family,2011,Comedy|Drama,6.75,162,2.3756,en
82424,Small Fry,2011,Animation|Comedy|Family|Adventure,6.9,587,2.3727,en
38753,Passion Play,2011,Drama|Romance|Fantasy|Horror,4.776,121,1.479,en
57157,Young Adult,2011,Comedy|Drama,5.818,1352,1.4777,en
93013,The Princess and the Pilot,2011,Adventure|Animation|Drama|Romance,7.8,142,1.4886,ja
65345,Longhorns,2011,Romance|Comedy,5.7,40,1.8717,en
72066,Children...,2011,Crime|Thriller|Drama,7.3,110,1.391,ko
51497,Fast Five,2011,Action|Thriller|Crime,7.241,8854,1.8682,en
63207,Intruders,2011,Thriller|Horror|Fantasy,5.485,558,1.6211,en
74639,Overheard 2,2011,Action|Crime|Thriller,6.619,88,2.5802,cn
81003,Kung Fu Panda: Secrets of the Masters,2011,Animation|Action|Comedy,6.5,277,1.5203,en
70577,Faces in the Crowd,2011,Thriller|Crime,6.064,523,1.3504,en
70584,Hellraiser: Revelations,2011,Horror|Thriller,3.5,367,2.6171,en
62630,The Devil's Double,2011,Drama|Action|Thriller|Crime|War,6.7,606,1.4865,en
68818,Blackthorn,2011,Adventure|Action|Western,6.621,290,1.585,en
79443,The Smurfs: A Christmas Carol,2011,Animation|Comedy|Family,6.713,271,1.6037,en
79040,Nova Zembla,2011,History|Drama,5.474,78,1.6523,nl
70954,The Hunter,2011,Drama|Thriller|Adventure,6.61,704,2.1154,en
256395,Inazuma Eleven GO The Movie: The Ultimate Bonds Gryphon,2011,Animation|Action,7.281,16,1.6295,ja
60964,Macross Frontier: The Wings of Farewell,2011,Action|Animation|Romance|Science Fiction,7.079,19,1.4419,ja
163754,Crayon Shin-chan: Fierceness That Invites Storm! Operation Golden Spy,2011,Animation,6.81,21,1.3029,ja
63710,Honey 2,2011,Music|Comedy|Drama,6.295,414,1.6326,en
65771,Boy,2011,Romance|Drama,5.4,17,2.248,da
79113,A Princess for Christmas,2011,Comedy|Family|TV Movie|Romance|Drama,7.032,412,1.5033,en
121818,Red Vacance Black Wedding,2011,Drama,5.1,16,1.3872,ko
82743,Inbred,2011,Comedy|Horror,5.3,140,1.4469,en
95170,Heaven's Lost Property the Movie: The Angeloid of Clockwork,2011,Animation|Comedy|Fantasy|Romance,7.0,57,1.3149,ja
79379,Book of Dragons,2011,Fantasy|Animation|Action|Comedy|Family,6.788,198,0.9996,en
63376,Mr. Perfect,2011,Romance|Comedy,6.6,37,1.2944,te
56590,All Star Superman,2011,Animation|Science Fiction|Action|Adventure,6.872,555,1.6192,en
72478,Suicide Room,2011,Drama|Thriller,7.248,483,1.5476,pl
67900,Scooby-Doo! Legend of the Phantosaur,2011,Animation|Mystery|Comedy|Family,7.7,221,1.3201,en
72063,Treasure Inn,2011,Comedy,5.4,15,1.0965,cn
105485,Mega Cyclone,2011,TV Movie|Science Fiction|Action,5.246,67,1.4992,en
69798,The Inbetweeners Movie,2011,Comedy,6.193,984,1.8363,en
76815,Barely Legal,2011,Comedy,3.6,79,1.9252,en
50875,Higher Ground,2011,Drama|Thriller,5.9,65,2.563,en
244478,Another Gantz,2011,Action|Science Fiction|Mystery,7.0,53,1.3197,ja
57718,Megamind: The Button of Doom,2011,Animation|Action|Comedy|Family|Science Fiction,6.653,259,1.443,en
67913,The Guard,2011,Action|Comedy|Thriller|Crime,6.971,1400,1.5745,en
84111,You Are the Apple of My Eye,2011,Romance|Comedy|Drama,7.4,235,1.2999,zh
104226,Bikini Time Machine,2011,Comedy,5.3,19,1.1674,en
106417,Kaiji 2: The Ultimate Gambler,2011,Thriller|Drama|Mystery,6.628,43,1.4627,ja
90147,Life Without Principle,2011,Crime|Drama,6.67,88,1.3985,cn
164052,The Strange Thing About the Johnsons,2011,Drama|Horror,6.823,379,1.2554,en
74879,Once Upon a Time in Anatolia,2011,Drama|Crime,7.463,540,1.294,tr
160939,Gokaiger Goseiger Super Sentai 199 Hero Great Battle,2011,Action|Adventure|Science Fiction,7.357,21,1.9433,ja
73262,Hell,2011,Horror|Science Fiction|Thriller|Mystery,5.748,302,1.9805,de
57119,Jumping the Broom,2011,Comedy,5.891,220,1.4955,en
55680,The Craigslist Killer,2011,Drama|Thriller,5.2,110,1.326,en
92038,Penny Pinchers,2011,Romance|Comedy,6.907,43,1.019,ko
421594,Nana and Kaoru,2011,Animation|Comedy,4.8,20,1.4523,ja
78381,Twixt,2011,Mystery|Fantasy|Horror,5.106,329,1.4881,en
73582,Bodyguard,2011,Drama|Action|Romance,5.226,159,1.4149,hi
92395,Evidence,2011,Horror,5.0,138,1.2638,en
156019,Still Screaming: The Ultimate Scary Movie Retrospective,2011,Documentary|Horror,7.7,19,1.4737,en
82190,Legendary Amazons,2011,War|Action|Drama,5.78,25,1.3358,zh
73686,In Darkness,2011,Drama|War,6.919,203,1.085,pl
59968,Our Idiot Brother,2011,Comedy|Drama,6.138,1034,1.2558,en
72477,Texas Killing Fields,2011,Drama|Thriller|Crime|Mystery,5.789,520,1.2544,en
84226,The Day,2011,Action|Drama|Horror|Science Fiction,5.148,277,2.1236,en
81401,The Turin Horse,2011,Drama,7.6,420,1.422,hu
67109,Delhi Belly,2011,Action|Comedy,7.086,214,1.4559,hi
56272,Elektra Luxx,2011,Comedy|Drama,4.8,170,1.3667,en
62977,The Lost Bladesman,2011,History|Drama|Action|War,6.275,118,1.6234,zh
79553,The Front Line,2011,Drama|Action|War,7.2,198,1.3709,ko
111378,Star Watching Dog,2011,Drama,7.6,18,1.6934,ja
73939,Pariah,2011,Drama,6.827,165,1.3726,en
64678,The Art of Getting By,2011,Drama|Romance,6.564,1357,1.4273,en
53136,The Crocodiles: All for One,2011,Action|Family|Adventure|Drama|Comedy,6.933,89,1.8521,de
62580,The Well Digger's Daughter,2011,Romance|Drama,6.797,185,1.0255,fr
62564,Turn Me On  Dammit!,2011,Drama|Comedy,6.3,224,1.1595,no
75735,Zombie Apocalypse,2011,Action|Horror|Science Fiction|TV Movie,5.216,248,1.5945,en
238959,Bob Ross: The Happy Painter,2011,Documentary,7.2,13,1.3384,en
137145,247°F,2011,Horror|Thriller,5.546,296,2.3479,en
54549,All's Well  End's Well 2011,2011,Comedy,5.0,19,1.1833,cn
260015,The Parasite Doctor Suzune: Genesis,2011,Thriller|Science Fiction,3.5,11,1.105,ja
57331,Largo Winch II,2011,Action|Adventure|Thriller,5.83,403,1.3666,fr
70590,Singham,2011,Drama|Action|Crime,6.5,181,1.3466,hi
46221,The Tunnel,2011,Horror|Thriller|Mystery,5.782,459,1.0989,en
62668,The Fab Five,2011,Documentary,7.9,26,1.1475,en
51588,Prom,2011,Comedy|Romance,6.096,472,1.4546,en
67675,Glee: The Concert Movie,2011,Music|Documentary|Family,7.328,276,1.0953,en
79992,The Woman Knight of Mirror Lake,2011,Drama,6.4,17,0.9229,zh
101325,The Forger,2011,Drama,5.781,112,1.9018,en
100898,North Sea Texas,2011,Drama|Romance,7.162,253,2.6609,nl
77716,The Cup,2011,Drama|History,5.69,21,2.2253,en
131739,Isoroku Yamamoto  the Commander-in-Chief of the Combined Fleet,2011,History|War,6.462,39,1.296,ja
75074,Touchback,2011,Drama|Family|Fantasy,6.53,118,1.2837,en
58231,Mardi Gras: Spring Break,2011,Comedy,5.6,172,1.1496,en
89326,96 Minutes,2011,Drama|Thriller,5.7,90,2.2049,en
73563,The Greening of Whitney Brown,2011,Adventure|Drama|Family,6.0,46,1.3528,en
59296,Love  Wedding  Marriage,2011,Comedy|Romance,5.21,202,1.2472,en
62441,United,2011,Drama|History,6.948,174,1.9439,en
79516,TEKKEN: Blood Vengeance,2011,Action|Animation|Science Fiction,6.759,224,1.271,ja
95179,Mr. Idol,2011,Music|Comedy|Drama,5.1,10,1.3583,ko
57353,Cat Run,2011,Action|Comedy|Thriller,5.2,160,1.6056,en
81684,The Gruffalo's Child,2011,Adventure|Animation|Family|Fantasy|TV Movie,6.856,156,1.1445,en
70196,The Veteran,2011,Action|Crime|Thriller,5.8,136,1.1775,en
57118,That's What I Am,2011,Drama|Family|Comedy|Romance,6.79,200,1.1998,en
180272,Friends: Naki on Monster Island,2011,Animation|Comedy|Family,7.071,28,1.0828,ja
88568,OOO  Den-O  All Riders: Let's Go Kamen Riders,2011,Action|Adventure|Science Fiction|Drama|Fantasy,6.3,13,1.6019,ja
60405,Sharpay's Fabulous Adventure,2011,Family|Music,5.98,561,1.1825,en
76696,Sidewalls,2011,Drama|Romance,7.5,316,1.1952,es
75064,Kanchana,2011,Horror|Comedy,5.4,29,1.3257,ta
94219,Love and Bruises,2011,Drama|Romance,5.4,23,0.9947,fr
69775,Murder 2,2011,Action|Crime|Drama|Thriller,5.727,55,1.3339,hi
77560,Faust,2011,Fantasy|Drama,6.581,211,2.1652,de
67911,Bucky Larson: Born to Be a Star,2011,Comedy,4.261,197,1.2577,en
76340,Metal Tornado,2011,Action|Thriller|Science Fiction,4.7,49,1.9131,en
67748,Snowtown,2011,Crime|Drama,6.306,355,1.2726,en
100416,Demoted,2011,Comedy,4.764,53,2.148,en
77261,Five,2011,Comedy|Drama|TV Movie,7.1,33,2.269,en
80405,Lupin the Third: Blood Seal of the Eternal Mermaid,2011,Action|Animation|Comedy|TV Movie|Crime|Drama,6.348,23,1.4087,ja
85542,Trishna,2011,Drama|Romance,5.9,54,1.4152,en
81704,Romeos,2011,Drama,6.79,81,2.5202,de
98644,Here,2011,Adventure|Drama|Romance,5.0,25,2.1782,en
119197,Let Go,2011,Comedy,4.9,23,1.3833,en
65229,Tomboy,2011,Drama,7.3,750,1.5894,fr
73532,Le Havre,2011,Drama|Comedy,7.011,480,1.7256,fr
54793,Public Speaking,2011,Documentary,6.975,60,2.2056,en
58792,BreadCrumbs,2011,Horror|Thriller,4.147,34,0.7841,en
65851,Jackass 3.5,2011,Comedy|Documentary|Action,6.3,680,1.2533,en
124998,Method to the Madness of Jerry Lewis,2011,Documentary,5.6,10,1.5826,en
78486,Oba: The Last Samurai,2011,War|Drama,6.05,20,1.1209,ja
63578,The Trip,2011,Comedy|Drama,6.646,314,1.1782,en
74536,The Son of No One,2011,Drama|Thriller|Crime,5.096,332,1.1263,en
66923,Horrid Henry: The Movie,2011,Family|Comedy|Adventure,5.219,98,1.0909,en
75812,Mural,2011,Fantasy,5.3,24,1.1554,zh
483898,50 Greatest Harry Potter Moments,2011,Documentary,7.444,133,1.1024,en
54518,Justin Bieber: Never Say Never,2011,Music|Documentary|Family,5.19,429,1.1839,en
55725,Win Win,2011,Drama|Comedy,6.817,556,2.2977,en
81623,The Colors of the Mountain,2011,Drama,7.7,55,1.675,es
51995,Salvation Boulevard,2011,Comedy|Thriller|Action|Drama,5.3,83,1.0675,en
63064,Buddha Mountain,2011,Drama,6.9,42,1.4367,zh
140846,Company,2011,Comedy|Drama,6.9,33,1.021,en
58882,Snow Flower and the Secret Fan,2011,Drama|History,6.121,107,1.0257,en
89623,Leafie  a Hen Into the Wild,2011,Animation|Family|Adventure|Drama,7.8,144,1.3428,ko
62934,Fight for Your Right Revisited,2011,Music|Comedy|Science Fiction,6.584,95,1.5321,en
78363,My Little Princess,2011,Drama,6.5,89,1.4388,fr
179923,Towa no Quon 1: The Ephemeral Petals,2011,Action|Animation|Science Fiction|Fantasy,6.8,30,1.04,ja
66129,The Tuche Family,2011,Comedy|Family,5.993,1357,1.7336,fr
99650,Skyscraper,2011,Comedy|Drama,5.0,13,1.2933,da
75233,Oslo  August 31st,2011,Drama,7.494,516,1.3288,no
91550,Violet & Daisy,2011,Thriller|Crime|Drama|Action|Comedy,6.063,285,1.3072,en
227268,Ikki Tousen in Kyoto,2011,Action|Animation,4.091,11,0.9398,ja
70703,The Captains,2011,Documentary|Science Fiction,6.413,121,1.0005,en
63831,The Kid with a Bike,2011,Drama,7.1,457,1.0865,fr
52067,Cedar Rapids,2011,Comedy,5.932,464,1.2689,en
83900,Livid,2011,Horror,5.836,250,1.2618,fr
69778,A Good Old Fashioned Orgy,2011,Comedy,5.851,349,1.2783,en
51248,11-11-11,2011,Horror|Thriller,4.508,260,1.2929,en
70862,American Grindhouse,2011,Documentary,6.762,65,1.0011,en
59437,Beautiful Boy,2011,Drama,6.0,108,0.9944,en
78206,Chicken with Plums,2011,Comedy|Drama,7.048,186,1.2772,fr
80125,Woman in Love,2011,Comedy,5.899,109,1.2593,de
90283,Mr. Tree,2011,Drama,7.176,54,1.158,zh
50479,Avalon High,2011,Fantasy|Family|Drama|TV Movie,6.168,573,1.2971,en
72432,Puncture,2011,Drama|Mystery,6.655,430,1.0585,en
58428,The Innkeepers,2011,Horror|Thriller,5.398,715,1.4725,en
58448,Knockout,2011,Action|Family|Drama,5.4,55,1.0869,en
50601,5 Days of War,2011,War|Drama,5.7,212,1.2992,en
118249,Thriller Night,2011,Animation|Music|Horror|Comedy,6.8,110,1.2226,en
85495,Twilight Portrait,2011,Drama,6.1,55,1.0812,ru
101664,Love Strikes!,2011,Comedy|Romance|Drama,7.659,41,1.1793,ja
98344,Warriors of the Rainbow: Seediq Bale - Part 1: The Sun Flag,2011,Drama|Action|History,7.289,116,1.0555,zh
58625,Street Kings 2: Motor City,2011,Crime|Drama|Thriller,4.292,96,1.1939,en
85349,Tomie: Unlimited,2011,Horror,4.6,40,1.2235,ja
59115,Quarantine 2: Terminal,2011,Horror|Mystery|Science Fiction,5.728,620,1.3786,en
105962,A Mile in His Shoes,2011,Drama|Family,6.4,24,1.0105,en
212262,Kamen Rider W Returns: Kamen Rider Eternal,2011,Action|Adventure|Science Fiction,6.625,112,1.22,ja
87061,The Extraordinary Voyage,2011,Documentary|History,7.7,57,1.0597,fr
116248,Vampire,2011,Drama|Horror,6.1,55,1.0833,en
73530,Mardock Scramble: The Second Combustion,2011,Animation|Science Fiction,6.3,87,1.0887,ja
43935,Dylan Dog: Dead of Night,2011,Action|Comedy|Fantasy|Horror|Mystery|Science Fiction|Thriller,4.7,531,1.3137,en
11388,Stay Cool,2011,Comedy|Romance,4.843,54,1.0733,en
86555,Take This Waltz,2011,Drama|Comedy|Romance,6.4,395,1.0577,en
79475,The Green,2011,Drama,5.4,28,1.3027,en
58626,The Hit List,2011,Action|Thriller,5.935,286,1.041,en
78504,Restitution,2011,Action|Thriller|Crime,3.5,17,2.0026,en
70587,Spooky Buddies,2011,Comedy|Family|Mystery|TV Movie,6.088,164,1.1778,en
86759,Rosewood Lane,2011,Horror|Thriller,4.7,107,1.0723,en
56415,A Gang Story,2011,Crime|Drama,6.79,398,2.4084,fr
71700,Repeaters,2011,Drama|Action|Crime|Science Fiction,5.803,190,0.9508,en
57585,Elephant White,2011,Action|Thriller|Fantasy|Crime,4.967,211,1.5357,en
119087,King Naresuan Part: 4,2011,Drama|War|History|Action,5.727,11,1.0004,th
104797,UNFAIR: the answer,2011,Action|Thriller|Mystery,6.3,11,0.9896,ja
75821,Sector 7,2011,Horror|Science Fiction|Action,4.9,82,1.1636,ko
81273,The Dirty Picture,2011,Comedy|Drama,6.112,89,1.0512,hi
627394,iParty with Victorious,2011,Comedy|Family|Music|TV Movie,7.3,85,1.2081,en
79070,Sleepless Night,2011,Drama|Thriller,5.908,163,1.0497,fr
73624,The Man from the Future,2011,Comedy|Fantasy|Science Fiction|Romance,7.22,388,1.0664,pt
95853,Bunny Drop,2011,Drama|Comedy,7.1,81,0.8917,ja
119677,Vamperifica,2011,Comedy|Horror,4.0,13,0.9522,en
92182,Silent House,2011,Horror|Mystery|Drama,5.409,450,2.2689,en
80440,A Burning Hot Summer,2011,Drama,5.1,51,1.1815,fr
85575,My SO Has Got Depression,2011,Drama,7.2,19,1.0041,ja
81232,Foster,2011,Comedy|Drama|Family,6.756,135,1.3225,en
128185,Bangkok Revenge,2011,Action|Drama,5.5,26,1.5267,th
80279,Blind Alley,2011,Action|Horror|Thriller,5.3,35,1.6917,es
64566,Cinema Verite,2011,Drama,5.72,84,1.1485,en
132064,Vile,2011,Horror|Thriller,5.069,153,1.5112,en
77175,Quick,2011,Action|Crime|Thriller|Comedy,5.96,87,1.1524,ko
59006,Girl Walks Into a Bar,2011,Comedy,5.122,86,0.8105,en
55720,A Better Life,2011,Drama,7.198,280,0.9894,en
77844,Caged,2011,Thriller|Drama,4.91,50,1.209,nl
57586,African Cats,2011,Documentary|Adventure,7.367,252,1.1467,en
91551,Death of a Superhero,2011,Drama,6.864,114,0.9778,en
47760,Restless,2011,Drama|Romance,6.502,435,1.1158,en
59722,2012: Ice Age,2011,Action|Adventure|Science Fiction,4.447,284,1.0923,en
39253,Lucky Trouble,2011,Romance|Comedy,5.903,98,1.2602,ru
77094,The Billionaire,2011,Drama,7.3,46,1.1344,th
130023,A Ghost of a Chance,2011,Mystery|Comedy|Drama|Fantasy,7.3,43,0.8502,ja
92499,Spellbound,2011,Horror|Comedy|Fantasy|Romance,7.5,210,0.8492,ko
82698,Ladies VS. Ricky Bahl,2011,Comedy|Drama|Romance,6.012,83,0.9696,hi
85949,Collision Earth,2011,Action|Science Fiction|TV Movie|Drama,5.868,114,1.9757,en
60422,Another Happy Day,2011,Comedy|Drama,5.5,120,0.9354,en
56965,Dirty Movie,2011,Comedy,3.2,70,1.0561,en
89008,The Oranges,2011,Comedy|Romance|Drama,5.509,514,0.9754,en
77561,EVA,2011,Science Fiction|Drama,6.4,411,1.3813,es
102931,Silent Witness,2011,TV Movie|Drama|Crime,6.3,21,0.9427,en
77499,Barbie: A Perfect Christmas,2011,Animation|Family,6.739,328,1.2365,en
78604,Michael,2011,Drama,6.778,144,0.9804,de
96468,Rabbit Horror,2011,Horror,5.167,30,0.9395,ja
147957,Strip Mahjong: Battle Royale,2011,Thriller|Horror,4.5,12,0.8286,ja
63472,His Way,2011,Documentary,6.4,14,1.2128,en
179932,Towa no Quon 4: The Roaring Anxiety,2011,Action|Animation|Science Fiction|Fantasy,6.8,24,0.8673,ja
59118,The Prey,2011,Action|Crime|Thriller,6.48,229,1.1066,fr
83403,Conception,2011,Comedy|Romance,4.5,28,0.8412,en
77635,Miss Bala,2011,Drama|Action,6.66,203,1.9138,es
138185,Into the White Night,2011,Drama|Crime,6.7,18,0.8652,ja
51994,The Deep Blue Sea,2011,Drama|Romance,5.9,313,1.0977,en
54271,The Big Bang,2011,Action|Mystery|Thriller,5.314,145,0.9348,en
79836,One Day More,2011,Romance|Comedy|Drama,6.0,125,1.3596,it
61348,The Lost Valentine,2011,TV Movie|Romance|Drama,6.944,124,1.1972,en
90756,Wandering Eye,2011,Crime|TV Movie|Thriller|Mystery,5.2,23,0.9563,en
72391,Marley & Me: The Puppy Years,2011,Comedy|Family,5.7,155,1.1774,en
57120,Meek's Cutoff,2011,Western|History,6.5,301,1.0768,en
52306,Hard Breakers,2011,Comedy,3.6,36,1.9183,en
61667,We Have a Pope,2011,Drama|Comedy,6.8,592,0.9342,it
85315,Kikoriki: Team Invincible,2011,Animation|Family|Comedy,6.539,38,1.0096,ru
60062,Judy Moody and the Not Bummer Summer,2011,Comedy|Family,6.0,94,0.8694,en
87368,17 Girls,2011,Drama,5.5,327,1.0404,fr
91989,Phone Call to the Bar,2011,Action|Drama|Crime,7.2,16,0.9051,ja
112134,Wild 7,2011,Action,5.9,11,0.8004,ja
103376,X-Large,2011,Romance|Drama|Comedy,7.0,52,1.033,ar
53436,Tornado Alley,2011,Documentary,6.4,17,0.8853,en
81460,Hindsight,2011,Action|Drama|Romance,6.451,72,1.063,ko
61980,Seeing Heaven,2011,Drama|Fantasy|Horror|Thriller,3.5,20,1.7662,en
70338,A Fairly Odd Movie: Grow Up  Timmy Turner!,2011,Family|Fantasy|TV Movie|Comedy|Romance,4.8,238,1.2239,en
60170,Christopher and His Kind,2011,Drama|Romance|TV Movie,6.305,95,0.9122,en
179934,Towa no Quon 6: Eternal Quon,2011,Animation|Action|Fantasy|Science Fiction,6.692,26,1.094,ja
70009,The River Murders,2011,Thriller|Mystery,5.227,132,0.9953,en
80210,The Undefeated,2011,Documentary,2.682,11,1.9731,en
104711,Tom Sawyer,2011,Adventure|Family,6.0,54,0.9797,de
81393,12 Dates of Christmas,2011,Romance|Comedy|Fantasy|TV Movie,6.103,311,0.9197,en
45658,Everything Must Go,2011,Comedy|Drama|Romance,6.164,665,0.9427,en
75713,Treasure Guards,2011,Adventure|TV Movie,4.885,26,0.8935,de
188198,Kamen Rider x Kamen Rider Fourze & OOO Movie Wars Mega Max,2011,Action|Adventure|Science Fiction,6.607,14,0.94,ja
70575,Children of the Corn: Genesis,2011,Horror|Thriller,4.1,162,1.1991,en
74458,Mere Brother Ki Dulhan,2011,Drama|Comedy|Romance,6.0,83,1.1007,hi
72152,Aarakshan,2011,Drama|Thriller,6.167,42,1.3909,hi
57812,51,2011,Science Fiction|Horror,4.1,113,1.9618,en
80530,Magic Beyond Words: The J.K. Rowling Story,2011,Drama,6.876,213,0.9911,en
98545,Peace  Love & Misunderstanding,2011,Comedy|Drama|Romance,5.8,166,0.9936,en
79123,Little Murder,2011,Drama|Thriller,5.1,29,1.9419,en
179931,Towa no Quon 3: The Complicity of Dreams,2011,Action|Animation|Science Fiction|Fantasy,6.88,25,0.9579,ja
54546,China Blue,2011,Documentary,5.75,14,0.9197,en
56906,Husk,2011,Horror|Thriller,5.8,371,0.9891,en
78294,Panic Button,2011,Horror|Thriller,5.145,166,2.0424,en
86709,Last Man Standing,2011,Action|Thriller|TV Movie,4.5,21,1.0031,en
79777,In the Land of Blood and Honey,2011,Drama|Romance|War,5.8,155,1.0887,en
77665,Boy Toy,2011,Comedy,4.132,19,0.8111,en
60803,The Suite Life Movie,2011,Adventure|Comedy|Family|Drama|Science Fiction|TV Movie,6.1,532,0.9896,en
72842,Albatross,2011,Drama,6.029,120,1.0316,en
82563,Super Tanker,2011,TV Movie|Action|Science Fiction|Fantasy,4.537,27,2.1639,en
54557,The Chaperone,2011,Comedy|Family|Action,5.5,159,1.128,en
78214,Paradise Kiss,2011,Drama|Romance,7.127,67,0.9475,ja
71157,Polisse,2011,Drama|Crime,7.762,1312,1.1018,fr
86593,Wild Bill,2011,Drama,6.758,200,0.9185,en
155217,Ranma ½,2011,Action|Comedy|Fantasy|TV Movie,6.8,61,1.0272,ja
45156,A Little Bit of Heaven,2011,Comedy|Drama|Romance,6.348,597,1.1308,en
137284,Look Again,2011,Thriller|Mystery|TV Movie|Crime,4.3,22,2.5615,en
179933,Towa no Quon 5: The Return of the Invincible,2011,Action|Animation|Science Fiction|Fantasy,6.632,34,0.8726,ja
38540,Age of Heroes,2011,Drama|Action|Thriller|War,5.476,209,0.9184,en
73818,The Entitled,2011,Thriller|Crime,6.174,158,0.9765,en
70608,LEGO Star Wars: The Padawan Menace,2011,Family|Animation|Science Fiction,6.569,160,1.0986,en
54597,Blood Out,2011,Action|Thriller,5.252,117,2.0772,en
313230,Warriors of the Rainbow: Seediq Bale - Part 2: The Rainbow Bridge,2011,Action|Drama|History,8.044,91,0.9936,zh
67793,Don't Go Breaking My Heart,2011,Romance|Comedy,6.4,62,1.0894,cn
76543,Tyrannosaur,2011,Drama|Romance,7.255,504,1.082,en
73500,You May Not Kiss the Bride,2011,Action|Crime|Comedy|Romance,5.633,210,0.9296,en
70197,The Mountie,2011,Drama|Western,5.2,21,1.3165,en
54320,Love,2011,Drama|Science Fiction,5.525,238,1.0833,en
63749,Swamp Shark,2011,Action|Adventure|Comedy|Horror|TV Movie,4.1,86,0.9586,en
70585,Lucky,2011,Comedy|Romance,4.7,80,1.9398,en
85656,Karate-Robo Zaborgar,2011,Action|Science Fiction,5.9,22,0.8403,ja
69891,Chillar Party,2011,Drama|Comedy|Family,6.875,64,1.1702,hi
212258,Kamen Rider W Returns: Kamen Rider Accel,2011,Action|Adventure|Science Fiction,6.666,202,1.0083,ja
72502,A Beautiful Life,2011,Romance|Drama,6.3,33,1.0226,zh
70586,Setup,2011,Action|Crime|Drama|Thriller,4.856,441,1.1845,en
184614,Kuiba,2011,Animation|Adventure|Fantasy,7.7,22,0.7863,zh
81531,Sengoku Basara: The Last Party,2011,Animation|Action|History,5.8,10,1.0539,ja
63513,Lady Gaga Presents: The Monster Ball Tour at Madison Square Garden,2011,Music|Documentary,8.645,110,0.9724,en
78563,The Giants,2011,Drama|Adventure,7.0,45,1.3295,fr
65060,Burnt by the Sun 2: Citadel,2011,Drama|War,4.286,49,0.9031,ru
53596,Even the Rain,2011,Drama|History,7.0,293,0.8133,es
56913,Sacrifice,2011,Action,4.538,66,1.1069,en
118306,Alice in the Country of Hearts: Wonderful Wonder World,2011,Animation|Adventure|Fantasy|Romance,4.8,10,0.8924,ja
75033,Winnie Mandela,2011,Drama,5.8,20,0.9482,en
100274,Comforting Skin,2011,Thriller|Drama|Fantasy|Horror,3.762,21,0.9862,en
82520,Return,2011,Drama,6.4,3924,1.8934,en
74539,Killer Mountain,2011,Adventure|TV Movie|Horror,5.1,65,2.0983,en
78182,Elena,2011,Drama|Thriller,7.205,280,1.2207,ru
85860,The FP,2011,Comedy|Action|Drama|Science Fiction,4.9,32,1.5686,en
88508,Have a Little Faith,2011,Drama|TV Movie,6.4,28,0.9641,en
53100,Bringing Up Bobby,2011,Comedy,4.938,48,0.7579,en
133196,Famine,2011,Horror,3.3,18,0.9281,en
94042,Showgirls 2: Penny's from Heaven,2011,Comedy|Drama|Romance|Thriller,3.8,42,0.998,en
79842,SeeFood,2011,Animation|Comedy|Family|Adventure,4.9,52,0.9248,th
71359,Red Nights,2011,Horror|Thriller,4.2,12,1.0104,fr
73362,TRON: The Next Day,2011,Science Fiction|Thriller,5.64,100,0.7995,en
79824,Love is Not Blind,2011,Drama|Romance|Comedy,6.421,63,0.9773,zh
82529,Combat Girls,2011,Drama,6.682,137,2.1649,de
65347,Cold Fusion,2011,Science Fiction|Action|TV Movie,4.0,21,2.1182,en
50765,Ticking Clock,2011,Action|Thriller|Crime,5.171,85,0.8869,en
96005,Courage,2011,Drama,6.26,25,0.9815,pl
98549,The Legend of Hell's Gate: An American Conspiracy,2011,Western|Action|Adventure|History,4.474,19,0.9617,en
75556,Erotibot,2011,Science Fiction,4.3,21,0.9327,ja
415547,Fate/Prototype,2011,Action|Fantasy|Romance|Animation,5.8,16,0.7688,ja
57880,I Love Hong Kong 2011,2011,Comedy,6.0,21,2.0265,cn
82756,Seeds of Destruction,2011,Action|Science Fiction|TV Movie,5.5,48,0.9645,en
70876,Seven Days in Utopia,2011,Drama,5.7,61,0.9367,en
239285,My Angel,2011,Comedy|Drama|Family,4.0,11,0.8223,en
60302,Cougars  Inc.,2011,Comedy|Drama,4.8,69,0.892,en
83190,Deadball,2011,Comedy|Horror,4.8,35,1.1536,ja
84520,The Bunny Game,2011,Horror,4.713,174,1.0328,en
85032,Kotoko,2011,Drama|Horror,7.2,119,1.1084,ja
97795,Apartment 143,2011,Horror|Thriller,5.192,297,0.995,en
61400,Thank You,2011,Comedy,5.089,62,1.9885,hi
80079,Tibetan Dog,2011,Animation|Adventure|Drama,6.412,17,0.7866,ja
59117,Torrente 4: Lethal crisis,2011,Action|Comedy|Crime,5.426,190,0.9885,es
55215,Dead Space: Aftermath,2011,Animation|Horror|Science Fiction,6.013,195,0.944,en
48620,The Mighty Macs,2011,Drama,5.186,43,0.8931,en
179930,Towa no Quon 2: Dancing Orchid in Chaos,2011,Action|Animation|Science Fiction|Fantasy,6.8,24,0.8616,ja
58446,Daydream Nation,2011,Drama|Romance,5.799,172,0.9859,en
81179,Snowmageddon,2011,Adventure|Science Fiction|TV Movie,5.6,63,2.0529,en
55861,The Task,2011,Horror,4.354,120,2.1536,en
73936,Retreat,2011,Horror|Drama|Thriller,5.592,333,0.8858,en
56171,Mega Python vs. Gatoroid,2011,Action|Science Fiction|Adventure,4.171,82,1.2869,en
65852,Choy Lee Fut,2011,Action,4.717,23,1.0166,cn
68649,Karate Girl,2011,Action,5.3,25,0.701,ja
72440,Once Upon a Warrior,2011,Adventure|Fantasy|Action|Family,6.1,29,1.5157,te
105545,Scalene,2011,Thriller,4.5,14,0.869,en
59238,Jesse Stone: Innocents Lost,2011,Drama|Crime|Thriller|TV Movie,6.433,82,0.8437,en
91088,The King of Pigs,2011,Animation|Thriller|Drama|Crime,6.1,82,1.0694,ko
84355,Your Sister's Sister,2011,Comedy,6.468,362,1.1492,en
71928,The Last Fashion Show,2011,Thriller|Drama|Mystery|Horror,4.8,49,0.6799,it
91759,Turning Point 2,2011,Action|Crime,6.8,10,1.0606,cn
84228,Julia X,2011,Horror,4.8,118,1.2192,en
46256,The Lion of Judah,2011,Adventure|Animation|Comedy|Family,5.1,13,0.9476,en
64931,Detective K: Secret of Virtuous Widow,2011,Mystery|Action|History|Comedy|Crime,6.598,51,1.0044,ko
77573,The Butcher of Prague,2011,Drama|History|War,6.6,34,0.7625,cs
201619,This Girl Is Bad Ass,2011,Action|Comedy|Crime,4.8,37,0.9396,th
76420,DC Showcase: Catwoman,2011,Action|Animation|Crime|Adventure,6.9,209,0.7727,en
61601,Good Day for It,2011,Action|Thriller,5.5,11,0.7603,en
72575,Late Blossom,2011,Drama|Romance,7.778,18,1.04,ko
69792,Love Birds,2011,Comedy|Romance,5.943,44,0.863,en
58166,Lessons of a Dream,2011,Drama,6.95,119,0.8157,de
81167,Woody Allen: A Documentary,2011,Documentary,6.884,168,0.8957,en
97659,The Greatest Miracle,2011,Animation,8.037,95,0.7855,es
50495,7lives,2011,Drama|Science Fiction|Thriller,4.1,16,1.6802,en
77879,The Reunion,2011,Drama|Action,5.022,93,0.9009,en
81242,The Client,2011,Drama|Thriller,6.925,67,0.9111,ko
74149,At the Gate of the Ghost,2011,Mystery|Drama,5.912,17,0.7982,th
82501,The Woman in the Fifth,2011,Drama|Mystery|Thriller,5.211,121,0.6928,fr
72993,The Crown Jewels,2011,Drama|Romance,5.4,45,0.9088,sv
80201,Storm War,2011,Science Fiction|Drama,5.383,47,0.7679,en
69619,The Detective 2,2011,Crime|Drama|Thriller,6.398,49,1.03,cn
57276,Pina,2011,Documentary,7.359,281,0.79,de
64846,Little Black Dress,2011,Drama|Comedy,5.8,16,0.8437,ko
40161,The Decoy Bride,2011,Drama|Comedy|Romance,5.972,247,1.0661,en
58060,The Jewel,2011,Drama,6.6,81,1.7556,it
62904,Mask Maker,2011,Horror,4.9,39,1.5973,en
93096,Smuggler,2011,Action|Comedy|Drama,6.4,28,0.9726,ja
73588,The Caller,2011,Horror|Thriller|Mystery,6.19,295,0.9451,en
103608,Secrets  Objects,2011,Drama|Romance,5.0,10,0.9704,ko
78362,Snow Beast,2011,Drama|Horror|Thriller|Science Fiction,4.4,40,2.0304,en
152413,The Cabin,2011,Comedy|TV Movie,6.2,15,0.6068,en
71620,Officer of the Year,2011,Action|Comedy,6.6,32,0.7803,ko
265597,Goodbye to Our Kindergarten,2011,Drama|Family,7.667,15,0.8576,ja
70005,Café,2011,Drama,5.3,61,0.7124,en
91078,Punch,2011,Drama|Comedy,6.9,55,0.9717,ko
117015,Vanished,2011,Mystery|Thriller,5.4,12,1.8598,en
82510,Hollywood Sex Wars,2011,Comedy,2.955,22,0.8725,en
81332,A Christmas Kiss,2011,TV Movie|Romance|Family|Drama,6.1,198,0.7898,en
91902,Ecstasy,2011,Romance|Comedy|Crime|Drama,4.9,41,0.9898,en
82477,Countdown,2011,Action|Thriller,6.5,42,1.017,ko
76305,You Said What?,2011,Comedy,3.8,11,0.6982,no
91070,L!fe Happens,2011,Comedy|Drama|Romance,5.445,155,0.8246,en
68174,Waking Madison,2011,Drama|Thriller|Mystery,5.5,40,1.8072,en
83754,You Are My Pet,2011,Comedy|Romance,6.1,68,0.746,ko
47954,City State,2011,Action|Drama|Thriller|Crime,5.333,15,1.7,is
72245,The Piano in a Factory,2011,Drama,7.295,61,0.986,zh
63139,All Things Fall Apart,2011,Drama,5.8,62,0.8786,en
51261,National Lampoon's The Legend of Awesomest Maximus,2011,Comedy,3.9,92,1.0023,en
81867,Breakaway,2011,Comedy|Drama|Romance,5.4,27,0.7372,en
76435,Meet the In-Laws,2011,Comedy|Romance,6.0,16,0.6589,ko
72174,Doomsday Prophecy,2011,TV Movie|Science Fiction|Adventure|Action,4.1,97,1.0244,en
78080,Beethoven's Christmas Adventure,2011,Family|Comedy|Fantasy,5.984,161,0.9792,en
296273,When Harry Met Sally 2 with Billy Crystal & Helen Mirren,2011,Comedy|Horror,6.9,16,0.6005,en
56919,Love Likes Coincidences,2011,Drama|Romance,6.9,106,0.9002,tr
75623,The Howling: Reborn,2011,Horror,4.7,145,0.8688,en
68419,Anuvahood,2011,Comedy,6.417,54,0.7741,en
66118,Case départ,2011,Comedy,6.0,556,0.8003,fr
64325,Cross,2011,Action|Fantasy,4.135,52,0.9792,en
55248,Behemoth,2011,Horror|Science Fiction,3.917,48,0.8504,en
66608,Blubberella,2011,Horror|Action|Comedy,3.03,66,0.7658,en
50217,From Prada to Nada,2011,Comedy|Drama|Romance,5.44,333,0.7388,en
73108,Teen Spirit,2011,Drama|Fantasy|Comedy|TV Movie,5.9,298,0.9477,en
72442,Shotgun Love,2011,Drama|Comedy|Romance,6.1,10,0.8573,ko
74943,Evil Bong 3: The Wrath of Bong,2011,Comedy|Horror|Science Fiction,4.1,29,0.7057,en
120055,Trading Christmas,2011,TV Movie|Family,6.6,36,0.6665,en
56418,The Source,2011,Comedy|Drama,6.56,192,0.77,fr
73963,Creature,2011,Horror,5.2,107,0.8363,en
80147,Coming & Going,2011,Comedy|Romance,4.9,22,0.7575,en
65945,Red Faction: Origins,2011,Science Fiction,5.231,80,0.7833,en
63045,Textuality,2011,Comedy|Romance,4.7,15,0.8724,en
124873,The Reverend,2011,Action|Horror,3.3,13,0.7477,en
85431,Take Me Home,2011,Drama|Comedy|Romance,6.485,131,0.7109,en
81450,Love Begins,2011,Drama|Romance|Family|TV Movie,8.0,29,0.8118,en
68472,House of the Rising Sun,2011,Action|Thriller|Crime|Drama,4.447,76,0.7525,en
89877,The Reunion,2011,Comedy,5.3,38,1.7311,da
77715,Badrinath,2011,Action|Drama|Romance,3.9,30,0.8174,te
85033,Café de Flore,2011,Drama|Romance,6.847,202,0.8506,fr
55437,Broken Blade: The Gap Between Life and Death,2011,Animation|Action|Fantasy,5.0,11,0.9476,ja
315623,Doctor Who: The Doctor  the Widow and the Wardrobe,2011,Science Fiction|Drama,7.049,143,0.793,en
282908,Avatar,2011,Horror,5.5,33,0.7071,ja
77697,A Butterfly Kiss,2011,Drama,5.0,12,0.8615,fr
65946,Ready,2011,Action|Comedy,5.054,101,0.955,hi
79151,Love You You,2011,Romance|Comedy,6.6,11,0.7466,zh
59145,The Assault,2011,Drama|Action|Thriller,5.958,272,0.8009,fr
45054,There Be Dragons,2011,War|History|Drama,5.1,142,0.8115,en
80337,These Amazing Shadows,2011,Documentary,7.4,72,0.741,en
103707,Afghan Luke,2011,Drama,5.1,19,0.7916,en
106432,Monsters Club,2011,Drama,6.0,23,0.7241,ja
74549,The Shunning,2011,Drama|TV Movie,6.0,45,0.7166,en
95675,Wreckers,2011,Drama,5.2,67,1.0601,en
257724,Above Suspicion,2011,Thriller|TV Movie,5.9,21,1.1496,fr
81798,Pioneer,2011,Drama,6.8,13,0.7106,en
51993,Terri,2011,Comedy|Drama,6.3,155,0.7093,en
74457,Redemption Road,2011,Drama,5.0,11,0.891,en
145316,Air Mater,2011,Animation|Family,6.1,166,0.7896,en
57243,The Women on the 6th Floor,2011,Comedy,6.759,409,0.8741,fr
68202,Without Men,2011,Comedy|Romance,3.833,36,0.8074,en
77365,Into the Abyss,2011,Documentary|Crime,6.888,282,0.7252,en
196242,Much Ado About Nothing,2011,Comedy|Drama|Romance,8.3,47,0.8392,en
66945,Love's Kitchen,2011,Drama|Romance|Comedy,5.349,96,0.8696,en
68184,Cougar Hunting,2011,Comedy|Romance,3.2,36,0.7404,en
63736,Almighty Thor,2011,Adventure|Fantasy|TV Movie,2.864,55,0.8091,en
83242,Innocent,2011,Drama|Mystery|TV Movie,5.7,25,1.8407,en
82469,The Kick,2011,Comedy|Action,5.11,41,0.6751,ko
75229,The Monitor,2011,Drama|Thriller,5.8,156,1.4359,no
54602,Skateland,2011,Drama,5.1,37,0.7422,en
252674,A Second Chance,2011,Drama|Family,5.975,80,0.9057,en
74726,Juan of the Dead,2011,Horror|Comedy,6.207,294,0.9208,es
77874,InSight,2011,Thriller|Mystery,4.714,28,0.7776,en
63447,Cupid's Balls,2011,Comedy|Drama|Romance,4.4,18,0.9867,no
62976,What Women Want,2011,Comedy|Romance|Fantasy,5.9,36,0.9307,zh
66925,Stripperland,2011,Horror|Comedy,3.912,34,0.8605,en
118469,Perfect Game,2011,Drama,6.8,15,0.8068,ko
59447,The Dragon Pearl,2011,Adventure|Family|Fantasy,4.6,24,1.015,zh
112135,Tokyo Oasis,2011,Drama,6.1,10,0.7782,ja
73829,Thomas & Friends: Day of the Diesels,2011,Family|Animation,6.1,17,0.8239,en
81438,Deck the Halls,2011,Action|Drama|Mystery|TV Movie,5.0,20,0.7317,en
73897,Underdog Knight 2,2011,Action|Crime,6.5,27,0.6641,zh
91356,Comic-Con Episode IV: A Fan's Hope,2011,Documentary,6.892,65,0.8894,en
83192,Yakuza Weapon,2011,Action|Thriller|Science Fiction,4.3,20,0.802,ja
81658,The Salesman,2011,Drama,6.375,12,1.4543,fr
503210,Return to Jurassic Park,2011,Documentary,6.586,846,0.9474,en
66164,Little Deaths,2011,Horror|Thriller|Romance,4.431,102,0.605,en
168633,The Life Zone,2011,Horror|Thriller,2.1,12,0.655,en
130118,Hattie,2011,TV Movie|Drama,5.7,15,0.6732,en
58443,Blue Crush 2,2011,Adventure|Drama,5.771,120,0.9224,en
73552,Moi  Michel G.  milliardaire  maître du monde,2011,Comedy,4.8,29,0.9584,fr
77677,Escapee,2011,Horror|Thriller|Mystery,3.8,83,0.8687,en
75004,Poongsan,2011,Action|Drama|Romance,6.0,31,0.8051,ko
93898,Dear Enemy,2011,Drama|Romance,4.7,13,0.688,zh
102640,Union Square,2011,Drama,4.7,13,0.836,en
54662,The Future,2011,Drama|Fantasy|Romance,5.968,125,0.7599,en
75227,Curling King,2011,Comedy,5.9,30,1.7577,no
56161,Picco,2011,Crime|Drama|Horror,6.093,27,1.569,de
273456,When Harry Left Hogwarts,2011,Documentary,7.2,10,0.745,en
59424,Sonny Boy,2011,Drama|Romance|War,6.545,55,0.6385,nl
106288,The Key Man,2011,Crime|Drama|Thriller,3.7,18,0.7652,en
87425,Apart,2011,Drama|Thriller|Mystery|Romance,4.3,13,1.6232,en
92493,Edwin Boyd: Citizen Gangster,2011,Crime|Drama|History,5.613,62,0.8776,en
76354,Video Girl,2011,Drama,6.222,18,1.8963,en
76896,Gerry,2011,Drama|Romance|Music,5.6,18,1.4887,fr
72912,Carjacked,2011,Action|Thriller|TV Movie|Crime,5.1,105,0.813,en
85502,East Meets West,2011,Comedy,4.9,12,0.6817,cn
60421,Circumstance,2011,Drama,6.6,89,0.5741,en
87835,Inkubus,2011,Horror,3.9,42,0.7436,en
74777,Absentia,2011,Horror|Mystery,5.839,381,0.74,en
74092,Bleak Night,2011,Drama,7.3,56,0.6259,ko
49010,Hobo with a Shotgun,2011,Crime|Action|Thriller,5.9,690,0.758,en
60228,Losers' Club,2011,Comedy|Drama,6.507,147,0.8265,tr
83880,Super Shark,2011,Science Fiction|Action|Comedy|Horror|Adventure,4.1,65,0.9154,en
91979,Will,2011,Drama|Family,6.5,62,0.7458,en
182237,The Candidate,2011,Science Fiction|Drama|Horror|Thriller|Mystery,7.5,19,0.9751,en
54093,Killing Bono,2011,Comedy|Drama,6.232,110,0.865,en
63448,Siruthai,2011,Action|Comedy|Drama|Thriller,5.862,29,0.7158,ta
99762,Salem Falls,2011,Crime|Drama|TV Movie,5.3,22,0.7585,en
79893,Breaking the Taboo,2011,Documentary,7.1,32,0.6734,pt
65847,Come Rain  Come Shine,2011,Drama|Romance,6.0,22,0.8083,ko
137261,Kamen Rider OOO Wonderful: The Shogun and the 21 Core Medals,2011,Action|Adventure|History|Science Fiction,6.286,14,0.7927,ja
80276,Dookudu,2011,Action|Comedy|Thriller,6.814,51,0.824,te
75931,The Cat,2011,Horror|Mystery,6.715,107,0.9475,ko
83721,The Great Magician,2011,Drama|Mystery,6.042,71,0.9229,zh
70863,Poolboy: Drowning Out the Fury,2011,Comedy|Action,4.9,39,0.7835,en
89827,Hide,2011,Drama|Thriller|TV Movie,5.4,36,0.7214,en
75345,I Melt with You,2011,Drama|Thriller,5.3,84,0.7408,en
81010,Ticket Out,2011,Thriller,5.6,37,0.6649,en
88096,Prep & Landing: Naughty vs. Nice,2011,Animation|Comedy|Family,7.016,96,0.9081,en
74860,White: Melody of Death,2011,Horror|Music|Mystery,6.343,86,0.7326,ko
86001,Pain,2011,Drama|Romance,6.4,31,1.04,ko
92398,Cassadaga,2011,Horror|Thriller,5.0,97,0.8504,en
78112,Mike,2011,Comedy|Drama,5.3,11,0.6273,fr
75657,Screwed,2011,Crime|Action,5.1,28,0.7858,en
86549,August,2011,Drama,5.8,44,0.8347,en
80034,Earth's Final Hours,2011,Science Fiction|TV Movie,4.264,72,0.6721,en
70214,The Night Watch,2011,Drama|War|TV Movie,5.8,42,0.6317,en
78480,Monsieur Lazhar,2011,Drama|Comedy,7.191,354,0.7319,fr
70008,Tactical Force,2011,Action|Thriller|Comedy|Crime,5.6,142,0.9132,en
64396,Glove,2011,Drama|Family,6.1,13,0.6568,ko
79374,Blind,2011,Thriller,7.3,137,0.9142,ko
57010,Ala Modalaindi,2011,Romance|Drama,6.679,28,0.9783,te
63457,The Warring States,2011,Drama|Action|Romance|War,4.6,15,0.5873,zh
56401,The Music Never Stopped,2011,Drama,7.2,177,0.9105,en
98857,Scrat's Continental Crack-Up: Part 2,2011,Animation|Comedy|Adventure,6.4,123,0.7317,en
96434,The Christmas Tango,2011,Drama|Romance,7.21,31,0.5977,el
83938,Scream: The Inside Story,2011,Documentary|Horror,5.9,25,0.7124,en
88537,The Fields,2011,Drama|Horror|Thriller|Mystery|Crime,4.2,31,1.1453,en
149148,Dead Inside,2011,Horror,4.0,11,1.0259,en
136735,The Snitch Cartel,2011,Drama|Crime,7.025,81,1.7241,es
82029,Itinéraire bis,2011,Comedy|Romance,5.426,68,0.8066,fr
307124,Love on a Leash,2011,Drama|Comedy|Romance|Fantasy,6.4,39,0.8092,en
53174,Kokowääh,2011,Comedy,6.256,300,0.9027,de
72650,Punished,2011,Action|Thriller|Crime,6.3,37,0.619,cn
61429,Hostel,2011,Drama|Action|Crime,5.1,22,0.7527,hi
64004,Suck Seed,2011,Comedy|Music|Romance,7.085,41,0.8254,th
214983,Manikyakallu,2011,Drama,6.1,16,0.779,ml
67328,The Gundown,2011,Action|Western,4.222,18,0.6973,en
97872,Athena: Goddess of War,2011,Action|Thriller,6.6,16,0.7474,ko
268874,Setback,2011,Action,8.467,60,0.8912,es
85878,Starry Starry Night,2011,Drama|Fantasy,6.3,47,0.7929,zh
94054,Rebirth,2011,Drama|Crime,7.6,26,0.7219,ja
22166,Jackers,2011,Action|Thriller,4.7,15,0.5873,en
83705,The Squad,2011,Drama|Horror|Thriller,6.0,81,1.7155,es
62614,Hella W,2011,Drama|History,4.7,12,0.3972,fi
90122,The Trouble with Bliss,2011,Comedy|Drama|Romance,4.833,60,0.6044,en
698940,Naruto OVA 8: Naruto x UT,2011,Animation,7.513,75,0.9102,ja
108251,Girl Fight,2011,Drama|TV Movie,6.5,42,0.7979,en
74147,The Little Engine That Could,2011,Animation|Family,6.2,17,1.0686,en
87737,Autoerotic,2011,Drama|Comedy|Romance,4.1,25,0.7021,en
75421,Quest for Zhu,2011,Animation|Family,5.0,17,0.6712,en
85439,Snowflake  the White Gorilla,2011,Animation|Adventure|Comedy|Family,5.223,47,0.6621,ca
129237,Tada's Do-It-All House,2011,Drama,6.5,21,0.8069,ja
116323,Unbowed,2011,Drama|Crime,6.735,34,0.6502,ko
73565,Burning Man,2011,Drama|Romance,5.9,66,0.819,en
198256,China Town,2011,Action|Comedy,4.3,13,0.8239,ml
70342,Beats Rhymes & Life: The Travels of A Tribe Called Quest,2011,Music|Documentary,7.155,58,0.6481,en
74510,Kevin Hart: Laugh at My Pain,2011,Comedy,7.1,153,0.8179,en
67077,The Plane Tree,2011,Family|Drama|Comedy,6.313,16,0.7031,tr
94354,Eating Out: The Open Weekend,2011,Comedy|Romance,5.7,70,0.7652,en
55723,ChromeSkull: Laid to Rest 2,2011,Horror,4.911,141,0.8264,en
81914,Sleepwalker,2011,Horror|Drama|Crime,4.0,11,0.7628,cn
69225,Switch,2011,Crime|Action|Thriller,5.9,116,0.843,fr
73933,Monster Brawl,2011,Comedy|Horror,4.1,76,0.8302,en
106631,Legends of Valhalla: Thor,2011,Animation|Adventure|Comedy|Family|Fantasy,5.4,52,0.8056,is
106339,Level Up,2011,TV Movie|Comedy|Family|Fantasy,6.3,34,1.9579,en
60011,The Bang Bang Club,2011,Drama|History,6.567,179,0.6277,en
84449,Remains,2011,Horror|Science Fiction,4.9,89,0.62,en
64320,Good Neighbours,2011,Thriller|Drama,5.6,114,0.6658,en
129120,Smooch,2011,Romance|TV Movie,6.0,50,0.6724,en
125162,Ousama Game,2011,Horror|Thriller|Mystery,6.2,19,0.6611,ja
74944,War of the Buttons,2011,Family|Adventure,6.054,436,0.5361,fr
110204,The Killing Game,2011,Mystery|Thriller|TV Movie,6.1,21,0.7362,en
142948,Traffic,2011,Thriller,6.9,38,0.7665,ml
70821,Cyberbully,2011,Drama|TV Movie,6.015,474,0.743,en
59499,Mr. & Mrs. Incredible,2011,Action|Comedy|Fantasy|Romance,5.0,22,0.6353,cn
109894,Hide Away,2011,Drama,4.7,25,0.7243,en
77957,Angels Crest,2011,Drama,5.7,49,0.6888,en
68029,Double Dhamaal,2011,Comedy|Crime,4.598,51,0.7342,hi
119123,Aaranya Kaandam,2011,Comedy|Action|Crime|Drama,7.5,41,0.5898,ta
51490,On the Inside,2011,Drama|Thriller,5.3,47,0.6746,en
462387,One Piece 3D: Gekisou! Trap Coaster,2011,Adventure|Animation,6.868,19,0.6894,ja
85807,The Real Rocky,2011,Documentary,6.1,21,0.6338,en
55438,Broken Blade: Fortress of Lamentation,2011,Animation|Science Fiction|Action,5.9,12,0.7144,ja
85735,Love Lasts Three Years,2011,Romance|Comedy,5.732,428,0.7054,fr
173931,Legend of Kung Fu Rabbit,2011,Action|Adventure|Animation|Comedy|Family,3.2,12,0.7629,zh
74674,Superclasico,2011,Comedy|Romance,6.1,40,1.6972,da
91239,Couples,2011,Comedy|Romance,6.4,12,0.5601,ko
58679,The Butcher  the Chef  and the Swordsman,2011,Comedy|Action|Adventure,5.4,34,0.792,zh
98525,Heleno,2011,Drama|History,6.2,44,0.7336,pt
102070,Magister Negi Magi: Anime Final,2011,Action|Animation|Adventure|Fantasy,6.1,28,0.7014,ja
85950,Autoluminescent: Rowland S. Howard,2011,Documentary|Music,7.5,12,0.5617,en
47218,Happythankyoumoreplease,2011,Comedy|Drama|Romance,6.5,302,1.1288,en
296192,Comedy Central Roast of Charlie Sheen,2011,Comedy|Documentary|TV Movie,7.188,96,0.7435,en
369031,Flutter,2011,Drama|Thriller,6.0,11,1.5818,en
84819,The Killer Who Never Kills,2011,Action|Comedy|Drama,4.8,10,0.7043,zh
110954,The Silence of Joan,2011,History,3.5,12,0.6217,fr
103322,Art History,2011,Drama|Romance,4.354,24,0.634,en
78403,Born Bad,2011,Thriller|Drama,4.463,28,0.683,en
83907,Underwater Love,2011,Fantasy|Romance|Comedy,5.2,25,0.5932,ja
100702,Ghastly,2011,Horror|Thriller,5.8,20,0.5768,ko
110956,The Slut,2011,Drama,3.914,29,0.7224,he
68280,Requiem for a Killer,2011,Thriller,4.962,91,0.7284,fr
348536,Locke & Key,2011,TV Movie|Thriller|Drama,6.9,38,0.6215,en
74119,The Day I Saw Your Heart,2011,Comedy|Drama,5.85,110,0.5694,fr
85525,The Day He Arrives,2011,Drama,6.916,83,0.8031,ko
53338,Polar Bear: Spy on the Ice,2011,Documentary,7.5,11,0.5181,en
71070,Carnal Innocence,2011,Mystery|TV Movie,4.6,28,0.6509,en
188089,Pizza Man,2011,Action|Science Fiction,4.0,10,1.3396,en
84177,Big Boys Gone Bananas!*,2011,Documentary|Drama,6.827,26,0.5592,en
76037,The Dog Who Saved Halloween,2011,Comedy|Family|TV Movie,4.533,15,0.7231,en
75198,Welcome Aboard,2011,Comedy,5.5,540,0.6241,fr
89670,Body of Water,2011,Thriller|Drama,5.5,15,0.5735,fi
77880,The Whale,2011,Documentary,6.1,18,0.6704,en
58333,Tanu Weds Manu,2011,Comedy|Romance|Drama,6.808,107,0.6497,hi
74945,War of the Buttons,2011,Adventure|Family,5.96,475,0.6995,fr
95576,Ninja Kids!!!,2011,Action|Drama|Family,5.9,21,0.9281,ja
90942,Ring of Curse,2011,Horror,6.5,23,0.6086,ja
108762,Home Sweet Home,2011,Drama,6.2,12,0.5618,fi
76788,Mankatha,2011,Action|Thriller,6.757,74,0.7246,ta
79722,Dark Rising 2: Summer Strikes Back,2011,Action|Comedy|Fantasy|Science Fiction,2.6,11,0.6811,en
83188,Camel Spiders,2011,Horror|Science Fiction|Fantasy,4.3,62,0.7355,en
86985,ID:A,2011,Thriller|Horror,5.9,59,0.6931,da
61537,Burn Notice: The Fall of Sam Axe,2011,Comedy|Crime|Mystery|Action|Drama|Thriller|TV Movie,6.393,136,0.8109,en
66794,Bite Marks,2011,Comedy|Horror,3.8,26,0.5907,en
78224,Certain Prey,2011,Crime|Drama|Action|Thriller|Mystery|TV Movie,4.9,22,0.7305,en
69606,Men Suddenly in Love,2011,Comedy,5.1,10,0.6168,cn
145312,Dear Santa,2011,Family|Comedy|Drama|Romance|TV Movie,6.3,99,0.644,en
79835,Rosa Morena,2011,Drama,5.3,11,0.5548,da
81534,The Parade,2011,Comedy|Drama,6.7,114,0.6432,sr
82994,S.I.U.,2011,Crime|Action|Adventure,5.5,12,0.6625,ko
169510,The Christmas Pageant,2011,TV Movie|Family,5.9,15,0.6496,en
62219,The 5th Execution,2011,Action|Adventure|Thriller,3.7,14,0.5857,ru
80299,The Man on the Train,2011,Drama|Crime,5.938,16,0.6891,en
75190,Jeff Dunham: Controlled Chaos,2011,Comedy,6.613,53,0.6035,en
61794,Goodnight for Justice,2011,Action|Western|TV Movie,7.4,10,0.5515,en
99494,Hideaways,2011,Fantasy,6.2,70,1.4791,en
80801,Scabbard Samurai,2011,Action|Drama|Comedy,7.1,37,0.6852,ja
83896,Sand Sharks,2011,Comedy|Horror|Science Fiction,3.7,152,0.63,en
61613,The Inheritance,2011,Drama|Horror|Thriller,4.4,21,0.6871,en
107554,Exposed,2011,TV Movie|Thriller,4.5,23,0.512,en
63297,200 MPH,2011,Action|Thriller,3.7,40,1.7146,en
56652,Sinbad and the Minotaur,2011,Fantasy|Adventure,3.8,19,0.5101,en
103597,Americano,2011,Drama,4.892,37,0.7457,fr
243279,Low Fidelity,2011,Drama,5.0,14,0.6905,en
137217,Donovan's Echo,2011,Fantasy|Mystery|Drama,6.019,77,0.9585,en
80109,Wickie and the Treasure of the Gods,2011,Action|Adventure|Comedy|Family,5.605,81,0.6295,de
172323,Puro Mula,2011,Comedy|Drama,8.524,42,0.6783,es
77462,A Happy Event,2011,Drama|Comedy,6.0,231,0.7288,fr
329243,Comedy Central Roast of Donald Trump,2011,Comedy|TV Movie|Documentary,6.734,62,0.7672,en
75006,Moby Dick,2011,Action,7.057,44,0.7325,ko
80281,Oosaravelli,2011,Action|Thriller,5.3,27,0.8907,te
105789,Going Down in La-La Land,2011,Drama|Comedy|Romance,5.7,52,0.7358,en
137896,Warren Ellis: Captured Ghosts,2011,Documentary,6.955,11,0.6352,en
65762,Swinging with the Finkels,2011,Comedy|Romance,4.448,58,0.7534,en
79699,A Warrior's Heart,2011,Action|Drama|Family|Romance,5.4,67,0.6126,en
52421,The Showdown,2011,Action|Drama,6.6,23,0.6438,ko
72951,Not Another Not Another Movie,2011,Comedy,3.2,35,0.546,en
60233,Norm Macdonald: Me Doing Standup,2011,Comedy,7.693,44,0.5764,en
103156,Wunderkinder,2011,Drama|War|Music,6.6,28,0.634,de
57736,Mirapakay,2011,Action|Comedy,5.6,14,0.6957,te
75507,Dragon Crusaders,2011,Fantasy|Action|Adventure,2.671,35,0.6016,en
60089,Best Player,2011,Comedy|Family|TV Movie,6.6,188,0.6777,en
62522,35 and Ticking,2011,Romance|Comedy,5.4,30,0.6724,en
86812,Sound of My Voice,2011,Science Fiction|Drama|Mystery|Thriller,6.305,426,0.7136,en
80242,Stone Cold Steve Austin: The Bottom Line on the Most Popular Superstar of All Time,2011,Documentary,8.4,17,0.7029,en
67884,Chinese Take-Away,2011,Comedy,7.244,440,0.9749,es
473621,Hitler in Hollywood,2011,Comedy|Drama,6.2,14,1.0819,fr
54075,Choose,2011,Crime|Drama|Horror|Thriller,4.5,109,0.8954,en
53101,Manborg,2011,Horror|Science Fiction,4.838,80,0.6819,en
59900,Gaganam,2011,Action|Drama|Thriller,6.2,15,0.6,te
86971,Miami Magma,2011,Science Fiction|Action|TV Movie,5.8,86,0.7154,en
61655,A Break We'll Be Right Back,2011,Comedy|Drama|Mystery|Thriller,6.5,35,0.6168,ar
76234,Living Will...,2011,Comedy,4.8,14,0.5477,en
135678,Leave,2011,Thriller|Mystery,6.3,18,0.5968,en
72913,Amigo,2011,Drama|History|War,4.895,19,0.6399,en
61014,Your Love Never Fails,2011,Comedy|TV Movie|Family|Romance,5.8,44,0.7093,en
53319,What a Beautiful Day,2011,Comedy,6.5,1578,0.8644,it
110129,The Sacred,2011,Horror,4.2,10,0.5388,en
71866,Tanner Hall,2011,Drama,5.6,129,0.8982,en
64687,Iron Invader,2011,Fantasy|Science Fiction|TV Movie|Action,3.7,45,0.8008,en
80709,The Borrowers,2011,Family|Comedy|Adventure|Fantasy|TV Movie,5.844,61,0.5708,en
82666,4 Days in May,2011,Drama|War,6.1,22,0.6166,de
145675,Rurouni Kenshin: New Kyoto Arc: Cage of Flames,2011,Drama|Animation|Action,6.5,30,0.9028,ja
91549,The Moth Diaries,2011,Horror|Mystery,5.281,162,0.656,en
122372,The Ghostmaker,2011,Horror|Science Fiction|Thriller,5.3,87,0.6387,en
64854,Seconds Apart,2011,Horror|Thriller,5.7,128,0.6652,en
89403,Dear God No!,2011,Horror|Comedy,3.4,33,0.5366,en
320470,Lead Us Not Into Temptation,2011,Drama,5.1,14,0.6721,fr
87077,Battle of Warsaw 1920,2011,Drama|War|History,4.6,47,0.5552,pl
154260,Red Finger,2011,Crime|Mystery|TV Movie,6.842,19,0.6443,ja
74102,Hit List,2011,Comedy|Romance|TV Movie,5.7,13,0.7833,en
74328,Ice Road Terror,2011,Horror|Action,4.5,32,0.7131,en
94935,Deool,2011,Drama,8.4,10,0.9177,mr
72505,Tomorrow's Joe: The Live Action Movie,2011,Drama,7.133,15,0.6961,ja
61293,Office Romance. Our time,2011,Comedy|Romance,4.6,48,0.8085,ru
76947,Accidentally in Love,2011,Romance|Drama|Comedy|TV Movie,5.95,20,0.5786,en
558171,New Year's In-Laws,2011,Comedy|Family|Music|TV Movie,5.2,15,0.5513,ru
72067,The Suicide Forecast,2011,Comedy|Drama,6.7,10,0.5775,ko
118332,Total Retribution,2011,Horror|Science Fiction|Thriller,1.9,14,0.706,en
84564,Fred 2: Night of the Living Fred,2011,Adventure|Comedy|Family|TV Movie,5.134,93,0.7309,en
107753,Collaborator,2011,Comedy|Drama,4.8,16,0.403,en
54985,Wings of Life,2011,Documentary,7.1,40,0.6446,en
60164,The Speed of Thought,2011,Action|Thriller|Science Fiction,4.544,45,0.5961,en
89481,How to Stop Being a Loser,2011,Comedy,5.3,15,0.7621,en
172489,Cut,2011,Drama,7.1,13,0.5357,ja
257171,GARO - Kiba: The Dark Knight,2011,Fantasy|Action|Adventure,5.5,13,0.5813,ja
108542,Lovemakers,2011,Comedy|Romance,4.5,11,0.7314,en
59065,Route Irish,2011,Drama,5.928,104,1.7956,en
264646,LEGO Hero Factory: Savage Planet,2011,Animation|Action|Adventure|Science Fiction,6.3,13,0.6414,en
134147,Edge of the Garden,2011,Fantasy|Drama|TV Movie,6.2,26,0.5754,en
58444,Women Vs Men,2011,Comedy,5.5,636,0.582,it
103516,Private Romeo,2011,Drama|Romance,5.5,62,0.5355,en
109236,Gone,2011,Mystery|Thriller|Drama|TV Movie,5.25,20,0.5931,en
81830,The Rocky Saga: Going the Distance,2011,Documentary,6.2,10,0.5462,en
63849,Almanya: Welcome to Germany,2011,Drama|Comedy,6.6,209,0.7169,de
70744,The Crossing of the Andes,2011,Drama|War|History|Adventure,6.9,17,0.56,es
260066,Kurosawa's Way,2011,Documentary,5.769,13,0.8314,fr
91073,Late Autumn,2011,Drama|Romance,6.792,72,0.8157,ko
59197,Battle of Los Angeles,2011,Science Fiction|Action,3.526,117,0.6596,en
77171,More Brains! A Return to the Living Dead,2011,Documentary,7.4,44,0.5489,en
93188,Beloved,2011,Drama|Romance|Music,6.1,86,0.6393,fr
108917,Vito,2011,Documentary,6.9,13,0.6555,en
71744,Eating Out: Drama Camp,2011,Comedy,5.81,71,0.6743,en
87820,Uncle Kent,2011,Drama|Comedy|Romance,5.3,21,0.6235,en
75595,Little Birds,2011,Drama,5.7,90,0.7698,en
58105,Amanda Knox: Murder on Trial in Italy,2011,Crime|Drama|TV Movie,6.1,89,0.5937,en
185248,Pig,2011,Drama|Mystery|Science Fiction|Thriller,6.554,28,0.4719,en
93084,Keyhole,2011,Crime|Drama|Horror,5.3,35,0.6687,en
63313,Tatanka,2011,Drama|Crime,5.16,25,0.7915,it
127626,Hollow,2011,Horror|Thriller,4.712,59,0.562,en
75654,17 Miracles,2011,History|Drama|Adventure,5.964,27,0.6626,en
72370,The Gang of Oss,2011,Drama|Crime,6.231,52,0.5449,nl
79010,Britney Spears Live - The Femme Fatale Tour,2011,Music,7.0,32,0.7619,en
59430,The True Story of WrestleMania,2011,Documentary,8.227,22,0.542,en
79190,Jabberwock Dragon Siege,2011,Adventure|Fantasy|Horror,3.6,23,1.508,en
169721,Trevor Noah: You Laugh But It's True,2011,Documentary|Comedy,6.634,41,0.4941,en
80544,A Christmas Wish,2011,TV Movie|Family|Drama|Comedy,5.9,60,0.6459,en
77801,Miss Representation,2011,Documentary,6.9,87,0.6806,en
63310,Bullhead,2011,Crime|Drama,7.062,386,0.4667,nl
82914,Fastest,2011,Documentary,6.968,63,0.573,en
83092,Beyoncé: Live at Roseland - Elements of 4,2011,Music,8.3,14,0.4854,en
82327,Goodbye First Love,2011,Drama|Romance,6.2,151,0.5988,fr
79354,Engaeyum Eppothum,2011,Drama,7.2,30,0.6749,ta
86717,Oh My Friend,2011,Romance,6.3,21,0.6428,te
28925,Zone of the Dead,2011,Horror|Action,4.344,61,0.6771,en
60740,Game,2011,Mystery|Thriller,5.8,44,0.5094,hi
105885,eCupid,2011,Romance,5.3,58,0.4609,en
79000,Tales of the Night,2011,Fantasy|Animation,7.3,142,0.6587,fr
63163,The Master and Margarita,2011,Drama|Romance|Fantasy,5.5,32,0.6585,ru
77944,The Worst Week of My Life,2011,Comedy,6.1,453,0.5294,it
77240,Betrayed at 17,2011,Drama|Thriller|TV Movie,6.2,18,0.5145,en
66150,Life in a Day,2011,Documentary|Drama,7.201,251,0.5471,en
154082,The Zone,2011,Drama,4.9,21,0.5732,en
82269,Crazy Horse,2011,Documentary,6.5,28,0.5761,fr
80105,Brain Drain 2,2011,Comedy|Romance,4.995,99,0.5837,es
66896,Werner - Eiskalt!,2011,Comedy|Animation|Action,5.67,50,0.5717,de
76333,Extraterrestrial,2011,Science Fiction|Comedy,5.505,100,0.7941,es
74608,Weekender,2011,Drama|Music,5.448,29,0.8245,en
85449,Skylab,2011,Comedy|Drama,6.0,75,0.6223,fr
78570,Top Cat: The Movie,2011,Animation|Family|Comedy,6.1,83,0.6755,es
513138,Black Swan: Metamorphosis,2011,Documentary,7.72,25,0.7131,en
146315,Last Will,2011,Drama|Thriller,4.0,11,0.6341,en
92424,The Art of Love,2011,Romance|Comedy,6.0,76,0.4822,fr
68637,Ducoboo,2011,Comedy|Family,4.948,417,0.6389,fr
87313,Love's Christmas Journey,2011,Drama|Romance|Western|Family|TV Movie,6.773,33,0.5699,en
75744,Saheb Biwi Aur Gangster,2011,Drama|Action|Thriller|Crime|Romance,7.0,28,0.6034,hi
105945,Memorial Day,2011,Action|Drama|War|History,6.141,78,0.8172,en
85028,Without,2011,Drama,4.9,18,0.5601,en
85874,Magic to Win,2011,Fantasy|Comedy|Action,3.9,15,0.8196,cn
83860,October Baby,2011,Drama,6.3,125,0.5479,en
124887,Screaming in High Heels: The Rise & Fall of the Scream Queen Era,2011,Documentary,6.7,26,0.6161,en
80767,Jiro Dreams of Sushi,2011,Documentary,7.725,772,0.4494,en
70988,Yuddham Sei,2011,Crime|Action|Thriller,7.2,15,0.6182,ta
81033,The Good Witch's Family,2011,Drama|Family|Fantasy|TV Movie,7.244,88,0.6692,en
87558,Les Tribulations d'une caissière,2011,Comedy,5.128,74,0.5485,fr
68384,Empire of Assassins,2011,Action|Adventure,4.5,16,0.6493,zh
80301,A Christmas Wedding Tail,2011,Comedy|Drama|Romance|TV Movie,5.1,20,0.5552,en
58637,Valley of the Wolves: Palestine,2011,Action|Drama|War,5.349,43,0.6508,tr
84797,As Luck Would Have It,2011,Drama|Comedy,6.0,85,0.6089,es
139588,Barbie,2011,Drama,7.2,35,0.5968,ko
62796,William & Kate,2011,Drama|Romance|TV Movie,5.574,121,0.7436,en
171363,Pimp Bullies,2011,Action|Thriller|Crime,2.3,12,0.5205,en
71208,Judas Kiss,2011,Drama|Science Fiction,5.4,56,0.6677,en
79078,11/11/11,2011,Horror|Thriller,3.8,64,0.6169,en
73448,A Funny Man,2011,Drama,7.3,34,1.8146,da
77461,Where Do We Go Now?,2011,Drama|Comedy,7.385,217,0.6308,ar
58483,A Family,2011,Drama,6.063,16,1.7369,da
55386,Dil Toh Baccha Hai Ji,2011,Drama|Comedy|Romance,6.014,37,0.5712,hi
78556,The Pastor's Wife,2011,Crime|Drama|TV Movie,6.2,16,0.6295,en
59883,Age of the Dragons,2011,Adventure|Action|Fantasy,4.037,109,0.4839,en
78509,Rage of the Yeti,2011,Horror,3.8,26,0.6015,en
57387,In Your Hands,2011,Drama,5.5,35,0.4684,fr
94478,You Instead,2011,Music|Romance|Comedy,6.5,92,0.5251,en
49538,X-Men: First Class,2011,Action|Science Fiction|Adventure,7.3,13547,0.6404,en
87327,Belleville Tokyo,2011,Drama,4.8,11,0.7997,fr
79249,Force,2011,Crime|Thriller,4.6,14,1.1954,fr
86305,Exit Humanity,2011,Drama|Horror,5.207,99,0.5393,en
252611,Laurel & Hardy: Their Lives and Magic,2011,Documentary|Comedy,7.7,19,0.5809,de
88745,END:CIV,2011,Documentary,6.6,10,0.5975,en
114189,Remembrance,2011,Drama|Romance|War,6.8,41,0.7997,de
135212,Salt N' Pepper,2011,Comedy|Romance,7.2,29,0.7296,ml
75810,The Perfect Roommate,2011,TV Movie|Crime|Mystery|Thriller|Drama,5.2,18,0.4223,en
137769,The Magic Crystal,2011,Animation|Adventure|Family,5.077,13,0.7094,fi
83724,Justice for Natalee Holloway,2011,TV Movie|Drama|Thriller|Crime|Mystery,4.6,15,0.4841,en
85491,Unstoppable Family,2011,Action|Comedy,6.0,14,0.8543,ko
59441,A Bag of Hammers,2011,Comedy|Drama,5.865,63,0.4919,en
86304,All Superheroes Must Die,2011,Science Fiction|Thriller|Horror,4.378,41,0.4939,en
95192,Crash Site,2011,Drama|TV Movie,3.9,18,1.3788,en
80195,Underground,2011,Horror,4.516,32,1.7199,es
136779,One Mile Above,2011,Drama|Adventure,6.3,13,0.414,zh
61294,You and I,2011,Drama|Romance,4.561,49,0.5691,ru
79745,The Sleeping Voice,2011,Drama|History,6.6,105,0.5742,es
91067,The Ditch,2011,Drama,7.1,26,0.6443,zh
46060,Flying Monsters 3D with David Attenborough,2011,Documentary,7.0,29,0.4801,en
77585,Balls to the Wall,2011,Comedy,4.8,19,0.4992,en
69012,Ghosted,2011,Drama|Thriller,5.2,23,0.5882,en
58667,Blooded,2011,Thriller,3.3,11,0.4442,en
56338,7 Khoon Maaf,2011,Drama|Mystery|Thriller,6.132,57,0.7136,hi
146946,Yellow Rock,2011,Western,5.389,18,0.6656,en
63372,Shakti,2011,Action|Fantasy,3.3,13,0.5741,te
79700,RUSH: Time Machine,2011,Music,7.4,12,0.3631,en
116853,The Bling Ring,2011,Drama|Crime,4.9,53,0.6506,en
115432,Urumi,2011,War|Action|History,7.015,34,0.6737,ml
85438,Paranormal Xperience,2011,Horror,4.3,87,1.6477,es
59415,My Friends: Act IV – How It All Began,2011,Comedy,4.1,97,0.4951,it
65892,My Future Boyfriend,2011,Comedy|Romance|TV Movie,5.3,53,0.5203,en
224486,18 Days,2011,Drama,6.9,20,0.5118,ar
74641,Love in Space,2011,Comedy|Romance,5.0,15,0.535,zh
72524,1778 Stories of Me and My Wife,2011,Drama,6.4,13,0.445,ja
91052,18 Years Old and Rising,2011,Comedy|Drama|Romance,5.504,121,0.5378,fr
444839,You & Me,2011,Drama,5.357,14,0.3858,ja
82686,Jane's Journey,2011,Documentary,6.6,20,0.4269,en
76101,Freerunner,2011,Action,4.472,158,0.8386,en
63375,Generation P,2011,Comedy|Drama|Science Fiction,6.368,125,0.605,ru
28596,Silent But Deadly,2011,Comedy|Horror,3.8,21,0.4612,en
64288,Forks Over Knives,2011,Documentary,7.14,164,0.4821,en
127803,3 Times a Charm,2011,Comedy|Fantasy,5.4,23,0.5241,en
134078,Belmondo  itinéraire...,2011,Documentary,7.7,12,0.6059,fr
73585,My Father Is a Cleaning Lady,2011,Comedy|Drama,5.432,37,0.4076,fr
76013,No Rest for the Wicked,2011,Thriller,5.9,146,0.4504,es
59570,Escort in Love,2011,Comedy,6.156,643,0.6159,it
79579,An Elf's Story,2011,Family|Fantasy|Science Fiction|Animation,3.0,16,0.5303,en
66122,Low Cost,2011,Comedy,5.0,121,0.4186,fr
86718,7Aum Arivu,2011,Action|Science Fiction|Thriller,6.6,66,0.7377,ta
70808,Klitschko,2011,Documentary,6.811,61,0.5354,de
68697,Blind Spot,2011,Mystery|Thriller,4.5,13,0.5308,fr
77299,My Dad Baryshnikov,2011,Comedy|Drama,6.3,16,0.4404,ru
167670,Sergeant Slaughter  My Big Brother,2011,Drama,4.9,14,0.5534,en
250275,Getting That Girl,2011,Comedy|Romance,5.1,15,0.5289,en
76994,Box Office 3D: The Filmest of Films,2011,Comedy,2.9,251,0.5365,it
75301,Being Elmo: A Puppeteer's Journey,2011,Documentary,7.201,152,0.5472,en
50923,Dam 999,2011,Adventure|Action|Drama|Thriller|Science Fiction,3.6,17,0.4844,en
84170,Five Broken Cameras,2011,War|Documentary,7.5,101,0.4532,en
84942,The Watermen,2011,Horror|Thriller,3.513,38,0.5262,en
115376,No Surrender,2011,Drama|Thriller|TV Movie,4.7,13,0.4438,en
150065,Yelling To The Sky,2011,Drama,5.5,22,0.5796,en
74561,Amsterdam Heavy,2011,Action,3.717,23,0.6143,en
112161,6 Month Rule,2011,Comedy|Romance,4.9,12,0.4655,en
54486,Lilly the Witch: The Journey to Mandolan,2011,Family|Fantasy|Comedy|Mystery,5.8,35,0.6927,de
75463,Love for Life,2011,Drama|Romance,6.9,22,0.5061,zh
98932,The Eye of the Storm,2011,Drama,4.8,34,0.5948,en
116369,The Tragedy of Man,2011,Animation|Drama|History,7.4,27,0.638,hu
98870,Think of Me,2011,Drama,5.5,12,0.3578,en
96551,Beauty,2011,Drama|Thriller,5.779,34,0.4969,af
190681,The Piano Tuner,2011,Drama|Thriller,7.767,86,0.4483,fr
63143,Blank City,2011,Documentary,7.1,15,0.4916,en
96077,The Kunoichi: Ninja Girl,2011,Action|History,5.2,12,0.5136,ja
56761,Reagan,2011,Documentary,6.1,20,0.5753,en
75969,Men in the City 2,2011,Comedy,6.29,81,0.6762,de
73846,The Family Tree,2011,Drama|Comedy,5.0,49,0.6175,en
75191,Morlocks,2011,Horror|Science Fiction,5.0,21,1.8475,en
58043,My Piece of the Pie,2011,Drama|Comedy,5.697,195,0.4805,fr
243599,A Holiday Heist,2011,Comedy|Romance,4.364,11,0.4723,en
77186,Five Brides,2011,Comedy,6.0,22,0.7745,ru
121245,Bumblefuck  USA,2011,Drama,4.2,15,0.3114,en
63350,Father's Day,2011,Action|Comedy|Horror,5.4,102,0.5452,en
80254,Christmas with a Capital C,2011,Drama,4.9,19,0.4085,en
66767,Beat the World,2011,Music|Drama,5.25,56,0.6795,en
58492,POM Wonderful Presents: The Greatest Movie Ever Sold,2011,Comedy|Documentary,6.4,237,0.753,en
86983,Stockholm East,2011,Drama,5.4,28,1.265,sv
116532,Bloody Mary,2011,Horror,3.2,22,1.7689,en
70588,The Myth of the American Sleepover,2011,Romance|Comedy|Drama,6.1,124,0.6498,en
79345,Once There Was a Woman,2011,Drama,4.1,21,0.5679,ru
81527,Aurora,2011,Drama,5.6,40,0.5722,ro
82685,Division III: Football's Finest,2011,Comedy|Romance,3.938,40,0.4969,en
118984,33 Postcards,2011,Drama,5.5,20,0.5082,en
81857,Alps,2011,Drama,6.246,347,0.6537,el
78476,My Worst Nightmare,2011,Comedy,5.467,261,0.4773,fr
111118,The Big Fix,2011,Documentary,6.9,10,0.3446,en
65303,The Microchip,2011,Comedy|Action,4.0,12,0.4793,th
75157,Mausam,2011,Romance|Drama,5.645,38,0.5367,hi
79395,Ex 2: Still Friends,2011,Comedy,5.478,270,0.5499,it
78822,High School Debut,2011,Comedy|Romance,6.1,29,0.5874,ja
95385,Beast,2011,Drama|Thriller,4.8,13,1.55,da
81539,Good Morning  Killer,2011,Mystery|TV Movie|Thriller|Crime|Drama,4.9,13,0.396,en
61672,Titeuf,2011,Animation|Comedy|Drama|Romance,5.745,145,0.4731,fr
79733,Vysotsky: Thank You For Being Alive,2011,Drama,6.064,70,0.6715,ru
158955,Arabeem Ottakom P. Madhavan Nayarum in Oru Marubhoomi Kadha,2011,Drama|Comedy|Romance,6.0,14,0.4482,ml
82099,Holiday Engagement,2011,Comedy|Romance|TV Movie,5.869,107,0.6742,en
44008,The Victim,2011,Thriller|Action|Horror,4.8,59,0.7862,en
71900,Always Kabhi Kabhi,2011,Comedy|Crime|Drama|Romance,3.8,10,0.5405,hi
63686,Thor: Tales of Asgard,2011,Adventure|Animation|Action,6.3,187,0.4745,en
726391,Shrek: Once Upon a Time,2011,Documentary,7.5,10,0.5959,en
62149,Clash of Empires: The Battle for Asia,2011,Action|Adventure,4.7,25,0.6143,ms
95448,The Minister,2011,Drama,6.435,146,0.7083,fr
79582,Aliens vs Avatars,2011,Science Fiction|Horror|Thriller,3.057,35,0.4962,en
69270,Super Hybrid,2011,Horror,5.124,89,1.2904,en
71484,King Naresuan: Part 3,2011,History|Drama|Action|War,6.15,10,0.5743,th
56481,Beyond the Border,2011,Action|Drama|War,6.0,33,0.6124,sv
65953,Gun Hill Road,2011,Drama,5.7,24,0.5767,en
81298,Shadow Boxing 3. The Final Round,2011,Action|Drama,4.7,25,0.581,ru
130712,Leave It on the Floor,2011,Music|Drama|War,5.0,11,0.3219,en
137499,Foreverland,2011,Drama,6.2,22,1.2735,en
106294,My Last Round,2011,Drama,4.7,15,0.4137,es
77812,The Hike,2011,Horror,4.0,45,0.768,en
78478,You Don't Choose Your Family,2011,Comedy|Adventure,5.648,196,0.4766,fr
133466,Lee's Adventures,2011,Fantasy|Romance|Adventure,4.8,13,0.4561,zh
70736,A Bird of the Air,2011,Drama|Romance,6.633,30,0.4947,en
69854,Playing House,2011,Thriller,4.786,14,0.3918,en
82018,Darkening Sky,2011,Horror|Thriller|Science Fiction,4.5,10,0.3473,en
56339,Whatsoeverly,2011,Comedy,6.053,543,1.5477,it
84479,The Invader,2011,Drama,5.5,21,0.534,fr
118248,Night of the Living Carrots,2011,Animation|Comedy|Family,5.8,86,0.7435,en
210966,Fallen City,2011,Action|Drama,6.4,22,0.4712,zh
203101,High School of the Dead: Drifters of the Dead,2011,Comedy|Animation|Adventure|Horror,7.441,476,0.5143,ja
63661,Singam Puli,2011,Action,5.2,10,0.5252,ta
67619,Revenge of the Electric Car,2011,Documentary,7.238,42,0.5128,en
71628,Roadkill,2011,Horror|TV Movie,5.7,70,0.5362,en
380909,Detective Conan: The Mystery of the Legendary Monster Bird,2011,Mystery,5.1,13,0.5201,ja
53505,The Last Lions,2011,Documentary,7.2,72,0.7794,en
78555,Possessing Piper Rose,2011,Drama|TV Movie|Horror,4.9,14,0.5541,en
81416,Annie Claus Is Coming to Town,2011,TV Movie|Family|Fantasy|Comedy|Romance,6.3,40,0.5655,en
87311,Love's Everlasting Courage,2011,Drama|Romance|Western|Family|TV Movie,6.9,27,0.611,en
364989,SP: The Motion Picture II,2011,Action|Drama|Thriller,7.708,12,0.6181,ja
79850,Holidays by the Sea,2011,Comedy,4.3,17,0.6103,fr
82932,I Am,2011,Documentary,7.3,58,0.6001,en
83330,The Catechism Cataclysm,2011,Comedy,4.6,16,0.398,en
72049,Black Butterflies,2011,Drama|Romance,5.581,37,0.5258,nl
83583,The Chateau Meroux,2011,Drama|Comedy|Romance|TV Movie,5.39,50,0.6147,en
64655,Archipelago,2011,Drama,5.7,54,0.5597,en
77494,Mysteria,2011,Mystery|Drama,3.9,20,0.4777,en
74626,False Trail,2011,Crime|Thriller|Mystery,6.2,72,0.525,sv
72711,The Interrupters,2011,Documentary,6.8,54,0.4758,en
74877,Son of Morning,2011,Comedy|Drama,3.048,21,0.6313,en
79640,The One,2011,Comedy|Drama|Romance,5.5,20,0.5379,en
86728,Red Lips,2011,Drama|Comedy|Romance,5.2,19,0.3385,es
75745,Force,2011,Action|Crime|Drama|Thriller,6.6,48,0.4828,hi
85818,Pilla Zamindar,2011,Comedy|Drama,7.2,26,0.572,te
63006,Dum Maaro Dum,2011,Action|Crime|Thriller,5.6,34,0.4454,hi
65058,Conan O'Brien Can't Stop,2011,Documentary,6.54,126,0.4235,en
96944,Resistance,2011,War|Drama|Thriller,4.8,38,0.4817,en
87380,Absent,2011,Drama|Thriller,5.9,56,0.6053,es
80177,Mercenaries,2011,Drama|Action,4.3,31,0.6442,en
53776,Nobody Else But You,2011,Comedy|Crime|Mystery,6.25,108,0.5506,fr
80957,Pressed,2011,Crime|Thriller,4.817,30,0.4531,en
57510,Ethos,2011,Documentary,6.938,24,0.5492,en
59099,Hollywood & Wine,2011,Comedy|Thriller,3.4,15,1.3355,en
75862,The Great Ghost Rescue,2011,Family|Fantasy|Horror,4.8,24,0.6245,en
66841,Ragini MMS,2011,Drama|Horror|Mystery,4.632,38,0.5344,hi
92965,The Shore,2011,Drama|Comedy,6.0,24,0.5538,en
106629,Alfie  the Little Werewolf,2011,Family,5.5,18,0.6233,nl
79392,Night Fishing,2011,Drama,5.7,43,0.573,ko
68387,Bringing Ashley Home,2011,Drama|TV Movie,5.6,17,0.6734,en
66942,Griff the Invisible,2011,Romance|Comedy|Drama|Fantasy,5.7,105,0.5833,en
118988,Paranormal Incident,2011,Science Fiction|Horror,3.5,16,1.2309,en
80015,Hollywoo,2011,Comedy,5.359,607,0.6332,fr
83975,Atlantis: End of a World  Birth of a Legend,2011,Drama|History,5.984,32,0.689,en
74049,All the Time in the World,2011,Comedy|Drama|Romance,6.0,16,0.486,nl
77785,Madison County,2011,Horror|Mystery|Thriller,4.1,56,0.4567,en
185564,A Crush on You,2011,Romance|Comedy|TV Movie,5.7,30,0.4522,en
74848,Chez Gino,2011,Comedy,4.4,17,0.44,fr
82448,Simon & the Oaks,2011,Drama|History|War,6.4,56,0.686,sv
71033,The Orphan Killer,2011,Horror|Thriller,3.8,38,0.4801,en
57889,The Best Movie 3-DE,2011,Comedy,3.697,33,0.4634,ru
52536,Touching Wild Horses,2011,Drama|Family,5.273,11,0.3657,en
74795,Voir la Mer,2011,Comedy|Drama,5.4,26,0.4771,fr
64091,Flesh Wounds,2011,Action|Thriller|Science Fiction,2.6,18,1.5485,en
64622,Hidden 3D,2011,Horror|Thriller,3.4,58,0.6193,en
82655,The Oregonian,2011,Horror|Thriller|Mystery,5.8,31,0.5528,en
115264,UN-GO episode:0 INGA-RON,2011,Animation|Mystery|Fantasy,6.6,17,0.5525,ja
59439,Natural Selection,2011,Comedy|Drama|Adventure,6.2,33,0.4326,en
75896,Rascals,2011,Comedy,3.741,27,0.4966,hi
61998,The PyraMMMid,2011,Drama|Crime|Mystery,5.739,46,0.5548,ru
77471,Rebounce,2011,Drama,4.4,12,0.3755,da
89261,The Perfect Stranger,2011,Comedy|Drama,5.8,15,0.4652,es
272431,Ashamed,2011,Drama,4.4,17,0.4797,ko
74505,Lovely Molly,2011,Horror|Thriller,5.081,248,0.4485,en
69785,Shaitan,2011,Action|Crime|Drama|Thriller,6.25,50,0.4714,hi
68878,The Zombie Diaries 2,2011,Horror|Action,4.8,68,0.6731,en
80539,Panjaa,2011,Action,5.7,19,0.6799,te
71428,GAGA Live at Sydney Monster Hall,2011,Music,6.7,12,0.4224,en
70877,Inside Out,2011,Crime|Action,4.619,42,0.6285,en
86377,Hut in the Woods,2011,Drama,7.0,26,0.449,de
62428,March of the Dinosaurs,2011,Documentary|Animation|Drama,5.9,20,0.5294,en
67760,Kylie Minogue: Aphrodite Les Folies - Live in London,2011,Music,8.233,15,0.2994,en
246252,The Strange Ones,2011,Drama|Mystery,6.9,19,0.4051,en
56901,Yeh Saali Zindagi,2011,Thriller,5.729,24,0.4042,hi
78045,Westwind,2011,Drama|Comedy|Romance,6.2,19,0.5275,de
76999,Wedding in Paris,2011,Comedy,4.6,175,0.5417,it
83801,Guilty,2011,Drama|Crime,7.151,116,0.5679,fr
79997,80 Million,2011,Action|Drama|History,5.7,28,0.4195,pl
52688,November Christmas,2011,TV Movie|Drama,7.5,40,1.4786,en
142533,Dangerously Excited,2011,Music|Comedy,6.3,10,0.5494,ko
307381,From Iran  a Separation,2011,Documentary,8.583,12,0.6651,fa
109233,Keeping Up with the Randalls,2011,TV Movie|Comedy|Romance,6.462,13,0.3764,en
77269,Urbanized,2011,Documentary,7.339,84,0.3919,en
87178,The Whisperer in Darkness,2011,Horror|Mystery|Science Fiction|Thriller,6.4,111,0.4182,en
79597,Jump Ashin!,2011,Drama,6.7,27,0.4523,zh
79016,Homevideo,2011,Drama,6.6,44,1.256,de
77068,War of the Dead,2011,Horror|Action|Adventure,4.2,73,0.3429,en
106984,Summer Window,2011,Drama|Romance,5.1,21,0.37,de
169453,Our Last Weekend,2011,Thriller|Comedy|Science Fiction|Horror,5.607,14,0.4175,es
81182,Lost Christmas,2011,Drama,6.8,41,0.4976,en
289097,Cell 213,2011,Horror,5.1,75,0.5813,en
75562,Shun Li and the Poet,2011,Drama,6.993,71,0.4688,it
79089,Assassin's Creed: Embers,2011,Animation,7.041,121,0.6384,en
79557,Freddy Frogface,2011,Comedy|Animation|Family,6.6,51,0.5874,da
75945,The Other Family,2011,Drama,6.2,24,0.3885,es
75712,Isenhart: The Hunt Is on for Your Soul,2011,TV Movie|Thriller|Adventure|Fantasy,6.9,27,0.4812,de
81626,The Dish & the Spoon,2011,Drama|Romance,5.3,33,0.4499,en
138860,Sword of Blood,2011,Horror|Action,5.0,12,0.4374,ja
75491,The Rabbi's Cat,2011,Comedy|Animation,7.034,189,0.5874,fr
82707,1313: Wicked Stepbrother,2011,Horror|Thriller,2.9,11,0.4863,en
132189,Adaminte Makan Abu,2011,Drama,6.5,14,0.578,ml
77067,DeadHeads,2011,Adventure|Comedy|Horror,5.073,109,0.4733,en
79728,Nicostratos the Pelican,2011,Comedy|Drama,6.5,57,0.5263,fr
108354,The Hunt for the I-5 Killer,2011,TV Movie|Action|Thriller,6.3,23,0.4755,en
83930,Dawn of the Dragonslayer,2011,Adventure|Fantasy|Action,4.5,37,0.4827,en
80122,Captain Thunder,2011,Adventure|Action,4.202,42,0.4048,es
72766,Newlyweds,2011,Comedy|Romance|Drama,5.9,17,0.4903,en
108235,Finding a Family,2011,Drama|Family|TV Movie,6.5,15,0.4388,en
263854,My Left Hand Man,2011,Crime|Drama,6.3,21,0.4421,en
63654,Ko,2011,Action|Thriller,7.246,59,0.5728,ta
94331,Fightville,2011,Documentary,6.0,15,0.4261,en
63171,Glenn  the Flying Robot,2011,Science Fiction|Fantasy,4.2,13,0.4119,en
67655,Bloodlust Zombies,2011,Horror|Comedy,3.8,27,0.4735,en
62613,The Smell of Success,2011,Comedy,5.6,25,0.4265,en
202885,Tokyo Park,2011,Drama,6.2,14,0.6975,ja
85743,Play,2011,Drama|Crime,6.807,137,0.5347,sv
202208,The Silence of Pelešjan,2011,Documentary,5.8,11,0.5451,it
118002,Aïcha : La grande débrouille,2011,Comedy|Drama|TV Movie,6.2,10,0.5128,fr
76808,The Heineken Kidnapping,2011,Thriller|Crime|Drama,6.086,70,0.4194,nl
91690,The Snows of Kilimanjaro,2011,Drama,6.7,130,0.4767,fr
81708,My Grandfather's People,2011,Comedy|Family|Drama|History,7.4,72,0.4723,tr
64835,Corpo Celeste,2011,Drama,6.853,102,0.4445,it
74075,Don't call it love... call it x,2011,Comedy,5.361,36,0.4367,es
165477,Whole Lotta Sole,2011,Comedy|Drama,5.36,68,0.4364,en
86712,Kandireega,2011,Romance|Comedy|Drama,4.3,13,0.4082,te
83456,What Men Still Talk About,2011,Romance|Comedy,6.392,106,0.6451,ru
100200,The Invisible Girl,2011,Drama|Crime|TV Movie,5.9,27,0.4308,de
85457,Kathmandu Lullaby,2011,Romance|Drama,6.1,29,0.4059,es
54897,The Grace Card,2011,Drama,7.3,53,0.5252,en
70386,The Devil's Rock,2011,Fantasy|Horror|Thriller|War,5.605,129,0.4855,en
84227,Carré Blanc,2011,Drama,6.3,13,0.4765,fr
61542,Funkytown,2011,Drama|Music,5.3,32,0.4761,en
137871,Let My People Go !,2011,Comedy,5.0,21,0.4911,fr
96494,The Bomber,2011,Action|War|Drama|Romance,5.6,16,0.3899,ru
157107,Mafia,2011,Action|Crime,4.2,24,0.3824,en
64853,Fertile Ground,2011,Horror,4.3,71,0.5486,en
72551,Footnote,2011,Comedy,7.0,75,0.4589,he
142118,The Storage,2011,Comedy,5.4,17,0.4781,fi
89593,Jerusalem Countdown,2011,Action|Drama|Thriller,4.5,24,0.5166,en
82530,The Pig Who Cried Werewolf,2011,Animation|Comedy|Horror,6.103,78,0.531,en
81779,The Opposite of Love,2011,Comedy|Romance,5.4,58,0.464,es
68200,Hot Coffee,2011,Documentary,7.2,66,0.4404,en
85729,Moy paren - angel,2011,Comedy|Romance|Fantasy|Adventure,6.3,24,0.3894,ru
81694,Suing The Devil,2011,Drama|Thriller|Fantasy,4.0,44,0.4822,en
96534,My Last Day Without You,2011,Music|Romance,5.3,20,0.4004,de
85989,Worst. Prom. Ever.,2011,Comedy|TV Movie,6.2,11,0.3888,en
93265,Emilie Jolie,2011,Animation,6.9,13,0.353,fr
91926,Crawl,2011,Crime|Thriller,5.1,35,0.4766,en
73943,388 Arletta Avenue,2011,Thriller|Horror,5.1,55,0.4878,en
143928,Hellgate,2011,Horror|Thriller,4.827,26,0.5881,en
61901,The Prodigies,2011,Science Fiction|Animation,6.013,117,0.5062,fr
116898,Another Man's Wife,2011,Thriller|Mystery|TV Movie,7.071,14,0.486,en
122466,Sick Boy,2011,Horror|Thriller,3.932,22,0.5744,en
99119,Our Paradise,2011,Drama,5.961,38,0.4449,fr
61488,Foo Fighters: Back and Forth,2011,Documentary|Music,7.6,120,0.4827,en
57829,The Mill and the Cross,2011,Drama|History,6.3,111,0.3529,pl
91930,The Perfect Family,2011,Comedy|Drama,4.481,26,0.5966,en
83735,Angel Dog,2011,Drama|Family,6.1,29,1.6016,en
82745,We're Together,2011,Drama,4.8,12,0.3663,pt
263003,Return Ticket,2011,Drama,6.767,15,0.4368,zh
554920,Los verduleros 4,2011,Comedy|Action,6.7,29,0.4679,es
80277,Maktub,2011,Comedy|Family,7.661,56,0.6255,es
79388,Gypsy,2011,Drama,4.8,14,0.2704,sk
91083,A Reason to Live,2011,Drama,7.0,10,0.5675,ko
63142,Silver Tongues,2011,Drama|Thriller|Romance,6.194,18,0.4579,en
79255,The Mortician,2011,Thriller|Drama,5.1,30,0.5261,en
65652,Eternal Moment,2011,Romance|Drama,5.5,24,0.4626,zh
68256,Stanley Ka Dabba,2011,Comedy|Family,7.067,52,0.4123,hi
65186,Forget Me Not,2011,Drama|Romance,5.4,27,0.3728,en
88627,365 Days of Happiness,2011,Drama|Romance|Comedy,5.7,17,0.4856,ar
106493,History of the World in Two Hours,2011,Documentary,6.1,39,0.4737,en
87587,The Pill,2011,Comedy|Drama|Romance,5.398,93,0.4927,en
79919,Harvest,2011,Drama|Romance,6.114,44,0.3481,de
69803,Mayor Cupcake,2011,Comedy|Family,5.35,20,0.4607,en
276024,Takumi-kun Series: That  Sunny Blue Sky,2011,Romance,5.1,10,0.6998,ja
65521,Pyaar Ka Punchnama,2011,Drama|Comedy|Romance,6.758,97,0.4802,hi
96933,Me Again,2011,Comedy|Fantasy|Drama,4.9,12,0.4684,en
58194,White Irish Drinkers,2011,Drama|Thriller,5.7,34,0.4838,en
70071,The Space Between,2011,Drama,6.6,17,0.5149,en
63326,The Perfect Student,2011,TV Movie|Crime|Mystery|Thriller,5.0,18,0.4868,en
81899,Trek Nation,2011,Documentary,7.1,23,0.4752,en
79987,Christmas Lodge,2011,Drama|Family|TV Movie|Romance|Fantasy,5.3,58,0.4356,en
220980,Christmas Comes Home to Canaan,2011,Drama|Family|TV Movie,5.4,26,0.5276,en
76609,Rebellion,2011,Drama|Action|History,6.7,112,0.4849,fr
79711,Amigos...,2011,Drama|Comedy,5.333,21,0.5032,es
88573,Headshot,2011,Drama|Thriller|Crime,6.2,50,0.4441,th
73962,Mother Is a Whore,2011,Drama,6.8,11,0.405,ko
86507,The Year Dolly Parton Was My Mom,2011,Drama,6.6,13,0.4185,en
85348,Walk a Mile in My Pradas,2011,Comedy|Fantasy|Romance,4.167,18,0.297,en
129853,Flamingo Pride,2011,Animation,5.1,12,0.2801,de
70067,Bol,2011,Drama,7.3,34,0.3772,ur
85317,Six Degrees of Celebration 2,2011,Comedy|Romance,6.587,92,0.4244,ru
86707,Silence,2011,Drama|War,4.8,14,0.43,fi
82620,Undefeated,2011,Documentary,7.4,85,0.4743,en
79906,Occupant,2011,Horror|Thriller,5.4,30,0.4471,en
68016,Aadukalam,2011,Action|Drama|Thriller,7.773,55,0.6372,ta
78088,Earthling,2011,Drama|Action|Thriller|Science Fiction,3.639,18,0.4383,en
246115,Love Is All You Need?,2011,Drama|Romance,4.7,28,0.3944,en
73077,Things from Another World,2011,Comedy|Fantasy,5.3,66,0.4375,it
77479,Penny's Shadow,2011,Family|Drama|Romance,5.3,17,0.4103,nl
54100,The Off Hours,2011,Drama,5.2,17,0.445,en
79752,The Dream of Ivan,2011,Family|Comedy,5.643,21,0.3278,es
72441,Night Market Hero,2011,Drama,5.429,14,0.6139,zh
85056,Vacanze di Natale a Cortina,2011,Comedy,4.9,293,0.5183,it
69774,Bbuddah Hoga Terra Baap,2011,Action|Thriller,5.0,36,0.5699,hi
79825,Falling Overnight,2011,Drama|Romance,5.8,12,0.5581,en
78093,Alyce Kills,2011,Horror|Thriller,5.2,111,0.5773,en
80007,The Mole,2011,Thriller,6.68,25,0.4178,pl
58723,Kaavalan,2011,Drama|Family|Romance,5.651,43,0.5019,ta
88424,Sexual Witchcraft,2011,Comedy|Fantasy|Horror,4.0,16,0.5362,en
204973,Venom,2011,Thriller|Horror,5.0,24,0.4621,en
155706,The Speak,2011,Horror,3.4,16,0.4077,en
86916,Wetlands,2011,Drama,5.9,12,0.5528,fr
103386,Bibo and Beshir,2011,Romance|Comedy,7.0,14,0.3135,ar
99508,Louise Wimmer,2011,Drama,6.1,30,0.4069,fr
83278,Isabelle,2011,Thriller|Drama|Mystery,4.5,19,1.4824,nl
65910,The Secret of the Ark,2011,Thriller,6.5,10,0.5064,de
217292,Honeymoon for One,2011,Romance|TV Movie|Comedy,6.0,22,0.4397,en
81660,The Selling,2011,Comedy,6.1,24,0.3154,en
67762,The Great Bear,2011,Adventure|Animation|Family|Fantasy,6.3,46,0.4471,da
100057,American Animal,2011,Comedy|Drama,4.5,18,0.348,en
137475,3 Holiday Tails,2011,Family|Comedy|Romance,5.2,36,0.6594,en
83097,Research in the Interest of Families,2011,Thriller|Crime,5.849,53,0.4798,fr
75827,Entanglement,2011,Crime|Thriller,5.9,19,0.4204,pl
54639,Yamla Pagla Deewana,2011,Music|Action|Comedy|Drama|Romance,5.4,41,0.3539,hi
82466,Chop,2011,Comedy|Horror|Thriller,5.2,37,0.3807,en
71830,The Adventures of Philibert  Captain Virgin,2011,Romance|Comedy|Adventure,5.429,35,0.4621,fr
52171,Die Superbullen,2011,Comedy,4.448,29,0.3577,de
68047,Los Marziano,2011,Drama|Comedy|Family,5.5,14,0.2557,es
69959,Serengeti,2011,Documentary,6.9,13,1.2844,de
89941,Lovesick,2011,Romance|Comedy,4.0,15,0.4139,zh
83658,Mozzarella Stories,2011,Comedy|Crime|Thriller|Action,6.0,20,0.5108,it
102534,The Good Son,2011,Drama,4.643,14,0.3472,fi
147698,Crulic: The Path to Beyond,2011,Animation|Documentary,7.154,13,0.3635,ro
98162,The Painting,2011,Fantasy|Animation,6.997,178,0.5221,fr
79378,Debtocracy,2011,Documentary,6.26,25,0.5176,el
82951,Champ,2011,Drama,6.8,10,0.3889,ko
100270,Game of Werewolves,2011,Comedy|Horror,5.9,74,0.4232,es
83388,American Translation,2011,Drama|Mystery,5.871,35,0.5402,fr
149524,Two & Two,2011,Drama,7.3,25,0.3252,fa
76800,The Last Rites of Joe May,2011,Drama,5.7,16,0.3985,en
111109,Century of Birthing,2011,Drama,7.656,16,0.2455,tl
73132,If Not Us  Who?,2011,Drama,5.6,35,0.3935,de
85546,A Better Life,2011,Drama,6.333,126,0.4006,fr
137339,4 Wedding Planners,2011,Comedy,4.1,10,0.6451,en
82136,This Is Not a Movie,2011,Drama|Comedy|Science Fiction,4.6,22,0.5212,en
70949,My Wedding and Other Secrets,2011,Romance|Comedy|Drama,4.4,11,0.4817,en
63377,Teen Maar,2011,Drama,3.7,11,0.4151,te
124733,Masks,2011,Horror|Thriller|Mystery,5.608,37,0.3681,de
85133,Zombie Apocalypse: Redemption,2011,Action|Horror,3.6,14,0.4224,en
99220,Alien Opponent,2011,Action|Comedy|Science Fiction,4.2,18,0.4392,en
315276,Tabu - Es ist die Seele ein Fremdes auf Erden,2011,Drama,5.5,10,0.3575,de
69508,Mappillai,2011,Action|Comedy,4.4,20,0.4891,ta
214622,Snehaveedu,2011,Drama|Family,5.7,13,0.6864,ml
70757,Alive and Ticking,2011,Comedy|Drama|Family,6.4,52,0.4413,de
53569,No One Killed Jessica,2011,Crime|Drama,6.858,88,0.4448,hi
120798,The Hot Potato,2011,Comedy|Crime,6.1,20,0.3934,en
83473,7 Nights Of Darkness,2011,Horror,4.0,30,0.4406,en
92662,The Hollywood Complex,2011,Documentary|Comedy|Family,6.9,11,0.479,en
92850,Nightmare Factory,2011,Documentary,7.2,23,0.4086,en
120370,Three Inches,2011,Drama|Action|Science Fiction,5.2,15,0.411,en
114286,Memories of My Melancholy Whores,2011,Drama|Romance,6.4,58,0.5314,es
77458,When Pigs Have Wings,2011,Comedy,6.9,108,0.3982,ar
94820,The Flying Machine 3D,2011,Animation|Adventure|Family|Fantasy|Drama,5.3,16,0.378,en
101501,The Afflicted,2011,Horror|Thriller,4.5,34,0.3774,en
71285,Super Eruption,2011,Science Fiction|TV Movie,5.9,52,1.4645,en
60897,Happiness Is a Warm Blanket  Charlie Brown,2011,Animation|Comedy|Family,7.1,67,0.5483,en
465743,Captain Planet with Don Cheadle,2011,Comedy|Horror|Fantasy,5.75,12,0.3794,en
83727,The Theatre Bizarre,2011,Horror,5.3,115,0.3794,en
61346,Pathfinders: In the Company of Strangers,2011,War|Action|History,4.3,34,0.6664,en
82662,The Entrepreneur,2011,Drama,5.3,37,1.1819,it
60189,Lovey-Dovey 3,2011,Comedy|Fantasy,4.4,27,0.4518,ru
85452,Chrysalis,2011,Drama,6.9,19,0.4743,es
76451,Come As You Are,2011,Drama|Comedy,6.841,176,0.4268,nl
85529,Junkhearts,2011,Drama,4.6,16,0.3566,en
82624,The Forgiveness of Blood,2011,Drama,6.598,46,0.3549,en
89524,The Love Patient,2011,Drama|Comedy|Romance,4.7,17,0.4497,en
83732,Bombay Beach,2011,Documentary|Drama,6.4,19,1.4085,en
80153,Code 37,2011,Drama,6.8,18,0.3369,nl
80212,Make Up,2011,Fantasy|Drama|Mystery,3.9,14,0.2698,zh
166161,Jacob,2011,Horror,4.1,19,0.4013,en
86274,Hunky Dory,2011,Music|Comedy,6.0,37,0.3425,en
85445,Year of Grace,2011,Comedy,5.7,13,0.3661,ca
92967,Raju,2011,Drama|Family,6.3,11,1.4177,de
73872,Terraferma,2011,Drama,6.662,102,0.4926,it
151661,Pranayam,2011,Romance|Drama,7.2,16,0.3244,ml
108646,Blowfish,2011,Romance|Drama,4.8,12,0.3755,zh
81633,Hospitalité,2011,Comedy|Drama,5.9,41,0.3864,ja
59951,Jack Falls,2011,Crime,4.7,28,0.3406,en
75576,Answers to Nothing,2011,Drama|Thriller|Mystery,3.8,22,0.5065,en
117124,Mermaids: The Body Found,2011,Science Fiction,4.8,24,0.44,en
77322,The Orator,2011,Drama,7.0,11,0.4322,sm
79643,Anche se è amore non si vede,2011,Comedy,6.3,373,0.4741,it
85179,Beirut Hotel,2011,Romance|Drama,4.8,10,0.5986,fr
397074,My Name Is Bernadette,2011,Drama,7.4,23,0.3769,fr
75633,Welcome to 'All Saints,2011,Comedy,5.962,13,0.3301,el
105439,Falling far Marrakech,2011,TV Movie|Romance|Family,4.8,12,0.3533,de
196967,Empty Sky,2011,Drama|Romance,4.9,13,0.2473,en
68450,The Art of Flight,2011,Adventure|Documentary,7.823,164,0.3904,en
94532,Reel Love,2011,Drama|Comedy|Romance|TV Movie,5.667,15,0.4092,en
63339,The Murder at Road Hill House,2011,Drama|Mystery|TV Movie|Crime,6.154,52,0.4548,en
71905,Superheroes,2011,Documentary,6.5,41,0.4266,en
79995,Late Bloomers,2011,Drama|Comedy|Romance,5.2,20,0.4691,en
75438,Beremennyy,2011,Comedy,2.8,26,0.3872,ru
72390,Resturlaub,2011,Comedy|Romance,4.892,37,0.3245,de
105315,City of God,2011,Crime|Thriller,7.0,21,0.3671,ml
107315,Below Zero,2011,Horror|Thriller,5.114,35,0.4213,en
87147,Lost in Paradise,2011,Drama,5.1,14,0.4138,vi
84924,Deadtime Stories 2,2011,Horror,3.4,25,0.3551,en
60950,Scream of the Banshee,2011,Horror|TV Movie,4.8,102,0.4474,en
63634,Velayudham,2011,Action,5.2,50,0.4038,ta
230622,Rain Town,2011,Animation|Drama,6.6,36,0.3802,ja
81557,Behzat Ç.: I Buried You in My Heart,2011,Drama|Action|Crime,6.842,57,0.3254,tr
61341,Ferocious Planet,2011,Adventure|Action|Thriller|Science Fiction,4.445,55,0.5234,en
83103,Labyrinth,2011,Drama|Action,6.6,22,0.34,tr
144712,Cancel Christmas,2011,Family|Fantasy|TV Movie,5.2,15,0.3395,en
76346,The Ballad of Nessie,2011,Animation|Family|Fantasy,6.7,121,0.5552,en
76164,Bong of the Dead,2011,Action|Comedy|Horror,3.4,19,0.299,en
72054,All for One,2011,Comedy,6.0,34,0.43,da
280960,Catarina and the others,2011,Drama|Mystery,4.6,91,0.4549,pt
75720,One Life,2011,Documentary|Family,7.5,86,0.3322,en
110949,The Silver Cliff,2011,Drama,5.5,15,0.3531,pt
110677,Busty Coeds vs. Lusty Cheerleaders,2011,Comedy,5.4,10,0.4927,en
80670,Siberia  Monamour,2011,Drama,6.864,44,0.3174,ru
54293,Zeitgeist: Moving Forward,2011,Documentary,7.052,233,0.4267,en
79723,New Kids Nitro,2011,Action|Comedy,6.062,209,0.4101,nl
76531,Christian Brothers,2011,Action|Drama,4.8,16,0.3668,ml
102256,Marianne: The Ghost Inside,2011,Mystery|Drama|Fantasy|Horror|Thriller,4.7,10,0.4595,sv
239650,Tyler Perry's A Madea Christmas - The Play,2011,Comedy,6.7,31,0.4164,en
81022,Widows,2011,Drama,5.6,23,0.3074,es
60650,Tous les soleils,2011,Comedy,6.7,60,0.3695,fr
81707,The Wise Kids,2011,Drama,5.9,43,0.3729,en
83865,Ivan Tsarevich & the Grey Wolf,2011,Animation|Family,6.1,67,0.5859,ru
89883,Stuck Between Stations,2011,Drama|Romance|Comedy,6.5,25,0.3292,en
123928,Gettysburg,2011,Documentary|History|War,5.8,12,0.5499,en
60977,The Pee-wee Herman Show on Broadway,2011,Comedy,6.574,27,0.3943,en
73210,Help  We Are Graduating!,2011,Comedy,3.5,12,0.2915,no
77952,When the Night,2011,Drama|Romance,5.6,41,0.27,it
54517,Jungle Child,2011,Adventure|Drama,7.1,52,0.459,de
76360,6 Days to Air: The Making of South Park,2011,Documentary|TV Movie|Comedy,7.559,143,0.4781,en
78299,Não Se Preocupe  Nada Vai Dar Certo!,2011,Comedy,5.7,15,0.2793,pt
84172,The Ambassador,2011,Documentary|History,6.659,63,0.3484,en
76201,Red Eagle: The Movie,2011,Action|Adventure|Drama|History,4.7,30,0.4077,es
81421,Lucky Christmas,2011,Family|Drama|Romance|TV Movie,5.695,41,0.4651,en
79628,TT3D: Closer to the Edge,2011,Documentary,7.559,128,0.3805,en
77460,Beur sur la ville,2011,Comedy,4.2,111,0.3678,fr
170792,I Am Nancy,2011,Documentary|Horror,6.4,14,0.2623,en
74929,Big Fat Gypsy Gangster,2011,Comedy|Crime,3.2,15,0.3435,en
122140,Mama Africa,2011,Drama|Documentary,5.6,15,0.3423,en
87328,Sümela'nın Şifresi: Temel,2011,Comedy,3.433,30,0.3889,tr
70845,There's Something Wrong with Aunt Diane,2011,Documentary,6.62,104,0.4862,en
70059,Wolf Town,2011,Horror|Action|Thriller,3.6,27,0.42,en
85444,Wrinkles,2011,Animation|Drama|Comedy,7.596,140,0.5747,es
105661,There Is No Sexual Rapport,2011,Documentary,4.4,17,0.3295,fr
94336,Dreileben: Beats Being Dead,2011,Drama,6.2,18,0.356,de
73099,August,2011,Drama,4.5,15,0.5004,fi
85312,Making the Boys,2011,Documentary,4.7,10,0.2821,en
99506,Gamer,2011,Drama,4.6,11,0.5304,ru
328024,XXX!,2011,Unknown,4.6,12,0.3639,en
179366,The Body Farm,2011,Unknown,6.8,11,0.2822,en
93087,Paul Williams Still Alive,2011,Music|Documentary,6.8,23,0.3472,en
222544,Children of the Revolution,2011,Documentary,6.7,10,0.3468,en
85547,The First Man,2011,Drama,6.5,39,0.5014,fr
70768,Sleeping Sickness,2011,Drama,6.4,15,0.3847,de
79574,Behind the Walls,2011,Thriller|Drama|Horror|Mystery,4.771,24,0.4772,fr
92108,Man  Chicks Are Just Different,2011,Comedy|Drama,5.456,34,0.3255,pl
81556,The Foster Boy,2011,Drama,7.1,46,0.4575,de
283353,Desire Street,2011,Drama|Comedy,6.2,10,0.3871,en
57211,Magic Trip: Ken Kesey's Search for a Kool Place,2011,Documentary|Music,6.9,27,0.484,en
148526,Forced To Fight,2011,Thriller|Action,4.7,19,0.3432,en
77586,The Hagstone Demon,2011,Horror|Drama,5.3,16,0.2246,en
72560,Federal Bank Heist,2011,Crime|Drama|Thriller,6.367,147,0.312,pt
78309,Answer This!,2011,Comedy|Romance,4.3,22,0.4582,en
74394,The Holding,2011,Thriller,5.4,31,0.4584,en
76784,All Stars 2: Old Stars,2011,Comedy|Drama,6.0,30,0.3839,nl
57207,Kiss through the Wall,2011,Comedy|Romance|Drama,4.5,13,0.3721,ru
145361,If You Die  I'll Kill You,2011,Drama|Comedy,6.0,12,0.3758,fr
98627,And Baby Will Fall,2011,Thriller|Drama,6.3,19,0.453,en
96770,Control Tower,2011,Drama|Romance|Music,6.8,11,0.4557,ja
61719,Midway to Heaven,2011,Romance|Comedy|Family,6.208,12,0.4014,en
85340,A One-Way Trip to Antibes,2011,Drama,5.7,10,0.448,sv
79554,Jess + Moss,2011,Drama|Romance,6.3,26,0.4198,en
78847,Osthe,2011,Action|Comedy|Drama|Romance,4.0,11,0.2784,ta
77864,That Girl in Yellow Boots,2011,Crime|Drama|Mystery|Thriller,5.739,46,0.3862,hi
76750,Holy Flying Circus,2011,TV Movie|Comedy|Drama,6.3,36,0.507,en
129611,A Little Closer,2011,Drama,5.4,19,0.2344,en
84558,Stormhouse,2011,Thriller|Horror,3.484,32,1.4723,en
102792,Night Vision,2011,Thriller,3.0,12,0.2887,en
75329,Dimensions,2011,Drama|Science Fiction,4.6,22,0.3154,en
87955,Loafing and Camouflage: Sirens at Land,2011,Comedy,4.7,16,0.3968,el
80169,Thrive: What on Earth Will it Take?,2011,Documentary,5.8,39,0.3417,en
112016,Deadly Sibling Rivalry,2011,TV Movie|Mystery|Thriller,5.4,19,0.4191,en
83573,Happy End,2011,Drama,5.2,15,1.3465,sv
77000,Bar Sport,2011,Comedy,5.008,238,0.3792,it
558432,The Recorder Exam,2011,Drama,7.1,35,0.4414,ko
278753,Angel's Friends - Between Dream and Reality,2011,Romance|Animation|Family|Fantasy|Comedy,8.3,15,0.3714,it
77884,Silver Bullets,2011,Horror,4.1,22,0.2818,en
72845,The Man Nobody Knew: In Search of My Father  CIA Spymaster William Colby,2011,Drama|Documentary|History,6.3,12,0.3323,en
372197,Swallowed Souls: The Making of 'Evil Dead 2',2011,Documentary,7.2,12,0.3389,en
63378,100% Love,2011,Comedy|Drama|Romance,6.176,37,0.4944,te
65518,Avan Ivan,2011,Action|Thriller,5.8,22,0.3888,ta
103972,Out of Bounds,2011,Drama,5.933,15,0.3534,da
79749,Five Square Meters,2011,Drama,5.824,17,0.338,es
56647,Cousinhood,2011,Comedy,6.626,183,0.3457,es
96001,Hard Labor,2011,Drama|Horror|Mystery,6.359,46,0.2823,pt
142410,Room 205 of Fear,2011,Drama|Horror,4.8,32,0.3284,de
76175,Hotel Lux,2011,Comedy|Drama,5.819,47,0.3943,de
94265,The Summer of Massacre,2011,Horror,2.2,11,0.2134,en
81420,Christmas Magic,2011,TV Movie|Family|Fantasy,6.4,45,0.3392,en
75000,The Black Power Mixtape 1967-1975,2011,Documentary|History,7.57,43,0.3609,en
79172,Surviving Progress,2011,Documentary,7.383,47,0.317,en
76976,Mayakkam Enna,2011,Drama|Family,6.712,26,0.5577,ta
80583,Alien Armageddon,2011,Science Fiction,2.6,26,0.336,en
91515,Wild Life,2011,Animation|Western|Fantasy,5.761,23,0.3633,en
56909,The Immature,2011,Comedy,6.202,809,0.4162,it
750145,Qwerty,2011,Comedy,5.7,159,0.49,en
80664,Tim Minchin and the Heritage Orchestra,2011,Comedy|Music,7.3,13,0.3795,en
61134,Atacama's 33,2011,Drama,7.97,115,0.3995,es
84914,We 3,2011,Drama,5.2,21,0.3176,pt
70692,Taken from Me: The Tiffany Rubin Story,2011,Drama|TV Movie,6.741,27,0.4212,en
98612,Above Us Only Sky,2011,Drama,6.121,29,0.5408,de
79201,God Bless Ozzy Osbourne,2011,Documentary|Music,7.851,47,0.3274,en
116272,What Happens Next,2011,Drama|Comedy|Romance,4.7,27,0.5589,en
134769,Honey PuPu,2011,Drama,4.6,13,0.4227,zh
55244,Bill Cunningham New York,2011,Documentary,7.6,97,0.3101,en
73770,What a Man,2011,Comedy|Romance,5.309,131,0.6283,de
87408,Goodbye,2011,Drama,6.3,15,0.3102,fa
76922,Wasteland,2011,Science Fiction|Adventure,2.885,13,0.4338,en
79144,Lena,2011,Drama,5.4,18,0.429,nl
78463,My Best Enemy,2011,Comedy|Drama,5.8,31,0.3732,de
166060,The Baron,2011,Drama|Mystery|Horror,6.7,12,0.2788,pt
125205,The House,2011,Drama|Family,5.1,28,0.3254,sk
58518,La vita facile,2011,Comedy|Romance,6.2,114,0.4869,it
85768,Greetings to the Devil,2011,Action|Thriller|Drama|Crime,5.3,23,0.5023,es
93529,My Friend Rashed,2011,War|Drama,6.8,21,0.36,bn
71326,Bunnyman,2011,Horror,4.5,67,0.3462,en
70425,Hit Man Returns - David Foster & Friends,2011,Music,6.6,56,0.3463,en
63683,Luv Ka The End,2011,Comedy|Drama,4.9,17,0.4227,hi
194952,Friend Request Pending,2011,Comedy|Drama,7.7,18,0.4789,en
166902,Bad Meat,2011,Horror|Comedy,4.3,41,0.4682,en
58494,Daniel Tosh: Happy Thoughts,2011,Comedy|Documentary|TV Movie,6.825,40,0.3693,en
80468,Some Guy Who Kills People,2011,Horror|Thriller|Comedy,6.057,114,0.3536,en
194962,Arjunan Saakshi,2011,Crime|Mystery|Thriller,6.0,11,0.2639,ml
117098,Cloudburst,2011,Drama|Comedy|Romance,6.342,57,0.3849,en
179362,Seniors,2011,Comedy|Mystery,6.2,16,0.5283,ml
101730,Henge,2011,Horror,4.7,15,0.3029,ja
85993,Baciato dalla fortuna,2011,Comedy,4.9,167,0.3063,en
79934,The Clown,2011,Comedy|Drama,7.2,188,0.2297,pt
70839,Promising the Moon,2011,Drama,5.6,13,0.3723,de
102969,Headwinds,2011,Drama|Mystery,5.76,125,0.29,fr
70807,Eine Insel namens Udo,2011,Comedy|Romance,5.8,31,0.3597,de
86987,Jackpot,2011,Action|Comedy|Crime,5.9,43,0.2589,no
103392,Ali Baba's Cinema,2011,Comedy|Fantasy,5.1,13,0.3081,ar
112508,Lea,2011,Drama,4.042,24,0.4432,fr
113736,I Tawt I Taw a Puddy Tat,2011,Animation|Comedy,6.7,30,0.2639,en
270367,The Good Neighbor,2011,Drama|Thriller,6.109,32,0.3765,de
174234,Pescador,2011,Drama,7.3,10,0.2666,es
53299,Patiala House,2011,Drama,6.086,64,0.4303,hi
81185,The Amityville Haunting,2011,Horror,3.888,76,0.391,en
103514,Into the Lion's Den,2011,Drama|Thriller|Horror,3.7,13,0.3786,en
91680,Umshini Wam (Bring Me My Machine Gun),2011,Comedy|Drama,6.083,60,0.4444,en
515773,Star Wars Spoofs,2011,Comedy,7.9,13,0.4357,en
80688,Steve Jobs: Billion Dollar Hippy,2011,Documentary,6.132,53,0.2562,en
79754,Verbo,2011,Fantasy|Drama|Adventure,4.6,44,0.2837,es
61038,Go for It!,2011,Drama|Family,4.8,18,0.307,en
214616,Teja Bhai and Family,2011,Comedy,4.3,13,0.4383,ml
91292,Black Pond,2011,Comedy,6.167,24,0.3058,en
85988,Sixpack,2011,Comedy,4.2,17,0.3404,fi
69097,All Inclusive ili Vsyo Vklyucheno,2011,Comedy|Romance,5.8,22,0.3207,ru
72246,Sex  Lies and Death,2011,Drama|Thriller|Crime|Romance,6.4,83,0.3202,es
132873,Moon Conspiracy,2011,Documentary|Comedy,7.6,21,0.1676,de
78332,Coffin,2011,Horror|Thriller|Crime|Mystery,3.875,20,0.3575,en
148888,The Case for Christmas,2011,TV Movie|Fantasy|Comedy|Drama,5.3,28,0.4188,en
57382,Halal State Security,2011,Comedy,4.558,156,0.3287,fr
77943,Kryptonite!,2011,Drama|Comedy,6.4,52,0.3315,it
65233,The Conquest,2011,Comedy|Drama,5.859,99,0.3123,fr
61940,Some Say No,2011,Comedy,5.8,120,0.3582,it
50081,Born to Be Wild,2011,Documentary|Adventure,7.1,71,0.3895,en
185065,Ein Sommer in Paris,2011,Comedy|Romance|TV Movie,4.792,12,0.3797,de
207356,1313: Boy Crazies,2011,Horror|Thriller,3.5,10,0.3553,en
99117,Adam Chaplin,2011,Horror|Action|Crime,6.0,93,0.2923,it
96236,Twiggy,2011,Drama,5.6,21,0.2454,fr
284483,Johnny Bravo Goes to Bollywood,2011,Animation|Family,5.978,23,0.3961,en
75874,Patton Oswalt: Finest Hour,2011,Comedy,7.3,18,0.3031,en
109932,Ladies Mafia,2011,Drama|Action|Crime,2.9,10,1.4982,es
79360,Kein Sex ist auch keine Lösung,2011,Comedy,5.5,19,0.2946,de
85342,Makeup Man,2011,Comedy|Romance,5.2,10,0.3054,ml
65330,The Prodigy: World's On Fire,2011,Music,7.4,13,0.3133,en
85437,My First Wedding,2011,Romance|Comedy,5.9,35,0.3094,es
71112,The Tenant,2011,Horror|Action|Thriller|Science Fiction,3.5,11,0.3439,en
71482,Totally True Love,2011,Drama|Family|Romance,6.5,46,0.3045,no
61203,Shor in the City,2011,Crime|Drama,6.2,29,0.3582,hi
247873,Cheerleader Massacre 2,2011,Horror,3.9,20,0.3172,en
57417,Borderline,2011,Comedy|Action|Crime,5.454,76,0.3659,fr
106231,Un Natale per due,2011,Comedy|TV Movie,5.6,110,0.2681,it
63579,Project Nim,2011,Documentary,6.858,144,0.5322,en
58699,Bellflower,2011,Action|Drama|Romance,5.9,167,0.367,en
85375,Gone,2011,Thriller,5.6,28,0.28,sv
85533,Whores' Glory,2011,Documentary,6.783,76,0.4346,de
56537,River of Darkness,2011,Horror|Action|Thriller,2.4,22,0.364,en
72744,Pearl Jam Twenty,2011,Documentary|Music,7.8,115,0.3049,en
74830,The Lie,2011,Drama|Comedy,5.4,13,0.2925,en
69885,As Mães de Chico Xavier,2011,Drama,7.8,47,0.2849,pt
226280,The Abduction of Zack Butterfield,2011,Thriller|Crime|Drama,5.0,14,0.2136,en
67885,Bobby Fischer Against the World,2011,Documentary|Drama,6.841,124,0.4003,en
185315,Alessandro Siani - Per tutti,2011,Comedy,7.2,15,0.3247,it
93522,Santana: Greatest Hits - Live at Montreux 2011,2011,Music,7.8,11,0.4518,en
78323,Moolah,2011,Crime|Comedy,5.3,29,0.3897,ru
77862,Anatolian Eagles,2011,Adventure|Drama|Romance,6.1,32,0.3777,tr
79890,Khodorkovsky,2011,Drama|Documentary,5.0,14,0.4165,ru
77185,Two Days,2011,Romance|Drama|Comedy,5.8,25,0.4083,ru
155096,Amen,2011,Drama,5.7,20,0.3106,ko
135465,Carl Panzram: The Spirit of Hatred and Vengeance,2011,Crime|Documentary,6.7,16,0.3153,en
85880,Killer Eye: Halloween Haunt,2011,Horror,3.5,22,0.281,en
80120,6 Points About Emma,2011,Drama,5.3,19,0.2607,es
73669,Shut Up Little Man! An Audio Misadventure,2011,Comedy|Documentary,5.3,28,0.2888,en
180988,The Civil War on Drugs,2011,Comedy|War,6.933,15,0.2799,en
82542,Tutta colpa della musica,2011,Comedy,5.2,12,0.2363,it
70878,Mimesis,2011,Horror,4.5,42,0.2871,en
65803,How to Get Rid of Cellulite,2011,Comedy,3.889,27,0.2282,pl
79544,The Wicker Tree,2011,Horror|Mystery|Thriller,3.984,61,0.3831,en
73242,Not a Love Story,2011,Crime|Drama|Thriller,5.458,12,0.313,hi
82492,On the Ice,2011,Thriller|Drama,6.3,30,0.3708,en
81768,Chappa Kurishu,2011,Thriller|Action|Crime|Drama,7.3,23,0.4135,ml
116165,Cherry Bomb,2011,Action|Thriller|Mystery|Fantasy,3.675,20,0.3236,en
262069,After-School Special,2011,Comedy|Drama,5.0,15,0.2753,en
70574,A Haunting in Salem,2011,Horror|Thriller,4.2,34,0.5032,en
70833,Lord of the Dance,2011,Music|Documentary,7.9,17,0.3697,en
79580,Home,2011,Drama|Mystery,5.961,51,0.3534,ru
138289,Money or Love,2011,Drama|Romance,5.7,36,0.3412,sk
107889,The Pomegranate,2011,Drama|Thriller,5.8,18,0.3451,tr
83552,This Is Not a Film,2011,Documentary,6.926,108,0.3918,fa
61182,F.A.L.T.U.,2011,Comedy,5.316,19,0.4615,hi
520036,Once Upon a Time… One Flew Over the Cuckoo's Nest,2011,Documentary,7.6,33,0.294,fr
71090,Rabat,2011,Drama,6.5,24,0.2932,nl
68241,Ecstasy,2011,Drama,3.4,13,0.4086,en
133953,Snow Shark: Ancient Snow Beast,2011,Science Fiction|Horror,3.4,11,0.3136,en
106541,Cargo,2011,Drama|Thriller,5.3,14,0.2635,en
141476,When Santa Fell to Earth,2011,Family|Comedy|Fantasy,5.1,21,0.3874,de
99485,The Big Trip,2011,Comedy|Drama,6.0,10,0.3386,fr
64113,Baby Shower,2011,Horror,5.587,63,0.4213,es
81670,Jock the Hero Dog,2011,Animation|Adventure|Family|Comedy,4.559,17,0.4565,en
235815,Bastard,2011,Drama|Thriller|Crime|Mystery,6.5,17,0.3424,de
87035,Furious,2011,Drama,6.8,18,0.3377,nl
73335,Marriage Retreat,2011,Comedy|Drama|Romance,5.8,11,0.4391,en
71392,Vampire Boys,2011,Horror,3.621,33,0.4267,en
130802,A Night in the Woods,2011,Horror|Mystery,3.2,19,0.329,en
369481,Jason Segel & Paul Rudd Meet Rush,2011,Comedy,6.2,10,0.3668,en
79371,Happiness at Last,2011,Comedy,5.548,231,0.3279,it
94822,Villa Captive,2011,Crime|Thriller|Drama,4.5,18,0.3082,en
80263,Shakira: Live from Paris,2011,Music,7.6,21,0.2756,en
142622,Magic Silver 2,2011,Fantasy,4.3,11,0.2827,no
144271,Joe + Belle,2011,Romance|Crime|Drama|Comedy,5.2,18,0.2539,he
88599,Karen Cries on the Bus,2011,Drama,6.5,11,0.2383,es
97794,The Road,2011,Crime|Horror|Thriller,5.3,39,0.265,tl
84106,Captains of the Sands,2011,Adventure|Drama,6.6,33,0.2484,pt
73941,Limelight,2011,Documentary,5.8,10,0.2734,en
73579,La Croisière,2011,Comedy,5.029,138,0.2582,fr
64645,Brides in Exchange,2011,Comedy|Romance|Drama,4.3,13,0.363,ru
64335,Fig Jam,2011,Romance|Drama,6.2,92,0.3279,tr
58651,Lotoman,2011,Family|Comedy,7.4,19,0.3315,es
102871,Summer Games,2011,Drama,6.0,22,0.3422,it
86819,Alois Nebel,2011,Animation|Drama,7.232,41,0.311,cs
323867,Spy,2011,Action|Crime|Drama|Mystery|Thriller,5.35,10,0.2289,en
73661,Munger Road,2011,Thriller|Horror,4.3,34,0.287,en
102851,A Cube of Sugar,2011,Drama|Comedy|Family,7.1,19,0.3604,fa
104250,The Loving Story,2011,Documentary,6.9,21,0.4063,en
101970,Ruin,2011,Animation|Science Fiction|Action,6.8,33,0.2072,xx
78862,The Big Heart of Girls,2011,Drama,5.8,63,0.44,it
114562,Ballplayer: Pelotero,2011,Drama|Documentary,6.2,11,0.3538,es
57941,Eddie Izzard: Live at Madison Square Garden,2011,Comedy,7.2,18,0.2706,en
83540,Dreams of a Life,2011,Drama|Documentary,6.5,69,0.3088,en
430059,Linkin Park: Live in Moscow,2011,Music,6.5,11,0.2414,en
80256,Vares: Garter Snake,2011,Crime|Action|Drama|Mystery,5.4,31,0.3654,fi
94838,Blind Valley,2011,Drama|Thriller,3.9,11,0.338,fr
82967,Beauty Day,2011,Documentary,7.0,13,0.182,en
85741,Free Men,2011,Drama|History|War,5.6,31,0.4229,fr
76375,A Sense of Humor,2011,Comedy,6.1,19,0.3218,fr
62176,Bonobos: Back to the Wild,2011,Documentary|Drama|Family,5.5,13,0.3523,fr
75785,The Other F Word,2011,Music|Documentary|Drama|Comedy,6.5,55,0.282,en
97481,The Confession,2011,Crime|Drama,6.647,51,0.4246,en
104858,Arirang,2011,Documentary|Drama,6.421,38,0.2722,ko
103672,Lotte and the Moonstone Secret,2011,Animation|Family,6.2,13,0.2792,et
133372,Lloyd the Conqueror,2011,Comedy,4.6,10,0.3298,en
78646,She Monkeys,2011,Drama,4.926,47,0.2206,sv
85822,Free Radicals: A History of Experimental Film,2011,Documentary,6.8,12,0.3099,en
75590,Thrill of the Hills,2011,Comedy,5.605,19,0.3333,fr
58891,PressPausePlay,2011,Documentary|Music,7.1,28,0.3793,sv
82911,Thurgood,2011,Drama|TV Movie,6.464,14,0.2507,en
72745,The Unborn Child,2011,Horror|Thriller,4.0,13,0.327,th
105478,American Nudist,2011,Drama,2.0,11,0.3851,en
93195,Another Silence,2011,Drama,5.5,18,1.4055,fr
73738,Don't Be Afraid,2011,Drama,6.5,53,0.2893,es
145099,The Dead Inside,2011,Music|Horror,4.2,12,0.3668,en
85593,Bag It,2011,Documentary|Comedy,6.5,10,0.3008,en
79247,Wyjazd integracyjny,2011,Comedy,3.783,23,0.3039,pl
73216,Return to the Hiding Place,2011,War|Drama|History|Thriller,6.1,19,0.3392,en
63468,Chalo Dilli,2011,Comedy,6.283,23,0.2187,hi
53010,Second Chance,2011,Comedy|Romance,5.7,270,0.5077,fr
78326,Black Thursday,2011,Drama|History,6.655,29,0.2312,pl
83934,You Are Here,2011,Drama|Science Fiction|Mystery|Fantasy,5.8,10,0.3165,en
113182,Half of the World,2011,Comedy|Drama,5.3,10,0.2845,es
73215,Claustrofobia,2011,Thriller,5.625,36,0.2772,nl
276633,Mandie and the Forgotten Christmas,2011,Drama|Mystery,4.7,12,0.1967,en
66470,Orcs!,2011,Action|Horror,3.7,49,0.3917,en
260871,3 Filles en cavale,2011,Comedy|TV Movie,5.5,18,0.3522,fr
90843,Baishe Srabon,2011,Thriller|Crime|Mystery,7.3,42,0.2895,bn
61408,Green Day: Awesome As F**K,2011,Music,8.1,17,0.2584,en
145186,12 Wishes of Christmas,2011,Comedy|Fantasy|TV Movie,5.2,41,0.3083,en
81345,Brothel Lights,2011,Drama,5.0,13,0.3996,ru
69924,Veera,2011,Action|Comedy|Drama,5.1,12,0.3616,te
64836,Exporting Raymond,2011,Comedy|Documentary,6.811,37,0.2519,en
102857,Golden Slumbers,2011,Documentary,6.5,11,0.3165,fr
62236,Faccio un salto all'Avana,2011,Comedy,5.1,95,0.2384,it
68888,All at Sea,2011,Comedy,5.0,53,0.4009,it
64468,Çalgı Çengi,2011,Comedy,6.708,106,0.1949,tr
104109,Scents and Sensibility,2011,Drama|Romance|Comedy,5.5,56,0.3384,en
55998,A Quiet Outpost,2011,Drama|Action|War,4.4,18,0.3381,ru
388204,No Men Allowed,2011,Comedy|Drama|Family,6.1,34,0.2561,fa
287940,Night Sights,2011,Science Fiction|Drama,4.2,14,0.2949,en
78397,Inni,2011,Music|Documentary,7.8,10,0.2701,en
57924,Auschwitz,2011,History|War,3.5,33,0.3436,de
79212,The Extreme Tragic Story of Celal Tan and His Family,2011,Comedy|Drama,5.4,34,0.2795,tr
378944,Empire of Dust,2011,Documentary,7.4,16,0.2134,fr
81255,Dreileben: Don’t Follow Me Around,2011,Drama,6.1,19,0.2046,de
69938,Trap.com,2011,Comedy|Romance,5.068,148,0.1974,pt
119896,Flower Buds,2011,Drama,4.95,10,0.5229,cs
268168,Hell,2011,Drama|Horror,4.9,11,0.278,pt
81976,Alone in the Wilderness: Part II,2011,Documentary,7.7,19,0.2664,en
81834,Sons of Norway,2011,Drama,6.6,44,0.3402,no
54379,Change of Plans,2011,TV Movie|Family|Comedy|Drama,6.7,19,0.2504,en
202865,The Gerber Syndrome - Il contagio,2011,Horror|Science Fiction|Drama,5.4,19,0.1717,it
81716,We Were Here,2011,Documentary,6.8,45,0.3506,en
78442,Mujhse Fraaandship Karoge,2011,Drama|Comedy|Romance,6.864,22,0.3342,hi
152620,Sevenes,2011,Action|Crime,5.0,10,0.4583,ml
71771,Knuckle,2011,Documentary,5.7,35,0.2874,en
100516,Kill,2011,Horror|Comedy|Thriller,5.9,27,0.2406,en
45347,The Bleeding House,2011,Horror|Thriller|Mystery|Drama,5.1,45,0.3182,en
80645,The Horsemen of Pylos,2011,Comedy,5.3,11,0.1656,el
180607,Down the Shore,2011,Drama|Romance,5.5,31,0.3874,en
65647,Father,2011,Comedy,5.505,91,0.472,fr
73591,The Man who Crossed Hitler,2011,Drama|Action|History|Thriller|Science Fiction,6.5,12,0.3828,en
63467,I Am,2011,Documentary|Drama,6.542,12,0.2779,hi
81972,The Hunters,2011,Horror|Thriller|Crime,4.2,36,0.4563,en
61854,Something Ventured,2011,Documentary,6.4,28,0.2727,en
78352,War Games: At the End of the Day,2011,Action|Horror|Thriller,5.051,59,0.2366,it
82968,Blood of My Blood,2011,Drama,7.1,31,0.2051,pt
80024,Buffering,2011,Comedy,5.3,18,0.2936,en
76532,The Adopted,2011,Drama,6.8,73,0.3014,fr
256908,La Vie en miettes,2011,Drama|TV Movie,5.361,18,0.2741,fr
74894,Eine ganz heiße Nummer,2011,Comedy,5.8,21,0.2665,de
107073,The Prize,2011,Drama,6.2,19,0.2688,es
103738,La gueule de l'emploi,2011,Documentary,7.6,12,0.3272,en
48837,Midnight Son,2011,Drama|Horror,5.7,51,0.3467,en
111894,The Love Guide,2011,Comedy,4.0,10,0.2527,en
442849,Zing,2011,Animation|Fantasy,7.4,66,0.2995,xx
110813,Little Witch on a Broomstick,2011,Comedy|Family|Fantasy,5.0,16,0.3171,cs
67273,Buck,2011,Documentary,7.3,54,0.2738,en
87908,The Island 2: The Hunt for the Lost Treasure,2011,Comedy,6.25,18,0.2496,el
185016,The Visitor,2011,Drama,5.3,16,0.2886,de
62881,Weekend,2011,Comedy|Action|Crime,3.9,24,0.296,pl
206953,Louis Theroux: America's Most Hated Family in Crisis,2011,Documentary|TV Movie,7.2,60,0.3345,en
141418,The Letter Writer,2011,Family,6.4,36,0.3114,en
95481,Easter Bunny Bloodbath,2011,Horror,2.9,14,0.2717,en
53325,Eyyvah Eyvah 2,2011,Comedy,5.894,99,0.3184,tr
74406,Queen: Days of Our Lives,2011,Music|Documentary,8.135,200,0.237,en
130971,Clara Campoamor  the Neglected Woman,2011,Drama|History|TV Movie,7.15,10,0.2433,es
97055,The New Snow White,2011,Comedy|Music|TV Movie,4.9,24,0.3204,fr
229069,Harbour of Hope,2011,Documentary,5.4,11,0.3046,sv
115271,Vaagai Sooda Vaa,2011,Drama,7.2,11,0.2573,ta
108901,Terry Pratchett: Choosing to Die,2011,Documentary,8.0,16,0.2497,en
75008,Plötzlich fett,2011,Comedy,5.8,10,0.2843,de
93872,25 Hill,2011,Drama,6.1,18,0.4048,en
90420,Vivace,2011,TV Movie|Thriller|Fantasy,5.8,14,0.2761,fr
71548,The Dead and the Damned,2011,Horror|Western,3.161,28,0.2682,en
78061,Peter Kay: The Tour That Didn't Tour Tour,2011,Comedy,6.3,19,0.3538,en
71595,George the Hedgehog,2011,Animation|Comedy,4.5,25,0.3302,pl
87019,Body Language,2011,Music|Drama|Romance,5.0,54,0.264,nl
65696,Och  Karol 2,2011,Comedy|Romance,4.1,50,0.2645,pl
89874,First Position,2011,Documentary,7.2,47,0.3136,en
146896,Henry,2011,Drama,6.5,17,0.3172,fr
141976,Mistletoe Over Manhattan,2011,TV Movie|Family,6.0,33,0.3286,en
103502,Night #1,2011,Drama,5.597,31,0.2859,fr
163189,6 Plots,2011,Horror,4.2,25,0.2503,en
93897,A Very Gaga Thanksgiving,2011,Music|Documentary,7.9,17,0.2234,en
60592,The Importance of Tying Your Own Shoes,2011,Drama|Comedy,6.333,36,0.3783,sv
96495,Becoming Chaz,2011,Documentary,4.3,12,0.1829,en
116198,La Cage aux folles,2011,Comedy,5.2,35,0.4621,fr
58858,The Marquis,2011,Comedy,5.2,186,0.3377,fr
381427,Rocky Mountain Express,2011,Documentary|History,6.5,13,0.349,en
110170,Atlıkarınca,2011,Drama,6.042,12,0.3252,tr
64881,Shagird,2011,Drama|Action|Crime,6.567,15,0.2858,hi
78184,The Real Tale,2011,Comedy|Fantasy|Family,5.1,14,0.2974,ru
183347,Sister Mary,2011,Horror|Mystery|Thriller,4.6,11,0.2697,en
63585,Island,2011,Drama|Thriller|Mystery,5.2,17,0.297,en
85657,The Dynamiter,2011,Drama,5.84,25,0.2975,en
78313,Stopped on Track,2011,Drama,6.9,46,0.3161,de
129400,Elvis & Madonna,2011,Comedy|Romance,5.8,17,0.2108,pt
75442,Eames: The Architect and the Painter,2011,Documentary,7.1,35,0.3509,en
69480,Tabloid,2011,Documentary,6.402,133,0.3069,en
77440,Chick Magnet,2011,Comedy|Romance,3.8,19,0.3254,en
129798,The Crying Dead,2011,Adventure|Horror|Thriller,4.0,17,0.3749,en
86810,The Last Screening,2011,Horror|Drama,6.1,18,0.2337,fr
73474,The High Cost of Living,2011,Drama,6.1,35,0.2256,en
72660,I Don't Want to Go Back Alone,2011,Drama|Romance,7.7,237,0.2529,pt
78056,U2: From the Sky Down,2011,Documentary|Music,7.455,22,0.2249,en
57518,Eddie Griffin: You Can Tell 'Em I Said It,2011,Comedy,7.528,18,0.2899,en
76596,Innocence,2011,Drama|Thriller,6.2,11,0.2859,cs
68178,Omar Killed Me,2011,Drama|Thriller,6.705,146,0.3051,fr
96239,Zombadings 1: Patayin sa Shokot si Remington,2011,Comedy|Horror,4.9,16,0.2571,tl
147923,(A)sexual,2011,Documentary,5.4,28,0.2484,en
210588,The Zebra,2011,Comedy,5.2,11,0.3181,es
112531,My Name Is Ki,2011,Drama,5.6,25,0.2592,pl
116437,Kolka Cool,2011,Drama|Comedy,8.364,11,0.2937,lv
151920,Swapna Sanchari,2011,Drama,5.5,11,0.2468,ml
73290,Urban Explorer,2011,Horror|Thriller,5.1,105,0.2855,en
103668,The Strange History of Don't Ask  Don't Tell,2011,History|Documentary,5.9,10,0.2732,en
80379,Louis C.K.: Live at the Beacon Theater,2011,Comedy|TV Movie,7.835,252,0.2326,en
73986,Anneliese: The Exorcist Tapes,2011,Horror,3.3,31,0.2882,en
77528,Bail Enforcers,2011,Action|Comedy|Thriller|Romance,5.5,24,0.4193,en
76746,Smithereens,2011,Comedy,4.4,17,0.2675,ru
79221,Letters to Santa,2011,Comedy|Romance,6.9,153,0.2747,pl
40774,Midgets vs Mascots,2011,Comedy|Documentary,3.6,13,0.3559,en
70666,VIPs,2011,Drama,6.438,120,0.2315,pt
63996,Viper's Nest,2011,Drama,5.962,52,0.2542,nl
65831,Sasha,2011,Comedy|Drama,6.1,27,0.3279,de
79137,Russell Howard: Right Here Right Now,2011,Comedy,6.5,12,0.1832,en
71179,All Our Desires,2011,Drama,6.6,69,0.2019,fr
69509,Venghai,2011,Action|Drama,5.9,16,0.3882,ta
125040,Knock Knock 2,2011,Horror|Thriller|Mystery,5.5,21,0.3722,en
538800,Deportees 3,2011,Comedy,3.7,14,0.23,fa
118354,Wok the Kasbah,2011,Comedy,4.8,57,0.6473,fr
79042,If a Tree Falls: A Story of the Earth Liberation Front,2011,Documentary|Crime|History,6.524,42,0.2663,en
118204,The Student,2011,Drama,6.32,25,0.2393,es
207475,The Ouija Experiment,2011,Horror,4.0,157,0.2388,en
106134,Meanwhile,2011,Drama,6.0,14,0.2819,en
56959,The Salt of Life,2011,Comedy,6.0,53,0.2157,it
110608,The Enemy,2011,Drama|War|Mystery|Horror,6.674,23,0.3394,sr
301270,Burning Heads,2011,Drama,6.2,12,0.2146,el
96438,Crimes of Passion,2011,Drama|Thriller|Romance,6.2,40,0.3608,es
83189,All She Can,2011,Drama,4.8,11,0.3484,en
66128,Les Mythos,2011,Comedy,5.653,108,0.3432,fr
99393,The Exchange,2011,Drama,4.8,10,0.3739,he
60819,Pelt,2011,Horror|Comedy,4.4,11,0.2807,en
81202,The Practice of Beauty,2011,Comedy|Drama,5.867,15,0.1951,ru
79611,Target,2011,Drama|Science Fiction,5.0,26,0.2443,ru
102873,¡Vivan las Antipodas!,2011,Documentary,7.429,14,0.2482,es
63810,Engeyum Kadhal,2011,Romance|Action|Drama,5.6,12,0.3408,ta
82941,Breathing,2011,Drama,6.6,53,0.2272,de
78854,Easy!,2011,Comedy,6.4,243,0.2813,it
94334,Dreileben: One Minute of Darkness,2011,Drama,6.9,14,0.211,de
66607,Saving Private Pérez,2011,Action|Comedy,6.685,73,0.3939,es
79721,Extinction: The G.M.O. Chronicles,2011,Drama|Horror|Science Fiction,4.895,43,0.2502,en
78220,iGenius: How Steve Jobs Changed the World,2011,Documentary,6.87,23,0.3464,en
102420,A Cadaver Christmas,2011,Comedy|Horror,4.738,42,0.2839,en
91913,Volcano,2011,Drama,6.9,31,0.2528,is
71287,Pound of Flesh,2011,Drama|Comedy|Thriller,2.2,11,0.4237,en
116466,The Flat,2011,Documentary,6.5,24,0.267,he
110965,Heat Wave,2011,Drama,4.7,18,0.2041,fr
70713,Love.net,2011,Romance|Drama,6.5,18,0.2966,en
85459,The Reasons of the Heart,2011,Drama|Romance,6.0,11,0.2193,es
104117,Asalto al cine,2011,Drama|Crime,5.2,11,0.1903,es
54094,Demons Never Die,2011,Horror,4.5,30,0.1821,en
92391,Sket,2011,Crime|Drama,5.1,32,0.3471,en
81375,Rent Boys,2011,Documentary,5.3,12,0.491,de
222584,Another Story of Love,2011,Drama|Romance,5.0,15,0.2912,es
277548,The Curve of Forgotten Things,2011,Fantasy|Mystery,6.5,10,0.2086,en
77485,3 Musketeers,2011,Action|Adventure|Thriller,4.4,18,0.3842,en
84093,The Exam,2011,Drama|History|Thriller,6.7,29,0.2317,hu
58576,The Moon Child,2011,Drama,6.2,16,0.2824,en
70583,Empty,2011,Drama|Horror|Action|Thriller|Science Fiction,3.5,17,0.1727,en
87241,Dirty Little Trick,2011,Thriller,5.571,14,0.1952,en
65050,180,2011,Drama|Romance,5.9,15,0.2447,ta
89312,Cost of Living,2011,Comedy|Action|Horror,6.8,12,0.1819,en
110588,Gingerdead Man 3: Saturday Night Cleaver,2011,Horror|Comedy,4.3,43,0.232,en
96578,Top Gear: At the Movies,2011,Action|Documentary,6.3,20,0.5381,en
98551,The Flaw,2011,Documentary,6.8,12,0.2466,en
258407,The Last Belle,2011,Animation|Romance,7.7,15,0.2693,en
80590,All.I.Can.,2011,Documentary,7.3,13,0.2458,en
73568,Coup d'éclat,2011,Crime|Drama|Thriller,4.6,17,0.2921,fr
58253,Leila,2011,Music|Romance,6.0,77,0.2561,fr
107751,Amy George,2011,Drama,5.1,14,0.2873,en
109753,Three Weeks  Three Kids,2011,Family|TV Movie|Comedy,6.207,29,0.2869,en
55839,Feed the Fish,2011,Comedy|Romance,5.2,14,0.1853,en
62425,Talking Funny,2011,Comedy|Documentary,7.363,62,0.2663,en
79708,Pink Floyd: Behind the Wall,2011,Documentary|Music,8.1,46,0.3049,en
147261,Fear of Falling,2011,Drama,6.6,13,0.5375,pl
90232,Humans vs Zombies,2011,Comedy|Horror|Science Fiction|Thriller,4.5,28,0.2614,en
56002,Angèle and Tony,2011,Romance,6.3,42,0.4506,fr
67958,SuperManager  or Hack of the Fate,2011,Comedy|Fantasy|Adventure,4.1,11,0.3579,ru
89705,Early One Morning,2011,Drama,5.948,29,0.2117,fr
73867,Rust,2011,Drama,6.0,38,0.2546,it
69985,The Cat Vanishes,2011,Drama|Thriller|Horror,6.0,28,0.2509,es
78551,Stephen Merchant: Hello Ladies... Live!,2011,Comedy,7.2,28,0.3,en
103418,Asmaa,2011,Drama,8.0,38,0.2258,ar
808264,The Jungle Bunch: The Movie,2011,Animation|Adventure|Family,4.769,13,0.2562,fr
80735,Micky Flanagan: Live - The Out Out Tour,2011,Comedy,6.308,13,0.1376,en
449168,En coma,2011,Drama,7.684,19,1.2138,es
59264,Silvio Forever,2011,Documentary|Comedy,6.2,31,0.3003,it
125935,I'd Receive the Worst News from Your Beautiful Lips,2011,Drama,5.9,17,0.2926,pt
79976,Steve Jobs: One Last Thing,2011,Documentary,6.3,33,0.1868,en
76127,Vegucated,2011,Documentary,6.75,30,0.2719,en
142463,Sheep Impact,2011,Comedy|Action,3.75,12,0.1879,en
83114,Tatsumi,2011,Animation|History|Drama,6.5,20,0.3734,ja
63316,Make a Fake,2011,Comedy,5.382,34,0.2371,it
247686,Mystery,2011,Drama,6.214,14,0.2835,ru
75798,Cavalli,2011,Drama,4.0,10,0.2249,it
74537,Sarah Palin: You Betcha!,2011,Documentary,5.3,13,0.2095,en
79483,Jimmy Carr: Being Funny,2011,Comedy,7.291,43,0.225,en
377096,Weighting,2011,Comedy|Drama,7.0,10,0.2474,en
59852,Blinky™,2011,Horror|Science Fiction,6.779,95,0.4017,en
164804,A Wedding Most Strange,2011,Drama|Comedy,4.8,10,0.2771,en
214703,The Return of Joe Rich,2011,Comedy|Drama,5.7,24,0.2611,en
71481,404: Error Not Found,2011,Drama|Mystery|Thriller,6.068,22,0.3967,hi
107227,23:59,2011,Horror,4.8,47,0.2957,zh
71324,Panic at Rock Island,2011,Drama|Thriller|Mystery|TV Movie,4.886,22,0.2758,en
73869,The Last Man on Earth,2011,Drama|Science Fiction,5.6,45,0.2749,it
92780,Aballay  the Man without Fear,2011,Drama|Western,5.417,18,0.2437,es
57573,Craig Ferguson: Does This Need to Be Said?,2011,Comedy,7.0,18,0.236,en
84404,Bully,2011,Documentary|Drama,7.2,164,0.3794,en
226177,Moi à ton âge,2011,Comedy|TV Movie,6.3,13,0.266,fr
82447,The Stig-Helmer Story,2011,Comedy|Drama,4.458,37,0.2275,sv
111550,Der Eisenhans,2011,Family|Fantasy|TV Movie,5.0,10,0.4677,de
330793,Happy New Year,2011,War|Drama,5.3,12,0.2387,en
465739,James Bond Supports International Women's Day,2011,Documentary,4.364,11,0.2498,en
67943,I Travel Alone,2011,Drama,6.0,24,0.3189,no
67893,Bheja Fry 2,2011,Drama|Comedy,4.2,17,0.2763,hi
195698,Prep & Landing: Tiny's Big Adventure,2011,Animation|Family,7.1,16,0.2829,en
593831,Film,2011,Comedy|Drama|Thriller,6.1,11,0.2351,tr
198996,Time After Time,2011,Romance|TV Movie,5.7,14,0.2152,en
61629,Lebanon  Pa.,2011,Drama|Romance,5.4,11,0.2076,en
124052,Indian Rupee,2011,Drama,7.4,29,0.2993,ml
85303,Archetype,2011,Science Fiction,6.3,18,0.2683,en
433641,Winx Club - The Fate of Bloom,2011,Animation|Family|Fantasy|TV Movie|Adventure,8.5,12,0.2133,it
200047,Wake Up and Die,2011,Horror|Thriller,4.4,23,0.2822,fr
274172,The Backpacker,2011,Thriller|Horror,3.8,12,0.1773,en
89851,We Once Were Tide,2011,Drama|Music|Romance,4.8,10,0.2511,en
113362,Hitler's Children,2011,War|Documentary|History,6.8,32,0.2512,en
84585,1313: Actor Slash Model,2011,Horror|Thriller,4.3,11,0.2737,en
73562,Declaration of War,2011,Drama,7.047,202,0.2894,fr
163250,A Night at the Movies: The Horrors of Stephen King,2011,Documentary|TV Movie,7.9,11,0.2736,en
66207,Vaanam,2011,Action|Crime|Drama,6.0,19,0.2732,ta
127239,After the Wizard,2011,Family|Fantasy,4.2,15,0.2188,en
418867,White Turnips Make It Hard to Sleep,2011,Drama,5.636,11,0.2373,fr
71429,What's a Bear For?,2011,Comedy,5.1,33,0.2609,es
74779,Robotropolis,2011,Adventure|Action|Thriller|Science Fiction,3.185,54,0.2991,en
70987,Final Balance,2011,Thriller|Crime|Drama|Mystery,5.8,20,0.1868,fr
78715,Toomelah,2011,Drama|Crime,6.4,15,0.214,en
57701,On the Hook!,2011,Comedy|Romance,5.188,16,0.3227,ru
179389,I Want to Get Married,2011,Romance|Comedy,4.1,11,0.3519,en
172854,Abrupt Decision,2011,Drama,4.5,11,0.2046,en
79779,Pastorela,2011,Fantasy|Comedy|Romance,7.085,53,0.1923,es
68995,Born to Ride,2011,Action|Thriller,3.6,23,0.3398,en
112238,Frankenstein: Day of the Beast,2011,Horror,5.6,10,0.2228,en
74113,Taste the Waste,2011,Documentary,7.5,12,0.1619,de
80512,The Art of Seduction,2011,Comedy|Romance,4.6,21,0.1794,fr
79575,The Godmother,2011,Comedy,6.167,12,0.2454,ro
377765,Maniac,2011,Thriller|Horror,5.833,21,0.3039,fr
91547,The Other Side of Sleep,2011,Drama|Mystery,4.2,10,0.2597,en
68639,A Burning Desire,2011,Comedy|Romance,4.786,21,0.4725,fr
75282,Scenes from the Suburbs,2011,Drama|Music,6.8,45,0.1887,en
420528,Absolutely Tame Is a Horse,2011,Drama|Comedy,5.8,17,0.2808,fa
78162,Pater,2011,Drama|Comedy,5.4,24,0.2345,fr
50528,Millhaven,2011,Animation|Horror|Music,6.9,14,0.242,pl
47755,Strange Powers: Stephin Merritt and the Magnetic Fields,2011,Documentary|Music,6.8,11,0.2227,en
85423,Apocalypse  CA,2011,Fantasy|Adventure|Comedy,4.1,15,0.2731,en
64810,Kaydara,2011,Science Fiction|Action,4.8,13,0.2243,fr
89281,Antfarm Dickhole,2011,Horror,3.8,12,0.1848,en
1029933,WE,2011,Drama,7.4,17,0.1944,fr
129175,Films of Fury: The Kung Fu Movie Movie,2011,Documentary,6.2,11,0.1748,en
77941,The Usual Idiots: The Movie,2011,Comedy,5.047,382,0.2207,it
80118,The Mexican Suitcase,2011,Documentary,8.0,14,0.2276,es
77513,Colors in the Dark,2011,Drama|Family,5.4,11,0.3168,de
63833,Day 6,2011,Thriller|Science Fiction|Mystery,3.8,24,0.6148,it
116319,Rift,2011,Horror|Thriller,2.6,15,0.2919,en
69106,The Night Clerk,2011,Thriller|Drama|Romance,5.7,38,0.2916,fr
218901,Mindfulness and Murder,2011,Drama,5.2,12,0.1889,th
79035,Alan Carr: Spexy Beast,2011,Comedy,5.5,10,0.2199,en
74053,Any Stray Cat,2011,Comedy|Romance,6.3,82,0.2272,pt
65237,His Mother's Eyes,2011,Drama,5.4,19,0.2192,fr
200036,The Night of the Chupacabras,2011,Horror|Action|Fantasy,6.4,12,0.1897,pt
111901,The Collapsed,2011,Drama|Horror|Science Fiction,4.0,31,0.3383,en
1000809,13 Hours That Saved Britain,2011,Documentary|War|History,6.273,11,0.2678,en
220854,Zombie Warz: Falls the Shadow,2011,Thriller|Action|Horror,4.4,12,0.1745,en
63144,Page One: Inside the New York Times,2011,Documentary,6.9,65,0.2134,en
73486,45m²,2011,Drama,5.9,19,0.2703,el
290732,VIViD,2011,Horror,3.1,12,0.2899,en
91662,Guerrilla,2011,Drama|History|War,7.3,14,0.1807,bn
75640,Kolpacino: Bomb,2011,Comedy|Adventure,5.261,71,0.2185,tr
248736,Vampires: Brighter in Darkness,2011,Horror|Romance,4.4,16,0.214,en
109046,Baikonur,2011,Drama|Romance,5.5,29,0.2723,de
270169,I Was a Teenage Werebear,2011,Horror|Comedy,5.8,11,0.1943,en
77910,For Lovers Only,2011,Drama|Romance,6.4,25,0.1824,en
109976,Sade : Bring Me Home,2011,Music,8.0,30,0.2277,en
85549,Las acacias,2011,Drama|Romance,6.5,44,0.2352,es
57739,Ya Sonra?,2011,Romance|Comedy,5.083,12,0.2039,tr
208982,Vietnam in HD,2011,War|Documentary,7.2,23,0.14,en
103696,Adventures of Thunderstorm: Return of Thor,2011,Adventure|Action|Thriller|Science Fiction,5.018,28,0.1748,en
128401,A Trip,2011,Drama,5.3,12,0.159,sl
100272,Harold's Going Stiff,2011,Comedy|Drama|Horror,4.6,17,0.1896,en
68713,You Will Be My Son,2011,Drama,6.245,51,0.1936,fr
82817,Unforgivable,2011,Drama,4.7,15,0.2428,fr
65725,Free Man,2011,Drama|History,4.083,12,0.2197,tr
107004,Love Hurts,2011,Drama|Romance,5.7,15,0.1842,it
82331,Fireheart: The Legend of Tadas Blinda,2011,Adventure|Drama|History|Romance,5.8,15,0.1888,lt
212927,Jamie and Jessie Are Not Together,2011,Comedy|Romance,4.3,18,0.2416,en
134122,Am Ende des Tages,2011,Unknown,5.7,10,0.1986,de
82640,Twelve Thirty,2011,Drama|Romance,5.1,10,0.3844,en
452830,Black Mirror,2011,Drama,7.702,62,0.2061,en
411510,Fucking Kassovitz,2011,Documentary,7.4,25,0.2879,fr
67903,Ubaldo Terzani Horror Show,2011,Horror|Thriller,4.4,19,0.188,it
111757,Chase,2011,Crime|TV Movie|Action,5.2,12,0.3043,fr
132523,La Joie de vivre,2011,Drama|TV Movie,5.917,12,0.1387,fr
85336,Madonna's Pig,2011,Fantasy|Romance,4.0,13,0.2917,nl
99268,The Island,2011,Drama|Thriller|Mystery|Romance,4.5,13,0.2328,en
75452,People in the Sun,2011,Comedy|Drama,6.3,14,0.1839,no
109230,The Eves,2011,Thriller,5.3,13,0.1828,en
151866,A Warm Wind,2011,Drama,6.2,10,0.2239,en
148851,E-love,2011,Comedy|TV Movie,5.0,12,0.185,fr
85944,Tom Papa: Live in New York City,2011,Comedy|TV Movie,6.4,18,0.1681,en
55612,Varg Veum - Black Sheep,2011,Crime,5.703,32,0.2264,no
77127,The Tapes,2011,Horror,3.0,11,0.1945,en
135004,Túnel de los huesos,2011,Drama|Action|Crime,5.94,25,0.1943,es
141963,Stormland,2011,Drama|Comedy,6.0,16,0.2985,is
135682,The Heart of Christmas,2011,Drama|Family|TV Movie,6.2,19,0.1701,en
81675,The Bear,2011,Comedy,6.3,13,0.1928,ro
61125,Vares: The Kiss of Evil,2011,Crime|Action,5.8,27,0.2001,fi
58636,The Straight Line,2011,Drama,5.9,19,0.1782,fr
56991,Asa-Nisse - Welcome to Knohult,2011,Comedy,3.0,23,0.1274,sv
139320,Bennie Brat,2011,Family,6.3,13,0.2274,nl
91628,Three Quarter Moon,2011,Drama|Comedy,5.696,23,0.2693,de
61372,Colin Quinn: Long Story Short,2011,Comedy|TV Movie,6.7,12,0.2443,en
83272,Ang Babae sa Septic Tank,2011,Comedy,7.1,14,0.1663,tl
148918,Superman  Spider-Man or Batman,2011,Drama,7.0,26,0.1432,ro
339853,The Time and Turn of Augusto Matraga,2011,Drama|Adventure|Western,7.667,12,0.2,pt
111943,Miles from Anywhere,2011,Drama,5.8,12,0.6577,fr
300811,Children of the Night,2011,War|Drama|Romance,6.7,10,0.2071,fr
89287,The Fairy,2011,Comedy|Drama|Fantasy|Romance,6.0,62,0.1719,fr
212193,Zombies: A Living History,2011,Documentary,6.9,16,0.3037,en
102292,A Bottle in the Gaza Sea,2011,Drama,6.7,33,0.2087,fr
209806,Face to Panty Ratio,2011,Unknown,4.1,12,0.2927,en
206793,Royal Bengal Rahasya,2011,Thriller,7.1,13,0.2211,bn
85463,Atelier Fontana,2011,Drama,6.6,26,0.2061,it
95916,Invasion of Alien Bikini,2011,Science Fiction|Comedy|Romance,4.8,18,0.2758,ko
140781,Daylight,2011,Thriller|Horror,4.5,10,0.2322,en
58413,Una cella in due,2011,Comedy,5.0,22,0.147,it
74915,Episode 50,2011,Horror|Thriller|Mystery,3.7,55,0.2346,en
98335,Musallat 2: Lanet,2011,Horror,4.0,17,0.1643,tr
91523,Nullarbor,2011,Animation|Comedy,7.3,40,0.1333,en
84851,Loverboy,2011,Drama,5.6,18,0.2534,ro
193074,Inside the Human Body,2011,Documentary,6.6,15,0.1911,en
73865,Come trovare nel modo giusto l'uomo sbagliato,2011,Comedy,5.7,10,0.1945,it
253988,Here Without Me,2011,Drama|Family,7.3,20,0.2179,fa
75803,Catching Hell,2011,Documentary,6.967,30,0.1709,en
207517,God Don't Make the Laws,2011,Drama,4.8,12,0.2174,en
147471,Arne Dahl: The Blinded Man,2011,Crime,6.2,22,0.2636,sv
112527,Pokaż kotku  co masz w środku,2011,Comedy,4.8,14,0.1855,pl
146889,The Factory,2011,Drama,5.979,24,0.2552,pt
79159,Tilt,2011,Drama|Romance,6.3,16,0.2163,bg
85543,Bonsai,2011,Drama|Romance,5.9,17,0.1732,es
80048,Rid of Me,2011,Comedy,5.5,13,0.2274,en
79309,Lee Evans: Roadrunner,2011,Comedy,7.7,17,0.2113,en
211220,The Pig Farm,2011,Documentary,5.8,10,0.2514,en
83342,Bloodbrotherz,2011,Drama|Comedy|Music,5.908,60,0.2802,de
265004,The Wishmakers,2011,Comedy|Romance,3.7,12,0.2394,en
149535,Voice Over,2011,Drama|Science Fiction,6.58,25,0.2001,fr
336497,T is for Turbo,2011,Action|Comedy|Horror,6.4,20,0.1438,en
96458,The Saga of Biorn,2011,Animation|Comedy,7.0,20,0.1476,da
145204,Mudstained Flower,2011,Drama,6.0,21,0.1711,es
115173,Mía,2011,Drama|Comedy,5.7,11,0.1907,es
228550,Raymond Did It,2011,Horror,3.2,13,0.1528,en
213270,Dark Girls,2011,Documentary,6.8,16,0.2212,en
64744,Innocent Saturday,2011,Drama,3.9,18,0.2637,ru
643578,Apollo 17: The Untold Story of the Last Men on the Moon,2011,Documentary,7.75,10,0.1559,en
300940,Tungsten,2011,Drama,6.3,11,0.2166,el
71626,Don't Let Him In,2011,Thriller|Horror,3.973,55,0.2556,en
54431,The Pact,2011,Horror|Drama,5.0,10,0.1894,en
54358,Resurrect Dead: The Mystery of the Toynbee Tiles,2011,Documentary,6.558,60,0.2185,en
118966,Yangın Var,2011,Comedy|Drama,5.9,10,0.2251,tr
66574,Toll Booth,2011,Drama,6.4,45,0.2599,tr
78464,The Liquidator,2011,Action|Thriller|Crime|Drama,4.5,11,0.2557,ru
152578,The Hunt,2011,Action|Horror|Thriller,5.8,15,0.2156,fr
70174,Desenrola,2011,Romance|Comedy,7.2,42,0.2108,pt
76304,Varg Veum - At Night All Wolves Are Grey,2011,Crime,6.5,31,0.2026,no
79926,Children of God,2011,Drama|Romance,5.8,24,0.2755,en
313802,Ostende,2011,Mystery|Drama,6.5,12,0.1697,es
67673,Eaters,2011,Horror,4.239,44,0.1419,it
55614,Varg Veum - The Consorts of Death,2011,Crime|Mystery,6.2,24,0.2584,no
80116,Los muertos no se tocan  nene,2011,Comedy|Family,4.8,11,0.1602,es
114880,The Last Employee,2011,Mystery|Horror,6.3,22,0.1961,de
218553,Bashment,2011,Drama|Music,7.2,10,0.4042,en
66211,Fire in Babylon,2011,Documentary,5.8,16,0.179,en
70536,Irene Huss 7: Den som vakar i mörkret,2011,Crime|Drama|Thriller|Mystery,6.95,10,0.1471,sv
231384,The Family,2011,Horror|Thriller,3.7,16,0.1623,en
86522,Louis Theroux: The Ultra Zionists,2011,Documentary|TV Movie,6.641,39,0.2469,en
89405,The Millennium Bug,2011,Thriller|Horror|Science Fiction,5.37,27,0.2121,en
127747,Open Gate,2011,Drama,6.0,10,0.1391,en
423136,À dix minutes de nulle part,2011,Comedy|TV Movie,5.9,12,0.1512,fr
183262,dik,2011,Drama,4.6,12,0.1892,en
192483,1313: Giant Killer Bees!,2011,Horror|Science Fiction,3.2,13,0.1798,en
221094,Cowboy,2011,Drama|Comedy,6.1,15,0.1377,es
78308,Blood Runs Cold,2011,Horror,4.0,32,0.1873,en
74165,Aïcha : Job à tout prix,2011,Comedy|Drama|TV Movie,5.3,10,0.1416,fr
88844,Code Blue,2011,Drama|Horror,4.767,30,0.4739,nl
96836,Amar no es Querer,2011,Drama|Romance,6.5,25,0.2409,es
79682,Future Lasts Forever,2011,Drama,5.4,20,0.2015,tr
92968,Time Freak,2011,Comedy|Science Fiction|Fantasy,7.0,14,0.1542,en
67667,Forbidden House,2011,Drama|Horror,4.8,12,0.1638,fr
87389,Darling  I Am Going Out for Cigarettes and I Will Be Right Back,2011,Comedy|Fantasy,7.0,24,0.1637,es
217665,Savages Crossing,2011,Thriller|Horror,3.3,12,0.1261,en
132546,Playoff,2011,Drama,4.5,11,0.1957,en
57469,Patrice O'Neal: Elephant in the Room,2011,Comedy,7.786,42,0.1761,en
83927,Harley's Hill,2011,Family,4.4,12,0.183,en
81350,KickOff,2011,Comedy,5.2,16,0.2023,en
90433,Sound It Out,2011,Documentary|Music,6.2,13,0.206,en
109260,Journey to Portugal,2011,Romance|Drama,6.7,10,0.1389,pt
91929,The Arrival of Wang,2011,Science Fiction|Mystery|Thriller,5.7,41,0.262,it
110957,Leader-Sheep,2011,Documentary,7.0,18,0.3583,fr
123957,Bobby Yeah,2011,Animation|Horror,7.1,38,0.1708,en
81215,Kinyarwanda,2011,Drama|Romance,6.0,10,0.1516,en
83474,Renée,2011,Documentary,4.5,10,0.2041,en
143847,A Fox Tale,2011,Animation|Fantasy|Action|Adventure,6.7,12,0.1371,fr
81722,An Extremely Nutty Teacher,2011,Comedy|Family,6.9,23,0.1616,pt
86982,Svensson  Svensson - In Sickness and in Health,2011,Comedy,3.8,13,0.1653,sv
85500,Les Enfoirés 2011 - Dans l'oeil des Enfoirés,2011,Music,5.8,10,0.1514,fr
66682,Bachelor Days Are Over,2011,Comedy|Romance,4.9,21,0.2267,fr
63363,Kutsal Damacana: Dracoola,2011,Comedy|Horror|Fantasy,2.429,28,0.1437,tr
129486,Las Palmas,2011,Comedy|Drama,6.6,12,0.2613,xx
114163,Todos hemos pecado,2011,Drama|Comedy,6.3,28,0.1952,es
81719,Tajemství staré bambitky,2011,Family|Music,6.5,13,0.1558,cs
207345,1313: Haunted Frat,2011,Thriller|Horror,2.8,11,0.1636,en
84391,My Sucky Teen Romance,2011,Horror|Comedy|Romance,5.6,12,0.2217,en
83286,La daga de Rasputín,2011,Comedy|Adventure,4.977,22,0.2775,es
89750,Pink Ribbons  Inc.,2011,Documentary,6.6,13,0.2034,en
73350,Talihina Sky: The Story of Kings of Leon,2011,Music|Documentary,6.1,15,0.1659,en
288450,Mainline,2011,Drama,6.6,13,0.1389,fa
75309,Derren Brown: Miracles for Sale,2011,Documentary,7.8,11,0.1731,en
156666,Mystery at Moulin Rouge,2011,Drama|Crime|Thriller|TV Movie,5.3,11,0.2272,fr
276871,Forever's Gonna Start Tonight,2011,Drama,5.4,11,0.1412,en
254267,Kill,2011,Unknown,7.0,28,0.1508,en
115712,Either Way,2011,Drama|Comedy,6.0,12,0.2183,is
89461,Luminaris,2011,Animation|Family,7.0,32,0.1636,es
92117,Anderson Silva: Like Water,2011,Documentary,6.1,31,0.1576,pt
97008,Farmageddon,2011,Documentary,4.9,14,0.1815,en
82760,Avalon,2011,Drama|Thriller,5.4,14,0.2174,sv
74310,Hell and Back Again,2011,Documentary,6.3,43,0.2081,en
75533,The Poolboy,2011,Comedy,5.4,33,0.1687,es
84904,Italy: Love It  or Leave it,2011,Documentary|Adventure|Drama,6.0,10,0.1212,it
79004,Punk's Not Dead,2011,Comedy|Drama,5.1,11,0.1225,mk
89456,Outside Satan,2011,Drama|Mystery,6.6,74,0.1933,fr
61905,Love Storming,2011,Comedy,5.9,25,0.2526,es
116829,Attack of the Herbals,2011,Horror|Comedy,4.7,17,0.1877,en
266588,Gold and Copper,2011,Drama,6.5,21,0.1447,fa
70742,Arschkalt,2011,Comedy,5.1,15,0.1637,de
95361,Winter Vacation,2011,Drama,6.9,10,0.1932,zh
64282,Chop Kick Panda,2011,Family|Animation|Comedy,2.4,12,0.154,en
307732,Mad Max: Renegade,2011,Action|Adventure|Science Fiction|Thriller,5.9,21,0.2033,en
285726,The Boy Who Couldn't Swim,2011,Drama,5.9,23,0.2081,da
123979,To Die By Your Side,2011,Animation|Comedy|Fantasy|Adventure,6.8,24,0.2355,en
103195,The Substance: Albert Hofmann's LSD,2011,Documentary,6.9,22,0.2313,de
395885,Barbie: A Camping We Will Go,2011,Animation,5.8,13,0.1418,en
77956,The Cardboard Village,2011,Drama,5.7,12,0.1483,it
62258,Storm,2011,Drama|Thriller|Animation,7.8,19,0.129,en
72003,Dark Nemesis,2011,Action|Fantasy,5.0,11,0.2708,en
471925,I Screamed When I Knew What You Did in Friday the 13th of Last Summer Part 2 - I Saw the Hour of the Return of the Revenge in Halloween,2011,Comedy|Horror,6.9,19,0.2963,pt
138167,One Love,2011,Drama|Romance,5.7,12,0.1368,es
65020,The Taint,2011,Action|Comedy|Horror,4.375,40,0.1908,en
61087,Ispansi (¡Españoles!),2011,Drama,5.9,18,0.1089,es
61123,Vares: The Girls of April,2011,Crime|Action,5.3,29,0.2065,fi
190946,Curb Dance,2011,Comedy,5.6,25,0.1493,en
63140,Breaking and Entering,2011,Documentary,6.2,11,0.1258,en
80469,Groenten uit Balen,2011,Drama|History,6.0,21,0.1748,nl
115400,The Woodmans,2011,Documentary,5.8,10,0.1827,en
444980,Birdboy,2011,Fantasy|Adventure|Animation|Drama,6.955,33,0.1384,es
132951,Summer of Giacomo,2011,Comedy|Drama,6.2,16,0.1374,it
85660,The Bad Intentions,2011,Comedy|Drama,6.2,13,0.133,es
81619,Better This World,2011,Documentary,6.9,13,0.1043,en
65992,How to Die in Oregon,2011,Documentary,8.06,25,0.1336,en
91973,Lollipop Monster,2011,Drama,4.85,20,0.2618,de
238997,Louis Theroux: America's Most Dangerous Pets,2011,Documentary|TV Movie,7.32,25,0.233,en
390244,With My Heart in Yambo,2011,Documentary,8.261,23,0.1199,es
155382,A Mysterious World,2011,Drama,6.05,10,0.1315,es
281229,Potpourri,2011,Horror|Comedy|Fantasy|Mystery|Adventure,6.8,13,0.0974,en
154552,In the Open,2011,Drama,5.5,12,0.34,es
232759,Elefante,2011,Drama|Fantasy,5.5,10,0.1476,es
70752,The Sandman,2011,Comedy|Drama|Fantasy,6.472,18,0.1285,de
649788,Ray Charles - Live in France 1961,2011,Music|Documentary,7.2,73,0.313,en
58887,When Harry Tries to Marry,2011,Comedy|Romance,5.9,11,0.1255,en
346415,Empirical Study on the Influence of Sound on the Persistence of Vision,2011,Documentary,4.4,22,0.1587,fr
111769,Grand Prix: The Killer Years,2011,Documentary,6.4,18,0.1241,en
67314,Prey,2011,Adventure|Drama|Horror|Mystery|Thriller,5.2,36,0.13,fr
70905,Too Much Pussy! Feminist Sluts: A Queer X Show,2011,Documentary|Adventure|Comedy,3.8,10,0.1686,fr
155570,The Wholly Family,2011,Fantasy,5.583,24,0.1146,en
83371,Fuck My Weddin‪g,2011,Comedy|Romance,4.4,22,0.1179,es
111411,At Night I Fly,2011,Documentary,5.393,14,0.0798,en
136972,Biohazard: Patient Zero,2011,Science Fiction|Action,5.0,15,0.1512,en
118622,The Disco Exorcist,2011,Horror|Comedy,4.0,10,0.1146,en
78855,The First on the List,2011,Comedy|Drama,6.1,18,0.3325,it
61942,Se sei così  ti dico sì,2011,Comedy,4.7,45,0.2771,it
547185,Les secrets de l'invisible,2011,Comedy,5.1,10,0.1218,fr
137423,Beautiful,2011,Drama|Music,6.8,21,0.2138,ml
1222742,Naruto Shippuden: Dreamers Fight,2011,Action|Fantasy,7.5,12,0.159,ja
210729,33 Teeth,2011,Comedy|Drama,5.7,12,0.135,en
79472,Pigeons on the Roof,2011,Comedy|Romance,6.6,14,0.1418,de
139359,Foxes,2011,Horror|Drama,5.7,13,0.1034,en
71868,One Way Trip,2011,Horror,5.3,26,0.1662,en
263253,Special Flight,2011,Documentary,6.357,14,0.1001,fr
58555,Au bistro du coin,2011,Comedy,3.6,16,0.2721,fr
124277,The Maker,2011,Animation|Music|Fantasy,7.544,160,0.1224,en
69352,Our Grand Despair,2011,Drama,6.5,38,0.2299,tr
71262,Battle of the Sexes,2011,Comedy|Romance,2.9,14,0.1465,pl
294376,Children,2011,Animation,6.9,15,0.1072,ja
74321,Planet of the Vampire Women,2011,Science Fiction|Horror,4.1,11,0.2308,en
56304,Satisfaction,2011,Drama,5.667,15,0.1557,ru
117678,Dans la peau d'une grande,2011,Comedy|TV Movie,5.7,29,0.1051,fr
123969,The Backwater Gospel,2011,Western|Horror|Animation,7.1,39,0.117,en
79310,Sarah Millican: Chatterbox Live,2011,Comedy,7.2,10,0.1837,en
162476,Cinematic Correspondences: Jonas Mekas - J.L. Guerin,2011,Unknown,7.0,12,0.1035,en
82929,In the Family,2011,Drama,6.7,41,0.2237,en
274977,Film,2011,Unknown,5.2,12,0.1163,en
85579,The Karadedeler Incident,2011,Horror|Thriller,2.464,14,0.2293,tr
235537,1313: Nightmare Mansion,2011,Action|Horror|Thriller,4.3,11,0.2134,en
80170,A Russell Peters Christmas,2011,Comedy|TV Movie,3.933,15,0.1542,en
322682,The Houses October Built,2011,Documentary|Horror,5.1,14,0.1382,en
143818,The Last Fine Day,2011,Drama|TV Movie,7.5,18,0.0966,de
293743,Spoon Wars,2011,Comedy|Science Fiction|Horror,5.0,10,0.144,en
355156,Chiruri,2011,Animation|Drama|Fantasy|Romance|Horror,6.7,11,0.176,ja
80442,Ligabue Campovolo - Il film,2011,Documentary|Music,6.9,25,0.0904,it
86517,It's Such a Beautiful Day,2011,Animation|Drama|Comedy,7.815,119,0.1358,en
82688,El Bulli: Cooking in Progress,2011,Documentary,5.3,13,0.163,es
105675,Paraísos artificiales,2011,Drama,6.0,12,0.1623,en
810516,Max Steel: Makino's Revenge,2011,Action|Adventure|Animation,7.1,13,0.1465,en
76778,Justin Bieber: Rise to Fame,2011,Documentary,2.0,13,0.1855,en
223307,Over the Edge,2011,Comedy|Thriller|Romance,3.9,12,0.1048,en
85253,This Is the Story of an Italian Rock Star,2011,Drama|Documentary|Music,6.5,11,0.1337,it
58859,The Light Thief,2011,Drama,5.1,16,0.1027,ky
663414,Android Re-Enactment,2011,Science Fiction|Horror|Comedy,7.1,67,0.2226,en
85544,Back to Stay,2011,Drama,5.8,24,0.1269,es
249131,Soulbound,2011,Drama|Romance,6.2,17,0.1654,pt
80161,Finding Mr. Wright,2011,Comedy|Romance,5.357,14,0.1182,en
138061,American Juggalo,2011,Documentary|Music,6.7,17,0.1778,en
66605,Russell Peters: The Green Card Tour,2011,Comedy,6.5,29,0.0931,en
78807,Rosa,2011,Science Fiction|Animation|Action,5.3,19,0.1724,xx
512450,Lord,2011,Drama,7.5,51,0.1572,ro
82115,Skew,2011,Horror|Thriller|Mystery,4.042,48,0.1246,en
681505,Moto Guzzi,2011,Drama,5.7,10,0.0848,tr
307903,The Gate,2011,Science Fiction,6.4,11,0.1138,en
72057,Sorelle Mai,2011,Drama,6.0,14,0.1659,it
80983,Ata Demirer: Tek Kişilik Dev Kadro 2,2011,Comedy,6.647,17,0.1378,tr
236423,A Reckoning,2011,Drama|Horror|Mystery,7.0,10,0.1102,en
85819,Some Days Are Better Than Others,2011,Drama,4.4,10,0.2054,en
78288,Unhappy Birthday,2011,Horror|Thriller|Mystery,3.4,10,0.1284,en
81648,Nainsukh,2011,History|Drama,6.6,10,0.1411,ks
415814,Where is Robert Fisher?,2011,Documentary|Crime,6.5,13,0.1038,en
211697,Dad Made Dirty Movies,2011,Documentary,6.6,10,0.1002,en
86532,Paths of Hate,2011,Action|Animation,7.3,34,0.0969,en
90873,Last Days Here,2011,Documentary|Music,7.328,29,0.138,en
419468,Marcel the Shell with Shoes On  Two,2011,Comedy|Animation,6.9,32,0.1593,en
89689,Reverón,2011,Drama|History,4.9,11,0.1109,es
101843,Là-Bas: A Criminal Education,2011,Drama|Crime,6.1,10,0.0941,it
69396,A Cold Day in Hell,2011,Action|Western|Thriller,3.409,11,0.1158,en
97972,Code 2600,2011,Documentary,7.0,11,0.1235,en
71191,La Planque,2011,Comedy,6.7,10,0.115,fr
78796,Irene Huss 11: I skydd av skuggorna,2011,Crime|Drama|Thriller|Mystery,5.7,11,0.2041,sv
186382,Kingdom of the Oceans,2011,Documentary,6.8,10,0.0884,fr
226204,Venus in the Garden,2011,Drama,4.3,10,0.1383,el
147679,She Is Not Crying  She Is Singing,2011,Drama,4.9,11,0.1153,fr
124697,Almeno tu nell'universo,2011,Romance,5.8,36,0.1182,it
79036,Chocolate Kisses,2011,Comedy,5.515,99,0.1163,it
254527,Songs,2011,Documentary|Music,7.273,11,0.1335,pt
77615,Schellebelle 1919,2011,Drama,6.9,12,0.0792,nl
89902,Nana,2011,Drama,6.364,11,0.1311,fr
268956,Bubblegum and Broken Fingers,2011,Western|Crime|Drama,3.273,11,0.0907,en
593876,Jennifer Lopez | iHeartRadio Music Festival 2011,2011,Music|Documentary,9.6,18,0.1553,en
179404,Looking for Simon,2011,Drama,5.7,18,0.3334,de
187632,El Guachiman,2011,Comedy|Crime|Romance,6.4,10,0.1696,es
102866,Old Dog,2011,Drama,6.5,10,0.1967,bo
375384,Lie Detector,2011,Comedy,7.417,48,0.0799,en
389422,In the Name of the Daughter,2011,Drama,7.8,13,0.0847,es
257190,Question Mark,2011,Drama,6.0,10,0.1644,id
131477,Dark Resurrection Volume 0,2011,Science Fiction|Action,6.3,11,0.0791,it
275471,Barney: A Very Merry Christmas: The Movie,2011,Family|Music,8.2,11,0.1638,en
109495,Under Control,2011,Documentary,6.6,14,0.0839,de
79955,On the Beat,2011,Music|Romance,5.4,15,0.0787,fr
178227,Go Go Crazy,2011,Comedy,4.4,10,0.1081,en
116442,Tune for Two,2011,Drama,6.9,16,0.1253,sv
128499,Green,2011,Drama,5.1,14,0.1514,en
186689,The Man Who Was Afraid of Falling,2011,Animation|Comedy,6.45,10,0.0662,en
75680,The PHD movie,2011,Comedy,6.7,15,0.1894,en
83339,Muta,2011,Fantasy,5.462,13,0.1221,es
71774,Irene Huss 8: Det lömska nätet,2011,Crime|Drama|Mystery|Thriller,5.7,11,0.0991,sv
160494,Hold Your Peace,2011,Comedy|Romance,3.1,16,0.087,en
288250,Sinister,2011,Horror|Mystery,4.6,13,0.0841,en
76479,Deceived,2011,Thriller|Crime|Drama,6.958,12,0.1322,en
84857,My Life in Orange,2011,Comedy,5.3,30,0.2049,de
442472,In Harm's Way,2011,Drama|Thriller|Mystery,8.5,11,0.0923,en
325372,Rated R for Nudity,2011,Comedy|Animation,5.0,38,0.1577,en
311218,A Very Pink Christmas,2011,Animation|Comedy,6.1,10,0.0761,en
390686,Silence in Paradise,2011,Drama,8.25,28,0.1091,es
232074,The Return,2011,Drama,5.9,10,0.0759,es
87150,Together Forever,2011,Comedy|Romance|Drama,7.4,27,0.1219,es
69088,Reaction Time,2011,Drama|Horror|Thriller,5.9,21,0.1038,en
109146,Ecotopia,2011,Comedy,5.862,29,0.0711,tr
96574,Gerhard Richter Painting,2011,Documentary,6.8,20,0.0635,en
80362,Savage,2011,Drama|Thriller,5.3,12,0.0696,sv
85454,Michel Petrucciani,2011,Documentary|Music,6.6,13,0.0659,en
78798,Dany Boon - Trop stylé,2011,Comedy,6.5,10,0.0985,fr
362800,Hannibal Before the Gates,2011,Drama,6.3,16,0.0523,en
166634,G,2011,Crime|Comedy,6.0,13,0.0673,es
130973,Wasted Youth,2011,Drama,5.5,15,0.0763,el
81661,Tilva Ros,2011,Drama|Romance,5.8,18,0.1248,sr
168339,Ecumenopolis: City Without Limits,2011,Documentary,7.6,14,0.1028,tr
255510,Muybridge's Strings,2011,Animation,6.0,11,0.1347,ja
114913,Break My Fall,2011,Drama,1.9,10,0.0639,en
91512,Sunday,2011,Animation,5.7,29,0.1272,fr
350724,3%,2011,Science Fiction|Drama,6.9,11,0.0973,pt
103812,Nature,2011,Thriller,3.7,10,0.1537,en
101411,23-F: la película,2011,History|Drama,5.5,33,0.0931,es
814244,Children Are Born,2011,Thriller|Horror,7.478,23,0.0912,ru
75279,Derren Brown: Enigma,2011,Documentary,8.3,12,0.2379,en
336598,The Ideal,2011,Thriller|Fantasy|Horror,3.5,11,0.0756,en
1136091,Fantasy,2011,Animation|Horror|Music,9.1,10,0.0996,en
98065,Girl Walk // All Day,2011,Music,7.5,14,0.096,en
61824,Our Daily Poison,2011,Documentary,6.2,10,0.0935,fr
436687,Respect,2011,Comedy|Drama,4.882,17,0.105,fr
219441,Elegy to the Visitor From the Revolution,2011,Drama,6.389,18,0.0561,tl
257237,The Castle,2011,Documentary,6.8,18,0.0964,it
247690,Strokkur,2011,Documentary,4.8,10,0.0818,pt
62078,Square Grouper,2011,Documentary,6.2,12,0.089,en
160373,The Shady Sailor,2011,Comedy,5.8,12,0.0665,fr
86380,The Umbrella Man,2011,Documentary,7.4,11,0.051,en
106181,Habanastation,2011,Fantasy|Family|Drama,7.7,14,0.0673,es
81663,The Tiniest Place,2011,Documentary,8.1,11,0.1647,es
101923,Car's Life 2,2011,Animation|Family,2.769,13,0.0484,en
517099,My Last Day,2011,Animation|Drama,8.7,12,0.0423,en
366214,Boys Village,2011,Drama|Fantasy|Horror,5.4,10,0.0527,en
79714,Kev Adams - The Young Man Show,2011,Comedy,6.8,45,0.0473,fr
67282,Rafinha Bastos: A Arte do Insulto,2011,Comedy,7.4,16,0.0445,en
91516,A Morning Stroll,2011,Animation,6.684,19,0.0379,en
137008,Small Roads,2011,Documentary,6.8,14,0.053,en
94205,Exaella,2011,Animation|Action|Drama|Science Fiction,4.65,10,0.0143,en
253445,Eternal Flame of Gehenna,2011,Documentary,5.8,13,0.0528,fi
165181,Abiogenesis,2011,Science Fiction|Animation,5.844,32,0.0553,en
869767,The Trial of Adolf Eichmann,2011,Documentary,6.7,12,0.0547,en
117633,Melting Away,2011,Drama,6.0,15,0.0596,he
172617,The Vengeance,2011,Comedy|Drama,3.1,11,0.0338,fr
83891,Unauthorized: The Harvey Weinstein Project,2011,Documentary,5.1,14,0.0743,en
100858,Hellacious Acres: The Case of John Glass,2011,Comedy|Science Fiction,3.4,10,0.0393,en
107515,Hatsune Miku Live Party 2011 (MikuPa)/Sapporo,2011,Music,8.4,14,0.0387,ja
70637,Just Do It: A Tale of Modern-day Outlaws,2011,Documentary,5.5,11,0.0505,en
133179,River Rites,2011,Documentary,6.6,10,0.0264,en
78339,Memory Lane,2011,Thriller|Crime|Science Fiction,4.9,22,0.0286,en
63687,Circo,2011,Documentary,7.1,10,0.0214,en
109722,Robots of Brixton,2011,Animation|Action|Science Fiction,4.5,14,0.0143,en
117127,The Death of Pinochet,2011,Documentary|History,4.8,11,0.0261,es
621557,Red,2011,Unknown,5.5,13,0.0311,en
191847,Splitscreen: A Love Story,2011,Romance,6.0,10,0.0143,en
80717,Violeta Went to Heaven,2011,Drama|Music,6.721,52,0.0197,es
92321,Hotarubi no Mori e,2011,Romance|Animation|Fantasy,8.257,1218,0.0103,ja
