id,title,release_year,genres,vote_average,vote_count,popularity,original_language
216015,Fifty Shades of Grey,2015,Drama|Romance|Thriller,5.868,12394,29.8255,en
150540,Inside Out,2015,Animation|Family|Adventure|Drama|Comedy,7.91,23465,20.6409,en
99861,Avengers: Age of Ultron,2015,Action|Adventure|Science Fiction,7.273,24452,19.8185,en
263472,Knock Knock,2015,Horror|Thriller|Crime,5.389,3487,21.6706,en
168259,Furious 7,2015,Action|Crime|Thriller,7.218,11288,18.4556,en
214756,Ted 2,2015,Comedy|Fantasy,6.324,8002,16.8924,en
292431,Love,2015,Drama|Romance,6.456,2669,16.1815,fr
286217,The Martian,2015,Science Fiction|Drama|Adventure,7.699,21236,14.8314,en
76341,Mad Max: Fury Road,2015,Action|Adventure|Science Fiction,7.634,24098,14.9447,en
338803,The Treacherous,2015,Drama|History|Crime,6.1,91,13.2523,ko
135397,Jurassic World,2015,Adventure|Science Fiction|Thriller,6.701,21589,13.5263,en
375846,Bad Sister,2015,Thriller|TV Movie,6.603,248,14.7459,en
150689,Cinderella,2015,Romance|Fantasy|Family|Drama,6.824,7394,13.7757,en
198184,Chappie,2015,Crime|Action|Science Fiction,6.8,8484,12.4941,en
387848,Buddy's Mom,2015,Drama|Romance,5.7,15,12.8721,ko
140607,Star Wars: The Force Awakens,2015,Adventure|Action|Science Fiction,7.249,20554,11.6032,en
87101,Terminator Genisys,2015,Science Fiction|Action|Thriller,5.956,8976,12.9585,en
273481,Sicario,2015,Action|Crime|Thriller,7.4,9567,11.5225,en
281957,The Revenant,2015,Western|Drama|Adventure,7.541,19327,10.2001,en
207703,Kingsman: The Secret Service,2015,Crime|Comedy|Action|Adventure,7.62,17826,10.3837,en
273477,Scouts Guide to the Zombie Apocalypse,2015,Comedy|Horror,6.569,2127,9.7906,en
294254,Maze Runner: The Scorch Trials,2015,Science Fiction|Action|Thriller|Adventure,6.73,11031,10.824,en
102899,Ant-Man,2015,Science Fiction|Adventure|Action,7.066,20870,10.6865,en
206647,Spectre,2015,Action|Adventure|Thriller,6.569,11251,9.8757,en
257344,Pixels,2015,Action|Comedy|Science Fiction,5.779,8046,9.0865,en
273248,The Hateful Eight,2015,Drama|Mystery|Western,7.756,15289,14.4007,en
312221,Creed,2015,Drama,7.408,7957,9.3991,en
94365,The Human Centipede 3 (Final Sequence),2015,Horror,3.776,852,9.0549,en
257211,The Intern,2015,Comedy,7.231,7334,8.8508,en
318256,Hot Girls Wanted,2015,Documentary,6.114,728,8.7425,en
365045,Heidi,2015,Adventure|Family|Drama,7.242,434,11.9657,de
318846,The Big Short,2015,Comedy|Drama,7.368,9852,8.4457,en
177677,Mission: Impossible - Rogue Nation,2015,Action|Adventure,7.223,9716,8.272,en
323260,The Gigolo,2015,Romance|Drama|Comedy,5.411,45,8.0222,cn
265208,Wild Card,2015,Thriller|Crime|Action,5.705,1942,8.455,en
307081,Southpaw,2015,Action|Drama,7.364,5818,7.7239,en
262500,Insurgent,2015,Action|Science Fiction|Thriller,6.4,10441,8.1093,en
105864,The Good Dinosaur,2015,Adventure|Animation|Family,6.744,6000,8.2565,en
264660,Ex Machina,2015,Drama|Science Fiction,7.573,14270,7.1051,en
270303,It Follows,2015,Horror|Mystery,6.584,6917,7.9682,en
276907,Legend,2015,Crime|Thriller,7.053,4283,7.1078,en
324558,X-Rated: The Greatest Adult Movies of All Time,2015,Documentary,6.415,195,7.4119,en
76757,Jupiter Ascending,2015,Science Fiction|Fantasy|Action,5.467,7119,7.9444,en
277217,Descendants,2015,Family|Adventure|Fantasy|TV Movie|Music,7.158,2510,7.4309,en
280092,Insidious: Chapter 3,2015,Horror|Thriller,6.3,3614,8.4704,en
159824,Hotel Transylvania 2,2015,Animation|Comedy|Family|Fantasy,6.764,6127,7.4059,en
254128,San Andreas,2015,Action|Drama|Thriller,6.246,9019,6.9336,en
254470,Pitch Perfect 2,2015,Comedy|Music,6.842,5522,6.2278,en
131634,The Hunger Games: Mockingjay - Part 2,2015,Action|Adventure|Science Fiction,6.902,13346,7.0161,en
238713,Spy,2015,Action|Comedy|Crime,6.832,6400,6.6355,en
360784,Hidden,2015,Thriller|Horror,6.935,1186,6.4797,en
274167,Daddy's Home,2015,Comedy,6.299,3440,6.7984,en
357096,I Spit on Your Grave III: Vengeance Is Mine,2015,Horror,5.8,1060,5.9191,en
228161,Home,2015,Fantasy|Comedy|Animation|Science Fiction|Family,6.787,4226,6.8423,en
228165,The SpongeBob Movie: Sponge Out of Water,2015,Adventure|Animation|Comedy|Family|Fantasy,6.1,2529,6.4101,en
258480,Carol,2015,Romance|Drama,7.495,3963,5.6539,en
241251,The Boy Next Door,2015,Thriller,4.933,2117,6.184,en
158852,Tomorrowland,2015,Adventure|Family|Mystery|Science Fiction,6.3,7362,7.9199,en
277216,Straight Outta Compton,2015,Drama|Music|History,7.775,4192,6.5476,en
370665,Dilwale,2015,Crime|Action|Comedy,6.6,344,5.1279,hi
296099,Vacation,2015,Comedy|Adventure,6.308,3986,5.6468,en
293863,The Age of Adaline,2015,Romance|Fantasy|Drama,7.466,7095,5.0854,en
203801,The Man from U.N.C.L.E.,2015,Comedy|Action|Adventure,7.079,6871,5.8953,en
303857,Dragon Ball Z: Resurrection 'F',2015,Action|Animation|Science Fiction,6.88,2029,6.0533,ja
328480,Kept Woman,2015,Thriller|TV Movie|Mystery,6.45,80,5.4653,en
211672,Minions,2015,Family|Animation|Adventure|Comedy,6.418,11101,5.6606,en
347201,Boruto: Naruto the Movie,2015,Adventure|Action|Animation|Comedy|Fantasy,7.462,1661,5.1896,ja
386716,Young Mother 3,2015,Romance,6.0,18,5.3488,ko
359364,Human,2015,Documentary,8.434,311,4.5493,fr
258509,Alvin and the Chipmunks: The Road Chip,2015,Family|Comedy|Music|Adventure|Animation,6.035,1761,4.5992,en
256591,Focus,2015,Romance|Comedy|Crime,6.871,8288,4.8349,en
274854,The Last Witch Hunter,2015,Action|Adventure|Fantasy,6.015,3847,7.2372,en
266647,Pan,2015,Fantasy|Adventure|Family|Action,6.0,2849,4.3339,en
296098,Bridge of Spies,2015,Thriller|Drama,7.24,7275,4.2635,en
254320,The Lobster,2015,Comedy|Drama|Romance,7.026,6897,4.5085,en
362045,Bajirao Mastani,2015,History|Romance|Drama,7.259,307,4.6416,hi
351523,Purpose of Reunion,2015,Romance|Drama,6.439,33,5.0201,ko
166424,Fantastic Four,2015,Action|Adventure|Science Fiction,4.437,6407,5.4236,en
340819,Love Clinic,2015,Drama|Comedy|Romance,6.7,23,4.4414,ko
387820,Strange Hair Salon,2015,Romance|Drama,6.708,12,4.5684,ko
243688,Poltergeist,2015,Horror,5.228,2391,4.4359,en
249070,Hitman: Agent 47,2015,Action|Crime|Thriller,5.902,3294,4.3495,en
334074,Survivor,2015,Action|Crime|Mystery|Thriller,5.696,1081,4.7472,en
238615,Self/less,2015,Science Fiction|Action|Thriller,6.421,3299,4.3062,en
295830,Attack on Titan,2015,Horror|Action|Science Fiction,6.1,834,4.5199,ja
257445,Goosebumps,2015,Adventure|Horror|Comedy,6.313,3981,4.8245,en
257088,Point Break,2015,Action|Adventure|Crime|Thriller,5.961,2446,4.2899,en
297721,Gangnam Blues,2015,Action|Crime|Thriller,6.4,94,3.563,ko
287948,The Transporter Refueled,2015,Action|Thriller|Crime,5.518,1599,4.359,en
314365,Spotlight,2015,Drama|History,7.814,8797,4.3677,en
228205,The Longest Ride,2015,Drama|Romance,7.625,3324,4.4943,en
306819,The Danish Girl,2015,Drama,7.545,5952,3.8909,en
390845,A Delicious Flight,2015,Romance,4.4,70,3.8659,ko
298312,The Visit,2015,Horror|Thriller,6.322,5174,4.3366,en
264644,Room,2015,Drama|Thriller,7.994,9696,4.2805,en
201088,Blackhat,2015,Crime|Thriller|Action,5.516,2185,3.4208,en
253412,Everest,2015,Adventure|Drama|History,6.826,5227,4.0185,en
227973,The Peanuts Movie,2015,Comedy|Animation|Family,6.963,1791,4.6292,en
339527,Solace,2015,Thriller|Crime|Mystery,6.433,2382,3.7708,en
283445,Sinister 2,2015,Horror,5.9,2300,3.9683,en
365952,The Third Way of Love,2015,Romance|Drama,6.6,22,4.1629,zh
335462,Wolf Warrior,2015,Action|War,6.213,282,4.5033,zh
192141,No Escape,2015,Thriller|Action,6.94,2721,4.3443,en
227719,Project Almanac,2015,Science Fiction|Thriller,6.79,2858,3.564,en
294963,Bone Tomahawk,2015,Western|Horror|Drama,6.879,2532,4.2359,en
86828,Absolutely Anything,2015,Comedy|Science Fiction,5.9,1635,4.4326,en
287424,Maggie,2015,Horror|Drama|Science Fiction,5.4,1679,5.1062,en
256040,Bāhubali: The Beginning,2015,Action|Drama,7.533,928,4.1871,te
340382,Attack on Titan II: End of the World,2015,Horror|Science Fiction|Action,6.2,400,3.4351,ja
287903,Krampus,2015,Horror|Comedy|Fantasy,6.2,2394,3.498,en
205775,In the Heart of the Sea,2015,Thriller|Drama|Adventure|Action|History,6.761,4355,3.9841,en
350725,The Virgin Psychics,2015,Comedy|Science Fiction,5.4,69,3.3034,ja
309809,The Little Prince,2015,Adventure|Animation|Fantasy|Family,7.613,2978,3.95,en
201085,Crimson Peak,2015,Horror|Mystery|Romance|Drama,6.66,5249,4.1305,en
483685,Tokyo Ghoul: Jack,2015,Horror|Action|Animation|Drama,7.644,97,2.9169,ja
332672,Obsession,2015,Romance|Thriller,6.3,228,4.0795,nl
342878,One Wild Moment,2015,Drama|Romance,5.834,1073,3.9804,fr
271718,Trainwreck,2015,Comedy|Romance,5.783,2722,4.7509,en
257091,Get Hard,2015,Comedy,6.02,2908,3.2548,en
331576,SPL 2: A Time for Consequences,2015,Action|Crime|Thriller|Adventure|Drama,6.943,282,4.6606,cn
350499,Pokémon the Movie: Hoopa and the Clash of Ages,2015,Family|Adventure|Animation|Action|Fantasy,6.8,310,3.7263,ja
252838,The Wedding Ringer,2015,Comedy,6.5,1692,4.4688,en
261392,American Ultra,2015,Action|Comedy,6.093,2962,3.7098,en
299710,Being 14,2015,Drama,4.0,64,3.3555,fr
352173,Drishyam,2015,Mystery|Thriller|Drama,7.542,492,3.9192,hi
326359,Frozen Fever,2015,Animation|Family|Adventure|Comedy,6.833,1906,3.2008,en
253161,Madame Bovary,2015,Drama,5.7,419,2.4997,en
241554,Run All Night,2015,Action|Crime|Thriller,6.4,2976,3.9196,en
325358,Superfast!,2015,Comedy|Action,5.105,503,4.5863,en
274479,Joy,2015,Drama|Comedy,6.553,4284,4.4811,en
338676,Extinction,2015,Action|Adventure|Horror|Science Fiction|Thriller,6.304,767,3.1824,en
359678,Too Close to the Sun,2015,Drama,5.7,17,3.3645,fr
297556,Justice League: Throne of Atlantis,2015,Science Fiction|Action|Animation|Adventure,6.983,995,3.0531,en
299824,Mojin: The Lost Legend,2015,Action|Adventure|Fantasy,6.247,261,3.0628,zh
250225,The Duke of Burgundy,2015,Drama|Romance,6.348,374,3.4306,en
348631,Gourmet Detective: A Healthy Place to Die,2015,Drama|TV Movie|Mystery|Crime,6.676,51,1.8747,en
261023,Black Mass,2015,Drama|Crime|History,6.53,3600,3.3738,en
287284,Swung,2015,Romance|Drama,5.413,63,3.1379,en
365222,Ip Man 3,2015,Action|Drama|History,7.035,1929,3.864,cn
295964,Burnt,2015,Drama,6.527,3582,3.2258,en
250734,Far from the Madding Crowd,2015,Drama|Romance,7.0,1107,3.4568,en
325348,Hardcore Henry,2015,Action|Adventure|Science Fiction,6.41,2671,3.4478,en
328425,The Gift,2015,Thriller|Mystery|Drama,6.7,3492,4.2407,en
302429,Strange Magic,2015,Music|Animation|Family|Fantasy,7.224,565,4.2648,en
210860,Mortdecai,2015,Comedy|Adventure,5.521,2758,3.035,en
347969,The Ridiculous 6,2015,Western|Comedy|Action|Adventure,5.232,1527,2.8393,en
308024,The Overnight,2015,Mystery|Comedy,5.972,359,3.0654,en
315846,Our Little Sister,2015,Drama,7.573,558,4.1728,ja
351964,The Escort,2015,Drama|Comedy|Romance,5.951,450,3.773,en
317744,Careful What You Wish For,2015,Drama|Thriller,6.132,431,3.5146,en
263109,Shaun the Sheep Movie,2015,Family|Animation|Comedy|Adventure,6.99,1513,3.5053,en
181283,Child 44,2015,Crime|Thriller,6.286,1819,2.6368,en
351694,Monkey King: Hero Is Back,2015,Fantasy|Animation|Comedy,6.923,297,2.782,zh
355651,The Student,2015,Drama,4.7,13,2.6623,nl
290764,Tracers,2015,Action,6.016,1116,3.3053,en
316410,Bound,2015,Thriller|Drama,3.8,89,2.5231,en
188222,Entourage,2015,Comedy|Drama,6.239,1113,3.035,en
323272,War Room,2015,Drama,7.847,581,3.5485,en
315465,The Boy and the Beast,2015,Action|Adventure|Animation|Drama|Family|Fantasy,7.9,1604,2.8531,ja
280996,Mr. Holmes,2015,Drama|Crime|Mystery,6.5,1961,3.7402,en
316873,Detective Conan: Sunflowers of Inferno,2015,Animation|Crime|Adventure|Mystery,6.091,137,2.8817,ja
333167,Empire of Lust,2015,Romance|Drama|History,6.764,55,2.8645,ko
326215,Ooops! Noah Is Gone...,2015,Animation|Adventure|Comedy|Family,6.402,339,2.6747,en
347688,Scooby-Doo! and KISS: Rock and Roll Mystery,2015,Family|Animation|Comedy|Mystery,8.0,343,3.1565,en
296917,PSYCHO-PASS: The Movie,2015,Animation|Science Fiction|Action,7.0,242,3.1286,ja
304372,The Perfect Guy,2015,Drama|Thriller,5.726,341,2.3699,en
349176,Assassination Classroom,2015,Action|Comedy|Science Fiction,7.213,211,2.4755,ja
546822,Detective Conan: The Disappearance of Conan Edogawa - The Worst Two Days in History,2015,TV Movie|Animation|Mystery,7.081,37,2.3011,ja
345323,Unity,2015,Documentary,7.5,34,2.4281,en
167073,Brooklyn,2015,Romance|Drama|History,7.301,3267,2.7856,en
326425,Extraction,2015,Action|Thriller,4.548,403,2.1718,en
321741,Concussion,2015,Drama,7.075,2720,3.8019,en
300168,Dragon Blade,2015,Adventure|History|Action|Fantasy,6.415,632,2.9465,zh
272693,The DUFF,2015,Romance|Comedy,6.759,4473,2.3655,en
272878,Max,2015,Adventure|Drama|Family,7.113,932,1.9984,en
336004,Heist,2015,Action|Crime|Thriller|Drama,6.134,1001,3.8713,en
330141,Cosmic Sex,2015,Drama|Romance,6.1,33,2.613,bn
285783,The Walk,2015,History|Drama|Adventure,6.988,3383,2.6642,en
336560,Lake Placid vs. Anaconda,2015,Action|Comedy|Horror|Thriller,5.053,244,2.8578,en
332689,Playing with Dolls,2015,Horror,3.0,33,3.015,en
361539,Deep Trap,2015,Thriller|Drama|Crime|Horror,6.32,25,2.7689,ko
348892,Bajrangi Bhaijaan,2015,Comedy|Drama|Adventure,7.807,548,3.1181,hi
228066,Victor Frankenstein,2015,Drama|Science Fiction|Thriller,5.951,2278,3.6318,en
370964,I Am Dragon,2015,Fantasy|Romance,7.174,414,2.2954,ru
321697,Steve Jobs,2015,Drama|History,6.773,4374,2.3928,en
338729,The Beauty Inside,2015,Fantasy|Romance,7.65,283,2.0946,ko
277558,Final Girl,2015,Action|Drama|Thriller,5.254,737,3.8349,en
222936,Aloha,2015,Drama|Comedy|Romance,5.512,2160,2.8173,en
347847,The Sand,2015,Horror|Science Fiction|Comedy,5.105,266,3.2058,en
354251,Southbound,2015,Fantasy|Thriller|Horror|Science Fiction,5.934,670,3.1164,en
336882,The Wave,2015,Action|Thriller|Drama,6.689,1401,2.6083,no
298382,The Dressmaker,2015,Drama|Comedy,7.004,1763,3.2252,en
318917,Look Who's Back,2015,Comedy,6.801,1929,2.7807,de
334376,Ghost in the Shell: The New Movie,2015,Science Fiction|Animation,6.616,229,3.8322,ja
333381,Return to Sender,2015,Drama|Thriller,6.112,1271,2.7559,en
334298,Monster Hunt,2015,Comedy|Fantasy|Adventure,6.456,372,2.1575,zh
359246,Hell House LLC,2015,Horror|Mystery,6.463,633,2.4776,en
301351,We Are Your Friends,2015,Drama|Music|Romance|Comedy,6.794,2459,2.5014,en
333352,Eye in the Sky,2015,Drama|Thriller|War,7.0,1740,3.0069,en
308403,Homesick,2015,Drama,5.3,57,3.2533,no
310593,Youth,2015,Comedy|Drama|Romance,6.903,2213,2.144,it
268920,Hot Pursuit,2015,Action|Comedy,5.744,1734,3.012,en
256961,Paul Blart: Mall Cop 2,2015,Action|Comedy|Family,5.178,1693,3.1392,en
382517,Open Season: Scared Silly,2015,Animation|Comedy|Family|Adventure|TV Movie,5.945,383,2.5023,en
337876,Gabbar Is Back,2015,Drama|Action,6.891,138,2.2658,hi
348678,A Man Called Ove,2015,Comedy|Drama,7.6,1320,2.3687,sv
371236,Crayon Shin-chan: My Moving Story! Cactus Large Attack!,2015,Adventure|Animation|Comedy,6.989,47,2.2707,ja
369001,Urumbukal Urangarilla,2015,Thriller|Drama,5.5,10,1.4927,ml
323661,Mune: Guardian of the Moon,2015,Animation|Family|Adventure|Fantasy,7.291,598,2.5699,fr
357405,Girls und Panzer der Film,2015,Animation|Action|Comedy,7.009,56,2.4906,ja
290751,Secret in Their Eyes,2015,Thriller|Mystery|Crime,6.371,1437,2.2382,en
346646,Veteran,2015,Action|Crime|Comedy|Thriller,6.918,249,2.958,ko
293646,The 33,2015,Drama|History,6.399,989,2.551,en
314405,Tale of Tales,2015,Romance|Fantasy|Horror,6.43,1738,2.7952,it
355998,In the Room,2015,Comedy|Drama|Romance,4.6,38,2.4401,zh
354743,Lady Chatterley's Lover,2015,Romance|Drama,6.3,125,2.6305,en
254172,Fathers and Daughters,2015,Drama,7.139,1041,2.3865,en
350650,Doraemon: Nobita and the Space Heroes,2015,Comedy|Animation|Family|Adventure|Science Fiction|Fantasy,6.25,88,2.0626,ja
339274,Tamasha,2015,Romance|Drama|Comedy,6.95,170,1.8064,hi
371759,Doctor Who: The Husbands of River Song,2015,Drama|Science Fiction|Comedy,7.985,162,2.0617,en
370817,Kick 2,2015,Romance|Comedy|Action,4.5,12,1.1576,te
307663,Vice,2015,Thriller|Science Fiction|Action|Adventure,4.36,581,2.6404,en
167810,Lost River,2015,Drama|Fantasy|Thriller,5.699,642,2.716,en
310133,Cop Car,2015,Crime|Thriller,6.0,923,2.0967,en
332270,Battle for Sevastopol,2015,War|Drama|Romance,7.3,497,2.1079,ru
288036,Sleeping with Other People,2015,Comedy|Romance,6.276,980,3.306,en
248574,Barely Lethal,2015,Action|Comedy|Adventure|Romance,5.716,1110,1.9709,en
301875,Equals,2015,Drama|Romance|Science Fiction,6.118,1448,2.3308,en
335866,Circle,2015,Horror|Science Fiction|Mystery|Thriller,6.021,2131,2.3549,en
308504,Last Knights,2015,Action|Adventure,6.397,1152,2.3864,en
241257,Regression,2015,Horror|Mystery|Thriller,5.582,1890,1.994,en
323372,The Corpse of Anna Fritz,2015,Drama|Thriller,6.9,579,2.1188,es
362682,Goodbye Mr. Loser,2015,Romance|Comedy,7.127,153,2.4372,zh
86835,Knight of Cups,2015,Drama|Romance|Fantasy,5.7,724,2.1169,en
353595,LEGO DC Comics Super Heroes: Justice League - Attack of the Legion of Doom!,2015,Animation|Action|Adventure|Family|Comedy,6.597,145,2.3681,en
348523,VG4,2015,Horror,3.5,21,2.2397,en
306745,Freeheld,2015,Romance|Drama,7.202,675,1.9783,en
174751,Jane Got a Gun,2015,Western|Action|Drama,5.831,874,2.2804,en
316042,Hyena Road,2015,War|Drama|Thriller|Action,6.8,266,3.3195,en
301846,Howl,2015,Horror,5.56,563,3.1885,en
146301,Paranormal Activity: The Ghost Dimension,2015,Horror|Thriller,5.308,1471,2.4468,en
340176,Tag,2015,Horror|Action|Science Fiction|Drama|Fantasy,6.482,407,2.2102,ja
336845,Cleveland Abduction,2015,Drama|Crime|TV Movie,7.2,430,2.7848,en
266294,Sisters,2015,Comedy,5.958,1465,3.508,en
364111,The Anthem of the Heart,2015,Animation|Drama|Music|Romance,7.6,431,2.0276,ja
342185,Samurai Cat 2: A Tropical Adventure,2015,Comedy,5.0,15,1.2307,ja
354857,Regular Show: The Movie,2015,Animation|Comedy|Science Fiction|Adventure,7.9,434,2.355,en
304357,Woman in Gold,2015,Drama,7.277,1456,2.2895,en
271674,Suite Française,2015,Drama|Romance|War,7.2,1150,2.1066,en
353686,Visions,2015,Horror|Mystery,5.338,453,2.7641,en
364324,Chronicles of the Ghostly Tribe,2015,Adventure|Action|Thriller,6.148,220,2.0495,zh
264999,Magic Mike XXL,2015,Comedy|Drama,6.144,1860,2.0171,en
363093,The Tiger,2015,Action|History|Adventure|Drama,7.687,273,2.1209,ko
347200,Code Geass: Akito the Exiled 3: The Brightness Falls,2015,Action|Animation|Science Fiction,6.39,59,2.5812,ja
277355,Everly,2015,Thriller|Action,5.537,585,3.0823,en
339530,Tremors 5: Bloodlines,2015,Action|Adventure|Comedy|Horror|Science Fiction,5.55,458,2.0826,en
243938,Hot Tub Time Machine 2,2015,Comedy,5.184,1011,2.326,en
286565,Paper Towns,2015,Mystery|Drama|Romance,6.153,5180,2.3411,en
253450,The Assassin,2015,Drama|Action,6.4,556,1.9464,zh
291549,Assassination,2015,Action|Thriller|Drama,7.299,278,2.0705,ko
296100,The Night Before,2015,Comedy|Adventure|Fantasy,6.092,1831,1.9522,en
333658,Seeds of Yesterday,2015,TV Movie|Thriller|Drama,6.461,115,1.818,en
349498,Flying Colors,2015,Comedy|Drama,7.537,164,1.8459,ja
251516,Kung Fury,2015,Action|Comedy|Science Fiction|Fantasy,7.473,1966,2.8196,en
362136,Prem Ratan Dhan Payo,2015,Romance|Drama,5.3,123,1.6703,hi
297291,The Scorpion King 4: Quest for Power,2015,Action|Adventure|Fantasy,5.166,247,1.8881,en
318541,Casa Amor: Exclusive for Ladies,2015,Comedy|Romance,5.659,22,2.1863,ko
245168,Suffragette,2015,Drama|History,7.191,1677,2.1271,en
336313,Hell and Back,2015,Fantasy|Comedy|Animation|Adventure,5.278,214,1.9683,en
360055,Riot,2015,Action,5.59,194,2.8625,en
370232,Love at the End of the World,2015,Romance|Drama,5.5,10,2.1873,ko
228973,Backcountry,2015,Horror|Thriller|Drama,5.968,725,2.2152,en
403100,Scared Topless,2015,Comedy|Horror|Mystery|Romance,4.19,29,2.1544,en
460105,Revenge Porn: Love Is Dead,2015,Drama|Thriller,5.429,21,2.1753,ja
309299,Experimenter,2015,Drama|History,6.5,487,2.7525,en
310569,The Second Mother,2015,Drama,8.0,782,1.4531,pt
10317,Our Brand Is Crisis,2015,Comedy|Drama,5.872,530,2.1699,en
245698,Pawn Sacrifice,2015,Thriller|Drama,6.748,1066,2.1074,en
291270,Anomalisa,2015,Animation|Drama|Romance|Comedy,7.092,1832,2.0859,en
360603,Crown for Christmas,2015,Romance|TV Movie,7.0,204,1.8399,en
347183,Haikyu!! the Movie: The End and the Beginning,2015,Animation|Drama,8.398,44,1.9296,ja
299553,Shark Lake,2015,Thriller,3.557,79,2.8596,en
333348,Love the Coopers,2015,Comedy|Family|Drama,6.0,866,1.7747,en
331446,Sharknado 3: Oh Hell No!,2015,Action|Comedy|Horror|Science Fiction|TV Movie,4.6,529,1.8673,en
346808,Momentum,2015,Action|Crime|Thriller,5.655,581,1.8604,en
325813,Splitting Adam,2015,Comedy|Family|Science Fiction|TV Movie,6.891,124,1.6745,en
359245,Even Lambs Have Teeth,2015,Thriller|Horror,5.6,137,2.1238,en
274109,Palm Trees in the Snow,2015,Drama|History|Romance,7.373,542,2.5855,es
345235,Monk Comes Down the Mountain,2015,Action,5.119,109,1.631,zh
361069,Blush,2015,Drama|Romance,5.6,50,1.323,he
347413,Little Witch Academia: The Enchanted Parade,2015,Action|Animation|Fantasy|Comedy,7.191,118,2.8993,ja
336744,Coin Locker Girl,2015,Drama|Thriller,7.0,112,2.6663,ko
244316,Into the Grizzly Maze,2015,Action|Horror|Thriller,5.409,324,2.0948,en
308639,Dope,2015,Crime|Drama|Comedy,7.052,1587,2.99,en
319373,Sweet Bean,2015,Drama,7.4,603,2.733,ja
329984,From Vegas to Macau II,2015,Comedy,5.029,52,1.596,cn
308032,The Stanford Prison Experiment,2015,Thriller|Drama|History,6.827,992,1.6342,en
250124,The Diary of a Teenage Girl,2015,Drama|Romance|Comedy,6.578,787,2.129,en
234212,Demonic,2015,Thriller|Horror,5.298,531,1.6116,en
115874,Second Origin,2015,Drama|Science Fiction,4.762,21,2.298,ca
362057,Martyrs,2015,Horror|Mystery,5.1,330,1.7727,en
253344,Some Kind of Beautiful,2015,Comedy|Romance,5.6,609,1.6834,en
315509,Helios,2015,Action|Mystery|Adventure|Thriller,5.3,64,1.9069,cn
283235,99 Homes,2015,Drama|Crime,6.812,850,1.9173,en
308369,Me and Earl and the Dying Girl,2015,Drama|Comedy,7.5,2749,2.1888,en
286519,Boychoir,2015,Music|Drama,6.76,292,2.9691,en
347754,Curve,2015,Horror|Thriller,5.762,537,2.1135,en
373200,Detective Chinatown,2015,Comedy|Mystery|Action|Adventure,6.835,158,1.8695,zh
300803,Dragonheart 3: The Sorcerer's Curse,2015,Fantasy,5.401,267,2.0173,en
263471,I,2015,Thriller|Action|Romance,6.744,133,1.4675,ta
338065,Dil Dhadakne Do,2015,Drama|Family|Romance,6.862,159,1.9392,hi
361380,Barbie & Her Sisters in the Great Puppy Adventure,2015,Family|Animation|Adventure,7.07,286,1.5551,en
352205,Parched,2015,Drama,7.3,95,2.2174,hi
266396,The Gunman,2015,Action|Drama|Crime,5.754,1037,1.8708,en
348811,War Pigs,2015,War|Action,4.8,121,1.7195,en
335578,Land of Mine,2015,War|Drama|History,7.805,1472,2.0271,da
315112,Bright Night,2015,Drama|Mystery,4.56,58,1.4288,de
400823,Trap,2015,Thriller|Drama,4.4,11,1.862,ko
239573,Unfinished Business,2015,Comedy,5.459,869,1.8911,en
332169,Persona3 THE MOVIE #3 Falling Down,2015,Animation|Fantasy|Adventure,7.3,43,1.8261,ja
182560,Dark Places,2015,Thriller|Mystery|Drama|Crime,5.943,1366,1.948,en
309503,Zipper,2015,Thriller|Drama,5.517,172,1.7195,en
347187,Code Geass: Akito the Exiled 4: Memories of Hatred,2015,Action|Animation|Science Fiction,6.08,56,1.8219,ja
325173,Close Range,2015,Action|Crime|Thriller,6.5,328,2.0539,en
376504,Steel,2015,Romance|Drama,5.5,38,1.7261,en
323027,Justice League: Gods and Monsters,2015,Action|Animation|Fantasy|Adventure|Science Fiction,7.1,615,1.9374,en
300693,Truth,2015,Drama,6.538,527,1.9117,en
292362,Deep in the Heart,2015,Drama,7.7,90,2.027,zh
385125,Like Cattle Towards Glow,2015,Drama|Science Fiction,5.5,22,1.6661,en
243940,The Lazarus Effect,2015,Horror|Science Fiction|Thriller,5.306,1519,1.5985,en
256962,Little Boy,2015,Comedy|Drama|War,7.2,563,2.5217,en
321528,Batman vs. Robin,2015,Crime|Action|Adventure|Animation,7.229,991,1.5823,en
339145,The Girl in the Book,2015,Drama,5.8,161,1.7625,en
256924,Danny Collins,2015,Music|Comedy|Drama,6.738,582,1.8864,en
324314,Tab Hunter Confidential,2015,Documentary,7.271,59,1.6363,en
293970,The Final Girls,2015,Comedy|Horror,6.389,1402,2.2041,en
308027,People  Places  Things,2015,Romance|Comedy|Drama,6.541,217,1.5808,en
342588,The Empire of Corpses,2015,Animation|Horror|Science Fiction|Thriller,6.2,128,1.7232,ja
228203,McFarland  USA,2015,Drama|Family,7.5,944,2.1231,en
324807,A Bigger Splash,2015,Drama|Thriller|Romance,6.159,854,1.8965,en
294016,Trumbo,2015,Drama,7.168,1690,1.7575,en
377579,Gatao,2015,Crime|Action,6.091,11,1.5928,zh
264419,Huevos: Little Rooster's Egg-Cellent Adventure,2015,Animation|Adventure|Comedy|Family,6.998,225,2.2291,es
326284,Pound of Flesh,2015,Action,5.709,258,1.8545,en
57876,Area 51,2015,Horror|Mystery|Science Fiction,4.969,643,1.7501,en
355338,Riley's First Date?,2015,Animation|Family,7.188,1107,2.4734,en
322456,LEGO DC Comics Super Heroes: Justice League vs. Bizarro League,2015,Action|Adventure|Animation|Family|Comedy,6.258,163,1.9103,en
354110,Forsaken,2015,Western,6.201,385,1.9693,en
331836,Babysitting 2,2015,Comedy,6.325,1415,2.1979,fr
218784,Freaks of Nature,2015,Science Fiction|Comedy|Horror,6.1,607,1.9564,en
348060,Antigang,2015,Action|Drama,5.843,363,1.7625,fr
334527,Criminal Activities,2015,Thriller|Crime|Drama,5.9,321,1.9525,en
357400,Digimon Adventure tri. Part 1: Reunion,2015,Adventure|Action|Animation|Drama|Family|Fantasy|Science Fiction,6.801,98,2.8699,ja
335832,Boonie Bears: A Mystical Winter,2015,Animation|Comedy|Family,7.7,15,1.8854,zh
271736,The Program,2015,Drama,6.371,546,2.0122,en
258363,Desierto,2015,Thriller|Drama,6.205,396,2.7748,en
225728,Macbeth,2015,Drama|War,6.4,1523,1.666,en
293413,Inside Men,2015,Crime|Drama,7.0,143,1.9296,ko
373879,One Piece: Adventure of Nebulandia,2015,Action|Animation|Adventure|Comedy|Fantasy|TV Movie,7.7,209,1.7081,ja
330544,Bessie,2015,Drama|Music|TV Movie,6.391,128,2.6268,en
373723,Ultraman Ginga S the Movie: Showdown! The 10 Ultra Warriors!,2015,Fantasy|Action|Science Fiction,5.967,15,1.5731,ja
321050,The Miracle,2015,Comedy|Drama|Romance,7.099,126,1.5645,tr
253414,Rock the Kasbah,2015,Comedy|Music|War,5.397,374,1.5235,en
347158,Bikini Avengers,2015,Comedy,5.9,32,2.2971,en
254302,High-Rise,2015,Drama,5.624,1252,1.6312,en
333674,Intruders,2015,Drama|Thriller|Horror,5.885,514,1.5878,en
341895,Premam,2015,Comedy|Romance,7.535,115,1.5029,ml
373877,One Piece Episode of Sabo: The Three Brothers' Bond - The Miraculous Reunion and the Inherited Will,2015,Action|Animation,7.0,43,1.5895,ja
318224,Going Clear: Scientology and the Prison of Belief,2015,Documentary,7.573,871,1.5893,en
327418,Batman Unlimited: Animal Instincts,2015,Action|Animation|Family,5.886,166,1.8253,en
283587,Beasts of No Nation,2015,Drama|War,7.585,1875,1.8856,en
284689,Testament of Youth,2015,History|Drama|War,7.261,796,1.6627,en
433536,Shark Babes,2015,Comedy,4.1,14,1.466,en
240483,Robot Overlords,2015,Science Fiction|Adventure|Action,4.833,278,1.4946,en
282070,Parasyte: Part 2,2015,Science Fiction|Horror|Action|Drama,7.0,208,1.852,ja
331781,Amy,2015,Documentary|Music,7.575,1317,2.5115,en
282984,Irrational Man,2015,Drama|Comedy,6.522,2481,1.5384,en
309302,Wolf Totem,2015,Adventure|Drama,6.502,401,2.6364,zh
325189,Teen Beach 2,2015,TV Movie|Family|Comedy|Fantasy,6.752,603,1.6394,en
359171,Orange,2015,Drama,7.282,108,1.4769,ja
309242,Mississippi Grind,2015,Comedy|Drama,6.039,571,2.2597,en
328589,The Lady in the Van,2015,Comedy|Drama,6.4,800,1.6998,en
360605,Invisible Sister,2015,Fantasy|Adventure|Comedy|TV Movie,6.706,310,1.8076,en
205838,Sex Story: Fifty Shades of Grey,2015,Documentary,5.971,17,1.4728,en
347761,Never Let Go,2015,Drama|Action|Thriller,5.69,50,1.4268,en
343701,Bunny the Killer Thing,2015,Action|Comedy|Horror,4.4,81,1.5695,fi
353464,Talvar,2015,Thriller|Drama|Mystery,7.484,192,1.2597,hi
322922,Awaken,2015,Horror|Thriller|Action,3.824,54,2.2478,en
292040,Spooks: The Greater Good,2015,Thriller|Action,6.031,632,1.6284,en
332976,Absolution,2015,Action|Thriller|Adventure|Crime,4.575,114,1.618,en
357397,Arpeggio of Blue Steel -Ars Nova Cadenza-,2015,Action|Science Fiction|Animation,7.3,18,1.7054,ja
320588,Hello  My Name Is Doris,2015,Comedy|Drama|Romance,6.359,517,1.6203,en
308084,Tangerine,2015,Comedy|Drama,6.87,798,1.5948,en
353989,Abzurdah,2015,Drama,6.5,133,1.4406,es
157544,The Vatican Tapes,2015,Thriller|Horror,5.357,821,1.6815,en
334354,Windstorm 2,2015,Family|Adventure|Drama|Romance,7.333,222,1.3761,de
284294,Time Out of Mind,2015,Drama,5.545,144,1.6449,en
271714,Love & Mercy,2015,Drama|Music|History,7.067,753,1.6482,en
336222,Rams,2015,Drama,7.0,300,2.3362,is
351901,12 Rounds 3: Lockdown,2015,Action|Thriller|Crime,5.9,220,1.9267,en
321487,Initial D Legend 2: Racer,2015,Animation|Drama|Action,7.875,80,1.4735,ja
296918,Arpeggio of Blue Steel -Ars Nova DC-,2015,Action|Animation|Science Fiction,7.1,18,1.4171,ja
364664,Lazy Hazy Crazy,2015,Drama|Romance,4.7,33,1.944,cn
302528,Remember,2015,Drama|Thriller|Mystery,7.362,757,1.4164,en
323660,Avengers Grimm,2015,Action|Fantasy,4.145,131,1.9309,en
332340,Man Up,2015,Romance|Comedy,6.575,1060,1.8178,en
354072,Our Times,2015,Romance|Comedy,7.415,177,1.644,zh
323373,Deathgasm,2015,Horror|Comedy,6.3,649,2.5888,en
345888,The Piper,2015,Horror|Mystery|Thriller,7.26,75,1.2866,ko
340746,The Chronicles of Evil,2015,Thriller|Crime,7.274,73,1.4914,ko
357940,Mr. Six,2015,Crime|Action|Drama,6.825,174,1.4625,zh
332835,Piku,2015,Comedy|Drama,7.114,214,1.1813,hi
283127,Yakuza Apocalypse,2015,Action|Horror,6.008,179,1.4922,ja
321494,The Man with the Iron Fists 2,2015,Action|Adventure,5.454,269,1.8344,en
325138,Dum Laga Ke Haisha,2015,Comedy|Drama|Romance,7.175,140,1.5727,hi
311054,The Case of Hana & Alice,2015,Animation|Comedy|Mystery,7.313,171,1.1382,ja
361931,Ronaldo,2015,Documentary|History,7.0,415,1.2062,en
306952,Naomi and Ely's No Kiss List,2015,Romance|Comedy,5.905,1075,1.6938,en
273899,Stonewall,2015,Drama|History,6.024,146,1.1895,en
333653,If There Be Thorns,2015,TV Movie|Thriller|Drama,5.875,120,1.3858,en
279690,He Never Died,2015,Comedy|Drama|Fantasy|Horror|Thriller,6.23,523,1.1548,en
348689,Memories of the Sword,2015,Drama|History|Action,6.6,108,1.4029,ko
342927,3-Headed Shark Attack,2015,Science Fiction|Action|Horror,4.488,206,1.3879,en
317981,Bloodsucking Bastards,2015,Comedy|Horror,5.534,205,2.0983,en
365961,Help  I Shrunk My Teacher,2015,Comedy|Family|Fantasy,5.594,85,1.6025,de
341540,No Longer Heroine,2015,Comedy|Drama|Romance,6.662,74,1.3797,ja
286192,Lava,2015,Animation|Family,7.3,1134,2.1828,en
340067,Intimate Enemies,2015,Action|Comedy|Thriller,5.2,12,1.1939,ko
334557,Port of Call,2015,Crime|Thriller|Mystery,6.5,81,2.2,cn
252512,While We're Young,2015,Comedy|Drama,6.006,1195,1.5301,en
338924,What's Left of You,2015,Drama|Romance,7.361,54,1.1816,tr
245706,True Story,2015,Crime|Drama|History,6.263,2089,1.4148,en
324291,Night Owls,2015,Drama|Comedy|Romance,6.218,87,1.7778,en
290762,Miss You Already,2015,Comedy|Drama,7.374,697,2.9356,en
327536,Bakuman,2015,Drama|Comedy,6.4,55,1.8698,ja
309304,Grandma,2015,Comedy|Drama,6.456,388,1.5781,en
333623,Love Live! The School Idol Movie,2015,Animation|Music|Comedy,7.6,62,1.4653,ja
329540,The Marine 4: Moving Target,2015,Action,6.357,263,1.7476,en
323517,Badlapur,2015,Crime|Thriller|Action|Drama,6.983,150,1.5643,hi
340275,Chi-Raq,2015,Drama|Crime|Comedy,5.7,220,1.3125,en
309425,Do You Believe?,2015,Drama,6.6,150,1.54,en
309581,Lila & Eve,2015,Thriller|Drama,6.117,266,1.3868,en
310135,Turbo Kid,2015,Action|Comedy|Science Fiction,6.496,771,1.4316,en
253626,Good Kill,2015,Drama|Thriller|War,5.96,607,1.4057,en
301274,20 Once Again,2015,Comedy|Music|Fantasy,6.593,59,2.3194,zh
302960,Scooby-Doo! Moon Monster Madness,2015,Adventure|Animation|Family|Comedy|Mystery|Science Fiction,7.7,175,1.3889,en
333596,Woodlawn,2015,Drama,6.862,206,1.4113,en
324440,The Bunker,2015,Comedy|Drama|Horror,6.172,61,1.6845,de
314420,Body,2015,Drama|Thriller|Crime|Horror,5.235,85,2.3986,en
273153,Summertime,2015,Drama|Romance,6.685,360,1.6062,fr
268238,The Second Best Exotic Marigold Hotel,2015,Drama|Comedy,6.426,768,1.5429,en
313628,Love Forecast,2015,Comedy|Romance,6.694,49,1.2919,ko
283698,Hungry Hearts,2015,Drama,6.525,218,1.7077,en
347186,Haikyu!! the Movie: The Winner and the Loser,2015,Animation,8.0,33,1.5281,ja
284303,Goodnight Mommy,2015,Horror|Mystery|Thriller,6.7,1698,1.6985,de
409564,Street,2015,Action,6.5,53,1.297,en
324963,Monster High: Haunted,2015,Animation|Family|Fantasy,7.465,200,1.2521,en
283227,A Little Chaos,2015,Drama|Romance,6.309,692,1.482,en
299822,Zhongkui: Snow Girl and the Dark Crystal,2015,Action|Fantasy|Romance,5.2,42,1.6898,zh
412869,Yo-kai Watch The Movie 2: Lord Enma and the Stories  Nyan!,2015,Family|Animation|Adventure|Comedy|Fantasy,7.86,43,1.3733,ja
322766,Beautiful & Twisted,2015,Crime|Drama|Thriller,5.4,68,1.6466,en
359790,Blackway,2015,Thriller|Mystery,5.312,410,1.434,en
361263,Jesse Stone: Lost in Paradise,2015,Drama|TV Movie|Crime|Mystery,6.612,107,1.3984,en
332177,Vendetta,2015,Action|Drama,5.329,173,1.2674,en
245906,She's Funny That Way,2015,Comedy|Romance,5.942,710,1.729,en
374251,Stick Man,2015,Animation|Family|TV Movie,6.8,116,1.4919,en
313462,Ressha Sentai ToQger vs. Kyoryuger: The Movie,2015,Science Fiction|Action|Adventure|Fantasy,7.167,12,1.2267,ja
290637,Pay the Ghost,2015,Horror|Mystery,5.4,811,1.5069,en
311291,45 Years,2015,Drama|Romance,6.603,789,1.3753,en
333072,Deadman Inferno,2015,Comedy|Action|Horror,5.455,11,1.117,ja
357411,Harmony,2015,Thriller|Animation|Science Fiction,6.827,98,1.518,ja
336026,Little Forest: Winter/Spring,2015,Drama,7.82,103,1.8513,ja
335970,Joe Dirt 2: Beautiful Loser,2015,Comedy,4.924,170,1.2939,en
284537,Welcome to Me,2015,Comedy|Drama,5.868,338,1.1452,en
335659,The Labyrinth of Grisaia,2015,Animation|Drama|Thriller,5.35,20,1.0729,ja
332839,Big Sky,2015,Drama|Thriller,4.364,59,2.2718,en
258099,Just Before I Go,2015,Comedy|Drama|Romance,6.408,374,1.5611,en
330112,Ashby,2015,Drama|Romance|Comedy,6.2,465,2.2843,en
320007,Victoria,2015,Crime|Thriller|Romance,7.589,1352,1.8491,de
334030,Forget Me Not,2015,Drama|Romance|Fantasy,6.3,23,1.2714,ja
427593,Knights of Sidonia: The Movie,2015,Action|Animation|Science Fiction,5.5,14,1.2009,ja
275601,Ricki and the Flash,2015,Comedy|Drama|Music,5.784,742,1.708,en
387844,Nice Sister-In-Law,2015,Romance|Drama,5.7,26,1.3313,ko
368017,Thangamagan,2015,Action|Comedy|Romance,5.8,36,1.1734,ta
315022,Pretty Cure All Stars: Spring Carnival,2015,Animation|Comedy|Music|Fantasy|Action|Adventure|Family,6.958,12,0.9586,ja
364708,All American Bikini Car Wash,2015,Comedy,4.47,67,1.5515,en
223485,Slow West,2015,Western|Drama|Adventure|Romance|Thriller,6.691,1054,1.3874,en
361745,Autumn Dreams,2015,TV Movie|Romance,6.605,134,1.1907,en
321191,Chronicle of a Blood Merchant,2015,Drama,7.1,35,1.2097,ko
342126,Tamayura: Graduation Photo Part 1 - Kizashi,2015,Drama|Animation,6.9,10,1.0981,ja
337960,Holding the Man,2015,Drama,7.674,461,1.1351,en
329829,The Girl King,2015,Drama|History|Romance,6.222,180,1.0033,en
299551,The Atticus Institute,2015,Horror,5.816,354,1.3007,en
300153,Life,2015,Drama,5.974,370,1.416,en
363790,The Advocate: A Missing Body,2015,Thriller|Action,7.268,41,2.401,ko
316322,Barbie in Princess Power,2015,Animation|Family,6.166,226,1.2557,en
331190,Captive,2015,Crime|Drama|Thriller,5.644,289,1.9221,en
320736,Virgin Mountain,2015,Drama,7.215,267,1.0735,is
323430,12 Golden Ducks,2015,Comedy,4.5,30,1.9942,cn
343173,The Rezort,2015,Horror,5.494,404,1.2342,en
321296,Fifty Shades Uncovered,2015,Documentary,6.0,12,1.3365,en
319075,Cobain: Montage of Heck,2015,Documentary|Music|Drama,7.621,752,1.249,en
343934,Staten Island Summer,2015,Comedy,5.621,252,1.1194,en
333622,Beyond the Boundary: I'll Be Here – Future,2015,Animation|Action|Fantasy|Drama|Comedy,7.439,98,1.3054,ja
329365,Mobile Suit Gundam: The Origin I - Blue-Eyed Casval,2015,Action|Science Fiction|Animation,6.9,51,1.2194,ja
344120,Rabid Dogs,2015,Action|Drama|Thriller|Mystery,5.532,111,1.8309,fr
338421,Wild City,2015,Thriller|Action|Crime|Adventure,5.736,36,1.4636,cn
357416,High☆Speed!: Free! Starting Days,2015,Animation|Drama|Comedy,6.92,56,1.376,ja
276839,Home Sweet Hell,2015,Comedy|Thriller,5.4,496,1.4664,en
301748,The Opposite Sex,2015,Comedy,4.51,50,1.5027,en
352582,Bachelors,2015,Comedy,4.2,18,2.1318,en
354275,Right Now  Wrong Then,2015,Drama|Romance,7.0,162,1.1332,ko
332502,400 Days,2015,Mystery|Science Fiction|Thriller,4.359,505,1.3448,en
359305,An Inspector Calls,2015,Drama|Crime|Thriller|Mystery|TV Movie,7.408,260,1.2259,en
368103,Chatô  The King of Brazil,2015,Drama|Comedy|History,5.167,27,1.1959,pt
293771,Dead Rising: Watchtower,2015,Horror|Science Fiction|Action,5.161,381,1.5688,en
314402,Dheepan,2015,Crime|Drama,6.853,526,2.4031,fr
338400,Her Granddaughter,2015,Drama|Romance,5.8,14,1.0382,ja
300792,Racing Extinction,2015,Adventure|Documentary,7.807,199,1.3528,en
245846,Strangerland,2015,Drama|Thriller|Mystery,5.273,280,1.3339,en
343977,Tom and Jerry: Spy Quest,2015,Animation|Comedy|Family,6.015,65,1.6419,en
314388,Mountains May Depart,2015,Romance|Drama,6.963,255,1.2387,zh
232572,A Walk in the Woods,2015,Adventure|Comedy|Drama,6.12,772,1.2628,en
374460,A Grand Night In: The Story of Aardman,2015,Documentary|Animation,7.121,33,1.1215,en
348674,A War,2015,Drama|War,6.6,235,2.4333,da
345664,Mr. Right,2015,Romance|Comedy,3.6,14,1.2397,en
377823,The Final Master,2015,Action|Drama,6.995,102,1.0919,zh
348537,Spanish Affair 2,2015,Comedy|Romance|Family,5.517,431,1.054,es
350505,Molly Moon and the Incredible Book of Hypnotism,2015,Fantasy|Family,5.3,92,1.1777,en
287855,Drown,2015,Drama,5.5,32,1.3498,en
332704,Backtrack,2015,Mystery|Horror|Thriller,5.769,401,1.5363,en
345868,Iron Girl: Ultimate Weapon,2015,Science Fiction|Action,5.1,23,1.1382,ja
338517,The Dawns Here are Quiet,2015,Drama|War,6.8,172,1.1457,ru
328901,The Benefactor,2015,Drama,4.8,254,1.4434,en
340357,April and the Extraordinary World,2015,Thriller|Adventure|Animation|Comedy|Fantasy|Science Fiction,7.073,357,1.2355,fr
375742,The Lure,2015,Horror|Music|Romance|Fantasy|Thriller|Drama,6.165,291,1.4323,pl
338103,Curious George 3: Back to the Jungle,2015,Animation|Family|Adventure,6.8,42,1.2655,en
179150,Reality,2015,Comedy,7.076,545,2.2357,fr
312966,Mushi-Shi: The Next Chapter - Drops of Bells,2015,Animation|Mystery|Fantasy,8.291,55,1.4239,ja
375462,Robot on the Road,2015,Science Fiction|Animation|Comedy,6.8,40,1.1245,ja
370097,Stormageddon,2015,Action|Drama|Thriller|Science Fiction,6.1,96,1.7344,en
157827,Louder Than Bombs,2015,Drama,6.5,377,1.003,en
336050,Son of Saul,2015,War|Drama|Thriller,7.128,1169,1.18,hu
342917,Batman Unlimited: Monster Mayhem,2015,Action|Animation|Family,6.27,159,1.3742,en
369058,Merry Kissmas,2015,Comedy|Romance|TV Movie|Drama,5.919,135,1.4556,en
228968,Kidnapping Mr. Heineken,2015,Drama|Action|Crime|Thriller|Mystery,6.018,664,1.1364,en
364067,A Very Murray Christmas,2015,Comedy|Music|TV Movie,5.197,456,1.2057,en
157843,Queen of the Desert,2015,Drama|Adventure|History,5.831,305,1.6063,en
365451,Baby  Baby  Baby,2015,Romance|Comedy|Drama,5.7,32,0.9759,en
336804,Mustang,2015,Drama,7.697,1464,1.53,fr
400176,Drakkar,2015,Drama,4.3,11,1.0451,fr
373855,Love Guide for Dumpees,2015,Romance|Comedy,6.955,11,1.2432,ko
309245,Mistress America,2015,Comedy,6.5,590,1.3017,en
336053,The Shameless,2015,Drama|Crime,6.561,41,1.0046,ko
315439,The Throne,2015,Drama|History,7.094,101,1.1408,ko
373558,Taylor Swift: The 1989 World Tour - Live,2015,Music,8.5,155,1.1998,en
322488,The Fencer,2015,Drama|History,7.018,84,1.4079,et
349158,My Little Pony: Equestria Girls - Friendship Games,2015,Animation|Music|Family,7.442,146,1.458,en
320006,Taxi,2015,Comedy|Drama,7.039,478,1.2152,fa
241765,The Outsider,2015,Action|Crime|Drama|Mystery|Thriller,4.521,70,1.3933,en
406122,Toy Story at 20: To Infinity and Beyond,2015,Documentary,7.1,15,1.1966,en
378676,Kamen Rider Drive: Surprise Future,2015,Science Fiction|Action|Adventure|Drama|Family|Mystery,7.727,11,1.3211,ja
365805,Wrecker,2015,Thriller|Action|Horror,4.064,78,2.292,en
331251,Twenty,2015,Comedy|Drama,7.159,113,1.1723,ko
334973,The Left Ear,2015,Drama|Romance,6.2,37,1.4046,zh
341744,Truman,2015,Drama|Comedy,7.0,398,1.2785,es
329135,O Kadhal Kanmani,2015,Romance|Drama,7.0,68,1.0752,ta
363283,Gonin Saga,2015,Action|Crime|Drama,5.1,16,1.0947,ja
318040,Bizarre,2015,Drama|Romance,5.3,47,2.1519,en
321303,1944,2015,War|Drama,6.9,114,1.0302,et
370986,Akhil,2015,Action|Fantasy|Romance,3.417,12,1.277,te
345468,Contracted: Phase II,2015,Horror|Thriller,5.343,249,1.2232,en
331061,Date A Live: Mayuri Judgement,2015,Animation|Romance|Science Fiction|Action|Comedy,7.247,73,1.1228,ja
336960,Her Infidelity,2015,Thriller,4.1,29,1.2366,en
253331,Black or White,2015,Drama,6.798,361,0.9287,en
318954,Beyond the Mask,2015,Action|Adventure|Drama,5.534,103,0.9299,en
343795,90 Minutes in Heaven,2015,Drama,5.917,180,1.2138,en
360551,The Priests,2015,Mystery|Thriller|Horror,6.86,139,1.2557,ko
300155,A Royal Night Out,2015,Comedy|Drama|Romance,6.467,321,1.2452,en
374111,The Himalayas,2015,Adventure|Drama,6.6,33,0.986,ko
287636,The Sound and the Fury,2015,Drama,5.0,31,0.8603,en
311539,A Christmas Horror Story,2015,Horror|Fantasy,5.775,374,1.0686,en
356626,Black,2015,Action|Drama,6.6,150,2.0744,fr
357563,Welcome Back,2015,Action|Comedy,4.928,76,1.0183,hi
308457,Advantageous,2015,Science Fiction|Drama,6.0,166,1.1889,en
366644,The Guardian Brothers,2015,Animation|Family|Fantasy,6.0,152,1.2548,zh
362140,Shaandaar,2015,Comedy|Romance,4.348,66,1.4745,hi
375177,Aria the Avvenire,2015,Animation|Comedy|Science Fiction|Fantasy,7.6,10,1.0701,ja
363844,The Ouija Exorcism,2015,Horror,4.713,47,1.2732,en
400328,Air Bound,2015,Family|Animation,5.6,25,1.0909,ja
273238,Zero Tolerance,2015,Thriller|Action|Crime,4.657,70,1.3412,en
323030,Khamoshiyan,2015,Drama|Horror,4.6,18,1.1337,hi
356814,Amateur Teens,2015,Drama,4.833,21,1.2098,de
337085,Estranged,2015,Horror|Thriller,5.3,70,1.6169,en
377007,Impossible,2015,Fantasy|Science Fiction|Comedy,5.0,12,0.9828,zh
348499,Bad Night,2015,Comedy|Adventure,4.7,40,1.4039,en
280391,Animal Kingdom: Let's Go Ape,2015,Adventure|Comedy|Animation,5.256,365,0.9902,fr
264337,Spare Parts,2015,Drama,7.236,222,1.0018,en
347423,The Cannibal in the Jungle,2015,Science Fiction|Crime|Horror,7.0,21,0.9299,en
336805,Much Loved,2015,Drama,5.983,150,0.8976,ar
331588,The Great Gilly Hopkins,2015,Comedy|Drama|Family,6.6,249,1.1539,en
360214,Sashimi,2015,Drama|Romance,3.5,10,1.2786,zh
312831,The Hallow,2015,Horror|Fantasy,5.732,679,1.6061,en
334372,Yowamushi Pedal: The Movie,2015,Action|Animation,6.8,14,1.1113,ja
336808,Embrace of the Serpent,2015,Drama|Adventure,7.687,506,1.0648,es
317229,Have a Song on Your Lips,2015,Drama,6.683,30,0.967,ja
368304,LEGO Marvel Super Heroes: Avengers Reassembled!,2015,Family|Animation|Science Fiction|Action,6.6,160,1.3645,en
363689,The Unspoken,2015,Thriller|Horror|Mystery,4.7,87,0.9594,en
359223,Eyewitness,2015,Thriller|TV Movie,5.1,11,1.4132,en
341392,Lolo,2015,Comedy,5.3,391,2.2074,fr
356296,Suburra,2015,Crime|Drama|Thriller,7.295,1308,1.1924,it
291851,Field of Lost Shoes,2015,War|Drama|History|Action,6.131,42,1.1164,en
308447,The Flintstones and WWE: Stone Age SmackDown!,2015,Animation|Comedy|Family|Adventure|Action,7.02,102,1.162,en
335640,The Deal,2015,Crime|Drama|Thriller,5.7,39,1.0534,ko
343070,Flight World War II,2015,Action|Science Fiction|War,4.643,63,1.0435,en
362974,The Exclusive: Beat the Devil's Tattoo,2015,Thriller|Mystery,6.3,30,0.9748,ko
369852,The Lost Choices,2015,Thriller|Drama,6.6,11,0.9124,ko
316246,The Messenger,2015,Mystery|Drama|Horror,4.9,26,1.2097,en
448160,Martyrdom and Pleasure,2015,Romance|Drama,4.4,14,1.01,es
334304,Belle and Sebastian: The Adventure Continues,2015,Adventure|Family,6.9,356,1.2155,fr
329819,Standing Tall,2015,Drama,7.158,489,0.9578,fr
309024,Take Me to the River,2015,Drama,6.4,66,1.0232,en
320048,Ratter,2015,Drama|Horror|Thriller,5.181,337,1.0425,en
306964,Tales of Halloween,2015,Horror|Comedy|Thriller|Adventure|Fantasy,5.73,529,1.5031,en
338401,Pieta in the Toilet,2015,Drama|Romance,6.7,22,1.1453,ja
375784,Delibal,2015,Romance|Drama,7.2,131,1.0976,tr
356905,Oddball,2015,Family|Adventure|Comedy,6.9,99,1.2008,en
363863,Robot Chicken DC Comics Special III: Magical Friendship,2015,Animation|Comedy|Science Fiction,7.4,29,1.2854,en
314385,By the Sea,2015,Drama|Romance,5.53,627,1.1669,en
514231,The Mockingjay Lives: The Making of the Hunger Games: Mockingjay Part 1,2015,Documentary,7.2,21,1.0942,en
342657,The Silenced,2015,Horror|Thriller|Mystery,6.511,175,0.9463,ko
387626,Cyborg 009 vs. Devilman,2015,Animation|Drama|Science Fiction,6.238,21,0.8869,ja
342434,Murder on D Street,2015,Mystery,5.4,10,0.9102,ja
305747,Hoovey,2015,Family|Drama,6.5,46,1.0236,en
367961,Savva. Heart of the Warrior,2015,Fantasy|Adventure|Animation|Family,5.556,54,1.1778,ru
333713,Granny's Got Talent,2015,Comedy,7.7,13,0.986,ko
347946,Ju-on: The Final Curse,2015,Horror,5.1,59,1.5209,ja
298582,Full Out,2015,History|Drama|Family,7.2,348,0.9489,en
375170,The Tag-Along,2015,Horror|Thriller,6.088,91,0.8975,zh
318922,Kill Your Friends,2015,Comedy|Crime|Thriller,6.042,333,1.209,en
355111,Barbie in Rock 'N Royals,2015,Animation|Music|Family,6.932,317,1.2316,en
308715,Away and Back,2015,Drama|Comedy|Family|TV Movie,6.091,77,0.9082,en
337663,Tooken,2015,Action|Comedy,4.113,62,1.6606,en
316002,Accidental Love,2015,Romance|Comedy,4.3,354,1.1067,en
328869,Meadowland,2015,Drama,5.8,119,0.9687,en
368708,Mobile Suit Gundam: The Origin II - Artesia's Sorrow,2015,Animation|Action|Science Fiction,7.4,32,1.0109,ja
393528,Go! Princess Precure The Movie: Go! Go!! Gorgeous Triple Feature!!!,2015,Animation|Fantasy|Comedy|Action|Adventure|Family,6.45,10,1.2242,ja
336811,Les Cowboys,2015,Drama|Thriller|Western,6.4,134,1.8444,fr
330171,Latin Lover,2015,Drama|Comedy,5.747,81,1.4495,it
324333,Wild Horses,2015,Crime|Drama|Thriller,4.9,104,0.9939,en
356201,Collective Invention,2015,Comedy|Drama,6.132,34,1.0514,ko
325078,A Bone to Pick: An Aurora Teagarden Mystery,2015,Mystery|Crime|Drama|TV Movie,6.9,111,1.2442,en
252164,Pressure,2015,Drama|Thriller,5.593,258,1.0473,en
338913,Bill,2015,Comedy|Family,6.824,85,1.1426,en
329697,Raiders!: The Story of the Greatest Fan Film Ever Made,2015,Documentary,6.7,72,1.3237,en
356300,How to Plan an Orgy in a Small Town,2015,Drama|Comedy,5.115,143,1.1495,en
266084,Queen & Country,2015,Drama,6.056,72,1.408,en
329805,My King,2015,Drama|Romance,7.144,809,1.1994,fr
368915,She Remembers  He Forgets,2015,Drama|Comedy|Romance,6.8,14,1.0078,cn
402455,125 Years Memory,2015,History|Drama,7.8,32,0.9991,ja
385879,Utopians,2015,Comedy|Drama|Romance,4.4,15,1.0747,zh
356161,Phantom Boy,2015,Animation|Fantasy|Mystery,7.0,73,2.003,fr
330420,Puli,2015,Fantasy|Action|Adventure,4.117,47,1.1248,ta
262650,Shinjuku Swan,2015,Action|Crime|Drama,5.5,30,1.2641,ja
328595,Parallels,2015,Science Fiction,6.0,390,1.1376,en
361671,Ellis,2015,Drama,6.6,72,1.2846,en
347548,Containment,2015,Thriller|Horror|Science Fiction,5.963,205,0.961,en
334312,The Tournament,2015,Drama,5.5,36,1.229,fr
241927,Hellions,2015,Horror,4.0,156,1.7179,en
300666,Bravetown,2015,Drama|Music,6.703,306,1.0807,en
319924,Russell Madness,2015,Comedy,5.1,27,1.5464,en
329289,Always Watching: A Marble Hornets Story,2015,Horror,5.168,170,1.2248,en
352179,Septembers of Shiraz,2015,Drama|Thriller,5.886,105,1.1557,en
323383,Wuthering High,2015,Drama|Romance|Thriller|TV Movie,5.1,30,1.3644,en
363889,The Funhouse Massacre,2015,Comedy|Horror,5.302,174,0.8848,en
328716,Detective K: Secret of the Lost Island,2015,Action|Mystery|Comedy,6.577,26,1.1908,ko
360404,Monster High: Boo York  Boo York,2015,Animation|Family|Music,7.75,194,1.6779,en
361746,Harvest Moon,2015,Drama|Romance|TV Movie,6.122,90,1.1434,en
334281,An Inspector Calls,2015,Comedy|Action,4.5,13,0.8859,cn
354224,Ressha Sentai ToQger Returns: Super ToQ #7 of Dreams,2015,Science Fiction|Action|Adventure|Fantasy,7.643,21,0.9323,ja
373067,The Vanished Murderer,2015,Mystery|Thriller|Crime,5.4,14,1.0341,zh
353614,Summer of '92,2015,Drama|Comedy,6.592,119,1.234,da
376798,Star Wars: Evolution of the Lightsaber Duel,2015,Documentary,6.3,13,1.0788,en
249916,Appropriate Behavior,2015,Comedy|Drama|Romance,6.25,110,0.9834,en
362154,Saving Mr. Wu,2015,Crime|Drama|Thriller,6.427,116,1.076,zh
336790,ABCD 2,2015,Drama,5.8,96,0.9442,hi
309887,Bad Asses on the Bayou,2015,Comedy|Action|Drama,6.0,149,1.0743,en
272548,Moonwalkers,2015,Comedy,6.141,390,1.0656,en
311056,Beyond the Boundary: I'll Be Here – Past,2015,Animation|Fantasy|Action|Drama|Comedy,6.862,87,0.986,ja
296130,Harbinger Down,2015,Horror|Science Fiction,4.5,220,2.0963,en
362105,R.L. Stine's Monsterville: The Cabinet of Souls,2015,Comedy|Horror|TV Movie,6.6,151,1.0368,en
330764,The Brand New Testament,2015,Comedy|Fantasy,6.648,1762,1.2772,fr
226458,Exeter,2015,Thriller|Horror,4.705,200,1.1292,en
395883,Andron,2015,Action|Science Fiction,3.678,149,0.9677,en
321621,The Throwaways,2015,Action|Thriller|Fantasy,5.4,72,0.8322,en
335051,God Willing,2015,Comedy,6.483,620,0.7058,it
330037,Brothers,2015,Action|Drama,6.435,92,0.9641,hi
358083,The Paradise Suite,2015,Drama,6.617,30,0.9971,nl
386501,Waffle Street,2015,Drama|Comedy,6.121,132,0.9276,en
253257,I Believe in Unicorns,2015,Drama,6.364,70,0.9036,en
329161,Atacada: la teoría del dolor,2015,Thriller,7.324,54,1.5727,es
139319,Lady of the Dynasty,2015,History|Romance|War,4.625,24,0.9469,zh
353610,The Condemned 2,2015,Action,5.161,165,1.1489,en
310137,Bound to Vengeance,2015,Thriller|Horror,5.634,302,0.8493,en
342021,Perfect Proposal,2015,Thriller|Crime|Drama,6.5,22,0.8981,ko
608812,Handjob Cabin,2015,Horror|Comedy,7.1,12,1.1437,en
366630,The Bridge,2015,TV Movie|Drama,6.2,60,0.6994,en
331347,Hablar,2015,Drama|Comedy,5.971,17,1.3554,es
335715,Solomon's Perjury 1: Suspicion,2015,Thriller,7.023,22,0.9371,ja
344556,The Dead End,2015,Crime|Drama|Mystery,7.506,86,1.2846,zh
371451,Keeper of Darkness,2015,Fantasy|Horror|Romance,5.826,72,1.051,cn
260778,Vaalu,2015,Comedy|Romance,4.8,10,1.0451,ta
349112,Thomas & Friends: Sodor's Legend of the Lost Treasure: The Movie,2015,Animation|Family,6.2,22,1.209,en
359460,The Accidental Detective,2015,Comedy|Crime|Thriller,7.08,56,0.9843,ko
438568,Tag,2015,Drama,4.7,19,1.3874,en
320004,Endless Night,2015,Drama|Adventure,6.1,52,1.5068,en
332936,Any Day,2015,Thriller|Drama|Romance,5.1,24,1.0128,en
323435,One & Two,2015,Thriller|Drama|Fantasy,5.8,112,1.047,en
529107,Inside 'Interstellar',2015,Documentary,6.917,12,1.1383,en
365717,The Audition,2015,Comedy,6.215,151,1.0154,en
344268,The New Adventures of Aladdin,2015,Comedy|Fantasy|Adventure,4.72,892,0.8564,fr
313219,Grasshopper,2015,Crime|Thriller|Action|Drama,5.9,15,0.9722,ja
299245,The Gallows,2015,Horror,4.936,992,1.0712,en
354759,Happy Hour,2015,Drama,7.411,90,0.9066,ja
305312,Ever Since We Love,2015,Drama|Romance,5.238,21,0.9729,zh
314837,The Emperor in August,2015,History|War|Drama,6.647,17,1.2341,ja
343843,Northern Limit Line,2015,War|History,6.6,53,1.0215,ko
326923,Babysitter's Black Book,2015,Drama|TV Movie,5.5,78,1.1652,en
193687,Z for Zachariah,2015,Drama|Romance|Science Fiction|Thriller,5.697,993,1.0167,en
330127,Back in Time,2015,Documentary,6.541,314,0.9358,en
319877,Car Park,2015,Drama,7.7,13,0.9623,hu
305642,Ithaca,2015,Drama,5.3,103,1.0909,en
292010,The Daughter,2015,Drama,6.332,92,0.9617,en
267970,Miss Hokusai,2015,Animation|Drama|History,6.7,156,1.3444,ja
257444,The Boy,2015,Drama|Horror|Thriller,5.744,199,1.0885,en
322518,The Intruders,2015,Thriller|Horror,5.364,202,2.187,en
333446,Rosita,2015,Drama|Romance,6.5,23,0.8466,da
286372,Treehouse,2015,Thriller|Horror|Mystery,4.5,63,1.8499,en
79698,The Lovers,2015,Action|Adventure|Science Fiction|Romance,4.8,75,0.9714,en
362579,Anabel,2015,Thriller|Horror,6.145,38,1.7427,es
348595,Jian Bing Man,2015,Action|Comedy|Drama,5.09,83,1.2444,zh
254538,The Next Generation Patlabor: Tokyo War,2015,Action|Science Fiction,6.5,31,1.3285,ja
362882,Yarukkya Knight,2015,Comedy,6.3,12,0.8187,ja
266639,Jem and the Holograms,2015,Drama|Music,5.478,400,1.1274,en
358762,Urban Hymn,2015,Crime|Drama,7.0,23,0.8469,en
348613,C'est Si Bon,2015,Comedy|Romance|Drama,6.9,18,0.9051,ko
283708,Far from Men,2015,Drama|War,6.8,188,1.0329,fr
284674,Air,2015,Science Fiction|Thriller,4.983,472,1.2075,en
403330,Romantically Speaking,2015,Family|Romance|TV Movie|Comedy,6.258,31,1.4469,en
346239,Heil,2015,Comedy,5.0,39,0.992,de
356841,Checkmate,2015,Thriller|Action|Crime,3.853,34,0.991,en
321779,Lost in Munich,2015,Drama|Comedy,6.3,15,1.1099,cs
360552,Mozu The Movie,2015,Thriller|Crime,6.9,15,0.6848,ja
355595,Super Hero Wars GP: Kamen Rider #3,2015,Action|Adventure|Science Fiction,7.4,15,0.9413,ja
334026,Sun Choke,2015,Drama|Mystery|Thriller|Horror,5.104,48,0.7825,en
349111,Lady Psycho Killer,2015,Horror|Drama|Comedy,4.2,25,0.7878,en
335718,Solomon's Perjury 2: Judgment,2015,Drama|Thriller,6.632,19,0.9121,ja
319995,The Club,2015,Drama|Mystery|Thriller,6.876,278,1.2446,es
329864,Unfreedom,2015,Romance|Crime|Drama,5.1,19,0.8746,en
362739,Sons of Rizk,2015,Action|Comedy|Crime,7.224,38,1.0333,ar
339367,Hamari Adhuri Kahani,2015,Drama,6.292,48,1.2409,hi
336776,Love & Peace,2015,Comedy|Fantasy|Drama,6.9,53,0.8506,ja
328426,The Ark,2015,TV Movie|Drama|Fantasy,5.7,13,1.0363,en
365930,Evangelion: Another Impact (Confidential),2015,Action|Animation|Science Fiction,6.7,33,0.5915,ja
314829,April Fools,2015,Comedy,5.5,25,0.9132,ja
287689,7 Days in Hell,2015,TV Movie|Comedy,6.48,429,0.8241,en
315872,Mia madre,2015,Drama,6.62,376,0.8913,it
361018,Akron,2015,Romance|Drama,7.2,171,1.1112,en
346145,Scottish Mussel,2015,Comedy,6.0,23,1.0238,en
361613,Lost in Hong Kong,2015,Action|Adventure|Crime|Comedy|Romance,5.671,79,1.0828,zh
335310,Being Canadian,2015,Comedy|Documentary,5.6,36,0.7854,en
98568,Enter Nowhere,2015,Mystery|Thriller|Science Fiction,6.37,238,2.3493,en
359592,The Big Bee,2015,Thriller,5.7,14,1.0356,ja
310121,I'll See You in My Dreams,2015,Drama|Comedy,6.287,188,0.7975,en
349045,Looney Tunes: Rabbits Run,2015,Comedy|Animation,5.765,51,0.9525,en
328252,Sweet Home,2015,Horror,4.951,144,0.9198,es
291869,I Am Michael,2015,Drama,5.495,217,0.8145,en
372362,A Stormy Summer Night,2015,Drama,4.4,14,1.9818,fr
347483,Prophecy,2015,Mystery|Thriller,6.3,38,0.9248,ja
353446,American Beach House,2015,Comedy,4.1,44,1.1827,en
279144,"The Death of ""Superman Lives"": What Happened?",2015,Documentary,6.7,137,0.9429,en
295490,Digging for Fire,2015,Comedy|Drama,5.204,157,0.935,en
329815,Disorder,2015,Drama|Thriller,5.671,234,0.8689,fr
308638,The D Train,2015,Comedy|Drama,4.889,265,1.0161,en
327383,Happy 140,2015,Drama|Comedy,6.0,63,1.2135,es
315024,Jurassic City,2015,Action|Science Fiction|Horror,4.3,82,0.9308,en
326282,Aadu,2015,Comedy,6.9,34,1.0682,ml
366654,The Magician,2015,Drama|Romance|Fantasy,6.1,30,1.0912,ko
357390,Ajin: Demi-Human – Compel,2015,Animation|Action|Thriller,7.1,65,0.9204,ja
317952,Cartel Land,2015,Drama|Documentary,7.156,371,0.9745,en
329206,Lost and Love,2015,Drama,6.724,29,0.8643,zh
334922,Sparrows,2015,Drama,6.436,39,0.775,is
374252,Shaun the Sheep: The Farmer's Llamas,2015,TV Movie|Family|Animation|Comedy,6.6,74,1.2668,en
298031,Hope Lost,2015,Drama|Thriller,4.0,54,0.9443,it
339455,Flock of Dudes,2015,Comedy,5.7,30,0.8185,en
372490,Swept Under,2015,Thriller|TV Movie,5.8,68,1.2299,en
355719,Radiant Sea,2015,Drama,4.5,13,0.7243,de
314389,Baby,2015,Action|Thriller,6.822,191,1.2757,hi
317198,Bad Hair Day,2015,Comedy|Adventure|TV Movie|Family,6.442,300,0.9799,en
336203,Masaan,2015,Drama,7.103,203,1.0719,hi
312770,Ana Maria in Novela Land,2015,Fantasy|Comedy|Romance|Drama,5.1,11,0.8148,en
339191,Amigo Undead,2015,Horror|Comedy,5.4,12,1.7656,en
342474,Jenny's Wedding,2015,Comedy|Drama,5.645,437,0.96,en
360635,Hero,2015,Romance|Comedy|Drama|Crime,6.088,35,1.1691,ja
361661,AnoHana: The Flower We Saw That Day,2015,Adventure|Drama|Fantasy|TV Movie,7.2,24,0.9708,ja
336884,Dark Woods II,2015,Horror,4.799,107,1.1241,no
329892,Albert,2015,Family|Animation,5.4,21,1.7047,da
336211,Tanu Weds Manu: Returns,2015,Comedy|Romance,6.869,168,0.9296,hi
376916,Ten Years,2015,Drama,7.0,60,0.8633,cn
358329,Back to the 90s,2015,Comedy|Romance,7.0,22,0.714,th
370687,Mythica: The Necromancer,2015,Fantasy|Action|Adventure,5.9,96,0.7317,en
343807,Stuff,2015,Romance|Drama,5.7,18,0.8839,en
363807,Liar  Liar  Vampire,2015,Comedy|TV Movie,6.927,96,0.878,en
321751,A Perfect Day,2015,Comedy|Drama|War,6.683,679,1.0335,en
361297,The Long Way Home,2015,Action|Drama|History|War,6.88,25,1.0545,ko
342925,Everything Before Us,2015,Romance|Drama,5.3,23,0.8824,en
388192,Sijjin 2,2015,Horror,5.399,69,1.0013,tr
371492,Tomorrow,2015,Documentary,7.759,280,0.8551,fr
344476,The Classified File,2015,Crime|Drama,6.647,51,0.9681,ko
334531,My All American,2015,Drama,7.024,187,0.7649,en
273610,Helicopter Mom,2015,Comedy,5.031,32,1.6463,en
364902,The Dresser,2015,Drama|TV Movie,6.2,89,0.8587,en
296313,Men & Chicken,2015,Comedy|Drama,6.5,253,0.9179,da
337029,Frankenstein,2015,Horror|Science Fiction|Thriller,5.454,120,1.0409,en
347096,Mythica: The Darkspore,2015,Action|Adventure|Fantasy,5.655,129,0.9499,en
347064,Jurassic Prey,2015,Science Fiction|Action|Horror,3.3,27,0.7334,en
334138,Two Thumbs Up,2015,Action|Crime|Comedy,6.1,31,0.7948,cn
341077,Tiger House,2015,Action|Crime|Drama|Thriller,5.483,293,1.1112,en
348393,Family for Christmas,2015,Family|Romance|TV Movie,5.7,101,0.8907,en
294562,Lavalantula,2015,Horror|Science Fiction|Thriller,4.867,166,1.9079,en
301728,Infini,2015,Horror|Science Fiction|Thriller,5.235,387,0.7907,en
275588,Walking Distance,2015,Drama,7.75,18,2.0391,es
268105,The Similars,2015,Horror|Science Fiction,6.0,155,1.1248,es
335882,Text to Kill,2015,TV Movie|Drama|Thriller,5.398,44,0.7644,en
329253,Salut d'Amour,2015,Comedy|Romance,7.9,23,0.877,ko
358881,Made in France,2015,Drama|Thriller,6.2,207,0.8912,fr
360321,Nocturna,2015,Thriller|Horror,3.7,13,1.7382,en
300654,Wildlike,2015,Adventure|Drama|Thriller,6.244,121,0.9069,en
339562,To The Fore,2015,Romance|Action|Drama,6.6,43,0.8458,zh
321769,Deep Web,2015,Documentary,6.786,306,0.7806,en
362884,October Kiss,2015,TV Movie|Comedy|Romance,6.494,87,0.9132,en
334935,Monkey Business,2015,Family,6.6,18,1.3747,nl
311615,Smosh: The Movie,2015,Adventure|Comedy|Science Fiction|Fantasy,4.385,213,0.8575,en
358632,Typhoon Noruda,2015,Science Fiction|Animation,6.5,53,1.1129,ja
369052,Debbie Macomber's Dashing Through The Snow,2015,TV Movie|Family|Mystery|Romance,6.2,89,0.8335,en
319079,Prophet's Prey,2015,Crime|Documentary,7.4,46,0.7631,en
374919,Abulele,2015,Family|Fantasy|Adventure,6.5,26,0.8418,he
325388,14+,2015,Romance|Drama,6.856,80,0.9946,ru
329809,Courted,2015,Comedy|Crime|Drama|Romance,6.126,206,2.1478,fr
314952,What Men Do! 2,2015,Comedy,3.3,16,1.6968,ru
329556,Landmine Goes Click,2015,Action|Crime|Drama|Horror|Thriller,5.6,137,1.1883,en
320132,Triumph in the Skies,2015,Comedy|Drama|Romance,4.3,14,0.7483,cn
367066,Revenge,2015,Drama|Thriller,5.3,27,0.9506,no
345731,Initiation Love,2015,Mystery|Romance,7.511,47,0.9,ja
316761,Call Me Lucky,2015,Comedy|Documentary,6.977,64,0.8565,en
309298,Don Verdean,2015,Comedy,4.914,133,0.6936,en
295592,Monkey Kingdom,2015,Documentary,7.041,148,0.9232,en
347945,Synchronicity,2015,Mystery|Science Fiction|Thriller,5.743,408,1.0265,en
369069,Welcome Home,2015,Drama|Family,6.1,15,1.0807,en
277713,Sunset Song,2015,Drama|History,6.248,111,0.8121,en
256876,Red Army,2015,Documentary|History,7.357,154,0.6173,en
348327,J. Kessels,2015,Comedy|Drama,5.6,20,1.1966,nl
253406,10 000 Saints,2015,Comedy|Drama|Music,5.965,184,0.829,en
367416,The von Trapp Family: A Life of Music,2015,Drama|Music,5.9,19,0.8669,de
372049,My Friend's Wife,2015,Romance,6.4,13,1.0334,ko
320295,Detective Byomkesh Bakshy!,2015,Crime|Mystery|Thriller,6.7,111,0.9785,hi
368369,Salt Mango Tree,2015,Comedy|Drama,6.2,17,1.1248,ml
336029,A Tale of Love and Darkness,2015,Drama,5.681,149,0.7529,he
336199,Macadam Stories,2015,Drama|Comedy,6.858,194,2.1912,fr
365719,The Witness,2015,Crime|Mystery,7.6,53,0.9562,zh
313074,Sword of Vengeance,2015,History,4.835,91,0.8515,en
339362,SuperBob,2015,Action|Comedy|Romance,5.926,94,1.1576,en
323966,A Hitman in London,2015,Action|Crime,4.24,48,0.785,en
347697,Alice in Earnestland,2015,Drama|Comedy|Thriller,6.8,29,1.0623,ko
305638,The Shamer's Daughter,2015,Fantasy|Adventure|Drama,5.838,188,1.3597,da
359427,The Bride,2015,Horror|Mystery|Thriller,5.909,22,0.8549,zh
340912,Enemies In-Law,2015,Romance|Comedy,6.2,28,0.7093,ko
296025,Safelight,2015,Drama,5.8,71,0.8869,en
329004,The Survivalist,2015,Drama|Science Fiction|Thriller,6.213,380,2.0318,en
361131,Hate Story 3,2015,Thriller|Drama,4.883,30,0.8929,hi
370984,You Call It Passion,2015,Comedy|Romance,6.8,29,0.9904,ko
294741,The Falling,2015,Drama|Mystery|Thriller,5.099,197,0.8545,en
359151,Tanna,2015,Romance|Drama,6.6,110,0.9616,en
372821,S: The Last Policeman: Recovery of Our Future,2015,Drama|Crime|Action|Thriller,5.667,12,0.8288,ja
354128,Go Away Mr. Tumor,2015,Comedy|Romance,6.639,54,0.8821,zh
307479,88,2015,Thriller|Action,5.134,86,0.9137,en
365465,Chemo,2015,Drama|Comedy,5.222,18,1.7985,pl
333657,Club Life,2015,Drama,4.8,41,1.6838,en
323657,L'Oriana,2015,History|Drama|TV Movie,6.6,19,0.8407,it
372981,Marco Polo: One Hundred Eyes,2015,Action|History|Drama,7.313,134,0.7529,en
371801,Trigger Point,2015,Thriller|TV Movie,4.8,16,1.9108,es
338100,An American Girl: Grace Stirs Up Success,2015,Family|Drama,7.4,23,1.0807,en
319669,Joker Game,2015,Action|Thriller,5.9,26,0.7478,ja
339355,Larry Gaye: Renegade Male Flight Attendant,2015,Comedy,4.639,54,0.67,en
335490,The Idealist,2015,Thriller,7.284,37,1.5935,da
333876,Son of Satyamurthy,2015,Drama|Action|Comedy|Family,6.758,62,0.9521,te
317903,File 253,2015,Horror,5.91,94,1.4295,es
332116,Murmur of the Hearts,2015,Drama,6.0,20,0.6064,zh
366445,Circle of Atonement,2015,Drama|Mystery,5.8,13,0.9464,ko
332503,Tom Felton Meets the Superfans,2015,Documentary,7.4,15,0.705,en
312804,James White,2015,Drama,6.6,127,1.9983,en
356321,Natasha,2015,Drama,5.9,29,0.9834,en
310001,Seoul Searching,2015,Drama|Comedy,7.0,76,0.7438,en
363925,Operações Especiais,2015,Action|Thriller|Crime,6.584,119,0.8374,pt
375509,Corpse Party,2015,Horror|Mystery,5.0,57,0.8088,ja
296503,Dude Bro Party Massacre III,2015,Horror|Comedy,5.6,94,0.8591,en
317144,Cyberbully,2015,Drama|Thriller|TV Movie,6.378,238,0.7395,en
354390,Gassoh,2015,Drama|History|Action,7.8,10,0.7375,ja
360387,Blunt Force Trauma,2015,Action|Drama,5.065,92,0.9993,en
207270,The Hoarder,2015,Thriller|Horror,4.4,182,0.9266,en
316900,Roy,2015,Romance|Action|Drama,4.75,28,0.9026,hi
350849,The Bride,2015,Drama|Romance,6.656,106,0.875,es
355993,The Whispering Star,2015,Drama|Science Fiction,7.238,130,0.7587,ja
356325,Everything Is Copy,2015,Documentary,7.4,34,0.7266,en
353267,Fire Twister,2015,Thriller|Action|Adventure|Science Fiction,5.4,80,1.9105,en
369553,Fall in Love Like a Star,2015,Romance,5.6,22,0.6701,zh
332827,Ennum Eppozhum,2015,Drama|Family,5.7,13,0.9562,ml
237756,Kill Me Three Times,2015,Comedy|Thriller|Mystery,5.614,581,0.8358,en
317655,Being Evel,2015,Documentary,6.6,34,0.8902,en
316067,Misery Loves Comedy,2015,Comedy|Documentary,5.975,40,0.8388,en
378386,Star Wars: Greatest Moments,2015,Documentary|TV Movie,7.106,33,0.9422,en
284460,Samurai Cop 2: Deadly Vengeance,2015,Action|Comedy|Crime|Thriller,3.659,82,1.0183,en
353257,Earthfall,2015,Action|Science Fiction|TV Movie,5.0,86,0.7973,en
300602,Capture the Flag,2015,Comedy|Animation|Adventure|Family,6.1,254,0.9058,es
328899,Dixieland,2015,Drama|Crime,4.811,45,1.0911,en
369443,Fatal Intuition,2015,Thriller|Crime,5.7,38,0.9815,ko
308361,Stockholm  Pennsylvania,2015,Drama|TV Movie,5.4,88,0.9986,en
345775,Long Way North,2015,Adventure|Animation|Drama|Family,7.326,175,0.7778,fr
351147,Ahalya,2015,Thriller,7.4,25,0.8629,bn
246127,Every Thing Will Be Fine,2015,Drama,5.446,233,0.8777,en
321815,Running Man,2015,Comedy,4.1,12,0.9305,zh
380718,The Ultimate Legacy,2015,Adventure|Comedy|Drama|TV Movie,5.6,21,0.7706,en
297362,Teacher of the Year,2015,Comedy,5.4,59,0.8358,en
251387,The Night Crew,2015,Thriller|Action|Mystery,5.0,77,0.7308,en
254905,Manglehorn,2015,Drama,5.4,224,1.0248,en
342055,Wonderful Nightmare,2015,Comedy,7.4,31,0.927,ko
318033,Dreamcatcher,2015,Documentary,5.5,17,1.0491,en
257441,Rosemont,2015,Drama|TV Movie,6.1,24,0.7337,en
402436,Miso Hungry,2015,Documentary,6.725,20,0.601,en
324930,Proof of the Devil,2015,Horror|Thriller,3.2,11,0.5496,en
314404,Wondrous Boccaccio,2015,Comedy|History|Drama|Romance,5.777,92,0.8632,it
342672,4th Man Out,2015,Comedy|Drama,6.857,350,0.7455,en
333387,The Wannabe,2015,Thriller|Mystery|Crime|Drama,5.1,37,1.0488,en
339751,Hitchcock/Truffaut,2015,Documentary,7.2,252,1.475,en
414977,Sam,2015,Comedy|Fantasy|Romance,5.236,72,0.8763,en
259958,Alex of Venice,2015,Drama,5.902,82,0.7208,en
339060,The Cokeville Miracle,2015,Mystery|Drama|History|Family|Thriller,6.5,91,0.837,en
297400,Socialphobia,2015,Thriller|Mystery|Drama,7.4,25,0.7707,ko
318279,Meru,2015,Adventure|Documentary,7.4,262,0.7923,en
367976,Les Fusillés,2015,TV Movie|History,6.1,14,0.8421,fr
319513,Zurich,2015,Drama,5.8,20,1.0981,nl
334878,Blind Date,2015,Comedy|Romance|Drama,6.438,572,0.7812,fr
307946,I Smile Back,2015,Drama,6.1,126,0.9112,en
357530,My Stepdaughter,2015,Thriller|TV Movie,4.3,14,0.8886,en
367524,Kareem: Minority of One,2015,Documentary,7.2,25,0.6503,en
367536,A Gift Wrapped Christmas,2015,Drama|Family|TV Movie,6.2,50,0.8079,en
256030,Muck,2015,Horror,3.1,104,0.6572,en
358900,Eva Nová,2015,Drama,7.0,10,1.1367,sk
309924,After the Ball,2015,Comedy,6.3,267,1.0578,en
345054,Double Daddy,2015,Thriller|Drama|TV Movie|Romance,6.9,72,1.0882,en
299353,About a Girl,2015,Drama|Comedy,6.83,44,0.7072,de
352161,The Clan,2015,Drama|History|Crime,6.766,441,0.9937,es
345670,The Unfair,2015,Drama|Crime,7.2,12,0.6739,ko
279972,Digging Up the Marrow,2015,Horror,5.447,159,0.7975,en
137333,Uncanny,2015,Science Fiction|Thriller,5.912,187,0.8238,en
334991,Journey to the Shore,2015,Drama|Fantasy|Romance,6.5,73,0.9781,ja
315859,Muhammad: The Messenger of God,2015,History|Drama,6.653,75,0.8025,fa
350845,Worlds Apart,2015,Romance|Drama,6.474,78,0.7794,el
311166,Maari,2015,Action,6.12,54,0.7404,ta
316785,Don Quixote: The Ingenious Gentleman of La Mancha,2015,Family|Fantasy|Adventure|Drama,5.579,19,0.7073,en
324284,Lamb,2015,Drama,6.1,67,0.6599,en
324253,All Things Must Pass,2015,Documentary,7.2,95,0.8027,en
325844,Serial Teachers 2,2015,Comedy,5.3,948,0.7433,fr
342281,Family for Rent,2015,Comedy|Romance,5.2,437,1.0618,fr
393821,Dab6e: The Return,2015,Horror|Thriller|Fantasy,6.25,80,0.8829,tr
266353,In My Dreams,2015,Romance|Drama|Fantasy|TV Movie,6.409,232,0.8828,en
312797,The Barber,2015,Thriller,5.67,97,0.7869,en
354908,Sugarbabies,2015,Thriller|TV Movie,6.3,31,0.8891,en
283827,Singh Is Bliing,2015,Action|Comedy,5.339,84,0.7258,hi
366093,The Sound of a Flower,2015,Romance|Drama|History|Music,6.895,19,0.8096,ko
326854,Shoot Me in the Heart,2015,Drama,7.6,21,0.856,ko
327528,Born to Be Blue,2015,Drama|Music,6.533,226,0.9478,en
344492,Fatal Flip,2015,TV Movie|Thriller,5.5,18,1.4368,en
360638,The Student and Mister Henri,2015,Drama|Comedy,6.648,388,1.1164,fr
339543,Northpole: Open for Christmas,2015,TV Movie|Family|Fantasy,5.781,98,0.8228,en
371241,Ghost Theater,2015,Horror,6.083,24,0.8332,ja
277546,The Runner,2015,Drama,4.894,188,0.6679,en
375599,Bad Guys Always Die,2015,Action|Comedy,5.667,42,0.7332,zh
345669,I Am Somebody,2015,Comedy|Drama|Romance,6.2,24,0.8386,zh
335409,Sharkansas Women's Prison Massacre,2015,TV Movie|Science Fiction|Action|Horror,4.6,64,0.8887,en
366141,Cro Minion,2015,Animation|Family,7.079,248,0.8978,en
372836,Surprise,2015,Adventure|Comedy|Fantasy,4.0,32,0.5619,zh
323673,Just the Way You Are,2015,Romance|TV Movie,5.2,32,0.647,en
337104,Chronic,2015,Drama,5.8,76,0.7812,en
344854,The Pack,2015,Thriller|Horror,5.7,177,0.9783,en
249688,The End of the Tour,2015,Drama,7.01,610,0.8615,en
348230,Snow In Sea Breeze,2015,Drama|Romance,7.5,21,0.6657,ko
317114,Bridal Wave,2015,Comedy|Romance|TV Movie,6.278,97,0.814,en
287491,Itsi Bitsi,2015,Drama,4.9,13,0.922,da
352025,Un + une,2015,Comedy|Romance|Drama,5.795,198,0.8343,fr
344255,Fatal Friends,2015,Drama|TV Movie|Thriller,4.5,19,0.7622,en
367735,John Mulaney: The Comeback Kid,2015,Comedy|TV Movie,7.715,274,0.7151,en
335872,Killer Crush,2015,Thriller|TV Movie,4.8,13,0.5359,en
355309,Martian Land,2015,Adventure|Science Fiction|Action|Horror,3.1,50,0.8692,en
439928,Snowy Road,2015,Drama,6.9,21,0.8762,ko
363425,The Lion Standing in the Wind,2015,Drama,6.5,10,0.8513,ja
333620,Stalked by My Neighbor,2015,Crime|Thriller|TV Movie,5.8,82,0.719,en
285024,Heaven Knows What,2015,Drama|Crime,6.5,192,0.6612,en
278632,Julia,2015,Thriller|Horror,4.799,82,0.717,en
361678,Borealis,2015,Drama|Comedy,6.2,10,1.8164,en
354220,The Girl in the Photographs,2015,Crime|Horror|Thriller,4.889,117,0.734,en
352364,Numb,2015,Thriller,5.4,89,1.0394,en
355772,ToY,2015,Romance|Thriller,5.3,18,1.7954,en
334307,Through the Air,2015,Drama,5.422,45,0.7105,fr
315134,Surprised by Love,2015,Romance|TV Movie|Comedy,6.371,62,0.6484,en
285841,Elephant Song,2015,Drama|Mystery,7.033,150,0.7141,en
330298,The Lady in the Car with Glasses and a Gun,2015,Thriller|Drama|Crime|Mystery,5.1,141,0.6139,fr
315841,Ryuzo and the Seven Henchmen,2015,Comedy|Action,6.3,66,0.7413,ja
319188,Frankenstein vs. The Mummy,2015,Horror,4.638,58,0.7174,en
443526,Lang Tong,2015,Thriller|Horror,4.2,14,0.9306,zh
268854,The Thin Yellow Line,2015,Drama,8.293,237,0.9545,es
400001,Tremulous,2015,Romance,6.5,43,0.7199,es
369245,The Complexity of Happiness,2015,Comedy|Drama,5.96,100,0.7145,it
319996,Chasuke's Journey,2015,Drama|Comedy|Fantasy,6.4,11,0.7483,ja
325892,Hunterrr,2015,Drama|Romance,6.039,38,0.7507,hi
413100,Ouija Summoning,2015,Horror,4.0,25,0.8529,en
318572,Aambala,2015,Action|Comedy|Family,5.5,23,0.6984,ta
317116,A Wish Come True,2015,TV Movie|Romance,6.0,50,0.813,en
385124,Daddy,2015,Drama|Comedy|Mystery,4.85,20,0.9397,en
352917,Unleashed,2015,Thriller,5.611,26,0.9149,hu
411614,Chibi Maruko-chan: The Boy from Italy,2015,Family|Animation|Comedy,6.385,13,0.7419,ja
374515,Stalked by My Doctor,2015,Thriller|TV Movie|Horror,5.976,84,0.8888,en
340881,About Scout,2015,Family|Drama,5.9,22,0.9436,en
338409,Strayer's Chronicle,2015,Science Fiction|Action,5.3,12,0.7562,ja
353790,Back Home,2015,Drama,6.2,12,1.0157,ro
332709,I Killed Napoleon,2015,Comedy,5.5,84,1.1087,it
377449,Gangster Ka,2015,Drama|Crime|Thriller,5.9,15,1.7388,cs
357681,Hitting the Apex,2015,Documentary,7.722,142,1.0979,en
346228,Love  Again,2015,Drama|Romance|TV Movie,5.9,28,0.8865,en
345437,Captain of Egypt,2015,Comedy,5.8,13,0.6839,ar
244117,Emily & Tim,2015,Drama,5.6,11,0.7337,en
313867,Roald Dahl's Esio Trot,2015,Romance|Comedy,6.7,128,0.6336,en
314220,Chevalier,2015,Drama|Comedy,5.6,104,1.7671,el
295273,The Crossing II,2015,Action|Drama|Romance,5.457,35,0.9754,zh
360339,Eden,2015,Thriller|Drama,5.164,67,0.8275,en
277154,Admiral,2015,Adventure|Drama|History,6.468,203,0.6787,nl
334493,Aki no Kanade,2015,Animation|Music|Drama,5.9,14,0.7469,ja
317120,Cloudy with a Chance of Love,2015,TV Movie|Comedy|Romance,6.109,32,0.844,en
283831,Strobe Edge,2015,Drama|Romance,6.152,46,0.7751,ja
301729,Terminus,2015,Science Fiction|Thriller|Fantasy,5.078,187,0.77,en
353345,The Exorcism of Molly Hartley,2015,Horror,5.0,227,0.7233,en
380963,Senior,2015,Romance|Horror|Comedy|Mystery,7.35,20,0.7238,th
200708,Diamond Cartel,2015,Thriller|Action,5.25,12,0.6729,ru
345875,The Abandoned,2015,Thriller|Horror|Mystery,4.8,131,0.6721,en
320003,Diary of a Chambermaid,2015,Drama,5.2,169,0.7923,fr
400874,Ever After High: Spring Unsprung,2015,Animation|Family|TV Movie|Fantasy,7.6,10,0.7805,en
328346,I Hate Christian Laettner,2015,Documentary,6.964,42,0.9509,en
355020,Winter on Fire: Ukraine's Fight for Freedom,2015,Documentary,7.894,320,0.7484,en
342786,Rubble Kings,2015,Documentary,6.815,27,0.6446,en
376549,The Strange House,2015,Drama|Horror|Mystery|Thriller,5.3,16,0.6734,zh
322850,Badge of Honor,2015,Crime|Drama|Thriller,4.939,41,0.5905,en
353093,Sisters of the Plague,2015,Science Fiction|Drama|Horror|Mystery,3.1,12,0.9705,en
329133,RajiniMurugan,2015,Comedy|Action,5.315,27,0.9432,ta
355131,Sense8: Creating the World,2015,Documentary,7.7,97,0.8128,en
319910,Broken Horses,2015,Thriller|Mystery|Drama|Crime,5.756,45,0.7,en
319070,Drunk Stoned Brilliant Dead,2015,History|Comedy|Documentary,6.654,68,1.0105,en
343140,Office,2015,Comedy|Drama|Romance,5.656,32,0.8677,zh
323967,Walter,2015,Drama|Comedy,5.2,68,0.7388,en
347642,Bite,2015,Horror,5.547,191,0.7185,en
332356,Killing Jesus,2015,TV Movie|Drama|Fantasy,6.305,100,0.8905,en
363618,Painkillers,2015,Thriller|Science Fiction|Action,4.0,21,0.4847,en
337075,The Alchemist's Letter,2015,Family|Mystery|Animation|Fantasy,6.8,10,0.6245,en
336660,Mediterranea,2015,Drama,6.702,57,1.7045,it
277237,Hyena,2015,Crime|Drama|Thriller,5.634,82,0.7097,en
366656,Snowtime!,2015,Animation|Family|Comedy,6.089,79,0.693,fr
339158,Be Here Now,2015,Documentary,7.994,81,0.6025,en
352114,Quay,2015,Documentary,6.1,68,0.7832,en
350555,The Midwife,2015,Drama|Romance|War,5.8,36,0.8037,fi
358451,A Tale of Three Cities,2015,Drama|History|Romance,6.719,16,0.7751,zh
338930,Loham,2015,Action|Thriller,4.4,16,0.8083,ml
361751,Murder  She Baked: A Plum Pudding Mystery,2015,TV Movie|Mystery|Drama,7.0,78,0.672,en
328848,Murder  She Baked: A Chocolate Chip Cookie Mystery,2015,TV Movie|Mystery|Drama,7.075,81,0.9551,en
362185,Operator,2015,Drama|Action|Thriller,5.0,102,0.8035,en
352275,Lost Boy,2015,Thriller|Drama|TV Movie|Mystery,4.8,31,0.8964,en
312796,The Squeeze,2015,Comedy|Drama,5.0,11,0.7126,en
277968,Me and Kaminski,2015,Comedy,6.0,44,0.5986,de
359471,Swat: Unit 887,2015,Thriller|Action,4.565,23,0.8733,en
273866,Vai Raja Vai,2015,Romance|Thriller,5.7,14,0.9341,ta
261860,Dior and I,2015,Documentary,7.3,111,0.95,fr
359105,Heneral Luna,2015,Action|Drama|History|War,7.8,47,0.8321,tl
367882,The Phone,2015,Thriller|Action|Mystery,6.9,52,0.6761,ko
352845,Lead with Your Heart,2015,TV Movie|Drama|Romance,3.9,17,0.6833,en
314833,Piece of Cake,2015,Romance,4.9,14,0.6561,ja
333884,The Choice,2015,Drama,5.4,71,0.7951,it
329155,Sister Code,2015,Comedy|Drama|Romance,6.3,14,1.3488,en
339580,Real Murders: An Aurora Teagarden Mystery,2015,Mystery|TV Movie|Drama|Crime,6.8,117,0.5835,en
353898,Manjhi: The Mountain Man,2015,Drama,7.329,79,0.8159,hi
362430,Night of the Wild,2015,Horror|TV Movie,3.8,37,0.6179,en
321109,Bitter Lake,2015,Documentary,7.559,93,0.9669,en
229182,The Harvest,2015,Horror|Thriller|Mystery,5.995,221,0.8157,en
394148,Where Are You Going  Habibi?,2015,Drama|Romance,6.154,39,0.6824,de
341420,Demonte Colony,2015,Horror,7.0,30,0.7064,ta
332179,April 9th,2015,Drama|War|History,6.721,111,0.8179,da
322061,Toxin,2015,Drama|Science Fiction|Horror,3.1,32,0.838,en
290237,ST: Aka to Shiro no Sôsa File the Movie,2015,Drama|Crime|Thriller,7.7,13,0.8613,ja
356486,Lumberjack Man,2015,Horror|Comedy,5.031,113,1.5083,en
368702,A Student's Obsession,2015,TV Movie|Thriller|Romance,5.0,19,0.7805,en
348158,Disaster,2015,Comedy,4.7,13,1.6772,de
324277,Jaco,2015,Documentary|Music,7.5,31,0.7481,en
421987,Alterverse (Occupants),2015,Horror|Science Fiction|Thriller,5.9,24,0.8278,en
339739,Henry Gamble's Birthday Party,2015,Drama,5.943,105,0.8962,en
371874,Tsatsiki  Dad and the Olive War,2015,Comedy|Family,4.7,16,0.7291,sv
380436,Happy Lambs,2015,Drama,5.3,11,0.7502,de
370949,Mark & Russell's Wild Ride,2015,Adventure|Comedy|Family|TV Movie,5.5,25,0.6541,en
278677,A Grain of Truth,2015,Mystery|Thriller|Crime,6.234,47,1.1013,pl
345944,I Am Chris Farley,2015,Documentary,7.112,98,0.7818,en
350563,Angel,2015,Thriller,4.5,11,1.7449,en
323674,6 Years,2015,Romance|Drama,5.422,722,0.746,en
387837,House with a Good View 2,2015,Romance|Drama,5.5,19,0.7254,ko
301325,#Horror,2015,Crime|Horror|Thriller,3.546,195,0.6515,en
333696,Naked Among Wolves,2015,History|Drama|War,7.3,136,0.8832,de
340230,Legacy,2015,Comedy|Drama,4.4,19,0.8703,en
339669,Blinky Bill the Movie,2015,Family|Animation|Adventure,5.6,42,0.773,en
336055,Office,2015,Thriller|Mystery,6.405,74,0.7363,ko
280140,Yatchan,2015,Romance|Comedy|Action,6.3,11,0.7036,ta
359187,A Teacher's Obsession,2015,TV Movie|Drama|Mystery|Thriller,4.9,23,0.746,en
324150,Uncle John,2015,Mystery|Drama|Crime,5.827,50,0.6556,en
417415,My Mother's Tits,2015,Drama,6.0,10,0.4771,es
319096,Whitney,2015,Romance|Drama|Music,5.707,94,0.7289,en
300686,Chloe and Theo,2015,Comedy|Drama,5.8,64,0.8418,en
333665,Consumed,2015,Thriller|Drama,5.523,43,0.7097,en
315855,The Forbidden Room,2015,Comedy,5.587,98,0.8252,en
323792,L.A. Slasher,2015,Comedy|Crime|Drama|Horror,4.844,48,0.7784,en
370291,Letters to Santa 2,2015,Comedy|Romance,6.163,92,0.6646,pl
696842,Scorsese's GoodFellas,2015,Documentary,8.3,17,0.664,en
326139,Eadweard,2015,Drama,5.4,19,0.6431,en
364873,Rocky Horror Show Live,2015,Comedy|Science Fiction|Fantasy|Horror,7.0,27,0.6476,en
298721,Cemetery of Splendor,2015,Drama|Fantasy,5.936,179,0.7053,th
323692,Quitters,2015,Drama|Comedy,4.3,10,1.8248,en
347528,Chronic-Con  Episode 420: A New Dope,2015,Comedy|Documentary,4.9,13,0.5267,en
262169,Gravy,2015,Comedy|Horror,5.434,61,0.7672,en
332280,Shark Killer,2015,Action|Horror|Thriller,4.77,50,0.8018,en
366566,The Roommates Party,2015,Comedy,4.9,269,0.8273,fr
374755,Adi Kapyare Kootamani,2015,Comedy|Thriller,6.6,23,0.9501,ml
360203,Lost in the Sun,2015,Action|Crime|Drama|Thriller,5.9,112,0.8261,en
291189,The Driftless Area,2015,Crime|Drama|Mystery,5.1,77,0.759,en
324744,You Can't Save Yourself Alone,2015,Drama,6.494,237,0.7739,it
360028,Decadencia,2015,Romance|Drama,3.6,28,0.8517,es
291537,Winning: The Racing Life of Paul Newman,2015,Documentary,7.577,26,0.6597,en
361261,Signed  Sealed  Delivered: The Impossible Dream,2015,Drama|Romance|TV Movie,6.786,28,0.5857,en
332212,Robo-Dog,2015,Family|Science Fiction|Comedy,6.3,25,0.7447,en
332849,Mothers of the Bride,2015,Comedy|TV Movie,4.7,12,0.7889,en
367210,Return of the Cuckoo,2015,Romance|Drama,6.2,10,0.7102,cn
354980,Love Under the Stars,2015,Comedy|TV Movie|Romance,6.5,42,0.703,en
345069,Crush the Skull,2015,Thriller|Comedy|Horror,5.993,67,0.5193,en
272634,The Circle,2015,Drama|Fantasy|Mystery|Thriller|Horror,5.345,74,0.6209,sv
283596,The Legend of Barney Thomson,2015,Comedy|Drama,6.104,207,0.7147,en
338942,Road to Berlin,2015,Drama|War,6.156,32,0.6606,ru
324631,Photographer,2015,Comedy|Drama,5.0,16,0.558,cs
322796,The Seven Ravens,2015,Family|Fantasy,6.8,23,0.7126,sk
347669,Stranded,2015,Comedy,4.8,52,1.5525,es
367326,Cosmic Scrat-tastrophe,2015,Science Fiction|Comedy|Animation|Family|Adventure,6.5,142,0.6621,en
319337,13 Minutes,2015,History|Drama,6.8,308,0.7746,de
323369,Excess Flesh,2015,Thriller|Drama|Horror,3.8,38,0.9868,en
356268,Keeper,2015,Drama,5.735,49,1.8014,fr
367877,The Last Women Standing,2015,Romance,4.7,17,0.6658,zh
353760,Kakekomi,2015,Comedy|Drama,5.9,15,0.631,ja
184002,Dirty Hands,2015,TV Movie|Drama,5.455,11,0.9069,fi
359156,Don't Be Bad,2015,Crime|Drama,7.77,1039,0.6224,it
333112,Ghosthunters: On Icy Trails,2015,Comedy|Family|Fantasy,5.7,80,0.836,de
352162,From Afar,2015,Drama,6.1,136,0.64,es
344039,Len and Company,2015,Comedy|Drama,5.5,17,0.7327,en
316447,Bad Blood,2015,Thriller|Action|Drama,5.375,28,0.7402,en
369769,Under the Sun,2015,Documentary,7.171,126,0.6031,de
352372,Darling,2015,Horror|Thriller,5.494,90,0.6869,en
336652,Two Friends,2015,Drama|Romance|Comedy,5.844,138,0.7674,fr
340200,Game of Thrones: A Day in the Life,2015,Documentary|TV Movie,7.4,33,0.643,en
339065,The True Cost,2015,Documentary|Drama,7.532,237,0.7393,en
325699,Temper,2015,Action|Drama|Crime,6.488,40,0.6065,te
362116,Paperback,2015,Romance|Comedy,5.8,14,0.8402,en
334394,Baskin,2015,Horror|Thriller,5.849,348,0.8004,tr
366313,Wong Ka Yan,2015,Romance|Drama,6.8,10,0.5965,cn
331110,Sicarivs: The Night and the Silence,2015,Drama|Crime|Thriller,7.2,28,0.6346,es
370086,LEGO Scooby-Doo! Knight Time Terror,2015,Animation|Comedy|Family|Mystery,8.0,80,0.7159,en
361790,No One Loves Anyone For More Than Two Years,2015,Drama|Romance|Comedy,5.9,12,0.8151,pt
399191,Erotic Vampires of Beverly Hills,2015,Comedy|Horror,2.5,11,0.7492,en
332788,Husband Factor,2015,Romance|Comedy,5.426,54,0.7332,tr
326441,Pernicious,2015,Horror,4.483,58,1.6266,en
362519,Bride Wars,2015,Comedy|Romance,7.2,22,0.6396,zh
363354,Library Wars: The Last Mission,2015,Romance|Action|Comedy,6.1,23,0.7089,ja
401909,The Land of Rain Trees,2015,Romance,6.2,13,0.7456,ja
301228,Narcopolis,2015,Thriller|Mystery|Science Fiction,4.692,78,0.6581,en
338127,Fukushima: A Nuclear Story,2015,Documentary,7.483,29,0.5974,en
333678,Fan Girl,2015,Music|Comedy|Family,5.3,51,0.6727,en
344147,Sharktopus vs. Whalewolf,2015,Science Fiction|Horror|TV Movie,3.7,71,0.7134,en
334875,Ek Paheli Leela,2015,Romance|Music|Thriller|Horror,4.2,20,0.8299,hi
373960,French Cuisine,2015,Comedy,4.752,143,1.2405,fr
345628,Taxi,2015,Romance|Comedy|Drama,5.6,26,0.6955,de
371778,About Love,2015,Comedy|Drama|Romance,5.93,43,0.5596,ru
246133,Entertainment,2015,Drama|Comedy,5.586,70,0.6553,en
336833,A Haunting in Cawdor,2015,Thriller|Horror,4.4,21,0.6351,en
362583,MindGamers,2015,Action|Science Fiction|Thriller,4.7,37,0.7441,en
343059,Hollywood Adventures,2015,Comedy|Action,4.5,21,0.8577,zh
366017,You Cast A Spell On Me,2015,Comedy|Fantasy|Romance|TV Movie,6.84,47,0.615,en
362046,4Got10,2015,Action,5.171,105,0.876,en
398478,It Had to Be You,2015,Romance|TV Movie,5.9,19,0.6241,en
363486,Just in Time for Christmas,2015,Fantasy|TV Movie|Romance|Drama,6.2,105,0.8179,en
333033,The Heyday of the Insensitive Bastards,2015,Drama|Comedy,4.818,45,0.6277,en
347750,Bait,2015,Thriller|Drama,5.3,14,0.6569,en
337549,The C-Word,2015,TV Movie|Drama,5.3,17,0.6379,en
227365,Kiss Me,2015,Drama|Romance,5.267,15,0.6178,en
341443,Vampire in Love,2015,Drama|Romance,6.9,26,0.7139,ja
337300,Evil Bong 420,2015,Comedy|Horror,4.0,24,0.7644,en
320589,Mavis!,2015,Documentary|Music,6.9,15,0.4608,en
346401,Daft Punk Unchained,2015,Music|Documentary,7.209,160,0.57,en
294132,Results,2015,Comedy,5.052,213,0.6538,en
421474,Pigtails,2015,Animation|Drama|Romance|Science Fiction,7.139,18,1.0496,ja
325226,Eat My Shit,2015,Comedy|Drama,5.186,43,0.6767,es
307103,SK1,2015,Drama|Crime,6.856,333,0.6064,fr
352694,Poison Berry in my Brain,2015,Comedy|Romance,7.0,11,0.5126,ja
384099,Two Wrongs,2015,Thriller|TV Movie,5.655,29,1.6349,en
365491,Forever,2015,Drama|Romance|Thriller,5.7,16,0.6833,en
328448,Dial a Prayer,2015,Comedy|Drama,5.0,47,0.6473,en
325071,Garage Sale Mystery: The Deadly Room,2015,TV Movie|Mystery,6.44,50,0.7402,en
346570,Perfect High,2015,Drama|TV Movie,5.8,72,0.7704,en
359289,Taste 2,2015,Romance,6.1,11,0.6433,ko
334132,You Are My Sunshine,2015,Drama|Romance,5.1,14,0.6936,zh
358985,Kis Kisko Pyaar Karoon,2015,Comedy|Romance,5.636,33,0.6413,hi
356210,At Home,2015,Crime|Drama,6.6,10,0.6651,ja
362467,Démons,2015,Drama|TV Movie,4.1,11,0.9375,fr
346641,The Nightmare,2015,Drama|Mystery|Horror,6.365,111,0.6995,de
75861,To Write Love on Her Arms,2015,Drama|Music,6.75,88,0.7578,en
333088,Applesauce,2015,Comedy,5.9,32,1.7477,en
391004,His Girlfriend,2015,Drama|Romance,5.8,12,0.6206,ja
361403,I'm Off Then,2015,Comedy|Drama|Family,6.147,102,0.7254,de
372113,I Adore You,2015,Comedy|Romance,5.9,23,0.6228,ar
334930,Insanity,2015,Mystery|Thriller,6.1,33,0.5953,cn
346489,A Country Wedding,2015,Romance|TV Movie,6.801,108,0.7032,en
360697,Cider with Rosie,2015,Comedy|Drama,5.4,15,0.6947,en
280084,Tamizhuku En Ondrai Azhuthavum,2015,Thriller|Comedy,7.7,11,0.6092,ta
320678,Vampyres,2015,Horror,4.4,46,1.6757,es
354038,Fatal Memories,2015,Thriller|TV Movie|Crime|Mystery,5.1,10,0.6061,en
373196,Devil And Angel,2015,Comedy|Romance,4.2,23,0.6914,zh
323667,Florence Fight Club,2015,Comedy|Drama,7.4,31,1.5627,ru
346927,A Song for Jenny,2015,Drama,6.5,11,0.5214,en
345363,One Crazy Cruise,2015,Comedy|Adventure|Mystery|Family|TV Movie,6.9,44,0.5478,en
364080,Bruce Lee: The Fighter,2015,Romance|Action|Drama,5.8,37,0.7252,te
323370,The Diabolical,2015,Horror|Science Fiction|Thriller,5.012,204,0.6163,en
335564,That's It,2015,Crime|Action|Drama,5.5,11,0.7558,ja
363211,May Who?,2015,Romance|Comedy,6.781,32,0.6186,th
351145,Retribution,2015,Thriller|Drama,6.732,459,0.7664,es
355161,Crash Test: With Rob Huebel and Paul Scheer,2015,Comedy,5.9,12,0.6495,en
341881,Kidnapped: The Hannah Anderson Story,2015,Thriller|Crime|Drama|TV Movie,6.1,29,0.6138,en
392553,Minimalism: A Documentary About the Important Things,2015,Documentary,6.575,405,0.7099,en
284514,Spy Time,2015,Action|Comedy,5.662,226,0.6789,es
373593,Su.. Su... Sudhi Vathmeekam,2015,Comedy|Drama,7.3,23,0.9191,ml
356483,Unnatural,2015,Action|Horror|Thriller,4.1,50,1.1448,en
348898,Marshall's Miracle,2015,TV Movie|Family,6.5,13,0.5607,en
373321,Rise of the Footsoldier: Part II,2015,Crime|Action,5.3,43,0.7117,en
347835,The Real Miyagi,2015,Documentary,6.5,20,0.5673,en
326446,Savageland,2015,Horror|Crime|Thriller,6.6,128,0.6095,en
370234,Dementia,2015,Horror|Thriller,4.729,83,0.6761,en
321039,The Phoenix Incident,2015,Horror|Thriller|Science Fiction,5.1,60,0.5498,en
344277,Caught,2015,Thriller|Crime|Mystery|TV Movie,5.4,50,0.5262,en
323016,Armi Alive!,2015,Drama,4.4,13,0.689,fi
361974,Kids vs Monsters,2015,Fantasy,4.0,11,0.3693,en
336114,A Sort of Homecoming,2015,Drama,5.5,15,0.563,en
352208,Where to Invade Next,2015,Documentary|Comedy,7.222,532,1.0294,en
206197,The Sisterhood of Night,2015,Mystery|Drama|Thriller,6.2,73,0.5006,en
380088,Asteroid: Final Impact,2015,Action,6.1,75,0.6328,en
320873,Dhanak,2015,Drama|Comedy,7.388,49,0.7714,hi
361043,All Hallows' Eve 2,2015,Horror,4.707,138,0.6236,en
355389,This Changes Everything,2015,Documentary,6.0,10,0.6196,en
281743,Tiny Times 4,2015,Drama|Romance,3.9,34,0.5724,zh
362998,Golden Shoes,2015,Family|TV Movie,5.8,37,0.61,en
332980,Little Big Master,2015,Drama,7.5,19,0.5741,cn
340361,Florida,2015,Comedy|Drama,6.468,78,1.6265,fr
308160,The Jönsson Gang - The Master Plan,2015,Crime|Action|Comedy|Adventure,5.591,66,0.7172,sv
366692,Margaret Cho: PsyCHO,2015,Comedy,6.6,13,0.4309,en
372789,Her Composition,2015,Drama|Fantasy|Music,4.9,12,0.5973,en
361597,Karbala,2015,War|Drama|Thriller,5.3,50,0.6751,pl
352094,Ladrones,2015,Crime|Comedy,6.8,38,0.4871,es
343981,Gascoigne,2015,Documentary,6.345,71,0.751,en
299780,Dough,2015,Drama|Comedy,5.8,64,0.7122,en
358441,Nirnayakam,2015,Drama,6.4,13,0.6836,ml
362150,Vedalam,2015,Action,5.955,55,0.7305,ta
338033,Nowhere Girl,2015,Drama|Thriller|Action,5.3,13,0.5985,ja
815776,Peligrosa tentación II,2015,Drama|Crime,6.4,101,0.7418,es
291362,Road Hard,2015,Comedy,5.7,29,0.5404,en
386084,Sweet 20,2015,Comedy,6.7,10,0.6122,vi
343097,Mega Shark vs. Kolossus,2015,Thriller|Action|Horror|Science Fiction|Mystery,4.184,79,0.5034,en
394970,A Mob of Women,2015,Romance|Comedy,4.9,13,0.6118,ar
500986,Edge,2015,Western|TV Movie,5.0,15,1.2708,en
233490,Underdog Kids,2015,Family|Action,5.4,16,0.4973,en
354143,Sex  Death and Bowling,2015,Comedy|Drama,4.3,23,0.7803,en
322771,Johan Falk: From the Ashes into the Fire,2015,Action|Thriller|Crime,6.5,31,0.6123,sv
322075,Paws  Bones & Rock'n'roll,2015,Family|Comedy,6.1,44,0.6215,ru
348746,Pixies,2015,Comedy|Animation,5.0,11,1.7506,en
345470,Hector,2015,Drama,7.2,27,0.6049,en
346830,Boy 7,2015,Thriller|Science Fiction|Action|Drama,6.0,84,0.487,de
363757,Loving Only You,2015,Romance|Comedy,5.8,283,0.6449,it
358430,The New Kid,2015,Comedy,6.2,204,0.6329,fr
329263,Suck Me Shakespeer 2,2015,Comedy,6.46,1014,0.8403,de
254800,Breaking Through,2015,Music|Drama,5.5,59,0.6525,en
389323,Papa Hemingway in Cuba,2015,Drama,5.4,30,0.5158,en
323432,Les Gorilles,2015,Comedy,4.4,150,0.6749,fr
352978,Chain of Command,2015,Thriller|Adventure|Action,5.089,73,0.5394,en
314400,Blood of My Blood,2015,History|Drama,5.678,73,0.6446,it
333759,Let's Get Married,2015,Romance,5.3,15,0.5857,zh
329020,Extraordinary Tales,2015,Horror|Animation|Mystery,6.488,130,0.871,en
315009,Rudhramadevi,2015,History|Action|Drama,5.2,36,0.5363,te
330916,King Jack,2015,Drama,6.353,109,0.6105,en
366143,Binky Nelson Unpacified,2015,Family|Animation,6.2,64,0.7021,en
338261,Downriver,2015,Drama,4.6,15,0.608,en
328216,Be My Cat: A Film for Anne,2015,Horror|Thriller|Crime,6.097,67,0.7737,en
356900,Divine Access,2015,Drama|Comedy,5.5,11,0.6614,en
321620,Famous Five 4,2015,Family|Adventure|Thriller|Crime,5.691,47,0.6573,de
356326,What We Become,2015,Horror|Thriller,5.537,202,0.5749,da
404133,Blackburn,2015,Horror,5.1,44,0.7031,en
318898,Alone,2015,Horror,5.0,28,0.8385,hi
303867,World of Tomorrow,2015,Animation|Drama|Science Fiction,7.807,360,0.601,en
291044,Short Skin,2015,Comedy,5.8,30,0.5853,it
427680,Red Wine in the Dark Night,2015,Romance|Thriller|Horror,4.7,22,0.6085,th
338752,FPS: First Person Shooter,2015,Horror,5.053,19,0.6389,en
369057,A Prince for Christmas,2015,Romance|TV Movie,5.9,106,0.9521,en
363805,Bikini Model Academy,2015,Comedy,3.598,41,0.6065,en
380087,Are You Here,2015,Horror,4.462,13,0.5828,cn
318042,B-Movie: Lust & Sound in West-Berlin 1979-1989,2015,Documentary|Music,7.698,48,0.6053,en
376808,Los Domirriqueños,2015,Comedy,6.9,14,1.7535,es
338694,Chandrettan Evideya,2015,Comedy|Drama,5.8,12,0.5336,ml
368489,Perpetual,2015,Drama|Romance,5.2,16,0.8443,da
278316,Da Sweet Blood of Jesus,2015,Drama|Horror|Romance,4.793,70,0.6304,en
387892,A.C.O.R.N.S.: Operation Crackdown,2015,Family|Animation|Comedy,4.7,18,0.7234,en
254472,Stung,2015,Horror|Comedy|Science Fiction,5.3,209,0.5991,en
312809,Tevar,2015,Thriller|Action|Drama,5.029,34,0.5678,hi
348150,Jim Henson's Turkey Hollow,2015,TV Movie|Adventure|Comedy|Family,5.6,19,0.5712,en
468684,The Space Between Us,2015,Science Fiction,6.4,28,0.4067,en
373801,Back To the Present: The Special,2015,Documentary,7.6,17,0.651,en
369892,CSI: Immortality,2015,Crime|Mystery|TV Movie,7.188,69,0.7903,en
367541,Becoming Santa,2015,Family|Fantasy|Comedy|TV Movie,5.3,31,1.9158,en
316885,Bridgend,2015,Drama,5.27,74,0.6392,en
348295,The Laundryman,2015,Comedy|Fantasy|Thriller|Crime,4.9,10,0.6678,zh
319067,Best of Enemies,2015,Documentary|History,7.155,145,0.8173,en
362862,Child of Grace,2015,Drama|Mystery,6.0,14,0.498,en
315868,Cosmos,2015,Drama|Comedy|Fantasy,6.549,92,0.5516,fr
333377,Requiem for the American Dream,2015,Documentary,7.714,201,0.5327,en
377184,Dark Intentions,2015,Thriller|Drama|TV Movie,5.7,13,0.625,en
287692,Bastard,2015,Horror,4.7,53,0.5934,en
406582,Delirium,2015,Horror,3.7,14,0.524,en
336294,American Guinea Pig: Bouquet of Guts and Gore,2015,Horror,4.379,29,0.6813,en
358353,Bound & Babysitting,2015,Family|TV Movie|Comedy,6.048,31,1.1032,en
280922,Asthma,2015,Drama|Romance,5.9,79,0.5265,en
323052,A Horse Tale,2015,Drama|Family|Romance,6.4,28,0.4814,en
359767,Girl Gets Girl,2015,Comedy,4.9,38,0.5707,es
371238,Blue Demon Ver. 2.0,2015,Mystery|Horror,4.8,15,0.5043,ja
317925,A la mala,2015,Comedy,7.724,212,0.5582,es
326011,The Battalion,2015,War|Action|Drama|History,6.7,50,0.6899,ru
325205,Other Girls,2015,Drama,4.7,11,0.5662,fi
309013,Scream at the Devil,2015,Horror|Thriller|Mystery,5.2,74,0.7006,en
330294,Marguerite & Julien,2015,Drama|History|Romance,5.7,84,0.6111,fr
346244,Clown Of The Dead,2015,Thriller|Horror,5.25,12,0.6059,id
352157,Marguerite,2015,Comedy|Drama|Music,6.384,289,0.6768,fr
326057,Assassin,2015,Crime|Thriller,4.953,32,0.5233,en
306482,Partisan,2015,Thriller|Drama,6.095,112,0.7129,en
375732,The Ritchie Blackmore Story,2015,Music|Documentary,7.5,12,0.4591,en
369770,The Sense of Wonder,2015,Comedy|Romance|Drama,6.795,295,0.8247,fr
106845,Re-Kill,2015,Horror|Science Fiction,5.972,176,0.7891,en
369054,Christmas Land,2015,TV Movie|Romance,5.6,122,1.8431,en
319341,Daddy or Mommy,2015,Comedy,6.1,1074,0.6821,fr
334328,Live from New York!,2015,Comedy|Documentary,5.9,22,0.7102,en
360007,Patchwork,2015,Horror|Comedy,5.487,79,0.5913,en
363483,12 Gifts of Christmas,2015,Family|TV Movie|Comedy|Romance,6.0,244,0.6451,en
332534,Telling Tales,2015,Comedy|Drama,6.71,100,0.6246,tr
283711,Red Amnesia,2015,Crime|Drama,6.25,28,0.5276,zh
362886,'Tis the Season for Love,2015,Romance|TV Movie,5.775,60,0.5728,en
280840,ma ma,2015,Drama,6.213,160,0.5915,es
340884,Scooby-Doo! and the Beach Beastie,2015,Family|Mystery|Animation|Comedy|Fantasy,8.4,78,0.7099,en
313371,All She Wishes,2015,Comedy|Fantasy|TV Movie,6.9,12,0.6397,en
358511,Baby Bump,2015,Comedy|Drama,4.8,20,0.526,pl
365756,A Dogwalker's Christmas Tale,2015,Comedy|TV Movie|Romance,5.9,55,0.8178,en
340247,The Challenger,2015,Action|Drama,5.9,40,0.5096,en
329909,Mr. X,2015,Action|Science Fiction|Thriller,5.3,21,0.6064,hi
356156,My Love Story!!,2015,Comedy|Romance,7.4,48,0.6142,ja
364281,Stolen Dreams,2015,TV Movie|Thriller,5.6,19,0.589,en
359746,The Propaganda Game,2015,Documentary,6.93,150,0.6554,es
157824,The Smell of Us,2015,Drama,4.861,101,0.6736,fr
295886,Brotherly Love,2015,Drama,7.0,87,0.7429,en
417483,Kim Jong-un: The Unauthorized Biography,2015,Documentary|History|TV Movie,7.5,17,0.5823,fr
476934,Sex & Violence with Machspeed,2015,Animation|Action|Comedy,5.9,11,0.5974,ja
331161,See You In Valhalla,2015,Drama|Comedy,5.2,66,0.5658,en
330431,NH10,2015,Crime|Thriller,6.866,86,0.8065,hi
361744,My Friend from the Park,2015,Comedy|Drama,6.4,17,0.7823,es
359029,Follow,2015,Horror|Thriller,4.6,20,0.5926,en
326193,Breathless Time,2015,Drama,5.5,15,0.5205,es
347979,Horoscope for Good Luck,2015,Comedy|Romance,5.7,11,0.5327,ru
368573,A Little Lust,2015,Comedy|Drama|Romance,6.3,31,0.4222,it
277153,The Surprise,2015,Comedy|Romance,6.792,72,0.7564,nl
352334,November Rule,2015,Comedy|Romance,5.6,45,0.6874,en
308187,The Manny,2015,Comedy,6.263,139,0.6734,de
321666,600 Miles,2015,Thriller|Drama,5.961,102,0.6845,es
306758,Somewhere Only We Know,2015,Drama|Romance,6.0,23,0.5165,zh
372883,Girl Missing,2015,Mystery|Thriller|TV Movie,5.5,22,0.5123,en
340684,Those People,2015,Drama|Romance,6.86,349,0.582,en
360188,Queen Crab,2015,Science Fiction|Horror,3.913,23,1.2839,en
326261,A Girl's Best Friend,2015,Drama|Family|TV Movie,7.615,13,0.6288,en
320703,The Dramatics: A Comedy,2015,Romance|Comedy,4.6,19,0.5238,en
398748,A Mother's Instinct,2015,Thriller,4.961,38,0.5151,en
361705,Birdboy: The Forgotten Children,2015,Animation|Drama|Fantasy,7.441,160,0.9339,es
366142,Competition,2015,Animation|Family,6.1,114,0.6942,en
322125,A Perfect Man,2015,Drama|Thriller,6.9,699,0.6702,fr
363810,The Leisure Class,2015,TV Movie|Comedy,3.8,29,0.6078,en
329724,In Harmony,2015,Drama,5.916,95,0.5458,fr
352327,After Words,2015,Drama|Adventure,5.2,18,0.7014,en
344823,Pandaga Chesko,2015,Romance|Drama|Family,5.5,11,0.8969,te
327040,Bang Gang (A Modern Love Story),2015,Drama,5.015,270,0.6111,fr
277353,Campus Code,2015,Action|Science Fiction,3.5,20,0.4912,en
310630,Mountain,2015,Drama,6.4,18,1.7181,pt
367538,The Flight Before Christmas,2015,Comedy|Drama|TV Movie,5.368,72,0.704,en
311181,A Novel Romance,2015,TV Movie|Romance|Comedy|Drama,6.011,90,0.4279,en
374728,I Don't Belong Anywhere: The Cinema of Chantal Akerman,2015,Documentary,6.7,16,0.7686,fr
331354,Requirements to Be a Normal Person,2015,Comedy,6.404,136,0.5425,es
357540,Heart Attack,2015,Comedy|Romance|Drama,7.057,44,0.5111,th
361042,The Hollow,2015,Horror|TV Movie,4.694,93,0.5652,en
336149,Arthur & Merlin,2015,Fantasy,4.9,72,0.6482,en
375306,Aka Medaka,2015,TV Movie|Drama|Comedy,7.8,13,0.6196,ja
332706,Bleeding Heart,2015,Thriller|Drama,5.0,97,0.8946,en
371627,Adele: Live in New York City 2015,2015,Music|TV Movie,8.4,21,0.7967,en
356021,Subterranea,2015,Drama|Mystery,4.3,19,0.6371,en
363117,Hana's Miso Soup,2015,Drama|Family,6.3,19,0.6043,ja
264038,Kaaka Muttai,2015,Drama,7.8,63,0.7661,ta
352552,Hurricane of Fun: The Making of Wet Hot,2015,Documentary,6.4,46,0.5357,en
322266,Buddy Hutchins,2015,Thriller|Horror|Comedy,3.8,15,0.5273,en
345630,Just the Way You Are,2015,Drama|Romance|Comedy,7.3,18,0.7681,tl
283710,Fires on the Plain,2015,War|Drama,6.3,41,0.5573,ja
338838,Impact Earth,2015,Action|Drama,5.2,23,0.7124,en
363289,Warehoused,2015,Comedy|Drama,7.4,21,0.8279,es
367543,Wish Upon a Christmas,2015,Drama|Romance,5.0,25,0.465,en
338518,Age Of Kill,2015,Action,4.9,16,0.6362,en
342502,AWOL-72,2015,Thriller,4.2,38,0.7334,en
340816,Christmas Eve,2015,Family|Comedy|Romance,5.524,85,0.4378,en
335026,Day One,2015,Drama|War,5.6,23,0.5682,en
285020,Christmas  Again,2015,Drama|Romance,6.2,38,1.67,en
322443,The Timber,2015,Adventure|Drama|Western|Action,5.15,50,0.6069,en
338107,Chocolate City,2015,Drama,5.2,38,0.5066,en
315575,My Golden Days,2015,Drama,6.655,184,0.5436,fr
358982,Eden Lodge,2015,Thriller|Horror,3.7,22,0.5834,en
330161,Gourmet Detective,2015,TV Movie|Mystery,6.767,58,0.9163,en
381994,The Innocents,2015,Horror,5.1,13,0.3048,es
325060,Portrait of Love,2015,Romance|TV Movie,5.531,32,0.6165,en
278247,Walt Before Mickey,2015,Drama,6.402,245,0.7232,en
314371,11 Minutes,2015,Drama|Thriller,5.508,66,0.7609,pl
308077,Nasty Baby,2015,Comedy|Drama,5.241,56,0.5658,en
333594,Echoes of War,2015,Western|Drama|Thriller,6.025,40,0.6344,en
362538,Spirit Riders,2015,Family|Drama|Adventure,6.132,19,0.5258,en
317121,All of My Heart,2015,Romance|TV Movie,6.916,95,0.6147,en
346079,6 Ways to Die,2015,Thriller|Action|Crime,5.0,30,0.4936,en
355178,Amy Schumer: Live at the Apollo,2015,Comedy,5.9,67,0.4573,en
347944,Anguish,2015,Horror,4.672,93,0.5119,en
347755,Wind Walkers,2015,Action|Horror|Thriller,5.947,19,0.6826,en
324572,The Escape,2015,Drama|Romance|Adventure,4.8,17,0.5568,nl
323599,Humpback Whales,2015,Documentary,7.1,19,0.4186,en
298036,The Burning Dead,2015,Horror,3.5,45,0.4772,en
361378,Jamnapyari,2015,Comedy|Adventure,4.2,11,0.457,ml
358924,Miss Sharon Jones!,2015,Documentary|Music,7.111,18,0.5661,en
398475,How Not to Propose,2015,Romance|TV Movie,5.2,13,0.5464,en
156981,Old 37,2015,Horror,3.8,52,0.4882,en
377380,From Rocky to Creed: The Legacy Continues,2015,Documentary|TV Movie,7.0,14,0.616,en
364540,Girl Asleep,2015,Fantasy|Comedy|Drama,6.092,130,0.5688,en
368809,Miracle Maker - A Christmas Tale,2015,Drama|Family,6.1,11,0.5139,en
309919,The Curse of Downers Grove,2015,Thriller|Mystery|Horror|Drama,4.655,74,0.6345,en
349138,Ludo,2015,Horror,3.0,50,0.537,bn
328739,David and Goliath,2015,Action|Adventure|Drama|Fantasy,5.8,51,0.5917,en
320302,Ever Been to the Moon?,2015,Comedy|Romance,5.7,262,0.8547,it
332500,College Coeds vs. Zombie Housewives,2015,Comedy,5.4,14,0.7838,en
337755,Star Wars Rebels: The Siege of Lothal,2015,Adventure|Animation|Science Fiction|TV Movie|Action,7.888,94,0.4731,en
316068,Tyler Perry's Madea's Tough Love,2015,Animation|Comedy,6.8,34,0.5965,en
392135,Princess Cut,2015,Romance|Drama,5.6,14,0.7001,en
316128,Damaged,2015,Drama|Mystery|Thriller|TV Movie,5.5,20,0.5916,en
324803,Hangman,2015,Horror|Thriller,4.776,145,0.7274,en
363690,Tank 432,2015,Action|Horror|Thriller,3.734,47,0.4806,en
320028,An Italian Name,2015,Comedy,6.329,343,0.4837,it
351043,Amnesiac,2015,Thriller|Mystery|Drama|Horror,4.609,165,0.6006,en
353430,Alpha and Omega: Family Vacation,2015,Family|Animation,5.172,29,0.5457,en
291272,We Are Still Here,2015,Horror,5.607,521,0.7,en
369820,I'm Brent Morin,2015,Comedy,6.7,32,0.7501,en
347700,Motivation 2: The Chris Cole Story,2015,Documentary,7.1,17,0.3608,en
324308,Steve Jobs: The Man in the Machine,2015,Documentary,6.555,254,0.5592,en
330425,Kanchana 2,2015,Horror|Comedy,5.1,26,0.6359,ta
287525,Kantemir,2015,Thriller|Horror,4.1,27,0.5354,en
335077,Battle For SkyArk,2015,Family|Science Fiction|Action|Adventure,3.754,69,0.6079,en
280878,Eetti,2015,Action,6.2,10,0.4968,ta
316828,The Fire,2015,Drama,6.5,12,1.3554,es
415847,Deeper: The Retribution of Beth,2015,Drama|Thriller|Horror,4.2,19,0.5777,en
324183,Ghost Mountaineer,2015,Mystery|Adventure|Thriller|Horror,5.091,22,0.6903,et
457402,The Book of Fire,2015,Action|Horror,4.1,17,0.647,en
334924,The Treasure,2015,Comedy,6.415,65,0.4631,ro
369060,A Christmas Truce,2015,TV Movie|War|Drama|Romance,6.4,26,0.4746,en
333873,Keepers of the Covenant: Making 'Exodus: Gods and Kings',2015,Documentary,5.8,31,0.4123,en
348929,You're Killing Me,2015,Comedy|Crime|Horror|Romance,5.5,19,0.5363,en
349135,Roboshark,2015,Thriller|Action|Science Fiction|TV Movie|Horror,3.8,39,0.6331,en
506452,Nightwing and Robin,2015,Animation|Action,6.3,33,0.4266,en
396965,Well Wishes,2015,Adventure|Comedy|Drama|Romance,5.0,10,0.6404,en
350837,Antisocial 2,2015,Horror,5.402,41,0.3921,en
300983,Yennai Arindhaal,2015,Thriller|Action,6.975,59,0.551,ta
289716,The World Made Straight,2015,Drama,5.5,60,0.4683,en
367540,Last Chance for Christmas,2015,Family|TV Movie|Romance,5.9,42,0.5133,en
377436,The Right Girl,2015,Romance|TV Movie,5.9,29,0.5092,en
319076,Listen to Me Marlon,2015,Documentary,7.53,168,0.4704,en
386038,Brothers in Blood: The Lions of Sabi Sand,2015,Documentary,8.0,13,0.5975,en
351097,The Apostate,2015,Comedy|Drama,5.4,38,0.6008,es
317118,I Do  I Do  I Do,2015,Romance|Comedy|Fantasy|TV Movie,6.2,82,0.5963,en
366018,A Christmas Melody,2015,Comedy|Romance|TV Movie,6.0,118,0.6428,en
367732,Uncle Nick,2015,Comedy,5.814,35,0.4946,en
360648,Ennu Ninte Moideen,2015,Drama|Romance,7.2,34,0.5953,ml
353879,Phantom,2015,Thriller|Action,5.6,53,0.7001,hi
364092,Conventional,2015,Horror|Comedy,6.9,18,0.3768,en
262436,Champs,2015,Documentary,6.319,47,0.5555,en
320421,Meet My Valentine,2015,Romance|Drama,6.5,40,0.5316,en
320343,Hacker's Game,2015,Thriller|Drama|Romance,4.8,25,0.4812,en
352733,The Scandalous Lady W,2015,Drama|TV Movie|Romance|History,6.585,106,0.7412,en
312152,Chuck Norris vs Communism,2015,Documentary|History,7.1,60,0.5656,ro
310491,Glassland,2015,Drama,4.944,62,0.5035,en
339077,Lovemilla,2015,Science Fiction|Comedy|Romance,5.0,14,0.4599,fi
316715,The Eichmann Show,2015,Drama|History|TV Movie,6.651,202,0.6071,en
337107,Valley of Love,2015,Drama,5.9,93,0.528,fr
329205,Ghoul,2015,Thriller|Horror,4.578,77,0.5744,en
344123,Perfect Match,2015,Comedy|Romance|TV Movie,5.94,58,0.5579,en
362366,Three Stories of Love,2015,Drama,6.1,14,0.7129,ja
361422,Ever After High: Way Too Wonderland,2015,Animation|Family|TV Movie|Fantasy,7.5,15,0.4652,en
356149,Robert,2015,Horror,4.264,174,0.6776,en
327385,Dancer and the Dame,2015,Comedy,5.1,14,0.584,en
287499,Margarita with a Straw,2015,Drama,6.774,84,0.459,hi
361474,Mr. Gaga,2015,Documentary,7.5,45,0.6331,he
530581,365 Days,2015,Romance,4.8,21,0.6523,te
338797,Spanish Western,2015,Documentary,6.2,16,1.4056,es
382890,Monsters,2015,Horror|Science Fiction,6.1,16,0.4882,en
363263,Cassette Girl,2015,Animation|Action|Science Fiction,6.5,13,0.5548,ja
336201,The Chosen Ones,2015,Drama,6.3,80,0.6547,es
417268,Social Suicide,2015,Thriller|Drama|Romance,4.292,12,0.5884,en
520372,Paradise Lost?,2015,Drama|Fantasy|Thriller,6.0,12,0.5717,en
380341,Nagasaki: Memories of My Son,2015,Drama,6.706,17,0.5252,ja
345725,A Fool,2015,Adventure|Drama|Comedy,7.3,25,0.5713,zh
309889,The Culling,2015,Horror|Thriller,3.9,58,0.6571,en
371828,Peter & Wendy,2015,Fantasy|Family,6.7,30,0.6432,en
359440,Barista,2015,Documentary,5.7,21,0.3878,en
334383,36 Vayadhinile,2015,Drama|Family,6.7,23,0.4384,ta
341106,Ingrid Bergman: In Her Own Words,2015,Documentary|History,7.1,68,0.512,sv
365452,A Rising Tide,2015,Drama|Romance,6.1,49,0.5349,en
362056,Warrior,2015,Drama,2.571,14,0.5808,ru
451303,Sinister Circle,2015,Horror,6.4,37,0.4484,es
369364,A Girl in the River: The Price of Forgiveness,2015,Documentary,7.1,49,0.4872,en
354034,Stolen Daughter,2015,Drama|TV Movie,6.2,12,1.2126,en
393478,Kiss of Life,2015,Romance|Comedy,4.4,26,0.5173,tr
349105,Francis: Pray for Me,2015,Drama,6.594,32,0.5947,es
327447,Stubborn,2015,Romance|Comedy|Drama,4.6,10,0.5524,fr
336691,Paternity Leave,2015,Comedy|Romance,4.6,15,0.4049,en
325848,The Parisian Bitch,2015,Comedy,5.8,485,0.6179,fr
328039,Half Brothers,2015,Drama|Comedy|Crime,5.669,74,0.6448,de
299545,The Amazing Wizard of Paws,2015,Family|Adventure|Fantasy|Science Fiction,4.0,13,0.4183,en
338537,Drink Me,2015,Drama|Horror,4.3,16,0.6734,en
372823,Natale Col Boss,2015,Comedy,5.2,164,0.2988,it
342169,Puerto Ricans in Paris,2015,Comedy,5.675,40,0.4705,en
310602,Klown Forever,2015,Comedy,5.798,62,0.5736,da
359641,Argentina,2015,Music|Documentary,5.4,11,0.4303,es
292277,Living in the Age of Airplanes,2015,Documentary,7.8,17,0.4849,en
335392,Dharam Sankat Mein,2015,Comedy|Drama|Family|Fantasy|Mystery,6.7,18,0.5032,hi
307226,Carrossel: O Filme,2015,Comedy|Family,7.37,131,0.5465,pt
356401,Wedding Doll,2015,Drama,6.4,13,0.8568,he
278736,Girls' Night Out,2015,Comedy,5.115,78,0.4708,es
300761,Kobe Bryant's Muse,2015,Documentary|TV Movie,7.8,29,0.6429,en
345931,American Poltergeist,2015,Horror,2.8,102,0.5286,en
365762,Angels in the Snow,2015,Drama|Family|TV Movie,6.6,51,0.4934,en
325039,Lady of Csejte,2015,Drama|Thriller|Horror,4.5,31,0.4774,ru
333287,Slow Learners,2015,Romance|Comedy,5.7,69,0.5625,en
359325,Distractions,2015,Comedy,6.5,21,0.5657,fi
319994,The Pearl Button,2015,Documentary,6.928,76,0.5188,es
346355,Seven Days: Monday - Thursday,2015,Comedy,6.2,32,0.6156,ja
315055,Absolution,2015,Thriller|Drama,5.5,13,0.3789,fi
268725,Nightlight,2015,Thriller|Horror,4.9,99,0.4863,en
353609,Santa's Little Helper,2015,Comedy|Family,5.396,67,0.6406,en
347674,Rivers 9,2015,Action|Comedy|Crime,5.1,16,0.4979,en
370925,Uncanny Valley,2015,Science Fiction,7.1,34,0.3472,en
334299,Caprice,2015,Comedy|Romance,5.4,103,0.5036,fr
320906,Orange Mittai,2015,Drama|Comedy,5.9,15,0.4956,ta
350641,Gallows Road,2015,Drama,7.2,22,1.3327,en
332512,Ghost,2015,Family|Comedy,6.381,59,0.4554,ru
315882,Beaver Trilogy Part IV,2015,Documentary,7.4,11,0.4318,en
276678,Agent F.O.X.,2015,Animation,4.1,11,0.7919,zh
493390,Bargain,2015,Drama,7.4,12,0.4892,ko
385174,Hostile Border,2015,Drama,5.8,14,0.5001,en
364505,Love and...,2015,Drama,7.3,12,0.4806,ko
370071,A Christmas Star,2015,Family|Comedy,5.047,43,0.5302,en
347849,Zombie Shark,2015,Horror|Science Fiction|TV Movie|Action,4.115,65,0.6531,en
420346,The Morning After,2015,Comedy|Drama,3.5,10,0.4658,en
366686,Ex-Files 2: The Backup Strikes Back,2015,Comedy,5.725,20,0.5705,zh
316654,Bombay Velvet,2015,Crime|Thriller,5.4,47,0.3995,hi
333549,Among Friends,2015,Comedy,5.2,129,0.6249,fr
324245,7 Chinese Brothers,2015,Comedy,5.3,43,0.4653,en
337208,Cowboys vs. Dinosaurs,2015,Science Fiction|Action|Western,4.218,55,0.6398,en
351095,Amama,2015,Drama,6.2,12,0.3628,eu
338778,The Reluctant Nanny,2015,Family|TV Movie|Romance|Comedy,6.438,40,0.6273,en
371029,SODA: le rêve américain,2015,Comedy|TV Movie,5.3,117,0.482,fr
323555,That Gal...Who Was in That Thing: That Guy 2,2015,Documentary,6.7,12,0.5398,en
362244,16 and Missing,2015,Thriller|TV Movie,5.5,22,0.2856,en
354375,His Secret Family,2015,Drama|Crime|Thriller|TV Movie,5.2,20,0.4212,en
392918,Creature Designers: The Frankenstein Complex,2015,Documentary,7.2,31,0.7583,fr
329061,Teeth,2015,Animation|Thriller|Horror|Comedy,6.7,30,1.6428,en
328692,Ventoux,2015,Drama,5.75,30,0.4434,nl
416119,Blood Trap,2015,Action|Crime|Thriller|Horror,4.0,24,0.5124,en
340448,No No Sleep,2015,Drama|Documentary,5.9,12,0.6835,zh
280165,Thani Oruvan,2015,Thriller|Action,7.4,96,0.4529,ta
366759,Ali Baba and the 7 Dwarfs,2015,Adventure|Action|Comedy,4.924,119,0.4843,tr
351037,The Ardennes,2015,Crime|Drama|Thriller,6.621,202,0.7386,nl
358996,Hero,2015,Romance|Action|Drama,5.79,31,0.5791,hi
312793,The Walking Deceased,2015,Comedy|Horror,5.126,194,0.5896,en
347538,Alex & Eve,2015,Comedy|Romance|Drama,5.6,37,0.5432,en
343284,Night of the Living Deb,2015,Comedy|Horror,5.267,161,0.4803,en
324264,Danny Says,2015,Documentary|Music,6.952,21,0.5425,en
330348,The Wait,2015,Drama,6.245,96,0.4913,it
365932,Over,2015,Drama,7.5,12,0.3111,en
348630,Garage Sale Mystery: The Wedding Dress,2015,Family|TV Movie|Mystery|Drama,6.2,52,0.5864,en
292081,Sunshine Superman,2015,Documentary,6.532,31,0.544,en
335724,Territory,2015,Adventure|Drama,5.8,44,0.5388,ru
386465,Newcomer,2015,Crime|Drama|Thriller,5.5,22,0.609,en
394018,The Last Journey of the Enigmatic Paul W.R,2015,Science Fiction,4.6,15,0.593,fr
392898,Sun Belt Express,2015,Family|Comedy|Drama,6.2,14,0.4333,en
350575,Outside the Box,2015,Comedy,5.6,34,0.4604,de
370928,Nightmare Nurse,2015,Crime|Thriller,5.188,24,0.4799,en
353463,Ville-Marie,2015,Drama|Thriller,5.4,27,0.5731,fr
340030,Night Fare,2015,Thriller|Horror,5.2,74,0.639,fr
355730,Signed  Sealed  Delivered: Truth Be Told,2015,Drama|TV Movie,6.5,27,0.4716,en
369059,How Sarah Got Her Wings,2015,Drama|Fantasy|TV Movie,5.9,93,0.6342,en
353533,Srimanthudu,2015,Action|Drama,6.814,59,0.6342,te
330414,10 Endrathukulla,2015,Action|Romance,4.5,23,0.5639,ta
362230,Richard the Lionheart: Rebellion,2015,History|Action|Adventure|Drama,2.5,15,0.4003,en
365432,The Sublet,2015,Mystery|Drama|Thriller|Horror,4.7,39,0.4859,en
365949,Terminal,2015,Drama,5.8,14,0.5859,ja
363838,The Reckoning,2015,Romance|TV Movie|Drama,6.0,18,1.6027,en
355065,The People vs. Fritz Bauer,2015,History|Drama|Mystery,6.815,219,0.5236,de
342030,Eva Braun,2015,Drama,4.3,16,0.4206,it
325669,The Dream Children,2015,Drama,5.9,27,0.5259,en
363476,Charming Christmas,2015,TV Movie|Romance|Drama,5.561,57,0.5017,en
343859,The Surface,2015,Drama,5.8,13,0.497,en
356488,Born to Dance,2015,Music|Drama,6.2,41,0.5313,en
369055,The Christmas Note,2015,Family|Mystery|TV Movie,6.3,50,0.555,en
336197,Amnesia,2015,Drama,5.4,45,0.6244,fr
360604,Ice Sculpture Christmas,2015,Romance|TV Movie,6.1,87,0.6156,en
348191,Leviathan: The Story of Hellraiser and Hellbound: Hellraiser II,2015,Documentary|Horror,6.4,23,0.5307,en
297743,A Midsummer's Fantasia,2015,Romance|Drama,7.308,13,0.4357,ko
308640,Songs My Brothers Taught Me,2015,Drama,6.875,120,0.7265,en
348634,A Christmas Detour,2015,TV Movie|Comedy|Romance,6.057,106,0.5127,en
315364,Beck 29 - Invasion,2015,Thriller|Crime|Mystery|Drama,4.9,26,0.6014,sv
362141,Dog,2015,Drama,7.3,13,0.4879,tr
344475,Our Futures,2015,Comedy,6.228,123,1.4429,fr
336663,The Wakhan Front,2015,Drama|Fantasy|War,6.333,57,0.5262,fr
326415,Headless,2015,Horror,4.5,47,0.5689,en
311301,As We Were Dreaming,2015,Drama,6.0,46,0.5488,de
361749,Hello  It's Me,2015,Mystery|Drama|Romance|TV Movie,6.633,49,0.5832,en
320910,Naanum Rowdydhaan,2015,Action|Comedy|Drama|Romance,6.48,51,0.5084,ta
339944,Secret Society of Souptown,2015,Mystery|Family|Adventure|Fantasy,6.2,27,0.7208,et
329134,Massu Engira Maasilamani,2015,Comedy|Thriller|Horror,5.0,45,0.5613,ta
312316,The Elevator: Three Minutes Can Change Your Life,2015,Drama|Thriller,5.553,47,0.3927,en
348294,Like You Mean It,2015,Drama,5.375,24,0.4393,en
307125,Pass the Light,2015,Family|Drama|Comedy,6.4,16,0.4577,en
421281,Borrowed Time,2015,Animation|Drama|Western,7.357,185,0.4877,en
335819,B/W,2015,Science Fiction|Comedy|Crime,5.2,27,0.4943,ru
378263,Addicted to Sexting,2015,Documentary,3.8,31,0.5765,en
320709,Antonia,2015,Drama,5.7,21,0.5365,it
352851,Love on the Air,2015,TV Movie|Romance,6.774,31,0.4786,en
369927,A Second Chance,2015,Drama|Romance,7.1,12,0.4129,tl
243752,No Stranger Than Love,2015,Romance|Comedy,4.534,59,0.5565,en
458617,Phineas and Ferb: Last Day of Summer,2015,Animation|Family|Comedy|Science Fiction|TV Movie,8.0,35,0.5091,en
366564,Comment c'est loin,2015,Comedy,6.993,689,0.4698,fr
354359,Sharknado: Feeding Frenzy,2015,Documentary,4.8,31,0.3917,en
322740,Seashore,2015,Drama|Romance,6.232,181,0.5223,pt
439976,Pretty Boy,2015,Drama,7.578,50,0.5602,en
276500,The Ever After,2015,Drama,5.7,20,0.4549,en
381108,Raven's Touch,2015,Drama,4.5,31,0.4433,en
343371,No Way Jose,2015,Comedy,4.9,24,0.4353,en
324496,Picket 43,2015,Action|Drama|War,6.2,15,0.435,ml
291866,The Hive,2015,Horror|Science Fiction,5.318,99,0.7268,en
365544,The Fortress: By Shield and Sword,2015,War|Animation|Adventure,7.1,16,0.426,ru
382563,Where's the Dragon?,2015,Animation|Family,6.2,16,0.5731,zh
345637,Sanjay's Super Team,2015,Animation|Family|Fantasy|Action,6.4,270,0.5227,en
371718,Dolly Parton's Coat of Many Colors,2015,Drama|TV Movie,6.4,43,0.4871,en
347762,Most Likely to Die,2015,Horror,4.3,201,0.6698,en
343426,The Murder Pact,2015,Thriller|TV Movie,6.1,24,0.4359,en
282313,The Reconstruction of William Zero,2015,Science Fiction|Drama|Thriller,5.3,40,0.5015,en
320316,Italiano medio,2015,Comedy,5.808,487,0.4114,it
342208,How He Fell in Love,2015,Romance|Drama,4.0,18,0.6012,en
301629,Addicted to Fresno,2015,Comedy,5.269,119,0.4964,en
362434,Ominous,2015,Horror|Science Fiction|TV Movie,4.5,39,0.5542,en
337260,The Christmas King: In Full Armor,2015,Adventure|Fantasy|Family,6.0,28,0.5308,no
360608,Ungodly Acts,2015,Drama|TV Movie|Thriller,4.0,11,1.5035,en
349110,Sorority Slaughterhouse,2015,Horror,3.4,18,0.4211,en
268689,Wicked Flying Monkeys,2015,Fantasy|Animation|Adventure,5.7,23,0.4412,es
321214,False Movement,2015,Drama,6.6,16,0.4914,fr
323656,Just Jim,2015,Comedy,5.6,38,0.4364,en
334028,Some Kind of Hate,2015,Horror|Fantasy,4.7,124,0.4871,en
364594,No Borders,2015,Comedy|Romance,5.4,22,0.3858,ru
358804,The Madness of Max,2015,Documentary,7.2,10,0.4006,en
266619,I Am Big Bird: The Caroll Spinney Story,2015,Documentary,7.378,45,0.5642,en
179966,Fishing Naked,2015,Comedy,3.4,19,0.4635,en
306197,Unexpected,2015,Comedy|Drama,5.693,88,0.5556,en
328483,London Road,2015,Music|Thriller,5.5,40,0.4733,en
359256,Burning Love,2015,Comedy,5.7,22,0.4293,it
343144,Barcelona Christmas Night,2015,Romance|Comedy|Drama,6.3,75,0.4563,ca
357708,Inji Iduppazhagi,2015,Romance|Comedy|Drama,5.3,17,0.6351,ta
380018,Flipped,2015,Drama|Thriller,5.5,10,0.3749,en
306622,Star Leaf,2015,Horror|Science Fiction|Thriller,3.8,25,0.4398,en
332624,Unhallowed Ground,2015,Thriller|Horror,4.1,12,0.4747,en
356846,The Gamechangers,2015,Drama|TV Movie,5.9,77,0.4443,en
266038,Titli,2015,Drama|Action|Crime,6.7,39,0.4819,hi
355600,Junun,2015,Music|Documentary,7.2,65,1.5946,en
327982,Soulless 2,2015,Drama,5.47,50,0.5346,ru
356324,Don't Blink - Robert Frank,2015,Documentary,7.0,14,0.3591,en
336121,Girl on the Edge,2015,Drama,5.8,36,0.4129,en
360324,The Journey,2015,Drama,4.7,15,0.4783,it
349177,Sucker,2015,Comedy,5.3,14,0.3508,en
324320,Theory of Obscurity: A Film About the Residents,2015,Documentary|Music,6.7,17,0.4851,en
328246,Salad Days: A Decade of Punk in Washington  DC (1980-90),2015,Music|Documentary,7.0,24,0.4463,en
352197,Heart of a Dog,2015,Documentary,6.5,54,0.4453,en
344134,Weepah Way For Now,2015,Drama|Comedy,4.7,17,0.5886,en
339344,The Dog Who Saved Summer,2015,Family|TV Movie|Comedy,5.75,12,0.5765,en
337677,Microbe and Gasoline,2015,Comedy,6.108,158,0.4095,fr
374547,Gypsy,2015,Comedy|Drama,7.8,13,0.4429,en
384216,The Purging Hour,2015,Horror,3.2,10,0.2687,en
359341,Carter High,2015,Drama,6.65,10,1.6212,en
373944,Alice: Boy from Wonderland,2015,Horror|Fantasy|Romance,7.7,40,0.7281,ko
361519,Kohinoor,2015,Comedy|Thriller,6.2,14,0.5803,ml
301162,In the Heart,2015,Drama,6.0,10,0.2913,nl
329931,Being Good,2015,Drama,7.5,15,0.5286,ja
397549,Lil Rel Howery: RELevent,2015,Comedy|Documentary|TV Movie,6.7,12,0.3846,en
325712,Cool Cat Saves the Kids,2015,Comedy|Crime|Family,3.3,61,0.4735,en
335805,Faith of Our Fathers,2015,War|Drama,5.6,25,0.438,en
382651,Helix,2015,Action|Mystery|Science Fiction,5.1,22,0.3789,en
354924,The Dead Room,2015,Horror|Thriller,5.0,126,0.4677,en
307931,The Wolfpack,2015,Documentary,6.775,325,0.4746,en
328737,Tenured,2015,Comedy,4.2,12,1.4176,en
312827,The Nightmare,2015,Horror|Documentary,5.5,290,0.5093,en
323020,Bis,2015,Comedy,5.304,571,0.5207,fr
364136,The Final Lesson,2015,Drama|Family,6.476,21,0.405,fr
344938,The Ark Of Mr. Chow,2015,Comedy|Drama,4.8,19,0.4442,zh
364776,Amar Akbar Anthony,2015,Comedy|Drama,5.8,29,0.4907,ml
301417,Hell Fire,2015,Horror,4.0,16,0.2712,en
367284,Sicilian Vampire,2015,Crime|Drama|Horror|Thriller,3.4,18,0.4104,en
316822,The Martial Arts Kid,2015,Action|Drama|Family,6.5,13,0.5078,en
284875,Cut Snake,2015,Drama|Crime|Romance,6.288,33,0.4496,en
356187,A Patch of Fog,2015,Thriller,6.51,49,0.3983,en
335127,Midnight Sex Run,2015,Comedy,2.7,10,0.4977,en
356366,Guns for Hire,2015,Comedy|Drama|Thriller,4.744,43,0.5211,en
374211,Mariah Carey's Merriest Christmas,2015,Music,5.4,23,0.4857,en
363479,Merry Matrimony,2015,Romance|TV Movie,5.8,63,0.4624,en
362155,Me  Myself and Her,2015,Comedy|Romance,6.0,172,0.6214,it
337958,Last Cab to Darwin,2015,Comedy|Drama|Romance|Adventure,6.792,77,0.5511,en
295595,Soaked in Bleach,2015,Music|Drama|Documentary|Crime,7.0,185,0.5742,en
326153,Malli Malli Idhi Rani Roju,2015,Romance|Drama,7.2,13,0.5348,te
280168,Kaaki Sattai,2015,Comedy|Action,5.6,20,0.5063,ta
306969,Dark Summer,2015,Thriller|Horror,4.4,83,0.3723,en
351868,Appetites,2015,Horror|Thriller,4.5,20,0.414,en
324254,Babysitter,2015,Comedy,5.813,16,1.128,en
369810,The Teacher,2015,Crime|Drama|Action,5.1,21,0.3508,ru
360994,Love at First Child,2015,Romance|Comedy,5.674,152,0.4478,fr
360695,The Go-Between,2015,TV Movie|Drama,6.8,33,0.5128,en
355930,Tikkun,2015,Drama,5.9,21,0.4266,he
372297,Charlie,2015,Drama|Romance,7.581,86,0.4869,ml
356000,Incident Light,2015,Drama,6.3,16,0.3038,es
310567,Umrika,2015,Drama|Comedy,6.039,38,0.4911,hi
328032,Mara and the Firebringer,2015,Fantasy,5.56,42,0.6069,de
359257,Wednesday  May 9,2015,Thriller|Drama,5.8,12,0.6766,fa
373564,Beauty and the Bestie,2015,Drama|Action|Comedy,4.2,11,0.3657,tl
342163,No Kids,2015,Romance|Comedy,6.56,84,0.572,es
363482,Once Upon A Holiday,2015,Family|Romance|TV Movie,6.0,123,0.6178,en
344057,Paris Holiday,2015,Romance|Comedy,5.7,10,0.6246,cn
312788,Americons,2015,Drama|Action|Crime,6.0,16,0.5001,en
332830,Oru Vadakkan Selfie,2015,Comedy|Drama,6.473,37,0.4486,ml
355473,First Response,2015,Action|TV Movie,6.5,26,0.4995,en
366015,Buried Secrets,2015,Thriller|TV Movie,4.8,15,0.4098,en
289191,I Am Here,2015,Drama|Thriller,4.938,65,0.5416,en
383001,Leibstandarte: My Honor Was Loyalty,2015,Drama|War,5.339,31,0.5835,it
338312,Argo 2,2015,Comedy|Crime,7.361,18,0.5443,hu
378373,Brothers of the Wind,2015,Adventure|Drama|Family,7.1,193,0.5797,en
320629,Mili,2015,Drama,5.9,16,0.7805,ml
334362,Highway to Hellas,2015,Comedy,5.6,47,0.4074,de
358644,Embers,2015,Drama|Science Fiction,5.569,80,0.5231,en
348315,Clean Hands,2015,Crime|Drama|Thriller,5.9,36,0.6773,nl
384547,Ho Mann Jahaan,2015,Drama|Music,6.1,10,0.618,ur
336167,Private Number,2015,Mystery|Horror|Thriller,4.2,31,0.575,en
341742,We Were Young,2015,Comedy|Drama,5.677,82,0.3297,fr
321160,With This Ring,2015,Romance|Comedy|TV Movie,5.8,52,0.525,en
309038,300 Worte Deutsch,2015,Comedy|Drama,5.5,43,0.4614,de
337211,The Watchers: Beginning,2015,Crime|Adventure|Comedy,4.353,17,0.4047,ru
348296,The Bad Education Movie,2015,Comedy|Action,5.7,146,0.4688,en
298714,X: Past Is Present,2015,Drama|Mystery,5.4,14,0.604,en
348520,American Guinea Pig: Bloodshock,2015,Horror,3.9,11,0.4209,en
315839,Above and Beyond,2015,War|Documentary|Adventure|History,7.5,11,0.4207,en
319091,The Hunting Ground,2015,Documentary,7.358,141,0.5672,en
325344,Thanatos  Drunk,2015,Drama,5.8,18,0.3525,zh
373838,The Best Day Ever,2015,Comedy,5.0,66,0.4493,ru
365267,Strange Heaven,2015,Drama,6.3,14,0.4176,pl
310507,Chorus,2015,Drama,5.9,13,0.4409,fr
323426,Shamitabh,2015,Comedy|Drama|Thriller,6.195,59,0.4215,hi
338520,Apparition,2015,Thriller|Horror,3.2,21,0.4206,en
121869,Eisenstein in Guanajuato,2015,Comedy|Romance,6.112,89,0.4478,en
278398,Pathemari,2015,Drama,7.5,23,0.4432,ml
358893,Angry Indian Goddesses,2015,Comedy|Drama,6.827,49,0.4317,hi
370980,Call Me Francis,2015,Drama,6.7,50,0.5397,it
228294,Now Add Honey,2015,Comedy,5.5,15,0.5469,en
360109,CT Fletcher: My Magnificent Obsession,2015,Documentary,7.8,11,0.4726,en
372822,Vacanze ai Caraibi - Il film di Natale,2015,Comedy,4.6,308,0.4726,it
351192,Come What May,2015,War|Drama,6.3,68,0.43,fr
365815,Young Love Lost,2015,Drama|Comedy|Romance,6.25,12,0.5152,zh
357974,Beginner's Guide to Sex,2015,Comedy,4.8,36,0.406,en
337719,Possessed,2015,Animation|Comedy|Horror,6.2,27,0.3807,es
334682,A Ballerina's Tale,2015,Documentary,6.4,29,0.5127,en
352196,Frenzy,2015,Drama|Crime,6.9,49,0.6093,tr
293069,The Chambermaid Lynn,2015,Drama,5.443,35,0.5504,de
312849,Ivy,2015,Drama|Fantasy|Thriller,7.796,108,0.4876,tr
414288,Violetta: The Journey,2015,Music|Documentary|TV Movie,8.3,10,0.4162,es
331464,Black Beauty,2015,Family,6.7,25,1.123,en
323384,A Gift of Miracles,2015,Drama|Romance|TV Movie,5.798,47,0.49,en
367537,The Christmas Gift,2015,Family|TV Movie|Drama|Romance,5.3,34,0.5551,en
368834,The Latin Explosion: A New America,2015,Documentary,8.0,17,0.4846,en
339533,San Andreas Quake,2015,Action|Science Fiction|TV Movie,4.264,193,0.5702,en
354222,Getaway of Love,2015,Drama,3.9,34,0.3987,it
337961,Guilty,2015,Romance|Thriller|Mystery|Crime|Horror,5.6,11,0.5577,cn
352099,Bangistan,2015,Comedy|Drama,5.692,13,0.3785,hi
290290,War Book,2015,Drama,5.1,19,0.3475,en
370690,Cord,2015,Horror|Science Fiction,5.8,13,1.4775,en
343369,Love Finds You in Charm,2015,TV Movie|Drama,6.2,56,0.5681,en
358238,Aimy in a Cage,2015,Drama|Fantasy|Science Fiction,4.5,18,0.3691,en
280877,Bhooloham,2015,Action|Romance,5.9,17,0.4032,ta
248633,Zombie Killers: Elephant's Graveyard,2015,Horror,3.4,16,0.4018,en
264729,Off Course,2015,Romance|Comedy,6.301,344,0.468,es
353952,Calendar Girls,2015,Drama,4.5,11,0.497,hi
336111,Once Upon a Time,2015,Comedy|Romance,5.1,13,0.4154,tr
362306,Milfs vs. Zombies,2015,Horror|Comedy,3.5,13,0.5124,en
343702,The Sweet Escape,2015,Comedy|Drama,6.6,153,0.4807,fr
338353,Dennis Rodman's Big Bang in PyongYang,2015,Documentary,6.417,24,0.4367,en
371603,Nickelodeon's Ho Ho Holiday Special,2015,Comedy,8.5,21,0.4632,en
318106,Hawaizaada,2015,Drama|Fantasy|History,5.5,15,0.4656,hi
367005,Préhistoric Cabaret,2015,Mystery,4.587,23,0.2786,en
373878,Lusers,2015,Comedy|Adventure,6.6,26,0.305,es
122278,808,2015,Music|Documentary,7.3,29,0.437,en
371107,Anarkali,2015,Romance|Drama,5.9,26,0.5358,ml
352113,Vasuvum Saravananum Onna Padichavanga,2015,Romance|Comedy,4.7,18,0.5245,ta
340829,Paayum Puli,2015,Action|Drama|Thriller,6.4,16,0.5817,ta
363480,Christmas Incorporated,2015,TV Movie|Drama,6.3,85,0.438,en
355383,Battle of Surabaya,2015,Animation|War|Action|Adventure|Drama|History,7.688,16,0.3872,id
365543,The Watchers: The Last Hero,2015,Crime|Romance,4.5,13,0.3756,ru
329601,She's Ramona,2015,Comedy,5.1,10,0.4131,es
397805,Brothers,2015,Drama,6.6,40,0.4672,en
333091,Bare,2015,Drama,4.5,66,0.5913,en
333021,Popoz,2015,Comedy|Action,5.9,20,0.2907,nl
356335,Man vs. Snake,2015,Documentary,6.551,78,0.3754,en
385232,Dudes & Dragons,2015,Fantasy|Action|Comedy,4.552,29,0.3795,en
360354,Jeremy Scott: The People's Designer,2015,Documentary,7.6,12,0.4157,en
339002,2Survive,2015,Thriller|Adventure|Drama|Horror,5.0,12,0.3221,en
188621,The Portuguese Falcon,2015,Comedy|Action,6.8,40,0.3167,pt
440689,Heart of a Lion,2015,Comedy|Romance,5.7,14,0.309,es
333555,Schneider vs. Bax,2015,Comedy|Crime|Thriller,6.1,91,0.3674,nl
375989,Dark,2015,Thriller|Drama|Horror,4.0,43,0.4018,en
296449,Francofonia,2015,Drama|History,6.506,86,0.5066,fr
344593,Cherry Tree,2015,Horror,4.9,38,0.3655,en
323665,Ava's Possessions,2015,Comedy|Horror|Mystery|Thriller,5.801,163,0.4149,en
362262,Idyll,2015,Thriller|Action|Horror,5.7,16,0.3331,sl
349849,Kruel,2015,Horror,5.1,15,0.4067,en
338485,Signed  Sealed  Delivered: From Paris with Love,2015,TV Movie|Family,6.804,28,0.5038,en
283536,Ned Rifle,2015,Drama,5.8,55,0.6272,en
340712,Gabo: The Creation of Gabriel García Márquez,2015,Documentary,7.5,30,0.2831,es
364137,All Three of Us,2015,Drama|Comedy,7.5,501,0.6255,fr
360826,Jazbaa,2015,Thriller|Action,6.8,34,0.4934,hi
354382,Alto,2015,Comedy|Crime|Romance,5.3,29,0.4651,en
376221,Eyes,2015,Horror,6.5,17,0.4064,ja
398639,When Duty Calls,2015,Mystery|Adventure|Romance|TV Movie,6.5,10,0.4753,en
358962,Queen of Spades: The Dark Rite,2015,Horror,5.375,88,0.6635,ru
336664,Paulina,2015,Drama|Thriller,6.4,58,0.3616,es
430423,The Eiffel Tower Mystery,2015,Mystery|Drama|Thriller|TV Movie,6.3,28,0.4804,fr
319999,Body,2015,Drama|Comedy,6.054,74,0.4301,pl
307274,Clinger,2015,Comedy|Horror,4.8,26,0.406,en
300601,It's Now or Never,2015,Comedy,5.449,186,0.4058,es
364833,The End of a Beautiful Epoch,2015,Comedy|Drama,6.3,17,0.3976,ru
277387,Just a Little Chemistry,2015,Comedy|Romance,5.391,46,0.4252,es
363484,Angel of Christmas,2015,Family|TV Movie|Romance,6.1,76,0.4673,en
320005,Under Electric Clouds,2015,Drama|Science Fiction,6.1,36,0.456,ru
262973,Anegan,2015,Comedy|Mystery|Romance|Thriller,6.3,36,0.4329,ta
362439,They Found Hell,2015,Horror|Science Fiction,4.9,53,0.3074,en
335663,Ladygrey,2015,Drama,4.4,14,0.5101,fr
347855,Curtain,2015,Horror|Mystery|Science Fiction,4.9,27,0.3767,en
333344,Dirty Weekend,2015,Drama|Comedy,4.9,84,0.3958,en
336265,The Mind's Eye,2015,Action|Horror|Science Fiction,4.9,96,0.4532,en
341366,Sherpa,2015,Documentary,7.459,61,0.3794,en
338897,A Useless Day,2015,Comedy,5.3,17,0.2817,ar
346963,The Mourning,2015,Science Fiction|Thriller|Drama|Mystery,3.5,10,0.3346,en
362000,Doc Brown Saves the World,2015,Science Fiction,6.3,17,0.4118,en
348765,Alaska,2015,Drama|Romance,6.759,313,0.4083,it
346763,Gold Coast,2015,Romance|Drama|History,5.9,21,0.5824,da
361498,Life of Josutty,2015,Drama,6.1,16,0.4614,ml
338492,Qet And Far,2015,Unknown,5.9,11,0.3404,ar
336214,Filosofi Kopi,2015,Drama|Adventure,6.727,11,0.4229,id
350576,Comic 8: Casino Kings - Part 1,2015,Action|Comedy|Crime,5.864,11,0.3337,id
327476,Reunion,2015,Comedy,5.0,43,1.2249,fi
365839,A Holy Mess,2015,Comedy|Drama,5.117,47,0.3775,sv
364761,4 Kings,2015,Drama,6.52,49,0.4624,de
362256,Barça Dreams,2015,Documentary,7.0,38,0.4618,es
309063,The Ouija Experiment 2: Theatre of Death,2015,Horror,4.7,104,0.5707,en
323901,The Last Rescue,2015,War|Action|Drama,4.9,21,0.5356,en
379998,Becoming Zlatan,2015,Documentary,6.2,63,0.3867,sv
363969,These Daughters of Mine,2015,Comedy|Drama,6.098,41,0.3512,pl
362268,Stretch and Bobbito: Radio That Changed Lives,2015,Documentary,8.0,27,0.5252,en
371307,Mr. Cinderella,2015,Comedy|Romance,5.1,273,0.4042,it
345259,Musical Chairs,2015,Drama|Comedy,5.0,22,0.2939,fr
324259,Prince,2015,Comedy|Drama,6.7,22,1.3856,nl
373534,The Sound of Music Live!,2015,Drama|Music|Family|Romance,7.733,15,0.345,en
356029,Next to Me,2015,Drama|Comedy,6.0,13,0.4527,sr
364305,Taking Flight,2015,Adventure|Animation|Family,6.0,10,0.4643,en
380948,Heart for Heaven,2015,Comedy,5.389,18,0.4724,zh
157422,The Wicked Within,2015,Horror,4.8,41,0.4723,en
324978,Pirate's Passage,2015,Adventure|Animation|Family,5.55,20,0.3588,en
304126,My Internship in Canada,2015,Comedy,6.341,41,0.4932,fr
252596,German Angst,2015,Horror|Drama,5.339,90,0.4152,de
318225,Tig,2015,Documentary,7.2,98,0.458,en
365126,Jess & James,2015,Drama|Romance,6.0,61,0.4073,es
369875,A Christmas Eve Miracle,2015,Comedy|Family,4.3,13,0.255,en
331622,Punk Berlin 1982,2015,Drama|Comedy|Crime|Romance,5.0,28,0.4217,de
329712,The Measure of a Man,2015,Drama,6.567,368,0.4524,fr
361181,Trouble on Wheels,2015,Comedy,6.25,94,0.4595,tr
330421,Papanasam,2015,Crime|Thriller|Drama|Family,7.9,47,0.389,ta
309233,Arletty: A Guilty Passion,2015,Drama|TV Movie,5.9,29,0.3929,fr
318047,La La La at Rock Bottom,2015,Drama|Comedy,6.9,10,0.4192,ja
363890,Night of the Living Dead: Darkest Dawn,2015,Action|Animation|Horror,5.0,20,0.5862,en
329750,(Dis)Honesty: The Truth About Lies,2015,Documentary,7.3,57,0.4067,en
341886,June,2015,Science Fiction|Horror,4.025,59,0.5585,en
324764,Flocking,2015,Drama|Thriller,6.3,39,0.5276,sv
347702,Packed In A Trunk: The Lost Art of Edith Lake Wilkinson,2015,Documentary,7.6,10,0.4574,en
347382,The One,2015,War|Drama,5.667,24,0.5506,ru
350616,The Divine Tragedies,2015,Thriller|Drama|Horror,4.5,13,0.3886,en
327651,Insectula!,2015,Horror|Science Fiction|Fantasy|Comedy|Mystery,6.0,24,1.4118,en
298043,Smoke and Mirrors: The Story of Tom Savini,2015,Documentary,6.6,29,0.4065,en
319089,The Black Panthers: Vanguard of the Revolution,2015,Documentary,7.023,64,0.3441,en
319152,Finders Keepers,2015,Documentary,6.5,64,0.3959,en
328070,Roommate Wanted,2015,Thriller,4.2,22,0.3877,en
331351,Innocent Killers,2015,Thriller|Drama,5.9,26,0.3172,es
363007,Préjudice,2015,Drama,5.9,25,1.5169,fr
326333,Liza  the Fox-Fairy,2015,Comedy|Fantasy|Romance,7.3,97,0.4182,hu
330636,Katti Batti,2015,Comedy|Romance|Drama,5.4,18,0.417,hi
337607,Call Me Helen,2015,Drama|Comedy,5.7,22,0.3666,de
364023,Pasanga 2,2015,Comedy|Drama|Family,7.3,23,0.3429,ta
363178,Thoongaavanam,2015,Action|Crime|Thriller,5.8,23,0.261,ta
345306,The Bartender,2015,Comedy,5.3,36,0.3313,ru
327474,People Get Eaten,2015,Comedy|Drama,6.375,12,0.5328,da
320318,The Clearstream Affair,2015,Thriller|Drama,6.2,114,0.4433,fr
261817,Gabriel,2015,Drama,6.8,33,0.5131,en
341669,Iona,2015,Drama,6.5,10,0.5979,en
204473,Ghost Shark 2: Urban Jaws,2015,Comedy|Horror|Thriller,5.067,15,0.3012,en
389976,Desire Will Set You Free,2015,Drama|Romance|Comedy,4.5,11,0.4247,en
327231,For Better and Worse,2015,Comedy,4.0,12,0.3426,sv
323788,The Man in 3B,2015,Mystery,6.1,12,0.3816,en
398438,Letter Never Sent,2015,Romance|TV Movie,6.1,29,0.5096,en
325791,A Gift Horse,2015,Family,7.1,24,0.3227,en
358808,Tharlo,2015,Drama,6.4,18,0.3262,bo
324586,Hedi Schneider Is Stuck,2015,Comedy|Drama,6.2,19,0.2322,de
330537,Anger of the Dead,2015,Drama|Horror,3.7,22,0.4255,en
338927,Double Barrel,2015,Comedy|Drama|Thriller,5.5,26,0.4476,ml
293644,Top Cat Begins,2015,Comedy|Animation|Family,6.7,149,0.4556,es
306307,Gnome Alone,2015,Horror,3.3,17,0.5128,en
363974,Unterm Radar,2015,Drama|TV Movie|Thriller,6.0,17,0.3529,de
342571,The Last One and then We Go,2015,Family|Comedy|Adventure,7.8,69,0.4419,es
338944,Left Behind,2015,Comedy|Fantasy|Romance,4.421,19,0.3408,ru
369594,This Summer Feeling,2015,Drama,5.6,42,0.3602,fr
475753,Depressive Cop,2015,Crime|Fantasy|Mystery,4.6,15,1.0081,en
342765,Carte Blanche,2015,Drama,6.833,36,0.3856,pl
307002,Enakkul Oruvan,2015,Mystery|Romance|Thriller,6.8,13,0.4207,ta
333360,Peggy Guggenheim: Art Addict,2015,Documentary,6.466,29,0.4887,en
333123,Jackrabbit,2015,Drama|Thriller|Science Fiction,4.5,22,0.4774,en
336016,Ruben Guthrie,2015,Drama|Comedy|Romance,4.6,17,0.3757,en
285203,Brothers,2015,Documentary,6.9,15,0.2625,no
302818,Poverty  Inc.,2015,Documentary,7.188,16,0.3404,en
273870,Uttama Villain,2015,Drama|Comedy,6.7,33,0.3794,ta
339181,Chirakodinja Kinavukal,2015,Comedy,7.0,12,0.4417,ml
324325,Twinsters,2015,Family|Documentary,7.3,141,0.4047,en
363566,Sperm Whale,2015,Comedy,4.9,27,0.296,fa
348896,Dare to Be Wild,2015,Drama,6.321,28,0.2722,en
271983,A Man Amidst Bees,2015,Comedy|Drama|Fantasy,6.784,125,0.2762,pt
358905,3000 Nights,2015,Drama,6.2,29,0.2919,ar
341900,Ivide,2015,Crime|Thriller,5.5,15,0.3036,ml
356783,Kunjiramayanam,2015,Comedy|Drama,6.548,21,0.3331,ml
306543,Homies,2015,Comedy,5.391,23,0.578,nl
359805,21 Nights with Pattie,2015,Comedy,5.747,97,0.4763,fr
363478,I'm Not Ready for Christmas,2015,Family|TV Movie|Comedy|Drama|Romance,5.352,64,0.3272,en
327266,A Dark Reflection,2015,Thriller,4.4,17,0.3805,en
362699,Remainder,2015,Drama,5.4,42,0.4386,en
324181,The Resurrection of Jake The Snake,2015,Documentary,7.527,55,0.3808,en
376132,Film Adventurer Karel Zeman,2015,Documentary,7.545,11,0.5183,cs
325263,Journey to Space,2015,Documentary,6.2,37,0.4135,en
325113,A Girl Like Her,2015,Drama,7.058,223,0.452,en
353311,The Wiz Live!,2015,TV Movie|Music,7.0,51,0.4129,en
330220,The Girl Is in Trouble,2015,Crime|Action|Thriller,4.8,30,0.4319,en
325516,Robin Hood: The True Story,2015,Comedy|Adventure,4.4,190,0.4157,fr
333545,Road Wars,2015,Science Fiction|Action,3.9,32,0.3341,en
364470,Game Therapy,2015,Science Fiction|Adventure|Action|Fantasy|Drama,4.5,230,0.4156,it
340215,Dusk,2015,Drama|Thriller,6.4,28,0.4732,en
338912,Check It Out!,2015,Comedy,5.508,65,0.5271,de
338928,He Named Me Malala,2015,Documentary,6.679,159,0.3477,en
320662,Cam Girlz,2015,Documentary,5.2,16,0.4052,en
353599,The Lake on Clinton Road,2015,Horror,4.3,11,0.2809,en
305141,Oliver  Stoned.,2015,Comedy,3.4,17,0.3731,en
315367,Beck 30 - The Hospital Murders,2015,Thriller|Crime|Mystery|Drama,5.0,21,0.4112,sv
292111,Semana Santa,2015,Drama,6.647,17,0.7262,es
400221,Godless,2015,Drama,4.0,21,0.3807,en
325134,Cute and Dangerous,2015,Romance|Comedy,6.577,39,0.3261,tr
295048,Charlotte's Song,2015,Fantasy,5.1,14,0.4422,en
379927,The King of Life,2015,Drama|Comedy,5.079,19,0.4266,pl
333846,Enclave,2015,War|Drama,7.2,41,0.4075,sr
365339,Black Road,2015,Science Fiction|Thriller,4.1,16,0.3218,en
332312,Helen Keller vs. Nightwolves,2015,Action|Comedy|Horror,5.1,16,0.3527,en
317119,So You Said Yes,2015,Romance|TV Movie,5.8,30,0.4034,en
366631,On the Twelfth Day of Christmas,2015,Romance|TV Movie,6.4,64,0.486,en
397383,El espejo de los otros,2015,Comedy|Drama,5.2,16,0.2947,es
263865,Bedlam,2015,Thriller|Horror,4.8,15,0.4266,es
331983,K-9 World Cup,2015,Animation|Family,6.4,21,0.3432,es
324794,The Blue Hour,2015,Drama|Horror,6.1,30,0.4794,th
327953,Ralphie May: Unruly,2015,Comedy,5.0,20,0.2768,en
347142,Ernie Biscuit,2015,Comedy|Drama|Animation,7.2,22,0.2756,en
362373,Eaters,2015,Horror|Thriller,2.9,16,0.3376,en
328594,The Birth of Saké,2015,Documentary|History,7.155,42,0.3415,ja
352187,Boomerang,2015,Drama,6.212,139,0.3846,fr
384316,1945: The Savage Peace,2015,Documentary|History|TV Movie,7.625,12,0.3605,en
285848,Felix and Meira,2015,Drama|Romance,5.5,28,0.3993,fr
347760,Aaaaaaaah!,2015,Comedy|Horror|Thriller,4.3,53,0.3952,en
368002,Matrimonio al Sud,2015,Comedy,4.89,200,0.4647,it
396104,The Hospital 2,2015,Horror,3.4,15,0.3792,en
600990,John Wick: Calling in the Cavalry,2015,Documentary,7.2,18,0.4412,en
359869,Ghost Squad,2015,Family|Adventure|Fantasy,5.2,13,0.6698,en
332719,Air Bridge,2015,Drama|Romance,6.3,62,0.381,pt
362610,I Am Your Father,2015,Documentary,6.58,56,0.3768,es
499098,The Girlfriend Game,2015,Drama|Thriller,6.4,10,0.2834,en
343412,A Mother,2015,Drama,5.3,22,0.4228,fr
319340,I Kissed a Girl,2015,Comedy,5.856,299,0.3871,fr
355279,All Is Well,2015,Romance|Comedy|Drama,5.6,18,0.3552,hi
383868,Murder in Aigues-Mortes,2015,Crime|Drama|Mystery|TV Movie,6.6,12,0.3467,fr
324820,The Snake Brothers,2015,Drama,5.3,15,0.4469,cs
362343,Trenk  the Little Knight,2015,Animation|Family,5.5,12,0.3963,de
382725,Sociopathia,2015,Horror,3.8,23,0.3339,en
370628,Men in the City 2,2015,Romance|Comedy,5.222,18,0.5277,nl
347767,The Entity,2015,Horror,5.2,37,0.4037,es
325619,Johan Falk: Silent Diplomacy,2015,Crime|Thriller|Action,6.3,31,0.4152,sv
347766,The Rotten Link,2015,Horror|Drama,4.7,17,0.4927,es
366232,ErOddity(s) 2,2015,Drama|Horror|Science Fiction,3.9,13,0.3987,en
331330,100 Days of Love,2015,Romance|Comedy,6.2,34,0.3937,ml
346667,Trisha Illana Nayanthara,2015,Romance|Action|Comedy,5.3,18,0.5571,ta
337473,Sugar Coated,2015,Documentary,7.3,30,0.3272,en
368787,Geniş Aile: Yapıştır,2015,Comedy,4.5,20,0.2996,tr
295401,Underdog,2015,Drama,6.1,14,0.42,sv
367197,Boom Bust Boom,2015,History|Documentary,7.2,15,0.3655,en
318044,What Happened  Miss Simone?,2015,Music|Documentary,7.386,386,0.3846,en
358403,Taj Mahal,2015,Thriller,5.17,53,0.3533,fr
400655,Belaseshe,2015,Family|Drama,6.9,16,0.337,bn
348545,Through the Shadow,2015,Mystery|Horror,5.4,23,0.2854,pt
302042,Dead on Campus,2015,Thriller|Drama|TV Movie,4.5,44,0.3163,en
372449,Bob's Broken Sleigh,2015,Animation,4.875,16,0.5411,en
365834,Trace,2015,Horror,3.9,16,0.3126,en
318368,Banana,2015,Comedy,6.4,29,0.3963,it
363152,Bengal Tiger,2015,Romance|Action|Comedy,4.7,13,0.5683,te
355655,Catching Faith,2015,Drama|Family,6.238,21,0.339,en
372337,Trailer Park Boys: Drunk  High and Unemployed,2015,Comedy|TV Movie,5.385,26,0.4161,en
352451,KL10 Pathu,2015,Romance|Comedy,6.7,10,0.365,ml
366929,One Soldier's Story: The Journey of American Sniper,2015,Documentary,5.9,53,0.3666,en
347764,Goddess of Love,2015,Mystery|Drama|Thriller|Horror,5.3,45,0.4447,en
332608,Jil,2015,Action,5.8,10,0.506,te
356371,Boy,2015,Drama,4.3,15,0.2685,en
311770,My Skinny Sister,2015,Drama,6.8,60,0.6286,sv
214256,AfterDeath,2015,Horror|Mystery|Thriller,4.351,77,0.3384,en
346352,B,2015,Crime|Drama,7.081,31,0.4663,es
339715,Stag Hunt,2015,Comedy|Horror,3.8,13,0.4353,en
277687,The Midnight Swim,2015,Drama|Mystery|Horror,5.0,36,0.4193,en
328402,Ab Tak Chhappan 2,2015,Crime|Action,5.6,10,0.3246,hi
288778,Runoff,2015,Drama|Thriller,5.8,10,0.4996,en
367941,Violent Shit: The Movie,2015,Horror,3.5,10,0.238,en
288301,Do I Sound Gay?,2015,Documentary,5.5,57,0.3734,en
365675,Everyday I Love You,2015,Drama|Romance,7.2,10,0.3614,tl
334876,Taklub,2015,Drama,5.6,10,0.217,tl
369230,Them Who?,2015,Comedy,6.456,431,0.3031,it
319090,The Chinese Mayor,2015,Documentary,8.0,26,0.3329,zh
342550,You Carry Me,2015,Drama,6.4,14,0.3595,hr
371046,Frozen Lake,2015,Crime,4.9,36,0.3121,de
270591,Anton Tchekhov 1890,2015,Drama,5.4,13,0.2811,fr
389685,On the Roof,2015,Drama,5.9,14,0.4051,es
325690,The Legendary Giulia and Other Miracles,2015,Comedy,6.97,535,0.4831,it
358760,Macho Man,2015,Romance|Comedy|Drama,5.1,25,0.5823,de
334939,Sword of D'Artagnan,2015,Family|Adventure,5.833,33,0.3681,nl
340401,Potato Salad: Don't Ask!,2015,Horror|Comedy,2.665,88,0.3211,de
367551,American Hero,2015,Action|Comedy|Science Fiction,5.526,235,0.3554,en
291868,My Life Directed by Nicolas Winding Refn,2015,Documentary,6.4,55,0.3552,en
289723,An Act of War,2015,Mystery|Thriller,4.8,18,0.3591,en
378175,Edmond,2015,Animation|Comedy,7.2,14,0.2713,en
344791,Paradise Trips,2015,Comedy|Drama,6.9,14,1.3161,en
321668,Strange Blood,2015,Science Fiction|Horror,3.5,48,0.2944,en
298032,VANish,2015,Crime|Thriller|Action|Horror,4.5,61,0.4767,en
372142,Gun Racking,2015,Action|Drama,5.9,12,0.3869,ar
343921,A Deadly Adoption,2015,Drama|Thriller,4.9,85,0.4028,en
348754,The Jokesters,2015,Comedy|Horror|Thriller,3.1,12,0.3981,en
324298,An Autumn Without Berlin,2015,Romance|Drama,5.8,21,0.2114,es
319092,The Russian Woodpecker,2015,Documentary|History,6.2,37,0.4142,en
322434,The Ceremony,2015,Documentary,4.7,11,0.336,fr
310568,The Summer of Sangaile,2015,Drama|Romance,6.4,110,0.4061,lt
364426,Fear Itself,2015,Mystery|Documentary|Horror,6.0,18,0.3438,en
316015,My Life as a Dead Girl,2015,Mystery|Crime|Fantasy|TV Movie|Thriller,6.8,27,0.5611,en
325389,Rahasya,2015,Thriller|Mystery,7.197,38,0.506,hi
348025,Families,2015,Comedy|Drama,4.6,97,1.6277,fr
367513,Chemsex,2015,Documentary,5.9,18,0.3422,en
228152,The Violin Teacher,2015,Drama|Music,6.7,57,0.3457,pt
352812,Tick Tock Tale,2015,Animation,7.425,113,0.4147,en
374767,Soul Thieves,2015,Horror,5.528,18,0.263,es
263118,The Price of Fame,2015,Drama,5.3,52,0.4139,fr
364094,Fun Size Horror: Volume Two,2015,Horror,3.909,11,0.3552,en
327915,Sakalakala Vallavan,2015,Romance|Comedy|Drama,4.5,11,0.5766,ta
346679,Auschwitz,2015,Documentary,7.4,10,0.4133,en
362637,Opposites Attract,2015,Romance|Comedy,5.889,314,0.3353,it
359108,Viva,2015,Drama,7.258,66,0.3351,es
308174,3 Türken und ein Baby,2015,Comedy,5.329,117,0.4636,de
356733,Endorphine,2015,Drama,5.5,24,0.3546,fr
363846,Motherland,2015,Thriller|Drama,4.2,10,0.4122,ru
329013,III,2015,Thriller|Drama|Horror,4.7,62,0.3844,ru
350751,Amityville Death House,2015,Horror,3.8,18,0.2479,en
401166,Group B,2015,Drama,6.5,14,0.3178,en
359934,Kristen,2015,Thriller|Horror,5.6,25,0.294,nl
336207,I Am a Soldier,2015,Drama,5.5,22,0.2822,fr
362571,The Scent of Mandarin,2015,Drama|History|Romance,5.932,22,0.3482,fr
365966,Bros Before Hoes,2015,Comedy,3.9,43,0.3019,de
354150,unINDIAN,2015,Comedy|Drama|Romance,5.7,13,0.3947,en
323679,Manson Family Vacation,2015,Mystery|Comedy|Drama|Thriller,5.622,82,0.352,en
321478,Hunting Grounds,2015,Horror,5.0,29,0.4173,en
319998,Sworn Virgin,2015,Drama,5.603,63,0.3257,it
354357,Sorority Murder,2015,TV Movie|Thriller,7.1,15,0.3979,en
400316,Inside Einstein's Mind: The Enigma of Space and Time,2015,Documentary|History,7.3,21,0.4087,en
369912,A Night of Horror Volume 1,2015,Thriller|Horror,5.231,39,0.3618,en
366548,The Nobodies,2015,Comedy,7.3,198,0.409,fr
317940,I Promise You Anarchy,2015,Romance|Drama,6.227,33,0.3808,es
316347,A Horse for Summer,2015,Drama|Family,7.8,12,0.3257,en
318054,No Men Beyond This Point,2015,Drama|Comedy|Science Fiction,5.8,39,0.3135,en
337342,Prom Ride,2015,Thriller|Horror,2.6,12,0.3596,en
464288,Sock 'Em Dead,2015,Horror|Comedy|Drama|Fantasy|Thriller,5.133,15,0.2938,en
360270,Schmidts Katze,2015,Comedy,5.6,11,0.3285,de
327709,Komban,2015,Family|Action|Comedy|Drama,5.059,17,0.387,ta
366255,Killer Rack,2015,Music|Horror|Comedy,3.7,13,0.4298,en
370725,Other People's Children,2015,Romance|Drama,3.7,12,0.3543,en
345170,Frank and Cindy,2015,Comedy|Drama,5.633,30,0.3849,en
331797,The Passion of Augustine,2015,Drama,6.938,24,0.3194,fr
360022,Kiss Me  Kill Me,2015,Mystery|Crime|Thriller,5.2,12,0.4547,en
373332,If You Knew How Beautiful It Is Here,2015,TV Movie|Crime|Drama,6.7,18,0.3885,de
324687,Story of Judas,2015,Drama|History,6.2,13,0.3184,fr
360251,Maya,2015,Drama|Horror|Thriller,6.8,23,0.4719,ta
410741,Bagboy,2015,Comedy|TV Movie,7.7,15,0.3947,en
356216,The Rise of the Krays,2015,Crime,4.745,47,0.3912,en
374952,The House Sitter,2015,Thriller|TV Movie,4.4,22,0.3211,en
338827,Thanks to my Friends,2015,Comedy,5.0,69,0.3637,fr
277967,Life Eternal,2015,Comedy|Crime|Thriller,7.077,84,0.3208,de
355518,We Are Blood,2015,Documentary|Action,6.571,14,0.4683,en
353500,Essex Boys: Law of Survival,2015,Action|Adventure|Crime|Drama,4.4,16,0.4482,en
313179,American Justice,2015,Action,4.3,13,0.3438,en
358206,The Assistant,2015,Thriller,5.1,15,0.3747,fr
345727,Pentatonix: On My Way Home,2015,Music|Documentary,7.0,27,0.3431,en
351186,Heatwave,2015,Crime,6.3,18,0.4165,fr
350779,The Bosses,2015,Crime|Drama|Thriller,7.3,76,0.4239,es
372390,A Spiritual Matter,2015,Drama,4.6,17,0.3619,fr
353788,Holland: The Living Delta,2015,Documentary,6.7,11,0.2017,nl
362065,Fire City: End of Days,2015,Thriller|Horror|Fantasy,5.4,37,0.4503,en
372790,FSM,2015,Comedy|Drama,5.3,12,0.2361,en
347848,Last Girl Standing,2015,Drama|Horror,5.0,52,0.3098,en
338072,Little Mountain Boy,2015,Family|Adventure,6.8,19,0.3908,de
371442,Bad Roomies,2015,Comedy,4.6,60,0.4983,en
362876,California,2015,Drama,7.1,48,0.4287,pt
356320,Paul à Québec,2015,Drama|Comedy,6.8,23,0.2805,fr
300451,Still,2015,Thriller,5.4,24,0.3153,en
322506,Elstree 1976,2015,Documentary,6.155,42,0.369,en
319071,Fresh Dressed,2015,Documentary|History|Music,6.4,27,0.3378,en
259749,42nd Street Memories: The Rise and Fall of America's Most Notorious Street,2015,Documentary,7.8,10,0.4112,en
348955,H8RZ,2015,Action|Drama|Thriller,5.1,17,0.454,en
342238,Drop Dead Gorgeous,2015,Comedy,5.433,52,0.3035,pt
363413,Pyaar Ka Punchnama 2,2015,Romance|Comedy|Drama,6.469,81,0.3299,hi
334087,Starfighter,2015,TV Movie|Drama,7.125,12,0.3259,de
366242,Christmas in the Smokies,2015,Family|TV Movie,5.8,34,0.353,en
362180,Don't Grow Up,2015,Drama|Horror|Science Fiction,4.861,115,0.4189,en
358332,Cosmos Laundromat,2015,Animation|Fantasy,6.339,59,0.442,en
368239,View from a Blue Moon,2015,Documentary,6.7,20,0.2731,en
387931,Yowamushi Pedal Re:ROAD,2015,Animation,6.9,26,0.3398,ja
326434,Manny Lewis,2015,Comedy,6.1,11,1.2904,en
345807,The Voice Inside,2015,Comedy,5.6,37,0.3314,tr
310516,Chlorine,2015,Drama,5.5,25,0.3966,it
332439,Watch Your Back,2015,Drama|TV Movie|Thriller,4.9,27,0.5392,en
347215,Safrom,2015,Horror,4.4,15,0.9895,it
315588,Dreamgirls,2015,Comedy,5.827,156,0.4221,de
372640,The Very Private Life of Mister Sim,2015,Comedy|Drama,6.0,102,0.2476,fr
285858,Corbo,2015,Crime|Drama|History,6.3,15,0.4025,fr
399814,Maz Jobrani: I'm Not a Terrorist But I've Played One on TV,2015,Comedy,6.3,14,0.1999,en
315081,Backstreet Boys: Show 'Em What You're Made Of,2015,Documentary|Music,7.5,34,0.3165,en
316784,The Black Hole,2015,Thriller|Science Fiction,3.7,33,0.4856,en
365948,Sayonara,2015,Drama,5.4,18,0.319,ja
312128,Dora or The Sexual Neuroses of Our Parents,2015,Drama|Romance,5.1,25,0.4584,de
369228,Dobbiamo parlare,2015,Comedy,5.915,94,0.1975,it
340144,Wednesdays Don't Exist,2015,Comedy|Drama|Romance,5.6,31,0.2796,es
352960,Lace Crater,2015,Horror|Comedy|Drama|Fantasy,5.0,25,0.4545,en
321507,L'Emprise,2015,Drama|TV Movie,7.656,163,0.2914,fr
376244,A Frosty Affair,2015,Adventure|Comedy|Romance|TV Movie,5.6,28,0.4114,en
339170,Animalistic,2015,Thriller|Drama|Horror,4.0,33,0.2977,en
336112,A Blood Story,2015,Horror,2.2,10,0.3591,en
356218,Girls Lost,2015,Drama|Fantasy,5.6,34,0.2934,sv
300542,Queen of Earth,2015,Drama|Thriller,6.006,171,0.3628,en
315061,Vares: The Sheriff,2015,Crime,6.0,18,0.37,fi
287501,Meet Me in Montenegro,2015,Romance|Comedy|Drama,4.2,11,0.4202,en
334918,The White Knights,2015,Drama,5.6,42,0.2792,fr
367999,The Last Will Be the Last,2015,Drama|Comedy,6.588,266,0.4574,it
340426,Niyazi Gül Dörtnala,2015,Comedy,4.0,42,0.3134,tr
345163,A Woman's Revenge,2015,Drama|Crime|TV Movie,6.0,28,0.3981,fr
330206,Anti-Social,2015,Crime,5.2,48,0.3318,en
367544,The Spirit of Christmas,2015,Romance|Drama|Fantasy|TV Movie,7.0,306,0.3513,en
323366,Pod,2015,Horror|Mystery|Thriller,4.324,122,0.3346,en
326198,Nothing in Return,2015,Drama,6.424,178,0.3594,es
318052,The Man in the Wall,2015,Drama|Thriller,6.0,20,0.4353,he
333886,Lemonade,2015,Drama|Comedy,6.8,101,0.3359,tr
352202,Behemoth,2015,Documentary,7.5,55,0.3279,zh
341178,Dangerous Company,2015,Thriller|TV Movie,3.9,10,0.4214,en
267955,Nintendo Quest,2015,Documentary,5.8,50,0.3801,en
346757,Box,2015,Drama,6.4,60,0.3148,ro
369627,Einmal Hallig und zurück,2015,TV Movie|Comedy|Romance,5.4,18,0.3377,de
361631,Rammstein in Amerika,2015,Documentary|Music,8.0,56,0.3456,de
352188,I'm All Yours,2015,Drama|Comedy,5.4,70,0.3956,fr
600987,Don't F*#% With John Wick,2015,Documentary,7.658,57,0.267,en
450070,Whispers,2015,Horror|Drama|Thriller,4.7,14,0.3712,en
347752,Road Games,2015,Horror|Thriller,5.3,90,0.4991,en
360341,Keith Richards: Under the Influence,2015,Documentary|Music,6.7,81,0.4557,en
267853,She Who Must Burn,2015,Drama|Thriller|Horror,5.412,17,0.3199,en
286367,Classroom 6,2015,Horror,4.629,31,0.3614,en
353730,Fire Song,2015,Drama,5.2,12,0.26,en
374074,A Unique Life,2015,Drama|Comedy,5.7,44,0.3178,tr
332831,Yavade Subramanyam,2015,Adventure|Comedy|Drama,7.3,19,0.5044,te
317214,From A to B,2015,Adventure|Comedy|Drama,6.75,12,0.4061,ar
320586,Brand: A Second Coming,2015,Documentary,6.0,23,0.3359,en
336212,Nahid,2015,Drama,6.4,34,0.3581,fa
319993,Aferim!,2015,Drama|History,7.331,118,0.5238,ro
352209,The Unauthorized Full House Story,2015,Drama|TV Movie,5.1,30,0.3579,en
315865,In the Shadow of Women,2015,Drama|Romance,5.5,53,0.3226,fr
364651,The Boat Builder,2015,Drama|Family,5.4,14,0.3303,en
343445,Share,2015,Drama,7.0,10,0.3337,en
795583,Vidas violentas,2015,Drama|Thriller,8.2,13,0.4929,es
365753,Rodeo and Juliet,2015,Romance|Family|TV Movie,5.1,56,0.5746,en
369233,Deep In The Wood,2015,Thriller,6.021,94,0.3608,it
346303,Audacity,2015,Drama|Comedy,4.5,20,0.4031,en
306547,Son of Mine,2015,Drama|Crime,6.5,13,1.3962,li
356490,Derek Special,2015,Drama|TV Movie|Comedy,8.1,18,0.3947,en
354803,Alki Alki,2015,Drama|Comedy,6.9,12,0.3558,de
345913,The Cutting Room,2015,Horror|Thriller,4.2,14,0.278,en
354667,Rangi Taranga,2015,Horror|Mystery|Thriller,6.813,24,0.3626,kn
371153,Wedding Association 2: Circumcision,2015,Comedy,5.773,110,0.2886,tr
324260,Bikes vs Cars,2015,Documentary,6.6,25,0.3817,en
360223,Everyone Wants It,2015,Comedy,5.2,159,0.2792,it
347851,The Shelter,2015,Drama|Horror|Thriller,3.9,11,0.2156,en
316062,Valentin Valentin,2015,Crime,5.63,23,0.755,fr
347660,Death of a Fisherman,2015,Crime|Drama|Mystery,6.0,45,0.3152,gl
344641,Day Out of Days,2015,Drama,4.3,14,0.2878,en
366736,Friend,2015,Drama|History|War,7.3,31,0.237,sq
366885,A Noble Intention,2015,Drama,6.5,46,0.4772,nl
345287,Soldiers of the Damned,2015,Horror|War|Action|Thriller,6.2,55,0.4929,en
338514,Fun Size Horror: Volume One,2015,Horror,4.4,18,0.3535,en
716786,Residue,2015,Drama|Horror|Mystery,5.2,18,0.3994,en
323396,Wednesday 04:45,2015,Thriller|Crime|Drama,5.986,36,0.224,el
438643,Lift Me Up,2015,Family|Drama,6.0,30,0.351,en
339934,Steve McQueen: The Man & Le Mans,2015,Documentary,7.2,57,0.436,en
359244,Craig Ferguson: Just Being Honest,2015,Comedy,6.6,14,0.2226,en
226268,Convenience,2015,Action|Comedy,5.8,32,0.2802,en
388213,Greener Grass,2015,Comedy,7.0,12,0.2418,en
330418,Indru Netru Naalai,2015,Comedy|Science Fiction|Thriller,7.7,38,0.5206,ta
321594,Louis C.K.: Live at The Comedy Store,2015,Comedy|TV Movie,7.369,206,0.299,en
367546,The Great Game,2015,Thriller|Drama|Mystery,5.0,50,0.3028,fr
340595,Women He's Undressed,2015,Documentary,5.4,19,0.3687,en
327225,Crazy Beautiful You,2015,Drama|Romance,6.875,16,0.3375,tl
361571,The Demons,2015,Drama,6.013,39,0.3997,fr
324578,Butterfly,2015,Science Fiction|Drama|Fantasy|Romance,6.176,17,0.4062,es
358269,Hiroshima: The Aftermath,2015,Documentary|History|War,8.0,17,0.3318,en
328720,Ma che bella sorpresa,2015,Comedy,5.944,421,0.3242,it
299715,All About Them,2015,Comedy|Romance,5.95,150,0.3439,fr
348656,Sensoria,2015,Thriller|Drama|Horror,4.0,22,0.4213,sv
366551,Krampus: The Reckoning,2015,Horror,3.5,52,0.2566,en
369056,Magic Stocking,2015,Family|TV Movie,6.549,51,0.3613,en
314490,Chic!,2015,Comedy,5.0,40,0.3694,fr
314946,Three Heroes and Julius Caesar,2015,Adventure|Animation|Comedy|Fantasy,6.425,53,0.3486,ru
329682,The Anarchists,2015,Thriller|Drama|History,5.724,87,0.3482,fr
354288,Eva Doesn't Sleep,2015,Drama,5.2,35,0.3286,es
359255,The Inhabitants,2015,Thriller|Horror,3.8,41,0.2303,en
369949,Kumari 21F,2015,Drama|Romance,7.2,11,0.4351,te
364427,Orleans,2015,Drama|Comedy|Thriller,4.5,21,0.299,ru
340001,Truth,2015,Thriller|Horror|Science Fiction,3.5,12,0.3886,en
269577,El cumple de la abuela,2015,Comedy,6.471,51,0.3478,en
320024,Dolly Ki Doli,2015,Comedy|Romance,5.196,28,0.4428,hi
362415,The Unauthorized Beverly Hills  90210 Story,2015,TV Movie|Drama,5.114,22,0.2984,en
360287,A Childhood,2015,Drama,6.9,30,0.2775,fr
346347,End of Days  Inc.,2015,Comedy|Science Fiction,5.7,20,0.2481,en
321497,The Debt,2015,Mystery|Drama|Thriller,6.1,30,0.3997,en
320061,Batkid Begins,2015,Family|Documentary,6.6,37,0.4533,en
290815,Court,2015,Drama,6.93,71,0.3282,mr
361996,Yellow Flowers On the Green Grass,2015,Drama,6.9,28,0.2467,vi
361759,Jawani Phir Nahi Ani,2015,Romance|Adventure|Comedy|Music,6.909,11,0.4717,ur
362617,Hazing,2015,Drama,4.7,19,0.266,es
332832,Surya Vs Surya,2015,Romance|Drama,6.1,11,0.4398,te
329286,Trevor Moore: High In Church,2015,Comedy|Music|TV Movie,7.2,13,0.3154,en
473168,As Good As You,2015,Comedy|Drama,4.2,10,0.3073,en
334088,Curse of the Witching Tree,2015,Horror,4.1,43,0.3577,en
403537,Lea,2015,TV Movie|Drama,6.964,28,0.3259,it
359549,Prologue,2015,Action|Animation,6.329,41,0.2638,en
349006,Bin Roye,2015,Romance|Drama,5.955,11,0.4575,ur
336683,A Date with Miss Fortune,2015,Romance|Comedy,5.4,39,0.3795,en
319342,Atlit,2015,Drama|Comedy,4.9,20,0.5457,fr
428950,Drain the Titanic,2015,Documentary|History|TV Movie,7.2,25,0.2583,en
371833,Harry Price: Ghost Hunter,2015,Drama|Horror,6.143,28,0.3278,en
334384,Tex Montana Will Survive!,2015,Comedy,6.4,12,0.1987,en
334670,Gayby Baby,2015,Documentary|Family,5.9,28,0.3,en
345718,Belief: The Possession of Janet Moses,2015,Documentary,6.4,30,0.2794,en
322378,Nice People,2015,Documentary,7.6,14,0.2747,sv
356191,Demon,2015,Drama|Horror|Thriller,5.782,149,0.3255,pl
355384,Baby Geniuses and the Space Baby,2015,Family,3.6,21,0.278,en
344789,Café Derby,2015,Drama,6.3,13,0.379,nl
346256,God of Thunder,2015,Science Fiction,3.7,16,0.2699,en
350827,Soft Lad,2015,Drama|Romance,5.7,36,0.2965,en
321377,Plan 9,2015,Science Fiction|Horror,3.8,25,0.2803,en
335053,My Big Night,2015,Comedy|Music|Drama,5.348,211,0.3656,es
364055,A Date to Die For,2015,Thriller|TV Movie|Crime,5.2,10,0.3997,en
343856,Becks letzter Sommer,2015,Drama|Comedy|Music,5.0,15,0.252,de
336206,The High Sun,2015,Drama|Romance|War,7.0,63,0.3178,hr
302323,Manhattan Romance,2015,Romance|Comedy|Drama,4.9,36,0.322,en
461612,Love Love You,2015,Comedy|Romance,6.0,16,0.2769,th
374868,Ein Mord mit Aussicht,2015,Comedy|Crime|TV Movie,5.853,34,0.3098,de
331378,Laugh Killer Laugh,2015,Drama|Crime,4.3,24,0.4108,en
327237,Blood  Sweat and Tears,2015,Drama,6.8,34,0.4293,nl
337114,Lamb,2015,Drama,6.9,28,0.273,am
310319,Deli Man,2015,Documentary,6.7,14,0.3308,en
315196,Sanctuary,2015,Drama,7.22,91,0.5829,de
340190,Drunk Wedding,2015,Comedy,4.5,30,0.2759,en
346490,Babai,2015,Drama,6.0,22,0.2473,sq
344780,I Killed My BFF,2015,Crime|TV Movie,6.0,24,0.2858,en
326536,The Coven,2015,Horror|Fantasy,2.3,10,0.3282,en
346615,Rattle the Cage,2015,Crime|Thriller,6.3,18,0.3711,ar
364088,Decay,2015,Drama|Thriller|Horror,4.5,18,0.3203,en
356531,Summer Solstice,2015,Romance|Drama|War,5.9,21,0.452,pl
367422,Singularity,2015,Action|Science Fiction,6.7,14,0.3042,en
360408,Jeff Dunham: Unhinged in Hollywood,2015,Comedy,6.379,29,0.3973,en
374232,2 Countries,2015,Comedy|Romance,6.768,41,0.3693,ml
315899,Desecrated,2015,Thriller|Horror,5.0,19,1.5405,en
350362,Me and My Mates vs. The Zombie Apocalypse,2015,Comedy|Horror,4.2,17,0.3825,en
309882,Patterns of Evidence: The Exodus,2015,Documentary|History,7.0,26,0.2312,en
385501,Save Raffi!,2015,Comedy|Family,6.6,17,0.3965,de
332354,Rey gitano,2015,Comedy,4.2,46,1.3927,es
338006,Silent Fear,2015,Thriller|Drama,4.4,24,0.3173,nl
395985,Terra,2015,Documentary|Drama|Family,8.3,72,0.3402,fr
355890,Jane Wants a Boyfriend,2015,Romance|Drama|Comedy,6.0,35,0.6004,en
354431,Kid,2015,Drama,6.0,15,0.37,pt
348375,Adama: The World of Wind,2015,Animation|Drama|War,6.139,36,0.3234,fr
355444,Anderst schön,2015,TV Movie|Comedy|Drama,7.1,10,1.3381,de
346170,The Chosen,2015,Horror|Thriller,4.4,63,0.3424,en
341045,Bolshoi Babylon,2015,Documentary,4.3,18,0.3613,en
308831,They Returned,2015,Crime|Horror|Drama,5.8,27,0.241,es
333382,Thought Crimes,2015,Documentary,6.208,48,0.3372,en
364416,Murder in Batz,2015,Drama|Thriller|Crime|TV Movie,5.7,21,0.2633,fr
326375,Bad at Dancing,2015,Drama|Comedy,5.2,11,0.224,en
337073,Almost Mercy,2015,Horror,5.6,31,0.4023,en
375625,Robinson Crusoe and Friday,2015,Comedy,4.4,11,0.2778,tr
331592,Listening,2015,Drama|Thriller|Science Fiction,5.649,87,0.2584,en
340835,RZ-9,2015,Action|Science Fiction,4.1,13,0.3006,en
331116,My Daughter's First Time,2015,Comedy,4.9,80,0.3741,it
356631,Three Sisters,2015,Drama|TV Movie,3.6,10,0.3855,fr
402705,Golden,2015,Drama|Romance,5.6,10,0.3386,xx
854953,Senritsu Kaiki File Kowasugi! Final Chapter,2015,Horror,7.9,10,0.3463,ja
335031,¡Asu Mare! 2,2015,Comedy|Romance,5.875,24,0.358,es
318066,Self-Portrait of a Dutiful Daughter,2015,Drama,5.9,15,0.144,ro
360328,Dartmoor Killing,2015,Drama|Horror|Mystery,4.6,11,0.2317,en
338157,The A-List,2015,Drama|Comedy,5.7,16,0.4055,en
361897,Nausea,2015,Drama,5.7,30,0.3155,tr
338614,Unbranded,2015,Documentary,7.0,23,0.2406,en
339087,World War Dead: Rise of the Fallen,2015,Horror,3.8,10,0.3376,en
380270,Young Man on the Bar Masturbating with Rage and Nerve,2015,Documentary|Drama,5.0,14,0.3404,es
319211,We Monsters,2015,Drama|Thriller,6.5,28,0.3765,de
361251,Road to La Paz,2015,Drama,7.152,23,0.2792,es
320000,Big Father  Small Father and Other Stories,2015,Drama,5.2,16,0.2778,vi
346356,Seven Days: Friday - Sunday,2015,Romance,6.2,31,0.383,ja
351430,SCANDAL Documentary film HELLO WORLD,2015,Music|Documentary,7.8,16,0.3088,ja
386255,The Mildew from Planet Xonader,2015,Action|Horror|Science Fiction,4.9,16,0.2411,en
306838,Magallanes,2015,Drama,7.6,22,0.2925,es
341051,Deep Dark,2015,Horror,5.049,92,0.3463,en
314690,Haraamkhor,2015,Drama,5.629,35,0.408,hi
344753,King Georges,2015,Documentary,5.3,12,0.5123,en
370238,Secret Santa,2015,Horror|Comedy,4.7,12,0.1767,en
347328,OMG  I'm a Robot!,2015,Comedy|Science Fiction,6.4,10,0.3059,he
365754,Christmas Trade,2015,Comedy|Family|Fantasy,4.6,33,0.3292,en
319396,Zombieworld,2015,Horror,4.604,24,0.3365,en
303267,90210 Shark Attack,2015,Science Fiction|Horror,4.0,40,0.2078,en
333346,The Emperor's New Clothes,2015,Documentary,6.4,32,0.429,en
362310,KKK: The Fight for White Supremacy,2015,Documentary,6.3,13,0.3041,en
382331,Being Flat,2015,Comedy,6.3,18,0.2367,en
335573,Long Story Short,2015,Drama|Romance|Comedy,6.7,15,0.3885,da
371347,Marc Maron: More Later,2015,Comedy,7.1,12,0.3335,en
362038,Safe Passage,2015,Drama|History|Thriller,4.5,14,0.279,es
361025,Winning Dad,2015,Unknown,6.0,13,0.2869,en
348750,8 Seconds,2015,Drama,6.1,18,0.3291,de
348966,Dinner for Few,2015,Drama|Animation,7.3,31,0.2617,en
344464,Bucharest Non-Stop,2015,Comedy|Drama,6.9,25,0.2927,ro
277541,Foodies,2015,Documentary,6.4,17,0.1832,en
292391,Labour of Love,2015,Drama,6.8,15,0.2227,bn
335016,Attenborough's Paradise Birds,2015,Documentary|TV Movie,8.1,18,0.2418,en
361243,First Growth,2015,Drama,5.869,42,0.3624,fr
329967,Astragal,2015,Romance|Drama,5.5,39,0.2685,fr
331460,The Romantic Exiles,2015,Drama|Romance,5.2,17,0.1665,es
334679,All Work All Play: The Pursuit of eSports Glory Live,2015,Documentary,6.0,20,0.2594,en
340243,All Mistakes Buried,2015,Drama|Thriller,4.3,10,0.3913,en
321974,Janis: Little Girl Blue,2015,Documentary|Music,7.281,163,0.3605,en
363443,Married to a Stranger,2015,Thriller|Drama|TV Movie,5.2,12,0.2899,fr
369772,Thank You for Calling,2015,Thriller|Comedy|Drama,5.5,58,0.2864,fr
372232,Memories of the Wind,2015,Drama,6.6,16,0.2308,tr
339208,The Pleasure is Mine,2015,Unknown,6.1,31,0.2929,es
346443,Disco Polo,2015,Music|Comedy,5.1,39,0.2731,pl
326182,The Black Ball,2015,Drama|TV Movie,5.781,16,0.2652,fr
343658,Territorial Behavior,2015,Adventure|Horror|Mystery,3.0,14,0.2882,en
176074,Shooting the Warwicks,2015,Comedy|Drama,4.5,11,0.2839,en
333968,How to Win at Checkers (Every Time),2015,Drama,6.12,25,0.2714,th
333888,Partly Cloudy with Sunny Spells,2015,Comedy,4.3,35,0.5154,it
276808,The Last Time You Had Fun,2015,Drama|Comedy,5.8,20,0.2936,en
412329,Glory Daze: The Life and Times of Michael Alig,2015,Documentary,6.3,10,0.2618,en
327911,Flowers,2015,Horror|Mystery|Thriller,4.825,20,0.4053,en
367432,Quanto Tempo o Tempo Tem,2015,Documentary,6.6,20,0.2423,pt
358770,Portal to Hell!!!,2015,Horror|Comedy,5.6,11,0.3322,en
370729,Yellow Day,2015,Fantasy|Drama|Family,6.1,16,0.3079,en
370664,Abandoned Dead,2015,Crime|Thriller|Horror,4.2,15,1.1884,en
350931,The Bride He Bought Online,2015,Thriller|TV Movie,5.6,32,0.4501,en
300596,Sidetracked,2015,Comedy,5.889,72,0.2257,es
224972,The Mask You Live In,2015,Documentary,7.567,97,0.2992,en
262173,Las Horas Contigo,2015,Drama,6.3,16,0.2525,es
332686,Bhaskar The Rascal,2015,Comedy|Drama|Family,4.7,18,0.3496,ml
355264,The Fear of Darkness,2015,Thriller|Horror,4.1,28,0.2329,en
353125,The Search for Freedom,2015,Documentary,7.2,18,0.3378,en
341190,Johan Falk: Blood Diamonds,2015,Thriller|Action|Crime,6.9,35,0.299,sv
334681,Among the Believers,2015,Documentary,7.0,21,0.3061,en
330978,Crimea. The Way Home,2015,TV Movie|Documentary,3.5,12,0.2597,ru
268847,One for the Road,2015,Drama|Comedy,7.442,52,0.5933,es
330552,Les Enfoirés 2015 - Sur la route des Enfoirés,2015,Music,6.5,15,0.3486,fr
364089,Anthony Jeselnik: Thoughts and Prayers,2015,Comedy,7.407,129,0.3406,en
345594,I'm Dead But I Have Friends,2015,Comedy,6.1,30,0.1924,fr
377668,Subramanyam For Sale,2015,Family|Comedy|Romance,4.7,13,0.3323,te
386700,A Horse Story,2015,Family,7.0,15,0.2697,en
332812,Our Women,2015,Romance|Comedy|Drama,5.379,99,0.2503,fr
320996,Iliza Shlesinger: Freezing Hot,2015,Comedy,6.7,87,0.2799,en
370783,Crying Wolf,2015,Comedy|Horror,3.1,12,0.33,en
369063,Beverly Hills Christmas,2015,Family|Drama|Comedy|TV Movie,4.5,11,0.2209,en
374331,Louis & Luca: The Big Cheese Race,2015,Animation|Family,6.8,20,0.33,no
370835,Cold Deck,2015,Drama|Crime,5.4,36,0.2287,en
366249,Lapland Odyssey 2,2015,Comedy,5.6,35,0.3017,fi
369061,A Christmas Reunion,2015,Comedy|TV Movie|Family|Romance,5.1,53,0.4339,en
345003,10 Days in a Madhouse,2015,Drama,4.583,18,0.4977,en
365183,Killing Them Safely,2015,Documentary,5.9,13,0.1393,en
216529,Doomed! The Untold Story of Roger Corman's The Fantastic Four,2015,Documentary,6.694,49,0.4612,en
366111,Lukka Chuppi,2015,Drama|Family,7.2,10,0.4026,ml
425710,La classe degli asini,2015,Drama|History|TV Movie,6.9,17,0.2686,it
338273,Antarctica: Ice & Sky,2015,Documentary,6.2,23,0.2455,fr
336669,Land and Shade,2015,Drama,7.0,70,0.1439,es
331985,Sundays,2015,Science Fiction,5.8,25,0.2208,en
358532,The Monster of Mangatiti,2015,Drama|TV Movie,6.1,18,0.2979,en
336200,Panama,2015,Thriller|Drama,4.5,33,0.277,sr
347258,The Subjects,2015,Thriller|Science Fiction,5.4,39,0.3509,en
342179,Arabian Nights: Volume 2  The Desolate One,2015,Drama,7.0,43,0.3314,pt
374764,How Most Things Work,2015,Drama,5.679,14,0.2599,es
355230,In Jackson Heights,2015,Documentary,6.6,27,0.2535,en
326476,Tu es mon fils,2015,Crime|Drama|TV Movie,6.2,27,0.203,fr
371003,Kill Game,2015,Horror,4.5,31,0.3266,en
339254,State Zero,2015,Science Fiction,6.0,19,0.2759,en
326551,Backtrack,2015,Horror|Thriller,2.538,13,0.2995,en
330628,The Answer,2015,Action|Thriller|Science Fiction,5.1,37,0.3067,en
359293,Any Virgin Left Alive?,2015,Fantasy|Mystery,4.8,22,0.286,fr
361486,The Mad Kings,2015,Drama,4.3,10,0.2934,fr
339161,Catching the Sun,2015,Documentary,6.8,18,0.2152,en
322977,Any Stray Cat 2,2015,Romance|Comedy,6.2,45,0.3864,pt
315335,Frau Müller muss weg!,2015,Comedy,6.1,99,0.3078,de
353163,The Mirage,2015,Comedy|Drama,5.2,27,0.2725,fr
366887,Bon Bini Holland,2015,Comedy,5.5,43,0.2995,nl
357459,1945: The Fall of the Reich,2015,Documentary,7.4,15,0.1864,fr
370559,#Introductions,2015,Drama,7.6,13,0.1975,en
361629,G—Lost in Frankfurt,2015,Drama,3.4,11,0.3374,de
330007,In the Grayscale,2015,Romance|Drama,6.2,56,0.3284,es
344213,7 Cases,2015,Thriller|Crime|Drama,3.0,10,0.2853,en
435480,Fragments,2015,Comedy|Drama,5.6,16,0.1761,en
415248,Beneath the Skin,2015,Romance|Drama,5.2,13,0.2385,en
383740,Boca Juniors 3D: The Movie,2015,Documentary,6.8,17,0.1985,es
324285,Landfill Harmonic,2015,Documentary|Family|Music,7.692,13,0.2409,en
664048,Gamera,2015,Science Fiction|Horror,9.8,13,0.3374,ja
347763,The Lesson,2015,Drama|Thriller|Horror,4.079,57,0.3919,en
254736,Arabian Nights: Volume 1  The Restless One,2015,Drama,7.0,55,0.3915,pt
325758,I Am Thor,2015,Documentary|Music,7.0,21,0.2438,en
371006,Mom and Other Loonies in the Family,2015,Drama,5.042,12,0.4149,hu
359298,Atomic Falafel,2015,Comedy,6.2,24,0.2165,he
326874,The Easy Way Out,2015,Comedy,5.1,45,0.2356,fr
399613,The Smiling Man,2015,Horror,5.5,46,0.3358,en
329174,China's Haze: Under the Doom,2015,Documentary,8.0,25,0.2935,zh
257249,The Human Experiment,2015,Documentary,6.5,16,0.2547,en
383353,I Am Sun Mu,2015,Animation|Documentary,6.6,12,0.1764,ko
329160,Drawers,2015,Drama|Mystery,4.6,17,0.3122,tr
358695,Full Contact,2015,Drama|Mystery|Thriller,4.5,13,0.199,en
318941,Darling,2015,Drama|Horror|Thriller,6.0,13,0.6302,ta
341753,The Exquisite Corpus,2015,Unknown,5.8,30,0.1471,en
329153,Secret of Water,2015,Documentary,4.8,11,0.3879,en
366319,Night of the Slasher,2015,Horror|Thriller|Comedy,6.4,14,0.228,en
371899,The Puppet Syndrome,2015,Drama,6.0,10,0.2861,ru
331444,La solita commedia: Inferno,2015,Comedy,5.0,121,0.2116,it
336220,The Other Side,2015,Documentary|Drama,6.4,39,0.3164,en
404459,Road to Yesterday,2015,Drama|Romance,6.5,11,0.254,en
366675,Beyond Paradise,2015,Romance|Drama,6.0,20,0.4432,en
406585,Geist,2015,Animation|Drama|Horror,7.3,12,0.3147,en
325843,The Outfield,2015,Drama|Comedy,6.5,32,0.2457,en
334685,Ma,2015,Drama,5.2,10,0.2516,en
291817,Seymour: An Introduction,2015,Documentary,7.3,20,0.3205,en
364935,Cinema Perverso,2015,Documentary|History,6.7,15,0.2545,de
433185,Stalin's Daughter,2015,Documentary|History,6.5,11,0.2734,es
383640,Don't Look Too Far,2015,Drama|Comedy|Romance,4.5,13,0.3045,tr
345908,Leaf Blower,2015,Comedy|Drama,7.0,12,0.1675,es
383705,Life-Changing Ad,2015,TV Movie|Romance,5.6,16,0.2679,fr
841093,El dinero no cae del cielo - El aerolito,2015,Drama,5.8,17,0.1709,es
371490,Christmas 'Killing Joke',2015,Comedy,5.5,11,0.209,cs
298660,What's the Time In Your World?,2015,Drama|Romance,7.4,18,0.274,fa
363733,Happily Married,2015,Romance|Comedy,6.4,15,0.1922,pt
352969,Wasp,2015,Drama|Romance,4.6,20,0.2194,en
261461,Loucas pra Casar,2015,Comedy,6.357,168,0.2191,pt
335393,Infernal,2015,Horror,3.4,11,0.3621,en
330530,Awaiting,2015,Drama|Horror|Thriller,4.1,21,0.2922,en
374852,Heroin: Cape Cod  USA,2015,Documentary|TV Movie,6.8,10,0.3385,en
318973,Welcome to Leith,2015,Thriller|Crime|Documentary,6.6,81,0.2726,en
370606,Four Falls of Buffalo,2015,Documentary,7.7,20,0.2835,en
376938,Snow Chick - A Penguin's Tale,2015,Documentary,7.3,10,0.3335,en
366755,Fashion Chicks,2015,Comedy,5.8,73,0.2664,nl
342183,Arabian Nights: Volume 3  The Enchanted One,2015,Drama,6.5,38,0.2307,pt
378088,The Carrier,2015,Action|Thriller|Science Fiction|Drama,3.904,26,0.2458,en
227964,A Esperança É a Última que Morre,2015,Comedy,5.5,10,0.234,pt
365002,Kryptonita,2015,Fantasy|Science Fiction|Comedy,5.4,18,0.2138,es
287579,Gameplay: The Story of the Videogame Revolution,2015,Documentary,6.3,16,0.3067,en
347956,My Ex-Ex,2015,Comedy|Romance,5.3,10,0.314,en
331424,Volley,2015,Comedy,5.695,41,0.2598,es
369533,Adele at the BBC,2015,Music|TV Movie|Documentary,6.8,15,0.3607,en
335683,Miraklet i Viskan,2015,Drama,4.9,11,0.2227,sv
324281,Knock Knock  It's Tig Notaro,2015,Comedy|Documentary,7.3,19,0.3053,en
322614,Crumbs,2015,Adventure|Drama|Science Fiction,5.6,35,0.2938,am
499902,Love Is a Story,2015,Comedy|Romance,7.0,11,0.3283,ro
369665,Trevor Noah: Lost In Translation,2015,Comedy,6.4,18,0.1961,en
488596,Alison's Choice,2015,Drama,7.5,74,0.2336,en
320639,All About E,2015,Romance|Comedy|Drama,4.978,45,0.3386,en
322194,Subconscious,2015,Action|Thriller|Mystery,3.667,12,0.2643,en
326247,The House on Pine Street,2015,Drama|Horror,4.8,45,0.2871,en
331114,Sand Castles,2015,Comedy|Drama,5.2,19,0.2869,fr
387396,Shark Exorcist,2015,Horror,2.6,51,0.2197,en
352441,Slowdive: Souvlaki,2015,Music|Documentary,7.5,10,0.197,en
338227,Women vs Men,2015,Comedy,4.6,28,0.1975,ru
368256,Condemned,2015,Horror,3.5,56,0.2781,en
326834,The Demolisher,2015,Thriller|Action|Horror,4.0,40,0.393,en
319348,Disappeared in Winter,2015,Drama|Thriller,5.87,27,0.3965,fr
362555,Family Party,2015,Drama|Family,6.5,25,0.3107,de
375741,Anatomy of Evil,2015,Thriller,5.586,29,0.3879,pl
323317,Dissonance,2015,Adventure|Animation|Drama,6.1,21,0.2791,de
308194,Zombie Massacre 2: Reich of the Dead,2015,Horror|War,4.5,27,0.3022,en
340855,Raiders of the Lost Shark,2015,Horror|Comedy|Science Fiction|Adventure,3.4,41,0.2555,en
382809,Win  Lose or Love,2015,Unknown,5.0,14,0.3136,en
345067,Torno indietro e cambio vita,2015,Comedy,5.5,321,0.2785,it
370902,The Land of OZ,2015,Comedy,6.05,50,0.224,ru
343724,Identicals,2015,Science Fiction,4.1,36,0.1964,en
331113,The Night Watchmen,2015,Drama,6.0,33,0.2419,fr
374060,Korunní princ,2015,Fantasy|Family,6.8,16,0.2497,cs
370203,The Swedish Theory of Love,2015,Documentary,6.313,40,0.2999,sv
333318,Evil Games,2015,Comedy|Horror,5.3,31,0.3708,es
367188,Democracy,2015,Documentary,6.6,18,0.2142,de
347975,Piège Blanc,2015,Adventure|TV Movie|Drama,5.5,12,0.2416,fr
336806,The Here After,2015,Drama,6.348,46,0.2601,sv
361129,Main Aur Charles,2015,Drama|Crime,4.7,10,0.2478,hi
167710,Death in the Land of Encantos,2015,Drama,7.9,13,0.2088,tl
323051,Straight Outta Tompkins,2015,Drama,4.6,11,0.2151,en
331359,The Heroes of Evil,2015,Drama,6.371,66,0.3326,es
340223,Harry & Snowman,2015,Documentary,6.568,22,0.3012,en
300690,Lily & Kat,2015,Drama|Comedy,4.1,19,0.3714,en
361588,A Girl Like Grace,2015,Drama,6.438,24,0.2623,en
341105,By Sidney Lumet,2015,Documentary,6.8,13,0.3167,en
346956,Vita Activa: The Spirit of Hannah Arendt,2015,Documentary|History,7.3,16,0.2853,en
400340,Moon in the 12th House,2015,Drama,6.4,10,0.1994,he
365909,Everything Will Be Okay,2015,Drama|Thriller,7.2,28,0.1642,de
324465,Till Luck Do Us: Part 3,2015,Comedy,6.023,174,0.2809,pt
358859,The Event,2015,Documentary,6.6,13,0.2222,ru
344434,Suspension,2015,Thriller|Horror,4.9,23,0.5126,en
317936,The Heirs,2015,Drama,5.8,15,0.2754,es
310933,Bleeding Hearts,2015,Horror,2.8,13,0.8616,en
290283,Honeytrap,2015,Romance|Drama|Crime,4.7,19,0.2748,en
296244,Plague,2015,Drama|Horror,4.7,41,0.2268,en
352199,For Your Love,2015,Drama,5.6,29,0.2732,it
327411,Confessions of a Prodigal Son,2015,Drama,2.9,10,0.1441,en
354379,Tashi and the Monk,2015,Documentary,7.9,12,0.1689,en
336850,The Encounter,2015,Horror|Science Fiction,3.5,24,0.2025,en
341014,The Moving Forest,2015,Drama|Thriller,5.7,12,0.2721,pt
321557,Tercer grado,2015,Action|Drama|Romance|Thriller,5.1,14,0.431,es
366981,Cyber Case,2015,Thriller|TV Movie,6.2,20,0.2407,en
331641,Food and Shelter,2015,Drama,6.2,42,0.2132,es
360796,Summer Forever,2015,Comedy|Music,5.9,10,0.2042,en
317110,Love by the Book,2015,Romance|TV Movie,6.3,38,0.289,en
289450,Driving Miss Daisy,2015,Drama|Comedy|TV Movie,8.0,15,0.3238,en
337706,S.O.S.: Women to the Sea 2,2015,Comedy|Romance,6.6,113,0.2085,pt
326136,Dirty Beautiful,2015,Romance|Comedy|Drama,4.727,11,0.2824,en
366506,Agoraphobia,2015,Horror|Thriller,4.4,47,0.4143,en
414280,Happy,2015,Comedy|Drama|Romance,4.4,14,0.5133,en
358505,Our Last Tango,2015,Documentary,6.033,30,0.2324,es
361841,Drifters,2015,Crime|Drama,6.867,30,0.4187,sv
340213,Darkest Day,2015,Action|Adventure|Horror,3.594,32,0.2749,en
278464,The Memory of Water,2015,Drama|Romance,6.3,24,0.2434,es
329591,Nannbenda,2015,Romance|Comedy|Drama,4.0,11,0.3173,ta
361183,Sum of Histories,2015,Drama|Romance|Science Fiction,7.2,15,0.2116,nl
348067,Die Kleinen und die Bösen,2015,Drama|Comedy,5.1,13,0.2351,de
315362,Beck 28 - The Family,2015,Thriller|Crime|Mystery|Drama,5.7,29,0.2344,sv
344466,The World Is Mine,2015,Drama,6.2,20,0.2176,ro
318093,Stinking Heaven,2015,Drama,4.6,13,0.4853,en
348035,Chris Tucker: Live,2015,Comedy,5.9,72,0.2014,en
364493,Vicious,2015,Thriller|Horror,6.2,16,0.2003,en
337730,French Blood,2015,Drama,5.95,110,0.2204,fr
338538,Eksik,2015,Unknown,5.5,11,0.3885,tr
343112,Man Vs.,2015,Thriller|Science Fiction|Horror,5.518,85,0.2489,en
310534,Cássia,2015,Documentary|Music,7.4,18,0.2402,pt
346469,Eternal Summer,2015,Drama|Romance,5.9,13,0.2828,sv
277636,Dark Fables,2015,Action|Horror|Fantasy,5.5,23,0.2132,pt
315360,Beck 27 - Room 302,2015,Thriller|Crime|Mystery|Drama,5.9,36,0.2506,sv
269602,I REC U,2015,Comedy|Adventure|Fantasy|Horror|Science Fiction,7.023,22,0.1572,it
354148,Winter Song,2015,Comedy|Drama,6.4,14,0.2763,fr
356757,Arianna,2015,Drama,5.7,33,0.2994,it
343689,Johan Falk: The End,2015,Crime|Action|Thriller,7.9,34,0.4193,sv
347344,Alena,2015,Horror|Thriller|Drama,5.7,53,0.2025,sv
318914,The Grief of Others,2015,Drama,6.6,14,0.1276,en
380043,Gangster Ka: African,2015,Thriller|Drama|Crime,5.75,12,0.2557,cs
356332,The Witness,2015,Documentary,6.6,101,0.2786,en
362263,De Djess,2015,Fantasy,6.7,13,0.2472,xx
354660,The Bomb,2015,Documentary|History|War,6.8,16,0.2663,en
343295,Jeff Ross Roasts Criminals: Live at Brazos County Jail,2015,Comedy,7.148,27,0.1878,en
362736,The Hexecutioners,2015,Horror,4.3,28,0.3193,en
569957,Llamageddon,2015,Comedy|Horror,4.9,23,0.2805,en
302104,That Thing Called Tadhana,2015,Romance,6.2,19,0.2658,tl
337110,Don't Tell Me the Boy Was Mad,2015,Drama,6.5,25,0.3473,fr
333350,A Faster Horse,2015,Documentary,7.1,31,0.1875,en
265315,Between Shadows,2015,Unknown,6.9,15,0.1912,en
371231,Lord Livingstone 7000 Kandi,2015,Adventure|Fantasy,6.1,10,0.3613,ml
369168,A Good American,2015,Documentary,7.0,36,0.2834,en
345661,Salam Neighbor,2015,Documentary,7.1,17,0.3252,en
369373,Stutterer,2015,Drama,7.434,91,0.2857,en
352988,Dark Moon Rising,2015,Fantasy|Horror,3.1,39,0.4291,en
424583,Ekaj,2015,Drama,5.529,17,0.2095,en
339928,Once I Was a Beehive,2015,Comedy|Drama|Family,6.3,66,0.2984,en
367215,The Fear of 13,2015,Documentary|Crime,7.461,141,0.341,en
346494,Coconut Hero,2015,Comedy|Drama,5.9,65,0.2679,en
320349,3 ½ Minutes  10 Bullets,2015,Documentary|Thriller|TV Movie,7.328,67,0.1974,en
320060,Love Like You,2015,Drama|Romance,4.9,33,0.2775,tr
586901,Turma da Mônica em Cine Gibi 8: ...Tá Brincando,2015,Comedy|Animation|Family,7.5,10,0.8439,pt
345950,Dracula Reborn,2015,Horror,3.3,14,0.2761,en
304030,Olmo and the Seagull,2015,Drama|Documentary,7.196,23,0.2599,en
348396,Ave Maria,2015,Comedy,5.8,43,0.263,ar
323968,OzLand,2015,Science Fiction|Drama|Fantasy,5.3,11,0.2395,en
338832,William - The Young Conqueror,2015,History|Adventure,5.5,13,0.9536,fr
362988,Anjelah Johnson: Not Fancy,2015,Comedy,4.6,27,0.223,en
455925,Afternoon Class,2015,Animation|Comedy,6.691,34,0.2071,ko
342896,i-Lived,2015,Horror|Mystery|Thriller,4.2,35,0.2186,en
393495,Kothanodi: The River of Fables,2015,Fantasy|Horror|Mystery,7.85,10,0.2962,as
359170,Our Lady of Hormones,2015,Fantasy|Mystery,5.2,19,0.2181,fr
331435,Prey for Death,2015,Western,3.2,11,0.2061,en
349087,Beautiful Something,2015,Drama|Romance,5.208,24,0.2604,en
321249,Men Have to Go through This,2015,Comedy,5.0,20,0.2564,de
335753,The Amityville Playhouse,2015,Horror,5.105,62,0.236,en
412841,Celestial Camel,2015,Adventure,7.3,26,0.2552,ru
335149,Deprogrammed,2015,Documentary,5.7,19,0.3053,en
359807,Chico: Brazilian Artist,2015,Documentary|Music,7.8,18,0.288,pt
408221,The Unraveling,2015,Thriller|Crime|Drama|Horror,5.5,10,0.2458,en
339888,Tyke Elephant Outlaw,2015,Documentary,8.1,21,0.207,en
359204,A Syrian Love Story,2015,Documentary,6.8,11,0.1885,en
358918,It All Started at the End,2015,Documentary,7.7,12,0.291,es
359573,Massacre County,2015,Crime|Mystery|Horror|Thriller,5.2,11,0.2602,pt
324787,Little Red Riding Hood,2015,Horror|Fantasy,3.4,11,0.2442,en
429565,Jayson Bend: Queen and Country,2015,Comedy|Action,5.0,13,0.185,en
326723,Snowden's Great Escape,2015,Documentary,7.2,14,0.2651,en
322903,Naz & Maalik,2015,Romance|Drama,5.5,17,0.2774,en
227716,Mother,2015,Drama,7.1,11,0.2101,ur
414852,Travis: The True Story of Travis Walton,2015,Documentary,7.6,21,0.2248,en
776034,I delitti del BarLume - La briscola in cinque,2015,Comedy|Crime|Drama,6.9,12,0.2048,it
350904,Lost and Beautiful,2015,Drama|Fantasy,7.078,51,0.2712,it
355594,Isla bonita,2015,Comedy,5.283,23,0.3549,es
340194,A Year and Change,2015,Comedy|Drama,6.2,18,0.239,en
321761,The Walls of the Moon,2015,Romance|Drama,5.6,17,0.2431,ar
324986,The Last House on Cemetery Lane,2015,Horror,3.4,37,0.2264,en
348641,The Leap,2015,Thriller|Science Fiction|Drama,6.3,22,0.2377,en
305044,Freetown,2015,Thriller|Action|Drama,5.059,17,0.1797,en
469215,The Day Hitler Died,2015,Documentary|History|War,6.8,11,0.1441,en
416127,Dark Exorcism,2015,Horror,5.1,15,0.2099,en
347477,Les Bêtises,2015,Comedy,4.8,36,0.2059,fr
419464,Rorschach,2015,Horror|Mystery,5.1,22,0.172,en
365024,Holy Hell,2015,Horror|Action|Comedy,4.3,11,0.2211,en
303360,Queen of Carthage,2015,Thriller|Drama,5.5,10,0.2211,en
333356,What Our Fathers Did: A Nazi Legacy,2015,Documentary,6.6,27,0.1974,en
369362,Chau  Beyond the Lines,2015,Documentary,6.1,11,0.2203,en
295466,Honeymoon,2015,Thriller|Horror,4.9,45,0.1834,es
363046,Crushed,2015,Thriller|Mystery,5.5,10,0.4831,en
361850,Ed Sheeran: Jumpers for Goalposts,2015,Music|Documentary,7.3,23,0.184,en
283283,Fear of Water,2015,Drama|Romance,5.8,22,0.2045,en
375503,Underground Time,2015,TV Movie|Drama,6.6,13,0.2432,fr
326178,Meine Tochter Anne Frank,2015,Drama,7.1,10,0.2659,de
355484,Never Happened,2015,Romance|Comedy|Science Fiction,5.1,16,0.1548,en
345692,Haunting at the Rectory,2015,Horror,4.423,26,0.3239,en
609115,Mr. Bean: Funeral,2015,Comedy,6.645,38,0.3966,en
350839,Cash Only,2015,Thriller|Crime|Drama,5.1,25,0.2063,en
323270,The Horror Network Vol. 1,2015,Horror,5.5,12,0.1829,en
354421,The Confessions of Thomas Quick,2015,Crime|Documentary,6.3,15,0.1034,en
972611,Tuesday,2015,Drama,6.613,31,0.2009,en
345632,Marry Me!,2015,Comedy,5.4,17,0.2318,de
328840,The Primary Instinct,2015,Drama|Documentary,6.9,12,0.1964,en
109581,Mission to Lars,2015,Documentary,5.7,15,0.1983,en
373048,All Through the House,2015,Horror,4.5,59,0.3531,en
319847,Hansel Vs. Gretel,2015,Horror,3.9,28,0.3725,en
361073,Call Me Marianna,2015,Documentary,7.3,11,0.4187,pl
342591,The Pasta Detectives 2,2015,Family|Comedy|Adventure|Action,5.3,19,0.194,de
443136,The Chameleon Slayer,2015,Crime|Drama|Mystery|TV Movie,5.1,17,0.1553,fr
336216,One Floor Below,2015,Drama,6.3,24,0.1846,ro
280942,Romeo Juliet,2015,Comedy|Drama|Romance,6.0,19,0.1989,ta
268693,Echo of the Mountain,2015,Documentary,7.2,10,0.1712,es
264164,Mala Mala,2015,Documentary,5.9,19,0.219,es
348834,Çılgın Dersane 4: Ada,2015,Comedy,2.5,12,0.2649,tr
337967,Infidus,2015,Thriller|Action|Crime,4.4,15,0.1941,it
323315,You're Ugly Too,2015,Comedy|Drama,6.4,25,0.265,en
360612,Big Jet,2015,Drama,4.7,12,0.1713,pt
382487,Dust Cloth,2015,Drama,7.5,16,0.2913,tr
394755,Chasing Fifty,2015,Romance|Comedy,5.4,11,0.4541,cs
337324,No Place to Hide: The Rehtaeh Parsons Story,2015,Documentary,7.091,11,0.2161,en
595822,Kill Hitler! The Luck of the Devil,2015,Documentary|History|War,6.5,20,0.1191,fr
350203,Meister des Todes,2015,TV Movie|Thriller|Drama,5.1,13,0.1305,de
269747,Catch Me Daddy,2015,Thriller,5.8,39,0.2005,en
356186,Heaven on Earth,2015,Comedy|Drama|Music|Romance,4.8,17,0.2311,sv
324442,Of Miracles and Men,2015,Documentary,7.2,15,0.2584,en
358913,Baba Joon,2015,Drama,6.8,12,0.3069,he
320179,Resistance,2015,Documentary|History,6.6,14,0.2388,en
367553,Bhale Bhale Magadivoy,2015,Romance|Comedy,6.452,21,0.2268,te
361078,How to Win Enemies,2015,Thriller|Mystery|Comedy,5.8,12,0.2655,es
374618,Scrawl,2015,Horror|Fantasy,4.0,10,0.1723,en
371806,I Remember You,2015,Romance|Drama,5.4,15,0.1958,en
355177,Tig Notaro: Boyish Girl Interrupted,2015,Comedy,6.8,20,0.2501,en
311215,Papeles en el viento,2015,Comedy|Drama,6.2,26,0.1567,es
301520,About 12,2015,Drama,5.5,11,0.1671,es
359429,Kill Me Please,2015,Thriller|Drama|Horror,4.8,37,0.2563,pt
303982,Vai Que Cola: O Filme,2015,Comedy,6.215,209,0.2597,pt
339186,A Love You,2015,Comedy,6.293,41,0.1575,fr
355499,Poltergeist Activity,2015,Horror,3.967,30,0.1958,en
316883,Above and Below,2015,Documentary,6.1,15,0.1936,de
336807,Fatima,2015,Drama|Family,6.2,129,0.1914,fr
297393,Dark Horse,2015,Drama|Documentary,5.444,45,0.2458,en
389578,Daemonium: Soldier of the Underworld,2015,Science Fiction|Action|Horror,4.5,17,0.1655,es
421881,Shutter,2015,Thriller|Horror|Science Fiction,6.2,11,0.1671,en
302797,Encounters,2015,Science Fiction|Horror|Mystery,5.0,39,0.2254,da
370509,Family Commitments,2015,Romance|Comedy|Drama,5.3,10,0.2363,de
374003,Hieronymus Bosch: Touched by the Devil,2015,Documentary,7.0,11,0.1464,nl
391719,The Secret Rules of Modern Living: Algorithms,2015,Documentary,7.484,31,0.3169,en
472256,My Brother's Shoes,2015,Comedy|Drama|Fantasy,4.7,13,0.2144,en
287507,Sand Dollars,2015,Drama,5.8,22,0.362,es
344146,I Would Like to Be Enraptured  Muzzled  and on my back Tattooed,2015,Drama,5.8,10,0.2493,pt
379832,Eddie: Strongman,2015,Documentary,6.8,13,0.2023,en
356424,Sea Devil,2015,Science Fiction|Horror,5.3,11,0.2523,en
354296,The Guy from Our Cemetery,2015,Thriller|Comedy|Mystery,5.3,24,0.229,ru
324064,Tough Love,2015,Documentary|Drama,5.9,16,0.2558,de
348819,Ferrell Takes the Field,2015,TV Movie|Comedy|Documentary,6.172,32,0.204,en
378908,The Russian Sleep Experiment,2015,Drama|Horror|Science Fiction,6.2,10,0.2699,en
358906,Honor Thy Father,2015,Thriller|Crime|Drama,7.4,12,0.1931,tl
419109,Jago: A Life Underwater,2015,Documentary,6.786,29,0.1716,en
379314,Fuckkkyouuu,2015,Horror,4.8,16,0.2066,en
352720,My Good Hans,2015,Romance|Drama|War,4.8,12,0.2875,ru
346307,Eva & Leon,2015,Drama,4.4,16,0.2566,fr
371225,Robot World,2015,Thriller|Science Fiction,4.188,16,0.2517,en
323421,Les Jours venus,2015,Drama|Comedy,3.2,11,0.1364,fr
322163,Hayride 2,2015,Thriller|Horror|Action,4.3,19,0.1445,en
352159,The Endless River,2015,Drama,3.692,13,0.1694,en
337398,Everybody Leaves,2015,Drama,6.8,23,0.1653,es
333465,Alpha,2015,Horror|Drama|Mystery|Thriller,5.5,16,0.2034,el
374867,Kafes,2015,Drama,7.182,11,0.2032,tr
368051,Don't Hug Me I'm Scared 5,2015,Horror|Animation|Fantasy|Music|Comedy,7.343,99,0.1644,en
337302,10000 Years Later,2015,Fantasy|Animation|Action,6.8,108,0.234,zh
333099,Dream/Killer,2015,Documentary|Crime,6.8,39,0.2185,en
400668,KidPoker,2015,Documentary,6.9,10,0.2066,en
354534,The Invoking 2,2015,Horror,4.2,21,0.3347,en
279449,Gopala Gopala,2015,Comedy|Romance|Fantasy,6.1,17,0.3233,te
350175,COMIX: Beyond the Comic Book Pages,2015,Documentary,6.1,11,0.2294,en
347911,Polaroid,2015,Horror,6.1,22,0.1516,no
343809,That's Not Us,2015,Drama,4.886,22,0.1769,en
329461,Harter Brocken,2015,Thriller|TV Movie|Crime,6.3,12,0.1665,de
338689,Nate Bargatze: Full Time Magic,2015,Comedy,6.8,11,0.179,en
372227,Where is Good?,2015,Drama,5.8,14,0.2344,en
327301,Souk Bazaar,2015,Comedy,5.1,23,0.2612,tr
344708,Singham 123,2015,Comedy|Action,6.9,12,0.1542,te
392269,The Divide,2015,Documentary,6.7,12,0.2158,en
348193,Ordinary Victories,2015,Drama,6.1,16,0.1739,fr
324307,Sneakerheadz,2015,Documentary,6.1,26,0.517,en
308539,Axe to Grind,2015,Thriller|Horror,5.2,11,0.2769,en
362226,Froning: The Fittest Man In History,2015,Documentary,6.4,25,0.1573,en
312056,I Love NY,2015,Romance|Comedy,4.6,13,0.172,hi
339394,A Young Patriot,2015,Documentary,7.0,13,0.1459,zh
304878,From Caligari to Hitler,2015,Documentary|History,7.4,27,0.2027,de
340963,The Crazy Evening of Palmashow 2,2015,Comedy|Family,7.3,43,0.1714,fr
363683,I Believe in Miracles,2015,Documentary,6.7,27,0.2291,en
807522,No era penal... era puñal,2015,Comedy,5.7,30,0.2312,es
369235,Iqbal  a Tale of a Fearless Child,2015,Animation|Adventure|Comedy|Family|Drama,6.967,15,0.2382,it
336666,Sleeping Giant,2015,Drama|Adventure,6.12,46,0.1774,en
362582,Fifty,2015,Drama|Romance,5.3,14,0.3287,en
343739,Mandıra Filozofu: İstanbul,2015,Comedy,5.379,29,0.1962,tr
324316,The Damned: Don't You Wish That We Were Dead,2015,Music|Documentary,7.7,14,0.2445,en
320001,Ixcanul,2015,Drama,6.753,89,0.1828,es
348514,Red Rover,2015,Drama|Science Fiction,4.9,11,0.1736,en
345438,Ja  Ik Wil!,2015,Comedy|Romance,6.0,22,0.121,nl
358341,Les 3 Boutons,2015,Fantasy,5.7,16,0.1735,fr
370080,One for All,2015,Drama,4.4,17,0.1261,it
346657,Eight,2015,Drama,4.4,11,0.1569,en
378573,Flic tout simplement,2015,Mystery|Thriller|TV Movie|Crime,6.405,21,0.1955,fr
379523,Life Must Go On,2015,Comedy|Drama,5.912,17,0.1872,pl
371303,Amor tóxico,2015,Thriller|Drama|Horror|Romance,4.8,13,0.2649,es
315544,Pistas para volver a casa,2015,Mystery|Comedy|Drama,6.8,26,0.2024,es
315319,We Accept Miracles,2015,Comedy,5.8,435,0.1674,it
308063,The Visit: An Alien Encounter,2015,Documentary|Science Fiction,5.9,25,0.1589,en
1030905,Radical Hardcore,2015,Romance,5.0,15,0.1694,en
343688,Johan Falk: Lockdown,2015,Action|Crime|Thriller,7.4,29,0.2279,sv
405101,Mission Pluto,2015,Documentary,7.0,11,0.1304,en
369605,Sky Line,2015,Documentary,6.3,13,0.1458,en
359129,Blanka,2015,Drama,6.2,14,0.274,ja
324286,Life in Color,2015,Comedy|Drama|Romance,6.5,15,0.1687,en
366969,Luciferous,2015,Drama|Thriller|Horror,4.2,16,0.1626,en
340794,Morning is Broken,2015,Drama|Thriller|Romance,4.4,10,0.1414,en
339152,The Babushkas of Chernobyl,2015,Documentary,7.5,20,0.3393,en
320882,The Seven Five,2015,Documentary,7.3,104,0.611,en
317463,Why Me?,2015,Thriller|Crime|Drama,6.7,29,0.1809,ro
404967,The Linda Vista Project,2015,Horror,4.2,10,0.1901,en
457620,Buddy,2015,Drama,5.4,13,0.3367,nl
368959,If I Was God,2015,Animation,5.5,11,0.2085,en
337879,Sorrow,2015,Horror|Crime|Drama|Thriller,4.5,10,0.1646,en
253286,Two Step,2015,Thriller|Crime|Drama,5.9,17,0.2155,en
1173688,Bird Thongchai Concert Feather and Flowers #3/2015 The Original Returns,2015,Music,5.9,31,0.1645,th
335841,Ci devo pensare,2015,Comedy,3.5,11,0.1473,it
367108,Arrêt Pipi,2015,Horror,5.8,15,0.2611,nl
340389,Screwed Up 2,2015,Comedy,5.441,34,0.1523,pl
371818,Ouzeri Tsitsanis,2015,Drama|Music|War,5.8,22,0.3772,el
334534,Louis Theroux: Transgender Kids,2015,Documentary|TV Movie,6.393,28,0.2334,en
328087,Zanetti Story,2015,Documentary,6.975,20,0.1941,it
332349,The Little Gangster,2015,Comedy|Crime|Adventure|Family,7.0,34,0.2197,nl
352731,Atomic: Living in Dread and Promise,2015,Documentary,6.727,11,0.1081,en
356787,The Hollow One,2015,Horror|Science Fiction|Thriller,4.1,17,0.2857,en
326250,Killswitch,2015,Documentary,7.9,32,0.1577,en
318043,Key House Mirror,2015,Drama|Romance,6.6,10,0.2115,da
375232,In Defense of Food,2015,Documentary,7.5,25,0.1681,en
364153,Zombie Ninjas vs Black Ops,2015,Action|Horror,2.7,10,0.1799,en
399798,Brad Williams: Fun Size,2015,Comedy,7.688,16,0.2026,en
368835,Murder Rap: Inside the Biggie and Tupac Murders,2015,Music|Documentary,7.1,26,0.1865,en
347457,ABCs of Superheroes,2015,Comedy|Action,4.367,15,0.1942,de
364375,Colombia: Wild Magic,2015,Documentary,8.433,75,0.2564,es
341687,Waves '98,2015,Drama|Animation|Fantasy,6.3,32,0.142,ar
370982,Un posto sicuro,2015,Drama,6.0,28,0.1577,it
372355,The Black Hen,2015,Action|Drama|History,5.8,13,0.3165,ne
323407,SMILF,2015,Comedy,5.9,14,0.1914,en
296082,Austin to Boston,2015,Documentary|Music,7.3,18,0.1273,en
442928,Revenge Porn,2015,Documentary,4.9,20,0.2104,en
370085,Babbo Natale non viene da Nord,2015,Comedy,6.0,37,0.2109,it
355197,Minotaur,2015,Drama,4.5,10,0.1532,es
338381,10 Billion: What's On Your Plate,2015,Documentary,6.7,10,0.3182,de
362077,San Francisco 2.0,2015,Documentary,6.5,15,0.1586,en
324294,Planetary,2015,Documentary,7.3,10,0.1896,en
332748,Very Semi-Serious,2015,Documentary,6.5,11,0.1187,en
359043,Chasing Tyson,2015,Documentary,6.9,17,0.2035,en
318364,Italo,2015,Comedy|Family,6.4,52,0.1292,it
338063,Drag Becomes Him,2015,Documentary,6.5,14,0.1579,en
327372,Le leggi del desiderio,2015,Romance|Comedy,5.2,35,0.1438,it
426606,Seeking Dolly Parton,2015,Comedy|Drama|Romance,4.7,15,0.1235,en
335602,The Courtyard of the Ballads,2015,Comedy,5.4,27,0.2126,pt
322467,The Culpable,2015,Crime|Drama,7.1,16,0.1659,de
348441,Bring Me The Horizon : Live at Wembley,2015,Music,8.6,12,0.2567,en
332253,You Too Brutus,2015,Comedy,5.8,10,0.2363,ml
436851,Oceanus: Act One,2015,Adventure|Drama|Science Fiction,6.1,10,0.1708,en
343134,Pink Grapefruit,2015,Romance,5.8,14,0.1743,en
328233,India's Daughter,2015,Documentary,8.1,46,0.2639,en
452011,S&M Sally,2015,Romance|Comedy,4.5,11,0.2205,en
372114,My Life Is a Mess,2015,Comedy,3.6,10,0.1852,ar
379862,Return,2015,Horror,6.4,1006,0.2154,en
418918,Air,2015,Romance,5.0,10,0.1645,es
365728,Monitor,2015,Science Fiction,5.4,12,0.1156,it
370838,Crazy Rook,2015,Crime|Drama,6.0,13,0.1488,fa
1045781,Ret,2015,Drama|History,6.4,325,0.129,tr
350640,Clean Sex,2015,Comedy,7.1,18,0.127,es
379925,The Answers,2015,Comedy|Drama|Fantasy,7.4,30,0.1475,en
364394,Hayalet Dayı,2015,Comedy|Fantasy,4.4,15,0.1229,tr
424193,Matias and Jeronimo,2015,Drama,4.8,14,0.2001,es
373189,Nine Days in Winter,2015,TV Movie|Drama,6.0,11,0.2616,fr
356381,As I Open My Eyes,2015,Drama,6.5,51,0.1835,fr
334044,Kiss Kiss Fingerbang,2015,Comedy|Crime|Romance,5.8,10,0.1757,en
384874,A Horse Called Bear,2015,Family|Drama,8.8,14,0.1146,en
356167,Jimi Hendrix: Electric Church,2015,Documentary|Music,7.4,11,0.2218,en
334656,A Quest for Meaning,2015,Documentary,7.8,19,0.132,fr
317945,Estar o no estar,2015,Drama|Romance,5.8,18,0.1516,es
362741,Katy Perry: Rock in Rio 2015,2015,Music,7.3,10,0.1431,en
357073,The Hobbit: The Return of the King of Cantal,2015,Adventure|Comedy,7.6,12,0.1379,fr
271039,Something  Anything,2015,Romance|Drama,6.286,14,0.1767,en
264049,Yagavarayinum Naa Kaakka,2015,Romance|Action,5.542,12,0.2694,ta
342136,Pizza and Dates,2015,Comedy,4.1,15,0.1532,it
346755,The Red Spider,2015,Thriller|Crime,5.2,27,0.1136,pl
716394,El sexo me da risa 4,2015,Comedy,5.5,40,0.3032,es
331112,Journey Through China,2015,Drama,6.469,16,0.1828,fr
829860,Hunan: The Other World of Avatar,2015,Documentary,4.9,18,0.1431,zh
363293,The Man Who Saw Too Much,2015,Documentary,7.0,11,0.247,es
350848,Far from the Sea,2015,Drama,4.6,13,0.2206,es
385048,Ice Age,2015,Drama,6.0,10,0.1569,fa
359252,The Chickening,2015,Comedy|Horror|Thriller|TV Movie,6.6,15,0.1453,en
318373,Young Tiger,2015,Drama,6.4,14,0.3695,fr
328799,It's Me  Hilary: The Man Who Drew Eloise,2015,Documentary,5.3,10,0.4303,en
350052,Bad Building,2015,Horror,3.0,12,0.1817,en
354424,Dom Juan & Sganarelle,2015,Drama|TV Movie,4.0,11,0.1769,fr
365447,Body Team 12,2015,Documentary,6.8,16,0.1186,en
349795,Janara,2015,Horror|Thriller|Drama|Mystery,4.0,21,0.1533,it
356202,Campo Grande,2015,Drama,6.4,11,0.0967,pt
332399,Paris  Love  Cut,2015,Comedy,6.2,10,0.134,fr
338632,Certifiée Halal,2015,Comedy,3.2,14,0.1638,fr
365850,The Thing in the Apartment,2015,Horror,7.1,13,0.2047,en
352200,Rabin  the Last Day,2015,Documentary,4.7,22,0.1905,he
377879,Toro,2015,Drama,5.7,14,0.1302,de
348069,Capital C,2015,Documentary,5.8,15,0.1445,en
332741,Palio,2015,Documentary,7.3,21,0.2248,it
342149,You'll Never Walk Alone,2015,Comedy,5.2,62,0.1738,fr
353407,The Disappearance of Willie Bingham,2015,Crime|Horror|Drama,6.875,32,0.2304,en
364795,Kanche,2015,Romance|History|Drama,5.9,20,0.1525,te
382052,Not Alone,2015,Horror,4.6,10,0.3306,en
351189,The Fear,2015,History|Drama|War,5.3,21,0.1539,fr
381803,No Way,2015,Comedy|Drama,4.833,48,0.1686,tr
358952,Freak Out,2015,Comedy|Horror,5.3,14,0.1267,he
358761,Je suis Charlie,2015,Documentary|History|Crime|Drama,6.6,14,0.2263,fr
333097,Almost Holy,2015,Documentary|Drama,6.981,26,0.1636,en
374987,Demimonde,2015,TV Movie|Mystery|Drama|History|Crime,6.9,29,0.1516,hu
291211,De Onde Eu Te Vejo,2015,Comedy|Drama|Romance,7.05,20,0.1634,pt
356461,Somewhere Amazing,2015,Drama,4.6,22,0.1744,it
300321,RWD,2015,Science Fiction|Horror,4.5,25,0.1358,en
327311,Beware of People,2015,TV Movie|Comedy,6.1,20,0.1848,de
353793,The Academy of Muses,2015,Drama|Documentary,6.8,12,0.1189,es
369637,Seclusion,2015,Horror|Mystery|Thriller,4.1,16,0.2158,en
253303,Buzzard,2015,Comedy|Drama|Crime,5.381,63,0.1102,en
366681,Effetti indesiderati,2015,Comedy,4.3,21,0.1837,it
309911,Submarine Sandwich,2015,Animation,7.0,25,0.1183,en
330428,Kuttram Kadithal,2015,Family|Drama,6.7,11,0.1341,ta
334636,Last Conversations,2015,Documentary,7.5,12,0.1612,pt
353301,Mad Love,2015,Drama|Comedy,4.9,17,0.3429,fr
322464,Bad Luck,2015,Crime|Comedy,6.6,15,0.1255,de
294127,Malaventura,2015,Comedy,5.7,10,0.1325,es
332278,Devil's Backbone  Texas,2015,Horror,3.7,13,0.1402,en
345869,French Dirty,2015,Drama|Comedy,3.4,11,0.1707,en
815979,Amante por excelencia,2015,Drama,4.9,11,0.3177,es
378138,Sunday Lunch,2015,Animation,6.1,21,0.1119,fr
379559,Soar,2015,Animation|Family|Fantasy,6.278,18,0.1046,en
346564,In Search of the Ultra-Sex,2015,Comedy,5.9,17,0.15,fr
408699,The Purgation,2015,Drama|Horror|Thriller,2.6,14,0.1724,en
370523,Once and Forever,2015,Drama,6.833,15,0.1885,en
326665,Aziz Ansari: Live at Madison Square Garden,2015,Comedy,6.539,127,0.1612,en
373111,Chasing Pavement,2015,Drama,4.6,13,0.2588,en
387999,The High Schooler's Guide to College Parties,2015,Comedy,4.5,14,0.1523,en
328593,Why Can't I Be Tarkovsky?,2015,Drama|Comedy,5.8,12,0.13,tr
348673,Noma: My Perfect Storm,2015,Documentary,6.3,21,0.2592,en
464446,Return,2015,Comedy,6.648,632,0.1534,en
353859,Death of a Gentleman,2015,Documentary,6.2,13,0.2207,en
362457,Wilson City,2015,Mystery|Adventure|Comedy|Crime,6.0,12,0.1606,cs
335081,Uno  anzi due,2015,Comedy,5.1,29,0.1369,it
340173,Para sa Hopeless Romantic,2015,Romance|Drama,5.2,11,0.1868,tl
343110,Vanity,2015,Comedy|Drama,5.5,14,0.3455,fr
347355,Jamel et ses amis au Marrakech du rire 2015,2015,Comedy,7.0,19,0.1864,fr
328345,Code Name K.O.Z.,2015,Crime|Mystery,1.698,43,0.1396,tr
385581,The Brainwashing of My Dad,2015,Documentary,6.3,24,0.2095,en
341741,Don't Speak,2015,Thriller|Horror|Mystery,2.9,25,0.1859,es
347579,Una casa nel cuore,2015,Drama,6.7,16,0.1155,it
356758,First Light,2015,Drama,5.6,24,0.0979,it
378089,Florence and the Uffizi Gallery,2015,Documentary,8.904,26,0.1066,it
353408,Normal Doors,2015,Comedy|Drama,6.6,10,0.1219,en
481737,The Crazy Che,2015,Documentary|Animation|History,6.8,12,0.2493,es
326470,Yapışık Kardeşler,2015,Comedy,1.9,18,0.1044,tr
387268,Princess of Rome,2015,Romance|Animation|History|Drama,5.9,18,0.1503,fa
367405,Reveries of a Solitary Walker,2015,Animation|Fantasy,5.1,16,0.1502,it
323299,New World Order,2015,Action|Drama|Thriller,4.5,13,0.093,it
337405,Jim Norton: Contextually Inadequate,2015,Comedy|TV Movie,6.6,19,0.153,en
325365,Dawg Fight,2015,Documentary,6.5,48,0.1021,en
346225,Bleak Street,2015,Drama|Crime,6.1,13,0.1253,es
363869,Belli di papà,2015,Comedy,5.909,285,0.2449,it
361260,Raging Rose,2015,Drama|Romance,5.0,13,0.2989,fr
374210,5 Seconds of Summer: How Did We End Up Here?,2015,Documentary|Music,8.2,13,0.2212,en
360225,Un début prometteur,2015,Drama|Comedy,4.6,44,0.2608,fr
362156,A Napoli non piove mai,2015,Family|Comedy,5.3,33,0.1266,it
552277,Through the Fields,2015,Drama,5.8,14,0.1422,fr
426547,Alike,2015,Animation|Drama,7.287,61,0.0506,xx
253288,Ghostline,2015,Horror,3.8,11,0.2168,en
333278,Orion: The Man Who Would Be King,2015,Music|Documentary,7.0,22,0.1262,en
372930,Trevor Noah: Pay Back The Funny,2015,Comedy,5.3,10,0.1241,en
326431,Death Dive,2015,Science Fiction|Adventure|Horror,3.9,11,0.1676,fr
344170,Only the Dead,2015,Documentary,7.434,61,0.1201,en
324300,Rolling Papers,2015,Documentary,6.0,16,0.1472,en
253301,Beyond Clueless,2015,Documentary,6.6,30,0.1132,en
323659,Non c'è 2 senza te,2015,Comedy,5.6,82,0.1457,it
324453,The Slashening,2015,Comedy|Horror,3.7,13,0.1976,en
337115,Alias Maria,2015,War|Drama,5.0,10,0.0845,es
360936,Todo el tiempo del mundo,2015,Comedy|Drama,7.0,10,0.1108,es
346723,Home Care,2015,Drama|Comedy,5.7,15,0.1722,cs
319975,The Drop Box,2015,Documentary,7.6,12,0.1033,ko
302314,(Be)Longing,2015,Documentary,6.9,16,0.1056,pt
372463,Don't Look in the Basement 2,2015,Thriller|Horror,3.7,13,0.1136,en
326299,Beyond My Grandfather Allende,2015,History|Documentary,7.182,11,0.1518,es
358901,Very Big Shot,2015,Action|Drama|Thriller|Crime,6.9,22,0.2028,ar
359654,The Jam: About The Young Idea,2015,Music|Documentary,8.0,13,0.1541,en
369415,Australiens,2015,Comedy|Science Fiction,5.9,12,0.1006,en
361596,The Lighthouse,2015,Animation,4.8,14,0.0996,en
363085,O Leão da Estrela,2015,Comedy,6.1,16,0.142,pt
296857,El tamaño sí importa,2015,Romance|Comedy,6.4,72,0.0913,es
333824,Don't Hug Me I'm Scared 4,2015,Horror|Fantasy|Animation|Music|Comedy,7.679,98,0.105,en
358719,Dismembering Christmas,2015,Horror,3.6,10,0.1204,en
354405,Alarmed,2015,Thriller|Horror,4.5,10,0.1129,de
362591,Path,2015,Horror|Thriller|Drama,4.4,35,0.1196,es
365490,Vaskduellen,2015,Comedy,7.1,11,0.1083,sv
379050,At Granny's House,2015,Thriller,3.7,13,0.1066,en
364403,Red Thousand Miles Race,2015,Adventure|Comedy,4.8,15,0.1114,it
349086,Bitcoin: The End of Money as We Know It,2015,Documentary,6.6,44,0.1109,en
598400,Missing Halloween,2015,Animation|Horror,7.4,10,0.094,en
367139,Nightmare on Elmo's Street,2015,Horror|Comedy,1.7,11,0.1104,en
348857,Eugene Mirman: Vegan on His Way to the Complain Store,2015,Comedy,7.1,10,0.1712,en
367805,Yes or No 2.5,2015,Comedy|Romance|Drama,4.4,16,0.1141,th
310583,Daddy's Girl,2015,Drama|Thriller,3.8,18,0.0923,en
332491,A Trip,2015,Drama|Romance,5.5,13,0.1259,es
373180,Safety First - The Movie,2015,Comedy|Romance,5.6,27,0.1743,nl
368620,My Friend Rockefeller,2015,Documentary|Crime|Mystery,6.4,25,0.1135,en
424480,The Lion In Your Living Room,2015,Documentary,6.5,18,0.0949,en
372412,Southern Cross,2015,Crime,5.3,15,0.1639,de
456253,The Fisherman,2015,Drama|Science Fiction|Horror,6.3,19,0.1341,cn
346914,Happy Hour,2015,Drama|Comedy,5.7,12,0.1157,de
296403,The Iron Stairs,2015,Crime|Drama|TV Movie,6.5,14,0.1857,fr
336736,Chris D'Elia: Incorrigible,2015,Comedy,6.096,57,0.1464,en
345416,Ali Kundilli,2015,Comedy,5.426,27,0.1793,tr
363861,Par accident,2015,Drama,5.4,14,0.138,fr
337014,I bambini sanno,2015,Documentary,7.5,23,0.1143,it
370482,Yes  We Fuck!,2015,Documentary,5.2,10,0.1075,es
324269,For Grace,2015,Documentary,7.1,12,0.1598,en
700446,Laura Laune - Le Diable est une gentille petite fille,2015,Comedy,7.1,11,0.1112,fr
308674,Deadbeat Dad,2015,Comedy,6.0,27,0.1023,pt
359152,Storie sospese,2015,Drama,6.3,17,0.3029,it
412195,Taxi Driver: Oko Ashewo,2015,Comedy|Crime,4.8,15,0.1457,en
319087,A Gay Girl in Damascus: The Amina Profile,2015,Documentary,5.933,15,0.308,en
402528,Der weisse Äthiopier,2015,TV Movie|Drama,7.45,10,0.1203,de
324263,Breaking a Monster,2015,Documentary,3.2,10,0.1187,en
337101,Karadima Forest,2015,Drama,7.1,28,0.1185,es
347188,Meu Passado Me Condena 2: O Filme,2015,Comedy|Romance,6.337,181,0.1968,pt
336803,Peace to Us in Our Dreams,2015,Drama,6.0,19,0.11,lt
377362,Clarisse or Something About Us,2015,Mystery|Drama|Fantasy|Horror,4.4,11,0.1259,pt
328587,Cerise,2015,Comedy,5.5,57,0.381,fr
320065,The Quarantine Hauntings,2015,Thriller|Horror,2.9,11,0.1354,en
372253,Artus - Saignant à point,2015,Comedy,6.5,20,0.1054,fr
365415,David,2015,Drama,5.4,10,0.1474,cs
785206,I delitti del BarLume - La tombola dei troiai,2015,Crime|Comedy,6.8,12,0.0896,it
370416,Snervous Tyler Oakley,2015,Documentary,5.1,15,0.0815,en
344368,This Is Orson Welles,2015,Documentary,7.2,11,0.096,en
355388,(Otto),2015,Animation,6.6,17,0.0933,nl
324184,A German Youth,2015,Documentary|History,7.096,26,0.1398,fr
359892,Twilight,2015,Unknown,6.8,65,0.086,es
337965,The Great Alone,2015,Drama|Documentary|Adventure,7.5,12,0.1003,en
354544,Demetri Martin: Live (At The Time),2015,Comedy|TV Movie,6.9,63,0.1113,en
370168,Chicago Boys,2015,Documentary,7.6,12,0.1408,es
339303,Game Face,2015,Documentary,4.769,13,0.1165,en
339258,Golden Kingdom,2015,Drama,6.4,14,0.1629,en
312131,The Phoenix Project,2015,Science Fiction|Drama,4.3,23,0.1234,en
365209,Read Aloud,2015,Drama,4.286,14,0.2821,en
333891,Soldato Semplice,2015,War|Drama|Comedy|History,5.6,18,0.1036,it
315890,Happy End?!,2015,Drama|Romance,4.1,11,0.0973,de
611791,Star,2015,Unknown,5.8,38,0.0907,fr
362383,The Messenger,2015,Documentary,7.7,10,0.0866,en
346536,Seek,2015,Drama,4.5,11,0.0813,en
357853,The Cradle of Shadows,2015,Horror,2.9,11,0.1001,fr
358922,Being AP,2015,Documentary,5.8,12,0.1026,en
369846,Horizon,2015,Drama|Thriller,5.4,15,0.1084,ro
385327,Evil Souls,2015,Horror,2.5,11,0.1937,en
339744,Speed Sisters,2015,Documentary|Adventure|Drama,5.9,13,0.1431,ar
329255,The Thoughts That Once We Had,2015,Documentary,4.9,10,0.0938,en
320367,Return,2015,Drama,6.6,1177,0.0696,en
332425,The Armor of Light,2015,Documentary,4.0,17,0.1082,en
351183,The Great Day,2015,Documentary,6.3,11,0.0695,fr
357017,Herman the German,2015,Comedy,6.6,12,0.0885,de
323664,A Holy Venetian Family,2015,Comedy,5.0,23,0.1272,it
340183,American Rescue Squad,2015,Comedy|Action|Drama|Mystery|Fantasy,7.8,11,0.1015,en
379667,Selfie from Hell,2015,Horror,6.1,10,0.2925,en
354867,La vida de alguien,2015,Drama|Music,6.5,13,0.0779,es
338636,Visit  or Memories and Confessions,2015,Documentary,7.5,16,0.1489,pt
459894,The Return,2015,Thriller|Crime|Mystery,6.5,34,0.1139,en
362108,Paul F. Tompkins: Crying and Driving,2015,Comedy,6.4,11,0.1214,en
434336,The Sunshine Makers,2015,Documentary,6.8,22,0.0828,en
363350,Patriot,2015,Drama,5.7,11,0.08,en
346758,The Magic Mountain,2015,Animation|Drama|Documentary|History,6.3,11,0.1527,fr
366537,Metroid: The Sky Calls,2015,Science Fiction,7.1,10,0.094,en
360205,Invoked,2015,Mystery|Horror|Thriller,4.068,22,0.0824,en
393026,Jonas and the Backyard Circus,2015,Documentary,8.1,11,0.098,pt
353983,Mobilize,2015,Documentary,6.0,13,0.0956,en
325419,Exotica  Erotica  Etc.,2015,Documentary,6.2,10,0.1623,fr
495971,Pietro Mennea - La freccia del sud,2015,Drama,6.9,27,0.0996,it
325164,The Brain Hack,2015,Science Fiction|Thriller,6.903,31,0.1413,en
429263,World Wide Woven Bodies,2015,Drama,5.9,14,0.1022,no
351863,The Shaman,2015,Thriller|Science Fiction|Drama,6.4,21,0.0978,en
336972,A Sinner in Mecca,2015,Documentary,5.8,10,0.0674,en
324340,Summers Downstairs,2015,Drama|Comedy,5.5,12,0.0745,de
335696,Survivors,2015,Drama|Horror|Thriller,5.3,10,0.0891,en
362771,Motherland,2015,Drama,6.5,10,0.0616,tr
319069,Censored Voices,2015,History|Documentary,5.9,18,0.1177,en
372315,Somm: Into the Bottle,2015,Documentary,6.986,35,0.1078,en
365271,F.C. De Kampioenen 2: Jubilee General,2015,Comedy,5.8,24,0.1031,nl
337800,An Object at Rest,2015,Animation|Adventure,7.0,12,0.0728,en
428463,Inside the Ku Klux Klan,2015,Documentary,9.0,11,0.1366,en
353104,Hunter,2015,Mystery,7.6,16,0.0927,en
360413,Mr D's No Thing Tales,2015,Horror,4.8,12,0.0615,en
329005,Autism in Love,2015,Documentary,6.1,14,0.0662,en
320892,Kyle Kinane: I Liked His Old Stuff Better,2015,Comedy,7.2,10,0.0721,en
329824,Ebola Zombies,2015,Horror|Science Fiction,3.2,10,0.0809,cn
354776,The Choice Is Ours,2015,Documentary,7.2,13,0.0948,en
290310,Three Days in September,2015,Drama|Thriller,5.3,12,0.0908,mk
378317,Dreams from Strangers,2015,Romance,4.882,18,0.1021,it
318032,Cosmodrama,2015,Science Fiction|Comedy|Drama,5.0,10,0.0931,en
359814,Losers,2015,Drama,6.8,10,0.0665,bg
407575,Rosa Chumbe,2015,Drama,7.0,17,0.0729,es
369297,The Black Bear,2015,Comedy|Horror,5.3,13,0.0612,fr
399983,Numero Zero: The Roots of Italian Rap,2015,Documentary,7.7,43,0.0684,it
392709,System of a Down - Rock in Rio,2015,Music,8.611,18,0.0896,en
330221,PlantPure Nation,2015,Documentary,7.9,10,0.0885,en
298702,So Far So Good,2015,Comedy,6.1,32,0.1195,it
366897,Copycat,2015,Documentary|Horror,6.222,18,0.0614,en
280583,Violent,2015,Drama,7.0,31,0.0828,no
373536,Joe & Caspar Hit the Road,2015,Comedy,5.9,25,0.0747,en
294004,Buttercup Bill,2015,Drama|Romance,4.2,10,0.0911,en
414602,Groland le gros métrage,2015,TV Movie|Comedy,4.1,10,0.0873,fr
299250,The Long Way Home,2015,Drama,6.708,12,0.1545,ca
353117,The Thread,2015,Documentary,6.1,16,0.1018,en
371084,Mike Epps: Don't Take It Personal,2015,Comedy,5.556,18,0.0967,en
415177,Home,2015,Documentary,7.0,10,0.0698,sl
515640,Nessuno mi troverà,2015,Documentary,6.5,11,0.052,it
369366,Last Day of Freedom,2015,Animation|Crime|Documentary,7.1,13,0.087,en
352481,Stealing Time,2015,Science Fiction|Comedy,6.6,15,0.1207,en
732284,Cercando La grande bellezza,2015,Documentary,7.7,19,0.1138,en
323925,Florida Man,2015,Documentary,7.4,11,0.0843,en
420577,Glass Half,2015,Animation,6.2,11,0.05,en
367264,Fabrice Eboué - Levez-vous !,2015,Comedy,7.2,23,0.051,fr
385576,Impression of a War,2015,Documentary,5.9,10,0.0908,es
381704,The Park,2015,Unknown,5.2,10,0.0538,ar
403671,Illusions,2015,Thriller|Horror,3.0,13,0.0445,en
355252,Rate Me,2015,Unknown,5.1,12,0.0532,en
378991,OMG... We're in a Horror Movie,2015,Comedy|Horror,3.5,10,0.0957,en
366752,A Family Affair,2015,Documentary,5.4,16,0.0586,en
335178,Los Paracaidistas,2015,Comedy,7.4,11,0.0877,es
349048,Daughter of the Lake,2015,Documentary,7.0,10,0.1028,es
354170,Siembra,2015,Drama,5.7,10,0.0413,es
354430,Two Rémi  Two,2015,Fantasy|Comedy,5.2,12,0.1023,fr
336653,Learn by Heart,2015,Drama,6.4,27,0.0432,fr
348618,88:88,2015,Documentary,5.2,12,0.24,en
371149,The Revolution of the Angels,2015,Thriller,5.7,12,0.0654,ca
344900,Oriented,2015,Documentary,4.7,25,0.0518,en
349028,The Interior,2015,Thriller,5.0,11,0.0336,en
342286,A New High,2015,Adventure|Documentary|Action,7.2,10,0.0929,en
326379,Tell Spring Not to Come This Year,2015,War|Documentary,6.8,10,0.0497,en
343880,A Murder in the Park,2015,Documentary,7.225,20,0.0311,en
342749,Una storia sbagliata,2015,Unknown,5.9,12,0.0412,it
366103,Maestà  The Passion of the Christ,2015,Unknown,7.0,12,0.0404,fr
388754,New Zealand - Home of Middle-earth - Part 3,2015,Documentary,7.025,81,0.0439,en
379381,Life Smartphone,2015,Animation|Comedy,6.7,12,0.0261,zh
520103,Hellraiser: Origins,2015,Horror|Fantasy,4.1,10,0.0286,en
458331,H-E-L-L-O,2015,Unknown,6.9,10,0.0239,en
341176,Jen Kirkman: I'm Gonna Die Alone (And I Feel Fine),2015,Comedy,6.9,52,0.0311,en
547510,The Quiet Zone,2015,Horror,5.3,13,0.0621,en
528405,In omaggio all’arte italiana!,2015,History,3.583,12,0.0621,de
497182,Women at War (1939-1945),2015,Documentary|War|History,7.6,14,0.0214,fr
404076,Life with Herman H. Rott,2015,Drama|Animation,7.0,11,0.0143,et
426004,Super,2015,Unknown,6.5,13,0.0143,en
338050,Snow Pirates,2015,History|Drama,6.3,10,0.0261,tr
318972,(T)ERROR,2015,Documentary,6.1,43,0.0168,en
369855,Dji. Death Sails,2015,Animation|Comedy,7.2,23,0.0071,xx
322110,Una meravigliosa stagione fallimentare,2015,Documentary,7.1,18,0.0362,it
415131,Waterdrop,2015,Science Fiction,7.3,11,0.0143,zh
364877,Hello I Am David!,2015,Music|Documentary,7.2,19,0.0214,en
358377,Last Door South,2015,Animation,6.4,15,0.0143,fr
