id,title,release_year,genres,vote_average,vote_count,popularity,original_language
361743,Top Gun: Maverick,2022,Action|Drama,8.2,11003,32.1662,en
829557,365 Days: This Day,2022,Romance|Drama,5.938,1846,28.8699,pl
829560,The Next 365 Days,2022,Romance|Drama,6.379,1320,25.02,pl
414906,The Batman,2022,Crime|Mystery|Thriller,7.7,11964,24.3311,en
76600,Avatar: The Way of Water,2022,Action|Adventure|Science Fiction,7.6,14159,23.4335,en
545611,Everything Everywhere All at Once,2022,Action|Adventure|Science Fiction,7.718,7981,18.8849,en
315162,Puss in Boots: The Last Wish,2022,Animation|Adventure|Fantasy|Comedy|Family,8.206,8839,19.1836,en
985939,Fall,2022,Thriller,7.134,4610,23.3321,en
453395,Doctor Strange in the Multiverse of Madness,2022,Fantasy|Action|Adventure,7.231,10353,17.2698,en
587412,K.G.F: Chapter 2,2022,Action|Thriller|Adventure|Crime,7.379,207,14.72,kn
766507,Prey,2022,Thriller|Action|Science Fiction,7.658,7730,14.529,en
508947,Turning Red,2022,Animation|Family|Comedy|Fantasy,7.335,5862,13.7289,en
579974,RRR,2022,Action|History|Drama,7.717,1601,12.5283,te
507086,Jurassic World Dominion,2022,Adventure|Science Fiction|Thriller,6.598,7058,13.1187,en
615173,The Witch: Part 2. The Other One,2022,Action|Mystery|Thriller|Science Fiction,7.396,449,11.8142,ko
616037,Thor: Love and Thunder,2022,Fantasy|Action|Comedy,6.4,8568,12.876,en
698508,Redeeming Love,2022,Romance|Drama|Western,7.845,747,11.42,en
718930,Bullet Train,2022,Action|Comedy|Thriller,7.414,7552,11.907,en
1022256,Selena Gomez: My Mind & Me,2022,Documentary|Music,8.508,599,12.5133,en
505642,Black Panther: Wakanda Forever,2022,Action|Adventure|Science Fiction,7.0,7473,12.0973,en
744276,After Ever Happy,2022,Romance|Drama,6.767,1371,12.8234,en
615777,Babylon,2022,Drama|Comedy,7.4,3780,10.9863,en
646385,Scream,2022,Horror|Mystery,6.688,3880,11.6339,en
928358,Grand Jete,2022,Drama,4.875,48,12.5051,de
335787,Uncharted,2022,Action|Adventure|Mystery,6.888,6874,10.4153,en
436270,Black Adam,2022,Action|Adventure|Science Fiction,6.805,7022,11.8911,en
593643,The Menu,2022,Comedy|Horror,7.181,6243,10.382,en
818647,Through My Window,2022,Romance|Drama|Comedy,7.351,3343,10.5766,es
619979,Deep Water,2022,Drama|Mystery|Thriller,5.821,1643,10.8882,en
438148,Minions: The Rise of Gru,2022,Comedy|Crime|Science Fiction|Animation|Family,7.267,4018,10.9504,en
756999,The Black Phone,2022,Horror|Thriller,7.521,5846,9.6172,en
851644,20th Century Girl,2022,Romance|Drama,8.2,816,9.49,ko
675353,Sonic the Hedgehog 2,2022,Action|Adventure|Family|Comedy,7.428,5874,10.1015,en
585083,Hotel Transylvania: Transformania,2022,Animation|Comedy|Family|Adventure|Fantasy,7.035,3023,9.9018,en
882598,Smile,2022,Horror|Mystery,6.672,4061,10.4125,en
760104,X,2022,Horror,6.718,3961,8.9455,en
913290,Barbarian,2022,Horror|Mystery,6.852,3252,9.2371,en
49046,All Quiet on the Western Front,2022,War|Drama,7.724,4680,8.7165,de
653221,Hridayam,2022,Romance|Drama,7.096,57,8.8027,ml
619803,The Roundup,2022,Action|Crime|Thriller|Adventure,7.334,438,10.459,ko
774825,The Ice Age Adventures of Buck Wild,2022,Animation|Comedy|Family|Adventure,6.572,1830,9.103,en
520023,Bodies Bodies Bodies,2022,Comedy|Mystery|Horror,6.2,1462,5.4879,en
762504,Nope,2022,Horror|Science Fiction,6.8,4898,8.9153,en
752623,The Lost City,2022,Action|Adventure|Comedy,6.457,3994,8.5321,en
585511,Luck,2022,Animation|Adventure|Comedy|Fantasy|Family,7.716,1951,8.7125,en
758330,Good Luck to You  Leo Grande,2022,Romance|Drama,6.977,673,8.9368,en
629542,The Bad Guys,2022,Action|Animation|Comedy|Crime|Family,7.531,2558,9.3245,en
916224,Suzume,2022,Animation|Drama|Adventure|Fantasy,7.884,1740,7.2736,ja
338953,Fantastic Beasts: The Secrets of Dumbledore,2022,Fantasy|Adventure,6.6,5096,8.532,en
725201,The Gray Man,2022,Action|Thriller,6.899,4234,7.1139,en
840326,Sisu,2022,Action|War|Thriller,7.407,2832,8.2106,fi
663712,Terrifier 2,2022,Horror,6.667,2491,9.1089,en
661374,Glass Onion: A Knives Out Mystery,2022,Comedy|Crime|Mystery,7.033,6835,7.4368,en
601796,Alienoid,2022,Science Fiction|Action|Fantasy|Adventure,6.793,526,7.0675,ko
1040159,My Massive Cock,2022,Documentary,5.846,13,10.0998,en
705996,Decision to Leave,2022,Thriller|Mystery|Romance,7.326,1513,6.6441,ko
949423,Pearl,2022,Horror|Drama|Thriller,7.2,2587,7.9618,en
785084,The Whale,2022,Drama,7.77,4689,6.7815,en
965150,Aftersun,2022,Drama,7.677,1838,6.7632,en
985932,Virgin Forest,2022,Thriller|Crime|Drama,5.3,20,7.6425,tl
639933,The Northman,2022,Action|Adventure|Fantasy,7.033,5039,6.376,en
406759,Moonfall,2022,Science Fiction|Adventure|Action,6.251,3583,7.247,en
1007401,Mortal Kombat Legends: Snow Blind,2022,Animation|Action|Fantasy,7.724,237,6.8027,en
799379,Project Wolf Hunting,2022,Action|Thriller|Horror|Crime,6.4,441,7.6389,ko
820067,The Quintessential Quintuplets Movie,2022,Animation|Comedy|Romance,8.3,442,7.1209,ja
814338,Lady Chatterley's Lover,2022,Drama|Romance,6.7,520,6.6208,en
555604,Guillermo del Toro's Pinocchio,2022,Animation|Fantasy|Adventure|Drama,8.0,3335,5.9224,en
762975,Purple Hearts,2022,Romance|Drama,8.042,2876,7.985,en
614934,Elvis,2022,Music|History|Drama,7.46,3889,5.9497,en
913544,Ved,2022,Drama|Romance,7.1,10,8.0115,mr
1001835,Wifelike,2022,Science Fiction|Mystery|Thriller,6.6,323,5.2787,en
610150,Dragon Ball Super: Super Hero,2022,Animation|Science Fiction|Action,7.9,3029,6.1946,ja
536554,M3GAN,2022,Science Fiction|Horror,7.025,4826,5.0855,en
743814,Serve the People,2022,Drama,6.49,50,5.355,ko
900667,One Piece Film Red,2022,Animation|Adventure|Action|Fantasy,7.2,1127,5.4903,ja
696806,The Adam Project,2022,Adventure|Science Fiction|Comedy,6.989,4945,5.7443,en
937278,A Man Called Otto,2022,Comedy|Drama,7.752,3588,6.2168,en
724495,The Woman King,2022,Action|Drama|History|War,7.601,2363,6.8628,en
778106,Along for the Ride,2022,Romance|Drama,6.677,387,5.7282,en
864370,Incantation,2022,Horror,6.831,830,5.3128,zh
505026,Death on the Nile,2022,Mystery|Crime|Thriller,6.412,4191,5.4455,en
674324,The Banshees of Inisherin,2022,Drama|Comedy,7.462,3372,5.8946,en
619730,Don't Worry Darling,2022,Science Fiction|Mystery|Thriller|Horror,6.769,2948,6.6067,en
526896,Morbius,2022,Action|Science Fiction|Fantasy,5.907,4820,5.6396,en
718789,Lightyear,2022,Animation|Science Fiction|Family|Adventure,6.871,3805,7.4121,en
301502,Blonde,2022,Drama,5.905,1521,5.045,en
899294,Frank and Penelope,2022,Thriller|Horror|Crime,7.321,126,6.1691,en
396194,Ennio,2022,Documentary|Music|History,8.311,383,4.9918,it
779782,The School for Good and Evil,2022,Fantasy|Comedy|Adventure,7.0,1381,5.4266,en
804095,The Fabelmans,2022,Drama,7.57,2769,4.7952,en
760741,Beast,2022,Action|Adventure|Horror|Thriller|Drama,6.6,1753,4.8679,en
763285,Ambulance,2022,Thriller|Action|Crime|Drama,6.618,2452,4.9446,en
560057,The Sea Beast,2022,Animation|Adventure|Action|Family|Fantasy,7.332,1708,5.5615,en
1029827,Drishyam 2,2022,Thriller|Drama|Mystery,8.032,109,4.9571,hi
556694,Three Thousand Years of Longing,2022,Drama|Fantasy|Romance,6.885,1660,4.3153,en
966220,Sniper: The White Raven,2022,War|Action|Drama,7.679,910,4.774,uk
899082,Harry Potter 20th Anniversary: Return to Hogwarts,2022,Documentary,7.306,3520,6.0004,en
791155,Secret Headquarters,2022,Action|Adventure|Comedy|Science Fiction|Family,6.385,417,5.2531,en
916192,The Tunnel to Summer  the Exit of Goodbyes,2022,Animation|Drama|Romance|Fantasy|Science Fiction,7.694,281,5.0166,ja
628900,The Contractor,2022,Action|Thriller,6.357,1061,5.1911,en
864101,Mira,2022,Science Fiction|Drama|Adventure|Family,7.477,431,4.5076,ru
1015606,Obi-Wan Kenobi: A Jedi's Return,2022,Documentary,6.789,1014,5.6787,en
715931,Emancipation,2022,Drama|War|History,7.764,1263,3.9326,en
952062,Recep Ivedik 7,2022,Comedy,5.81,71,4.3136,tr
787752,Fresh,2022,Horror|Thriller,6.955,1880,5.9288,en
629176,Samaritan,2022,Science Fiction|Crime|Action,6.653,2202,5.1355,en
245842,The King's Daughter,2022,Fantasy|Adventure|Family,6.995,725,4.328,en
539681,DC League of Super-Pets,2022,Family|Comedy|Adventure|Animation|Science Fiction,7.159,1731,4.5703,en
829280,Enola Holmes 2,2022,Adventure|Mystery|Crime,7.4,2978,4.4395,en
803104,Sex Appeal,2022,Comedy|Romance,6.617,313,4.4355,en
679018,Jersey,2022,Drama,7.0,49,4.4377,hi
938008,The Killer,2022,Action|Crime|Thriller,7.65,421,4.7167,ko
877269,Strange World,2022,Animation|Family|Adventure|Fantasy|Science Fiction,6.231,1423,4.2281,en
774752,The Guardians of the Galaxy Holiday Special,2022,Comedy|Science Fiction|Adventure,7.098,2366,4.5236,en
755566,Day Shift,2022,Action|Fantasy|Horror|Comedy|Thriller,6.74,2203,3.4303,en
876792,That Time I Got Reincarnated as a Slime the Movie: Scarlet Bond,2022,Animation|Fantasy|Adventure,7.4,434,4.8043,ja
727340,Hunt,2022,Action|Mystery|Drama,6.755,216,4.0195,ko
833339,Speak No Evil,2022,Horror|Thriller|Drama,6.7,1110,3.8535,da
782054,Doraemon the Movie: Nobita's Little Star Wars 2021,2022,Animation|Science Fiction|Adventure|Family|Fantasy|Comedy,6.6,134,3.8215,ja
818397,Memory,2022,Action|Thriller|Crime,6.73,1661,4.4886,en
338958,Disenchanted,2022,Comedy|Family|Fantasy,6.677,1184,4.5975,en
800939,Ticket to Paradise,2022,Drama|Comedy|Romance,6.423,1397,4.3023,en
634120,777 Charlie,2022,Drama|Adventure|Comedy,7.761,71,4.0909,kn
616820,Halloween Ends,2022,Horror|Thriller,6.034,2021,4.3961,en
338947,Hellraiser,2022,Horror|Thriller,6.186,1016,3.7391,en
634429,Shin Ultraman,2022,Action|Science Fiction,7.473,244,4.1476,ja
901563,Close,2022,Drama,7.8,1003,3.7325,fr
894205,Werewolf by Night,2022,Action|Fantasy|Horror,6.955,1525,3.8178,en
705861,Hustle,2022,Drama|Comedy,7.701,2831,3.9061,en
1015333,The Escort Wife,2022,Thriller,4.692,13,3.8363,tl
522016,The 355,2022,Action|Adventure|Thriller,6.027,1146,4.3822,en
817758,TÁR,2022,Music|Drama,7.1,1523,4.8264,en
791177,Bones and All,2022,Horror|Romance|Drama,7.01,1636,4.0021,en
806368,The Son,2022,Drama,6.7,570,3.2177,en
639838,Sinister Seduction,2022,Thriller,6.727,22,3.9487,en
729700,Raksha Bandhan,2022,Comedy|Drama|Family,6.111,27,3.9438,hi
799876,The Outfit,2022,Crime|Drama|Thriller|Mystery,7.085,1360,4.3286,en
626735,Dog,2022,Drama|Comedy,7.29,1774,4.4787,en
995133,The Boy  the Mole  the Fox and the Horse,2022,Animation|Family|Drama|Adventure,8.221,726,4.1225,en
664332,Gangubai Kathiawadi,2022,Crime|Drama|History,7.461,192,3.5314,hi
532639,Pinocchio,2022,Fantasy|Adventure|Family,6.3,1729,3.9505,en
901563,Close,2022,Drama,7.777,1003,3.7325,fr
836225,The Exorcism of God,2022,Horror|Crime|Drama|Fantasy,7.072,1162,3.9107,en
823625,Blacklight,2022,Action|Thriller|Adventure,6.145,1266,4.1658,en
780609,Men,2022,Horror|Thriller|Fantasy,6.1,1348,4.5243,en
762968,Do Revenge,2022,Comedy|Thriller|Romance,6.38,993,3.777,en
787163,Liger,2022,Action|Romance,4.2,36,3.5642,te
894169,Vendetta,2022,Action|Crime,6.1,340,3.6234,en
990485,Scorpio Nights 3,2022,Thriller,5.7,17,3.8764,tl
844398,Shattered,2022,Thriller|Horror|Crime|Mystery,5.737,213,3.4188,en
928270,Heatwave,2022,Thriller|Drama,6.251,167,3.7889,en
648579,The Unbearable Weight of Massive Talent,2022,Action|Comedy|Crime,6.779,2488,4.3777,en
800345,Carter,2022,Action|Thriller|Crime,5.989,426,3.6447,ko
743563,Vikram,2022,Action|Crime|Thriller,7.561,163,3.9319,ta
760161,Orphan: First Kill,2022,Horror|Thriller,6.6,2302,3.2922,en
632727,Texas Chainsaw Massacre,2022,Horror|Crime|Drama,5.2,1649,3.5105,en
518896,Warriors of Future,2022,Drama|Action|Science Fiction,7.0,488,3.6427,zh
800383,Beast,2022,Action|Adventure|Thriller,5.2,83,3.4371,ta
591120,The Pirates: The Last Royal Treasure,2022,Action|Adventure|Comedy|Fantasy,6.5,227,4.0374,ko
842942,Bandit,2022,Crime|Drama|Thriller,6.301,430,3.987,en
682507,Where the Crawdads Sing,2022,Drama|Mystery|Romance,7.528,2306,3.8938,en
807356,Watcher,2022,Horror|Mystery|Thriller,6.483,1155,3.9853,en
717728,Jeepers Creepers: Reborn,2022,Horror,5.3,1074,3.1465,en
848685,The Beasts,2022,Thriller|Drama,7.467,933,4.4135,fr
497828,Triangle of Sadness,2022,Comedy|Drama,7.015,2878,4.537,en
830788,The Invitation,2022,Horror|Thriller,5.991,964,3.5748,en
760517,Love and Leashes,2022,Romance|Comedy,6.8,311,3.124,ko
888195,Hot Seat,2022,Thriller|Action,5.104,159,3.1722,en
979924,On the Line,2022,Thriller|Drama,6.067,582,2.2113,en
924482,The Ledge,2022,Thriller|Adventure,6.55,398,3.8776,en
736526,Troll,2022,Fantasy|Action|Adventure,6.558,2025,3.4196,no
698948,Thirteen Lives,2022,Drama|Thriller|History,7.843,1497,2.9579,en
912598,Bubble,2022,Animation|Adventure|Science Fiction|Fantasy,7.279,480,2.9492,ja
942576,Buried in Barstow,2022,Thriller|Action|Drama|TV Movie,7.064,47,3.5567,en
858485,Kantara,2022,Action|Drama|Thriller,7.2,140,3.5178,kn
736732,Broker,2022,Drama,7.156,548,3.7183,ko
899112,Violent Night,2022,Action|Comedy|Fantasy|Thriller,7.2,2551,3.0283,en
420821,Chip 'n Dale: Rescue Rangers,2022,Animation|Family|Comedy|Adventure|Mystery,6.99,1372,3.4051,en
1034662,Showroom,2022,Drama|Thriller,4.9,10,2.9968,tl
758009,Shotgun Wedding,2022,Action|Comedy|Romance,6.247,1307,3.7273,en
668461,Slumberland,2022,Adventure|Comedy|Family|Fantasy,7.3,940,2.9833,en
760926,Gold,2022,Action|Adventure|Thriller,6.187,657,2.6201,en
1003813,Out of the Blue,2022,Mystery|Thriller|Romance,5.812,130,2.9236,en
758724,The Cellar,2022,Horror|Mystery,6.479,501,3.0028,en
1020696,Play Dead,2022,Horror|Thriller,6.088,199,2.991,en
777831,9 Bullets,2022,Action|Thriller,5.289,149,4.0883,en
894803,Sita Ramam,2022,History|Romance|Drama,7.8,105,2.9426,te
831946,Interceptor,2022,Action|Thriller|Adventure,6.036,836,3.4639,en
827887,Blast,2022,Thriller|Drama,6.691,68,2.878,fr
810171,The Valet,2022,Comedy|Romance,7.475,655,2.92,en
809140,Father Stu,2022,Drama,7.126,735,3.6244,en
946581,Cruel Instruction,2022,TV Movie|Thriller|Drama,6.9,25,2.459,en
961484,Last Seen Alive,2022,Action|Thriller,6.397,1086,3.3821,en
783675,The First Slam Dunk,2022,Animation|Comedy|Drama,7.771,533,2.9321,ja
982543,V for Vengeance,2022,Horror|Action,5.481,135,2.9727,en
830784,Lyle  Lyle  Crocodile,2022,Comedy|Family|Music,6.962,652,3.0364,en
828613,About Fate,2022,Romance|Comedy,7.465,523,3.8106,en
668482,Roald Dahl's Matilda the Musical,2022,Family|Comedy|Fantasy,6.797,816,3.0063,en
366672,Paws of Fury: The Legend of Hank,2022,Animation|Adventure|Comedy|Family,6.631,329,3.1713,en
860159,Crush,2022,Comedy|Romance,7.386,488,2.854,en
626872,Emergency Declaration,2022,Action|Drama|Thriller,7.5,432,3.5834,ko
916605,The Infernal Machine,2022,Thriller|Mystery,6.213,301,2.4308,en
1014840,Bula,2022,Thriller|Horror,5.9,20,3.1251,tl
588108,Hansan: Rising Dragon,2022,War|Action|Drama|History,6.5,89,2.6904,ko
977871,Even If This Love Disappears from the World Tonight,2022,Romance|Drama,7.477,44,2.9358,ja
676547,Prey for the Devil,2022,Horror|Thriller,6.863,1012,3.2641,en
987573,Believers,2022,Drama,5.5,10,2.7793,ja
691683,Cheaper by the Dozen,2022,Family|Comedy,6.36,271,2.6316,en
846433,The Enforcer,2022,Action|Crime|Drama,7.027,496,2.8888,en
678287,Marmaduke,2022,Animation|Family|Comedy|Adventure,5.151,93,3.939,en
751741,Night at the Museum: Kahmunrah Rises Again,2022,Adventure|Animation|Comedy|Family|Fantasy,6.4,283,2.8112,en
496331,Brahmāstra Part One: Shiva,2022,Action|Adventure|Fantasy,6.292,197,2.8957,hi
1045794,Sabel Is Still Young,2022,Thriller|Action,4.0,14,2.5429,tl
897192,Diary of a Wimpy Kid: Rodrick Rules,2022,Animation|Comedy|Family,6.794,192,2.7093,en
820446,Downton Abbey: A New Era,2022,Drama|Romance,7.2,614,2.8414,en
557946,Last Looks,2022,Action|Crime|Thriller,5.754,376,3.2479,en
759175,The Princess,2022,Action|Fantasy,6.799,850,3.1323,en
642885,Hocus Pocus 2,2022,Fantasy|Comedy,7.154,1825,3.1997,en
653851,Devotion,2022,War|Drama|Action,7.1,822,2.8292,en
605153,Major,2022,Action|History|Drama,6.943,44,2.8436,te
819876,Crimes of the Future,2022,Science Fiction|Horror|Thriller,6.0,1277,2.9595,en
845404,Tyler Perry's A Madea Homecoming,2022,Comedy|Drama,6.795,139,2.1424,en
676710,The Amazing Maurice,2022,Animation|Adventure|Comedy|Family|Fantasy,6.671,190,2.606,en
892153,Tom and Jerry Cowboy Up!,2022,Animation|Comedy|Family|Western,6.9,448,2.4249,en
880841,Abandoned,2022,Horror|Mystery|Thriller,5.813,308,3.284,en
862551,Me Time,2022,Comedy,5.856,1016,3.5378,en
765172,Rise of the Teenage Mutant Ninja Turtles: The Movie,2022,Animation|Action|Science Fiction|Comedy,7.202,109,2.8534,en
1041898,Pamasahe,2022,Drama,6.2,30,2.9011,tl
772445,Jezabel,2022,Thriller|Crime|Mystery|Science Fiction,5.296,27,2.662,es
896499,Fruits Basket -prelude-,2022,Animation|Drama|Romance,7.0,43,2.9903,ja
895744,Studio 666,2022,Horror|Comedy|Music,5.879,354,2.7161,en
896485,Overdose,2022,Action,6.468,190,3.5025,fr
893712,Sword Art Online the Movie – Progressive – Scherzo of Deep Night,2022,Animation|Action|Fantasy|Science Fiction,7.7,224,2.8535,ja
759989,Maaran,2022,Action|Thriller,4.8,15,2.6234,ta
1027014,Entergalactic,2022,Animation|Romance|Music,7.687,494,2.3636,en
800937,Senior Year,2022,Comedy,5.912,933,3.5759,en
854239,Till,2022,Drama|History,7.298,342,2.5243,en
877957,Drifting Home,2022,Animation|Fantasy|Adventure,7.331,347,2.6366,ja
541134,The Good Nurse,2022,Drama|Crime|Mystery,6.878,1446,2.388,en
960139,The House,2022,Drama|Comedy|Fantasy,6.0,113,2.2155,fr
844075,New Gods: Yang Jian,2022,Animation|Adventure|Fantasy|Comedy,7.51,96,2.6156,zh
632856,Spirited,2022,Comedy,6.85,760,2.291,en
843847,Jerry & Marge Go Large,2022,Comedy|Drama,7.379,462,2.5539,en
457232,Lamborghini: The Man Behind the Legend,2022,Drama|History,6.421,725,3.1602,en
696157,Whitney Houston: I Wanna Dance with Somebody,2022,Music|History|Drama,7.025,522,2.8991,en
1006161,Blank Narcissus (Passion of the Swamp),2022,Drama,5.397,34,2.4125,en
833425,No Exit,2022,Thriller|Mystery,6.834,1305,3.9877,en
606403,Special Delivery,2022,Action|Crime,7.007,218,2.483,ko
429473,Lou,2022,Action|Thriller,6.496,776,2.7041,en
945675,One Week Friends,2022,Drama,6.044,125,2.7709,zh
934384,Kinsenas  Katapusan,2022,Thriller,5.1,16,3.3096,tl
869626,Marcel the Shell with Shoes On,2022,Animation|Comedy|Drama|Family,7.642,696,2.3619,en
698128,Dual,2022,Science Fiction|Comedy|Drama,5.962,386,2.3506,en
791348,DC Showcase - Constantine: The House of Mystery,2022,Animation|Action|Adventure|Horror,6.859,185,2.426,en
991814,Re/Member,2022,Horror|Thriller,6.692,252,2.7391,ja
746333,Superwho?,2022,Comedy|Action|Family,6.337,567,2.312,fr
695962,Bhool Bhulaiyaa 2,2022,Horror|Comedy,6.154,91,2.3067,hi
778855,Chickenhare and the Hamster of Darkness,2022,Animation|Adventure|Comedy|Family|Fantasy,7.258,285,2.6086,en
614939,Bros,2022,Comedy|Romance,6.6,572,2.4051,en
938567,Teasing Master Takagi-san: The Movie,2022,Animation|Comedy|Romance,8.455,144,2.2988,ja
551271,Medieval,2022,Action|Drama|History,6.9,537,2.3609,en
573171,Little Eggs: A Frozen Rescue,2022,Animation|Adventure|Comedy|Family,7.65,364,2.32,es
997120,Sniper: Rogue Mission,2022,Action|Thriller|Mystery,6.2,181,2.4452,en
976720,Vesper,2022,Science Fiction|Drama|Adventure|Fantasy,6.304,703,3.4266,en
532710,Firestarter,2022,Horror|Science Fiction|Thriller,5.467,811,2.4686,en
903939,Detective Conan: The Bride of Halloween,2022,Animation|Action|Crime|Mystery,6.407,113,3.051,ja
606402,Yaksha: Ruthless Operations,2022,Action|Crime|Thriller,6.647,258,2.5198,ko
930701,Sex  Shame and Tears 2,2022,Comedy|Drama,6.7,47,2.2845,es
997317,Kaguya-sama: Love Is War -The First Kiss That Never Ends-,2022,Animation|Comedy|Romance,8.0,96,2.8026,ja
833593,2037,2022,Drama,7.417,72,2.172,ko
949983,Island of Desire,2022,Drama|Thriller,4.5,13,2.2498,tl
597922,The Greatest Beer Run Ever,2022,Drama|Comedy|War,7.513,905,2.5395,en
667739,The Man from Toronto,2022,Action|Adventure|Comedy,6.375,512,2.7971,en
842275,Bro Daddy,2022,Family|Drama|Comedy,6.417,30,2.5226,ml
1001865,Scrooge: A Christmas Carol,2022,Animation|Family|Fantasy,6.786,480,2.6614,en
575322,Project Gemini,2022,Science Fiction|Thriller,5.7,498,2.0343,en
929170,Honor Society,2022,Comedy,7.42,443,2.5387,en
901385,Significant Other,2022,Science Fiction|Mystery|Horror|Thriller,6.077,403,2.6566,en
928344,Weird: The Al Yankovic Story,2022,Music|Comedy,6.716,616,2.2838,en
507903,Spoiler Alert,2022,Romance|Comedy|Drama,6.962,171,2.1208,en
799546,Luckiest Girl Alive,2022,Drama|Thriller|Mystery,6.513,934,2.4903,en
606870,The Survivor,2022,History|Action|Drama,6.836,201,2.1449,en
1045944,The Boss Baby: Christmas Bonus,2022,Animation|Family|Adventure,6.686,317,2.6976,en
595586,Causeway,2022,Drama,6.481,561,2.2142,en
673392,Radhe Shyam,2022,Drama|Romance,5.0,38,2.5387,te
931599,Silip sa Apoy,2022,Drama|Thriller,5.7,35,2.2856,tl
585378,After Yang,2022,Science Fiction|Drama,6.414,517,2.2659,en
825808,See for Me,2022,Crime|Horror|Thriller,6.0,255,2.0918,en
1043565,Mindcage,2022,Mystery|Thriller|Crime,5.927,427,2.1379,en
635891,Clerks III,2022,Comedy|Drama,6.025,318,2.1467,en
1032742,The Best in Hell,2022,War|Action|Drama,7.721,43,2.1947,ru
820912,Persuasion,2022,Romance|Drama|Comedy,6.078,660,2.2207,en
886396,Batman and Superman: Battle of the Super Sons,2022,Animation|Action|Science Fiction,7.64,351,2.6536,en
800510,Kimi,2022,Thriller|Mystery|Crime,6.197,980,2.1474,en
504071,Song of the Assassins,2022,Drama|Action|Mystery,5.386,22,2.1813,zh
923787,Siklo,2022,Drama|Thriller,4.8,13,1.9405,tl
1029446,Selina's Gold,2022,Drama,6.474,39,2.2298,tl
821881,The Swimmers,2022,Drama|History,7.42,646,1.9545,en
818750,The In Between,2022,Romance|Science Fiction|Drama,7.325,835,2.3729,en
805327,Look Both Ways,2022,Romance|Drama|Comedy,6.848,725,2.4245,en
807185,America Latina,2022,Thriller,6.068,227,1.5186,it
656663,Jackass Forever,2022,Action|Comedy|Documentary,6.8,916,2.2038,en
615904,Marry Me,2022,Romance|Comedy|Music,6.619,1102,2.746,en
800815,The Pale Blue Eye,2022,Thriller|Crime|Horror|Mystery,6.806,2175,2.4923,en
945664,Lighting Up the Stars,2022,Drama,7.509,55,1.7495,zh
1020969,Teddy's Christmas,2022,Family|Adventure|Fantasy,6.991,55,3.531,no
926899,The House,2022,Animation|Drama|Comedy|Horror|Fantasy,7.022,1136,3.0998,en
901908,The Key Game,2022,Comedy,6.0,79,1.9149,es
838330,Not Okay,2022,Comedy|Drama,6.279,508,3.1509,en
916719,Code Name Banshee,2022,Action|Thriller,5.7,150,2.1591,en
661231,Operation Mincemeat,2022,War|History|Drama,6.515,796,2.4063,en
876797,The Last 10 Years,2022,Drama|Romance,7.1,113,2.3593,ja
739993,Metal Lords,2022,Comedy|Drama|Music,6.836,767,2.2913,en
1041513,Encanto at the Hollywood Bowl,2022,Music|Documentary,7.0,164,2.3317,en
949977,X-Deal 2,2022,Drama,5.8,13,2.3794,tl
846778,Margaux,2022,Horror|Science Fiction,6.012,217,2.16,en
961651,Spider-Man: All Roads Lead to No Way Home,2022,Documentary,6.801,93,2.2212,en
852448,I Came By,2022,Crime|Thriller,6.275,839,1.9468,en
817648,Home Team,2022,Family|Comedy|Drama,6.632,793,1.9938,en
1024627,The System,2022,Action|Crime|Thriller,7.0,122,1.9209,en
821119,Jaadugar,2022,Comedy|Drama|Romance,6.439,33,2.1942,hi
777245,Women Talking,2022,Drama,6.82,729,2.135,en
874743,To Every You I've Loved Before,2022,Animation|Romance|Science Fiction,6.765,49,1.8678,ja
911129,No Limit,2022,Drama|Romance,6.015,300,2.3129,fr
823766,The Wonder,2022,Drama|Mystery,6.612,968,2.2459,en
883768,Mobile Suit Gundam: Cucuruz Doan's Island,2022,Animation|Drama|Science Fiction|Action,6.8,21,1.6629,ja
801965,Breaking,2022,Crime|Drama|Thriller,6.534,223,2.1293,en
939356,Marvel Studios Assembled: The Making of Eternals,2022,Documentary,7.127,59,2.1643,en
803114,The Requin,2022,Horror|Mystery|Thriller,4.776,380,2.2922,en
1025169,The Trapped 13: How We Survived The Thai Cave,2022,Documentary,6.367,94,2.3183,th
746419,Father of the Bride,2022,Romance|Comedy|Drama,6.4,201,2.3849,en
766475,See How They Run,2022,Mystery|Comedy|Crime,6.348,1292,1.9989,en
773867,Seoul Vibe,2022,Action|Crime|Comedy,6.534,177,2.1375,ko
1015963,High Heat,2022,Action|Thriller|Crime|Comedy,5.565,176,2.8455,en
601635,Laal Singh Chaddha,2022,Drama|Romance|Comedy,6.272,92,2.178,hi
566466,Laid-Back Camp the Movie,2022,Animation|Comedy,7.6,69,1.9922,ja
615469,Spiderhead,2022,Science Fiction|Thriller,5.797,1749,2.4189,en
765119,The Bubble,2022,Comedy,4.607,507,2.0568,en
766220,Old Man,2022,Thriller|Horror,5.775,143,3.0601,en
1030613,Faithfully Yours,2022,Mystery|Thriller,5.898,240,2.8063,nl
890656,Fistful of Vengeance,2022,Action|Fantasy|Thriller,5.577,336,2.5732,en
944865,Boon,2022,Action|Crime|Thriller|Drama|Mystery|TV Movie,5.2,50,2.1098,en
1037858,The Soccer Football Movie,2022,Animation|Comedy|Family,5.657,124,2.0496,en
799177,Bhediya,2022,Horror|Comedy,6.884,69,2.2093,hi
848123,Black Site,2022,Action|Thriller|Crime|Drama,6.025,281,2.3068,en
818110,The Magic Flute,2022,Adventure|Fantasy|Music|Family,6.35,133,2.736,en
736820,Confidential Assignment 2: International,2022,Action|Comedy,7.149,67,3.0848,ko
842934,Poker Face,2022,Thriller|Crime,5.572,429,1.9373,en
537761,Septet: The Story of Hong Kong,2022,Action|Drama|History|Romance,6.9,13,2.5838,zh
843932,Nanny,2022,Horror|Drama,5.391,234,2.4914,en
862965,Emily the Criminal,2022,Crime|Drama|Thriller,6.673,1010,1.9646,en
879538,Crawlspace,2022,Thriller|Crime|Horror,5.81,155,3.0986,en
522927,The Forgiven,2022,Drama,5.731,260,2.6439,en
1013860,R.I.P.D. 2: Rise of the Damned,2022,Fantasy|Action|Comedy,6.277,667,1.8817,en
1032627,Love Today,2022,Comedy|Romance,7.029,51,1.935,ta
879444,Accident Man: Hitman's Holiday,2022,Action|Comedy|Crime,6.779,244,2.4085,en
888299,Aadavaallu Meeku Johaarlu,2022,Family|Comedy|Drama,4.192,13,1.6321,te
785398,EO,2022,Drama|Adventure,6.512,419,1.8934,en
897338,The Bad Seed Returns,2022,Horror|Thriller|TV Movie,6.948,115,2.1438,en
1036561,Shadow Master,2022,Action|Fantasy|Thriller,6.685,116,1.7632,en
863929,Neighbors,2022,Comedy,5.6,108,2.167,it
676701,Tad the Lost Explorer and the Emerald Tablet,2022,Animation|Adventure|Family|Comedy|Fantasy,7.471,340,2.1543,es
517302,Hatching,2022,Horror|Fantasy|Drama,6.244,493,1.7085,fi
930750,B Cut,2022,Action|Crime|Thriller,5.0,13,1.5888,ko
928123,The Battle at Lake Changjin II: Water Gate Bridge,2022,War|History|Action,6.4,95,1.7805,zh
989937,The Seven Deadly Sins: Grudge of Edinburgh Part 1,2022,Animation|Fantasy|Adventure|Action,7.686,291,1.9191,ja
960704,Fullmetal Alchemist: The Final Alchemy,2022,Action|Adventure|Fantasy,6.3,215,1.8645,ja
811631,Infinite Storm,2022,Adventure|Drama|Mystery|Thriller,5.736,356,2.0989,en
837881,She Said,2022,Drama|History,7.187,717,1.8259,en
762361,Joyride,2022,Comedy|Drama|Crime,5.837,49,1.9159,en
464293,The Legend of Maula Jatt,2022,Drama|Fantasy|Action,7.9,15,1.9899,pa
996518,Royalteen,2022,Romance|Drama,5.824,182,2.325,no
511817,Wendell & Wild,2022,Animation|Comedy|Fantasy|Adventure|Horror,6.6,383,1.7523,en
890980,God's Crooked Lines,2022,Drama|Mystery|Thriller,7.312,836,2.0996,es
852046,Athena,2022,Action|Adventure|Thriller|Drama,6.597,826,2.0411,fr
504827,The Bob's Burgers Movie,2022,Animation|Comedy|Crime|Mystery,6.975,366,1.8157,en
806128,The Night Owl,2022,Thriller|Mystery|History,7.3,63,1.5067,ko
834654,Ante... Sundaraniki!,2022,Comedy|Romance|Family,7.0,42,1.8715,te
778810,Fireheart,2022,Animation|Adventure|Family|Comedy,7.2,291,1.5471,en
869227,Super Sharanya,2022,Comedy|Romance,6.7,20,2.194,ml
893228,Section 8,2022,Action|Thriller,6.1,136,2.3599,en
1054513,Private Lesson,2022,Comedy|Romance,6.7,111,2.0271,tr
814800,Goodnight Mommy,2022,Horror|Thriller|Mystery,6.27,551,2.9502,en
931175,New Kung Fu Cult Master,2022,Action|Fantasy,4.8,28,1.7326,zh
983105,The Year I Started Masturbating,2022,Comedy|Drama|Romance,5.788,144,1.7121,sv
1007125,Goodbye Brooklyn Nine-Nine,2022,Documentary,7.4,11,1.9465,en
900222,Yashoda,2022,Crime|Thriller|Drama|Science Fiction,6.523,22,1.6586,te
969900,Blind War,2022,Action,6.6,26,1.5125,zh
961420,Kingdom 2: Far and Away,2022,Action|Adventure|War,7.232,127,2.4718,ja
754609,Mrs. Harris Goes to Paris,2022,Drama|Comedy|History,7.3,510,1.921,en
850028,Alice  Darling,2022,Thriller|Drama|Romance,5.7,314,1.8726,en
843633,White Elephant,2022,Action|Crime|Thriller,5.837,172,2.3068,en
960700,Fullmetal Alchemist: The Revenge of Scar,2022,Fantasy|Action|Adventure,6.551,246,1.5623,ja
803266,Nice View,2022,Drama|Family|Comedy,6.449,49,1.3749,zh
760099,Living,2022,Drama,6.974,516,1.7128,en
933861,New Kung Fu Cult Master 2,2022,Action|Drama|Romance,4.8,16,1.76,cn
948276,Lost Bullet 2,2022,Action|Crime|Thriller|Drama,6.505,478,1.5154,fr
788752,Viking Wolf,2022,Horror|Thriller|Mystery,5.804,372,2.693,no
888479,Game of Love,2022,Romance|Drama,6.063,221,1.6585,en
294793,All the Old Knives,2022,Thriller|Mystery,6.005,631,2.0558,en
294793,All the Old Knives,2022,Thriller|Mystery,6.005,631,2.0558,en
756935,The Island Bird,2022,Comedy|Drama|Music,5.3,20,1.6235,fr
889699,Holy Spider,2022,Thriller|Drama|Crime,7.279,510,1.8068,fa
890322,Love Like the Falling Petals,2022,Drama|Romance,8.0,99,1.8303,ja
983507,Good Boy,2022,Horror|Thriller,6.323,368,2.0135,no
766907,American Siege,2022,Action|Adventure|Thriller,5.341,167,1.4891,en
980017,Marvel Studios Assembled: The Making of Doctor Strange in the Multiverse of Madness,2022,Documentary,7.029,52,1.6141,en
840882,The Weekend Away,2022,Thriller|Mystery,6.057,809,1.7152,en
630720,Dark Glasses,2022,Drama|Thriller|Horror|Mystery,4.752,208,1.8405,it
957691,Kaliwaan,2022,Thriller,4.4,10,2.557,tl
937013,The Mystic Nine: Begonia from Qingshan,2022,Action|Mystery|Adventure,5.5,15,1.7332,zh
809107,Z-O-M-B-I-E-S 3,2022,Fantasy|Comedy|Family|TV Movie,7.309,439,1.6323,en
916405,The Quiet Girl,2022,Drama,7.49,567,1.7775,ga
948333,Into the Deep,2022,Thriller,5.524,84,1.8563,en
689700,Clean,2022,Crime|Action|Drama,6.17,451,1.9214,en
660046,Ponniyin Selvan: Part I,2022,Action|Adventure|History,7.1,93,1.8273,ta
910858,The Estate,2022,Comedy|Drama,5.371,128,1.6329,en
928709,A E I O U – A Quick Alphabet of Love,2022,Romance|Drama|Comedy,4.882,17,1.5584,de
714888,Argentina 1985,2022,Drama|History|Crime,7.821,741,1.2075,es
865498,The New Toy,2022,Comedy|Family|Drama,5.9,178,1.9366,fr
724665,Confess  Fletch,2022,Comedy|Mystery|Crime,6.213,397,1.6873,en
1044343,Zen - Grogu and Dust Bunnies,2022,Animation|Fantasy,6.093,102,2.2655,ja
829410,Sick,2022,Horror|Mystery,6.13,353,1.5605,en
736918,The Noel Diary,2022,Romance|Comedy|Drama,6.297,404,1.5403,en
784696,Sarkaru Vaari Paata,2022,Action|Comedy|Drama,5.296,27,1.5529,te
723419,Mr. Harrigan's Phone,2022,Drama|Horror|Mystery,6.391,953,2.1486,en
751237,Umma,2022,Horror|Mystery,5.3,329,1.4333,en
647808,The Nan Movie,2022,Comedy,5.7,22,1.5778,en
1024530,Grimcutty,2022,Horror,5.102,413,2.3775,en
942881,Lonely Castle in the Mirror,2022,Animation|Drama|Mystery|Fantasy,7.1,106,1.839,ja
846993,Goodbye  Don Glees!,2022,Animation|Adventure|Drama,7.0,55,1.5726,ja
806929,The Immaculate Room,2022,Mystery|Thriller|Drama|Science Fiction,5.254,138,1.8733,en
683328,The Big 4,2022,Action|Comedy|Crime|Thriller,6.772,215,1.673,id
829799,Paradise City,2022,Action|Crime|Thriller,5.47,181,2.0086,en
913612,Isekai Quartet the Movie: Another World,2022,Animation|Comedy|Fantasy,7.6,14,1.4767,ja
823417,Free! the Final Stroke the Second Volume,2022,Animation|Drama|Comedy,6.0,10,1.6767,ja
740952,Savage Salvation,2022,Action|Thriller,6.15,280,1.6766,en
759054,Rise,2022,Drama,7.571,304,1.845,en
1028248,As Good as Dead,2022,Action|Crime,6.1,85,1.8682,en
814340,Cha Cha Real Smooth,2022,Comedy|Drama|Romance,7.123,407,1.8083,en
983311,Eye for an Eye,2022,Action|Drama,7.127,51,1.4483,zh
801071,The Jack in the Box: Awakening,2022,Horror,6.256,383,1.599,en
916821,Gasoline Alley,2022,Action|Thriller|Crime|Mystery,4.909,143,1.5295,en
992827,A Married Woman's Ejaculation Log,2022,Romance,5.8,11,1.8775,ko
955666,Crayon Shin-chan the Movie: The Tornado Legend of Ninja Mononoke,2022,Animation|Comedy,7.4,17,1.695,ja
745376,Hello  Goodbye  and Everything in Between,2022,Romance|Drama,6.182,267,1.5571,en
960258,Shark Bait,2022,Horror|Thriller|Action|Adventure,5.7,360,1.4508,en
1015724,Trick or Treat Scooby-Doo!,2022,Adventure|Mystery|Comedy|Animation|Family,7.0,208,1.4462,en
836009,Against the Ice,2022,Drama|Adventure|History,6.767,615,1.7199,en
914216,The Lost King,2022,Comedy|Drama|History,6.523,192,1.8032,en
843543,Meet Cute,2022,Comedy|Romance|Science Fiction|Fantasy,5.844,318,2.1189,en
958487,Plan 75,2022,Drama|Science Fiction,6.7,125,1.4449,ja
828853,Jackass 4.5,2022,Comedy|Action|Documentary,6.413,391,1.8333,en
940417,Sadako DX,2022,Horror|Mystery|Comedy,4.5,42,1.1888,ja
934207,Sissy,2022,Horror|Comedy|Thriller|Drama,6.112,179,1.8903,en
915831,Monica  O My Darling,2022,Crime|Comedy|Drama|Mystery|Thriller,7.009,107,1.3972,hi
615952,Armageddon Time,2022,Drama,6.441,497,1.5691,en
962192,Halftime,2022,Documentary|Music,6.768,157,1.3237,en
947166,Anime Supremacy!,2022,Drama,6.431,29,1.3882,ja
814757,Empire of Light,2022,Drama|Romance,6.616,627,1.5004,en
1019105,The Paloni Show! Halloween Special!,2022,Animation|Comedy|Horror,6.371,35,1.7756,en
642538,Inu-Oh,2022,Animation|Drama|Music|Fantasy|History,7.3,161,1.8541,ja
823147,To Leslie,2022,Drama,6.998,241,2.7973,en
629015,Shut In,2022,Thriller|Horror,6.76,392,1.5111,en
1050238,2022 Rock & Roll Hall of Fame Induction Ceremony,2022,Music|Documentary,8.2,11,1.4409,en
1027219,Relyebo,2022,Thriller,5.2,11,2.5769,tl
829503,Gigi & Nate,2022,Drama,7.6,146,1.9212,en
843380,Dead for a Dollar,2022,Western|Thriller|Action|Drama,5.8,303,1.6579,en
872177,Corrective Measures,2022,Science Fiction|Action|Thriller|Adventure,5.05,110,2.1011,en
883502,Fortress: Sniper's Eye,2022,Action|Thriller|Crime,5.219,175,1.5797,en
716814,The Wait,2022,Romance|Drama,5.991,58,1.6879,fi
1018494,Operation Seawolf,2022,War|Thriller|Action|Adventure,5.64,118,1.5782,en
715765,Bachchhan Paandey,2022,Comedy|Action|Crime,5.472,36,1.5163,hi
974961,Murder at Yellowstone City,2022,Western|Mystery,5.5,93,1.5606,en
838484,Choose or Die,2022,Horror|Thriller|Science Fiction,5.249,876,1.5132,en
732459,Blade of the 47 Ronin,2022,Fantasy,6.383,230,1.5802,en
862491,Catwoman: Hunted,2022,Animation|Action|Crime,5.7,129,1.5762,en
936643,Marvel Studios Assembled: The Making of Hawkeye,2022,Documentary,7.127,51,1.5533,en
760204,The Lair,2022,Horror|Action,5.64,311,1.4206,en
824386,Big Boys Don’t Cry,2022,Drama,6.519,26,1.6085,en
744594,White Noise,2022,Comedy|Drama,5.6,805,1.5656,en
633374,Remember,2022,Thriller|Action|Drama,7.563,103,1.4739,ko
603204,Stars at Noon,2022,Drama|Romance|Crime,5.836,137,1.5866,fr
678999,Jayeshbhai Jordaar,2022,Comedy|Drama,5.792,24,2.3143,hi
793269,The Tiger Rising,2022,Adventure|Family|Drama,5.5,35,1.3803,en
962232,Beyond the Universe,2022,Romance|Drama|Music,7.946,344,1.7626,pt
910371,Hell Dogs,2022,Action|Crime|Drama|Mystery|Thriller,7.0,79,1.6542,ja
965731,High & Low The Worst X,2022,Action,7.3,31,1.6488,ja
880313,The Wrath of God,2022,Thriller|Drama,6.294,223,1.7376,es
846250,Fire Island,2022,Comedy|Romance,6.929,281,1.8502,en
974182,Putahe,2022,Thriller|Drama,4.9,10,2.5173,tl
833097,Falling for Christmas,2022,Romance|Comedy|Family,6.219,873,1.5058,en
873126,My Name Is Vendetta,2022,Action|Crime|Adventure|Thriller,6.625,654,1.8807,it
760868,Black Crab,2022,Action|Thriller,6.209,926,1.8377,sv
683340,Vengeance,2022,Comedy|Mystery|Thriller,6.596,464,1.743,en
1036956,Jurassic World Camp Cretaceous: Hidden Adventure,2022,Action|Adventure|Animation,6.65,40,2.0195,en
804337,Mahaan,2022,Crime|Action|Drama,6.7,44,1.6837,ta
965143,Cyber Hell: Exposing an Internet Horror,2022,Crime|Drama,7.2,103,1.7787,ko
664996,Apollo 10½: A Space Age Childhood,2022,Animation|Comedy|Drama,7.03,321,1.2208,en
756187,Sneakerella,2022,Music|Comedy|Family,5.871,84,2.2672,en
767825,Moonshot,2022,Comedy|Romance|Science Fiction,6.61,188,1.5135,en
939979,Paradise Highway,2022,Thriller|Crime|Drama,5.92,207,1.6024,en
925786,Satan's Slaves 2: Communion,2022,Horror|Mystery,6.965,71,1.6583,id
913205,Teen Titans Go! & DC Super Hero Girls: Mayhem in the Multiverse,2022,Animation|Action|Comedy,5.92,137,1.577,en
893086,The Good Neighbor,2022,Thriller|Drama,6.553,189,1.4987,en
611598,Samrat Prithviraj,2022,Action|Drama|History,6.6,29,1.6451,hi
900783,The Kashmir Files,2022,History|Drama,7.181,94,2.0753,hi
773975,End of the Road,2022,Drama|Thriller,6.01,347,1.3084,en
955644,Mia and Me: The Hero of Centopia,2022,Animation|Fantasy|Adventure|Family,6.746,67,1.4233,en
622082,In from the Side,2022,Drama|Romance,6.717,90,1.2363,en
1041896,Us X Her,2022,Drama|Romance|Thriller,4.7,16,1.7508,tl
856742,Wolf Pack,2022,Action|War|Thriller,4.0,11,1.2328,zh
957154,Urban Myths,2022,Horror|Fantasy,6.5,21,1.1551,ko
912726,Rhinegold,2022,History|Drama|Crime|Music,6.5,97,1.9984,de
913862,Downfall: The Case Against Boeing,2022,Documentary,7.054,204,1.3262,en
861035,Squeal,2022,Comedy|Horror|Fantasy,4.4,11,1.7016,lv
968739,Dangerous Liaisons,2022,Drama|Romance,5.861,321,1.7615,fr
864116,A Day to Die,2022,Action|Thriller|Crime|Drama,5.699,244,1.4139,en
1022929,Girl Friday,2022,Drama,4.8,12,2.4613,tl
744114,My Policeman,2022,Drama|Romance,7.6,767,1.5018,en
846956,Rogue Agent,2022,Thriller|Drama,6.309,270,1.9426,en
837938,The Inspection,2022,Drama,6.179,81,1.4886,en
858067,Thiruchitrambalam,2022,Romance|Drama|Comedy,7.407,59,1.429,ta
628878,Panama,2022,Thriller|Action,5.171,187,2.4378,en
942894,Avarice,2022,Thriller|Action,5.6,45,1.5014,en
1010821,Groot Takes a Bath,2022,Animation|Family|Comedy|Science Fiction,7.133,360,1.4684,en
1026624,It's a Wonderful Binge,2022,Comedy,4.9,109,1.3009,en
874745,To Me  the One Who Loved You,2022,Animation|Romance|Science Fiction,6.095,79,1.3557,ja
714676,Alice,2022,Thriller|Drama,5.599,86,2.5224,en
680860,I Want You Back,2022,Comedy|Romance,6.283,371,1.5425,en
883083,You Won't Be Alone,2022,Horror|Drama,6.593,353,1.4892,mk
901410,xxxHOLiC,2022,Drama|Mystery|Thriller,6.638,29,1.592,ja
335795,Monster High: The Movie,2022,Family|Fantasy|Comedy|Adventure,6.761,304,1.5324,en
931653,Dilberay,2022,Drama,6.286,14,3.893,tr
962489,Ditto,2022,Romance|Drama,6.8,60,1.3863,ko
848058,Piggy,2022,Drama|Horror,6.6,696,1.4211,es
1015936,Feed,2022,Horror,5.83,112,1.7174,sv
926980,The Privilege,2022,Horror,5.195,300,1.3638,de
753232,The Commando,2022,Action|Crime|Thriller,5.689,175,1.4175,en
646473,Dear Zoe,2022,Drama,6.5,74,1.8061,en
994739,Hand,2022,Drama|Romance,5.3,15,1.4362,ja
927855,Love Tactics,2022,Romance|Comedy,7.088,331,1.6806,tr
707103,Emily,2022,History|Drama|Romance,6.871,251,1.2607,en
764081,Ram Setu,2022,Action|Adventure|Drama,5.2,33,1.3117,hi
1010818,Groot's First Steps,2022,Animation|Family|Comedy|Science Fiction,6.999,372,1.3232,en
821153,6/45,2022,Comedy,6.8,50,1.1967,ko
980804,LEGO Star Wars Summer Vacation,2022,Animation|Family|Science Fiction|Comedy,6.3,101,1.4093,en
910596,Run & Gun,2022,Action|Thriller,5.5,72,2.2873,en
782936,Nocebo,2022,Mystery|Thriller|Horror|Fantasy,6.048,207,1.2043,en
865686,Good Mourning,2022,Comedy|Romance,4.7,50,1.3522,en
972313,Blowback,2022,Action|Mystery|Thriller|Crime,6.091,104,1.3345,en
619930,Narvik,2022,War|Drama|History|Action,6.78,445,1.4597,no
926916,Cherry Magic! THE MOVIE,2022,Comedy|Romance,7.75,36,1.3675,ja
994740,Safe Word,2022,Drama,5.9,10,1.226,ja
823951,November,2022,Crime|Drama|Thriller,7.0,880,1.1733,fr
661791,The Grandmother,2022,Drama|Horror,5.877,485,1.4183,es
543504,Detective vs. Sleuths,2022,Action|Crime|Mystery|Thriller,6.797,96,1.4534,cn
1010823,Magnum Opus,2022,Animation|Family|Science Fiction|Comedy,7.241,280,1.2737,en
945920,Six,2022,Science Fiction|Horror,5.4,14,1.2937,en
1022924,5 in 1,2022,Comedy,4.5,13,1.4271,tl
604571,Deus,2022,Science Fiction|Thriller,5.075,73,1.5623,en
816977,They/Them,2022,Horror|Mystery,4.756,252,1.155,en
988233,Hex,2022,Action|Horror|Thriller,5.586,99,1.2969,en
754452,The Last Manhunt,2022,Western|Crime|Drama|Romance,5.82,89,1.2785,en
916053,Something from Tiffany's,2022,Romance|Comedy|Drama,6.667,312,1.3733,en
929562,In the Forest,2022,Horror|Thriller,5.432,44,1.3485,en
799155,Attack,2022,Action|Science Fiction|Thriller,6.756,217,1.6203,hi
879957,Wyrmwood: Apocalypse,2022,Action|Horror,5.79,143,1.5019,en
961418,Ghost Book,2022,Fantasy|Family,6.1,14,1.1752,ja
764835,The Desperate Hour,2022,Thriller,6.0,476,1.3054,en
838145,A Night of Knowing Nothing,2022,Documentary,7.5,26,0.8806,hi
803736,Hey! Sinamika,2022,Drama|Romance,5.8,25,1.5722,ta
1017335,Project Legion,2022,Horror|Thriller|Science Fiction,4.6,35,0.7288,en
934287,The Last Client,2022,Thriller|Crime,7.239,178,1.4737,da
759507,Blackout,2022,Action|Adventure|Thriller,5.0,169,1.4932,en
819309,Emergency,2022,Comedy|Drama|Thriller,6.094,265,1.8168,en
926676,Navalny,2022,Documentary,7.218,289,1.2763,en
1005281,Purificacion,2022,Thriller,5.0,11,1.5628,tl
897424,Dark Cloud,2022,Science Fiction|Horror|Mystery|Thriller,5.662,108,1.5899,en
522526,Mona Lisa and the Blood Moon,2022,Mystery|Fantasy|Thriller,6.364,209,1.258,en
955991,The Offering,2022,Drama|Horror,5.978,387,1.4339,en
1035803,Detective Knight: Redemption,2022,Action|Thriller,5.358,88,1.5014,en
878183,The Independent,2022,Thriller|Mystery|Crime,6.6,138,2.013,en
836202,Brother and Sister,2022,Drama,4.9,119,1.2,fr
887357,Green Lantern: Beware My Power,2022,Animation|Science Fiction|Action,6.724,250,1.4398,en
802372,The People We Hate at the Wedding,2022,Comedy,6.261,209,1.5717,en
834742,First Love,2022,Romance|Drama,5.7,147,1.4252,en
801913,Sharp Stick,2022,Comedy|Drama|Romance,4.9,49,1.2746,en
599333,Hot Blooded,2022,Crime|Action|Thriller,6.318,22,1.2655,ko
772272,Tall Girl 2,2022,Comedy|Romance|Drama,5.73,409,1.5165,en
1030419,Legend of the Galactic Heroes: Die Neue These - Intrigue 1,2022,Animation|Science Fiction|War|Drama,6.073,55,1.1949,ja
872497,Resurrection,2022,Drama|Horror|Mystery,5.944,248,1.2897,en
921360,Wire Room,2022,Action|Crime,6.066,181,1.6885,en
560052,My Father's Dragon,2022,Animation|Adventure|Family|Fantasy|Comedy,7.085,117,1.383,en
848958,Forever Young,2022,Drama|Comedy,6.4,168,2.0674,fr
624091,Sri Asih,2022,Action|Adventure|Science Fiction,6.519,158,1.3622,id
999205,Stowaway,2022,Action|Mystery|Thriller,6.0,105,2.4692,en
811656,Monstrous,2022,Horror|Mystery|Thriller,5.868,336,1.4506,en
801526,Darlings,2022,Comedy,6.921,70,1.5986,hi
848791,The Stranger,2022,Thriller|Crime|Drama,6.2,416,1.4915,en
607365,Kandisha,2022,Horror,6.216,37,2.2718,fr
799288,Snipers,2022,Drama|War,6.922,45,1.1696,zh
826769,Rosaline,2022,Romance|Drama|Comedy,7.106,334,1.3229,en
956564,Silent Parade,2022,Crime|Mystery,7.086,29,1.1852,ja
1028851,Beauty and the Beast: A 30th Celebration,2022,Family|Fantasy|Music|Romance|Animation,6.779,43,1.5189,en
886083,Deadstream,2022,Horror|Comedy|Fantasy,6.3,377,1.6157,en
1009255,The Influencer,2022,Thriller|Drama,5.3,10,2.0225,tl
1021968,Golden Delicious,2022,Drama|Romance,6.2,10,1.1814,en
854359,Sundown,2022,Drama,6.205,220,2.203,en
979163,Beyond Infinity: Buzz and the Journey to Lightyear,2022,Documentary,7.0,241,1.2439,en
846967,Usogui,2022,Mystery|Thriller,5.594,16,1.5162,ja
875279,One More Shot,2022,Action|Science Fiction,5.705,39,1.2313,zh
774301,American Murderer,2022,Crime|Drama,5.909,66,1.249,en
892527,King,2022,Adventure|Comedy|Family,6.372,187,1.0236,fr
1040263,Don't Leave,2022,Romance|Drama,5.4,34,1.3693,tr
884315,Terror on the Prairie,2022,Western|Action|Thriller,6.07,86,1.5397,en
858080,Sardar,2022,Thriller|Action,7.0,23,1.2844,ta
957492,Cypress Hill: Insane in the Brain,2022,Documentary|Music|Drama,6.8,12,1.1768,en
1024546,Detective Knight: Rogue,2022,Action|Crime|Thriller,6.029,189,1.5499,en
960875,The Chalk Line,2022,Horror|Mystery,6.409,386,1.1886,es
610363,The One,2022,Adventure|Thriller|Drama,6.642,134,1.1795,ru
1018403,Tom and Jerry: Snowman's Land,2022,Animation|Family|Comedy|Adventure,6.7,51,1.4846,en
888321,Corsage,2022,Drama|History,6.1,244,1.3509,de
934761,A Perfect Pairing,2022,Comedy|Romance,6.832,600,1.4574,en
944864,The Takeover,2022,Action|Crime|Thriller,5.731,206,1.3693,nl
957457,Moonage Daydream,2022,Documentary|Music,7.478,272,1.0495,en
969880,Bahebek,2022,Romance,6.0,11,1.1918,ar
680334,Vikrant Rona,2022,Thriller|Action|Mystery,6.047,32,1.0896,kn
832544,Stealing Raden Saleh,2022,Crime|Drama|Action,7.514,35,1.1936,id
941132,Man on the Edge,2022,Action|Crime|Thriller|Drama|Mystery,4.938,16,1.1783,cn
1011679,Shark Side of the Moon,2022,Action|Science Fiction|Thriller|Horror,5.037,163,1.2008,en
826953,Better Nate Than Ever,2022,Music|Family|Comedy,6.4,105,1.2972,en
849786,The Wandering Moon,2022,Drama,6.5,27,1.1087,ja
961722,Sidney,2022,Documentary,7.267,45,2.1847,en
947507,Just Super,2022,Animation|Family|Fantasy,5.708,24,2.2463,no
911645,Gehraiyaan,2022,Romance|Drama,5.579,38,1.236,hi
522925,Dalíland,2022,History|Drama,5.923,84,1.0355,en
919355,Dragon Knight,2022,Fantasy|Adventure|Action,6.266,64,1.0022,en
1005776,V/H/S/99,2022,Horror|Thriller,5.9,360,1.0433,en
846238,I Love America,2022,Comedy|Romance,5.1,80,1.0567,fr
913823,Fire of Love,2022,Documentary,7.534,250,1.1226,en
648457,DEEMO Memorial Keys,2022,Animation|Drama|Romance|Mystery|Fantasy,7.5,18,1.2476,ja
828947,Beavis and Butt-Head Do the Universe,2022,Animation|Comedy|Science Fiction,6.9,260,1.2356,en
921353,Wrong Place,2022,Action|Crime|Thriller|Drama,4.348,105,1.0164,en
928381,Restless,2022,Action|Thriller|Crime,6.1,416,1.696,fr
691214,Pacifiction,2022,Drama|Thriller,6.2,155,1.178,fr
987750,Inspector Sun and the Curse of the Black Widow,2022,Animation|Family|Comedy|Mystery,6.7,152,1.2774,es
838148,Murina,2022,Drama,6.472,72,2.3254,hr
807132,Blueback,2022,Family|Drama|Adventure,6.556,45,1.2415,en
893370,Virus: 32,2022,Horror,6.849,306,2.3857,es
928730,Small  Slow But Steady,2022,Drama,7.045,56,1.1958,ja
267805,There Are No Saints,2022,Action|Mystery|Thriller,5.2,121,1.1325,en
923597,Eraser: Reborn,2022,Action|Crime|Thriller,6.194,162,1.1774,en
747803,One Way,2022,Action|Crime|Thriller,5.752,141,1.5232,en
826942,Spin Me Round,2022,Romance|Comedy,4.893,121,1.0611,en
1059673,Avatar: The Deep Dive - A Special Edition of 20/20,2022,Documentary,7.22,93,1.223,en
923632,The Tinder Swindler,2022,Documentary|Crime,7.0,1110,1.2339,en
770724,L'immensità,2022,Drama,6.3,231,1.2629,it
968732,Ammu,2022,Drama,8.0,10,1.5,te
1005428,Sergio Leone: The Italian Who Invented America,2022,Documentary,7.35,70,1.3853,it
910365,The Conference,2022,History|War|Drama,6.677,130,1.1221,de
943822,Prizefighter: The Life of Jem Belcher,2022,History|Drama,6.16,210,1.352,en
913814,Brian and Charles,2022,Comedy|Drama|Science Fiction,6.309,175,1.1302,en
869025,Raymond & Ray,2022,Drama|Comedy,6.209,215,1.0261,en
879901,Beautiful Beings,2022,Drama,7.031,65,1.7892,is
1053630,Bugso,2022,Drama,4.9,10,0.9559,tl
871799,Pursuit,2022,Action|Crime|Thriller|Drama,5.1,73,1.1072,en
916740,Brazen,2022,Thriller|Mystery|Drama,4.83,409,1.3392,en
788734,Sick of Myself,2022,Comedy|Horror,7.17,410,1.0173,no
947938,Dolphin Boy,2022,Animation|Adventure|Fantasy|Comedy,6.3,83,1.1823,ru
665828,Bigbug,2022,Science Fiction|Comedy,5.277,471,1.3334,fr
542196,Wolf Hound,2022,War|Action,6.45,100,1.2993,en
617031,In Search of Tomorrow,2022,Documentary|Science Fiction,6.6,31,1.111,en
946127,Falcon Lake,2022,Drama|Romance|Mystery,7.0,135,1.1594,fr
790867,The Eternal Daughter,2022,Drama|Mystery,5.955,132,1.2254,en
939899,Staring at Strangers,2022,Drama|Thriller,6.4,84,1.214,es
702621,Lullaby,2022,Horror,5.296,93,1.2658,en
1026202,Giantess Battle Attack!,2022,Science Fiction|Comedy|Horror,5.4,25,1.3574,en
993145,Bullet Proof,2022,Action|Crime,5.329,73,1.1739,en
1002535,You've Got A Friend,2022,Romance|Drama,5.2,11,1.0525,ja
964943,Marvel Studios Assembled: The Making of Moon Knight,2022,Documentary,6.734,47,1.0488,en
894686,How to Please a Woman,2022,Romance|Comedy|Drama,6.224,49,1.3379,en
962664,Love Accidentally,2022,Comedy|Romance|Drama,5.986,37,1.0287,en
1006176,Eden,2022,Drama,6.5,14,1.1765,es
816494,Chariot,2022,Science Fiction|Thriller|Mystery,4.6,35,1.8923,en
982752,American Carnage,2022,Mystery|Thriller|Comedy|Horror,5.908,211,1.1576,en
810389,The Visitor from the Future,2022,Science Fiction|Comedy|Adventure,6.325,231,1.3031,fr
827689,Only Fools Rush In,2022,Romance|Action|Comedy|Drama,5.8,32,1.079,zh
799713,Dasvi,2022,Drama|Comedy,6.1,38,1.2309,hi
850018,Windfall,2022,Thriller|Crime|Drama,5.476,486,1.0814,en
983768,Black Warrant,2022,Action|Mystery|Thriller,5.525,60,1.4457,en
795774,All Eyes Off Me,2022,Drama,5.7,23,1.0246,he
934660,We Feed People,2022,Documentary,6.958,24,1.0057,en
841733,The Storied Life of A.J. Fikry,2022,Drama|Comedy|Romance,6.6,75,1.2635,en
931954,Venus,2022,Drama|Horror|Thriller,6.2,274,1.4593,es
616670,Life Is Beautiful,2022,Music|Drama|Romance,6.875,20,0.9877,ko
597845,Finnick,2022,Comedy|Adventure|Animation|Fantasy|Family,7.376,121,1.0595,ru
1003180,Inside the Mind of a Cat,2022,Documentary,7.231,270,0.7897,en
931140,Moon Crash,2022,Science Fiction,3.569,29,2.1797,en
931404,Boonie Bears: Back to Earth,2022,Animation|Family|Science Fiction|Adventure|Comedy,6.8,17,1.2011,zh
961327,The Violence Action,2022,Action|Crime|Adventure,6.048,52,1.0056,ja
892515,Masquerade,2022,Comedy|Crime|Drama|Romance,6.774,457,1.8724,fr
973608,Larva Pendant,2022,Comedy|Family|Animation,7.3,83,1.0034,ko
709716,The Lake,2022,Horror|Science Fiction|Thriller,6.0,116,1.0812,th
790142,The Royal Treatment,2022,Romance|Comedy,6.65,800,1.1856,en
1045343,Qorin,2022,Horror,4.333,15,1.0233,id
965737,McEnroe,2022,Documentary,6.0,25,0.9741,en
921655,Rescued by Ruby,2022,Family|Drama,7.485,365,1.0119,en
1012801,Barbie: Mermaid Power,2022,Animation|Family,6.584,77,1.1853,en
934131,Soft & Quiet,2022,Horror|Thriller,6.4,213,1.505,en
919609,ODDTAXI in the Woods,2022,Animation|Comedy|Mystery|Crime,6.3,22,0.9694,ja
681303,My Fairy Troublemaker,2022,Animation|Adventure|Comedy|Family|Fantasy,7.1,40,0.8011,de
1032950,Hellhole,2022,Horror|Mystery,6.147,378,1.5002,pl
844547,Taurus,2022,Drama|Music,5.865,37,1.0406,en
717090,Men of Plastic,2022,Comedy,5.5,25,1.1642,ko
766431,Hostile Territory,2022,Western|Action|Drama|History,6.9,109,2.0676,en
913991,Prison 77,2022,Drama,7.051,187,1.0499,es
644124,Dampyr,2022,Horror|Fantasy|Action,6.218,179,1.5369,it
795109,Catherine Called Birdy,2022,Adventure|Comedy,6.07,143,1.0968,en
783127,The Girl on a Bulldozer,2022,Mystery|Drama,7.1,27,1.278,ko
915960,Rabiye Kurnaz vs. George W. Bush,2022,Drama|History,6.198,58,0.9478,de
1041054,Freddy,2022,Romance|Thriller,6.941,51,0.9046,hi
1002780,Kamen Rider Geats × Revice: Movie Battle Royale,2022,Action|Science Fiction|Adventure|Drama,6.2,11,1.547,ja
765019,JugJugg Jeeyo,2022,Comedy|Drama,6.348,46,1.0362,hi
1015602,Welcome to the Club,2022,Animation|Comedy,6.307,199,1.282,en
969686,4 Horsemen: Apocalypse,2022,Science Fiction|Horror|TV Movie,5.974,133,1.1628,en
831920,What to Do With the Dead Kaiju?,2022,Comedy|Drama|Action|Romance,4.62,25,1.0258,ja
1035654,The Apology,2022,Thriller|Horror,5.826,86,0.9041,en
626129,The Anchor,2022,Thriller|Mystery|Horror,6.044,45,0.9472,ko
826680,The Railway Children Return,2022,Drama|Family|Adventure,6.5,264,1.1281,en
934756,Love in the Villa,2022,Romance|Comedy,6.005,394,1.1894,en
685691,BARDO  False Chronicle of a Handful of Truths,2022,Comedy|Drama,6.8,265,1.1889,es
862558,Ivy + Bean,2022,Family|Adventure|Comedy,6.667,12,1.0149,en
848526,Arsenault and Fils,2022,Thriller|Drama,6.6,29,1.6112,fr
792358,Jana Gana Mana,2022,Crime|Thriller|Drama,7.261,71,1.2835,ml
632702,Kira & El Gen,2022,Drama|History|Action,8.103,29,0.8808,ar
965653,Khuda Haafiz Chapter 2: Agni Pariksha,2022,Drama|Action|Romance,7.16,25,0.9275,hi
872170,Zero Contact,2022,Science Fiction|Thriller|Drama,4.0,30,1.0433,en
747779,One Fine Morning,2022,Romance|Drama,6.4,170,1.2616,fr
901454,Dirty Games,2022,Romance,4.25,20,1.3647,en
955569,Arthur: Malediction,2022,Horror|Thriller,3.364,133,0.8491,fr
668047,Press Play,2022,Music|Romance|Science Fiction,6.5,87,1.0122,en
925102,The Night of the 12th,2022,Crime|Mystery|Drama,6.942,774,1.1705,fr
573787,Kingmaker,2022,Drama|History,7.1,30,1.1271,ko
925779,Róise & Frank,2022,Drama|Family|Comedy,6.4,20,1.1628,ga
861072,Don't Make Me Go,2022,Drama,6.941,127,0.9755,en
880018,Mukundan Unni Associates™,2022,Crime|Comedy,7.712,33,0.9235,ml
583095,Funny Pages,2022,Comedy|Drama,5.693,83,1.023,en
772973,The Inhabitant,2022,Thriller|Horror|Mystery,5.937,127,1.0008,en
477462,The Twin,2022,Horror|Mystery,5.802,248,1.242,en
898308,Darby and the Dead,2022,Comedy|Fantasy|Drama,5.916,83,1.1322,en
982620,Maneater,2022,Mystery|Thriller|Horror,4.492,121,0.8582,en
776501,We're All Going to the World's Fair,2022,Horror|Drama,5.5,153,1.1495,en
808087,Mack & Rita,2022,Comedy|Fantasy|Drama,5.52,74,0.8417,en
579496,Call Jane,2022,Drama|History,6.51,205,1.1173,en
1022102,BTS: Permission to Dance on Stage - LA,2022,Music|Documentary,8.8,166,0.8136,ko
947890,The Ancestral,2022,Horror,6.4,60,1.2343,ru
1022145,Home Coming,2022,Drama|War,7.5,48,0.8639,zh
682401,Ek Villain Returns,2022,Action|Crime|Thriller,6.0,133,1.1508,hi
793992,Three Months,2022,Drama|Comedy,7.04,75,1.9817,en
913604,Renegades,2022,Action|Crime|Thriller,5.49,49,1.3277,en
682344,All Hail,2022,Comedy|Drama,6.422,122,1.0858,es
683363,Girl Picture,2022,Romance|Drama,6.59,78,1.0847,fi
785985,The Takedown,2022,Comedy|Action,6.058,513,0.9811,fr
881487,The Visitor,2022,Horror|Mystery,5.316,106,2.2405,en
857756,Eternal 831,2022,Animation|Drama|Adventure|Science Fiction,6.0,31,1.1069,ja
599019,Big Trip 2: Special Delivery,2022,Animation|Family|Adventure|Comedy,6.4,96,1.1371,ru
804725,Someday or One Day,2022,Mystery|Romance|Science Fiction|Fantasy,5.738,21,0.9094,zh
916423,Oink,2022,Animation|Family|Comedy,7.042,48,1.4843,nl
803700,The Eight Mountains,2022,Drama,7.6,838,1.2433,it
756681,Veneciafrenia,2022,Horror,6.01,247,2.0615,es
1034470,Barbie: Epic Road Trip,2022,Comedy|Family|Animation,6.6,34,1.0398,en
872542,Agent Game,2022,Action|Thriller,5.009,117,1.5488,en
862618,Kaapa,2022,Crime|Action|Drama,4.7,10,0.7609,ml
934641,The Minute You Wake Up Dead,2022,Thriller|Crime|Drama,5.272,127,1.173,en
1017794,Deep Sea Mutant Snake,2022,Action|Adventure|Fantasy|Thriller|Horror,6.844,45,1.2694,zh
1062839,2025 Armageddon,2022,Science Fiction|Action|Horror|TV Movie,5.0,15,1.3564,en
804413,The Munsters,2022,Comedy|Fantasy,5.6,269,0.9241,en
718919,The Deal,2022,Science Fiction|Thriller,5.833,30,1.0412,en
717151,The Phantom of the Open,2022,Drama|Comedy,6.8,130,1.4804,en
945657,Titanic 666,2022,Mystery|Thriller|Horror,5.5,198,0.9477,en
848298,Noise,2022,Drama|Thriller|Crime,5.9,14,0.9376,ja
993867,Eradication,2022,Horror|Thriller,6.081,179,1.1969,en
855397,Etharkkum Thunindhavan,2022,Action|Drama|Family,5.833,39,1.0437,ta
776717,Wild Men,2022,Comedy|Crime|Drama,6.1,104,1.0958,da
1015595,Marvel Studios Assembled: The Making of Thor: Love and Thunder,2022,Documentary,6.904,47,1.0718,en
828434,#FBF,2022,Drama,6.2,19,0.8918,en
762006,The Lost Girls,2022,Drama|Fantasy,5.0,27,1.2041,en
860852,Tyson's Run,2022,Drama,7.733,144,1.1129,en
879128,Ela Veezha Poonchira,2022,Crime|Thriller|Mystery,7.083,18,0.9741,ml
934772,Ranga Ranga Vaibhavanga,2022,Romance|Comedy|Drama,4.5,18,0.9713,te
869855,Hazard,2022,Action|Comedy,5.6,41,2.0978,nl
926378,#Unknown,2022,Horror|Thriller,3.9,10,1.3673,en
953553,Gabriel's Rapture: Part II,2022,Romance,8.108,102,1.2917,en
864959,The Curse of Bridge Hollow,2022,Comedy|Horror,6.531,511,1.1791,en
1058732,"The Simpsons Meet the Bocellis in ""Feliz Navidad""",2022,Animation|Family|Comedy,5.759,83,1.1399,en
957258,What Is a Woman?,2022,Documentary,6.856,261,1.0225,en
728366,Borrego,2022,Crime|Thriller,5.913,115,1.1778,en
680071,Vanishing,2022,Thriller|Crime,6.463,67,1.0452,ko
824281,Easter Sunday,2022,Comedy,5.781,48,1.0853,en
985305,Dirty Daddy: The Bob Saget Tribute,2022,Comedy|Documentary,4.9,19,0.89,en
959558,Moloch,2022,Horror|Mystery|Thriller,6.014,180,0.8717,nl
629322,I Want to Know Your Parents,2022,Drama|Mystery,7.0,13,1.0845,ko
607145,Rocketry: The Nambi Effect,2022,Drama|History,7.667,60,0.9976,ta
939575,Love  Classified,2022,TV Movie|Comedy|Romance|Drama,6.6,64,0.9661,en
831410,Bring It On: Cheer Or Die,2022,Comedy|Horror,5.582,134,1.1123,en
910778,The Wedding Veil Legacy,2022,TV Movie|Comedy|Romance,7.382,34,0.8565,en
770684,The Retaliators,2022,Horror|Thriller|Action,5.7,71,1.073,en
928015,Dracula: The Original Living Vampire,2022,Horror|Fantasy|Thriller,5.075,113,1.1457,en
1010819,The Little Guy,2022,Animation|Family|Comedy|Science Fiction,7.319,287,1.1713,en
968438,Love & Gelato,2022,Romance|Comedy|Drama,5.391,239,1.3199,en
1013228,I Used to Be Famous,2022,Comedy|Drama|Music,6.966,222,1.0947,en
865767,Blue Thermal,2022,Animation|Drama|Romance|Comedy,6.7,21,1.0774,ja
1022811,Battlefield: Fall of The World,2022,Action|Science Fiction,6.08,44,0.9368,zh
936490,A Hundred Flowers,2022,Drama,7.0,14,0.7051,ja
914203,Tori and Lokita,2022,Drama,6.8,92,0.8609,fr
1016753,Werner Herzog: Radical Dreamer,2022,Documentary,7.9,14,1.1931,de
750466,Wonderfully Beautiful,2022,Drama|Comedy|Romance,7.4,124,1.0879,de
799375,Stutz,2022,Documentary,7.462,213,0.9344,en
601188,Between Two Worlds,2022,Drama,6.893,164,1.4254,fr
1026208,Marvel Studios Assembled: The Making of She-Hulk: Attorney at Law,2022,Documentary,6.579,57,0.9944,en
863931,GodFather,2022,Action|Drama,5.9,18,1.1605,te
973211,Polar Rescue,2022,Adventure|Drama|Thriller,5.5,18,0.9181,zh
606303,No Way Out,2022,Thriller|Crime|Action,5.6,49,0.8825,en
818612,Wedding Season,2022,Romance|Comedy,6.243,241,1.0747,en
980083,Top Gunner: Danger Zone,2022,Action,5.988,40,0.903,en
916735,Mid-Century,2022,Horror|Thriller|Drama|Mystery,4.539,38,1.4721,en
716532,Mr Malcolm's List,2022,Romance|Comedy|Drama,5.8,116,1.126,en
1059301,Guillermo del Toro's Pinocchio: Handcarved Cinema,2022,Documentary,7.492,64,0.8501,en
981588,The No Man Zone. The Movie,2022,Comedy|Science Fiction,6.2,36,1.0049,ru
879990,God's Country,2022,Mystery|Thriller|Western|Drama,5.6,102,0.8403,en
654895,Run to You,2022,Comedy|Romance,6.8,389,0.9301,it
929633,"Ordinary Men: The ""Forgotten Holocaust""",2022,Documentary|History,7.436,47,1.0456,de
950063,The Devil You Know,2022,Thriller|Drama|Crime,6.732,41,1.0364,en
1024535,Matriarch,2022,Horror,4.824,136,1.6882,en
939210,Blue's Big City Adventure,2022,Family|Music|Comedy|Adventure|Animation,7.159,113,1.0457,en
833417,Full Time,2022,Drama,7.023,331,0.827,fr
606237,Unplugging,2022,Comedy,4.872,39,1.5564,en
850297,Pamfir,2022,Drama|Crime,7.2,78,0.9891,uk
929340,A Christmas Story Christmas,2022,Comedy|Family,6.4,163,1.3421,en
730167,The Reef: Stalked,2022,Horror|Thriller,5.4,268,0.8271,en
934419,Qala,2022,Drama|Music,6.663,40,0.9649,hi
852438,Final Cut,2022,Horror|Comedy,6.712,472,0.9269,fr
783461,Looop Lapeta,2022,Action|Comedy|Crime,6.1,67,0.9258,hi
927068,The Dependent Variables,2022,Drama,5.6,12,0.944,it
894762,Karthikeya 2,2022,Mystery|Adventure|Thriller|Action,6.18,25,0.7922,te
975088,Norm Macdonald: Nothing Special,2022,Comedy|Documentary,6.688,48,1.0351,en
860860,Private Property,2022,Drama|Thriller|Crime,4.6,51,0.9405,en
980128,The Killing Tree,2022,Horror|Comedy,3.7,31,0.9059,en
894758,18 Pages,2022,Romance,5.6,12,0.9284,te
922562,Nightshade,2022,Mystery|Thriller|Horror|Crime,4.8,10,1.695,en
852427,Kompromat,2022,Thriller|Drama,6.332,282,1.0192,fr
987507,Bad City,2022,Action|Crime,6.855,86,1.1241,ja
820697,The Five Devils,2022,Drama|Fantasy|Romance,6.719,224,0.9416,fr
928747,Nest,2022,Drama|Documentary,6.7,31,1.1632,is
944664,Without Saying Goodbye,2022,Comedy|Romance,7.118,161,1.1072,es
851783,Vikram Vedha,2022,Action|Crime|Thriller,6.685,46,0.8534,hi
901358,Tchaikovsky's Wife,2022,Drama|History,6.149,77,0.8614,ru
1013577,"""Sr.""",2022,Documentary,6.927,62,0.8658,en
1023994,Aníkúlápó,2022,Drama|Fantasy,7.105,43,1.604,en
920394,My Father's Violin,2022,Drama|Music,7.882,339,0.9954,tr
936061,Under Wraps 2,2022,Family|Comedy|Fantasy|TV Movie,6.347,59,0.9835,en
961769,Catering Christmas,2022,TV Movie|Comedy|Romance,6.316,147,0.9489,en
960275,Maestro(s),2022,Music|Drama|Comedy,5.8,58,1.0499,fr
926612,Hugas,2022,Thriller|Romance|Crime|Drama,4.9,15,0.9049,tl
983526,Leave,2022,Horror|Thriller,5.621,87,1.9911,no
974782,OMG! Oh My Girl,2022,Romance|Comedy,6.6,37,0.961,th
865559,Your Christmas or Mine?,2022,Comedy|Romance,6.384,206,0.9242,en
846528,Family Camp,2022,Comedy|Family|Fantasy,5.273,44,1.6783,en
928204,Champagne !,2022,Comedy,5.2,102,2.1239,fr
852830,Torn Hearts,2022,Horror|Thriller,5.735,81,0.8065,en
988253,Day Zero,2022,Horror|Action,6.741,29,1.8739,tl
951470,Silverton Siege,2022,Action|Crime|Drama,6.281,153,0.7265,en
792775,Cop Secret,2022,Comedy|Action|Thriller,6.027,93,1.4423,is
999104,Big Sky River,2022,TV Movie|Comedy|Romance|Drama,6.802,53,0.9869,en
790386,Save the Cinema,2022,Drama|Comedy,6.2,24,0.9399,en
1067513,Mojin: Return to the South China Sea,2022,Action|Adventure|Mystery|TV Movie,5.727,33,1.3865,zh
816952,My Best Friend's Exorcism,2022,Horror|Comedy,5.8,247,0.9503,en
1010820,Groot's Pursuit,2022,Animation|Family|Comedy|Science Fiction,7.102,283,0.9428,en
610321,The Policeman's Lineage,2022,Crime,6.6,38,1.0674,ko
928769,AI Love You,2022,Romance|Science Fiction|Drama,6.216,67,1.2129,th
638985,KKN: Curse of the Dancing Village,2022,Horror|Mystery|Thriller,5.8,35,1.006,id
1033219,Attack on Titan,2022,Science Fiction|Action|TV Movie,6.0,177,1.0748,en
918044,Winter Boy,2022,Drama,6.7,99,1.0798,fr
1028725,Mutant: Ghost War Girl,2022,Science Fiction|Action,5.404,57,1.0497,zh
812025,The Silent Twins,2022,Drama,6.6,67,1.1974,en
806920,DSP,2022,Action|Drama,6.2,63,0.7202,ta
827991,Hilma,2022,Drama|History,5.2,24,1.003,sv
920772,Coma,2022,Drama|Fantasy,5.776,29,1.565,fr
801803,Moon Man,2022,Science Fiction|Comedy|Drama,6.8,108,0.9133,zh
675054,MexZombies,2022,Horror|Action|Comedy,7.0,160,1.0056,es
904689,Missing Home,2022,Drama|Comedy|Family,7.925,20,0.7014,id
768447,Motherly,2022,Thriller|Horror,6.016,61,0.9931,en
754158,Hui Buh and the Witch's Castle,2022,Family|Fantasy|Adventure|Comedy|Animation,5.6,37,0.942,de
1027385,Dangerous Game: The Legacy Murders,2022,Thriller|Horror,6.043,115,1.1278,en
1014566,Bruiser,2022,Drama,6.3,31,1.1554,en
734969,The Brightest Roof in the Universe,2022,Drama|Fantasy,7.5,11,0.768,ja
679919,Acharya,2022,Action|Drama,4.1,22,1.087,te
975120,Padre no hay más que uno 3,2022,Comedy|Family,7.5,274,0.8998,es
793961,Rubikon,2022,Science Fiction|Thriller|Drama,5.333,165,0.9939,de
879440,The Invisible Thread,2022,Family|Drama|Comedy,6.6,190,0.8492,it
1051909,Reno 911!: It's a Wonderful Heist,2022,Comedy|Fantasy|Crime|TV Movie,5.725,40,0.9227,en
800425,Ray Donovan: The Movie,2022,Crime|Drama|TV Movie,6.804,227,0.934,en
869886,A Man,2022,Drama|Thriller|Mystery,7.1,77,1.0698,ja
908762,My Fake Boyfriend,2022,Comedy|Romance,5.868,155,1.2009,en
729454,Don't Fuck in the Woods 2,2022,Horror,4.2,22,0.8702,en
696357,Pinky,2022,Fantasy,5.6,11,0.7224,en
964426,Gold Run,2022,War|Thriller|Drama,6.496,141,1.5898,no
628802,In Our Prime,2022,Drama,8.0,58,0.8584,ko
950379,Fucking Bornholm,2022,Drama,5.1,28,0.8418,pl
993234,Borders of Love,2022,Drama|Romance,5.829,38,1.5161,cs
852485,She Will,2022,Drama|Horror,4.752,109,0.9168,en
775400,A Banquet,2022,Horror,4.257,35,0.8296,en
673271,13: The Musical,2022,Family|Drama|Comedy,6.0,43,0.9207,en
962486,Desert Shadows,2022,Horror,3.2,13,1.7362,en
974188,The Time Capsule,2022,Drama|Romance|Science Fiction,5.907,27,0.8492,en
851972,Swallowed,2022,Thriller|Horror,5.716,74,0.8368,en
1014676,Ivy + Bean: The Ghost That Had to Go,2022,Family|Comedy,6.8,14,0.927,en
831728,Snotty Boy,2022,Animation,6.483,29,1.0985,de
939892,Monkey Business,2022,Comedy|Drama,5.458,36,1.5012,es
944946,A Royal Runaway Romance,2022,TV Movie|Comedy|Romance|Drama,7.264,55,0.9453,en
818893,Infiltration,2022,War|Drama,7.58,75,1.0126,ru
945897,A Man of Action,2022,Drama|History,6.385,126,1.0091,es
937895,Obsessed,2022,Thriller|Drama,3.771,35,0.8277,ru
803694,Other People's Children,2022,Drama|Comedy,6.7,241,0.8643,fr
828378,Pada,2022,Crime|Thriller|Drama,7.025,20,0.7789,ml
804251,Alcarràs,2022,Drama,6.744,232,2.0706,ca
911345,Viking,2022,Drama|Comedy|Fantasy|Science Fiction,5.531,32,1.9428,fr
877619,The Moderator,2022,Action|Thriller|Drama,4.42,50,0.9761,en
1026836,The Unholy,2022,Action|Drama|Fantasy|Horror|Thriller,6.4,18,0.8501,id
566805,Mad Heidi,2022,Action|Adventure|Comedy|Fantasy|Horror,5.747,255,1.0555,en
878976,Just Remembering,2022,Drama|Romance,6.767,43,1.1008,ja
892835,Book of Love,2022,Comedy|Romance|Drama,5.6,136,0.8614,en
915931,Revoir Paris,2022,Drama,7.1,346,1.078,fr
998999,Adeline,2022,Drama,6.8,10,0.6531,en
732684,Raiders of the Lost Library,2022,Action|Adventure,6.025,80,0.8405,ru
820880,Aisha,2022,Drama,6.0,24,1.9799,en
1000197,The Hidden Fox,2022,Action|Fantasy,6.0,13,0.9405,zh
657826,Earwig,2022,Drama|Fantasy|Horror,5.581,68,1.7378,en
756942,Adopting Audrey,2022,Drama,4.8,11,1.4512,en
697799,WarHunt,2022,Action|Horror|Thriller|War|Fantasy,4.98,102,0.9737,en
1003849,Cerebrum,2022,Horror,5.5,15,1.5478,en
987912,Blackwood,2022,Horror|Western,4.357,14,0.764,en
888097,Slayers,2022,Horror|Comedy|Fantasy,4.0,95,1.4715,en
811945,HIT: The 2nd Case,2022,Crime|Thriller|Action,6.889,45,1.412,te
1034337,The Lost Lotteries,2022,Crime|Comedy,6.714,28,1.3005,th
790525,Forever Out of My League,2022,Romance|Comedy,6.0,123,0.7464,it
1005251,The Sparring Partner,2022,Crime|Drama,7.17,47,1.2218,cn
979251,The Kangaroo Conspiracy,2022,Comedy,6.057,44,1.0189,de
983783,Maid in Malacañang,2022,Drama,3.9,11,0.7715,tl
613703,Kadaisi Vivasayi,2022,Drama,8.6,22,1.3515,ta
1033052,The Mean One,2022,Horror|Comedy,6.144,104,0.8293,en
968967,A Farewell to Ozark,2022,Documentary,6.614,22,0.9095,en
928720,Return to Dust,2022,Drama|Romance,7.3,201,0.8125,zh
962697,Our Father,2022,Documentary|Crime,6.488,208,0.8234,en
1166741,Galileo: Forbidden Sorcery,2022,TV Movie|Mystery|Crime,7.8,10,0.6709,ja
740937,Simone: Woman of the Century,2022,Drama|History,7.892,381,0.9424,fr
1051785,Hugo Sánchez  the Goal and the Glory,2022,Documentary|History,7.267,15,1.1508,es
1028556,Haul Out the Holly,2022,TV Movie|Comedy|Drama|Romance,6.064,102,0.6917,en
964822,The Drop,2022,Comedy,4.3,20,0.8109,en
953300,The Mystery of Marilyn Monroe: The Unheard Tapes,2022,Documentary,6.329,152,0.9724,en
1031206,Cursed Friends,2022,Comedy|Horror,4.9,35,0.793,en
669653,The Bohemian,2022,Drama|History,6.1,55,2.0706,cs
890526,Lesson in Murder,2022,Mystery|Drama|Crime,7.5,17,0.9676,ja
846789,Safe Room,2022,TV Movie|Thriller,5.9,12,0.7455,en
587092,Unicorn Wars,2022,Action|Animation|Fantasy|Horror|War,7.717,226,1.2803,es
826113,Alone Together,2022,Romance|Drama,5.1,59,0.7539,en
845605,Burn All My Letters,2022,Drama|History,5.5,14,0.7839,sv
862946,Saakini Daakini,2022,Action|Adventure|Comedy,5.7,14,0.9227,te
1003995,Enfermo Amor,2022,Comedy|Romance|Drama,6.9,43,1.9354,es
955971,Honeymoon with My Mother,2022,Comedy,6.295,171,0.7337,es
680829,Master,2022,Horror|Drama|Mystery,5.2,132,0.9398,en
950082,Palthu Janwar,2022,Drama|Comedy,6.909,11,0.8802,ml
821133,HollyBlood,2022,Comedy|Fantasy|Romance,5.281,96,0.8146,es
1004663,All the Beauty and the Bloodshed,2022,Documentary,7.169,163,0.8363,en
650030,The Execution,2022,Thriller|Crime|Mystery,6.26,75,0.719,ru
1005342,Running with the Devil: The Wild World of John McAfee,2022,Documentary|Crime,6.303,76,0.5256,en
852696,Immanence,2022,Horror|Thriller|Drama|Science Fiction,4.6,28,0.7965,en
380097,I'm Charlie Walker,2022,Drama,5.0,10,0.6742,en
913845,Nothing Compares,2022,Documentary|Music,7.713,54,0.7693,en
785980,The Colors of Fire,2022,History|Drama,6.776,165,0.8694,fr
936960,Christmas with You,2022,Romance|Comedy,5.8,240,0.8445,en
1002258,The Ghost Writer,2022,Thriller|Horror,6.348,23,0.5451,en
952438,The Fish Tale,2022,Drama|Comedy,7.7,23,0.8238,ja
931461,American Dreamer,2022,Comedy,5.9,76,1.3057,en
844404,Sam & Kate,2022,Comedy|Drama|Romance,6.282,71,0.9249,en
715370,Burial,2022,Thriller|War|Horror,5.393,56,1.2275,en
874355,Gone in the Night,2022,Mystery|Thriller,5.568,155,0.7906,en
956757,Cuttputlli,2022,Crime|Mystery|Thriller,5.889,27,1.0115,hi
933886,Two Plus Two,2022,Comedy,6.5,45,0.7819,es
860854,Bromates,2022,Comedy,4.809,34,0.7459,en
935999,Hounded,2022,Horror|Thriller|Action|Mystery|Crime|Drama,5.262,63,0.8934,en
996581,Raven's Hollow,2022,Mystery|Thriller|Horror,5.4,62,1.0133,en
757999,Beautiful Minds,2022,Comedy|Drama,7.3,167,0.7856,fr
1075969,Moonrise,2022,Drama|Music|Family,6.2,14,0.7389,en
1022100,Andor: A Disney+ Day Special Look,2022,Documentary|Science Fiction,7.4,24,0.8677,en
1018814,Post Modern Minion,2022,Animation|Family,6.7,10,0.7496,en
937315,Avataro Sentai Donbrothers The Movie: New First Love Hero,2022,Action|Adventure|Fantasy|Science Fiction|Family,6.531,16,0.8966,ja
955001,Winona Ryder: The Ghosts She Called,2022,Documentary,7.7,13,0.7094,de
1001925,Collide,2022,Drama|Thriller|Mystery,4.838,37,0.8566,en
1028493,Legacy Peak,2022,Adventure|Family,5.239,23,0.734,en
811211,The Young Lovers,2022,Romance|Drama,6.4,99,0.9752,fr
957461,Chile '76,2022,Drama,6.962,52,1.2489,es
1019239,The Punishment,2022,Drama,6.714,21,0.8637,es
662244,Fantastic Beasts: A Natural History,2022,Documentary,7.1,43,0.957,en
994702,The Most Dangerous Game,2022,Thriller,4.4,21,0.9672,en
889741,Fast & Feel Love,2022,Comedy|Romance|Action|Drama,6.721,34,0.9826,th
833326,Zero Fucks Given,2022,Drama|Comedy,6.315,451,0.9507,fr
926946,School of Magical Animals 2,2022,Family|Adventure|Fantasy,6.424,46,0.7323,de
717133,Hit Big,2022,Crime|Comedy|Drama,5.636,11,0.7783,fi
926908,Theaters of War,2022,Documentary,7.5,11,0.8895,en
1006917,The Lost Patient,2022,Thriller|Mystery|TV Movie|Drama,5.883,120,0.7451,fr
949640,The Greatest Inheritance,2022,Drama|Comedy,5.5,23,0.9468,en
870671,The Hunting,2022,Horror,5.7,81,0.8853,en
700145,Whisper of the Heart,2022,Drama|Romance,6.2,12,0.7598,ja
955740,Dakota,2022,Family|Adventure|Drama,6.081,37,0.9405,en
860609,Silent Land,2022,Drama|Romance,4.9,13,1.8063,pl
801320,Shriekshow,2022,Horror,3.0,10,1.9418,en
1014644,I Am What I Am,2022,Drama,7.344,16,0.7467,ja
974691,South Park the Streaming Wars,2022,Animation|Comedy|TV Movie,7.17,283,0.7617,en
795276,Honest Candidate 2,2022,Comedy,6.3,15,0.9661,ko
928999,Desperate Riders,2022,Western|Action|Drama,5.682,66,1.3149,en
978278,When the Mist Clears,2022,Drama|Romance,5.1,16,0.8457,en
953233,The Taming of the Shrewd,2022,Romance|Comedy,5.417,120,0.7746,pl
1032517,A Royal Christmas on Ice,2022,TV Movie|Comedy|Drama|Romance,5.7,23,1.0101,en
959439,Kisaragi Station,2022,Horror,6.19,21,1.0926,ja
910782,Chiara,2022,Drama,5.4,40,0.6656,it
894489,Kamen Rider OOO 10th: The Core Medals of Resurrection,2022,Action|Science Fiction|Fantasy|Drama|Comedy,6.1,11,0.9577,ja
1010730,Beauty and the Billionaire,2022,TV Movie|Romance|Comedy,6.976,41,0.7382,en
659924,Loveland,2022,Science Fiction|Romance|Thriller,4.4,27,0.7444,en
1050266,Who Killed Santa? A Murderville Murder Mystery,2022,Comedy|Crime|TV Movie,5.947,95,1.1539,en
959163,Gatta Kusthi,2022,Comedy|Drama|Family,5.9,28,0.7576,ta
766116,Runway 34,2022,Thriller|Drama,6.418,61,0.9122,hi
1006954,A Dangerous Affair,2022,Thriller|TV Movie,5.8,12,1.1162,en
640265,The Sky Is Everywhere,2022,Drama|Romance|Music,5.8,90,0.8029,en
949580,Snoopy Presents: It's the Small Things  Charlie Brown,2022,Animation|Family,7.3,50,0.9371,en
1026563,13 Exorcisms,2022,Drama|Horror,5.9,188,0.7264,es
860155,Summering,2022,Drama,4.6,23,1.1064,en
946327,Trust No One: The Hunt for the Crypto King,2022,Documentary|Crime,6.083,120,0.9005,en
1019836,Christmas Bloody Christmas,2022,Horror,5.4,238,0.8174,en
671109,Neptune Frost,2022,Drama|Science Fiction|Music|Fantasy,5.8,33,0.7173,rw
962558,Leila's Brothers,2022,Drama,7.582,159,0.9615,fa
973737,Bungo Stray Dogs the Movie: BEAST,2022,Action|Crime|Fantasy,8.8,10,0.957,ja
974604,Terror Train,2022,Horror,4.2,45,1.0437,en
1027944,Lost Love,2022,Drama|Family,7.5,11,0.5958,cn
939914,Glorious,2022,Horror|Fantasy|Comedy,5.821,201,0.7599,en
967937,Their Uncle,2022,Action|Comedy,6.2,17,0.9274,ar
793032,Cobra,2022,Action|Thriller,5.593,27,0.6777,ta
1052918,New Year's Eve,2022,Comedy,5.266,32,1.2862,tr
1017138,[REC]: Horror Without Pause,2022,Documentary,6.9,22,0.9831,es
1012352,Bodyguard Seduction,2022,Thriller|Mystery|TV Movie,5.2,10,0.8742,en
940175,A Tale of Two Guns,2022,Western,5.912,34,0.7814,en
854467,Indemnity,2022,Action|Thriller|Crime,6.644,101,0.7596,en
916401,Watch the Skies,2022,Science Fiction|Adventure,6.139,144,0.9618,sv
734442,Miss Willoughby and the Haunted Bookshop,2022,Mystery|Crime,4.8,20,0.8639,en
745608,Employee of the Month,2022,Comedy,6.0,280,1.9512,fr
484907,Homebound,2022,Mystery|Thriller|Drama|Horror,4.105,38,0.8289,en
667642,Beauty,2022,Romance|Drama|Music,4.8,34,0.8233,en
869399,The Passenger,2022,Horror|Comedy|Science Fiction,5.8,73,1.5665,es
828586,The Sex of Angels,2022,Comedy,5.342,114,0.93,it
785037,Montana Story,2022,Drama|Western,5.9,45,0.9924,en
1050281,Elton John Live: Farewell from Dodger Stadium,2022,Music,7.5,27,0.9262,en
874476,Missing,2022,Thriller|Mystery|Drama|Crime,7.1,38,0.7407,ja
929326,Vanished: Searching for My Sister,2022,TV Movie|Mystery|Thriller|Drama,6.2,16,0.7566,en
901511,2nd Chance,2022,Documentary|History,6.5,11,1.8181,en
816956,Dig,2022,Mystery|Thriller,4.909,44,0.7853,en
947612,Exploited,2022,Thriller|Horror|Mystery,4.203,37,0.6987,en
1047902,Masooda,2022,Horror|Drama,6.8,10,0.9425,te
924307,Tangled,2022,Comedy|Romance,6.625,16,1.9003,en
848198,Gentleman,2022,Action|Crime,5.9,25,0.8671,ko
971961,Gabriel's Rapture: Part III,2022,Romance,7.853,139,1.2779,en
788977,Cairo Conspiracy,2022,Thriller,6.75,286,0.9641,fr
952374,The Aviary,2022,Thriller|Drama,5.3,42,0.7816,en
864866,The Road Dance,2022,Drama,6.663,49,0.7456,en
993729,South Park the Streaming Wars Part 2,2022,Animation|Comedy|TV Movie,7.049,195,0.8373,en
942892,1-800-Hot-Nite,2022,Comedy|Drama|Thriller,4.9,12,0.6224,en
1036996,Director by Night,2022,Documentary,6.4,22,0.8251,en
769636,Code Name: Emperor,2022,Drama|Thriller,5.841,179,1.0343,es
768757,Both Sides of the Blade,2022,Drama|Romance,5.581,105,1.0445,fr
928713,The Novelist's Film,2022,Drama,6.542,48,1.0274,ko
1014386,Jogi,2022,Crime|Drama,7.031,16,0.9245,hi
923403,The Beatles: Get Back - The Rooftop Concert,2022,Music|Documentary,8.0,44,0.7817,en
755045,Cirkus,2022,Comedy|Drama,3.7,17,1.1133,hi
957445,Fallen Angels Murder Club: Friends to Die For,2022,Mystery|Thriller|TV Movie|Crime|Drama,5.813,16,0.5567,en
811596,Notre-Dame on Fire,2022,Drama|Thriller,6.6,291,0.6582,fr
933357,UFO,2022,Drama|Romance,6.1,53,0.7872,tr
893364,Belle and Sebastian: Next Generation,2022,Adventure|Family|Drama,5.856,45,0.9599,fr
1118403,The Chair,2022,Horror,6.7,37,0.7185,en
871547,The Honeymoon,2022,Comedy,4.721,34,0.808,en
825672,Asking For It,2022,Action|Thriller|Drama,4.742,31,0.7845,en
952217,King Tweety,2022,Animation|Comedy|Family|Adventure|Fantasy|Mystery,6.707,92,0.8193,en
940075,Embrace the Panda: Making Turning Red,2022,Documentary,6.8,41,0.6626,en
883125,Chup,2022,Crime|Thriller,6.63,46,0.7531,hi
1024433,This Place Rules,2022,Documentary,6.955,77,0.7484,en
927594,Love Life,2022,Drama,7.2,103,1.0731,ja
1026822,Cici,2022,Drama,6.292,48,0.6823,tr
986966,He's Not Worth Dying For,2022,Mystery|Drama|TV Movie,7.5,11,0.6394,en
961381,Offbeat Cops,2022,Action,6.5,11,0.6502,ja
858015,Dashcam,2022,Horror,4.926,128,0.7479,en
919873,Arctic Void,2022,Science Fiction|Thriller|Horror|Drama|Mystery,5.027,73,0.8553,en
661605,Undercover,2022,Crime|Drama,4.878,119,0.9046,fr
851800,Table for Six,2022,Comedy|Family|Romance,6.83,44,0.7263,cn
624798,Big Gold Brick,2022,Comedy|Drama|Fantasy,4.9,43,0.9275,en
962571,Joyland,2022,Romance|Drama,7.4,158,0.9106,ur
807862,Peter von Kant,2022,Drama|Romance,5.731,106,0.6892,fr
925098,Wild Seas,2022,Drama|Romance,5.851,57,0.9299,fr
589764,Once In The Desert,2022,War|Drama,6.966,29,1.1941,ru
602464,Hero,2022,Drama|History|Action,6.6,19,0.851,ko
1032412,Snow Day,2022,TV Movie|Family|Comedy|Music,6.44,25,0.7642,en
812320,Slapface,2022,Horror|Thriller,5.992,65,2.8103,en
994441,Summit Fever,2022,Thriller,5.481,79,0.8839,en
908397,Mili,2022,Thriller,6.421,19,1.2863,hi
852252,The Accursed,2022,Horror,5.243,70,1.0026,en
874705,Ash & Dust,2022,Crime|Thriller,5.2,34,0.8923,en
773820,Hello Beautiful,2022,Comedy,5.558,155,1.1722,it
1031827,The Wonderful Autumn of Mickey Mouse,2022,Animation|Family|Adventure,6.738,21,0.7983,en
1013572,Is That Black Enough for You?!?,2022,Documentary,6.2,36,0.8246,en
1023313,The Exorcist,2022,Horror,6.265,119,0.8397,es
998282,Tahan,2022,Drama|Thriller,4.5,12,0.9244,tl
1018829,Pig Killer,2022,Horror|Crime|Mystery,4.972,36,1.8172,en
946726,In Good Hands,2022,Drama|Comedy|Romance,6.6,155,0.6926,tr
513305,A New Old Play,2022,Drama|History,7.4,33,0.599,zh
922539,Deadly Infidelity,2022,TV Movie|Thriller|Romance|Mystery,7.2,22,1.9756,en
552322,The Huntress: Rune of the Dead,2022,Horror|Adventure,5.3,18,0.8347,en
731684,Air Murder,2022,Drama|Mystery,7.3,31,0.7208,ko
923837,One Day  You Will Reach the Sea,2022,Drama,7.0,22,0.8282,ja
845140,Kitchen Brigade,2022,Comedy|Drama,6.38,163,1.2935,fr
778625,Doctor G,2022,Comedy|Drama,6.115,52,0.792,hi
919573,The Innocent,2022,Comedy|Crime|Romance,6.737,373,0.788,fr
799883,Hollywood Stargirl,2022,Comedy|Romance|Music,6.6,63,0.811,en
1007962,The Post-Truth World,2022,Crime|Mystery|Drama,6.1,26,0.6621,zh
1022128,Don't Look at the Demon,2022,Horror,6.798,89,0.8049,en
586352,How to Save the Immortal,2022,Animation|Comedy|Adventure|Fantasy|Romance|Family,7.1,28,0.7501,ru
925341,The Path,2022,Family|History|Drama,6.815,27,0.9055,de
973579,Gargi,2022,Drama|Thriller,7.274,31,0.8619,ta
1032664,The Winter Witch,2022,Horror,3.857,14,0.8152,en
859585,Toscana,2022,Comedy|Romance|Drama,5.861,209,0.7605,da
961257,Phases of the Moon,2022,Drama|Fantasy|Romance,7.6,15,0.9926,ja
1038627,Christmas on Mistletoe Farm,2022,Family|Comedy,5.159,66,0.7674,en
963806,Detective Conan: Love Story at Police Headquarters ~Wedding Eve~,2022,Drama|Crime|Animation,6.5,10,0.9181,ja
660715,After Blue (Dirty Paradise),2022,Science Fiction|Fantasy|Western,5.4,63,0.5241,fr
1037929,Mickey Saves Christmas,2022,Animation|Family|TV Movie|Comedy,7.4,51,0.7774,en
934559,Christmas with the Campbells,2022,Comedy|Romance,5.555,55,0.7458,en
947219,Ernest & Celestine: A Trip to Gibberitia,2022,Animation|Family|Music|Adventure,7.2,43,0.811,fr
684006,Fisherman's Friends: One and All,2022,Comedy|Drama|Music,6.5,32,0.9519,en
940612,Caught in His Web,2022,Drama|Thriller|TV Movie|Mystery,6.7,21,0.633,en
927070,Polar Bear,2022,Documentary|Family,7.211,64,0.8586,en
873125,Robbing Mussolini,2022,Action|Crime|Comedy,5.6,258,0.7154,it
1028541,Three Wise Men and a Baby,2022,TV Movie|Comedy|Drama,7.548,63,0.6785,en
807986,The Hummingbird,2022,Drama,6.873,213,0.6596,it
854006,Ox-Head Village,2022,Horror|Drama|Mystery,5.6,45,1.0662,ja
718289,Limit,2022,Thriller|Crime,5.2,15,0.8674,ko
915646,Die Geschichte der Menschheit - leicht gekürzt,2022,Comedy,5.073,62,0.8938,de
960206,Godland,2022,Drama,6.8,197,0.8337,da
939790,OLIVIA RODRIGO: driving home 2 u (a SOUR film),2022,Music|Documentary,7.797,64,1.0617,en
1037644,Battle for Saipan,2022,War|History|Action,5.566,76,0.7353,en
916563,Locked in Society,2022,Comedy,6.363,80,1.702,de
961707,Hawa,2022,Drama|Comedy,6.1,39,0.8168,fr
930791,Lexi,2022,Horror|Thriller|Mystery,3.3,12,0.6343,en
894975,Stolen in Her Sleep,2022,TV Movie|Thriller|Mystery|Crime|Drama,7.1,12,0.5615,en
866254,The Last Victim,2022,Crime|Thriller|Western|Mystery|Action,5.186,35,0.6067,en
865464,John Luther,2022,Thriller|Crime|Mystery,6.2,11,0.7687,ml
726207,Phone Bhoot,2022,Horror|Comedy,5.4,31,0.827,hi
985335,Girl at the Window,2022,Horror|Thriller,5.707,99,0.8388,en
804309,Bheeshma Parvam,2022,Thriller|Drama,6.845,29,1.199,ml
809972,How I Fell in Love with a Gangster,2022,Crime|Action|Drama,6.6,201,0.7316,pl
728796,Hall,2022,Horror|Thriller,5.8,82,0.8307,en
949270,40 Years Young,2022,Comedy,5.8,39,1.7646,es
1041631,The Haunted Museum: 3 Ring Inferno,2022,Horror,6.5,12,0.6534,en
739643,Escape the Field,2022,Thriller|Horror,4.92,137,0.8081,en
1023086,Devil's Workshop,2022,Horror,5.7,100,0.797,en
963131,BL Metamorphosis,2022,Drama|Comedy,6.8,13,0.6599,ja
568271,The Hyperions,2022,Action|Comedy,4.6,24,0.7551,en
888268,Anek,2022,Action|Thriller,6.115,26,0.8311,hi
817889,Doom of Love,2022,Romance|Drama,6.6,25,0.9289,tr
823999,Diabolik: Ginko Attacks!,2022,Crime|Action,6.0,488,0.8366,it
974052,Pretty Young Thing,2022,Drama|Comedy,6.8,18,1.4921,da
923344,Next Sohee,2022,Drama|Thriller,7.243,134,0.7969,ko
904718,Nenjuku Needhi,2022,Crime|Drama|Mystery,7.3,12,1.5218,ta
920419,Tiny Cinema,2022,Horror|Comedy,5.1,17,1.8363,en
771077,Rise,2022,Comedy|Drama|Family,7.396,458,0.8673,fr
425906,The Prototype,2022,Action|Science Fiction|Thriller,4.3,21,0.6698,en
875153,Cassiopeia,2022,Drama,7.2,18,0.7675,ko
801691,Hellblazers,2022,Horror|Action,4.618,38,0.6706,en
1039896,Clint Eastwood: The Last Legend,2022,Documentary,7.214,21,1.0578,fr
1024532,Carnifex,2022,Horror|Thriller,5.348,46,0.6641,en
787791,The Almond and the Seahorse,2022,Drama|Romance,4.857,14,0.6879,en
834734,Psychosexual,2022,Thriller,7.455,11,0.5454,es
844380,Nix,2022,Horror|Thriller|Drama,5.5,27,0.6613,en
929085,Aeterna: Part One,2022,Fantasy|Drama|Romance|Adventure,4.818,11,0.7684,ru
928773,Whisper,2022,Horror|Thriller,6.4,61,1.0477,en
1041485,Torn,2022,Romance|Drama|Fantasy,6.1,10,0.5529,en
911622,For Zeko,2022,Comedy|Drama,6.7,24,0.6031,ar
794417,Khiladi,2022,Action|Thriller,5.6,12,0.5511,te
975288,Scentsational Christmas,2022,TV Movie|Comedy|Romance,5.3,10,0.8571,en
987337,The Wonderful Summer of Mickey Mouse,2022,Animation|Comedy,7.0,28,0.8265,en
1028935,Holiday Harmony,2022,Romance|Comedy|Music|TV Movie,6.713,61,0.853,en
950284,Rorschach,2022,Thriller|Mystery,6.781,32,0.7789,ml
982124,The Robber Hotzenplotz,2022,Family|Fantasy|Adventure,6.0,23,0.6966,de
856496,Wildhood,2022,Drama|Romance,6.5,49,0.7343,en
788943,A Radiant Girl,2022,History|Drama|War,6.2,71,0.7223,fr
821937,578: Magnum,2022,Action|Thriller,5.97,82,0.7097,vi
693349,Caravaggio's Shadow,2022,History|Drama,6.461,155,0.5974,it
882580,Christmas Carol,2022,Action|Thriller,6.5,25,0.699,ko
610349,Icon,2022,Drama|War,5.895,19,0.8555,ru
1032591,A Brush with Christmas,2022,Romance|Comedy|Drama|TV Movie,5.7,73,0.7003,en
1029966,Say Hey  Willie Mays!,2022,Documentary,6.0,10,0.5278,en
873127,Under the Amalfi Sun,2022,Romance|Comedy,5.745,157,0.7445,it
796102,18½,2022,Thriller|Comedy|Drama,5.5,12,0.7597,en
851731,Kumari,2022,Thriller|Mystery|Horror|Drama,6.4,17,0.6888,ml
1013609,The Anthrax Attacks: In the Shadow of 9/11,2022,Documentary|Crime,6.8,41,0.6693,en
866267,The Hanging Sun,2022,Crime|Drama|Thriller|Mystery|Romance,5.61,86,0.5715,en
937110,Always Amore,2022,TV Movie|Drama|Romance,6.949,39,0.7174,en
1040330,Black Adam: Saviour or Destroyer?,2022,Documentary,7.131,444,0.5846,en
862734,Murder Party,2022,Comedy|Crime|Drama|Mystery,5.275,109,0.7191,fr
921587,Welcome to Mama's,2022,TV Movie|Comedy|Romance|Drama,6.6,20,0.6334,en
868666,The Ghost,2022,Action|Drama|Thriller,4.9,17,0.7746,te
936625,Surviving Paradise: A Family Tale,2022,Documentary,7.0,66,0.8528,en
1018648,The Redeem Team,2022,Documentary,7.41,161,0.6618,en
786535,Ivanna,2022,Horror|Thriller,5.3,25,0.5971,id
893372,Driving Madeleine,2022,Comedy|Drama,7.1,197,0.7213,fr
888234,Dhamaka,2022,Action|Comedy,4.4,18,0.6237,te
985322,Jane Fonda & Lily Tomlin: Ladies Night Live,2022,Comedy|Documentary|TV Movie,5.9,17,0.7734,en
736500,Retirement Home,2022,Comedy,5.941,328,0.8074,fr
1028506,The Sound of 007,2022,Documentary|Music|TV Movie,7.2,55,0.6975,en
962659,When Billie Met Lisa,2022,Animation|Comedy|Music,5.292,65,0.7272,en
798223,Recurrence,2022,Crime,5.599,106,0.7036,es
919570,R.M.N.,2022,Drama,6.97,186,0.7913,ro
783723,Thank God,2022,Comedy,6.353,34,0.6654,hi
943221,Evil Eye,2022,Horror,6.685,260,0.8285,es
933255,And Just Like That... The Documentary,2022,Documentary,6.7,20,0.8161,en
771536,You Are Not My Mother,2022,Horror,5.61,136,0.5633,en
1016446,The Perfumier,2022,Drama|Crime|Mystery|Thriller,4.521,95,0.9342,de
884125,The Treadmill,2022,Drama,5.7,11,0.7521,it
990593,Thor: God of Thunder,2022,Action|Fantasy|TV Movie,6.147,68,0.8022,en
655322,On the Come Up,2022,Drama|Music,5.875,32,1.0493,en
1016661,Romance of Ida,2022,Romance|TV Movie|History,6.671,35,0.6821,hu
944410,Jalsa,2022,Drama|Thriller,6.161,28,0.6877,hi
554285,Butter,2022,Drama,5.7,23,0.8505,en
838720,A Week in Paradise,2022,Romance|Comedy,5.0,12,0.5968,en
929739,My Broken Mariko,2022,Drama,7.0,38,0.7562,ja
934194,Slash/Back,2022,Science Fiction|Action|Thriller|Horror,6.298,94,0.8466,en
934297,If Only She Knew,2022,Romance|Comedy,4.8,16,0.6926,nl
797840,Dry,2022,Drama|Comedy|Science Fiction,6.437,340,0.5405,it
948163,Timescape: Back to the Dinosaurs,2022,Science Fiction|Adventure|Family|Fantasy,7.35,30,0.5272,en
665899,Topside,2022,Drama,6.7,48,0.6485,en
834140,Koza Nostra. Mom's Coming,2022,Comedy,6.0,20,0.7003,uk
1018552,Las Vocales,2022,Comedy,7.3,35,1.4892,es
936362,Eismayer,2022,Drama|History|Romance,6.958,59,0.7464,de
839678,Unhuman,2022,Horror|Comedy,5.3,147,1.0096,en
921643,A Jazzman's Blues,2022,Drama|Romance|Mystery,7.463,150,0.8551,en
786977,The Origin of Evil,2022,Thriller|Drama,6.43,157,0.6671,fr
893338,Gatlopp: Hell of a Game,2022,Comedy|Horror,5.94,67,0.726,en
1001692,Heartsong,2022,Comedy|Drama|Music|Romance,6.6,34,0.6932,tr
630217,Stellar: A Magical Ride,2022,Drama|Fantasy|Comedy,6.7,10,0.5413,ko
1018247,MK Ultra,2022,Thriller,5.8,49,0.6111,en
946703,Under Her Control,2022,Drama,5.277,110,0.7728,es
1019933,MVP,2022,Drama,6.6,11,0.9198,en
667255,FIR,2022,Thriller|Action,6.077,13,0.7598,ta
970896,Caribbean Summer,2022,TV Movie|Romance|Comedy,6.278,18,0.6415,en
790519,Una Femmina: The Code of Silence,2022,Drama|Crime|Thriller,5.7,37,1.7129,it
634210,The Monkey King: The Legend Begins,2022,Fantasy|Adventure,6.0,11,0.7262,en
1024426,Jumping from High Places,2022,Romance|Comedy,5.7,83,0.6242,it
958937,Ajoomma,2022,Drama|Comedy,6.9,17,0.7126,zh
776512,On the Count of Three,2022,Comedy|Drama,6.479,121,0.7826,en
999278,The Goldsmith,2022,Horror|Thriller,5.9,103,0.8164,it
988667,Furies,2022,Action|Drama|Thriller,6.924,72,0.6838,vi
969578,Teardrop,2022,Horror|Western|Mystery|TV Movie,3.0,11,1.7387,en
803389,The Grump: In Search of an Escort,2022,Comedy|Drama,5.96,25,0.7052,fi
947704,Yuku and the Himalayan Flower,2022,Animation|Family|Adventure,5.9,14,0.6695,fr
937633,Sparta,2022,Drama,6.7,40,1.8336,de
841524,The Eighth Clause,2022,Drama|Thriller,3.9,14,0.6681,es
928391,The Red Book Ritual,2022,Horror,5.3,79,0.7226,en
764798,In Space with Markiplier,2022,Adventure|Comedy|Science Fiction,7.7,21,0.5745,en
881099,Bhoothakaalam,2022,Thriller|Mystery|Horror,6.766,32,0.6859,ml
1028182,The Royal Nanny,2022,TV Movie|Comedy|Drama|Romance,6.472,54,0.6539,en
736280,Lucy and Desi,2022,Documentary,7.1,45,0.7115,en
957176,Out of the Darkness,2022,Drama|War,7.0,24,0.7579,da
976906,Spitfire Over Berlin,2022,War|Action|History,5.492,64,0.6994,en
791333,Four's a Crowd,2022,Comedy,6.3,143,0.7374,es
960519,Noise,2022,Drama,7.3,37,0.7164,es
950565,The Way of the Househusband: The Cinema,2022,Comedy|Drama,7.52,25,0.6658,ja
785521,Battle: Freestyle,2022,Romance|Drama,5.514,70,1.0447,no
942890,House of Darkness,2022,Horror|Thriller|Comedy|Mystery,5.058,138,0.9831,en
995984,Motherhood,2022,Drama|Mystery,7.4,12,0.6911,ja
925715,Hawa,2022,Drama|Mystery|Fantasy,6.765,17,0.8074,bn
913821,Aftershock,2022,Documentary,7.316,19,0.5651,en
925850,Sweet as Pie,2022,TV Movie|Romance|Comedy|Family,6.3,26,0.6183,en
576986,Land of Legends,2022,History|Romance|Action|Adventure,7.0,30,0.5836,ru
972545,Good Night Oppy,2022,Documentary,7.544,91,0.5991,en
942951,Snake Island Python,2022,Drama|Horror,6.5,30,0.703,zh
1006540,Bullet Train Down,2022,Action,5.529,70,0.9128,en
853332,Rebel,2022,Action|Thriller|Drama,7.825,63,0.753,fr
871567,Turbo Cola,2022,Drama|Comedy,4.7,13,1.7108,en
589759,The Nutcracker and the Magic Flute,2022,Animation|Family|Fantasy,6.2,47,0.7517,ru
853867,Jane,2022,Mystery|Thriller|Drama,5.4,40,0.7115,en
1028938,A Hollywood Christmas,2022,Comedy|Romance,6.031,64,0.5947,en
951546,Reign of Chaos,2022,Action|Horror|Fantasy,5.36,44,0.7362,en
819153,Dante,2022,Drama|History,5.125,96,0.5606,it
794721,Tonbi,2022,Drama,8.0,11,0.6189,ja
782092,All My Puny Sorrows,2022,Drama,5.979,24,0.549,en
955532,Holy Shit!,2022,Horror|Comedy|Thriller,5.8,47,0.78,de
750498,Everybody Hates Johan,2022,Comedy,5.973,37,0.8841,no
1047431,Prancer: A Christmas Tale,2022,Family|Fantasy,6.512,42,0.7711,en
996067,NightMare,2022,Horror|Thriller,5.5,36,0.8496,no
945840,Dead Zone,2022,Action|Horror|Science Fiction,5.2,62,0.8711,en
1027497,Hello,2022,Drama|Thriller|TV Movie,6.349,179,0.5861,en
999283,Andrew Schulz: Infamous,2022,Comedy,7.489,45,0.5431,en
1006305,Marry Go Round,2022,TV Movie|Comedy|Romance,6.6,26,0.4516,en
914668,Cabin Connection,2022,Romance|TV Movie|Drama,5.9,14,0.6623,en
844135,Charlotte,2022,Animation|Drama|War|History,6.345,29,0.9613,fr
1028318,Goodbye Monster,2022,Animation|Fantasy|Adventure,6.2,14,0.6564,zh
949581,Snoopy Presents: To Mom (and Dad)  with Love,2022,Animation,6.6,19,0.722,en
963116,Classico,2022,Comedy,4.9,77,0.5036,fr
942802,Punch,2022,Drama,5.645,38,0.7526,en
800623,Vendhu Thanindhathu Kaadu,2022,Drama|Thriller|Crime,6.4,17,0.6246,ta
975490,Snoopy Presents: Lucy's School,2022,Family|Animation|Comedy,7.205,39,0.7644,en
1020489,Autumn in the City,2022,TV Movie|Comedy|Romance,5.406,32,0.8766,en
654910,The Tiger's Nest,2022,Family|Adventure,6.423,65,0.7057,en
971602,Sabakan,2022,Drama,7.7,13,0.9071,ja
1007442,House of Chains,2022,Drama|TV Movie|Thriller,6.217,23,0.7416,en
938596,Bull Shark,2022,Horror|Thriller,5.355,76,0.9286,en
1012029,Girl in Room 13,2022,Thriller|Drama|TV Movie,6.9,18,0.4007,en
952701,Return to Seoul,2022,Drama,6.258,476,0.6883,ko
1033551,Denzel Washington: A Model American,2022,Documentary,7.2,10,0.7665,fr
787787,Anything's Possible,2022,Romance|Comedy|Drama,5.709,86,0.6898,en
927081,Explorer: The Last Tepui,2022,Documentary|Adventure,7.52,51,0.5986,en
752510,Tin Can,2022,Science Fiction|Horror,4.1,16,0.6964,en
934957,The Darker the Lake,2022,Crime|Thriller|Mystery|Horror,5.6,31,0.6109,en
821420,Catch the Fair One,2022,Thriller|Mystery,6.342,98,0.7226,en
848818,Flux Gourmet,2022,Drama|Comedy|Horror,5.557,61,0.7311,en
762895,Manifest West,2022,Thriller|Drama,5.9,21,0.6204,en
913129,Off Track,2022,Comedy|Drama,6.077,65,0.64,sv
1029862,The Man from Rome,2022,Thriller|Mystery,5.907,54,0.7007,es
912632,Wedding High,2022,Romance|Comedy|Drama,6.3,11,0.6189,ja
956496,Doula,2022,Comedy,4.3,15,0.8055,en
910765,Aurora Teagarden Mysteries: Haunted By Murder,2022,TV Movie|Mystery|Crime|Drama,7.051,39,0.754,en
995885,The Raid,2022,Drama|Action,6.357,14,0.6053,mi
1014890,Louis Armstrong's Black & Blues,2022,Documentary,6.482,28,0.6627,en
993621,The Stranger in Our Bed,2022,Thriller|Mystery,5.703,74,0.6766,en
703285,Please Baby Please,2022,Drama|Fantasy|Music,5.798,42,0.6968,en
1024298,The Zen Diary,2022,Drama,7.154,13,0.857,ja
931034,Cat Burglar,2022,Animation|Comedy,5.737,38,0.7133,en
854867,Werewolf Castle,2022,Horror|Fantasy|History|Action,5.065,23,0.7012,en
881198,Tony Hawk: Until the Wheels Fall Off,2022,Documentary,7.7,67,0.681,en
926392,If These Walls Could Sing,2022,Documentary|Music,6.6,27,0.9522,en
794785,Stop-Zemlia,2022,Drama,6.2,47,0.8858,uk
977866,The Ghosts of Monday,2022,Horror|Thriller,5.2,29,0.59,en
999812,Resisting Roots,2022,Romance|Drama,5.429,14,0.5432,en
1028589,Hall Pass Nightmare,2022,Thriller|TV Movie,4.5,11,0.4805,en
975575,Little Blue,2022,Drama,4.7,10,0.7215,zh
1005581,Dhokha: Round D Corner,2022,Crime|Thriller,5.146,24,0.6981,hi
939475,Too Old for Fairy Tales,2022,Family|Comedy,6.301,88,0.581,pl
505570,Rimini,2022,Drama|Music,6.276,58,0.7197,de
1033569,The Man on the Road,2022,Thriller,6.578,45,0.7114,it
854546,The Cathedral,2022,Drama,5.882,17,0.5906,en
828900,Aqua Teen Forever: Plantasm,2022,Animation|Comedy|Science Fiction,6.29,50,0.8533,en
890466,Measure of Revenge,2022,Thriller|Drama,4.7,26,0.6895,en
915776,Double XL,2022,Comedy|Drama,5.318,11,0.6261,hi
722800,The Drover's Wife: The Legend of Molly Johnson,2022,Drama|Western|Thriller,5.9,38,0.6806,en
975407,Lifemark,2022,Drama,7.4,39,0.7028,en
661365,Ali & Ava,2022,Drama|Romance,6.723,65,0.5476,en
838197,...Watch Out  We're Mad,2022,Comedy|Action,6.081,215,0.7531,it
988165,H.P. Lovecraft's Witch House,2022,Horror,4.566,38,0.6779,en
925459,On the Edge,2022,Drama|Thriller,6.012,84,0.6426,fr
999722,Old People,2022,Horror,5.653,339,0.7713,de
885303,The Voyagers,2022,Fantasy|Adventure|TV Movie,6.1,114,0.7932,it
787767,Family Squares,2022,Comedy|Drama,4.3,10,0.6303,en
936897,Curious Caterer: Dying for Chocolate,2022,TV Movie|Mystery|Crime|Drama|Romance,6.744,43,0.7616,en
958596,Heart of the Matter,2022,TV Movie|Drama,5.4,11,0.579,en
820713,About Joan,2022,Drama|Romance,6.1,28,0.6108,fr
769466,One Year  One Night,2022,Drama,5.9,49,0.6563,es
937753,Love Destiny: The Movie,2022,Romance|Comedy|History,7.1,18,0.6055,th
931405,Run  Tiger Run!,2022,Animation|Adventure|Comedy|Action|Family,5.9,61,0.6402,zh
949697,Creepy Crawly,2022,Thriller|Action,5.9,26,0.6156,th
1009432,Uunchai,2022,Comedy|Drama|Family,6.2,18,0.5946,hi
534134,Blackbird,2022,Crime|Action|Romance|Thriller,2.6,10,0.6879,en
1046991,Vadh,2022,Crime|Thriller,6.25,24,0.7652,hi
897525,A Thursday,2022,Thriller|Crime|Drama,6.588,51,0.7715,hi
983242,Girlfriendship,2022,TV Movie|Romance,7.4,12,0.4503,en
754716,Badhaai Do,2022,Comedy|Drama,6.739,90,0.6219,hi
779812,Tuesday Club,2022,Drama|Comedy,5.3,21,0.7529,sv
1032124,Ask Me to Dance,2022,Romance|Comedy,5.2,13,0.5546,en
1006851,Office Invasion,2022,Science Fiction|Comedy,5.387,119,0.5809,en
990701,Re-BORN,2022,Action|Comedy|Drama|Fantasy,7.4,33,0.6927,ko
913867,My Old School,2022,Documentary|Animation,6.9,20,0.6099,en
988591,Mega Lightning,2022,Action|Horror|Science Fiction,4.3,18,0.6527,en
1005031,A Trip to Infinity,2022,Documentary,7.101,134,0.7021,en
926762,Living with Chucky,2022,Documentary|Horror,6.6,50,0.8185,en
998757,Amerikatsi,2022,Drama|Comedy,7.3,31,0.6055,hy
640484,Valimai,2022,Action|Crime|Thriller,5.5,33,0.6073,ta
828595,The Good Witch of Christmas,2022,Comedy|Family|Fantasy,4.909,11,0.5663,en
821489,All My Friends Hate Me,2022,Comedy|Thriller|Horror,5.934,152,0.5147,en
1013951,Strong Fathers  Strong Daughters,2022,Comedy|Drama|Family,5.5,12,0.8599,en
644100,As They Made Us,2022,Drama|Romance|Comedy,5.23,50,0.5879,en
1041623,Sugar,2022,Crime|Drama,4.72,25,0.5407,en
1031396,Naruto 20th Anniversary - Road of Naruto,2022,Animation|Action|Adventure,7.679,70,0.7926,ja
971594,Our Ties,2022,Drama,6.271,70,0.5485,fr
881983,Salaam Venky,2022,Drama,6.5,11,0.587,hi
670243,Farewell  Mr. Haffmann,2022,History|Drama,6.885,292,0.6319,fr
956926,Wolves,2022,Mystery|Drama|Crime|Thriller,5.136,11,0.4008,en
939754,The Tipping Point,2022,Crime|Drama,3.9,11,0.7437,zh
839829,Ben & Jody,2022,Action|Adventure|Thriller,5.9,15,0.5447,id
995456,Jurassic Greatest Moments: Jurassic Park to Jurassic World,2022,Documentary,7.0,12,0.4519,en
897561,Freddie Mercury: The Final Act,2022,Documentary|Music,6.7,27,0.8773,en
608236,Memory of Water,2022,Fantasy|Thriller|Science Fiction,5.3,20,0.9548,fi
892270,The Little Gang,2022,Comedy|Adventure|Family,6.8,46,0.6471,fr
712863,Dhaakad,2022,Action|Thriller,4.615,13,0.655,hi
1018645,The Volcano: Rescue from Whakaari,2022,Documentary|Drama,7.213,176,0.6896,en
986088,Control,2022,Science Fiction|Thriller|Mystery,5.379,58,0.9649,en
682533,True Things,2022,Drama,5.25,48,0.7488,en
682075,The Adventure of A.R.I.: My Robot Friend,2022,Family|Science Fiction,6.912,34,0.7717,en
631947,The Legend of La Llorona,2022,Horror|Thriller,5.8,114,0.5538,en
1015081,Spoonful of Sugar,2022,Horror,5.246,65,0.5338,en
1132079,Survive,2022,Adventure|Drama|Thriller,4.81,50,0.6536,en
788348,India Lockdown,2022,Drama|Adventure,4.923,13,0.5212,hi
852592,Centauro,2022,Action|Crime|Thriller,6.12,129,0.7147,es
741674,The Revenge of the Shiny Shrimps,2022,Comedy,6.405,95,0.6985,fr
979296,Sonic Drone Home,2022,Action|Family|Comedy|Science Fiction,7.1,65,0.6657,en
1029578,B&B Merry,2022,Romance|Comedy|Drama|TV Movie,6.076,86,0.4961,en
990009,Groundswell,2022,TV Movie|Romance|Comedy,6.658,38,0.8042,en
962367,When Christmas Was Young,2022,TV Movie|Comedy|Romance,6.4,16,0.4964,en
964909,Next Exit,2022,Science Fiction|Comedy|Drama|Romance,5.9,52,0.5852,en
1015172,Out of Office,2022,Comedy|TV Movie,6.1,16,0.5386,en
865497,Bangarraju,2022,Drama|Comedy|Fantasy|Family,6.2,13,0.8069,te
892508,Country Cabaret,2022,Comedy|Drama,5.789,64,0.4602,fr
665685,Jhund,2022,Drama,6.739,23,0.6819,hi
665388,Rumba Therapy,2022,Comedy,6.184,117,0.5262,fr
874251,A Royal Seaside Romance,2022,TV Movie|Comedy|Romance,6.8,26,0.4411,en
767401,1UP,2022,Comedy,4.591,44,0.5988,en
928725,Axiom,2022,Drama,5.6,20,0.4263,de
848483,Flowing,2022,Horror|Mystery|Thriller,6.25,70,1.4941,it
848331,Honk for Jesus. Save Your Soul.,2022,Comedy|Drama,4.7,52,0.7261,en
969797,Maja Ma,2022,Comedy|Romance|Drama,6.722,18,0.5988,hi
863530,Thallumaala,2022,Comedy|Drama|Action,6.833,42,0.5818,ml
941053,Girl in the Shed: The Kidnapping of Abby Hernandez,2022,Drama|Thriller|TV Movie|Crime,6.8,20,0.5185,en
691242,Where Are You,2022,Drama,1.7,10,0.5033,en
772071,When I'm Young,2022,Comedy|Fantasy,8.4,284,0.5712,es
854881,The Haunting of the Tower of London,2022,Horror|History,5.9,25,0.5792,en
749026,Vysehrad: Fylm,2022,Comedy,6.7,18,1.1503,cs
999127,Broad Peak,2022,Drama|History,5.8,60,0.6114,pl
961266,The Lines That Define Me,2022,Drama,7.6,16,0.5558,ja
935412,An Alibi,2022,Crime|Mystery|TV Movie,6.2,15,0.5555,fr
860709,So Damn Easy Going,2022,Drama|Comedy,6.115,13,0.6092,sv
915939,Loving Highsmith,2022,Documentary,5.9,24,0.4423,en
965839,Lord of the Streets,2022,Action,5.065,69,0.515,en
896448,Beneath the Surface,2022,Fantasy|Horror|Thriller|Mystery|Drama,6.331,68,0.7934,en
988460,Machine Gun Kelly's Life In Pink,2022,Documentary|Music,7.6,25,0.6145,en
1012072,A Cozy Christmas Inn,2022,TV Movie|Comedy|Romance,5.7,20,0.8004,en
645992,Three Robbers and a Lion,2022,Animation|Family,6.475,20,0.7177,no
829165,Natural Born Liar,2022,Comedy,5.124,237,0.6457,fr
1008148,Plus One at an Amish Wedding,2022,TV Movie|Comedy|Romance,7.7,58,0.5935,en
987419,Like & Share,2022,Drama,7.286,14,0.5885,id
974772,The Fallen Bridge,2022,Drama|Crime,6.0,13,0.5839,zh
913847,Tantura,2022,Documentary|History,7.7,20,0.5494,he
829577,The Siege of Robin Hood,2022,Adventure|Action,4.4,21,0.5661,en
1049233,Lesson Plan,2022,Action|Crime,6.027,187,0.5547,pl
926771,Love  Sex and Pandemic,2022,Drama,3.1,18,0.5723,pl
879080,The Festival of Troubadours,2022,Drama,5.705,39,0.5248,tr
927774,Dodo,2022,Drama|Romance|Comedy,5.0,13,0.4153,el
885121,Room 203,2022,Horror,5.4,98,0.7261,en
957803,Saving Christmas Spirit,2022,TV Movie|Comedy|Drama|Romance,6.2,23,0.4229,en
1019446,Wildcat,2022,Documentary,7.3,34,0.5665,en
936074,Tenor,2022,Comedy|Drama|Music,7.001,381,0.6592,fr
973164,Ricky Gervais: SuperNature,2022,Comedy,7.44,342,0.5455,en
540734,Eduardo and Monica,2022,Romance|Drama,7.7,82,0.6075,pt
1002370,Dating the Delaneys,2022,TV Movie|Comedy|Romance,7.077,26,0.5571,en
931132,Jaya Jaya Jaya Jaya Hey,2022,Comedy|Drama|Family,6.969,32,0.7242,ml
988539,Polaris,2022,Adventure|Action|Science Fiction|Thriller,4.3,15,0.6072,fr
1001912,Marvel Studios Assembled: The Making of Ms. Marvel,2022,Documentary,6.8,34,0.6191,en
835268,Suro,2022,Thriller|Drama,6.423,39,0.517,ca
967561,Red Riding Hood,2022,Family|Fantasy|Adventure,6.565,23,0.5717,ru
968351,Allegoria,2022,Horror,4.0,12,1.7127,en
836485,Jane by Charlotte,2022,Documentary,7.0,34,0.5784,fr
740963,Jump  Darling,2022,Comedy|Drama,4.958,12,0.4807,en
970308,F*ck Love Too,2022,Comedy|Romance,5.3,119,0.4761,nl
950445,Return to Space,2022,Documentary,6.536,666,0.6006,en
934323,Mickey: The Story of a Mouse,2022,Documentary,7.0,88,0.7296,en
1017995,Requiem for a Scream,2022,Horror,4.2,12,0.3888,en
960057,Maria into Life,2022,Comedy|Romance,6.006,85,0.6648,fr
988595,Mat Kilau,2022,Action|History|War|Adventure|Drama|Thriller,6.8,15,0.6599,ms
896945,The Blue Skies at Your Feet,2022,Romance|Drama,6.8,10,0.7328,ja
913849,The Territory,2022,Documentary,6.788,26,0.4873,pt
1027392,Ghosts of Christmas Always,2022,TV Movie|Comedy|Drama|Romance,6.846,39,0.6185,en
910438,On Thin Ice,2022,Drama,5.4,10,0.5477,fi
926889,Mother and Son,2022,Drama,6.543,23,0.5038,fr
893366,Little Nicholas: Happy as Can Be,2022,Animation|Family,6.852,108,0.9693,fr
794842,Diary of a Fleeting Affair,2022,Romance|Drama|Comedy,6.4,184,0.5493,fr
1013910,Nightalk,2022,Thriller|Romance|Mystery|Crime|TV Movie,5.692,26,0.5135,en
874970,The Story of Love,2022,TV Movie|Comedy|Romance|Family,6.7,19,0.7022,en
759426,Stoker Hills,2022,Horror|Mystery|Thriller,4.8,17,0.6668,en
661337,Yanagawa,2022,Drama|Romance,6.7,11,0.5384,zh
964873,A Wounded Fawn,2022,Horror,5.5,78,0.7188,en
784647,Aaraattu,2022,Comedy|Action|Drama,3.9,14,0.5704,ml
925943,Saint Omer,2022,Drama|Crime,6.172,206,0.535,fr
938133,Bldg. N,2022,Horror,5.7,11,0.5368,ja
957861,The Narrow Road,2022,Drama,6.4,16,0.7267,cn
957815,Alfons Jitterbit – Class Trip Chaos!,2022,Family|Comedy,6.125,12,0.5673,de
1061618,Searching for Planet 9,2022,Documentary|TV Movie,7.2,10,0.5366,fr
821510,Ultrasound,2022,Science Fiction|Drama|Mystery,5.5,47,0.6407,en
1018931,The Critic,2022,Documentary,6.0,10,0.6096,es
1033107,Wild Is the Wind,2022,Crime|Drama,5.7,75,0.5581,en
934205,Bitch Ass,2022,Horror|Mystery|Thriller|Crime,3.6,13,0.5302,en
991833,Cat Pack: A PAW Patrol Exclusive Event,2022,Animation|Family,7.5,83,0.728,en
988046,Girl in the Picture,2022,Crime|Documentary,7.138,298,0.5759,en
915997,Cloud Under the Roof,2022,Drama,6.3,31,0.4503,de
1040603,Orgasm Inc: The Story of OneTaste,2022,Documentary,6.094,80,0.6526,en
893672,Con chi viaggi,2022,Comedy|Mystery,5.626,159,0.5581,it
852917,A Savannah Haunting,2022,Horror|Drama|Thriller,5.867,45,0.6802,en
937337,What a Father!,2022,Comedy|Family|Romance,8.315,178,0.5276,es
795612,Charli XCX: Alone Together,2022,Documentary|Music,6.133,15,0.5539,en
671318,¿Y cómo es él?,2022,Comedy|Drama,7.5,260,0.6277,en
957394,Reed's Point,2022,Horror,5.0,25,0.51,en
913346,Harmony From The Heart,2022,TV Movie|Romance|Comedy,6.7,21,0.3969,en
682152,Burning Days,2022,Drama|Thriller,6.9,131,0.5376,tr
1065796,A Night at the Kindergarten,2022,Comedy,6.0,42,0.513,pl
883369,A Snapshot of Forever,2022,TV Movie|Romance|Comedy,5.842,19,0.6946,en
930821,Adam by Eve: A Live in Animation,2022,Drama|Animation|Music,6.9,35,0.6474,ja
865368,Carmen,2022,Drama|Romance,5.5,15,0.6426,mt
957864,Moment of Contact,2022,Documentary,6.3,21,0.4562,en
915891,Dear Kurt,2022,Comedy|Drama,5.7,16,0.3767,de
764928,Rashtra Kavach Om,2022,Action|Adventure|Thriller,4.923,13,0.4328,hi
954748,Full of Grace,2022,Comedy|Family,6.5,54,0.5957,es
828558,God's Creatures,2022,Drama,6.092,92,0.6037,en
663457,Govinda Naam Mera,2022,Comedy|Drama|Romance,5.897,29,0.672,hi
828901,Love Hostel,2022,Crime|Romance|Thriller,5.45,20,0.4393,hi
974521,No Bears,2022,Drama|Romance,6.865,130,0.6408,fa
1005828,The Goat and Her Three Kids,2022,Drama|Horror|Thriller,7.146,41,0.5362,ro
811061,So Cold the River,2022,Horror|Thriller|Drama,5.395,57,0.6075,en
1002373,The Journey Ahead,2022,TV Movie|Adventure|Romance,6.2,17,0.5847,en
915867,Forensic,2022,Crime|Thriller,5.083,12,0.5804,hi
979873,Nicht ganz Koscher,2022,Comedy,7.7,19,0.5669,de
960815,Fratè,2022,Comedy,4.2,19,0.4001,fr
915982,Hypochondriac,2022,Horror|Drama,5.0,28,0.5133,en
339754,Every Last Secret,2022,Drama|Thriller,4.231,13,0.5129,en
1011403,Becoming Marilyn,2022,Documentary|History|TV Movie,7.6,19,0.4649,fr
1000194,Bank Robbers: The Last Great Heist,2022,Documentary,6.662,68,0.5812,es
825805,Outsiders,2022,Thriller|Science Fiction|Mystery,5.8,10,1.6709,en
1026377,Sanctioning Evil,2022,Thriller|Action,6.038,13,0.4892,en
939336,The Wonderful Winter of Mickey Mouse,2022,Animation,6.7,22,0.7207,en
1026561,Reindeer in Here,2022,TV Movie|Animation|Family|Fantasy,7.7,20,0.5694,en
1001869,Flight/Risk,2022,Documentary,6.6,23,0.7053,en
994052,Romance in Style,2022,TV Movie|Comedy|Romance,6.5,54,0.5254,en
1035916,Deborah,2022,Comedy|Science Fiction|Drama,3.8,12,0.6222,en
1003485,The Christmas Retreat,2022,TV Movie|Romance|Comedy,6.3,22,0.5712,en
1028539,Long Lost Christmas,2022,TV Movie|Comedy|Drama|Romance,7.091,33,0.4226,en
846801,Our Eternal Summer,2022,Drama,5.1,22,0.4147,fr
982783,Stand Out: An LGBTQ+ Celebration,2022,Comedy|Documentary,4.4,29,0.5202,en
897097,Cobalt Blue,2022,Romance|Drama,5.894,33,0.4653,hi
716847,The Woodcutter Story,2022,Drama|Comedy|Mystery,5.5,33,0.4642,fi
925705,The Long Night,2022,Horror,4.9,81,0.5301,en
920878,The Engagement Plot,2022,TV Movie|Comedy|Romance,7.386,22,0.6623,en
974213,Jolly Good Christmas,2022,TV Movie|Comedy|Romance|Drama,6.612,49,0.5483,en
776545,One for the Road,2022,Drama,6.917,24,0.5439,th
884363,Togo,2022,Crime|Drama,6.306,72,0.532,es
871891,Blank,2022,Science Fiction|Drama|Thriller,4.4,31,0.8277,en
753569,Mozart from Space,2022,Science Fiction|Comedy|Fantasy|Drama,3.6,13,0.6202,zh
872989,Charcoal,2022,Drama|Crime|Thriller,6.4,35,0.4448,pt
887708,The Wedding Fix,2022,TV Movie|Romance|Comedy,5.7,22,0.4249,en
832277,Four to Dinner,2022,Comedy|Romance,6.162,281,0.5226,it
863924,The Syndrome,2022,Horror,6.571,42,0.4584,ru
930432,The Confidence Man JP - Episode of the Hero -,2022,Comedy,6.5,18,0.4896,ja
847726,12th Man,2022,Thriller|Mystery|Crime,5.714,28,0.5738,ml
796256,Offseason,2022,Drama|Horror|Mystery,5.248,125,0.6436,en
971190,From Italy with Amore,2022,TV Movie|Comedy|Romance,5.6,25,0.4985,en
949567,The Exorcism of Hannah Stevenson,2022,Fantasy|Horror,5.784,37,0.5593,en
1014530,Ivy + Bean: Doomed to Dance,2022,Family|Comedy,6.5,12,0.4431,en
838876,The Perfect Dinner,2022,Comedy|Romance|Crime|Drama,6.8,190,0.4814,it
805761,Where Your Heart Belongs,2022,TV Movie|Comedy|Romance,6.1,22,0.5781,en
714339,On the Fringe,2022,Drama,6.6,106,0.504,es
853137,Arlette,2022,Comedy,5.4,14,0.7503,fr
822177,Leonora addio,2022,Drama|Comedy|History,6.5,37,1.4986,it
934042,Look at Me: XXXTENTACION,2022,Documentary|Music,6.474,19,0.621,en
944012,The Stories of West Side Story,2022,Documentary,7.3,10,0.5818,en
992090,Jurassic Domination,2022,Action|Science Fiction|Adventure|Horror|TV Movie,5.6,41,0.4552,en
933547,Into the Wind,2022,Drama|Romance,5.406,101,0.5947,pl
849242,Harka,2022,Drama,6.8,37,0.5155,fr
857731,Untold: Caitlyn Jenner,2022,Documentary,6.423,13,0.592,en
464768,Junk Head,2022,Animation|Science Fiction|Adventure,6.6,60,0.5638,ja
957992,The Great Arms Robbery,2022,Action|Crime|Drama,6.522,67,0.5099,zh
1041580,The Elephant Whisperers,2022,Documentary,7.273,143,0.4878,ta
872709,Smoking Causes Coughing,2022,Comedy|Fantasy|Science Fiction,6.0,408,0.6245,fr
879513,Fantasy Football,2022,Comedy|Family,6.526,19,0.7405,en
874966,The Song to My Heart,2022,TV Movie|Comedy|Romance|Family|Music,6.1,18,0.5222,en
1048300,Adrenaline,2022,Action,5.96,63,0.5094,en
764837,Babysitter,2022,Comedy,5.789,90,0.7504,fr
678870,Zillion,2022,Drama|Crime|Thriller,6.944,72,0.5515,nl
655315,Brighton 4th,2022,Drama|Comedy,6.361,18,0.5004,ka
935271,After the Pandemic,2022,Science Fiction|Action,5.023,86,0.6713,en
1002695,Mirreyes contra Godínez 2: El retiro,2022,Comedy,7.5,113,0.7482,es
948037,The Marriage App,2022,Romance|Comedy,6.054,93,0.5888,es
863814,Bosch & Rockit,2022,Drama,5.8,15,0.5603,en
937036,DJ Tillu,2022,Romance|Comedy|Crime|Thriller,5.708,12,0.4823,te
1003871,Sixth Bus,2022,War|Drama|Romance|History|Action,6.0,13,0.6894,hr
803666,Salute,2022,Action|Crime|Thriller,7.2,29,0.6585,ml
782044,The Generation of Evil,2022,Drama|Thriller,6.482,28,0.6644,lt
1041419,5000 Blankets,2022,Drama,6.9,21,0.5365,en
877244,Jo & Jo,2022,Drama|Comedy,7.0,18,0.5619,ml
1027160,Alone in the Dark,2022,Horror|Thriller,4.8,14,0.3125,en
861069,Take Back the Night,2022,Horror,4.1,25,0.5308,en
918101,My Small Land,2022,Drama,6.425,20,0.4455,ja
895543,Wings Above Berlin,2022,Romance|History,6.3,10,0.5033,ru
660334,Arthur Rambo,2022,Drama,6.1,34,1.7805,fr
1002125,Sea of Time,2022,Drama,7.107,28,0.5574,nl
794234,The Bunker Game,2022,Horror|Mystery|Thriller,4.7,140,0.5182,en
717682,The Other Me,2022,Drama|Mystery|Thriller,5.4,48,0.4351,en
965493,Bigfoot or Bust,2022,Comedy,2.0,11,0.5202,en
846969,Two Much for the Job,2022,Comedy,5.0,60,0.5854,fr
777950,King Knight,2022,Comedy,5.1,19,0.5622,en
1029528,Tomorrow Is Today,2022,Comedy,6.3,92,0.6046,es
973921,Handing Them Over,2022,Comedy|Romance|Crime,5.8,13,0.5539,ar
778027,Corsicana,2022,Western|Drama,4.9,10,1.9016,en
962737,All for Four,2022,Comedy,5.5,20,0.5017,da
944941,Just One Kiss,2022,Romance|Comedy|TV Movie|Drama,5.803,33,0.648,en
874954,Meet Me in New York,2022,TV Movie|Comedy|Romance|Family,6.8,18,0.7211,en
913829,The Janes,2022,Documentary,5.625,44,0.448,en
817127,Brainwashed: Sex-Camera-Power,2022,Documentary|Drama|Crime,6.063,32,0.4321,en
950394,Explorer,2022,Documentary,6.5,11,0.7928,en
914268,The Martha Mitchell Effect,2022,Documentary|Crime|History,6.4,74,0.6025,en
895659,The Passengers of the Night,2022,Drama,6.9,180,0.8389,fr
812488,Don't Come Back Alive,2022,Thriller|Fantasy|Horror,5.9,44,0.4659,es
964269,Melchior the Apothecary: The Ghost,2022,Thriller|Crime|History|Drama,6.5,13,0.4691,et
1006314,The Secrets of Bella Vista,2022,TV Movie|Drama|Romance,6.7,23,0.5249,en
1027358,We Need a Little Christmas,2022,TV Movie|Comedy|Drama|Romance,6.2,20,0.4898,en
1012344,What Remains,2022,Drama|Mystery|Thriller,4.921,19,0.5491,en
1035467,Savage X Fenty Show Vol. 4,2022,Music|Documentary,6.9,21,0.7451,en
511424,My Sailor  My Love,2022,Drama|Romance,6.2,17,0.4309,en
678320,Titina,2022,Adventure|Animation|Family|History,6.804,23,0.456,no
890330,Prior Convictions,2022,Drama,6.8,10,0.5792,ja
854513,Hallelujah: Leonard Cohen  a Journey  a Song,2022,Documentary|Music,7.5,32,0.6605,en
974936,Trevor: The Musical,2022,Drama|Music,4.8,16,0.3555,en
901418,Croc!,2022,Horror,2.762,21,0.3872,en
1019391,Retrograde,2022,Documentary|War|History,7.1,22,0.4405,en
798359,The Ravine,2022,Drama|Mystery,5.1,16,0.5227,en
892535,Just Retired 2,2022,Comedy,5.205,112,0.5845,fr
733063,Jailangkung: Sandekala,2022,Horror|Mystery,6.6,28,1.6792,id
1027324,The Holiday Sitter,2022,TV Movie|Comedy|Romance,6.7,44,0.4709,en
929477,Heart Shot,2022,Romance|Crime,5.461,90,0.4818,en
913868,The Princess,2022,Documentary|History,6.4,36,0.5903,en
910768,Butlers in Love,2022,Romance|TV Movie|Comedy|Drama,6.4,27,0.4774,en
660267,Blasted,2022,Science Fiction|Comedy|Action,4.688,88,0.5588,no
969103,Salam,2022,Documentary,7.3,31,0.845,fr
763605,Poppy Field,2022,Drama|Romance,5.529,17,0.4887,ro
894246,Ride Above,2022,Drama,6.761,113,0.694,fr
1012286,Santa Bootcamp,2022,TV Movie|Comedy|Romance,6.3,13,0.6354,en
712128,Broken Keys,2022,Drama|War,6.9,11,0.3004,ar
951368,Your Boyfriend Is Mine,2022,Thriller|TV Movie,6.8,50,0.5048,en
881687,Mostly Minimalistic,2022,Comedy|Drama,6.4,11,0.5978,de
967940,Diorama,2022,Romance|Drama|Comedy,5.4,19,0.5431,sv
1002470,Walk Up,2022,Drama,6.36,25,0.4988,ko
1006307,Love's Portrait,2022,TV Movie|Drama|Romance,6.75,20,0.5603,en
1005835,That's Amor,2022,Romance|Comedy,5.116,125,0.669,en
930136,Krishna Vrinda Vihari,2022,Romance|Comedy,5.143,14,0.5522,te
916373,À mon tour,2022,Comedy|TV Movie|Drama,5.7,11,0.4116,fr
926929,Costa Concordia: Chronicle of a Disaster,2022,Documentary|History,7.3,10,0.5274,de
1049171,The Temptation,2022,Drama,5.3,33,0.7455,it
927341,Hunting Ava Bravo,2022,Thriller|Action,6.118,123,0.4266,en
1014501,Grotesque,2022,Horror|Comedy,3.7,13,0.6352,en
895033,Don,2022,Comedy|Romance,6.125,36,0.3792,ta
933331,The Presence of Love,2022,TV Movie|Romance|Family|Drama,6.6,34,0.5541,en
974586,Le Pupille,2022,Family|Comedy,7.149,124,0.6545,it
963660,The Wonderful Spring of Mickey Mouse,2022,Animation|Comedy|Adventure,7.7,17,0.6071,en
961427,Spirit Halloween: The Movie,2022,Adventure|Family|Horror|Fantasy|Mystery,5.705,95,0.6067,en
657198,Don Juan,2022,Comedy|Music,3.9,45,0.5409,fr
1012290,South Park: The 25th Anniversary Concert,2022,Music|Comedy|Documentary|TV Movie,8.173,55,0.3883,en
913820,Utama,2022,Drama,7.246,63,0.5471,es
884971,Goliath,2022,Thriller|Drama,6.824,404,0.5511,fr
928735,Sun,2022,Drama,5.2,16,0.4454,de
925181,That Kind of Summer,2022,Drama,3.688,16,0.409,fr
889598,An Irish Goodbye,2022,Drama|Comedy,6.608,74,0.4457,en
649985,The Surgeon of the Rusty Knife,2022,Drama,7.196,28,0.6865,pt
986812,Fathers and Mothers,2022,Comedy,5.6,21,0.4371,da
1008779,The Princess,2022,Action,7.6,105,0.5095,es
888322,Rabbit Academy: Mission Eggpossible,2022,Animation|Adventure|Comedy,5.889,18,0.5316,de
1022641,A Cup of Coffee and New Shoes On,2022,Drama,5.0,10,0.3594,sq
800407,Dancing on Glass,2022,Drama,6.1,76,0.5892,es
910759,The Wedding Veil,2022,TV Movie|Comedy|Romance|Drama,7.205,44,0.6047,en
726888,Heartbeast,2022,Drama|Thriller,3.8,15,0.6547,fr
950453,In a Land That No Longer Exists,2022,Drama,6.2,40,0.5887,de
987919,A Christmas Mystery,2022,Family|Comedy|Drama|Mystery,6.442,52,0.5413,en
947514,SLR,2022,Horror|Thriller|Drama,6.156,16,0.5108,th
766428,Mama  I'm Home,2022,Drama,6.273,11,0.4793,ru
943919,Follow Her,2022,Thriller|Horror|Mystery|Drama,4.9,29,0.5645,en
925780,Defending Champion,2022,Comedy,5.3,13,0.4674,ar
785303,Robust,2022,Drama,5.1,26,0.5296,fr
833200,Tethered,2022,Horror|Drama|Mystery|Thriller,4.95,30,0.5795,en
785664,Naane Varuvean,2022,Action|Thriller|Horror,5.9,24,0.5431,ta
846806,Wet Sand,2022,Drama,5.786,14,0.4189,ka
788922,The Grandson,2022,Drama|Thriller,7.167,24,0.4658,hu
768466,Janhit Mein Jaari,2022,Comedy|Drama|Romance,5.857,14,0.52,hi
890245,Body Parts,2022,Documentary,6.5,13,0.6005,en
913792,Meet Me in the Bathroom,2022,Documentary|Music|History,5.447,19,0.6386,en
950053,The Green Perfume,2022,Comedy|Crime|Mystery,5.3,100,0.4756,fr
975923,Gladbeck: The Hostage Crisis,2022,Documentary,7.529,68,0.3962,de
817866,Goodbye,2022,Drama|Comedy|Family,7.563,16,0.5637,hi
982804,Just Something Nice,2022,Comedy|Drama|Romance,6.4,45,0.7377,de
994006,The Entitled,2022,Comedy|Romance,4.9,13,0.7675,tl
1023803,The Hip Hop Nutcracker,2022,Music|Comedy|Family,5.13,23,0.607,en
1019907,Infamously in Love,2022,TV Movie|Comedy|Romance,5.8,10,0.3428,en
996658,All Jacked Up and Full of Worms,2022,Horror|Comedy,4.4,18,0.3217,en
1053110,I Believe in Santa,2022,Romance|Comedy,5.247,152,0.5477,en
848950,Saturn Bowling,2022,Drama|Thriller|Crime,5.67,44,0.5944,fr
1027604,Princess Cursed in Time: Alchemist's Quest,2022,Family|Fantasy|Comedy,6.8,39,0.8032,cs
960646,Fallen Angels Murder Club: Heroes and Felons,2022,Mystery|TV Movie|Thriller|Crime,5.273,11,0.4931,en
854207,Love Afloat,2022,TV Movie|Comedy|Romance,5.625,12,0.4882,en
928202,The Tasting,2022,Comedy|Romance,6.025,121,0.5146,fr
859933,Before  Now & Then,2022,Drama,6.8,16,0.6801,su
1030009,The Kiss,2022,Drama|Romance,6.5,31,0.6447,da
599016,Summer Time: Travel Back,2022,Family|Comedy,6.9,11,0.4532,ru
298028,The Prey: Legend of Karnoctus,2022,Thriller|Action|Horror,4.45,10,0.5702,en
949053,Crime à Ramatuelle,2022,Crime|Drama|Mystery|TV Movie,6.7,10,0.4297,fr
1046232,Check the Store Next Door 2,2022,Comedy|Drama|Family,7.9,12,0.4215,id
1024776,Christmas on Candy Cane Lane,2022,TV Movie|Comedy|Romance,6.0,14,0.5334,en
935516,Nude Tuesday,2022,Comedy|Drama|Romance,4.333,21,0.6225,en
943845,We're Both Grooms,2022,Romance,6.0,12,0.4509,ja
1028574,The Disappearance of Cari Farver,2022,Drama|Thriller|TV Movie,5.2,10,0.7469,en
835504,Lullaby,2022,Drama,7.2,128,0.528,es
919849,Discontinued,2022,Science Fiction|Comedy,6.21,31,0.4149,en
913496,The Mulligan,2022,Drama,7.1,10,0.3671,en
987208,Closing Dynasty,2022,Drama,6.583,12,0.4955,en
864761,Nna Thaan Case Kodu,2022,Drama|Crime|Comedy,7.371,35,0.4239,ml
1055854,Call Me Miss Cleo,2022,Documentary,5.9,10,0.5556,en
1017339,Hotel for the Holidays,2022,Romance|Comedy|TV Movie,6.0,30,0.4502,en
890316,Pure Japanese,2022,Action|Drama,7.4,29,0.5354,ja
1033528,Fit for Christmas,2022,TV Movie|Comedy|Romance|Drama,5.429,14,0.5228,en
764086,Masking Threshold,2022,Horror|Drama|Thriller,5.8,21,0.352,en
985103,King Shakir Recycle,2022,Animation|Adventure|Family|Action|Comedy|Science Fiction,5.8,70,0.7395,tr
887864,Norbourg,2022,Thriller|Drama,6.938,16,0.4394,fr
971470,Romantic Rewrite,2022,TV Movie|Romance,5.615,13,0.5996,en
683361,Super Furball Saves the Future,2022,Family|Adventure,6.3,53,0.5052,fi
776654,Bergen,2022,Drama|Music,6.0,45,0.4701,tr
948340,Girlfriends and Girlfriends,2022,Comedy,4.462,13,0.4647,es
890583,Never Too Late For Love,2022,Comedy,6.1,31,0.2813,it
928877,Styled with Love,2022,TV Movie|Romance|Comedy|Family,6.8,13,0.4312,en
839294,My Best Friend's Breakfast,2022,Romance|Drama,5.6,10,0.5059,zh
910772,North to Home,2022,TV Movie|Drama|Family|Romance,6.9,17,0.5449,en
1011219,The Way Out,2022,Drama|Horror,5.846,13,0.3849,en
944904,The Hater,2022,Comedy,4.455,11,0.5245,en
964403,Two Tickets to Paradise,2022,TV Movie|Romance|Comedy,6.95,40,0.5432,en
978006,Nothing,2022,Thriller|Drama,5.294,17,0.4841,da
891931,Monster Portal,2022,Horror|Mystery|Fantasy,5.587,98,0.3862,en
822124,Tell It Like a Woman,2022,Drama|Comedy|Action,4.2,32,0.5651,en
818783,We Might As Well Be Dead,2022,Comedy|Drama,5.65,20,0.3543,de
958612,Rip in Time,2022,TV Movie|Drama|Fantasy|Romance,6.8,49,0.3587,en
923192,Too Cool to Kill,2022,Action|Comedy,6.4,52,0.6151,zh
860135,The Free Fall,2022,Horror|Mystery,5.3,64,0.7934,en
950849,Angry Annie,2022,Drama,7.6,144,0.4388,fr
978399,Freibad,2022,Comedy,4.9,24,0.543,de
888257,Ghosts of the Ozarks,2022,Western|Horror|Mystery,5.407,43,0.4965,en
942624,Running the Bases,2022,Drama,8.3,10,0.5185,en
895078,Tell Me About Yourself,2022,Drama|Comedy,7.8,27,0.3932,es
928745,Proof of Love,2022,Comedy|Romance,7.0,47,0.4897,pt
913851,A Love Song,2022,Drama|Romance,6.7,51,0.4738,en
971503,A Merry Christmas Wish,2022,TV Movie|Comedy|Romance,6.0,53,0.5482,en
800198,Know Fear,2022,Horror,5.8,17,0.4544,en
870769,Viruman,2022,Action|Family,5.5,12,0.5083,ta
947590,The Black Pharaoh  the Savage and the Princess,2022,Animation|Drama,6.1,37,0.5624,fr
1015080,Satanic Hispanics,2022,Horror|Thriller|Comedy|Fantasy,5.9,39,0.402,en
1031038,Hopper: An American Love Story,2022,Documentary,7.2,10,0.4671,en
848367,Daddy Daughter Trip,2022,Family|Comedy,6.929,35,0.5955,en
796207,Dobaaraa,2022,Science Fiction|Mystery|Thriller,5.222,28,0.3853,hi
860707,Deep Throat: When Porn Makes Its Premiere,2022,Documentary|History|TV Movie,6.4,12,0.6607,fr
821494,Last Film Show,2022,Drama,7.5,48,0.6642,gu
786918,Promises,2022,Drama,6.304,130,0.6646,fr
916712,Oskar's Dress,2022,Drama,7.1,60,0.5516,de
891996,In Search of Darkness: Part III,2022,Documentary|Horror,7.5,24,0.5501,en
843093,More Than Ever,2022,Drama|Romance,6.436,55,0.4606,fr
893904,An Ordinary Mother,2022,Drama|Thriller,5.9,27,0.4521,fr
916361,January,2022,Drama|History,6.0,10,0.444,lv
1005804,Night of the Killer Bears,2022,Thriller|Comedy|Horror,6.0,68,0.5626,th
982465,The Stepmother,2022,Thriller|TV Movie,5.0,13,0.7139,en
996771,A Country Christmas Harmony,2022,TV Movie|Drama|Romance,5.5,11,0.4599,en
802065,F3: Fun and Frustration,2022,Comedy|Romance|Family,4.4,18,0.4609,te
1012608,Cloudy with a Chance of Christmas,2022,TV Movie|Comedy|Romance,4.8,11,0.5023,en
1187998,Crazy Kwai Boo: Sanxingdui Spirited Away,2022,Animation|Comedy|Fantasy,4.6,17,0.5413,zh
1022685,I'm Glad It's Christmas,2022,TV Movie|Comedy|Romance|Drama,5.774,53,0.4637,en
895539,Shadow,2022,Adventure|Drama,4.9,11,0.5122,ru
870387,Sharmaji Namkeen,2022,Comedy|Drama,6.929,28,0.6948,hi
805678,Followers,2022,Comedy|Horror,4.0,15,0.3088,en
960312,To Be Killed by a High School Girl,2022,Thriller|Drama,5.6,11,0.546,ja
596697,Sorority Babes in the Slimeball Bowl-O-Rama 2,2022,Horror|Comedy,3.875,16,0.5726,en
1039627,L.O.L. Surprise! Winter Fashion Show,2022,Animation,7.8,40,0.487,en
996767,A Holiday Spectacular,2022,TV Movie|Romance|Comedy|Fantasy,5.907,27,0.4249,en
995906,Galaxy Games,2022,Fantasy,5.091,11,0.7775,en
892503,The Green Shutters,2022,Drama,5.4,49,0.5291,fr
1109236,Touch of Crude,2022,Mystery,6.441,17,0.4045,en
966436,Suicide for Beginners,2022,Comedy|Horror,3.5,16,0.4493,en
805473,The Breach,2022,Horror,4.556,45,0.5382,en
1014779,The Figo Affair: The Transfer That Changed Football,2022,Documentary,6.9,113,0.5298,en
971184,Lease on Love,2022,TV Movie|Comedy|Romance|Family,7.0,24,0.5407,en
818422,Ritual,2022,Thriller|Crime,6.431,87,1.7673,nl
996720,Feed Me,2022,Horror|Comedy,5.1,35,0.4894,en
657997,Kaduva,2022,Action,5.0,17,0.5127,ml
915892,Lost Transport,2022,Drama|War|History,4.796,27,0.4297,nl
982939,Heart Parade,2022,Comedy|Romance,5.974,57,0.4374,pl
981424,Maraschino Ruby,2022,Comedy|Animation|Action|Crime|Family,7.5,14,0.6463,en
1048771,Christmas Carole,2022,Comedy|Drama|Fantasy|TV Movie,6.3,19,0.3892,en
956862,Rumspringa,2022,Comedy|Drama,5.388,67,0.5473,de
942713,Stolen by Their Father,2022,Drama|TV Movie|Crime,8.0,21,0.4734,en
1089315,Super Volcano,2022,Action|Thriller|TV Movie|Science Fiction,5.6,30,0.4493,en
877260,Contorted,2022,Horror|Mystery,4.8,12,0.4753,ko
917228,Aloha with Love,2022,Comedy|Romance,5.9,15,0.4704,en
775140,The Criminals,2022,Drama|Thriller,6.3,15,0.4221,tr
1081328,Atrapadas en familia,2022,Comedy,8.0,10,0.5076,es
1029599,Eagle and Jaguar  The Legendary Warriors,2022,Animation|Adventure|Action,6.902,51,0.4873,es
993297,Stella in Love,2022,Drama|Comedy,6.0,28,0.573,fr
1037603,DIVE,2022,Drama,7.4,78,0.6271,es
921959,Can't Live Without You,2022,Thriller|Drama,5.7,31,0.3854,es
1019343,The Sins,2022,Comedy|Crime,4.6,13,0.4238,pl
1018647,Capturing the Killer Nurse,2022,Crime|Documentary,6.5,78,0.5905,en
1023412,What You Can See from Here,2022,Drama|Comedy,6.388,40,0.3523,de
588555,My Grandfather's Demons,2022,Animation|Drama|Fantasy,5.9,87,0.5929,pt
781478,Dancing On,2022,Comedy|Romance,4.9,54,0.5424,fr
660946,Moon  66 Questions,2022,Drama,5.8,12,0.3934,el
934605,Attack of the 50 Foot Camgirl,2022,Science Fiction|Comedy,3.7,13,0.4812,en
662399,Italian Studies,2022,Drama,5.3,27,0.4878,en
811942,Bheemla Nayak,2022,Action|Drama|Thriller,5.7,19,0.6192,te
1003352,A Christmas Masquerade,2022,TV Movie|Romance|Comedy,6.2,19,0.3317,en
954911,The Doll 3,2022,Horror|Thriller,4.1,11,0.7087,id
946706,Lost & Found,2022,Mystery|Thriller,6.03,135,0.4087,es
891445,Bimbisara,2022,Action|Fantasy|Drama,5.9,16,0.4317,te
893334,The Adventures of Maid Marian,2022,Adventure|Action,4.63,24,0.4861,en
892530,Julia(s),2022,Drama|Comedy,6.8,116,0.5179,fr
980605,Wrath of Van Helsing,2022,Horror,5.8,42,0.5523,en
876109,Listen Out for Love,2022,TV Movie|Comedy|Romance,5.6,22,0.3573,en
1004808,Cinderella: The Reunion  A Special Edition of 20/20,2022,Documentary|TV Movie,8.0,10,0.4703,en
766804,Wild Flowers,2022,Drama,6.3,36,0.3453,es
846803,No One's with the Calves,2022,Drama,5.6,15,0.4805,de
1022206,Someone Borrowed,2022,Comedy|Romance,6.3,132,0.4528,pt
920220,Johnny,2022,Drama,7.255,94,0.4531,pl
900114,Shane,2022,Documentary,6.8,10,0.4528,en
915885,All for Ella,2022,Music|Drama|Romance|Comedy,5.761,23,0.4678,de
1053080,Delivery by Christmas,2022,Romance|Comedy,5.9,80,0.5102,pl
882826,An Action Hero,2022,Action|Thriller|Comedy,6.507,76,0.7043,hi
916387,Heart of an Oak,2022,Documentary,7.5,36,0.5919,fr
919746,Scented with Love,2022,TV Movie|Comedy|Romance|Family,6.2,11,0.5413,en
931871,Behind the Scenes with Jane Campion,2022,Documentary,6.1,14,0.5086,en
927909,The Warriorr,2022,Action|Drama,4.9,13,0.5302,te
783573,Three Times Nothing,2022,Comedy,6.101,69,0.5408,fr
997660,Nightsiren,2022,Mystery|Drama|Horror,5.5,33,0.362,sk
862856,Cop Goes Missing,2022,Drama,4.6,12,0.4512,fr
898774,Amityville Uprising,2022,Horror|Action|Thriller,3.5,11,0.4429,en
978436,Adanis: Kutsal Kavga,2022,Drama|Action|Adventure,5.0,25,0.4575,tr
1002482,Amazing Elisa,2022,Drama,4.2,10,0.4592,es
888816,Love in Bloom,2022,TV Movie|Romance|Comedy,6.8,25,0.6195,en
936391,You Will Not Have My Hate,2022,Drama,5.9,45,0.5958,fr
828827,Veerame Vaagai Soodum,2022,Action|Thriller,5.8,10,0.4712,ta
960668,Maksym Osa: The Gold of Werewolf,2022,Mystery|History,5.806,18,0.3934,uk
965571,Patriots Time,2022,Action|War|Drama,7.5,133,0.7301,ru
882844,Film: The Living Record of Our Memory,2022,Documentary|History,7.8,10,0.4347,en
975504,Disappearance in Yellowstone,2022,Thriller|TV Movie,5.3,15,0.379,en
735697,Incredible But True,2022,Comedy|Fantasy|Mystery,6.025,433,0.5339,fr
960170,Rainbow,2022,Fantasy|Drama|Comedy|Music,5.5,45,0.5958,es
796353,Those Who Walk Away,2022,Horror|Drama,4.5,21,0.4196,en
950199,Mittagsstunde,2022,Drama,6.9,20,0.4217,de
992187,Chip and Potato: Chip's Holiday,2022,Animation,5.2,10,0.4563,en
810214,Héroes de barrio,2022,Comedy|Drama,5.8,20,0.533,es
752564,Maigret,2022,Mystery|Drama,5.8,279,0.4487,fr
983224,Campfire Christmas,2022,TV Movie|Comedy|Romance,6.0,18,0.5065,en
956001,14 Love Letters,2022,TV Movie|Romance,6.3,13,0.4304,en
863539,Gold,2022,Comedy|Drama,3.8,12,0.4108,ml
933100,Medusa,2022,Drama|Romance,5.0,15,0.4647,fr
1028544,Undercover Holiday,2022,TV Movie|Comedy|Drama|Romance,6.2,15,0.3382,en
844396,The Friendship Game,2022,Horror|Science Fiction|Mystery,4.689,66,0.4738,en
1042984,Christmas Full of Grace,2022,Romance|Comedy,5.8,68,0.4601,pt
943053,Two Days Before Christmas,2022,Romance|Comedy|Drama,6.3,10,0.4892,fr
749107,Little Solange,2022,Drama,5.8,18,0.321,fr
913760,Klondike,2022,Drama|War,6.5,49,0.4409,uk
852758,I Am the Abyss,2022,Thriller|Crime,5.697,117,0.4525,it
944625,Chernobyl: The Lost Tapes,2022,Documentary,7.3,40,0.499,en
1028550,#Xmas,2022,TV Movie|Comedy|Drama|Romance,5.3,41,0.3899,en
776327,Blackout Love,2022,Romance|Comedy,5.0,12,0.3934,it
998684,Golden Years,2022,Comedy|Drama|Romance,5.9,12,0.4618,de
919670,Phantom Summer,2022,Horror|Music|Romance|Fantasy,6.0,12,0.3766,pt
892869,Cider and Sunsets,2022,TV Movie|Comedy|Romance|Family,6.3,28,0.3958,en
1106213,Wolf Mountain,2022,Action|Horror,5.3,36,0.5394,en
819504,Seriously Red,2022,Romance|Comedy|Music|Drama,5.024,21,0.6365,en
1028547,'Twas the Night Before Christmas,2022,TV Movie|Comedy|Drama|Romance,6.157,35,0.503,en
591662,No Looking Back,2022,Action|Comedy|Thriller,5.66,25,0.3585,ru
955114,Deadly Cheer Mom,2022,Thriller|Mystery|TV Movie|Drama,6.1,11,0.4358,en
926616,Becoming Al Pacino,2022,Documentary|History|TV Movie,7.5,13,0.4084,fr
835561,Minsk,2022,Drama,7.2,32,0.6147,ru
767254,Blaze,2022,Drama|Fantasy|Crime,5.368,34,0.6203,en
917300,The Surprise Visit,2022,Thriller|Crime,4.5,24,0.4882,en
890618,The Prince of Rome,2022,Comedy,5.8,60,0.3639,it
968857,Looks Can Kill,2022,Thriller,4.0,20,0.4186,en
884588,A Jaula,2022,Thriller,6.9,43,0.3673,pt
1011604,Shark Waters,2022,Thriller|Horror|Action,4.7,28,0.8213,en
882397,Naai Sekar Returns,2022,Comedy,7.1,56,0.3512,ta
614282,Executive Order,2022,Drama|Science Fiction,6.9,118,0.5291,pt
1027439,Lights  Camera  Christmas!,2022,TV Movie|Comedy|Drama|Romance,6.32,25,0.4426,en
988225,Yolki  9,2022,Comedy|Adventure,3.8,13,0.4041,ru
839738,Me  Myself & I: Lost in Time,2022,Family|Fantasy,7.7,48,0.3487,it
1031907,Hans Zimmer: Hollywood Rebel,2022,Documentary|Music,7.2,16,0.4065,en
1013901,Taylor Hawkins Tribute Concert,2022,Music,7.9,10,0.3661,en
995810,Bridge of the Doomed,2022,Horror|Action,4.9,23,0.3428,en
984303,Dirty Little Secret,2022,Drama|TV Movie,6.4,16,0.4126,en
884453,Tricky Old Dogs 2,2022,Comedy,5.3,37,0.3698,fr
1032603,Rebellion,2022,Drama|Thriller|Music|History,7.7,13,0.4393,es
826396,A Violent Man,2022,Crime|Drama,6.543,23,0.3339,en
977673,Thai Massage,2022,Comedy|Drama,6.091,11,0.4386,hi
911154,Shabaash Mithu,2022,Drama|Family,6.067,15,0.5084,hi
973509,The Highwayman,2022,Adventure|Drama,6.1,36,0.438,en
717139,Kikka!,2022,Drama|Music,6.2,13,0.4256,fi
1017619,13:14: The Challenge of Helping,2022,Documentary|History|TV Movie,5.7,15,0.4642,es
930921,Strangeness,2022,Comedy|History|Drama,6.848,356,0.3509,it
964704,Will-o'-the-Wisp,2022,Comedy|Music|Romance|Fantasy,6.0,26,0.5684,pt
921253,Icarus,2022,Animation|Fantasy|Adventure,6.65,40,0.6653,fr
851238,Guglhupfgeschwader,2022,Comedy|Crime,6.415,65,0.4321,de
1037391,Christmas in Paradise,2022,Comedy|Drama,4.283,23,0.4974,en
932107,The Engagement Back-Up,2022,TV Movie|Comedy|Romance|Family,6.0,15,0.3213,en
756307,Delia's Gone,2022,Mystery|Thriller|Crime|Drama,3.8,18,0.4798,en
840289,Immenhof - Das große Versprechen,2022,Family|Drama|Comedy,5.7,10,0.7357,de
916386,The Forger,2022,Drama|History,6.16,46,1.4607,de
1030969,A Christmas Spark,2022,TV Movie|Comedy|Drama|Romance,6.2,17,0.4283,en
772450,Presencias,2022,Horror,6.7,125,0.5401,es
928350,Love  Deutschmarks and Death,2022,Documentary,8.1,19,0.4019,tr
861825,Be Mine  Valentine,2022,TV Movie|Comedy|Romance|Drama,6.7,15,0.3869,en
793447,The Moon and Back,2022,Comedy,5.6,10,0.5154,en
1047091,Godzilla vs. Gigan Rex,2022,Action|Science Fiction|Animation,8.933,15,0.6695,ja
938436,In the Heart of the Machine,2022,Drama|Thriller,6.558,26,0.4484,bg
722071,I Work at the Cemetery,2022,Drama,7.18,25,0.4282,uk
1040371,Ninety-Five Senses,2022,Animation|Drama,7.348,33,0.3301,en
919348,The Fourth Musketeer,2022,Action|Adventure,4.75,12,0.431,en
978406,Alien Endgame,2022,Documentary,6.7,10,0.3564,en
927755,Feeling Butterflies,2022,TV Movie|Comedy|Romance,6.9,28,0.5078,en
1041317,Battle for the Western Front,2022,War,6.1,27,0.4835,en
740460,The Wannabes,2022,Comedy,6.088,334,0.3514,fr
1049702,Making 1899,2022,Documentary,6.656,16,0.9831,en
1004642,Amanda,2022,Drama|Comedy,6.6,76,0.5675,it
883800,Adieu Paris,2022,Comedy,4.689,61,0.7727,fr
892953,Love on Fire,2022,Comedy|Romance|TV Movie,6.5,14,0.5435,en
1052507,Jeff Dunham: Me the People,2022,Comedy|TV Movie,7.409,11,0.2666,en
797815,Martyrs Lane,2022,Horror,6.078,77,0.4457,en
1011579,Gabriel Iglesias: Stadium Fluffy,2022,Comedy,7.593,43,0.2812,en
677528,Avatara Purusha: Part 1,2022,Thriller|Fantasy|Horror,5.0,22,0.4252,kn
790806,Love Thing,2022,Comedy|Romance,5.4,35,0.5379,de
1022072,Devil in the Lake,2022,Horror|Mystery|TV Movie,6.2,16,0.4282,ko
821669,Cracked,2022,Horror|Thriller,5.9,23,0.3853,th
939014,Hunting Season,2022,Comedy,5.551,39,0.4662,de
854576,Land of Dreams,2022,Drama|Comedy,4.471,17,0.5131,en
946253,Jurassic Island,2022,Action|Science Fiction|Adventure|Horror,2.5,11,1.1214,en
896639,Elizabeth: A Portrait in Part(s),2022,Documentary|Drama|History,5.6,19,0.3831,en
888319,Kanam,2022,Drama|Fantasy|Science Fiction,7.2,10,0.473,ta
927085,The Biggest Little Farm: The Return,2022,Documentary,7.3,35,0.7052,en
1018220,Plan A Plan B,2022,Romance|Comedy,5.84,25,0.8175,hi
967183,38 at the Garden,2022,Documentary,6.864,22,0.3439,en
685411,Marvelous and the Black Hole,2022,Comedy|Drama,6.58,25,0.5184,en
958496,My Imaginary Country,2022,Documentary,6.6,19,0.4624,es
865370,The Last Mark,2022,Action|Thriller,7.216,37,0.4041,en
846005,Sisterhood,2022,Drama,5.8,14,0.4384,mk
924154,War Sailor,2022,Drama|War|History,6.633,30,0.547,no
785200,Uman – The Perfect Man,2022,Comedy,4.9,48,0.449,fr
994468,Son of a Mother,2022,Documentary,7.5,31,0.2739,pt
913824,Free Chol Soo Lee,2022,Documentary|Crime,7.25,14,0.2625,en
648743,Don't Blame Karma!,2022,Romance|Comedy,6.874,187,0.4647,es
1022011,Sinam,2022,Action|Thriller|Crime,4.9,10,0.3429,ta
999825,Wedding of a Lifetime,2022,TV Movie|Romance|Comedy,7.0,17,0.3973,en
935160,The Wrong High School Sweetheart,2022,Thriller|TV Movie|Drama|Romance,5.9,10,0.4325,en
1028944,Curse of Crom: The Legend of Halloween,2022,Fantasy|Horror,5.339,31,0.3935,en
1028955,In Isolation,2022,Thriller|Horror,4.2,15,0.4394,en
899686,Homestay,2022,Drama|Mystery|Fantasy,6.1,19,0.5251,ja
852437,Mastemah,2022,Horror|Thriller,5.486,36,0.4699,fr
892502,Romantique,2022,Comedy|Drama|Romance,5.0,26,0.4106,fr
946927,Life and Death in the Warehouse,2022,Drama,6.5,16,0.3801,en
893730,Say Cheese,2022,Comedy,5.3,49,0.2979,fr
1026941,Christmas at the Drive-In,2022,TV Movie|Comedy|Romance,5.8,61,0.3909,en
944934,A Short Story,2022,Adventure|Fantasy,6.4,76,0.4459,zh
953371,White Hot: The Rise & Fall of Abercrombie & Fitch,2022,Documentary,5.684,95,0.4607,en
1054624,Terror Train 2,2022,Horror|Mystery,4.5,20,0.4682,en
784940,Good Luck Jerry,2022,Comedy|Crime|Drama,5.143,14,0.3818,hi
1034629,Stromboli,2022,Drama,5.233,45,0.4322,nl
946310,Pirates Down the Street II: The Ninjas from Across,2022,Family|Action|Adventure,6.4,171,0.5841,nl
874136,The Perfect Pairing,2022,TV Movie|Romance|Comedy,6.1,31,0.6142,en
728878,The Time of Secrets,2022,Family|Drama|History,6.0,51,0.4391,fr
799878,The Nameless Days,2022,Horror,6.0,32,0.4471,en
975714,Collision,2022,Thriller|Crime|Drama,5.837,135,0.4154,en
944303,Le Torrent,2022,Thriller,5.624,85,0.5241,fr
579884,The Swiss Adventure,2022,Animation,6.3,18,0.5697,ru
991247,Kingslayer,2022,Action,5.6,11,0.4183,en
860700,A Family For 1640 Days,2022,Drama,7.3,69,0.3987,fr
985890,Among the Living,2022,Horror|Drama|Thriller,4.727,22,0.2526,en
929436,Forgive Us Our Trespasses,2022,Drama|War,6.268,114,0.5798,en
855810,Two Many Chefs,2022,Comedy,6.1,55,0.3287,es
1051959,The Claus Family 3,2022,Family|Comedy|Fantasy,5.7,56,0.557,nl
952464,The Man of God,2022,Drama,5.8,18,0.715,en
969701,They Crawl Beneath,2022,Horror|Science Fiction|Thriller,3.404,26,0.3778,en
931346,Who Invited Them,2022,Horror|Thriller|Comedy,5.483,86,0.4394,en
776542,Human Factors,2022,Drama|Mystery,4.8,13,0.3501,de
996052,Death Hunt,2022,Action|Thriller,3.469,16,0.4883,en
1020532,Nikki & Nora: Sister Sleuths,2022,TV Movie|Mystery|Drama,6.2,15,0.4722,en
883870,Mon Heroine,2022,Comedy,6.2,51,0.5262,fr
843621,Something in the Dirt,2022,Comedy|Horror|Mystery|Science Fiction,5.784,132,0.5561,en
945778,Give Me Five,2022,Comedy|Science Fiction|Romance|Drama,4.9,12,0.284,zh
940614,Swim Instructor Nightmare,2022,Thriller|TV Movie,5.9,10,0.4066,en
1062088,Desconectados,2022,Comedy,6.2,19,0.3559,es
926967,The Silent Forest,2022,Mystery|Thriller|Crime|Drama,5.745,49,0.5302,de
442617,Wilderness Therapy,2022,Comedy,4.9,50,0.5342,fr
933833,Kooman,2022,Drama|Mystery|Thriller,6.6,15,0.4252,ml
980478,Metamorphosis,2022,Horror|Science Fiction|Drama|Thriller,4.0,11,0.3593,fr
783556,Men on the Verge of a Nervous Breakdown,2022,Comedy,5.2,82,0.4479,fr
913822,Descendant,2022,Documentary|History,6.29,31,0.35,en
922690,Prince,2022,Comedy|Romance,4.1,16,0.5138,ta
1029208,This Is Christmas,2022,Comedy|Drama|Romance|TV Movie,7.045,56,0.4239,en
1013602,Mister Organ,2022,Documentary,6.6,17,0.4384,en
933415,Deep Fear,2022,Horror,5.061,49,0.4228,fr
1013665,Jackpot Island - Kumanthong Returns,2022,Thriller|Action|Drama|Horror,6.1,39,0.3912,vi
1000938,The Price of Family,2022,Comedy,6.423,239,0.5308,it
958301,Karaoke,2022,Comedy|Drama|Romance,6.7,15,0.2664,he
953661,Ramona,2022,Drama|Comedy|Romance,6.8,29,0.3712,es
657995,Padavettu,2022,Drama|Action,6.5,11,0.4751,ml
928338,Noirs en France,2022,Documentary,6.7,14,0.3585,fr
865371,Nightride,2022,Thriller|Drama,5.667,24,0.3897,en
529193,The Harbinger,2022,Thriller|Mystery|Drama|Horror,4.8,41,0.3848,en
1081055,The Guardian Angel,2022,TV Movie|Crime|Drama,5.7,23,0.4577,de
959785,Dinosaurs: The Final Day with David Attenborough,2022,Documentary|History,7.4,37,0.4419,en
967954,The Love,2022,Drama,6.3,11,0.457,ar
962279,The Walk,2022,Drama,5.976,21,0.4136,en
774600,Zaï Zaï Zaï Zaï,2022,Comedy,5.7,132,0.541,fr
947962,La traversée,2022,Comedy|Drama|War,6.076,125,0.5062,fr
897374,Endangered,2022,Documentary,6.3,18,0.4055,en
1030250,Freeze,2022,Horror|Thriller,3.9,13,0.5437,en
880156,Goddamned Asura,2022,Drama|Crime,6.7,13,0.4476,zh
790529,C’era una volta il crimine,2022,Comedy,5.505,105,0.3383,it
925668,Rusty Blade,2022,Drama|Action,5.7,13,0.3537,zh
814972,Perfect Strangers,2022,Comedy|Drama,6.8,10,0.4628,id
899792,Family Affairs,2022,Comedy,6.663,95,0.4699,de
959130,Spring Awakening: Those You've Known,2022,Documentary|Music,7.2,20,0.4265,en
1005772,Jikirag,2022,Horror,6.3,46,0.4768,en
990982,Last the Night,2022,Thriller|Horror,5.138,29,0.4646,en
1055806,Oswald the Lucky Rabbit,2022,Animation|Comedy,6.452,31,0.4217,en
1014574,Drawn Into the Night,2022,Horror|Thriller,6.175,40,0.4489,en
862553,Bar Fight,2022,Comedy,6.25,42,0.4337,en
990659,My Favorite Girlfriend,2022,Romance|Comedy,5.5,30,0.3354,en
932498,A Thousand Lines,2022,Comedy,5.987,38,0.4703,de
930957,Wild,2022,Comedy,5.4,10,0.5167,ru
821857,Ragazzaccio,2022,Comedy,5.8,12,0.4361,it
915968,Scare Package II: Rad Chad’s Revenge,2022,Horror|Comedy,5.7,34,0.3246,en
999262,Shania Twain: Not Just a Girl,2022,Documentary|Music,6.964,28,0.4431,en
757341,The Butcher's Daughter,2022,Romance|Comedy,5.2,60,0.4113,fr
1020481,Pumpkin Everything,2022,TV Movie|Romance|Comedy,6.5,21,0.5845,en
969160,Deinfluencer,2022,Horror|Thriller,5.7,67,0.3776,en
949544,Debbie Does Demons,2022,Horror,2.6,14,0.4948,en
1017492,Baked with a Kiss,2022,TV Movie|Comedy|Romance,6.7,11,0.4006,en
963746,Summer of 1941,2022,Action|War,5.7,30,0.4245,ru
888311,Voy a pasármelo bien,2022,Music|Romance|Comedy,6.6,74,0.3342,es
983683,Bill Burr Presents: Friends Who Kill,2022,Comedy,5.375,84,0.3571,en
650253,A Young Man,2022,Comedy,6.8,21,0.3841,ru
653942,A Thousand Little Cuts,2022,Drama|Mystery|Thriller,5.25,16,0.3132,en
874958,Love for Starters,2022,TV Movie|Romance|Comedy|Family,6.1,17,0.2936,en
1031046,Steppin' into the Holiday,2022,TV Movie|Comedy|Drama|Romance,6.7,12,0.3164,en
795652,Cosmic Dawn,2022,Science Fiction|Thriller|Drama,5.1,24,0.4721,en
933045,Russia's Wild Tiger,2022,Documentary|Family,6.857,21,0.3165,en
1027351,A Kismet Christmas,2022,TV Movie|Comedy|Drama|Romance,6.333,18,0.3586,en
1028703,The OctoGames,2022,Thriller|Action|Horror,5.367,132,0.7256,en
1011370,The Shrew,2022,Comedy|Drama,4.5,11,0.3802,pl
1019835,Love You for Now,2022,Comedy|Drama|Romance,5.929,14,0.4335,da
755393,Saani Kaayidham,2022,Crime|Action|Drama|Romance,6.3,23,0.4606,ta
888001,River of Fear,2022,Thriller|Mystery|Horror,5.568,59,0.262,lv
854456,My Butt Has a Fever,2022,Animation|Comedy|Music,8.654,13,0.4169,en
885266,Kung-Fu Zohra,2022,Comedy|Action|Drama,5.5,60,0.4632,fr
1035583,Here for Blood,2022,Horror|Comedy,6.386,22,0.3735,en
996565,Elephant,2022,Drama,6.467,15,0.3844,pl
820705,The Hill Where Lionesses Roar,2022,Drama,6.4,16,0.3849,sq
833591,Perfect Strangers,2022,Comedy|Drama|Thriller,6.018,84,0.4426,ar
896166,Monster,2022,Action|Adventure|Crime,3.2,12,0.4804,ml
852052,Banger.,2022,Comedy|Drama|Crime,5.2,11,0.3951,cs
778999,Sposa in rosso,2022,Comedy,4.6,20,0.3907,it
640028,The Secret of Dr. Grinberg,2022,Documentary,8.65,50,0.4529,es
1013599,Blood Relatives,2022,Horror|Comedy,4.6,17,1.0196,en
627915,The Score,2022,Drama|Romance|Thriller,5.286,14,0.3896,en
971647,Godspeed,2022,Drama,6.906,32,0.6104,tr
854323,Miracle,2022,Drama|Thriller,6.7,28,0.3999,ro
1026103,Exist Within,2022,Thriller,6.9,10,0.5972,ko
946652,Kaun Pravin Tambe?,2022,Drama,7.395,19,0.4683,hi
770719,Brado,2022,Drama,6.3,42,1.5047,it
959108,Entre ses mains,2022,Thriller|TV Movie,5.8,19,0.3582,fr
1015190,A Gingerbread Christmas,2022,TV Movie|Family|Drama,6.138,29,0.3574,en
916426,Talking About the Weather,2022,Drama,6.4,11,0.4534,de
964789,Stranger at the Gate,2022,Documentary,6.186,35,0.3594,en
826451,Loving Christmas,2022,TV Movie|Comedy|Romance|Family,5.1,18,0.3317,en
933939,Above the World,2022,Drama,5.4,19,0.3661,de
1014884,In Her Hands,2022,Documentary,5.853,17,0.3932,fa
913838,All That Breathes,2022,Documentary|Drama,6.886,83,0.3969,en
984430,James Corden's Top Gun Training with Tom Cruise,2022,Comedy|Documentary,6.067,15,0.4466,en
669402,A Change of Heart,2022,Drama,5.139,36,0.3533,fr
947549,My Father's Secrets,2022,Animation|Drama|History,6.9,21,0.4735,fr
895957,The House Among the Cactuses,2022,Drama,6.5,22,0.279,es
1030054,Vasil,2022,Comedy|Drama,6.3,26,0.3295,es
950618,Sinister Stepsister,2022,Thriller,6.6,24,0.706,en
991115,Bill Burr: Live at Red Rocks,2022,Comedy,7.305,131,0.3671,en
970895,Hidden Gems,2022,TV Movie|Romance|Comedy,6.3,32,0.464,en
854550,Pilgrims,2022,Drama,5.5,14,0.2969,lt
802714,Animals,2022,Crime|Drama,5.0,16,1.2828,fr
1033643,Dognapped: Hound for the Holidays,2022,TV Movie|Comedy|Romance,5.706,17,0.4131,en
1056569,Battle for Pandora,2022,Science Fiction|Horror|Action,3.4,14,0.572,en
890233,The Winter Palace,2022,TV Movie|Comedy|Romance|Drama,6.8,25,0.32,en
876828,Night Drive,2022,Thriller|Drama,7.6,10,0.4282,ml
873992,Saudi Vellakka,2022,Drama,7.5,14,0.4199,ml
885583,Mother Teresa & Me,2022,Drama|History,6.9,11,0.296,en
661348,Cow,2022,Documentary,6.4,65,0.362,en
611854,Below the Surface,2022,War|Drama|History,4.0,13,0.3772,pl
902552,Thank You,2022,Romance|Drama,5.7,10,0.4273,te
925488,Halfway Home,2022,Romance|Fantasy,7.3,11,0.3457,hu
987758,The Three Wise Men vs. Santa,2022,Comedy|Fantasy,7.697,76,0.2947,es
843427,Valiant Hearts,2022,Drama,5.1,18,0.3798,fr
1014550,Skandal! Bringing Down Wirecard,2022,Documentary,7.438,48,0.4767,en
870724,Burning Hearts,2022,Drama|Romance,6.567,112,0.5613,it
941727,Behind Closed Doors,2022,Drama|Thriller,6.526,19,0.5021,ru
776332,September,2022,Comedy,6.8,97,0.3654,it
772446,No abras la puerta,2022,Horror,6.6,37,0.4277,es
784217,Damon's Revenge,2022,Horror|Action,3.6,12,0.3921,en
1028558,My Southern Family Christmas,2022,TV Movie|Comedy|Drama|Romance,6.5,25,0.4109,en
998783,Stay With Us,2022,Comedy,5.75,83,0.3988,fr
960205,Lancaster,2022,Documentary,6.8,12,0.4409,en
1061089,Nothing Is Impossible,2022,Drama|Romance,6.8,29,0.4876,en
1033776,Ivan Tsarevich & the Grey Wolf 5,2022,Animation,6.0,11,0.4359,ru
846094,The Womb,2022,Drama|Horror|Mystery,5.9,13,0.4126,id
985704,The Resemblance,2022,Drama,5.929,14,0.2427,en
828792,A Bridesmaid in Love,2022,TV Movie|Romance|Comedy,5.342,19,0.4548,en
1028548,A Fabled Holiday,2022,TV Movie|Comedy|Drama|Romance,6.2,32,0.4626,en
1005696,Wolf and Dog,2022,Drama,5.4,12,0.2841,pt
665042,Miracle in Cell No. 7,2022,Drama|Comedy|Family,7.9,15,0.6015,id
764517,Wheatfield,2022,Drama,6.4,47,0.3363,es
1002371,Game  Set  Love,2022,TV Movie|Romance|Comedy,6.2,13,0.3966,en
778970,In the Name of a Prank,2022,Comedy|Drama,6.8,25,0.365,ru
844180,Flickering Ghosts of Love Gone By,2022,Documentary,6.861,18,0.2271,fr
926516,Happy 50,2022,Comedy,5.303,157,0.4842,fr
893030,Children of the Mist,2022,Documentary,6.8,18,0.3149,vi
1027442,A Maple Valley Christmas,2022,TV Movie|Comedy|Drama|Romance,6.311,45,0.4502,en
754342,The Girl on the Mountain,2022,Thriller|Drama,6.5,25,0.449,en
1027822,Barrio Boy,2022,Comedy|Drama|Romance,5.15,10,0.4646,en
1043835,20/20 Presents Black Panther: In Search of Wakanda,2022,Documentary,3.7,10,0.3939,en
642781,The Barn Part II,2022,Horror,4.7,21,0.3926,en
669400,Here Before,2022,Drama|Mystery|Thriller,5.488,42,0.3373,en
913243,White Dog,2022,Drama,6.958,12,0.3144,fr
968862,The Third Saturday in October,2022,Horror|Comedy,4.5,13,0.4453,en
938971,A Baby at Any Cost,2022,TV Movie|Thriller|Crime|Drama,6.5,17,0.3059,en
1038771,A Match for the Prince,2022,TV Movie|Comedy|Romance,5.773,11,0.329,en
931734,Single Black Female,2022,Thriller|TV Movie|Horror|Drama,6.545,22,0.4298,en
1033878,Tara vs Bilal,2022,Romance|Comedy|Drama,6.306,18,0.3945,hi
962543,The Worst Ones,2022,Drama|Comedy,6.8,86,0.3362,fr
933908,Night's End,2022,Horror,4.38,25,0.343,en
961761,Another One,2022,Comedy,5.9,20,0.4123,ar
757276,Naradan,2022,Thriller|Drama,6.2,10,0.3464,ml
852664,Laura Pausini – Pleased to Meet You,2022,Documentary|Music,7.256,43,0.3807,it
840098,Lord of the Ants,2022,Drama|History,7.203,214,0.4228,it
569118,CBI 5: The Brain,2022,Crime|Thriller,4.5,16,0.4217,ml
1003469,Mistletoe Match,2022,TV Movie|Comedy|Romance,5.5,18,0.4252,en
1011367,Operation Nation,2022,Comedy|Romance,5.5,37,0.3753,pl
965398,Leave No Trace,2022,Documentary,6.7,12,0.3972,en
962568,Butterfly Vision,2022,Drama,6.3,17,0.3384,uk
1022103,Conjuring: The Beyond,2022,Horror,4.3,30,0.3538,en
910773,Cut  Color  Murder,2022,TV Movie|Mystery|Crime,6.4,20,0.3927,en
1000237,Love in the Limelight,2022,TV Movie|Comedy|Romance,7.0,25,0.3844,en
885021,The Little Alien,2022,Animation|Adventure|Family,6.9,39,0.5205,da
651187,El vestido de la novia,2022,Horror|Comedy,7.7,40,0.4777,es
612696,Manchurian Tiger,2022,Comedy|Drama,5.5,10,0.2991,zh
850020,Kaymak,2022,Comedy|Drama|Romance,6.1,18,0.3492,mk
633951,Confessions of a Hitman,2022,Crime|Drama|Action,6.337,43,0.2904,fr
958192,Alma Viva,2022,Drama,6.0,27,0.3678,pt
893894,Singing Jailbirds,2022,Music|Comedy|Drama,6.3,20,0.3096,fr
983406,Fourth of July,2022,Comedy|Drama,6.274,31,0.2934,en
824480,The Wheel,2022,Drama,5.167,12,0.4255,en
934196,The Spy Who Never Dies,2022,Action|Comedy,5.125,20,0.4439,en
638960,The Ship,2022,Comedy,7.2,16,0.3771,es
1066975,Keanu Reeves: Pop Messiah,2022,Documentary,7.65,10,0.5128,fr
1002644,Spider,2022,Horror,6.045,44,0.3845,en
991291,#No_Filter,2022,Horror|Thriller|Fantasy|TV Movie,4.7,32,0.4036,en
977367,The Greatest Lie Ever Sold: George Floyd and the Rise of BLM,2022,Documentary,6.6,29,0.3221,en
926296,Les Particules élémentaires,2022,TV Movie|Romance|Drama|Crime,5.4,11,0.3592,fr
922705,Les SEGPA,2022,Comedy,5.309,89,0.3799,fr
1053419,A Not So Merry Christmas,2022,Comedy|Family,6.626,175,0.2596,es
941596,Thar,2022,Western|Action|Thriller|Drama|Crime,5.763,40,0.4212,hi
884669,Motherhood,2022,Drama,7.2,22,0.3276,es
985102,Krampus: The Return,2022,Horror,6.5,35,0.3701,en
965132,George Michael: Freedom Uncut,2022,Music|Documentary,7.0,19,0.5062,en
962541,Our Brothers,2022,Drama|History,6.2,44,0.3079,fr
661925,Softie,2022,Drama,7.0,63,0.5753,fr
1034168,The 12 Days of Christmas Eve,2022,TV Movie|Comedy|Fantasy,5.927,41,0.6333,en
992117,Italia 1982  una storia azzurra,2022,Documentary,7.7,11,0.2994,it
982317,11th Hour Cleaning,2022,Horror,4.905,42,0.3956,en
1027338,We Wish You a Married Christmas,2022,TV Movie|Comedy|Romance,5.162,37,0.3829,en
788933,Nobody Has to Know,2022,Drama|Romance,6.7,62,0.3127,en
997364,A Splash of Love,2022,TV Movie|Comedy|Romance,7.0,18,0.2809,en
1000517,The Temple Woods Gang,2022,Thriller|Drama|Crime,5.9,21,0.335,fr
970907,Moriah's Lighthouse,2022,TV Movie|Comedy|Romance,6.8,26,0.3922,en
724585,Birdemic 3: Sea Eagle,2022,Horror|Thriller|Romance,3.24,25,0.3217,en
943000,A Stasi Comedy,2022,Comedy,5.0,30,0.5074,de
884625,A Slice of Chicago Romance,2022,TV Movie|Comedy|Romance|Family,6.0,14,0.3394,en
947569,Forever Young,2022,Music|Comedy,5.682,33,0.3435,fr
974264,The Ones You Didn’t Burn,2022,Horror,6.1,12,0.3709,en
805298,In the Light of the Night,2022,Mystery,5.7,18,0.5125,de
800855,Live Is Life,2022,Comedy|Adventure,6.717,69,0.3737,es
962589,Christmas on Mistletoe Lake,2022,TV Movie|Comedy|Romance,6.6,14,0.4597,en
1033548,Brad Pitt: More Than a Pretty Face,2022,Documentary,7.2,21,0.394,fr
912504,Planning On Forever,2022,TV Movie|Comedy|Romance|Family,5.8,20,0.4557,en
944024,The Mystery of Her,2022,Drama,6.6,31,0.3263,en
857255,Emergency Situation,2022,Comedy|Drama,5.6,12,0.2598,cs
912826,Rubius X,2022,Documentary,8.535,144,0.3842,es
910405,8 Things,2022,Comedy,4.5,13,0.4073,pl
986965,Suitcase Killer: The Melanie McGuire Story,2022,Drama|TV Movie|Crime,5.6,25,0.4734,en
897155,A Matter of Trust,2022,Drama,5.1,14,0.31,da
872247,Until We Meet Again,2022,Romance|Drama|Fantasy,4.8,10,0.4108,en
1001840,Hypersleep,2022,Science Fiction|Thriller,6.021,72,0.4956,it
1013126,The Fence,2022,Drama|Comedy,6.9,11,0.4409,en
997703,Buba,2022,Comedy|Drama,5.417,109,0.3931,de
934198,Stay the Night,2022,Romance|Drama,6.7,18,0.3893,en
1018582,Blutholz,2022,Drama|Crime,5.861,18,0.405,de
857850,Farmer Seeking Love,2022,TV Movie|Romance|Comedy,6.211,19,0.4359,en
835761,Pathonpatham Noottandu,2022,History|Action|Drama,5.0,12,0.3303,ml
818502,Fenced In,2022,Comedy,5.684,68,0.3575,pt
800282,I'm Totally Fine,2022,Comedy|Science Fiction|Drama,6.3,29,0.5596,en
838916,The Biggest Fan,2022,Comedy,5.5,102,0.474,fr
1003487,Single and Ready to Jingle,2022,TV Movie|Comedy|Romance,6.1,27,0.3028,en
1006812,Dangerous Payback,2022,Thriller|TV Movie,6.2,12,0.3679,fr
1040325,Tous Inconnus,2022,TV Movie|Comedy,3.4,17,0.2587,fr
1028543,When I Think of Christmas,2022,TV Movie|Comedy|Romance|Drama,6.211,19,0.4183,en
928217,Two Of A Kind,2022,Comedy,5.734,158,0.3867,fr
664506,Another World,2022,Drama,6.815,189,0.4138,fr
847574,Il giorno più bello,2022,Comedy,5.2,58,0.2659,it
889672,The World of Yesterday,2022,Drama,5.613,40,0.3614,fr
1039026,Franco Escamilla: Eavesdropping,2022,Comedy,8.594,90,0.583,es
929472,Erax,2022,Mystery|Family,4.6,39,0.2989,en
741093,The Nerd and the Supergirl,2022,Comedy|Science Fiction,6.1,10,0.4114,ru
955384,Ronny Chieng: Speakeasy,2022,Comedy,6.433,30,0.2794,en
978651,The Razing,2022,Drama|Horror|Mystery,4.9,10,0.3368,en
846795,Actual People,2022,Drama,5.608,37,0.274,en
920302,The Playground,2022,Drama|TV Movie,6.0,10,0.3354,fr
842891,Student Body,2022,Horror|Thriller,4.5,42,0.4747,en
1044043,Who's a Good Boy?,2022,Comedy,5.2,40,0.5289,es
788940,Other People,2022,Drama,5.733,15,0.3349,pl
892068,The Kids Are Alright 2,2022,Comedy|Family,6.2,57,0.4663,es
1027431,Christmas Bedtime Stories,2022,TV Movie|Comedy|Drama|Romance,5.8,22,0.303,en
945805,Bem-Vinda a Quixeramobim,2022,Comedy,7.342,38,0.3412,pt
997669,My Neighbor Adolf,2022,Drama,6.519,77,0.4218,en
838885,My Brothers and I,2022,Drama,7.2,84,0.3091,fr
1024539,Brazil 2002: The Real Story,2022,Documentary,7.6,39,0.4639,pt
721930,Where’s Rose,2022,Thriller|Horror,5.5,14,0.4437,en
964930,The Dreamlife of Georgie Stone,2022,Documentary,6.219,16,0.4049,en
886755,The Substitute,2022,Drama|Crime,6.0,42,0.3815,es
930596,A Woman,2022,Drama,4.793,29,0.3292,fr
942578,The Attraction Test,2022,TV Movie|Comedy|Romance|Family,6.714,21,0.3865,en
782648,Huda's Salon,2022,Thriller,6.04,25,0.3509,ar
765822,The Nannies,2022,Comedy,6.394,66,0.3737,fr
930951,Additional Lesson,2022,Drama,5.8,11,0.2737,ru
932339,Un novio para mi mujer,2022,Comedy|Romance,5.902,46,0.2744,es
982459,Obsessed to Death,2022,Thriller|Crime,6.1,10,0.3912,en
1040599,Ghislaine Maxwell: Filthy Rich,2022,Documentary,6.228,68,0.4065,en
950865,Because We Are Champions,2022,Comedy,7.231,13,0.3476,de
971511,Must Love Christmas,2022,TV Movie|Comedy|Romance|Fantasy,5.708,24,0.3673,en
1028538,Five More Minutes: Moments Like These,2022,TV Movie|Comedy|Drama|Romance,5.925,20,0.464,en
892771,They Live in the Grey,2022,Horror,4.8,14,0.4594,en
811336,The Last Heist,2022,Crime|Thriller,4.2,13,0.3154,en
1006309,My One True Love,2022,TV Movie|Comedy|Romance,7.071,21,0.3699,en
958080,Hold Your Breath: The Ice Dive,2022,Documentary,6.7,32,0.346,en
899487,Louise,2022,Animation|Drama,6.636,11,0.3576,fr
915496,Love  Fashion  Repeat,2022,TV Movie|Comedy|Romance|Family,6.2,15,0.3884,en
682201,Nightmares,2022,Horror,6.662,37,0.4733,vi
837602,You Have to Come and See It,2022,Comedy|Drama,5.5,31,0.2983,es
347968,One-Minute Time Machine,2022,Mystery|Comedy|Romance,6.815,46,0.3217,en
1019434,Merkel,2022,Documentary,6.962,13,0.3055,de
853178,The Leech,2022,Comedy|Horror,5.3,17,0.3675,en
952127,Faces of Anne,2022,Thriller|Mystery|Horror,6.5,14,0.2311,th
833421,The Braves,2022,Drama,6.8,47,0.3127,fr
926325,Northern Skies Over Empty Space,2022,Drama,7.4,24,0.4245,es
1011480,Get Smart With Money,2022,Documentary,6.3,28,0.3231,en
1026605,A Magical Christmas Village,2022,TV Movie|Comedy|Romance,6.321,28,0.3538,en
913850,We Met in Virtual Reality,2022,Documentary|Animation,6.2,14,0.3422,en
1012370,Big Lies In a Small Town,2022,Thriller|TV Movie,4.6,10,0.3302,en
956129,Po,2022,Documentary,7.5,12,0.2444,it
840118,Italian Gigolo,2022,Comedy,5.3,109,0.489,it
1005017,Narcosis,2022,Drama|Mystery|Romance,5.441,17,0.3458,nl
1039571,I Heard the Bells,2022,History|Fantasy|Drama,6.8,31,0.4105,en
980856,Amy Schumer Presents: Parental Advisory,2022,Comedy,4.4,18,0.4178,en
833384,The Year of the Shark,2022,Comedy|Horror|Drama,4.4,129,0.3863,fr
1028185,Our Italian Christmas Memories,2022,TV Movie|Comedy|Drama|Romance,5.25,20,0.3747,en
892280,Love Amongst the Stars,2022,TV Movie|Romance|Comedy|Family,6.1,13,0.3814,en
959668,A Tear in the Sky,2022,Documentary|Mystery,6.8,30,0.2259,en
953542,Cryo,2022,Thriller|Science Fiction|Mystery,4.633,45,0.2989,en
978004,Everybody Lies,2022,TV Movie|Crime,7.0,20,0.2915,fr
901251,Rose,2022,Drama|Comedy,7.7,32,0.2757,da
873095,Anima bella,2022,Drama,6.3,10,1.3202,it
964856,Where the Scary Things Are,2022,Horror,4.6,20,0.4932,en
970423,A Breath of Fresh Air,2022,Comedy|Drama,5.612,94,0.3174,it
1002226,Midnight Peepshow,2022,Horror,4.6,16,0.4027,en
831986,Sublime,2022,Drama|Romance,7.083,42,0.4179,es
886953,Placés,2022,Comedy|Drama,7.155,58,0.3858,fr
709195,Legions,2022,Horror|Thriller|Fantasy|Comedy,6.6,40,0.4282,es
745625,The Enemy,2022,Thriller|Drama,4.3,13,0.4011,fr
1006925,The Fragile Colossus,2022,Drama|TV Movie,7.0,13,0.4276,fr
821292,The Young Chief Winnetou,2022,Family|Adventure|Western,4.2,11,0.3849,de
1049367,Sexo a la venta,2022,Drama,6.75,62,0.3229,es
942027,Broadcast,2022,Science Fiction|Fantasy,4.1,10,0.2872,en
925599,The Wrong Blind Date,2022,Thriller|TV Movie,5.1,10,0.3689,en
1001870,Jackass Shark Week 2.0,2022,Documentary|Action|Comedy|TV Movie,5.5,12,0.2472,en
982981,Glamour Girls,2022,Drama,4.4,16,0.4952,en
866439,Vaashi,2022,Drama|Thriller,5.938,16,0.3918,ml
528594,Dawn Breaks Behind the Eyes,2022,Horror|Mystery|Comedy|Romance,6.2,28,0.3871,de
1095820,Perdiendo mi virginidad 2,2022,Comedy,6.596,47,0.255,es
669654,The Hive,2022,Drama,6.2,20,0.3597,fr
884882,Revealer,2022,Horror,5.125,32,0.336,en
1012661,The Gabby Petito Story,2022,Drama|TV Movie,5.4,21,0.3544,en
767852,The Mercator Trail,2022,Adventure|Family,5.8,11,0.3837,nl
845099,Canailles,2022,Comedy|Drama,5.038,26,0.2783,fr
1015194,One Delicious Christmas,2022,Family|TV Movie,5.7,12,0.3242,en
1055831,Håkan Bråkan,2022,Family|Adventure|Comedy,5.222,10,0.401,sv
998558,Deleter,2022,Horror|Thriller,4.2,10,0.3076,tl
1003685,The Rite of Spring,2022,Drama,6.5,37,0.2611,es
721187,Beauty Salon: Special Service 4,2022,Romance,6.4,12,0.3295,ko
916964,Targeted,2022,Thriller|Drama,5.5,13,0.4965,es
828751,Beast,2022,Animation|Drama|Thriller,6.857,42,0.3879,es
892048,Everybody Does It,2022,Comedy|Crime,5.671,35,0.2945,es
984294,Astrakan,2022,Drama,5.5,11,0.3867,fr
934222,The Pez Outlaw,2022,Documentary,6.868,38,0.2588,en
878750,Presence,2022,Horror,4.0,10,0.3547,en
1031072,The Holiday Dating Guide,2022,TV Movie|Comedy|Drama|Romance,6.0,15,0.2761,en
912809,Love  Game  Match,2022,TV Movie|Comedy|Romance|Family,6.2,22,0.3188,en
833419,Women Do Cry,2022,Drama,4.5,11,0.427,bg
826754,The Swearing Jar,2022,Drama|Romance,6.385,13,0.3144,en
958772,The Adventures of Peanut and Pig,2022,Animation,7.1,12,0.3062,en
857851,Love and Penguins,2022,TV Movie|Comedy|Romance,6.3,10,0.3407,en
965024,Employee of the Month,2022,Comedy|Thriller,4.7,16,0.2895,fr
855433,Escape Room: La pel·lícula,2022,Comedy|Thriller,6.1,39,0.4173,ca
1008366,Six Degrees of Santa,2022,TV Movie|Romance|Comedy,6.0,32,0.38,en
1057648,Stuck with You,2022,Romance|Comedy,4.6,75,0.4296,fr
854363,My Night,2022,Drama|Romance,5.6,14,0.3595,fr
764393,The Imaginary Doctor,2022,Comedy,5.194,36,0.3792,fr
872131,Kerr,2022,Thriller|Mystery|Drama,5.3,12,0.3088,tr
1006315,Francesca Quinn  PI,2022,TV Movie|Drama|Crime|Mystery,6.2,18,0.4052,en
910743,Orlando,2022,Drama,6.95,10,0.3159,it
874944,A Priceless Love,2022,TV Movie|Romance|Comedy,5.441,17,0.2927,en
1035057,Three Day Millionaire,2022,Comedy|Crime,4.9,12,0.3652,en
885328,The Wedding Arrangement,2022,TV Movie|Comedy|Romance,5.6,12,0.3523,en
1059270,Plebs: Soldiers of Rome,2022,Comedy|War|Adventure,6.2,22,0.3562,en
916403,Rookies,2022,Documentary|Music|Action,7.4,16,0.3015,fr
873129,Tre sorelle,2022,Comedy,4.0,41,0.3898,it
984317,Grom: Boyhood,2022,Action|Crime|Mystery|Comedy,6.5,23,0.3163,ru
992536,My Daughter's Killer,2022,Documentary,6.675,57,0.3236,fr
857346,Kuttavum Shikshayum,2022,Crime|Drama,6.9,11,0.2848,ml
1005766,Letter to My Mother for My Son,2022,Drama,5.8,10,0.261,es
812089,Camila Comes Out Tonight,2022,Drama,5.278,18,0.2332,es
951090,God's Petting You,2022,Comedy|Crime|Thriller|Drama,4.7,10,0.26,en
982467,Tow,2022,Horror|Thriller,5.25,12,0.5589,en
796151,Barbarian Invasion,2022,Drama|Action,6.4,11,0.3296,zh
997010,Dave Chappelle: What's in a Name?,2022,Comedy,6.587,46,0.2685,en
854542,The Den,2022,Drama,5.3,16,0.344,it
892492,Not My Type,2022,Comedy,5.4,52,0.2773,fr
957042,The Protector,2022,Thriller|Fantasy,5.0,10,0.4795,en
1052393,Atsuko Okatsuka: The Intruder,2022,Comedy,6.462,13,0.3895,en
996806,A Christmas Karen,2022,Comedy|Fantasy,5.3,11,0.3814,en
933738,Ali Wong: Don Wong,2022,Comedy,6.9,57,0.3429,en
1048246,Sebastian Maniscalco: Is it Me?,2022,Comedy,6.567,15,0.2575,en
992328,Ranveer vs Wild with Bear Grylls,2022,Adventure|Family|TV Movie,5.5,11,0.3576,en
660709,Nobody's Hero,2022,Drama,5.8,55,0.3542,fr
1054569,Zakir Khan: Tathastu,2022,Comedy|TV Movie,8.7,10,0.2128,hi
800741,She's the One,2022,Comedy|Romance|Fantasy,6.244,43,0.3336,it
633811,Bloodsuckers,2022,Drama|Fantasy|History|Horror,5.6,15,0.5616,de
882040,30 Nights with My Ex,2022,Comedy|Romance,5.279,34,0.3742,es
992277,The Loneliest Boy in the World,2022,Comedy|Horror,4.713,40,0.351,en
958291,Mediterranean Fever,2022,Drama,6.7,10,0.2685,ar
850837,Blurr,2022,Horror|Thriller|Mystery,4.5,10,0.2999,hi
956957,The Sixth Child,2022,Drama|Comedy|Romance,6.523,66,0.3726,fr
1017494,A Christmas to Treasure,2022,TV Movie|Comedy|Romance,4.8,20,0.3647,en
931925,El gerente,2022,Comedy|History,7.813,75,0.4184,es
1016116,Malvada,2022,Comedy|Fantasy|Romance,7.8,20,0.3368,es
931237,Terror Trips,2022,Horror|Thriller,3.1,11,0.3674,en
926255,Incarnation,2022,Horror,3.9,13,0.2664,en
835970,Mi Iubita  Mon Amour,2022,Drama,4.3,21,0.2697,fr
1028223,Inventing the Christmas Prince,2022,TV Movie|Comedy|Drama|Romance,6.8,13,0.3048,en
1054806,Chelsea Handler: Revolution,2022,Comedy,5.529,17,0.4054,en
948182,Love Your Enemies,2022,Drama|History|TV Movie,6.0,12,0.2799,de
900159,My Son Hunter,2022,Crime|Comedy|Drama,5.4,25,0.2762,en
1028180,In Merry Measure,2022,TV Movie|Comedy|Drama|Romance,6.7,15,0.3882,en
893369,Jack Mimoun & the Secrets of Val Verde,2022,Comedy|Adventure,5.293,227,0.2289,fr
892511,Little Man Tom,2022,Drama,5.5,16,0.2528,fr
1044885,A Family's Secret,2022,Thriller|TV Movie,5.3,41,0.4968,en
1099086,Rewind 1984,2022,Horror|Comedy,3.6,10,0.2292,en
962562,Metronom,2022,Drama|Romance,6.2,38,0.3563,ro
1006311,Quest for Love,2022,TV Movie|Comedy|Adventure|Romance,7.0,14,0.3291,en
1031460,A Prince and Pauper Christmas,2022,TV Movie|Comedy|Romance|Crime,6.5,17,0.3287,en
865584,Dos estaciones,2022,Drama,5.7,11,0.3048,es
972009,Katt Williams: World War III,2022,Comedy,6.0,16,0.301,en
816705,The Volunteer,2022,Drama,5.4,13,0.215,ca
1042470,The Tatta's,2022,Comedy,5.9,20,0.2247,nl
997023,A Cut Above,2022,Comedy|Romance,6.643,28,0.3017,pt
916263,The Christening,2022,Comedy,6.1,14,0.1656,pl
926682,Night of the Tommyknockers,2022,Western|Drama|Horror,4.091,11,0.2548,en
942999,Mamá no enRedes,2022,Comedy,6.1,25,0.3859,es
938858,The Bone Breakers,2022,Drama,7.133,15,0.2653,it
988428,Planes  Trains  and Christmas Trees,2022,TV Movie|Comedy|Romance|Family,6.111,27,0.5874,en
956877,Eloïse's Journey,2022,Comedy|Romance,6.4,49,0.2603,fr
927025,This Much I Know to Be True,2022,Documentary|Music,7.227,33,0.357,en
1050225,Angry Neighbors,2022,Comedy,4.1,15,0.3137,en
903125,Another Me,2022,Comedy|History,4.2,16,0.2471,zh
898009,Far Far Away,2022,Romance|Comedy,6.1,13,0.3398,cn
779157,Puppet Master: Doktor Death,2022,Horror,5.2,24,0.2699,en
660327,15 Ways to Kill Your Neighbour,2022,Comedy,5.286,42,0.2697,fr
978008,Breaking the Silence,2022,Drama|TV Movie,6.136,11,0.404,fr
913689,Leonor Will Never Die,2022,Fantasy|Comedy|Action|Drama,6.804,23,0.2059,tl
1077596,Meteor: First Impact,2022,Action|Thriller,5.4,26,0.2478,en
1028546,A Tale of Two Christmases,2022,TV Movie|Comedy|Drama|Romance,5.5,24,0.3249,en
1002310,Untold: The Race of the Century,2022,Documentary,7.5,24,0.3673,en
964928,Skin & Bone,2022,Horror|Thriller,6.8,11,0.278,en
945982,A Cowgirl's Song,2022,Music|Drama,5.5,12,0.387,en
833916,Michael Cimino  God Bless America,2022,Documentary|TV Movie,7.4,11,0.3324,fr
943776,An Ostrich Told Me the World Is Fake and I Think I Believe It,2022,Animation|Comedy,7.0,49,0.3866,en
959617,Brut Force,2022,Mystery|Thriller|Crime,4.7,13,0.2856,en
891943,The Crime,2022,Crime|Drama|Action,5.6,15,0.2153,ar
1004765,Ghost Night,2022,Drama|Thriller,6.548,31,0.2191,it
962910,The Assistant,2022,Crime|Action|Thriller,4.8,10,0.3547,ms
876825,I Love My Dad,2022,Comedy,5.951,51,0.358,en
936386,The Water,2022,Drama|Romance,5.8,35,0.4158,es
1025805,Burning Patience,2022,Romance|Drama,6.7,15,0.4479,es
921232,Beck 45 - 58 Minutes,2022,Thriller|Drama|Crime|Mystery,5.4,17,0.2781,sv
1045227,Mambo Dreams,2022,Drama|Fantasy|Music,6.9,11,0.2884,es
1000640,Kanun,2022,Thriller,5.6,12,0.2772,fr
877824,Yellowstone Romance,2022,TV Movie|Comedy|Romance|Drama,6.7,21,0.3116,en
1028186,Christmas at the Golden Dragon,2022,TV Movie|Comedy|Drama|Romance,6.2,21,0.2764,en
925856,Day by Day,2022,Drama|Comedy,6.067,15,0.3842,sv
1004682,In Viaggio: The Travels of Pope Francis,2022,Documentary,6.7,11,0.3103,it
859278,JGA,2022,Comedy,5.55,30,0.2711,de
993969,A Royal Christmas Match,2022,TV Movie|Comedy|Romance|Family,6.2,14,0.271,en
968572,For Jojo,2022,Drama,4.2,24,0.3598,de
874773,Love Is Better Than Life,2022,Comedy|Romance|Music,5.3,23,0.3003,fr
858824,Alone with You,2022,Horror|Thriller,4.1,20,0.2378,en
971475,Christmas in Pine Valley,2022,TV Movie|Comedy|Romance|Drama,5.9,14,0.2524,en
1006267,Marry Me in Yosemite,2022,TV Movie|Comedy|Romance,6.3,19,0.2716,en
878828,Sonata,2022,Drama|Music,7.5,10,0.2478,pl
843733,A Little Lesson in Love,2022,Romance|Comedy,5.2,16,0.2164,fr
1062257,Woooooo! Becoming Ric Flair,2022,Documentary,7.167,12,0.2545,en
834141,The Shadow of the Day,2022,Drama|History|Romance,6.412,113,0.4214,it
1086967,Making All Quiet on the Western Front,2022,Documentary,6.1,16,0.2267,de
948031,The Resistance,2022,Thriller|Crime|Drama,5.1,12,0.3699,tr
936281,China: The Uighur Tragedy,2022,Documentary,6.0,12,0.2609,fr
958978,Continental Drift (South),2022,Drama,5.765,17,0.3269,fr
808289,F@ck This Job,2022,Documentary,8.0,16,0.3058,ru
1031702,KillHer,2022,Thriller|Horror|Comedy,4.727,11,0.4067,en
575981,Pedro  Between the Devil and the Deep Blue Sea,2022,History|Drama,5.8,10,0.2865,pt
980185,Eating Miss Campbell,2022,Horror|Comedy,4.7,10,0.3241,en
934649,Facing Nolan,2022,Documentary|History,7.4,23,0.2823,en
1014219,Let's Get Physical,2022,Drama|TV Movie,5.9,11,0.3976,en
830027,A Fairy Tale After All,2022,Fantasy|Adventure|Family,6.1,49,0.3315,en
576982,Nitham Oru Vaanam,2022,Romance|Thriller|Comedy,6.5,11,0.3688,ta
924657,Squeaky Clean Mysteries: Hazardous Duty,2022,TV Movie|Mystery|Drama,6.4,17,0.2124,en
901944,The Te$t,2022,Comedy,6.2,95,0.3321,es
933554,2000 Mules,2022,Documentary,5.9,46,0.4459,en
1028553,A Royal Corgi Christmas,2022,TV Movie|Comedy|Romance,6.1,29,0.304,en
916392,Nothing Lasts Forever,2022,Documentary|Crime,6.3,22,0.471,en
796164,Costa Brava  Lebanon,2022,Drama,6.6,28,0.226,ar
842725,Immersion,2022,Thriller,7.3,18,0.1787,es
941520,Alien Sniperess,2022,Action|Science Fiction|Fantasy|Drama,3.667,21,0.2557,en
911826,Love at the Christmas Contest,2022,TV Movie|Comedy|Romance|Drama,6.6,12,0.3333,en
950225,Love Under the Lemon Tree,2022,TV Movie|Comedy|Romance|Family,5.5,16,0.2709,en
939849,Vier,2022,Crime|Drama|Horror,4.6,15,0.3088,de
914281,Starfuckers,2022,Drama,5.848,23,0.4486,en
958585,Road Trip Romance,2022,TV Movie|Romance|Comedy,5.3,24,0.2702,en
794315,Zwischen uns,2022,Drama|Family,6.4,14,0.3042,de
1049622,It's Not Over,2022,Thriller|Horror|Mystery|Crime,5.8,18,0.2608,en
959007,I Love Greece,2022,Comedy|Romance,4.826,23,0.2718,fr
918913,Beck 44 - Rage Room,2022,Thriller|Drama|Crime|Mystery,5.8,18,0.3452,sv
934197,Pretty Problems,2022,Comedy|Drama|Romance,5.559,17,0.271,en
1005059,The Secret of Krakonoš,2022,Family|Fantasy,6.2,10,0.4178,cs
1006474,Story of Annette Zelman,2022,Drama|History|TV Movie,6.1,10,0.2591,fr
1031443,The Case of the Christmas Diamond,2022,TV Movie|Comedy|Drama|Romance,6.5,13,0.3169,en
938600,Attachment,2022,Horror|Romance,5.62,50,0.2701,en
575554,Faithful,2022,Drama|Romance,6.2,32,0.3518,fr
760158,Manticore,2022,Drama|Thriller,6.8,57,0.4019,es
1029354,Well Suited For Christmas,2022,TV Movie|Comedy|Romance|Drama,6.313,16,0.314,en
960570,The Takeover,2022,Comedy|Drama,6.6,38,0.2001,fr
886395,This Life 2: Those Left Behind,2022,Drama|War,6.6,14,0.3335,da
973602,Le village des endormis,2022,Crime|TV Movie|Drama,6.8,10,0.2407,fr
934627,Jurassic Punk,2022,Documentary,6.6,15,0.2783,en
717670,Atomic Summer,2022,Thriller|Drama,5.0,19,0.1959,fr
843066,Azuro,2022,Comedy|Drama,4.941,17,0.2937,fr
949585,Girl Gang,2022,Documentary,6.3,10,0.2388,de
934747,Mister Mummy,2022,Comedy|Drama,4.9,10,0.2469,hi
929449,Mirror  Mirror,2022,Comedy,5.7,30,0.3633,es
941717,The Lockdown Plan,2022,Comedy,5.833,12,0.2536,fr
962782,Libre Garance !,2022,Drama,5.9,12,0.4242,fr
827168,The Companions,2022,Comedy|Drama,6.7,47,0.2211,fr
901234,Miss Viborg,2022,Comedy|Drama,5.905,21,0.4066,da
1015169,Designing Christmas,2022,TV Movie|Family|Romance,5.8,16,0.2819,en
990332,Diamond in the Rough,2022,Comedy|Romance,4.8,10,0.3514,en
861996,Mudhal Nee Mudivum Nee,2022,Drama,8.1,11,0.2346,ta
1004171,New Religion,2022,Horror|Drama,5.214,21,0.2656,ja
944399,The K.E.O.P/S System,2022,Drama|Thriller|Comedy|Mystery|Action,5.842,19,0.3308,es
1007685,Spare Keys,2022,Comedy|Romance,6.733,45,0.2451,fr
827484,In the Court of the Crimson King: King Crimson at 50,2022,Documentary|Music,7.2,17,0.295,en
969725,The Creeping,2022,Horror,4.2,23,0.3642,en
713174,The Riot,2022,Drama,6.738,21,0.2263,ru
1022164,Sachertorte,2022,Drama|Comedy|Romance,6.898,44,0.2933,de
927569,Scream: The True Story,2022,Documentary,5.8,11,0.1918,en
957325,The Tiger and The President,2022,Comedy|History,6.211,45,0.3036,fr
911348,Madelines,2022,Science Fiction|Comedy|Horror,4.5,24,0.3655,en
687552,Tô Ryca 2,2022,Comedy|Family,6.4,26,0.2918,pt
1000548,Thunder,2022,History|Drama,5.2,27,0.2651,fr
854868,Destination Love,2022,TV Movie|Romance|Comedy,5.0,10,0.4504,en
939513,The Teacher,2022,Thriller|Drama,4.7,10,0.4231,ml
846796,Holy Emy,2022,Drama|Horror|Mystery,6.5,14,0.2556,tl
749136,Unrest,2022,Drama|History,6.5,46,0.2671,de
1002305,Untold: The Rise and Fall of AND1,2022,Documentary,7.1,51,0.2393,en
957604,Blazing Neon,2022,Thriller|Crime|Drama,5.7,10,0.2586,fr
971514,The Single's Guidebook,2022,TV Movie|Comedy|Romance,6.2,14,0.2773,en
1050746,Three Man And A Ghost,2022,Comedy|Fantasy,4.2,17,0.2259,it
1001465,Double Pregnant 2,2022,Comedy,7.5,62,0.3502,es
995900,Burden,2022,Drama|Romance,7.9,15,0.2727,en
788921,Die 2050er - Everything will change,2022,Drama|Science Fiction|Documentary,6.4,11,0.2842,de
877266,Love & Where to Find It,2022,TV Movie|Comedy|Romance|Family,6.306,18,0.2951,en
959112,Neige,2022,Thriller|Crime|TV Movie,5.6,24,0.2875,fr
1028024,Kev Adams: The Real Me,2022,Comedy,5.9,14,0.3099,fr
975242,11:11,2022,Drama|Thriller,4.8,11,0.2746,ar
979160,A Fan's Guide to Ms. Marvel,2022,Documentary,7.1,74,0.3787,en
1069913,The Last Man on Earth,2022,Comedy|Romance,6.6,16,0.3787,es
974926,All Eyes,2022,Thriller|Horror,5.82,25,0.2151,en
952326,Jerrod Carmichael: Rothaniel,2022,Comedy|Documentary,7.017,30,0.2736,en
879301,Lapland Odyssey 4,2022,Comedy,3.9,10,0.2848,fi
1033303,Racionais MC's: From the Streets of São Paulo,2022,Documentary|Music,8.341,63,0.3771,pt
943934,Dragonflies,2022,Drama,5.4,21,0.1981,es
978928,The Huntress of Auschwitz,2022,Mystery|Thriller|Horror|War,3.8,13,0.2437,en
985075,Snoop Dogg's F*cn Around Comedy Special,2022,Documentary|Comedy|Music,5.643,21,0.3057,en
922955,Prisoner of Love,2022,Thriller|TV Movie|Drama,5.676,17,0.3366,en
1030323,I Am Vanessa Guillen,2022,Documentary,7.5,51,0.3229,en
1033069,Exchange,2022,War|Drama,6.2,11,0.203,uk
843314,Possession,2022,Drama|Horror,5.3,36,0.389,no
714694,Alemão 2,2022,Action|Crime,5.9,25,0.2259,pt
1031454,The Search for Secret Santa,2022,TV Movie|Comedy|Drama|Romance,6.4,13,0.2712,en
1007698,Feeling It,2022,Documentary,7.333,15,0.3495,es
931375,CHEST,2022,Horror|Crime,4.846,13,0.2089,en
999114,It Came from the Water,2022,Horror|Comedy,5.2,28,0.3483,pl
969451,Neon Lights,2022,Horror|Thriller,3.375,12,0.2623,en
1028551,Time for Him to Come Home for Christmas,2022,TV Movie|Comedy|Drama|Romance,6.6,35,0.2891,en
958147,Under the Fig Trees,2022,Drama,7.1,16,0.3358,ar
816586,Malayankunju,2022,Thriller|Drama,5.636,22,0.2689,ml
846800,The Legionnaire,2022,Action|Drama,5.2,24,0.3329,it
854028,All Russians Love Birch Trees,2022,Drama,5.8,16,0.2918,de
1002770,Soy tu fan: La película,2022,Romance|Comedy,7.8,42,0.2258,es
826218,Por los pelos,2022,Comedy,6.4,43,0.2025,es
1046571,The Garage,2022,Comedy,3.7,12,0.2836,tr
1028549,The Gift of Peace,2022,TV Movie|Comedy|Drama|Romance,6.8,18,0.2443,en
922764,Deadly Garage Sale,2022,Thriller|Drama|TV Movie,5.615,13,0.3022,en
583556,Bruno Reidal: Confession of a Murderer,2022,Drama,6.1,57,0.2753,fr
885298,Quasi orfano,2022,Comedy,6.0,60,0.3291,it
1025962,En temporada baja,2022,Comedy,5.261,23,0.3253,es
916283,The Black Spider,2022,Thriller|Horror,5.0,11,0.2746,de
948271,The Pilot,2022,Drama|Thriller,5.7,13,0.2744,fr
977994,The Blackwell Ghost 6,2022,Horror|Drama,5.5,23,0.2732,en
900410,Volkov Origin,2022,Thriller|Crime,6.4,29,0.2802,en
859719,C.I.Ape,2022,Comedy|Family|Action|Science Fiction,5.9,18,0.3427,en
910777,The Wedding Veil Unveiled,2022,TV Movie|Comedy|Romance|Drama,7.176,37,0.4745,en
877826,A Tail of Love,2022,TV Movie|Romance|Comedy,6.738,21,0.28,en
848763,Más respeto que soy tu madre,2022,Comedy,6.415,47,0.2373,es
1021331,Teambuilding,2022,Comedy,6.156,48,0.3068,ro
774806,Toolsidas Junior,2022,Drama|Family,7.1,11,0.3253,hi
910816,A Show-Stopping Christmas,2022,Romance|Drama,6.1,14,0.1821,en
884345,Snapshot of Love,2022,TV Movie|Comedy|Romance,5.4,14,0.2263,en
794782,The Fam,2022,Drama,6.4,12,0.2491,fr
1037604,The Flagmakers,2022,Documentary,3.583,12,0.3051,en
964681,The Super 8 Years,2022,Documentary|Drama,6.0,15,0.2527,fr
1006437,The Area 51 Incident,2022,Science Fiction|Horror,4.455,11,0.3914,en
1020541,Perfect Harmony,2022,TV Movie|Comedy|Romance,6.3,12,0.3013,en
783570,C'est magnifique !,2022,Comedy|Drama,5.6,65,0.2618,fr
924688,Finding Love in Big Sky  Montana,2022,TV Movie|Romance,6.265,17,0.3314,en
991386,Ramstein - The Pierced Heart,2022,TV Movie|Drama,7.2,10,0.2724,de
944531,Like Me,2022,Drama,4.9,11,0.2679,he
892494,Freestyle,2022,Comedy|Drama,6.7,102,0.3527,fr
914398,Work,2022,Drama,5.6,20,0.2478,en
926615,Chevrotine,2022,Drama|TV Movie,4.9,15,0.2844,fr
934707,Blink,2022,Horror,7.2,26,0.3701,en
919961,Romance to the Rescue,2022,TV Movie|Comedy|Romance|Drama,6.2,17,0.2072,en
654076,Storm,2022,Drama,6.1,15,0.3152,no
746339,Ogre,2022,Horror|Fantasy|Drama,5.283,53,0.2942,fr
1032581,Crown Prince of Christmas,2022,TV Movie|Comedy|Drama|Romance,6.7,13,0.2898,en
1025029,Travelin' Band: Creedence Clearwater Revival at the Royal Albert Hall,2022,Documentary|Music,6.7,30,0.3636,en
1024038,A Christmas... Present,2022,TV Movie|Comedy|Family|Drama,5.7,17,0.2779,en
892447,Bad Blood,2022,Thriller|Drama,6.231,13,0.2771,it
847997,Falla girare - The Last Joint,2022,Comedy|Action,5.8,60,0.2737,it
685709,The Mental State,2022,Drama|Mystery|Thriller,5.7,10,0.2774,en
835982,My Boss' Wedding,2022,Romance|TV Movie,6.029,17,0.2884,en
1051518,#ChadGetsTheAxe,2022,Horror|Comedy,5.1,20,0.3774,en
1003264,The Group,2022,Horror|Thriller|Crime,5.5,11,0.2644,en
932691,Jeanny - The Fifth Girl,2022,Thriller|Drama|Crime,6.091,11,0.2399,de
913816,Mars One,2022,Drama,7.366,97,0.2675,pt
910709,The Mute Man of Sardinia,2022,Drama|History|Crime,5.3,14,0.3022,it
778645,Friends and Strangers,2022,Comedy|Drama,5.0,11,0.2091,en
848112,The Kings of the World,2022,Drama|Adventure,7.593,86,0.426,es
991260,Paul Virzi: Nocturnal Admissions,2022,Comedy,6.2,10,0.2972,en
760167,Motivational Speaker,2022,Comedy|Drama,6.135,26,0.243,pt
1032876,Cryptid,2022,Horror|Mystery,4.5,18,0.2153,en
924122,A Human Position,2022,Drama,6.2,11,0.3465,no
980180,Amado,2022,Action|Thriller,6.2,15,0.2955,pt
660643,Me casé con un idiota,2022,Comedy,7.4,43,0.2257,es
1020975,Hotel Sinestra,2022,Family,5.0,13,0.1903,nl
1019340,Miłość na pierwszą stronę,2022,Romance|Comedy,5.3,11,0.2526,pl
926180,Amandla,2022,Crime|Drama,5.9,10,0.3919,zu
803626,Puzhu,2022,Drama|Thriller,6.438,16,0.2048,ml
992499,Ash and Bone,2022,Horror|Mystery|Thriller,3.643,14,0.1925,en
1033801,The Curse of Robert the Doll,2022,Documentary|Horror,6.8,32,0.2545,en
942811,The Adventures of Gigi the Law,2022,Documentary,6.182,11,0.1954,it
826777,The Sleep Experiment,2022,Thriller|Horror|Mystery,4.8,22,0.2421,en
842052,Echoes,2022,Thriller|Horror,6.2,50,0.2879,es
952603,A Gift of Murder,2022,TV Movie|Thriller|Drama|Crime|Mystery,6.0,10,0.2681,en
870487,North Terminal,2022,Documentary|Music,5.471,17,0.3333,es
734081,Darkling,2022,Drama|War|Horror,6.5,32,0.3177,sr
943022,Chappelle's Home Team - Earthquake: Legendary,2022,Comedy,6.738,21,0.2783,en
1058549,Thank God We Have Each Other,2022,Drama|TV Movie,6.0,14,0.2515,fr
925457,Sinphony: A Clubhouse Horror Anthology,2022,Horror,5.1,14,0.2357,en
924032,Noche americana,2022,Comedy|Thriller,6.8,16,0.3175,es
795771,Celts,2022,Drama,5.125,12,0.2279,sr
1030328,Treasure,2022,Comedy|Crime,5.176,17,0.2689,tr
982637,The Overnight,2022,Horror,3.6,13,0.2725,en
1028555,Hanukkah on Rye,2022,TV Movie|Comedy|Drama|Romance,6.292,24,0.2392,en
965037,Woman on the Roof,2022,Drama,4.958,12,0.2749,pl
977566,Esterno Notte (part II),2022,Drama|History,7.9,95,0.1582,it
1050040,Just Love and a Thousand Songs,2022,Music|Documentary,6.8,26,0.2398,es
941855,The Weeknd x The Dawn FM Experience,2022,Music|TV Movie|Documentary,7.19,21,0.1953,en
926179,Aziz Ansari: Nightclub Comedian,2022,Comedy,6.788,40,0.2818,en
1046562,Autumn Beat,2022,Drama|Music,6.4,24,0.1949,it
898798,Mandrake,2022,Horror,5.1,26,0.2258,en
970229,The Fabulous Ones,2022,Documentary,5.9,10,0.3069,it
1028864,Fugitive: The Curious Case of Carlos Ghosn,2022,Documentary,6.36,25,0.248,en
997190,Just Add Love,2022,TV Movie|Comedy|Romance,6.5,19,0.24,en
889829,Broadway,2022,Drama,5.2,12,0.2163,el
1054864,The Christmas Games,2022,Comedy,6.8,12,0.1677,es
1003838,Night of the Bastard,2022,Thriller|Horror,5.0,12,0.2701,en
1046532,The Last Dolphin King,2022,Documentary,6.3,12,0.328,es
1046529,The Masked Scammer,2022,Documentary|Crime,6.5,16,0.2585,fr
978938,Razzennest,2022,Horror|Comedy|Drama|History,5.8,12,0.1885,en
950511,Broken Idol: The Undoing of Diomedes Díaz,2022,Documentary,6.7,39,0.3038,es
868997,Where Life Begins,2022,Drama,5.346,26,0.331,fr
891473,Pakka Commercial,2022,Comedy|Crime|Action,4.0,10,0.2609,te
879837,Gierek,2022,Drama|History,4.5,23,0.3,pl
1056212,Jorel's Brother Christmas Special: Santa's Brother,2022,Animation|Comedy,8.5,21,0.2567,pt
742052,May Calendar,2022,Adventure,7.3,15,0.2363,ru
922335,Oskar  das Schlitzohr und Fanny Supergirl,2022,TV Movie|Comedy|Family,7.5,10,0.1585,de
979280,Find Her,2022,Drama|Mystery,4.0,11,0.2943,en
879977,The Last Mountain,2022,Documentary,6.7,12,0.2309,en
785218,Witness the Fitness,2022,Comedy,5.2,10,0.3398,fi
965312,Juliette dans son bain,2022,Comedy|TV Movie|Drama,5.0,12,0.2146,fr
763105,Bla Bla Baby,2022,Comedy,6.532,47,0.3501,it
788935,Mali Twist,2022,Drama,6.4,36,0.2872,fr
837745,Small Body,2022,Drama,7.0,57,0.2169,it
990873,Stay on Board: The Leo Baker Story,2022,Documentary,6.4,16,0.1855,en
1017751,God Forbid: The Sex Scandal That Brought Down a Dynasty,2022,Documentary,6.0,24,0.1743,en
975232,A muso duro - Campioni di vita,2022,Drama|TV Movie,6.2,10,0.2729,it
1032364,Meeting Mr. Christmas,2022,TV Movie|Comedy|Drama|Romance,5.5,13,0.2379,en
941959,An Argentinian Crime,2022,Thriller|Crime,6.5,25,0.214,es
943023,Touchées,2022,TV Movie|Comedy|Drama,6.0,13,0.2172,fr
1012041,The Sean Connery Paradox,2022,Documentary,7.3,11,0.3013,fr
935436,Into the Ice,2022,Documentary,7.4,11,0.1926,da
1038157,Looking for Her,2022,Romance|Comedy|Drama,6.9,32,0.2077,en
1008393,Snow and the Bear,2022,Drama,6.806,18,0.2198,tr
953138,David Spade: Nothing Personal,2022,Comedy,5.5,15,0.2506,en
1006306,Fly Away With Me,2022,TV Movie|Comedy|Romance,6.929,21,0.2934,en
956280,They Love Each Other... Well  Almost!,2022,Comedy|TV Movie,5.1,11,0.4096,fr
995169,A Lucky Man,2022,Drama,7.1,14,0.2224,da
1002307,Untold: Operation Flagrant Foul,2022,Documentary,7.049,51,0.2837,en
980171,Illusion,2022,Mystery|Drama,5.4,17,0.2255,pl
960639,Bill Maher: #Adulting,2022,Comedy,4.8,13,0.1829,en
856639,The Curse of La Patasola,2022,Horror,5.3,16,0.2056,en
1012706,Brightwood,2022,Horror|Science Fiction|Thriller,5.229,24,0.1738,en
1034673,Bathtub Shark Attack,2022,Horror,7.8,12,0.3037,en
1032394,Stalled,2022,Science Fiction|Thriller,7.6,30,0.2288,en
931247,My Debt,2022,Drama,5.3,16,0.1895,pl
818228,Ottu,2022,Thriller|Drama,5.4,11,0.275,ml
838879,Crystal Girl,2022,Drama|Thriller,5.8,35,0.2242,it
849755,Three Nights a Week,2022,Drama,6.7,41,0.247,fr
994418,Misterio en Marbella,2022,Mystery|Fantasy|Comedy,7.9,35,0.3507,es
895953,Beyond the Summit,2022,Drama|Adventure|Thriller,7.4,19,0.2693,es
989164,Brian Cox: Seven Days on Mars,2022,Documentary,7.5,13,0.2497,en
936723,Melchior the Apothecary,2022,Thriller|Crime|History|Drama,6.8,18,0.7191,et
754314,The Red Point of Marriage,2022,Drama,7.3,12,0.1949,id
1049686,January 6th,2022,Documentary,6.563,16,0.2647,en
762823,Camera Cafe: The Movie,2022,Comedy,5.371,62,0.2259,es
776808,I cassamortari,2022,Comedy,5.256,82,0.5167,it
1001951,Jamel et ses amis au Marrakech du rire 2022 : 10 ans,2022,Comedy,5.8,10,0.2446,fr
875295,Eike: Tudo ou Nada,2022,Drama|Crime,5.9,18,0.241,pt
1015999,Sheng Wang: Sweet and Juicy,2022,Comedy,7.308,13,0.194,en
862970,Sorry About the Demon,2022,Horror|Comedy,5.233,15,0.1587,en
1036800,Fortune Feimster: Good Fortune,2022,Comedy,6.1,15,0.2908,en
811886,Ducobu 4 President,2022,Comedy|Family,4.2,58,0.3489,fr
663210,Lecciones para canallas,2022,Comedy|Crime,6.8,14,0.1974,es
916421,Comedy Queen,2022,Drama,6.972,18,0.2511,sv
651907,Pureza,2022,Drama,7.3,21,0.1584,pt
803701,I Want to Talk About Duras,2022,Drama|Romance,5.4,14,0.2589,fr
660595,The Land of Dreams,2022,Drama|Romance|Music|Fantasy,5.3,10,0.2433,en
927968,Ms. Pat: Y'all Wanna Hear Something Crazy?,2022,Comedy,6.2,12,0.412,en
884361,Rooney,2022,Documentary,6.339,31,0.2265,en
842485,Il mammone,2022,Comedy,5.543,94,0.2566,it
1028552,A Christmas Cookie Catastrophe,2022,TV Movie|Comedy|Drama|Romance,5.6,36,0.327,en
890402,Young Plato,2022,Documentary,6.25,10,0.1503,en
937046,L'oubliée d'Amboise,2022,Crime|Drama|Mystery,6.653,36,0.3834,fr
990965,Firecracker,2022,Romance|Comedy|Drama,6.818,11,0.2505,en
872640,Infrared,2022,Horror,4.2,14,0.2079,en
932083,How I Learned to Fly,2022,Family|Comedy|Drama|Romance|Adventure,8.1,17,0.207,sr
865400,Mikado,2022,Drama,5.7,10,0.2688,ro
993703,Nikki Glaser: Good Clean Filth,2022,Comedy,5.6,25,0.152,en
1041446,The Blackwell Ghost 7,2022,Horror,5.788,26,0.196,en
637885,Suspension Points,2022,Comedy|Romance,6.761,23,0.3961,pt
1028561,The Most Colorful Time of the Year,2022,TV Movie|Comedy|Drama|Romance,5.7,26,0.3355,en
950825,Scale,2022,Animation,6.9,15,0.2396,fr
807200,The World is Yours,2022,Comedy,4.804,23,0.1501,es
917199,A Town Full of Ghosts,2022,Horror|Mystery|Thriller,3.5,12,0.2268,en
965022,Pink Moon,2022,Drama|Comedy,6.921,19,0.2173,nl
984142,Death Count,2022,Horror,3.0,13,0.3371,en
982085,Cristela Alonzo: Middle Classy,2022,Comedy,7.0,11,0.1848,en
940543,LEGO Marvel Avengers: Time Twisted,2022,Family|Animation|Action|Adventure,7.2,19,0.1837,en
1146097,Lo que nunca te dije pero debería haberte dicho,2022,Drama|Romance|Comedy,6.0,11,0.1982,es
1038130,With the Years We Have Left,2022,Comedy|Action,6.0,22,0.3262,es
994773,We Might Hurt Each Other,2022,Horror|Thriller,5.574,34,0.1692,lt
945383,The Institute,2022,Horror|Thriller,4.0,13,0.1672,en
864274,Kallan D'Souza,2022,Comedy,5.5,18,0.2388,ml
947049,The Beast Below,2022,Adventure|Comedy|Action,5.4,36,0.3024,th
1002457,Men of Deeds,2022,Comedy|Drama|Thriller,7.2,15,0.1713,ro
1046577,Villeneuve Pironi,2022,Documentary,6.5,11,0.1952,en
942047,Outsource,2022,Action|Comedy,5.636,33,0.1828,en
1061694,The Three Wise Men: The Truth,2022,Comedy,6.7,30,0.2163,es
951298,Jaime,2022,Drama,4.455,11,0.2049,es
965742,Untrapped: The Story of Lil Baby,2022,Documentary|Music,6.1,12,0.2313,en
934670,Dio: Dreamers Never Die,2022,Music|Documentary,7.6,31,0.3675,en
1057355,Corazonada,2022,Comedy,4.8,10,0.2157,es
1023428,Stewart Lee: Tornado,2022,Comedy,7.0,13,0.1882,en
1016234,Nick Kroll: Little Big Boy,2022,Comedy,6.0,25,0.2148,en
934752,Harkis,2022,History|Drama|War,5.8,19,0.312,fr
1064450,Alkhallat+,2022,Mystery|Comedy,6.8,25,0.2649,ar
846818,The Demons of Dorothy,2022,Comedy|Horror,5.2,20,0.2649,fr
974187,The Summoned,2022,Thriller|Horror|Mystery,5.1,18,0.2523,en
929453,What Lucia Saw,2022,Drama,7.4,10,0.2748,es
656796,Today We Fix the World,2022,Comedy|Drama,6.8,43,0.2582,es
853606,Everyone on Board,2022,Comedy,4.724,67,0.1649,it
873097,For a Fistful of Fries,2022,Documentary|Crime|Thriller,7.145,31,0.1755,fr
840119,Margins,2022,Comedy,7.0,41,0.1699,it
999457,To Kill the Mother,2022,Drama,6.5,10,0.2638,es
968867,The Third Saturday in October: Part V,2022,Horror|Comedy,4.1,17,0.2204,en
764510,The Joy of Things,2022,Drama,6.2,10,0.1933,pt
919260,Marcel!,2022,Drama,4.7,23,0.2742,it
1012679,Mistletoe Ranch,2022,Romance|Drama,6.7,10,0.2309,en
889629,Luigi Proietti detto Gigi,2022,Documentary,7.4,22,0.1724,it
776340,Ero in guerra ma non lo sapevo,2022,Drama,6.2,30,0.1757,it
921629,The African Desperate,2022,Comedy|Drama,5.545,22,0.1667,en
1001431,Lies My Sister Told Me,2022,TV Movie|Thriller|Drama,5.3,16,0.2092,en
936378,Rodeo,2022,Drama|Crime,5.5,40,0.2131,fr
1061593,Filumena Marturano,2022,Drama|TV Movie,7.75,14,1.1402,it
728499,A Piece of Sky,2022,Drama,5.7,19,0.3358,de
960705,Take the Night,2022,Drama|Crime|Thriller,5.775,20,0.2147,en
1287049,Best Wishes to All,2022,Horror|Drama,7.3,12,0.2561,ja
1008043,Subtraction,2022,Drama|Thriller,6.7,40,0.1742,fa
812050,Ghiaccio,2022,Drama,7.2,45,0.1852,it
854426,La notte più lunga dell'anno,2022,Drama,5.2,14,0.2315,it
943001,We Won't Kill Each Other with Guns,2022,Comedy|Drama,5.9,11,0.1693,ca
1037341,Beck 47 - The Death Trap,2022,Crime|Mystery|Drama|Thriller,5.9,14,0.1801,sv
1045200,Домой,2022,Drama|Thriller|Horror,6.6,10,0.1687,ru
1005252,Barber Westchester,2022,Animation|Comedy|Music|Science Fiction,7.9,10,0.218,en
828920,Reflection,2022,Drama|War,6.1,10,0.2996,uk
1031869,Kim Bu Aile?,2022,Comedy|Action|Adventure,5.7,15,0.2528,tr
961359,Hideous,2022,Music|Horror|Drama,5.879,29,0.2322,en
924020,The Lost Treasure,2022,Adventure|Comedy|Family|Fantasy,5.8,11,0.2284,en
990600,Beata te,2022,Comedy|Fantasy|TV Movie,6.2,42,0.2511,it
619165,Brother in Every Inch,2022,Drama,6.3,11,0.2741,ru
921250,Beck 46 - The Crying Cop,2022,Thriller|Drama|Crime|Mystery,6.0,13,0.3575,sv
893739,South Sentinel,2022,Drama|Thriller,5.7,34,0.2907,fr
742872,The Flying Sailor,2022,Animation|Comedy|Fantasy|History,5.936,54,0.2667,en
1011566,Low Life,2022,Thriller|Crime|Horror,4.8,11,0.2156,en
925096,Everybody Loves Jeanne,2022,Drama|Comedy|Romance,6.217,150,0.2696,fr
1050167,Kangaroo Valley,2022,Documentary|Family,7.0,19,0.3467,en
1020534,Mid-Love Crisis,2022,TV Movie|Romance|Comedy|Drama,4.81,21,0.1427,en
1041377,Can't Quit Mom,2022,Comedy,7.7,60,0.1874,es
926057,Kapil Sharma: I'm Not Done Yet,2022,Comedy,6.3,10,0.1761,hi
863928,La mia ombra è tua,2022,Drama,5.25,46,0.2023,it
784369,Hill of Vision,2022,Drama|History,6.5,10,0.198,en
1012288,Reindeer Games Homecoming,2022,TV Movie|Comedy|Romance,6.676,17,0.283,en
667062,Legend of Gatotkaca,2022,Action|Adventure|Drama|Fantasy|Science Fiction,6.5,12,0.2674,id
1012042,Merry Swissmas,2022,TV Movie|Comedy|Romance,5.6,29,0.4032,en
956443,The Killing of a Journalist,2022,Documentary|Crime,7.1,10,0.1894,sk
1051268,Ojos que no ven,2022,Drama|Mystery,7.2,17,0.1877,es
939589,Ima,2022,Romance|Comedy,4.6,13,0.1568,fr
1068126,The True Story of Pirates,2022,Documentary|TV Movie,7.9,15,0.1596,fr
870712,Swing Ride,2022,Drama,6.458,12,0.1822,it
833950,Little Lies,2022,Comedy|Romance|Thriller,7.5,42,0.1695,es
932486,Mémoire trouble,2022,Drama|TV Movie|Crime,6.6,11,0.146,fr
879502,Killer of Men,2022,Thriller,7.2,53,0.1407,en
1051399,In Broad Daylight: The Narvarte Case,2022,Documentary,8.2,10,0.304,es
993030,Christmas Plus One,2022,TV Movie|Romance|Family|Comedy,6.217,23,0.3301,en
984752,Fighting Chance,2022,Drama,6.2,11,0.3029,en
944323,The Dead Girl in Apartment 03,2022,Horror,6.4,33,0.193,en
1033024,Iliza Shlesinger: Hot Forever,2022,Comedy,6.2,23,0.1961,en
1048917,Müjdemi İsterim,2022,Comedy,4.824,17,0.1838,tr
1004772,Patton Oswalt: We All Scream,2022,Comedy|Documentary|TV Movie,6.0,20,0.1679,en
987787,Un parcero en Nueva York,2022,Comedy|Drama,7.3,11,0.1239,es
925878,Menace sur Kermadec,2022,Crime|TV Movie|Thriller|Drama,6.5,15,0.1428,fr
983232,My Grown-Up Christmas List,2022,TV Movie|Comedy|Romance,7.375,28,0.158,en
996155,Amis d'enfance,2022,Comedy|Drama|TV Movie,4.2,10,0.2154,fr
1025896,The Fire That Took Her,2022,Crime|Documentary,7.5,10,0.2658,en
942498,Les Gagnants,2022,Comedy,3.8,33,0.1879,fr
1030206,CNCO: los últimos cinco días,2022,Music|Documentary,9.4,41,0.1412,es
1218435,The Blue Drum,2022,Horror,4.2,24,0.2501,en
1049371,Sexo a la venta 2,2022,Drama,6.632,38,0.2669,es
982768,Barış Akarsu: Merhaba,2022,Drama|Music,3.8,15,0.1912,tr
916443,Until Tomorrow,2022,Drama,6.597,31,0.237,fa
1027329,Noel Next Door,2022,TV Movie|Comedy|Romance,6.943,35,0.2151,en
934070,Aspirational Slut,2022,Comedy|Romance,5.063,16,0.2312,en
979846,So Long Daddy  See You in Hell,2022,Drama,4.1,10,0.1887,de
838147,Returning to Reims,2022,Documentary|History,6.321,14,0.1499,fr
1043816,Panayotis Pascot: Almost,2022,Comedy,7.8,49,0.2995,fr
916427,Dreaming Walls,2022,Documentary|History,6.2,11,0.1636,en
887309,The Runner,2022,Horror|Music,5.6,16,0.1589,en
965817,Remains of the Wind,2022,Drama,6.6,16,0.1624,pt
1060161,My Next Guest with David Letterman and Volodymyr Zelenskyy,2022,Documentary,7.0,14,0.2762,en
1004554,Kalaga Thalaivan,2022,Thriller|Action,5.7,14,0.2511,ta
1038205,The Phenomenon,2022,Documentary,7.531,16,0.2117,pt
951615,Les Enfants des justes,2022,Drama|TV Movie,7.214,21,0.2078,fr
952780,Painted in Blood,2022,Horror|Thriller,4.167,12,0.1723,en
962167,Skinned,2022,Animation|Horror|Drama,7.3,10,0.2062,fr
878327,All Our Fears,2022,Drama,5.818,11,0.2552,pl
971464,My Favorite Christmas Tree,2022,TV Movie|Comedy|Romance|Drama,6.3,22,0.1889,en
1019354,Letters to Santa 5,2022,Comedy|Romance,5.5,17,0.2902,pl
928357,Concerned Citizen,2022,Drama,4.875,16,0.1599,he
982909,The Cheerleader Sleepover Slaughter,2022,Horror,2.3,10,0.1604,en
892495,Tropic of Violence,2022,Drama|Crime|Thriller,6.0,11,0.1538,fr
999681,They Wait in the Dark,2022,Horror|Drama|Thriller,5.0,21,0.1678,en
1043110,Neal Brennan: Blocks,2022,Comedy,7.065,31,0.1578,en
936267,Redrum,2022,Crime|Thriller,8.1,13,0.2062,bn
785645,On the Clouds,2022,Drama|Romance,6.0,19,0.2207,it
1078483,Boom,2022,Animation|Comedy,6.7,14,0.1428,fr
963930,The Curious Case of Dolphin Bay,2022,Family|Adventure|Drama,5.8,13,0.1543,en
911988,Buried: The 1982 Alpine Meadows Avalanche,2022,Documentary,7.9,10,0.2393,en
717691,The Voiceless,2022,Comedy,4.4,12,0.1732,fr
1049038,My Mother-in-law Hates Me,2022,Comedy,5.55,20,0.1964,es
913988,The Final Game,2022,Drama,6.734,64,0.2818,es
494442,The Last Possession,2022,Horror|Thriller,5.8,10,0.1961,en
962591,2 Kleine Kleutertjes: Een Dag Om Nooit Te Vergeten,2022,Animation,6.8,12,0.2551,nl
1005774,Elesin Oba: The King's Horseman,2022,Drama,6.182,22,0.2445,en
1024409,De miel et de sang,2022,Thriller|Drama|Mystery|Crime|TV Movie,6.1,15,0.1625,fr
951321,Aphotic Zone,2022,Documentary,6.139,18,0.1419,lt
1028996,Star-Crossed Romance,2022,TV Movie|Comedy|Romance,7.2,10,0.2154,en
803737,Who We Are: A Chronicle of Racism in America,2022,Documentary,8.0,12,0.2271,en
780898,Out of this World,2022,Thriller|Horror,4.9,15,0.227,fr
1042643,To Shores Unknown,2022,Crime|TV Movie,6.1,10,0.1952,de
925539,Bidoof's Big Stand,2022,Animation|Family,7.8,14,0.1789,en
1054791,Marshall Mu GuiYing,2022,Drama|War|Action,7.5,10,0.1505,zh
1035783,The Christmas Challenge,2022,TV Movie|Comedy|Romance,5.5,10,0.1445,en
1040533,Trevor Noah: I Wish You Would,2022,Comedy,6.784,58,0.1385,en
1010711,Destined at Christmas,2022,TV Movie|Comedy|Romance,7.7,26,0.2581,en
991173,He's Watching,2022,Horror,4.9,11,0.1952,en
1004615,Nostos,2022,Science Fiction|Drama|Action,7.269,13,0.1188,it
916352,Noémie Says Yes,2022,Drama,6.5,13,0.2832,fr
820967,Poser,2022,Drama|Music,4.786,14,0.1698,en
1013842,Jo Koy: Live from the Los Angeles Forum,2022,Comedy,6.658,19,0.1538,en
795889,The Seed,2022,Drama,6.9,19,0.1508,de
968282,The Potemkinists,2022,Comedy,6.212,26,0.152,ro
957466,Zanox,2022,Comedy|Crime|Science Fiction,7.107,14,0.2709,hu
884129,(Im)perfetti Criminali,2022,Comedy|Crime,6.2,33,0.1437,it
1024486,Kobe - Una storia italiana,2022,Documentary,6.5,37,0.1358,it
1004640,Whitney Cummings: Jokes,2022,Comedy,5.5,17,0.1472,en
831034,Natural Lefty,2022,Drama,6.0,19,0.153,it
956879,Star Wars Kid: The Rise of the Digital Shadows,2022,Documentary,7.8,12,0.1872,fr
964874,Read Between the Lines,2022,Romance|Comedy,5.909,11,0.1092,en
925857,What The Nanny Saw,2022,TV Movie|Thriller|Drama|Crime,6.1,15,0.1748,en
1098264,Y,2022,Thriller,5.8,10,0.2204,mr
925471,The Game,2022,Thriller|Drama,6.4,27,0.1616,hu
936373,Princess,2022,Drama,5.9,15,0.131,it
940332,11M: Terror in Madrid,2022,Documentary,6.4,57,0.1954,es
937348,Taylor Tomlinson: Look at You,2022,Comedy,7.2,73,0.1838,en
897839,Over & Out,2022,Comedy|Drama,5.067,15,0.2249,de
891983,The Unkind,2022,Horror,3.5,10,0.2646,en
978148,Der Kaiser,2022,Drama|History,5.9,19,0.2097,de
1034195,The Fastest Woman on Earth,2022,Documentary,7.0,13,0.1697,en
996778,Bring Him Back Dead,2022,Action|Crime,4.5,10,0.1391,en
1031091,Baking All the Way,2022,TV Movie|Romance|Comedy|Drama,5.4,11,0.2894,en
990438,Rosanero,2022,Comedy|Crime,5.5,37,0.1686,it
944938,School Society,2022,Comedy,6.363,39,0.2306,fr
980417,Me Time,2022,Documentary,9.2,13,0.1475,de
915983,We Are Next of Kin,2022,Drama,6.5,12,0.1971,de
1032454,Christmas Unfiltered,2022,Comedy|Drama|Family,6.3,23,0.7389,en
1027197,Where the Devil Can't Go  He Sends a Woman,2022,Comedy|History,4.2,12,0.153,pl
1050540,Tom Papa: What a Day!,2022,Comedy,7.0,10,0.2529,en
979783,Gianluca Vacchi - Mucho Más,2022,Documentary,5.4,15,0.1704,it
1020905,The Muckles - The Quest for a New Home,2022,Animation|Adventure|Family,5.5,10,0.4913,de
914391,Warsha,2022,Drama,5.5,17,0.1214,ar
974248,Vacancy,2022,Thriller|Drama,4.8,12,0.1943,fr
1019297,RSVP (Please Respond),2022,Drama,6.75,10,0.144,tr
978723,Explorer: The Deepest Cave,2022,Documentary|TV Movie,5.0,11,0.1513,en
1019542,Tom,2022,Horror,5.6,15,0.1395,en
820427,Unfinished Affairs,2022,Thriller|Adventure,5.9,24,0.1733,es
1553889,PJ Masks: Heroes of the Road,2022,Adventure|Action|Animation|Family|Fantasy|Science Fiction,9.2,10,0.1263,en
1021312,Type,2022,Animation,5.3,15,0.1692,en
930333,Johnny Depp: The Love of the Bizarre,2022,Documentary,5.214,14,0.1415,fr
927978,Krime Story. Love Story,2022,Comedy|Crime|Romance,3.8,13,0.1767,pl
554751,Los Tigres Del Norte: Stories to Tell,2022,Documentary,7.7,23,0.2502,es
879400,Besties,2022,Drama|Romance,6.2,22,0.4322,fr
944945,Citoyen d'honneur,2022,Comedy|Drama,6.064,39,0.1017,fr
737288,La Verónica,2022,Drama,6.2,12,0.1446,es
941516,Dark Night of the Scarecrow 2,2022,Horror,2.3,10,0.1827,en
933202,Without Her,2022,Thriller|Mystery,6.0,17,0.2252,fa
953148,A Night in Four Parts,2022,Drama,5.7,11,0.2109,tr
1006319,Secret Society 2: Never Enough,2022,Drama,7.8,13,0.4762,en
851724,Nel nostro cielo un rombo di tuono,2022,Documentary,7.7,14,0.1458,it
979522,Yuri Marçal: Honest Mistake,2022,Comedy,7.0,10,0.1331,pt
934861,Whindersson Nunes: My Own Show!,2022,Comedy,7.143,42,0.1443,pt
1104191,Solo Somos Carne,2022,Horror,7.3,10,0.1675,es
807193,The Gentiles,2022,Drama|Comedy,4.8,12,0.2213,es
801860,Stories Not to Be Told,2022,Comedy,5.7,58,0.1739,es
1055800,O Espírito do Natal,2022,Comedy,4.5,10,0.2478,pt
957382,Save Our School,2022,Comedy,5.512,42,0.1294,fr
963047,Fairytale,2022,Drama|Animation|Fantasy,6.766,32,0.171,ru
949218,S.O.S. Mamis: The Movie,2022,Comedy,7.1,32,0.1822,es
920640,En même temps,2022,Comedy,5.05,121,0.267,fr
1019524,11,2022,Drama,6.2,10,0.1001,en
962920,The Photographer: Murder in Pinamar,2022,Documentary,7.712,26,0.2429,es
1033755,Long Live the Bonus Family,2022,Comedy|Drama|Romance,4.7,13,0.2135,sv
924357,Patti Smith: Electric Poet,2022,Documentary,7.8,12,0.1539,fr
912391,Last Radio Call,2022,Horror|Mystery,5.9,47,0.1566,en
820865,Le Prix de la trahison,2022,Crime|Drama|TV Movie,6.2,10,0.1554,fr
960377,In a Better World,2022,Drama,7.2,14,0.3373,fr
983690,We Cry Together,2022,Drama|Music,6.0,11,0.1234,en
919952,The Great Day,2022,Comedy,6.196,380,0.1351,it
981987,Improvised Christmas,2022,Comedy,5.354,72,0.2066,it
1005159,Bo Burnham: The Inside Outtakes,2022,Comedy|Music,8.061,49,0.1288,en
988339,The Tyrant Father,2022,Comedy,6.0,10,0.204,pt
805209,The Yellow Wallpaper,2022,Horror,5.133,15,0.1278,en
834127,Not for All the World,2022,Drama,5.9,24,0.1346,it
1046013,What Father… Is My Family?,2022,Comedy,6.2,22,0.1191,es
1028537,Christmas Class Reunion,2022,TV Movie|Romance|Comedy,5.727,22,0.1918,en
970218,Rinascere,2022,Drama|TV Movie,6.1,14,0.199,it
943433,How to Survive a Pandemic,2022,Documentary,4.1,10,0.249,en
1099088,Rewind 2: 1996,2022,Horror|Comedy,3.357,14,0.089,en
890576,Il pataffio,2022,Comedy|History,4.9,29,0.1336,it
1037213,State of Alabama vs. Brittany Smith,2022,Documentary|Crime,6.2,28,0.1293,en
795760,We,2022,Documentary,6.4,18,0.1827,fr
855445,Eddie & Sunny,2022,Drama|Crime|Romance,6.4,11,0.1172,it
988288,Joel Kim Booster: Psychosexual,2022,Comedy,5.8,19,0.138,en
956166,Jour de gloire,2022,Comedy|Drama,6.0,10,0.1193,fr
1118213,5,2022,Fantasy|Mystery,6.5,11,0.1238,el
985314,Pete Davidson Presents: The Best Friends,2022,Comedy,5.093,27,0.1829,en
1044277,Deon Cole: Charleen's Boy,2022,Comedy,7.25,12,0.1065,en
1038043,#Float,2022,Horror,5.0,29,0.2048,en
955714,Follower,2022,Horror,3.538,13,0.127,en
1047510,Deliciosa Navidad,2022,TV Movie|Comedy|Romance,6.7,17,0.1307,es
1054741,Emma - Sbagliata Ascendente Leone,2022,Documentary,8.0,10,0.0953,it
790409,The Last Heretic,2022,Thriller|Horror,5.396,96,0.1887,es
1030908,Mirciulica,2022,Comedy,6.2,25,0.1078,ro
1027511,Apache Stays Apache,2022,Documentary,7.8,19,0.1466,de
1049046,Take Your Pills: Xanax,2022,Documentary,6.135,26,0.1594,en
856389,Giulia,2022,Drama|Comedy,5.9,15,0.105,it
1028559,A Big Fat Family Christmas,2022,TV Movie|Comedy|Drama|Romance,5.3,11,0.1714,en
1012992,The Cook,2022,Drama,4.3,14,0.1621,en
1019637,Roads of Fear,2022,Crime|Action|Thriller|Drama,5.536,14,0.1489,fr
904668,Busco novia,2022,Comedy,7.1,38,0.1,es
1023901,Hasan Minhaj: The King's Jester,2022,Comedy,6.8,38,0.1379,en
964237,The Sixth Secret,2022,Crime|Mystery,5.5,13,0.1066,en
776556,Taming the Garden,2022,Documentary,6.804,23,0.0991,ka
977487,Esterno Notte (part I),2022,Drama|History,7.8,136,0.143,it
985064,The Olsen Gang - Last scream!,2022,Comedy,5.545,11,0.177,no
1047993,Service public,2022,Documentary,7.4,12,0.1494,fr
1020051,Stewart Lee: Snowflake,2022,Comedy,7.3,13,0.1066,en
1024602,Picture Perfect Romance,2022,TV Movie|Comedy|Romance,5.9,10,0.0921,en
874237,Christmas in Toyland,2022,TV Movie|Comedy|Romance,6.2,20,0.1644,en
851721,Takeaway,2022,Drama,5.1,10,0.107,it
870239,What Will I Become?,2022,Comedy,3.1,10,0.1014,tr
967434,Una squadra,2022,Documentary,7.3,12,0.12,it
1032734,The Red Suitcase,2022,Thriller,6.9,23,0.1353,fa
924125,My Emptiness and I,2022,Drama,5.3,11,0.1736,es
999117,Backwards,2022,Drama,7.3,10,0.375,pl
1054638,Pelosi in the House,2022,Documentary,5.2,12,0.1262,en
1090328,The Trap,2022,Comedy|Action,6.6,15,0.1071,es
832601,The Andy Baker Tape,2022,Comedy|Thriller|Horror,5.3,24,0.1835,en
981159,Bruna Louise: Demolition,2022,Comedy,5.2,16,0.3332,pt
859305,Io e Spotty,2022,Comedy,6.8,10,0.1144,it
1070660,Două inimi,2022,Drama|Romance,5.8,10,0.1705,ro
891639,Un mondo sotto social,2022,Comedy,3.7,18,0.1152,it
930711,Burn,2022,Thriller|Crime,5.4,12,0.1137,en
924175,Becoming Male in the Middle Ages,2022,Drama,5.182,11,0.1584,pt
992092,Párty Hárder: Summer Massacre,2022,Comedy,6.7,11,0.0736,cs
1052005,The Return,2022,Drama,4.6,11,0.1247,it
927920,Ein Sommer in der Bretagne,2022,Drama|Romance|TV Movie,5.8,12,0.1063,de
1046760,Pintus @Taormina,2022,Comedy,7.1,10,0.1409,it
854572,The Great Movement,2022,Drama,5.9,14,0.1487,es
921987,The End of the World  or Egg Nogg 4,2022,Comedy|Romance,4.55,20,0.1775,pl
852756,The Desired War,2022,War|Comedy|Romance,4.854,41,0.1941,it
1118853,Redouane Bougheraba : On m'appelle Marseille,2022,Comedy,5.8,11,0.0929,fr
1043678,Ari Shaffir: JEW,2022,Comedy,8.2,13,0.1034,en
1020830,Aberrance,2022,Horror|Drama|Mystery|Thriller,4.75,10,0.0934,mn
971618,Christina P: Mom Genes,2022,Comedy|Documentary,6.6,14,0.1209,en
734800,A Guide to Dating at the End of the World,2022,Comedy|Romance|Science Fiction,5.0,11,0.1346,en
931989,Roman Frayssinet : Alors,2022,Comedy|Family,7.4,23,0.122,fr
1028850,We Were Fine Together,2022,Documentary,7.1,17,0.0739,it
959985,Oprah + Viola: A Netflix Special Event,2022,Documentary|TV Movie,6.75,16,0.0953,en
954056,Persona,2022,Animation,6.8,10,0.1053,ko
1030152,Isaac Asimov: A Message to the Future,2022,Science Fiction|Documentary|TV Movie,6.9,10,0.1401,fr
1047508,La mejor Navidad,2022,Comedy|Romance|TV Movie,6.0,14,0.0864,es
946251,Michela Giraud: The Truth  I Swear!,2022,Comedy,5.0,16,0.1031,it
1044585,Come un padre,2022,Documentary,6.7,20,0.1237,it
1040090,Tim Minchin: Back,2022,Music|Comedy,6.5,10,0.0837,en
943158,The Beauty and the Moody,2022,Comedy|Romance,7.2,29,0.1259,es
934368,Media Crash,2022,Documentary,8.1,11,0.0855,fr
847802,Red,2022,Horror,4.3,29,0.2223,en
942826,Hello?,2022,Drama,6.3,17,0.0824,en
992016,Toilet,2022,Drama,5.9,18,0.0491,it
1096634,The Black Belt - The True History of Fernando Tererê,2022,Drama,6.412,17,0.0793,pt
1045341,Before We Say Goodbye,2022,Romance|Drama,5.2,17,0.0816,it
939624,Wagner  Putin's Shadow Army,2022,Documentary,8.6,10,0.1826,fr
956475,Okay! (The ASD Band Film),2022,Documentary,6.1,216,0.0934,en
889646,Backstage - Dietro le quinte,2022,Drama|Music|Comedy,5.4,12,0.0692,it
1018133,Astonishing Tales of Terror: Rocktapussy!,2022,Horror|Comedy|Fantasy,5.25,20,0.0629,en
1121241,Resident Evil: Reborn,2022,Animation|Action,5.95,10,0.047,en
1096022,The Burned Over District,2022,Horror,6.091,11,0.1311,en
837403,Station to Station,2022,Drama,5.2,11,0.0643,en
1057918,PAIN,2022,Romance,5.3,32,0.0786,pt
965170,Will You Look at Me,2022,Documentary,4.6,11,0.0627,zh
1503002,Dr. Jason,2022,Horror,5.0,10,0.0887,en
929749,Mo Gilligan: There's Mo to Life,2022,Comedy,6.1,10,0.0643,en
891024,Magnetic Fields,2022,Drama|Comedy,6.9,28,0.0456,el
950788,Amok,2022,Animation,5.8,10,0.0925,en
1024192,FCK 2020 – 2 and a Half Years With Scooter,2022,Documentary,6.4,20,0.117,de
766710,Amparo,2022,Drama|Family,5.85,10,0.0668,es
1019427,Sam Morril: Same Time Tomorrow,2022,Comedy,6.857,21,0.0536,en
1017829,Home Owners,2022,Comedy|Fantasy|Thriller,5.045,22,0.0613,es
898036,Panash,2022,Science Fiction|Drama|Music,7.6,17,0.0568,es
1003152,Harry Belafonte: Between Calypso and Justice,2022,Documentary,8.2,10,0.0504,de
992190,Box,2022,Horror,4.5,51,0.0916,en
962764,Mister Creep,2022,Horror,4.6,13,0.1003,en
1023273,Weddings  christenings and funerals,2022,Comedy,6.917,24,0.0977,ro
854317,Atlantide,2022,Drama|Documentary,7.3,12,0.1159,it
998919,Fairplay,2022,Drama,6.9,11,0.0718,fr
1030398,The Ridiculous Spring Festival Gala Tour,2022,Comedy,7.2,16,0.0707,zh
539721,Project E.1337: ALPHA,2022,Science Fiction,5.7,10,0.0542,en
1032427,A Game of Secrets,2022,Documentary,6.6,12,0.0717,en
838897,Soy Libre,2022,Documentary,6.5,11,0.0473,fr
1011816,A,2022,Drama,7.6,112,0.0443,ru
945457,Jeff Foxworthy: The Good Old Days,2022,Comedy|Documentary|TV Movie,6.9,11,0.0379,en
928731,Mutzenbacher,2022,Documentary,6.2,10,0.0387,de
923691,Federica Pellegrini - Underwater,2022,Documentary,6.6,19,0.0327,it
963954,123 Hugs,2022,Unknown,6.3,11,0.0338,en
1136573,Man,2022,Drama,6.9,31,0.0528,en
1017425,The Witcher Bestiary Season 2,2022,Documentary,6.654,13,0.0193,en
1005390,Piece of Cake,2022,Animation|Romance|Fantasy,6.1,10,0.0362,en
988768,Love,2022,Unknown,5.4,10,0.0362,en
959226,1\2,2022,Animation,5.9,16,0.0362,ru
1061422,Rec,2022,Horror|Crime|Mystery|Thriller|Drama,5.6,12,0.0261,en
1060450,Life Is Good,2022,Drama,6.1,11,0.0453,en
1048185,The Way Back,2022,Unknown,7.2,16,0.0071,en
929740,Swinging,2022,Unknown,7.5,10,0.0,en
