id,title,release_year,genres,vote_average,vote_count,popularity,original_language
524047,Greenland,2020,Thriller|Adventure|Action|Science Fiction,7.129,5319,18.3274,en
664413,365 Days,2020,Romance|Drama,6.993,9513,16.8692,pl
508442,Soul,2020,Animation|Family|Drama|Music|Fantasy,8.1,11420,13.039,en
613504,After We Collided,2020,Drama|Romance,7.151,5464,13.4786,en
664767,Mortal Kombat Legends: Scorpion's Revenge,2020,Animation|Action|Fantasy,8.096,1488,11.6844,en
454626,Sonic the Hedgehog,2020,Action|Science Fiction|Comedy|Family,7.3,10400,12.5523,en
516632,The Empty Man,2020,Horror|Mystery,6.179,1010,9.5822,en
635302,Demon Slayer -Kimetsu no Yaiba- The Movie: Mugen Train,2020,Animation|Action|Fantasy,8.211,4520,11.1611,ja
770156,Lucy Shimmers and the Prince of Peace,2020,Drama|Family,8.38,362,9.381,en
533514,Violet Evergarden: The Movie,2020,Animation|Drama|Fantasy|Romance,8.289,512,8.0205,ja
514847,The Hunt,2020,Action|Thriller|Horror,6.647,3654,8.1617,en
741110,Dreamchild,2020,Drama|Romance,5.6,28,9.7122,fr
715756,Dangerous Drugs of Sex,2020,Thriller|Drama|Horror,6.446,37,7.5377,ja
581392,Peninsula,2020,Horror|Action|Thriller|Adventure,6.719,2583,8.628,ko
545609,Extraction,2020,Action|Thriller,7.294,6615,7.548,en
337401,Mulan,2020,Adventure|Fantasy|Action,6.829,7045,7.2445,en
652837,Josee  the Tiger and the Fish,2020,Animation|Drama|Romance,8.268,601,6.9223,ja
570670,The Invisible Man,2020,Thriller|Science Fiction|Horror,7.089,6275,8.8168,en
497582,Enola Holmes,2020,Adventure|Mystery|Crime,7.2,6561,7.503,en
577922,Tenet,2020,Action|Thriller|Science Fiction,7.2,11110,9.2196,en
705559,My Mother's Lovers,2020,Drama,4.8,11,7.4078,es
38700,Bad Boys for Life,2020,Thriller|Action|Crime,7.114,8745,7.4757,en
516486,Greyhound,2020,War|Action|Drama,7.417,3314,7.598,en
761053,Gabriel's Inferno: Part III,2020,Romance|Drama,8.338,1088,6.8198,en
522627,The Gentlemen,2020,Action|Comedy|Crime,7.7,6612,7.7445,en
448119,Dolittle,2020,Family|Comedy|Fantasy|Adventure,6.582,3879,8.2887,en
664280,David Attenborough: A Life on Our Planet,2020,Documentary|Drama,8.439,442,5.705,en
677638,We Bare Bears: The Movie,2020,Animation|Adventure|Family|Comedy|TV Movie,7.83,854,7.2006,en
464052,Wonder Woman 1984,2020,Action|Adventure|Fantasy,6.368,9062,6.4661,en
495764,Birds of Prey (and the Fantabulous Emancipation of One Harley Quinn),2020,Action|Crime,6.877,10816,7.0291,en
547016,The Old Guard,2020,Action|Fantasy,7.098,4824,6.5646,en
614696,#Alive,2020,Action|Horror|Science Fiction,7.215,2048,7.4932,ko
660982,American Pie Presents: Girls' Rules,2020,Comedy,6.107,717,6.3736,en
508439,Onward,2020,Adventure|Animation|Comedy|Family|Fantasy,7.6,6572,5.4809,en
529203,The Croods: A New Age,2020,Animation|Family|Adventure|Fantasy|Comedy,7.4,4137,7.0383,en
446893,Trolls World Tour,2020,Family|Animation|Comedy|Fantasy|Adventure|Music,7.2,2273,6.3173,en
400160,The SpongeBob Movie: Sponge on the Run,2020,Adventure|Animation|Comedy|Family|Fantasy,7.4,2983,5.8166,en
615677,We Can Be Heroes,2020,Family|Action|Fantasy|Comedy,5.949,818,5.6206,en
707610,Bosomy Mom,2020,Drama|Romance,6.063,16,6.0277,ko
696374,Gabriel's Inferno,2020,Romance|Drama,8.382,2469,5.3167,en
690846,Patricia  A Hidden Passion,2020,Drama|Comedy,5.8,41,4.6882,es
531219,Roald Dahl's The Witches,2020,Comedy|Fantasy|Family|Horror,6.3,2989,5.6947,en
508935,The Eight Hundred,2020,War|History|Drama|Action,7.0,336,6.0402,zh
443791,Underwater,2020,Horror|Science Fiction|Action|Adventure,6.285,3470,7.6673,en
481848,The Call of the Wild,2020,Adventure|Family|Drama,7.5,3942,5.4354,en
556678,Emma.,2020,Comedy|Romance|Drama,7.013,1960,4.9935,en
580175,Another Round,2020,Comedy|Drama,7.627,3772,4.6847,da
539537,Fantasy Island,2020,Adventure|Fantasy|Horror|Mystery,5.762,2640,6.502,en
600354,The Father,2020,Drama,8.095,3636,4.4563,en
590995,The Craft: Legacy,2020,Horror|Drama|Fantasy,6.1,900,4.4517,en
385103,Scoob!,2020,Animation|Comedy|Family|Mystery,6.99,1813,5.7644,en
458576,Monster Hunter,2020,Action|Fantasy|Adventure,6.518,3565,6.1635,en
514207,Invasion,2020,Science Fiction|Drama|Action,6.861,887,6.1968,ru
587792,Palm Springs,2020,Comedy|Romance|Science Fiction,7.339,3700,4.9491,en
623491,The Babysitter: Killer Queen,2020,Comedy|Horror,6.33,1845,4.4772,en
618344,Justice League Dark: Apokolips War,2020,Animation|Action|Adventure|Fantasy,8.2,1571,4.4414,en
604822,Vanguard,2020,Action|Adventure|Comedy|Crime|Thriller,6.374,609,4.3491,zh
667520,A Whisker Away,2020,Animation|Drama|Romance|Fantasy,7.868,1491,4.079,ja
338762,Bloodshot,2020,Action|Science Fiction|Adventure,6.679,5256,5.5931,en
625568,Unhinged,2020,Action|Thriller|Horror,6.431,2516,4.8757,en
740985,Borat Subsequent Moviefilm: Delivery of Prodigious Bribe to American Regime for Make Benefit Once Glorious Nation of Kazakhstan,2020,Comedy,6.432,2857,4.1287,en
611213,The Prom,2020,Romance|Comedy,6.1,711,4.5065,en
441130,Wolfwalkers,2020,Animation|Family|Adventure|Fantasy,8.19,1385,3.8166,en
582014,Promising Young Woman,2020,Thriller|Crime|Drama,7.387,3711,3.8057,en
505379,Rebecca,2020,Romance|Drama|Mystery|Thriller,6.3,1173,4.2382,en
590223,Love and Monsters,2020,Adventure|Comedy|Fantasy|Science Fiction,7.272,4458,3.9219,en
682153,Doraemon: Nobita's New Dinosaur,2020,Animation|Adventure|Family|Fantasy|Science Fiction|Comedy,7.4,58,4.0724,ja
724109,Hole-in-law,2020,Romance,5.615,13,3.9229,ko
531876,The Outpost,2020,War|Drama|History|Action,6.882,1170,4.8155,en
694943,Pizza Dare 1,2020,Romance,6.6,10,3.9466,ko
581526,Deliver Us from Evil,2020,Crime|Action|Drama,6.9,232,4.1197,ko
766319,Mariah Carey's Magical Christmas Special,2020,Family|Music,6.183,71,4.0489,en
546121,Run,2020,Thriller|Horror|Drama,7.22,2886,3.9298,en
583083,The Kissing Booth 2,2020,Comedy|Romance,7.608,5137,3.6403,en
627725,The Banker,2020,Drama,7.612,1109,3.4301,en
514593,You Should Have Left,2020,Horror|Thriller,6.084,978,4.1429,en
693158,Proximity,2020,Science Fiction|Drama,6.598,379,3.517,en
499932,The Devil All the Time,2020,Crime|Drama|Thriller,7.177,3662,4.2802,en
539885,Ava,2020,Action|Thriller|Crime,5.826,2757,3.5229,en
340102,The New Mutants,2020,Science Fiction|Horror,6.079,3713,4.6179,en
668195,Ultras,2020,Drama,6.147,430,2.878,it
755812,Miraculous World: New York  United HeroeZ,2020,Animation|Family|Action|Adventure|TV Movie,8.089,1126,3.4633,fr
447362,Life in a Year,2020,Drama|Romance,8.225,1979,3.5343,en
573730,Made in Abyss: Dawn of the Deep Soul,2020,Animation|Adventure|Fantasy|Mystery,7.808,300,3.774,ja
430155,Coma,2020,Science Fiction|Adventure|Action,6.397,626,3.98,ru
549514,Fatale,2020,Drama|Thriller,6.044,387,2.7862,en
603119,The Silencing,2020,Thriller|Action|Crime,6.426,794,4.1645,en
724089,Gabriel's Inferno: Part II,2020,Romance|Drama,8.348,1554,3.1435,en
740966,Pool Boy Nightmare,2020,Thriller|TV Movie,6.6,37,3.779,en
723072,Host,2020,Horror,6.6,1263,3.4722,en
719410,Your Name Engraved Herein,2020,Romance|Drama,7.872,297,3.6197,zh
606234,Archive,2020,Science Fiction|Drama|Fantasy|Thriller,6.355,809,4.2652,en
527660,Yes  God  Yes,2020,Drama|Comedy,6.297,594,2.6765,en
592984,Hillbilly Elegy,2020,Drama,6.7,1021,3.8608,en
733573,My Missing Valentine,2020,Comedy|Romance|Fantasy|Mystery,6.9,44,2.958,zh
500840,I'm Thinking of Ending Things,2020,Mystery|Thriller|Drama,6.542,2199,3.2469,en
457335,Guns Akimbo,2020,Action|Comedy|Crime|Thriller,6.436,2566,2.9417,en
637969,Ravage,2020,Horror|Thriller,5.3,84,2.9872,en
630566,Clouds,2020,Music|Drama|Romance,8.243,1053,2.936,en
575604,The Call,2020,Thriller|Mystery|Science Fiction,7.485,972,3.97,ko
553604,Honest Thief,2020,Thriller|Action|Crime,6.477,1897,3.2556,en
581600,Spenser Confidential,2020,Comedy|Action|Thriller,6.514,2514,4.1004,en
475430,Artemis Fowl,2020,Adventure|Fantasy|Science Fiction|Family,5.526,1734,2.9948,en
592834,My Spy,2020,Family|Action|Comedy,6.864,1381,3.5599,en
689249,Money Heist: The Phenomenon,2020,Documentary,7.4,1082,3.4788,es
390635,Fate/stay night: Heaven's Feel III. Spring Song,2020,Animation|Romance|Fantasy|Action|Drama,7.718,200,3.7168,ja
556984,The Trial of the Chicago 7,2020,Drama|History,7.7,3357,3.1473,en
642121,The Stranger by the Shore,2020,Animation|Romance|Drama,7.9,164,2.9433,ja
702936,Sniper: Assassin's End,2020,Action,6.2,246,3.6498,en
728754,Stand by Me Doraemon 2,2020,Animation|Adventure|Comedy|Science Fiction|Drama|Family|Fantasy,7.774,246,3.8535,ja
653610,Disclosure,2020,Documentary,7.809,144,4.1299,en
509635,Alone,2020,Horror|Thriller,6.376,850,4.2074,en
618353,DC Showcase - Batman: Death in the Family,2020,Animation|Action,7.094,474,2.7535,en
768410,Shawn Mendes: Live in Concert,2020,Music,8.0,73,2.4189,en
614560,Mank,2020,Drama|History,6.673,1783,2.5365,en
522241,The Courier,2020,Thriller|History|Drama,7.027,1335,2.5664,en
658558,The Island of Giant Insects,2020,Animation|Mystery|Drama|Horror|Adventure,4.6,29,2.8759,ja
707886,Feel the Beat,2020,Comedy|Music|Drama,7.555,1170,2.6802,en
435615,Possessor,2020,Horror|Thriller|Science Fiction,6.379,1050,2.5625,en
729097,Young Mother 5,2020,Drama|Romance,5.8,13,3.4714,ko
607313,Sarileru Neekevvaru,2020,Action,6.0,63,2.9211,te
502425,Escape from Pretoria,2020,Drama|History|Thriller,7.168,1489,2.7665,en
663870,Riders of Justice,2020,Action|Comedy|Drama|Thriller,7.273,1069,3.5343,da
552532,Charm City Kings,2020,Drama,7.822,500,2.9897,en
611395,Double World,2020,Action|Adventure|Fantasy,6.7,252,2.5533,zh
718389,The Angela Chapters,2020,Horror,2.3,11,2.9994,en
550231,The Secret: Dare to Dream,2020,Drama|Romance,7.309,662,2.9697,en
342470,All the Bright Places,2020,Romance|Drama,7.631,3022,2.8234,en
565426,To All the Boys: P.S. I Still Love You,2020,Romance|Comedy,6.824,2703,2.7487,en
585244,I Still Believe,2020,Music|Drama|Romance,7.6,1229,2.7998,en
710356,2 Hearts,2020,Romance|Drama,7.245,649,3.7129,en
632632,Given,2020,Animation|Drama|Music|Romance,8.227,420,3.5993,ja
425001,The War with Grandpa,2020,Comedy|Family,6.444,1058,3.1399,en
542224,Gretel & Hansel,2020,Fantasy|Horror|Mystery,6.024,1568,2.6902,en
685833,What Happened at the Carpenter's Shop,2020,Romance,5.4,10,2.934,ko
653723,Boys State,2020,Documentary,7.105,110,2.7333,en
715123,Books of Blood,2020,Horror|Science Fiction,6.323,511,2.4646,en
773655,Death to 2020,2020,Comedy,6.506,804,2.1741,en
659959,Summer of 85,2020,Romance|Drama,7.413,912,3.0289,fr
508570,The One and Only Ivan,2020,Family|Comedy|Drama,7.365,631,2.0795,en
731249,Crayon Shin-chan: Crash! Scribble Kingdom and Almost Four Heroes,2020,Animation|Comedy|Family|Action|Adventure|Fantasy,7.425,20,2.7599,ja
737568,The Doorman,2020,Action|Thriller,5.766,458,2.1379,en
596161,Let Him Go,2020,Thriller|Crime|Western,6.843,817,3.0735,en
502033,Sound of Metal,2020,Drama|Music,7.699,2842,2.7675,en
656690,The Social Dilemma,2020,Documentary|Drama,7.459,1790,3.0344,en
522444,Black Water: Abyss,2020,Horror|Action|Adventure,5.2,473,2.9258,en
642889,Psycho,2020,Thriller|Drama,5.1,30,2.7731,ta
541305,Kajillionaire,2020,Crime|Drama|Comedy,6.285,540,2.2257,en
474764,The Lodge,2020,Horror|Drama|Mystery|Thriller,6.098,1407,2.7522,en
628241,Ala Vaikunthapurramuloo,2020,Action|Comedy|Drama|Family,6.592,109,2.4663,te
551804,Freaky,2020,Horror|Comedy,6.561,1849,2.3972,en
599521,Z-O-M-B-I-E-S 2,2020,Fantasy|Romance|TV Movie,7.47,506,2.843,en
662708,Pokémon the Movie: Secrets of the Jungle,2020,Animation|Adventure|Family|Fantasy,7.2,201,2.9971,ja
621870,Secret Society of Second-Born Royals,2020,Action|Adventure|Comedy|Fantasy,6.635,566,2.2952,en
517412,Tesla,2020,History|Drama,5.782,374,2.4401,en
568467,Ammonite,2020,Romance|Drama,6.909,640,2.386,en
759923,My Sex Doll,2020,Comedy|Romance,7.2,21,2.3859,th
521034,The Secret Garden,2020,Family|Fantasy|Drama,6.346,612,2.2766,en
613658,The Rescue,2020,Drama|Thriller|Action,6.8,63,1.9823,zh
548473,Color Out of Space,2020,Horror|Science Fiction|Mystery|Thriller,6.075,1682,2.1712,en
526702,Black Beauty,2020,Drama,7.999,355,2.4109,en
703745,Deep Blue Sea 3,2020,Action|Horror|Science Fiction,5.6,352,2.2755,en
641167,Men at Work: Miami,2020,Comedy|Music,5.2,15,2.1705,nl
461115,Radium Girls,2020,Drama|History,6.696,46,3.2332,en
670266,Tremors: Shrieker Island,2020,Action|Horror,6.086,256,2.558,en
606523,Night in Paradise,2020,Crime|Thriller|Action,6.905,301,2.527,ko
718400,The Vanished,2020,Thriller|Horror|Crime|Action,6.036,358,2.3958,en
586461,Swallow,2020,Drama|Thriller|Horror,6.6,851,2.1875,en
560144,Skylines,2020,Science Fiction|Action|Thriller,5.553,602,3.3744,en
517096,Cosmoball,2020,Science Fiction|Adventure,6.318,255,2.9281,ru
571265,Digimon Adventure: Last Evolution Kizuna,2020,Animation|Action|Adventure|Fantasy,8.12,267,2.7122,ja
566397,The Man Standing Next,2020,Drama|Thriller,7.111,153,2.0601,ko
698208,Blue  Painful  Fragile,2020,Adventure|Drama,6.6,16,1.533,ja
555974,Brahms: The Boy II,2020,Horror|Mystery|Thriller,5.875,1303,2.3247,en
604578,Spontaneous,2020,Comedy|Horror,6.8,586,3.2893,en
609242,The Heist of the Century,2020,Comedy|Thriller|Crime,7.741,845,2.7454,es
531499,The Tax Collector,2020,Action|Crime|Drama,5.662,529,2.1133,en
741689,Everyone Is There,2020,Drama,8.1,40,2.0824,ko
655431,Psycho-Pass 3: First Inspector,2020,Science Fiction|Action|Crime|Animation,7.6,112,2.8601,ja
579583,The King of Staten Island,2020,Comedy|Drama,6.987,1130,2.1174,en
572751,Seized,2020,Action|Thriller|Adventure,6.673,194,2.2841,en
602147,Inheritance,2020,Drama|Mystery|Thriller,6.339,735,2.4361,en
549294,Synchronic,2020,Horror|Science Fiction|Thriller,6.344,1091,2.393,en
615665,Holidate,2020,Comedy|Romance,6.972,2362,2.7126,en
501979,Bill & Ted Face the Music,2020,Comedy|Science Fiction|Adventure|Music,5.9,1079,2.9513,en
560044,The Willoughbys,2020,Adventure|Animation|Comedy|Family|Fantasy,7.039,971,2.0602,en
651070,A Fall from Grace,2020,Drama|Thriller|Mystery,6.996,985,2.7358,en
589754,The Last Warrior: Root of Evil,2020,Fantasy|Adventure|Comedy,6.715,207,2.9271,ru
528085,2067,2020,Science Fiction,5.443,938,2.4089,en
582596,The Wrong Missy,2020,Comedy|Romance,6.134,1274,2.3956,en
575088,Baba Yaga: Terror of the Dark Forest,2020,Horror,6.356,375,2.893,ru
563067,Fukushima 50,2020,History|Drama|Action,6.5,190,2.1793,ja
734353,Anything for Jackson,2020,Horror,6.733,281,2.2456,en
454433,Magic Camp,2020,Family|Fantasy|Comedy,6.845,216,3.0566,en
651571,Breach,2020,Science Fiction|Action|Horror,4.177,693,1.9971,en
647785,Debt Collectors,2020,Action|Comedy|Crime,6.163,256,2.3574,en
594328,Phineas and Ferb the Movie: Candace Against the Universe,2020,Family|Animation|Science Fiction|Comedy,7.2,401,2.7489,en
728142,Nowhere Special,2020,Drama,7.2,232,2.0298,en
602654,Horizon Line,2020,Thriller|Adventure|Action,5.559,418,2.3376,en
661950,Alone,2020,Horror|Thriller|Drama,5.83,206,1.9946,en
681019,Nobody Sleeps in the Woods Tonight,2020,Comedy|Horror,5.231,730,2.1989,pl
571625,The Closet,2020,Horror|Thriller,7.2,202,3.0705,ko
614911,The Midnight Sky,2020,Science Fiction|Drama,5.7,2021,2.1761,en
587496,The Rental,2020,Horror|Thriller,5.552,994,2.4293,en
604362,Hitman: Agent Jun,2020,Action|Comedy,7.1,84,2.0673,ko
451184,Wasp Network,2020,Drama|History|Thriller,6.054,407,2.1308,en
662231,Hacked,2020,Thriller,5.386,22,2.1734,hi
628917,An American Pickle,2020,Comedy|Drama,5.766,591,2.6495,en
635389,Jiang Ziya,2020,Animation|Action|Fantasy|Adventure,7.284,220,1.78,zh
653744,Sergio,2020,Drama,6.551,360,1.7847,en
581032,News of the World,2020,Drama|Western|Adventure,6.926,1940,1.9772,en
724108,R-Rated Idol Seung-ha's Fancy Walk,2020,Drama|Romance,7.4,16,2.0601,ko
523781,Words on Bathroom Walls,2020,Drama|Romance,7.753,662,2.1766,en
721625,Songbird,2020,Science Fiction|Thriller,6.167,786,2.0566,en
491926,Resistance,2020,War|History|Drama,6.929,473,2.7575,en
579828,Superdeep,2020,Horror|Science Fiction|Thriller,5.94,358,2.005,ru
575774,His House,2020,Horror|Drama,6.403,1228,1.649,en
677632,The Nine Lives of Ozzy Osbourne,2020,Documentary|Music|TV Movie,7.4,17,2.3606,en
658760,Isi & Ossi,2020,Romance|Comedy,6.905,959,2.3293,de
492008,The Swordsman,2020,Action|Drama|History,7.5,287,1.877,ko
733317,Monsters of Man,2020,Science Fiction|Action,6.364,408,2.5617,en
605116,Project Power,2020,Action|Crime|Science Fiction,6.431,3072,2.6554,en
718444,Rogue,2020,Action|Adventure,5.594,742,2.3677,en
621151,Spell,2020,Thriller|Horror|Fantasy,6.391,457,1.9344,en
740996,BLACKPINK: Light Up the Sky,2020,Documentary|Music,8.199,521,2.7994,ko
601844,Becky,2020,Thriller|Horror|Action,6.305,710,2.2258,en
559974,Shock Wave 2,2020,Action|Crime|Thriller,7.107,177,1.9431,cn
547017,Shirley,2020,Drama|Thriller|Mystery,6.101,207,2.4967,en
715287,Stepmom's Desire,2020,Drama|Romance,7.2,30,2.765,ko
627463,The Assistant,2020,Drama,6.29,526,3.4835,en
631132,Goblin Slayer: Goblin's Crown,2020,Animation|Adventure|Action|Fantasy,7.304,304,2.2068,ja
505225,The Last Thing He Wanted,2020,Drama|Thriller,4.9,539,1.8471,en
526007,The Night Clerk,2020,Thriller|Crime|Drama,6.199,898,2.5349,en
560008,Minamata,2020,Drama|History,6.922,332,2.4493,en
520318,Fatima,2020,Drama,7.226,195,1.712,en
480857,Radioactive,2020,Drama|Romance|History,6.6,915,2.8075,en
602211,Fatman,2020,Action|Fantasy|Comedy,5.594,961,2.1794,en
576920,Silver Skates,2020,Romance|Adventure|Drama|Family,7.5,308,1.9508,ru
560050,Over the Moon,2020,Animation|Adventure|Family|Fantasy,7.179,1395,2.6231,en
502104,Seven Stages to Achieve Eternal Bliss,2020,Comedy|Horror|Thriller,5.086,29,1.6773,en
520946,100% Wolf,2020,Animation|Family|Fantasy|Adventure,6.114,337,2.3565,en
671583,Upside-Down Magic,2020,Fantasy|Family|TV Movie,7.134,268,2.2837,en
429422,Capone,2020,Crime|Drama,5.034,440,1.7478,en
682110,My Octopus Teacher,2020,Documentary,7.874,1037,1.8195,en
492611,The Turning,2020,Horror|Thriller,5.712,1026,2.2157,en
653598,Spree,2020,Comedy|Crime|Horror|Thriller,6.382,549,2.1734,en
649523,Happy-Go-Lucky Days,2020,Animation|Drama|Romance,5.5,20,1.8804,ja
661914,One Night in Miami...,2020,Drama,7.0,698,1.8499,en
560391,Downhill,2020,Drama|Comedy,5.239,307,1.7272,en
680593,The Dark and the Wicked,2020,Horror,6.159,538,2.0526,en
449756,The Postcard Killings,2020,Drama|Thriller,6.347,649,1.5922,en
606625,Follow Me,2020,Horror|Thriller,6.221,563,1.7909,en
632666,Unpregnant,2020,Drama|Comedy,6.9,325,2.6793,en
503917,Enter the Fat Dragon,2020,Action|Comedy|Crime,6.324,136,2.2622,cn
677115,Female Urologists 2,2020,Drama|Romance,5.455,11,1.9381,ko
523977,Summerland,2020,Drama|Romance,7.546,226,2.7314,en
706503,Lost Bullet,2020,Action|Thriller|Crime|Drama,6.585,930,1.9816,fr
550738,Spycies,2020,Animation|Comedy|Action|Adventure|Family,7.4,220,3.1724,fr
630211,Samjin Company English Class,2020,Drama|Comedy,7.713,40,1.9296,ko
618355,Superman: Red Son,2020,Science Fiction|Animation|Action,7.082,899,1.776,en
665142,Young Aunt 3,2020,Romance,5.5,12,1.7966,ko
732670,LEGO Star Wars Holiday Special,2020,Animation|Family|Science Fiction|Adventure|Comedy,6.6,367,2.764,en
617505,Hubie Halloween,2020,Comedy|Horror|Mystery,5.889,1781,1.8658,en
575718,Secret Zoo,2020,Comedy|Drama,6.217,83,2.6716,ko
592789,Beyond the Horizon,2020,Drama,5.3,18,1.263,fr
524216,The Mortuary Collection,2020,Fantasy|Horror,6.725,479,1.6006,en
665251,Altered Carbon: Resleeved,2020,Animation|Science Fiction,6.6,323,1.6833,ja
654028,The Christmas Chronicles: Part Two,2020,Family|Fantasy|Adventure|Comedy,6.498,1168,2.096,en
757860,The Yin-Yang Master: Dream of Eternity,2020,Action|Drama|Fantasy|Mystery|Science Fiction,7.3,211,1.9045,zh
722926,Skin: A History of Nudity in the Movies,2020,Documentary,6.527,56,1.8406,en
571785,Time to Hunt,2020,Drama|Action|Thriller,7.158,346,1.7154,ko
673159,Hooking Up,2020,Comedy|Drama,6.319,177,2.7197,en
606679,The High Note,2020,Romance|Comedy|Music|Drama,7.0,476,1.89,en
746817,The Call,2020,Horror|Thriller,5.444,170,2.3581,en
520172,Happiest Season,2020,Romance|Comedy,7.093,1325,1.6581,en
768939,Army of One,2020,Action,5.69,210,2.2056,en
733156,Sightless,2020,Thriller|Horror,6.75,422,2.0339,en
595148,Irresistible,2020,Comedy|Drama,6.032,495,1.6626,en
554761,Falling,2020,Drama,6.445,211,1.8727,en
744676,Ginny Weds Sunny,2020,Romance|Comedy|Drama|Family,6.0,34,1.7057,hi
682377,Chick Fight,2020,Action|Comedy|Drama,5.794,235,2.8145,en
571384,Come Play,2020,Horror|Mystery,6.403,741,1.6179,en
521007,Superintelligence,2020,Comedy|Science Fiction|Romance,5.901,370,2.1587,en
571648,Beasts Clawing at Straws,2020,Mystery|Thriller|Crime|Drama,7.066,279,1.8017,ko
616251,The Broken Hearts Gallery,2020,Comedy|Romance,7.135,342,1.6362,en
589174,Pawn,2020,Comedy|Drama|Family,8.329,73,1.7698,ko
592643,Embattled,2020,Action|Drama,6.729,109,2.2009,en
602296,Innocence,2020,Crime|Thriller,7.703,106,1.718,ko
320846,Sky Sharks,2020,Horror|Science Fiction|Comedy,4.887,119,2.7735,de
479259,Lost Girls & Love Hotels,2020,Drama,5.398,206,2.0672,en
621013,Chemical Hearts,2020,Drama|Romance,7.3,1162,2.0392,en
339095,The Last Days of American Crime,2020,Action|Crime|Thriller,6.458,854,1.784,en
627290,Antebellum,2020,Horror,6.254,995,1.6247,en
741074,Once Upon a Snowman,2020,Adventure|Animation|Comedy|Family|Fantasy,6.936,570,1.8058,en
653664,Dinner in America,2020,Romance|Comedy|Music,7.6,250,2.0277,en
647325,The Thing About Harry,2020,Romance|TV Movie|Comedy,6.832,226,1.6475,en
623305,The Acrobat,2020,Drama,6.2,24,2.9828,fr
531454,Eurovision Song Contest: The Story of Fire Saga,2020,Music|Comedy,6.414,1572,2.0827,en
730497,18 Year Old Seungha's Easy Piece of Cake,2020,Drama|Romance,6.5,12,1.7503,ko
721452,One Night in Bangkok,2020,Action|Thriller,6.533,200,1.8978,en
724475,Ben 10 vs. the Universe: The Movie,2020,Animation|Action|Adventure|Science Fiction,7.478,136,1.9511,en
606876,Rifkin’s Festival,2020,Comedy|Romance,6.11,467,1.4917,en
637202,Fate/Grand Order the Movie: Divine Realm of the Round Table: Camelot 1 Wandering; Agateram,2020,Animation|Action|Adventure|History|Drama|Fantasy,7.127,75,2.2473,ja
738173,Dave Not Coming Back,2020,Documentary,7.0,18,1.6222,en
644831,Blithe Spirit,2020,Comedy|Fantasy|Romance,5.726,239,2.8197,en
493065,Cut Throat City,2020,Action|Crime|Drama|Thriller,6.373,153,1.582,en
703771,Deathstroke: Knights & Dragons - The Movie,2020,Animation|Action|Adventure|Science Fiction,6.957,468,2.1387,en
489326,Mortal,2020,Action|Fantasy|Thriller,6.5,511,1.6732,en
690369,LEGO DC: Shazam! Magic and Monsters,2020,Family|Adventure|Animation|Comedy,7.138,159,1.7657,en
651610,Pixie,2020,Comedy|Crime|Thriller,5.852,149,1.6775,en
710692,Aunt's Temptation 3,2020,Romance,7.0,18,1.7591,ko
686245,Survive the Night,2020,Action|Thriller,4.83,262,1.4508,en
505746,Asphalt Burning,2020,Action|Comedy,5.6,128,1.755,no
608195,Ghosts of War,2020,Horror|Thriller|War|Science Fiction,6.247,585,1.379,en
664850,Here We Are: Notes for Living on Planet Earth,2020,Animation|Family,7.548,73,2.0239,en
581577,Persian Lessons,2020,War|Drama,7.5,482,1.6387,de
619594,My Salinger Year,2020,Drama,6.31,197,1.1108,en
634544,Uncle Frank,2020,Drama|TV Movie,7.288,443,1.6357,en
523366,Dragon Rider,2020,Animation|Family|Adventure|Fantasy,7.0,178,1.5543,en
575417,On the Rocks,2020,Drama|Comedy|Romance,6.089,794,1.5143,en
597219,The Half of It,2020,Comedy|Romance|Drama,7.085,1593,1.5919,en
618354,Superman: Man of Tomorrow,2020,Animation|Action|Science Fiction,7.055,493,1.8049,en
590706,Jiu Jitsu,2020,Action|Science Fiction|Fantasy,4.797,653,2.0302,en
727306,Safety,2020,Family|Drama|History,7.527,203,1.7245,en
628333,Wild Mountain Thyme,2020,Romance|Drama,5.248,210,1.7074,en
702525,Bigfoot Family,2020,Animation|Adventure|Family,7.118,233,1.8733,en
645484,Dil Bechara,2020,Drama|Romance,6.72,118,1.61,hi
548755,Percy,2020,Drama,6.684,136,1.453,en
680041,Over the Sky,2020,Animation|Drama|Fantasy|Romance,6.9,57,1.8242,ja
594718,Sputnik,2020,Science Fiction|Drama|Horror,6.541,979,1.7659,ru
529485,The Way Back,2020,Drama,6.6,1327,1.7182,en
747550,Apocalypse of Ice,2020,Science Fiction|Adventure|Action,3.9,31,1.6166,en
662546,Godmothered,2020,Family|Fantasy|Comedy,6.714,635,2.0205,en
596695,Femalien: Cosmic Crush,2020,Science Fiction|Fantasy,4.1,11,1.3126,en
520765,Go!,2020,Family,6.843,334,2.5352,en
682427,Love Me  Love Me Not,2020,Drama|Romance,7.095,21,1.5529,ja
594530,Lamp Life,2020,Adventure|Animation|Comedy|Family,7.1,328,1.7001,en
579831,The Last Frontier,2020,War|Drama|History,6.6,90,1.7053,ru
678391,HIT: The First Case,2020,Crime|Thriller|Action,6.639,54,1.789,te
592279,Kalashnikov AK-47,2020,War|History|Drama,7.388,361,2.1996,ru
701175,The Paramedic,2020,Thriller|Drama|Crime,6.031,693,1.5872,es
653601,Horse Girl,2020,Drama,5.654,602,1.8982,en
670428,PG: Psycho Goreman,2020,Science Fiction|Comedy|Horror,6.031,435,1.4144,en
545237,The Nest,2020,Drama,6.077,382,1.6199,en
604768,The Very Excellent Mr. Dundee,2020,Comedy,4.8,50,1.381,en
630220,18 Presents,2020,Drama|Family,7.405,712,1.6173,it
751820,Caught in Time,2020,Action|Crime|Drama,6.56,50,2.8149,zh
816614,Scarlett,2020,Action|Crime,6.667,30,2.6065,en
581859,Da 5 Bloods,2020,War|Drama,6.438,1169,1.5464,en
716258,Black Box,2020,Horror|Science Fiction,6.423,594,1.8939,en
606906,Steel Rain 2: Summit,2020,Action|Thriller|War,7.059,68,1.504,ko
560204,Arkansas,2020,Crime|Thriller|Action|Mystery,5.771,348,2.5565,en
567965,Misbehaviour,2020,Drama|History|Comedy,6.385,299,1.5747,en
719949,Khuda Haafiz,2020,Action|Thriller,6.97,50,1.5537,hi
694527,One World: Together at Home,2020,Music|Documentary,7.1,36,1.4906,en
582885,Cuties,2020,Drama,5.154,465,2.4519,fr
714338,Bulbbul,2020,Horror|Fantasy|Thriller,6.612,170,1.7497,hi
626393,The Sleepover,2020,Family|Action,6.401,441,1.7836,en
520725,The Lost Prince,2020,Fantasy|Adventure|Comedy,5.697,370,1.5749,fr
717634,Girl,2020,Thriller,6.036,233,1.5798,en
567608,Last Moment of Clarity,2020,Drama|Mystery|Thriller,5.177,158,1.5396,en
382748,Stargirl,2020,Comedy|Drama|Romance|Family,7.4,571,2.3495,en
634521,The Promised Neverland,2020,Action|Fantasy|Mystery|Adventure|Thriller,7.265,68,2.4493,ja
592717,Hotel Belgrade,2020,Comedy|Romance,6.685,46,1.6273,ru
649392,Rev,2020,Action|Drama,6.0,72,1.8629,en
575776,Saint Maud,2020,Horror|Mystery|Thriller,6.5,884,1.5906,en
612706,Work It,2020,Comedy|Music,7.494,1222,1.1861,en
624812,Love Me  Love Me Not,2020,Animation|Drama|Romance|Comedy,7.0,17,1.3434,ja
567970,Lost Girls,2020,Drama|Mystery|Thriller|History,6.051,759,1.8675,en
724717,The 2nd,2020,Action,5.199,138,1.4123,en
615761,Undine,2020,Fantasy|Drama|Romance,6.457,278,1.461,de
442065,The Last Full Measure,2020,Drama|Action|War,7.279,496,1.5229,en
641662,Pieces of a Woman,2020,Drama,7.022,1314,2.0052,en
539181,Relic,2020,Horror|Mystery,6.097,828,1.4802,en
662844,Angels Fallen,2020,Horror|Fantasy|Action,5.743,107,1.2979,en
674607,The Decline,2020,Thriller|Action,6.14,446,1.8473,fr
534039,10 Things We Should Do Before We Break Up,2020,Drama|Romance,5.3,127,1.5063,en
757388,Audrey,2020,Documentary|History|TV Movie,7.156,64,2.4155,en
650783,The Comeback Trail,2020,Comedy|Crime,5.859,370,1.5052,en
714375,Fatal Affair,2020,Thriller,5.672,309,2.7131,en
675476,Crazy Samurai Musashi,2020,Action,6.023,66,1.5145,ja
623856,Let Them All Talk,2020,Comedy|Drama,5.582,297,1.4716,en
513268,Body Cam,2020,Horror|Thriller|Mystery,6.185,420,1.6112,en
597156,The Boys in the Band,2020,Drama,6.759,455,1.3616,en
637157,The Main Event,2020,Family|Comedy,6.424,244,1.4019,en
619592,Force of Nature,2020,Action|Adventure|Crime|Thriller,5.171,558,1.5946,en
700179,Deadly Mile High Club,2020,Thriller|TV Movie,5.8,20,1.3351,en
719088,Yes  No  or Maybe?,2020,Animation|Drama|Romance,7.0,47,1.0733,ja
527400,Come Away,2020,Fantasy|Adventure,5.836,317,1.6253,en
743439,PAW Patrol: Jet to the Rescue,2020,Animation|Family,7.074,170,1.6266,en
741067,Welcome to Sudden Death,2020,Action|Drama,6.085,299,1.4822,en
599335,Okay! Madam,2020,Comedy|Action,7.054,56,1.6126,ko
540023,Wander Darkly,2020,Romance|Drama,6.0,72,1.7556,en
718840,A Nice Girl Like You,2020,Comedy|Romance,5.847,389,1.411,en
532323,SHIROBAKO the Movie,2020,Animation|Comedy|Drama,6.9,21,1.5673,ja
623666,Young Hunter,2020,Drama,6.2,76,1.5318,es
686142,The Lost Husband,2020,Drama|Romance,6.768,142,1.2931,en
595228,Soorarai Pottru,2020,Drama|Action,7.806,121,1.8665,ta
526019,Like a Boss,2020,Comedy,6.216,668,1.3715,en
688258,Occupation: Rainfall,2020,Science Fiction|Action,6.194,279,1.5933,en
732713,Evil Eye,2020,Mystery|Thriller|Horror,5.339,174,1.5272,en
650498,Twittering Birds Never Fly: The Clouds Gather,2020,Animation|Drama,6.6,35,1.7852,ja
673175,Have a Good Trip: Adventures in Psychedelics,2020,Documentary|Comedy,6.601,183,1.4761,en
653708,Herself,2020,Drama,6.729,120,2.5587,en
602623,Oh! My Gran,2020,Drama|Comedy,5.6,12,1.3429,ko
697064,Beckman,2020,Action,5.988,86,2.3296,en
616803,Breaking Surface,2020,Drama|Thriller,6.691,445,1.6959,sv
716263,Sister-in-law's Taste,2020,Drama|Romance,6.7,19,1.5409,ko
802119,All About Sex,2020,Comedy|Drama|Romance,5.97,50,1.4281,en
698860,MOTHER,2020,Drama,6.979,97,1.4992,ja
569711,Human Capital,2020,Crime|Drama,5.647,119,1.3177,en
674779,Bheeshma,2020,Romance|Action|Comedy,6.179,39,1.2628,te
741011,My First Summer,2020,Drama|Romance,8.002,271,1.5295,en
552687,Wotakoi: Love is Hard for Otaku,2020,Comedy|Romance,6.6,63,1.3165,ja
652962,Half Brothers,2020,Comedy|Drama,7.253,221,1.6288,en
482273,Valley Girl,2020,Comedy|Romance|Music,5.6,106,1.4959,en
624963,A Babysitter's Guide to Monster Hunting,2020,Family|Fantasy|Adventure|Comedy,6.201,319,1.6048,en
594084,Guest House,2020,Comedy,5.4,68,2.1834,en
694447,Hope Ranch,2020,Family,5.2,10,1.5718,en
732230,Coming Home,2020,Drama|Romance,7.0,17,1.1613,ja
466622,The Rhythm Section,2020,Action|Thriller,5.51,663,1.4621,en
597856,Critters Attack!,2020,Comedy|Horror|Science Fiction,6.048,146,1.5267,en
636565,Rose Island,2020,Comedy|Adventure,7.042,1399,1.5571,it
725691,Midnight Swan,2020,Drama,6.9,18,1.2804,ja
632322,All My Life,2020,Romance|Drama,7.767,515,1.5001,en
728069,Shark Season,2020,Mystery|Thriller|Horror|Action,4.4,50,1.5497,en
601165,Legacy of Lies,2020,Thriller|Action,5.529,256,1.3187,en
706260,Adam,2020,Drama,6.36,50,1.4095,en
594139,Darbar,2020,Action|Drama|Thriller,6.0,55,1.4216,ta
547012,Buffaloed,2020,Comedy|Drama,6.7,276,1.5198,en
585257,Fire,2020,Action|Drama,7.9,185,1.294,ru
737519,The Rope Curse 2,2020,Horror,5.5,31,1.401,zh
698222,From Today  It's My Turn!!: The Movie,2020,Comedy|Action,6.9,24,1.2872,ja
614179,Coolie No. 1,2020,Comedy|Drama,5.1,72,1.2038,hi
631939,The Legion,2020,Adventure|History|Action,6.229,144,1.2158,en
532870,Run Sweetheart Run,2020,Horror|Thriller,5.536,224,1.4532,en
658412,Ludo,2020,Crime|Comedy,7.187,126,1.1763,hi
659731,Varane Avashyamund,2020,Comedy|Family|Romance,6.7,37,1.3111,ml
658006,Romance Doll,2020,Romance|Drama,7.1,50,1.563,ja
618386,Babenco: Tell Me When I Die,2020,Documentary,7.206,17,1.3672,pt
575446,New Order,2020,Drama|Thriller,6.402,376,1.2273,es
726208,Don't Listen,2020,Drama|Horror|Thriller,6.447,806,1.5924,es
501953,Eternal Beauty,2020,Comedy|Drama,6.2,75,2.3957,en
673174,Offering to the Storm,2020,Crime|Thriller|Mystery,6.5,343,1.3448,es
579400,Stardust,2020,Music|Drama,3.917,42,1.2268,en
750596,The Catch,2020,Drama,6.9,15,1.1754,en
761226,Welcome Home,2020,Drama|Horror|Thriller,6.442,26,1.3831,hi
38258,Grizzly II: Revenge,2020,Horror|Music|Thriller,3.204,54,1.4428,en
526052,Becoming,2020,Science Fiction|Drama|Thriller|Horror,5.3,70,0.8403,en
751496,Baby,2020,Thriller|Horror,5.3,62,2.1614,es
622855,Jingle Jangle: A Christmas Journey,2020,Family|Fantasy|Music,6.567,569,1.8441,en
743601,American Murder: The Family Next Door,2020,Crime|Documentary,7.261,749,1.3308,en
680028,Centigrade,2020,Thriller,5.8,291,1.4412,en
627661,Cranston Academy: Monster Zone,2020,Animation|Adventure|Science Fiction|Fantasy|Horror,6.018,110,1.7146,en
685099,Date A Bullet: Dead or Bullet,2020,Animation|Action|Adventure|Science Fiction|Fantasy,6.9,32,2.3449,ja
636282,Best Friend,2020,Drama|Comedy,7.5,19,1.2229,ko
768520,A California Christmas,2020,Comedy|Romance|Drama,6.407,370,1.2764,en
683287,Unbreakable Kimmy Schmidt: Kimmy vs. the Reverend,2020,Comedy|TV Movie,6.4,169,1.2872,en
589615,Raat Akeli Hai,2020,Crime|Mystery|Thriller,6.747,91,0.9931,hi
678489,The Bridge Curse,2020,Horror|Thriller|Mystery,6.347,95,1.592,zh
730647,Break the Silence: The Movie,2020,Music|Documentary,9.0,187,1.0916,ko
641501,How I Became a Superhero,2020,Science Fiction|Adventure|Action|Comedy|Thriller,6.106,557,1.4612,fr
720026,Butchers,2020,Horror,5.1,237,1.2009,en
470610,Endless,2020,Romance|Drama|Fantasy,6.649,221,1.2673,en
735595,The Scary House,2020,Family|Fantasy|Horror,5.56,251,1.819,de
617786,The Other Lamb,2020,Horror|Drama|Thriller,5.7,231,1.1823,en
636291,Baseball Girl,2020,Drama,6.6,18,1.1241,ko
726739,Cats & Dogs 3: Paws Unite,2020,Family|Comedy|Action,6.274,257,1.5974,en
682753,My Darling Vivian,2020,Documentary|Romance,7.1,10,1.1883,en
519056,The Glorias,2020,Drama,6.4,63,1.287,en
642208,Supernova,2020,Romance|Drama,6.9,353,2.2404,en
550440,Timmy Failure: Mistakes Were Made,2020,Family|Comedy|Fantasy|Mystery,6.209,192,1.5982,en
675308,Lingering,2020,Horror|Mystery,6.3,26,1.3787,ko
671039,Rogue City,2020,Crime|Thriller|Action|Drama,5.905,628,1.3554,fr
594669,Baaghi 3,2020,Action|Adventure|Thriller,6.3,125,1.8044,hi
438396,Unknown Origins,2020,Drama|Thriller,6.231,455,1.1444,es
572299,How to Build a Girl,2020,Comedy,5.667,66,1.0776,en
693831,DAU. Katya Tanya,2020,Drama,4.3,13,1.1346,ru
507441,Sea Fever,2020,Thriller|Horror|Drama|Science Fiction|Mystery,6.089,623,1.8375,en
695569,Penance Lane,2020,Horror,5.665,94,1.3892,en
670327,Marudase Kintarou,2020,Romance|Comedy|Animation,3.6,13,1.2583,ja
656563,Rich in Love,2020,Romance|Comedy,7.672,631,1.2723,pt
590854,The Hater,2020,Drama|Thriller,6.908,595,1.3124,pl
596247,Pacto de Fuga,2020,Drama|Thriller,7.5,112,1.3308,es
542807,Last Letter,2020,Romance|Drama,7.0,28,1.4048,ja
633908,The Stand In,2020,Comedy,5.3,120,1.3339,en
608331,Forest Giant,2020,Drama,6.833,18,1.7496,fi
657350,The Confidence Man JP – Episode of the Princess –,2020,Comedy|Mystery,6.6,25,1.2259,ja
724574,Runt,2020,Drama,7.529,34,2.0471,en
639798,32 Malasana Street,2020,Drama|Horror,6.456,695,1.1551,es
658751,Rising High,2020,Comedy|Drama,6.545,301,1.4365,de
615177,Coffee & Kareem,2020,Comedy|Action|Crime,5.452,436,1.2372,en
758935,Blindfire,2020,Crime|Drama|Thriller,6.759,87,1.0341,en
739269,Little Big Women,2020,Drama,7.184,57,1.9138,zh
623958,The Bay of Silence,2020,Thriller,4.432,110,1.1827,en
522098,Babyteeth,2020,Drama|Comedy|Romance,6.858,394,1.2214,en
527382,Bad Therapy,2020,Comedy|Drama,4.3,35,2.3992,en
643550,Nocturne,2020,Horror|Mystery,5.8,521,1.2251,en
399363,Wendy,2020,Fantasy|Drama,5.7,139,1.4242,en
684684,Shortcut,2020,Horror|Adventure|Fantasy,5.287,129,1.346,en
688301,Wife of a Spy,2020,Drama|War|Thriller,6.681,102,1.2518,ja
706783,Choked: Paisa Bolta Hai,2020,Drama|Crime|Thriller,6.446,37,1.2209,hi
558582,First Cow,2020,Drama|Western,7.064,534,1.3463,en
748412,The Calm Beyond,2020,Science Fiction|Thriller,7.4,77,1.2435,cn
635199,Howling Village,2020,Horror|Mystery,5.8,104,1.2149,ja
718867,The Larva Island Movie,2020,Animation|Family,7.111,184,1.4127,en
575089,One Second,2020,Drama,7.292,125,1.2263,zh
513584,Think Like a Dog,2020,Family|Comedy|Drama,6.675,166,1.1181,en
749395,Agatha and the Midnight Murders,2020,Mystery|Drama,6.232,56,1.1189,en
576568,Come As You Are,2020,Comedy|Drama,6.549,92,1.2076,en
653567,Miss Americana,2020,Documentary|Music,7.834,646,1.1143,en
689723,Dangerous Lies,2020,Thriller,6.281,903,1.6165,en
720755,The Kid Detective,2020,Comedy|Drama|Mystery,6.609,472,1.28,en
744941,Dear Christmas,2020,TV Movie|Romance,6.5,57,4.1174,en
721656,Happy Halloween  Scooby-Doo!,2020,Family|Animation|Mystery|Comedy|Horror,7.8,253,1.4202,en
703134,Infamous,2020,Crime,5.653,193,1.2388,en
621707,The Vigil,2020,Horror|Mystery,5.842,428,1.3111,en
574089,Loop,2020,Animation|Family|Drama,6.67,209,2.1833,en
589049,The Photograph,2020,Drama|Romance,6.323,217,2.5509,en
612511,Threads - Our Tapestry of Love,2020,Romance,7.0,24,1.3423,ja
554371,Limbo,2020,Drama|Comedy,6.9,120,2.2513,en
660609,Uncorked,2020,Drama|Comedy,6.118,242,2.4688,en
726940,Octonauts and the Caves of Sac Actun,2020,Family|Animation|Adventure,6.6,34,1.0992,en
644090,Love  Guaranteed,2020,Romance|Comedy,6.382,671,1.3985,en
723895,Dragons: Rescue Riders: Secrets of the Songwing,2020,Animation|Family|TV Movie,7.3,39,1.3032,en
635237,Arthur & Merlin: Knights of Camelot,2020,Adventure|History|Action,5.2,136,1.3358,en
683342,V,2020,Action|Crime|Thriller,6.6,130,1.2719,te
669663,Not Quite Dead Yet,2020,Comedy,6.2,20,1.2669,ja
621749,Nimic,2020,Drama|Fantasy|Mystery|Thriller,6.564,312,1.1889,en
719643,Black Is King,2020,Music,7.133,135,1.1488,en
664168,Fat Ass Zombies,2020,Horror|Comedy,4.85,70,0.9883,en
640196,Signal 100,2020,Drama|Horror|Thriller,5.7,15,1.1279,ja
606717,Angrezi Medium,2020,Drama|Comedy,7.047,74,1.2846,hi
722261,Kissed,2020,Horror,6.3,15,1.788,en
677602,Grand Blue,2020,Comedy,5.7,23,1.3451,ja
565379,Premature,2020,Drama|Romance,6.2,25,1.5025,en
528761,Coda,2020,Music|Drama,5.978,89,1.9985,en
615667,Ma Rainey's Black Bottom,2020,Drama|Music,6.648,1260,1.5512,en
741612,The Stylist,2020,Horror|Drama,5.216,109,1.4338,en
735364,The Boss Baby: Get That Baby!,2020,Comedy|Family|Animation,6.3,77,1.3004,en
669770,Broil,2020,Fantasy|Horror|Thriller,5.379,33,2.1209,en
683022,Fatal Journey,2020,Action|History|Drama|Fantasy,7.3,13,1.8566,zh
615115,The Secrets We Keep,2020,Thriller|History|Drama,5.953,278,0.9642,en
659551,Eat Wheaties!,2020,Comedy|Drama,5.569,29,2.207,en
736759,Making The Witcher,2020,Documentary|TV Movie,7.113,93,1.263,en
587608,Deeper!,2020,Romance|Comedy,5.6,42,0.9737,ru
659991,Made in Italy,2020,Comedy|Drama,5.992,298,1.1596,en
652004,The Wolf of Snow Hollow,2020,Horror|Thriller,6.059,507,1.4547,en
721077,Takeover,2020,Comedy,5.72,25,1.1597,de
524840,Friendsgiving,2020,Comedy,4.6,93,1.1913,en
660713,True Mothers,2020,Drama,7.368,87,1.0365,ja
661043,Malang,2020,Romance|Action|Adventure|Crime|Thriller,7.0,64,1.4344,hi
653606,The Last Shift,2020,Comedy|Drama,5.693,101,1.673,en
734309,Santana,2020,Action,5.709,201,1.4253,en
605680,Collectors,2020,Comedy|Adventure|Crime,7.197,38,1.1019,ko
554908,Endings  Beginnings,2020,Romance|Drama,6.1,261,1.3274,en
651589,Sky High,2020,Action|Drama|Thriller,6.087,235,1.396,es
639247,Dreamkatcher,2020,Horror|Thriller,5.133,135,1.9995,en
552269,Joe Bell,2020,Drama,6.496,263,1.0453,en
664511,Classic Again,2020,Drama|Romance,7.0,10,1.262,th
530956,All Day and a Night,2020,Drama,6.236,180,1.0554,en
707054,Celebrity Escape Room,2020,TV Movie|Comedy|Mystery|Documentary,6.1,15,1.0987,en
346687,The Water Man,2020,Adventure,6.1,258,1.1419,en
505707,Waiting for the Barbarians,2020,Drama|History,5.923,392,1.1659,en
646593,Wander,2020,Thriller|Crime|Mystery,5.314,314,1.1722,en
674942,Homeward,2020,Animation|Adventure|Comedy|Family|Fantasy,4.1,24,2.0886,el
645489,Gunjan Saxena: The Kargil Girl,2020,Action|Drama,7.283,90,1.1613,hi
695568,Finding Grace,2020,Drama,5.7,28,1.2431,en
657811,Lassie Come Home,2020,Adventure|Family,6.5,104,1.165,de
655437,Poupelle of Chimney Town,2020,Animation|Drama|Fantasy|Adventure,6.6,73,0.9153,ja
599377,Lux Æterna,2020,Drama|Thriller,6.076,290,1.3145,fr
655187,Coven,2020,Drama|History,6.686,318,1.0934,eu
695596,Malibu Rescue: The Next Wave,2020,Comedy,6.202,114,1.0425,en
586742,Dreambuilders,2020,Animation|Adventure|Family,7.5,178,1.3927,da
663209,Zero Zone,2020,Action|Drama,8.3,27,1.0115,tr
734586,Joker: Put on a Happy Face,2020,Documentary,8.01,48,1.0424,en
644712,Street Dancer 3D,2020,Drama,6.6,45,1.0036,hi
617397,Theatre: A Love Story,2020,Drama|Romance,7.719,32,1.1647,ja
726664,Fearless,2020,Family|Animation|Comedy,5.94,142,2.2741,en
544415,Tigertail,2020,Drama,6.707,94,1.0071,en
531299,Kill Chain,2020,Action|Adventure|Thriller,5.149,174,1.2562,en
696002,Paydirt,2020,Action|Crime|Thriller,5.7,75,1.9309,en
734778,My People  My Homeland,2020,Drama|Comedy,6.178,45,0.9175,zh
701121,Children of the Corn,2020,Horror|Thriller,5.022,157,1.1972,en
582218,Psych 2: Lassie Come Home,2020,Comedy|Crime,7.01,148,1.5576,en
684780,Fantasy Magician,2020,Drama|Action,6.4,14,1.1617,zh
662098,Air Conditioner,2020,Drama,6.1,15,0.9055,pt
727097,Archenemy,2020,Action|Crime|Science Fiction|Thriller,5.264,142,1.0708,en
639103,Clover,2020,Comedy|Thriller,4.8,16,1.4568,en
666219,Emperor,2020,History|War|Drama|Western,7.609,96,0.9202,en
686158,InstaPsycho,2020,Thriller|TV Movie,6.0,12,2.0434,en
587562,Two by Two: Overboard!,2020,Animation|Adventure|Comedy|Family,7.6,174,1.563,en
584850,Tanhaji: The Unsung Warrior,2020,Action|Drama|History,6.371,85,1.0663,hi
680382,The Skywalker Legacy,2020,Documentary,7.783,46,1.2705,en
663509,Kaiji: Final Game,2020,Action|Drama|Thriller|Mystery,6.943,35,1.3288,ja
730741,Cortex,2020,Thriller|Drama|Crime,4.5,33,1.8158,de
694919,Money Plane,2020,Action|Crime|Thriller,5.614,294,1.1697,en
753563,A West Wing Special to Benefit When We All Vote,2020,Drama|TV Movie,7.9,21,0.9447,en
639564,The Kangaroo Chronicles,2020,Comedy,5.736,144,1.2592,de
706510,Desperados,2020,Comedy|Romance,5.974,495,1.4817,en
738215,Barbie: Princess Adventure,2020,Animation|Music|Family,7.0,243,1.2842,en
617784,Military Wives,2020,Drama,6.5,196,1.283,en
573801,The Golden Holiday,2020,Crime|Comedy|Action,6.2,17,1.0154,ko
774372,ariana grande: excuse me  i love you,2020,Music|Documentary,8.0,376,0.9982,en
540414,Dirt Music,2020,Drama|Romance,6.259,58,0.9344,en
664478,The 24th,2020,Drama|History,5.679,14,1.8667,en
353047,Zappa,2020,Music|Documentary,7.254,65,1.1854,en
630044,L.O.R.D: Legend of Ravaging Dynasties 2,2020,Action|Adventure|War|Animation,5.913,23,1.0057,zh
717395,The Silent Forest,2020,Drama|Thriller,7.8,26,0.8835,zh
635503,Lootcase,2020,Comedy,6.32,64,1.3923,hi
724989,Hard Kill,2020,Action|Adventure|Thriller,4.954,663,1.5088,en
613093,Valley of the Dead,2020,Comedy|Horror|War,6.235,326,1.2235,es
518978,Miss Fisher and the Crypt of Tears,2020,Drama|Adventure|Mystery,6.123,122,1.3112,en
664416,Beastie Boys Story,2020,Music|Documentary,7.487,189,1.0754,en
602291,Intruder,2020,Mystery|Thriller,6.7,92,1.3583,ko
636294,Lucky Chan-sil,2020,Drama|Fantasy|Romance,6.7,29,1.105,ko
779019,Grisaia: Phantom Trigger the Animation - Stargazer,2020,Animation|Action,6.5,50,1.2248,ja
668435,Thappad,2020,Drama,6.972,72,1.1712,hi
741998,The Binding,2020,Horror|Thriller|Drama,5.477,260,2.3406,it
696007,Legacy,2020,Action,6.115,96,1.0101,en
595931,The Climb,2020,Comedy,6.122,147,0.9748,en
805627,Beyond the Infinite Two Minutes,2020,Comedy|Science Fiction,7.263,297,0.9483,ja
759902,Hunter Hunter,2020,Horror|Thriller|Mystery,6.444,356,1.4554,en
688848,LA Originals,2020,Documentary,7.0,42,2.2049,en
591629,Lady Driver,2020,Drama,6.385,87,1.4761,en
747747,Asih 2,2020,Horror|Mystery|Thriller,7.0,22,1.3123,id
709717,The Maid,2020,Horror|Thriller|Mystery,5.8,51,0.8804,th
694234,Under the Riccione Sun,2020,Comedy|Romance,6.178,567,1.4669,it
576156,The Lovebirds,2020,Romance|Comedy,6.102,733,1.1812,en
738646,Operation Christmas Drop,2020,Comedy|Family|Romance|TV Movie,6.384,587,1.2953,en
555457,Four Kids and It,2020,Family|Fantasy,6.2,89,0.9539,en
586032,1,2020,Drama,6.7,118,0.9533,en
744876,Kaali Khuhi,2020,Horror|Drama|Thriller,4.6,24,1.2579,hi
665877,Critical Thinking,2020,Drama,6.519,52,2.2978,en
660637,Dance of the Forty One,2020,Drama|History,7.839,223,1.2179,es
532961,Looking for Magical Doremi,2020,Animation|Comedy|Adventure|Fantasy,6.7,20,1.2924,ja
735129,Black Beach,2020,Drama|Thriller,5.772,90,1.4396,en
415311,The Neighbor,2020,Thriller|Drama,4.919,149,1.1416,en
539617,Big Time Adolescence,2020,Comedy|Drama,7.157,373,1.0407,en
592782,Fishlove,2020,Comedy,6.1,25,1.7942,fr
619083,AI Amok,2020,Science Fiction,7.1,13,1.0636,ja
716706,The Swing of Things,2020,Comedy,4.7,120,1.1902,en
696396,Happiness Continues,2020,Music|Documentary,7.8,49,0.8006,en
726620,Hold Me Back,2020,Comedy|Romance|Drama,6.398,49,0.9042,ja
574082,Fireball: Visitors from Darker Worlds,2020,Documentary|Mystery,6.5,95,1.2685,en
756982,Kamen Rider Zero-One: Real Time,2020,Action|Science Fiction,6.9,17,1.0509,ja
742043,Stigmatized Properties,2020,Horror|Drama,6.075,20,0.9143,ja
741613,The Boy Behind the Door,2020,Horror,6.2,228,1.0345,en
655424,The Snail and the Whale,2020,Animation|Family|TV Movie,6.552,48,1.1462,en
682263,Insert Coin,2020,Documentary,6.9,34,1.4766,en
680941,To: Gerard,2020,Animation|Drama|Family,8.1,20,0.9073,en
583984,Re-Elected,2020,Horror|Comedy,6.9,84,1.128,en
660521,The Mercenary,2020,Action,6.0,31,1.0985,en
572197,Mr. Zoo: The Missing VIP,2020,Comedy|Action|Fantasy,6.971,34,1.3963,ko
754433,Bobbleheads: The Movie,2020,Family|Animation|Adventure|Comedy,4.712,26,1.0101,en
546724,We Summon the Darkness,2020,Horror|Thriller,5.446,279,0.9174,en
660838,Welcome to the Circle,2020,Horror,4.3,16,0.8554,en
626415,More Than Family,2020,Comedy|Drama,6.5,16,1.0513,ko
735436,The Argument,2020,Comedy|Drama,5.3,25,0.9588,en
505951,Kannum Kannum Kollaiyadithaal,2020,Romance|Comedy|Drama,6.838,80,0.9589,ta
653615,Amulet,2020,Horror,5.3,152,1.0068,en
736485,Monster Hunters,2020,Science Fiction|Action|Horror,6.3,180,0.9987,en
598577,Disappearance at Clifton Hill,2020,Thriller|Mystery|Drama,5.548,114,1.0577,en
696822,Bloody Hell,2020,Horror|Comedy|Action|Mystery|Thriller,6.526,286,2.0894,en
716819,Spare Parts,2020,Horror|Action,5.044,79,1.956,en
759917,The Cursed Lesson,2020,Horror,4.5,15,1.6127,ko
672128,Dia,2020,Drama|Romance,6.229,24,1.7102,kn
654879,Deported,2020,Comedy,3.5,11,0.9293,en
734355,Monster Run,2020,Action|Adventure|Fantasy,5.5,32,1.1818,zh
702920,The Disney Family Singalong - Volume II,2020,Family|Fantasy|Music|TV Movie,6.9,13,1.1768,en
536517,Blood Machines,2020,Science Fiction|Horror,6.286,96,0.8939,en
692969,Cadaver,2020,Drama|Horror|Thriller,5.63,686,1.1799,no
591237,Bulletproof 2,2020,Comedy|Action|Crime,6.225,100,1.0166,en
711696,Mighty Oak,2020,Comedy|Drama,6.5,34,0.982,en
618228,Moffie,2020,Drama|War|Romance,6.7,98,1.7246,af
755594,Soul Snatcher,2020,Comedy|Fantasy,6.5,11,1.0465,zh
731738,The Paper Tigers,2020,Action|Comedy,6.75,128,0.9926,en
627456,Love Under the Olive Tree,2020,Romance|TV Movie,6.0,34,1.1595,en
566038,Last and First Men,2020,Drama|Science Fiction,6.339,137,1.015,en
688335,Close Encounters of the Fifth Kind,2020,Documentary,6.903,93,0.9456,en
659986,The Owners,2020,Horror|Mystery|Thriller,5.6,443,1.0499,en
699465,Algorithm: BLISS,2020,Science Fiction|Thriller,4.25,16,0.7128,en
660549,Villain,2020,Crime|Drama|Action,5.5,43,0.9419,en
637997,Rom,2020,Drama|Action,6.9,15,1.6511,vi
761163,Hospital,2020,Horror,5.8,66,0.8625,zh
589612,A Call to Spy,2020,History|Crime|Drama,6.75,208,1.0369,en
712150,The Speech,2020,Comedy,6.337,285,1.8989,fr
675431,Final Kill,2020,Action,5.0,20,1.9718,en
620897,The Forty-Year-Old Version,2020,Comedy|Drama|Music,6.703,116,0.8123,en
670466,My Valentine,2020,Horror|Thriller|TV Movie,5.6,66,2.0391,en
598268,The Whaler Boy,2020,Drama,5.9,36,0.6813,ru
594174,Locusts,2020,Thriller,5.0,10,2.0797,en
697960,Collision Earth,2020,Science Fiction|Action|TV Movie,3.9,29,0.8249,en
698783,2 Minutes of Fame,2020,Comedy,6.6,64,0.8629,en
597650,Eden,2020,Drama,5.9,11,0.9893,fi
602301,Josée,2020,Romance|Drama,7.262,65,1.3674,ko
576112,Fukuoka,2020,Drama,6.9,16,0.6519,ko
625658,Fan Girl,2020,Drama,6.6,12,1.6001,tl
689927,JL Family Ranch: The Wedding Gift,2020,TV Movie|Family,6.4,28,0.9525,en
525428,Waiting for Anya,2020,Drama|War,6.296,93,0.9642,en
574396,Calm with Horses,2020,Crime|Drama,6.3,159,1.0221,en
653578,Feels Good Man,2020,Documentary,7.074,121,1.0226,en
645439,Revue Starlight: Rondo Rondo Rondo,2020,Animation|Drama|Action|Fantasy,8.1,17,0.9755,ja
602305,Justice High,2020,Action|Comedy,7.9,12,0.9843,ko
661901,Sincerely  Yours  Truly,2020,Romance|Comedy|TV Movie,6.556,36,0.8352,en
716703,What Lies Below,2020,Horror|Science Fiction,5.3,207,0.9309,en
585530,Showbiz Kids,2020,Documentary|History|Drama,6.811,53,0.8479,en
664297,She Dies Tomorrow,2020,Drama,5.1,180,1.0657,en
672955,Are We in Love?,2020,Romance|Fantasy,7.6,48,1.1331,ko
597233,Only,2020,Science Fiction|Drama|Action|Romance,5.213,136,0.8631,en
655080,The Winter Lake,2020,Thriller|Drama,5.1,58,0.9638,en
697353,The Cornered Mouse Dreams of Cheese,2020,Drama|Romance,6.207,29,0.9179,ja
682589,Crazy  Not Insane,2020,Documentary,7.207,82,1.0641,en
613377,30 Days Max,2020,Comedy|Action,5.5,407,0.9842,fr
620924,Disturbing the Peace,2020,Action|Crime,4.562,138,0.8773,en
624808,Love Wedding Repeat,2020,Comedy|Romance,5.656,724,1.127,en
611642,Homewrecker,2020,Comedy|Horror,3.6,22,1.0022,en
526973,Target Number One,2020,Thriller|Crime,6.233,133,1.0859,en
558574,Echo Boomers,2020,Crime|Drama|Action,5.767,129,1.2032,en
723343,Date A Bullet: Nightmare or Queen,2020,Animation|Action|Romance|Science Fiction,7.7,62,0.9131,ja
738362,The Fresh Prince of Bel-Air Reunion,2020,Documentary,8.124,170,1.0319,en
653569,Save Yourselves!,2020,Comedy|Science Fiction,5.759,216,1.171,en
686002,Black Holes: The Edge of All We Know,2020,Documentary,6.602,59,0.8803,en
665760,Mare,2020,Drama,5.2,17,0.5969,hr
752687,Big Freaking Rat,2020,Horror|Science Fiction|Thriller,5.4,26,0.6671,en
728204,Romance on the Menu,2020,Romance|TV Movie,6.9,26,0.9487,en
743904,Curious George: Go West  Go Wild,2020,Animation|Family|TV Movie,6.1,92,1.2509,en
664698,Contra,2020,Comedy|Drama,7.2,201,1.9246,de
705862,Red,2020,Romance,4.7,97,1.1278,ja
643882,The Princess Switch: Switched Again,2020,Family|Romance|Comedy|TV Movie,6.789,922,1.2367,en
747059,Burrow,2020,Animation|Family|Comedy,7.4,310,1.3222,en
608232,Tove,2020,Drama,6.58,75,0.8941,fi
700173,Our 30-Minute Sessions,2020,Drama|Fantasy|Romance|Music|Comedy,7.5,31,0.8514,ja
714521,The Big Ugly,2020,Thriller,5.0,98,0.9004,en
635918,Dating Amber,2020,Comedy|Drama|Romance,7.075,181,0.9858,en
627103,Love  Weddings & Other Disasters,2020,Romance|Comedy,5.989,90,0.9541,en
556501,Jungleland,2020,Drama,6.4,160,1.0072,en
713776,If Anything Happens I Love You,2020,Drama|Animation,7.682,993,1.2747,en
661329,Riddled with Deceit: A Martha's Vineyard Mystery,2020,Mystery|Drama|Crime|TV Movie,7.408,38,0.8448,en
616538,Labyrinth of Cinema,2020,History|Fantasy|War,6.8,27,1.3107,ja
664177,DNA,2020,Drama,5.9,164,1.0012,fr
475908,Carmilla,2020,Romance|Fantasy|Drama,5.8,36,0.9442,en
699519,Roped,2020,Drama|Romance,6.333,30,1.6567,en
681580,Cross the Line,2020,Thriller|Crime,6.807,272,1.7923,es
609598,The Day I Died: Unclosed Case,2020,Drama|Crime|Mystery,7.0,11,0.9062,ko
716326,30 Rock: A One-Time Special,2020,Comedy|TV Movie,6.25,12,1.0604,en
598215,The Quarry,2020,Crime|Mystery|Thriller,5.241,133,1.1172,en
753325,The Real Right Stuff,2020,Documentary|History,6.625,16,0.8639,en
521531,Followed,2020,Horror|Mystery,5.9,97,0.819,en
651881,Bye Bye Morons,2020,Comedy|Drama,7.178,952,0.8871,fr
658777,Freaks - You're One of Us,2020,Drama|Fantasy|Thriller,5.667,378,1.049,de
601664,Diva,2020,Mystery|Thriller,6.6,21,0.8971,ko
584288,Sylvie's Love,2020,Romance|Drama,6.228,101,0.9845,en
562600,Young Hearts,2020,Romance|Comedy,7.3,15,0.8229,en
659994,Rams,2020,Drama|Comedy,6.3,86,0.9557,en
697741,Expectant,2020,Mystery|TV Movie|Thriller,6.6,42,1.9507,en
728123,I Am Greta,2020,Documentary,5.9,128,0.9554,sv
566927,Impractical Jokers: The Movie,2020,Comedy,6.569,160,0.8727,en
648705,Nishabdham,2020,Thriller|Horror,5.286,21,1.4368,te
677640,Miami Bici,2020,Comedy,6.707,75,0.8568,ro
598133,The F**k-It List,2020,Comedy,6.0,509,1.0304,en
605193,Honest Candidate,2020,Comedy,6.3,35,0.9145,ko
670439,Six Minutes to Midnight,2020,Thriller|Drama|History|War,6.157,194,0.9934,en
664035,Love Sarah,2020,Comedy|Drama|Romance,6.2,79,0.9747,en
740056,Natural Disasters,2020,Drama,6.7,37,0.9241,en
721686,Cells at Work!! The Return of the Strongest Enemy: A Huge Uproar in the Body’s Bowels!,2020,Animation|Action|Comedy,6.9,33,0.983,ja
717675,The People Upstairs,2020,Comedy|Drama,6.33,132,0.7243,es
659699,Delete History,2020,Comedy,5.0,243,0.8631,fr
664593,Sisters-In-Law,2020,Comedy,5.864,55,0.7255,tr
753583,Secrets of the Saqqara Tomb,2020,Documentary,7.321,154,0.9153,en
572400,Don't Tell a Soul,2020,Thriller,6.6,202,0.8348,en
598439,Betrayed,2020,Drama|History|War,7.0,40,1.0225,no
695476,Father Soldier Son,2020,Documentary|War,6.5,68,0.6316,en
674944,The Occupant,2020,Thriller|Drama,6.383,798,0.966,es
662401,The Woman Who Ran,2020,Drama,6.615,109,0.9443,ko
595149,Death of Me,2020,Horror|Mystery,5.0,269,0.9244,en
752435,Clearwater,2020,Science Fiction|Horror,6.4,15,0.8692,en
584356,Yalda,2020,Drama,6.26,50,1.6426,fa
730009,The Bee Gees: How Can You Mend a Broken Heart,2020,Music|Documentary,7.623,73,1.0612,en
733740,Dara of Jasenovac,2020,Drama|History|War,7.527,92,0.9329,sr
489280,Getaway,2020,Horror,4.2,29,1.9112,en
522655,You're Not Alone,2020,Thriller|Horror,5.8,61,0.7726,en
576560,Tread,2020,Documentary|Crime,6.6,65,1.5995,en
566872,The Burnt Orange Heresy,2020,Mystery|Thriller|Crime,5.7,193,0.8213,en
686684,Pooka Lives!,2020,Horror|Thriller|TV Movie,5.875,40,0.7855,en
747984,Slate,2020,Action|Comedy,6.356,45,0.7727,ko
726654,The Untold Tale of the Three Kingdoms,2020,Comedy|History,5.429,21,0.7408,ja
675485,Forever First Love,2020,Drama|Romance,7.0,68,0.8391,en
771185,Girl Lost: A Hollywood Story,2020,Drama|Thriller,6.123,57,0.9247,en
673595,"Maggie Simpson in ""Playdate with Destiny""",2020,Animation|Comedy|Family|Romance,7.378,366,0.9005,en
672035,You Cannot Kill David Arquette,2020,Documentary,6.7,59,0.8827,en
765522,Tom Cruise: An Eternal Youth,2020,Documentary,6.6,24,0.8461,en
624782,VHYes,2020,Comedy,6.1,29,0.8991,en
575463,Mama Weed,2020,Crime|Drama|Comedy,5.865,285,0.904,fr
636879,A Nun's Curse,2020,Horror,6.356,202,0.8714,en
671577,The Human Voice,2020,Drama,6.7,252,0.8121,en
515454,Come True,2020,Science Fiction|Horror,5.888,325,1.0435,en
659993,Mother at War,2020,Drama|War,7.722,45,0.7573,da
732359,Sarah Cooper: Everything's Fine,2020,Comedy,5.4,43,0.8302,en
601062,The Night of the Undead,2020,Thriller|Comedy,6.0,17,1.0592,ko
590403,Love Aaj Kal,2020,Romance|Drama,5.62,50,0.8419,hi
659674,World Famous Lover,2020,Romance|Drama,5.4,23,0.8596,te
619443,Schoolgirls,2020,Drama,6.6,120,1.182,es
741755,Aurora Teagarden Mysteries: Reunited and It Feels So Deadly,2020,Mystery|Crime|TV Movie|Drama,7.267,45,0.8544,en
458673,Hunter's Moon,2020,Thriller|Horror|Crime,3.545,55,0.8725,en
746600,Pistolera,2020,Action|Drama,5.375,44,1.9986,en
575291,How to Be a Good Wife,2020,Comedy,5.7,247,1.0041,fr
780154,All My Friends Are Dead,2020,Comedy|Drama|Thriller,5.853,391,0.774,pl
768141,Folklore: The Long Pond Studio Sessions,2020,Music|Documentary,8.48,173,0.9294,en
665783,Dry Wind,2020,Drama|Fantasy,6.394,33,0.8627,pt
714099,Miss Marx,2020,Drama|History,5.9,130,0.7991,it
606740,Voice of Silence,2020,Drama|Crime,7.441,94,1.0622,ko
737157,Kiss the Ground,2020,Documentary,7.691,81,0.9151,en
748685,The Sacrifice,2020,War|History|Action|Drama,5.75,56,1.0044,zh
638032,Leap,2020,Drama|History,6.667,45,0.9094,zh
628866,The Return,2020,Horror|Science Fiction,6.665,318,0.9028,en
712178,Gagarine,2020,Drama|Fantasy,6.599,141,0.8596,fr
737779,Chateau Christmas,2020,Romance|TV Movie,6.16,50,0.7034,en
651586,Superagente Makey,2020,Comedy|Action,4.2,84,1.1318,es
610290,Looks That Kill,2020,Comedy|Romance|Drama,6.886,271,0.8248,en
687516,A Mother Knows Worst,2020,Thriller|Drama|TV Movie,5.6,30,0.9378,en
614626,Outback,2020,Thriller|Western,5.928,69,1.1067,en
614292,Bad Tales,2020,Drama,6.7,611,0.6942,it
717672,Kindred,2020,Drama|Mystery|Horror,5.4,31,0.7811,en
711683,BEM: BECOME HUMAN,2020,Animation|Action|Drama|Fantasy|Horror,7.0,13,0.9622,ja
526120,Kill Mode,2020,Science Fiction|Action,5.111,63,1.8307,nl
738005,Chadwick Boseman: A Tribute for a King,2020,Documentary,8.1,46,0.8631,en
621954,Concrete Cowboy,2020,Drama|Western,6.05,209,0.6462,en
665761,Minyan,2020,Drama,5.2,15,0.9251,en
567971,Vampires vs. the Bronx,2020,Comedy|Horror,5.736,320,0.9754,en
665488,Divorce Club,2020,Comedy,5.728,248,1.8673,fr
750597,Good,2020,Drama,7.2,28,0.9963,en
668627,Lazy Susan,2020,Comedy,4.5,19,0.8402,en
774127,Roald & Beatrix: The Tail of the Curious Mouse,2020,Family|Drama,6.0,20,0.7572,en
736509,Intersect,2020,Horror|Science Fiction|Thriller,5.182,74,0.7038,en
603673,Laxmii,2020,Horror|Comedy,4.4,57,1.3435,hi
632885,May the Devil Take You Too,2020,Horror|Mystery|Thriller,6.9,66,0.8232,id
632309,The Assent,2020,Horror|Thriller,5.809,256,1.0902,en
548511,The Bloodhound,2020,Horror|Mystery,4.839,28,1.8929,en
688043,Remember Me  Mommy?,2020,Thriller|TV Movie,6.6,28,0.8782,en
765123,Christmas Crossfire,2020,Comedy|Crime|Thriller,4.704,93,0.7892,de
658199,John Henry,2020,Drama|Thriller,5.22,59,1.6278,en
641483,Holly Slept Over,2020,Comedy,5.639,54,0.8265,en
624788,Black Bear,2020,Drama|Thriller,6.373,291,1.2089,en
613096,I Love You  Stupid,2020,Comedy,6.4,281,0.9545,es
659290,The Ties,2020,Drama,6.665,185,1.8899,it
661227,I Am Vengeance: Retaliation,2020,Action,5.799,72,0.6837,en
661229,My Best Part,2020,Drama|Comedy,5.299,77,1.7705,fr
567714,The Roads Not Taken,2020,Drama,5.5,88,0.8383,en
627342,Big Brother,2020,Action|Thriller,2.9,12,0.7458,ml
639854,Four Enchanted Sisters,2020,Adventure|Comedy|Family|Fantasy,5.633,15,0.7911,de
771257,The Con-Heartist,2020,Comedy|Romance,7.1,40,0.851,th
652483,Airplane Mode,2020,Comedy|Drama|Romance,6.23,717,0.8897,pt
531033,I Am Woman,2020,Drama|Music,6.179,42,0.6828,en
329621,Unbelievable!!!!!,2020,Science Fiction|Comedy,4.176,17,1.3844,en
667141,12 Hour Shift,2020,Comedy|Crime|Horror,5.5,243,0.7512,en
661804,De Gaulle,2020,History|Drama,6.1,289,0.8608,fr
653762,The Truffle Hunters,2020,Documentary,7.5,46,0.7587,it
595671,Never Rarely Sometimes Always,2020,Drama,7.1,590,0.8677,en
463870,Dead Reckoning,2020,Thriller,5.656,48,1.2078,en
656561,Alien Xmas,2020,Animation|Family|Fantasy|Comedy|Science Fiction,6.5,119,0.8578,en
673737,A Christmas Gift from Bob,2020,Family|Drama,6.71,105,0.9696,en
743058,The Reason,2020,Drama,7.8,12,0.8993,en
608649,The Players,2020,Comedy,4.075,179,0.7003,it
784941,Taming The Younger Sister-in-Law,2020,Drama|Romance,5.25,12,0.9237,ko
718497,The Voice of Sin,2020,Crime|Mystery,7.214,14,0.9045,ja
656483,Cocoon,2020,Drama|Romance,6.1,47,0.8111,de
581529,Me and Me,2020,Drama|Mystery,6.0,17,0.6399,ko
694040,The Disney Family Singalong,2020,Family|Fantasy|Music,8.3,16,0.7206,en
676211,Red Post on Escher Street,2020,Comedy|Drama,7.379,33,0.72,ja
686941,Dragons: Rescue Riders: Hunt for the Golden Dragon,2020,Animation|Family|TV Movie,6.7,73,0.8906,en
615466,All Together Now,2020,Drama,6.705,227,1.0575,en
586393,The Asadas!,2020,Drama|Comedy,7.33,162,0.9202,ja
693836,Khaali Peeli,2020,Romance|Action|Comedy|Thriller,5.571,14,1.11,hi
590575,Beneath Us,2020,Horror|Thriller,5.705,95,0.857,en
714351,Top Gunner,2020,Action,5.496,115,0.6971,en
681459,Derek DelGaudio's In & of Itself,2020,Drama|Documentary,7.611,81,0.7663,en
695323,Killer Prom,2020,Drama|Thriller|TV Movie,5.7,14,1.9612,en
659067,Earth and Blood,2020,Action|Thriller,6.135,304,0.9564,fr
653574,Dick Johnson Is Dead,2020,Documentary,7.144,142,0.5665,en
748898,Christmas Together,2020,Romance|TV Movie,6.4,11,1.8165,en
665894,Really Love,2020,Romance|Drama,6.5,36,1.1617,en
724273,Kiss Him  Not Me,2020,Romance|Comedy,6.3,20,0.714,ja
568994,Driveways,2020,Drama,6.951,81,0.8569,en
661437,The Lead,2020,Thriller|TV Movie,4.4,21,0.6224,en
639137,Inside the Rain,2020,Comedy|Drama|Romance,5.0,17,0.9325,en
476389,Anastasia: Once Upon a Time,2020,Family|Adventure|Fantasy,5.9,98,0.7068,en
672125,Love Mocktail,2020,Romance|Drama,6.632,19,0.7857,kn
655297,The Day We Died,2020,Drama|History,5.588,17,1.9,da
755529,Battle of the Bulge: Winter War,2020,War|Action|Drama|Thriller,5.904,26,0.8077,en
735919,AK vs AK,2020,Comedy|Action|Drama|Crime,6.73,61,0.7729,hi
749240,In Search of Darkness: Part II,2020,Documentary|Horror,7.7,48,0.8186,en
639848,She Ball,2020,Drama|Comedy,6.4,12,0.6904,en
631430,Love in Winterland,2020,TV Movie|Romance,6.6,52,1.0001,en
625985,Kamen Rider Zi-O NEXT TIME: Geiz  Majesty,2020,Action|Adventure|Science Fiction|Fantasy|Drama,6.7,12,0.8047,ja
685051,Into the Arms of Danger,2020,TV Movie|Thriller,6.2,26,0.8875,en
613345,Queens of The Field,2020,Comedy,5.997,157,0.7615,fr
695187,Mio's Cookbook,2020,Drama,8.1,16,0.6911,ja
690443,The Clark Sisters: First Ladies of Gospel,2020,Drama|TV Movie,7.7,12,0.7917,en
746257,Godai - The Wunderkind,2020,History|Drama,7.4,11,0.5965,ja
691812,Blood and Money,2020,Thriller|Crime|Drama|Action,5.4,138,0.9544,en
527534,The Murder of Nicole Brown Simpson,2020,Thriller|Drama|Crime,4.3,51,0.9238,en
668742,Father There Is Only One 2,2020,Comedy|Family,7.5,574,0.8375,es
647456,Crescendo,2020,Music|Drama,6.1,18,0.7625,de
605456,Taish,2020,Thriller|Drama|Crime,7.4,15,0.886,hi
653579,Welcome to Chechnya,2020,Documentary,6.912,51,0.6525,en
664301,I Used to Go Here,2020,Comedy|Drama|Romance,5.6,77,0.7439,en
697039,Cagefighter: Worlds Collide,2020,Action,6.573,48,0.7081,en
741607,Please Hold,2020,Science Fiction|Comedy,7.526,58,0.8389,en
467342,Destruction: Los Angeles,2020,Action|Adventure,5.8,75,0.8492,en
656274,Little Girl,2020,Documentary,7.8,117,0.9265,fr
618229,Rialto,2020,Drama,6.2,26,1.3257,en
620883,Intuition,2020,Thriller|Crime,6.209,191,0.8028,es
668800,David Byrne's American Utopia,2020,Music|Documentary,7.565,85,0.7749,en
607297,Jawaani Jaaneman,2020,Comedy,6.0,37,0.7352,hi
757545,Mookuthi Amman,2020,Comedy|Fantasy,5.6,21,0.9978,ta
643612,I'm Your Woman,2020,Crime|Drama,5.9,226,0.7914,en
578944,Days of the Bagnold Summer,2020,Comedy,6.155,58,0.5583,en
701510,Delivered,2020,Horror|Thriller|TV Movie,5.3,26,1.9713,en
679896,Isaac,2020,Drama,5.077,13,1.8976,es
748911,537 Votes,2020,Documentary,7.1,14,0.7321,en
667935,There Is No Evil,2020,Drama,7.5,163,0.7932,fa
755339,Just Another Christmas,2020,Comedy|Drama|Fantasy|Family,7.323,439,0.6804,pt
744938,A Taste of Christmas,2020,Romance|TV Movie,6.0,21,0.8359,en
676621,Mystery 101: An Education in Murder,2020,Mystery|TV Movie,7.091,33,0.6332,en
726887,Rising Phoenix,2020,Documentary,8.1,99,0.6246,en
605133,Slaxx,2020,Horror|Comedy,5.7,243,0.7522,en
701437,Isn't She Lovely?,2020,Comedy,5.8,48,0.804,fr
665090,Comidark Films 2: Insane,2020,Drama|Comedy,6.2,80,0.6548,tr
662659,Marionette,2020,Thriller,6.3,70,1.8886,en
718135,Breeder,2020,Horror|Thriller,5.107,70,0.7651,da
623184,No Hard Feelings,2020,Drama|Romance,5.405,21,0.8272,de
534928,Darkness Falls,2020,Thriller|Crime|Drama,5.404,47,0.9074,en
586695,Baby Done,2020,Comedy,6.3,33,0.7478,en
584583,Make Up,2020,Drama|Thriller,5.8,46,0.5346,en
751394,The 100 Candles Game,2020,Horror,5.643,126,0.7418,en
682666,Back to the Titanic,2020,Documentary,6.5,16,0.7459,en
236426,Cleanin' Up the Town: Remembering Ghostbusters,2020,Documentary,6.9,16,0.8292,en
566656,More Beautiful for Having Been Broken,2020,Drama,6.686,43,0.8244,en
579824,Space Dogs: Tropical Adventure,2020,Animation|Family,5.8,11,0.7134,ru
743090,Uncle Vanya,2020,Drama,7.4,11,1.738,en
669664,My Donkey  My Lover & I,2020,Comedy|Adventure|Romance,6.418,388,0.8181,fr
601807,Mrs. Serial Killer,2020,Thriller,6.237,93,0.9142,hi
748501,Hot Hair Salon,2020,Drama|Romance,4.2,10,0.8193,ko
590404,Chhapaak,2020,Drama,7.229,35,0.9521,hi
657430,Games People Play,2020,Drama|Comedy,5.3,25,0.6485,fi
662841,Sacrifice,2020,Thriller|TV Movie,8.2,10,0.5565,en
751490,The Mole: Undercover in North Korea,2020,Documentary,7.093,118,0.7711,en
487631,Adoration,2020,Drama,5.8,73,0.899,fr
305937,The Racer,2020,Drama|Comedy,5.947,47,0.7085,en
597231,Standing Up  Falling Down,2020,Comedy|Drama,6.3,55,0.7356,en
421057,40 Years of Rocky: The Birth of a Classic,2020,Documentary,7.5,52,0.6261,en
709169,Tainted,2020,Thriller|Drama|Crime,4.5,19,0.6126,en
616180,Jim Button and the Wild 13,2020,Adventure|Family|Fantasy,5.871,62,0.7808,de
759001,Calladita,2020,Drama,5.364,11,0.8444,es
764104,Too Close for Christmas,2020,Romance|Drama|TV Movie,5.8,125,0.8008,en
690848,Best Wishes  Warmest Regards: A Schitt's Creek Farewell,2020,Comedy|Documentary,8.857,21,0.6372,en
655977,The Host,2020,Thriller|Mystery|Crime,5.6,19,0.6208,en
501738,Charlatan,2020,Drama,6.7,141,0.787,cs
577032,Motherland,2020,Romance|Comedy,5.0,16,0.6328,ru
647265,The Binge,2020,Comedy,5.305,95,0.7133,en
639514,Into the Darkness,2020,Drama|War|History,6.1,47,0.9373,da
658428,Ladies of Steel,2020,Drama|Comedy,5.2,20,0.6029,fi
653747,Giving Voice,2020,Documentary,6.4,23,0.6712,en
446574,Siberia,2020,Drama|Fantasy|Horror,4.858,81,0.8775,en
648371,No Good Deed,2020,TV Movie|Thriller,6.0,54,0.6268,en
654905,The Beast,2020,Crime|Drama,6.12,300,0.728,it
787428,Two Distant Strangers,2020,Drama,7.03,513,0.9741,en
729348,Finding Love in Mountain View,2020,Romance|Drama|TV Movie,6.5,39,0.7558,en
639250,The Voices,2020,Horror|Thriller,5.3,25,0.5358,en
638483,Eyes on Me: The Movie,2020,Documentary|Music,7.9,16,0.7118,ko
743382,Serious Men,2020,Drama|Comedy,6.659,41,0.5937,hi
683556,We Go In at Dawn,2020,History|War|Thriller,5.892,51,0.4644,en
898417,Road to Revenge,2020,Western|Drama|Action,5.8,12,0.7038,en
711017,Enforcement,2020,Action|Crime,6.355,238,0.956,da
681638,Aurora Teagarden Mysteries: Heist and Seek,2020,Mystery|TV Movie|Crime,7.39,50,0.6864,en
673228,Is There a Killer in My Family?,2020,Thriller|TV Movie|Mystery,6.4,42,0.7514,en
530789,Always and Forever,2020,Thriller,5.7,24,0.9056,en
679796,Enemy Lines,2020,War|Drama,5.3,38,0.6586,en
646453,Ana,2020,Drama|Comedy,6.3,65,0.8482,en
771622,Beck 40 - Beyond Reasonable Doubt,2020,Crime|Drama|Thriller|Mystery,5.3,17,0.7376,sv
646106,The Crossing,2020,Family|War|Thriller,6.2,47,0.7062,no
716815,A Little Red Flower,2020,Drama,6.5,46,0.7215,zh
507540,Beast Mode,2020,Comedy|Horror,5.56,25,0.8916,en
718558,Fried Barry,2020,Horror|Comedy|Science Fiction,5.1,87,1.5395,en
661334,The Secret Ingredient,2020,Romance|TV Movie,6.7,39,0.6659,en
666429,Any Day Now,2020,Drama,5.5,15,0.848,fi
596053,Max Winslow and The House of Secrets,2020,Family|Science Fiction|Thriller,5.918,91,0.7535,en
755340,Citation,2020,Drama|Thriller,7.4,52,1.4092,wo
594436,The Magic Kids: Three Unlikely Heroes,2020,Adventure|Family|Fantasy,5.768,41,0.8123,de
535404,Elsewhere,2020,Comedy|Drama,5.5,20,0.7075,en
716831,Land Shark,2020,Horror|Adventure|Action,5.786,35,0.633,zh
653643,Scare Me,2020,Horror|Comedy,5.799,134,0.7723,en
682583,My Nightmare Landlord,2020,Thriller|TV Movie,6.1,49,0.6355,en
712110,Last Words,2020,Science Fiction,4.4,18,1.8626,en
587609,Dear Comrades!,2020,History|Drama,7.116,159,0.5831,ru
750380,P1H: A New World Begins,2020,Drama|Science Fiction,6.1,15,0.8115,ko
655513,Ein bisschen bleiben wir noch,2020,Drama,6.4,12,0.7764,de
663459,Jungle Beat: The Movie,2020,Family|Animation|Science Fiction|Comedy,6.923,124,0.9735,en
687156,A Secret Love,2020,Documentary,7.3,128,0.6515,en
728552,Side Effect,2020,Horror|Thriller,5.815,81,0.584,ru
704630,Asylum: Twisted Horror and Fantasy Tales,2020,Comedy|Horror|Science Fiction,5.9,48,0.7766,en
778844,Original Gangster,2020,Crime,5.6,15,0.8612,en
699210,Ben Platt: Live from Radio City Music Hall,2020,Music|Documentary,7.8,26,0.6667,en
584006,Seven Wishes,2020,Comedy,5.274,31,0.5454,ru
523371,Inmate Zero,2020,Horror,6.3,127,0.9324,en
718100,The Swan Princess: A Royal Wedding,2020,Animation|Family|Fantasy,6.757,37,0.6755,en
622469,Mafia Inc.,2020,Crime|Drama,6.619,67,0.6908,fr
657996,Ayyappanum Koshiyum,2020,Action|Thriller|Crime,7.688,69,0.7062,ml
616880,Bhoot: Part One - The Haunted Ship,2020,Horror|Thriller,5.635,37,1.0232,hi
681940,The Dark Divide,2020,Adventure|Comedy|Drama,5.1,13,0.5144,en
761563,Medusa,2020,Horror|Drama|Fantasy,6.169,195,0.6298,en
752455,Angela's Christmas Wish,2020,Animation|Family,6.392,116,0.9093,en
737802,Dad Wanted,2020,Drama,7.5,168,0.8399,es
548392,Sword of God,2020,History|Horror|Mystery,4.0,26,0.5696,pl
647781,The Intergalactic Adventures of Max Cloud,2020,Science Fiction|Action|Comedy,5.093,81,1.2791,en
600479,A Mermaid in Paris,2020,Romance|Fantasy|Drama|Comedy,6.564,204,0.7797,fr
841272,Las sirvientas calientes 4,2020,Comedy,7.29,119,0.7225,es
639445,My Prince Edward,2020,Drama|Romance,7.3,25,0.6142,cn
680734,Crawlers,2020,Horror|Science Fiction|Thriller|TV Movie,6.0,83,0.6707,en
623238,County Lines,2020,Drama,6.7,31,0.6004,en
751391,Young Ip Man: Crisis Time,2020,Action,5.628,39,0.8538,zh
635102,Voices in the Wind,2020,Drama,7.3,22,0.7114,ja
672541,Psycho Escort,2020,Thriller|TV Movie,6.0,14,0.5929,en
671903,The Sinners,2020,Horror|Thriller,5.053,19,0.6744,en
632618,The Crimes That Bind,2020,Thriller|Crime|Drama,6.447,228,0.7796,es
661328,Picture Perfect Mysteries: Dead Over Diamonds,2020,TV Movie|Crime|Mystery,7.6,27,0.9712,en
653733,Be Water,2020,Documentary,6.798,57,0.6248,en
750601,Film Fest,2020,Comedy|Drama,5.273,11,1.5086,en
763920,Airliner Sky Battle,2020,Action|Thriller,3.8,10,0.5879,en
739010,LX 2048,2020,Science Fiction|Drama,5.064,78,0.7307,en
571123,Natalie Wood: What Remains Behind,2020,Documentary,6.4,32,0.816,en
510631,Jumbo,2020,Fantasy|Romance,5.7,70,0.8078,fr
741592,Cyst,2020,Horror|Science Fiction|Comedy,4.734,62,0.775,en
675594,Carmen Sandiego: To Steal or Not to Steal,2020,Animation|Adventure|Family,6.542,36,0.8897,en
747876,Savage X Fenty Show Vol. 2,2020,Music|Documentary,7.6,42,0.7072,en
606954,I Hate Summer,2020,Comedy,7.054,988,0.6512,it
706860,Out,2020,Animation|Comedy|Drama|Fantasy|Family|Romance,7.243,210,1.746,en
623926,The Wedding Unplanner,2020,Comedy|Romance,6.5,181,0.7821,es
720124,G-Loc,2020,Science Fiction|Action|Adventure,5.659,82,0.8669,en
744930,The Christmas Yule Blog,2020,Romance|TV Movie,6.5,11,0.5169,en
710717,Good Boy,2020,Comedy|Horror|Thriller|TV Movie,6.493,70,0.6145,en
710667,Climax,2020,Drama|Thriller,2.7,15,1.0861,hi
585744,Slalom,2020,Drama,6.693,132,0.6915,fr
528402,Still Here,2020,Drama,5.6,31,0.7809,en
593655,Castle Freak,2020,Horror,4.344,80,0.7207,en
598049,A Friendly Tale...,2020,Comedy,5.79,162,0.7447,fr
605734,#Iamhere,2020,Comedy|Romance,5.5,221,0.8218,fr
618352,DC Showcase: The Phantom Stranger,2020,Animation|Action|Horror|Fantasy,6.73,98,0.6306,en
660330,Night Shift,2020,Drama,5.24,262,0.7719,fr
724315,Alpha Code,2020,Science Fiction,5.2,23,0.6161,en
601643,Ghost Stories,2020,Horror,5.2,87,0.9066,hi
595940,Bull,2020,Drama,6.2,26,0.5972,en
743403,A Sugar & Spice Holiday,2020,Romance|Comedy|TV Movie,5.1,24,0.5654,en
672852,False Hopes,2020,Romance|Comedy,6.9,40,0.4176,en
706712,Beauty Water,2020,Animation|Drama|Horror,5.694,54,0.7749,ko
613722,Bullets of Justice,2020,Action|Horror|Comedy|Science Fiction|War,4.889,54,0.6217,en
640344,Me Against You: Mr. S's Vendetta,2020,Family|Fantasy,8.1,471,0.7224,it
699280,Becoming,2020,Documentary,7.198,169,0.7847,en
718235,Shepherd: The Story of a Jewish Dog,2020,Family|Drama|War,6.837,83,0.6159,en
602832,Pink Skies Ahead,2020,Comedy|Drama|TV Movie,5.7,16,0.5925,en
780080,Peaceful Death,2020,Drama,6.4,14,0.6306,ja
690248,My Heart Can't Beat Unless You Tell It To,2020,Drama|Horror,5.88,83,0.6291,en
681711,The Haunting of Alcatraz,2020,Horror,6.5,42,0.5038,en
749407,Knuckledust,2020,Action|Thriller,5.2,38,0.8192,en
568381,Marona's Fantastic Tale,2020,Animation|Drama|Family,7.423,39,0.8219,fr
696817,Love in the Forecast,2020,Romance|TV Movie,6.863,62,0.623,en
684420,Corona Zombies,2020,Horror|Comedy,3.8,48,0.6891,en
626767,On-Gaku: Our Sound,2020,Animation|Comedy|Music|Drama,7.2,46,0.7355,ja
579872,The Widow,2020,Horror|Thriller,5.7,107,0.6472,ru
658594,Never Too Late,2020,Drama|Romance|Comedy,5.778,18,0.5487,en
725853,My Best Friend's Bouquet,2020,TV Movie|Romance,6.176,17,0.6327,en
658905,Perfumes,2020,Comedy|Drama,6.442,147,0.5815,fr
661845,Belushi,2020,Documentary,7.0,56,0.5611,en
739291,The Last Matinee,2020,Horror,6.05,111,0.7901,es
752340,Little Mix: LM5: The Tour Film,2020,Documentary|Music,8.8,40,0.4596,en
664423,The Windermere Children,2020,Drama|War|History,7.393,121,0.8438,en
632587,Berlin  Berlin,2020,Comedy|Drama|Romance,5.0,47,0.5842,de
666453,The Grand Grandmaster,2020,Comedy,4.8,13,0.4927,cn
663451,Magic Arch,2020,Animation|Family|Fantasy,6.5,32,0.7924,ru
753756,Connectés,2020,Comedy|Thriller,4.5,133,0.4968,fr
696507,A Parks and Recreation Special,2020,Comedy,7.6,44,0.5748,en
574830,Gypsy,2020,Adventure|Drama,5.7,10,0.7608,ta
754398,1  2  3  All Eyes On Me,2020,Drama,8.789,19,0.9845,en
583757,Princess of the Row,2020,Drama,5.9,13,0.5959,en
746358,Father of the Bride Part 3 (ish),2020,Comedy,7.5,38,0.8629,en
619918,Ella Bella Bingo,2020,Animation|Family,6.6,63,0.747,no
662541,Ellie and Abbie (and Ellie's Dead Aunt),2020,Comedy|Romance,6.5,56,0.6256,en
681022,Cowboys,2020,Drama,6.2,62,0.7738,en
667995,DAU. Natasha,2020,Drama,5.6,43,0.5046,ru
744949,The Santa Squad,2020,TV Movie|Drama|Romance,6.0,45,0.6319,en
653584,Surge,2020,Thriller,5.445,73,0.5913,en
616982,Faith Based,2020,Comedy,4.367,15,1.6468,en
644852,Narcissus and Goldmund,2020,Drama,6.3,64,0.5903,de
666338,Escaping My Stalker,2020,Drama|TV Movie,5.8,15,0.5728,en
673247,The Neighbor in the Window,2020,Thriller|Drama|TV Movie,7.3,48,0.9263,en
484297,Abe,2020,Drama|Comedy,6.819,69,0.6107,en
606535,Shubh Mangal Zyada Saavdhan,2020,Comedy|Romance,5.915,59,0.6478,hi
677574,One Careful Owner,2020,Comedy|Drama,5.958,36,0.6979,es
612995,Another Happy Christmas,2020,Comedy,5.2,14,1.5757,no
742472,The Barcelona Vampiress,2020,Drama|History|Thriller,5.875,44,0.5404,ca
658156,Lucky,2020,Comedy,4.7,129,1.4451,fr
774810,A Trash Truck Christmas,2020,Animation|Adventure|Family,6.314,59,0.6025,en
761772,Louis van Beethoven,2020,Drama|History,6.7,66,0.7765,de
605735,10 Days with Dad,2020,Family|Comedy,6.0,322,0.583,fr
743408,Coffee or Tea?,2020,Drama|Comedy,6.7,15,0.5814,zh
632304,The Beach House,2020,Drama|Horror|Mystery,5.4,136,0.5504,en
639289,Crossword Mysteries: Abracadaver,2020,TV Movie|Mystery|Crime,7.967,61,0.5908,en
675041,Crazy for Change,2020,Comedy,6.8,27,0.5778,es
745272,The Phenomenon,2020,Documentary,6.277,83,0.4966,en
723446,Love Is a Piece of Cake,2020,Romance|TV Movie,6.6,32,0.5979,en
749618,Xico's Journey,2020,Animation|Family|Fantasy,6.6,106,0.5933,es
726523,Christmas in Vienna,2020,Romance|Drama|TV Movie,6.4,32,0.5666,en
565275,The Sunlit Night,2020,Comedy|Drama|Romance,5.439,41,0.6631,en
637053,Shithouse,2020,Comedy|Drama|Romance,6.927,193,0.7644,en
746547,One in a Hundred Thousand,2020,Romance|Drama,7.3,32,0.7703,ja
764079,Minions: Holiday Special,2020,Family|Animation|Comedy,6.887,150,0.7576,en
617771,Once Were Brothers: Robbie Robertson and the Band,2020,History|Music|Documentary,6.8,20,0.6792,en
676156,The Warrant,2020,Western,5.911,29,0.7055,en
611808,Small Country: An African Childhood,2020,Drama,7.1,164,1.744,fr
661331,A Valentine's Match,2020,Romance|Drama|TV Movie,7.0,60,0.5985,en
572488,A Christmas Carol,2020,Drama|Animation|Fantasy,7.5,13,0.5892,en
743227,Wish Upon a Unicorn,2020,Adventure|Family|Fantasy,6.9,41,0.7703,en
720395,Let It Snow,2020,Horror|Thriller,5.2,108,0.6462,en
575773,Rocks,2020,Drama,6.6,96,0.5985,en
768509,Captain Underpants Mega Blissmas,2020,Animation|Family|Comedy,6.444,27,0.6797,en
669748,Crocodile Island,2020,Adventure|Horror,4.7,16,0.9446,zh
729269,Sleeping with Danger,2020,Thriller|TV Movie,7.2,51,0.7417,en
610461,Veinteañera  divorciada y fantástica,2020,Comedy,7.996,392,0.5422,es
634244,Heavenquest: A Pilgrim's Progress,2020,Adventure|Fantasy|Action,5.23,61,0.8457,en
654857,2 Graves in the Desert,2020,Thriller,3.8,10,0.5771,en
725273,Solitary,2020,Science Fiction,5.091,121,0.7519,en
665135,Elephant,2020,Documentary|Family|Adventure,7.667,102,0.6756,en
713598,Psycho Yoga Instructor,2020,Drama|Thriller|TV Movie,6.2,29,0.7908,en
715239,Triggered,2020,Horror|Action,5.3,128,0.8559,en
667039,Chris Watts: Confessions of a Killer,2020,Crime|TV Movie,6.8,32,0.8084,en
745613,It's for Your Own Good,2020,Comedy,6.209,43,0.6677,de
752721,The Evil Next Door,2020,Horror|Mystery|Thriller,6.109,156,0.7795,sv
681509,My Heart Goes Boom!,2020,Comedy,6.2,73,1.5153,es
743283,Then Came You,2020,Romance|Comedy,6.0,39,0.5598,en
680765,Sniper,2020,War|Action,5.8,16,0.7075,zh
767896,The Claus Family,2020,Family|Fantasy,6.0,148,0.6184,nl
570358,Exile,2020,Drama|Thriller,6.0,33,0.7001,de
740794,Redwood Massacre: Annihilation,2020,Horror|Mystery,4.2,16,0.6724,en
610201,The Pale Door,2020,Horror|Western,5.149,97,0.6143,en
643537,Nelly Rapp – Monster Agent,2020,Family|Fantasy|Adventure,5.9,16,1.0254,sv
692982,Jimmy Carter: Rock & Roll President,2020,Documentary|History,6.9,10,0.6042,en
604031,Straight Up,2020,Comedy|Romance,6.866,86,0.6145,en
536725,Modern Persuasion,2020,Romance|Comedy|Drama,5.1,42,0.6988,en
660607,César Wagner,2020,Crime|TV Movie,6.3,14,1.0336,fr
739267,Classmates Minus,2020,Comedy|Drama,7.13,50,0.6092,zh
715725,My Birthday Romance,2020,Comedy|Romance|TV Movie,6.2,37,0.8216,en
746039,A Timeless Christmas,2020,Romance|TV Movie,6.421,82,0.5342,en
747349,Dolly Parton's Christmas on the Square,2020,Comedy|Music|Family|TV Movie,5.791,74,0.7547,en
657032,TimeCrafters: The Treasure of Pirate's Cove,2020,Adventure|Family,5.971,17,0.6948,en
665764,Mogul Mowgli,2020,Music|Drama,6.4,47,0.6334,en
681437,The Violent Heart,2020,Drama|Thriller|Romance,5.3,29,0.6517,en
664747,Stolen by My Mother: The Kamiyah Mobley Story,2020,Drama|TV Movie|Crime,8.111,18,0.8133,en
668286,The Office Mix-Up,2020,Comedy|Romance,5.0,16,0.6566,en
678945,Unearth,2020,Horror,4.1,32,0.7381,en
631278,Country at Heart,2020,Romance|Music|TV Movie,6.4,37,0.5825,en
680286,Bad Witch,2020,Horror|Comedy,5.4,10,0.6561,en
666967,The Wrong House Sitter,2020,Thriller|TV Movie,4.0,10,0.5635,en
653725,Crip Camp: A Disability Revolution,2020,Documentary,7.2,160,0.6754,en
746957,You've Got This,2020,Romance|Comedy,7.883,290,0.5559,es
617710,You Will Die at Twenty,2020,Drama,7.022,45,0.6268,ar
701675,Fast and Fierce: Death Race,2020,Action,5.431,29,0.6289,en
576002,Alice,2020,Drama|Romance,6.0,53,0.6778,fr
658895,The Sign Painter,2020,Drama|History|Romance,6.2,21,0.4824,lv
653588,Into the Deep: The Submarine Murder Case,2020,Documentary|Crime,6.574,68,0.7498,en
754800,What We Wanted,2020,Drama,5.8,95,0.6688,de
759257,Back to Chernobyl,2020,Documentary|Drama,8.2,10,0.9389,he
748890,A Very Country Christmas Homecoming,2020,TV Movie|Romance|Comedy,6.1,13,0.5599,en
655363,Post Mortem,2020,Horror|Mystery|Thriller,6.654,244,0.6238,hu
781728,Meteor Moon,2020,Adventure|Science Fiction,3.674,23,1.6643,en
631637,Oh My Kadavule,2020,Comedy|Romance,7.966,44,0.6846,ta
437518,Friend of the World,2020,Comedy|Science Fiction|Horror,3.7,12,0.6572,en
730428,Class of '83,2020,Action|Crime|Drama,5.8,40,0.4894,hi
719033,Reunion,2020,Horror,6.204,27,0.5443,en
666826,Friends Who Kill,2020,Thriller,4.9,16,0.5817,en
618585,Blood Vessel,2020,Horror|Fantasy|War,5.354,79,0.6318,en
760054,Silent Night,2020,Crime|Thriller|Drama,5.0,11,0.5963,en
755230,Famo$o,2020,Documentary|Music,5.9,34,0.492,it
765750,The Devil Inside,2020,Drama|TV Movie,5.474,19,0.6405,fr
728874,Violation,2020,Horror|Drama,5.4,138,0.5415,en
680635,Sublet,2020,Comedy|Drama|Romance,6.658,38,0.5147,en
664498,She's in Portland,2020,Drama,5.4,10,0.7116,en
401313,Extracurricular,2020,Horror|Thriller,5.1,31,1.1031,en
694681,The Last Blockbuster,2020,Documentary,6.4,93,0.5435,en
661677,So Much Love to Give,2020,Comedy,5.929,99,0.7171,es
576005,Saint Frances,2020,Comedy|Drama,6.561,99,1.6184,en
553469,Helene,2020,Drama|Romance,6.2,17,0.88,fi
675592,Guilty,2020,Thriller|Drama,6.6,60,0.7317,hi
690483,Just for the Summer,2020,Romance|Comedy|Family|Drama|TV Movie,6.7,37,0.7044,en
785015,Shadowtown,2020,Drama,3.9,10,1.7134,is
658450,Low Season,2020,Romance|Comedy,6.467,15,0.4941,th
653746,The Dissident,2020,Documentary,7.248,121,0.6999,en
741032,Danyka,2020,Drama|Romance,6.2,42,0.7658,es
609031,My Thoughts Are Silent,2020,Comedy|Drama,7.601,74,0.5426,uk
693838,Indoo Ki Jawani,2020,Comedy,3.8,10,0.6652,hi
732721,Combat Wombat,2020,Animation|Family|Fantasy,6.6,31,0.8153,en
638045,The Toll,2020,Thriller|Horror,5.493,135,0.855,en
638796,The Thief of Baghdad,2020,Comedy|Action|Adventure,5.269,26,0.5251,ar
635780,Rogue Warfare: Death of a Nation,2020,War|Action,5.274,53,0.5473,en
732310,Switched,2020,Family|Comedy,6.6,41,0.6272,en
736203,Ane Is Missing,2020,Drama,5.4,26,0.5296,eu
746045,Christmas by Starlight,2020,TV Movie|Romance,6.8,55,0.5635,en
724901,Stalker,2020,Horror|Thriller,4.7,22,1.8351,en
712167,Beginning,2020,Drama,5.8,49,1.1531,ka
690211,Love on Harbor Island,2020,Romance|TV Movie|Comedy,6.233,45,0.6843,en
748359,Mojin: Mysterious Treasure,2020,Action|Adventure|Fantasy,5.154,13,0.5987,zh
667154,Uncle Peckerhead,2020,Horror|Comedy|Music,5.944,90,0.4974,en
671909,Yeh Ballet,2020,Drama,7.6,23,0.5247,hi
725228,David,2020,Drama|Comedy,7.05,10,0.5282,en
768076,Dragons: Rescue Riders: Huttsgalor Holiday,2020,Animation|Family,5.3,11,0.5146,en
728773,I Am Lisa,2020,Horror|Thriller,5.355,55,0.5474,en
614869,The Dustwalker,2020,Science Fiction|Thriller,4.0,40,0.637,en
707214,The Clearing,2020,Horror,5.0,48,0.5713,en
669146,Jaanu,2020,Drama|Romance,5.6,13,0.75,te
679888,Rosa's Wedding,2020,Comedy,6.2,92,0.6115,es
672701,Becoming a Father,2020,Drama|TV Movie,7.0,40,0.6231,fr
671474,Bone Breaker,2020,Horror|Thriller|Drama,3.5,11,0.6074,en
707408,Rent-A-Pal,2020,Horror|Thriller,6.511,134,0.7215,en
588009,Adú,2020,Drama,6.9,298,0.5979,es
579792,Cindy La Regia,2020,Comedy|Romance,7.8,251,0.6791,es
331044,Valley of the Gods,2020,Drama|Fantasy|Science Fiction,5.227,33,0.7059,en
726239,Dead,2020,Comedy|Horror|Mystery,6.116,69,0.6653,en
576543,Goodbye Soviet Union,2020,Comedy|Drama,5.4,17,0.6074,et
704933,Masked Ward,2020,Crime|Thriller,6.4,31,0.7187,ja
712172,The Real Thing,2020,Drama|Romance,6.6,22,0.5237,ja
626020,Stage Mother,2020,Comedy|Drama,6.137,73,0.8874,en
720851,Girl's Revenge,2020,Drama,5.5,20,0.8556,zh
690741,Love at Sunset Terrace,2020,TV Movie|Romance,5.6,26,0.6456,en
769938,Charles Bronson: The Spirit of Masculinity,2020,Documentary|History,7.5,12,0.8624,fr
728203,Coastal Elites,2020,Comedy|Drama|TV Movie,5.8,34,0.4966,en
757284,Dinosaur World,2020,Action|Adventure|Fantasy,4.7,19,0.4789,zh
703145,The Island of Lies,2020,Drama|Mystery|Thriller,5.6,21,0.5245,es
664561,Cruel Peter,2020,Horror,5.0,34,0.4854,en
722209,Any Crybabies Around?,2020,Drama,5.2,10,0.5984,ja
649755,Granny Nanny,2020,Comedy|Drama|Family,6.542,60,0.6471,de
732472,The Amityville Harvest,2020,Horror,5.182,33,0.4877,en
566135,Tezuka's Barbara,2020,Mystery|Fantasy,5.6,29,0.6474,ja
750101,Bad President,2020,Comedy,3.9,15,1.3773,en
674813,Beyond the Dream,2020,Romance|Drama,6.857,21,0.5458,cn
662666,Forky Asks a Question: What Is Reading?,2020,Animation|Family|Comedy,5.9,61,0.4996,en
582897,Arab Blues,2020,Comedy|Drama,6.106,245,0.4879,fr
768503,Fierce,2020,Comedy|Music,6.219,130,0.6619,pl
669672,Sulphur & White,2020,Drama,4.2,16,0.5723,en
619154,Alice Júnior,2020,Romance|Comedy|Drama,6.3,40,0.4351,pt
483471,Business Ethics,2020,Comedy|Thriller,7.3,14,0.6466,en
678983,Mellow,2020,Romance,5.7,10,0.5647,ja
667585,Chhalaang,2020,Comedy|Drama,5.959,37,0.6391,hi
656292,A Fish Swimming Upside Down,2020,Drama,5.9,10,0.6534,de
734280,Midnight at the Magnolia,2020,Romance|Comedy|TV Movie,6.263,241,0.6606,en
661935,Love Affair(s),2020,Drama|Romance,6.3,205,0.4986,fr
582306,Assassin 33 A.D.,2020,Science Fiction,5.278,117,0.6846,en
709642,Vampire Virus,2020,Horror|Thriller,4.9,24,0.5742,en
671556,The Winners,2020,Comedy|Drama,7.111,18,0.6009,zh
580073,Delphine and Carole,2020,Documentary,6.5,14,0.4682,fr
715869,Tutti per 1 - 1 per tutti,2020,TV Movie|Adventure|Comedy,5.8,163,0.4831,it
633182,Free Country,2020,Drama|Thriller,6.2,84,1.1924,de
742637,Extinction: The Facts,2020,Documentary|TV Movie,7.5,19,0.6679,en
664806,Red Dwarf: The Promised Land,2020,Adventure|Comedy|Science Fiction|TV Movie,6.625,24,0.5426,en
665771,Father,2020,Drama,7.8,34,0.5809,sr
737684,Sweet Autumn,2020,Comedy|Romance|TV Movie,7.032,47,0.5499,en
587970,So My Grandma's a Lesbian!,2020,Comedy|Romance,5.356,97,0.8216,es
746060,Five Star Christmas,2020,TV Movie|Romance,6.865,48,0.8443,en
595464,Doctor Lisa,2020,Drama|History,6.9,21,0.5569,ru
589970,The Lion,2020,Comedy,5.4,225,0.6134,fr
759351,Tales of the Uncanny,2020,Documentary|History,7.0,12,0.5303,en
725336,Aliens Stole My Body,2020,Adventure|Comedy|Family,4.1,16,0.5149,en
746034,Never Kiss a Man in a Christmas Sweater,2020,Romance|Comedy|TV Movie,6.483,58,0.5997,en
288287,A Choo,2020,Action|Comedy|Romance|Science Fiction,5.0,12,0.6092,zh
710718,Legend of Lu Bu,2020,Action|Fantasy|Romance,7.9,15,0.6301,zh
344031,Console Wars,2020,Documentary,7.085,88,0.5515,en
653707,Happy Happy Joy Joy: The Ren & Stimpy Story,2020,Documentary|Animation,6.789,19,0.6594,en
660943,Memories of My Father,2020,Drama|History,7.464,151,0.5267,es
748687,Back to the Wharf,2020,Crime|Drama|Thriller,5.6,22,0.4597,zh
664184,The Opening Act,2020,Comedy,5.2,26,0.5729,en
614427,Three Perfect Daughters,2020,Comedy,5.929,283,0.4984,it
753230,The Three Deaths of Marisela Escobedo,2020,Documentary|Crime,8.851,242,0.4864,es
756278,Haunting of the Mary Celeste,2020,Horror,5.2,47,0.5598,en
729612,A Murder to Remember,2020,Thriller|TV Movie,6.2,30,0.6177,en
606149,Captain Sabertooth and the Magical Diamond,2020,Animation|Family,7.2,48,0.79,no
710217,A Werewolf in England,2020,Horror|Comedy,5.689,90,0.6586,en
746135,The Last Exorcist,2020,Thriller|Horror,4.6,17,0.5076,en
638423,An Old Lady,2020,Drama,7.3,16,0.5537,ko
699046,A Perfect Plan,2020,Action|Adventure|Crime|Mystery|Thriller,5.4,27,0.5364,en
692989,Lorelei,2020,Drama,5.947,38,0.4389,en
655524,Lovecut,2020,Drama,5.238,42,0.3992,de
651793,Russian Raid,2020,Action,5.362,29,0.6328,ru
689705,Kubrick by Kubrick,2020,Documentary|History,7.5,48,0.5588,fr
683722,Aalto,2020,Documentary,6.1,24,0.5957,fi
549266,The Never List,2020,Comedy|Drama,5.35,10,0.6262,en
618214,The Perfect Candidate,2020,Drama,6.7,97,0.5637,ar
657893,Mr. Miao,2020,Animation|Action|History|Fantasy|Drama,5.2,11,0.6293,zh
660949,Margaux Hartmann,2020,Drama,5.1,32,1.572,fr
744944,The Christmas Listing,2020,Romance|Drama,6.6,19,0.6174,en
677135,Sleepless Beauty,2020,Horror,5.4,51,0.6677,ru
768030,Getting to Know You,2020,Comedy|Drama|Romance,5.8,13,0.5275,en
674865,Notes for My Son,2020,Drama,7.5,87,0.9108,es
684700,Athlete A,2020,Documentary,7.537,283,0.5525,en
719232,Digital Video Editing with Adobe Premiere Pro: The Real-World Guide to Set Up and Workflow,2020,Horror|Romance|Comedy,7.1,10,0.5665,ko
750276,You Are My Home,2020,Family,6.5,15,0.4651,en
649719,The Renovation,2020,Comedy,5.357,14,0.515,fi
681235,Torbaaz,2020,Drama,7.3,15,0.5295,hi
671397,Keep Your Hands Off Eizouken!,2020,Comedy|Adventure,6.8,10,0.6068,ja
743022,Fear PHarm,2020,Horror,5.33,44,0.4457,en
723968,Love in Harmony Valley,2020,Romance|TV Movie,7.4,28,0.5904,en
670497,Yakari: A Spectacular Journey,2020,Animation|Family|Adventure,6.0,48,0.5236,fr
515466,Tar,2020,Horror|Adventure|Thriller,4.944,18,0.5936,en
708352,The Academy of Magic,2020,Family|Animation|Fantasy,7.02,49,0.658,en
688343,The Curse of Audrey Earnshaw,2020,Horror|Drama,5.4,76,0.7034,en
684694,Acting Out of Love,2020,Romance|Comedy|Drama|Family,4.1,10,0.5442,zh
637182,It Stopped Raining,2020,Drama|Romance,7.7,10,0.6725,ja
553593,Walkaway Joe,2020,Drama|Action,6.024,42,0.4972,en
776670,All the Moons,2020,Drama|Fantasy|Horror|War,7.465,71,0.843,eu
764810,Tailor,2020,Comedy|Drama|Family,6.857,28,0.6054,el
720018,Ouija Craft,2020,Fantasy|Horror,4.5,15,0.4641,en
653070,Red Handed,2020,Thriller|Horror,4.5,13,1.5324,en
466994,Creators: The Past,2020,Science Fiction|Action|Adventure|Romance|Fantasy|Mystery|Drama,3.417,30,0.491,en
759213,Captive,2020,Thriller|Horror,6.5,43,0.7164,en
739556,Daughters,2020,Drama,7.6,14,0.5297,ja
738542,The Haunting of Margam Castle,2020,Horror,5.1,54,0.4604,en
653247,Turu  the Wacky Hen,2020,Family|Animation|Music|Adventure,7.1,105,0.6989,es
725964,Murder in the Vineyard,2020,Drama|Thriller|TV Movie,4.885,13,0.5537,en
653735,Mucho Mucho Amor: The Legend of Walter Mercado,2020,Documentary,7.3,71,0.595,en
729798,Robin's Wish,2020,Documentary,7.0,70,0.552,en
650625,The Invisible,2020,Drama,6.4,30,1.4875,es
618433,Dead Water,2020,Thriller,6.0,25,0.5246,en
727997,The Enshrined Saint,2020,Drama,6.8,23,0.5353,ar
588656,El verano que vivimos,2020,Drama|Romance,7.21,88,0.7258,es
751126,High School Musical: The Musical: The Holiday Special,2020,Music|Documentary,7.402,51,0.6164,en
685571,Copper Bill,2020,Crime|Action|Thriller,5.607,28,0.4842,en
746476,Unlocking Christmas,2020,TV Movie|Romance,7.0,47,0.5068,en
734282,Ruthless Realtor,2020,Thriller|TV Movie,6.1,19,0.5002,en
681630,MatchMaker Mysteries: A Fatal Romance,2020,Mystery|TV Movie,7.8,23,0.4351,en
748457,Bahut Hua Sammaan,2020,Comedy|Crime|Drama,6.875,12,0.4319,hi
682598,The Scheme,2020,Documentary|Crime,6.6,17,0.4393,en
722918,Tiny Tim: King for a Day,2020,Animation|Documentary|Music,6.1,12,0.2868,en
739123,Tales from the Hood 3,2020,Horror,5.1,51,0.5174,en
663255,Spy Intervention,2020,Action|Adventure|Comedy,4.7,31,0.4747,en
728136,The Furnace,2020,Western|History,6.9,23,0.6404,en
674642,The Book of Sun,2020,Drama|Comedy|Thriller,7.8,42,0.5804,ar
753489,Agatha Christie: 100 Years of Poirot and Miss Marple,2020,Documentary|History|TV Movie,6.7,20,0.4547,en
653751,Rebuilding Paradise,2020,Documentary,6.1,15,0.5828,en
891657,LEGO Hidden Side: Night of the Harbinger,2020,Animation,6.1,19,0.4269,en
711321,How to Make Out,2020,Comedy,5.1,83,0.3953,fr
596881,Dwelling in the Fuchun Mountains,2020,Drama,7.3,63,0.4874,zh
668013,Tahara,2020,Drama|Comedy,5.2,15,0.4528,en
655358,Magic Mountains,2020,Thriller|Mystery,5.8,23,0.3626,nl
711470,I WeirDO,2020,Romance|Comedy,6.0,13,0.5148,zh
728307,Detective Dee: Rats Invasion,2020,Adventure|Mystery|Fantasy,5.4,15,0.4398,zh
665671,Dwitiyo Purush,2020,Drama|Mystery|Thriller,4.7,10,0.7583,bn
728450,Village Of The Vampire,2020,Horror|Thriller|Fantasy,5.551,68,0.424,it
718659,Sufiyum Sujatayum,2020,Drama|Romance,4.3,16,0.5987,ml
730506,Crock of Gold: A Few Rounds with Shane MacGowan,2020,Documentary|History|Drama,8.1,21,0.5519,en
655293,#FriendButMarried 2,2020,Drama|Comedy|Romance,6.1,10,0.4078,id
741780,Taipei Suicide Story,2020,Drama,7.5,41,0.6564,zh
699198,Jimmy O. Yang: Good Deal,2020,Comedy,6.942,52,0.5631,en
750471,Blue Ridge,2020,Action|Crime|Drama,6.0,13,0.5434,en
726222,Faking Bullshit,2020,Comedy,5.405,21,0.4222,de
717021,The Oak Room,2020,Thriller|Horror|Mystery,5.7,55,0.7337,en
675253,M.O.M. Mothers of Monsters,2020,Thriller|Drama|Horror,5.938,72,0.5589,en
673553,You Can't Take My Daughter,2020,Drama|TV Movie,7.25,24,0.5312,en
726876,Behind the Line: Escape to Dunkirk,2020,War,6.2,69,0.6323,en
726343,The Day of Destruction,2020,Drama|Horror,5.5,20,0.4569,ja
695093,Fuori era primavera: Viaggio nell'Italia del lockdown,2020,Documentary,7.5,13,0.6865,it
575659,Berlin Alexanderplatz,2020,Drama|Crime,7.0,86,0.4965,de
597904,Tsoi,2020,Drama,4.2,13,0.4294,ru
589972,Little Vampire,2020,Animation|Family|Fantasy,6.9,43,0.5379,fr
744945,Spotlight on Christmas,2020,TV Movie|Romance,6.2,27,0.6222,en
737782,Christmas Comes Twice,2020,Romance|TV Movie|Comedy|Fantasy,6.3,17,0.4829,en
737793,Holly & Ivy,2020,Romance|TV Movie,7.2,30,0.6336,en
720748,The Speed Cubers,2020,Documentary,7.4,111,0.4544,en
736228,Electric Jesus,2020,Music|Comedy,5.5,14,1.9446,en
744939,Feliz NaviDAD,2020,Romance|TV Movie,5.478,23,1.5872,en
582303,The Last Champion,2020,Drama,6.577,13,0.538,en
473273,I Hate the Man in My Basement,2020,Romance|Comedy|Drama,6.3,20,0.5026,en
608755,A Son Named Erasmus,2020,Comedy,5.6,102,0.5296,it
736818,Await the Dawn,2020,Horror,4.136,22,0.5391,en
653734,Coded Bias,2020,Documentary,6.9,63,0.4694,en
579221,American Fighter,2020,Action|Drama,6.217,30,1.0625,en
748893,A Ring for Christmas,2020,TV Movie|Romance,6.1,10,0.3971,en
680952,Josep,2020,Animation|Drama|History,7.492,122,0.5647,fr
723444,Blueprint to the Heart,2020,TV Movie|Romance|Drama,6.5,28,0.4497,en
622841,You Animal! The Nimfa Dimaano Story,2020,Animation|Romance|Comedy,7.1,12,0.5153,tl
645290,Pirates Down the Street,2020,Family|Action|Adventure,5.7,29,0.5909,nl
613370,Brutus vs Cesar,2020,Comedy|Adventure|History,3.961,218,0.5441,fr
613336,I Wish Someone Were Waiting for Me Somewhere,2020,Drama|Romance,6.2,108,0.5428,fr
535987,Lost Transmissions,2020,Drama,5.3,37,0.6579,en
733277,Follow Me to Daisy Hills,2020,Romance|TV Movie,6.1,26,0.7236,en
688809,The Runners,2020,Action,4.353,17,0.4672,en
711550,The Captive Nanny,2020,Thriller|TV Movie|Mystery,6.9,12,0.5785,en
617499,U311 Cherkasy,2020,War|Action|Drama,6.5,56,0.7891,uk
611114,I Met a Girl,2020,Romance|Drama|Comedy,6.4,53,0.5558,en
754053,My Dad's Christmas Date,2020,Romance|Comedy,6.157,54,0.4239,en
548647,The Last Ones,2020,Drama|Thriller,4.5,13,0.552,fi
685965,Killer Dream Home,2020,Thriller|TV Movie,4.1,15,0.5284,en
708362,Murder Manual,2020,Drama|Horror,3.429,21,0.5466,en
619947,Tuscaloosa,2020,Drama|Romance,6.1,16,0.545,en
699361,Blood Moon Party,2020,Comedy|Drama|Thriller,7.2,12,0.4763,vi
679989,Simply Black,2020,Comedy,5.889,453,0.4675,fr
575426,Tommaso,2020,Drama,5.698,63,0.6576,it
675554,Amityville Island,2020,Horror,2.9,20,0.4191,en
464764,Revenge Ride,2020,Action|Horror,4.6,11,0.6136,en
725989,Hint of Love,2020,Romance|Comedy|TV Movie,6.6,29,0.5783,en
713825,Robot Riot,2020,Action|Science Fiction,5.7,101,0.6713,en
589973,SamSam,2020,Animation|Family|Science Fiction|Adventure|Comedy,5.2,14,0.508,fr
715978,Into the Beat,2020,Drama|Romance,6.3,202,0.5425,de
648597,Gourmet Detective: Roux the Day,2020,Drama|Crime|Mystery|TV Movie,7.353,34,0.8997,en
765613,Emicida: AmarElo - It's All for Yesterday,2020,Documentary|Music,8.6,58,0.4756,pt
637568,Tench,2020,Drama,5.8,20,1.6606,nl
755401,Skydog,2020,Action|Drama|Adventure|Mystery|Thriller,6.267,15,0.5181,en
623266,The Artist's Wife,2020,Drama,5.4,12,0.3904,en
653581,High Tide,2020,Drama,4.6,14,0.3658,es
667869,The Life Ahead,2020,Drama,6.74,573,0.5366,it
590077,Trance,2020,Thriller|Drama,6.8,63,0.7575,ml
737791,Christmas Tree Lane,2020,Romance|TV Movie,6.6,34,0.6399,en
731679,Untact,2020,Romance,7.1,15,0.4773,ko
748807,The Boys in the Band: Something Personal,2020,Documentary,7.212,26,0.5227,en
675791,Paapam Cheyyathavar Kalleriyatte,2020,Comedy|Drama,5.6,10,0.538,ml
720272,Terrible Jungle,2020,Comedy|Adventure,5.137,190,0.5952,fr
763368,Incision,2020,Horror,5.4,34,0.5176,en
743225,Love's Second Chance,2020,Romance|TV Movie,6.3,20,0.428,en
767479,One Small Problem,2020,Comedy,6.355,38,0.6251,es
661332,Matching Hearts,2020,Romance|TV Movie,6.5,43,0.5464,en
725034,Mile High Escorts,2020,Thriller|TV Movie|Crime,3.5,12,0.3589,en
605802,8,2020,Horror,5.962,91,0.6145,en
660134,Kala azar,2020,Drama|Fantasy,3.8,16,0.3536,el
679994,Devi,2020,Drama,7.5,11,0.4245,hi
726649,Anelka: Misunderstood,2020,Documentary,6.488,120,0.5803,fr
676619,Just My Type,2020,Romance|Drama|TV Movie,6.7,46,0.3703,en
657561,The Wishmas Tree,2020,Animation|Family|Adventure|Action,6.4,82,0.6415,en
733006,Attack of the Unknown,2020,Action|Science Fiction|Horror,4.4,50,0.5364,en
653910,Nightlife,2020,Comedy|Romance,6.139,158,0.6558,de
657018,A Beautiful Place to Die: A Martha's Vineyard Mystery,2020,Mystery|Drama|TV Movie,7.49,48,0.6277,en
653665,Farewell Amor,2020,Romance|Drama,6.8,42,0.6694,en
669337,Dragon Girl,2020,Family|Fantasy|Adventure,5.882,17,1.7368,no
626882,Sweet Thing,2020,Drama,6.672,29,0.537,en
686003,The Dinner Party,2020,Horror|Thriller,4.3,38,0.5676,en
682426,One-Way to Tomorrow,2020,Comedy|Romance,5.5,63,0.4929,tr
680267,Max Reload and the Nether Blasters,2020,Comedy|Science Fiction,5.771,48,0.4653,en
684139,Behind You,2020,Horror,4.625,48,0.5541,en
702701,Love at Look Lodge,2020,Romance|TV Movie,6.8,36,0.4757,en
740999,Pretty Cheaters  Deadly Lies,2020,Thriller|TV Movie,6.0,10,0.4831,en
593402,Tolo Tolo,2020,Comedy|Drama|Family,6.1,1308,0.8357,it
676792,Forensic,2020,Crime|Thriller,6.6,44,0.6367,ml
603258,Conference,2020,Drama,5.8,11,0.5046,ru
672699,Banksy and the Rise of Outlaw Art,2020,Documentary,7.0,30,0.4219,en
640092,I'm Livin' It,2020,Drama,6.6,14,0.4878,cn
618350,DC Showcase: Adam Strange,2020,Animation|Action|Science Fiction,6.381,67,0.4134,en
684819,Kidnapped to the Island,2020,Drama|Thriller|TV Movie|Crime,6.4,16,0.3899,en
682545,Disrupted,2020,Action|Drama|Mystery|Thriller|Crime,6.1,24,0.381,en
566924,Thin Blood,2020,Drama,5.4,15,0.3916,de
727566,Parallel Minds,2020,Science Fiction|Thriller,5.4,14,0.5199,en
712152,The Big Hit,2020,Comedy|Drama,6.995,213,0.6244,fr
681429,Be Careful What You Wish For,2020,Horror,6.6,141,0.5542,es
759331,Banksters,2020,Drama|Crime,5.732,28,0.4411,pl
665656,Kidnapped by a Classmate,2020,Thriller|TV Movie,4.308,13,0.7944,en
744957,A Christmas Exchange,2020,Romance|TV Movie,5.7,15,0.4794,en
715535,Search and Destroy,2020,Drama|Action,4.426,34,0.4589,en
633742,Goddess of the Fireflies,2020,Drama,6.7,14,0.5791,fr
642700,Pigs 3,2020,Action|Crime,6.518,55,0.5711,pl
719270,Life as It Should Be,2020,Drama|Comedy,6.063,32,0.4761,nl
744013,Don't Look Back,2020,Horror|Thriller|Mystery,4.4,14,0.6125,en
670525,My Daughter's Psycho Friend,2020,TV Movie|Drama,6.3,18,0.6309,en
708336,Return of the Tooth Fairy,2020,Horror,6.46,856,0.4638,en
737780,Cross Country Christmas,2020,TV Movie|Romance,6.8,49,0.5985,en
703098,All for Nikki,2020,Comedy|Crime,5.7,20,0.4501,en
721482,Dear Tenant,2020,Drama,6.9,29,0.5393,zh
648643,Stuntwomen: The Untold Hollywood Story,2020,Documentary,6.1,10,0.7955,en
695762,Transhood,2020,Documentary,4.0,18,0.4577,en
728699,Secrets in the Snow,2020,Thriller|TV Movie,6.4,27,3.6129,en
634233,Class Action Park,2020,Documentary,6.581,154,0.5268,en
668610,Sinister Stalker,2020,Thriller|TV Movie,5.3,11,0.4522,en
676839,Human Animals,2020,Drama|Thriller,6.8,72,0.6458,es
651783,The Singer,2020,Comedy|Music|Drama,3.1,11,0.6448,fa
655655,Felix Austria,2020,Romance|History,6.563,40,0.609,uk
579805,Streltsov,2020,Drama|History|Romance,6.1,16,0.5535,ru
754739,The Wrong Cheerleader Coach,2020,Thriller|TV Movie,6.091,11,0.486,en
730585,Kiss Me Kosher!,2020,Comedy|Romance,5.567,52,0.516,en
728209,The Perfect Weapon,2020,Documentary|Crime,7.0,23,0.5581,en
587311,Calamity,2020,Comedy|Animation|Family|Adventure|Western,7.2,46,0.7095,fr
722836,Expedition Everest,2020,Documentary,6.7,13,0.5386,en
680880,Breaking Fast,2020,Comedy|Drama|Romance,6.606,47,0.62,en
663105,His,2020,Drama|Romance,7.071,28,0.5574,ja
615684,Dear Mother,2020,Comedy|Drama,5.731,216,0.4528,fr
621744,Two of Us,2020,Drama|Romance,6.963,176,0.5305,fr
701277,Evil Little Things,2020,Horror,5.9,20,0.5494,en
671812,The Match,2020,Drama,5.7,90,0.611,it
767585,The Perilous Internet Ring,2020,Horror|Thriller,6.729,72,0.5755,zh
576682,Run This Town,2020,Drama,4.024,21,0.4827,en
668502,Le Canal des secrets,2020,Crime|TV Movie|Mystery,7.2,10,0.7186,fr
578847,Skyman,2020,Science Fiction|Horror,5.0,10,0.3494,en
725905,Kill Pinochet,2020,Drama|History|Thriller,6.2,20,0.5439,es
654902,You Came Back,2020,Drama|Thriller,5.5,52,0.5702,it
653668,Miss Juneteenth,2020,Drama,6.446,37,0.6195,en
656850,Amazing Winter Romance,2020,TV Movie|Romance,6.196,28,0.4854,en
650981,Scumbag,2020,Thriller,5.4,17,0.6099,sk
733032,Christmas Waltz,2020,TV Movie|Romance|Drama,7.0,64,0.4217,en
605874,The Rest of Us,2020,Drama,5.8,38,0.5216,en
557940,My Boyfriend's Meds,2020,Comedy,7.2,289,0.4711,es
709621,Tribal: Get Out Alive,2020,Action|Horror|Thriller,3.9,25,0.4473,en
612571,Every Time I Die,2020,Thriller,5.2,27,0.4579,en
758895,Bath Buddy,2020,Action|Comedy,5.879,33,0.5431,zh
576987,(UN)Ideal Man,2020,Comedy|Science Fiction|Romance,5.2,25,0.5077,ru
717863,Get the Hell Out,2020,Comedy|Horror|Action,5.9,24,0.4487,zh
744935,Christmas on the Vine,2020,TV Movie|Romance,5.5,20,0.4684,en
689782,Mommy Is a Murderer,2020,Thriller|TV Movie,6.789,19,0.3668,en
735253,Bad Nun: Deadly Vows,2020,Horror,5.0,10,0.8583,en
340971,Viena and the Fantomes,2020,Romance|Drama|Music,4.516,31,0.3652,en
677210,Fashionably Yours,2020,Comedy|Romance|TV Movie,6.5,26,1.5171,en
581802,#UNFIT: The Psychology of Donald Trump,2020,Documentary,6.7,39,0.6019,en
702699,Dying to be a Cheerleader,2020,Thriller|Mystery|TV Movie,6.5,21,1.1918,en
768439,Erotica 2022,2020,Drama,3.5,19,0.4225,pl
746051,A Godwink Christmas: Second Chance  First Love,2020,Romance|TV Movie|Drama,6.9,49,0.5389,en
571687,A Perfectly Normal Family,2020,Drama,6.6,48,0.4103,da
659676,Masameer: The Movie,2020,Animation|Comedy|Action|Drama,6.3,32,0.6664,ar
633172,Lindenberg! Mach dein Ding,2020,Music|Drama|Documentary,6.409,55,0.4742,de
651391,One for All,2020,Drama,6.189,37,0.4464,es
665052,This Is Paris,2020,Documentary,6.153,49,0.5933,en
734624,Emily and the Magical Journey,2020,Family|Fantasy|Adventure,5.75,30,0.4879,sv
620079,Murder at the Mansion,2020,Thriller|TV Movie,5.682,11,0.7049,en
733508,Small Town Wisconsin,2020,Drama|Comedy,6.0,10,0.4444,en
651866,The Division,2020,Action|Crime|Thriller,6.2,38,0.5095,pt
660717,Enfant Terrible,2020,Drama|History,4.284,37,1.1335,de
634301,Captors,2020,Horror|Thriller,4.3,13,0.5708,en
764853,Young  Stalked and Pregnant,2020,Drama|TV Movie,5.5,12,0.4733,en
750160,Bruce Springsteen's Letter to You,2020,Documentary|Music,6.922,32,0.683,en
651135,Moon Landing,2020,Comedy|Drama,6.8,84,0.4832,it
705054,Twisted Twin,2020,TV Movie|Thriller,6.0,11,0.4756,en
627063,Nocturnal,2020,Drama,5.6,19,0.4624,en
727705,All In: The Fight for Democracy,2020,Documentary|History,7.3,23,0.4235,en
572123,Team Marco,2020,Comedy|Drama|Family,6.536,14,0.4497,en
727012,200 Meters,2020,Drama|Adventure,6.8,54,0.5776,ar
579875,On the Edge,2020,Drama,6.143,28,0.5106,ru
647745,The Morning After,2020,Comedy,5.6,92,0.5144,fr
701189,Query,2020,Comedy|Drama,5.4,26,0.4627,en
721343,Hannibal Buress: Miami Nights,2020,Comedy,5.714,21,0.4729,en
653658,Identifying Features,2020,Drama|Thriller,7.0,70,0.4067,es
681632,Ruby Herring Mysteries: Prediction Murder,2020,Mystery|TV Movie,7.5,31,0.468,en
668088,NXT TakeOver: Portland,2020,Action|Drama,8.6,12,0.4211,en
748224,Reaptown,2020,Horror|Thriller|Mystery,3.9,15,0.2693,en
691100,Ten Minutes to Midnight,2020,Horror,5.9,23,0.5188,en
680945,Retreat to Paradise,2020,Romance|TV Movie,6.5,32,0.3808,en
661738,Break,2020,Crime|Drama,5.5,15,0.4623,en
736225,I Never Cry,2020,Drama,6.939,33,0.4687,pl
743073,The Mystery of D.B. Cooper,2020,Documentary|Crime|History,6.4,42,0.5057,en
702557,The Good Traitor,2020,Drama|History,5.6,26,0.5796,da
621731,So Long Billie,2020,Drama,4.4,12,0.3335,fr
762951,Dr. Seuss' The Grinch Musical,2020,Family|Music|TV Movie|Fantasy,5.1,13,0.4843,en
744940,Homemade Christmas,2020,TV Movie|Romance,5.7,23,0.4728,en
727959,In My Room,2020,Drama,5.8,28,0.3555,fr
744750,Held,2020,Horror|Mystery|Thriller,5.549,71,0.4681,en
741094,The Charm of Love,2020,Romance|TV Movie,5.9,15,0.5255,en
640915,DNA - Definitely Not Suitable,2020,Comedy|Science Fiction,5.4,86,0.4323,it
760179,Orca,2020,Drama,6.6,14,0.3755,sv
610045,Norm of the North: Family Vacation,2020,Animation|Comedy|Family,5.368,19,0.4638,en
605733,Ducoboo 3,2020,Comedy|Family,5.366,146,0.7041,fr
711715,The Current Occupant,2020,Horror|Thriller|TV Movie,5.8,31,0.5102,en
669665,Our Father,2020,Drama,6.61,214,0.4204,it
756499,Asteroid-a-Geddon,2020,Science Fiction|Action,5.8,71,0.5745,en
743413,Warm Hug,2020,Comedy,5.3,19,0.4735,zh
652535,All Foreigners Keep Their Curtains Closed,2020,Drama,5.6,13,0.5435,no
494972,Two/One,2020,Drama,6.233,30,0.4772,en
696000,Jerry Seinfeld: 23 Hours to Kill,2020,Comedy,6.226,113,0.5387,en
619188,Pattas,2020,Action|Comedy,5.9,19,0.6818,ta
749078,King of Snake,2020,Action|Thriller|Adventure|Fantasy|Horror,6.4,11,0.6625,zh
656692,Lance,2020,Documentary,7.172,29,0.4097,en
648168,Cry Havoc,2020,Horror|Action,3.4,12,0.505,en
734278,Christmas Unwrapped,2020,Romance|TV Movie|Comedy|Drama,6.1,29,1.386,en
717637,God  You’re Such a Prick,2020,Romance|Drama|Comedy,6.269,54,0.5517,de
624774,Butt Boy,2020,Comedy|Thriller|Horror|Fantasy,5.094,53,0.4703,en
664031,Out of My League,2020,Romance|Comedy,6.913,484,0.5162,it
680495,A Killer in My Home,2020,Thriller|Crime|TV Movie,6.0,11,0.3953,en
753702,An Evening with Tim Heidecker,2020,Comedy,6.441,17,0.5621,en
670426,Lucky,2020,Fantasy|Horror|Mystery,5.401,101,0.4688,en
776047,Angie: Lost Girls,2020,Thriller|Drama|Crime|TV Movie,5.3,22,0.3889,en
683398,The Most Dangerous Man in Europe: Otto Skorzeny's After War,2020,Documentary|History,6.7,13,0.5694,es
663508,Instant Love,2020,Comedy|Romance,4.8,13,0.5606,es
733906,John Bronco,2020,Comedy,6.118,17,0.5989,en
671940,Il delitto Mattarella,2020,History|Drama|Crime|Documentary,5.9,32,0.4305,it
603770,Lost in Russia,2020,Drama|Comedy,5.897,63,0.6732,zh
704269,Skull: The Mask,2020,Horror|Fantasy,5.365,37,0.368,pt
733278,Picture Perfect Mysteries: Exit Stage Death,2020,TV Movie|Crime|Mystery,7.2,26,0.4831,en
680022,A Skeleton in the Closet,2020,Drama|Comedy,5.636,11,0.3651,es
661908,Murder in Basque Country,2020,Crime|Drama|Mystery,5.8,14,0.4126,fr
737766,If I Only Had Christmas,2020,TV Movie|Romance,6.6,46,0.5597,en
576917,Ice 2,2020,Drama|Romance,7.4,45,0.6105,ru
762632,The Letter Room,2020,Comedy,6.7,96,0.4076,en
657630,Grandma Dearest,2020,Thriller|TV Movie,5.9,17,0.4348,en
649028,The Wedding,2020,Comedy,6.302,43,0.3802,de
717652,I Am Afraid to Forget Your Face,2020,Drama,5.7,10,0.2663,ar
630878,Twilight's Kiss,2020,Drama,6.6,44,0.4961,cn
682402,Swimming for Gold,2020,Family,7.5,96,0.4449,en
586422,Rag Doll,2020,Drama,6.1,18,0.5381,en
726217,Escape: Puzzle of Fear,2020,Thriller|Horror,4.054,28,0.4984,en
669417,Walnut Tree,2020,Drama|History|War|Crime,7.0,13,0.455,ku
637860,The Strong Ones,2020,Drama|Romance,7.55,80,0.4899,es
665772,Who Wants Me Dead?,2020,Thriller|TV Movie|Crime,5.3,14,0.4973,en
731868,Project Dreams - How to Build Mazinger Z's Hangar,2020,Comedy,7.0,12,0.4463,ja
672154,Weekend,2020,Thriller,5.297,64,0.5776,it
686919,Maska,2020,Comedy,5.3,18,0.5817,hi
716675,Concrete Plans,2020,Thriller,6.3,17,0.3288,en
585073,The Defendant,2020,Drama,5.7,12,0.4522,es
662687,Furtive,2020,Thriller|Drama,6.595,37,0.3193,es
674025,Aztech,2020,Science Fiction|Fantasy|Horror,5.2,38,0.4276,en
531900,Block Z,2020,Action|Horror|Thriller,6.8,13,0.4782,tl
750185,Cheer Squad Secrets,2020,Thriller|TV Movie,6.8,17,0.357,en
705715,Burraco fatale,2020,Comedy,3.7,67,1.6027,it
662903,I Blame Society,2020,Comedy|Horror|Thriller,5.5,34,0.4211,en
535172,Disco Raja,2020,Action|Science Fiction|Thriller,6.5,11,0.5445,te
611356,Gulabo Sitabo,2020,Drama|Comedy,5.972,53,0.4474,hi
575448,Malmkrog,2020,History|Drama,6.9,39,0.3458,ro
762511,Kevin Hart: Zero F**ks Given,2020,Comedy|Documentary|TV Movie,6.632,95,0.458,en
731587,Rose: A Love Story,2020,Horror,5.6,26,0.5467,en
774133,The Edge of Theocracy,2020,Comedy,7.5,29,0.2957,pt
675490,The Unfamiliar,2020,Thriller|Horror,5.6,96,0.5221,en
656007,Panga,2020,Romance,6.741,27,0.5876,hi
663993,Sleep,2020,Horror,5.444,36,0.4552,de
744738,Dune Drifter,2020,Science Fiction,4.6,54,0.5474,en
666959,Are We Lost Forever,2020,Drama,7.056,81,0.4073,sv
737762,One Royal Holiday,2020,Romance|TV Movie,6.7,46,0.5083,en
689242,Diving with Dolphins,2020,Documentary,8.2,19,0.4416,en
759216,Andhaghaaram,2020,Thriller,7.2,27,0.6197,ta
767466,Manufacturing Ignorance,2020,Documentary|TV Movie,7.7,14,0.476,fr
653580,Charter,2020,Drama,6.452,42,0.3939,sv
738642,Sister of the Groom,2020,Romance|Comedy,5.297,32,0.5418,en
741635,Stuck,2020,Horror|Thriller,5.833,12,0.5141,en
735110,Dark Forces,2020,Horror|Action|Thriller|Mystery,4.1,41,0.3854,es
659943,Poly,2020,Family|Adventure,5.9,40,0.4848,fr
748899,Beaus of Holly,2020,TV Movie|Romance|Comedy,6.6,12,0.3942,en
671145,Before the Fire,2020,Drama|Thriller,5.7,79,0.3979,en
688173,Not a Game,2020,Documentary,4.559,17,0.3244,en
742777,The Best Families,2020,Drama|Comedy,5.5,12,0.4132,es
736564,Sinfidelity,2020,TV Movie|Thriller,4.8,14,1.6208,en
758510,The Grotto,2020,Horror,6.3,76,0.568,pt
702550,Durgamati: The Myth,2020,Horror|Thriller,5.7,12,0.5021,hi
728144,The Special,2020,Horror|Comedy,5.3,41,0.5048,en
695513,What Breaks the Ice,2020,Drama|Mystery|Thriller,5.1,22,0.4,en
787619,Purgatory,2020,Drama|Documentary,6.375,24,0.2624,pl
720796,Yaara,2020,Action|Drama,5.563,16,0.4406,hi
582922,Back Home,2020,Drama,5.8,68,0.3906,fr
813881,The Real Black Panther,2020,Documentary|TV Movie,7.2,18,0.4103,en
687262,Cold Meridian,2020,Drama,4.7,25,0.4405,hu
676859,Tell Me When,2020,Drama|Romance,6.6,61,0.5523,es
624484,The Predators,2020,Drama|Comedy,6.7,209,0.6251,it
725239,The Swamp,2020,Documentary,6.625,48,0.3791,en
613319,Selfie,2020,Comedy,5.205,151,0.4304,fr
601297,My Cousin,2020,Comedy,5.5,108,0.3863,fr
765718,Middle Class Melodies,2020,Comedy|Drama|Romance,6.806,18,0.4894,te
661137,Minor Premise,2020,Science Fiction|Thriller|Drama,5.188,40,0.5576,en
749546,Christmas at Maple Creek,2020,Romance|TV Movie|Comedy,5.2,20,0.437,en
758545,S.O.S. Survive or Sacrifice,2020,Adventure|Thriller,5.3,22,0.4291,en
695452,The Arbors,2020,Thriller|Horror|Science Fiction,5.719,32,0.4087,en
745332,Her Deadly Sugar Daddy,2020,TV Movie|Thriller,3.9,15,0.4902,en
673971,The Lighthouse: A Dark & Stormy Tale,2020,Documentary,6.9,12,0.5595,en
613368,Ballsy Girl,2020,Comedy,5.3,274,0.5046,fr
656844,Winter in Vail,2020,TV Movie|Romance|Comedy,6.8,54,0.4729,en
750008,Citizen Kitano,2020,Documentary,7.429,14,0.4332,fr
733322,Evil Takes Root,2020,Horror|Thriller,5.1,12,0.3942,en
554585,Originless,2020,Horror|Thriller,5.6,58,0.3432,es
655204,The Honeymoon Phase,2020,Thriller,4.758,33,0.3385,en
575072,Run,2020,Thriller|Drama|Science Fiction,6.2,12,0.3968,ru
664589,The Trouble with Being Born,2020,Science Fiction|Drama,5.1,52,0.412,de
655154,Do Not Split,2020,Documentary,7.379,33,0.6483,en
746035,The Christmas Ring,2020,TV Movie|Romance,6.6,42,0.3613,en
668156,Leyla Everlasting,2020,Comedy,3.76,48,0.4002,tr
575121,Fairy,2020,Drama|Thriller|Science Fiction,4.9,24,0.3652,ru
754219,Last Three Days,2020,Action|Crime|Mystery|Thriller,6.329,70,0.5307,en
727246,Holiday on Mars,2020,Comedy|Science Fiction,3.3,178,0.4491,it
612644,Mafia,2020,Action|Drama,5.7,19,0.4713,ta
728300,Odd Man Rush,2020,Drama,5.8,16,0.4057,en
666175,Wake Up,2020,Drama,5.8,21,0.4595,en
745940,Hidden in the Spotlight,2020,Drama,7.0,10,0.3503,nl
685814,Kill Chain: The Cyber War on America's Elections,2020,Documentary,6.9,17,0.4004,en
759688,Elyse,2020,Drama,5.1,19,0.5865,en
582908,Perfect 10,2020,Drama,6.3,15,0.4456,en
759872,The Farmer and the Belle: Saving Santaland,2020,Family|Comedy|Romance,5.7,10,0.5579,en
719763,Sorority Secrets,2020,TV Movie|Thriller|Mystery,5.3,13,0.5153,en
613361,L'Esprit de famille,2020,Comedy,5.6,57,0.4065,fr
593427,Yellow Rose,2020,Drama|Music,6.9,19,0.4481,en
677211,Nature of Love,2020,TV Movie|Romance,6.21,31,0.4247,en
688900,Sol Levante,2020,Animation|Action|Science Fiction|Fantasy,4.698,63,0.4353,ja
744925,Christmas on Ice,2020,TV Movie|Romance,6.9,89,0.3776,en
726661,The Magic School Bus Rides Again: Kids in Space,2020,Family|Animation|Adventure,7.306,36,0.482,en
587662,Nimby: Not in My Backyard,2020,Comedy|Drama,4.941,17,0.4585,fi
619954,Two Buddies and a Badger 2: The Great Big Beast,2020,Family|Adventure|Animation,5.7,14,0.3999,no
746056,A Glenbrooke Christmas,2020,Romance|TV Movie,6.547,43,0.4348,en
746047,Christmas in Evergreen: Bells Are Ringing,2020,Romance|TV Movie,5.7,32,0.4306,en
532654,Ravers,2020,Comedy|Horror,4.7,10,0.5392,en
618260,Woman,2020,Documentary,7.7,47,0.3796,fr
665139,Thou Shalt Not Hate,2020,Drama,6.17,115,0.4798,it
723266,Romance in the Air,2020,Romance|TV Movie,6.1,26,0.3433,en
766712,Useless,2020,Drama|Family,6.9,11,0.3999,en
649034,Princess Cursed in Time,2020,Fantasy|Family,6.192,26,0.3614,cs
667071,Felicità,2020,Comedy,6.9,135,0.295,fr
605499,Monsoon,2020,Drama|Romance,5.375,40,0.7722,en
496348,Ghoomketu,2020,Comedy|Drama,5.909,11,0.5391,hi
674482,Ouija Shark,2020,Horror|Comedy,4.4,72,0.3258,en
751267,Accomplice,2020,Documentary,7.5,22,0.3932,en
590869,Hammamet,2020,Drama|History,5.936,412,0.5369,it
746061,A Christmas Carousel,2020,Romance|TV Movie,6.8,29,0.4393,en
739518,A New York Christmas Wedding,2020,Romance|TV Movie|Drama|Fantasy,5.7,34,0.5584,en
738370,Hosts,2020,Horror,4.947,75,0.3641,en
727198,Hail to the Deadites,2020,Documentary,5.8,10,0.3745,en
746605,The Plot Against the President,2020,Documentary,6.3,28,0.3549,en
606566,The Best Years,2020,Romance|Drama|Comedy,6.809,437,0.5138,it
689553,Playing Hide and Seek,2020,Documentary,7.222,18,0.3258,pl
728206,The Art of Return,2020,Drama,6.1,15,0.4484,es
724343,The Weight of Gold,2020,Documentary,6.8,14,0.4016,en
744937,The Christmas Edition,2020,TV Movie|Romance,5.8,18,0.409,en
746478,Swept Up by Christmas,2020,TV Movie|Romance,5.7,19,0.4826,en
754322,Stephen King: A Necessary Evil,2020,Documentary|TV Movie,7.2,25,0.4395,fr
656279,Pari,2020,Drama,6.9,14,0.4936,fa
752662,Hua Mulan,2020,Action|History,5.733,16,0.4194,zh
744955,Christmas on the Menu,2020,Romance|TV Movie|Comedy,5.1,21,0.3999,en
746049,Time for Us to Come Home for Christmas,2020,TV Movie|Romance,7.0,31,0.5467,en
667986,Gauthamante Radham,2020,Comedy,6.2,13,0.3409,ml
727207,I Want to Be Like the Main Character in a Novel,2020,Drama,7.6,13,0.6164,ko
728186,The Night Train,2020,Drama,6.0,16,0.3749,sv
723124,The Monopoly of Violence,2020,Documentary,7.36,57,0.3665,fr
752879,My God Father,2020,Comedy|Romance,5.5,12,0.4123,th
746043,Good Morning Christmas!,2020,TV Movie|Romance,6.309,47,0.7232,en
639298,Wisdom Tooth,2020,Drama|Thriller,4.5,10,0.3736,zh
661747,Seriously Single,2020,Comedy,6.9,135,0.3109,en
687016,Pandemic: COVID-19,2020,Documentary|TV Movie,5.7,15,0.1838,en
589535,Double Plus Fifteen,2020,Drama,4.1,11,0.4658,es
663657,Hotwired in Suburbia,2020,Thriller|TV Movie,6.9,16,0.3254,en
656851,Hearts of Winter,2020,Romance|Drama|TV Movie,6.2,33,0.5577,en
757305,Miss India,2020,Drama,4.2,20,0.4369,te
671803,My Truth: The Rape of 2 Coreys,2020,Documentary,6.5,14,0.4329,en
747993,Sasaki in My Mind,2020,Drama|Romance,6.4,11,0.4757,ja
662883,Gold,2020,Drama,5.2,11,0.5144,nl
637881,And They Say I Am the Crazy One,2020,Comedy|Drama,6.6,42,0.4011,pt
522893,Wildland,2020,Crime|Drama|Family,5.7,60,0.409,da
698362,Killer in the Guest House,2020,Thriller|TV Movie,6.6,21,0.4389,en
592566,Wonders in the Suburbs,2020,Comedy,3.1,25,0.4153,fr
636360,Moving On,2020,Drama,6.9,35,0.5113,ko
665465,Corporate Accountability,2020,Documentary,6.0,10,0.4295,es
744931,A Welcome Home Christmas,2020,Romance|TV Movie,6.4,33,0.4565,en
754929,The Loss Adjuster,2020,Comedy|Drama|Romance,5.8,10,0.3378,en
679045,Shakuntala Devi,2020,Drama|Family|Comedy,6.487,38,0.5011,hi
638983,Don't Air Your Dirty Laundry In Public,2020,Drama|Comedy,7.9,97,0.3096,es
703754,Eric Andre: Legalize Everything,2020,Comedy,6.0,57,0.3015,en
715714,Night Ride,2020,Drama,6.2,25,0.3282,no
700037,All I Want for Christmas 2,2020,Family|Fantasy,5.3,10,0.5452,da
741132,Storm Warning,2020,Thriller|TV Movie,5.8,17,0.3578,fr
646371,Diana's Wedding,2020,Drama|Comedy,5.8,11,0.6528,no
670328,Dino Dana: The Movie,2020,Family|Adventure|Comedy|Fantasy,7.2,34,0.3962,en
495332,Pelican Blood,2020,Drama|Thriller|Horror,6.015,34,0.326,de
630766,A Night of Horror: Nightmare Radio,2020,Horror,5.774,124,0.5434,en
628012,Thi Baan x BNK48,2020,Comedy|Drama,6.115,13,0.411,th
598859,Kaamyaab,2020,Comedy|Drama,6.632,19,0.5589,hi
664027,Mars: One Day on the Red Planet,2020,Documentary,6.7,15,0.3994,en
744952,The Christmas Setup,2020,TV Movie|Drama|Romance,6.2,54,0.3636,en
667177,Dead Earth,2020,Action|Drama|Horror|Thriller,3.3,23,0.5306,en
659764,Love Likes Coincidences 2,2020,Romance|Drama,6.9,10,0.4558,tr
689857,Deadly Daughter Switch,2020,Thriller|TV Movie,5.6,21,0.4633,en
605798,How to Fake a War,2020,Comedy,3.545,11,0.2297,en
597588,Lucky Grandma,2020,Comedy|Crime|Drama,6.405,37,0.4824,en
759930,Playing God,2020,Drama,8.0,12,0.3883,de
667018,Mutiny of the Worker Bees,2020,Comedy,7.2,74,0.5673,es
702654,Nadia  Butterfly,2020,Drama,5.675,20,0.3693,fr
737763,Jingle Bell Bride,2020,Romance|TV Movie,6.3,31,0.3374,en
608317,Hidden Away,2020,Drama,7.5,252,1.5486,it
649880,Love on Iceland,2020,TV Movie|Romance,6.4,36,0.4149,en
611179,The Trip to Greece,2020,Comedy|Drama,6.2,44,0.334,en
582911,My Days of Glory,2020,Comedy,5.3,63,0.3097,fr
640561,Enormous,2020,Comedy,5.0,238,0.4648,fr
705076,Long Gone Summer,2020,Documentary,5.9,10,0.348,en
574489,Goldie,2020,Drama,6.0,10,0.4211,en
746040,The Christmas Doctor,2020,TV Movie|Drama|Romance,6.9,25,0.6877,en
437193,A Serial Killer's Guide to Life,2020,Comedy|Crime|Thriller,5.083,30,0.4704,en
689240,Si tu vois ma mère,2020,Comedy|Drama|Romance|TV Movie,5.9,11,0.277,fr
626036,The Dating List,2020,TV Movie|Romance|Comedy,7.0,33,0.4477,en
665775,Sow the Wind,2020,Drama,6.0,10,0.2685,it
743888,Lockdown all'italiana,2020,Comedy,3.6,119,0.3259,it
699511,The Stand at Paxton County,2020,Thriller,5.9,24,0.3183,en
752939,Shawn Mendes: In Wonder,2020,Music|Documentary,8.2,159,0.3615,en
729246,Guardian of the Palace,2020,Fantasy|Action,6.8,39,0.4143,zh
746752,Bigflo & Oli: Hip Hop Frenzy,2020,Documentary|Music,7.0,72,0.4219,fr
734288,Killer Competition,2020,Thriller|TV Movie,5.4,15,0.4598,en
677209,You're Bacon Me Crazy,2020,Romance|TV Movie,6.7,49,0.4321,en
618746,Tragic Jungle,2020,Drama|Mystery,6.085,47,0.5563,es
658462,Halvai 5-0,2020,Comedy|Mystery,5.679,14,0.2878,el
572430,Hacksaw,2020,Horror,4.7,35,0.3999,en
678801,The Present,2020,Drama,7.3,53,0.5154,ar
664553,What We Found,2020,Thriller,5.0,31,0.3566,en
733049,The Pizzagate Massacre,2020,Comedy|Action|Crime|Horror,4.8,12,0.4607,en
667574,Battle Star Wars,2020,Science Fiction|Action|TV Movie,4.8,42,0.3429,en
787009,Stay Out of the Attic,2020,Horror,5.495,101,0.4711,en
692233,True to the Game 2,2020,Thriller|Drama,6.389,18,0.3771,en
763672,Letters to Satan Claus,2020,TV Movie|Horror|Comedy,5.1,23,0.4168,en
746032,Christmas with the Darlings,2020,Romance|TV Movie,7.0,36,0.3891,en
683044,The Au Pair Nightmare,2020,Thriller|TV Movie,4.6,14,0.3967,en
659967,My Little Sister,2020,Drama,6.4,37,0.6142,de
728463,John Williams: Live in Vienna,2020,Music|Documentary,9.1,11,0.3448,en
592371,Dawn of War,2020,Thriller,6.1,17,0.3841,et
763820,Sorry I Killed You,2020,Horror|Comedy,4.9,27,0.3991,en
691582,A Celebration of the Music from Coco,2020,Music|Documentary,7.0,17,0.5427,en
572637,Asphalt Goddess,2020,Drama,6.7,41,0.4841,es
725854,Wedding Every Weekend,2020,Comedy|Romance|TV Movie,6.63,27,0.3631,en
554375,Labor Day,2020,Comedy,5.5,60,0.378,fr
642657,Milea,2020,Drama|Romance,6.2,29,0.425,id
601260,Last Call,2020,Drama,5.0,11,0.4289,en
635527,Circus of Life,2020,Drama,8.0,11,0.3155,pa
653756,The Mole Agent,2020,Documentary,7.771,256,0.3621,es
719266,23 Walks,2020,Drama|Romance,6.8,18,0.6458,en
629704,The Booksellers,2020,Documentary,7.0,32,0.4046,en
749032,Putham Pudhu Kaalai,2020,Drama|Family,6.4,17,0.5474,ta
734285,Secrets in the Woods,2020,Thriller|TV Movie,5.5,12,0.3376,en
645292,The Way We Are,2020,Comedy|Drama,5.276,29,0.4303,tr
741652,25 Years of Innocence,2020,Drama|History,7.815,46,0.3795,pl
521026,Vampire Dad,2020,Comedy|Fantasy,5.4,10,1.5043,en
733425,About Us,2020,Romance|Drama,6.9,15,0.4173,en
696826,Il regno,2020,Comedy,5.6,69,0.3733,it
606787,One Half of Me,2020,Drama,5.4,11,0.3266,fi
755977,Amalgam,2020,Comedy|Drama,4.917,12,0.2797,es
661188,Camp Blood 8: Revelations,2020,Horror|Comedy,2.8,19,0.2288,en
1128949,Out of Shadows,2020,Documentary,7.6,10,0.3926,en
715658,The Scientist,2020,Horror|Drama,6.0,111,0.3821,en
423132,Mosquito,2020,Drama|War,6.3,23,0.3466,pt
718745,Krishna and His Leela,2020,Romance|Comedy,4.792,12,0.3769,te
770992,Paintball Massacre,2020,Horror|Thriller|Comedy,6.2,37,0.4472,en
744520,The Choice 2020: Trump vs. Biden,2020,Documentary|History|TV Movie,7.2,10,0.4317,en
579647,One Breath,2020,Drama,7.3,29,0.3652,ru
724427,Monstrous,2020,Horror|Mystery|Thriller,4.7,33,0.3722,en
706568,Just Kids,2020,Drama,5.7,14,0.3487,fr
752618,Guillermo Vilas: Settling the Score,2020,Documentary,7.292,12,0.4012,es
679987,Tape,2020,Drama|Thriller,4.0,17,0.3169,en
747046,La fugue,2020,Drama|TV Movie,7.1,14,0.2771,fr
766159,Tripping with Nils Frahm,2020,Music|Documentary,7.484,31,0.3079,en
647582,Time Loop,2020,Science Fiction,4.854,24,0.2999,en
680943,Dharala Prabhu,2020,Comedy,6.8,14,0.4282,ta
883987,Megan,2020,Thriller,5.6,30,0.4889,en
653612,On the Record,2020,Documentary,6.4,20,0.3483,en
685615,Doll House,2020,Horror|Drama|Thriller,5.0,19,0.3244,en
617960,JerryMaya's Detective Agency – The Secret of the Train Robber,2020,Family|Adventure|Mystery|Comedy,5.8,11,0.499,sv
706716,My Favorite War,2020,Animation|Documentary|History,7.0,10,0.5192,lv
596868,Land of Ashes,2020,Drama,6.1,22,0.2142,es
638665,Eeb Allay Ooo!,2020,Comedy|Drama,7.455,11,0.5681,hi
616619,Giraffe,2020,Drama,5.2,17,0.3629,da
745275,Ka/Pae. Ranasingam,2020,Drama,7.0,16,0.3698,ta
635146,The Legend of The Five,2020,Fantasy|Adventure|Family|Mystery,4.4,20,0.3848,en
737195,The Man in the Hat,2020,Comedy,5.969,16,0.3927,fr
698432,Nobody Knows I'm Here,2020,Drama,6.7,204,0.4624,es
710478,The Cure,2020,Action,7.3,18,0.3845,en
639414,Dolly Kitty and Those Twinkling Stars,2020,Comedy|Drama,5.179,14,0.5738,hi
685309,Sex and the Future,2020,Comedy|Science Fiction,5.0,14,0.4112,en
734622,Hello Again - A Wedding A Day,2020,Comedy|Romance,5.9,70,0.5685,de
696616,Mistletoe Magic,2020,Romance|TV Movie,5.4,18,0.4284,en
575189,Good As New,2020,Comedy,6.7,17,0.4473,ru
642114,Fatal Illusions,2020,Thriller,5.7,12,0.3917,ru
613339,SOL,2020,Comedy,5.5,36,0.3022,fr
769647,The Disney Holiday Singalong,2020,Music|Comedy|Documentary,7.2,10,0.3714,en
647813,Divorzio a Las Vegas,2020,Comedy,5.662,74,0.3991,it
734418,Psycho Sister-In-Law,2020,Thriller|TV Movie|Crime,6.4,12,0.5108,en
695564,The Jonestown Haunting,2020,Crime|Horror|Drama|Mystery,3.0,13,0.3707,en
772879,Unpaused,2020,Comedy|Drama,6.538,13,0.3351,hi
528215,Run,2020,Drama,4.64,25,0.4012,en
676468,Love on the Rise,2020,Romance|TV Movie,5.8,28,0.4438,en
746042,The Christmas House,2020,Romance|TV Movie,6.0,53,0.3108,en
627654,La cravate,2020,Documentary,6.9,46,0.3713,fr
656704,Needle Park Baby,2020,Drama,6.929,28,0.3088,de
582919,Savage State,2020,Western,5.475,60,0.4012,fr
706727,Choke,2020,Horror|Thriller,4.5,13,0.385,en
575356,Inadequate People 2,2020,Drama,6.734,32,0.4557,ru
661881,Home Sweet Home,2020,Romance|Comedy|Drama,6.2,31,0.5835,en
653758,The Reason I Jump,2020,Documentary,7.25,26,0.4706,en
753431,That Was Life,2020,Drama,6.0,10,0.5523,es
735120,C U Soon,2020,Thriller|Mystery|Drama,7.3,41,0.4273,ml
632251,Prey,2020,Thriller|Horror,6.147,34,0.4197,es
694079,Kokoloko,2020,Drama|Thriller,4.8,12,0.5393,es
725234,Food Club,2020,Comedy|Drama,5.625,12,0.371,da
683712,Sadio Mané - Made in Senegal,2020,Documentary,9.1,13,0.3351,fr
651170,My Tender Matador,2020,Drama|Romance,7.4,63,0.3275,es
614424,Winter,2020,Drama|Action,5.2,13,0.3657,ru
591915,The Marriage Escape,2020,Comedy|Drama,7.5,52,0.3098,nl
700785,SCHW31NS7EIGER: Memories - Von Anfang bis Legende,2020,Documentary,7.2,39,0.3533,de
744943,Once Upon a Main Street,2020,Drama|TV Movie|Romance,6.4,23,0.4037,en
747999,Michelle Buteau: Welcome to Buteaupia,2020,Comedy,7.0,20,0.4151,en
614420,When Mom Is Away... With the Family,2020,Family|Comedy,6.217,244,0.4575,it
685263,Wojnarowicz: Fuck You Faggot Fucker,2020,Documentary,7.2,25,0.3212,en
737764,A Christmas Tree Grows in Colorado,2020,Family|Romance|TV Movie,5.7,16,0.3088,en
662345,The Dose,2020,Drama|Thriller,5.8,15,1.4732,es
759024,Ferro,2020,Documentary|Music,7.7,55,0.4092,it
614764,My Name Is Sara,2020,History|Drama,6.5,27,0.397,en
614418,‎7 Hours to Win Your Heart,2020,Comedy,6.234,128,0.5004,it
648990,La Casa,2020,Horror|Mystery,6.3,97,0.3992,es
737778,On the 12th Date of Christmas,2020,TV Movie|Romance,7.141,46,0.3641,en
732498,LUZ,2020,Drama|Crime|Romance,5.778,18,0.4374,en
660037,Mayday,2020,Comedy|Romance,5.045,33,0.3627,pl
616461,Simon's Got a Gift,2020,Fantasy|Romance|Family,6.572,97,0.6529,fr
613013,Ok  It's Fine,2020,Comedy,8.1,54,0.2021,es
596332,Blade: The Iron Cross,2020,Horror|War,4.3,43,0.4551,en
663892,Baby Monitor Murders,2020,Mystery|Drama|Crime|TV Movie,5.4,10,0.444,en
668343,Alien Outbreak,2020,Science Fiction|Horror,4.0,25,0.4443,en
712123,Teddy,2020,Comedy|Drama|Horror,5.996,132,0.4769,fr
727790,Battle Scars,2020,War,5.8,22,0.2468,en
670336,Drown,2020,Drama|Mystery,6.7,16,0.3704,fa
728939,Divine,2020,Comedy|Romance,5.8,47,0.4048,en
727024,Romantic Guide to Lost Places,2020,Drama,5.7,40,0.5174,it
730029,Chasing the One,2020,TV Movie|Comedy|Romance,5.6,17,0.3579,en
765096,Les Mystères de la chorale,2020,Crime|TV Movie,6.5,10,0.3686,fr
518593,Horse Julius and Big Horse Racing,2020,Animation|Adventure,5.25,18,0.2868,ru
660867,Forky Asks a Question: What Is Cheese?,2020,Animation|Family|Comedy,6.3,77,0.3763,en
582905,Heroes Don't Die,2020,Drama,5.8,25,0.4067,fr
621705,1982,2020,Drama|History|War,6.6,23,0.3361,ar
516674,Tijuana Jackson: Purpose Over Prison,2020,Comedy,6.7,11,0.4606,en
709061,I Was Lorena Bobbitt,2020,Drama|TV Movie,4.8,12,0.3552,en
649368,Road to Roma,2020,Documentary,7.7,29,0.3703,es
777116,Home Office: Un especial de Mirreyes contra Godínez,2020,Comedy,7.7,23,0.3423,es
508687,Undertow,2020,Drama|Thriller,4.2,11,0.342,en
738231,The ABCs of Love,2020,Comedy,6.292,178,0.3335,fr
778980,Belle belle belle,2020,TV Movie|Comedy,4.7,12,0.2357,fr
770428,We Still Say Grace,2020,Thriller|Horror,5.6,49,0.3837,en
727002,Preparations to Be Together for an Unknown Period of Time,2020,Drama,5.913,52,0.3989,hu
663388,Psycho Party Planner,2020,Thriller|TV Movie,5.3,13,0.492,en
748462,Fear,2020,Drama|Romance,7.2,14,0.4138,bg
602562,Mujeres arriba,2020,Comedy|Romance,7.5,78,0.39,es
713854,Kappela,2020,Romance|Mystery,6.2,22,0.4706,ml
584355,Working Girls,2020,Drama,5.4,67,0.4514,fr
548170,Guest of Honour,2020,Drama,5.4,24,0.3146,en
641548,Roh,2020,Horror|Drama|Mystery,5.476,21,0.3412,ms
648619,Say It Loud,2020,Comedy,6.0,110,0.27,it
769098,Dirty Fears,2020,Horror,6.0,22,0.4168,en
761156,Beck 39 - Undercover,2020,Crime|Drama|Thriller|Mystery,5.2,14,0.397,sv
656527,Veins of the World,2020,Drama|Family,7.1,19,0.3465,mn
767066,The Jinkx & DeLa Holiday Special,2020,Music|Comedy,5.2,12,0.4896,en
613614,Citizens Of The World,2020,Comedy|Drama,6.7,82,0.3494,it
653727,The Fight,2020,Documentary,5.2,16,0.372,en
674450,The Lawyer,2020,Drama|Romance,4.346,13,0.3948,lt
746466,The Angel Tree,2020,Mystery|TV Movie|Romance,6.5,32,0.2695,en
657521,I Am Patrick: The Patron Saint of Ireland,2020,Documentary|Drama|History,7.4,13,0.5332,en
679898,La maldición del guapo,2020,Comedy,5.1,11,0.3526,es
715758,Another Mother,2020,Crime|Thriller|TV Movie,5.4,15,1.375,en
777306,Ma Rainey's Black Bottom: A Legacy Brought to Screen,2020,Documentary,6.176,17,0.4837,en
585013,#Shakespeare's Shitstorm,2020,Comedy|Horror,5.7,11,0.2932,en
615911,Ponmagal Vandhal,2020,Thriller|Drama,6.3,30,0.3159,ta
653729,Time,2020,Documentary,6.76,123,0.3937,en
583143,Lingua Franca,2020,Drama,6.1,23,0.3655,en
746467,USS Christmas,2020,TV Movie|Mystery,6.793,46,0.3373,en
550678,I Am Fear,2020,Horror|Thriller,4.3,14,0.318,en
660004,Home Front,2020,Drama|History,5.762,65,0.4652,fr
661336,Love in Store,2020,Romance|TV Movie|Drama,6.6,38,0.3211,en
663124,Glass Houses,2020,Thriller|TV Movie,5.114,22,0.596,en
627051,White Riot,2020,Documentary|Music,6.258,31,0.3499,en
650728,Wishlist,2020,Drama,7.0,31,0.3455,es
712331,Engel,2020,Family,4.8,15,0.3842,nl
695678,Tempted by Danger,2020,Drama|Thriller|TV Movie,6.8,10,0.3412,en
679694,Smack Dab Kakha,2020,Comedy,4.2,23,0.3094,ru
649137,Billie,2020,Documentary|Music,6.8,23,0.3955,en
611634,Blood on Her Name,2020,Crime|Drama|Thriller,5.6,69,0.3563,en
686132,Allied Forces: Making 1917,2020,Documentary,6.5,21,0.4182,en
746463,A Little Christmas Charm,2020,Romance|TV Movie,6.917,48,0.4841,en
537736,Let's Scare Julie,2020,Horror|Mystery|Thriller,4.2,34,0.4451,en
704854,Lost on Everest,2020,Documentary|Mystery,7.6,55,0.4092,en
671041,The Fantastic Journey of Margot & Marguerite,2020,Comedy,6.2,64,0.5563,fr
653742,Acasă  My Home,2020,Documentary,6.733,15,0.3267,ro
512677,Muscle,2020,Thriller,5.6,16,0.3117,en
716145,The Eastern Front,2020,War,6.6,68,0.4231,en
748897,A Royal Christmas Engagement,2020,Family|Romance|TV Movie,5.6,23,0.3221,en
756747,A Creepshow Animated Special,2020,Animation|Horror,6.125,32,0.5081,en
638707,Leslie Jones: Time Machine,2020,Comedy,6.0,26,0.3878,en
784607,The Fisherman's Diary,2020,Drama,7.5,22,0.3364,en
739943,I Love You Coiffure,2020,Comedy|TV Movie,3.8,24,0.301,fr
760982,The End of the Storm,2020,Documentary,7.3,20,0.4524,en
605808,Jesus Shows You the Way to the Highway,2020,Science Fiction|Comedy|Action,5.3,32,0.33,en
753272,Rooting for Roona,2020,Documentary,7.1,22,0.2837,bn
671892,Guardians of Life,2020,Drama,5.455,11,0.3737,en
735482,Law of Attraction,2020,Romance,6.375,12,0.2485,en
756727,Heart of the Holidays,2020,TV Movie|Romance,6.4,24,0.5861,en
680438,After Truth: Disinformation and the Cost of Fake News,2020,Documentary,6.6,47,0.415,en
664594,Kill It and Leave This Town,2020,Animation|Fantasy|Drama|Thriller|Horror,6.359,32,0.3179,pl
597652,All Must Die,2020,Horror,3.7,16,0.3526,no
635366,Window to the Sea,2020,Drama,6.4,12,0.2746,es
737795,Cranberry Christmas,2020,Romance|TV Movie|Comedy|Drama,6.7,33,0.2892,en
621723,Entwined,2020,Drama|Fantasy|Thriller,4.545,11,0.2892,el
693551,Green Rush,2020,Thriller|Action|Drama,4.9,13,0.3977,en
702738,Cryptopia: Bitcoin  Blockchains & the Future of the Internet,2020,Documentary,6.845,29,0.4132,en
567360,Marionette,2020,Drama,7.2,22,0.2924,es
667953,First Lady,2020,Drama|Romance,6.4,13,0.3666,en
721138,Invincible,2020,Action|Science Fiction,5.2,15,0.4827,en
748901,The Christmas Sitters,2020,Comedy|Romance|TV Movie,6.0,16,0.3967,en
755033,Life After The Navigator,2020,Documentary,7.9,10,0.3881,en
767350,My Sweet Holiday,2020,Romance|TV Movie,5.8,31,0.2558,en
67326,InterReflections,2020,Fantasy|Science Fiction|Documentary,6.2,15,0.4447,en
610908,Limbo,2020,Drama|Thriller|Crime,5.1,14,0.2071,de
587660,The Potato Venture,2020,Comedy,5.7,15,0.327,fi
744950,Inn Love by Christmas,2020,Romance|TV Movie,5.9,21,0.2224,en
673168,Don't Speak,2020,Horror,4.7,31,0.2848,en
741802,Charlie Chaplin  The Genius of Liberty,2020,Documentary,8.0,12,0.5562,fr
735740,Milk Teeth,2020,Fantasy|Horror,6.6,10,0.2607,en
881274,The Girl in the Yellow Jumper,2020,Crime|Thriller,5.426,27,0.365,sw
737777,Deliver by Christmas,2020,Romance|TV Movie,6.5,35,0.5125,en
665754,The Big Slime Movie,2020,Family|Adventure,7.0,15,0.3728,nl
733352,Maniyarayile Ashokan,2020,Comedy|Drama,3.3,12,0.3406,ml
654896,Nour,2020,Drama,6.028,18,0.3915,it
736835,Eso que tú me das,2020,Documentary,7.8,17,0.1852,es
689479,Scare Me,2020,Horror|Comedy|Fantasy,3.455,11,0.2916,en
744948,Christmas Ever After,2020,Romance|TV Movie,6.5,18,0.334,en
655713,Klovn the Final,2020,Comedy,5.5,22,0.3529,da
683199,Love Like the Falling Rain,2020,Drama|Romance,6.0,18,0.3448,id
613367,Papi Sitter,2020,Comedy,5.924,118,0.3432,fr
633799,The Real Ass Boys VS The Zombies,2020,Comedy,5.5,12,0.4521,ru
760546,The Bike Thief,2020,Drama,4.833,12,0.374,en
582890,Tijuana Bible,2020,Drama,5.2,12,0.3574,en
728590,Horror Shark,2020,Horror,4.818,11,0.3257,zh
593298,The League of Five,2020,Animation|Action|Comedy,7.5,47,0.3486,es
781425,Best of Stand-up 2020,2020,Comedy|Documentary|TV Movie,6.021,24,0.3605,en
725649,Dogwashers,2020,Comedy|Drama|Crime,6.567,52,0.4034,es
671047,Les Blagues de Toto,2020,Comedy,4.9,62,0.275,fr
675598,A Life of Speed: The Juan Manuel Fangio Story,2020,Documentary,7.169,62,0.4883,es
651838,An Irrepressible Woman,2020,Drama|History,5.3,25,0.3214,fr
723851,Sandy & Junior: Nossa História,2020,Music|Documentary,9.5,10,0.3517,pt
678314,Andrés Iniesta: The Unexpected Hero,2020,Documentary,7.6,95,0.3863,es
696160,Full Out 2: You Got This!,2020,Family|TV Movie,6.5,70,0.384,en
582877,Our Lady of the Nile,2020,Drama,5.8,26,0.2709,fr
515919,Macho Man,2020,Comedy,7.0,30,0.4075,pt
755249,Who Is Killing the Cheerleaders?,2020,Thriller|TV Movie|Crime|Horror|Drama,6.2,22,0.2627,en
666180,Rocket Hunter,2020,War|Action,5.113,97,0.3596,en
610359,On Halloween,2020,Horror|Thriller,6.3,55,0.4133,en
744933,A Very Charming Christmas Town,2020,TV Movie|Romance,5.7,22,0.4092,en
777797,Titanic: Into the Heart of the Wreck,2020,Documentary,7.3,13,0.3812,fr
668393,Naan Sirithal,2020,Comedy|Drama,5.7,10,0.4321,ta
728145,Yellow Cat,2020,Drama|Comedy,6.0,24,0.3855,kk
653583,Summer White,2020,Drama,6.3,13,0.3112,es
738567,Suraj Pe Mangal Bhari,2020,Comedy|Drama,6.6,13,0.3016,hi
679891,A Normal World,2020,Drama,5.9,21,0.3561,es
650076,White Snow,2020,Drama|History,6.4,12,0.3637,ru
703155,El encanto,2020,Drama,6.2,59,0.3045,es
664348,You Know Him,2020,Drama|Comedy,6.2,22,0.2489,tr
680587,Fully Realized Humans,2020,Comedy|Drama,5.3,10,0.392,en
746180,TKG: The Kids of Grove,2020,Crime|Thriller,6.3,18,0.3023,en
734438,Family Feud,2020,Comedy,4.802,53,0.3371,fr
677176,Broken Law,2020,Drama,5.0,13,0.3839,en
749051,Embryo,2020,Horror|Science Fiction,5.8,84,0.2782,es
637961,Videophobia,2020,Horror|Drama|Thriller,6.3,11,0.3751,ja
770922,Canvas,2020,Animation|Family|Drama,6.388,179,0.317,en
611751,Miss,2020,Comedy|Drama,7.2,159,0.3985,fr
717676,Tulsa,2020,Comedy|Drama,6.4,22,0.332,en
746459,Meet Me at Christmas,2020,Romance|TV Movie,5.9,18,0.3401,en
605255,My Name Is Francesco Totti,2020,Documentary,7.441,213,0.2893,it
643791,An English Haunting,2020,Horror,4.891,23,0.3239,en
667682,Follow Your Heart,2020,Romance|TV Movie,6.87,23,0.3161,en
790227,Ghost Light,2020,Thriller|Horror,5.6,17,0.4087,en
605437,Bloody Nose  Empty Pockets,2020,Documentary|Drama,6.7,29,0.2671,en
530973,Spelling the Dream,2020,Documentary,7.0,12,0.2856,en
763053,Brides of Satan,2020,Horror,3.8,10,0.2773,en
768702,Love,2020,Comedy|Romance,6.0,43,0.4205,ru
729779,The Way I See It,2020,Documentary,7.8,32,0.3426,en
720271,Georama Boy Panorama Girl,2020,Drama,7.4,10,0.4316,ja
812670,Nocturna - The Great Old Man's Night,2020,Drama|Thriller|Horror,6.731,13,0.2293,es
749552,The Pom Pom Murders,2020,Thriller|TV Movie,5.5,20,0.753,en
747016,The Silence of The Rain,2020,Crime,6.4,16,0.2518,pt
654170,The Painter and the Thief,2020,Documentary,7.326,66,0.2242,no
663576,Kat and the Band,2020,Comedy|Music,5.3,10,0.2701,en
655371,The Best Summer of Our Lives,2020,Comedy,7.3,16,0.3246,pt
467026,Strain 100,2020,Horror|Action|Adventure,4.2,14,0.2689,en
728143,Listen,2020,Drama,7.1,36,0.4814,en
692840,Moral Order,2020,Drama,5.5,13,0.3919,pt
460093,Frank and Ava,2020,Drama|History,4.9,15,0.3205,en
792149,Dead Again,2020,Comedy|Horror|Science Fiction,4.7,14,0.3441,en
748407,Murder Bury Win,2020,Thriller|Comedy|Drama|Crime|Horror,6.4,15,0.2496,en
766238,Alabama Snake,2020,Documentary|Crime,6.2,28,0.3265,en
637620,The Devil to Pay,2020,Drama|Thriller,6.4,22,0.1821,en
730501,The Unseen River,2020,Drama,6.3,15,0.2364,vi
687149,Toxic,2020,Thriller|Science Fiction,6.33,44,0.2739,es
669918,Swingers,2020,Comedy,3.7,15,0.4917,pl
738375,Ghabe,2020,Drama|Romance,5.2,12,0.328,sv
750520,Não Vamos Pagar Nada,2020,Comedy,5.6,33,0.3315,pt
673748,Trash: La Leggenda Della Piramide Magica,2020,Adventure|Animation|Comedy|Family,6.3,31,0.2491,it
739246,GIMS: On the Record,2020,Documentary|Music,7.3,33,0.2411,fr
711705,They Reach,2020,Adventure|Horror,6.81,87,0.3342,en
659983,Appearances,2020,Thriller|Drama|Crime,5.8,129,0.2988,fr
662977,Run Uje Run,2020,Drama|Comedy,6.167,18,0.2982,sv
622971,Three Summers,2020,Drama|Comedy,6.4,41,0.387,pt
728128,Paolo Conte  Come Away with Me,2020,Documentary,7.2,13,0.3241,it
757977,Alien Invasion,2020,Science Fiction|Horror,6.22,41,0.2848,zh
584249,Servants,2020,Drama,5.4,21,0.2415,sk
631578,My Father Marianne,2020,Drama|Comedy,6.196,28,0.3363,sv
659707,Tale of the Sleeping Giants,2020,Documentary,7.5,10,0.4489,fi
714842,8:46,2020,Comedy,7.352,81,0.2932,en
664425,Alone,2020,Thriller,4.0,24,0.2461,en
764316,Dashing in December,2020,Drama|TV Movie,6.313,32,0.3391,en
745514,Weasel,2020,Thriller|Drama,5.6,12,0.3539,tr
708618,Si muore solo da vivi,2020,Comedy,5.7,70,0.2375,it
683124,On the Edge of Their Seats,2020,Drama|Comedy,7.5,15,0.3756,ja
674349,Vendors' Meeting,2020,Comedy,4.968,47,0.3096,tr
582923,The Girl with a Bracelet,2020,Drama|Crime,6.478,231,0.3054,fr
741770,My Fat Arse and I,2020,Animation,6.7,26,0.2503,pl
682942,Merkel: Anatomy of a Crisis,2020,History,6.1,13,0.3667,de
709681,Chaman Bahaar,2020,Drama,5.4,28,0.3121,hi
674528,Sacrilege,2020,Horror,5.5,42,0.2821,en
719747,J'irai mourir dans les Carpates,2020,Comedy|Thriller,6.4,70,0.3226,fr
747827,Max and Me,2020,Romance|Drama,5.935,23,0.2952,en
665403,Red Moon Tide,2020,Drama|Fantasy|Horror,6.2,24,0.2432,gl
618245,Atlantis,2020,War|Drama|Science Fiction,6.6,55,0.2034,uk
729648,The Dalton Gang,2020,Western,4.4,59,0.3159,en
682825,Abominable,2020,Horror,3.8,25,0.3156,en
726779,Idiot Prayer: Nick Cave Alone at Alexandra Palace,2020,Music,8.1,10,0.3075,en
776979,Cops and Robbers,2020,Animation,6.653,62,0.3263,en
640923,Kidz,2020,Comedy,5.9,389,0.2793,it
657043,The Christmas High Note,2020,TV Movie|Romance,4.3,10,0.2946,en
619926,Her Name Was Christa,2020,Romance|Drama|Horror,5.4,11,0.3408,en
618208,This Is Not a Burial  It's a Resurrection,2020,Drama,7.453,44,0.3288,st
753450,Chelsea Handler: Evolution,2020,Comedy,5.714,14,0.3401,en
650336,Havel,2020,Drama,5.2,20,0.2747,cs
642696,The Case of the Dead Deadman,2020,Comedy|Crime,3.9,12,0.3126,cs
701684,Taylor Swift City of Lover Concert,2020,Music,8.25,52,0.2732,en
586265,The Devil's Mark,2020,Horror,4.469,192,0.4054,es
682592,Big Brother: A World Under Surveillance,2020,Documentary,7.9,14,0.3462,fr
676844,The Day of the Lord,2020,Drama|Horror|Thriller,6.181,47,0.249,es
612074,Learning to Skateboard in a Warzone (If You're a Girl),2020,Documentary,7.3,43,0.2996,fa
728116,The Disciple,2020,Drama|Music,6.688,56,0.4275,mr
678798,Door Ke Darshan,2020,Comedy|Drama,5.091,11,0.3378,hi
655459,Jai Mummy Di,2020,Comedy|Romance,4.9,20,0.4156,hi
730420,Nasha Natasha,2020,Documentary|Music,6.588,17,0.3251,es
645693,It Snows in Benidorm,2020,Comedy|Drama,5.6,33,0.4452,es
627616,Pretending I'm a Superman: The Tony Hawk Video Game Story,2020,Documentary,6.425,20,0.2273,en
746480,Project Christmas Wish,2020,TV Movie|Romance|Family,6.5,45,0.5142,en
681690,Eastern,2020,Drama|Thriller,3.9,16,0.518,pl
679208,One Man and His Shoes,2020,Documentary,5.7,14,0.3316,en
596864,Abou Leila,2020,Drama|Thriller,5.8,13,0.327,ar
687933,Fat Fiction,2020,Documentary,6.5,19,0.2959,en
711340,Uncle Tom,2020,Documentary|Comedy,7.7,33,0.3293,en
650080,La suite nupcial,2020,Comedy|Romance,3.8,18,0.3787,es
760533,The Christmas Star,2020,Family|Fantasy,5.3,18,0.2659,cs
653258,Bed Number 6,2020,Horror,5.2,27,0.2852,it
805350,The Inheritance,2020,Horror|Mystery|Thriller,3.5,14,0.23,en
614971,If Only,2020,Drama|Comedy,6.3,54,0.3705,it
663706,Cupid,2020,Horror,3.583,24,0.2566,en
746041,A Nashville Christmas Carol,2020,TV Movie|Romance,6.7,37,0.268,en
689397,Laura Hasn't Slept,2020,Horror|Mystery,6.55,40,0.3452,en
613710,One Day We'll Talk About Today,2020,Drama,7.4,25,0.2634,id
766076,From the Depths,2020,Drama|Horror,5.8,36,0.2746,en
664572,Los Conductos,2020,Drama,6.1,18,0.2126,es
726041,City Hall,2020,Documentary,6.5,16,0.3596,en
749015,Claire Andrieux,2020,Drama|Comedy|TV Movie,6.3,18,0.3269,fr
684308,Once Upon a Time in Ukraine,2020,Adventure|Comedy|Action,6.357,21,0.3486,uk
731971,Muse: Simulation Theory,2020,Music,7.8,70,0.3948,en
728148,Genus Pan,2020,Drama,5.6,10,0.2618,tl
725146,Death Ranch,2020,Horror|Thriller,5.4,14,0.3427,en
707774,As Long As I'm Famous,2020,Drama|History|Romance,5.8,10,0.2336,en
661932,Honey Cigar,2020,Drama,5.694,36,0.408,fr
744927,A Crafty Christmas Romance,2020,Romance|TV Movie,6.3,25,0.2756,en
664394,Goldman v Silverman,2020,Drama|Comedy,6.213,75,0.2883,en
679247,Halal Love Story,2020,Comedy,5.9,13,0.2682,ml
661655,U-Turn,2020,Mystery|Thriller|Horror,5.5,10,0.2554,tl
653731,A Thousand Cuts,2020,Documentary,6.8,10,0.2589,en
705015,Inspector Ike,2020,Comedy,6.5,11,0.2586,en
665762,Little Crumb Race to the Gold Mine,2020,Family,4.7,10,0.1959,nl
570736,The Day After I'm Gone,2020,Drama,6.6,19,0.2127,he
777644,Fais pas ci  fais pas ça : Y aura-t-il Noël à Noël ?,2020,Comedy,6.0,20,0.2589,fr
713059,The Loop,2020,Drama|Crime|Thriller,3.9,34,0.2587,pl
766406,15 Killings,2020,Crime|Drama|Thriller,4.6,19,0.2196,en
769223,A Sogra Perfeita,2020,Comedy,6.6,17,0.274,pt
667944,DAU. Degeneration,2020,Drama|Horror|Thriller,5.4,20,0.312,ru
711975,Don't Click,2020,Horror,3.6,11,0.358,en
557526,The Dark Red,2020,Horror|Mystery,5.9,38,0.2217,en
687972,Space,2020,Science Fiction|Horror|Action,5.8,10,0.4115,en
487674,Selfie Dad,2020,Family|Comedy,6.6,12,0.2714,en
751562,Super Monsters: Dia de los Monsters,2020,Animation|Family,7.52,25,0.3373,en
729090,Lowdown Dirty Criminals,2020,Comedy|Crime,4.7,14,0.3216,en
775821,The Netflix Afterparty: The Best Shows of the Worst Year,2020,Documentary,6.1,10,0.3138,en
690565,Colour Photo,2020,Drama|Romance,7.364,22,0.4416,te
642124,Adventures Italian Style,2020,Comedy|Drama,6.5,65,0.267,it
728045,La Condesa,2020,Horror|Thriller,6.4,64,0.2616,es
736604,The Boy from Medellín,2020,Music|Documentary,5.8,89,0.267,en
680398,Transference: Escape the Dark,2020,Science Fiction|Thriller,4.636,11,0.3371,en
782116,Thor: End of Days,2020,Adventure|Action|Fantasy,3.6,11,0.2786,en
583020,Lost Boys,2020,Documentary,6.161,28,0.3177,fi
745887,Os Quatro Paralamas,2020,Documentary,7.1,12,0.2347,pt
658113,Aswathama,2020,Action|Crime|Thriller,6.3,14,0.2499,te
666363,Permette? Alberto Sordi,2020,Comedy|Drama|TV Movie,6.0,49,0.2524,it
373858,1 Interrogation,2020,Crime|Drama,4.8,14,0.2526,en
682071,To the Beat! Back 2 School,2020,Comedy|Family,4.6,17,0.3493,en
718501,aTypical Wednesday,2020,Comedy,6.0,11,0.3414,en
686335,A Predator's Obsession,2020,Thriller|TV Movie,5.8,16,0.3283,en
757771,Christmas with a Crown,2020,TV Movie|Romance|Drama,5.6,25,0.3904,en
754983,Voices,2020,Horror|Drama|Thriller,5.7,24,0.2502,en
637236,Droneman,2020,Drama,5.182,11,0.3461,cs
613362,Mine de rien,2020,Comedy,5.7,65,0.2355,fr
574094,The Salt of Tears,2020,Drama,5.5,39,0.2884,fr
752928,Il était une fois à Monaco,2020,Romance|TV Movie,6.6,39,0.3503,fr
796649,Namaste Wahala,2020,Romance|Comedy|Music,6.9,31,0.3191,en
586351,The Wolves,2020,Drama|Family,7.297,64,0.3927,es
727001,The Stonebreaker,2020,Drama,6.2,25,0.2874,it
718108,Birthmother's Betrayal,2020,Thriller|TV Movie,5.1,20,0.3421,en
625046,A Dark  Dark Man,2020,Drama,6.5,21,0.1978,kk
777117,I Am Burt Reynolds,2020,Documentary,7.1,11,0.2792,en
687404,Revenge for Daddy,2020,Thriller|TV Movie,4.6,11,0.2819,en
669525,Night on Earth: Shot in the Dark,2020,Documentary,6.2,14,0.2818,en
737666,Through the Glass Darkly,2020,Thriller|Mystery,5.1,31,0.2117,en
725495,Day 13,2020,Horror|Thriller,4.3,19,0.363,en
669329,StoryJester,2020,Comedy,4.5,43,0.2812,pt
683020,9 Days Awake,2020,Drama,6.0,16,0.2421,de
680615,Cemetery of Lost Souls,2020,Fantasy|Horror,7.056,18,0.2331,pt
768566,The Day I Lost Myself,2020,Drama|Thriller,7.5,16,0.298,es
697050,Al Pacino: The Reluctant Star,2020,Documentary,6.4,13,0.2059,de
727030,Uma Maheswara Ugra Roopasya,2020,Comedy|Drama,7.1,15,0.2352,te
770508,Beneath a Sea of Lights,2020,Crime|Drama,5.938,16,0.2505,en
458793,Uppity: The Willy T. Ribbs Story,2020,Documentary,7.0,12,0.2428,en
744936,Christmas on Wheels,2020,TV Movie|Romance,6.4,11,0.223,en
539529,Notturno,2020,Documentary,6.7,51,0.238,ar
654742,Antarctica,2020,Comedy|Drama|Fantasy,5.4,12,0.296,en
790231,Simmer,2020,Thriller|Crime|Drama,4.5,11,0.2699,en
854765,Witches of Blackwood,2020,Thriller|Horror,6.4,52,0.2583,en
725082,Rob Schneider: Asian Momma  Mexican Kids,2020,Comedy,6.1,19,0.2269,en
598354,Feedback,2020,Comedy,5.9,35,0.3914,ru
781188,Yearly Departed,2020,Comedy,4.3,22,0.3447,en
709519,Bleed with Me,2020,Horror|Thriller,3.9,15,0.3486,en
769110,Natale in casa Cupiello,2020,Drama|Comedy|TV Movie,6.7,59,0.3788,it
673760,Il caso Pantani - L'omicidio di un campione,2020,Drama,6.1,25,0.2935,it
676838,Grandma's Last Wishes,2020,Comedy,7.3,52,0.3825,es
728928,76 Days,2020,Documentary,7.197,38,0.2573,en
652049,Chintu Ka Birthday,2020,Drama,6.913,23,0.3037,hi
689540,Fellini of the Spirits,2020,Documentary|Animation,6.6,19,0.3076,it
725311,Pareeksha,2020,Drama,5.767,15,0.2566,hi
689319,For the Weekend,2020,Comedy|Thriller,4.3,12,0.2291,en
698369,Helmut Newton: The Bad and the Beautiful,2020,Documentary,6.2,15,0.4039,de
599876,Caught in the Net,2020,Documentary,7.902,51,0.2681,cs
560842,Achoura,2020,Fantasy|Horror|Thriller,5.4,26,0.3221,fr
664472,Battle of Little Bighorn,2020,Documentary|History,7.8,10,0.2395,en
737794,The Christmas Bow,2020,Romance|TV Movie,6.923,26,0.2737,en
618510,Cenote,2020,Documentary,5.2,12,0.2108,ja
768080,Un nuevo comienzo,2020,Drama,6.1,21,0.2225,es
726342,A Killer Next Door,2020,Thriller,3.4,17,0.2598,en
653481,Alkohol,2020,Documentary,7.2,14,0.3448,de
582878,Workforce,2020,Drama,7.125,48,0.2367,es
662989,Savage Creatures,2020,Horror,5.6,37,0.3361,en
728133,Milestone,2020,Drama,5.975,20,0.1948,hi
544075,Halloween Party,2020,Horror,5.858,95,0.1986,en
985101,The Raft,2020,Adventure|Drama,6.9,38,0.1926,he
662716,Infernal Guidon  or Cossack Christmas,2020,Adventure|Fantasy|Comedy|Family,6.2,16,0.332,uk
609025,Nova Lituania,2020,Drama,7.0,21,0.2993,lt
673009,In Your Shoes,2020,Comedy|TV Movie,5.9,17,0.1736,it
1019018,Heck,2020,Horror,6.8,13,0.1625,en
739815,Finding Jesus,2020,Animation|Family,2.0,21,0.2196,en
714945,Gather,2020,Documentary,6.7,10,0.2851,en
612537,From Bedrooms to Billions: The PlayStation Revolution,2020,Documentary,6.8,20,0.2038,en
656353,John Was Trying to Contact Aliens,2020,Documentary,6.1,57,0.2149,en
752812,Under My Skin,2020,Drama|Romance,5.1,10,0.2268,en
706720,True North,2020,Drama|Animation,7.6,15,0.2266,en
574963,This World Won't Break,2020,Drama|Music,6.2,15,0.3111,en
731949,Kilometers and Kilometers,2020,Adventure|Drama,6.0,21,0.3611,ml
733491,They Live Inside Us,2020,Horror,5.6,41,0.3193,en
923995,Infrared Dreams,2020,Science Fiction|Thriller|Horror,6.2,16,0.2178,en
441316,Gold Dust,2020,Comedy|Adventure,5.5,35,0.2799,en
653575,Spaceship Earth,2020,Documentary,6.1,56,0.3065,en
465820,A Night in the Fields,2020,Drama,4.5,10,0.2789,fr
642380,Grap3s,2020,Comedy,3.679,14,0.2169,cs
672567,The Will,2020,Romance|Drama,5.5,17,0.4577,en
728868,MLK/FBI,2020,Documentary,6.857,21,0.3172,en
748440,A Go! Go! Cory Carson Halloween,2020,Animation|Family|TV Movie,6.808,26,0.2974,en
717371,The Tent,2020,Drama|Thriller,5.2,20,0.198,en
750121,Witches of Amityville,2020,Horror,4.8,27,0.24,en
729775,World of Tomorrow Episode Three: The Absent Destinations of David Prime,2020,Animation|Science Fiction|Drama,8.333,30,0.2823,en
783901,The Nanny Murders,2020,TV Movie|Thriller|Crime,5.5,11,0.3213,en
770242,As Far As I Know,2020,Drama,5.8,10,0.2431,hu
687340,Abigail Haunting,2020,Horror,6.542,48,0.2624,en
545642,Brotherhood,2020,Drama|Family,6.6,25,0.159,ar
774758,The Invisible Girl,2020,Family|Romance|Comedy,6.491,55,0.2257,pt
660297,Ilana Glazer: The Planet Is Burning,2020,Comedy,4.4,20,0.2878,en
764203,From Our Family to Yours,2020,Animation|Drama,6.9,11,0.3563,en
724425,Candy Cane Christmas,2020,TV Movie|Romance,5.5,26,0.1895,en
663329,Louis Theroux: Selling Sex,2020,Documentary|TV Movie,6.105,19,0.2673,en
662286,One-way to Moscow,2020,Comedy,6.5,20,0.2604,de
582925,Song Without a Name,2020,Drama,6.476,42,0.2066,es
645417,Live or Let Die,2020,Horror,3.909,11,0.1823,de
773709,A Recipe for Seduction,2020,Romance|Drama|TV Movie,4.1,11,0.2437,en
733837,The Stalker,2020,Horror|Mystery|Thriller,7.0,17,0.2358,en
664392,Heroes,2020,Documentary,7.1,10,0.2898,en
746062,Love  Lights  Hanukkah!,2020,TV Movie|Drama,6.8,25,0.3003,en
694026,Within These Walls,2020,Thriller|TV Movie,5.2,20,0.3155,en
772796,The Untold Story of the Vatican,2020,Documentary|History,7.3,11,0.233,fr
778596,Mandao Returns,2020,Horror|Science Fiction|Comedy|Fantasy|Adventure,6.5,17,0.2757,en
691694,Starman,2020,Documentary,7.2,10,0.2172,it
752730,Looking for Melania Trump,2020,Documentary,5.4,10,0.3257,fr
646542,Coven,2020,Horror,4.94,25,0.2671,en
743444,Manchester United: For the Glory,2020,Documentary,6.8,12,0.1771,en
758803,OPAL,2020,Animation|Horror|Music,8.3,52,0.2149,en
655720,The Year of the Discovery,2020,Documentary,6.8,20,0.2694,es
746939,Greatland,2020,Science Fiction|Fantasy,5.2,10,0.4155,en
701062,Sí  Mi Amor,2020,Comedy|Family|Romance,6.8,42,0.1945,es
679895,A Stormy Night,2020,Drama,6.182,11,0.2104,en
644444,Valentina,2020,Drama,6.396,24,0.2486,pt
768107,Rita Levi-Montalcini,2020,History|TV Movie,6.5,28,0.1732,it
618224,A Son,2020,Drama,7.1,43,0.2011,ar
730892,Patch CV: Controlling Voltage,2020,Documentary|Music,6.5,14,0.1714,en
731595,Twisting the Aces,2020,Romance|Comedy|Fantasy,7.5,13,0.1695,es
739465,Por Que Você Não Chora?,2020,Drama,5.8,13,0.2506,pt
602986,The Tango of the Widower and Its Distorting Mirror,2020,Drama|Fantasy|Horror,6.818,11,0.274,es
843725,A Soldier's Story 2: Return from the Dead,2020,Action,7.2,16,0.2116,en
656276,One in a Thousand,2020,Drama|Romance,5.987,38,0.2462,es
746048,Christmas She Wrote,2020,TV Movie|Romance,6.1,34,0.1673,en
719188,La Folle Aventure de Louis de Funès,2020,Documentary,7.091,11,0.2211,fr
586239,Ashens and the Polybius Heist,2020,Comedy|Adventure,6.0,10,0.218,en
699060,For the Love of Jessee,2020,Drama,7.4,41,0.2682,en
726897,The Flood,2020,Drama|Thriller|History,4.4,11,0.2981,en
766008,The Unburied,2020,Horror|Fantasy,5.5,10,0.1578,es
684476,Honeymood,2020,Comedy|Romance|Drama,7.8,12,0.1925,he
661095,Loco por vos,2020,Comedy|Romance,7.1,16,0.2385,es
747681,Madly in Life,2020,Drama|Comedy,7.1,55,0.3315,fr
744174,What the Constitution Means to Me,2020,Drama|Comedy|History,7.52,25,0.21,en
747615,Jackie & Oopjen,2020,Comedy|Fantasy|Family,6.1,10,0.2214,nl
706345,Jo Koy: In His Elements,2020,Comedy,5.7,17,0.2404,en
347291,The Seduction School,2020,Comedy|Romance,6.9,36,0.3448,es
765079,Ökozid,2020,Drama|Thriller|Science Fiction,5.5,11,0.2668,de
618206,The End of Love,2020,Drama|Romance,5.5,11,0.2272,fr
745527,Beber de tu sangre,2020,Horror,3.269,13,0.2154,es
710493,Two Little Boys,2020,Drama|Horror,5.364,12,0.31,en
727281,Nowhere,2020,Drama,4.75,10,0.2924,en
610069,Killer Weekend,2020,Thriller,4.7,10,0.2914,en
762426,Sörensen's Fear,2020,Crime|Comedy|TV Movie,6.5,65,0.3302,de
774581,Nel bagno delle donne,2020,Comedy,5.8,16,0.2562,it
624625,Poppie Nongena,2020,Drama,8.0,11,0.2056,af
690596,Murder to Mercy: The Cyntoia Brown Story,2020,Documentary,6.9,108,0.2776,en
675595,Marc Maron: End Times Fun,2020,Comedy,6.886,44,0.1647,en
721927,Wrath of Souls,2020,Horror|Mystery|Thriller,5.2,15,0.2113,en
597093,Ghost Tropic,2020,Drama,7.088,16,0.2803,fr
748896,Dashing Home for Christmas,2020,TV Movie|Romance,7.4,17,0.1591,en
654911,Jasper Mall,2020,Documentary,7.286,21,0.1742,en
645519,PandaMonium,2020,Horror|Comedy,3.8,10,0.2198,en
746080,BoxBallet,2020,Animation|Romance,5.8,27,0.2117,ru
746274,Umbrella,2020,Animation|Drama,6.4,26,0.2066,en
596876,The Unknown Saint,2020,Comedy|Drama,6.484,32,0.2406,ar
688131,Carrion,2020,Horror,2.7,11,0.1783,en
695350,Playdurizm,2020,Horror|Fantasy,5.8,10,0.1872,en
589877,The Good Things Devils Do,2020,Horror,4.4,13,0.2533,en
657247,Baba Parası,2020,Comedy,4.636,33,0.2258,tr
766534,A Go! Go! Cory Carson Christmas,2020,Animation|Family,6.636,22,0.1786,en
720769,Un soupçon d'amour,2020,Drama,5.8,10,0.2132,fr
769635,Christmas in the Rockies,2020,Romance|TV Movie,5.6,16,0.2357,en
682754,Rockfield : The Studio on the Farm,2020,Documentary|Music,7.0,18,0.2044,en
814536,Lady of Guadalupe,2020,Drama,6.4,20,0.281,en
697620,Dune,2020,Animation|Mystery|Thriller,7.4,37,0.1892,hu
693767,Banksy Most Wanted,2020,Documentary,7.1,18,0.2205,en
780525,Corona Depression,2020,Drama,5.7,61,0.2728,en
760556,Lost at Christmas,2020,Romance|Comedy|Drama,5.5,20,0.2463,en
728791,Playhouse,2020,Horror|Thriller,4.963,41,0.2311,en
594899,Save Kolya!,2020,Comedy,4.7,11,0.203,ru
687077,The Other Side,2020,Drama|TV Movie|Mystery,5.8,12,0.1958,fr
756207,Exit,2020,Science Fiction|Thriller,6.2,19,0.7969,de
629210,Max und die wilde 7,2020,Family|Adventure|Crime,5.385,13,0.1757,de
655504,The Nights Before Christmas,2020,Horror,4.286,14,0.3075,en
701461,Street Survivors: The True Story of the Lynyrd Skynyrd Plane Crash,2020,Documentary|Drama|Music,4.3,12,0.191,en
449753,Human Zoo,2020,Horror|Thriller,4.4,27,0.2532,en
654862,La Forêt de mon père,2020,Drama,5.9,18,0.2213,fr
768972,A Sunburnt Christmas,2020,Comedy|Crime|Family,6.8,14,0.2755,en
757815,All Is One. Except 0,2020,Documentary,6.9,13,0.162,de
606865,The Macaluso Sisters,2020,Drama,7.1,159,0.2478,it
663343,Yes-People,2020,Animation|Comedy,5.9,50,0.1612,is
744947,Let's Meet Again on Christmas Eve,2020,Romance|TV Movie,6.0,12,0.1915,en
716978,Thiago Ventura: POKAS,2020,Comedy,7.013,40,0.2252,pt
713474,Clownery,2020,Horror,6.0,63,0.3719,en
834581,Love Tasting,2020,Drama,4.471,17,0.2327,pl
712360,Good Thanks  You?,2020,Drama,7.067,15,0.228,en
773001,The Santa Box,2020,Family|Drama,6.5,10,0.2668,en
674446,D. Wade: Life Unexpected,2020,Documentary,7.1,13,0.3052,en
777250,The Midas Touch,2020,Comedy|Horror,4.273,11,0.2494,en
588440,Hotel Inferno 3: The Castle of Screams,2020,Horror,5.167,15,0.1585,en
655509,24 Little Hours,2020,Action|Crime|Thriller,4.091,11,0.2079,en
655368,Uppercase Print,2020,Drama|History,7.4,24,0.2355,ro
571489,Houseguests,2020,Drama|Mystery,5.9,87,0.2229,it
746807,Bin Laden's Hard Drive,2020,Documentary,6.5,10,0.2225,en
702534,The Insurrection,2020,Action,4.5,12,0.3582,en
716750,Threshold,2020,Horror|Drama,5.25,16,0.1871,en
762921,A Creepshow Holiday Special,2020,Horror,6.5,36,0.2764,en
766793,In the Country of Last Things,2020,Drama|Science Fiction,4.455,11,0.1939,es
720873,No  porque me enamoro,2020,Comedy|Romance,7.7,40,0.2217,es
764557,Words for an End of the World,2020,Documentary|History,6.7,13,0.1898,es
712091,Blanche Gardin - Il faut que je vous parle,2020,Comedy,8.2,10,0.213,fr
669462,Veterán,2020,Drama|TV Movie,6.3,17,0.2286,cs
743270,Buried Truth of the Maya,2020,Documentary|History|Mystery,6.7,15,0.2677,en
718219,The Jump,2020,Documentary,7.5,10,0.2349,lt
697953,The Source of Shadows,2020,Horror,5.5,27,0.1717,en
599520,Emerson Heights,2020,Romance|Drama,5.7,12,0.1824,en
736860,Tyler Perry's Madea's Farewell - The Play,2020,Drama|Comedy|TV Movie,7.8,18,0.2982,en
622139,Romy's Salon,2020,Drama,6.7,15,0.1698,nl
674358,Bad Boy,2020,Action|Crime,4.8,40,0.2508,pl
718022,The Hex,2020,Horror|Drama,5.6,37,0.2313,en
694228,Mulan the Heroine,2020,Action|History|War,5.5,12,0.1683,zh
709100,Jeffrey Dahmer: Mind of a Monster,2020,Documentary|Crime,7.0,19,0.2068,en
616214,Twelve Thousand,2020,Drama,5.3,16,0.4659,fr
612495,La mia banda suona il pop,2020,Comedy,5.581,68,0.2869,it
766433,Me Gusta La Tuya,2020,Unknown,7.6,28,0.1547,es
754612,Love,2020,Thriller,6.3,12,0.1936,ml
716599,Amiga do Inimigo,2020,Drama|Mystery,6.1,33,0.2041,pt
641175,Winona,2020,Comedy|Drama,4.9,10,0.1654,el
662880,Fortitude,2020,Drama,7.3,68,0.1366,es
744942,Merry Liddle Christmas Wedding,2020,Romance|TV Movie,7.375,20,0.1995,en
619447,The Unborn,2020,Horror,5.0,17,0.1832,en
653753,The Earth Is Blue as an Orange,2020,Documentary,7.237,19,0.2917,uk
694224,The Droving,2020,Crime|Mystery|Thriller|Horror,4.9,15,0.2099,en
706530,Glassboy,2020,Drama|Adventure,6.7,10,0.4179,it
746157,Chop Chop,2020,Crime|Thriller|Horror,5.5,28,0.2194,en
830628,High Maintenance,2020,Documentary,6.4,11,0.2656,he
746712,Kitty Love: An Homage to Cats,2020,Documentary,4.962,26,0.2013,nl
681880,Sweetie  You Won't Believe It,2020,Comedy|Thriller|Horror,6.3,45,0.239,kk
782633,RBD: Ser o Parecer (En Vivo),2020,Music|TV Movie,8.4,84,0.152,en
574952,Some Beasts,2020,Drama|Thriller,4.4,12,0.1825,es
664577,Naked Animals,2020,Drama,3.4,10,0.1631,de
706249,AKA Jane Roe,2020,Documentary,4.6,10,0.1619,en
718831,Jim Jefferies: Intolerant,2020,Comedy,7.123,81,0.1658,en
649918,On the 3rd Day,2020,Horror|Mystery|Thriller|Fantasy,5.5,54,0.1775,es
662155,The Hidden Life of Trees,2020,Documentary,7.1,21,0.1774,de
760050,Ni de coña,2020,Comedy,4.758,31,0.1962,es
707459,100 000 Acres of Pine,2020,Animation|Horror,5.4,10,0.2077,en
723121,By Your Side,2020,Drama,5.7,10,0.223,fr
771594,Norman  le spectacle de la maturité,2020,Comedy,4.2,15,0.1276,fr
703810,Picture a Scientist,2020,Documentary,8.1,10,0.2045,en
664473,Russell Peters: Deported,2020,Comedy,6.231,26,0.1723,en
777236,Waidmannsdank,2020,Crime|Drama,5.3,24,0.1515,de
713817,Breaking Them Up,2020,Comedy,5.0,10,0.2054,en
727862,Pourquoi je vis,2020,TV Movie|Music|Drama,7.081,68,0.1586,fr
760056,Barbie & Kendra Storm Area 51,2020,Comedy|Science Fiction,4.3,10,0.1653,en
711468,Wade,2020,Animation|Horror,7.7,11,0.2467,xx
633882,Man from Podolsk,2020,Drama|Comedy,5.2,32,0.1649,ru
728912,Steve-O: Gnarly,2020,Comedy,6.3,18,0.2653,en
624482,Star Light,2020,Horror|Thriller|Mystery,4.5,10,0.2804,en
647495,Death Doesn't Exist  and Love Doesn't Either,2020,Drama,6.879,33,0.2053,es
671652,Taylor Tomlinson: Quarter-Life Crisis,2020,Comedy,7.2,123,0.2748,en
681195,Shifter,2020,Horror|Science Fiction|Thriller,4.4,18,0.3294,en
616207,Cat in the Wall,2020,Drama,5.7,16,0.2859,bg
592786,The Dead Ones,2020,Horror,4.2,11,0.1669,en
788188,О,2020,Animation,6.917,24,0.1583,ru
760861,De Gaulle  histoire d'un géant,2020,Documentary|History,7.5,11,0.2454,fr
547523,Just Like a Woman,2020,Comedy|Drama|Romance,4.9,41,1.3077,fr
776751,A Concerto Is a Conversation,2020,Documentary|Music,6.847,36,0.1735,en
661728,Tom Papa: You're Doing Great!,2020,Comedy,6.4,25,0.1471,en
768398,A Hole in the Head,2020,Drama,5.656,16,0.1294,it
709192,Closed for Storm,2020,Documentary,6.3,20,0.1795,en
699240,Good Omens: Lockdown,2020,Comedy|Fantasy,7.8,25,0.3029,en
728497,The Complex: Lockdown,2020,Science Fiction,4.467,15,0.2637,en
616331,Adolescents,2020,Documentary,7.4,91,0.2878,fr
594089,Range Runners,2020,Thriller,6.0,16,0.1915,en
583293,Complete Strangers,2020,Thriller|Mystery|Drama|Romance,4.75,12,0.2684,en
739227,Afonso Padilha: Classless,2020,Comedy,7.519,27,0.1623,pt
754436,Ons,2020,Drama,5.7,10,0.2474,gl
458405,The ParaPod:  A Very British Ghost Hunt,2020,Documentary|Horror|Comedy,5.9,13,0.2352,en
728870,The New Corporation: The Unfortunately Necessary Sequel,2020,Documentary,6.9,19,0.2355,en
684878,La concessione del telefono,2020,Drama,6.7,19,0.2538,it
669140,Un mauvais garçon,2020,Drama|TV Movie,5.8,10,0.1526,fr
654894,Everything's Gonna Be Alright,2020,Drama,7.2,82,0.2564,it
597843,Crazy New Year!,2020,Comedy|Family,5.6,16,0.1734,ru
714511,10 Hours for Christmas,2020,Comedy|Family,8.3,11,0.212,pt
737496,The Dress,2020,Drama,5.8,21,0.196,pl
687136,Chris D'Elia: No Pain,2020,Comedy,6.653,36,0.1607,en
672761,The Candy Witch,2020,Horror,5.9,27,0.231,en
739421,The Witch of Kings Cross,2020,Documentary,6.033,15,0.1702,en
775483,Children of Camp Blood,2020,Horror,3.0,10,0.1546,en
713496,Penguin,2020,Thriller|Mystery|Crime,5.0,23,0.2209,ta
699014,Red,2020,Drama,5.6,26,0.2051,en
514287,Cuties,2020,Horror,3.3,11,0.1819,en
770665,Dave Chappelle: Unforgiven,2020,Comedy,8.0,19,0.2353,en
571030,La Palma,2020,Drama|Comedy|Romance,4.7,12,0.208,de
767250,Die Influencers Die,2020,Horror,5.5,33,0.1456,en
689065,Fabrice Éboué - Plus rien à perdre,2020,Comedy,6.7,31,0.1874,fr
712749,White Noise,2020,Documentary,6.8,15,0.1752,en
744958,A Christmas Break,2020,TV Movie|Drama|Romance,5.7,16,0.2098,en
713924,La casa acecha,2020,Horror|Thriller|Fantasy,6.8,17,0.1739,es
713649,Spice Boyz,2020,Thriller|Horror|Comedy|Drama,7.233,15,0.333,ru
692250,Trump Card,2020,Documentary,4.9,32,0.2358,en
770489,Trail of Ashes,2020,Mystery|Fantasy,3.367,15,0.2355,en
673816,The Boy Foretold By the Stars,2020,Romance,6.9,10,0.1652,tl
752973,I'm Glad I Did,2020,Documentary,7.6,15,0.124,tr
763274,James Acaster: Cold Lasagne Hate Myself 1999,2020,Comedy,8.069,29,0.1548,en
769281,Jeff Dunham's Completely Unrehearsed Last-Minute Pandemic Holiday Special,2020,Comedy,7.5,14,0.1355,en
741380,Snake Dick,2020,Horror|Fantasy,5.9,23,0.367,en
703859,Luccas Neto in: The Magical Hotel,2020,Comedy|Family,7.9,24,0.1178,pt
718529,100% Organic,2020,Comedy|TV Movie,5.2,37,0.2031,fr
718166,The Fandom,2020,Documentary,7.7,12,0.1913,en
722893,The Devil´s Shadow,2020,Horror,5.9,11,0.1545,es
672992,Sam Morril: I Got This,2020,Comedy,7.7,14,0.2286,en
722815,Strasbourg 1518,2020,Music,5.7,33,0.1499,en
853760,Ala Kachuu – Take and Run,2020,Drama,7.3,14,0.1468,ky
673768,Pete Davidson: Alive from New York,2020,Comedy,6.12,100,0.1277,en
595977,Let It Be Law,2020,Documentary,4.2,36,0.2198,es
749139,Android Uprising,2020,Science Fiction,4.7,23,0.1241,en
765723,The Crypt: The Last Secret,2020,Drama|Horror|Thriller,4.8,12,0.1801,es
680295,A Feral World,2020,Drama|Horror|Science Fiction,5.8,24,0.2149,en
672695,Un pugno di amici,2020,Comedy,5.5,37,0.1177,it
665089,Comidark Films 2: The Pawn,2020,Drama|Comedy,5.303,66,0.2615,tr
750578,Trump vs the Illuminati,2020,Animation|Science Fiction|Comedy,2.2,15,0.2068,en
741018,Guilt,2020,Thriller,5.4,13,0.2877,en
707403,Pitch Black Panacea,2020,Animation|Comedy,6.167,12,0.2019,en
566691,The Summer After Graduation,2020,Comedy,5.6,21,0.1604,de
664847,40: The Temptation of Christ,2020,Drama,6.0,10,0.302,en
713911,The Reporter,2020,Documentary,7.1,13,0.1843,fi
663881,Genius Loci,2020,Animation|Drama|Fantasy,6.33,44,0.1651,fr
748201,Let's Eat,2020,Animation|Family,7.0,11,0.1568,en
726953,Return To Splatter Farm,2020,Horror,3.5,11,0.1094,en
760314,Felix Lobrecht: Hype,2020,Comedy|Documentary,5.667,12,0.1145,de
675267,Bert Kreischer: Hey Big Boy,2020,Comedy,6.544,57,0.13,en
741845,Colette,2020,Documentary,7.279,43,0.1313,fr
662922,My Mexican Bretzel,2020,Documentary|Fantasy,6.6,15,0.2241,es
785426,One and Thousand Nights,2020,Drama,6.9,18,0.1171,fr
726892,Assandira,2020,Drama,6.9,11,0.1559,it
683875,By Day's End,2020,Horror|Romance,3.7,11,0.2183,en
672956,Les Mystères des majorettes,2020,Crime|Drama|TV Movie,5.5,11,0.1978,fr
670338,Stop Playing with the Stars,2020,Comedy|TV Movie,6.3,17,0.1471,it
600816,Da Yie,2020,Drama,7.2,13,0.1284,ak
663898,Stump the Guesser,2020,Comedy|Fantasy,6.5,13,0.17,en
743549,Copy Cat,2020,TV Movie|Thriller|Crime|Drama,6.7,15,0.1804,fr
719106,The Curse of Hobbes House,2020,Horror|Thriller,5.821,28,0.1803,en
666271,Residue,2020,Drama,5.6,22,0.1323,en
717536,I Hate New Year's,2020,Comedy|Romance,6.7,20,0.1361,en
682588,Baby God,2020,Documentary,5.6,22,0.1703,en
670344,We Need to Talk About A.I.,2020,Documentary,6.4,10,0.17,en
734901,Flex,2020,Comedy,4.5,10,0.1111,en
670367,Legacy,2020,Thriller,6.0,10,0.1768,ro
670203,The Talent of the Hornet,2020,Thriller|Drama,6.402,443,0.1688,it
735838,Os Espetaculares,2020,Comedy,6.8,27,0.1485,pt
619019,Rundfunk: Jachterwachter,2020,Comedy,5.6,13,0.28,nl
751172,Vicenta,2020,Documentary|Animation,7.717,30,0.1983,es
727478,Curse of Aurore,2020,Horror|Mystery,5.25,16,0.2017,en
691853,Ballad for a Pierced Heart,2020,Crime|Drama|Comedy,6.705,22,0.1397,el
718845,Urzila Carlson: Overqualified Loser,2020,Comedy,4.9,10,0.1739,en
843275,Red,2020,Action|Thriller,3.7,20,0.2867,en
768436,Re-Existences,2020,Documentary,7.4,55,0.1529,pt
796981,La véritable histoire de D'Artagnan,2020,History|Documentary,8.1,10,0.2135,fr
735580,The Last Laugh,2020,Horror|Thriller,4.625,24,0.211,en
681326,It Cuts Deep,2020,Horror|Comedy,4.75,20,0.1837,en
664302,TFW No GF,2020,Documentary,5.9,34,0.2163,en
664051,1 Night in San Diego,2020,Comedy,4.8,16,0.2622,en
646541,In the Trap,2020,Horror|Thriller,4.5,50,0.2696,en
794684,Black Mill,2020,Adventure|Family,6.5,12,0.1297,pl
696575,Patton Oswalt: I Love Everything,2020,Comedy,6.1,33,0.2102,en
768275,Deadlocked,2020,Horror|Thriller,4.867,15,0.1518,en
539434,José,2020,Drama,5.935,31,0.2724,es
794893,Ten Dollar Death Trip: Inside the Fentanyl Crisis,2020,Documentary,7.75,13,0.1422,en
774885,London Hughes: To Catch A D*ck,2020,Comedy,6.1,10,0.1808,en
661818,The Last Movie Painter,2020,Documentary,7.4,10,0.1781,it
782777,Windup,2020,Animation|Drama,6.5,11,0.1286,en
674882,The Donut King,2020,Documentary,6.9,19,0.1787,en
693702,DAU. Nora Mother,2020,Drama,5.0,13,0.1745,ru
676601,Tom Segura: Ball Hog,2020,Comedy,6.947,66,0.1242,en
757697,Hunger Ward,2020,Documentary,7.5,18,0.1734,en
669464,Zenek,2020,Drama|Music,4.2,27,0.2279,pl
752644,The Red Scroll,2020,Animation,6.7,21,0.2144,pt
624047,Signal 8,2020,Documentary,5.7,12,0.0826,en
662334,Chaco,2020,War|Drama,7.8,52,0.1223,es
751254,Dark October,2020,Horror,4.4,10,0.0855,en
749305,The Blackwell Ghost 5,2020,Horror|Documentary,6.654,39,0.2211,en
700065,The Russian Girl,2020,Thriller,5.4,12,0.1746,es
681457,The Carnivores,2020,Drama|Horror|Comedy|Mystery|Thriller|Romance,3.9,10,0.2248,en
671046,Sabar Ini Ujian,2020,Comedy|Drama|Fantasy|Romance,8.0,10,0.1043,id
669742,Abbi fede,2020,Comedy,5.6,13,0.1263,it
568768,The Idealists,2020,Comedy|Drama|Family,6.9,18,0.123,es
862280,Nneka the Pretty Serpent,2020,Horror|Fantasy|Mystery,3.9,12,0.1602,en
763198,Two Ways Home,2020,Drama,5.8,15,0.1405,en
775790,Das Mädchen aus dem Bergsee,2020,Crime|Drama,5.2,17,0.2368,de
636800,Hawk and Rev: Vampire Slayers,2020,Comedy|Horror,5.0,10,0.1537,en
751135,Dehesa: The Forest of the Iberian Lynx,2020,Documentary,7.9,10,0.1059,es
741135,Ronde de nuit,2020,Drama|TV Movie|Crime,4.7,12,0.1448,fr
663771,Shylock,2020,Action|Drama|Thriller,3.5,20,0.1625,ml
718372,Trópico,2020,Thriller|Romance|Drama|Action,6.429,14,0.1381,es
605900,Schemers,2020,Drama|Crime|Comedy|Music,5.7,14,0.1632,en
735291,Luccas Neto em: O Mapa do Tesouro,2020,Comedy|Adventure,8.7,20,0.1382,pt
965548,Holidays at All Cost,2020,Comedy,5.9,31,0.1079,fr
659716,The Blackwell Ghost 4,2020,Horror,6.351,37,0.1216,en
695848,Pullman,2020,Drama|Adventure|Family,6.1,14,0.0917,es
891629,Lost Tombs of the Pyramids,2020,Documentary|History|Mystery,6.5,10,0.143,en
763673,A Farewell to Memory,2020,Documentary,7.9,12,0.1216,es
595601,Darkness in Tenement 45,2020,Thriller|Drama|Horror,4.5,11,0.1752,en
663037,Lejos de casa,2020,Drama,6.7,14,0.1185,es
618225,White on White,2020,Drama,6.0,25,0.1574,es
774259,An Unremarkable Christmas,2020,Comedy|TV Movie,6.1,23,0.1142,es
664347,ColOZio,2020,Comedy,5.8,11,0.188,es
865116,The Long Way Back,2020,Crime,7.8,10,0.1169,en
741978,Io tu noi  Lucio,2020,Documentary,7.4,14,0.1901,it
856093,Pain,2020,Drama|Comedy,5.5,32,0.1314,en
672979,Luccas Neto em: Acampamento de Férias 2,2020,Comedy,8.2,33,0.0922,pt
649812,Max Richter's Sleep,2020,Documentary|Music,7.4,22,0.1154,en
747327,An Unquiet Grave,2020,Horror,5.1,20,0.1271,en
686677,The Claudia Kishi Club,2020,Documentary,5.0,10,0.1141,en
653775,Into the World,2020,Comedy|Drama,6.0,23,0.1292,fr
759292,Don't Peek,2020,Horror,6.827,26,0.1047,en
592010,La Sincérité,2020,Comedy|Romance,5.0,11,0.0822,fr
665459,Fortune Feimster: Sweet & Salty,2020,Comedy,6.2,31,0.1908,en
757901,Triple Trouble,2020,Family|Adventure,5.0,13,0.089,pl
745518,Fractured,2020,Drama,6.8,16,0.1056,tr
700104,George W. Bush,2020,Documentary,7.3,18,0.1043,en
745674,T'en fais pas  j'suis là,2020,Drama|TV Movie,6.9,12,0.0949,fr
686830,The Voice in Your Head,2020,Comedy|Drama,6.6,11,0.1444,en
663360,Death Can Wait,2020,Comedy,6.3,36,0.1019,es
718866,Jack Whitehall: I'm Only Joking,2020,Comedy,6.1,40,0.1328,en
700995,Devoto  la invasión silenciosa,2020,Science Fiction|Thriller|Action,2.4,10,0.1674,es
766588,¡Ni te me acerques!,2020,Comedy|Romance|Fantasy,5.375,24,0.1057,es
744273,Quarantine Girl,2020,Thriller|Horror,4.3,14,0.1628,en
543582,The Nothing,2020,Horror,5.6,17,0.1251,en
645691,Para toda la muerte,2020,Comedy,5.2,14,0.1122,es
819213,Geranium,2020,Drama,5.6,11,0.1299,tr
484664,Marlene,2020,Action,6.5,32,0.1261,de
727429,Molecules,2020,Documentary,6.8,10,0.1719,it
742958,Hidden,2020,Documentary,6.5,25,0.1466,fa
680317,Yung Lean: In My Head,2020,Music|Documentary,8.0,11,0.1359,sv
784581,EnPAREJAdos,2020,Comedy,7.3,16,0.1157,es
653757,Once Upon a Time in Venezuela,2020,Documentary,8.0,36,0.2082,es
753965,We,2020,Animation,6.8,20,0.1183,en
675239,Malik Bentalha : Encore,2020,Comedy,5.9,14,0.0987,fr
638706,Hannah Gadsby: Douglas,2020,Comedy,7.2,81,0.1276,en
503335,A Clear Felling,2020,Thriller,4.5,10,0.1546,de
682618,Der Schneegänger,2020,Crime|TV Movie,6.0,11,0.1075,de
738256,Magari resto,2020,Comedy,5.5,13,0.2094,it
742011,Nulliparous Women,2020,Unknown,6.8,10,0.085,es
707431,The Final Phase,2020,Science Fiction|Thriller,6.6,43,0.2051,es
669727,Crazy in Love 3,2020,Comedy,7.1,15,0.1196,es
661090,Una chica invisible,2020,Comedy,6.4,14,0.0991,es
767295,12,2020,Documentary,5.5,22,0.1088,xx
690558,Dead by Dawn,2020,Horror,5.0,10,0.1356,en
729482,Guest,2020,Horror,6.4,20,0.1512,en
683716,Don't Let Them In,2020,Horror,5.4,30,0.0948,en
710451,George Lopez: We'll Do It for Half,2020,Comedy|Documentary|TV Movie,5.3,14,0.1052,en
701687,Mark Normand: Out To Lunch,2020,Comedy,7.2,17,0.0856,en
725405,Japanese Woman is Cheap in the Next Room,2020,Drama|Romance,7.2,14,0.1213,ko
702837,Guf. Confession,2020,Documentary,4.7,10,0.0768,ru
753973,Sweet Taste of Souls,2020,Fantasy|Horror|Thriller,5.1,17,0.1594,en
748888,Mia Misses Her Revenge,2020,Drama,5.6,11,0.0847,ro
629522,La sombra del gallo,2020,Thriller|Drama|Crime,6.3,16,0.1622,es
728131,Omelia Contadina,2020,Documentary,6.7,31,0.0884,it
682139,Beauty Boys,2020,Drama,5.7,13,0.0828,fr
674384,Laz Kit,2020,Comedy,7.0,12,0.0985,tr
648299,The Glitch,2020,Thriller|Science Fiction,4.9,15,0.1083,pl
922154,The Witcher Bestiary Season 1  Part 1,2020,Documentary,6.293,29,0.0941,en
635634,Reborn,2020,Drama,6.1,10,0.0982,he
744234,John,2020,Documentary,7.3,13,0.1018,en
725084,Sam Jay: 3 in the Morning,2020,Comedy,6.2,16,0.0987,en
718314,FILM,2020,Unknown,7.2,11,0.0921,en
642715,Far Too Personal,2020,Comedy|Drama|Romance,4.5,10,0.088,sk
743032,Conjuring the Devil,2020,Horror,5.3,13,0.086,en
876460,Ty,2020,Drama,4.8,29,0.1704,en
693826,Mauricio Meirelles: Generating Chaos,2020,Comedy,7.1,14,0.0846,pt
664958,Lethal Kittens,2020,Comedy|War,7.263,19,0.1073,uk
665453,Oeconomia,2020,Documentary,7.3,10,0.3778,de
656949,Fabrizio De André e PFM - Il concerto ritrovato,2020,Documentary|Music,7.632,19,0.1073,it
750249,Opera,2020,Animation,7.262,21,0.0572,en
726952,Q,2020,Animation,5.9,24,0.1269,en
684795,Paris-Brest,2020,Drama|TV Movie,6.7,13,0.2084,fr
763316,The Kids in the Bikes,2020,Drama,5.1,10,0.0898,es
736443,Last Shot,2020,Drama,6.6,16,0.1176,en
686092,De patitas a la calle,2020,Adventure,6.8,18,0.1663,es
715892,I Want to Return Return Return,2020,Documentary,6.7,80,0.166,en
702292,Nina of the Woods,2020,Adventure|Science Fiction|Thriller,5.3,12,0.1793,en
656573,Looking for Gilles Caron,2020,Documentary,7.5,11,0.0691,fr
686786,Making Unorthodox,2020,Documentary,7.6,25,0.0868,en
693906,Made You Look: A True Story About Fake Art,2020,Documentary,6.777,83,0.1464,en
787245,Regina,2020,Drama,6.0,27,0.1408,it
666397,Vir Das: For India,2020,Comedy,8.2,22,0.098,en
699337,The House in Between,2020,Documentary|Horror|Thriller,4.735,17,0.0879,en
663075,Free Burma Rangers,2020,Documentary,7.818,11,0.0889,en
763180,Splinters,2020,Documentary,7.467,15,0.1062,es
720563,Un tal Alonso Quijano,2020,Comedy,6.7,13,0.0894,en
656736,Our Way To The Sea,2020,Drama,7.8,34,0.0619,es
679129,Siempre es Otoño,2020,Drama|Romance,6.0,16,0.1711,es
783351,Intermission,2020,Comedy,7.636,11,0.1407,fr
759637,Finding Jack Charlton,2020,Documentary,6.9,10,0.073,en
616301,The Young Observant,2020,Documentary,6.885,13,0.0915,it
763464,Sundown,2020,Animation|Drama,7.2,11,0.076,fr
762832,The Night They Knocked,2020,Horror|Thriller,5.2,16,0.0983,en
713238,Turner Risk,2020,Drama|Thriller,3.1,10,0.0875,en
718080,Pseudo,2020,Thriller|Crime,8.1,10,0.0674,es
693860,Yours Sincerely  Kanan Gill,2020,Comedy,6.1,13,0.0773,en
682436,Being a Human Person,2020,Documentary,5.7,10,0.0887,en
688146,French Blood 1 - Mr. Pig,2020,Horror,5.4,11,0.1051,fr
577100,System K,2020,Documentary|Drama|History,6.7,13,0.0673,fr
745701,Becoming Mona,2020,Drama,6.6,10,0.0967,nl
776065,I delitti del BarLume - Donne con le palle,2020,Comedy|Crime|Drama,6.9,15,0.0592,it
760969,Ari Eldjárn: Pardon My Icelandic,2020,Comedy,7.4,31,0.0703,en
762144,Who Are You?,2020,Animation,6.6,12,0.0919,en
797859,The Dentist,2020,Western|Drama|Crime|Action,5.1,10,0.065,en
712144,Downstream to Kinshasa,2020,Documentary,7.3,11,0.1092,fr
748918,The Bloody Man,2020,Horror,4.0,12,0.0781,en
665109,A Ghost Waits,2020,Comedy|Horror|Romance,5.625,24,0.0698,en
716419,Race Against Pandemic,2020,Documentary,7.9,94,0.0338,en
696893,Román,2020,Documentary,7.2,12,0.0593,es
711368,Empty Places,2020,Animation,6.9,11,0.0614,fr
664411,Franck Dubosc - Fifty / Fifty,2020,Comedy,6.737,20,0.0563,fr
914190,Jack Lemmon  a true Trouper,2020,Documentary,6.6,10,0.0533,fr
707504,Kenny Sebastian: The Most Interesting Person in the Room,2020,Comedy,6.2,13,0.0741,en
752702,Austria 2 Australia,2020,Documentary,6.1,12,0.209,de
975399,Er,2020,Unknown,5.3,36,0.067,it
749958,Napo,2020,Animation|Family,6.8,15,0.0646,pt
802673,AA,2020,Unknown,6.1,26,0.0414,en
743059,Michael McIntyre: Showman,2020,Comedy,7.6,29,0.0493,en
745948,Painting for the main bedroom,2020,Unknown,6.2,25,0.0368,el
671874,Life is Good by Ashish Shakya,2020,Comedy,5.7,12,0.0482,en
775906,Ámbar,2020,Drama,6.1,14,0.0912,es
922158,The Witcher Bestiary Season 1  Part 2,2020,Documentary,6.75,26,0.0596,en
681963,Пиздец,2020,Crime|Comedy,4.5,19,0.0454,ru
766751,Das Verhör in der Nacht,2020,Thriller|Drama,6.2,10,0.07,de
787377,From Stress to Happiness,2020,Documentary,6.3,20,0.0679,en
696070,Atakan. The Bloody Legend,2020,Horror,6.5,49,0.1079,ru
835298,The Wait,2020,Comedy|Music,5.0,22,0.0465,en
721916,PNL - Dans la légende tour,2020,Documentary|Music,6.3,23,0.0422,fr
779429,Películas,2020,Documentary,9.1,10,0.0441,pt
722783,Heaven Reaches Down to Earth,2020,Drama,5.6,14,0.067,en
693019,Alma pura,2020,Drama|Thriller,6.9,16,0.0495,es
747355,Swapping: A Divorce Trip Between Two Couples,2020,Unknown,6.1,12,0.0643,ko
780836,Fantasme,2020,Romance,7.8,16,0.0668,fr
731629,The Conquest Of The Ruins,2020,Documentary,5.8,10,0.0713,es
729769,Apocalypse '45,2020,Documentary,7.0,32,0.1058,en
788422,Flesh Contagium,2020,Horror,3.6,10,0.0473,it
836466,Return,2020,Animation,6.4,1346,0.0445,en
744470,Fernando Torres: The Last Symbol,2020,Documentary,6.6,14,0.1266,es
723860,The Mothman Legacy,2020,Documentary,6.0,15,0.1052,en
776068,I delitti del BarLume - Ritorno a Pineta,2020,Unknown,6.6,11,0.0852,it
696958,The Sky,2020,Science Fiction|Horror|Drama,5.6,16,0.0331,en
739187,12,2020,Unknown,5.6,54,0.0468,ar
946775,Fantasy of Youth,2020,Drama,6.2,12,0.0338,es
778015,Rhys Nicholson: Live at the Athenaeum,2020,Comedy,7.7,10,0.0382,en
661771,Jayde Adams: Serious Black Jumper,2020,Comedy,7.6,12,0.0693,en
709123,Toto,2020,Drama|Comedy,6.5,11,0.0398,en
1088447,Model Citizen,2020,Animation|Science Fiction,6.3,10,0.0725,en
704742,MAN,2020,Drama,6.5,16,0.0286,lv
774683,Hello World,2020,Documentary,6.6,12,0.0379,en
680692,The Lamb,2020,Drama,7.5,12,0.0379,it
750545,La mujer de los gatos,2020,Unknown,6.5,20,0.0261,es
743872,Ride Your Dream,2020,Documentary,7.5,10,0.0311,es
707533,Franco Escamilla: RPM,2020,Comedy,8.642,67,0.0193,es
932076,Il secchio,2020,Comedy,6.4,10,0.0361,it
816944,Fabula,2020,Documentary|Animation,7.7,11,0.0286,en
707035,Good Morning  Mr Fotis,2020,Documentary,6.6,24,0.0239,el
714112,Forest,2020,Unknown,5.5,13,0.0478,en
1054523,1-2-3,2020,Unknown,6.3,10,0.0214,es
1020428,Inside Asda: Bigger  Better  Cheaper?,2020,Documentary,6.7,128,0.0143,en
1181643,忠犬归来,2020,Drama,5.5,10,0.0193,zh
768553,Forest,2020,Animation,5.8,11,0.0071,en
694096,Rage,2020,Romance|Horror,5.9,15,0.0214,es
688404,Ter,2020,Unknown,4.7,27,0.0214,en
679790,DD[0]Ser,2020,Horror,5.9,17,0.0071,en
872268,Súper,2020,Unknown,5.7,11,0.0071,en
747851,Hello,2020,Animation,7.0,24,0.0071,en
