id,title,release_year,genres,vote_average,vote_count,popularity,original_language
155,The Dark Knight,2008,Action|Crime|Thriller,8.5,35851,40.1315,en
13078,The Babysitters,2008,Drama,6.0,542,34.2829,en
10681,WALL·E,2008,Animation|Family|Science Fiction,8.1,20308,23.6705,en
1726,Iron Man,2008,Action|Science Fiction|Adventure,7.66,28154,23.0397,en
9502,Kung Fu Panda,2008,Action|Animation|Comedy|Family,7.3,12646,21.42,en
8966,Twilight,2008,Fantasy|Drama|Romance,6.281,14412,18.7505,en
1724,The Incredible Hulk,2008,Science Fiction|Action|Adventure,6.241,12701,13.8658,en
19173,Diary of a Nymphomaniac,2008,Drama|Romance,5.6,364,15.3367,es
13009,Zombie Strippers!,2008,Comedy|Horror|Science Fiction,4.865,430,12.3617,en
10527,Madagascar: Escape 2 Africa,2008,Adventure|Animation|Comedy|Family,6.529,7433,11.3313,en
8681,Taken,2008,Action|Thriller,7.406,12112,10.6421,en
14574,The Boy in the Striped Pyjamas,2008,Drama|War|History,7.819,7668,10.0233,en
4564,Sex and the City,2008,Comedy|Drama|Romance,6.547,2265,16.9375,en
1735,The Mummy: Tomb of the Dragon Emperor,2008,Adventure|Action|Fantasy,5.52,4819,9.0695,en
4922,The Curious Case of Benjamin Button,2008,Drama|Fantasy|Romance,7.6,13733,9.2554,en
17903,A Frozen Flower,2008,Drama,6.854,158,8.0441,ko
42384,A Tale of Legendary Libido,2008,Comedy|Fantasy|Drama,5.8,47,8.0756,ko
11631,Mamma Mia!,2008,Comedy|Romance,6.971,6997,8.0974,en
7555,Rambo,2008,Action|Thriller|War,6.697,4268,7.2463,en
10483,Death Race,2008,Action|Thriller|Science Fiction,6.309,4145,7.2483,en
10764,Quantum of Solace,2008,Adventure|Action|Thriller,6.337,8551,8.9802,en
12429,Ponyo,2008,Animation|Fantasy|Family,7.8,4814,7.4355,ja
12222,Horton Hears a Who!,2008,Animation|Comedy|Family|Adventure|Fantasy,6.52,3545,7.0856,en
8456,Never Back Down,2008,Drama|Action,6.776,2493,6.8749,en
7446,Tropic Thunder,2008,Action|Comedy|Adventure|War,6.716,6966,7.1633,en
13053,Bolt,2008,Animation|Family|Adventure|Comedy,6.541,6492,7.8114,en
2454,The Chronicles of Narnia: Prince Caspian,2008,Adventure|Family|Fantasy,6.633,6771,7.3099,en
13971,Wild Child,2008,Comedy|Drama|Romance,6.7,1921,6.3446,en
8909,Wanted,2008,Action|Thriller|Crime,6.532,7599,6.7489,en
7191,Cloverfield,2008,Action|Thriller|Science Fiction,6.711,7798,6.9061,en
88751,Journey to the Center of the Earth,2008,Action|Science Fiction|Adventure|Comedy|Family,6.091,5158,7.0057,en
1729,The Forbidden Kingdom,2008,Action|Adventure|Fantasy,6.648,1912,7.216,en
217,Indiana Jones and the Kingdom of the Crystal Skull,2008,Adventure|Action,6.0,9027,7.1119,en
8055,The Reader,2008,Drama|Romance,7.469,3393,7.232,en
9539,Martyrs,2008,Horror|Drama|Thriller,7.304,3027,6.2978,fr
7459,Speed Racer,2008,Family|Action|Adventure|Comedy,6.359,1767,6.0031,en
10661,You Don't Mess with the Zohan,2008,Comedy|Action,5.714,4070,5.4963,en
6557,27 Dresses,2008,Comedy|Romance,6.453,3421,6.5311,en
12405,Slumdog Millionaire,2008,Drama|Romance,7.732,11332,6.5075,en
13027,Eagle Eye,2008,Mystery|Thriller|Action,6.495,3122,5.9576,en
13510,Eden Lake,2008,Horror|Thriller,6.834,2084,5.5969,en
13223,Gran Torino,2008,Drama,7.991,11577,6.8705,en
8960,Hancock,2008,Fantasy|Action,6.356,10265,6.8516,en
12162,The Hurt Locker,2008,Drama|Thriller|War,7.253,6183,5.6507,en
11253,Hellboy II: The Golden Army,2008,Fantasy|Action,6.769,5609,4.8673,en
8204,The Spiderwick Chronicles,2008,Family|Adventure|Fantasy|Drama,6.701,2853,5.8639,en
13523,Sex Drive,2008,Comedy|Adventure|Romance,6.393,1476,5.2941,en
10358,Zack and Miri Make a Porno,2008,Comedy|Romance,6.347,2670,5.4686,en
8247,Jumper,2008,Action|Adventure|Science Fiction,6.2,6240,6.5032,en
11665,Get Smart,2008,Action|Comedy|Thriller,6.2,3885,5.4068,en
13056,Punisher: War Zone,2008,Action|Crime,5.87,1313,6.3088,en
13179,Tinker Bell,2008,Animation|Family|Adventure|Fantasy,6.9,1569,5.0445,en
12620,The House Bunny,2008,Romance|Comedy,5.69,2032,4.7912,en
13387,Transporter 3,2008,Action|Thriller|Crime,6.167,3668,4.8598,en
14756,Ip Man,2008,Drama|Action|History,7.761,4111,4.9675,cn
12133,Step Brothers,2008,Comedy,6.555,3408,5.0114,en
8645,The Happening,2008,Thriller|Science Fiction,5.404,3945,5.7686,en
2253,Valkyrie,2008,Drama|Thriller|War,6.96,4084,4.1873,en
8065,21,2008,Drama|Crime,6.693,5047,4.9984,en
10201,Yes Man,2008,Comedy|Romance,6.694,7392,5.0186,en
8321,In Bruges,2008,Comedy|Drama|Crime,7.5,5776,4.2595,en
9870,Forgetting Sarah Marshall,2008,Comedy|Romance|Drama,6.5,3693,4.2712,en
3580,Changeling,2008,Crime|Drama|Mystery,7.58,4487,5.3568,en
11918,Superhero Movie,2008,Comedy|Action|Science Fiction,5.284,2007,5.2655,en
5038,Vicky Cristina Barcelona,2008,Drama|Romance,6.8,4021,3.732,en
10202,Bedtime Stories,2008,Fantasy|Comedy|Family|Romance,6.159,2980,4.8991,en
8457,Drillbit Taylor,2008,Comedy,5.824,1101,4.3152,en
7840,10 000 BC,2008,Adventure|Action|Drama|Fantasy,5.508,3176,3.9883,en
7461,Vantage Point,2008,Drama|Action|Thriller|Crime,6.414,2182,5.0785,en
8676,Fool's Gold,2008,Adventure|Romance|Comedy,5.791,1589,4.2722,en
10200,The Day the Earth Stood Still,2008,Drama|Science Fiction|Thriller,5.667,3751,4.7583,en
13855,The Chaser,2008,Crime|Thriller|Action,7.763,1525,4.3873,ko
16000,Ben 10: Race Against Time,2008,Action|Family|Science Fiction|TV Movie,5.844,362,3.9105,en
15157,Another Cinderella Story,2008,Music|Comedy|Romance|Family,7.32,2122,3.9628,en
39207,Detective Conan: Full Score of Fear,2008,Animation|Action|Crime|Mystery,6.931,159,4.5743,ja
234586,Annan Thambi,2008,Comedy,5.3,12,4.2292,ml
14306,Marley & Me,2008,Comedy|Family,7.183,4796,3.9487,en
12572,New York  I Love You,2008,Comedy|Drama|Romance,5.953,601,3.9661,en
7278,Meet the Spartans,2008,Comedy|Fantasy,4.089,1852,3.9677,en
12113,Body of Lies,2008,Action|Drama|Thriller,6.632,3325,3.5148,en
9381,Babylon A.D.,2008,Action|Adventure|Science Fiction|Thriller,5.668,2264,3.7152,en
13690,Open Season 2,2008,Adventure|Animation|Comedy|Family,5.876,1301,3.6871,en
13688,CJ7,2008,Comedy|Drama|Family|Fantasy|Science Fiction,7.3,792,3.8444,cn
12180,Star Wars: The Clone Wars,2008,Animation|Action|Science Fiction|Adventure,6.149,2217,4.2809,en
4148,Revolutionary Road,2008,Drama|Romance,6.983,4116,3.8213,en
10529,Outlander,2008,Science Fiction|Action,6.471,1412,3.4714,en
11260,Meet Dave,2008,Comedy|Science Fiction|Adventure|Family,5.325,1561,4.2544,en
10189,Pineapple Express,2008,Action|Comedy|Crime,6.646,4208,3.6259,en
8328,Step Up 2: The Streets,2008,Music|Drama|Romance,6.688,2419,3.6604,en
291860,Kick the Cock,2008,Comedy,4.1,46,3.7508,it
14359,Doubt,2008,Drama,7.204,1917,4.3676,en
4944,Burn After Reading,2008,Comedy|Drama,6.673,5235,3.397,en
11321,Seven Pounds,2008,Drama,7.602,7246,4.2061,en
12289,Red Cliff,2008,Adventure|Drama|History|Action|War,7.12,886,3.484,zh
68610,ReGOREgitated Sacrifice,2008,Horror,3.3,46,3.5964,en
8848,The Bank Job,2008,Thriller|Crime|Drama,6.845,2621,4.6167,en
13460,Doomsday,2008,Action|Thriller|Science Fiction,5.936,1396,4.1344,en
13004,Barbie and the Diamond Castle,2008,Animation|Family,7.426,882,3.3427,en
8090,Untraceable,2008,Thriller|Crime|Mystery|Drama|Horror,6.241,994,3.7942,en
13809,RocknRolla,2008,Action|Crime|Thriller,6.95,3308,4.2123,en
13184,Bangkok Dangerous,2008,Action|Crime|Thriller,5.296,1130,3.9382,en
136686,Doraemon: Nobita and the Green Giant Legend,2008,Adventure|Animation|Family|Comedy|Science Fiction|Fantasy,6.8,48,3.1604,ja
16921,Autopsy,2008,Horror|Thriller,4.924,218,2.3929,en
8461,Funny Games,2008,Thriller|Horror,6.561,2261,3.8227,en
10665,The Strangers,2008,Horror,6.1,2674,3.458,en
12184,The Other Boleyn Girl,2008,Drama|Romance|History,6.699,2215,3.3193,en
12163,The Wrestler,2008,Drama|Romance,7.537,4019,4.1248,en
13600,City of Ember,2008,Adventure|Family|Fantasy,6.361,1896,3.1109,en
13335,Harold & Kumar Escape from Guantanamo Bay,2008,Comedy|Adventure,6.317,1631,3.322,en
7735,The Wave,2008,Drama|Thriller,7.485,3616,4.2222,de
14728,The Librarian: The Curse of the Judas Chalice,2008,Fantasy|Adventure|Comedy,6.266,526,3.7729,en
11917,Saw V,2008,Horror|Thriller|Crime,6.174,3807,3.4208,en
209379,Knight Rider,2008,Science Fiction|TV Movie,6.3,67,4.1462,en
15854,Kung Fu Panda: Secrets of the Furious Five,2008,Animation|Family|Action,6.803,471,3.7672,en
1266,Street Kings,2008,Action|Crime|Drama|Thriller,6.643,1680,4.0833,en
13389,Righteous Kill,2008,Crime|Thriller|Mystery,5.885,1354,3.6152,en
14438,Fireproof,2008,Drama|Romance,7.68,858,3.5739,en
14423,First Sunday,2008,Comedy|Action,5.634,265,3.5741,en
12797,Ghost Town,2008,Comedy|Romance|Drama|Fantasy,6.52,1060,3.7679,en
19929,9to5: Days in Porn,2008,Documentary,5.798,89,2.9464,en
8390,Definitely  Maybe,2008,Comedy|Romance,6.937,2625,3.8841,en
8836,The X-Files: I Want to Believe,2008,Mystery|Science Fiction|Thriller,5.869,1643,2.8165,en
13805,Disaster Movie,2008,Comedy|Science Fiction,3.2,1132,2.7263,en
9029,What Happens in Vegas,2008,Comedy|Romance,6.1,3303,3.3406,en
10139,Milk,2008,History|Drama,7.217,2424,2.8925,en
13018,Deception,2008,Thriller|Mystery,5.958,716,2.9906,en
17581,Naruto Shippuden the Movie: Bonds,2008,Fantasy|Animation|Action,7.323,521,3.2669,ja
14072,Rab Ne Bana Di Jodi,2008,Comedy|Drama|Romance,7.122,316,2.8381,hi
16353,Ong Bak 2,2008,Adventure|Action|Thriller,6.472,720,3.7161,th
13001,Stargate: The Ark of Truth,2008,Action|Adventure|Science Fiction|TV Movie,7.1,571,2.9659,en
15373,Role Models,2008,Comedy,6.489,2151,2.9763,en
10761,Made of Honor,2008,Comedy|Romance,6.458,1800,2.8968,en
10185,The Midnight Meat Train,2008,Horror|Mystery|Fantasy,6.182,1256,2.5792,en
13825,The Lazarus Project,2008,Drama|Thriller,6.0,395,2.5164,en
13813,Defiance,2008,Action|Drama|History|War,6.847,1891,2.4862,en
14976,Rachel Getting Married,2008,Drama|Romance,6.293,644,2.8925,en
13051,Max Payne,2008,Crime|Action|Drama,5.417,2267,2.7634,en
13310,Let the Right One In,2008,Horror|Drama,7.545,3260,2.3875,sv
268227,Erotica: Moonlight,2008,Drama,5.9,24,2.6555,en
18198,Barbie Mariposa,2008,Animation|Fantasy|Family,6.793,550,2.3412,en
15003,Chocolate,2008,Action|Crime,7.3,562,2.7205,th
13515,Mirrors,2008,Horror|Mystery,6.286,2030,2.8995,en
38594,Dragon Ball: Yo! Son Goku and His Friends Return!!,2008,Animation|Action|Adventure|Science Fiction|Comedy,6.503,588,2.6022,ja
12690,Appaloosa,2008,Drama|Western|Crime,6.57,1086,3.8492,en
28422,Love Exposure,2008,Action|Comedy|Drama|Romance,8.0,516,2.8338,ja
13812,Quarantine,2008,Horror|Science Fiction|Thriller,5.776,1375,2.9008,en
13490,Welcome Home Roscoe Jenkins,2008,Comedy|Drama|Family,6.0,313,2.8608,en
63193,Front of the Class,2008,Drama,7.979,310,2.7308,en
13012,Felon,2008,Crime|Drama|Thriller|Action,7.139,987,2.1934,en
6933,One Missed Call,2008,Horror|Mystery|Thriller,5.388,804,2.5182,en
13648,Resident Evil: Degeneration,2008,Animation|Horror|Action|Science Fiction,6.809,1175,3.294,ja
14863,Anaconda 3: Offspring,2008,Horror|Adventure|Thriller|TV Movie,4.622,368,2.3917,en
19506,ICHI,2008,Action|Adventure|Drama|History,6.727,139,2.2512,ja
21044,Surviving Sid,2008,Animation|Comedy|TV Movie,6.182,121,2.7644,en
13944,Passengers,2008,Drama|Mystery|Thriller|Romance,6.129,1002,2.1892,en
2309,Inkheart,2008,Adventure|Family|Fantasy,6.294,2261,2.7977,en
13121,Teeth,2008,Comedy|Horror,5.4,809,2.3554,en
49236,Art of the Devil 3,2008,Thriller|Horror,6.866,86,2.5016,th
13486,The Scorpion King 2: Rise of a Warrior,2008,Action|Adventure|Fantasy,4.769,629,3.5132,en
11671,Elegy,2008,Drama|Romance,6.3,307,2.8503,en
12914,Stargate: Continuum,2008,Action|Adventure|Science Fiction,7.138,589,2.4002,en
2395,Asterix at the Olympic Games,2008,Fantasy|Adventure|Comedy|Family,5.238,2104,3.4675,fr
4960,Synecdoche  New York,2008,Drama,7.539,1598,2.4054,en
11127,Starship Troopers 3: Marauder,2008,Adventure|Science Fiction|Action,4.838,593,2.3405,en
10885,Shutter,2008,Horror|Mystery|Thriller,5.5,816,2.5619,en
35102,The Forbidden Legend: Sex & Chopsticks,2008,Comedy|Drama|Romance,5.8,54,2.3829,cn
14070,Ghajini,2008,Action|Romance|Thriller,7.02,449,3.5014,hi
15544,Extreme Movie,2008,Comedy,4.428,202,2.286,en
6972,Australia,2008,Adventure|Romance|Drama,6.588,2451,2.2251,en
44731,One Piece: Episode of Chopper Plus: Bloom in the Winter  Miracle Cherry Blossom,2008,Action|Animation|Adventure|Comedy,7.1,154,2.0443,ja
11887,High School Musical 3: Senior Year,2008,Comedy|Drama|Family,6.544,3603,2.4643,en
24411,The Shepherd: Border Patrol,2008,Action|Crime|Thriller|TV Movie,6.067,225,2.4664,en
12783,The Duchess,2008,Drama|History|Romance,6.982,1814,2.3862,en
13902,Toxic,2008,Action|Thriller,4.231,26,2.9865,en
15067,The Good  the Bad  the Weird,2008,Action|Adventure|Comedy|Western,7.167,813,2.6724,ko
10188,The Sisterhood of the Traveling Pants 2,2008,Adventure|Comedy|Drama,6.253,807,1.9212,en
8617,Prom Night,2008,Horror|Drama|Mystery,5.072,791,2.0595,en
14248,Igor,2008,Animation|Comedy|Family|Fantasy|Horror,5.9,588,2.2946,en
17165,Bleach the Movie: Fade to Black,2008,Action|Animation|Fantasy|Drama,7.131,198,1.9179,ja
34482,The Clique,2008,Comedy|Drama|Family,5.9,173,2.0004,en
30026,I'll Never Die Alone,2008,Horror|Thriller,5.0,45,2.3,es
13459,Barbie in 'A Christmas Carol',2008,Animation|Family,7.184,585,2.1637,en
12182,Nick and Norah's Infinite Playlist,2008,Comedy|Music|Romance,6.439,1277,2.0412,en
13291,Traitor,2008,Drama|Action|Thriller|Crime,6.646,712,2.2468,en
16804,Departures,2008,Drama,7.9,929,3.9531,ja
14882,Hounddog,2008,Drama|Music,6.4,136,2.0973,en
9030,The Eye,2008,Drama|Horror|Thriller,5.902,1153,2.2131,en
20329,Death Note: L Change the WorLd,2008,Fantasy|Action|Thriller|Science Fiction|Mystery,5.992,303,2.4044,ja
11152,The Ruins,2008,Horror,5.926,1439,2.5479,en
16164,Killshot,2008,Crime|Drama|Thriller,5.807,318,2.3294,en
12837,The Secret Life of Bees,2008,Family|Adventure|Drama,7.47,575,2.2112,en
20018,Father of Four: Home Field Advantage,2008,Comedy|Family,6.4,11,2.496,da
24528,Killer Bean Forever,2008,Animation|Action|Thriller,7.173,191,2.2375,en
8988,Stop-Loss,2008,Drama|War,6.1,274,2.0501,en
60192,Portrait of a Beauty,2008,Drama|Romance,6.2,39,1.7601,ko
25741,Niko and the Way to the Stars,2008,Animation|Family|Adventure|Drama|Fantasy,5.8,156,2.3165,fi
17436,The Informers,2008,Drama|Crime|Thriller,4.764,254,2.2067,en
25510,Jannat,2008,Crime|Drama|Romance,6.17,44,2.4207,hi
8880,Che: Part Two,2008,Drama|History|War,6.651,690,2.1913,en
14405,Beverly Hills Chihuahua,2008,Comedy|Family|Adventure|Romance,5.381,1109,2.0679,en
99453,Derek,2008,Documentary,5.3,13,1.9163,en
14299,Cadillac Records,2008,Drama|History|Music,7.088,478,2.3468,en
12085,Mad Money,2008,Comedy|Action|Crime,6.468,715,2.3382,en
25050,Still Walking,2008,Drama|Family,7.8,444,1.8147,ja
13948,An American Carol,2008,Comedy|Fantasy,4.2,109,1.5704,en
69454,One Million Yen Girl,2008,Drama,7.2,65,1.8947,ja
8338,Blindness,2008,Drama|Mystery|Science Fiction|Thriller,6.526,1378,2.3424,en
13279,Lakeview Terrace,2008,Drama|Crime|Thriller,5.98,1152,1.9113,en
11499,Frost/Nixon,2008,Drama|History,7.282,1300,1.9768,en
8885,Waltz with Bashir,2008,Animation|Documentary|Drama|War,7.672,1050,2.0071,he
13190,Dead Space: Downfall,2008,Animation|Horror|Science Fiction|Thriller,6.637,434,1.7438,en
8266,Female Agents,2008,War|History,6.571,274,2.1028,fr
13160,Over Her Dead Body,2008,Comedy,5.507,489,1.7263,en
4942,Leatherheads,2008,Comedy|Romance|Drama,5.9,492,1.6842,en
13150,Pride and Glory,2008,Crime|Drama|Mystery|Thriller,6.345,950,2.1356,en
14771,The Onion Movie,2008,Comedy,6.1,253,1.6069,en
12177,The Love Guru,2008,Comedy|Romance,4.077,767,1.9582,en
47292,Pokémon: Giratina and the Sky Warrior,2008,Family|Adventure|Animation|Fantasy,6.8,274,1.8526,ja
14878,The Objective,2008,Action|Horror|Science Fiction|Thriller,5.4,156,1.9625,en
20789,The Flyboys,2008,Adventure|Action|Crime,7.556,177,2.9195,en
20986,Gurren Lagann The Movie: Childhood's End,2008,Action|Comedy|Animation,7.6,119,1.9165,ja
14073,Jodhaa Akbar,2008,Romance|History|Drama,7.328,279,1.8073,hi
13996,Bottle Shock,2008,Comedy|Drama,6.369,229,2.8079,en
13596,My Best Friend's Girl,2008,Romance|Comedy,5.651,802,1.8442,en
15877,The Sky Crawlers,2008,Animation|Action|War|Science Fiction|Drama,6.699,173,1.9972,ja
4953,Be Kind Rewind,2008,Drama|Comedy,6.303,1476,1.7454,en
15846,The Burrowers,2008,Horror|Western,5.905,236,2.6126,en
8881,Che: Part One,2008,Drama|History|War,6.809,828,1.9876,en
25655,Triad Wars,2008,Action|Crime,6.1,56,1.4728,cn
13808,Strictly Sexual,2008,Drama|Comedy|Romance,6.1,76,1.8567,en
14092,Ghost in the Shell 2.0,2008,Action|Animation|Crime|Science Fiction,7.399,462,1.9645,ja
12193,Four Christmases,2008,Comedy|Romance|Drama,5.8,1258,3.0335,en
17808,Painted Skin,2008,Fantasy|Action|Drama,6.0,166,2.0385,zh
12417,Autumn,2008,Drama,7.315,62,1.2198,tr
13972,The Women,2008,Drama|Comedy,5.15,363,2.1844,en
10362,Two Lovers,2008,Drama|Romance,6.87,925,1.967,en
14325,The Express,2008,Drama,7.1,288,2.4247,en
10488,Nim's Island,2008,Adventure|Comedy|Family|Fantasy,5.9,1190,1.7081,en
14400,The Heir Apparent: Largo Winch,2008,Adventure|Drama|Action|Thriller,6.045,587,2.9096,fr
14758,Good Dick,2008,Comedy|Drama|Romance,5.891,96,1.7996,en
38551,Snakes and Earrings,2008,Romance|Thriller|Crime,6.238,42,1.4406,ja
17845,Loft,2008,Drama|Mystery|Romance,6.851,435,1.9603,nl
13260,Semi-Pro,2008,Comedy,5.6,880,2.0066,en
10186,The Rocker,2008,Comedy|Music,6.048,633,1.7564,en
8780,Baby Mama,2008,Comedy|Romance,5.976,695,1.7491,en
19486,Cyborg She,2008,Action|Comedy|Romance|Science Fiction,7.203,150,1.5342,ja
14011,Justice League: The New Frontier,2008,Action|Adventure|Animation|Science Fiction,6.825,554,2.1221,en
10199,The Tale of Despereaux,2008,Adventure|Animation|Family,6.1,1012,2.0054,en
23966,Deadgirl,2008,Horror|Thriller,5.265,379,1.8713,en
13255,Conspiracy,2008,Drama|Action|Thriller|Mystery,5.4,104,1.9389,en
12621,Hamlet 2,2008,Comedy|Music,5.883,192,1.5726,en
15542,Stiletto,2008,Action|Crime|Thriller,4.681,69,1.9796,en
8882,Gomorrah,2008,Drama|Crime,6.879,1300,1.8879,it
13253,Futurama: Bender's Game,2008,Animation|Comedy|Science Fiction|Action|Fantasy,6.881,599,1.5092,en
24786,In Tranzit,2008,Drama|Romance|War,5.487,77,1.9439,en
942766,The Powerpuff Girls Rule!!!,2008,Animation|Action|TV Movie|Adventure|Comedy|Family|Fantasy|Science Fiction,7.538,13,1.5565,en
15208,Bathory: Countess of Blood,2008,Drama|Fantasy,5.661,118,2.6702,en
15262,Boogeyman 3,2008,Horror|Thriller,5.178,247,1.6435,en
14326,Nights in Rodanthe,2008,Drama|Romance,6.246,625,1.5199,en
13191,War  Inc.,2008,Action|Adventure|Comedy|Thriller,5.54,297,1.924,en
13200,Red,2008,Drama|Thriller,6.263,287,1.5506,en
14637,Nothing But the Truth,2008,Drama|Thriller,6.951,554,2.0336,en
10523,W.,2008,Drama|History,6.158,692,1.6375,en
18060,Beast Stalker,2008,Action|Thriller|Crime,6.75,90,1.3376,cn
14538,Three Kingdoms: Resurrection of the Dragon,2008,Action|History|Drama,6.224,136,1.4827,cn
14353,Repo! The Genetic Opera,2008,Music|Science Fiction|Horror,6.264,386,1.8419,en
13655,Camp Rock,2008,Music|Family|TV Movie,6.399,2176,2.0654,en
8669,Charlie Bartlett,2008,Comedy|Drama|Romance,6.684,693,1.715,en
12689,Angus  Thongs and Perfect Snogging,2008,Comedy|Drama|Family|Romance,6.476,832,1.9192,en
13827,Surfer  Dude,2008,Comedy,4.585,118,1.7764,en
13613,Day of the Dead,2008,Action|Horror|Science Fiction|Thriller,5.2,432,1.3833,en
15584,Dear Zachary: A Letter to a Son About His Father,2008,Documentary|Crime,8.041,581,1.4713,en
13635,Mesrine: Killer Instinct,2008,Drama|Action|Thriller|Crime,7.307,1000,1.5659,fr
103423,Chief Omar Harb,2008,Drama|Thriller,6.4,17,1.5208,ar
73252,Ice Blues: A Donald Strachey Mystery,2008,Crime|Drama|Mystery|Thriller,5.3,23,1.7408,en
14655,Soul Men,2008,Comedy|Music,6.142,183,1.7766,en
11802,Space Chimps,2008,Animation|Family|Adventure|Comedy|Science Fiction,5.0,486,1.5599,en
13401,The Accidental Husband,2008,Comedy|Romance,5.571,597,1.7598,en
14050,Recount,2008,Drama|History|TV Movie,6.793,188,2.4334,en
7944,Shine a Light,2008,Documentary|Music,6.831,180,1.606,en
10190,Towelhead,2008,Drama,6.21,157,1.6537,en
20066,Senior Skip Day,2008,Comedy,4.8,55,1.4699,en
12178,Miss Pettigrew Lives for a Day,2008,Drama|Comedy|Romance,6.784,417,1.6581,en
128867,Crayon Shin-chan: Invoke a Super Storm! The Hero of Kinpoko,2008,Animation|Adventure|Comedy|Fantasy,6.714,14,1.4795,ja
543744,Codename: Kids Next Door: Operation I.N.T.E.R.V.I.E.W.S.,2008,Animation|Action|Adventure|Comedy|Family|Science Fiction|TV Movie,8.4,31,1.3585,en
12410,Good,2008,Drama,6.082,164,1.4773,en
16061,Tokyo Gore Police,2008,Horror|Action|Science Fiction,5.996,368,1.9763,ja
8937,Tokyo Sonata,2008,Drama,7.4,279,1.5143,ja
22371,Minutemen,2008,Family|TV Movie|Comedy|Science Fiction,5.758,249,1.5841,en
45722,Don't Look Down,2008,Drama|Romance,5.736,70,1.5201,es
13752,Max Manus: Man of War,2008,History|War|Action|Crime,7.1,273,1.4895,no
8938,Tokyo!,2008,Comedy|Drama|Fantasy|Romance,6.863,263,1.4475,ja
12192,Pathology,2008,Crime|Horror|Thriller,5.701,514,1.7667,en
6687,TransSiberian,2008,Thriller|Crime|Mystery,6.392,807,1.7619,en
32895,Jack Hunter and the Quest for Akhenaten's Tomb,2008,Adventure|Action,6.182,44,1.8645,en
17108,Kung Fu Dunk,2008,Action|Adventure|Comedy,5.947,255,1.4709,zh
17314,Pistol Whipped,2008,Action|Thriller|Crime|Drama,5.503,167,2.4828,en
15088,The Cutting Edge: Chasing the Dream,2008,Romance|Drama|Action|Adventure,6.784,204,1.8914,en
16878,Saving God,2008,Crime|Drama,5.3,20,1.7017,en
20093,Straight from the Barrio,2008,Drama|Action|Crime,8.051,147,1.4862,es
23153,The Garden of Sinners: Remaining Sense of Pain,2008,Crime|Animation|Action|Fantasy|Mystery|Drama,7.0,118,1.46,ja
14197,My Sassy Girl,2008,Comedy|Romance,6.761,406,1.1805,en
12165,The Burning Plain,2008,Drama|Romance|Crime,6.576,463,1.3523,en
44885,Kite Liberator,2008,Animation|Thriller|Action,5.218,62,1.6036,ja
14059,Snow Buddies,2008,Family|Adventure,6.139,294,1.4858,en
14215,Restraint,2008,Drama|Thriller,5.934,137,1.4839,en
81558,Sex Is No Laughing Matter,2008,Comedy|Drama,5.9,30,1.431,ja
10187,Swing Vote,2008,Comedy|Drama,5.741,278,2.4699,en
10360,Hunger,2008,Drama|History,7.24,1213,1.5862,en
8884,Franklyn,2008,Fantasy|Thriller|Drama,6.019,388,1.6949,en
13851,Batman: Gotham Knight,2008,Action|Crime|Animation,6.722,762,1.5901,en
13493,College Road Trip,2008,Comedy|Family|Action|Adventure,5.467,408,1.2424,en
46361,The Magic Hour,2008,Comedy,7.534,44,1.163,ja
32272,Death Bell,2008,Horror|Thriller,6.253,192,1.7365,ko
15450,Tyler Perry's The Family That Preys,2008,Drama|Romance,6.819,94,1.6864,en
12568,Brideshead Revisited,2008,Drama|Romance,6.27,163,1.9611,en
13090,Sunshine Cleaning,2008,Comedy|Drama,6.593,841,3.0122,en
13220,Splinter,2008,Horror|Thriller|Crime|Science Fiction,6.17,792,1.6276,en
12903,Scooby-Doo! and the Goblin King,2008,Adventure|Animation|Comedy|Family|Fantasy|Music,7.6,276,1.6578,en
16899,Easy Virtue,2008,Comedy|Romance,6.449,455,1.8038,en
13579,The Longshots,2008,Drama|Family|Comedy,6.44,75,2.3198,en
16450,Hero Wanted,2008,Crime|Action|Thriller,5.3,163,1.6483,en
16564,Winter in Wartime,2008,Drama|History|War,6.668,202,2.4319,nl
30849,Living Proof,2008,Drama|TV Movie,6.5,17,1.2993,en
12412,Miracle at St. Anna,2008,Drama|War,6.12,392,1.491,en
14539,An Empress and the Warriors,2008,Action|Adventure|History,6.0,129,1.6043,zh
21755,The Brothers Bloom,2008,Adventure|Comedy|Drama|Romance,6.548,704,1.6451,en
18176,Assassination of a High School President,2008,Comedy|Mystery|Crime,5.764,328,1.3885,en
60700,Sorry For Disturbance,2008,Comedy|Drama,7.3,45,1.3324,ar
12400,Redbelt,2008,Drama,6.434,290,1.4403,en
13956,Fly Me to the Moon,2008,Adventure|Animation|Family,5.0,195,1.3987,en
13988,The Art of War II: Betrayal,2008,Action|Thriller,4.724,116,1.5189,en
8265,Welcome to the Sticks,2008,Comedy|Drama|Romance,6.706,2579,1.9416,fr
22633,The Human Contract,2008,Drama,4.4,63,1.3164,en
83101,Ghouls,2008,Horror|Fantasy,3.3,18,2.186,en
69383,Beastie Boys,2008,Comedy|Drama,4.9,16,1.0375,ko
8285,The Spirit,2008,Crime|Thriller|Fantasy|Action,4.76,1064,1.5329,en
13092,How to Lose Friends & Alienate People,2008,Comedy|Romance|Drama,6.011,836,2.1231,en
10800,Dragon Hunters,2008,Animation|Family,6.549,475,1.407,fr
14447,A Matter of Loaf and Death,2008,Family|Animation|Comedy|Mystery|Romance,7.356,603,1.293,en
23433,Antonio's Secret,2008,Crime|Drama,5.7,19,1.4785,en
12889,Futurama: The Beast with a Billion Backs,2008,Animation|Comedy|Science Fiction|Romance,6.96,610,1.3824,en
14349,Sleepwalking,2008,Drama,6.058,103,1.277,en
13672,JCVD,2008,Drama|Action|Comedy|Crime,6.647,566,1.6051,fr
8944,What Just Happened,2008,Comedy|Drama,5.4,479,1.4875,en
14660,Solstice,2008,Drama|Horror|Mystery,5.338,194,2.2207,en
31614,The Moss,2008,Crime|Drama,4.6,13,1.5832,cn
14452,Kill Switch,2008,Action|Thriller|Crime|Adventure,4.6,123,1.4073,en
16409,Last Chance Harvey,2008,Drama|Romance,6.298,305,1.7164,en
15864,Bachna Ae Haseeno,2008,Romance|Comedy|Drama,6.108,93,1.323,hi
12245,The Oxford Murders,2008,Crime|Mystery|Thriller,5.965,707,1.4588,en
23155,The Garden of Sinners: Paradox Spiral,2008,Action|Animation|Drama|Mystery|Thriller|Fantasy,7.7,110,1.1703,ja
14833,House,2008,Horror,4.5,98,1.3702,en
15705,Incendiary,2008,Drama|Thriller|Romance,5.386,185,1.27,en
422807,One Piece: Romance Dawn Story,2008,Animation|Adventure|Comedy|Action,6.132,34,1.337,ja
13942,The Alphabet Killer,2008,Crime|Mystery|Thriller,5.1,203,1.3022,en
38044,Depth Charge,2008,Action|Thriller|TV Movie,5.0,10,1.1972,en
14914,Flash of Genius,2008,Drama,6.6,249,1.3612,en
14098,100 Feet,2008,Horror,5.749,344,1.194,en
24475,Coco Chanel,2008,Drama|Romance,6.6,109,2.2012,en
13973,Choke,2008,Comedy|Drama,6.087,438,1.1472,en
23166,The Garden of Sinners: Oblivion Recording,2008,Animation|Fantasy|Mystery|Romance,6.7,90,1.033,ja
105231,Fist of the North Star: The Legend of Kenshiro,2008,Animation|Action|Drama,6.8,42,1.4632,ja
16313,Coming Soon,2008,Horror|Thriller,6.252,103,1.5857,th
16927,The Box Collector,2008,Thriller,3.4,10,1.4001,en
12083,Dr. Alemán,2008,Adventure|Drama|Thriller,5.4,11,1.6365,en
25142,The Banishment,2008,Drama,7.16,172,1.3555,ru
17166,Insanitarium,2008,Horror|Thriller,5.13,119,1.3616,en
36683,20th Century Boys: Beginning of the End,2008,Science Fiction|Adventure|Mystery,6.7,106,1.5282,ja
31299,Little Ashes,2008,Drama|Romance,5.887,133,1.3442,en
17210,National Geographic: Journey to the Edge of the Universe,2008,Documentary,7.7,100,1.207,en
4786,Rudo & Cursi,2008,Comedy|Drama,7.1,232,1.2894,es
7353,Fireflies in the Garden,2008,Drama,6.2,229,1.2366,en
15641,Vacancy 2: The First Cut,2008,Crime|Horror|Thriller,5.3,298,1.4276,en
13803,Amusement,2008,Horror|Mystery,5.62,380,1.1956,en
14138,Black Water,2008,Adventure|Drama|Horror,5.921,388,1.2125,en
13007,Religulous,2008,Documentary|Comedy,7.04,649,1.2424,en
8349,The Red Baron,2008,Action|Adventure|Drama|History|War,6.6,278,1.1922,de
28816,Chicago 10,2008,Documentary|Animation|History|War,5.8,17,2.167,en
16800,Roman Polanski: Wanted and Desired,2008,Documentary,6.3,76,1.1833,en
7916,Far Cry,2008,Action|Science Fiction|Thriller,3.706,327,1.4537,en
14061,The Edge of Love,2008,Drama|History|Romance,6.2,396,1.5891,en
52435,My Wife Got Married,2008,Romance|Comedy,5.528,18,1.3699,ko
13300,Hell Ride,2008,Action|Thriller,5.205,227,1.1922,en
19611,Connected,2008,Action|Adventure|Crime|Thriller,6.4,107,1.235,cn
15616,Private Valentine: Blonde & Dangerous,2008,Comedy,6.272,293,1.631,en
15866,Bait Shop,2008,Comedy,4.9,14,1.8825,en
31216,I Can't Think Straight,2008,Drama|Romance,7.489,329,1.1584,en
35010,A Man Who Was Superman,2008,Comedy|Drama|Romance,7.3,70,1.2517,ko
42341,Suspect X,2008,Crime|Drama|Mystery,7.568,139,1.3053,ja
14613,Next Avengers: Heroes of Tomorrow,2008,Animation|Family|Action|Adventure|Science Fiction,7.0,306,1.417,en
16687,Wushu,2008,Drama|Action,6.068,22,1.1721,zh
12166,Achilles and the Tortoise,2008,Comedy|Drama,7.0,107,1.1865,ja
52418,Fate,2008,Action|Thriller|Crime,5.7,30,1.3065,ko
6968,The Baader Meinhof Complex,2008,Action|Crime|Drama|History|Thriller,6.966,656,1.241,de
14940,Gigantic,2008,Comedy|Romance,5.6,161,1.3136,en
12473,The Visitor,2008,Crime|Drama|Music,7.124,503,1.1885,en
15898,Unstable Fables: 3 Pigs and a Baby,2008,Family|Animation|Comedy,5.754,67,1.4403,en
13727,Disco,2008,Music|Comedy,4.4,357,2.1234,fr
26010,Legendary Assassin,2008,Action|Crime|Thriller,6.1,88,1.7549,cn
18733,Happy Flight,2008,Comedy|Drama,6.4,35,1.1844,ja
20113,Flirting with Forty,2008,Comedy|Romance|Drama,5.258,62,1.2769,en
38637,Vaaranam Aayiram,2008,Drama|Romance,7.3,75,1.2479,ta
114371,Fist of the North Star: The Legend of Toki,2008,Animation|Action,6.86,43,1.1841,ja
15044,Einstein and Eddington,2008,History|Drama|TV Movie,6.867,154,1.1803,en
45127,A Matador's Mistress,2008,Drama|Romance,5.85,127,2.3149,es
13172,The Promotion,2008,Comedy,5.301,266,1.3405,en
19116,Asylum,2008,Horror,4.1,96,1.29,en
14748,Boy A,2008,Crime|Drama,7.129,499,1.4775,en
15531,Get Smart's Bruce and Lloyd Out of Control,2008,Action|Comedy,5.063,135,1.0879,en
22152,Lymelife,2008,Comedy|Drama,6.106,165,1.2199,en
16346,Center Stage: Turn It Up,2008,Drama|Music|Romance,6.863,200,0.9941,en
3511,The Broken,2008,Thriller|Drama|Horror,5.4,221,2.2606,en
31451,Forever Strong,2008,Drama|Action,7.108,221,1.6993,en
60204,Ramadan Mabrouk Abou El Allamen Hamouda,2008,Comedy,6.4,25,1.1579,ar
15749,While She Was Out,2008,Drama|Thriller,5.538,197,1.2917,en
24037,Open City,2008,Action|Crime,6.841,44,1.2701,ko
13256,Mutant Chronicles,2008,Action|Adventure|Science Fiction,5.327,498,1.1795,en
16350,Vinyan,2008,Drama|Horror|Thriller,5.1,137,2.1268,en
14142,Columbus Day,2008,Crime|Drama|Thriller,5.0,41,1.8312,en
39111,4bia,2008,Horror|Thriller,6.2,109,1.2222,th
40925,Dream Boy,2008,Drama|Romance,6.06,124,1.139,en
14643,Boot Camp,2008,Drama|Thriller,5.9,207,1.412,en
13652,Ca$h,2008,Comedy|Thriller|Crime,5.731,286,1.7931,fr
13390,Tortured,2008,Crime|Thriller,5.462,66,1.0896,en
30302,Death in Love,2008,Drama|Romance|War,4.8,28,1.2643,en
38879,The Beaches of Agnès,2008,Documentary,7.676,142,1.1282,fr
23154,The Garden of Sinners: The Hollow Shrine,2008,Animation|Fantasy|Action|Mystery,6.9,101,1.1329,ja
13413,BURN·E,2008,Animation|Family|Comedy|Science Fiction,7.505,801,1.2438,en
9262,My Mom's New Boyfriend,2008,Action|Comedy|Crime|Romance,5.396,265,1.4362,en
16436,North Face,2008,Adventure|Drama|Action|History|Thriller,7.154,308,1.4155,de
18940,Secrets of State,2008,Thriller,5.8,117,1.6564,fr
49095,Eye For An Eye,2008,Action|Crime,6.4,33,0.909,ko
18384,Scandal Makers,2008,Comedy|Drama,7.25,104,0.8138,ko
16882,The Guard Post,2008,Horror|Mystery,5.4,69,1.0,ko
36131,Rain of Madness,2008,Comedy|Documentary,6.8,62,1.1978,en
16266,2012 Doomsday,2008,Action|Adventure|Fantasy|Horror|Science Fiction|Thriller,3.277,128,1.0575,en
13405,The Children of Huang Shi,2008,Drama|War,6.639,169,1.0453,zh
18232,If You Are the One,2008,Drama|Comedy|Romance,6.8,107,0.9526,zh
11927,Manhunt,2008,Horror,5.0,104,1.7168,no
30858,Terra Nova,2008,Drama|Thriller|Action,5.817,52,0.9612,ru
129465,Hells,2008,Animation|Action|Fantasy|Horror,6.82,50,1.0978,ja
19365,Foreign Exchange,2008,Comedy,4.2,37,1.2291,en
40709,We Are from the Future,2008,War|Science Fiction|Action|Adventure,5.988,123,1.1575,ru
19658,Race,2008,Drama|Action|Thriller|Crime,6.109,133,0.9458,hi
24410,K-20: The Fiend with Twenty Faces,2008,Action|Adventure|Crime,6.109,46,0.9465,ja
7351,Julia,2008,Drama,6.7,120,1.0971,en
19572,Fling,2008,Comedy|Drama|Romance,5.154,26,1.226,en
8841,The Class,2008,Drama,6.985,722,1.3329,fr
14851,The Escapist,2008,Action|Thriller,6.193,264,1.0457,en
19951,1920,2008,Horror,5.442,43,1.1313,hi
22025,Detroit Metal City,2008,Comedy,6.456,68,1.0304,ja
24948,Zombies! Zombies! Zombies!,2008,Horror|Comedy,4.0,46,0.9602,en
8943,Ocean Flame,2008,Drama|Romance,6.0,21,1.152,zh
14220,Strange Wilderness,2008,Comedy|Adventure,4.907,248,1.1733,en
8940,Tyson,2008,Documentary|Drama,6.8,127,1.0729,en
14607,Loaded,2008,Action|Crime|Drama|Thriller,4.452,42,2.0542,en
8359,Kit Kittredge: An American Girl,2008,Family|Comedy|Drama|Mystery,6.479,141,0.9775,en
22600,Gangster's Paradise: Jerusalema,2008,Action|Crime|Drama,6.591,66,1.0108,en
15012,Linewatch,2008,Crime|Action|Adventure|Drama|Thriller,5.3,54,2.275,en
20542,Delgo,2008,Adventure|Fantasy|Animation|Science Fiction|Family,4.542,72,1.37,en
14193,Tashan,2008,Action|Romance,4.378,41,0.983,hi
12890,Smart People,2008,Comedy|Drama|Romance,5.8,287,1.2174,en
60831,Descendants,2008,Animation|Drama|Fantasy,7.0,13,0.8957,en
27284,Philosophy of a Knife,2008,Drama|Horror|Documentary,3.8,42,0.8748,en
18609,Shaurya,2008,Drama|Thriller,7.184,19,1.0256,hi
16922,Heatstroke,2008,Action|Science Fiction|Horror,3.0,24,1.2345,en
18223,Poison Ivy: The Secret Society,2008,Drama|Thriller,4.6,70,1.0421,en
27527,Blood & Sex Nightmare,2008,Horror,4.1,13,1.2581,en
16167,From Within,2008,Horror|Mystery|Thriller,5.6,160,1.1619,en
49223,The Lost Samaritan,2008,Action|Thriller,5.7,14,1.1209,en
13506,Admiral,2008,War|Drama,6.242,161,0.8851,ru
14582,Passchendaele,2008,Drama|Romance|War|History,6.1,117,1.3299,en
4627,Krabat,2008,Action|Fantasy|Horror,5.857,224,1.1848,de
63315,The Hottie & The Nottie,2008,Comedy|Romance,2.85,220,1.0208,en
22411,Shaolin Girl,2008,Action|Comedy,5.161,31,1.2251,ja
13964,The Machine Girl,2008,Action|Adventure|Comedy|Crime|Horror|Thriller,5.989,229,1.2901,ja
15365,Witless Protection,2008,Comedy|Action|Adventure|Crime,4.5,84,1.1474,en
1782,Afterwards,2008,Drama|Mystery|Thriller,5.5,142,0.8548,en
26150,Champions,2008,Drama|Action,5.1,10,1.1488,zh
10120,Blonde and Blonder,2008,Action|Comedy,3.8,61,0.9006,en
18585,The Ramen Girl,2008,Romance|Comedy|Drama,6.503,368,1.2665,en
13065,Finding Amanda,2008,Comedy|Drama,4.804,46,2.1947,en
16166,Sauna,2008,Horror,6.2,127,1.8817,fi
4204,$5 a Day,2008,Drama|Comedy,5.6,96,0.9891,en
16279,The Great Buck Howard,2008,Comedy,6.0,270,0.9729,en
43262,Shred,2008,Comedy,3.6,13,1.9052,en
16971,The Meerkats,2008,Documentary|Family,6.747,77,0.8448,en
100669,Shark Swarm,2008,Drama|Horror|Thriller|Action,5.3,72,1.8927,en
7346,Sparrow,2008,Drama|Romance|Comedy,6.337,82,1.0457,cn
10503,Happy-Go-Lucky,2008,Comedy|Drama,6.602,504,1.4377,en
14745,The Haunting of Molly Hartley,2008,Drama|Horror,4.492,179,1.0748,en
41550,Cyclops,2008,TV Movie|Action|Fantasy,4.9,47,1.5928,en
15671,Picture This,2008,Comedy|TV Movie,5.6,324,1.0363,en
13954,Alien Raiders,2008,Horror|Science Fiction|Thriller,5.4,179,1.0901,en
13991,College,2008,Comedy,4.607,163,1.1332,en
12912,Chaos Theory,2008,Comedy|Drama|Romance,6.3,443,0.911,en
18526,BA:BO - Miracle of Giving Fool,2008,Comedy|Romance,6.714,35,1.0512,ko
15362,Mesrine: Public Enemy #1,2008,Action|Thriller|Crime|Drama,7.274,944,1.1652,fr
19464,Butterfly Lovers,2008,Action|Romance,4.8,16,0.9649,cn
8883,Flame & Citron,2008,Drama|History|War,6.8,247,1.5726,da
13741,2 Alone in Paris,2008,Comedy,5.137,335,2.1663,fr
13793,Flashbacks of a Fool,2008,Drama,6.181,149,1.1372,en
26546,Lupin the Third: Green vs Red,2008,Action|Animation|Comedy|Drama|Crime,6.3,63,0.9763,ja
25746,Kabei: Our Mother,2008,Family|Drama,7.4,41,0.7012,ja
21922,Sea Beast,2008,Horror|Science Fiction|TV Movie|Thriller|Action,4.375,56,1.0406,en
13849,The Cottage,2008,Horror|Comedy|Crime|Thriller,5.965,259,0.9164,en
40818,Pretty Bird,2008,Comedy,4.9,22,0.8849,en
25713,Animals,2008,Horror|Thriller,3.8,36,1.6342,en
14048,Man on Wire,2008,Documentary,7.4,964,1.0248,en
31060,Recep Ivedik,2008,Comedy,4.881,176,0.9048,tr
18029,Dying Breed,2008,Thriller|Horror,5.2,119,1.1581,en
13489,Lost Boys: The Tribe,2008,Horror|Thriller|Comedy,4.852,206,1.1797,en
77248,Genius Party Beyond,2008,Animation,6.3,55,1.0771,ja
58889,Tactical Unit - No Way Out,2008,Crime|Thriller,6.7,18,0.9184,cn
19989,Aces 'N' Eights,2008,Action|Western,6.5,28,0.9609,en
14862,Killer Movie,2008,Horror|Mystery|Thriller,5.6,88,0.9091,en
44548,Vipers,2008,Action|Horror|Science Fiction|TV Movie,4.033,45,0.9649,en
18616,No Man's Land: The Rise of Reeker,2008,Horror|Thriller,4.8,80,1.1453,en
44056,The Last Princess,2008,Action|Drama|History,5.9,17,0.8436,ja
19703,A Wednesday!,2008,Drama|Thriller,7.003,359,1.9216,hi
14154,WarGames: The Dead Code,2008,Science Fiction|Drama|Thriller,5.1,146,1.0666,en
64228,Love  Pain and Vice Versa,2008,Thriller|Romance,5.3,15,2.0095,es
38958,700 Days of Battle: Us vs. the Police,2008,Comedy,7.0,20,0.9782,ja
47773,Superior Ultra 8 Brothers,2008,Family|Action|Comedy|Drama|Fantasy|Science Fiction,7.7,19,1.1501,ja
30508,Berlin Calling,2008,Comedy|Drama|Music,6.821,364,1.079,de
17606,The Other Man,2008,Drama|Thriller|Mystery|Romance,5.4,241,0.9696,en
16699,Smother,2008,Comedy|Drama|Romance,4.948,58,0.903,en
11115,Deal,2008,Comedy|Drama,5.407,75,0.971,en
8904,Serbis,2008,Drama,6.058,26,0.992,tl
56382,Nightmare Detective 2,2008,Thriller|Horror|Drama,6.0,35,0.9068,ja
58664,Mostly Ghostly,2008,Family|Fantasy|Horror,6.205,56,1.1016,en
8929,Johnny Mad Dog,2008,Drama|History|War,6.1,65,1.0229,en
13042,Presto,2008,Animation|Family|Comedy,7.794,1072,0.8869,en
514133,Andaleeb El Dokki,2008,Comedy,6.0,23,0.8064,ar
16342,The Children,2008,Horror|Mystery|Thriller,6.1,416,0.9225,en
57859,Night and Day,2008,Drama,7.0,42,0.9215,ko
20034,Hush,2008,Thriller|Horror|Action,5.615,161,0.8393,en
38326,Yuri's Day,2008,Mystery|Drama,6.037,27,1.0818,ru
27996,Dr. Dolittle: Tail to the Chief,2008,Comedy|Family|Fantasy,5.306,196,1.1876,en
14806,Impulse,2008,Mystery|Thriller|Drama,4.9,43,1.0422,en
52415,Crush and Blush,2008,Comedy|Drama,6.3,24,0.7728,ko
188205,Engine Sentai Go-Onger: Boom Boom! Bang Bang! Movie BANG!,2008,Action|Adventure|Science Fiction|Family,6.95,10,0.9083,ja
16207,Dark Honeymoon,2008,Horror|Mystery|Thriller,3.2,13,1.6263,en
41922,On the Other Hand  Death: A Donald Strachey Mystery,2008,Crime|Thriller|Mystery,5.4,24,1.1233,en
40580,Hello  Schoolgirl,2008,Comedy|Drama,6.9,52,0.8314,ko
13107,Henry Poole Is Here,2008,Comedy|Drama,5.901,187,1.0617,en
15975,Oye Lucky! Lucky Oye!,2008,Action|Comedy,7.0,91,1.1336,hi
14503,Bachelor Party 2: The Last Temptation,2008,Comedy,4.7,63,1.2327,en
60834,Fit Lover,2008,Romance|Comedy,3.7,11,0.6604,zh
13797,Feast II: Sloppy Seconds,2008,Horror|Action|Comedy|Thriller,5.209,199,1.055,en
12832,A Woman in Berlin,2008,Drama|War|History,6.588,68,1.0317,de
10183,Frozen River,2008,Drama|Crime,6.645,355,1.0081,en
58885,Tactical Unit - The Code,2008,Thriller|Crime|Action,6.9,14,0.8896,cn
9017,Outpost,2008,Action|Adventure|Horror,5.855,266,0.8977,en
14579,Lake City,2008,Action|Drama,5.4,13,1.6881,en
23129,Cold Lunch,2008,Drama,3.8,13,1.146,no
24328,Tokyo Mater,2008,Animation|Comedy|Family|Action|Adventure,6.389,153,1.0947,en
20764,Sleep Dealer,2008,Drama|Science Fiction|Thriller,5.9,129,1.8781,en
8886,Palermo Shooting,2008,Drama,6.214,63,1.8289,de
712352,Foster's Home for Imaginary Friends: Destination Imagination,2008,Animation|Adventure|Comedy|TV Movie|Family|Fantasy,7.333,15,0.8183,en
18031,Dark Matter,2008,Drama|History,5.551,69,1.7239,en
32486,Hana Yori Dango: Final,2008,Romance|Comedy|Drama,7.932,95,1.0435,ja
29695,iMurders,2008,Drama|Horror|Mystery|Thriller,3.4,22,2.2235,en
22809,Storm Rider: Clash Of The Evils,2008,Animation|Action,5.525,20,0.9086,cn
15511,The Pirates Who Don't Do Anything: A VeggieTales Movie,2008,Adventure|Animation|Comedy|Family|Fantasy,5.7,83,1.0044,en
53245,Yeti: Curse of the Snow Demon,2008,Horror|Action|Adventure,4.18,64,0.9727,en
13277,Contract Killers,2008,Action,4.85,20,2.1032,en
20722,La Maison en Petits Cubes,2008,Animation|Drama,7.907,463,0.8465,ja
16511,The Deal,2008,Comedy,5.4,72,1.0544,en
17143,Fast Track: No Limits,2008,Action|Thriller,5.936,78,1.0527,en
8060,Married Life,2008,Crime|Drama|Romance,5.761,174,0.8857,en
13990,The Wackness,2008,Drama|Comedy|Romance,6.415,310,0.689,en
50318,Go Go Tales,2008,Comedy|Drama,5.657,54,0.8895,en
20832,Krazzy 4,2008,Comedy|Crime,4.926,34,1.5324,hi
55788,Hellcats,2008,Drama|Romance,5.4,14,0.837,ko
26153,God Tussi Great Ho,2008,Comedy|Drama|Fantasy,4.185,54,0.6553,hi
33871,Merry Christmas  Drake & Josh,2008,Comedy|Family|TV Movie,7.3,230,0.8486,en
35789,Alibi,2008,Comedy|Romance,4.8,27,1.0447,nl
51549,All Around Us,2008,Drama,7.4,17,0.8853,ja
16005,The Lucky Ones,2008,Comedy|Drama|History,6.386,193,0.9042,en
31103,MTV Unplugged: Julieta Venegas,2008,Music,8.1,24,0.9968,en
19688,Middle of Nowhere,2008,Comedy|Drama,5.778,79,0.987,en
22819,American Son,2008,Drama,4.31,21,0.8628,en
19063,Ikigami: The Ultimate Limit,2008,Drama,6.595,37,0.8687,ja
17027,Shuttle,2008,Thriller|Crime|Mystery|Horror,5.317,150,0.8064,en
35081,The Sensei,2008,Action|Drama,4.375,12,2.242,en
27621,The Cheetah Girls: One World,2008,Family|Comedy|Drama|Music|TV Movie,6.114,341,0.862,en
41752,Wild Ocean,2008,Documentary,7.5,10,0.8907,en
60988,Céline,2008,Music|Drama,5.1,22,1.209,en
49259,Run Papa Run,2008,Drama|Crime|Comedy,5.5,11,0.7587,cn
33842,25 Carat,2008,Thriller,6.0,12,1.0026,en
9510,1½ Ritter - Auf der Suche nach der hinreißenden Herzelinde,2008,Adventure|Comedy,4.33,127,0.8902,de
13003,Gonzo: The Life and Work of Dr. Hunter S. Thompson,2008,Documentary,6.913,132,0.9668,en
79451,Sharpe's Peril,2008,War|Adventure|Drama|History,6.7,25,0.8144,en
22007,Train,2008,Horror|Thriller,5.3,216,0.8229,en
19939,Cape No. 7,2008,Comedy|Drama|Romance,6.5,70,0.8921,zh
188216,Juken Sentai Gekiranger vs. Boukenger,2008,Action|Adventure|Science Fiction|Fantasy,6.75,14,0.8835,ja
17157,Ace of Hearts,2008,Drama|Family,6.4,26,0.9129,en
43624,Banshee!!!,2008,Horror|Action,4.9,13,1.7686,en
18434,Crazy,2008,Music|Drama|Romance,5.525,20,0.9947,en
10900,Surveillance,2008,Horror|Thriller|Mystery,6.014,358,0.9449,en
8942,Wendy and Lucy,2008,Drama,6.825,359,1.0955,en
19603,Ciao,2008,Drama|Romance,5.6,48,1.0692,en
18089,Miss Austen Regrets,2008,Drama|History|TV Movie,6.108,65,0.8269,en
47110,Strictly Non-Graphic,2008,Comedy,5.3,16,1.0084,el
16193,U-900,2008,Comedy,4.417,18,1.6694,de
34440,Muay Thai Giant,2008,Action|Comedy,7.1,28,0.9054,th
15440,Cold Prey II,2008,Horror|Mystery|Thriller,6.337,292,0.8185,no
15706,Another Gay Sequel: Gays Gone Wild!,2008,Comedy|Romance,5.7,139,1.1016,en
29220,Odysseus & the Isle of Mists,2008,Adventure|Fantasy,6.2,71,0.9887,en
17144,Exit Speed,2008,Action|Thriller,5.2,55,0.7386,en
14192,Living Hell,2008,Action|Horror|Science Fiction|Thriller|TV Movie,5.256,82,0.9879,en
14871,Make It Happen,2008,Music|Romance|Drama|Comedy,6.013,305,1.0419,en
13692,August,2008,Drama,5.192,65,0.7883,en
14575,The Crew,2008,Drama|Action|Thriller|Crime,5.978,67,0.7584,en
38846,The Beautiful Person,2008,Drama|Comedy,6.472,233,1.0416,fr
14524,Cass,2008,Crime|Drama,5.9,77,1.0407,en
36188,10 Promises to My Dog,2008,Drama,6.7,28,0.9389,ja
79278,The Scissors Massacre,2008,Horror|Drama|Thriller,5.6,23,0.6737,ja
16710,Meet the Browns,2008,Drama|Comedy|Romance,6.674,112,0.9926,en
14859,Keith,2008,Drama|Romance,7.041,480,0.7334,en
32790,The Good Witch,2008,Family|Fantasy|Drama|TV Movie,7.048,155,0.9892,en
14467,Jaane Tu... Ya Jaane Na,2008,Drama|Comedy|Romance,6.836,171,0.7936,hi
57415,Nanny Doody,2008,Comedy|Crime,4.4,18,0.9571,ar
25423,Kung Fu Killer,2008,Action|Drama|Thriller|TV Movie,4.9,27,0.7853,en
18505,Grizzly Park,2008,Horror|Comedy,4.683,71,1.9463,en
39278,Missing,2008,Horror|Fantasy|Thriller|Romance,4.6,17,0.8909,cn
15125,Dante 01,2008,Science Fiction,4.918,141,1.1625,fr
8279,Paris,2008,Drama,6.469,357,1.2005,fr
13578,Harold,2008,Comedy,5.5,46,0.9018,en
16194,Not Quite Hollywood,2008,Comedy|Documentary,6.763,95,0.8915,en
55956,God's Puzzle,2008,Science Fiction,6.1,18,0.808,ja
18056,The Take,2008,Action|Thriller|Drama|Mystery,5.367,49,0.7617,en
18291,Cyborg Soldier,2008,Action|Adventure|Science Fiction|Thriller,4.5,23,0.8457,en
75886,Pedro,2008,Drama,5.0,14,1.5128,en
25781,A Raisin in the Sun,2008,Drama|TV Movie,6.1,36,0.852,en
46019,Pilgrim's Progress,2008,Adventure|Fantasy,7.865,37,1.0191,en
32243,Crash and Burn,2008,TV Movie|Action|Thriller|Crime,4.2,15,0.8029,en
19482,My Dear Enemy,2008,Comedy|Romance|Drama,6.8,26,0.8332,ko
12411,Disgrace,2008,Drama,6.228,88,1.0203,en
15527,Otis,2008,Comedy|Horror,5.472,90,0.6966,en
26969,8 Dates,2008,Comedy,5.176,17,0.8015,es
86350,MAID-DROID,2008,Drama|Science Fiction|Thriller,4.3,15,0.9465,ja
88043,The Handsome Suit,2008,Comedy|Drama|Romance,5.6,18,0.7596,ja
59035,Street Racer,2008,Action,4.05,20,0.893,en
19627,My Mighty Princess,2008,Comedy|Romance,6.677,31,0.7318,ko
29896,Never Cry Werewolf,2008,Horror,5.4,91,0.855,en
14565,Love Lies Bleeding,2008,Action|Crime|Thriller,6.1,42,0.6259,en
64130,The Rainbow Tribe,2008,Drama|Family,5.8,16,0.7644,en
30843,Antique,2008,Comedy|Drama|Romance,6.238,65,0.7956,ko
15936,Just Add Water,2008,Comedy|Drama,5.0,64,0.9327,en
16867,Gardens of the Night,2008,Crime|Drama,6.2,80,0.8196,en
13610,Christmas Cottage,2008,Drama|Romance|Family,6.291,55,1.0028,en
48828,Our School's E.T.,2008,Comedy,6.5,11,0.7023,ko
63907,Reykjavik-Rotterdam,2008,Action|Thriller,6.298,52,1.2681,is
37134,Street Warrior,2008,Action,4.5,20,0.9132,en
8905,Three Monkeys,2008,Drama|Thriller,6.808,227,0.8703,tr
54669,Tears of April,2008,Romance|Drama|War,6.0,26,0.758,fi
240542,Innathe Chintha Vishayam,2008,Family|Drama,4.9,11,0.953,ml
13522,Arn: The Kingdom at Road's End,2008,Action|Adventure|Drama|History,6.28,123,0.977,sv
58791,Bone Eater,2008,Horror|TV Movie,3.419,37,1.9354,en
35429,The Hive,2008,Horror|Science Fiction|Action,4.1,38,1.7758,en
134754,Critic,2008,Documentary,7.9,19,1.9472,pt
68308,Paco and the Magical Book,2008,Comedy|Drama,6.9,23,0.9173,ja
27283,Sappho,2008,Drama|Romance,4.3,55,0.7725,uk
22419,Camille,2008,Comedy|Drama|Romance,6.2,111,0.8303,en
28704,Diminished Capacity,2008,Comedy|Drama,5.6,19,1.4548,en
63287,The Poker House,2008,Drama,6.2,146,0.9034,en
26728,Garfield's Fun Fest,2008,Family|Comedy|Adventure|Animation,4.991,56,0.709,en
29192,The Missing Lynx,2008,Animation|Family|Adventure|Comedy,6.3,36,0.9573,es
15801,What Doesn't Kill You,2008,Action|Crime|Drama,6.0,223,0.977,en
99214,Rated R,2008,Drama,5.278,18,0.6256,es
74723,Dog Gone,2008,Comedy|Family,6.475,40,0.8386,en
29406,Trucker,2008,Drama,5.889,81,0.7987,en
41533,Climber's High,2008,Drama,6.1,12,0.8903,ja
20036,The Prince & Me: A Royal Honeymoon,2008,Romance|Comedy,5.664,134,0.8614,en
26792,Grozovye vorota,2008,Drama|History|Action,6.1,27,0.553,ru
8832,Il Divo,2008,Drama,7.622,1187,0.9367,it
18635,One Week,2008,Adventure|Drama,6.827,139,0.6782,en
17728,Wieners,2008,Comedy,4.4,67,0.7153,en
17003,Sugar,2008,Drama,6.579,76,0.9637,en
15741,Dorothy Mills,2008,Drama|Thriller|Mystery|Horror,6.035,260,0.8577,en
16309,Monster,2008,Action|Horror|Science Fiction,3.2,30,1.8189,en
18613,Fugitive Pieces,2008,Drama,6.194,33,0.9759,en
17004,Ba'al,2008,Fantasy|Adventure|TV Movie|Action,4.0,28,0.6347,en
14252,Vice,2008,Action|Thriller|Crime,4.5,23,1.992,en
14075,The Fifth Commandment,2008,Adventure|Action|Thriller|Crime,5.651,43,0.7793,en
69726,The Chasing World,2008,Horror|Mystery|Science Fiction,5.7,21,0.7161,ja
50714,Reflections,2008,Thriller|Crime,4.2,17,1.8487,de
73104,The Desert Within,2008,Drama,5.0,15,0.8461,es
20497,Ballet Shoes,2008,Drama|Family,6.356,271,0.9115,en
51751,Playboy Cops,2008,Action|Romance|Thriller,5.3,15,0.7481,cn
16890,The Guitar,2008,Romance|Drama|Music,5.537,54,0.6643,en
42982,Robot Chicken: Star Wars Episode II,2008,Science Fiction|Animation|Comedy|Action|Adventure|Fantasy|TV Movie,7.546,153,0.9391,en
2324,Local Color,2008,Drama,6.367,30,0.6602,en
19079,Phoebe in Wonderland,2008,Drama,7.199,166,0.638,en
17622,Fifty Dead Men Walking,2008,Action|Thriller,6.308,172,0.7634,en
71443,The Hustle,2008,Comedy,6.3,14,0.789,en
24421,Stag Night,2008,Action|Horror|Thriller,4.8,107,0.8086,en
14232,Humboldt County,2008,Comedy|Drama,5.6,41,0.8101,en
29751,Batman Unmasked: The Psychology of The Dark Knight,2008,Documentary,7.463,54,0.7964,en
55715,Fast Girl,2008,Drama|Family,5.9,15,1.2581,en
12273,Singh Is Kinng,2008,Action|Comedy,5.668,110,0.7975,hi
16891,Nems Bond,2008,Comedy|Action,4.9,13,0.7094,ar
25852,Nothing Like the Holidays,2008,Comedy|Drama|Romance,6.326,72,0.5774,en
24450,Pretty Ugly People,2008,Comedy,4.3,42,0.6649,en
16324,Fatso,2008,Comedy|Drama,5.514,74,0.7821,no
281984,Topless,2008,Drama|Romance,5.0,11,0.6952,ja
15662,Quid Pro Quo,2008,Mystery|Drama|Thriller,5.292,53,0.5979,en
12404,Me and Orson Welles,2008,Drama|History|Comedy,6.367,211,0.8159,en
19222,Parasomnia,2008,Horror|Thriller,4.944,72,0.9033,en
26752,Silent Wedding,2008,Comedy|Drama|History,7.247,85,1.3275,ro
409334,Tokyo Train Girls 3: The Sensuous Nurse,2008,Drama,4.4,11,0.7677,ja
20055,The Betrayed,2008,Crime|Drama|Mystery|Thriller,5.553,57,0.9158,en
81391,252: Signal of Life,2008,Action|Adventure|Drama,6.036,14,0.7637,ja
31590,Legacy,2008,Comedy|Crime|Drama|Mystery,3.283,30,0.7411,en
15926,Beer for My Horses,2008,Action|Comedy,4.725,40,0.7742,en
71907,The Circuit,2008,Drama|Action|Family|TV Movie,5.3,24,0.7924,en
17005,Bitten,2008,Comedy|Horror|Romance|Thriller|Crime|Action,5.444,80,0.8198,en
197077,School Days with a Pig,2008,Comedy|Drama,7.364,11,0.9198,ja
62737,The Best Movie,2008,Comedy,3.842,76,0.9007,ru
75677,The Equation of Love and Death,2008,Crime|Drama|Romance,7.3,49,0.6866,zh
41500,Lady Cop & Papa Crook,2008,Comedy|Crime|Thriller,6.0,10,0.6895,cn
7860,Lemon Tree,2008,Drama,6.979,120,0.6906,he
10378,Big Buck Bunny,2008,Animation|Comedy|Family,6.5,196,1.0156,en
19197,Mum & Dad,2008,Horror|Thriller,5.646,140,0.7432,en
40692,Ready? OK!,2008,Comedy|Family,6.0,11,0.7378,en
22774,Valentino: The Last Emperor,2008,Documentary,6.535,43,0.8343,en
137517,Lost and Found,2008,Romance|Comedy,6.1,12,0.8108,ko
142252,Kids,2008,Fantasy|Drama,5.9,13,0.7443,ja
8652,Dream,2008,Drama|Mystery|Fantasy|Romance,6.636,77,0.7042,ko
20033,Mulligans,2008,Drama|Romance,6.2,100,0.9751,en
107185,Metal Man,2008,Action|Science Fiction,2.167,24,1.6099,en
39279,AM1200,2008,Horror,7.13,23,0.8526,en
16031,Little Soldier,2008,Drama,4.857,14,1.9286,da
14476,Clubbed,2008,Drama|Action|Thriller|Crime,6.678,73,0.7449,en
16929,Journey to the Center of the Earth,2008,Family|Action|Adventure|Science Fiction,4.811,66,0.7552,en
36726,Waitresses Wanted,2008,Action|Thriller,4.2,10,0.6723,fr
35695,Welcome to Sajjanpur,2008,Comedy,5.6,22,0.7461,hi
29299,The Invincible,2008,Action,4.9,27,0.959,ru
38473,Tombstone of the Fireflies,2008,Drama|War,7.4,16,0.7492,ja
20471,The Mysteries of Pittsburgh,2008,Adventure|Comedy|Drama,4.2,53,0.951,en
22731,Pig Hunt,2008,Action|Horror|Thriller,4.7,53,2.1557,en
111188,Extraordinary Stories,2008,Drama,7.735,49,0.7228,es
13429,Donkey Punch,2008,Horror|Drama|Thriller|Crime,4.737,167,0.7215,en
51284,Morphine,2008,Drama,6.792,84,0.7119,ru
17094,The Tour,2008,Adventure|Comedy|Action,6.8,17,0.681,sr
14795,Baby Blues,2008,Drama|Horror|Thriller,6.02,102,0.9323,en
12683,Alone in the Dark 2,2008,Action|Fantasy|Horror,3.565,112,0.7494,en
27440,Save Me,2008,Drama,6.1,31,0.6402,en
15467,Kismat Konnection,2008,Drama|Comedy|Romance,4.838,65,0.8386,hi
18464,Lovers of 6 Years,2008,Romance|Drama,6.2,13,0.869,ko
13577,Lower Learning,2008,Comedy,4.603,63,0.7202,en
16382,Tear This Heart Out,2008,Romance|Drama,7.865,126,0.8265,es
26772,Flick,2008,Horror,3.955,11,0.6526,en
27486,Voodoo Dollz,2008,Comedy|Horror,4.1,11,1.7235,en
16268,War of the Worlds 2: The Next Wave,2008,Action|Science Fiction|Adventure,3.697,66,0.9022,en
15838,Sunshine Barry & the Disco Worms,2008,Family|Animation|Comedy,5.4,45,0.6493,da
19402,Wisegal,2008,Drama|Crime|TV Movie,5.444,27,0.854,en
13955,Beethoven's Big Break,2008,Family|Comedy,5.185,162,0.8573,en
21790,Killing Ariel,2008,Horror|Thriller,5.026,19,1.8238,en
93458,Thomas & Friends: The Great Discovery,2008,Family,5.6,25,0.9983,en
44576,Anne of Green Gables: A New Beginning,2008,Drama|Family|TV Movie,5.7,17,0.8694,en
17593,Rough Cut,2008,Action|Crime|Drama,6.9,92,0.7728,ko
14071,Dostana,2008,Drama|Comedy|Romance,6.142,169,0.7061,hi
21179,American Violet,2008,Drama,6.7,40,0.6252,en
17031,Dragonlance: Dragons of Autumn Twilight,2008,Animation|Fantasy|Action|Adventure,5.5,46,0.8299,en
157916,Blackadder Exclusive: The Whole Rotten Saga,2008,Comedy|Documentary|TV Movie,7.8,11,0.6595,en
26233,April Fool's Day,2008,Horror,4.262,104,0.8174,en
33338,The Underdog Knight,2008,Action|Crime,6.6,35,0.6586,zh
33572,Lost and Found,2008,Family|Animation,7.76,25,3.701,en
15912,The Square,2008,Crime|Drama|Thriller,6.1,111,0.6717,en
16999,Fire and Ice: The Dragon Chronicles,2008,Drama|Fantasy|Adventure,5.144,73,0.9198,en
49556,Crossing,2008,Drama,7.1,38,0.6509,ko
44837,Forever Enthralled,2008,Drama|History,6.2,30,0.7757,zh
170839,Cabareeh,2008,Drama,7.0,21,0.7503,ar
16135,Mister Lonely,2008,Comedy|Drama,6.551,138,0.6656,en
31262,The Man from London,2008,Mystery|Crime|Drama,7.1,105,0.6643,hu
15974,Bhoothnath,2008,Family|Comedy,6.217,122,0.6386,hi
14546,Golmaal Returns,2008,Comedy,5.458,130,0.9246,hi
103806,The Promise,2008,Drama|Thriller|Romance,4.8,11,0.59,ar
70798,The Monster X Strikes Back: Attack the G8 Summit,2008,Comedy|Science Fiction|Horror,4.9,16,0.7255,ja
160720,City Without Baseball,2008,Drama,4.7,10,0.7413,cn
14196,Garden Party,2008,Drama,5.8,81,0.8185,en
147552,DIVE!!,2008,Comedy,6.0,14,0.7053,ja
17175,The Last Word,2008,Drama|Romance,5.8,75,0.7633,en
14772,The Memory Keeper's Daughter,2008,Drama|TV Movie,6.5,40,0.9956,en
27190,A Muppets Christmas: Letters to Santa,2008,Family|Comedy|Adventure|TV Movie,5.957,75,0.7581,en
18676,The Lost Treasure of the Grand Canyon,2008,Adventure|Fantasy|Horror|TV Movie,3.926,34,0.5474,en
31201,Lost City Raiders,2008,Adventure|Action|Thriller|Science Fiction,4.646,72,0.656,en
50341,The Divine Weapon,2008,Action|Adventure|History,6.4,42,0.7849,ko
17330,The Black Swindler,2008,Crime|Drama|Thriller|Action,5.786,14,0.785,ja
438679,Nodame Cantabile in Europe,2008,Drama|Comedy,7.7,15,0.7725,ja
53033,Poppy Shakespeare,2008,Drama,6.8,12,0.7838,en
37223,Onechanbara: Bikini Samurai Squad,2008,Action|Horror|Science Fiction,4.9,42,0.775,ja
62895,Ai que Vida!,2008,Comedy|Romance,7.7,23,0.6474,pt
34129,Shrill Cries of Summer,2008,Drama|Horror|Comedy,5.4,29,0.6534,ja
76209,Transit Prisoner,2008,Thriller|Drama|Adventure,6.0,16,0.6969,ar
112443,Husband for Hire,2008,Comedy|TV Movie|Romance,5.3,10,0.7761,en
19624,Fashion,2008,Drama|Romance,6.441,94,0.7219,hi
18431,Forever the Moment,2008,Drama,6.6,19,0.628,ko
18117,Dean Spanley,2008,Comedy|Drama,7.4,68,0.7353,en
28424,The Loss of a Teardrop Diamond,2008,Drama|Romance,5.3,48,1.0298,en
35452,Miao Miao,2008,Comedy|Drama|Romance,5.7,30,0.6819,zh
253353,Hannah Montana & Miley Cyrus: Best of Both Worlds Concert,2008,Documentary|Music,5.9,87,0.6684,en
20933,Gospel Hill,2008,Drama|Mystery|Thriller,4.7,27,0.7966,en
73198,Queen Sized,2008,Drama|Family|Comedy|TV Movie,4.8,17,0.846,en
18034,A Bunch of Amateurs,2008,Comedy,5.667,21,0.5666,en
62459,iCarly: iGo to Japan,2008,Comedy|Family|TV Movie|Adventure,6.792,183,0.873,en
52389,Rule Number One,2008,Action|Horror,6.0,27,0.7393,cn
17081,Final Approach,2008,Thriller|Action|TV Movie,5.1,22,1.2109,en
44320,Clandestinos,2008,Drama|Thriller,5.1,23,1.7773,es
5759,Baghead,2008,Comedy|Drama|Horror,5.8,129,0.7126,en
52651,Legend of the Tsunami Warrior,2008,Action|Adventure|Fantasy|History,5.987,39,0.7746,th
61222,Home,2008,Drama,6.888,152,0.6239,fr
348869,Passion,2008,Drama,6.1,38,0.693,ja
14145,Dark Floors,2008,Fantasy|Horror,4.917,144,0.9301,fi
178002,Hidden Treasure of the Mississippi,2008,Adventure|Comedy,6.6,13,0.749,en
25329,The Echo,2008,Horror|Thriller|Drama|Mystery,6.05,189,0.7185,en
9736,Love Me No More,2008,Drama,7.079,209,0.8692,fr
8896,Delta,2008,Drama,5.286,21,0.5839,hu
14556,Anything for Her,2008,Drama|Thriller,6.978,299,0.5871,fr
13735,Hikers in Saint-Tropez,2008,Comedy,4.981,81,0.7212,fr
262833,Ani*Kuri15,2008,Adventure|Animation|Comedy|Drama|Family|Fantasy,6.3,38,0.6753,ja
317190,Doctor Who: The Next Doctor,2008,Science Fiction|TV Movie|Mystery|Adventure|Fantasy,7.4,229,0.6235,en
39257,1234,2008,Comedy|Music|Romance|Drama,5.4,10,1.5516,en
27693,Emotional Arithmetic,2008,Drama,5.5,17,1.0425,en
8935,Parking,2008,Drama,6.3,26,0.5294,zh
416452,Clown,2008,Thriller|Horror,4.4,14,0.6186,en
48397,Beyond Loch Ness,2008,Science Fiction|Horror|Mystery|TV Movie,4.5,51,0.7811,en
56816,The Visitor,2008,Drama,6.2,20,0.653,fi
26381,Christmas Town,2008,Fantasy|Drama|Action|Comedy|Thriller|Family|TV Movie,4.9,25,1.8175,en
14216,Rigged,2008,Drama|Action|Thriller|Crime,5.1,29,0.5522,en
36151,Viva High School Musical: Argentina,2008,Comedy|Romance|Music|TV Movie,6.5,19,0.7682,es
12169,The First Day of the Rest of Your Life,2008,Drama,7.481,513,0.857,fr
26796,Telstar: The Joe Meek Story,2008,Drama|Music,5.5,32,0.7548,en
13058,Adulthood,2008,Crime|Drama,6.2,144,0.8338,en
22274,Quiet Chaos,2008,Romance|Drama,6.465,202,0.7826,it
16923,Merlin and the War of the Dragons,2008,Fantasy|Action|Adventure,4.0,39,0.7594,en
15991,Bad Biology,2008,Horror|Comedy,4.6,147,0.8051,en
14530,American Crude,2008,Comedy|Drama,4.1,35,0.8011,en
14053,Slap Shot 3: The Junior League,2008,Action|Adventure|Comedy,5.014,37,0.6405,en
139667,Blank Slate,2008,Crime|Thriller|Drama|TV Movie,6.9,11,0.6628,pl
8892,A Christmas Tale,2008,Comedy|Drama,6.8,171,0.6241,fr
57982,Sonic: Night of the Werehog,2008,Adventure|Animation|Comedy|Family|Fantasy|Horror,6.908,49,0.6377,ja
117029,Bujjigaadu: Made in Chennai,2008,Drama|Romance|Action,5.45,20,0.7675,te
20181,Tunnel Rats,2008,Action|Drama|War,5.0,88,0.8332,en
56109,Swamp Devil,2008,Horror|Science Fiction|Action,3.6,28,0.6816,en
35626,Return to Sleepaway Camp,2008,Horror|Comedy,5.754,342,0.9136,en
13636,Bigger Stronger Faster*,2008,Documentary,6.8,135,0.5831,en
182596,Boshkash,2008,Comedy,6.0,20,0.61,ar
58096,Killer Pad,2008,Comedy|Horror,3.8,39,0.6214,en
30023,Adventures of Power,2008,Comedy|Music,4.9,23,0.6854,en
14847,Miss Conception,2008,Comedy|Romance,4.3,57,0.6407,en
54389,Saroja,2008,Comedy|Thriller,6.8,18,0.7405,ta
15932,The Candidate,2008,Thriller,5.5,42,0.6466,da
66060,Vacation,2008,Drama,7.0,10,0.6496,ja
36153,Bigfoot,2008,Family|Adventure,5.6,18,0.7156,en
14555,Sagan,2008,Drama,6.2,50,1.5782,fr
45830,Behind the Wall,2008,Thriller|Horror,4.4,28,0.6532,en
26471,SEAL Team VI,2008,Action|Drama,4.25,14,0.6804,en
37432,Fab Five: The Texas Cheerleader Scandal,2008,Drama|TV Movie,5.836,64,0.7685,en
35358,Three Blind Mice,2008,Romance|Drama|Comedy,5.3,11,0.4414,en
115306,Ricky Rapper,2008,Comedy|Music|Family,4.8,10,0.5817,fi
23385,New Town Killers,2008,Thriller|Drama,5.7,42,0.6903,en
255577,Black Widow,2008,Thriller|Crime|Mystery|TV Movie,4.7,15,1.8424,en
52323,Touching Home,2008,Drama,6.5,14,1.6478,en
56553,Rescue Squad Mater,2008,Animation|Family|Comedy,5.936,101,0.4931,en
20382,Visioneers,2008,Comedy|Drama|Science Fiction,5.657,121,0.6233,en
39038,The Nutty Professor,2008,Animation|Comedy|Family,4.8,19,0.7,en
17762,Geisha Assassin,2008,Action,5.0,13,0.4935,ja
15068,80 Minutes,2008,Action|Thriller|Crime,3.7,20,0.8577,en
69515,Yaaradi Nee Mohini,2008,Family|Drama|Action,7.0,30,0.5821,ta
120529,Chelsea on the Rocks,2008,Documentary,5.6,11,0.5543,en
50621,8,2008,Drama,5.344,16,0.604,it
96954,The Devil's Game,2008,Thriller|Drama,5.7,33,0.5688,ko
4644,The Year of Getting to Know Us,2008,Comedy|Drama,3.9,23,0.624,en
25038,2:22,2008,Thriller,5.2,52,0.7704,en
15199,Rent: Filmed Live on Broadway,2008,Drama|Romance|TV Movie,7.942,86,0.8206,en
36496,Ring of Death,2008,Action|Thriller|TV Movie,4.8,25,0.6688,en
14255,Pulse 3,2008,Horror|Thriller,4.6,77,0.7379,en
30713,Shiver,2008,Horror|Thriller,6.1,102,0.648,es
16925,Scourge,2008,Drama|Horror|Mystery|Science Fiction,4.3,31,0.9269,en
57836,Hassan and Marcus,2008,Drama,6.6,37,0.7246,ar
6461,Cherry Blossoms,2008,Drama|Romance,7.3,114,0.7507,de
16926,Prairie Fever,2008,Action|Western|TV Movie,4.567,18,1.882,en
39277,All About Women,2008,Romance|Comedy,5.5,13,0.8639,zh
59719,Lupin the Third: Sweet Lost Night,2008,Action|Animation|Comedy|TV Movie|Crime,6.843,35,0.5536,ja
12135,Left Bank,2008,Drama|Horror|Mystery,5.667,51,0.4696,nl
67362,The Last Lullaby,2008,Drama|Mystery,6.7,13,0.6553,en
54330,Baby and Me,2008,Comedy|Family,6.424,72,0.675,ko
41362,Princess,2008,Fantasy|Family,6.183,58,0.6828,en
14751,Dasvidaniya,2008,Comedy|Drama,7.03,33,0.8256,hi
74175,Ain't No Tomorrows,2008,Drama|Comedy,6.4,13,0.6704,ja
34494,Sorry if I Love You,2008,Comedy,5.966,728,0.5961,it
19066,Rest Stop: Don't Look Back,2008,Horror,6.08,138,0.968,en
20107,Bart Got a Room,2008,Comedy|Drama|Romance,5.66,75,0.5073,en
14212,Pulse 2: Afterlife,2008,Drama|Horror|Science Fiction,4.3,95,0.8912,en
16877,The 39 Steps,2008,Thriller|Mystery|Adventure|TV Movie,6.6,26,0.4554,en
27258,Home Movie,2008,Drama|Horror|Thriller,5.0,104,0.6649,en
13180,Zeitgeist: Addendum,2008,Documentary|History|War,7.213,263,0.633,en
21777,Blood Brothers,2008,Thriller,5.5,10,1.6346,nl
186567,Gotham Uncovered: Creation of a Scene,2008,Documentary,7.0,11,0.71,en
27943,Dance of the Dragon,2008,Drama|Romance,6.364,11,0.5684,ko
165683,Reigo: King of the Sea Monsters,2008,Science Fiction|Fantasy,6.083,18,0.6068,ja
18516,Adam Resurrected,2008,Drama|War,6.142,106,0.6072,en
14415,Séraphine,2008,History|Drama,6.756,135,0.7118,fr
66943,25th Anniversary Studio Ghibli Concert,2008,Music,9.257,37,0.7832,ja
134261,South of the Moon,2008,Drama,6.3,10,0.8056,en
24202,Blind Date,2008,Drama|Romance,4.85,20,0.6108,en
24917,Toxic Skies,2008,Action|Adventure|Drama|Science Fiction|Thriller,4.4,33,0.6881,en
15339,Born in 68,2008,Drama,5.7,32,0.544,fr
35830,The Most Wonderful Time of the Year,2008,TV Movie|Drama|Romance,6.408,71,0.5167,en
127445,Rain,2008,Drama,5.5,17,1.5404,es
42938,The Clone Returns Home,2008,Drama|Science Fiction,5.8,34,0.5872,ja
264139,Harold & Kumar Go to Amsterdam,2008,Comedy,6.486,37,0.5635,en
38336,Hipsters,2008,Drama|Romance,6.496,113,0.5591,ru
20263,An American Affair,2008,Drama,5.974,39,2.0534,en
20016,Trailer Park of Terror,2008,Horror,4.809,93,0.6239,en
108523,Children of the Dark,2008,Drama,6.3,11,0.5958,en
15451,Revanche,2008,Crime|Drama|Romance|Thriller,7.164,250,0.6891,de
24191,The Man Who Loves,2008,Drama,5.8,50,0.6034,it
56575,The Way We Are,2008,Drama,7.074,34,0.7195,cn
41641,Fashion Victim,2008,Thriller,3.4,17,0.7266,en
49230,InAlienable,2008,Science Fiction|Thriller,3.056,18,0.5778,en
14149,The Four Horsemen,2008,Drama|Action|War,3.8,14,0.5273,en
36172,Negative Happy Chain Saw Edge,2008,Action|Comedy|Drama|Fantasy|Horror|Romance,6.1,11,0.5747,ja
17888,Dasavatharam,2008,Action|Adventure,6.568,59,0.5202,ta
22492,It Might Get Loud,2008,Documentary|Music,7.179,195,0.6832,en
15201,Skin,2008,Drama|History|Family,6.327,26,1.3004,en
49957,Carts of Darkness,2008,Documentary,6.9,15,0.6413,en
20268,Last Stop 174,2008,Drama|Crime,7.2,191,0.6107,pt
77411,Winds of September,2008,Drama,6.1,15,0.4899,zh
29147,Linkin Park: Road to Revolution - Live at Milton Keynes,2008,Music,8.217,23,0.6525,en
17008,Die Geschichte vom Brandner Kaspar,2008,Comedy|Drama,6.6,33,0.5511,de
14298,Somers Town,2008,Comedy|Drama,6.822,101,1.5646,en
29972,24 City,2008,Drama|Documentary,7.0,63,0.5495,zh
13017,Unstable Fables: Tortoise vs. Hare,2008,Animation|Family|Comedy,5.8,32,1.0039,en
13941,Take,2008,Crime|Drama|Thriller,5.33,30,0.4747,en
68161,The Coverup,2008,Crime|Drama|Mystery,4.5,11,0.6276,en
15179,Patrik  Age 1.5,2008,Drama|Comedy,6.7,118,0.6475,sv
37417,A Son of the Sun,2008,Comedy,6.5,35,0.6076,tr
19672,Rock On!!,2008,Drama,6.846,107,0.4941,hi
46651,Romance,2008,Romance,7.4,23,0.7453,pt
47497,Expecting Love,2008,Romance|Comedy,5.2,13,0.5312,pl
25912,Sakwa,2008,Drama|Romance,7.0,11,0.5935,ko
13128,Sweet Rain: Accuracy of Death,2008,Comedy|Drama|Fantasy,7.1,31,0.7319,ja
59290,Polar Opposites,2008,Action|TV Movie,4.273,11,0.4228,en
73501,A Plumm Summer,2008,Adventure|Family,5.8,14,0.504,en
347290,Pamela: secretos de una pasión,2008,Drama,5.5,11,0.538,es
52426,Heartbreak Library,2008,Romance,6.4,11,0.5332,ko
14921,Three and Out,2008,Drama|Comedy,5.524,41,0.534,en
20044,Hard Revenge  Milly,2008,Horror|Action|Thriller,5.4,20,0.4808,ja
14078,Morgan Pålsson - World Reporter,2008,Comedy,5.348,23,0.5817,sv
39401,The Secrets of Jonathan Sperry,2008,Drama|Family,6.9,22,0.5169,en
45361,Journey to the Center of the Earth,2008,Action|Adventure|Science Fiction|Fantasy,3.8,41,0.7027,en
40429,Cowards,2008,Drama,5.717,23,1.5055,es
45065,Cruel Restaurant,2008,Comedy|Horror,4.643,21,0.574,ja
99343,Next Floor,2008,Comedy,7.102,231,0.6332,fr
19829,Ninja Cheerleaders,2008,Action|Comedy,4.0,55,0.5904,en
26240,Dying God,2008,Horror|Thriller,3.8,12,0.648,en
71917,Acne,2008,Comedy|Drama,6.0,82,0.5212,es
34883,My Prison Yard,2008,Drama,5.8,18,0.431,es
72489,Drifting Flowers,2008,Drama|Romance,5.7,25,0.4783,zh
22216,Fraternity House,2008,Comedy,2.9,22,0.6955,en
70027,The Wrecking Crew,2008,Music|Documentary,7.3,83,0.5997,en
65337,Public Enemy Returns,2008,Action|Comedy|Crime|Thriller,6.663,43,0.8326,ko
52891,Hitler's Kaput!,2008,Comedy,3.5,55,0.645,ru
40617,Abhiyum Naanum,2008,Drama|Comedy|Family,7.9,13,0.555,ta
23776,Parugu,2008,Romance|Comedy|Family|Drama,5.6,29,0.5582,te
6057,Futureshock: Comet,2008,Drama,5.2,14,0.5465,en
71831,Street Racer,2008,Action|Crime,3.8,29,0.7597,ru
16095,Troubled Water,2008,Drama,7.08,75,1.4973,no
55281,NYC: Tornado Terror,2008,Drama|Action|Science Fiction|Thriller,5.1,55,0.5217,en
144741,Holiday Baggage,2008,Comedy|Drama,5.6,10,0.4196,en
58888,Tactical Unit - Human Nature,2008,Action|Crime|Thriller,6.6,11,0.5548,cn
24555,Evilution,2008,Horror|Science Fiction|Thriller,4.5,21,1.5711,en
17605,Stella,2008,Drama|Romance,6.809,55,1.4851,fr
26970,Between Something & Nothing,2008,Drama,5.0,15,0.4751,en
13993,Turn the River,2008,Drama,5.3,38,0.7119,en
19205,Cthulhu,2008,Horror|Thriller,4.99,50,0.6473,en
69389,Aegan,2008,Action|Romance,4.3,17,0.5092,ta
63403,The Demons of St. Petersburg,2008,Drama,5.5,15,0.4931,it
78124,Impy's Wonderland,2008,Animation|Adventure|Family|Fantasy|Comedy,6.5,37,0.6705,de
63813,Santosh Subramaniam,2008,Comedy|Romance|Family,7.2,27,0.6354,ta
7267,Nothing to Lose,2008,Thriller|Crime,6.6,36,1.7141,nl
54254,The Song of Sparrows,2008,Drama,7.544,79,0.653,fa
2333,Buddenbrooks,2008,Drama|History,5.8,34,0.7779,de
72705,December,2008,Drama,7.0,13,0.3499,pt
37196,The Daisy Chain,2008,Horror|Drama,5.2,66,0.5935,en
58106,The Boy Next Door,2008,Crime|Mystery|Thriller|TV Movie,4.7,22,0.5545,en
84967,Twenty 20,2008,Action|Romance,6.1,29,0.6579,ml
35801,Dr. Jekyll and Mr. Hyde,2008,Drama|Horror|Science Fiction|Thriller,4.6,38,0.6303,en
16513,I-4: Loafing and Camouflage,2008,Action|Comedy,5.4,18,0.5583,el
40052,Wild Blood,2008,Drama|History,5.4,32,0.846,it
199734,5-25-77,2008,Drama|Comedy,6.022,23,1.3301,en
37440,Monster Ark,2008,TV Movie|Fantasy|Horror,4.6,27,0.6143,en
50641,The End of Poverty?,2008,Documentary,7.9,10,0.4031,en
33774,Tony Manero,2008,Drama,6.33,94,0.6097,es
15011,Red Mist,2008,Thriller|Horror,4.9,79,0.5541,en
34478,Dead at 17,2008,Mystery|Thriller|Crime|TV Movie,3.8,14,0.5152,en
102835,The Lost Door,2008,Drama|Thriller,4.9,15,0.5887,en
33009,Remarkable Power,2008,Comedy,3.6,11,0.5112,en
16200,Storm Cell,2008,Action|Horror|Thriller|TV Movie,5.7,56,0.5683,en
20846,Dim Sum Funeral,2008,Comedy|Drama,4.4,13,0.533,en
7210,Hardcover,2008,Comedy,6.923,13,0.4526,de
13276,Deadwater,2008,Action|Thriller|Horror,4.778,18,0.4442,en
57792,Ramy the Protester,2008,Comedy|Romance,5.3,12,0.4269,ar
137578,The 9th Circle,2008,Horror,4.9,41,0.5157,en
49229,Lying,2008,Drama|Family,5.0,10,0.613,en
43296,Hormones,2008,Comedy|Drama|Romance,7.26,25,0.6947,th
12413,Gods,2008,Drama,4.9,16,0.4327,es
115963,Do Re Mi Fa So La Si Do,2008,Romance|Drama,6.0,18,0.5338,ko
31294,Amália,2008,Drama|Music,6.0,17,0.565,pt
24350,Perfect Hideout,2008,Romance|Drama|Action|Thriller,4.5,12,0.6651,en
16611,Blackout,2008,Horror|Thriller,5.4,111,1.6043,en
19886,Dachimawa Lee,2008,Action|Adventure|Comedy|Western,5.857,21,0.6446,ko
17638,Trial by Fire,2008,TV Movie|Drama|Action|Thriller,5.4,18,0.5348,en
79266,Two Birds,2008,Drama|Romance,6.2,33,0.534,is
18787,Finish Line,2008,Crime|Action|Thriller|TV Movie,4.7,25,0.5762,en
57529,Ghost Voyage,2008,Horror|Science Fiction|TV Movie,5.1,24,1.5789,en
17040,Turok: Son of Stone,2008,Action|Animation|Science Fiction,6.19,20,0.4608,en
52571,Riddles of the Sphinx,2008,Science Fiction|Fantasy|TV Movie,4.1,24,0.6467,en
71932,What Is Brazil?,2008,Documentary,6.588,17,0.5376,en
17892,Radeloos,2008,Drama,7.2,14,0.6974,en
13094,Dance of the Dead,2008,Comedy|Horror,5.757,220,0.8251,en
18400,Hello Goodbye,2008,Drama|Comedy|Romance,5.7,21,1.7515,fr
21188,Goat Story,2008,Animation|Comedy,4.525,20,0.5821,cs
19152,Zift,2008,Thriller|Crime|Drama,6.241,56,0.9445,bg
8888,A Year Ago in Winter,2008,Drama,6.305,41,0.5673,de
14143,The Devil's Ground,2008,Horror|Thriller,4.7,37,0.5198,en
8368,Garden of Eden,2008,Drama|Romance,4.7,27,0.6912,en
8471,Far North,2008,Drama|Thriller|Romance|Crime,5.991,56,0.5189,en
15438,My Stars,2008,Comedy,5.0,58,0.5105,fr
19375,Were the World Mine,2008,Fantasy|Romance,6.3,98,0.5873,en
18445,The Russell Girl,2008,Drama|TV Movie,6.1,25,0.6799,en
47791,Semum,2008,Horror,4.552,29,1.3566,tr
21788,Trouble at Timpetill,2008,Fantasy|Adventure|Family,6.1,396,0.6332,fr
47830,The Truck,2008,Thriller|Crime,6.6,29,0.6404,ko
79519,Shades of Ray,2008,Comedy|Romance,6.6,14,0.6405,en
25151,Mutants,2008,Action|Horror|Science Fiction,2.9,17,0.6202,en
547024,Ura Horror,2008,Horror|Science Fiction|Mystery,6.464,14,0.5349,ja
21182,Young at Heart,2008,Documentary,7.3,51,0.488,en
39030,El Materdor,2008,Animation|Action|Comedy|Family,5.888,107,0.6516,en
24094,Necessary Evil,2008,Horror|Science Fiction,3.3,17,0.6039,en
13896,A Teacher's Crime,2008,Crime|Drama|Mystery,4.7,13,0.4463,en
80647,Oppai Chanbara: Striptease Samurai Squad,2008,Comedy|Fantasy|Action,6.0,13,0.7248,ja
64643,Mascarades,2008,Comedy|Drama,6.6,17,0.7146,fr
20917,Sunday,2008,Comedy|Thriller,4.98,25,0.4216,hi
38098,Evet  I Do!,2008,Comedy,6.4,14,0.6891,de
14708,Unnatural Causes,2008,Thriller,4.6,17,0.3898,en
48805,L'allenatore nel pallone 2,2008,Comedy,4.516,238,0.8393,it
26557,Beijing 2008 Olympic Opening Ceremony,2008,Documentary,7.9,36,0.4622,zh
46573,Brothel,2008,Thriller|Romance,3.4,10,0.6754,en
25747,Beautiful,2008,Drama|Thriller|Mystery,6.1,26,0.636,ko
8276,I've Loved You So Long,2008,Drama,7.263,236,0.6317,fr
12424,Giovanna's Father,2008,Drama,6.82,122,0.5111,it
17029,Player 5150,2008,Action|Adventure|Drama,5.1,11,0.4478,en
13740,The Easy Way,2008,Crime|Drama,5.929,63,0.5213,fr
16102,The Day the Earth Stopped,2008,Action|Adventure|Science Fiction|Thriller,3.5,50,0.6368,en
15435,Baby Love,2008,Comedy|Drama|Romance,5.5,55,0.506,fr
69471,Lecture 21,2008,Fantasy|History|Drama,6.1,17,0.6064,en
30775,Mogadischu,2008,Thriller|History|TV Movie,6.5,30,0.5079,de
12406,Inju: The Beast in the Shadow,2008,Thriller,4.9,31,0.6692,fr
8282,Summer Hours,2008,Drama,6.41,177,0.5447,fr
57493,Bratz Babyz Save Christmas,2008,Family|Animation|Comedy,7.0,11,0.4257,en
23962,Borderline,2008,Drama,6.0,27,0.4232,fr
15922,All Roads Lead Home,2008,Drama|Family,5.8,22,0.6395,en
38230,Dunya & Desie,2008,Drama,6.9,22,0.5837,nl
18177,Automaton Transfusion,2008,Horror,4.1,40,0.5903,en
16359,Vox Populi,2008,Comedy|Drama,6.5,11,0.3561,nl
36569,The Crimson Wing: Mystery of the Flamingos,2008,Documentary,7.342,60,0.7172,en
52053,Billy: The Early Years,2008,Drama,5.6,13,0.5263,en
12407,Stone of Destiny,2008,Drama|Crime|Comedy,6.518,82,0.6345,en
18399,The Glorious Team Batista,2008,Comedy|Drama|Mystery,6.8,10,0.5376,ja
117875,L'ultimo padrino,2008,Crime,5.893,14,0.5058,it
33035,A Film with Me in It,2008,Comedy|Thriller|Mystery,6.106,80,0.482,en
17241,The Tenth Circle,2008,TV Movie|Drama|Mystery|Thriller,4.7,18,0.4306,en
34102,Judas & Jesus,2008,Animation|Comedy,6.6,24,0.5121,en
269308,Bringing Godzilla Down to Size: The Art of Japanese Special Effects,2008,Documentary,8.5,13,0.8348,en
24053,The Merry Gentleman,2008,Drama|Crime,6.4,39,0.5618,en
75474,A Very Merry Daughter of the Bride,2008,TV Movie|Comedy|Drama|Romance,5.7,19,0.464,en
22515,Death Racers,2008,Action|Adventure|Comedy|Science Fiction|Thriller,3.0,28,0.6622,en
16179,Breathing Room,2008,Horror|Mystery|Thriller,4.256,80,0.657,en
36601,Grindstone Road,2008,Horror|Thriller,4.1,17,0.7176,en
50530,The New Year's Rate Plan,2008,Romance|Comedy|Fantasy,6.4,38,0.5543,ru
20653,Roadside Romeo,2008,Animation|Family|Adventure|Comedy,4.863,40,0.5622,hi
52697,Solar Flare,2008,Science Fiction|Thriller|TV Movie,3.7,23,0.4719,en
13362,Taxi to the Dark Side,2008,Documentary,6.9,259,0.4825,en
25659,Fine  Totally Fine,2008,Comedy|Drama,6.0,26,0.7736,ja
159753,Little Girl Lost: The Delimar Vera Story,2008,Drama|TV Movie,6.3,11,0.5675,es
45336,The Employment,2008,Animation|Comedy|Drama,7.508,119,0.5321,es
72743,Friendship,2008,Drama|Romance,5.8,10,0.6016,th
140967,Mater the Greater,2008,Animation|Family|Comedy,6.201,112,0.5131,en
49429,Older Than America,2008,Drama|Thriller,4.426,27,0.4845,en
52213,La fidanzata di papà,2008,Comedy,4.6,164,0.4284,it
68063,Questa notte è ancora nostra,2008,Romance|Comedy|Music,5.5,107,0.3971,it
8747,The Black Balloon,2008,Drama,6.4,94,0.5943,en
14214,Thoda Pyaar Thoda Magic,2008,Drama|Comedy,5.472,53,0.5425,hi
25032,Alexander: The Neva Battle,2008,War|Drama|History,4.2,12,0.5537,ru
17635,Daylight Robbery,2008,Crime|Drama|Action|Thriller,5.5,38,0.8821,en
51000,Mia and the Migoo,2008,Animation|Family,7.0,35,0.5638,fr
14765,The Last Deadly Mission,2008,Crime|Drama|Thriller|Mystery,6.418,244,0.5403,fr
275192,You Must Remember This: The Warner Bros. Story,2008,Documentary,8.5,12,0.5979,en
40599,Red Canyon,2008,Action|Horror|Thriller,3.6,20,0.4385,en
86118,This Way Up,2008,Comedy|Animation,7.3,41,0.4773,en
16988,How She Move,2008,Drama,4.7,36,0.5775,en
15625,Ça se soigne ?,2008,Comedy,5.0,20,0.3782,fr
20171,Paraiso Travel,2008,Adventure|Drama|Romance,6.942,52,0.4987,es
25311,Summer,2008,Drama,6.3,18,0.479,en
18570,Food  Inc.,2008,Documentary,7.355,658,0.6179,en
18037,Varg Veum - Buried Dogs,2008,Thriller|Crime|Drama,5.688,32,0.4534,no
183149,A Near Death Experience,2008,TV Movie|Mystery|Drama|Horror,4.8,19,0.5604,en
19582,Sherman's Way,2008,Comedy,3.6,12,0.5258,en
80897,Our First Christmas,2008,Family|Comedy|TV Movie|Drama,5.267,15,0.5006,en
37970,Hide,2008,Action|Horror|Mystery,5.3,28,0.4842,en
14413,Hollywood  I'm Sleeping Over Tonight,2008,Documentary,6.8,27,0.3819,en
21194,Casi divas,2008,Comedy|Drama,6.6,75,0.5403,es
18507,Tu£sday,2008,Crime|Mystery,5.6,13,0.4698,en
25432,Soccer Mom,2008,Comedy|Drama|Family,5.2,33,1.3466,en
14850,Tripping the Rift: The Movie,2008,Animation|Comedy|Science Fiction,5.236,36,0.43,en
15457,Paris 36,2008,Drama,6.099,141,0.5429,fr
12171,The Deaths of Ian Stone,2008,Horror|Thriller,5.585,293,0.7211,en
54315,The Stranger in Me,2008,Drama,5.875,16,0.269,de
25369,Green Flash,2008,Comedy|Drama,3.8,10,0.6692,en
24364,An Old Fashioned Thanksgiving,2008,TV Movie|Drama|Family,5.5,13,0.4609,en
25579,Wicked Lake,2008,Horror|Thriller,3.1,35,0.5651,en
69568,Dhaam Dhoom,2008,Mystery|Action|Thriller,4.5,10,0.6267,ta
8902,Linha de Passe,2008,Drama,6.6,47,0.6115,pt
56974,Black and White,2008,Comedy|Romance,5.3,69,0.4363,it
227002,Michael Lives: The Making of Halloween,2008,Documentary|Horror,6.955,11,0.4644,en
69495,Lone Rider,2008,TV Movie|Action|Western,4.0,13,0.6515,en
8908,Maradona by Kusturica,2008,Documentary,6.312,154,0.4223,en
75007,S.I.S.,2008,Action|Thriller,4.2,14,0.6305,en
14156,Impact Point,2008,Thriller|Romance|Drama,4.2,22,0.4869,en
24814,Horn of Plenty,2008,Comedy|Drama,5.0,12,0.3186,es
70177,Secrets of the Summer House,2008,Thriller|Mystery|TV Movie|Horror,4.2,12,0.5679,en
29982,Unrelated,2008,Drama,5.792,60,0.5789,en
31205,In Love We Trust,2008,Drama,6.682,11,0.5243,zh
80889,Ashta Chamma,2008,Family|Romance|Drama,5.9,11,0.4493,te
13639,The Letter for the King,2008,Family|Adventure,5.946,28,0.4345,nl
17893,Camino,2008,Drama,7.564,220,0.4363,es
14866,Farm House,2008,Horror|Thriller|Mystery,5.2,67,1.2854,en
8906,Cloud 9,2008,Drama|Romance,5.7,39,0.5518,de
52611,The Hairy Tooth Fairy 2,2008,Animation|Family,6.8,37,0.4805,es
31377,Spy School,2008,Adventure|Family|Comedy|Action,4.6,55,0.5889,en
15953,Chef's Special,2008,Comedy,5.684,87,0.5022,es
10505,Run for Your Life!,2008,Drama|Documentary,4.909,11,0.5061,de
20186,Better Things,2008,Drama,5.0,20,0.4316,en
35900,The Brothers Warner,2008,Documentary|History,6.6,17,0.3743,en
28937,Boston Strangler The Untold Story,2008,Crime|Drama|Mystery|Thriller,3.556,27,0.5485,en
20244,Night of the Wolf,2008,Action|Drama|Thriller,5.3,10,0.4191,no
23000,Bridal Fever,2008,Comedy|Romance|TV Movie,5.2,20,0.3943,en
259918,Fiction.,2008,Thriller|Drama,6.656,16,0.5956,id
499977,Underfist: Halloween Bash,2008,Action|Comedy|Family|Fantasy|Animation|TV Movie|Adventure|Horror,7.4,18,0.5099,en
16997,The Man Who Came Back,2008,Action|Drama|Western,4.3,18,0.4251,en
38401,Tales of the Riverbank,2008,Animation|Family,4.6,15,0.6446,en
12565,November Child,2008,Drama,5.4,13,0.4846,de
25936,Radio Day,2008,Comedy|Music,7.225,118,0.5434,ru
14422,Birds of America,2008,Comedy|Drama,5.436,70,0.5377,en
58133,Possibility of an Island,2008,Science Fiction|Action,4.4,10,0.3812,fr
33332,Static,2008,Science Fiction,3.4,18,0.5283,en
11752,Freche Mädchen,2008,Comedy|Drama|Romance,5.306,36,1.6455,de
255948,Nanayo,2008,Drama,7.0,20,0.3597,ja
37584,Pandora's Box,2008,Drama,6.411,28,0.588,tr
8064,Chiko,2008,Drama|Crime,6.3,72,0.5709,de
163761,Candy Rain,2008,Drama|Romance,4.2,19,0.4844,zh
53955,Tell Me About Love,2008,Drama|Romance|Comedy,5.3,92,0.4764,it
20414,Grande  grosso e... Verdone,2008,Comedy,5.885,394,0.4215,it
15126,Eldorado,2008,Comedy|Drama,6.631,65,0.9884,fr
28543,Gotta Catch Santa Claus,2008,Animation|Family,5.0,10,0.669,en
17347,Bride Flight,2008,Drama,6.7,39,1.5272,nl
33134,The Horseman,2008,Thriller|Crime,5.9,114,0.5203,en
37166,White Tuft  the Little Beaver,2008,Family|Adventure,6.4,11,0.3992,fr
38413,King Lear,2008,Drama|TV Movie,6.7,13,0.6866,en
80446,Mortadelo & Filemon: Mission: Save the Planet,2008,Comedy|Fantasy|Family,4.609,46,0.4875,es
27603,Bikini Bloodbath: Car Wash,2008,Comedy|Horror,3.0,17,0.3029,en
19235,Dog Tags,2008,Drama,4.9,26,1.7323,en
26289,Infected,2008,Adventure|Science Fiction|Thriller|TV Movie,4.5,26,0.597,en
8930,Modern Life,2008,Documentary,7.5,23,0.4877,fr
40502,Newcastle,2008,Romance|Drama,4.8,34,0.382,en
12426,The Seed Of Discord,2008,Comedy,4.9,21,0.393,it
18761,Practical Joke,2008,Family|Drama|Romance,5.475,20,0.4356,en
97394,Stanley Kubrick's Boxes,2008,Documentary,7.0,34,0.5905,en
35471,Solo,2008,Documentary|Adventure,5.5,12,0.3454,en
15316,Good Time Max,2008,Drama,5.393,42,0.4511,en
30032,Christina Aguilera: Back to Basics - Live and Down Under,2008,Music,7.6,10,0.4144,en
74026,Under Still Waters,2008,Drama|Thriller,3.9,20,0.4038,en
17286,Kiss Me Deadly,2008,Action|Thriller|TV Movie,4.9,20,0.5861,en
54378,Slightly Out of Tune,2008,Drama,5.786,14,0.3779,pt
27467,Blood Scarab,2008,Horror,4.4,21,0.4328,en
23508,Embodiment of Evil,2008,Horror|Thriller,5.256,43,0.498,pt
17155,Bigga Than Ben,2008,Comedy|Drama,6.0,23,0.47,en
39068,Baby,2008,Crime|Drama|Thriller,5.6,10,0.4896,en
23848,Halla Bol,2008,Drama,4.81,21,0.4569,hi
17077,Everlasting Moments,2008,Drama|History,7.3,78,0.5814,sv
52631,The Open Door,2008,Horror,3.5,12,0.4602,en
36130,102 Minutes That Changed America,2008,Documentary,7.539,64,0.5684,en
16537,Mumbai Meri Jaan,2008,Drama,7.1,28,0.4116,hi
18548,Filth and Wisdom,2008,Comedy,5.679,56,0.5591,en
41703,Plus One,2008,Drama|Comedy,4.472,18,0.3799,ru
22422,The Coffin,2008,Horror|Thriller,4.327,26,0.5157,th
73614,House of Usher,2008,Horror|Thriller,3.364,22,0.4368,en
67868,Sun Kissed,2008,Romance|Drama,4.1,10,0.3935,en
32149,Once Upon a Time,2008,Adventure|Action|Comedy,6.1,33,0.6226,ko
27941,Lockjaw: Rise of the Kulev Serpent,2008,Horror|Science Fiction,2.8,17,0.5995,en
21910,I Sell the Dead,2008,Comedy|Drama|Horror,5.983,205,0.475,en
10287,The Great Alibi,2008,Mystery|Thriller,5.2,60,0.533,fr
8648,Rivals,2008,Action|Crime,5.8,70,0.4587,fr
245523,Tintorettor Jishu,2008,Crime|Thriller|Mystery,7.0,11,0.6181,bn
20133,Varg Veum - Woman in the Fridge,2008,Crime|Thriller,5.702,42,0.427,no
78096,The Two Mr. Kissels,2008,TV Movie|Drama,5.0,14,0.3563,en
17773,Crazy Girls Undercover,2008,Action|Thriller|Romance,3.2,12,0.3368,en
21145,Louise-Michel,2008,Comedy,6.1,97,0.476,fr
51514,Britney: For the Record,2008,Music|Documentary,7.538,40,0.5453,en
60366,ThanksKilling,2008,Comedy|Horror,3.927,116,0.3777,en
14686,Midnight Movie,2008,Horror|Thriller|Fantasy,5.0,91,0.7194,en
294850,Sweet Nothing in My Ear,2008,TV Movie|Drama,6.3,13,0.4158,en
15346,The Golden Boys,2008,Comedy|Romance,5.5,14,0.5744,en
39493,Goth,2008,Thriller|Drama|Mystery|Crime,6.18,25,0.5472,ja
14760,Gym Teacher: The Movie,2008,Comedy|Family|TV Movie,7.0,12,0.43,en
31890,God on Trial,2008,History|War|Drama,6.81,71,0.5234,en
15342,The Girl from Monaco,2008,Comedy|Drama,5.1,109,0.6042,fr
16846,Gingerdead Man 2: The Passion of the Crust,2008,Horror|Comedy,4.5,55,0.464,en
30619,Den' D,2008,Action,3.5,19,0.6535,ru
15827,Cortex,2008,Thriller,6.5,45,0.4084,fr
25573,Conjurer,2008,Thriller|Horror,5.081,43,0.6291,en
20563,Heroes,2008,Action|Adventure|Comedy,6.0,14,0.5737,hi
8889,The Anarchist's Wife,2008,Drama|History|Romance,5.563,24,0.476,es
27949,The Governor's Wife,2008,Crime|Mystery|Thriller|TV Movie,3.4,16,0.5481,en
15285,Growing Op,2008,Comedy|Drama|Romance,6.4,30,0.4751,en
21455,The Art of Stealing,2008,Action|Comedy|Crime,5.9,14,0.3579,pt
28112,Through a Glass  Darkly,2008,Drama,6.8,11,0.4389,no
16216,Jack and Jill vs. The World,2008,Comedy|Romance,5.258,62,0.6409,en
234556,Lollipop,2008,Comedy|Romance,4.8,11,0.3953,ml
35637,Captain Abu Raed,2008,Drama,7.7,19,0.4844,en
73578,Jalsa,2008,Action|Comedy,6.9,22,0.5808,te
15492,Daniel's Daughter,2008,TV Movie|Drama|Romance,5.3,12,0.3792,en
7297,Fleisch ist mein Gemüse,2008,Comedy|Drama|Music,5.458,24,0.4181,de
18381,It's Not Me  I Swear!,2008,Comedy|Drama,7.1,57,0.4837,fr
47325,Casanegra,2008,Drama|Thriller,6.5,17,0.4945,ar
18218,The Business of Being Born,2008,Documentary,6.4,22,0.4626,en
28917,Familiar Strangers,2008,Comedy|Drama,6.2,25,0.5247,en
23683,The Poker Club,2008,Crime|Drama|Thriller,4.538,13,0.399,en
27647,Spring Break Massacre,2008,Horror,3.696,23,0.3402,en
34025,Kisses,2008,Drama,7.131,42,0.5025,en
15453,Baby Blues,2008,Comedy|Thriller,5.1,10,0.351,en
73294,Closed Spaces,2008,Comedy|Drama,5.568,22,0.5756,ru
374805,The Babysitter,2008,Comedy,6.6,13,0.3412,en
24567,The Narrows,2008,Crime|Drama|Thriller,5.8,52,0.5309,en
12581,The Seven Days,2008,Drama|Thriller|War,6.4,14,0.4602,he
125507,Short Term 12,2008,Drama,6.7,24,0.386,en
28727,Dungeon Girl,2008,Crime|Drama|Horror|Thriller,2.7,15,0.2728,en
197320,The Double Life of Eleanor Kendall,2008,Crime|Drama|Mystery|TV Movie,6.2,17,0.4283,en
32540,The Disappeared,2008,Horror|Thriller,5.7,39,0.4673,en
21798,Belly 2: Millionaire Boyz Club,2008,Crime|Drama,5.211,19,0.4475,en
20224,Remember the Daze,2008,Comedy|Drama,4.9,68,0.4625,en
358186,Plastic,2008,Unknown,6.0,12,0.5737,en
13904,Summer Heat,2008,Crime|Drama|Romance,5.5,20,1.234,nl
32010,Death Toll,2008,Action|Thriller,3.3,14,0.3717,en
12275,Verses of Love,2008,Drama|Romance,5.9,12,0.4293,id
100586,My Name Is Love,2008,Drama|Romance,5.1,36,0.4523,sv
13206,A Complete History of My Sexual Failures,2008,Documentary|Romance,6.2,51,0.4443,en
36999,31 Minutes: The Movie,2008,Family|Comedy|Adventure,7.2,29,0.4705,es
30124,Tru Loved,2008,Comedy|Drama|Romance,4.8,24,0.37,en
59223,Deadlands 2: Trapped,2008,Horror|Science Fiction|Thriller,5.8,11,0.415,en
174611,Bedfellows,2008,Drama|Horror,5.891,46,0.3722,en
47285,Doomed Love,2008,Drama,5.9,11,0.4571,pt
52154,Son Ders: Aşk ve Üniversite,2008,Comedy|Drama,6.9,17,0.5849,tr
52147,The Messenger,2008,Fantasy|Drama|Mystery,5.7,38,0.4405,tr
13221,The Kautokeino Rebellion,2008,Drama|History,6.129,35,0.6503,no
51917,A Whole Life Ahead,2008,Comedy|Drama,6.562,322,0.3743,it
8352,Summer,2008,Comedy|Drama,4.8,26,0.5568,de
51443,Moonlight & Mistletoe,2008,TV Movie|Drama|Comedy|Romance|Family,5.8,32,0.7155,en
193183,The Aquarium,2008,Drama,6.8,12,0.2991,ar
57140,Frivolous Wife,2008,Drama|Comedy|Science Fiction|Romance,5.3,10,0.501,ko
14074,Wolf,2008,Drama|Action|Adventure,5.9,14,0.3565,sv
8927,Involuntary,2008,Comedy|Drama,6.482,112,0.5041,sv
42891,Tennessee,2008,Comedy|Drama|Adventure,3.2,12,0.3832,en
20365,Hello,2008,Comedy,5.663,141,0.5225,hi
80994,Gamyam,2008,Drama,6.3,22,0.5416,te
544023,Text,2008,Horror|Thriller,6.0,51,0.4014,en
16439,The Country Teacher,2008,Drama|Romance,5.6,25,0.3768,cs
15810,The Tender Hook,2008,Crime|Drama|Mystery|Romance,5.545,11,0.455,en
27880,Zombie Hunter Rika,2008,Horror|Comedy|Action,4.8,23,0.6249,ja
27438,Ossi’s Eleven,2008,Comedy,5.2,10,0.2647,de
17152,Cactus,2008,Thriller,5.2,11,0.4633,en
60544,American Meth,2008,Documentary,6.6,15,0.2959,en
39393,Once Upon a Time in Rio,2008,Drama,7.476,84,0.4618,pt
112822,Thou Shalt Not: Sex  Sin and Censorship in Pre-Code Hollywood,2008,Documentary|History,6.1,15,0.6443,en
42437,Natale a Rio,2008,Comedy,5.096,471,0.5253,it
15555,Chop Shop,2008,Drama,6.679,81,0.566,en
18571,Phantom Punch,2008,Drama,5.3,18,0.9688,en
20513,Dakota Skye,2008,Drama|Romance,5.6,48,0.3911,en
34477,Confessions of a Porn Addict,2008,Comedy,5.0,22,0.3704,en
34219,Chevolution,2008,Documentary,5.8,11,0.3686,en
20548,The Home of Dark Butterflies,2008,Drama,5.95,30,0.4184,fi
40737,Drifter,2008,Fantasy|Thriller|Mystery,5.2,11,0.3785,en
238349,Vigilante,2008,Action,4.353,17,0.5462,en
24330,Seventh Moon,2008,Horror|Thriller,4.4,80,1.7102,en
79203,Half-Life,2008,Drama|Science Fiction,5.2,12,0.54,en
204893,No Way Out,2008,Drama,5.2,11,0.4241,tl
24426,A.R.O.G,2008,Science Fiction|Fantasy|Comedy,7.0,278,0.447,tr
39368,Flu Bird Horror,2008,Thriller|Horror,4.2,28,0.3647,en
14103,Allan Quatermain and the Temple of Skulls,2008,Romance|Adventure|Action,3.4,36,0.5574,en
14244,Chris Rock: Kill the Messenger,2008,Comedy,7.6,93,0.534,en
42854,A Christmas Proposal,2008,Comedy|Romance|TV Movie,3.8,20,0.4537,en
18849,Kill Kill Faster Faster,2008,Drama|Thriller,4.2,12,0.5425,en
72858,Will You Merry Me?,2008,Comedy|TV Movie,4.8,21,0.5033,en
246005,Brotherly,2008,Drama,6.2,20,0.367,en
16091,Aftermath: Population Zero,2008,Documentary|Science Fiction,6.662,37,0.4046,en
42280,Warbirds,2008,Horror,3.3,29,0.5325,en
16915,Gutterballs,2008,Horror,4.588,91,0.548,en
25705,Mask of the Ninja,2008,TV Movie|Action|Crime,4.6,15,0.3756,en
14915,Dark Reel,2008,Horror|Mystery|Thriller,3.6,25,0.44,en
16015,Worlds Apart,2008,Drama,6.2,46,0.7656,da
31897,U Me Aur Hum,2008,Romance|Comedy|Drama,6.25,24,0.4195,hi
22319,Trouble the Water,2008,Documentary,6.9,30,0.3015,en
14419,Coluche,2008,Comedy|Drama,5.799,72,0.5016,fr
51916,Robert Zimmermann Is Tangled Up in Love,2008,Comedy|Romance,6.2,16,0.3998,de
270459,Jackass: 24 Hour Takeover,2008,Action|Comedy|Documentary,6.6,10,0.3653,en
15768,A Colbert Christmas: The Greatest Gift of All!,2008,Comedy|Music|TV Movie,6.9,22,0.395,en
52400,Samurai Zombie,2008,Horror|Action,4.929,14,0.6156,ja
24710,The Grift,2008,Thriller|Drama|Crime,5.182,11,0.5386,en
179291,Favorite Son,2008,Drama,3.8,11,0.3706,en
15942,Go Fast,2008,Drama|Action|Crime,5.9,188,0.5256,fr
165931,Boy Meets Boy,2008,Romance,3.1,14,0.4235,ko
14766,Affinity,2008,Drama|Thriller|Mystery|Romance,5.8,47,0.4243,en
41167,Un gioco da ragazze,2008,Drama,4.6,41,0.2753,it
39421,Classic Albums: The Doors,2008,Documentary|Music,7.7,20,0.3689,en
37736,Take Out,2008,Drama,7.0,44,0.3742,zh
10289,Daddy Cool,2008,Comedy|Drama,4.7,98,0.5269,fr
20529,Sita Sings the Blues,2008,Animation|Drama|Music|Romance|Fantasy,6.9,81,0.3469,en
15911,The Village Barbershop,2008,Comedy|Drama,7.4,10,0.5408,en
57519,H Dabbour,2008,Comedy|Romance,5.6,33,0.4857,ar
73583,Ready,2008,Family|Action|Comedy,5.6,18,0.5393,te
18094,Anvil! The Story of Anvil,2008,Documentary|Music,7.6,274,0.4571,en
71007,Mail Order Bride,2008,Drama|Romance|TV Movie,6.5,14,0.387,en
30240,7 Things To Do Before I'm 30,2008,Comedy|Drama|Fantasy|TV Movie,5.7,10,0.3402,en
39369,French Film,2008,Romance|Comedy,5.9,17,0.4176,en
15973,Varg Veum - Fallen Angels,2008,Crime|Drama|Thriller,6.329,41,0.4286,no
42639,Almost Corrupted,2008,Comedy|Drama|Adventure|Crime,4.0,10,0.4248,ar
7215,The Secret of Loch Ness,2008,Adventure|Fantasy|Family,7.0,12,0.448,de
5871,The World Is Big and Salvation Lurks Around the Corner,2008,Drama,6.97,50,0.6454,bg
74797,The Upsetter: The Life and Music of Lee Scratch Perry,2008,Documentary|Music,6.5,10,0.4033,en
42272,The Watch,2008,Drama|Mystery|Horror|TV Movie,5.2,34,0.5314,en
40421,Give Me Your Hand,2008,Drama,5.5,32,0.4842,fr
26559,Crossfire,2008,Thriller|Drama,5.3,24,0.5063,fr
8281,I Always Wanted to Be a Gangster,2008,Drama|Comedy|Crime,7.3,88,0.5445,fr
16916,A Boyfriend for My Wife,2008,Romance|Comedy|Drama,6.235,66,0.3567,es
42862,Falco: Damn It  We're Still Alive!,2008,Drama|Music,6.0,35,0.5543,de
82145,At a Glance,2008,Thriller|Drama,5.0,32,0.2857,it
12782,The Charlemagne Code,2008,Adventure|Action|TV Movie,5.8,25,0.7247,de
272426,H3 - Halloween Horror Hostel,2008,Comedy,6.2,10,0.3905,de
86170,Das Wunder von Berlin,2008,Drama|TV Movie,5.4,12,0.3081,de
13643,George Carlin: It's Bad for Ya!,2008,Comedy,7.89,146,0.3312,en
194963,The Masked Gang: Cyprus,2008,Comedy,3.0,47,0.4238,tr
234502,Madambi,2008,Drama|Family,5.7,13,0.3151,ml
30969,Louis C.K.: Chewed Up,2008,Comedy|TV Movie,7.871,210,0.4001,en
31340,The New Protocol,2008,Drama|Action|Thriller,6.0,61,0.378,fr
28741,I Can See You,2008,Horror|Thriller,4.5,15,0.3183,en
14394,Sarkar Raj,2008,Action|Adventure|Crime|Drama,6.598,46,0.6217,hi
8900,Lion's Den,2008,Drama,6.239,67,0.4321,es
13340,Triloquist,2008,Horror,5.487,39,0.4074,en
86319,Çılgın Dersane Kampta,2008,Comedy,2.275,20,0.4488,tr
58075,My Zinc Bed,2008,TV Movie|Drama,4.4,17,0.4605,en
18273,Downloading Nancy,2008,Drama|Romance|Thriller,5.351,77,0.9889,en
31418,Everybody Dies But Me,2008,Drama,5.504,113,0.4099,ru
206796,Cry Me a River,2008,Drama|Romance,5.9,11,0.39,zh
64372,Dana Carvey: Squatting Monkeys Tell No Lies,2008,Comedy|Documentary|TV Movie,6.3,11,0.2371,en
38696,Ti stramo - Ho voglia di un'ultima notte da manuale prima di tre baci sopra il cielo,2008,Comedy,4.9,39,0.3576,it
59229,Rock Monster,2008,Fantasy|Adventure|TV Movie,5.0,22,0.5049,en
54185,Sucker Punch,2008,Action,4.283,23,0.4417,en
20358,Yuvvraaj,2008,Drama,4.875,28,0.4613,hi
79837,End of Love,2008,Drama,4.1,14,0.2388,cn
27442,Senseless,2008,Action|Adventure|Drama|Horror|Thriller,7.1,16,0.4173,en
58784,Aliens Gone Wild,2008,Science Fiction|TV Movie,3.6,12,0.3783,en
290834,Hellboy: In Service of the Demon,2008,Documentary,6.9,13,0.4207,en
23529,Insignificant Things,2008,Drama|Family,5.441,17,0.7549,es
239592,Making Mr. Right,2008,TV Movie|Romance|Comedy,5.8,10,0.3427,en
50700,Hey Hey It's Esther Blueburger,2008,Comedy|Drama,5.923,26,0.43,en
20134,Varg Veum - Yours Until Death,2008,Drama|Thriller|Crime,6.129,35,0.55,no
16422,The Caller,2008,Drama|Thriller,5.5,16,0.4018,en
26208,The Devil's Curse,2008,Horror,3.5,14,0.428,en
16821,Golden Oldies,2008,Comedy,4.914,29,0.3027,pt
41808,True Confessions of a Hollywood Starlet,2008,Drama|Comedy|Family|TV Movie,5.2,36,0.5549,en
13123,Aamir,2008,Thriller,6.653,59,0.6284,hi
22498,Patti Smith: Dream of Life,2008,Documentary|Music,6.0,20,0.3711,en
39786,Visual Acoustics,2008,Documentary,7.4,18,0.4409,en
47598,Bratz Kidz: Fairy Tales,2008,Animation|Comedy|Family|Music,7.4,17,0.378,en
49946,The Killer,2008,Thriller,5.4,13,0.4163,fr
20072,Agathe Cléry,2008,Comedy,4.8,180,0.4475,fr
60664,The Perfect Assistant,2008,Thriller|Crime|Mystery|TV Movie,4.405,21,0.4997,en
139212,Recipes For Disaster,2008,Documentary,6.8,12,0.2735,fi
36124,Until the Light Takes Us,2008,Documentary|Music,6.8,110,0.3004,en
47930,Mel Blanc: The Man of a Thousand Voices,2008,Documentary,6.0,13,0.4982,en
21509,The Cook,2008,Comedy|Horror,4.0,34,0.4123,en
96340,Wu: The Story of the Wu-Tang Clan,2008,Documentary|Music,6.3,10,0.3178,en
447203,The President's Chef,2008,Comedy,6.5,11,0.3881,ar
27226,Dead and Gone,2008,Horror|Thriller,3.364,11,0.3601,en
26521,Sexy Killer: You'll Die for Her,2008,Comedy|Horror|Thriller,5.5,75,0.4609,es
27618,The Horribly Slow Murderer with the Extremely Inefficient Weapon,2008,Comedy|Horror,6.662,154,0.7161,en
84056,A summer at the sea,2008,Comedy,4.6,201,0.4543,it
129434,Back Soon,2008,Romance|Comedy,6.7,12,1.4864,is
8899,Lorna's Silence,2008,Crime|Drama,6.8,166,0.3995,fr
19623,Drona,2008,Action|Thriller,3.5,19,0.4721,hi
56820,Live and Remember,2008,Drama|War,5.1,12,0.3209,ru
53883,Anjathe,2008,Action|Drama|Thriller,6.7,17,0.3419,ta
71918,King,2008,Action|Comedy|Crime,5.19,21,0.5276,te
22421,The Rainbow Troops,2008,Drama,7.4,27,0.4407,id
17428,The Collective,2008,Mystery|Thriller,5.1,11,0.34,en
18465,The Maiden and the Wolves,2008,Drama|Family,6.0,39,0.4437,fr
32836,Bill Burr: Why Do I Do This?,2008,Comedy,7.719,105,0.5281,en
16045,The Lost Treasure of the Knights Templar III: The Mystery of the Snake Crown,2008,Family|Adventure|Action,5.241,27,0.4038,da
58720,True Confessions of a Go-Go Girl,2008,Drama|TV Movie,4.7,13,0.4026,fr
12170,School's Out,2008,Comedy,5.826,178,0.3808,fr
73140,Souryam,2008,Action|Thriller,5.1,12,0.338,en
8941,Versailles,2008,Drama,6.0,25,1.5999,fr
29358,The Rest Is Silence,2008,Comedy|Drama,6.8,28,0.3804,ro
13617,The Man Who Loved Yngve,2008,Drama,6.5,61,0.325,no
58841,Mommy Is at the Hairdresser's,2008,Drama,6.4,19,0.3602,fr
20141,Snuf De Hond In Oorlogstijd,2008,Family|Adventure|War,6.433,15,0.2547,nl
130278,Struck,2008,Unknown,6.3,11,0.3932,en
144182,Captain Hima,2008,Comedy,5.8,21,0.9273,ar
19667,Chamku,2008,Action|Crime|Romance|Thriller,4.4,12,0.4261,hi
20295,C Kkompany,2008,Comedy,5.3,13,0.4028,hi
53315,The Kreutzer Sonata,2008,Drama|Romance,5.6,16,0.422,en
51735,The Dust of Time,2008,Drama,6.333,48,0.3087,el
55610,Cat City,2008,Thriller|TV Movie,4.0,10,0.5035,en
248760,Plajda,2008,Comedy,3.909,11,0.3191,tr
27952,Alone,2008,Romance|Drama,6.2,122,0.4008,tr
15557,Grand Canyon Adventure: River at Risk,2008,Adventure|Documentary,5.5,19,0.4232,en
120922,Torno a vivere da solo,2008,Comedy,4.1,54,0.427,it
60068,S.S.D.,2008,Thriller|Horror,5.155,29,0.4698,ru
115319,La rabbia,2008,Drama,4.3,10,0.7455,it
60827,Snuff: A Documentary About Killing on Camera,2008,Documentary|Horror,5.381,21,0.36,en
16900,Truth In 24,2008,Documentary,6.9,16,0.2901,en
19669,Kidnap,2008,Action|Crime|Thriller,4.327,26,0.4251,hi
26823,Watercolors,2008,Drama|Romance,5.6,41,0.5081,en
57816,8th Wonderland,2008,Drama|Thriller,6.2,29,0.4301,fr
14814,Chemical Wedding,2008,Horror|Mystery|Thriller,4.2,33,0.419,en
17630,Ugly Melanie,2008,Comedy,5.7,276,0.4876,fr
64788,Dracula's Guest,2008,Horror|Romance,3.19,21,0.449,en
18906,A Day at the Museum,2008,Comedy,4.5,42,0.3275,fr
24133,One-Eyed Monster,2008,Comedy|Horror|Science Fiction,4.3,63,0.4084,en
14409,Vampire Party,2008,Comedy|Fantasy|Horror,4.9,52,0.3647,fr
100527,Riprendimi,2008,Comedy,6.1,14,0.5475,it
126826,Summerhood,2008,Comedy|Romance|Drama,5.0,13,0.337,en
26901,Otto; or  Up with Dead People,2008,Drama|Horror|Comedy,5.3,51,0.4095,en
39055,Free Style,2008,Drama|Family,6.6,13,0.3669,en
26763,Burma VJ: Reporting from a Closed Country,2008,Documentary,7.2,42,0.2881,en
433009,El caníbal de la Guerrero,2008,Horror|Crime,5.9,19,0.3137,es
13518,Fuel,2008,Documentary|Drama,7.192,13,0.4691,en
56810,The Blind Sunflowers,2008,Drama,6.5,70,0.3983,es
18932,Knock Knock,2008,Horror,4.5,30,0.3009,en
33601,Love and Other Crimes,2008,Romance|Comedy|Drama,6.0,10,0.3502,sr
44120,The Boy Next Door,2008,Drama,5.8,24,0.3538,en
5701,Red Zora,2008,Adventure|Drama|Family,5.2,13,0.3881,de
30790,Six Reasons Why,2008,Action|Science Fiction|Western,5.4,11,0.2148,en
2790,Below the Earth's Surface,2008,Action|Thriller,5.5,21,0.3977,de
18916,A Pain in the Ass,2008,Comedy,5.15,70,0.4752,fr
7344,Absurdistan,2008,Comedy|Romance,6.031,32,0.3397,de
27286,Beautiful Losers,2008,Documentary,6.534,29,0.4161,en
40007,On War,2008,Comedy|Drama,4.9,26,0.4078,fr
20116,Antarctica,2008,Drama|Romance,5.6,27,0.3718,he
28936,Bundy: A Legacy of Evil,2008,Crime|Drama|Horror|Thriller,4.0,20,0.3752,en
52687,The Christmas Clause,2008,Comedy|Drama|TV Movie,5.7,33,0.3971,en
46927,I Was Here,2008,Crime|Drama,5.6,11,0.4115,et
26653,Shameless,2008,Comedy|Romance,4.7,26,0.4072,cs
60399,Radiohead: In Rainbows - From the Basement,2008,Music,7.9,36,0.3874,en
278670,You Belong to Me,2008,Thriller|Crime|Horror|Mystery|TV Movie,2.6,16,0.3312,en
17358,My Name Ain't Johnny,2008,Crime|Drama,7.1,280,0.3381,pt
15834,Fear Me Not,2008,Drama|Thriller,5.08,25,0.3959,da
25112,Ballast,2008,Drama,7.1,31,0.3789,en
38502,The Necessities of Life,2008,Drama,7.563,15,0.3107,fr
18610,One Two Three,2008,Comedy,5.0,19,0.3947,hi
58086,The Past Is a Foreign Land,2008,Drama|Thriller,6.225,40,0.4297,it
44352,I Dreamt Under the Water,2008,Drama|Romance,4.6,23,0.3283,fr
36671,B.T.K.,2008,Drama|Horror|Thriller,5.1,49,0.5028,en
347701,Viva High School Musical: Mexico,2008,Family|Music|Romance|Comedy|Drama|TV Movie,6.4,37,0.3981,es
113398,Cowboy,2008,Horror|Mystery,5.81,21,0.4326,de
75883,Sexo com Amor?,2008,Comedy,4.2,14,0.4046,pt
228302,My 13,2008,Drama,7.2,18,0.3773,fr
18175,The Art of Travel,2008,Action|Adventure|Drama|Comedy,5.763,38,0.3145,en
33989,Cruising Bar 2,2008,Comedy,5.6,14,0.3408,fr
10667,Jesus Christ Saviour,2008,Documentary,6.9,17,0.4481,de
168578,El Garabato,2008,Crime|Drama|Mystery,6.5,10,1.3632,es
277866,Love You More,2008,Drama,5.9,16,0.365,en
41331,The Garden,2008,Documentary,6.6,12,0.2993,en
42352,Bachelor Party in the Bungalow of the Damned,2008,Comedy|Horror,3.308,13,0.3212,en
62966,The Architect,2008,Drama,5.2,15,0.3707,de
32896,Lava Storm,2008,Action|TV Movie,4.7,33,0.3301,en
36292,Teenage Angst,2008,Drama,5.0,14,0.3443,de
14974,Noah's Arc: Jumping the Broom,2008,Comedy|Drama|Romance,6.1,16,0.3447,en
8847,Standard Operating Procedure,2008,Documentary|War,6.8,66,0.3124,en
86199,Gachi Boy: Wrestling with a Memory,2008,Comedy|Drama,7.455,11,0.3926,ja
61966,Swing,2008,Romance|Drama|Action,4.867,15,0.3494,ru
196324,The Good Life,2008,Drama,6.9,16,0.2792,es
52050,The Princess of Nebraska,2008,Drama,5.65,10,0.3452,en
20715,Immigrants (L.A. Dolce Vita),2008,Comedy|Animation,5.0,20,0.3302,en
42521,Idiots and Angels,2008,Animation|Comedy|Fantasy|Drama,6.76,75,0.4534,en
18112,Boogie Man: The Lee Atwater Story,2008,Documentary,7.7,13,0.2515,en
48471,Walt & El Grupo,2008,Documentary|Family,5.9,19,0.2622,en
12314,The Bridge,2008,TV Movie|History|War,4.3,26,0.3709,de
14659,Mes amis  mes amours,2008,Comedy|Drama|Romance,5.2,56,0.3468,fr
38941,How Much Does the Trojan Horse Weigh?,2008,Comedy|Romance,6.4,39,0.2919,pl
21836,Humanity's End,2008,Science Fiction,3.1,26,0.3306,en
13774,The Last Joint Venture,2008,Comedy|Crime|Drama|Mystery,6.2,22,0.302,no
8932,Salt of This Sea,2008,Drama|Romance,5.8,23,0.2697,ar
18970,Bam Margera Presents: Where The #$&% Is Santa?,2008,Comedy,5.3,18,0.3267,en
17571,Battle Planet,2008,Action|Science Fiction,4.1,23,0.5165,en
31461,Jump Out Boys,2008,Action|Thriller,4.179,14,0.3881,en
99241,In the Closet,2008,Horror,3.8,13,0.2144,en
18468,Momma's Man,2008,Drama,6.2,12,0.2538,en
14204,Ping Pong Playa,2008,Comedy|Drama,5.887,53,0.5047,en
18380,Babine,2008,Fantasy|Drama,6.3,15,0.3759,fr
53297,Carlitos and the Chance of a Lifetime,2008,Comedy|Family,6.565,46,0.6508,es
43587,The Uninvited,2008,Drama|Horror|Thriller,4.2,18,0.3446,en
14669,Yonkers Joe,2008,Drama,5.1,18,0.3866,en
12179,Where in the World Is Osama Bin Laden?,2008,Documentary,6.2,69,0.3862,en
62732,Lovey-Dovey 2,2008,Comedy|Fantasy,4.5,36,0.3842,ru
15952,Terribly Happy,2008,Drama|Thriller,6.2,118,0.4171,da
52668,Cars of the Revolution,2008,Drama,7.78,84,0.3311,tr
37514,Pray the Devil Back to Hell,2008,Documentary,7.2,13,0.3273,en
37792,Fear House,2008,Horror,3.1,16,1.3666,en
58391,Three Wise Men,2008,Drama,5.7,13,0.2834,fi
55376,Karzzzz,2008,Action|Romance|Thriller,3.1,15,0.3846,hi
57654,Munyurangabo,2008,Drama,6.7,17,0.3334,rw
142743,A Number,2008,Science Fiction|Drama,5.0,14,0.3674,en
59971,Thrilla in Manila,2008,Documentary,7.8,12,0.2943,en
17142,Freebird,2008,Comedy,5.588,17,0.3632,en
14558,Ladies,2008,Comedy,5.0,58,0.4177,pl
45109,Between Sheets,2008,Romance,4.632,38,0.2723,pt
25272,Under the Salt,2008,Horror|Mystery|Thriller,6.21,31,0.2607,es
39366,Rain,2008,Drama,7.0,12,0.3338,en
43203,Arctic Monkeys: At the Apollo,2008,Music,6.5,13,0.3301,en
58349,Fall of Hyperion,2008,Action|Adventure|TV Movie,4.3,10,0.3034,en
139282,Lego Indiana Jones and the Raiders of the Lost Brick,2008,Adventure|Comedy|Animation|Action|Family|Science Fiction|War,6.4,22,0.4171,en
20594,Het Huis Anubis: The Path Of 7 Sins,2008,Adventure|Mystery|Family,7.1,18,0.4042,nl
83289,Rivales,2008,Comedy,5.833,12,0.3748,es
60440,The Human Experience,2008,Documentary,6.3,11,0.2759,en
11926,The Vanguard,2008,Action|Horror|Science Fiction,3.7,24,0.2836,en
66586,The Visit,2008,Drama|TV Movie,6.6,12,0.3482,de
21965,Audie & the Wolf,2008,Comedy,4.0,10,0.3056,en
65545,Vanished Empire,2008,Drama|Romance,5.6,18,0.2544,ru
20161,Explicit Ills,2008,Drama,6.5,11,0.3904,en
22841,Safehouse,2008,Drama|Action|Thriller|Crime|Mystery|Romance,4.5,13,0.3435,en
57865,The Last Day of Summer,2008,Science Fiction|Family|TV Movie|Comedy|Fantasy,6.2,23,0.4047,en
33569,White Night Wedding,2008,Drama,6.125,16,0.3534,is
45097,Edison & Leo,2008,Animation|Fantasy|Comedy|Romance|Adventure|Horror,6.321,14,0.3336,en
279803,Blackadder Rides Again,2008,Documentary,7.5,20,0.2928,en
21900,Shifty,2008,Thriller,5.8,37,0.3829,en
91237,Loner,2008,Horror|Thriller,4.4,16,0.3785,ko
33156,Blood on the Highway,2008,Comedy|Horror,3.9,15,0.5222,en
14880,Irene Huss 3: The Night Round,2008,Crime|Drama|Mystery|Thriller,4.7,10,0.324,sv
26651,Tobruk,2008,War|History,5.1,18,0.2807,cs
104841,Encirclement - Neo-Liberalism Ensnares Democracy,2008,Documentary,6.833,12,0.3142,fr
33558,Dog Eat Dog,2008,Action|Drama|Romance|Thriller,6.636,55,0.3635,es
90829,8 Days to Premiere,2008,Comedy|Romance,4.4,15,0.344,fi
58596,Dolls and Angels,2008,Drama,6.333,36,0.3559,fr
48204,Nights and Weekends,2008,Drama|Romance,5.6,49,0.2704,en
14408,Me Two,2008,Comedy|Science Fiction,5.413,69,0.4524,fr
14209,The Morgue,2008,Horror|Thriller|Mystery,4.7,34,0.3361,en
21214,One  Two  Many,2008,Comedy,3.733,16,0.3672,en
51610,The Wild Soccer Bunch 5,2008,Family|Adventure|Comedy,5.349,86,0.4946,de
167756,The Sorrow of Mrs. Schneider,2008,Romance|Drama,5.4,10,0.4938,cs
36594,The Devil's Mercy,2008,Horror|Thriller,3.8,10,0.3813,en
13119,Hank and Mike,2008,Comedy,5.241,29,0.3027,en
52634,The Other Side of the Tracks,2008,Fantasy|Thriller|Science Fiction,4.2,19,0.275,en
16685,Varg Veum - Sleeping Beauty,2008,Crime|Thriller,6.41,39,0.3522,no
31250,A Fox's Tale,2008,Family|Animation|Adventure,1.8,23,0.3438,hu
20880,Midnight Chronicles,2008,Fantasy|Horror|Mystery,4.7,21,0.3917,en
24870,Viva,2008,Comedy|Drama,5.1,36,0.3523,en
15149,Take the Trash,2008,Comedy,6.7,45,0.4755,da
31221,Dragon Hunter,2008,Fantasy,3.5,27,0.351,en
16994,Grown Ups,2008,Comedy,5.6,26,0.2602,fr
63673,Bheema,2008,Action,5.5,10,0.3996,ta
51836,Snow 2: Brain Freeze,2008,Family|TV Movie|Comedy,5.6,27,0.3341,en
80317,Blood Of The Losers,2008,Drama|History,6.2,10,0.2751,it
51122,Make-Out with Violence,2008,Comedy|Fantasy|Horror|Romance,4.577,26,0.2707,en
33226,Rembrandt's J'Accuse...!,2008,Documentary|Mystery,6.739,23,0.3715,en
38913,Awakening,2008,Drama,6.6,22,0.321,da
58943,Off and Running,2008,Comedy,5.4,16,0.5534,fr
72953,The Devil's Bible,2008,Documentary|History|Mystery,5.692,13,0.2884,en
60965,The Legend of Bloody Mary,2008,Horror|Mystery|Thriller,3.1,13,0.3391,en
22258,Foo Fighters: Live At Wembley Stadium,2008,Music,8.2,36,0.2651,en
52110,Mustafa,2008,Unknown,5.1,22,0.3346,tr
34155,Carnera: The Walking Mountain,2008,Drama,5.9,36,0.5049,en
305355,A Miser Brothers' Christmas,2008,TV Movie|Animation|Family,5.935,31,0.3301,en
18155,Journal of a Contract Killer,2008,Action|Crime|Drama|Thriller,4.0,12,0.4337,en
210833,A Last Wish,2008,Drama|Comedy,6.9,14,0.2672,es
51871,Rumba,2008,Comedy|Drama,6.089,45,0.3699,fr
38875,Drowsiness,2008,Drama,5.9,23,0.2702,pl
136681,Excision,2008,Horror,6.7,18,0.3708,en
23368,Let's Make Money,2008,Documentary,7.5,35,0.3233,en
65515,The Eleventh Hour,2008,Action|Thriller,4.7,21,0.3505,en
151830,Louise's Garden,2008,Drama|Romance,6.1,15,1.4871,pl
54981,The Baby Doll Night,2008,Drama,5.4,10,0.3957,ar
60455,The Last in the Class,2008,Comedy,5.0,37,0.2354,it
15437,Crime Is Our Business,2008,Comedy|Crime|Mystery,5.897,97,0.3676,fr
84639,A Simple Heart,2008,Drama,6.7,14,0.2467,fr
45009,Sharks in Venice,2008,Horror|Action|Adventure,3.917,60,0.2466,en
23516,Frownland,2008,Comedy|Drama,6.065,23,0.3474,en
82680,A Darker Reality,2008,Horror,3.4,15,0.2919,en
41341,The Last Hit Man,2008,Action|Thriller|Crime,4.952,21,0.3422,en
141971,Blackout,2008,Thriller|Mystery,4.4,11,0.4389,fi
44682,Resurrection County,2008,Horror|Thriller,4.8,26,0.3341,en
94807,Heaven's Heart,2008,Drama,5.4,11,0.2444,sv
13737,Modern Love,2008,Comedy|Romance,4.4,15,0.3068,fr
197497,Kandisha,2008,Horror|Crime|Fantasy,5.3,11,0.3217,en
140656,Mamá,2008,Drama|Horror,6.1,135,0.329,es
69915,Sikumi (On the Ice),2008,Unknown,5.3,13,0.2701,ik
23190,Life After People,2008,Documentary|TV Movie,7.031,98,0.2466,en
26461,Trailer Park Boys: Say Goodnight to the Bad Guys,2008,Comedy,7.0,68,0.4518,en
33206,Mere Baap Pehle Aap,2008,Romance|Comedy,4.983,29,0.4498,hi
101006,Liverpool,2008,Drama,6.8,34,0.2591,es
230647,Tambourine,2008,Drama|Comedy,5.8,23,0.4562,fa
30085,Long Flat Balls II,2008,Comedy,4.5,11,0.2966,no
161326,Dangerous Worry Dolls,2008,Science Fiction|Horror,4.0,20,0.2217,en
384438,Hellboy II: The Golden Army - Prologue,2008,Action|Adventure|Fantasy|Animation,7.2,11,0.3341,en
55608,Captive,2008,Drama|War,2.8,11,0.3533,ru
72172,Nora's Will,2008,Drama|Comedy,7.1,22,0.3258,es
17607,The Very Very Big Company,2008,Comedy,5.7,15,0.3159,fr
14406,Mariage chez les Bodin's,2008,Comedy,5.804,28,0.2957,fr
77409,Orz Boyz,2008,Fantasy|Family|Comedy,7.2,12,0.236,zh
46117,Diary of a Serial Killer,2008,Horror,2.9,11,0.2129,en
74820,Antifa: Skinhead Hunters,2008,Documentary,6.4,15,0.3635,fr
72663,Nirvana,2008,Drama|Romance,4.9,20,0.2663,ru
14639,The Order of Myths,2008,Documentary,6.0,13,0.2651,en
258123,Basette,2008,Comedy|Crime|Drama,7.508,62,0.2922,it
33198,RSO [Registered Sex Offender],2008,Comedy,5.4,11,0.4153,en
25715,Live Animals,2008,Horror|Thriller,3.3,25,0.3024,en
15979,Phoonk,2008,Drama|Horror|Mystery,3.167,15,0.2808,hi
52148,Conscience,2008,Drama,5.4,15,0.2915,tr
200785,Melancholia,2008,Drama,7.222,27,0.2759,tl
68793,Grand Hotel,2008,Comedy|Romance,4.16,25,0.4234,pl
13359,Expelled: No Intelligence Allowed,2008,Documentary,3.8,69,0.3251,en
71665,Divine Confusion,2008,Drama|Comedy|Romance,6.8,13,0.3717,es
32695,Walking Vengeance,2008,Crime|Drama|Thriller,5.441,34,0.317,es
105775,No Problem,2008,Comedy,5.055,55,0.3271,it
24669,Frag,2008,Documentary,6.6,12,0.2454,en
12588,My Friend from Faro,2008,Drama,5.3,16,0.267,de
157912,Wrangler: Anatomy of an Icon,2008,Documentary,5.3,17,0.2676,en
15460,A French Gigolo,2008,Drama|Romance,5.038,52,0.2908,fr
19369,3-Day Weekend,2008,Drama|Romance,4.1,20,0.2357,en
119905,Birdsong,2008,Drama,7.0,23,0.255,ca
284717,The Offsiders,2008,Comedy,7.3,19,0.2903,pl
35731,Amateur Porn Star Killer 2,2008,Crime|Horror,4.6,21,0.3285,en
30245,Mr. Bones 2: Back from the Past,2008,Comedy,6.2,20,0.5097,en
16277,Skirt Day,2008,Drama,7.081,187,0.4284,fr
254270,2-Assa-2,2008,Drama,4.1,13,0.2456,ru
17772,The Silent Army,2008,Drama|Thriller,5.5,23,0.4306,nl
186579,Batman Tech,2008,Documentary,7.4,24,0.4105,en
15465,Final Arrangements,2008,Comedy,5.5,52,0.7131,fr
151485,Thirakkatha,2008,Romance|Drama,6.7,11,0.2351,ml
17075,Owl and the Sparrow,2008,Drama,6.3,23,0.4054,vi
121688,Wild Field,2008,Drama,6.3,13,0.2646,ru
24695,Bad Guys,2008,Action|Thriller|Crime,4.0,10,0.2983,en
86138,Turma da Mônica em Cine Gibi 3: Planos Infalíveis,2008,Animation|Family|Comedy,7.5,18,1.0122,pt
13241,My Winnipeg,2008,Documentary|Drama|Comedy,6.9,112,0.3717,en
44038,Lovecraft: Fear of the Unknown,2008,Documentary,7.3,51,0.2971,en
50338,The Wedding Song,2008,Drama,5.0,16,0.326,ar
28982,199 lives: The Travis Pastrana Story,2008,Documentary,5.3,11,0.2627,en
15837,What No One Knows,2008,Drama|Thriller,5.6,24,0.3196,da
86713,Marcello Marcello,2008,Comedy|Drama|Romance,6.5,11,0.2839,pt
36952,Dreams with Sharp Teeth,2008,Documentary,7.3,18,0.2571,en
53877,Kuruvi,2008,Action|Comedy|Drama|Romance,4.549,41,0.536,ta
12428,Paper Soldier,2008,Drama,5.395,19,0.2562,ru
258783,Discreet,2008,Drama|Romance,4.0,11,0.3288,en
52284,Aşk Tutulması,2008,Comedy|Romance,5.794,17,0.2511,tr
28390,45 R.P.M.,2008,Drama,6.2,13,0.3519,en
25922,Before the Fall,2008,Crime|Science Fiction,5.7,54,0.4564,es
80340,Mat Hoffman's Tribute to Evel Knievel,2008,Comedy,7.5,13,0.3198,en
14657,The King of the Hill,2008,Thriller|Action,5.729,72,0.2108,es
69170,This Is the Zodiac Speaking,2008,Documentary,6.083,12,0.2608,en
12811,Birdwatchers,2008,Drama,6.1,24,0.2802,it
141063,Skeleton Key 2: 667 Neighbor of the Beast,2008,Horror,2.9,11,0.3073,en
71322,Platon,2008,Drama|Comedy,4.5,20,0.3067,ru
18216,Brutal Massacre: A Comedy,2008,Horror|Comedy,4.4,19,0.3065,en
17780,A Kind of America 2,2008,Comedy,6.5,19,0.2903,hu
16016,Journey to Saturn,2008,Action|Adventure|Animation|Comedy|Science Fiction,5.8,38,0.3524,da
572060,Max Steel: Bio Crisis,2008,Action|Animation,8.5,17,0.4412,en
76850,Subramaniapuram,2008,Drama|Crime|Romance,7.3,26,0.2583,ta
33295,More than a Game,2008,Documentary,7.313,56,0.4017,en
48913,Behind the Walls,2008,Drama,6.3,12,0.3851,fr
241620,Louis Theroux: Law and Disorder in Johannesburg,2008,Documentary|TV Movie,7.397,29,0.3336,en
14472,The Sickhouse,2008,Horror,4.3,27,0.2787,en
201823,Crazy Gopalan,2008,Comedy,4.8,11,0.4108,ml
160823,Come Together,2008,Comedy,2.4,10,0.3154,en
384439,Hellboy II: The Golden Army - Zinco Epilogue,2008,Action|Adventure|Animation|Fantasy,6.769,13,0.25,en
82349,Fallen Heroes,2008,Crime|Drama,4.4,12,0.3378,it
19319,Tortilla Heaven,2008,Comedy,4.583,12,0.3575,en
78236,Lady Jane,2008,Drama|Thriller,5.7,24,0.1675,fr
14983,Carver,2008,Horror,4.4,42,0.3019,en
13471,Skate Or Die,2008,Action,4.6,29,0.3177,fr
16019,Lost Islands,2008,Drama,6.3,12,0.2503,he
20779,Grapes,2008,Comedy,6.14,25,0.3237,cs
13835,Real Time,2008,Comedy|Drama,6.3,25,0.3097,en
18756,The Joy of Singing,2008,Comedy|Crime,3.4,10,0.3434,fr
18921,Well  We Were Lucky with the Weather – Again,2008,Comedy,3.467,15,0.2695,sv
8901,God's Offices,2008,Comedy|Drama,6.7,17,0.3551,fr
122794,The Karamazov Brothers,2008,Drama,7.0,20,0.3393,cs
31111,The Sicilian Girl,2008,Drama,6.2,52,0.4048,it
258722,The Little Panda Fighter,2008,Action|Animation|Comedy|Family|Adventure,2.365,37,0.3149,pt
20493,Love Story 2050,2008,Science Fiction|Romance,3.016,32,0.2749,hi
15429,Jimmy Carr: In Concert,2008,Comedy,7.686,35,0.2475,en
23733,A Good Day to Be Black & Sexy,2008,Drama|Romance,4.5,12,0.344,en
57330,Chameleon,2008,Comedy|Thriller|Mystery,6.2,20,0.4914,hu
245024,The Tonto Woman,2008,Western,5.455,11,0.2928,en
125400,A Gunfighter's Pledge,2008,Western|Action|TV Movie,5.2,10,0.5232,en
44432,The Dungeon Masters,2008,Documentary,5.1,15,0.3255,en
137452,Neninthe,2008,Action|Drama,6.9,10,0.4105,te
16675,48 Hours a Day,2008,Comedy,5.3,10,0.7592,fr
12427,Teza,2008,Drama,7.5,25,0.2425,am
300314,Veruthe Oru Bharya,2008,Comedy|Drama|Family,6.7,10,0.4544,ml
31440,The Baby Formula,2008,Comedy|Documentary,3.5,13,0.2317,en
15436,Let It Rain,2008,Comedy|Drama,5.5,70,0.3254,fr
46172,Witchcraft 13: Blood of the Chosen,2008,Horror|Thriller,3.3,14,0.2546,en
57000,Breaking the Maya Code,2008,Documentary|Mystery|History,6.3,10,0.2576,en
15619,Family Values,2008,Comedy,5.5,13,0.2962,fr
12420,The Market: A Tale of Trade,2008,Drama,6.4,15,0.2602,tr
21571,Mithya,2008,Drama|Comedy|Crime|Thriller,6.571,14,0.3223,hi
174861,Return to Hansala,2008,Drama|Crime,5.9,11,0.4381,es
51522,I Need That Record!,2008,Documentary|Music,6.4,15,0.318,en
46343,Oktapodi,2008,Animation|Comedy|Family|Action,6.882,102,0.3412,xx
17041,Sold Out: A Threevening with Kevin Smith,2008,Comedy|Documentary,7.0,50,0.2906,en
25168,The Crazy Life,2008,Documentary,6.348,46,0.2593,es
56074,The Collectress,2008,Drama,7.7,10,0.2316,lt
33580,Obituary for Escobar,2008,Crime|Drama,6.6,15,0.293,sr
35247,The Lodge,2008,Horror|Thriller,5.2,38,0.3468,en
17480,That's It  That's All,2008,Documentary,6.5,12,0.2412,en
58400,Just a Father,2008,Comedy|Romance,6.7,117,0.3284,it
14541,Jeff Dunham's Very Special Christmas Special,2008,Comedy,6.588,80,0.244,en
21841,June 9,2008,Horror|Mystery|Thriller,4.9,15,0.3366,en
73293,Empty Nest,2008,Drama,6.3,15,0.2419,es
136339,The Policeman of the 16th Precinct,2008,Comedy,5.433,15,0.1946,el
43021,Sex Galaxy,2008,Comedy|Science Fiction,2.9,15,0.2602,en
12432,A Perfect Day,2008,Romance|Drama,6.4,116,0.2602,it
45196,James,2008,Drama,5.7,18,0.2735,en
20449,The Ghost,2008,Thriller|Crime,5.829,35,0.2846,ru
28137,Bullet in the Head,2008,Drama|Thriller,4.5,11,0.2298,es
53743,Wild Combination: A Portrait of Arthur Russell,2008,Documentary|Music,6.1,19,0.2878,en
15913,A World of Ours,2008,Crime|Drama|Thriller,6.0,10,0.3183,fr
113551,Sweat,2008,Drama,6.8,10,0.2932,en
83224,Todos estamos invitados,2008,Thriller|Drama,5.2,10,0.2768,es
53214,Signs,2008,Romance,7.227,121,0.2906,en
23270,Russell Howard: Live,2008,Comedy,7.0,16,0.2201,en
28939,Army of the Dead,2008,Action|Adventure|Horror|Science Fiction,3.5,19,0.3052,en
65434,Irene Huss 2: Den krossade tanghästen,2008,Mystery|Drama|Crime|Thriller,5.3,12,0.3105,sv
48616,Virus Undead,2008,Horror,3.5,20,0.252,de
662764,DFW Punk,2008,Documentary|Music,5.8,16,0.3939,en
18466,What If...?,2008,Drama|Romance|Comedy,4.7,30,0.2964,fr
51564,Takut: Faces of Fear,2008,Horror|Thriller,5.9,13,0.2681,id
43734,Witch Hunt,2008,Documentary|Crime,7.0,22,0.2666,en
26235,The Gamers: Dorkness Rising,2008,Adventure|Comedy|Fantasy,6.925,40,0.2591,en
23619,We Can Do That,2008,Comedy|Drama,7.2,214,0.4008,it
19626,Brian Regan: The Epitome of Hyperbole,2008,Comedy,7.4,21,0.2944,en
13646,Moscow  Belgium,2008,Romance|Drama|Comedy,6.638,65,0.2754,nl
367425,Pur Purr Rid!,2008,Comedy,6.3,18,0.2426,it
75195,Ashes from the Sun,2008,Drama,5.7,13,0.2942,es
40597,PVC-1,2008,Drama|Thriller,6.314,35,0.2206,es
44989,The Paranoids,2008,Drama|Comedy|Romance,6.85,20,0.255,es
159587,Varmints,2008,Animation|Science Fiction,8.0,10,0.2471,en
30902,Bane,2008,Horror,4.8,19,0.2179,en
44396,Nightmare at the End of the Hall,2008,TV Movie|Thriller|Drama|Horror,5.0,18,0.3208,en
74128,Three Miles North of Molkom,2008,Documentary,6.0,10,0.233,en
181587,Yeti: A Love Story,2008,Comedy|Horror|Romance,3.4,11,0.2371,en
46720,A Guerra dos Rocha,2008,Comedy,5.3,12,0.2559,pt
23996,RiP!: A Remix Manifesto,2008,Documentary,7.148,27,0.1436,en
429060,Deseo,2008,Drama|Comedy|Romance,5.625,32,0.2422,es
26528,Christmas  Inc.,2008,Comedy,7.1,22,0.2966,es
37003,U2 3D,2008,Music|Documentary,7.4,24,0.2575,en
160368,Thirteen or So Minutes...,2008,Drama|Romance,5.6,32,0.3108,en
440381,Miracle on Everest,2008,Adventure|Documentary,3.9,32,0.1744,en
31020,Company: A Musical Comedy,2008,Comedy|Drama|Romance,7.6,27,0.1781,en
334651,De feu et de glace,2008,Comedy|Drama|TV Movie,5.9,32,0.2807,fr
16403,Tears for Sale,2008,Drama|Comedy|Fantasy,6.222,18,0.3129,sr
35753,Night Conversations,2008,Romance|Comedy,5.5,13,0.2527,pl
31688,The Soviet Story,2008,Documentary|War|History,7.3,38,0.3673,en
251630,A Kiss at Midnight,2008,Romance|Family|TV Movie,6.385,13,0.1803,nl
16280,13 Hours in a Warehouse,2008,Horror|Thriller|Mystery,6.6,27,0.301,en
17631,Mid-August Lunch,2008,Comedy,6.777,141,0.3083,it
143344,The One-Handed Trick,2008,Drama,6.211,19,0.2399,es
105759,The Black Hole,2008,Mystery,7.011,141,0.2207,en
19461,Clarkson: Thriller,2008,Documentary,6.731,13,0.2785,en
267794,Psycho Sleepover,2008,Horror|Comedy|Action,2.6,14,0.3999,en
112241,Satyam,2008,Action|Drama,6.2,10,0.3322,ta
57612,IMAX Dolphins and Whales: Tribes of the Ocean,2008,Documentary,6.5,11,0.2951,en
109786,Albakiara,2008,Drama|Crime,2.2,73,0.2058,it
8890,Clara,2008,Drama|Music,5.273,11,0.3568,de
88437,It Will Not End,2008,War|Drama|Comedy|Romance,6.5,11,0.2555,hr
31268,The Auteur,2008,Comedy,3.7,11,0.2089,en
20332,Russell Peters: Red  White and Brown,2008,Comedy,7.393,42,0.2671,en
15580,The End of America,2008,Documentary,6.8,16,0.2546,en
25204,Zero: An Investigation Into 9/11,2008,Documentary,6.167,21,0.1839,it
44442,Four Nights with Anna,2008,Crime|Drama|Thriller,6.2,36,0.3821,pl
72707,A Mulher do Meu Amigo,2008,Comedy,5.1,16,0.2302,pt
97427,The Last Moment,2008,Drama|Romance,5.4,10,0.3115,th
27865,The World According to Monsanto,2008,Documentary,7.435,54,0.3311,fr
56306,Mindflesh,2008,Drama|Horror|Science Fiction|Thriller,3.2,14,0.2645,en
55957,The Lost Coast,2008,Drama|Romance,4.4,17,0.2105,en
45963,Small Crime,2008,Comedy|Crime|Romance,5.6,16,0.1896,el
17582,Khamsa,2008,Drama,5.8,22,0.2789,fr
15578,Rally Chicks,2008,Comedy,4.3,10,0.1894,sv
25041,The American Mall,2008,Romance|Comedy|Drama|Music,5.4,28,0.3635,en
72776,Aniceto,2008,Music|Drama,5.909,11,0.2158,es
185345,Ramchand Pakistani,2008,Drama,8.1,11,0.2455,ur
208009,Doggie Heaven,2008,Comedy,5.5,12,0.2493,en
8898,The Headless Woman,2008,Drama|Mystery,6.2,126,0.2993,es
28833,The Tale of Fedot  the Shooter,2008,Family|Animation|Adventure|Comedy,6.6,24,0.2589,ru
110641,Victorio,2008,Drama,6.0,28,0.1722,es
26145,Stewart Lee: 41st Best Stand-Up Ever!,2008,Comedy,7.7,20,0.1856,en
704787,Crossing Dates,2008,Drama,5.7,10,0.2008,ro
40895,The Investigator,2008,Comedy|Crime|Drama|Thriller,6.741,29,0.1795,hu
29785,Of Time and the City,2008,Documentary,7.1,39,0.1751,en
18046,Blue Gold: World Water Wars,2008,Documentary,7.192,26,0.3114,en
135561,Mud Zombies,2008,Horror,5.8,18,0.2681,pt
35623,For My Father,2008,Drama|Romance,6.471,17,0.356,he
179599,A Good Day for a Swim,2008,Drama|Crime,6.3,13,0.2302,ro
49232,In Your Absence,2008,Drama,5.9,22,0.1874,es
24566,Examined Life,2008,Documentary,6.5,28,0.2055,en
134647,Forgetting Dad,2008,Documentary,6.3,12,0.2282,de
125911,EM,2008,Drama|Romance,7.5,10,0.2208,en
19713,How to Be,2008,Comedy|Drama,4.8,40,0.2466,en
30106,Gunnin' for That #1 Spot,2008,Documentary,6.2,11,0.1719,en
41528,The Last of the Just,2008,Drama|Thriller,4.0,14,0.1559,es
24169,The Cosmos on the Commode,2008,Comedy,5.184,882,0.2684,it
179779,Crossway,2008,Drama,5.643,14,0.3303,fr
37000,A Lake,2008,Drama,6.4,31,0.227,fr
115169,L'amore non basta,2008,Drama,4.8,11,0.1844,it
11098,Jump,2008,Drama,5.0,12,0.281,en
62664,Indigo,2008,Mystery|Thriller|Fantasy,3.1,16,0.2219,ru
24796,Edges of Darkness,2008,Horror|Science Fiction,3.6,20,0.1795,en
14357,The King of Ping Pong,2008,Drama,6.444,18,0.2627,sv
318522,Teo's Journey,2008,Unknown,6.2,12,0.2161,es
16047,Go with Peace Jamil,2008,Action|Drama|Crime,6.0,12,0.2108,en
17243,Lee Evans: Big,2008,Comedy,7.7,17,0.1865,en
24132,The Gates of Hell,2008,Horror|Thriller,4.273,11,0.2175,en
100025,Arizona Sky,2008,Romance|Drama,5.8,20,0.3548,en
79712,My Chemical Romance: The Black Parade Is Dead!,2008,Documentary|Music,9.0,10,0.2155,en
66768,Amor letra por letra,2008,Comedy|Drama|Romance,7.0,23,0.1685,es
28259,Una Palabra Tuya,2008,Drama|Romance,4.7,12,0.2487,es
13480,Ricky Gervais: Out of England,2008,Comedy,7.139,90,0.2096,en
493684,Encrypted Letter,2008,Comedy|Adventure,6.4,10,0.182,ar
84217,Loss of Innocence,2008,Drama,4.7,10,0.2575,tl
49549,Avenged Sevenfold: Live in the LBC,2008,Music,8.458,12,0.196,en
8931,The Bastards,2008,Drama|Thriller,5.4,35,0.17,es
84133,The Business Trip,2008,Comedy,5.333,15,0.2305,en
58171,Galantuomini,2008,Crime|Drama,6.3,12,0.2584,it
316681,Aka Ana,2008,Drama|Documentary,6.7,18,0.2349,ja
40594,Julia Sweeney - Letting Go of God,2008,Comedy|Documentary,8.3,15,0.2664,en
50130,I'm All Good,2008,Comedy,5.4,13,0.2511,cs
339642,Utta Danella - Mit dir die Sterne sehen,2008,Drama,7.7,12,0.1758,de
13488,Katt Williams: It's Pimpin' Pimpin',2008,Comedy|Documentary|TV Movie,6.4,34,0.2205,en
129235,Smile Pinki,2008,Documentary,6.6,10,0.1987,en
10813,Nothing Else Matters,2008,Drama,4.7,12,0.3673,de
79759,The Imaginary Invalid,2008,Comedy,6.2,12,0.2004,fr
44878,Sleep Furiously,2008,Documentary,5.8,13,0.2813,en
22554,The Subtenant,2008,Comedy,4.5,23,0.1454,fi
14642,20 Years After,2008,Drama|Fantasy|Science Fiction,3.1,46,0.1682,en
42585,The Pleasure of Being Robbed,2008,Drama|Crime,5.6,39,0.1773,en
18379,Everything Is Fine,2008,Drama,5.6,17,0.1807,fr
129552,Helsinki  Forever,2008,Documentary,7.1,11,0.225,fi
16259,Ten Dead Men,2008,Action|Thriller,5.1,10,0.174,en
60463,Sunday School Musical,2008,Music|Drama|Family,4.1,17,0.1883,en
57334,Bratz Girlz Really Rock,2008,Animation|Family|Music,7.281,16,0.229,en
59935,For a Moment  Freedom,2008,Adventure|Drama,5.8,11,0.1634,de
77410,Chris & Don: A Love Story,2008,Documentary,5.8,14,0.3061,en
15333,Le Voyage aux Pyrénées,2008,Comedy,3.7,12,0.3487,fr
24168,As God Commands,2008,Drama,6.4,100,0.1503,it
47092,Just Broke Up,2008,Comedy|Romance|Family,4.3,15,0.1383,el
52139,The Ottoman Republic,2008,Comedy|Drama,5.0,65,0.288,tr
34195,The Dead Outside,2008,Horror|Thriller,3.9,34,0.1498,en
79329,Treevenge,2008,Horror|Comedy,6.694,80,0.1959,en
14981,Welcome to Macintosh,2008,Documentary,5.583,24,0.2186,en
26769,Cocaine Cowboys 2,2008,Action|Documentary,6.75,52,0.2452,en
38521,Time Of Darkness,2008,Horror,3.9,13,0.2332,pl
56765,The Genius of Charles Darwin,2008,Documentary,7.5,18,0.2408,en
56029,Drift GTR,2008,Action|Romance|Drama,7.6,16,0.2328,ja
25667,Little Moscow,2008,Drama|Romance|History,5.4,17,0.3492,pl
57253,We Want Roses Too,2008,Documentary,6.5,20,0.1413,it
145676,Discussions with Richard Dawkins  Episode 1: The Four Horsemen,2008,Documentary,8.7,10,0.2076,en
18432,Corporate Affairs,2008,Comedy|Drama,3.6,13,0.3272,en
223416,El pacto,2008,Drama|Romance|TV Movie,5.0,30,0.1637,es
67892,Bonnie & Clyde vs. Dracula,2008,Crime|Horror|Action,3.3,18,0.2051,en
55988,Glory at Sea,2008,Adventure,5.1,13,0.1625,en
259560,Chomsky & Cie,2008,Documentary,7.2,10,0.1582,fr
83748,Anger,2008,Drama,4.8,19,0.2399,es
28348,Cirque du Soleil: Kooza,2008,Family,7.4,10,0.2042,en
57114,Amore  bugie e calcetto,2008,Comedy,5.833,221,0.1779,en
32339,Die Zeit  die man Leben nennt,2008,Unknown,5.45,10,0.1707,de
45852,Harvard Beats Yale 29-29,2008,Documentary|Drama,6.9,13,0.2087,en
33225,Girl's Best Friend,2008,TV Movie|Comedy|Drama,4.5,10,0.2201,en
203076,Daybreak,2008,Romance,5.0,10,0.2115,tl
225982,From Inside,2008,Animation|Horror,5.1,11,0.1358,en
609456,La Pallastrike sull'Isola di Pasqua,2008,Animation,6.2,15,0.2346,it
16092,The Appeared,2008,Horror|Thriller|Mystery,5.1,40,0.3236,es
52138,Muro: Nalet Olsun İçimdeki İnsan Sevgisine,2008,Comedy,4.083,24,0.2416,tr
15320,I.O.U.S.A.,2008,Documentary,7.0,38,0.1875,en
36587,Scarce,2008,Horror,3.6,29,0.2122,en
10821,120,2008,History|Drama|War,6.324,54,0.2031,en
223698,Eel Girl,2008,Horror|Science Fiction,5.7,14,0.1477,en
47390,May,2008,Drama,4.2,13,0.2287,cs
21278,Frode and All the Other Rascals,2008,Family|Comedy|Adventure,6.1,11,0.2585,da
173539,All My Life,2008,Drama|Romance,3.5,11,0.2503,ar
35647,Pa-ra-da,2008,Drama,6.833,21,0.105,en
66805,In Real Life,2008,Drama,6.0,11,0.1231,nl
37845,French Roast,2008,Animation,6.8,61,0.1636,fr
28756,Hackers Are People Too,2008,Documentary,6.1,11,0.1631,en
5970,The Best Place to Be,2008,Drama|Action|Thriller|TV Movie,6.0,11,0.206,de
66645,The Fortress,2008,Documentary,6.7,10,0.1736,fr
617241,See Through,2008,Animation|War,6.4,21,0.1966,zh
52048,Last Stop for Paul,2008,Comedy,7.3,10,0.1607,en
27231,Colin,2008,Horror|Action,4.3,30,0.207,en
25352,Muse: HAARP - Live from Wembley Stadium,2008,Music|Documentary,8.3,31,0.2053,en
75537,Son Of Sam,2008,Drama|Horror|Thriller,1.8,10,0.1934,en
225279,The Facts in the Case of Mister Hollow,2008,Horror|Animation,5.9,17,0.2045,en
49760,A Cross the Universe,2008,Documentary|Music,8.2,15,0.1884,en
16919,Global Metal,2008,Documentary|Music,7.3,76,0.2369,en
15055,Suspension,2008,Action|Drama|Fantasy|Science Fiction|Thriller,5.1,23,0.1523,en
112833,Tale 52,2008,Thriller|Mystery,4.8,14,0.217,el
27520,Max Embarrassment,2008,Comedy|Family,6.5,11,0.3605,da
22637,I Know How Many Runs You Scored Last Summer,2008,Comedy|Horror,3.4,13,0.146,en
134500,The Early Bird Catches the Worm,2008,Drama,5.8,35,0.3505,it
104108,The Craving,2008,Horror,3.6,10,0.1865,en
18199,Frankie Boyle: Live,2008,Comedy,6.833,27,0.1944,en
29144,John Oliver: Terrifying Times,2008,Comedy,7.0,21,0.1556,en
14089,Christmas on Mars,2008,Music|Science Fiction,5.077,13,0.2287,en
214556,Shultes,2008,Crime|Drama,5.1,17,0.2245,ru
46391,Prodigal Sons,2008,Documentary,5.3,18,0.1169,en
23997,Every Little Step,2008,Documentary|Music,6.4,25,0.2262,en
425234,Interview with a Serial Killer,2008,Documentary,4.8,20,0.1932,en
33297,Her Name is Sabine,2008,Documentary,5.3,11,0.2435,en
258803,VIP,2008,Comedy|TV Movie,4.743,35,0.1846,it
54384,Our Beloved Month of August,2008,Music|Romance,6.7,37,0.1544,pt
227873,Unspoken Passion,2008,Drama,6.6,10,0.2221,tl
47442,Βank Bang,2008,Comedy,5.5,18,0.2333,el
79962,Black Butterfly,2008,Thriller|TV Movie,7.1,23,0.2329,fr
18321,Within Temptation & The Metropole Orchestra: Black Symphony,2008,Music,8.2,19,0.1473,nl
126732,Snow,2008,Drama,5.3,10,0.1542,bs
238685,The Perfect Vagina,2008,Documentary,5.6,11,0.1553,en
568593,Man,2008,Unknown,7.1,23,0.1462,en
271869,Jay,2008,Comedy,5.3,18,0.1755,tl
247500,Le Septième Juré,2008,Crime|Drama|TV Movie,6.3,22,0.1261,fr
15729,Cover Boy,2008,Drama,5.471,17,0.1553,it
86599,The Wild Man of the Navidad,2008,Horror|Drama|Mystery,3.8,12,0.1354,en
47152,The Price of Pleasure: Pornography  Sexuality & Relationships,2008,Documentary,7.3,10,0.1368,en
99330,Happy Birthday,2008,Drama|Romance,7.0,12,0.2415,th
52189,Children of the Otherside,2008,Action|Drama|Crime,6.6,11,0.2023,tr
33429,Helen,2008,Drama,5.5,15,0.2152,en
57002,Crystal River,2008,Drama|Romance,3.773,11,0.2201,en
27386,Colour from the Dark,2008,Horror|Thriller,4.8,21,0.2314,en
17400,Avril Lavigne: The Best Damn Tour - Live in Toronto,2008,Music,8.913,23,0.1991,en
24225,Afghan Star,2008,Documentary|Music,6.3,22,0.1326,en
13676,The Little Mermaid: Ariel's Beginning,2008,Family|Animation,6.7,1074,0.193,en
86440,I'm Gonna Explode,2008,Drama|Comedy|Romance,6.615,13,0.217,es
15106,Blue Man Group - How to Be a Megastar Live!,2008,Music|Documentary,7.2,11,0.2889,en
16059,Oneway-Ticket to Korsør,2008,Drama|Comedy|Romance,4.0,10,0.1841,da
25618,Sean Lock: Live!,2008,Comedy,7.0,15,0.1764,en
27956,O... Çocukları,2008,Comedy|Drama,6.338,40,0.1981,tr
139553,A Mate,2008,Comedy,4.8,12,0.1305,fi
27463,October Moon 2: November Son,2008,Horror|Thriller,3.0,10,0.0921,en
12446,Mark of an Angel,2008,Drama,6.0,27,0.1661,fr
200907,The Door,2008,Drama,6.6,15,0.2167,en
85405,Plan Bee,2008,Animation|Family|Adventure|Comedy,1.267,15,0.1613,en
26556,Dara Ó Briain: Talks Funny,2008,Comedy,7.0,16,0.156,en
347150,The Champions of Mexican Wrestling,2008,Animation|Action|Adventure|Comedy,7.706,17,0.1904,es
60027,Can You Keep a Secret?,2008,Comedy|Drama,6.5,10,0.2244,fr
38378,Nie kłam kochanie,2008,Comedy|Romance,4.9,38,0.1649,pl
80284,Enlightened Blood,2008,Unknown,5.5,11,0.1436,es
402304,The Storm,2008,Drama,7.7,15,0.2256,tr
99043,Raw Love,2008,Romance|Drama,5.8,31,0.1607,es
46896,Run for Your Life,2008,Documentary|History,7.9,11,0.1308,en
130288,Traces,2008,Drama,7.9,10,0.1007,en
56777,At the Edge of the World,2008,Documentary,6.7,15,0.2055,en
114222,Summer Book,2008,Drama|Comedy|Romance,5.8,18,0.1417,tr
80719,Hooked,2008,Drama,5.5,16,0.1333,ro
75970,La seconda volta non si scorda mai,2008,Comedy|Romance,5.643,70,0.1291,it
110372,Descendents,2008,Horror|Thriller|Science Fiction,4.2,21,0.2565,es
31230,Please Say Something,2008,Animation|Drama,6.5,17,0.1578,en
51433,Bayrampaşa: Ben Fazla Kalmayacağım,2008,Drama|Comedy,6.0,22,0.1482,tr
241619,Louis Theroux: Law and Disorder in Philadelphia,2008,Documentary|TV Movie,7.333,27,0.2486,en
63332,Sunny Spells,2008,Romance,5.2,10,0.1317,fr
13259,American Teen,2008,Documentary,6.333,51,0.1622,en
134656,I Love Sarah Jane,2008,Horror,6.3,36,0.1426,en
52129,Destere,2008,Comedy,4.045,22,0.2269,tr
24562,Six Degrees Could Change The World,2008,Documentary,6.625,12,0.1304,en
80475,42 Ways to Kill Hitler,2008,Documentary|War,7.0,10,0.0944,en
57091,Granny O'Grimm's Sleeping Beauty,2008,Animation|Comedy|Fantasy,5.824,37,0.0873,en
29706,Hunting Grounds,2008,Horror,3.4,11,0.4349,en
49648,You Kiss Like a God,2008,Comedy|Romance|Family,5.0,10,0.1737,cs
569219,Finalmente a casa,2008,Comedy|TV Movie,5.4,11,0.2562,it
17002,Leur morale… et la nôtre,2008,Comedy,4.0,12,0.1551,fr
167190,Western Spaghetti,2008,Animation|Fantasy,6.951,51,0.1305,en
171061,Below Sea Level,2008,Documentary,6.4,21,0.123,en
115096,One Day in a Life,2008,Drama,5.2,12,0.1521,it
214167,Stonehenge: Decoded,2008,Documentary,6.0,13,0.3673,en
22814,Sarah Brightman: Symphony - Live In Vienna,2008,Music,8.3,11,0.1783,en
53222,Skhizein,2008,Drama|Animation|Fantasy,7.668,140,0.0809,fr
54911,The Amazing Truth About Queen Raquela,2008,Documentary|Drama,4.0,10,0.1346,th
55889,Beyond the Game,2008,Documentary,6.9,10,0.1061,en
255706,Artemide’s Knee,2008,Drama|Music,6.321,14,0.1048,fr
178543,Blind Pig Who Wants to Fly,2008,Drama,5.6,14,0.1808,id
87045,The Dark Horse,2008,Family|Drama,8.3,15,0.2123,en
30562,Gorgoroth: Black Mass Krakow 2004,2008,Music,8.7,15,0.1443,en
136515,Volverte a ver,2008,Comedy,6.8,30,0.1441,es
137929,Therion: Live Gothic,2008,Music,9.5,18,0.1052,en
122619,La Rabbia di Pasolini,2008,Documentary,7.5,14,0.1469,it
14790,Michael McIntyre: Live & Laughing,2008,Comedy,6.5,26,0.1348,en
35060,Dead in 3 Days 2,2008,Horror|Thriller,5.8,31,0.152,de
56642,Night Watcher,2008,Horror|Mystery|Thriller,3.4,10,0.1284,en
31864,Who Is KK Downey?,2008,Comedy|Romance,4.5,15,0.1127,en
18187,Flow: For Love of Water,2008,Documentary,6.6,21,0.1111,en
374486,Death in Paradise,2008,Drama,7.0,12,0.1026,es
61239,Isle of the Damned,2008,Horror|Comedy,3.8,12,0.1555,en
25701,Ryan and Sean's Not So Excellent Adventure,2008,Comedy,4.5,16,0.1201,en
8934,Soi Cowboy,2008,Drama,3.8,11,0.2102,th
224098,The Survivor,2008,Action|Crime,6.2,10,0.1528,ro
117070,Japan: A Story of Love and Hate,2008,Documentary,7.3,11,0.1019,en
37574,On the Way to School,2008,Documentary|Drama,7.1,35,0.0845,tr
108566,Alone in Four Walls,2008,Documentary,6.8,10,0.1124,ru
85394,33 Scenes from Life,2008,Drama,5.1,22,0.1468,pl
55293,Married to the Eiffel Tower,2008,Documentary,5.2,11,0.1195,en
18150,Planet B-Boy,2008,Documentary,6.5,19,0.0952,en
39395,Boogie,2008,Drama|Comedy,5.9,24,0.1601,ro
113409,Love Bite,2008,Horror,3.5,11,0.1121,en
76214,Vlog,2008,Horror,4.0,10,0.1442,en
55804,Mike Birbiglia: What I Should Have Said Was Nothing,2008,Comedy,7.5,42,0.0947,en
99780,Lloyd Neck,2008,Drama|Romance,4.9,12,0.1291,en
17910,Gnaw,2008,Horror|Comedy,3.3,31,0.1171,en
112722,Louis Theroux: Behind Bars,2008,Documentary|TV Movie,7.526,39,0.1463,en
56967,I Think We're Alone Now,2008,Documentary,6.5,26,0.1018,en
1080298,Forest,2008,Animation,5.8,20,0.1098,en
69747,Spinnin',2008,Drama|Comedy|Romance,6.0,12,0.0849,es
24792,Between the Folds,2008,Documentary|Family,7.7,22,0.0849,en
52858,Echte Wiener - Die Sackbauer-Saga,2008,Comedy|Drama,6.458,12,0.0937,de
284117,Fitna,2008,Documentary,4.8,13,0.067,nl
13585,Bill Bailey: Tinselworm,2008,Comedy,7.4,19,0.0999,en
35652,That's It,2008,Comedy|Romance,6.0,24,0.0877,pt
37312,Killer at Large,2008,Documentary,6.2,11,0.0734,en
75101,Red Victoria,2008,Comedy|Horror,4.4,10,0.1258,en
52803,Sebastian's Voodoo,2008,Animation|Horror,6.664,58,0.0687,en
126355,Factory Farmed,2008,Science Fiction,6.4,12,0.1399,en
75344,L'Abribus,2008,Comedy,5.9,15,0.1029,fr
58687,My Very Best Friend,2008,Comedy|Drama,6.5,12,0.0881,fr
20995,The Swimsuit Issue,2008,Comedy,5.5,30,0.0743,sv
61895,Pageant,2008,Documentary,4.6,12,0.1535,en
257909,Pablo Escobar: Angel or Demon?,2008,Documentary,6.5,16,0.1091,es
839321,Return,2008,Animation|Science Fiction,6.7,582,0.0716,pl
58511,Suddenly  Last Winter,2008,Documentary,4.4,10,0.0929,it
32534,I Am So Proud of You,2008,Animation|Drama,7.5,88,0.1039,en
99746,Life Sentence,2008,Drama,6.4,17,0.1622,it
210830,The Watch,2008,Drama|Comedy,6.4,14,0.0712,es
84925,Profit Motive and the Whispering Wind,2008,Documentary|History,6.4,15,0.0635,en
195781,Demon Kiss,2008,Horror,2.3,10,0.1158,en
286200,Finalmente una favola,2008,Comedy|TV Movie,5.6,12,0.1529,it
65726,Lake Tahoe,2008,Drama|Comedy,6.403,36,0.0764,es
119276,Nesio,2008,Comedy|Crime|Drama,5.9,14,0.2923,es
145525,I Live in the Woods!,2008,Animation|Horror,5.5,10,0.0856,en
58376,Presumed Guilty,2008,Documentary,6.4,22,0.0702,es
104573,Manay Po! 2: Overload,2008,Comedy,4.7,10,0.1137,en
162210,Men for Sale,2008,Documentary,5.75,12,0.0544,fr
143431,Louis Theroux's African Hunting Holiday,2008,TV Movie|Documentary,7.058,26,0.1248,en
16554,Heimatkunde,2008,Documentary,6.5,10,0.0606,de
19358,Angels & Airwaves: Start the Machine,2008,Documentary|Music,6.4,11,0.0575,en
147513,Snuf de Hond en de Jacht op de Vliegende Volckert,2008,Adventure|Family,6.2,10,0.0588,nl
737645,D.F. (final destiny),2008,Documentary,6.2,80,0.0725,es
151912,Jurassic Fight Club,2008,Documentary,7.5,17,0.0649,en
113533,TOC TOC,2008,Comedy,7.5,10,0.099,fr
132248,Muto,2008,Animation,6.4,18,0.0493,en
81302,Dernier maquis,2008,Drama,5.9,11,0.0682,fr
703726,Next Exit  Main Street,2008,Documentary,6.3,29,0.1243,en
44242,Fractals: Hunting the Hidden Dimension,2008,Documentary,6.8,10,0.0393,en
151077,Slingshot,2008,Crime|Drama,5.4,12,0.0701,tl
38601,Part of the Weekend Never Dies,2008,Music|Documentary,6.3,13,0.042,en
28852,Don't Wake the Dead,2008,Horror,4.0,10,0.1006,de
27153,Kaya Yanar - Made in Germany,2008,Comedy|Documentary|TV Movie,7.3,10,0.0799,de
539130,Highway Battle R×R,2008,Unknown,6.971,17,0.0327,ja
316866,How I Met Your Father,2008,Comedy,5.2,22,0.2057,es
507624,Thicker Than Water: The Vampire Diaries Part 1,2008,Comedy|Horror,7.7,16,0.0338,en
767865,Hjärtrud - the Woman of Your Life,2008,Unknown,5.6,15,0.0286,sv
24707,Addicted to Plastic,2008,Documentary,5.8,16,0.045,en
90175,Bi the Way,2008,Documentary,4.8,10,0.0505,en
143759,Spanky: To the Pier and Back,2008,Documentary,5.1,15,0.0239,en
597165,1,2008,Drama,5.9,34,0.0286,es
252778,Greed,2008,Animation|Fantasy,4.2,11,0.0168,en
71591,The Linguists,2008,Documentary,7.0,10,0.0495,en
256650,Retouches,2008,Animation,6.8,15,0.0214,xx
151191,Tolerantia,2008,Animation,4.9,10,0.0071,la
