id,title,release_year,genres,vote_average,vote_count,popularity,original_language
674,Harry Potter and the Goblet of Fire,2005,Adventure|Fantasy,7.803,22180,27.2148,en
1495,Kingdom of Heaven,2005,Drama|Action|Adventure|History|War,7.049,4974,17.2222,en
272,Batman Begins,2005,Drama|Crime|Action,7.7,22633,13.7643,en
4348,Pride & Prejudice,2005,Drama|Romance,8.054,8776,14.8046,en
561,Constantine,2005,Fantasy|Action|Horror,7.159,8123,16.6098,en
411,The Chronicles of Narnia: The Lion  the Witch and the Wardrobe,2005,Adventure|Family|Fantasy,7.137,11495,15.4748,en
3933,Corpse Bride,2005,Romance|Fantasy|Animation,7.59,10187,14.481,en
953,Madagascar,2005,Adventure|Animation|Comedy|Family,6.923,11731,14.7198,en
142,Brokeback Mountain,2005,Drama|Romance,7.784,7558,14.2105,en
118,Charlie and the Chocolate Factory,2005,Adventure|Comedy|Family|Fantasy,7.039,16124,14.7937,en
1895,Star Wars: Episode III - Revenge of the Sith,2005,Adventure|Action|Science Fiction,7.5,14955,13.4723,en
9753,Three,2005,Adventure|Drama|Thriller,5.612,290,9.6923,en
254,King Kong,2005,Adventure|Drama|Action,6.892,8509,9.5975,en
787,Mr. & Mrs. Smith,2005,Action|Comedy|Drama|Thriller,6.7,11233,9.3197,en
9928,Robots,2005,Animation|Comedy|Family|Science Fiction,6.486,4914,8.2535,en
44935,Art of the Devil 2,2005,Horror|Thriller,6.734,126,7.1372,th
74,War of the Worlds,2005,Adventure|Thriller|Science Fiction,6.543,9183,8.4709,en
1635,The Island,2005,Action|Thriller|Science Fiction,6.7,5881,8.0724,en
9982,Chicken Little,2005,Animation|Family|Comedy,5.9,4155,7.43,en
9738,Fantastic Four,2005,Action|Fantasy|Science Fiction,5.808,9993,7.6546,en
9392,The Descent,2005,Adventure|Horror,6.981,4399,7.7775,en
215,Saw II,2005,Horror,6.607,5874,6.8226,en
9335,Transporter 2,2005,Action|Thriller|Crime,6.331,3955,6.9251,en
10982,Hoodwinked!,2005,Animation|Comedy|Crime|Family|Mystery,6.292,1916,6.4623,en
11679,xXx: State of the Union,2005,Action|Adventure|Crime|Thriller,5.093,2035,5.8645,en
6957,The 40 Year Old Virgin,2005,Comedy|Romance,6.424,7228,6.3054,en
1830,Lord of War,2005,Crime|Drama|Thriller,7.347,5349,5.7773,en
9291,The Longest Yard,2005,Drama|Comedy|Crime,6.677,3684,6.1105,en
16320,Serenity,2005,Science Fiction|Action|Adventure|Thriller,7.362,3874,5.6777,en
9007,Just Like Heaven,2005,Comedy|Romance|Fantasy,6.97,2578,6.3935,en
7214,Coach Carter,2005,Drama|History,7.578,3294,6.1331,en
11283,Nanny McPhee,2005,Fantasy|Comedy|Family,6.691,3226,5.7408,en
10659,Siegfried,2005,Comedy,4.4,67,5.0341,de
4442,The Brothers Grimm,2005,Adventure|Fantasy|Action|Comedy|Thriller,5.861,2962,6.3095,en
187,Sin City,2005,Crime|Thriller,7.465,8835,5.3807,en
10022,The Pacifier,2005,Comedy|Family|Action,6.075,3261,6.3995,en
9522,Wedding Crashers,2005,Comedy|Romance,6.5,4709,4.8142,en
6795,Zathura: A Space Adventure,2005,Science Fiction|Adventure|Family,6.4,3591,5.5011,en
11451,Herbie Fully Loaded,2005,Comedy|Family|Adventure|Fantasy|Romance,5.831,2422,4.8364,en
14003,Fullmetal Alchemist the Movie: Conqueror of Shamballa,2005,Action|Adventure|Animation|Drama,7.314,397,4.6315,ja
8488,Hitch,2005,Comedy|Drama|Romance,6.582,6226,5.6863,en
8292,Four Brothers,2005,Action|Crime,6.805,2408,6.3904,en
9763,Goal!,2005,Drama,6.78,1211,4.2674,en
39688,Like a Brother,2005,Drama|Romance,4.2,24,10.0433,fr
116,Match Point,2005,Drama|Romance|Thriller,7.36,4378,4.991,en
11459,Sky High,2005,Adventure|Comedy|Family,6.3,2464,5.2597,en
612,Munich,2005,Drama|Action|History|Thriller,7.131,2998,4.7758,en
13461,Melissa P.,2005,Drama,4.668,607,4.6521,it
1640,Crash,2005,Drama,7.22,3880,4.5224,en
25,Jarhead,2005,Drama|War,6.7,3176,4.6798,en
142093,The Intimate,2005,Romance|Drama,6.147,34,4.5054,ko
11653,The Myth,2005,Action|Adventure|Comedy|Drama|Fantasy,6.436,421,4.5935,zh
10066,House of Wax,2005,Horror|Thriller|Mystery,6.029,3346,4.889,en
1656,The Legend of Zorro,2005,Action|Adventure|Western,6.126,3087,5.1882,en
533,Wallace & Gromit: The Curse of the Were-Rabbit,2005,Adventure|Animation|Comedy|Family,7.125,3082,4.961,en
14174,Lie with Me,2005,Drama,5.209,316,4.3705,en
8982,The Protector,2005,Action|Crime|Drama|Thriller,7.119,934,4.4483,th
59,A History of Violence,2005,Drama|Thriller|Crime,7.163,3730,4.6613,en
11453,Deuce Bigalow: European Gigolo,2005,Comedy,5.298,1018,3.8663,en
7453,The Hitchhiker's Guide to the Galaxy,2005,Adventure|Comedy|Science Fiction,6.686,4245,4.8849,en
7364,Sahara,2005,Action|Adventure|Comedy|Drama|Mystery,5.916,1645,5.4444,en
8202,Æon Flux,2005,Science Fiction|Action|Thriller,5.639,2459,4.451,en
10065,The Amityville Horror,2005,Horror,6.123,2362,4.2113,en
11171,Mysterious Skin,2005,Drama,7.7,1283,3.9256,en
1904,Memoirs of a Geisha,2005,Drama|Romance|History,7.64,3395,4.2676,en
8643,The Exorcism of Emily Rose,2005,Crime|Drama|Horror|Thriller,6.604,3058,4.1188,en
9947,Elektra,2005,Action|Fantasy|Adventure,5.056,2665,4.2337,en
7552,Fun with Dick and Jane,2005,Comedy|Crime,6.224,2670,3.55,en
8814,Doom,2005,Action|Horror|Science Fiction,5.191,2448,3.7532,en
25,Jarhead,2005,Drama|War,6.683,3176,4.6798,en
11460,Red Eye,2005,Thriller|Mystery,6.394,2530,4.1317,en
10320,The Ring Two,2005,Drama|Horror|Thriller,5.759,2459,3.496,en
5070,How Much Do You Love Me?,2005,Comedy|Drama,5.873,216,4.958,fr
69,Walk the Line,2005,Drama|Music|Romance,7.498,3137,3.6772,en
9315,Flightplan,2005,Thriller|Drama|Mystery,6.447,2969,4.6277,en
13417,Kronk's New Groove,2005,Animation|Comedy|Family,6.416,1353,3.4812,en
9913,The Skeleton Key,2005,Drama|Horror|Mystery|Thriller,6.627,2284,3.5229,en
10851,Revolver,2005,Drama|Thriller|Crime|Mystery,6.354,1549,3.2901,en
18747,Election,2005,Crime|Drama|Thriller,7.2,295,3.3225,cn
19564,The Prophecy: Uprising,2005,Fantasy|Horror|Thriller,5.017,87,3.5649,en
647,Final Fantasy VII: Advent Children,2005,Animation|Action|Adventure|Fantasy|Science Fiction,7.2,1249,3.9101,ja
11683,Land of the Dead,2005,Horror|Science Fiction|Thriller,6.261,1796,3.4758,en
13127,SPL: Kill Zone,2005,Action|Crime|Drama|Thriller,6.933,356,4.2413,cn
8066,Stay,2005,Mystery|Thriller|Drama,6.621,1513,3.1283,en
20941,Innocent Voices,2005,Drama|War,8.16,520,3.6685,es
9288,Dungeons & Dragons: Wrath of the Dragon God,2005,Action|Adventure|Fantasy|TV Movie,4.736,142,3.212,en
10048,Stealth,2005,Science Fiction,5.465,1167,3.291,en
9912,The World's Fastest Indian,2005,Drama|Adventure|History,7.682,887,3.0603,en
9388,Thank You for Smoking,2005,Comedy|Drama,7.197,2406,3.9444,en
14199,The Adventures of Sharkboy and Lavagirl,2005,Adventure|Family|Science Fiction,5.2,1607,3.4609,en
14695,Havoc,2005,Crime|Drama,5.268,356,4.1871,en
10214,Son of the Mask,2005,Fantasy|Comedy|Family|Adventure,4.204,1965,3.7154,en
8923,Green Street Hooligans,2005,Crime|Drama,7.273,2577,3.4992,en
4550,Lady Vengeance,2005,Drama|Thriller,7.53,1948,4.0828,ko
2008,The Promise,2005,Fantasy|Drama|Action|Thriller|Romance,5.586,133,2.5784,zh
15657,Tarzan II,2005,Adventure|Animation|Family,6.091,1240,3.4559,en
39204,Detective Conan: Strategy Above the Depths,2005,Animation|Mystery,6.908,158,3.244,ja
4379,Monster-in-Law,2005,Romance|Comedy,6.224,1764,3.6716,en
10033,Just Friends,2005,Comedy|Romance,6.21,1798,3.5016,en
19256,Mobile Suit Zeta Gundam - A New Translation I: Heirs to the Stars,2005,Action|Animation|Science Fiction|War,6.625,24,3.0441,ja
921,Cinderella Man,2005,Romance|Drama|History,7.572,2419,4.3033,en
11638,Guess Who,2005,Comedy|Romance,6.009,984,2.9848,en
5289,Chaos,2005,Drama|Action|Crime,6.328,1149,3.1752,en
16411,Initial D,2005,Action|Crime|Drama,6.7,310,3.4617,cn
20760,Lilo & Stitch 2: Stitch Has a Glitch,2005,Animation|Family|Comedy|Science Fiction,6.7,1627,3.5265,en
42246,Tom and Jerry: The Fast and the Furry,2005,Animation|Comedy|Family|Action,7.1,309,3.6955,en
2026,Hostage,2005,Action|Thriller|Crime,6.353,1761,3.5808,en
6439,Racing Stripes,2005,Comedy|Family,5.887,663,3.0656,en
10027,Unleashed,2005,Action|Crime,6.941,2186,3.5598,en
11344,A Bittersweet Life,2005,Action|Drama|Crime,7.435,993,3.1411,ko
14166,Pretty Persuasion,2005,Comedy,5.831,148,3.6104,en
10845,2001 Maniacs,2005,Horror|Comedy,5.449,292,3.2792,en
11968,Into the Blue,2005,Action|Thriller|Adventure|Crime,5.9,1641,3.1062,en
14175,Valiant,2005,Family|Animation|Adventure|Comedy|War,5.6,964,3.0474,en
1985,The Constant Gardener,2005,Drama|Mystery|Thriller,6.985,1721,2.9118,en
179,The Interpreter,2005,Crime|Thriller,6.322,1582,3.1537,en
1696,The Devil's Rejects,2005,Drama|Horror|Crime,6.736,1545,2.827,en
9042,The Cave,2005,Action|Adventure|Horror|Thriller,5.4,1019,4.0043,en
62569,April Snow,2005,Drama|Romance,6.151,53,2.8603,ko
50724,My Brother's Wife,2005,Romance|Drama,6.466,145,3.223,es
15906,Barbie and the Magic of Pegasus,2005,Animation|Family|Romance,7.229,774,3.4607,en
13499,Yours  Mine & Ours,2005,Comedy|Family|Romance,6.201,904,2.6488,en
14177,Beauty Shop,2005,Comedy|Romance,6.322,557,3.3737,en
9641,Cheaper by the Dozen 2,2005,Comedy|Family|Adventure,6.161,2095,3.5219,en
6961,The Wedding Date,2005,Romance|Comedy,6.813,1258,2.928,en
12228,Inside Deep Throat,2005,Documentary,6.441,144,3.0707,en
5236,Kiss Kiss Bang Bang,2005,Comedy|Crime|Mystery|Thriller,7.158,3008,2.8106,en
6519,The Dukes of Hazzard,2005,Comedy|Adventure|Action,5.622,1315,3.06,en
4551,Be Cool,2005,Comedy|Crime,5.481,980,3.2308,en
9681,Casanova,2005,Adventure|Comedy|Drama|Romance,6.448,946,2.7648,en
47525,The Magic of Ordinary Days,2005,Drama|Romance|TV Movie,7.3,98,3.0117,en
791,The Fog,2005,Horror|Mystery,4.57,827,3.32,en
10040,Miss Congeniality 2: Armed and Fabulous,2005,Action|Comedy,5.743,1964,2.9221,en
16910,Naruto the Movie: Legend of the Stone of Gelel,2005,Animation|Adventure|Fantasy,6.787,437,2.9399,ja
9701,North Country,2005,Drama,7.226,740,3.3534,en
21506,Noroi: The Curse,2005,Horror|Mystery|Thriller,6.888,423,2.8168,ja
131926,Wet Dreams 2,2005,Comedy,5.7,13,2.9428,ko
34067,Pokémon: Lucario and the Mystery of Mew,2005,Family|Adventure|Animation|Fantasy|Action|Science Fiction,7.0,332,3.0849,ja
9074,The Man,2005,Action|Comedy|Crime,5.821,620,3.3274,en
44729,One Piece: Baron Omatsuri and the Secret Island,2005,Action|Animation|Thriller|Comedy,7.19,245,2.9539,ja
38567,xxxHOLiC The Movie: A Midsummer Night's Dream,2005,Animation|Comedy|Drama|Mystery|Fantasy,6.627,37,3.0556,ja
7553,Waiting...,2005,Comedy|Romance,6.212,987,3.1239,en
2313,Prime,2005,Comedy|Drama|Romance,5.986,844,3.3602,en
9787,Lords of Dogtown,2005,Drama|Action,7.095,811,2.6694,en
231,Syriana,2005,Drama|Thriller,6.429,1493,3.5616,en
11931,In Her Shoes,2005,Comedy|Drama|Romance,6.2,1289,2.5514,en
9667,The Jacket,2005,Drama|Mystery|Science Fiction|Thriller|Fantasy,6.869,1692,2.738,en
11096,Hide and Seek,2005,Horror|Mystery,6.346,1730,2.4537,en
14566,Feed,2005,Mystery|Thriller,5.6,142,2.5699,en
8999,Derailed,2005,Drama|Thriller,6.375,1142,2.7516,en
16608,The Proposition,2005,Action|Adventure|Crime|Drama|Thriller|Western,7.0,712,3.0297,en
10060,Get Rich or Die Tryin',2005,Drama|Crime|Music,6.807,1039,2.7122,en
13374,Ice Princess,2005,Family|Drama|Comedy,6.408,943,2.2267,en
9722,Bewitched,2005,Comedy|Fantasy|Romance,5.093,1652,2.6885,en
11648,Must Love Dogs,2005,Romance|Comedy,5.95,493,2.2212,en
13682,Pooh's Heffalump Movie,2005,Family|Animation|Comedy|Fantasy,6.847,505,2.6044,en
2800,Rumor Has It...,2005,Comedy|Romance,5.679,1250,2.2821,en
2652,Hard Candy,2005,Drama|Thriller,6.808,2779,3.0571,en
9899,The Producers,2005,Comedy,6.18,514,3.2949,en
9009,Dark Water,2005,Horror|Mystery,5.671,1115,3.7749,en
546,Transamerica,2005,Drama|Adventure|Comedy,6.996,510,2.3582,en
30688,Gemini,2005,Drama,5.5,58,2.4435,es
24461,Asylum,2005,Drama|Thriller|Romance,5.942,129,1.9613,en
21078,Tom and Jerry Blast Off to Mars!,2005,Animation|Family,6.532,154,2.6029,en
9813,The Quiet,2005,Drama|Thriller,6.103,291,2.4293,en
7515,London,2005,Drama|Romance,5.997,346,2.7749,en
10070,Feast,2005,Horror,6.153,609,2.2561,en
10012,Cursed,2005,Horror|Comedy,5.43,769,2.2203,en
10116,Shinobi: Heart Under Blade,2005,Action,6.6,176,2.0919,ja
11400,The New World,2005,Drama|History|Romance,6.517,1275,2.7958,en
9885,Wolf Creek,2005,Horror|Thriller,6.2,1284,2.3697,en
9981,Kicking & Screaming,2005,Family|Comedy,5.81,687,3.6548,en
8978,Assault on Precinct 13,2005,Thriller|Action|Adventure|Crime,6.2,1198,2.1217,en
10476,Hustle & Flow,2005,Crime|Drama|Music,7.1,447,3.2029,en
501,Grizzly Man,2005,Documentary,7.531,956,2.9967,en
27902,Love Wrecked,2005,Romance|Comedy,5.157,532,2.2674,en
445,Caché,2005,Mystery|Drama|Thriller,7.02,1265,2.25,fr
257,Oliver Twist,2005,Crime|Drama|Family,6.751,1243,2.6959,en
9923,Domino,2005,Action|Crime|Drama|Thriller,5.919,1287,2.091,en
30043,Green Chair,2005,Romance|Drama,6.074,34,2.0634,ko
540,D.E.B.S.,2005,Action|Comedy|Romance,6.5,632,2.1934,en
121678,Aunt Fanny's Tour of Booty,2005,Animation|Family,5.3,15,2.4615,en
1947,An Unfinished Life,2005,Drama,6.843,699,2.0545,en
11637,Are We There Yet?,2005,Family|Adventure|Comedy|Romance,5.712,1053,1.9992,en
16553,Little Manhattan,2005,Comedy|Romance,7.207,764,2.0558,en
7233,Rebound,2005,Comedy|Family,5.633,358,3.07,en
18500,The Sandlot 2,2005,Family|Comedy,5.909,175,2.2024,en
21481,Twitches,2005,Comedy|Drama|Family|Fantasy|TV Movie,6.746,544,2.2134,en
3291,Good Night  and Good Luck.,2005,Drama|History,7.07,1104,2.3974,en
9621,Elizabethtown,2005,Comedy|Drama|Romance,6.191,1194,2.1352,en
65215,Stewie Griffin: The Untold Story,2005,Adventure|Animation|Comedy,6.9,427,1.9129,en
15366,American Gun,2005,Drama,5.667,42,1.7678,en
17186,Supercross,2005,Action|Adventure|Drama|Romance,6.276,152,2.6228,en
10703,Seven Swords,2005,Action|Drama,6.256,197,2.529,zh
7873,Harsh Times,2005,Crime|Drama|Thriller|Action,6.438,780,1.9248,en
12700,Dominion: Prequel to The Exorcist,2005,Horror|Drama,5.4,420,2.1594,en
1420,Breakfast on Pluto,2005,Drama|Comedy,7.2,437,1.9918,en
9779,The Sisterhood of the Traveling Pants,2005,Drama|Comedy|Romance,6.517,1352,1.9702,en
176147,Secret Love: The Schoolboy and the Mailwoman,2005,Drama|Romance,6.333,33,2.1442,de
10092,Cry_Wolf,2005,Horror|Thriller,5.801,586,1.7282,en
1023,Adam's Apples,2005,Drama|Comedy|Crime,7.475,794,2.4114,da
13922,The Great Raid,2005,Action|History|War,6.538,382,1.7432,en
14517,MirrorMask,2005,Fantasy,6.417,357,2.8994,en
30178,Stuart Little 3: Call of the Wild,2005,Animation|Comedy|Family|TV Movie,5.2,525,2.178,en
1951,Manderlay,2005,Drama,6.904,405,2.5292,da
406854,Me or My Aunt,2005,Comedy,6.379,33,1.7969,ar
8976,A Lot Like Love,2005,Comedy|Drama|Romance,6.827,1368,1.851,en
9711,Species III,2005,Science Fiction|Action|Horror,5.209,472,1.8061,en
11348,Fragile,2005,Horror|Thriller|Mystery,6.533,623,1.6706,en
9687,Keeping Mum,2005,Comedy,6.663,617,1.7099,en
1833,Rent,2005,Drama|Romance,6.827,597,1.9452,en
20558,Scooby-Doo! in Where's My Mummy?,2005,Mystery|Animation|Family|Adventure|Comedy|Fantasy,7.4,420,2.225,en
12699,Hellraiser: Hellworld,2005,Horror|Thriller,4.7,388,1.8117,en
9910,Two for the Money,2005,Comedy|Crime|Drama|Thriller,6.067,722,1.7474,en
9777,Proof,2005,Drama|Mystery,6.351,740,1.656,en
6967,The White Masai,2005,Drama,6.3,70,1.6852,de
20771,Kim Possible Movie: So the Drama,2005,Animation|Adventure|Family|Action|Comedy|Science Fiction|TV Movie,6.948,200,1.7392,en
17124,Wild Things: Diamonds in the Rough,2005,Crime|Drama|Mystery,5.0,163,1.6145,en
13498,Man of the House,2005,Comedy|Action,5.8,506,1.5182,en
15487,The Greatest Game Ever Played,2005,Drama,7.31,540,2.1025,en
58953,AV,2005,Comedy|Drama,5.684,19,1.7977,cn
7182,Venom,2005,Horror|Thriller,5.435,369,1.6709,en
15907,Duma,2005,Adventure|Drama|Family,7.354,206,2.6931,en
1667,March of the Penguins,2005,Documentary|Family,7.086,1216,1.7447,fr
9968,The Big White,2005,Comedy|Crime|Drama,6.185,325,2.071,en
28512,The Poseidon Adventure,2005,Adventure|Thriller|Action|TV Movie,5.199,123,1.4616,en
16186,Diary of a Mad Black Woman,2005,Drama|Romance|Comedy,6.569,239,1.8854,en
7295,8MM 2,2005,Thriller|Mystery|Drama,4.858,137,1.8377,en
398,Capote,2005,Crime|Drama,6.977,1642,1.864,en
19659,Yamato,2005,War|History,5.488,41,1.7314,ja
6963,The Weather Man,2005,Comedy|Drama,6.149,1083,2.0782,en
13994,Romance & Cigarettes,2005,Comedy|Music|Romance,6.017,160,1.8656,en
19257,Mobile Suit Zeta Gundam - A New Translation II: Lovers,2005,Action|Animation|Science Fiction,6.341,22,1.5363,ja
50570,Alabama Jones and the Busty Crusade,2005,Comedy|Adventure,4.3,14,1.8588,en
26138,Duelist,2005,Action,6.452,62,1.4819,ko
9043,The Family Stone,2005,Comedy|Drama|Romance,6.304,1138,1.654,en
74078,Scars,2005,Drama,7.635,130,1.426,es
28366,House of Fury,2005,Action|Comedy|Family,6.442,69,1.5596,cn
10064,Edison,2005,Drama|Action|Thriller,5.351,368,2.4665,en
128881,Crayon Shin-chan: The Legend Called Buri Buri 3 Minutes Charge,2005,Animation|Comedy,7.229,24,1.6974,ja
76826,Grave of the Fireflies,2005,Drama,7.9,115,1.6474,ja
20077,The Batman vs. Dracula,2005,Animation|Action|Fantasy|Mystery,7.026,406,2.1839,en
20994,Dead Man's Bluff,2005,Crime|Comedy|Thriller,6.681,160,1.7588,ru
27337,Linda Linda Linda,2005,Comedy|Music|Drama,7.571,155,1.773,ja
16022,Nine Lives,2005,Drama|Romance,6.112,94,1.7831,en
28135,The Witches of Breastwick,2005,Fantasy|Romance,5.37,27,1.6425,en
13373,Millions,2005,Comedy|Crime|Drama|Family,6.384,415,1.4842,en
11559,Tideland,2005,Fantasy|Drama|Thriller,6.528,616,2.3571,en
2610,Shopgirl,2005,Comedy|Drama|Romance,5.78,277,1.5245,en
49367,Two Sons of Francisco,2005,Drama|History|Music,6.844,425,1.6323,pt
15648,The Perfect Man,2005,Comedy|Drama|Family|Romance,6.148,812,1.5047,en
42180,Tsubasa Chronicle The Movie: The Princess in the Birdcage Kingdom,2005,Animation|Action|Adventure,6.458,12,1.7212,ja
9927,The Ringer,2005,Comedy,5.669,350,3.071,en
308,Broken Flowers,2005,Comedy|Drama|Mystery|Romance,6.937,1483,1.7096,en
17455,Hellraiser: Deader,2005,Horror|Thriller,4.6,379,1.6714,en
24615,Aloha Scooby-Doo!,2005,Mystery|Family|Animation|Adventure|Comedy,7.1,458,1.5626,en
10475,Factotum,2005,Drama,6.174,221,2.6102,en
1444,Junebug,2005,Comedy|Drama,6.549,247,2.6337,en
46661,Warm Springs,2005,Drama|TV Movie,6.635,26,1.444,en
16367,Kinky Boots,2005,Comedy|Drama|Music,6.696,364,1.8862,en
327389,Cigarette Burns,2005,Horror|TV Movie,7.3,137,2.12,en
168705,BloodRayne,2005,Fantasy|Horror|Action,4.135,621,1.4301,en
17880,Because of Winn-Dixie,2005,Family|Comedy|Drama,6.498,254,1.5586,en
11804,White Noise,2005,Drama|Horror|Thriller,5.611,871,2.497,en
572,Next Door,2005,Mystery|Thriller|Horror,6.383,231,1.4809,no
14180,Submerged,2005,Action|Adventure|Thriller,4.7,134,2.2627,en
67805,Lust Connection,2005,Romance,4.636,11,1.7686,en
12920,Dreamer: Inspired By a True Story,2005,Drama|Family,7.061,439,1.8697,en
11661,Joyeux Noel,2005,Drama|War|Romance|History,7.368,927,1.5004,fr
17,The Dark,2005,Horror|Thriller|Mystery,5.7,294,1.7368,en
13341,Bad News Bears,2005,Comedy,5.855,286,1.4478,en
10810,Rosario Tijeras,2005,Crime|Romance|Drama,6.6,126,1.6866,es
11330,Pusher III,2005,Action|Thriller|Crime,7.2,429,1.4287,da
5890,Azumi 2: Death or Love,2005,Action,6.641,205,1.678,ja
58462,Loverboy,2005,Drama|Romance,4.929,49,1.484,en
11431,Fever Pitch,2005,Romance|Comedy,6.221,756,2.0927,en
10707,The Squid and the Whale,2005,Comedy|Drama,6.954,1072,1.8567,en
8968,Boogeyman,2005,Thriller|Horror|Drama|Mystery,5.0,802,1.7382,en
19495,Nomad: The Warrior,2005,Action|History|War,5.228,68,1.9823,ru
481,7 Virgins,2005,Drama|Crime,6.082,104,1.2706,es
14021,One Missed Call 2,2005,Horror|Mystery,6.099,147,1.3797,ja
3041,In Bed,2005,Romance|Drama|Comedy,6.1,95,3.9451,es
14375,Romanzo Criminale,2005,Crime|Drama,7.163,692,1.4665,it
9721,7 Seconds,2005,Action|Crime|Thriller,5.471,255,1.4933,en
191159,Zaki Chan,2005,Comedy,6.526,58,2.0079,ar
13274,Final Fantasy VII: Last Order,2005,Action|Adventure|Animation|Fantasy|Science Fiction|Drama,6.6,79,1.2508,ja
24546,Into the Sun,2005,Action|Adventure|Thriller,4.565,169,1.6348,en
24123,Cake,2005,Comedy|Romance,4.803,127,1.3293,en
29657,Nana,2005,Romance|Drama|Music,6.731,107,1.6864,ja
200560,Tokusou Sentai Dekaranger VS Abaranger,2005,Crime|Action|Adventure|Science Fiction,6.4,11,1.1328,ja
12142,Alone in the Dark,2005,Action|Fantasy|Horror,3.323,669,1.3185,en
5471,Beowulf & Grendel,2005,Action|Adventure|Drama|Fantasy,5.569,252,1.387,en
10077,A Sound of Thunder,2005,Thriller|Science Fiction|Adventure|Action,4.861,441,1.5566,en
61238,Witches of Breastwick 2,2005,Horror,4.806,18,1.2647,en
14597,Lassie,2005,Adventure|Drama|Family,6.438,144,2.5938,en
14097,9th Company,2005,War|Drama|History,6.7,310,1.3609,ru
173761,Curandero,2005,Horror,5.75,16,2.2931,en
42968,The Nun,2005,Horror|Mystery,5.66,269,1.4133,es
30238,Earthlings,2005,Documentary,8.115,342,1.2661,en
39914,Chaos,2005,Horror|Thriller,4.293,41,1.8507,en
9924,The Hard Corps,2005,Action|Thriller,6.092,261,1.4762,en
118254,Club Oscar,2005,Animation|Comedy|Family,5.1,19,1.767,en
31046,Stone Cold,2005,Drama|Crime|Thriller|TV Movie,6.827,146,1.6585,en
13430,Always - Sunset on Third Street,2005,Comedy|Drama,7.7,48,1.2023,ja
10292,Urban Legends: Bloody Mary,2005,Horror|Mystery,4.937,308,1.5711,en
15013,Wah-Wah,2005,Drama,5.868,38,1.8879,en
11763,Bunty Aur Babli,2005,Comedy|Crime|Romance,6.4,88,1.1252,hi
7870,Down in the Valley,2005,Drama|Romance|Thriller|Western,5.911,235,1.3641,en
12183,The Wendell Baker Story,2005,Comedy|Drama|Romance,5.065,77,1.1072,en
18189,Dirty Love,2005,Comedy|Romance,4.3,118,2.2454,en
14922,Happy Endings,2005,Comedy|Drama|Romance,5.6,117,2.389,en
38977,A Stranger of Mine,2005,Comedy|Crime|Drama|Romance,6.759,29,1.2999,ja
39954,Lupin the Third: Angel Tactics,2005,Action|Adventure|Animation|Comedy|Crime|TV Movie,6.595,42,1.1128,ja
106222,Pizza,2005,Comedy|Romance,5.167,18,2.105,en
15258,The Aristocrats,2005,Comedy|Documentary,5.98,177,1.3247,en
133525,Borrowed Bride,2005,Romance|History|Drama,6.292,24,3.01,tr
11345,The Zodiac,2005,Crime|Drama|Thriller|Horror,5.5,134,1.2496,en
19978,Anniyan,2005,Action|Drama|Thriller|Crime,7.4,117,1.5738,ta
49203,Marrying the Mafia 2,2005,Comedy|Crime|Action|Romance,5.625,20,1.3097,ko
40017,Kalyug,2005,Action|Crime|Thriller,6.0,25,1.2535,hi
8053,The Three Burials of Melquiades Estrada,2005,Adventure|Crime|Drama|Mystery|Western,7.035,650,1.4867,en
40728,Air: The Motion Picture,2005,Animation|Romance|Fantasy,5.982,28,1.2192,ja
24935,Return of the Living Dead: Necropolis,2005,Action|Horror|TV Movie,5.215,258,1.3703,en
42755,Gone But Not Forgotten,2005,Crime|Drama|Mystery|Thriller|TV Movie,4.917,12,1.5332,en
13020,Enron: The Smartest Guys in the Room,2005,Documentary,7.2,298,0.9528,en
9724,The Mistress of Spices,2005,Drama|Romance|Fantasy,6.201,162,1.1231,en
20968,Sarkar,2005,Crime|Action|Drama,6.854,89,1.2311,hi
16456,The Crow: Wicked Prayer,2005,Action|Horror|Fantasy,3.78,252,1.4989,en
12517,Calvaire,2005,Horror,5.921,360,1.1007,fr
30634,Magic Carpet Ride,2005,Comedy,6.818,187,1.1347,tr
54555,She's on Duty,2005,Comedy|Action|Crime|Romance,6.5,46,1.2309,ko
11227,Angel-A,2005,Romance|Comedy|Drama|Fantasy,6.977,789,1.1048,fr
29080,Heights,2005,Drama|Romance,6.3,45,1.1805,en
33723,The Eye 3: Infinity,2005,Comedy|Horror,5.131,80,1.1538,cn
10258,The Madagascar Penguins in a Christmas Caper,2005,Animation|Comedy|Family,6.853,394,1.3343,en
28142,Glass Trap,2005,Horror|Science Fiction,3.769,13,1.2248,en
42000,The Great Yokai War,2005,Comedy|Fantasy|Action,6.329,76,2.3124,ja
2117,Sophie Scholl: The Final Days,2005,Drama|History,7.119,459,1.5241,de
32213,Another Public Enemy,2005,Action|Crime,7.225,40,1.1948,ko
19803,Underclassman,2005,Comedy|Action,5.0,94,2.3333,en
24939,Return of the Living Dead: Rave to the Grave,2005,Action|Horror|TV Movie,5.196,225,1.3267,en
19166,House of 9,2005,Thriller|Drama|Horror,5.055,244,1.0839,en
12591,Santa's Slay,2005,Comedy|Fantasy|Horror,5.487,265,1.0716,en
10773,Mrs. Henderson Presents,2005,Comedy|Drama,6.663,233,1.3059,en
45833,Confessions of an Action Star,2005,Action|Comedy,4.333,15,0.9391,en
14457,Reeker,2005,Horror|Mystery,5.599,276,1.4455,en
10579,Dracula III: Legacy,2005,Horror,4.931,130,1.2079,en
16455,The Magic Roundabout,2005,Animation|Family|Comedy|Fantasy,5.375,172,1.3322,en
42904,Supernova,2005,Science Fiction|Action|Drama|TV Movie,4.308,52,1.4915,en
75181,Crazy n' the City,2005,Drama|Comedy,7.281,16,1.7363,cn
33197,Chupacabra Terror,2005,Horror,5.1,40,1.8466,en
169492,Family Plan,2005,Comedy|TV Movie,6.075,20,1.7032,en
10798,Sky Fighters,2005,Action|Adventure,6.077,215,1.1006,fr
18816,Dragon Squad,2005,Action|Crime,5.8,60,1.1374,cn
24556,The Land Before Time XI: Invasion of the Tinysauruses,2005,Animation|Family|Fantasy|Adventure,6.3,201,1.4698,en
17247,Battle in Heaven,2005,Drama,5.836,210,1.5178,es
13169,The Baxter,2005,Comedy|Romance,6.048,52,2.2051,en
31048,Sweet Land,2005,Drama|Romance,6.33,53,1.2025,en
8382,Today You Die,2005,Action|Crime|Adventure|Thriller,4.386,123,1.0984,en
34186,The Ax,2005,Comedy|Crime|Drama|Thriller,6.913,224,2.3174,fr
44458,Perhaps Love,2005,Drama|Music|Romance,6.724,58,1.1256,cn
1382,Me and You and Everyone We Know,2005,Comedy|Drama,7.004,375,1.6284,en
14544,Roll Bounce,2005,Comedy|Drama|Family,6.769,124,2.1098,en
10265,Seoul Raiders,2005,Action|Comedy|Adventure,6.136,55,0.9143,cn
13653,The Aura,2005,Drama|Thriller,7.0,226,1.4408,es
9700,The Lost City,2005,Drama|Romance|History,6.2,122,1.048,en
1665,Last Days,2005,Drama,5.6,411,2.4619,en
8435,A Cock and Bull Story,2005,Comedy|History,6.16,150,0.976,en
14167,Standing Still,2005,Comedy|Drama|Romance,5.467,46,1.1838,en
40452,Crying Fist,2005,Drama|Action,7.3,77,1.0384,ko
14968,Welcome to Dongmakgol,2005,Comedy|Drama|War,7.455,201,1.352,ko
36485,Partner(s),2005,Comedy|Romance,5.95,10,0.9987,en
13932,Jack-Jack Attack,2005,Adventure|Animation|Family,7.291,987,1.0852,en
10598,Dirty,2005,Crime|Drama|Thriller,5.402,123,1.0819,en
12547,Shadows in the Sun,2005,Drama|Comedy|Romance,6.2,75,1.0325,en
45072,The River King,2005,Drama|Mystery|Thriller,5.76,75,0.9842,en
11604,Anthony Zimmer,2005,Thriller|Crime|Drama|Romance,6.27,246,1.5091,fr
67445,Jiminy Glick in Lalawood,2005,Comedy|Mystery,4.3,40,1.3046,en
31012,Cerberus,2005,Horror|Fantasy,4.563,56,2.1016,en
41338,The President's Last Bang,2005,Comedy|Drama|Thriller,6.5,52,0.9684,ko
1285,Torrente 3: The Protector,2005,Comedy|Crime,5.33,185,1.0978,es
19592,Dead Birds,2005,Horror|Thriller|Western,5.677,288,1.0927,en
36253,The Wayward Cloud,2005,Comedy|Drama|Romance,5.9,123,1.2905,zh
1826,Russian Dolls,2005,Comedy|Drama|Romance,6.648,731,1.1186,fr
74982,Midnight My Love,2005,Romance|Drama,7.313,24,1.12,th
18882,Man-Thing,2005,Action|Horror|Adventure|Science Fiction|Romance,4.317,223,1.1809,en
46280,The Ring Finger,2005,Drama,5.436,36,1.7069,fr
21156,Lunacy,2005,Comedy|Horror,6.7,75,1.1873,cs
15702,To Paint or Make Love,2005,Drama|Comedy|Romance,6.321,53,1.1349,fr
14147,DeVour,2005,Horror,5.248,131,1.1219,en
10842,Strange Circus,2005,Mystery|Horror|Drama,7.2,211,1.0442,ja
70429,Wedding Campaign,2005,Comedy|Romance,6.0,10,0.8559,ko
199353,Matthew Gray Gubler's Life Aquatic Intern Journal,2005,Documentary|Comedy,6.433,15,1.0009,en
18840,The White Countess,2005,Drama|Romance|War,6.224,87,0.9374,en
8332,Antibodies,2005,Thriller|Crime|Drama|Horror,6.767,193,1.9365,de
41104,Kamen Rider: THE FIRST,2005,Action|Adventure|Science Fiction|Thriller,6.8,20,0.9005,ja
10008,An American Haunting,2005,Horror|Thriller|Mystery,5.527,527,1.0204,en
43625,Heidi,2005,Drama|Family,7.697,132,0.8972,en
20347,Takeshis',2005,Comedy|Drama|Fantasy,6.109,87,1.202,ja
48333,Hammerhead,2005,Action|Horror|Science Fiction|TV Movie,4.313,40,1.9289,en
18969,Demon Hunter,2005,Horror|Fantasy,4.7,36,1.161,en
302322,Himalaya Singh,2005,Comedy,4.6,11,1.0552,cn
38154,Lorelei: The Witch of the Pacific Ocean,2005,Drama|War|Science Fiction|Thriller|Action|Adventure,6.273,22,1.0205,ja
16374,Sometimes in April,2005,Drama|History|War,7.106,85,0.9923,en
45035,The King and the Clown,2005,Drama|History|Thriller,6.965,115,0.9716,ko
47293,Everlasting Regret,2005,Drama|Romance,5.893,14,1.1278,zh
22817,Disaster!,2005,Action|Animation|Comedy|Science Fiction,5.225,40,0.5951,en
19109,The Long Weekend,2005,Comedy|Romance,5.68,139,0.9235,en
11554,Three Times,2005,Romance|Drama,6.966,103,1.1603,zh
9921,Shadowboxer,2005,Action|Crime|Drama|Thriller,5.133,79,0.7627,en
10846,The Tiger and the Snow,2005,Comedy|Drama|Romance,6.737,499,1.216,it
151403,La Maison de Himiko,2005,Drama,6.235,17,1.0464,ja
37172,Athadu,2005,Action|Thriller|Family,7.649,74,1.0158,te
299438,Jenifer,2005,Horror|TV Movie,5.944,125,1.0343,en
19961,Stormy Night,2005,Adventure|Animation|Drama|Romance,7.063,56,1.212,ja
10913,Dear Wendy,2005,Comedy|Crime|Drama|Romance,5.804,138,2.1278,en
9515,The Matador,2005,Action|Comedy|Crime|Drama|Thriller,6.317,516,0.9243,en
19629,Red Doors,2005,Comedy|Drama,5.229,24,2.003,en
103568,Crusader,2005,Action|Thriller|TV Movie,4.75,12,1.7986,en
231377,Stolen Eyes,2005,History|Drama,6.7,10,1.1521,bg
9729,Where the Truth Lies,2005,Drama|Mystery|Thriller,6.142,316,1.2752,en
9709,My Summer of Love,2005,Drama|Romance,6.1,319,1.0958,en
47645,Locked Up,2005,Drama|Romance|Crime,4.868,34,1.3128,de
1546,Thumbsucker,2005,Comedy|Drama,6.184,264,0.9205,en
370939,The Blood of the Innocent,2005,Drama,5.929,14,0.8026,ar
30172,Magnificent Desolation: Walking on the Moon,2005,Documentary,5.86,15,1.1497,en
20910,The Muppets' Wizard of Oz,2005,Family|Comedy|TV Movie,5.227,132,1.1218,en
41726,Chasing Ghosts,2005,Crime|Mystery|Thriller,5.6,28,1.1342,en
42041,Noriko's Dinner Table,2005,Drama|Horror,6.94,158,0.9968,ja
208874,All for Love,2005,Drama|Romance|Comedy,6.529,17,0.8824,ko
12261,Carlito's Way: Rise to Power,2005,Action|Adventure|Drama|Thriller,4.802,81,1.0322,en
64792,The Red Shoes,2005,Horror|Mystery|Thriller,6.1,95,0.798,ko
20132,Kaal,2005,Action|Thriller|Horror,4.703,59,1.0968,hi
42348,Live 8,2005,Music|Documentary,7.407,27,0.8521,en
45912,A Chinese Tall Story,2005,Action|Comedy|Fantasy|Romance|Science Fiction,5.431,36,0.9413,cn
68688,Jane Doe: Vanishing Act,2005,Crime|Mystery|TV Movie,5.654,13,0.8169,en
11421,C.R.A.Z.Y.,2005,Comedy|Drama,7.498,509,0.9495,fr
32163,Mr. Socrates,2005,Action|Crime,6.203,37,0.89,ko
18777,Slow Burn,2005,Mystery|Crime|Drama|Thriller,5.344,90,0.883,en
39127,Ripley Under Ground,2005,Drama|Thriller,5.6,64,1.0717,en
49496,Aashiq Banaya Aapne,2005,Drama|Thriller|Romance,4.333,18,0.8617,hi
6473,The Marksman,2005,Action|Adventure|Thriller,5.377,146,1.3889,en
51177,Bigger Than the Sky,2005,Comedy|Romance|Drama|Family,5.385,26,0.8959,en
49190,Antarctic Journal,2005,Horror|Thriller|Mystery,6.066,61,0.857,ko
38054,Princess Aurora,2005,Crime|Drama|Mystery,6.01,52,1.0837,ko
10509,Gilles,2005,Drama,5.7,10,1.0693,nl
9005,The Ice Harvest,2005,Crime|Comedy|Drama|Thriller,5.927,334,0.9284,en
91795,Neo Ned,2005,Romance|Drama|Comedy,6.048,21,0.7696,en
18279,Frozen Land,2005,Drama,6.758,66,0.9811,fi
30548,Zerophilia,2005,Comedy|Romance,5.745,51,0.9647,en
19782,Mama Jack,2005,Comedy,6.0,15,0.8975,en
38011,Diary of June,2005,Thriller|Crime|Drama|Mystery,6.2,42,0.9157,ko
45089,Blood Rain,2005,Thriller|Mystery,7.05,50,1.0578,ko
49284,The Beast and the Beauty,2005,Comedy|Romance,6.192,26,0.7446,ko
69636,Ghajini,2005,Action|Romance|Thriller,6.863,102,1.0443,ta
21043,The Method,2005,Drama|Thriller,6.7,233,0.8427,es
24022,El Calentito,2005,Comedy|Drama|History,4.979,24,1.3909,es
52947,Kung Fu Mahjong,2005,Action|Comedy,5.962,13,0.8504,cn
33029,Samurai Commando Mission 1549,2005,Action|Science Fiction,5.313,16,1.0015,ja
125565,Zatch Bell! Attack of Mechavulcan,2005,Animation|Adventure|Action,7.655,29,0.9265,ja
37661,Icon,2005,TV Movie|Action|Drama|Thriller,5.682,22,0.8486,en
57251,Tickets,2005,Comedy|Drama,6.478,46,2.0192,it
111132,The Masseur,2005,Drama|Romance,5.941,17,1.837,tl
32170,Voice,2005,Horror|Mystery,6.768,95,0.8739,ko
36175,Turtles Are Surprisingly Fast Swimmers,2005,Comedy,6.486,35,0.958,ja
55578,This Revolution,2005,Drama|Thriller,4.7,19,1.933,en
16452,The Comedians of Comedy,2005,Comedy|Documentary,6.989,44,0.8048,en
13407,My Girl and I,2005,Drama|Romance,6.611,36,0.9672,ko
10274,The Deal,2005,Thriller|Crime|Drama,5.685,27,0.9954,en
14226,Riding Alone for Thousands of Miles,2005,Drama,7.121,95,1.0582,zh
149595,Family Sins,2005,Drama|TV Movie,5.824,17,2.1166,en
14217,Reincarnation,2005,Horror|Mystery,6.1,150,0.7717,ja
59423,Marathon,2005,Drama|Family,7.242,60,0.8152,ko
61728,The Proud Family Movie,2005,Comedy|Family|Animation|TV Movie,5.9,86,1.033,en
13679,Kirikou and the Wild Beasts,2005,Adventure|Animation|Family|Fantasy,6.56,339,1.0012,fr
18422,Sad Movie,2005,Comedy|Drama|Romance,6.6,70,0.9891,ko
13933,One Man Band,2005,Animation|Family|Music|Comedy,7.247,605,0.8599,en
39064,Joni's Promise,2005,Adventure|Comedy|Romance,6.813,24,0.7398,id
34812,H.G. Wells' War of the Worlds,2005,Science Fiction,5.2,72,0.8091,en
17364,Their Eyes Were Watching God,2005,Drama|Romance|TV Movie,5.731,39,0.8927,en
11490,The Child,2005,Drama,7.095,284,0.9194,fr
1553,The Beat That My Heart Skipped,2005,Drama|Crime,6.922,491,1.0222,fr
63354,Mr. Abu Al-Araby Arrived,2005,Comedy,5.5,17,0.82,ar
16228,Street Fighter Alpha: Generations,2005,Action|Animation,6.782,85,0.9916,en
1622,Lemming,2005,Drama|Thriller|Mystery,6.51,143,1.1802,fr
3538,Gisela,2005,Drama,5.1,10,0.9661,de
14885,Pooh's Heffalump Halloween Movie,2005,Animation|Family,6.9,98,0.9357,en
32164,Divergence,2005,Action|Thriller,6.468,47,0.9642,cn
133382,Lackawanna Blues,2005,Drama|Music|TV Movie,5.917,30,0.8977,en
13919,The Chumscrubber,2005,Comedy|Drama,6.484,221,0.905,en
68612,Confession,2005,Drama|Thriller,4.955,11,0.8541,en
112283,You Are My Sunshine,2005,Romance|Drama,6.153,36,0.8003,ko
71506,Ringers: Lord of the Fans,2005,Documentary,6.5,22,0.6692,en
63334,Sexual Life,2005,Comedy|Drama|Romance,4.867,15,0.8648,en
340,Everything Is Illuminated,2005,Comedy|Drama,7.265,822,1.2321,en
63210,Jenny  Juno,2005,Comedy|Romance,6.346,26,0.6309,ko
100782,The Scorned,2005,Comedy|Horror|Thriller,3.955,11,0.7882,en
47408,Rampo Noir,2005,Fantasy|Horror|Thriller,5.8,35,1.2173,ja
37529,The Prophecy: Forsaken,2005,Fantasy|Horror|Thriller,5.037,95,1.0036,en
9993,Little Fish,2005,Drama|Crime,5.746,122,1.8655,en
6958,Walker  Texas Ranger: Trial by Fire,2005,Action|Thriller|TV Movie|Crime,6.4,73,0.9839,en
54299,Gay Sex in the 70s,2005,Documentary,6.074,27,0.7563,en
292,Dave Chappelle's Block Party,2005,Comedy|Music,6.791,129,1.0024,en
11354,The Upside of Anger,2005,Comedy|Drama,6.309,291,0.8786,en
22473,Neverwas,2005,Drama|Thriller,6.4,138,1.088,en
25975,My Date with Drew,2005,Documentary,5.944,63,0.9037,en
47599,Bratz: Rock Angelz,2005,Animation|Family|Music,7.343,89,1.1668,en
14057,Trust the Man,2005,Comedy|Drama|Romance,5.177,126,0.9556,en
32990,Mother of Mine,2005,Drama|War,6.719,48,1.315,fi
9987,Headspace,2005,Horror|Science Fiction|Thriller,5.1,44,0.9818,en
81086,Sex Up Your Life!,2005,Comedy,5.15,10,1.324,de
14763,Shadowless Sword,2005,Action|Adventure,6.3,70,1.0,ko
13299,Train Man,2005,Comedy|Romance,6.212,33,0.8555,ja
18224,Bionicle 3: Web of Shadows,2005,Action|Animation|Fantasy|Science Fiction,5.968,93,1.231,en
20499,The Cutter,2005,Action|Adventure|Thriller,5.963,67,1.053,en
364982,One Piece Special: The Detective Memoirs of Chief Straw Hat Luffy,2005,Animation|Action|Adventure|Comedy,6.9,20,0.8832,ja
27176,The Prize Winner of Defiance  Ohio,2005,Drama,6.635,89,0.773,en
39476,Back By Midnight,2005,Comedy,5.115,13,0.8741,en
23471,Lil' Pimp,2005,Animation|Comedy,4.9,10,0.8204,en
53122,Chandramukhi,2005,Comedy|Horror|Drama,6.9,69,0.9664,ta
23703,The Thing About My Folks,2005,Family|Comedy|Drama,6.481,26,0.9486,en
10252,Animal,2005,Action|Drama,5.6,49,0.7126,en
26130,Summer Time Machine Blues,2005,Comedy|Science Fiction,6.961,51,1.1899,ja
57147,When Romance Meets Destiny,2005,Comedy|Romance,5.952,21,0.8266,ko
3527,Don't Come Knocking,2005,Drama|Western,6.196,140,0.8021,en
18506,Once Upon A Mattress,2005,Comedy|Music|Romance,5.985,33,0.7426,en
62436,Red Eye,2005,Horror,4.667,42,0.7414,ko
470639,I'm in Love With My Little Sister,2005,Romance|Animation|Drama,5.1,15,1.0999,ja
224790,Crimes of Passion,2005,Thriller|Mystery|TV Movie,5.719,16,1.018,en
55504,Go Figure,2005,TV Movie|Comedy|Drama|Family,6.043,141,0.9322,en
26041,Frozen,2005,Thriller,5.895,19,0.7833,en
2566,Time to Leave,2005,Drama,6.515,131,0.7699,fr
129713,We Shall Overcome Someday,2005,Drama|Action|Comedy,6.438,16,0.7659,ja
9915,Deepwater,2005,Thriller|Mystery|Romance,5.0,38,0.8043,en
31277,Popstar,2005,Romance|Family|Comedy,4.128,39,0.8264,en
61050,Our Fathers,2005,Drama|History|TV Movie,6.5,11,0.9426,en
19723,The League of Gentlemen's Apocalypse,2005,Horror|Comedy,6.2,91,0.9386,en
115960,Home Sweet Home,2005,Thriller|Mystery|Horror,5.9,10,0.8724,cn
39344,Her Minor Thing,2005,Comedy|Romance,4.543,23,0.9679,en
15022,Dirty Deeds,2005,Comedy,5.504,126,0.9874,en
72720,Hot Wheels AcceleRacers: Ignition,2005,Science Fiction|Family|Animation|Action,8.298,121,1.0317,en
74702,Between,2005,Thriller|Mystery|Drama,4.25,12,1.9598,en
181965,The Brotherhood IV: the Complex,2005,Horror,3.8,15,0.6418,en
48653,Harim Karim,2005,Comedy|Romance,5.1,22,0.798,ar
37502,Heaven's Soldiers,2005,Science Fiction|Action|Comedy,6.141,32,0.898,ko
20388,The Intruder,2005,Horror|Thriller|Mystery,6.667,18,1.1972,nl
13802,Colour Me Kubrick,2005,Comedy|Drama,5.707,87,0.6313,en
62456,All About Love,2005,Drama|Romance,5.967,15,0.8173,cn
19082,No Direction Home: Bob Dylan,2005,Documentary|Music,7.741,145,0.7866,en
10799,Empire of the Wolves,2005,Action,5.729,323,0.7891,fr
17952,In The Mix,2005,Comedy|Drama|Crime|Romance|Music,6.115,279,1.0295,en
26301,The Hunt for the BTK Killer,2005,TV Movie|Crime|Thriller|Horror,5.5,35,0.9906,en
121961,Heroína,2005,Drama,6.4,10,1.3205,es
35891,Mosquito Man,2005,Horror|Science Fiction|TV Movie,5.273,44,0.9666,en
20496,Mangal Pandey - The Rising,2005,Drama|History,6.057,70,0.5923,hi
868,Tsotsi,2005,Crime|Drama,6.9,350,0.7932,tn
85550,Tale of Cinema,2005,Drama,6.8,86,0.968,ko
97520,Rice Rhapsody,2005,Drama|Romance,5.9,15,0.7458,cn
38717,Madison,2005,Adventure|Action|Drama,5.8,35,0.7613,en
127836,Pizza My Heart,2005,Comedy|Romance|TV Movie,6.259,27,0.7399,en
39217,Maine Pyaar Kyun Kiya?,2005,Comedy|Drama|Romance,5.365,126,0.7929,hi
115397,Canary,2005,Drama,6.214,14,0.7205,ja
85011,Jacqueline Hyde,2005,Horror|Science Fiction,4.975,20,0.6571,en
26040,Haze,2005,Horror|Mystery,6.53,118,0.638,ja
21246,Kids in America,2005,Comedy|Drama,5.479,48,0.6503,en
60072,Lady Ninja Kasumi,2005,Action,5.0,12,0.7033,ja
10263,Tamara,2005,Horror|Thriller,5.301,289,0.8928,en
25396,My Little Pony: A Very Minty Christmas,2005,Animation|Fantasy,5.8,16,0.6309,en
25707,Dot.Kill,2005,Thriller|Crime,4.261,23,0.7444,en
63666,Arinthum Ariyamalum,2005,Action|Drama,6.773,11,0.6965,ta
20215,Boo,2005,Horror,4.905,137,0.7267,en
79860,Mirrored Mind,2005,Drama,6.8,22,0.7744,ja
34175,Hard Pill,2005,Drama,5.267,15,0.7239,en
26147,FC Venus,2005,Comedy|Romance,5.362,47,0.5164,fi
14120,End of the Spear,2005,Adventure|Drama|History,6.3,65,0.8841,en
67,Paradise Now,2005,Crime|Thriller|Drama|War,6.886,285,0.7947,fr
296206,Comedy Central Roast of Pamela Anderson,2005,Comedy|Documentary|TV Movie,6.57,64,0.8754,en
11225,Into Great Silence,2005,Documentary,6.934,38,1.0282,de
26907,Duane Hopwood,2005,Comedy|Drama,5.846,26,0.919,en
24702,Shallow Ground,2005,Horror,4.981,107,0.7348,en
316812,Main Aisa Hi Hoon,2005,Drama|Family,5.455,33,1.316,hi
59444,2 Young,2005,Drama|Romance,7.0,19,0.7105,cn
68297,Hiroshima,2005,Documentary|Drama|War|History,7.138,58,1.0073,en
13073,Palindromes,2005,Comedy|Drama,6.239,174,0.8279,en
410547,Mucha Lucha: The Return of El Malefico,2005,Adventure|Animation|Action|Comedy|Family,6.989,95,0.7793,en
47341,The Prince of Tennis: Two Samurais  The First Game,2005,Animation|TV Movie,4.857,14,0.9473,ja
24671,River Queen,2005,Adventure|War,5.7,37,0.9776,en
27933,The Legend of Frosty the Snowman,2005,Animation|Family|Comedy,5.382,34,0.8351,en
40003,Big Plans!,2005,Comedy,5.038,13,0.6663,da
21136,Funky Forest: The First Contact,2005,Comedy|Science Fiction|Fantasy,6.403,62,1.0184,ja
19636,Garam Masala,2005,Comedy,6.0,101,0.8897,hi
39811,Hot Wheels AcceleRacers: The Speed of Silence,2005,Animation|Family,8.37,27,0.6657,en
55009,Mayday,2005,Thriller|TV Movie,5.118,17,0.8051,en
33697,Iowa,2005,Crime|Drama,2.8,10,0.777,en
57609,Einstein's Big Idea,2005,Documentary|Drama,7.3,15,0.9348,en
40356,Hell,2005,Horror|Mystery,4.361,18,0.687,th
26232,Viva Cuba,2005,Drama|Fantasy|Romance,6.9,45,1.6022,es
20969,The Art of Seduction,2005,Romance|Comedy,5.917,54,0.9838,ko
103434,My Scene Goes Hollywood: The Movie,2005,Animation|Comedy,6.9,51,0.8575,en
21791,Drop Dead Sexy,2005,Comedy|Crime,4.9,59,1.23,en
8344,The Wild Soccer Bunch 2,2005,Adventure|Family|Comedy,5.763,93,0.7077,de
210500,Year One in the North,2005,Drama|History,5.7,10,0.7027,ja
50888,The Last Supper,2005,Drama|Horror|Mystery,5.35,10,0.6826,ja
33623,Innocence,2005,Drama|Mystery,6.525,140,0.7767,fr
26116,The Russian Specialist,2005,Action|Thriller|Drama,5.1,85,0.726,en
14278,Murderball,2005,Documentary,7.075,106,1.7418,en
9976,Satan's Little Helper,2005,Horror|Comedy,5.458,168,0.7112,en
49206,My Boyfriend Is Type B,2005,Comedy,5.923,13,0.823,ko
19059,Dead Fish,2005,Thriller|Adventure|Action|Comedy,5.504,51,0.6988,en
15084,Salaam Namaste,2005,Comedy|Romance|Drama,6.243,101,0.6664,hi
62845,Wait 'Til You're Older,2005,Drama|Comedy,6.667,24,0.7633,cn
66066,Long Weekend,2005,Comedy|Drama,6.4,15,0.7456,nl
1963,The Bow,2005,Drama,6.886,224,0.7173,ko
112202,St. Peter,2005,Drama|Family|TV Movie|History,6.425,20,0.5451,it
74154,Nuvvostanante Nenoddantana,2005,Drama|Comedy|Romance,6.638,29,0.9596,te
87270,Black Jack: The Two Doctors in Black,2005,Animation|Drama,6.038,13,0.7512,ja
161594,Buffalo Dreams,2005,TV Movie|Family|Drama,5.667,27,0.8468,en
33712,Trudell,2005,Documentary,5.733,15,0.8489,en
31977,Black,2005,Drama,7.659,229,1.0307,hi
21295,The Honeymooners,2005,Comedy,4.033,75,0.8643,en
45384,Ashura,2005,Fantasy|Action|Horror,5.318,22,0.8745,ja
183396,Strength and Honor: Creating the World of 'Gladiator',2005,Documentary,7.471,17,0.6675,en
49838,The Antidote,2005,Comedy,5.1,119,0.7484,fr
46283,The Sisters,2005,Drama,5.1,21,0.9105,en
150421,Futari wa Precure Max Heart: The Movie,2005,Animation|Fantasy|Comedy|Action|Adventure|Family,5.9,23,0.6887,ja
9468,Margarete Steiff,2005,Drama|TV Movie,7.091,11,0.6771,de
38013,Hanging Garden,2005,Drama,7.309,34,0.9459,ja
45307,Touch,2005,Drama|Romance,5.9,19,0.8081,ja
227254,Summer of Ubume,2005,Thriller|Horror,7.409,11,0.7713,ja
48651,Haha W Tofaha,2005,Comedy|Adventure,5.2,19,0.7829,ar
47619,Third Man Out: A Donald Strachey Mystery,2005,Crime|Mystery|Thriller|TV Movie,5.692,39,0.7,en
90831,Locusts,2005,Action|Science Fiction|Horror|TV Movie,3.795,22,1.7787,en
13393,My Father and My Son,2005,Drama,7.4,382,0.9241,tr
96235,Vampire Bats,2005,Horror|Science Fiction|TV Movie|Action|Adventure,4.5,36,0.8606,en
35177,Dinotopia: Quest for the Ruby Sunstone,2005,Fantasy|Science Fiction|Family|Animation,6.258,31,0.8377,en
41423,Eighteen,2005,Drama|War|Romance,4.462,13,0.8321,en
64191,Mom at Sixteen,2005,TV Movie|Drama,6.48,49,0.806,en
308783,Trailer for a Remake of Gore Vidal's Caligula,2005,Comedy|Drama,5.8,28,0.7899,en
16548,Ellie Parker,2005,Comedy|Drama,5.049,72,0.8093,en
150425,Futari wa Precure Max Heart Movie 2: Friend of Yukizora,2005,Animation|Comedy|Fantasy|Action|Adventure|Family,7.115,13,0.8676,ja
112627,Sheesha,2005,Drama|Romance|Thriller,5.167,12,0.6002,hi
18484,Wassup Rockers,2005,Drama,5.6,70,0.7859,en
7509,Water,2005,Drama|Romance,6.79,124,0.6892,en
44124,The Strange Saga of Hiroshi the Freeloading Sex Machine,2005,Comedy,5.0,18,0.7925,ja
47880,Mrs Palfrey at The Claremont,2005,Drama|Comedy,6.722,45,0.7574,en
121813,Johan,2005,Drama|Romance,5.4,10,1.6584,nl
41646,Good Boys,2005,Drama|Romance,5.6,10,0.6836,he
32168,Typhoon,2005,Action|Thriller,6.031,48,0.7247,ko
83903,Vaah! Life Ho Toh Aisi!,2005,Drama|Comedy|Family|Fantasy,5.363,40,0.7938,hi
50010,Innocent Steps,2005,Comedy|Drama|Romance,6.438,40,0.7599,ko
36969,Murder at the Presidio,2005,Drama|Thriller|Crime|TV Movie,5.182,11,0.5993,en
16998,The Moustache,2005,Drama|Mystery,6.1,119,0.6707,fr
75185,Waiting Alone,2005,Romance|Comedy|Drama,6.821,28,0.7006,zh
60860,Zoo,2005,Horror|Animation,6.0,19,0.7589,ja
46825,Lila Says,2005,Crime|Drama|Romance,6.429,106,0.7741,fr
71476,Love in Magic,2005,Comedy|Romance,6.091,11,0.6193,ko
28509,Komodo vs. Cobra,2005,Horror|Science Fiction|TV Movie,4.088,68,0.7132,en
52405,Tomie: Beginning,2005,Horror,5.614,22,0.6461,ja
41261,1 Litre of Tears,2005,Drama,7.8,35,0.6776,ja
56661,The Samurai I Loved,2005,Drama|Romance|History,7.594,16,0.6492,ja
187116,A Waste of Shame: The Mystery of Shakespeare and His Sonnets,2005,Drama|TV Movie|History,5.0,10,0.6333,en
69075,SnakeMan,2005,Horror|Adventure|TV Movie,4.207,29,0.6043,en
28201,The Girl in the Café,2005,Comedy|Drama|Romance,7.056,99,0.7781,en
24029,Slipstream,2005,Science Fiction,5.213,68,0.7596,en
64633,Inspector Gadget's Biggest Caper Ever,2005,Animation|Family,5.6,12,0.6635,en
17113,The Ballad of Jack and Rose,2005,Drama,6.139,170,0.7799,en
27134,Boy Eats Girl,2005,Comedy|Horror,4.9,56,0.525,en
38583,Separate Lies,2005,Romance|Drama|Thriller,5.8,76,0.7322,en
9814,Death Tunnel,2005,Horror,3.667,81,0.6853,en
36249,Romy and Michele: In the Beginning,2005,Comedy,5.364,22,0.5452,en
5177,Dark Horse,2005,Comedy|Drama,6.81,42,1.6896,da
98246,The Sun,2005,Drama|History,6.7,67,0.7305,ru
66062,Into a Dream,2005,Drama,6.267,15,0.4944,ja
56839,Crimson Force,2005,Science Fiction|Action,4.607,14,0.7738,en
46333,Pervert!,2005,Comedy|Horror,4.9,65,0.7449,en
25248,Saint Ralph,2005,Comedy|Drama,7.006,82,0.7451,en
7301,Lonesome Jim,2005,Comedy|Drama|Romance,6.115,100,0.7328,en
118178,Blossom Again,2005,Drama|Romance,6.3,10,0.7797,ko
280190,Chandrolsavam,2005,Drama,4.864,11,0.5572,ml
127763,Matrubhoomi: A Nation Without Women,2005,Drama,6.652,23,0.6734,hi
16147,Aurore,2005,Drama,7.538,53,1.1581,fr
115268,Balu,2005,Action|Crime,4.636,11,0.8361,te
86911,The Embassy in the Building,2005,Drama|Comedy,6.697,38,0.6901,ar
47541,Bad Girls from Valley High,2005,Comedy|Thriller,4.136,22,0.7743,en
54796,Thicker Than Water,2005,TV Movie|Drama,6.25,16,0.7199,en
38828,Left Behind: World at War,2005,Action|Adventure|Fantasy|Science Fiction|Thriller,4.2,78,0.7001,en
1127,Princesses,2005,Drama,6.839,93,0.6284,es
15622,Hinokio: Inter Galactic Love,2005,Drama|Science Fiction,6.6,20,0.6538,ja
14631,The Work and the Glory II: American Zion,2005,Drama|Western,6.5,16,0.8126,en
418077,Booha,2005,Comedy,6.0,23,0.5835,ar
25544,Kim Novak Never Swam in Genesaret's Lake,2005,Crime|Drama,6.178,45,0.6647,sv
41189,The Dying Gaul,2005,Drama,6.039,38,0.5981,en
60448,Akoibon,2005,Comedy,4.861,18,1.5071,fr
32671,Hate Crime,2005,Drama|Thriller,5.855,31,0.765,en
22747,Bob the Butler,2005,Comedy,5.607,98,0.647,en
1986,Live and Become,2005,Drama,7.421,197,0.8398,fr
15075,One Last Thing...,2005,Comedy|Crime|Drama,5.964,58,0.5991,en
15124,A Little Trip to Heaven,2005,Drama|Thriller,5.448,86,0.7769,en
40798,Americano,2005,Comedy|Drama|Romance,4.895,19,0.5852,en
35715,Ark,2005,Action|Animation|Drama|Science Fiction,5.615,13,0.7907,en
17741,Stoned,2005,Drama,5.245,55,0.7865,en
70193,Hazard,2005,Drama|Crime,6.6,26,0.6265,ja
27592,Back in the Day,2005,Crime|Drama,5.184,19,0.6965,en
289329,Wallander: The Overdose,2005,Crime|Thriller,6.1,16,0.6105,sv
63930,Law of Corruption,2005,Action|Crime|Drama,4.737,19,0.6334,ru
99312,Ordinary Miracles,2005,TV Movie|Drama|Family,6.5,15,1.1843,en
56371,The Airplane,2005,Drama|Comedy,6.5,14,0.6688,fr
73772,The Adventures of Greyfriars Bobby,2005,Drama|Family,5.6,17,0.5787,en
55674,The Circle,2005,Drama|Thriller|Mystery,5.05,10,0.5948,en
72909,Premonition,2005,Horror|TV Movie|Mystery,4.4,21,1.7433,en
20390,No Entry,2005,Comedy|Romance,5.922,77,0.5863,hi
3631,Tara Road,2005,Drama,5.359,39,0.5531,en
38049,In His Hands,2005,Drama|Thriller,5.973,56,0.514,fr
28660,The Mangler Reborn,2005,Horror|Science Fiction,4.288,33,0.5601,en
91410,Kinetta,2005,Drama,5.0,122,0.6805,el
30402,Intermedio,2005,Horror|Thriller|Mystery,4.667,42,0.6786,en
99193,Kana Kanden,2005,Romance|Drama,6.25,10,0.5701,ta
39810,Hot Wheels AcceleRacers: Breaking Point,2005,Animation|Family,8.5,32,0.7552,en
20651,Parineeta,2005,Romance|Drama,6.491,55,0.7816,hi
10268,You Are So Beautiful,2005,Comedy|Drama,6.411,186,0.6716,fr
419,About the Looking for and the Finding of Love,2005,Comedy|Romance|Drama|Music,4.472,18,0.5621,de
89253,Like Father Like Son,2005,Crime|Drama|Mystery|Thriller,6.375,12,0.5911,en
68442,This Charming Girl,2005,Drama,7.0,24,0.804,ko
23726,The Great New Wonderful,2005,Comedy|Drama,4.826,23,0.7501,en
37035,Swarmed,2005,Action|Horror|Thriller|TV Movie,4.324,34,0.6406,en
64942,Mary,2005,Drama,5.733,43,0.7134,en
32390,Royal Palace,2005,Comedy,5.525,285,1.1332,fr
18307,Getting Played,2005,Comedy|Romance,6.1,29,0.7531,en
25312,Yes,2005,Drama|Romance,5.814,35,0.7169,en
22559,Aliens of the Deep,2005,Documentary,6.1,80,0.7409,en
17350,The Brice Man,2005,Comedy,5.5,1281,0.6662,fr
27296,The Gingerdead Man,2005,Horror|Comedy,3.949,108,0.6989,en
33081,Paheli,2005,Romance|Drama|Fantasy,6.144,101,0.7602,hi
15822,Accused,2005,Thriller|Drama,6.7,49,1.4083,da
19183,The Derby Stallion,2005,Drama|Family,5.963,41,0.5963,en
45126,Regular Lovers,2005,Drama|Romance,6.9,50,0.6502,fr
27594,The Best Man,2005,Comedy|Romance,5.404,77,0.6732,en
57854,The Christmas Blessing,2005,Drama|Family|Romance|TV Movie,6.12,25,0.6204,en
21891,Confessions of a Sociopathic Social Climber,2005,Comedy|Romance|TV Movie,4.481,80,0.7098,en
31032,The Death of Mr. Lazarescu,2005,Drama|Comedy,7.327,196,0.5562,ro
56330,Romantic Sayed,2005,Comedy|Romance|Music,5.2,15,0.5117,ar
3099,The Tulse Luper Suitcases  Part 3: From Sark to the Finish,2005,War|Drama|Adventure|Romance,5.031,16,0.6281,en
20068,The Manual of Love,2005,Romance|Comedy|Drama,5.765,332,0.6581,it
200412,Mahou Sentai Magiranger the Movie: Bride of Infershia,2005,Action|Adventure|Fantasy|Horror,6.682,11,0.7324,ja
10042,Within,2005,Drama|Horror|Thriller,3.3,46,0.6646,en
31822,Queens,2005,Comedy|Romance,5.905,37,1.5631,es
319324,Dance of the Dead,2005,Horror|TV Movie|Science Fiction,5.5,53,0.6506,en
13916,Shooting Gallery,2005,Drama|Thriller|Crime,5.7,30,0.7547,en
155941,Blue Swallow,2005,Romance|Drama,7.045,11,0.598,ko
18063,Gallipoli,2005,Documentary|War,7.138,29,0.6493,en
309194,Rugrats: Tales from the Crib: Snow White,2005,Animation|Family|Fantasy|Adventure,6.7,13,0.5943,en
18166,3 Needles,2005,Drama,5.95,20,1.7236,en
68028,Blood Angels,2005,Horror,4.7,34,1.7038,en
63483,Cyber Seduction: His Secret Life,2005,Drama|TV Movie,3.778,45,0.6316,en
31954,Subzero,2005,Thriller|Science Fiction,4.967,15,0.6505,en
52494,The Maid,2005,Horror|Thriller,5.615,39,0.6658,zh
6183,Barefoot,2005,Romance|Comedy|Drama,6.772,202,0.5919,de
97984,Kazuo Umezu's Horror Theater: Snake Girl,2005,Horror|Fantasy,5.7,10,0.5708,ja
44900,Bailey's Billion$,2005,Family|Comedy,5.909,33,0.5545,en
23478,Mozart and the Whale,2005,Drama|Comedy|Romance,6.163,153,0.7178,en
153422,Mapado,2005,Comedy,6.25,12,0.6032,ko
53928,Adam and Eve,2005,Comedy|Romance,3.965,43,0.5336,en
55449,Clawed: The Legend of Sasquatch,2005,Horror|Thriller|Action,4.9,19,0.5649,en
97341,Deewane Huye Paagal,2005,Comedy|Drama|Romance,5.279,52,0.6065,hi
18230,Supervolcano,2005,Action|Drama|Thriller|TV Movie,6.22,41,0.7074,en
189428,American Visa,2005,Romance|Crime|Drama,6.648,27,0.4589,es
20110,Ashes and Snow,2005,Documentary|Drama,7.2,73,0.605,en
25778,Felicity: An American Girl Adventure,2005,Action|Drama|Family|Thriller|TV Movie,6.742,31,0.7741,en
15978,Naina,2005,Horror|Mystery,4.154,13,0.5829,hi
39189,Au suivant !,2005,Comedy,4.87,23,0.5801,fr
77504,Never to Lose,2005,Action|Adventure|Thriller,6.717,23,0.7499,ko
21797,The Wig,2005,Horror|Mystery,5.5,67,0.7163,ko
13789,Peaches,2005,Drama|Romance,4.969,16,0.4907,en
84251,Neighbour No. 13,2005,Horror|Thriller,5.484,32,0.5833,ja
20668,Daltry Calhoun,2005,Comedy|Drama|Music,5.012,43,0.7837,en
95164,About Love,2005,Romance,5.909,22,0.6046,ja
300406,Abu Ali,2005,Drama|Comedy|Romance|Adventure,6.859,39,0.5386,ar
11142,Der Clown,2005,Action|Crime|Thriller,4.361,18,0.545,de
58691,Bikini Girls on Dinosaur Planet,2005,Adventure|Science Fiction,3.273,22,0.6844,en
5413,Omagh,2005,Drama,6.58,25,0.847,en
427933,The Night Baghdad Fell,2005,Comedy,5.5,10,0.5806,ar
14973,The Colt,2005,Drama|War|Family|History|TV Movie|Western,5.8,11,0.6215,en
69346,Zeher,2005,Thriller,5.405,21,0.5727,hi
248961,The Canterville Ghost,2005,Family|Comedy|Adventure,7.75,10,0.6046,de
47540,Keep Your Distance,2005,Drama|Mystery|Romance,4.313,16,0.5639,en
55423,Mr. Incredible and Pals,2005,Animation|Comedy|Science Fiction,5.9,65,0.7925,en
31973,Soldier of God,2005,Drama|History,5.409,11,0.6217,en
65579,Dirty Filthy Love,2005,Romance|Comedy|Drama,6.552,29,0.6389,en
76430,Dear Dakanda,2005,Romance|Drama,8.0,14,0.5355,th
27843,Tokyo Zombie,2005,Comedy|Horror,5.573,48,0.5073,ja
33737,Steve McQueen: The Essence of Cool,2005,Documentary|TV Movie,5.909,11,0.6482,en
10076,Severed,2005,Drama|Horror|Thriller,4.786,35,0.5554,en
127711,Sueno,2005,Drama|Comedy|Romance,4.5,12,0.6981,en
225635,Dosti: Friends Forever,2005,Romance|Drama,4.472,18,0.6019,hi
40938,20 Centimeters,2005,Comedy|Drama,5.386,35,0.6091,es
30446,Bristol Boys,2005,Action|Crime|Drama,5.738,13,1.7735,en
160166,The Naked Brothers Band: The Movie,2005,Comedy|Family,5.042,24,0.5697,en
5145,The Business,2005,Drama|Action|Thriller|Crime,6.175,134,0.7084,en
55831,Boynton Beach Club,2005,Comedy|Drama|Romance,5.75,14,0.5983,en
14096,The Magician,2005,Comedy|Drama|Crime,6.273,33,0.7487,en
242493,The Bloodiest,2005,Thriller|Drama|Science Fiction,6.083,12,1.5181,fr
189433,One Too Many,2005,Drama|Comedy,6.615,13,0.7897,es
38344,On a Clear Day,2005,Drama,6.348,33,0.6125,en
51121,The Last Sign,2005,Mystery|Thriller,3.648,27,0.5735,en
28516,Way of the Vampire,2005,Horror|Action|Thriller,3.192,26,0.506,en
514138,Young Lovers,2005,Comedy|Family,5.9,11,0.6334,ar
31390,Brothers in Arms,2005,Western,3.478,23,0.7988,en
18428,Confess,2005,Action|Drama|Thriller,4.267,15,0.7458,en
33358,The Mostly Unfabulous Social Life of Ethan Green,2005,Comedy|Romance,5.41,39,0.5278,en
90840,Manticore,2005,Action|Fantasy|Horror|Science Fiction|TV Movie,4.654,26,0.5102,en
64972,The Kid & I,2005,Comedy|Family,5.2,18,0.6324,en
19504,Death Trance,2005,Action|Thriller|Science Fiction,6.0,68,0.503,ja
63906,Witches of the Caribbean,2005,Horror,2.45,10,0.4076,en
47516,The Reading Room,2005,TV Movie|Drama,7.5,12,0.5128,en
42284,Little Athens,2005,Romance|Comedy|Drama,3.944,18,1.6104,en
60660,Widow on the Hill,2005,Drama|Thriller|Mystery|TV Movie,5.75,24,0.6828,en
20583,Love's Long Journey,2005,Drama|Romance|Western|Family|TV Movie,7.1,48,0.9071,en
239804,Path of Destruction,2005,TV Movie|Action|Science Fiction,5.361,18,0.642,en
27404,My Big Fat Independent Movie,2005,Comedy|Action|Mystery|Thriller|Romance|Crime|Music,3.619,21,0.6614,en
132437,Chakram,2005,Drama|Romance,5.846,13,0.6688,te
17216,Rx,2005,Action|Crime|Drama|Thriller,5.237,19,0.6879,en
41508,Fateless,2005,War|Drama,6.922,90,0.5932,hu
85922,Italia's War,2005,Action|Romance|Thriller|Drama|Crime,6.792,24,0.5522,ar
23019,Chinaman,2005,Comedy|Drama|Romance,6.724,37,0.567,da
117409,Viruddh... Family Comes First,2005,Drama|Family,6.357,14,0.5658,hi
27727,Raging Sharks,2005,Horror|Science Fiction,4.6,48,0.5611,en
14152,Thru the Moebius Strip,2005,Animation|Family|Science Fiction,5.0,17,0.7955,en
114661,Rules of Dating,2005,Comedy|Romance,5.9,27,0.7498,ko
72754,Decadent Evil,2005,Horror,3.781,16,1.3341,en
65505,Drink-Drank-Drunk,2005,Comedy|Romance,5.786,14,0.5494,cn
58725,Bose: The Forgotten Hero,2005,Drama|History,7.455,11,0.6532,hi
31329,By the Pricking of My Thumbs,2005,Comedy|Mystery,6.189,83,0.5473,fr
208296,Snow Wonder,2005,Family|Drama|TV Movie,5.531,16,1.5634,en
7483,Free Zone,2005,Drama,5.6,57,1.578,en
54506,What Is It?,2005,Drama|Fantasy,5.481,26,0.5093,en
166539,The Deep Red,2005,Unknown,5.533,15,0.6802,ja
35683,Single White Female 2: The Psycho,2005,Thriller|Drama|Horror,4.877,65,0.852,en
5235,The Fisherman and His Wife,2005,Comedy|Drama,5.842,19,0.5646,de
216675,Haunting Sarah,2005,Mystery|Thriller|TV Movie,5.75,18,0.6136,en
29078,The Game of Their Lives,2005,Drama,5.9,68,0.5587,en
29101,Too Fat Too Furious,2005,Drama|Comedy|Crime,5.856,45,0.5878,nl
45914,The Quatermass Experiment,2005,Science Fiction|Drama|Thriller|TV Movie,5.617,18,0.5551,en
14644,Boudu,2005,Comedy,4.736,91,0.5463,fr
105136,Dead Run,2005,Drama,5.923,13,0.8022,ja
8443,Lower City,2005,Drama,6.5,97,0.614,pt
65044,The Heirloom,2005,Drama|Horror,5.147,17,0.7212,zh
141559,Legends of the Dark Knight: The History of Batman,2005,Documentary,7.167,15,0.504,en
41183,Dallas 362,2005,Drama,4.667,15,0.7915,en
47606,The Torturer,2005,Thriller|Horror,4.067,15,1.919,it
46313,Tomie: Revenge,2005,Horror,4.813,24,0.5862,ja
63843,The Cabin Movie,2005,Comedy|Drama|Romance,3.357,14,0.555,en
38019,Sunflower,2005,Drama|Romance,6.063,16,0.7553,zh
25967,Isolation,2005,Horror|Science Fiction,5.541,205,0.6194,en
15185,Pierrepoint: The Last Hangman,2005,Drama|History,7.073,81,0.5926,en
205212,Bewafaa,2005,Drama,4.5,21,0.574,hi
14933,The Truth About Love,2005,Drama|Romance|Comedy,4.631,84,0.5968,en
100480,Kazuo Umezu's Horror Theater: Diet,2005,Horror,5.2,10,0.3814,ja
81234,LEGO Star Wars: Revenge of The Brick,2005,Animation|Family|Science Fiction|Comedy|Action,6.0,40,0.5028,en
138258,Hermanas,2005,Drama,5.857,14,0.5093,es
47862,Deacons for Defense,2005,Drama|TV Movie,6.409,11,0.7015,en
76159,Killer Bash,2005,Horror,4.2,16,0.4988,en
31394,King of the Lost World,2005,Action|Drama|Science Fiction|Thriller,4.261,46,0.7206,en
24075,Silence Becomes You,2005,Thriller|Fantasy|Drama|Romance|Horror,4.375,24,0.4125,en
200356,Descent,2005,Science Fiction|TV Movie|Adventure,5.0,30,0.5942,en
319326,Dreams in the Witch House,2005,Thriller|Horror|TV Movie,6.4,106,0.6088,en
35631,Pit Fighter,2005,Drama|Action|Thriller,4.9,20,0.7371,en
18210,Beneath Still Waters,2005,Horror,4.009,58,0.5668,en
16151,Look Both Ways,2005,Drama|Romance,6.138,29,0.4568,en
78701,Kisna,2005,Drama|Romance,7.5,11,0.4801,hi
18132,Izzat,2005,Crime|Action,6.2,25,0.5758,no
279651,The Big Empty,2005,Drama|Fantasy,7.3,10,0.7032,en
233830,Insan,2005,Action|Crime|Drama,5.542,12,0.7495,hi
53129,The Turkish Gambit,2005,Mystery|Adventure|Action|Drama|History,6.398,93,0.4965,ru
89810,Belcebu,2005,Thriller|Horror,4.0,11,0.434,es
60596,Mee-Shee: The Water Giant,2005,Family|Adventure|Fantasy,5.517,29,0.4912,en
48122,Sirens in the Aegean,2005,Comedy,5.9,27,0.627,el
41540,The Fallen Ones,2005,Action|Horror|Thriller|TV Movie,3.879,29,0.5523,en
18606,Alien Planet,2005,Documentary|Science Fiction|Animation,7.167,30,0.7614,en
134766,The Whispering of the Gods,2005,Drama,5.357,14,0.734,ja
15851,Death to the Supermodels,2005,Comedy|Horror,4.259,27,0.5027,en
76965,Sandakozhi,2005,Action|Romance,7.059,17,0.6027,ta
85393,The Booth,2005,Thriller|Horror,6.7,11,0.4186,ja
10087,Man to Man,2005,Drama,6.275,40,0.6066,en
148,The Secret Life of Words,2005,Romance|Drama,7.0,227,0.5998,en
37711,Princess Raccoon,2005,Fantasy|Comedy|Music|Romance,5.75,16,0.6286,ja
87217,Conception,2005,Drama,4.778,18,0.6014,pt
44746,My Family and Other Animals,2005,TV Movie|Comedy|Drama|Family,6.442,26,0.624,en
69022,Bipedalism,2005,Drama|Science Fiction,3.969,16,0.4915,en
130300,Back to You & Me,2005,Drama|Romance|TV Movie,6.563,16,0.5877,en
41832,Turning Green,2005,Drama|Action|Comedy,6.0,11,0.6889,en
296241,Homecoming,2005,Thriller|Horror|TV Movie,5.8,48,0.5914,en
59529,The State Counsellor,2005,Action|Crime|Mystery,5.607,56,0.5372,ru
182633,The Unforgiven,2005,Drama,7.048,21,0.5738,ko
65302,Your Name is Justine,2005,Thriller,6.025,20,0.461,pl
27360,King's Ransom,2005,Comedy|Crime,4.914,58,0.5663,en
24090,It Waits,2005,Horror,5.055,55,1.5203,en
148839,Super,2005,Action|Comedy,4.667,12,0.5127,te
410,Summer in Berlin,2005,Comedy|Drama,6.328,64,0.6099,de
99041,The Man Behind the Scissors,2005,Crime,5.65,10,0.574,ja
52244,Larva,2005,Horror|TV Movie|Science Fiction,4.957,35,0.6714,en
196536,14 Hours,2005,Drama|Thriller,4.818,11,0.4766,en
62999,From 180 & Taller,2005,Comedy|Romance,4.211,19,0.4792,ru
34320,7 Days,2005,Comedy,7.337,46,0.5229,es
79210,Chatrapathi,2005,Drama|Action,6.85,30,0.603,te
41818,Tides of War,2005,Action|Adventure|Drama|TV Movie,4.593,27,0.66,en
160155,Life Is Ruff,2005,TV Movie|Comedy|Family,5.611,54,0.3682,en
44279,Starcrossed,2005,Drama,6.333,42,0.5819,en
2287,Rize,2005,Documentary,6.7,48,0.589,en
62466,Il ritorno del Monnezza,2005,Comedy,4.287,82,0.4014,it
79051,Ninette,2005,Comedy,5.048,21,0.4943,es
56372,Shadowboxing,2005,Action|Drama,5.431,72,0.5541,ru
336766,The Legend of the Scarecrow,2005,Animation|Horror,6.4,11,0.3132,es
53701,Who's Camus Anyway?,2005,Comedy|Drama,6.75,12,0.4964,ja
40004,Never Say... Never!,2005,Comedy,5.318,33,0.494,fr
13699,The Happy Elf,2005,Animation|Comedy|Family,4.821,14,0.4674,en
13014,The God Who Wasn't There,2005,Documentary|Drama|Fantasy,6.103,87,0.3857,en
43695,Crazylove,2005,Comedy|Drama|Romance,5.389,18,0.5895,en
17021,Adam & Steve,2005,Comedy|Romance,5.5,44,0.7439,en
52591,Confessions of a Pit Fighter,2005,Adventure|Drama|Action|Thriller,4.231,13,0.6507,en
40192,Let's Be Friends,2005,Comedy,5.49,101,0.5192,fr
49877,Locusts: The 8th Plague,2005,Drama|Horror,4.888,40,0.5918,en
42896,Criminal Intent,2005,Thriller|TV Movie|Crime,5.409,11,0.5762,en
14286,Why We Fight,2005,Documentary|History,7.5,123,0.5056,en
125801,Mystery Woman: Vision of a Murder,2005,Mystery|Crime|Thriller|TV Movie,5.207,29,0.5434,en
16412,Chasing Christmas,2005,Comedy|Family|TV Movie,4.536,28,0.6476,en
43706,Desolation Sound,2005,Drama|Thriller,4.727,11,0.3857,en
63641,Sachein,2005,Drama|Romance,6.4,32,0.5053,ta
272220,Karam,2005,Action|Crime|Drama,5.7,14,0.44,hi
17926,Undiscovered,2005,Comedy|Romance|Music,4.7,40,0.553,en
119900,D'Artagnan and the Three Musketeers,2005,Adventure|Action,5.239,46,0.5817,fr
349,Cockles and Muscles,2005,Comedy,5.95,40,0.5388,fr
27095,Cold Showers,2005,Drama,5.48,51,0.5885,fr
109399,Headhunter,2005,Horror|Thriller,5.0,15,2.0576,en
155661,Mars of Destruction,2005,Science Fiction|Animation,2.059,34,0.5361,ja
107376,Kazuo Umezu's Horror Theater: House of Bugs,2005,Horror|Fantasy,5.5,15,0.5019,ja
23200,Silent Partner,2005,Crime|Action,5.35,20,0.5174,en
110329,Deadly End,2005,Horror|Action|Thriller,6.273,11,0.461,en
388569,Trump Unauthorized,2005,TV Movie|Drama,3.8,10,0.5469,en
26168,Slingshot,2005,Crime|Drama|Romance|Thriller,3.786,14,0.5197,en
95240,My God  My God  Why Hast Thou Forsaken Me?,2005,Science Fiction|Drama|Music,7.3,20,0.6211,ja
25517,The Gospel,2005,Drama|Music,5.559,17,0.5295,en
24616,Punk: Attitude,2005,Documentary|Music,7.068,37,0.4091,en
14228,Mortuary,2005,Horror,4.476,127,0.6343,en
48594,The Uninvited Guest,2005,Drama|Mystery|Thriller|Horror,6.529,105,0.4866,es
11514,NVA,2005,Comedy,5.634,41,0.4857,de
32162,Colour of the Loyalty,2005,Crime|Drama,7.095,21,0.4617,cn
190129,A Perfect Fit,2005,Crime|Drama|Romance|Thriller,4.75,12,0.6477,en
153273,The Civilization of Maxwell Bright,2005,Drama,4.5,10,0.6272,en
81168,Thanmathra,2005,Drama,7.8,35,0.5458,ml
77517,Festival,2005,Drama|Comedy,6.036,14,1.0385,en
353692,Athbhutha Dweepu,2005,Fantasy|Comedy|Romance,5.625,16,0.5471,ml
38309,Lucky 13,2005,Comedy|Romance,4.75,18,0.4639,en
97361,D,2005,Thriller|Crime|Drama,6.447,38,0.6214,hi
37005,All Souls Day: Dia de los Muertos,2005,Horror,4.697,33,0.6216,en
39061,Gie,2005,Drama|History,6.289,19,0.5628,id
70955,Backstage,2005,Drama,5.241,27,0.7057,fr
57482,Murder  Take One,2005,Comedy|Crime,6.538,39,0.5035,ko
55460,Twisted Souls,2005,Thriller,5.7,10,0.5225,fr
74630,Shooting Livien,2005,Drama|Music|Romance,6.091,11,0.4904,en
349005,Kochi Rajavu,2005,Drama|Comedy,6.0,17,0.5364,ml
58788,Attack of the Sabretooth,2005,Horror|Action,3.5,37,0.3731,en
115508,Obaba,2005,Drama,6.4,25,0.4733,es
14407,Guy X,2005,Comedy,4.6,26,0.5883,en
24408,C.S.A.: The Confederate States of America,2005,War|Comedy|Drama,5.774,84,0.5445,en
19521,A Love to Hide,2005,Drama|TV Movie,7.274,53,0.6454,fr
87995,Ek Ajnabee,2005,Action|Thriller,5.176,17,0.5238,hi
26985,The 12 Dogs of Christmas,2005,Drama|Family,5.141,39,0.5783,en
28805,Apaharan,2005,Action|Crime|Drama,6.235,34,0.5612,hi
12807,Looking for Cheyenne,2005,Romance|Drama,4.727,11,0.5797,fr
28320,Aurora Borealis,2005,Drama|Romance,6.458,36,0.4902,en
66859,Southern Belles,2005,Comedy|Romance,5.385,13,0.4509,en
35643,Aaru,2005,Romance|Action|Crime,6.1,25,0.4158,ta
91908,Rings,2005,Horror|Thriller,5.869,122,0.4727,en
41635,WTC View,2005,Drama,5.533,15,0.3436,en
25054,The Buried Forest,2005,Drama|Mystery|Science Fiction,6.6,18,0.4261,ja
26267,Now You See It...,2005,TV Movie|Comedy|Mystery,5.745,94,0.589,en
61385,The Tuner,2005,Comedy|Crime|Drama,6.7,28,0.5259,ru
188828,Egg,2005,Fantasy|Horror|Drama|Science Fiction|Comedy,7.143,14,0.5651,ja
13834,Missing in America,2005,Drama,5.8,36,0.4271,en
59958,Gideon's Daughter,2005,TV Movie|Drama,6.405,37,0.5695,en
22916,Elsa & Fred,2005,Comedy|Drama|Romance,7.744,88,0.5381,es
14907,Alien Apocalypse,2005,Drama|Horror|Comedy|Thriller|Science Fiction|TV Movie,4.0,82,0.6295,en
93407,Animal,2005,Thriller|Science Fiction,4.976,21,0.4651,en
82376,His and Her Christmas,2005,TV Movie|Romance|Family|Comedy,4.95,20,0.5065,en
256499,The City of the Sun,2005,Drama|Comedy,5.2,10,0.3383,cs
277827,Nerariyan CBI,2005,Mystery|Thriller|Crime,5.694,18,0.4033,ml
171118,Watch the Skies!: Science Fiction  the 1950s and Us,2005,Documentary|TV Movie,6.818,11,0.5121,en
31163,Chicken Tikka Masala,2005,Comedy|Romance,4.088,17,0.4454,en
25197,Love Is in the Air,2005,Romance|Comedy,6.505,100,0.8023,fr
12221,Two Drifters,2005,Drama,6.179,42,0.5851,pt
1115,Ghosts,2005,Drama,6.057,34,0.401,de
113546,David,2005,Romance|Drama,5.342,19,1.4134,es
123355,Blind Love,2005,Romance,5.3,12,0.546,ja
30082,Forty Shades of Blue,2005,Drama|Romance,4.45,30,0.5387,en
876457,Dark Shadows,2005,Drama|Horror,8.4,17,0.5801,en
22060,Spirit Trap,2005,Thriller|Horror,4.384,43,0.4216,en
30800,Shadow of the Sword,2005,Adventure|Action,5.844,32,0.5871,en
415253,Darwin's Nightmare,2005,Documentary,6.86,57,0.5423,en
17960,Hell,2005,Drama,6.066,44,0.5114,fr
24618,Bee Season,2005,Drama|Family,5.1,100,0.5071,en
655797,American Dad: The New CIA,2005,Animation|Comedy,7.364,22,0.5674,en
32161,Cello,2005,Horror|Mystery,6.084,77,0.6174,ko
39542,Sir! No Sir!,2005,Documentary|War,6.844,16,0.4564,en
14187,Things to Do Before You're 30,2005,Comedy|Drama,5.667,15,0.5653,en
59850,Murder in the Hamptons,2005,TV Movie|Drama|Mystery,5.214,14,0.3975,en
161212,Kyon Ki...,2005,Romance|Drama,5.791,43,0.5939,hi
19620,Bluffmaster!,2005,Drama|Comedy|Romance,6.061,49,0.5279,hi
92133,Class of '76,2005,Crime,5.7,10,0.3709,sv
51077,Ghost of Mae Nak,2005,Horror|Mystery,5.2,38,0.5107,th
72240,Odd Girl Out,2005,Drama|Family|TV Movie,5.577,52,0.5418,en
24235,Champion,2005,Documentary,6.643,14,0.5677,en
109671,The Masked Gang,2005,Comedy,4.255,53,0.5555,tr
58587,Diario de un skin,2005,History,6.0,38,0.4399,es
145909,Promise,2005,Drama|War,6.143,14,0.4981,fi
58104,Knights of the South Bronx,2005,Drama,7.036,14,0.4351,en
62723,Once Upon a Time in the Oued,2005,Comedy,5.534,74,0.3211,fr
49735,Audition,2005,Drama,7.846,13,0.4529,fr
19965,Loggerheads,2005,Drama,5.913,23,0.5579,en
47534,Fighting Tommy Riley,2005,Action|Adventure|Drama,5.118,17,0.4637,en
57714,Housewarming,2005,Comedy,5.514,37,0.7159,fr
46773,The Blossoming of Maximo Oliveros,2005,Comedy|Drama,7.125,40,0.6222,tl
350787,Pandippada,2005,Comedy,6.633,15,0.6595,ml
8410,The Wild Blue Yonder,2005,Science Fiction,6.039,90,0.4686,en
35384,Down and Derby,2005,Comedy|Family,5.615,13,0.4956,en
20436,First Descent,2005,Documentary,7.333,12,0.4529,en
18638,Faith of My Fathers,2005,War|Drama,6.2,26,0.4446,en
12455,The Young Lieutenant,2005,Drama|Crime,6.696,97,0.5017,fr
102475,The Clan,2005,Comedy|Music,4.617,30,0.3464,it
57218,Bal-Can-Can,2005,Action|Adventure|Comedy|Crime|Drama|War,7.048,21,0.4129,mk
48916,Iznogoud,2005,Comedy,4.0,267,0.4697,fr
159189,Little Brother,2005,Drama,7.182,11,0.4413,ko
289335,Wallander: The Brothers,2005,Thriller|Crime,5.3,17,0.4517,sv
46423,Lucky: No Time for Love,2005,Drama|Romance,5.052,29,0.4869,hi
35320,School of Life,2005,Comedy|Drama|Family|TV Movie,6.4,162,0.5952,en
227246,Wallander: Mastermind,2005,Thriller|Crime,6.4,31,0.4318,sv
158946,Chanthupottu,2005,Comedy|Drama,6.447,19,0.4742,ml
38516,Karol: A Man Who Became Pope,2005,Drama|History,7.0,138,0.4896,it
13730,Black Box,2005,Mystery|Thriller,5.5,103,0.5392,fr
41340,Feathers in the Wind,2005,Drama,7.0,10,0.3009,ko
34733,Long Distance,2005,Thriller|Horror,4.853,17,0.4628,en
34614,A Hole in My Heart,2005,Drama,4.377,77,0.6414,sv
20604,Metal: A Headbanger's Journey,2005,Documentary|Music,7.577,169,0.3635,en
69201,Touched,2005,Romance|Drama,6.545,11,0.4799,en
97054,The Snow Queen,2005,TV Movie|Fantasy|Science Fiction|Family,5.417,12,0.6161,en
13409,State Property: Blood on the Streets,2005,Crime|Action|Drama,5.921,19,0.4768,en
64433,Pardon,2005,Comedy|Drama,7.422,128,0.3867,tr
69351,Beauty and the Beast,2005,Adventure|Fantasy|Drama|Action|Thriller,5.273,22,0.4116,en
5171,Saint-Jacques… La Mecque,2005,Comedy|Drama,6.277,128,0.4191,fr
63616,Camarón: When Flamenco Became Legend,2005,Drama,6.276,29,0.6054,es
31541,Legion of the Dead,2005,Horror|Thriller,3.9,28,0.4925,en
55134,Mickybo and Me,2005,Drama|Comedy,7.074,47,0.4491,en
11728,Peacock,2005,Drama,7.3,30,0.7515,zh
43431,The Longest Penalty Shot in the World,2005,Comedy,5.333,51,0.4172,es
68678,Jane Doe: The Wrong Face,2005,Crime|Drama|Mystery|TV Movie,6.357,14,0.4943,en
41613,Bomb the System,2005,Drama|Action,7.0,18,0.5435,en
23427,29th and Gay,2005,Comedy,4.375,16,0.5388,en
41709,Alchemy,2005,Comedy|Romance,5.455,11,0.5061,en
110745,Tom Brown's Schooldays,2005,TV Movie|Drama,5.85,20,0.4826,en
54543,Daddy Long Legs,2005,Drama|Romance,6.56,25,0.4209,ko
211930,Hostage,2005,Crime|Drama|Thriller,5.571,14,0.4185,el
69413,Ji,2005,Action|Drama,5.682,11,0.5459,ta
52125,Banyo,2005,Comedy|Thriller|Drama,3.8,20,0.445,tr
94191,The Adventures of Renny the Fox,2005,Animation|Family|Comedy|Fantasy,6.0,21,0.4354,fr
48516,Child of Mine,2005,Thriller|Horror,5.727,11,0.4334,en
69115,The Karate Guard,2005,Animation|Comedy,6.8,12,0.409,en
52473,Allegro,2005,Drama|Romance|Science Fiction,6.923,26,0.3931,da
137303,My Brother... Nikhil,2005,Drama,6.091,11,0.3637,hi
192143,The Last Mogul,2005,Documentary,5.538,13,0.281,en
49891,Robbery Alla Turca,2005,Action|Adventure|Comedy|Crime,4.773,33,0.4179,tr
33647,Bound by Lies,2005,Drama|Thriller|Crime,4.0,16,0.4172,en
57272,Flies on the Wall,2005,Thriller,5.25,16,0.4397,da
215784,Désiré Landru,2005,Crime|TV Movie,5.808,13,0.417,fr
46113,Bad Reputation,2005,Drama|Horror|Thriller,4.0,25,0.4292,en
101908,Shanghai Dreams,2005,Drama,6.471,17,0.4831,zh
53838,Painkiller Jane,2005,Action|Science Fiction|TV Movie,5.1,17,1.574,en
133713,The Absent,2005,Drama|Thriller,6.031,16,0.3893,es
63642,Thirupaachi,2005,Action|Thriller,5.932,22,0.4529,ta
27382,Dawn Anna,2005,Drama|TV Movie,7.107,15,0.3278,en
14358,Mad Hot Ballroom,2005,Documentary|Family,6.721,34,0.4667,en
181417,Ma'lesh Ehna Bnetbahdel,2005,Comedy|Drama,5.8,10,0.4352,ar
24738,A State of Mind,2005,Documentary|Music,7.9,24,0.4196,en
22619,Snuff-Movie,2005,Horror|Thriller,4.107,28,0.4275,en
39192,Cavalcade,2005,Drama,5.167,12,0.6009,fr
32642,Cafundó,2005,Drama|History|Documentary|War,5.5,10,0.4017,pt
193146,Mystery Woman: Mystery Weekend,2005,Mystery|Crime|TV Movie|Thriller,7.583,12,0.4865,en
109423,Leo the Lion,2005,Animation|Comedy|Family,3.2,18,0.4805,it
21567,Iqbal,2005,Drama,6.962,79,0.5227,hi
47396,Angel,2005,Family|Comedy|Fantasy,6.636,33,0.4131,cs
77026,Campus Confidential,2005,Comedy|Family|TV Movie,4.913,23,0.3914,en
197328,Mystery Woman: Sing Me a Murder,2005,Mystery|Crime|TV Movie|Thriller,5.765,17,0.4724,en
23638,Dust to Glory,2005,Documentary,6.813,16,0.3776,en
83824,Bunny,2005,Drama|Romance|Action,5.0,19,0.7031,te
75946,Venice Underground,2005,Action,3.389,18,0.5786,en
43420,Cinema  Aspirins and Vultures,2005,Drama,6.9,116,0.3796,pt
82864,King Kong: Peter Jackson's Production Diaries,2005,Documentary,7.5,38,0.5488,en
62332,Tales of Terror: Haunted Apartment,2005,Horror,6.2,12,0.3892,ja
14344,Whole New Thing,2005,Comedy|Drama,5.72,25,0.4659,en
196679,Friends & Crocodiles,2005,Drama|TV Movie,5.2,10,0.5386,en
78322,Only the Night,2005,Thriller|Drama,4.269,26,1.3366,fr
152514,Roots,2005,Comedy|Drama,4.923,13,0.4065,ru
2151,Man with the Screaming Brain,2005,Comedy|Horror|Science Fiction,5.1,97,0.4522,en
62297,Guernsey,2005,Drama,5.536,14,0.4669,nl
21751,Spoon,2005,Family|Drama,6.6,10,0.436,nl
16156,Sarah Silverman: Jesus Is Magic,2005,Comedy,6.4,81,0.4593,en
353666,Achuvinte Amma,2005,Family|Drama,6.941,17,0.4084,ml
4284,Sasquatch Hunters,2005,Horror|Thriller|Action,4.773,11,0.7337,en
267958,Stories of Disenchantment,2005,Comedy|Drama|Fantasy,5.5,10,0.4966,es
99062,Choker,2005,Horror|Action|Science Fiction,3.7,10,0.4111,en
14277,Loose Change,2005,Documentary,6.8,55,0.3248,en
37006,Mi mejor enemigo,2005,Comedy|Drama,7.455,22,0.4484,es
15821,The Ambulance,2005,Thriller|Action|Drama,5.7,35,0.4547,da
9755,Bloodsuckers,2005,Horror,4.302,43,0.5553,en
75078,Mirror Wars: Reflection One,2005,Action|Thriller,3.4,19,0.6543,ru
66587,Hot Wheels AcceleRacers: The Ultimate Race,2005,Animation|Family,8.531,32,0.46,en
40966,Pray,2005,Horror|Thriller,5.6,10,0.5178,ja
43584,Sacred Heart,2005,Drama,6.44,83,0.5133,it
41088,The Tiger Blade,2005,Action|Comedy|Fantasy|Science Fiction,4.714,14,0.3403,th
22429,Kyaa Kool Hai Hum,2005,Comedy,5.014,36,0.354,hi
18091,Under The Greenwood Tree,2005,Drama|Romance|TV Movie,5.85,30,0.3572,en
28535,Crazy for Christmas,2005,Drama|Romance|TV Movie,5.682,22,0.3916,en
72513,Star Wars: Within a Minute - The Making of Episode III,2005,Documentary,7.158,19,0.4616,en
19816,The Retreat,2005,Horror,4.2,25,0.46,en
54338,Bikini Chain Gang,2005,Comedy,5.0,10,0.284,en
45824,Smile,2005,Drama|Family,4.733,15,0.4342,en
54698,The First After God,2005,Drama|Action|War,4.25,16,0.434,ru
49597,Vampires: The Turning,2005,Action|Adventure|Horror,4.0,66,0.4762,en
22236,Chok Dee: The Kickboxer,2005,Drama|Action,5.333,21,0.4839,fr
29898,Dr. Chopper,2005,Horror,3.105,19,0.3588,en
56823,Unveiled,2005,Drama,6.455,22,0.4697,de
47520,Miracle at Sage Creek,2005,Action|Adventure|Drama|Family|Western,5.7,10,0.4697,en
62083,Grey Souls,2005,Drama|Thriller,6.2,28,0.3788,fr
69922,Before It Had a Name,2005,Drama|Romance,3.611,18,0.5226,en
100482,Kazuo Umezu's Horror Theater: The Wish,2005,Horror,5.727,11,0.3749,ja
140231,Elaan,2005,Drama|Action|Thriller,5.75,12,0.3554,hi
136976,Genghis Khan,2005,Drama,6.929,14,0.4791,en
20520,The Motel,2005,Drama|Comedy,6.333,15,0.335,en
52925,Recipe for a Perfect Christmas,2005,Comedy|TV Movie,5.5,14,0.6141,en
71685,Xuxinha and Guto Against the Space Monsters,2005,Family|Animation,5.0,16,0.4153,pt
245019,The Saviour,2005,Drama,5.077,13,0.3567,en
63601,Don't Cry Mommy 2,2005,Comedy|Crime,5.4,13,0.3865,ru
11567,The Wedding Party,2005,Comedy|Action,6.053,19,0.3812,de
250935,The Tin Mine,2005,Drama|History,7.9,13,0.4416,th
135195,P,2005,Horror|Drama,5.768,99,0.4137,th
49081,The Rocket,2005,Drama,6.8,50,0.3975,fr
42434,Christmas in Miami,2005,Comedy,5.133,520,0.5159,it
32925,The Crime of Father Amaro,2005,Drama,5.314,43,0.3761,pt
33446,The Sun King,2005,Comedy|Drama,6.783,30,0.5463,da
59521,Escape,2005,Drama|Thriller|Crime,4.667,18,0.341,ru
240541,Udayananu Tharam,2005,Comedy|Drama|Romance,7.5,27,0.5773,ml
53296,Beauty and the Bastard,2005,Music|Romance|Drama,6.2,42,0.3405,fi
39193,Firecracker,2005,Mystery|Thriller,6.063,16,0.2698,en
79293,Leef!,2005,Drama,6.2,10,0.3866,nl
1488,Mongolian Ping Pong,2005,Drama|Comedy,6.364,11,0.5993,zh
206542,Sins,2005,Drama,5.0,10,0.3973,hi
74620,Hollywood Flies,2005,Action|Thriller,4.409,11,0.424,en
20296,Chocolate: Deep Dark Secrets,2005,Thriller|Crime|Drama|Mystery,4.2,20,0.3339,hi
48759,Sivakasi,2005,Action|Drama,5.5,30,0.5458,ta
34468,Care Bears: Journey to Joke-a-Lot,2005,Comedy|Family|Animation,6.308,13,0.4721,en
537,Not Here to Be Loved,2005,Romance|Drama,6.75,30,0.545,fr
117415,Jai Chiranjeeva,2005,Action,5.9,11,0.5412,te
33102,The Girl from Monday,2005,Action|Comedy|Science Fiction|Drama,4.4,17,0.4311,en
60104,The Perfume of the Lady in Black,2005,Comedy,6.03,33,0.4464,fr
58302,Dus,2005,Action|Crime|Thriller,5.3,40,0.4423,hi
44502,The Piano Tuner of Earthquakes,2005,Romance|Fantasy|Drama|Music,6.303,33,0.3557,en
277833,Rappakal,2005,Drama|Family,6.737,19,0.6152,ml
46031,Midsummer Dream,2005,Adventure|Animation|Drama|Romance,4.909,11,0.4248,es
281011,Blackmail,2005,Thriller|Action|Drama,5.4,11,0.5677,hi
20623,Page 3,2005,Drama,6.145,38,0.4005,hi
105443,Jane Doe: Til Death Do Us Part,2005,Mystery|TV Movie,6.042,12,0.3999,en
278140,Thommanum Makkalum,2005,Comedy|Drama,6.75,16,0.6168,ml
13746,Thirty-Five Something,2005,Comedy,5.485,34,0.3404,fr
86175,Delicate Crime,2005,Drama,5.412,17,0.2848,pt
1539,No Songs of Love,2005,Music|Drama|Romance,5.733,15,0.4981,de
78237,On Probation,2005,Mystery|Crime|Action|Drama|Thriller,7.507,139,0.4395,es
532515,Loose Change,2005,Documentary,5.5,10,0.2419,en
43970,Iron Island,2005,Drama,7.167,21,0.5383,fa
894,Willenbrock,2005,Drama|Crime,6.3,15,0.3205,de
59806,Love + Hate,2005,Drama,6.0,19,0.3741,en
413577,Hands Up!,2005,History|Comedy|War,7.2,24,0.4233,zh
73473,To the Other Side,2005,Drama|Family,6.542,12,0.2798,es
58929,Boss'n Up,2005,Drama|Music,4.6,13,0.3813,en
36965,Infection,2005,Horror,3.895,19,0.3698,en
11445,Gypo,2005,Drama,5.344,16,0.5147,en
4913,Sorry  Haters,2005,Drama,5.632,19,0.4445,en
42667,Within the Woods,2005,Horror,4.941,17,0.2993,en
89453,Love,2005,Drama|Romance|Thriller,5.289,19,0.4404,en
26684,The King Maker,2005,Action|Adventure|Drama|Romance,4.346,13,0.4183,th
40931,Open Cam,2005,Drama|Thriller|Comedy|Horror|Mystery,4.133,15,0.3467,en
65614,Dreaming of Space,2005,Drama,5.263,19,0.3615,ru
43756,A Simple Curve,2005,Drama,5.615,13,0.4189,en
21555,Socha Na Tha,2005,Drama|Comedy|Romance,5.871,36,0.3689,hi
16033,Nynne,2005,Romance|Comedy,4.75,10,0.423,da
68676,Jane Doe: Now You See It  Now You Don't,2005,Mystery|TV Movie,6.036,14,0.4232,en
326858,Nadie te habla: Manos libres,2005,Thriller|Drama|Crime,7.019,27,0.375,es
14897,Angels in Fast Motion,2005,Crime|Drama,5.768,28,1.4694,da
55027,Dan Aykroyd Unplugged On UFOs,2005,Documentary,4.9,10,0.2258,en
61686,Marock,2005,Drama|Romance,5.862,29,0.4738,fr
48813,Cup of My Blood,2005,Horror,4.64,25,0.3882,en
69811,Stolen Life,2005,Drama,7.067,15,0.2866,zh
104311,Kazuo Umezu's Horror Theater: Present,2005,Horror,5.235,17,0.2737,ja
49220,Zozo,2005,Drama,5.75,34,0.5075,sv
24523,The Skippers of the Cameleon 2,2005,Adventure|Family|Comedy,5.94,25,0.4843,nl
194758,Robin's Big Date,2005,Comedy,6.4,15,0.3937,en
111438,Experiment,2005,Thriller|Science Fiction,4.269,13,0.3299,en
50007,Gisaku,2005,Action|Animation|Fantasy|Adventure,6.0,12,0.322,es
31227,4,2005,Drama,5.3,55,0.3672,ru
63474,The Good Humor Man,2005,Comedy,4.417,12,0.3282,en
71580,The Official Rare Exports Inc. Safety Instructions 2005,2005,Action|Comedy,7.2,55,0.4475,fi
62912,Shadows in the Dark: The Val Lewton Legacy,2005,Documentary,9.368,19,0.3963,en
44732,Spring Break Shark Attack,2005,Action|Drama|Horror|Thriller,4.693,57,0.4848,en
55653,Silver Bells,2005,TV Movie|Drama|Family,5.548,31,0.3916,en
35646,Kocken,2005,Drama,6.088,17,0.3093,sv
57425,Once You're Born You Can No Longer Hide,2005,Drama|Romance,6.141,32,0.4914,it
7871,Side Effects,2005,Comedy|Drama|Romance,5.659,41,0.4477,en
90867,Mystery Woman: Game Time,2005,Mystery|Crime|Thriller|TV Movie|Drama,6.615,13,0.3196,en
75561,Scared,2005,Horror|Thriller,5.763,19,0.3623,th
58531,Saimir,2005,Drama,6.7,10,0.4283,it
13711,Hot Acts of Love,2005,Comedy|Action,4.293,29,0.5703,fr
84140,Dangerous Men,2005,Action|Thriller|Crime|Comedy,4.087,23,0.3444,en
39022,Cromartie High School: The Movie,2005,Comedy,5.646,24,0.395,ja
113379,Nature Unleashed: Tornado,2005,Action|Adventure|Drama,3.333,12,0.4941,en
73511,The Californians,2005,Drama|Comedy,5.045,11,0.3305,en
63191,Riding the Bus with My Sister,2005,Drama|TV Movie,3.6,16,0.3647,en
1393,The Cave of the Yellow Dog,2005,Drama,7.423,78,0.4067,mn
13749,Ze Film,2005,Comedy,5.318,11,0.3793,fr
63986,Time Has Come,2005,Fantasy,4.545,11,0.4315,fr
151639,Naran,2005,Action|Drama,6.22,25,0.4448,ml
20683,Pale Cocoon,2005,Animation|Science Fiction,6.514,69,0.5248,ja
76789,Scary Godmother: The Revenge of Jimmy,2005,Animation,7.349,63,0.3722,en
27227,The Cabinet of Dr. Caligari,2005,Mystery|Thriller|Horror,6.2,29,0.3789,en
65763,Fink!,2005,Action|Adventure|Thriller,3.571,14,0.4055,en
18825,Espace détente,2005,Comedy,4.5,83,0.4361,fr
18611,Frostbite,2005,Comedy,4.269,39,0.4079,en
65410,Sex & Philosophy,2005,Romance|Drama,6.8,10,0.5278,tg
200012,Downtown Girls,2005,Drama,6.25,12,0.3023,ar
40769,Mutual Appreciation,2005,Drama|Comedy,5.981,26,0.3178,en
75493,Dad must be crazy!,2005,Comedy,6.807,70,0.3792,es
17388,The Italian,2005,Drama,6.792,48,0.3867,ru
230358,Swimmers,2005,Drama,6.8,15,0.4078,en
116477,Cefalonia,2005,Drama|History|TV Movie,6.625,12,0.3794,it
301687,Tango Charlie,2005,Action|Adventure|Drama,6.75,12,0.3481,hi
69572,Mumbai Xpress,2005,Action|Comedy,5.929,14,0.4484,ta
78129,I Am Cuba  the Siberian Mammoth,2005,Documentary|History,7.344,16,0.2338,pt
23523,McLibel,2005,Documentary,6.652,23,0.489,en
21905,Shabd,2005,Romance|Thriller,5.615,13,0.4032,hi
51523,Ek Khiladi Ek Haseena,2005,Crime|Thriller,4.455,11,0.429,hi
72115,Jay and Silent Bob Do Degrassi,2005,Comedy,5.0,16,0.3278,en
78992,The Passenger,2005,Drama,6.05,10,0.3154,fr
72151,Lies My Mother Told Me,2005,Drama|TV Movie|Thriller|Crime,5.3,11,0.5057,en
57512,Ma quando arrivano le ragazze?,2005,Unknown,5.938,24,0.1961,it
76396,The Courage to Love,2005,Comedy|Drama,5.6,10,0.3168,fr
28237,Blood Relic,2005,Horror,6.2,10,0.3086,en
22077,Alien Siege,2005,Science Fiction|TV Movie,4.763,19,0.3792,en
64827,The Sentimental Education of Eugenie,2005,Romance,3.9,17,0.6153,it
35802,Suzanne's Diary for Nicholas,2005,Drama|Romance,5.615,13,0.3035,en
26439,Insecticidal,2005,Horror|Thriller|Science Fiction,3.421,19,0.4431,en
542687,Gli Animotosi nella terra di Nondove,2005,Animation,7.0,29,0.3722,it
319327,Incident On and Off a Mountain Road,2005,Horror|TV Movie,6.1,58,0.4184,en
39190,Camping à la ferme,2005,Comedy,5.689,45,0.3553,fr
555,Absolut,2005,Thriller,7.823,31,0.289,en
17482,Dark Remains,2005,Horror,4.345,29,0.2689,en
47488,Hellbent,2005,Horror,5.5,57,0.4322,en
82824,Texas,2005,Action,5.625,12,0.3267,it
44563,Semen  a History of Love,2005,Comedy|Romance,4.607,14,0.3338,es
71382,Hello  We Are Your Cover!,2005,Comedy,6.2,12,0.396,ru
15962,Murk,2005,Thriller|Drama,6.182,55,0.3329,da
99738,Seven Invisible Men,2005,Drama,5.346,13,0.3332,lt
260928,Double Down,2005,Action|Drama|Thriller,4.6,68,0.3239,en
194809,Anandabhadram,2005,Fantasy|Horror|Thriller,7.5,27,0.4133,ml
108451,Tráiler para amantes de lo prohibido!,2005,Comedy,6.889,18,0.3588,es
153695,Nature Unleashed: Volcano,2005,Thriller,5.711,19,0.3967,es
24043,God's Army 2: States of Grace,2005,Drama|Action,7.2,10,0.357,en
194548,Honey and the Pig,2005,Comedy,4.208,12,0.3241,el
37471,Shadows of Time,2005,Drama|Horror|Romance,6.071,14,0.3978,bn
300420,Alexandria  Private,2005,Crime|Thriller|Mystery,7.162,34,0.3658,ar
27417,The Roost,2005,Horror,5.278,36,0.3883,en
28721,Zodiac Killer,2005,Action|Horror|Thriller,2.7,36,0.3143,en
98622,9,2005,Animation|Science Fiction,7.213,279,0.5156,en
28282,Waterborne,2005,Action|Drama|Thriller,5.824,17,0.4069,en
54110,The F Word,2005,Drama,6.528,18,0.4326,en
58646,Opa!,2005,Comedy|Romance,6.0,12,0.3537,en
57823,Max and Moritz Reloaded,2005,Comedy,2.786,14,0.3847,de
42705,Haunted Boat,2005,Horror,3.786,14,0.3722,en
44986,The Great Ecstasy of Robert Carmichael,2005,Crime|Drama,5.0,29,0.3149,en
393196,Meet The Santas,2005,Family|Comedy|Fantasy|TV Movie,5.2,25,0.3342,en
49717,God Save the King,2005,Comedy|Drama|Music|Romance,5.803,38,0.5317,sv
74482,Vinicius de Moraes,2005,Documentary|Music,6.324,17,0.3255,pt
46866,A Lover's Revenge,2005,Mystery|Thriller|TV Movie,4.55,10,0.4385,en
35851,Runaway,2005,Drama|Thriller,6.5,32,0.3631,en
35738,Bonkers,2005,Drama|Family|Comedy,6.364,11,0.25,nl
373848,Mr. Housewife,2005,Comedy,6.455,11,0.5409,ko
26137,Electric Shadows,2005,Drama|Family,6.476,21,0.3274,zh
46415,Neal 'N' Nikki,2005,Comedy|Romance,3.929,21,0.4088,hi
10270,The Challenge,2005,Action,5.211,19,0.4357,de
127123,Hello Yasothorn,2005,Comedy|Romance|Music,6.2,10,0.3021,th
24178,Never Again as Before,2005,Drama|Comedy,5.933,15,0.2857,it
109195,Tragic Story with Happy Ending,2005,Animation|Drama,6.8,26,0.2965,pt
14734,Edy,2005,Thriller|Drama|Comedy,5.281,16,0.3465,fr
19718,El Colombian Dream,2005,Comedy|Drama,6.667,15,0.3297,es
429612,The Seventh Sense,2005,Comedy|Drama,6.05,20,0.2714,ar
61658,In Your Dreams,2005,Comedy,5.367,15,0.3526,fr
75222,Ban the Sadist Videos!,2005,Documentary|History,6.808,26,0.3448,en
31364,Waqt,2005,Drama,5.979,48,0.4415,hi
7088,Christmas in Boston,2005,TV Movie|Comedy|Drama|Romance,5.628,75,0.3167,en
156591,Amatemi,2005,Drama|Romance,4.5,11,0.3893,it
61950,The Fine Art of Love: Mine Ha-Ha,2005,Mystery|Drama,5.757,37,0.6604,en
72448,Star Wars: A Musical Journey,2005,Music|Documentary,7.053,19,0.2797,en
78688,Gentille,2005,Comedy,5.8,15,0.2221,fr
29163,The Naked Monster,2005,Comedy|Horror,4.636,11,0.5929,en
36155,Mexican Werewolf in Texas,2005,Horror,3.1,19,0.3271,en
62487,The Days of Abandonment,2005,Drama,5.788,40,0.3334,it
16111,Hanuman,2005,Animation|Fantasy|Family,6.412,17,0.4609,hi
173420,Testosterone,2005,Comedy,5.423,13,0.3049,el
157373,Commune,2005,Documentary,5.714,14,0.174,en
35571,The Chosen,2005,Thriller|Crime,5.471,17,0.3206,sv
19676,These Girls,2005,Comedy|Drama|Romance,5.194,36,0.3358,en
77154,The Art of Breaking Up,2005,Romance|Comedy,5.208,24,0.3429,fr
64350,Living with Wolves,2005,Documentary|TV Movie,7.038,13,0.2845,en
80010,Return of the Goodies,2005,TV Movie|Documentary|Comedy,6.9,25,0.2484,en
68270,Scarred,2005,Horror,5.594,16,0.2872,en
95307,One Long Winter Without Fire,2005,Drama,6.75,12,0.1694,fr
64509,I Am Guilty,2005,Drama,5.759,29,0.3401,de
46729,Fetching Cody,2005,Comedy|Drama|Fantasy|Romance|Science Fiction,6.314,35,0.4366,en
72822,Olé !,2005,Comedy,4.947,57,0.4631,fr
20270,The Prodigy,2005,Action|Drama|Family|Mystery|Thriller,4.417,12,0.3114,en
15840,Manslaughter,2005,Drama|Crime,5.742,33,0.3491,da
59565,One Stays  the Other Leaves,2005,Comedy|Drama,5.197,33,0.3254,fr
114695,Mystery Woman: Snapshot,2005,Mystery|Thriller|Crime|TV Movie,6.656,16,0.3392,en
23434,Whisky Romeo Zulú,2005,Drama,6.724,29,0.3157,es
59163,Papa,2005,Comedy|Drama,6.083,36,0.3963,fr
162091,A Backbone Tale,2005,Romance|Animation|Drama,6.2,11,0.2278,fr
50730,Winky's Horse,2005,Family,6.7,28,0.2108,nl
83238,I Saw Ben Barka Get Killed,2005,History|Action|Thriller,5.769,13,0.2414,fr
135751,Popp Dich schlank,2005,Comedy|TV Movie,4.577,13,0.3337,de
167548,The Shutka Book of Records,2005,Documentary,7.615,13,0.2552,sr
1616,Erkan & Stefan 3,2005,Comedy,4.578,32,0.3632,de
267913,Vampire Assassin,2005,Horror|Action,2.591,11,0.296,en
33682,Something Like Happiness,2005,Drama,6.296,27,0.293,cs
67460,We Can Be Heroes: Finding the Australian of the Year,2005,Comedy,7.55,20,0.4093,en
25145,Andre the Butcher,2005,Comedy|Horror,5.036,28,0.358,en
24449,Gruesome School Trip,2005,Adventure|Family|Fantasy,5.477,22,0.2802,nl
289342,Wallander: The African,2005,Crime|Thriller,5.278,18,0.4349,sv
53042,Alice,2005,Drama|Romance,7.235,34,0.314,pt
40015,Cold & Dark,2005,Crime|Horror|Thriller,3.4,26,0.4338,en
144570,Forest of the Gods,2005,Drama,8.05,10,0.3479,lt
12805,Out of Hand,2005,Drama,3.941,17,0.3869,de
29044,Street Fight,2005,Documentary,6.879,29,0.363,en
47440,Kissing on the Mouth,2005,Drama|Romance,5.071,14,0.5018,en
75473,A King in Havana,2005,Comedy,6.679,39,0.3482,es
76370,Nina's House,2005,Drama|History|War,5.85,10,0.2819,fr
58082,L'uomo perfetto,2005,Comedy|Romance,6.05,111,0.2584,it
252345,One Step Behind,2005,Mystery|Thriller|Crime|Drama,5.632,19,0.3472,sv
141555,Snakewoman,2005,Horror,4.0,11,0.3235,en
3069,Frankenstein Reborn,2005,Horror|Science Fiction|Thriller,5.556,27,0.3276,en
289341,Wallander: The Village Idiot,2005,Crime|Thriller,5.6,21,0.3881,sv
41566,New York Doll,2005,Documentary|Music,6.833,18,0.4166,en
10151,Snow White,2005,Drama,5.786,14,0.3534,de
225760,Lulu,2005,Drama|Romance,4.909,11,0.3413,nl
19018,Care Bears: Big Wish Movie,2005,Animation|Comedy|Family,7.167,11,0.3292,en
52297,Alaska: Silence & Solitude,2005,Documentary,6.5,17,0.4328,en
89376,The Curse of El Charro,2005,Horror,3.595,21,0.2927,pt
32687,Gabrielle,2005,Drama|Romance,5.844,32,0.2881,fr
77885,Wild Country,2005,Horror,4.885,13,0.238,en
84379,A Christmoose Carol,2005,Family|Fantasy|Comedy,5.714,14,0.4003,de
163959,What Is It Worth?,2005,Drama,6.571,21,0.345,pt
33606,We Are Not Angels 2,2005,Comedy,6.1,37,0.411,sr
135130,Moongirl,2005,Animation,5.9,20,0.3368,en
49723,Romeo and Juliet Get Married,2005,Drama|Comedy|Romance,6.007,76,0.4283,pt
26826,Wrong Side Up,2005,Comedy|Drama,7.318,22,0.2997,cs
45270,Saint Martyrs of the Damned,2005,Drama|Horror|Mystery,5.327,26,0.2905,fr
1361889,Naruto OVA 4: Finally a Clash! Jounin VS. Genin!! Indiscriminate Grand Melee Tournament!!,2005,Animation|Action|Fantasy,6.5,11,0.2342,ja
77704,Made in Serbia,2005,Documentary,7.2,10,0.2983,sr
55515,The Choke,2005,Horror,4.6,13,0.231,en
24510,Red Carpet,2005,Comedy,7.3,34,0.274,pt
331128,When Luck Breaks the Door,2005,Comedy,5.487,39,0.2424,tr
430181,Debbie Does Dallas Uncovered,2005,Documentary,4.833,12,0.2458,en
161825,Best Friends,2005,Thriller|TV Movie,5.2,10,0.3471,en
75303,Derren Brown: Messiah,2005,Comedy,8.0,15,0.2104,en
18045,The Dark Hours,2005,Horror|Science Fiction|Thriller,5.653,95,0.3467,en
39218,Main  Meri Patni Aur Woh,2005,Comedy|Drama|Romance,6.065,23,0.3689,hi
85790,The Old Crocodile,2005,Animation|Comedy,6.5,11,0.1898,ja
46222,Storm,2005,Thriller|Drama|Mystery,5.872,39,0.2718,sv
44894,I Love You in All Languages of the World,2005,Romance|Comedy,5.974,496,0.3163,it
51390,We Jam Econo: The Story of the Minutemen,2005,Documentary,6.735,17,0.3594,en
37208,Self Medicated,2005,Drama,5.75,12,0.3819,en
82856,Francis Cabrel - La tournée des Bodegas,2005,Music,6.5,13,0.2804,fr
120115,The Origin of Stitch,2005,Animation|Comedy,6.5,10,0.2445,en
36802,I'm Going to Tell You a Secret,2005,Documentary|Music,6.635,26,0.24,en
90295,Don de Dios,2005,Drama,7.476,42,0.4136,es
458949,The Real Amityville Horror,2005,Documentary,6.0,11,0.3774,en
54709,The Call of the Toad,2005,Drama|Romance,5.364,11,1.3356,de
30633,İstanbul Tales,2005,Drama,6.842,38,0.333,tr
49113,Dare,2005,Drama,6.3,44,0.2962,en
20422,The Mighty Celt,2005,Drama,6.346,14,0.2686,en
78307,On the Outs,2005,Drama,5.885,13,0.218,en
78228,I Am,2005,Drama,6.643,21,0.2838,pl
39152,Throttle,2005,Action|Thriller,4.722,18,0.31,en
68505,Ice Queen,2005,Horror|Thriller,3.4,16,0.306,en
89608,50 Ways of Saying Fabulous,2005,Drama,5.385,13,0.2626,en
40859,Dry Movie,2005,Drama,6.688,16,0.2118,pt
81844,Graves End,2005,Mystery|Thriller,6.0,13,0.2416,en
42052,Familia,2005,Drama,5.818,11,0.2919,fr
46463,Da Kath & Kim Code,2005,Comedy|TV Movie,7.1,10,0.1945,en
28546,11:59,2005,Mystery|Thriller,5.4,18,0.2275,en
644338,Max Steel: Forces of Nature,2005,Animation|Action|Science Fiction,8.7,17,0.4259,en
51598,Classic Albums: Nirvana - Nevermind,2005,Documentary|Music,7.0,37,0.2696,en
32444,Dorian Blues,2005,Comedy|Drama,6.067,30,0.3271,en
160064,Nature Unleashed: Earthquake,2005,Action|Adventure|Thriller,6.727,33,0.3807,fr
25422,Die You Zombie Bastards!,2005,Comedy|Horror,3.688,16,0.2229,en
37091,FAQs,2005,Drama,5.222,18,0.2692,en
248887,Positively Naked,2005,Documentary|Drama,5.95,10,0.4319,en
14200,The Do-Gooders,2005,Comedy|Crime,5.136,33,0.2181,fr
75467,Rog,2005,Drama|Thriller|Romance,4.542,12,0.2605,hi
56994,The Second Wedding Night,2005,Drama,6.19,50,0.2427,it
15493,Star Wreck: In the Pirkinning,2005,Science Fiction|Action|Comedy,6.777,74,0.3316,fi
46120,Green River Killer,2005,Crime|Horror,3.533,15,0.3039,en
68259,The Violin,2005,Drama|Thriller,7.026,39,0.3185,es
21753,Everything You Want,2005,Comedy|Drama|Romance|TV Movie,4.981,27,0.3451,en
39196,Aupa Etxebeste!,2005,Comedy,5.393,14,0.2515,eu
48431,Trouble,2005,Thriller,5.615,13,0.2668,fr
75725,A Christmas Tale,2005,Drama|Thriller|TV Movie,6.347,75,0.3403,es
125955,Carambole,2005,Crime|Drama|Thriller|Mystery,5.5,10,0.3164,sv
152359,Rajamanikyam,2005,Action|Comedy,7.404,26,0.3068,ml
34676,Finding Friends,2005,Family|Drama|Adventure,5.455,11,0.3957,no
10418,The Young Schiller,2005,Drama,4.8,10,0.2906,de
1910,SommerHundeSöhne,2005,Comedy|Drama,5.667,12,0.243,de
206376,My Wife's Murder,2005,Thriller|Mystery,6.545,11,0.3338,hi
48509,The Fan and the Flower,2005,Animation,6.441,17,0.2984,en
65051,Dead Men Walking,2005,Horror,3.761,23,0.3245,en
61882,Boys Grammar,2005,Drama,5.412,17,0.2625,en
12759,Doll Graveyard,2005,Horror,5.089,28,0.2623,en
29965,Be with Me,2005,Drama|Romance,6.097,36,0.3049,cn
86783,Bloodbrothers,2005,Crime|Drama,4.25,10,0.3858,sv
172625,Felix: All Around the World,2005,Family|Animation,7.031,16,0.3388,de
136688,Yakeen,2005,Action|Thriller,4.923,13,0.3576,hi
44784,Symbiopsychotaxiplasm: Take 2½,2005,Documentary,6.3,14,0.2565,en
207669,Imaginum,2005,Animation|Family|Fantasy|Comedy,5.231,13,0.4538,es
226197,Bhageeratha,2005,Drama,5.1,10,0.279,te
191608,Garpastum,2005,Drama,4.722,18,0.3944,ru
29138,Crossing the Bridge: The Sound of Istanbul,2005,Documentary|Music,7.348,82,0.2623,de
49715,The Best Day of My Life,2005,Comedy,5.321,14,0.2737,fr
33460,Sehar,2005,Action|Thriller,7.3,12,0.2499,hi
43940,The Devil's Miner,2005,Documentary,6.667,12,0.2761,en
40874,Just for Kicks,2005,Documentary,6.955,11,0.2835,en
28522,Day of the Dead 2: Contagium,2005,Horror,3.024,82,0.3141,en
203139,A Year Without Love,2005,Drama|Romance,6.674,23,0.3332,es
172002,Alien Abduction,2005,Horror|Science Fiction|Thriller,3.5,27,0.3058,en
63321,Döngel Kârhanesi,2005,Comedy,5.3,19,0.2897,tr
57465,Come Into the Light,2005,Drama|Crime|History,7.091,93,0.293,it
19215,After Innocence,2005,Documentary|Crime,6.867,15,0.2697,en
44360,The Moon and the Son: An Imagined Conversation,2005,Animation,6.333,18,0.3411,en
45887,Alive in Joburg,2005,Science Fiction,6.7,108,0.2477,en
138178,Ballets Russes,2005,Documentary,7.227,11,0.2472,en
78158,La vie est à nous !,2005,Comedy,5.65,10,0.3126,fr
80862,Anukokunda Oka Roju,2005,Thriller|Mystery,6.3,13,0.3276,te
79377,Vive la vie,2005,Comedy,5.0,15,0.2498,fr
29934,Lovelorn,2005,Drama,7.356,59,0.2796,tr
39826,Bruce Springsteen & The E Street Band : Hammersmith Odeon  London '75,2005,Music|Documentary,8.192,13,0.2206,en
434510,Replica,2005,Romance|Science Fiction|Thriller|Drama,3.727,11,0.2507,en
84096,Maine Gandhi Ko Nahin Mara,2005,Drama,5.825,57,0.316,hi
15819,We Are the Champions,2005,Comedy,6.708,12,0.3023,da
81780,A golpes,2005,Drama,5.364,11,0.4343,es
14229,Do You Like Hitchcock?,2005,Mystery|Horror|Thriller|TV Movie,5.2,69,0.3529,it
51068,Ghost Game,2005,Comedy|Horror,4.9,12,0.2206,en
89764,The 2 Sides of the Bed,2005,Music|Comedy,5.333,30,0.1802,es
28868,Being Cyrus,2005,Comedy|Drama|Thriller,6.1,23,0.2501,en
101838,Game Over,2005,Crime|Drama,4.083,12,1.4991,fi
46336,Four Eyed Monsters,2005,Comedy|Drama|Fantasy|Romance,5.759,27,0.2722,en
190638,Still Life,2005,Horror|Science Fiction,6.75,34,0.2718,en
238184,Turma da Mônica em Cine Gibi 2,2005,Animation|Comedy|Family,7.5,25,0.6675,pt
32313,The Chaos Class in the Military,2005,Comedy,3.279,70,0.2241,tr
107605,Bloodfist 2050,2005,Action,4.0,10,0.3624,en
29262,The House of Sand,2005,Drama,6.688,56,0.2669,pt
9052,Netto,2005,Drama|Comedy,6.846,13,0.224,de
28188,Swamp Zombies!!!,2005,Horror,3.5,18,0.2272,en
128115,The Birthday,2005,Comedy|Horror|Mystery,5.6,19,0.2967,en
41815,This Divided State,2005,Documentary,7.529,17,0.3006,en
84913,Pot Zombies,2005,Horror,4.0,13,0.2474,en
218957,Bam Bam and Celeste,2005,Comedy,4.273,11,0.2833,en
71496,The Praying Mantis,2005,Drama|Fantasy,4.1,10,0.1435,fr
61945,Homo sapiens,2005,Documentary|History,7.9,12,0.5617,fr
23825,Rock School,2005,Action|Documentary|Music,6.313,16,0.2701,en
133718,Stinger,2005,Action|Horror|Science Fiction|Adventure,3.861,18,0.2346,en
44119,Born Killers,2005,Thriller|Crime|Drama,5.3,20,0.4054,en
31327,Dark Night  October 17  1961,2005,TV Movie|Drama|History,7.5,11,0.2444,fr
28725,B.T.K. Killer,2005,Drama|Horror|Crime,3.9,15,0.1744,en
8008,Mouth to Mouth,2005,Drama,5.453,64,0.38,en
44791,Dodging the Clock,2005,Comedy,6.48,25,0.2194,fr
162416,Go West,2005,Comedy|Drama|War,6.0,11,0.2366,sr
57520,La febbre,2005,Comedy,5.774,31,0.1946,it
11214,We Feed the World,2005,Documentary,7.3,43,0.3765,de
88870,The Making of 'Psycho',2005,Documentary,7.481,27,0.2912,en
300911,Baby Shark,2005,Drama,4.8,10,0.2082,fr
28500,Walking with Monsters,2005,Documentary|Animation,7.2,33,0.312,en
44823,Jerry Springer: The Opera,2005,Comedy|Music|TV Movie,6.45,20,0.3315,en
84213,The Master,2005,Drama,4.6,10,0.3258,pl
354239,Right Place,2005,Comedy|Drama,6.3,10,0.1481,ja
17868,U2: Vertigo 2005 - Live from Chicago,2005,Music,7.944,27,0.3689,en
409979,Cléo from 5 to 7: Remembrances and Anecdotes,2005,Documentary,6.909,11,0.2708,fr
256787,The Man Who Walked Between the Towers,2005,Animation|Family,7.0,13,0.2145,en
47143,The Intruder,2005,Drama,6.5,49,0.2166,fr
41140,Shades of Happiness,2005,Drama,5.038,13,0.376,fi
230528,Monsieur Léon,2005,Drama|History|War|TV Movie,6.6,19,0.2597,fr
908,Schnitzel Paradise,2005,Romance|Comedy,5.819,36,0.2533,nl
5286,Eleven Men Out,2005,Drama|Comedy,5.368,19,0.3133,is
16190,Žižek!,2005,Documentary,6.811,37,0.353,en
102368,Iberia,2005,Documentary,5.8,15,0.1765,es
257371,Csudafilm,2005,Comedy,4.6,10,0.2033,hu
260226,Are You the Favorite Person of Anybody?,2005,Drama,6.111,18,0.2386,en
218443,Graveyard Shift,2005,Thriller|Comedy,5.875,28,0.2345,ru
26567,The War Within,2005,Drama,5.8,15,0.3156,en
120270,Milch,2005,Animation,6.0,11,0.2128,en
104421,Kazuo Umezu's Horror Theater: Death Make,2005,Fantasy|Horror,4.7,10,0.2985,ja
435348,Il grande Torino,2005,Drama,6.317,41,0.2228,it
46003,The Perfect Stranger,2005,Drama,7.167,12,0.2346,en
41924,Night Watch,2005,Drama,5.611,18,0.2765,es
75703,Zoop In Africa,2005,Action|Adventure|Family,5.154,13,0.2219,nl
56943,The Remains of Nothing,2005,History|Drama,6.563,16,0.218,it
40986,The Velvet Murders,2005,Crime|Drama,5.5,12,0.2563,cs
44081,Under the Skin of the City,2005,Drama,7.091,11,0.1623,fa
78351,Zaina: Rider of the Atlas,2005,Adventure|Family,6.867,15,0.2475,fr
60111,Bye Bye Blackbird,2005,Drama|Comedy,5.273,11,0.2815,en
32633,Almost Normal,2005,Science Fiction|Drama|Comedy,5.217,30,0.2266,en
55125,Ivko's Feast,2005,Comedy,5.611,27,0.2572,sr
215662,They're Made Out of Meat,2005,Comedy|Science Fiction,6.5,14,0.2677,en
67084,Mañana te cuento,2005,Drama|Comedy|Romance,6.5,28,0.1828,es
40062,The Stink of Flesh,2005,Comedy|Horror,3.905,21,0.2632,en
236881,Eletrodoméstica,2005,Comedy|Drama,6.425,20,1.0197,pt
123406,Fallen,2005,Drama|Mystery,6.636,11,0.1575,lv
29595,Wal-Mart: The High Cost of Low Price,2005,Documentary,6.257,76,0.2157,en
411354,What We Do in the Shadows: Interviews with Some Vampires,2005,Comedy|Horror,6.629,66,0.3749,en
102318,Slaughterhouse of the Rising Sun,2005,Horror,3.7,13,0.2152,en
12794,Amnesia: The James Brighton Enigma,2005,Drama|Mystery|Thriller,5.2,18,0.1881,en
535562,The Perfect Fishplate,2005,Horror|Comedy,7.0,10,0.1965,xx
168891,Saw: Rebirth,2005,Animation|Horror,5.428,111,0.3593,en
12790,Black Night,2005,Drama|Mystery|Thriller|Science Fiction,6.8,21,0.281,fr
7276,Northeast,2005,Drama,5.833,15,0.2227,es
68509,The Beast of Bray Road,2005,Horror,5.333,30,0.2729,en
73129,Johanna,2005,Drama,4.7,15,0.2519,hu
304370,News from Afar,2005,Drama,8.2,10,0.1733,es
64420,The Kukumi,2005,Comedy|Drama,5.318,11,0.2537,sq
47613,Innocent,2005,Drama,4.7,10,0.1776,en
28416,Forest of the Damned,2005,Horror,3.237,38,0.291,en
37478,Profils paysans : le quotidien,2005,Documentary,7.182,11,0.1793,fr
252998,The Second Front,2005,Romance|War|Action,2.818,11,0.2416,ru
102198,The Dive from Clausen's Pier,2005,Drama|Romance|TV Movie,5.042,12,0.2408,en
201171,The Wickeds,2005,Horror,2.636,11,0.1706,en
40185,Wild Camp,2005,Drama|Romance,4.5,14,0.1899,fr
198620,Day and Night,2005,Drama,6.038,13,0.2091,zh
41386,The Fearless Freaks,2005,Music|Documentary,6.972,18,0.17,en
171304,Ring Girls,2005,Action,4.6,10,0.3215,en
216116,Shaadi No. 1,2005,Comedy,5.292,12,0.3352,hi
13733,Le Cactus,2005,Comedy,4.857,35,0.253,fr
31247,Too Beautiful,2005,Comedy|Romance,2.466,44,0.232,it
39119,Tupac: Live at the House of Blues,2005,Music|Documentary,7.767,15,0.1922,en
37508,Bølle Bob og smukke Sally,2005,Family|Music,6.833,12,0.2696,da
74055,Iceberg,2005,Comedy,6.152,23,0.2533,fr
70153,La terza stella,2005,Comedy,5.853,75,0.1633,it
23681,Stockholm Boogie,2005,Comedy|Drama,5.545,11,0.1793,sv
39702,Pettson & Findus: The Santa Machine,2005,Animation|Family,6.447,19,0.2135,sv
485236,Mr. Balls,2005,Comedy|Crime,4.5,13,0.1856,es
83221,The Forsaken Land,2005,Drama|Romance,4.55,10,0.2393,si
25530,First on the Moon,2005,Mystery|Science Fiction,5.074,27,0.1686,ru
207729,Shapeshifter,2005,Horror,4.278,18,0.2017,en
21073,The Goebbels Experiment,2005,Documentary,6.438,24,0.2245,de
96641,End Day,2005,Drama|Thriller|Science Fiction|Documentary|TV Movie,4.6,28,0.2538,en
2092,Wish You Were Here,2005,Thriller|Drama,4.136,11,0.2104,en
58693,The Girl Who Shagged Me,2005,Action|Comedy,4.333,12,0.2649,en
221868,Wallander: Before the Frost,2005,Crime|Thriller,5.7,24,0.4237,sv
99735,Dam Street,2005,Drama,6.2,13,0.3267,zh
432134,Star Wars: Heroes & Villains,2005,Documentary,7.4,21,0.1863,en
27473,Exterminator City,2005,Horror|Science Fiction,2.769,13,0.2603,en
29009,O Coronel e o Lobisomem,2005,Comedy,5.5,46,0.2093,pt
155386,La Sierra,2005,Documentary,7.2,10,0.1026,es
75193,A Buddha,2005,Drama,7.643,14,0.2466,es
637862,The Play,2005,Documentary,6.6,10,0.1063,tr
210524,Imago...,2005,Animation|Family,6.227,11,0.1637,fr
74339,The Phoenix Lights...We Are Not Alone,2005,Documentary,6.9,10,0.1943,en
188739,Leon and Olvido,2005,Drama,5.139,18,0.1855,es
72564,L'Anniversaire,2005,Comedy,4.5,13,0.2392,fr
101904,Through the Forest,2005,Fantasy|Drama,5.455,11,0.2729,fr
147502,One Night Stand: Flight of the Conchords,2005,Comedy|Music,7.7,16,0.2685,en
74919,Pitbull,2005,Action|Crime,6.479,48,0.2097,pl
42844,The Boys IV,2005,Comedy,6.7,10,0.1974,fr
311142,Vaada,2005,Drama|Romance,5.846,13,0.2978,hi
160322,Lucky,2005,Action|Thriller,6.333,12,0.2583,en
46186,Regarding Billy,2005,Drama,5.5,18,0.2385,en
41222,Bad Joke 3,2005,Comedy,2.611,18,0.2185,cs
31021,The Collector,2005,Drama,6.488,43,0.1908,pl
49746,The Haunting of #24,2005,Horror|Thriller,6.15,10,0.2207,en
36989,Combat 16,2005,Drama,6.227,11,0.1372,de
54120,Bastards of the Party,2005,Documentary,5.75,10,0.1379,en
67238,Cavite,2005,Thriller,5.417,12,0.1564,en
341470,So Close  So Far,2005,Drama,7.0,11,0.2595,fa
55129,Chasing Luck(y),2005,Comedy,5.083,12,0.2276,sr
82304,Dope Sick Love,2005,Documentary,6.262,21,0.1642,en
79573,Quartier V.I.P.,2005,Comedy,4.55,10,0.1864,fr
62634,Fatti della banda della Magliana,2005,Drama|Comedy|Crime,5.045,11,0.1554,it
9047,One Day in Europe,2005,Comedy,6.24,25,0.2058,en
69917,Room,2005,Drama|Documentary|Horror,4.333,12,0.3577,en
31092,You Are Alone,2005,Drama,6.136,22,0.16,en
39305,Children of Beslan,2005,Documentary,6.769,13,0.1965,en
180526,Play,2005,Drama,5.682,11,0.2574,es
458564,Night Swimming,2005,Drama,4.636,11,0.3656,en
316710,Andrea,2005,Thriller|Horror,7.28,41,0.1712,es
57241,Kissed by Winter,2005,Drama|Thriller|Mystery,5.8,15,0.1584,no
101041,Something to Remember Me By,2005,Drama,6.567,15,0.2077,es
65104,Dust,2005,Comedy|Drama|Science Fiction,5.725,40,0.2307,ru
55014,William Eggleston in the Real World,2005,Documentary,6.577,13,0.207,en
26140,Stewart Lee: Stand-Up Comedian,2005,Comedy,7.438,16,0.1386,en
49561,Before You Leave,2005,Comedy,6.1,10,0.1523,fr
17118,Rush: R30,2005,Music,7.727,11,0.2218,en
41096,Egy szoknya  egy nadrág,2005,Romance|Comedy,4.0,10,0.1897,hu
123335,Avril Lavigne: Bonez Tour 2005 - Live at Budokan,2005,Music,9.063,32,0.2036,en
64922,The Children,2005,Drama|Comedy,5.591,11,0.2966,fr
358851,The Hallway,2005,Animation|Mystery|Thriller,7.2,10,0.1718,fr
38908,Film Geek,2005,Comedy,5.426,27,0.166,en
54012,The Last Mitterrand,2005,Drama|History,6.552,29,0.2331,fr
104037,For One More Hour with You,2005,Documentary,7.5,27,0.1377,it
56350,Jesus  You Know,2005,Documentary,6.8,15,0.2196,de
41396,Predator Island,2005,Action|Comedy|Horror|Science Fiction,2.5,10,0.18,en
39897,Evil,2005,Horror,5.5,25,0.2447,el
15642,Rascals on the Road,2005,Family|Comedy,6.5,19,0.1819,de
100507,Choque,2005,Comedy,6.25,12,0.1106,es
99005,Loving Maradona,2005,Documentary,6.333,12,0.1762,es
413131,Will Smith: Live in Concert,2005,Music|Documentary,5.8,10,0.1526,en
314195,Jump Boys!,2005,Documentary,7.0,10,0.1831,zh
19812,Father of Four: Never Gives Up!,2005,Comedy|Family,5.773,11,0.4623,da
65039,Pas de Deux: The Story of a Success,2005,Comedy,4.6,18,0.1629,it
201491,Kitchen,2005,Thriller|Comedy,5.6,10,0.1838,fr
24988,Eminem: Live from New York City,2005,Music,8.356,45,0.3191,en
262702,Monster,2005,Horror|Thriller,6.738,42,0.1213,en
65916,From Subway with Love,2005,Comedy|Romance,5.273,11,0.2006,cs
138113,Tulips,2005,Drama,5.364,11,0.4333,pl
46431,The Education of Shelby Knox,2005,Documentary,5.3,10,0.1795,en
19499,Jimmy Carr: Stand Up,2005,Comedy,7.349,43,0.2768,en
61386,Il mistero di Lovecraft - Road to L.,2005,Horror,5.923,13,0.1405,it
36589,Angel in Love,2005,Romance|Fantasy|Comedy,5.727,11,0.2015,pl
126300,Kilometer Zero,2005,Comedy|Drama|War,5.577,13,0.1904,ku
62342,The Die Is Cast,2005,Comedy,6.823,31,0.1241,es
3349,Frankenstein & the Werewolf Reborn!,2005,Horror,4.545,11,0.1778,en
174389,A Dog's Dream,2005,Fantasy,4.773,11,0.1547,el
132009,Vida y color,2005,Drama,6.0,21,0.1248,es
173457,KatieBird *Certifiable Crazy Person,2005,Horror,4.364,11,0.2241,en
110073,Rabbit,2005,Animation,7.154,26,0.1556,en
54963,Jolly Roger: Massacre at Cutter's Cove,2005,Action|Horror,3.45,20,0.2058,en
114984,Bathhouse,2005,Drama,4.045,11,0.1243,tl
25799,Amu,2005,Drama|History,7.056,18,0.2237,en
16863,Crash Test Dummies,2005,Drama,4.9,10,0.1397,de
220867,Badgered,2005,Animation,6.0,18,0.1425,en
63703,The Ape,2005,Drama|Comedy,4.342,19,0.174,en
17080,Pistvakt,2005,Comedy,5.568,22,0.1411,sv
808824,123 from Amalapuram,2005,Romance,5.8,11,0.2474,te
73856,The Children of Leningradsky,2005,Documentary,7.518,28,0.2001,pl
140733,The Gnome,2005,Comedy,6.091,11,0.1386,cs
56310,Tan Lines,2005,Drama|Romance,4.9,22,0.1578,en
61559,Sabah,2005,Comedy|Drama|Romance,5.933,15,0.1638,de
32649,Sandor /slash/ Ida,2005,Drama|Romance,4.563,16,0.1442,sv
175331,Fratricide,2005,Drama,4.933,15,0.1517,ku
354079,Lust in Space: The Erotic Witch Project IV,2005,Comedy|Science Fiction|Horror,3.6,10,0.183,en
41593,Quo Vadis  Baby?,2005,Drama|Thriller,5.638,58,0.1686,it
63275,Smalltown  Italy,2005,Drama,5.477,22,0.1494,it
52762,The Mysterious Geographic Explorations of Jasper Morello,2005,Adventure|Animation|Mystery,7.1,45,0.1555,en
137495,Piratas en el Callao,2005,History|Animation|Adventure,2.806,18,0.1817,es
70648,Gravehopping,2005,Comedy|Drama,6.0,13,0.244,sl
128920,Eva,2005,Drama|Fantasy,4.7,46,0.185,fr
187276,In Memorium,2005,Horror,4.133,15,0.1915,en
37823,Gilbert Gottfried: Dirty Jokes,2005,Comedy,7.067,15,0.1422,en
13015,George Carlin: Life Is Worth Losing,2005,Comedy|TV Movie|Documentary,7.495,109,0.1883,en
104431,Kept and Dreamless,2005,Drama,6.125,16,0.1134,es
31854,Surfers’ Time,2005,Comedy|Crime,6.4,38,0.1406,pl
12076,Love Me Tomorrow,2005,Comedy|Drama|Romance,6.8,17,0.1633,no
169230,H.G. Wells' The War of the Worlds,2005,Thriller|Science Fiction,6.074,27,0.1656,en
251403,Home,2005,Comedy|Drama,5.182,11,0.2001,en
107591,Sena/Quina  la inmortalidad del cangrejo,2005,Unknown,7.474,19,0.1173,en
583058,Bill Burr: One Night Stand,2005,Comedy,7.5,10,0.117,en
66700,Cose da pazzi,2005,Comedy,7.082,92,0.1357,it
49256,Habana Blues,2005,Drama|Music,6.486,37,0.2792,es
67352,The Treasure of the White Falcons,2005,Adventure|Family,6.591,11,0.1565,de
183786,Autobiographical Scene Number 6882,2005,Drama,6.2,45,0.2304,sv
97622,Camp Daze,2005,Horror|Comedy,4.545,11,0.1736,en
32539,The Meaning of Life,2005,Animation|Science Fiction,6.776,76,0.1346,en
204697,La Bonne Copine,2005,Comedy|TV Movie,5.2,15,0.1508,fr
15290,SuicideGirls: The First Tour,2005,Documentary,5.15,10,0.1201,en
77001,Viva Zapatero!,2005,Documentary,6.841,22,0.1542,it
63290,Workingman's Death,2005,Documentary,7.032,31,0.1336,en
95098,The Wind,2005,Horror,7.091,11,0.2143,es
43767,The Willow Tree,2005,Drama,6.78,25,0.1169,fa
99251,Spin,2005,Comedy|Romance|Fantasy|Crime,7.608,51,0.1395,xx
54962,Motor Home Massacre,2005,Horror|Comedy,2.909,11,0.1313,en
147241,Off Screen,2005,Fantasy|Crime|Thriller,6.5,19,0.1426,nl
247674,Necromancer,2005,Horror|Crime|Fantasy|Thriller,5.882,17,0.2377,th
203810,Meltdown,2005,Action,7.8,10,0.1627,en
164124,Sangue - La morte non esiste,2005,Drama,5.9,14,0.1556,it
43206,Pitbullterje,2005,Comedy,6.0,17,0.1094,no
957751,Flow,2005,Animation,9.7,11,0.1384,xx
419044,Trzeci,2005,Drama,5.65,10,0.1456,pl
134012,The Zero Years,2005,Drama|Science Fiction,6.368,19,0.1293,el
92842,Abducted by the Daleks,2005,Horror|Science Fiction,3.154,13,0.2031,en
36980,School Trip,2005,Drama,6.667,12,0.0941,de
71576,Buenos Aires 100 km,2005,Drama,5.583,12,0.4393,es
165268,La última noche,2005,Drama|Comedy,6.633,98,0.1612,es
60435,Blessed by Fire,2005,Drama|War,6.9,33,0.1227,es
75117,The Ball of Letters,2005,Comedy,8.1,32,0.1556,es
58809,Death by Engagement,2005,Horror|Comedy,3.85,10,0.1168,en
33241,Protocols of Zion,2005,Documentary,5.214,14,0.1157,en
116599,The Cost of Living,2005,Drama,5.85,10,0.1606,en
130184,The Face You Deserve,2005,Comedy|Fantasy,6.125,16,0.1209,pt
43628,Our Brand Is Crisis,2005,Documentary,6.4,10,0.1085,en
83337,Princess Undercover,2005,Romance,6.182,11,0.4145,de
80982,Ata Demirer: Tek Kişilik Dev Kadro,2005,Comedy,7.622,37,0.1543,tr
170403,The Reception,2005,Comedy|Romance,4.667,12,0.1338,en
164661,Torchbearer,2005,Animation|Horror|Fantasy,6.382,17,0.1019,cs
447074,He's Convict Now,2005,Comedy|Crime,5.857,14,0.1162,tr
122737,The GoodTimesKid,2005,Comedy,6.273,11,0.1276,en
188505,Persona non grata,2005,Drama,5.357,14,0.1689,pl
20137,The Real Da Vinci Code,2005,Thriller|Documentary,5.913,23,0.107,en
210736,"Peep ""TV"" Show",2005,Drama,5.7,10,0.12,ja
378384,Death on the Staircase: The Aftermath,2005,Documentary,6.9,10,0.1394,en
61715,All Babes Want To Kill Me,2005,Comedy|Romance,2.214,14,0.2135,en
50550,Maestro,2005,Animation,6.413,23,0.1086,hu
79957,4:30,2005,Drama,6.48,25,0.1977,zh
304678,The Silent Holy Stones,2005,Drama,6.0,17,0.1483,bo
146647,The Last Knit,2005,Animation,5.775,20,0.0715,nl
211328,A New Day in Old Sana'a,2005,Drama|Romance,5.25,10,0.1171,en
66188,Invisible,2005,Drama,4.364,11,0.1632,fr
35555,Unknown White Male,2005,Documentary,6.7,15,0.1805,en
77906,Kraftwerk: Minimum-Maximum,2005,Music,7.5,14,0.1973,de
252543,Eliana and the Secret of the Dolphins,2005,Action|Mystery|Family|Adventure,5.0,15,0.1233,pt
141028,Flesh for Sale,2005,Documentary,6.609,96,0.1036,es
27819,October Moon,2005,Drama|Horror|Thriller|Romance,4.958,12,0.3147,en
147256,Overtime,2005,Animation,6.909,11,0.0907,nl
319550,Rozdroże Café,2005,Crime|Drama,5.3,10,0.2165,pl
185035,Homo Father,2005,Drama,5.0,10,0.0888,pl
31855,Destined for Blues,2005,Drama|Music|History,7.352,64,0.0829,pl
202506,Phantom Limb,2005,Documentary,7.077,13,0.1601,en
7869,The Fest,2005,Unknown,7.5,10,0.1095,en
77731,La cloche a sonné,2005,Comedy,5.227,11,0.1571,fr
294467,Il mio amico Babbo Natale,2005,Family|TV Movie|Fantasy,5.6,68,0.0831,it
369613,H - Best Of,2005,Family|Comedy,7.7,13,0.1102,fr
166733,Tsiou,2005,Comedy,5.8,19,0.1336,el
50339,La Petite Jérusalem,2005,Drama,5.333,12,0.0845,fr
31073,West Bank Story,2005,Music|Comedy,6.575,20,0.1391,en
172027,One Way Boogie Woogie/27 Years Later,2005,Documentary,6.636,11,0.0738,en
144070,A View from a Hill,2005,Drama|Horror|TV Movie,7.2,13,0.1542,en
100034,The Worst Horror Movie Ever Made,2005,Horror|Comedy,2.929,14,0.1641,en
80253,Kim Cattrall: Sexual Intelligence,2005,Documentary,4.5,10,0.1947,en
99387,Hard Times,2005,Drama,5.464,14,0.0622,es
98020,Dignity of the Nobodies,2005,Documentary,7.3,10,0.1035,es
13566,The Slaughterhouse Massacre,2005,Horror,2.7,19,0.1366,en
472973,The İmam,2005,Drama,5.833,12,0.093,tr
296811,The Goal,2005,Drama,6.52,25,0.0686,en
87180,De Caunes-Garcia - Le meilleur de Nulle part ailleurs 2 ... suite et fin !,2005,Comedy,7.2,19,0.0822,fr
50602,Last Call for Mom,2005,Comedy|Drama,5.5,11,0.07,fr
176004,Flirting with Anthony,2005,Thriller,3.333,12,0.1357,en
49182,Postmortem,2005,Drama,4.909,11,0.1958,en
46692,Journey to Mars,2005,Animation|Adventure,6.25,14,0.0697,es
75306,Derren Brown: The Gathering,2005,Unknown,8.091,11,0.0997,en
79706,U-Carmen eKhayelitsha,2005,Music|Drama|Romance,6.0,11,0.0953,xh
107857,Pink Floyd London '66-'67,2005,Music|Documentary,6.813,16,0.0561,en
80072,Franck Dubosc : Romantique,2005,Comedy,6.7,33,0.2007,fr
28705,Close to Home,2005,Drama,6.088,17,0.1376,he
179715,Angel's Fall,2005,Drama,5.167,18,0.0547,tr
37705,Occupation: Dreamland,2005,Documentary|War,7.0,11,0.0622,en
21941,Lee Evans: XL Tour Live 2005,2005,Comedy,7.5,19,0.0793,en
40943,Away (A)wake,2005,Comedy|Drama|Family|Science Fiction,4.1,10,0.05,en
252948,The Raftman's Razor,2005,Drama,6.5,12,0.0461,en
595999,Godzilla: B-Roll to Film,2005,Documentary,9.1,19,0.0676,en
353051,Bikini,2005,Animation|Comedy,3.833,12,0.1795,en
537041,War,2005,Unknown,8.3,27,0.0286,en
1073780,Forest,2005,Unknown,6.0,16,0.0168,en
51685,Flesh,2005,Animation,4.5,14,0.0214,en
25902,Just Sex and Nothing Else,2005,Drama|Comedy|Romance,5.3,21,0.0138,hu
