id,title,release_year,genres,vote_average,vote_count,popularity,original_language
249397,Nymphomaniac: Vol. II,2013,Drama|Mystery,6.715,3175,104.8095,en
4258,Scary Movie 5,2013,Comedy,4.8,3041,47.0471,en
72190,World War Z,2013,Action|Horror|Science Fiction,6.835,16590,20.7938,en
106646,The Wolf of Wall Street,2013,Crime|Drama|Comedy,8.027,25946,23.2241,en
138843,The Conjuring,2013,Horror|Thriller,7.5,12724,21.1469,en
258216,Nymphomaniac: Vol. I,2013,Drama,6.852,3659,19.9777,en
68721,Iron Man 3,2013,Action|Adventure|Science Fiction,6.933,23439,19.0101,en
68726,Pacific Rim,2013,Action|Science Fiction|Adventure,6.929,13393,19.6598,en
109445,Frozen,2013,Animation|Family|Adventure|Fantasy,7.2,17580,16.8359,en
49521,Man of Steel,2013,Action|Adventure|Science Fiction,6.65,16210,15.2646,en
255709,Hope,2013,Drama,8.403,858,13.9629,ko
146233,Prisoners,2013,Drama|Thriller|Crime,8.1,13092,11.826,en
122906,About Time,2013,Drama|Romance|Fantasy,7.906,9276,12.5729,en
109418,Grown Ups 2,2013,Comedy,6.168,4694,12.5501,en
57158,The Hobbit: The Desolation of Smaug,2013,Fantasy|Adventure|Action,7.58,14212,13.6365,en
286687,Love Lesson,2013,Romance|Drama|Comedy,6.8,42,11.1386,ko
62211,Monsters University,2013,Animation|Family,7.051,11321,11.4803,en
174341,Some Velvet Morning,2013,Drama,5.836,61,10.7135,en
75656,Now You See Me,2013,Thriller|Crime,7.332,16800,10.3383,en
152601,Her,2013,Romance|Science Fiction|Drama,7.839,15307,9.0387,en
76338,Thor: The Dark World,2013,Action|Adventure|Fantasy,6.511,18336,10.3891,en
116745,The Secret Life of Walter Mitty,2013,Adventure|Comedy|Drama|Fantasy,7.225,8265,10.9407,en
93456,Despicable Me 2,2013,Animation|Comedy|Family,6.946,12001,10.376,en
110415,Snowpiercer,2013,Action|Science Fiction|Drama,6.9,10429,8.7944,ko
81005,Jack the Giant Slayer,2013,Fantasy|Action|Adventure|Drama,5.889,5237,8.9935,en
49047,Gravity,2013,Science Fiction|Thriller|Drama,7.169,16350,8.2838,en
49519,The Croods,2013,Animation|Adventure|Family|Comedy,6.9,7534,8.9488,en
138832,We're the Millers,2013,Comedy|Crime,6.843,9462,8.6644,en
101299,The Hunger Games: Catching Fire,2013,Adventure|Action|Science Fiction,7.428,18455,8.8282,en
109428,Evil Dead,2013,Horror,6.605,5042,8.2969,en
117263,Olympus Has Fallen,2013,Action|Thriller,6.417,7068,8.8334,en
64686,47 Ronin,2013,Drama|Action|Fantasy,6.2,4144,7.312,en
204082,Homefront,2013,Action|Thriller,6.942,3852,7.4717,en
75612,Oblivion,2013,Action|Science Fiction|Adventure|Mystery,6.681,11523,7.7943,en
107846,Escape Plan,2013,Action|Thriller,6.723,5594,7.8346,en
139038,A Haunted House,2013,Comedy|Horror,5.948,2050,8.0613,en
193756,Lone Survivor,2013,War|Action|Drama,7.433,4753,6.2904,en
218746,Young Mother,2013,Comedy|Romance,5.0,20,6.8528,ko
96721,Rush,2013,Drama|Action,7.739,7834,6.8268,en
208036,Ramaiya Vastavaiya,2013,Romance|Action|Comedy,6.186,43,7.4706,hi
207768,I Spit on Your Grave 2,2013,Thriller|Horror|Crime,6.3,1430,6.8661,en
152584,Blue Is the Warmest Color,2013,Romance|Drama,7.1,4862,6.7384,fr
256522,Rape Zombie: Lust of the Dead 2,2013,Horror|Comedy,6.263,112,6.7862,ja
251783,Pleasure or Pain,2013,Drama|Thriller,4.812,93,6.145,en
87516,Oldboy,2013,Drama|Thriller|Mystery|Action,5.94,2132,6.6359,en
91586,Insidious: Chapter 2,2013,Horror|Thriller,6.682,4572,7.1453,en
64682,The Great Gatsby,2013,Drama|Romance,7.4,12963,6.366,en
173185,It Boy,2013,Comedy,6.498,1591,6.4937,fr
76203,12 Years a Slave,2013,Drama|History,7.931,11995,6.3781,en
138697,Don Jon,2013,Romance|Comedy|Drama,6.014,4580,5.9702,en
109439,The Hangover Part III,2013,Comedy,6.21,9241,6.7969,en
165213,New World,2013,Thriller|Crime|Drama,7.423,543,5.8437,ko
72559,G.I. Joe: Retaliation,2013,Action|Science Fiction|Adventure|Thriller,5.651,5762,6.6683,en
116711,Epic,2013,Animation|Adventure|Family|Fantasy,6.6,2936,6.1587,en
192558,Aashiqui 2,2013,Drama|Romance,6.84,188,6.3825,hi
158015,The Purge,2013,Science Fiction|Horror|Thriller,6.25,8851,5.8345,en
54138,Star Trek Into Darkness,2013,Action|Adventure|Science Fiction,7.322,9668,6.2033,en
87818,Movie 43,2013,Comedy,4.655,2505,5.6748,en
68728,Oz the Great and Powerful,2013,Fantasy|Adventure|Family,5.936,6810,4.8296,en
170657,Journey to the West: Conquering the Demons,2013,Action|Fantasy|Adventure|Comedy,6.9,444,5.6595,zh
170657,Journey to the West: Conquering the Demons,2013,Action|Fantasy|Adventure|Comedy,6.9,444,5.6595,zh
77950,Turbo,2013,Animation|Family,6.3,3675,7.2475,en
109414,This Is the End,2013,Action|Comedy,6.235,6845,6.0319,en
206324,Bhaag Milkha Bhaag,2013,History|Drama,7.502,279,5.3785,hi
87421,Riddick,2013,Science Fiction|Action|Thriller,6.342,4414,5.3316,en
111190,Adoration,2013,Drama,6.111,1036,5.6299,en
117251,White House Down,2013,Action|Drama|Thriller,6.47,5102,5.3134,en
222267,An Accidental Soldier,2013,Drama|War|TV Movie,5.7,11,4.9643,en
68724,Elysium,2013,Science Fiction|Action|Drama|Thriller,6.522,9587,6.0811,en
235704,Commitment,2013,Action|Thriller|Drama,7.2,138,4.402,ko
109451,Cloudy with a Chance of Meatballs 2,2013,Animation|Family|Comedy,6.452,3476,5.2604,en
82654,Warm Bodies,2013,Horror|Comedy|Romance,6.473,6382,4.4146,en
126963,Dragon Ball Z: Battle of Gods,2013,Animation|Action|Science Fiction,6.832,1651,5.5651,ja
168672,American Hustle,2013,Drama|Crime,6.856,7750,4.442,en
136795,The Heat,2013,Action|Comedy|Crime,6.592,4173,5.4022,en
146216,RED 2,2013,Action|Comedy|Crime|Thriller,6.5,4322,4.9821,en
60304,Hansel & Gretel: Witch Hunters,2013,Fantasy|Horror|Action,6.101,7106,5.6907,en
132232,Mama,2013,Horror,6.296,4421,4.7072,en
136400,2 Guns,2013,Action|Comedy|Crime,6.54,4506,4.7917,en
119283,Parker,2013,Action|Crime,6.087,3273,4.4695,en
103731,Mud,2013,Drama,7.057,3063,6.2451,en
205022,Chennai Express,2013,Romance|Comedy|Action,6.52,381,4.5943,hi
151960,Planes,2013,Animation|Family|Adventure|Comedy,5.931,1828,4.1419,en
149870,The Wind Rises,2013,Animation|Drama|History|Romance,7.791,3372,4.2015,ja
166666,3096 Days,2013,Drama,7.38,1000,5.9695,de
77805,Lovelace,2013,Drama,6.038,756,3.9788,en
77931,The Smurfs 2,2013,Fantasy|Family|Comedy|Animation,5.8,2365,4.3583,en
184314,Young & Beautiful,2013,Drama,6.509,1326,4.5836,fr
44977,Dhoom 3,2013,Action|Crime,6.015,309,4.2868,hi
171424,The Green Inferno,2013,Adventure|Horror,5.747,1588,3.9621,en
112205,The Family,2013,Crime|Comedy|Action,6.367,3120,3.5738,en
76617,Texas Chainsaw 3D,2013,Horror|Thriller,5.5,1818,4.9126,en
178809,The Colony,2013,Action|Science Fiction|Thriller,5.468,1253,4.1254,en
231164,Sweet Whip,2013,Drama|Crime,5.9,30,3.9689,ja
152532,Dallas Buyers Club,2013,Drama|History,7.913,9090,4.2925,en
76640,The Last Stand,2013,Action|Crime|Thriller,6.085,2981,4.1568,en
123553,The Mortal Instruments: City of Bones,2013,Fantasy|Action|Mystery,6.427,4646,4.8829,en
149871,The Tale of The Princess Kaguya,2013,Animation|Drama|Fantasy,8.093,1990,3.8881,ja
218726,Doraemon: Nobita's Secret Gadget Museum,2013,Adventure|Family|Animation|Comedy|Fantasy|Science Fiction,6.48,50,3.4027,ja
97367,The Place Beyond the Pines,2013,Drama|Crime,6.982,5198,4.2482,en
134374,Pain & Gain,2013,Comedy|Crime|Action,6.289,4811,4.4202,en
158011,The Call,2013,Crime|Thriller,6.796,3074,4.024,en
57201,The Lone Ranger,2013,Action|Adventure|Western,6.124,6158,4.0672,en
185008,Yeh Jawaani Hai Deewani,2013,Romance|Comedy,7.298,300,3.392,hi
167032,Curse of Chucky,2013,Horror|Thriller,5.948,1712,3.5981,en
129139,The To Do List,2013,Comedy|Romance,5.771,1093,3.9309,en
107985,The World's End,2013,Comedy|Action|Science Fiction,6.81,5888,3.9222,en
49524,R.I.P.D.,2013,Fantasy|Action|Comedy,5.858,4291,4.9118,en
133805,Carrie,2013,Drama|Horror,6.051,4731,3.7967,en
76285,Percy Jackson: Sea of Monsters,2013,Adventure|Family|Fantasy,6.028,5368,3.7409,en
153158,Underdogs,2013,Animation|Adventure|Romance,7.024,561,3.8644,es
156717,Death Race: Inferno,2013,Action|Science Fiction|Thriller,5.9,833,3.6301,en
47964,A Good Day to Die Hard,2013,Action|Thriller,5.3,6756,4.0135,en
80274,Ender's Game,2013,Science Fiction|Action|Adventure,6.593,6254,3.6207,en
200085,The Flu,2013,Action|Science Fiction|Thriller,7.514,1278,4.521,ko
112949,Safe Haven,2013,Romance|Thriller,7.232,2426,3.6716,en
134411,Snitch,2013,Action|Drama|Thriller,6.123,2487,3.4491,en
180894,Ninja: Shadow of a Tear,2013,Action|Crime|Thriller,6.693,426,4.0978,en
72710,The Host,2013,Action|Adventure|Science Fiction,6.285,4083,4.3471,en
82700,After Earth,2013,Science Fiction|Action|Adventure,5.182,6871,5.3125,en
109431,Identity Thief,2013,Comedy|Crime,5.851,3513,4.5167,en
106747,Machete Kills,2013,Action|Crime|Thriller,5.6,2041,3.3911,en
270698,I'm a Porn Star,2013,Documentary|Comedy,5.9,23,3.9851,en
132363,The Butler,2013,Drama,7.328,3032,3.2318,en
124459,The Incredible Burt Wonderstone,2013,Comedy,5.748,1539,3.2304,en
169881,The Physician,2013,Adventure|Drama|History,7.334,1184,4.2297,en
149509,Horns,2013,Drama|Fantasy|Thriller,6.297,2436,3.5428,en
136418,Hummingbird,2013,Action|Thriller,6.175,1868,3.3576,en
198375,The Garden of Words,2013,Animation|Drama|Romance,7.6,2236,3.8635,ja
228805,Detective Conan: Private Eye in the Distant Sea,2013,Animation|Action|Drama,6.634,131,3.1084,ja
203833,The Book Thief,2013,Drama,7.49,4526,3.1088,en
137093,Last Vegas,2013,Comedy,6.4,2272,3.5566,en
142061,Batman: The Dark Knight Returns  Part 2,2013,Science Fiction|Action|Animation|Mystery,7.917,1601,3.3104,en
98357,Broken City,2013,Thriller|Crime|Drama,5.956,1580,3.2186,en
82682,Gangster Squad,2013,Crime|Drama|Action|Thriller,6.383,4250,3.5452,en
130150,Labor Day,2013,Drama|Romance|Thriller,7.06,1341,3.6411,en
183011,Justice League: The Flashpoint Paradox,2013,Animation|Action|Science Fiction,7.884,1972,4.0333,en
157386,The Spectacular Now,2013,Comedy|Drama|Romance,6.679,3016,3.059,en
109410,42,2013,Drama,7.2,1957,3.2506,en
122081,Spring Breakers,2013,Drama|Crime,5.257,4036,3.6111,en
179826,Odd Thomas,2013,Mystery|Thriller,6.9,1460,3.3155,en
212153,Persona3 THE MOVIE #1 Spring of Birth,2013,Animation|Fantasy|Adventure,7.2,70,3.435,ja
109091,The Counselor,2013,Thriller|Crime|Drama,5.291,1994,3.7524,en
85889,Filth,2013,Crime|Drama|Comedy,6.84,1910,3.2363,en
109491,Beautiful Creatures,2013,Fantasy|Drama|Romance,6.039,2944,3.3991,en
239529,Lupin the Third vs. Detective Conan: The Movie,2013,Animation|Action|Thriller,6.879,182,3.3857,ja
145135,Dark Skies,2013,Science Fiction|Thriller|Horror,6.3,1939,4.1689,en
44865,The Grandmaster,2013,Action|Drama|History,6.6,984,2.8756,zh
144288,Berserk: The Golden Age Arc III - The Advent,2013,Animation|Action|Adventure|Drama|Fantasy,7.6,407,3.1827,ja
59859,Kick-Ass 2,2013,Action|Adventure|Crime,6.4,6587,3.2619,en
239523,Hunter x Hunter: The Last Mission,2013,Adventure|Animation|Action|Fantasy,6.927,213,3.2084,ja
152742,The Best Offer,2013,Drama|Romance|Crime,7.811,3075,3.0663,it
132344,Before Midnight,2013,Romance|Drama,7.497,2706,3.2325,en
83899,You're Next,2013,Horror|Thriller|Mystery,6.606,2681,3.407,en
227679,Pokémon the Movie: Genesect and the Legend Awakened,2013,Action|Adventure|Animation|Family,6.3,168,3.8008,ja
174772,Europa Report,2013,Science Fiction|Thriller,6.289,1540,2.5847,en
204553,Cold Eyes,2013,Crime|Action|Thriller,7.5,378,3.135,ko
110552,The Protector 2,2013,Action,6.2,311,3.3794,th
209262,Parkland,2013,History|Drama,6.251,391,3.1052,en
217666,Hardcore Comedy,2013,Comedy,3.727,11,1.8473,cn
129670,Nebraska,2013,Drama|Adventure,7.453,1913,3.1067,en
212162,Puella Magi Madoka Magica the Movie Part III: Rebellion,2013,Mystery|Animation|Fantasy,7.756,203,2.7353,ja
235984,Goliyon Ki Raasleela Ram-Leela,2013,Drama|Romance,6.973,201,2.6444,hi
175574,Free Birds,2013,Animation|Comedy|Family,5.884,852,3.4344,en
109443,Anchorman 2: The Legend Continues,2013,Comedy,6.148,2816,2.9327,en
226074,Pleasure Spa,2013,Comedy|Drama|Romance,4.7,16,2.7298,en
177945,Like Father  Like Son,2013,Drama,7.701,800,3.5345,ja
111969,Stuck in Love,2013,Drama|Comedy|Romance,7.374,2012,2.8867,en
109421,Side Effects,2013,Thriller|Crime|Drama,6.614,3313,2.3873,en
216919,Deseo,2013,Drama,6.5,270,3.2578,es
158445,Miracle in Cell No. 7,2013,Drama|Comedy,7.89,495,2.8706,ko
258456,Nobody's Home,2013,Drama,6.2,12,2.7759,tr
86829,Inside Llewyn Davis,2013,Drama|Music,7.182,2929,3.1756,en
189715,Jan Dara: The Finale,2013,Drama|Romance,5.654,26,2.9971,th
187022,A Touch of Sin,2013,Crime|Drama,7.2,384,2.3922,zh
211755,Hunter x Hunter: Phantom Rouge,2013,Animation|Adventure|Fantasy|Action,7.041,220,2.884,ja
199584,Secretly  Greatly,2013,Action|Drama|Comedy,6.988,215,2.3957,ko
115782,Jobs,2013,Drama|History,6.13,2610,2.5032,en
195757,The Ultimate Life,2013,Drama|Romance,6.898,93,2.8676,en
121986,Frances Ha,2013,Comedy|Drama,7.331,1818,3.2613,en
199373,The Frozen Ground,2013,Thriller|Crime,6.278,1593,2.3006,en
152603,Only Lovers Left Alive,2013,Drama|Romance|Fantasy,7.2,2400,2.237,en
205321,Sharknado,2013,Action|Comedy|Horror|Science Fiction|TV Movie,3.9,1693,3.703,en
68179,Escape from Planet Earth,2013,Animation|Comedy|Adventure|Family|Science Fiction,5.777,822,2.3942,en
91745,Romeo & Juliet,2013,Romance|Drama,6.7,585,2.6095,en
246196,Rape Zombie: Lust of the Dead 3,2013,Horror|Comedy,6.226,104,2.2691,ja
146578,The Package,2013,Action,5.2,142,2.5937,en
266782,The Improv: 50 Years Behind the Brick Wall,2013,Comedy|Documentary,6.8,14,1.4964,en
161143,Madly Madagascar,2013,Animation|Comedy|Family,6.5,249,2.4115,en
304941,Boonie Bears: Homeward Journey,2013,Comedy|Animation|Adventure,6.9,15,2.8203,zh
227339,Roses  Kisses and Death,2013,Crime,6.1,19,2.7352,sv
164457,Out of the Furnace,2013,Thriller|Drama|Crime,6.565,2129,2.6138,en
175774,Ruby Red,2013,Fantasy|Drama|Romance,6.941,1154,2.9293,de
178682,The Wizards Return: Alex vs. Alex,2013,Family|Comedy|TV Movie|Fantasy,7.846,1078,2.9783,en
177888,Teen Beach Movie,2013,Family|Music|TV Movie|Comedy|Fantasy,6.899,955,2.3434,en
107811,21 & Over,2013,Comedy,5.815,1608,2.4482,en
179144,The Great Beauty,2013,Drama,7.512,3323,2.3371,it
212716,What If,2013,Drama|Comedy|Romance,6.739,2075,3.1661,en
225745,Steins;Gate: The Movie - Load Region of Déjà Vu,2013,Science Fiction|Animation|Drama,7.6,395,3.0055,ja
219572,Police Story: Lockdown,2013,Action|Crime|Drama,6.217,419,2.3997,zh
147773,The Way Way Back,2013,Comedy|Drama,7.139,1937,2.3162,en
199534,Wolf Creek 2,2013,Horror|Thriller,6.4,719,2.3705,en
160588,Blue Jasmine,2013,Drama,6.979,3659,3.1902,en
191121,Raanjhanaa,2013,Drama|Romance,6.631,164,2.031,hi
68727,Trance,2013,Thriller|Crime|Mystery,6.6,2351,2.0962,en
159117,V/H/S/2,2013,Horror|Thriller,6.2,1181,2.0718,en
115348,Paranoia,2013,Drama|Thriller,5.723,910,2.2249,en
233639,Windstorm,2013,Adventure|Family,7.35,301,2.2097,de
210911,Rigor Mortis,2013,Horror|Action|Drama,6.1,202,2.498,cn
227700,Anna,2013,Thriller|Drama,6.481,718,3.2822,en
64807,Grudge Match,2013,Comedy,6.103,1365,2.3907,en
150202,The Haunting in Connecticut 2: Ghosts of Georgia,2013,Horror|Drama|Thriller,5.813,559,2.2463,en
200112,Puppylove,2013,Romance|Drama,5.716,51,2.1087,fr
233112,The White Storm,2013,Drama|Action|Thriller,6.5,112,2.033,cn
152792,Devil's Knot,2013,Crime|Drama|Thriller,6.176,717,2.8715,en
245917,Gintama: The Final Chapter - Be Forever Yorozuya,2013,Action|Animation|Science Fiction,8.0,147,2.124,ja
252511,The Kingdom of Dreams and Madness,2013,Documentary,7.553,190,1.7421,ja
152747,All Is Lost,2013,Action|Adventure|Drama,6.646,1755,1.9264,en
232078,Triple Crossed,2013,Mystery,4.226,31,2.1107,en
209440,The Empty Hours,2013,Romance|Drama,6.673,49,2.1089,es
146239,Delivery Man,2013,Comedy,6.255,1589,2.2122,en
169209,Empire State,2013,Action|Drama,5.408,737,2.449,en
240206,Touchless,2013,Drama,3.6,14,2.4661,cs
178172,Hello  My Dolly Girlfriend,2013,Drama|Romance,5.5,49,2.3895,ja
215743,Moebius,2013,Drama,6.6,261,1.9623,ko
77951,Walking with Dinosaurs,2013,Animation|Family|Adventure,6.215,519,2.1689,en
212156,The Garden of Sinners: Future Gospel,2013,Animation|Science Fiction,7.3,74,2.1725,ja
157354,Fruitvale Station,2013,Drama,7.363,1433,3.2208,en
184219,Pee Mak,2013,Comedy|Romance|Horror,7.2,137,1.8645,th
255882,Wish Taxi,2013,Drama,4.1,10,1.9534,ko
169934,Iron Man: Rise of Technovore,2013,Science Fiction|Animation|Action,6.164,230,2.3902,ja
172391,Khumba,2013,Animation|Adventure|Family,6.011,268,2.1654,en
242452,The Attorney,2013,History|Drama,7.8,223,2.0069,ko
202220,Badges of Fury,2013,Comedy|Action|Crime,5.378,156,3.0164,zh
212167,Patema Inverted,2013,Animation|Science Fiction|Adventure|Drama,7.371,469,1.6697,ja
86825,Stoker,2013,Drama|Horror|Thriller,6.641,2412,2.4588,en
214722,Pretty Cure All Stars New Stage 2: Friends from the Heart,2013,Animation|Action|Fantasy|Comedy|Adventure|Family,6.042,12,1.8663,ja
192577,Space Pirate Captain Harlock,2013,Animation|Science Fiction,6.62,1090,1.884,ja
102362,Dead Man Down,2013,Thriller|Action|Crime|Drama,6.161,1558,1.8224,en
255413,anohana: The Flower We Saw That Day - The Movie,2013,Animation|Drama,7.492,193,2.0417,ja
191714,The Lunchbox,2013,Drama|Romance,7.374,807,3.1717,hi
168903,Barbie in the Pink Shoes,2013,Animation|Family,6.9,401,2.3534,en
152737,August: Osage County,2013,Comedy|Drama,6.859,1592,2.3214,en
127517,Disconnect,2013,Drama|Thriller,7.066,1221,2.9791,en
222230,Angélique,2013,Adventure|Romance,6.492,127,1.7272,fr
119675,Behind the Candelabra,2013,Drama|Romance,6.59,829,1.7984,en
313106,Doctor Who: The Day of the Doctor,2013,Science Fiction|Adventure,8.2,771,2.2338,en
174783,Two Mothers,2013,Drama,5.1,26,1.8475,de
162903,The Fifth Estate,2013,Drama|Thriller,6.015,1082,1.877,en
217923,Young Detective Dee: Rise of the Sea Dragon,2013,Action|Crime|Fantasy|Adventure,6.291,296,2.1437,zh
172803,Hours,2013,Drama|Thriller,6.593,792,2.4105,en
209504,Bounty Killer,2013,Action|Science Fiction,5.658,224,2.6477,en
205601,Belle,2013,Drama,7.085,726,2.5202,en
230222,Tarzan,2013,Animation|Action|Adventure|Family,5.7,622,1.9535,en
162215,How I Live Now,2013,Drama|Romance|Science Fiction,6.623,943,1.8975,en
204435,Krrish 3,2013,Action|Science Fiction,5.673,199,1.8468,hi
212161,Code Geass: Akito the Exiled 2: The Wyvern Divided,2013,Action|Animation|Science Fiction,6.279,68,1.868,ja
169813,Short Term 12,2013,Drama,7.755,1411,2.2608,en
152599,The Immigrant,2013,Drama|Romance,6.3,876,2.1467,en
121606,Resolution,2013,Horror|Thriller|Mystery,6.358,462,2.6831,en
174321,The English Teacher,2013,Comedy|Drama|Romance,5.544,374,1.8256,en
96599,Eden,2013,Thriller|Drama|Crime,6.498,232,3.1379,en
78383,Nurse 3-D,2013,Horror|Thriller,5.4,511,2.2847,en
157841,The Young and Prodigious T.S. Spivet,2013,Adventure|Drama|Family,6.877,892,1.9637,en
140823,Saving Mr. Banks,2013,Comedy|Drama|History,7.339,3497,1.9885,en
172631,Family Weekend,2013,Comedy|Drama,6.325,228,1.5499,en
158884,A Teacher,2013,Drama,4.57,100,1.947,en
97051,Would You Rather,2013,Thriller|Horror,5.974,1014,1.9975,en
77663,Killing Season,2013,Action|Thriller,5.537,1036,2.0445,en
214910,Hwayi: A Monster Boy,2013,Action|Thriller|Crime,7.424,256,1.4945,ko
133790,Clear History,2013,Comedy|TV Movie,6.089,355,2.017,en
186992,Stranger by the Lake,2013,Drama|Thriller,6.3,468,1.7764,fr
238010,Friend: The Great Legacy,2013,Drama|Action|Crime,6.588,34,1.8886,ko
205724,Welcome to the Jungle,2013,Comedy,5.0,454,2.037,en
164558,One Direction: This Is Us,2013,Documentary|Music,8.217,1068,1.9609,en
102780,Byzantium,2013,Drama|Fantasy|Thriller,6.287,963,2.3756,en
201550,Life of a King,2013,Drama,7.224,210,1.9908,en
231001,All Hallows' Eve,2013,Horror,5.7,661,1.9857,en
146238,Runner Runner,2013,Crime|Thriller|Drama,5.629,1321,1.8072,en
149910,Super Buddies,2013,Family|Comedy,6.013,149,1.695,en
174188,Rapture-Palooza,2013,Comedy|Fantasy|Horror,5.2,274,1.8976,en
126277,American Mary,2013,Horror|Thriller,6.283,598,1.806,en
199753,Tom and Jerry's Giant Adventure,2013,Animation|Comedy|Family|Fantasy,5.9,84,2.1208,en
140870,Minuscule: Valley of the Lost Ants,2013,Animation|Adventure|Family,7.0,478,1.9669,fr
240913,Non-Stop,2013,TV Movie|Drama|Mystery|Thriller,5.8,36,1.8405,en
159100,Kink,2013,Documentary,5.202,42,2.9946,en
211954,Instructions Not Included,2013,Comedy|Drama,7.7,956,1.7503,es
211387,Marvel One-Shot: Agent Carter,2013,Adventure|Action|Science Fiction,7.245,874,1.8389,en
167581,Free Fall,2013,Drama|Romance,7.655,837,1.5444,de
97006,Temptation: Confessions of a Marriage Counselor,2013,Drama,6.674,193,1.8623,en
242454,The Suspect,2013,Action|Thriller,6.911,208,2.1613,ko
204342,HK: Forbidden Super Hero,2013,Action|Comedy,6.232,192,1.9041,ja
118289,Diana,2013,Drama|Romance,5.591,509,1.5641,en
192136,Mandela: Long Walk to Freedom,2013,Drama|History,6.877,574,1.8347,en
214217,Heart of a Lion,2013,Drama,6.6,76,2.4102,fi
242565,Zyuden Sentai Kyoryuger the Movie:  Gaburincho of Music,2013,Action|Adventure|Science Fiction|Music|Fantasy,6.583,12,1.7047,ja
225086,Aura: Koga Maryuin's Last War,2013,Animation|Comedy|Drama|Fantasy|Romance,6.6,51,1.7247,ja
183662,Crush,2013,Thriller,5.966,371,1.6651,en
259300,009-1: The End of the Beginning,2013,Action|Science Fiction|Crime|Drama,5.885,52,1.7694,ja
152780,The Past,2013,Drama|Mystery,7.242,618,1.6734,fr
208134,Jackass Presents: Bad Grandpa,2013,Comedy,6.2,1685,1.7526,en
209964,Porno,2013,Drama,5.9,38,2.7655,tl
271954,Water and Fire,2013,Drama|Romance,7.87,184,2.0877,tr
196254,Barbie Mariposa & the Fairy Princess,2013,Animation|Family|Fantasy,6.93,336,1.651,en
249424,Pokémon: Mewtwo - Prologue to Awakening,2013,Animation|Adventure|Family|Science Fiction,6.806,18,1.7149,ja
190847,The Last Days on Mars,2013,Science Fiction|Thriller|Horror,5.508,915,1.5214,en
218381,Extraction,2013,Action,4.84,53,2.7525,en
96936,The Bling Ring,2013,Drama|Crime,5.4,3147,1.8407,en
220176,The Face Reader,2013,Drama|History,7.0,104,1.7491,ko
219818,Varuthapadatha Valibar Sangam,2013,Romance|Comedy,6.3,25,1.6712,ta
174077,Us,2013,Drama,4.5,28,1.4351,sv
233063,Suck Me Shakespeer,2013,Comedy,7.008,1765,1.5049,de
182131,Little Witch Academia,2013,Action|Animation|Comedy|Fantasy,7.142,183,1.321,ja
209263,Enough Said,2013,Comedy|Drama|Romance,6.7,914,1.4023,en
127560,The Railway Man,2013,Drama|History,6.838,783,1.6518,en
157370,Kill Your Darlings,2013,Drama|Romance|Thriller,7.016,1415,1.8646,en
166076,Superman: Unbound,2013,Animation|Action|Adventure|Science Fiction,6.601,459,2.7812,en
209247,The Art of the Steal,2013,Comedy|Crime,6.174,617,1.6489,en
158916,Sweetwater,2013,Western|Thriller,6.093,210,1.5515,en
209361,One Chance,2013,Drama|Comedy|Music,6.7,319,1.4132,en
184125,Assault on Wall Street,2013,Drama|Thriller|Action,5.911,503,1.6476,en
190955,Blood Ties,2013,Thriller|Crime|Drama,6.138,507,2.5158,en
242959,Door to the Night,2013,Romance|Mystery,4.583,18,1.5275,ko
242546,Bayonetta: Bloody Fate,2013,Animation|Action|Fantasy,6.88,125,1.7595,ja
327749,Wish You Well,2013,Family|Drama,6.279,34,0.9794,en
180948,Vehicle 19,2013,Thriller|Action,5.38,529,1.5589,en
185567,Zulu,2013,Crime|Drama|Thriller,6.688,520,2.7539,en
77987,Only God Forgives,2013,Drama|Thriller|Crime,5.818,2587,1.6418,en
146223,Closed Circuit,2013,Mystery|Drama|Crime|Thriller,5.912,496,2.0005,en
163786,Crayon Shin-chan: Very Tasty! B-class Gourmet Survival!!,2013,Animation,7.333,36,1.7747,ja
111479,CBGB,2013,Drama|Music,6.335,200,1.4974,en
109729,The Canyons,2013,Thriller|Drama,4.4,281,1.9763,en
254712,D@bbe: The Possession,2013,Horror|Thriller|Fantasy,6.306,85,1.4069,tr
202575,The House of Magic,2013,Family|Fantasy|Animation|Adventure,6.3,373,1.9107,en
156965,Concussion,2013,Drama,5.2,112,1.7673,en
145247,The 100 Year-Old Man Who Climbed Out the Window and Disappeared,2013,Adventure|Comedy|Drama,6.819,1016,1.9386,sv
239530,Magical Sisters Yoyo & Nene,2013,Animation|Fantasy|Adventure,6.7,29,1.3398,ja
160704,The Berlin File,2013,Action|Thriller|Crime,6.7,226,1.6818,ko
175528,Baggage Claim,2013,Romance|Comedy,5.27,215,3.054,en
157834,The Zero Theorem,2013,Drama|Fantasy|Science Fiction,6.083,1336,1.5016,en
214553,Love  Chunibyo & Other Delusions! Rikka Version,2013,Comedy|Animation|Drama|Romance,7.228,90,1.5199,ja
219250,A Certain Magical Index: The Miracle of Endymion,2013,Animation|Action|Comedy|Fantasy|Science Fiction|Music,6.986,72,1.5422,ja
156700,The Kings of Summer,2013,Comedy|Drama,6.968,1231,1.8592,en
199327,Gagarin: First in Space,2013,Drama|History,6.262,149,1.315,ru
76544,Man of Tai Chi,2013,Action|Drama,6.099,992,1.893,en
213015,Unbeatable,2013,Drama|Action,6.9,101,2.3404,cn
156708,Afternoon Delight,2013,Comedy|Drama,5.8,233,1.7068,en
180900,Shield of Straw,2013,Thriller|Crime,6.4,117,1.2721,ja
222216,Special ID,2013,Drama|Action|Crime,5.964,181,1.8879,cn
167575,Hatchet III,2013,Horror|Thriller|Comedy|Action,5.677,385,1.855,en
199420,Pawn Shop Chronicles,2013,Action|Comedy,5.784,262,1.4558,en
192911,Monster High: Scaris City of Frights,2013,Animation|Fantasy,7.829,152,1.3712,en
93828,Welcome to the Punch,2013,Action|Adventure|Crime,5.881,700,1.5498,en
209274,Ida,2013,Drama,7.216,1064,1.6194,pl
193722,R100,2013,Comedy|Drama,5.723,103,1.6187,ja
244114,Firestorm,2013,Action|Thriller|Crime,6.11,123,1.916,zh
212168,Ghost in the Shell: Arise - Border 2: Ghost Whispers,2013,Action|Animation|Science Fiction|Thriller,7.0,159,1.5356,ja
199591,Penthouse North,2013,Thriller|Drama,5.755,194,2.8759,en
245538,One Piece Episode of Merry: The Tale of One More Friend,2013,Action|Animation|Adventure|Comedy|Fantasy|TV Movie,7.11,59,1.5559,ja
195276,Montage,2013,Thriller|Drama|Crime|Mystery,7.3,205,1.4274,ko
214030,Fading Gigolo,2013,Comedy,5.812,615,1.7139,en
284019,Phineas and Ferb: Mission Marvel,2013,Animation|Family|Comedy|TV Movie|Action|Adventure|Science Fiction,6.573,192,1.7564,en
208277,Wetlands,2013,Drama|Comedy,5.324,318,1.7435,de
172533,Drinking Buddies,2013,Romance|Drama|Comedy,5.948,872,1.7659,en
76170,The Wolverine,2013,Action|Science Fiction|Adventure,6.434,10299,1.7408,en
253279,The Trials of Cate McCall,2013,Drama,6.358,310,1.7799,en
156711,Austenland,2013,Comedy|Romance,6.4,483,1.9281,en
145197,Upstream Color,2013,Drama|Science Fiction,6.338,808,1.3658,en
157351,The Truth About Emanuel,2013,Drama|Thriller,5.954,296,1.3447,en
109099,Passion,2013,Thriller|Drama|Crime|Mystery,5.247,450,1.3092,en
111473,The Invisible Woman,2013,Drama|History|Romance,5.948,212,1.4006,en
158907,Breathe In,2013,Drama,5.91,333,1.8015,en
214597,Fright Night 2: New Blood,2013,Horror|Comedy,5.04,335,1.6018,en
198287,After the Dark,2013,Drama|Fantasy|Science Fiction|Thriller,6.005,732,1.4338,en
205220,Philomena,2013,Drama,7.346,1719,1.2852,en
201676,My Little Pony: Equestria Girls,2013,Animation|Comedy|Family|Fantasy|Music,7.45,301,2.0956,en
87567,The Big Wedding,2013,Comedy,5.837,1222,1.6217,en
227859,The Book of Daniel,2013,Drama|History,7.0,71,1.5418,en
169219,The Dyatlov Pass Incident,2013,Thriller|Mystery,5.94,733,1.4206,en
248503,The Girl in the Sun,2013,Drama|Romance|Fantasy,6.8,30,1.3222,ja
165904,Special 26,2013,Crime|Drama|Thriller,7.309,222,1.355,hi
104755,The Lords of Salem,2013,Horror|Thriller,5.443,926,1.3616,en
184724,Dirty Teacher,2013,Thriller|TV Movie|Mystery|Drama,5.866,56,1.2605,en
150117,I Give It a Year,2013,Comedy|Romance,5.527,795,1.6376,en
209403,Bad Words,2013,Comedy,6.4,902,2.3513,en
152259,Phantom,2013,Thriller,5.867,347,1.2471,en
209244,Are You Here,2013,Comedy,5.1,301,1.2405,en
174675,The Machine,2013,Science Fiction|Thriller,5.9,865,1.5304,en
209764,The Terror Live,2013,Crime|Drama|Thriller,7.167,278,1.3613,ko
179111,A Field in England,2013,Horror|Thriller|Fantasy,6.2,290,1.3826,en
159008,Inequality for All,2013,Documentary,7.508,123,1.3146,en
161327,Young and Dangerous: Reloaded,2013,Thriller|Crime|Action,4.2,15,1.3659,cn
234701,Princess Sakura,2013,Romance,4.8,24,1.2074,ja
209251,Cannibal,2013,Drama|Thriller,5.7,114,2.3636,es
196024,The Keeper of Lost Causes,2013,Thriller|Mystery|Crime,7.033,833,1.5533,da
214096,Lucky Them,2013,Drama,6.006,89,1.4648,en
220845,The Smurfs: The Legend of Smurfy Hollow,2013,Animation|Comedy|Family|Fantasy,6.816,114,1.7001,en
123109,No One Lives,2013,Horror|Thriller,5.996,692,1.5766,en
249153,The Wrong Woman,2013,Thriller|Crime|TV Movie,5.5,24,1.6751,en
268092,Transformers Prime: Beast Hunters - Predacons Rising,2013,Action|Animation|Science Fiction|TV Movie,7.985,137,1.3279,en
252520,Short Peace,2013,Animation,6.424,73,1.4885,ja
164331,Spiders,2013,Science Fiction|Thriller,4.4,182,1.3606,en
216156,Still Life,2013,Drama,7.464,404,2.5847,en
205891,The Demented,2013,Horror,4.472,177,1.3866,en
60281,To the Wonder,2013,Drama|Romance,5.8,541,1.3271,en
225747,Vendetta,2013,Action|Thriller,5.891,78,2.0024,en
207769,Banshee Chapter,2013,Horror|Thriller,5.589,309,1.6652,en
248087,The Eternal Zero,2013,War|Drama|Action|Mystery,7.0,72,1.6165,ja
206408,Chinese Puzzle,2013,Comedy|Drama|Romance,6.577,731,1.3566,fr
121677,The Reluctant Fundamentalist,2013,Thriller,6.588,238,1.2235,en
212470,Monster High: 13 Wishes,2013,Family|Fantasy|Animation,7.746,187,1.5051,en
203696,Scooby-Doo! Stage Fright,2013,Family|Adventure|Animation|Comedy|Mystery,7.555,235,1.9736,en
44749,Race 2,2013,Action|Thriller,5.443,123,1.1573,hi
112200,Thanks for Sharing,2013,Comedy|Drama,5.97,592,1.3631,en
254672,The Wrath of Vajra,2013,Fantasy|Action|Horror,5.448,58,1.3382,cn
146203,The Last Exorcism Part II,2013,Horror|Thriller,4.689,602,1.6529,en
252529,Another Me,2013,Thriller|Mystery|Horror|Drama,5.381,261,2.1058,en
192134,Dom Hemingway,2013,Comedy|Crime|Drama,5.836,544,1.3845,en
230767,Hiccups,2013,Animation|Family|Comedy,5.985,66,1.3444,en
158999,Blackfish,2013,Documentary,7.8,1188,1.5063,en
75761,John Dies at the End,2013,Horror|Comedy,6.269,727,1.3385,en
240629,The Class of ‘92,2013,Documentary,7.1,112,1.4348,en
84191,The End of Love,2013,Drama|Romance,6.1,38,1.1633,en
249043,Holiday Road Trip,2013,TV Movie|Comedy|Romance,5.2,16,1.1202,en
194523,Blind Detective,2013,Action|Crime|Comedy|Mystery|Thriller,6.2,138,1.2864,cn
199139,Fukrey,2013,Comedy|Drama|Romance,6.487,75,1.2513,hi
180147,We Are the Nobles,2013,Comedy,7.966,542,1.4546,es
160068,Gloria,2013,Comedy|Drama,6.6,202,2.0718,es
135309,Lake Placid: The Final Chapter,2013,Horror|Science Fiction,5.1,206,1.5657,en
243238,The Fire Rises: The Creation and Impact of The Dark Knight Trilogy,2013,Documentary,6.8,27,1.1993,en
195269,12 Rounds 2: Reloaded,2013,Action|Adventure|Thriller,5.639,306,1.5918,en
244339,Out of Inferno,2013,Action|Drama|Thriller,5.991,55,2.0649,cn
239459,No Half Measures: Creating the Final Season of Breaking Bad,2013,Documentary,8.395,124,1.4153,en
87436,The ABCs of Death,2013,Horror,4.955,632,1.4847,en
221737,RoboCroc,2013,Horror|Fantasy|Science Fiction,4.5,51,2.464,en
172721,End of the World,2013,Science Fiction|Action|Comedy|Adventure,4.7,62,1.328,en
215881,Plush,2013,Thriller,5.487,114,1.2222,en
228064,Abducted,2013,Science Fiction|Thriller,5.0,23,1.4123,en
41602,Charlie Countryman,2013,Action|Comedy|Drama|Romance|Thriller,6.4,651,1.2525,en
215830,Open Grave,2013,Horror|Thriller|Mystery,5.981,770,1.4924,en
152795,The Congress,2013,Drama|Science Fiction|Animation,6.424,578,2.3502,en
278079,Rescue Me!,2013,Comedy|Animation|Fantasy|Drama,5.2,12,1.5421,ja
251749,The Four 2,2013,Action|Fantasy,6.803,61,1.1698,zh
168676,Company of Heroes,2013,Action|Drama|War,5.078,172,1.337,en
197919,A Haunting at Silver Falls,2013,Horror|Thriller,4.7,79,1.3149,en
222832,Tales from the Dark 2,2013,Horror,6.25,16,1.1932,cn
191735,Singam 2,2013,Action|Comedy|Crime,5.814,59,1.6558,ta
182954,Naayak,2013,Action|Drama,4.896,24,2.4796,te
218329,Breakout,2013,Action|Thriller,4.3,82,1.0799,en
197082,Venus in Fur,2013,Drama,7.2,751,1.1014,fr
232175,Gimme Shelter,2013,Drama,6.6,252,2.0978,en
165739,Pawn,2013,Crime|Thriller,5.526,195,1.2351,en
169758,The Stranger Within,2013,Thriller|Mystery,4.4,47,1.0629,en
167733,Vamp U,2013,Action|Comedy|Horror,4.639,83,1.4919,en
227094,The Returned,2013,Horror|Thriller|Drama,6.007,226,1.6498,en
146381,Justin and the Knights of Valour,2013,Animation|Adventure,5.901,332,1.5222,en
227707,The Adventurer: The Curse of the Midas Box,2013,Fantasy|Adventure|Family,5.72,250,1.6754,en
244610,The Den,2013,Horror|Thriller|Mystery,6.086,383,1.3083,en
234567,Get a Horse!,2013,Animation|Family|Comedy,7.6,271,1.1815,en
146227,Getaway,2013,Action|Crime,5.0,665,1.3077,en
238589,Enemies Closer,2013,Thriller|Action,5.399,199,1.3268,en
191562,Go Goa Gone,2013,Comedy|Horror,5.874,127,2.144,hi
180314,Salinger,2013,Documentary,6.377,69,2.2994,en
187662,Tokyo Family,2013,Drama,7.3,73,1.0841,ja
244049,Drishyam,2013,Thriller|Crime|Drama,7.5,222,1.3208,ml
159092,Hell Baby,2013,Comedy|Horror,5.132,243,1.1666,en
154381,A Wonderful Moment,2013,Music|Drama,7.1,10,1.9618,ko
225145,Gatchaman,2013,Action|Adventure|Science Fiction,5.8,23,1.2598,ja
238359,Kick Ass Girls,2013,Action,5.625,16,1.9217,cn
199926,The Mole Song: Undercover Agent Reiji,2013,Action|Comedy|Crime,6.26,50,1.3472,ja
211052,Miss Violence,2013,Drama,6.904,597,1.3067,el
157058,30 Nights of Paranormal Activity With the Devil Inside the Girl With the Dragon Tattoo,2013,Comedy,4.0,129,1.3489,en
270482,Dokidoki! Pretty Cure the Movie: Memories for the Future,2013,Animation|Action|Fantasy|Comedy|Adventure|Family,6.8,11,1.1003,ja
144340,Admission,2013,Comedy|Drama|Romance,5.61,647,1.4077,en
166271,Haunter,2013,Horror|Mystery|Thriller,6.1,645,1.2813,en
91739,Much Ado About Nothing,2013,Comedy,6.797,286,1.3214,en
210047,Cold Comes the Night,2013,Crime|Drama|Thriller,5.458,263,1.1221,en
166624,Treading Water,2013,Drama|Comedy,5.2,19,2.229,en
257527,Sadako 3D 2,2013,Horror,4.733,60,1.1157,ja
170178,K-11,2013,Drama,5.494,77,1.2424,en
251735,Make Me Shudder,2013,Comedy|Horror,5.3,23,0.9306,th
221434,Greatful Dead,2013,Comedy|Drama|Horror|Thriller,5.989,44,1.0074,ja
198556,Main Krishna Hoon,2013,Animation|Family,6.053,113,0.8718,hi
188761,The German Doctor,2013,Drama|Thriller|History,6.5,169,1.0658,es
198436,Antboy,2013,Comedy|Adventure|Family,5.6,148,1.2319,da
158426,Collision,2013,Action|Thriller|Romance,5.7,106,1.1307,en
180688,Deep Dark Canyon,2013,Action|Drama|Thriller,6.1,37,1.0207,en
255873,Vacance,2013,Thriller|Family,5.0,12,1.0803,ko
230896,Iron Man & Hulk: Heroes United,2013,Action|Adventure|Animation|Family,5.952,219,1.3744,en
172828,Bad Milo!,2013,Comedy|Horror,5.7,258,2.1584,en
168399,Pioneer,2013,Thriller,5.9,103,1.3143,no
230726,No Breathing,2013,Drama|Romance,6.6,43,1.2533,ko
314387,Scooby-Doo! Mecha Mutt Menace,2013,Family|Comedy|Mystery|Animation,8.5,78,1.2679,en
187541,Call Me Crazy: A Five Film,2013,Drama,7.0,45,1.0107,en
132342,The Liberator,2013,Drama|History,6.855,159,1.0981,es
220820,Blood of Redemption,2013,Drama|Action|Thriller|Crime,4.582,55,1.1186,en
167466,Propaganda,2013,Documentary,8.0,27,1.9868,en
221518,The Spy: Undercover Operation,2013,Action|Comedy,6.0,31,1.116,ko
269492,Reckless,2013,Drama,6.2,21,2.3599,no
257874,Beneath,2013,Horror,5.4,177,2.0831,en
34684,Montana Amazon,2013,Drama|Adventure|Comedy,6.8,15,1.0417,en
264048,A Patriotic Man,2013,Comedy|Drama,5.5,20,1.4802,fi
181009,Saving General Yang,2013,Action|Adventure|History,6.355,107,1.2731,zh
282848,Doctor Who: The Time of the Doctor,2013,Drama|Science Fiction|TV Movie,8.1,313,1.415,en
269437,Pixie Hollow Bake Off,2013,Animation|Comedy,6.878,49,1.1248,en
222461,Wer,2013,Horror|Mystery|Thriller,6.374,461,1.037,en
215776,Madras Cafe,2013,Thriller|Drama|Action,6.615,126,2.0853,hi
174733,Metro,2013,Action|Thriller,6.683,371,1.1705,ru
235407,A Peephole,2013,Animation|Romance|TV Movie,5.28,25,1.2876,ja
199570,The Turning,2013,Drama,5.7,33,1.332,en
157360,In a World...,2013,Comedy,6.3,564,1.2426,en
222724,Crystal Lake Memories: The Complete History of Friday the 13th,2013,Documentary,7.858,109,1.04,en
235343,Kamen Rider × Super Sentai × Space Sheriff: Super Hero Wars Z,2013,Action|Adventure|Science Fiction,5.8,13,1.1483,ja
248688,A Night in Old Mexico,2013,Drama,5.477,88,1.2496,en
95383,$ellebrity,2013,Documentary,5.8,24,0.9792,en
367412,Whiplash,2013,Drama|Music,7.793,409,1.1798,en
215383,Nasha,2013,Drama|Romance|Thriller,4.1,10,1.1175,hi
221791,Garage Sale Mystery,2013,Crime|Mystery|TV Movie,6.053,66,1.1015,en
140818,Ragnarok,2013,Action|Adventure,5.7,240,1.7011,no
171581,The Marine 3: Homefront,2013,Action,6.17,221,1.3936,en
200462,Hansel & Gretel,2013,Horror,4.654,143,1.9055,en
310578,Alien Rising,2013,Thriller|Science Fiction|Action,3.833,12,1.421,en
193613,Metallica: Through the Never,2013,Music,6.78,314,1.4311,en
345466,Istintobrass,2013,Documentary,5.3,10,1.2037,en
191720,Jodorowsky's Dune,2013,Documentary,7.828,761,1.1554,en
200145,A Story of Yonosuke,2013,Drama|Romance|Comedy,7.18,75,1.245,ja
70706,Very Good Girls,2013,Drama,5.793,455,1.2425,en
204690,Intimate Parts,2013,Drama|Romance,4.3,30,1.1088,ru
164443,The Makeover,2013,Comedy,5.575,80,2.1075,en
186971,Age of Uprising: The Legend of Michael Kohlhaas,2013,Drama|History,5.892,232,1.5089,fr
223578,Local Legends,2013,Comedy|Music,8.273,11,1.0959,en
229979,Necessary Evil: Super-Villains of DC Comics,2013,Documentary,6.8,71,1.017,en
245597,Steal My Heart,2013,Comedy|Romance,6.7,39,0.9065,ko
196761,Hal,2013,Animation|Romance,6.953,127,1.1212,ja
241375,7 Assassins,2013,Drama|Action|Thriller|History,5.214,14,0.9168,zh
226208,The Liar and His Lover,2013,Music|Romance,7.6,76,1.0087,ja
158870,Newlyweeds,2013,Comedy|Drama,4.2,11,1.2929,en
242682,The Naughty List,2013,Family|Animation|Comedy|Adventure,8.429,21,1.1433,en
231474,The Hunters,2013,Adventure,5.63,355,1.209,en
109417,Battle of the Year,2013,Music|Drama,6.782,357,1.0188,en
87499,The East,2013,Drama|Thriller,6.546,861,1.1332,en
204046,The Informant,2013,Thriller|Crime,6.194,93,1.1988,fr
230274,Midnight Stallion,2013,Family|Drama,4.9,27,1.5552,en
174316,A Case of You,2013,Comedy|Romance,5.555,320,1.1739,en
178862,Aroused,2013,Documentary,5.838,37,1.0152,en
210024,An Adventure in Space and Time,2013,Drama,7.681,214,1.1754,en
229756,Hanasaku Iroha the Movie: Home Sweet Home,2013,Animation|Drama|Comedy,6.267,43,0.9706,ja
196798,Long Weekend,2013,Horror|Thriller,4.9,30,1.2149,th
188183,Finding Mr. Right,2013,Comedy|Romance,6.4,118,1.1424,zh
205048,Oggy and the Cockroaches: The Movie,2013,Animation|Comedy|Family,7.1,69,1.2865,fr
218898,Zanjeer,2013,Action|Crime|Drama,4.429,35,0.9631,hi
244401,Sexual Tension: Violetas,2013,Drama|Romance|Comedy,6.1,88,1.0781,es
196750,Ghost in the Shell: Arise - Border 1: Ghost Pain,2013,Action|Animation|Crime|Science Fiction,7.022,232,1.2133,ja
237490,Marriage Blue,2013,Romance|Comedy,6.115,13,1.1894,ko
160139,Night Train to Lisbon,2013,Mystery|Romance|Thriller,6.506,435,1.1827,en
216867,The Painting Pool,2013,Drama,7.3,22,1.2329,fa
269136,RoomMate,2013,Thriller|Horror,5.8,22,1.0865,ja
236242,The Five,2013,Thriller|Drama,6.4,44,1.1382,ko
212756,Stay,2013,Drama,4.881,21,1.8836,en
242458,Way Back Home,2013,Drama,7.6,63,1.1292,ko
220286,Grand Piano,2013,Thriller|Mystery,5.958,545,0.9231,en
160075,Nobody's Daughter Haewon,2013,Drama,6.5,61,0.9294,ko
212769,Make Your Move,2013,Music,5.782,87,1.2161,en
208621,Tales from the Dark 1,2013,Horror,5.625,24,1.0402,cn
77234,The Numbers Station,2013,Action|Thriller,5.507,592,1.0086,en
124461,A Glimpse Inside the Mind of Charles Swan III,2013,Comedy|Drama,4.2,105,1.1387,en
113148,Prince Avalanche,2013,Comedy|Drama,6.1,336,1.5838,en
106337,Free Samples,2013,Comedy,5.6,43,1.0437,en
115283,A.C.O.D.,2013,Comedy,5.477,282,0.9788,en
184608,Saint☆Young Men,2013,Animation|Comedy,7.716,97,1.2153,ja
127373,What Maisie Knew,2013,Drama,7.1,448,1.0362,en
257327,The After-Dinner Mysteries,2013,Drama|Mystery,5.9,12,1.0477,ja
192623,White Frog,2013,Drama,5.8,51,1.2143,en
141819,Unforgiven,2013,Action|Crime|Drama|Western,6.987,78,1.3291,ja
100544,Officer Down,2013,Crime|Drama,5.25,132,1.0094,en
93394,Elevator,2013,Thriller|Horror,4.956,125,1.019,en
217471,Medeas,2013,Drama,5.7,24,2.0883,en
210913,Blood Glacier,2013,Horror,5.747,176,1.5128,de
291163,Roseville,2013,Mystery|Thriller|Horror,5.618,34,1.3297,bg
210408,Aşk Kırmızı,2013,Drama|Romance,3.7,17,1.0454,tr
160768,Jimmy P.,2013,Drama,6.035,128,2.0539,en
210498,SDU: Sex Duties Unit,2013,Comedy,6.3,67,1.1818,cn
195300,The Chef  The Actor  The Scoundrel,2013,Comedy|Action,6.389,54,1.1457,zh
180679,Sexy Evil Genius,2013,Comedy|Drama|Mystery,5.894,108,0.8557,en
207052,Mr. Go,2013,Drama|Comedy,6.6,53,0.9133,ko
231088,Channeling,2013,Science Fiction|Action,5.3,17,1.9226,en
186919,Death Billiards,2013,Animation|Drama|Mystery,7.25,126,0.912,ja
248694,Truth,2013,Thriller|Crime,5.1,31,1.9449,en
229839,Grave Halloween,2013,TV Movie|Horror|Science Fiction,4.5,65,1.8342,en
173153,Phil Spector,2013,Drama|TV Movie|Crime|History|Music,5.671,143,1.0585,en
199661,Josephine,2013,Romance|Comedy,5.855,296,2.0106,fr
249059,Santa Switch,2013,Comedy|Family|TV Movie,5.2,13,1.1155,en
198062,Coffee Town,2013,Comedy,6.4,107,2.2001,en
292257,Monster of the Nudist Colony,2013,Comedy,4.2,10,1.0147,en
152756,Paradise,2013,Comedy|Drama,4.9,59,1.4761,en
217128,This Magic Moment,2013,Comedy,5.5,24,0.9838,en
234256,Blinder,2013,Drama|Romance,4.8,13,1.3791,en
204882,The Grief Tourist,2013,Thriller|Drama,4.7,31,1.109,en
260176,Southern Baptist Sissies,2013,Drama,6.5,14,0.7789,en
174376,The Moment,2013,Thriller,4.5,19,2.098,en
238811,No Man's Land,2013,Crime|Drama|Thriller|Western,6.9,102,0.8819,zh
219318,The Volcano,2013,Comedy,5.591,683,1.0491,fr
210708,It's Me It's Me,2013,Comedy|Drama|Science Fiction,6.367,15,1.9546,ja
187462,Robosapien: Rebooted,2013,Adventure|Family|Science Fiction,5.4,62,0.9045,en
204275,Balupu,2013,Action|Comedy,5.889,18,0.8327,te
209232,Dampfnudelblues,2013,Comedy|Crime,6.815,151,0.8878,de
235093,Killing Kennedy,2013,Drama,5.776,78,1.3263,en
224303,Restless Virgins,2013,Drama|TV Movie,5.6,39,0.9794,en
207883,I'm in Love with a Church Girl,2013,Drama|Romance,5.9,84,0.9667,en
172716,An Ethics Lesson,2013,Thriller|Drama,6.0,20,0.9154,ko
197033,Geography Club,2013,Comedy|Drama|Romance,6.2,159,0.8766,en
187925,Step Dogs,2013,Comedy|Family,5.4,25,1.0246,en
225330,Gone Missing,2013,Drama|Mystery|Thriller|TV Movie,5.6,34,1.9163,en
139519,Magic Magic,2013,Thriller,5.129,221,2.3084,en
193689,Boomerang Family,2013,Drama|Comedy,6.8,14,0.91,ko
175291,Cheap Thrills,2013,Comedy|Crime|Thriller,6.4,450,0.8335,en
159932,A Single Shot,2013,Drama|Crime|Thriller,5.677,266,1.025,en
245928,Lupin the Third: Princess of the Breeze,2013,Action|Animation|Comedy|TV Movie|Crime|Adventure,6.652,23,1.1062,ja
177699,Alan Partridge: Alpha Papa,2013,Comedy,6.629,494,1.1351,en
286387,Scooby-Doo! and the Spooky Scarecrow,2013,Animation|Family|Mystery|Comedy,8.3,92,1.1956,en
202616,Thalaivaa,2013,Action|Drama|Thriller,5.518,55,0.983,ta
238478,Six by Sondheim,2013,Documentary|Music,7.1,28,0.9714,en
377909,Pokémon: Eevee & Friends,2013,Animation,7.0,11,0.9805,ja
209049,Tiny Times,2013,Drama|Romance|Comedy,4.5,69,1.2152,zh
206260,The Rooftop,2013,Action|Comedy|Drama|Music,5.6,37,0.809,zh
121831,Love  Marilyn,2013,Documentary,6.577,71,1.0885,en
224237,Dreamland,2013,Drama,5.4,15,1.072,de
234356,The Fifth Wheel,2013,Comedy|Drama|History,6.5,109,1.0111,it
189204,Lovestruck: The Musical,2013,Comedy|Fantasy|Romance|Music|TV Movie,6.542,154,1.0524,en
246205,Control,2013,Crime|Mystery|Thriller|Science Fiction,5.3,30,1.6961,zh
264245,Lion Heart,2013,Drama|Thriller,5.8,11,1.004,ar
182228,100 Degrees Below Zero,2013,Action|Science Fiction,4.2,136,1.1302,en
266775,Sofia the First: The Floating Palace,2013,Animation|TV Movie|Adventure,7.149,94,0.9651,en
128158,The Patience Stone,2013,Drama|War,7.026,115,1.4974,fr
229173,The Tale of Iya,2013,Drama|Fantasy|Mystery,6.9,26,0.7098,ja
158875,Pit Stop,2013,Drama,5.9,36,1.9232,en
229296,Justin Bieber's Believe,2013,Documentary|Music,6.957,208,0.9606,en
381696,Shrek the Musical,2013,Comedy|Fantasy|Family|Romance|Adventure,7.091,138,1.0991,en
82992,Fast & Furious 6,2013,Action|Thriller|Crime,6.816,11176,1.3564,en
170689,Möbius,2013,Drama|Thriller,5.7,249,0.9274,fr
191718,You and the Night,2013,Romance|Drama|Comedy|Fantasy,5.9,71,0.8791,fr
163008,Deadly Descent,2013,Fantasy|Horror,3.2,24,2.0593,en
209189,Life of Crime,2013,Comedy|Crime,5.741,429,1.0047,en
120802,Noobz,2013,Comedy|Adventure,5.78,50,0.8971,en
158908,The Inevitable Defeat of Mister & Pete,2013,Drama,7.132,87,0.9033,en
204260,Killer Toon,2013,Horror|Thriller,6.693,101,1.0168,ko
152748,Ain't Them Bodies Saints,2013,Crime|Drama|Romance|Western,6.099,459,0.857,en
166660,Jurassic Attack,2013,Action|Science Fiction,4.5,65,1.3306,en
146304,The Best Man Holiday,2013,Comedy,6.505,282,1.2792,en
227793,Rough Play,2013,Drama,6.9,29,0.8595,ko
214979,The Profane Exhibit,2013,Horror,3.5,10,1.0036,en
200823,Fonzy,2013,Comedy,5.3,236,1.245,fr
255692,Ice Soldiers,2013,Action|Science Fiction,4.958,106,1.3852,en
184992,A Five Star Life,2013,Romance|Drama,5.7,136,1.4253,it
235919,Galileo XX,2013,TV Movie|Mystery,7.3,22,0.8096,ja
217896,Suddenly,2013,Thriller,4.1,58,0.8948,en
212762,Second Chances,2013,Drama|TV Movie|Romance,6.2,46,1.7653,en
197936,Bright Days Ahead,2013,Drama|Romance,6.0,78,0.8801,fr
182827,The Great Passage,2013,Drama,7.2,61,0.899,ja
228933,Drones,2013,Thriller,4.652,33,2.0106,en
236368,Song'e Napule,2013,Comedy|Crime,6.6,135,0.7622,it
238628,Tangerines,2013,Drama|War,7.69,601,0.8343,et
198130,Pop Redemption,2013,Comedy,5.84,128,0.8136,fr
193717,The Gifted Hands,2013,Mystery,6.036,56,0.9506,ko
199702,Pleasure,2013,Comedy|Drama,4.9,22,1.0042,sv
209406,The Right Kind of Wrong,2013,Romance|Comedy,5.835,215,0.9388,en
266985,Ask This of Rikyu,2013,Drama|History|Romance,7.25,16,0.9148,ja
224339,Onaayum Aattukkuttiyum,2013,Crime|Mystery|Thriller|Action,7.3,20,1.0347,ta
212721,Gerontophilia,2013,Romance|Comedy,6.0,87,0.9559,en
196830,Stranded,2013,Horror|Science Fiction,3.713,157,0.9576,en
231627,Stalkers,2013,Drama|Crime|Mystery|TV Movie,4.038,13,2.0789,en
250280,Trespassing Bergman,2013,Documentary|History,6.621,29,1.5953,en
192538,Hammer of the Gods,2013,History|Action|Adventure,4.407,167,1.0114,en
217341,Rewind,2013,Science Fiction|TV Movie,5.543,47,0.963,en
199556,Absolute Deception,2013,Action,5.113,84,2.2998,en
191421,So Young,2013,Romance|Drama,6.228,114,1.0533,zh
82123,Rasputin,2013,History|TV Movie,4.837,46,0.8906,fr
280892,Bunks,2013,TV Movie|Comedy|Horror,6.246,120,0.8683,en
213574,Invasion Roswell,2013,Science Fiction|Action,3.5,25,0.9575,en
214209,Hide and Seek,2013,Thriller|Mystery,6.562,105,1.115,ko
257598,Legend of the Red Reaper,2013,Action|Adventure|Fantasy|Romance,3.156,16,1.1251,en
158914,The Look of Love,2013,Comedy|Drama,5.6,128,0.9907,en
243919,Personal Tailor,2013,Comedy|Drama,4.889,54,1.2308,zh
175541,Black Nativity,2013,Music|Drama,5.192,65,1.9721,en
134350,Why Don't You Play in Hell?,2013,Drama|Action|Comedy,7.4,319,1.1834,ja
160124,A Long and Happy Life,2013,Drama,4.8,17,0.967,ru
199578,Patrick,2013,Horror|Science Fiction|Thriller,5.0,181,0.9282,en
228426,Jellyfish Eyes,2013,Science Fiction|Animation|Comedy|Fantasy|Drama,5.136,22,0.8819,ja
238302,Saving Santa,2013,Animation|Comedy|Family,5.184,106,0.9745,en
173205,Girl Rising,2013,Documentary,7.041,49,2.0807,en
257131,Friended to Death,2013,Comedy,4.9,11,0.9648,en
196241,Les Misérables: The History of the World's Greatest Story,2013,Documentary,7.692,13,0.9804,en
228339,Little England,2013,Drama|Romance,7.156,64,0.8733,el
216541,Ambushed,2013,Action|Crime|Drama,3.957,46,1.4173,en
219980,Notes from Dad,2013,TV Movie|Family|Romance,5.7,14,0.7941,en
231082,Gingerdead Man vs. Evil Bong,2013,Comedy|Horror,3.8,28,1.0345,en
201749,Mr. Morgan's Last Love,2013,Drama|Comedy,6.604,323,0.9783,en
194722,At Middleton,2013,Romance|Comedy,6.259,197,1.1072,en
174682,Raze,2013,Horror|Thriller,5.142,179,0.9342,en
287715,Survival,2013,Horror|Action,3.5,10,1.0285,en
214081,A Promise,2013,Drama|Romance,5.665,139,0.9159,en
230217,Soof,2013,Comedy|Romance,6.0,71,1.8432,nl
196385,Switch,2013,Action|Adventure|Thriller|Crime,3.5,45,0.8462,zh
174344,Whitewash,2013,Drama|Thriller,5.869,42,1.87,en
222715,Someone's Gaze,2013,Animation|Drama|Science Fiction,7.077,155,0.9049,ja
155518,Annayum Rasoolum,2013,Drama|Romance,7.5,29,1.1012,ml
225666,Cult,2013,Horror|Fantasy,6.1,61,0.7672,ja
266873,Pet Peeve,2013,Horror,5.7,15,1.0417,ja
180651,Fists of Legend,2013,Action|Drama,7.079,57,1.2553,ko
221184,Ryo,2013,Animation,6.75,16,0.9092,ja
252738,Oshin,2013,Drama,6.6,24,0.9991,ja
161321,The Power of Few,2013,Crime|Drama,5.268,82,1.0007,en
183836,The Brats,2013,Comedy,6.044,552,1.9918,fr
229113,The Kiyosu Conference,2013,Comedy|Drama,7.0,26,0.6694,ja
191619,Beneath,2013,Horror,3.684,136,1.6347,en
174343,Trust Me,2013,Comedy|Drama,5.8,79,0.8747,en
698916,Naruto OVA 11: Sunny Side Battle,2013,Action|Animation|Comedy,7.675,57,1.0156,ja
186747,Ek Thi Daayan,2013,Horror|Romance|Thriller,5.014,36,0.9157,hi
240907,Defending Santa,2013,Comedy|Family|TV Movie,6.4,29,1.5559,en
196325,American Dreams in China,2013,Drama,6.855,124,1.1971,zh
171337,Siberian Education,2013,Drama|Crime,6.797,560,0.8943,en
176570,Shadow People,2013,Horror|Thriller,5.045,101,0.7418,en
104329,Last Passenger,2013,Action|Thriller|Mystery,5.579,170,1.1769,en
226673,Pororo: The Racing Adventure,2013,Animation,5.4,11,0.8584,ko
181095,The Appearing,2013,Horror|Mystery|Thriller,3.6,42,0.9947,en
151933,Dead in Tombstone,2013,Western|Action|Fantasy|Horror|Drama,4.988,205,0.955,en
165864,Hansel and Gretel Get Baked,2013,Horror|Comedy,5.1,231,0.8919,en
199782,Springsteen & I,2013,Documentary|Music,7.3,29,0.8288,en
297676,Hakuouki: Wild Dance of Kyoto,2013,Action|Animation|Drama|Romance,6.0,18,0.8753,ja
240046,Baby Sellers,2013,Crime|Drama|TV Movie,6.6,22,1.9006,en
229408,Training Wheels,2013,Animation|Comedy|Family,7.0,195,0.9788,en
229407,Puppy,2013,Animation|Family|Comedy|Science Fiction,7.23,241,0.9903,en
157375,The Lifeguard,2013,Drama|Comedy|Romance,5.421,299,1.1947,en
141733,Cottage Country,2013,Action|Comedy|Crime|Romance|Thriller|Horror,5.36,172,1.1201,en
170039,Killing Lincoln,2013,Documentary|Drama,5.912,57,1.0228,en
216539,Ghost Shark,2013,Horror|Science Fiction,5.0,159,0.9951,en
180405,Our Girl,2013,Drama|TV Movie|War,6.6,36,0.7575,en
194194,Viva Belarus!,2013,Drama,5.1,10,0.9223,pl
91101,Crave,2013,Drama|Thriller,4.4,32,0.9378,en
240906,Let It Snow,2013,Drama|Romance|Family|TV Movie,6.5,67,0.7357,en
199415,200 Cartas,2013,Romance|Comedy,6.2,11,1.086,es
181647,Man on the Edge,2013,Comedy|Crime,6.667,18,0.9684,ko
170353,Roa,2013,Drama,6.354,24,1.3017,es
264227,Stripped,2013,Horror|Thriller|Comedy,3.743,35,0.8835,en
213762,Pullipulikalum Aattinkuttiyum,2013,Comedy|Family,5.2,14,1.0324,ml
201018,Fanny,2013,Drama,6.8,95,0.7242,fr
194872,Running Man,2013,Action|Adventure|Comedy|Thriller,6.372,47,0.9617,ko
179538,Witching & Bitching,2013,Comedy|Horror,6.372,690,0.8913,es
191805,Maryan,2013,Action|Thriller,6.2,32,1.1085,ta
145668,Butcher Boys,2013,Horror|Action|Comedy|Thriller,4.5,62,1.081,en
412555,Young Style,2013,Comedy|Romance|Drama,6.5,20,0.9927,zh
238407,Aningaaq,2013,Drama,6.628,94,1.838,en
174309,Teenage,2013,Documentary,6.21,31,0.7339,en
447158,The Wolverine: Path of a Ronin,2013,Documentary,6.963,27,0.9903,en
186970,Grigris,2013,Drama|Crime,5.9,19,0.8633,fr
214091,The Last of Robin Hood,2013,Drama|Romance|TV Movie,5.598,61,0.8113,en
216440,Paraíso,2013,Romance,5.2,29,1.8477,es
166822,Big Ass Spider!,2013,Science Fiction,5.578,277,1.0476,en
273404,I'll Follow You Down,2013,Science Fiction|Drama|Mystery,6.021,192,0.9771,en
161040,David,2013,Action|Crime|Drama|Romance|Comedy,5.881,21,0.9505,ta
221510,Dear Dumb Diary,2013,Family|TV Movie|Music,6.486,36,0.6781,en
242033,Scorned,2013,Thriller|Horror|Mystery,4.7,59,0.8492,en
237303,Home,2013,Drama,6.909,11,0.997,en
239056,Hairbrained,2013,Comedy|Fantasy,5.4,70,0.9726,en
220709,Venice 70: Future Reloaded,2013,Drama|Documentary,5.1,19,0.9331,it
250902,The Image Revolution,2013,Documentary,7.0,17,0.6912,en
286744,SPEC: Close Reincarnation,2013,Comedy|Mystery,7.2,18,0.6753,ja
185460,Willow Creek,2013,Horror|Mystery|Thriller,5.112,345,0.9899,en
221029,Thomas & Friends: King of the Railway,2013,Animation|Family,5.7,17,1.0243,en
257194,The Sinking of Van Der Wijck,2013,Drama|Romance,7.591,11,1.0509,id
157820,Mood Indigo,2013,Drama|Fantasy,6.133,653,0.922,fr
161491,Northwest,2013,Action|Crime|Drama,6.4,69,1.7917,da
196032,Easy Money III: Life Deluxe,2013,Crime|Drama|Thriller,6.2,104,0.9414,sv
182873,Green Street 3: Never Back Down,2013,Action|Drama,5.415,165,0.8366,en
210908,All Cheerleaders Die,2013,Horror|Thriller|Comedy,5.2,413,0.906,en
251385,Arve Rezzle: Mechanized Fairies,2013,Action|Science Fiction|Drama|Thriller|Mystery|Animation,5.5,12,0.8143,ja
238677,In My End Is My Beginning,2013,Drama,4.3,16,0.9194,ko
229878,Blood and Ties,2013,Thriller|Drama,6.4,48,1.0349,ko
231298,Pandiya Naadu,2013,Action,6.2,18,0.9753,ta
168114,Murder 3,2013,Thriller|Drama|Mystery,3.714,28,0.7716,hi
169020,Vive la France,2013,Comedy,5.2,391,0.9258,fr
256051,Curious George: A Halloween Boo Fest,2013,Family|Animation,7.136,77,0.9906,en
215968,Kadal Kadannu Oru Maathukutty,2013,Comedy|Drama,5.5,11,0.8439,ml
199788,Omnivores,2013,Horror|Thriller,5.2,37,1.6985,es
252990,Chariot,2013,Thriller|Drama,5.358,67,1.9844,en
221427,Detective Downs,2013,Comedy|Crime,5.7,10,1.8405,no
185474,Paranormal Movie,2013,Comedy|Horror,3.379,33,0.9586,en
193645,Seduced and Abandoned,2013,Documentary,6.19,50,0.7468,en
159014,20 Feet from Stardom,2013,Documentary|Music,7.178,261,1.0175,en
133476,The Weight,2013,Drama,5.4,17,0.6579,ko
168138,The Last Days,2013,Science Fiction|Adventure|Thriller,6.025,379,1.0708,es
133441,The Summit,2013,Adventure|Documentary|Drama,6.8,103,0.7916,en
186988,Honey,2013,Drama,6.6,69,0.803,it
227366,GARO and the Wailing Dragon,2013,Action|Adventure|Fantasy,6.917,12,0.872,ja
171688,Aftermath,2013,Thriller|Crime,5.115,13,1.7277,en
253987,The Garden of Sinners: Future Gospel - Extra Chorus,2013,Animation|Science Fiction|Fantasy|Drama,7.0,40,0.8572,ja
223476,Backwater,2013,Drama,6.071,28,0.8644,ja
153738,Frankenstein's Army,2013,Action|Horror,6.1,290,0.9812,en
174311,All Is Bright,2013,Comedy|Drama,5.388,134,0.8071,en
179267,Jay and Silent Bob's Super Groovy Cartoon Movie,2013,Comedy|Animation,5.006,87,0.8471,en
159128,We Are What We Are,2013,Drama|Horror|Thriller,5.764,588,0.8526,en
256120,Colette,2013,Drama|History|Romance,6.4,32,1.005,cs
240820,Christmas in Conway,2013,Drama|Romance|TV Movie,5.8,53,1.1224,en
190940,Bombay Talkies,2013,Drama|Romance,6.35,60,0.8724,hi
126856,Crack  Back & Sack,2013,Comedy|Drama,5.656,32,1.0326,no
225975,The Verdict,2013,Crime|Drama|Thriller,6.8,55,1.775,nl
190880,Me  Myself and Mum,2013,Comedy,6.6,699,0.8955,fr
223944,Anything Is Possible,2013,Family|Drama|Music,6.0,19,0.7163,en
240614,R... Rajkumar,2013,Action|Romance,6.155,103,1.0422,hi
200725,Highland Park,2013,Comedy|Drama,5.6,15,0.7237,en
286737,SPEC: Close~Incarnation,2013,Crime|Mystery|Fantasy,7.3,19,0.8374,ja
198200,Jodi Arias: Dirty Little Secret,2013,Drama|Romance|TV Movie,6.02,49,1.3515,en
264238,Longing Nights,2013,Drama,3.8,14,0.7611,en
381920,Touching the Skin of Eeriness,2013,Drama|Mystery,5.9,14,0.7161,ja
241958,Prisoners of the Sun,2013,Mystery|Action|Adventure|Horror,3.932,73,0.8488,en
158990,Wrong Cops,2013,Crime|Comedy,6.1,329,0.8272,en
220488,My Lucky Star,2013,Comedy|Romance,4.7,15,0.8846,zh
214139,The Dinner,2013,Drama|Thriller,5.4,37,0.9749,nl
228560,Fasten Your Seatbelt,2013,Comedy,5.5,13,0.7724,ko
191824,Rushlights,2013,Crime|Drama|Romance,4.8,32,0.8539,en
176079,The Wait,2013,Drama,4.2,21,0.6075,en
217919,Salomé,2013,Drama,6.2,49,0.9754,en
231622,The Mystery Cruise,2013,TV Movie|Mystery,5.7,11,0.889,en
172106,Jappeloup,2013,Drama,7.067,397,1.0276,fr
447249,House of Anubis: The Touchstone of Ra,2013,Drama|Fantasy|Family|Mystery,7.714,49,0.7527,en
156713,C.O.G.,2013,Comedy|Drama,5.5,94,0.7896,en
228355,Boss,2013,Action|Comedy|Drama,5.591,88,0.9982,hi
241885,Red Family,2013,Drama,6.1,16,0.7176,ko
136850,Breaking the Girls,2013,Crime|Thriller,5.384,108,0.6754,en
225877,Silent Witness,2013,Crime|Drama|Mystery,6.9,37,0.8028,cn
228558,The Harry Hill Movie,2013,Comedy|Adventure|Family,4.781,32,0.7978,en
154282,Touchy Feely,2013,Drama,4.7,84,1.8189,en
191052,The Secret Scandal,2013,Crime|Thriller,6.5,22,0.946,ko
214210,Eastern Boys,2013,Drama,6.705,127,0.7343,fr
253775,The Devil's Path,2013,Thriller|Crime,6.4,43,0.7221,ja
176124,Home Run,2013,Drama,6.198,63,0.8631,en
174326,A Birder's Guide to Everything,2013,Comedy,5.721,68,0.7231,en
167305,Kill for Me,2013,Drama|Thriller,5.676,111,0.7346,en
201066,Goodbye World,2013,Drama|Comedy,5.4,157,0.6733,en
254918,Louder Than Words,2013,Drama,5.7,42,0.9053,en
189150,How to Use Guys with Secret Tips,2013,Comedy|Romance,6.4,27,0.7993,ko
201847,Compulsion,2013,Thriller|Drama,4.4,97,0.7333,en
176068,+1,2013,Thriller|Science Fiction,5.3,280,0.83,en
244188,The Palace,2013,Drama|Romance,7.0,20,0.8442,zh
206284,Grace Unplugged,2013,Drama|Music,5.944,61,0.8327,en
180252,Very Ordinary Couple,2013,Comedy|Romance,6.0,34,0.6612,ko
194101,The Selfish Giant,2013,Drama,7.221,247,0.7872,en
242409,The Thirteenth Tale,2013,TV Movie|Drama|Mystery,6.6,70,0.9386,en
173210,Downloaded,2013,Documentary,6.495,101,0.9055,en
205015,Four Sisters and a Wedding,2013,Family|Comedy|Drama|Romance,6.816,19,0.7973,tl
246202,The Five(ish) Doctors Reboot,2013,Comedy|TV Movie,7.883,60,0.7732,en
206289,Mademoiselle C,2013,Documentary,5.6,33,0.8183,en
159667,Molly Maxwell,2013,Drama,6.6,57,0.7281,en
238466,David Blaine: Real or Magic,2013,TV Movie|Family|Documentary,6.776,87,0.9448,en
238475,Best Night Ever,2013,Comedy,4.27,98,0.7948,en
240507,Zombex,2013,Horror,2.387,31,0.7429,en
177358,Jolly LLB,2013,Comedy|Drama,7.095,142,0.6923,hi
173980,The Devil's in the Details,2013,Thriller,4.938,24,0.8665,en
219247,Zombie Night,2013,Horror,3.869,84,0.9951,en
439191,Assassination Classroom: Jump Festa 2013 Special,2013,Action|Animation|Comedy,6.2,10,0.8474,ja
206851,D-Day,2013,Action|Thriller,6.61,68,0.7425,hi
201765,Three Many Weddings,2013,Comedy,5.99,193,0.6362,es
159770,The Dirties,2013,Comedy|Drama|Crime,6.3,147,0.6817,en
238127,Detective in the Bar,2013,Comedy|Drama|Action,7.5,11,0.6924,ja
237439,SPEC: Zero,2013,TV Movie|Drama|Comedy|Mystery|Fantasy,7.864,22,0.7622,ja
171160,The Butterfly's Dream,2013,Drama|History,7.171,155,0.9587,tr
138827,Penance,2013,Drama,7.318,44,0.7607,ja
176339,Mary and Martha,2013,Drama|TV Movie,6.315,84,0.807,en
212455,House Party: Tonight's the Night,2013,Comedy,5.619,42,0.7096,en
225667,Her Husband's Betrayal,2013,Drama|Thriller|TV Movie,5.1,18,0.693,en
247849,Odnoklassniki.ru: The Magic Laptop,2013,Comedy|Romance|Fantasy,5.213,54,0.8701,ru
199278,The Ravine of Goodbye,2013,Drama,6.231,26,0.6446,ja
192133,Jimi: All Is by My Side,2013,Drama|Music,5.6,172,0.6587,en
168243,Zila Ghaziabad,2013,Action|Crime|Drama,4.0,17,0.6919,hi
206349,The Devil You Know,2013,Mystery|Thriller,4.286,35,0.8398,en
159095,In Fear,2013,Thriller,5.5,243,0.5939,en
217316,1,2013,Documentary,6.619,366,0.7915,en
189227,Soodhu Kavvum,2013,Comedy|Thriller|Crime,7.1,68,0.8803,ta
257568,Days of Wrath,2013,Action|Drama|Thriller,6.1,29,0.8486,ko
251184,Tamako in Moratorium,2013,Comedy|Drama,6.0,42,0.9636,ja
214100,Sunshine on Leith,2013,Music|Comedy|Drama,6.6,134,0.7402,en
229282,The Apology King,2013,Comedy,6.7,20,0.6611,ja
168094,Hotel Deluxe,2013,Comedy,5.8,14,0.6962,zh
173908,Sunlight Jr.,2013,Drama,5.2,79,0.7648,en
189017,Tattah,2013,Comedy,4.3,16,0.6691,ar
171759,The Lost Medallion: The Adventures of Billy Stone,2013,Adventure|Family,5.5,49,0.7276,en
199951,Quentin Tarantino: 20 Years of Filmmaking,2013,Documentary,6.7,21,0.8351,en
289007,Strippers from Another World,2013,Comedy|Science Fiction|Romance,5.9,15,0.9163,en
226360,House of Versace,2013,TV Movie,5.5,49,0.7171,en
214215,Friends from France,2013,Drama,5.4,11,0.737,en
199153,The Book of Esther,2013,TV Movie|Drama|Fantasy,5.7,24,0.7003,en
199771,Horror Stories 2,2013,Horror|Thriller,5.393,28,0.7699,ko
244088,Human Capital,2013,Drama,7.446,952,0.7689,it
186991,Grand Central,2013,Drama|Romance,5.596,141,0.7943,fr
167179,Traffic Department,2013,Drama|Crime,6.532,94,1.5014,pl
237614,Autumn Blood,2013,Drama|Thriller,5.0,42,0.6968,en
244001,Bo Burnham: What.,2013,Comedy|Music,7.815,268,0.5546,en
192813,Age of Dinosaurs,2013,Action|Science Fiction|Horror,3.9,88,0.8166,en
205224,Maruyama  the Middle Schooler,2013,Comedy|Fantasy|Drama|Family,5.3,10,0.8428,ja
166981,Chastity Bites,2013,Horror|Comedy,4.2,38,1.6773,en
191726,Ugly,2013,Thriller|Drama|Mystery|Crime,6.996,130,0.6968,hi
229703,Escape from Polygamy,2013,TV Movie|Drama,6.8,37,0.876,en
191820,The Devil's Violinist,2013,Drama,6.59,183,1.0194,en
333322,It's a Beautiful Day,2013,Horror,4.9,10,0.5905,ja
204349,Contracted,2013,Horror|Thriller,5.378,547,0.8811,en
174645,Java Heat,2013,Action|Crime|Drama|Thriller,5.239,88,0.796,en
204582,An American Girl: Saige Paints the Sky,2013,Family|TV Movie,7.074,27,0.6547,en
172785,Gus,2013,Comedy|Drama,5.2,55,0.66,en
159012,Narco Cultura,2013,Crime|Documentary,7.009,57,0.61,en
205575,Conspirators,2013,Crime|Mystery|Thriller,6.043,23,0.8675,cn
193197,Seethamma Vakitlo Sirimalle Chettu,2013,Family|Drama,6.9,39,0.6967,te
249057,Finding Christmas,2013,Family|Comedy|Romance|TV Movie,6.37,50,1.56,en
179154,Standing Up,2013,Drama,6.7,70,0.7627,en
156268,InAPPropriate Comedy,2013,Comedy,3.31,108,1.2952,en
203321,Not Another Happy Ending,2013,Romance|Comedy|Drama,5.8,131,1.0922,en
202986,The Sea,2013,Drama,5.4,15,0.7289,en
165718,Kick-Heart,2013,Animation|Comedy|Romance,6.0,58,0.7633,ja
137968,Drift,2013,Drama,5.818,143,0.7171,en
204053,The Brain Man,2013,Crime|Science Fiction|Action,6.2,50,0.7747,ja
199818,Mystery Road,2013,Thriller|Crime|Drama|Western,6.2,182,0.7263,en
211711,Tiny Times 2,2013,Drama|Comedy|Romance,4.5,47,0.7837,zh
210769,Scooby-Doo! Adventures: The Mystery Map,2013,Family|Comedy|Mystery|Animation,8.2,104,0.7261,en
209901,Nothing Left to Fear,2013,Horror,5.23,176,0.6895,en
222911,The Monkey's Paw,2013,Horror|Thriller,4.8,122,0.7332,en
218220,Meddling Mom,2013,Comedy|Romance|TV Movie,4.3,11,1.7734,en
164366,Frits and Franky,2013,Comedy,5.6,11,0.6546,nl
226672,Legendary: Tomb of the Dragon,2013,Action|Adventure|Fantasy,4.1,82,0.8654,en
171776,Sparks,2013,Action|Thriller,4.816,103,0.8393,en
220494,Bettie Page Reveals All,2013,Documentary,6.792,53,0.7765,en
196355,Muhammad Ali's Greatest Fight,2013,Drama|TV Movie,6.43,43,0.6515,en
185640,Commando - A One Man Army,2013,Action,6.4,61,0.8798,hi
208512,Blast Vegas,2013,Fantasy|Thriller|Action|Adventure|TV Movie,3.4,32,1.7294,en
167960,Sanitarium,2013,Horror|Thriller,4.671,79,1.491,en
209920,Finding Normal,2013,Comedy|Family,6.667,57,0.6773,en
228245,The Suspect,2013,Thriller,5.4,36,0.8566,en
186929,Borgman,2013,Thriller|Drama,6.504,355,0.8328,nl
230152,Bends,2013,Drama,5.1,11,0.6762,zh
200580,Spud 2: The Madness Continues,2013,Comedy|Drama,6.9,32,0.6473,en
224648,Naiyaandi,2013,Comedy|Romance,3.1,17,0.7738,ta
211587,Blood Shot,2013,Action|Comedy|Horror,4.077,39,0.8136,en
208430,Strawberry Night,2013,Thriller,6.5,26,0.7762,ja
204002,Tula: The Revolt,2013,History|Drama,4.5,11,0.6666,en
212752,Cinemanovels,2013,Drama|Romance|Comedy,4.5,11,1.5906,en
197624,AE: Apocalypse Earth,2013,TV Movie|Science Fiction,4.0,65,0.5763,en
204702,Midsummer's Equation,2013,Crime|Drama|Mystery,7.0,41,0.9322,ja
156277,Big Sur,2013,Drama,4.742,33,1.666,en
235662,Snow Bride,2013,Romance|Comedy|Family|TV Movie,6.337,101,0.7255,en
209780,Crawlspace,2013,Horror|Thriller,4.9,33,0.7917,en
94671,Jayne Mansfield's Car,2013,Drama|Romance,5.7,67,0.7113,en
238622,Screwed,2013,Comedy,4.4,14,0.6759,en
227425,Alpha and Omega 2: A Howl-iday Adventure,2013,Animation|Adventure|Comedy,5.944,71,0.8461,en
215828,Barcelona Summer Night,2013,Comedy|Romance|Drama,6.4,59,0.5105,ca
199015,Nicky Deuce,2013,Family|Comedy,6.4,19,0.5967,en
215323,I Don't Know Whether to Slit My Wrists or Leave Them Long,2013,Comedy,6.614,66,0.7395,es
185497,Assassins Run,2013,Action|Adventure|Crime|Thriller,4.7,47,1.7299,en
245522,Essex Boys Retribution,2013,Crime,4.0,13,0.5428,en
171413,Death of a Loved One,2013,Crime,5.7,25,0.8803,sv
222890,Stonados,2013,Science Fiction|TV Movie,4.9,59,0.6471,en
282659,Perfect,2013,Drama|Science Fiction,3.8,24,0.4358,en
356255,Legal High SP,2013,Drama|Comedy|TV Movie,8.0,36,0.6383,ja
218266,Dracula: The Dark Prince,2013,Fantasy|Horror|Action,4.7,45,0.7274,en
159024,Ass Backwards,2013,Adventure|Comedy,4.394,71,0.852,en
256457,The Egyptian Mystery,2013,Crime|Adventure|Mystery,5.9,17,0.9684,bn
235437,Striving for Freedom,2013,Western,5.9,10,0.7329,de
173467,Milius,2013,Documentary,7.098,56,0.6504,en
188507,Space Warriors,2013,Family|Adventure|Science Fiction,5.25,42,0.7063,en
172847,Scenic Route,2013,Drama|Thriller,6.294,211,1.7693,en
189203,All the President's Men Revisited,2013,Documentary|TV Movie|History,7.0,10,0.5331,en
204668,Belle and Sebastian,2013,Adventure,6.9,680,1.1664,fr
181135,Twist of Faith,2013,Drama|TV Movie,6.5,19,0.5443,en
142573,Are All Men Pedophiles?,2013,Documentary,5.172,29,0.7575,en
243914,Neppuu Kairiku Bushi Road,2013,Animation|Action|Science Fiction|Adventure,6.8,10,0.6087,ja
157115,Jug Face,2013,Horror|Thriller|Drama,5.3,190,0.7859,en
216457,Jealousy,2013,Romance,6.0,70,0.7417,fr
158739,Blue Caprice,2013,Crime|Drama|Thriller,5.732,112,1.7048,en
188826,Copperhead,2013,Drama|History|War,5.0,23,1.6645,en
180951,Summer in February,2013,Drama|Romance,5.4,121,0.7787,en
245226,James Gandolfini: Tribute to a Friend,2013,Documentary,7.438,16,0.6029,en
176403,In Bloom,2013,Drama,7.06,75,0.7207,ka
328407,Metalocalypse: The Doomstar Requiem - A Klok Opera,2013,Animation|Music|Comedy|Drama,7.859,64,0.7051,en
155890,Tied,2013,Drama,4.4,40,0.8136,fr
223899,4Closed,2013,Thriller,4.8,42,0.7447,en
172386,Return to Nim's Island,2013,Family|Adventure,6.5,644,0.8314,en
140222,Love and Honor,2013,Drama|Romance,6.0,360,0.7897,en
209320,The Land of Cards,2013,Fantasy,6.2,11,0.5238,bn
153750,The Complex,2013,Horror,4.9,67,0.6548,ja
214086,The Face of Love,2013,Drama|Romance,6.102,147,0.7062,en
167683,Reaching for the Moon,2013,Drama|Romance,6.6,103,0.9687,pt
254531,Miss Change,2013,Comedy|Drama,5.2,13,0.567,ko
230834,Blindly in Love,2013,Drama|Romance,6.0,16,0.7255,ja
196420,Christmas Rose,2013,Drama,5.7,20,0.7363,cn
268207,Kidon,2013,Comedy,5.108,65,0.6882,he
182246,11.6,2013,Thriller|Drama,5.589,179,0.6539,fr
211579,Our Sunhi,2013,Romance|Drama,6.604,48,0.5444,ko
266037,Kamen Rider Wizard in Magic Land,2013,Action|Adventure|Fantasy|Science Fiction,5.7,10,0.6303,ja
200645,Marius,2013,Drama|Comedy,6.4,106,0.6428,fr
229582,Marina,2013,Romance|Drama|Music,6.8,96,0.8382,nl
72525,Syrup,2013,Drama|Comedy,5.488,203,0.9103,en
100542,Vikingdom,2013,Adventure,4.16,81,0.7311,en
198210,Evidence,2013,Horror|Thriller|Mystery,5.589,270,0.8423,en
209410,Shuddh Desi Romance,2013,Drama|Romance,5.735,68,0.7176,hi
246569,Jinxed,2013,Family|Fantasy|Comedy|TV Movie,6.637,117,0.8463,en
186161,The Gilded Cage,2013,Comedy,6.7,356,0.6552,fr
220008,Schoolgirl Complex,2013,Drama,4.7,16,0.7773,ja
159151,Muscle Shoals,2013,Documentary|History|Music,7.2,70,0.6642,en
164130,Loving Ibiza,2013,Comedy|Romance,4.872,74,0.3853,nl
212063,Tim's Vermeer,2013,Documentary,7.226,168,0.5377,en
97609,Somebody Up There Likes Me,2013,Comedy|Romance,5.2,35,0.5574,en
300442,Higurashi: When They Cry - Outbreak,2013,Mystery|Animation|Horror,6.6,16,0.6993,ja
212986,Exploding Sun,2013,Science Fiction,4.6,38,0.8891,en
241052,Bicycle Thieves,2013,Comedy|Romance,5.7,10,0.6275,ml
226354,The Christmas Candle,2013,Drama|Family,5.807,44,0.7956,en
232526,The Crone,2013,Horror,4.25,12,0.5528,ja
225281,Hello Carter,2013,Drama|Comedy,5.8,23,0.7541,en
227199,Kicking Off,2013,Drama|Thriller,6.245,49,0.5977,ru
252034,No Love in the City 3,2013,Comedy|Romance,4.7,30,0.6012,ru
235046,Darkroom,2013,Thriller|Horror,4.6,66,0.6361,en
241188,Supercollider,2013,Action|Adventure|Drama|Science Fiction,4.3,34,0.7756,en
227229,Dead Drop,2013,Action|Crime|Drama,4.6,30,0.7671,en
218425,Frequencies,2013,Romance|Science Fiction|Mystery,6.558,441,0.8404,en
158752,Escape from Tomorrow,2013,Horror|Fantasy|Comedy|Drama|Science Fiction|Thriller,4.822,241,0.5627,en
269596,Bu İşte Bir Yalnızlık Var,2013,Drama,5.8,10,0.7493,tr
206213,Zombie Hunter,2013,Comedy|Action|Science Fiction|Thriller,3.9,106,0.6398,en
224951,Evil Feed,2013,Action|Horror,4.2,30,1.8853,en
163719,Closed Season,2013,Drama,5.9,14,0.7079,de
209416,Supermensch: The Legend of Shep Gordon,2013,Documentary,7.1,78,0.7194,en
184440,Awaken,2013,Drama|Romance|Science Fiction,5.3,15,0.5842,en
217008,Madly in Love,2013,Comedy|Romance,4.846,26,1.9748,nl
137547,Azooma,2013,Crime|Thriller,6.1,17,0.7019,ko
241742,Bone Alone,2013,Comedy|Family,4.122,37,1.8511,en
218460,The Contractor,2013,Crime|Thriller|Drama,3.6,30,0.6127,en
135735,Four,2013,Drama|Romance,5.3,15,1.7107,en
179109,Bastards,2013,Drama|Crime|Thriller,5.7,106,0.8368,fr
170752,The Hot Flashes,2013,Comedy,4.554,56,0.6744,en
195921,A Wedding Invitation,2013,Romance,4.9,11,0.8092,zh
137563,A Band Called Death,2013,Documentary|Music,7.2,88,0.6967,en
188538,Remember Sunday,2013,TV Movie|Romance|Drama,7.081,506,1.6745,en
207766,Missionary,2013,Drama|Thriller,5.0,26,0.6443,en
159109,The Rambler,2013,Drama|Horror|Mystery,4.8,38,1.6884,en
230846,Fandry,2013,Drama|Family,6.895,19,0.8881,mr
209419,Neelakasham Pachakadal Chuvanna Bhoomi,2013,Adventure|Thriller|Romance,7.0,51,0.7755,ml
240106,The Constable,2013,Drama|Action,4.4,14,0.7599,cn
1012404,Sword Art Online: Extra Edition,2013,Animation|Fantasy|Adventure,5.8,22,0.6491,ja
190967,3 Geezers!,2013,Comedy,3.9,24,0.7341,en
224919,A Mother's Rage,2013,Drama|Thriller|Mystery,5.7,13,0.5264,fr
83890,LUV,2013,Crime|Drama,5.75,42,0.6088,en
240911,My Santa,2013,Family|Fantasy|Romance|TV Movie,5.2,42,0.7086,en
172520,Coldwater,2013,Thriller|Drama,6.414,168,0.8094,en
171636,Victoria,2013,Drama,5.1,17,0.5258,no
180891,Real,2013,Science Fiction|Drama|Thriller,6.3,68,0.858,ja
172265,The Mule,2013,Drama|Comedy,5.3,44,0.6869,es
216138,10 Rules for Sleeping Around,2013,Comedy|Romance,3.522,67,0.7019,en
249109,Fractured,2013,Thriller,3.9,18,0.5499,en
209091,Burton and Taylor,2013,Drama|TV Movie,6.2,58,0.8457,en
180276,Chupacabra vs. the Alamo,2013,TV Movie|Action|Fantasy|Horror,4.8,35,0.6111,en
217389,Memories,2013,Crime|Thriller,7.08,50,0.5491,ml
169068,Dorfman in Love,2013,Comedy|Romance,6.0,38,0.662,en
177203,The Challenger Disaster,2013,Thriller|Drama|History|TV Movie,7.26,127,0.7222,en
157409,Crystal Fairy & the Magical Cactus,2013,Comedy|Adventure|Drama|Romance,5.967,167,0.6305,es
184323,Daylight,2013,Drama|Thriller|Mystery,6.697,76,1.8604,nl
191566,Crazy Kind of Love,2013,Comedy|Drama|Romance,5.367,49,0.7684,en
231242,Taken: The Search for Sophie Parker,2013,Thriller|Mystery|TV Movie,5.9,32,0.6433,en
172542,Go for Sisters,2013,Crime|Drama,6.0,16,0.7017,en
178146,The Lady Vanishes,2013,Thriller|Mystery|Horror,6.417,49,0.6435,en
229749,When Calls the Heart,2013,Drama|Romance|Comedy|TV Movie,6.615,61,0.7844,en
209350,Le Week-End,2013,Comedy|Drama,6.183,145,0.7677,en
208986,A Tale of Samurai Cooking,2013,Drama|History,7.238,21,0.9614,ja
256277,Chance at Romance,2013,TV Movie|Comedy|Romance,6.224,67,0.9571,en
248223,Dark World: Equilibrium,2013,Adventure|Fantasy,4.6,44,0.7739,ru
143142,Axe Giant: The Wrath of Paul Bunyan,2013,Horror|Fantasy,3.888,40,0.7422,en
160085,Break Up Man,2013,Comedy,5.917,151,0.6533,de
211879,Free Range,2013,Drama,4.9,10,1.5988,et
255553,Queen of The Night,2013,Romance|Comedy,6.0,14,0.6432,ko
175555,A Madea Christmas,2013,Comedy|Drama,6.449,158,0.6137,en
167726,Love and Lemons,2013,Romance|Comedy,5.8,22,0.897,sv
252700,Bloomberg Inside: Pixar,2013,Documentary,6.909,11,0.6725,en
273450,Rain in the Sunshine,2013,Animation|Adventure|Fantasy|Romance|Family,6.9,16,0.7954,ja
246894,Buddy,2013,Comedy,6.027,75,0.5808,de
149087,Turning Tide,2013,Adventure|Drama,6.23,237,0.8786,fr
246449,Against the Wild,2013,Adventure|Family,5.238,63,0.765,en
232731,Attila,2013,Action|Horror|Thriller,2.7,24,0.5625,en
207686,The House at the End of Time,2013,Horror|Drama|Fantasy,6.809,340,0.7757,es
224815,Skinwalker Ranch,2013,Thriller|Horror|Science Fiction,5.32,128,0.6893,en
198228,Eastwood Directs: The Untold Story,2013,Documentary,6.1,24,0.5917,en
238749,A Very Merry Mix-Up,2013,TV Movie|Romance|Comedy|Drama,6.028,89,0.6905,en
214090,The Cub,2013,Comedy,5.0,20,0.5223,en
228436,Beyond the Memories,2013,Romance,7.273,11,1.0048,ja
208429,Platinum Data,2013,Mystery|Thriller|Science Fiction,5.4,36,0.7645,ja
231625,The Cheating Pact,2013,Crime|Drama|Thriller|TV Movie,6.0,30,0.5418,en
87440,Struck by Lightning,2013,Comedy|Drama,6.2,218,0.907,en
228101,Waar,2013,Action|Drama|Thriller,5.091,55,0.6525,ur
179269,Revelation Road: The Beginning of the End,2013,Action|Drama|Thriller|Horror,4.6,28,0.67,en
144789,I'm So Excited!,2013,Comedy,5.7,717,0.8222,es
231401,The Sound of Music Live!,2013,TV Movie|Drama|Family|Music,6.255,53,0.6004,en
173443,Rio 2096: A Story of Love and Fury,2013,Animation|Drama|History|Romance|Science Fiction|Fantasy,7.199,93,0.6467,pt
191024,The Arrested Development Documentary Project,2013,Documentary|Comedy,5.7,27,0.5378,en
854341,Senritsu Kaiki File Kowasugi! File 03: Legend of a Human-Eating Kappa,2013,Horror,6.4,18,0.7215,ja
326262,Biology 101,2013,Thriller,3.3,18,0.689,en
220468,Revelation Road 2: The Sea of Glass and Fire,2013,Drama|Horror,4.8,18,0.7166,en
170776,Goodnight for Justice: Queen of Hearts,2013,TV Movie|Western,6.8,10,0.6495,en
122369,13 Eerie,2013,Horror|Thriller,4.752,113,0.5992,en
226437,Life Feels Good,2013,Drama,7.307,119,0.7727,pl
139300,Ticket to Vegas,2013,Adventure|Comedy,4.1,27,0.5608,ru
294047,The Levenger Tapes,2013,Thriller|Horror,4.1,36,0.5448,en
224885,Red Wing,2013,Drama,6.3,12,0.665,en
212967,Ashley,2013,Drama,4.7,33,0.8583,en
205126,Independence Daysaster,2013,Science Fiction|Action,4.376,85,0.7832,en
136585,Return to Nuke 'Em High Volume 1,2013,Comedy|Horror|Science Fiction,6.1,158,0.689,en
228406,Believe,2013,Drama,6.1,39,0.5337,en
179089,Petal Dance,2013,Drama,6.4,17,0.7539,ja
151363,Ethir Neechal,2013,Romance|Comedy,6.411,28,0.7269,ta
173796,Brave Miss World,2013,Documentary|Drama,5.5,11,0.7289,en
238753,The Wedding Chapel,2013,Drama|Romance|TV Movie,5.3,15,0.5846,en
209355,The French Minister,2013,Comedy,6.028,302,0.6775,fr
57210,Angels Sing,2013,Comedy|Family|Drama,5.636,55,0.7365,en
171179,A Romantic Comedy 2,2013,Comedy|Romance,4.7,45,0.8811,tr
207226,9 Full Moons,2013,Romance,4.2,14,0.5972,en
295196,Watercolor Postcards,2013,Drama,5.8,20,1.373,en
266797,The Arrangement,2013,Drama,4.6,11,0.6242,en
193502,Library Wars,2013,Romance|Action|Fantasy,6.172,32,0.6709,ja
72359,Peeples,2013,Comedy,5.6,73,0.8219,en
157129,Table No. 21,2013,Adventure|Thriller|Drama,6.4,80,0.9528,hi
176175,Sugar Kisses,2013,Romance|Drama,7.363,73,0.5083,es
205017,Lootera,2013,Drama|Romance,6.9,90,0.6264,hi
168998,Say Yes,2013,Romance,5.6,28,0.6451,zh
224917,Dear Sidewalk,2013,Romance|Comedy|Drama,7.1,10,0.6146,en
257147,Boundless,2013,Documentary,7.727,11,0.5883,cn
174340,Richard Pryor: Omit the Logic,2013,Documentary,7.04,63,0.6646,en
176590,Mirchi,2013,Action|Drama,6.365,37,0.6483,te
225048,Evangeline,2013,Thriller|Horror|Fantasy,4.2,19,0.6489,en
215042,Metalhead,2013,Drama|Music,7.34,234,1.8362,is
217414,Who Killed Bambi?,2013,Comedy,5.5,62,0.5787,es
248747,Six Degrees of Celebration 3,2013,Comedy,6.2,68,0.585,ru
226948,Scarecrow,2013,Horror|Science Fiction|Action,5.045,100,0.5926,en
217719,Snake & Mongoose,2013,Drama,5.2,17,0.8219,en
221437,Miss ZOMBIE,2013,Horror|Drama|Thriller,5.7,49,0.5647,ja
212640,One Night Surprise,2013,Comedy|Romance,6.0,10,0.6113,zh
215962,The Stag,2013,Comedy,5.8,113,0.795,en
83869,As Cool as I Am,2013,Comedy|Drama,5.83,135,0.551,en
189081,My Paparotti,2013,Drama|Comedy|Music,7.1,32,0.5848,ko
186935,Heli,2013,Crime|Drama|Romance,6.633,158,0.7361,es
279180,My Little Sweet Pea,2013,Comedy|Drama|Family,6.2,10,0.5369,ja
203062,Things We Do for Love,2013,Drama|Comedy|Romance,5.2,13,0.5157,fi
165640,Betty and Coretta,2013,Drama,7.2,12,0.5885,en
179473,Compound Fracture,2013,Horror|Thriller,4.3,23,0.5433,en
249941,Whispers Behind the Wall,2013,Thriller|TV Movie,4.9,29,0.5011,de
220493,Sal,2013,Drama,3.5,17,0.5625,en
249042,All I Want for Christmas,2013,Family|Fantasy|Comedy|TV Movie,5.2,27,0.5153,en
168245,Kai Po Che!,2013,Drama,7.047,148,0.6548,hi
152745,As I Lay Dying,2013,Drama,5.235,85,0.8994,en
159407,Jadoo,2013,Comedy,5.7,12,0.4601,en
153795,Straight A's,2013,Comedy|Drama,5.199,141,0.6003,en
137698,The Dance of Reality,2013,Drama|Fantasy,7.198,207,0.681,es
180420,Asphalt Playground,2013,Drama,6.7,91,0.4079,fr
159638,Ghost Team One,2013,Comedy|Horror,5.078,90,0.6998,en
214433,5 Souls,2013,Thriller,4.2,12,0.703,en
164377,Outpost: Rise of the Spetsnaz,2013,Action|Horror|Science Fiction,5.0,74,0.6963,en
180371,Vai Que Dá Certo,2013,Comedy,6.097,145,0.6399,pt
166879,One Small Hitch,2013,Romance|Comedy,6.621,174,0.6444,en
249062,Christmas on the Bayou,2013,Romance|Drama|TV Movie,6.1,40,0.5468,en
200358,See You Tomorrow  Everyone,2013,Comedy|Drama,5.9,17,0.886,ja
212839,Soul,2013,Drama|Mystery|Thriller,6.1,25,0.6028,zh
80318,The Motel Life,2013,Drama|Mystery|Thriller,5.614,79,0.5985,en
359642,Descent Into Darkness: My European Nightmare,2013,Horror|Comedy|Crime|Drama,6.7,50,1.6456,fr
214761,7th Floor,2013,Drama|Thriller,5.845,252,0.6932,es
159211,The Haunting of Helena,2013,Horror|Thriller,5.7,165,0.7673,en
252455,Code Red,2013,Action|Horror|Science Fiction,4.6,35,0.5765,en
192345,Cavemen,2013,Comedy,4.8,70,0.6215,en
214083,The Armstrong Lie,2013,Documentary,6.952,136,0.5988,en
237710,Pete's Christmas,2013,Fantasy|Family,5.7,185,0.6914,en
159622,Terms and Conditions May Apply,2013,Documentary,7.0,202,0.6947,en
150709,The Christmas Consultant,2013,Comedy|TV Movie,4.4,15,0.8196,en
172767,500 MPH Storm,2013,Action|Science Fiction|TV Movie|Adventure|Drama|Thriller,5.32,103,0.7537,en
316183,What Other Couples Do,2013,Comedy|Drama|Romance,3.9,14,0.6113,en
215040,Intruders,2013,Mystery|Thriller,6.1,18,0.545,ko
159167,The World According to Dick Cheney,2013,Documentary,6.7,10,0.5054,en
242675,Another Day  Another Time: Celebrating the Music of 'Inside Llewyn Davis',2013,Documentary|Music,8.0,13,0.6185,en
346965,Frog Kingdom,2013,Animation|Adventure|Comedy,4.7,18,0.7383,en
190945,Mumbai Police,2013,Crime|Mystery|Thriller,6.9,59,0.5435,ml
211247,The Fake,2013,Animation|Drama|Thriller,6.6,40,0.6286,ko
223391,7 Days of Himawari & Her Puppies,2013,Drama,6.5,12,0.7835,ja
199615,The Notebook,2013,Drama|War,6.474,76,0.5855,hu
76975,Samar,2013,Action|Thriller,5.0,15,0.6459,ta
210059,In the Dark,2013,Drama|Thriller,4.875,12,0.6262,en
221112,The Stolen Years,2013,Romance,6.0,45,0.4469,zh
159967,The Nun,2013,Drama,6.2,86,0.7892,fr
243978,The Last Letter,2013,Thriller,3.5,11,0.4925,en
165243,Rockshow,2013,Music|Documentary,8.0,14,0.6321,en
218850,The Disciple,2013,Drama|Thriller,6.0,12,0.6175,sv
228496,Sx_Tape,2013,Horror,3.631,107,0.6861,en
199723,Trap for Cinderella,2013,Thriller|Crime|Drama,5.193,44,0.5256,en
149232,The Pardon,2013,Crime|Drama,4.4,15,0.5492,en
156173,Little Lion,2013,Drama,6.1,23,0.5983,fr
227056,Ramayya Vasthavayya,2013,Drama|Action,4.2,15,0.6271,te
127770,Apostle Peter and the Last Supper,2013,History|Drama,5.647,17,0.6642,en
193696,One Perfect Day,2013,Comedy|Romance,5.9,12,0.4463,ko
179105,Scavengers,2013,Science Fiction|Action,2.74,25,1.2186,en
267544,Così fan tutte,2013,Music|TV Movie,6.8,10,0.5469,it
180145,Romeo Killer: The Chris Porco Story,2013,Crime|Drama,5.1,16,0.6862,en
199341,Girl on a Bicycle,2013,Comedy|Romance,5.96,63,0.7005,en
240723,Coming Home for Christmas,2013,Family,5.3,26,0.6077,en
219292,What Is Cinema?,2013,Documentary,6.5,24,0.4807,en
217787,Paranormal Whacktivity,2013,Comedy|Horror,3.5,59,0.4972,en
227968,Crô,2013,Comedy,4.9,71,0.4369,pt
242441,Horror Story,2013,Horror,4.79,69,0.6348,hi
210079,Across the River,2013,Thriller|Horror|Mystery,5.33,109,0.5225,it
131689,The Wicked,2013,Fantasy|Horror|Thriller,4.2,93,0.5635,en
108726,A Common Man,2013,Action|Thriller,5.742,91,0.4816,en
60932,The Last Keepers,2013,Fantasy,4.8,44,0.5818,en
214674,Zone Pro Site: The Moveable Feast,2013,Comedy|Drama,6.2,22,0.7061,zh
174938,Yellow Elephant,2013,Drama|Romance,6.0,10,0.8367,ja
403339,Little Bi Peep,2013,Comedy|Romance|Drama,4.6,11,0.6175,en
250796,Adieu Paris,2013,Drama,5.2,13,1.9203,de
158936,Interior. Leather Bar.,2013,Drama|Documentary,5.2,61,0.4257,en
238411,Philips and the Monkey Pen,2013,Drama|Family,6.9,22,0.7421,ml
205865,Papusza,2013,Drama|History,7.7,35,0.6257,pl
192128,Tlatelolco  Summer of 68',2013,Drama|Romance,6.419,31,0.7575,es
253229,Pattam Pole,2013,Romance,5.1,19,0.7417,ml
228676,Mischief Night,2013,Horror|Drama|Thriller,5.1,103,0.5857,en
217412,Quality Time,2013,Comedy|Drama|Romance,6.313,56,0.4727,de
231812,The Fjällbacka Murders: The Coast Rider,2013,Crime|Mystery|Drama|Thriller,5.4,21,0.6496,sv
200918,The Secret Lives of Dorks,2013,Comedy,4.9,18,0.5102,en
215848,Family United,2013,Comedy|Romance,5.883,132,0.5946,es
638186,The Good Witch's Destiny,2013,Drama|Family|Fantasy,7.56,42,0.7023,en
240357,Dear Secret Santa,2013,Romance|Comedy|TV Movie,6.0,28,0.6402,en
128206,Shahid,2013,Drama|Crime,7.26,73,0.5581,hi
190754,On the Job,2013,Action|Crime|Thriller,6.6,88,0.5196,tl
270029,Curious George Swings into Spring,2013,Animation|Family,7.333,18,0.678,en
153781,Lasting,2013,Drama|Romance,4.8,19,0.5999,pl
233423,The Legend of Sarila,2013,Family|Animation|Adventure,4.7,25,0.5024,en
230015,Underdogs,2013,Drama|Family,5.7,28,0.6523,en
146712,A Fairly Odd Christmas,2013,Family|Fantasy|TV Movie,5.136,92,0.5495,en
219674,Eurotrapped,2013,Comedy,3.4,11,0.5209,en
214418,Amazonia,2013,Family|Adventure,6.3,47,0.7306,pt
223360,Still Life: A Three Pines Mystery,2013,Mystery|TV Movie,5.5,26,0.7786,en
220714,Grand Masti,2013,Comedy|Romance,4.671,41,0.6543,hi
201277,The Last Match,2013,Drama|Romance,7.212,163,0.575,es
73564,Wilde Salomé,2013,Documentary,6.2,27,0.7459,en
230722,Steel Cold Winter,2013,Thriller|Mystery|Horror,6.3,23,0.5473,ko
250251,The Lucky Island,2013,Comedy|Adventure,3.8,17,0.515,ru
282732,Public Sex  Private Lives,2013,Documentary,6.2,14,0.5918,en
255254,Hashima Project,2013,Horror|Thriller,4.955,22,0.572,th
204810,Hunting Elephants,2013,Comedy|Crime,5.879,33,0.5624,he
229353,No Más,2013,Documentary,6.5,14,0.5083,en
235044,The Little Ghost,2013,Family|Fantasy,5.6,71,0.4802,de
184053,Flying Blind,2013,Drama,4.8,12,0.5535,en
220003,The End of Summer,2013,Romance|Drama,6.5,11,0.5143,ja
159937,An Amish Murder,2013,Thriller|Mystery|Drama|TV Movie,5.78,75,0.5883,en
185562,Hai-Alarm am Müggelsee,2013,Comedy,5.9,27,0.56,de
158900,Faro,2013,Drama|Thriller|Adventure,5.6,10,0.4346,sv
198214,Ring of Fire,2013,Drama|TV Movie,5.15,10,0.6774,en
160697,Tasmanian Devils,2013,TV Movie|Fantasy|Horror|Science Fiction|Adventure|Action,4.8,40,0.7745,en
240881,Free Ride,2013,Action|Drama|Thriller,5.3,60,0.6539,en
240733,Shame the Devil,2013,Thriller|Crime|Mystery,3.3,15,0.6337,en
217667,After All These Years,2013,TV Movie|Mystery,5.8,24,0.4468,en
242466,The Surrogate,2013,Drama|Mystery|Thriller,5.1,23,0.6524,en
259390,GARO Side Story: The Tougen Flute,2013,Action|Adventure|Horror,5.9,12,0.593,ja
209415,Living Is Easy with Eyes Closed,2013,Drama|Comedy,6.8,179,0.7254,es
444483,Vassalord.,2013,Animation|Action|Mystery|Fantasy|Comedy|Drama|Horror,5.659,22,0.5277,ja
201759,Miserere,2013,Thriller,5.909,93,0.5003,fr
123107,Hellbenders,2013,Horror|Comedy|Thriller,5.38,54,0.5655,en
199851,Hawaii,2013,Romance,7.0,101,0.8933,es
226183,Reading  Writing & Romance,2013,Comedy|Romance|TV Movie,6.6,17,0.6084,en
212748,Rhymes for Young Ghouls,2013,Drama|Crime,6.628,47,0.5061,en
188509,Elway To Marino,2013,Documentary,7.1,14,0.4981,en
225405,Harrigan,2013,Crime|Action,4.7,10,0.4808,en
215739,Concrete Night,2013,Drama,5.792,36,0.5155,fi
228962,Idukki Gold,2013,Comedy,7.4,16,0.7823,ml
213478,The Way We Dance,2013,Drama|Music,5.6,23,0.5297,cn
167673,The Mooring,2013,Horror|Thriller,4.6,21,1.5462,en
188142,Leve Boerenliefde,2013,Comedy|Romance,5.4,14,1.2101,nl
201658,Murder on the Home Front,2013,Mystery|Crime|Thriller,6.5,35,0.659,en
337412,John Apple Jack,2013,Comedy|Romance,5.5,24,0.5456,en
211696,Mel Brooks: Make a Noise,2013,Documentary,8.2,13,0.4907,en
225850,A Sister's Nightmare,2013,TV Movie|Thriller|Mystery,6.547,32,0.6029,en
232138,1st Love,2013,Drama,4.3,19,1.2926,fr
197772,Back in Crime,2013,Crime|Fantasy,6.406,48,0.5155,fr
237305,Gori Tere Pyaar Mein,2013,Comedy|Romance,6.0,54,0.6291,hi
239845,The Patrol,2013,Drama|War,4.3,19,0.4809,en
257912,Event 15,2013,Thriller|Mystery,4.85,60,0.5505,en
121604,The Wee Man,2013,Drama|Crime|History,5.6,45,0.5808,en
171540,Big Bad Wolves,2013,Comedy|Crime|Thriller|Horror|Drama,6.6,417,0.9148,he
207871,Savannah,2013,Romance|History|Drama|Family,6.091,33,0.8056,en
232840,Dracano,2013,Action|Adventure|Fantasy,2.7,12,1.6014,en
208540,Once Upon a Time in Mumbai Dobaara!,2013,Action|Crime|Drama,4.989,45,0.5761,hi
200481,The Blue Umbrella,2013,Animation|Romance,7.526,586,0.6377,en
192210,Open Road,2013,Action|Drama|Thriller,5.0,46,0.5323,en
189542,Jayantabhai Ki Luv Story,2013,Action|Comedy|Romance|Drama,4.6,14,0.5161,hi
170759,Kokowääh 2,2013,Comedy,5.978,200,0.4574,de
268993,House of Dust,2013,Horror|Thriller,4.6,21,0.5262,en
191717,The Major,2013,Action|Crime|Drama,6.737,131,0.5219,ru
445925,Across Grace Alley,2013,Music|Drama,5.5,23,0.5258,en
239853,11 A.M.,2013,Science Fiction|Fantasy,5.517,29,0.7155,ko
183258,All Things To All Men,2013,Thriller|Crime,4.331,65,0.5219,en
219225,Wolverine: Origin,2013,Animation|Action|Science Fiction,6.6,17,0.4899,en
208495,Mission Park,2013,Crime,5.026,19,0.5947,en
199687,Yamla Pagla Deewana 2,2013,Action|Comedy,3.5,17,0.5324,hi
220620,Ismael,2013,Drama,5.856,45,1.8037,es
241202,The Second Sight,2013,Horror,5.2,10,0.3925,th
193006,Mary  Queen of Scots,2013,Drama|History|Romance,5.1,35,0.5121,en
200713,9 Month Stretch,2013,Comedy,6.437,588,0.4764,fr
211088,Beyond The Edge,2013,Documentary|Drama,6.707,46,0.7358,en
251733,The Brides of Sodom,2013,Fantasy|Horror|Science Fiction,2.5,19,0.3694,en
191294,We Are the Best!,2013,Drama|Music,7.01,208,0.5905,sv
157804,Dose of Reality,2013,Drama|Mystery|Thriller,4.8,10,0.3951,en
176545,Casting Couch,2013,Comedy,3.5,25,0.4032,en
230181,A Habit of Breaking-Up,2013,Comedy|Romance,6.8,10,0.6509,ru
227877,Torment,2013,Thriller|Horror,4.8,107,0.3947,en
242523,The Three Musketeers,2013,Adventure|Comedy,3.9,11,0.7478,ru
96378,Stag,2013,Comedy,4.7,25,0.5878,en
167364,Turf,2013,Comedy,4.7,92,1.6426,fr
165340,Baby Geniuses and the Mystery of the Crown Jewels,2013,Comedy|Science Fiction|Family,3.477,22,0.5082,en
293574,The Trail,2013,Western|Action|Adventure|Drama,5.5,11,0.4803,en
164502,The Double,2013,Comedy,4.452,31,0.5814,ru
185471,Battle of the Damned,2013,Action|Science Fiction|Adventure,4.5,140,0.5116,en
212747,All the Wrong Reasons,2013,Comedy|Drama,5.8,16,0.5014,en
201992,A Long Way From Home,2013,Drama|Romance,5.5,15,0.4658,en
241930,Implanted,2013,Drama|Mystery|Science Fiction,3.9,19,0.3318,en
215931,Beneath the Harvest Sky,2013,Drama,6.0,23,0.4604,en
192097,Ghanchakkar,2013,Comedy|Crime|Thriller,5.0,33,0.54,hi
206265,Who's Afraid of Vagina Wolf?,2013,Comedy|Romance,4.9,12,0.7491,en
179053,App,2013,Thriller,5.1,80,1.6575,nl
270064,April Apocalypse,2013,Romance|Comedy|Horror,5.7,59,0.6428,en
290789,Breaking at the Edge,2013,Thriller|Horror,4.74,48,0.3661,en
158967,House Hunting,2013,Mystery|Thriller,5.2,55,0.5866,en
178850,Beyoncé: Life Is But a Dream,2013,Documentary,7.762,65,0.6817,en
264068,That's Sexploitation!,2013,Documentary,5.87,23,0.5017,en
224903,Final: The Rapture,2013,Thriller,4.5,15,0.6176,en
187962,Gallipoli: End of the Road,2013,War|Drama|History,6.083,30,0.4938,tr
236324,Social Nightmare,2013,TV Movie|Drama|Mystery,5.1,61,0.7876,en
173603,The Shooter,2013,Thriller|Crime|Drama|Mystery,5.149,47,0.4525,da
256577,Pagpag: Nine Lives,2013,Horror,7.0,11,0.6152,tl
168055,Love Is in the Air,2013,Comedy|Romance,5.95,430,0.5882,fr
196833,Happiness for Sale,2013,Drama|Comedy,6.3,13,0.567,ko
159774,Zip & Zap and the Marble Gang,2013,Adventure|Comedy|Family,5.897,92,0.5513,es
230430,Dark Sea,2013,Horror|Comedy|Thriller,5.3,17,0.4879,pt
235887,All American Christmas Carol,2013,Comedy|Fantasy,4.241,27,0.476,en
203186,Abandoned Mine,2013,Adventure|Horror|Mystery|Thriller,4.0,33,0.6344,en
209282,Violette,2013,Drama,5.957,58,0.6922,fr
389614,The Hidden Child,2013,Crime|Drama|Mystery|Thriller,5.9,42,0.6261,sv
186729,Attila Marcel,2013,Comedy|Drama,6.8,68,0.6108,fr
181330,Kevin Hart: Let Me Explain,2013,Comedy|Documentary,6.7,218,0.4774,en
177851,Miss Dial,2013,Comedy,4.9,12,0.4936,en
207021,Generation Iron,2013,Documentary,6.6,132,0.5546,en
213417,How to Be a Man,2013,Comedy,6.313,67,0.4694,en
300090,White Rabbit,2013,Drama,6.1,46,0.5648,en
187927,For Those in Peril,2013,Drama,6.1,31,0.5051,en
191502,The Unbelievers,2013,Documentary,6.457,140,0.4541,en
176088,The Story of Luke,2013,Drama|Comedy,6.9,53,0.5107,en
208091,Saving Norman,2013,Comedy|Drama,6.5,11,0.5729,en
189098,The Zombie King,2013,Horror|Comedy,4.6,16,0.4054,en
230938,Bonnie & Clyde: Justified,2013,Action,6.0,37,0.5372,en
336190,Judge,2013,Crime|Drama|Thriller,5.4,12,0.5177,ja
231176,Sun In Buckets,2013,Comedy,6.8,1742,0.5061,it
178603,Detour,2013,Thriller|Mystery,5.3,46,0.5287,en
227336,Tough as Iron,2013,Drama|Action,6.516,31,0.6726,ko
244875,The Whale,2013,Drama|History,5.3,16,0.6561,en
223932,Cupcakes,2013,Comedy|Music,4.7,23,0.515,he
230619,Lizzie Borden's Revenge,2013,Horror,1.8,19,0.538,en
278334,Heatstroke,2013,Thriller,5.1,112,0.4134,en
147815,Kadal,2013,Action|Drama|Romance,5.5,23,0.4831,ta
228148,Bald Mountain,2013,Drama|Western,7.0,70,0.531,pt
231530,K-9 Adventures: A Christmas Tale,2013,Family,5.161,28,0.5657,en
201350,Beverly Lewis' The Confession,2013,Drama|TV Movie,6.6,17,0.5853,en
196446,Last Summer,2013,Drama|Romance,5.6,40,0.546,en
164184,Bless Me  Ultima,2013,Drama|War,6.25,30,0.4834,en
256199,First Period,2013,Comedy,5.2,16,0.5685,en
244971,Fall of Ming,2013,Drama|History,6.3,18,0.4044,zh
126962,Infected,2013,Horror|Action|Science Fiction,3.3,23,0.4705,en
117319,Vishwaroopam,2013,Action|Thriller,6.307,101,0.7186,ta
218779,Besharam,2013,Comedy|Action,4.548,42,0.4501,hi
184322,Cheech & Chong's Animated Movie!,2013,Animation|Comedy,5.2,28,0.6232,en
241693,Beyond Beauty: Taiwan from Above,2013,Documentary,7.7,22,0.3929,zh
222430,Phata Poster Nikhla Hero,2013,Action|Comedy,5.1,67,0.6185,hi
210302,Love's Routine,2013,Comedy|Drama,6.5,10,0.4863,en
256742,Hotel Inferno,2013,Action|Horror,4.9,61,0.5672,en
71682,Coffin Baby,2013,Horror,4.8,49,0.5982,en
241903,The Christmas Spirit,2013,Comedy|Drama|Romance|TV Movie,5.0,42,0.6363,en
179690,What Men Do!,2013,Comedy,3.1,25,0.4347,ru
221321,Pop Star,2013,Music|Romance,6.0,23,1.5671,en
230428,Cas & Dylan,2013,Comedy|Drama,6.3,25,0.7405,en
171944,Bambi,2013,Documentary,5.7,18,0.8445,fr
79067,Lost Place,2013,Mystery|Thriller|Horror,4.4,18,0.4484,de
158091,Metro Manila,2013,Crime|Thriller|Drama|Action,7.3,167,0.4442,tl
224778,The Gauntlet,2013,Action|Adventure|Horror,4.662,34,0.5624,en
238299,Khaytarma,2013,Drama|History|War,7.6,18,0.4923,uk
230645,Deadliest Prey,2013,Action|Adventure|Thriller,4.1,18,1.6096,en
171879,The Attacks Of 26/11,2013,Action|Crime|History|Thriller,7.081,31,0.631,hi
207909,1939 Battle of Westerplatte,2013,Drama|History|War,5.4,37,0.5447,pl
225701,Idharkuthane Aasaipattai Balakumara,2013,Comedy|Romance,7.0,20,0.7619,ta
177566,Jack the Giant Killer,2013,Action|Adventure|Fantasy,3.3,53,0.5985,en
220495,Bullett Raja,2013,Action|Crime|Drama,5.9,31,0.6993,hi
209284,Christmas for a Dollar,2013,Drama|Family,6.429,14,0.5128,en
189680,All Stars,2013,Family|Comedy|Music,5.6,44,0.5629,en
219887,Travelers,2013,Action|Adventure|Science Fiction,4.2,12,0.5897,ja
241187,I Am Not Him,2013,Drama,6.0,27,0.6357,tr
264216,Bilocation,2013,Horror,6.4,33,0.511,ja
233364,Must Be... Love,2013,Comedy|Romance,5.5,22,0.5101,tl
225755,Helden - Wenn Dein Land Dich braucht,2013,Science Fiction|Action|Adventure|Drama,3.4,18,0.4321,de
190876,The Auction,2013,Drama,6.7,24,0.9257,fr
190901,Salvo,2013,Drama|Thriller,5.762,42,0.4634,it
250608,Concrete Blondes,2013,Action|Comedy|Crime,4.9,37,0.5953,en
224950,Solo,2013,Horror|Thriller,4.5,36,0.4315,en
214093,Love Is the Perfect Crime,2013,Thriller|Drama|Mystery,5.6,112,0.5242,fr
197089,A Castle in Italy,2013,Comedy|Drama,5.4,68,0.5085,fr
170194,Riddle,2013,Mystery|Thriller,4.63,77,0.6057,en
161468,Inkaar,2013,Unknown,5.523,22,0.6468,hi
164993,Shopping Tour,2013,Horror|Drama|Comedy|Thriller,4.9,15,0.4571,ru
138976,Treachery,2013,Drama,4.2,12,1.3884,en
179375,Red Wine,2013,Crime|Drama,4.8,13,0.5527,ml
300605,City of God: 10 Years Later,2013,Documentary,6.817,104,0.6342,pt
224916,The Good Mother,2013,Drama|Mystery|Thriller|TV Movie,4.857,14,0.6575,en
238304,Catch a Christmas Star,2013,Family|Romance|TV Movie,6.4,56,0.5504,en
236317,My World,2013,Drama,7.5,58,1.4279,tr
229138,Djinn,2013,Horror,4.3,66,0.5467,en
180109,Alien Showdown: The Day the Old West Stood Still,2013,Action|Adventure,2.3,16,0.5384,en
163598,XL,2013,Drama,4.3,10,0.5264,is
262357,Redwood Highway,2013,Drama,5.9,13,0.5808,en
229974,Bitterly!,2013,Comedy,5.598,97,0.3609,ru
224330,Raja Rani,2013,Romance|Comedy|Drama,7.2,62,0.6563,ta
139459,Contest,2013,Drama|Family,6.1,16,0.6166,en
158689,Willed to Kill,2013,TV Movie|Mystery|Thriller|Action,5.3,22,0.5425,en
219423,Honey Bee,2013,Action|Comedy,5.7,11,0.5954,ml
95177,Sun Don't Shine,2013,Drama|Crime|Mystery|Romance|Thriller,5.4,36,0.4673,en
230213,Finn,2013,Family,6.4,19,0.3107,nl
184020,It Happened in Saint-Tropez,2013,Comedy|Drama,5.308,78,0.6986,fr
177838,Ooga Booga,2013,Comedy|Fantasy|Horror,3.15,20,0.6604,en
248576,Sanatorium,2013,Horror|Mystery|Thriller,4.908,71,0.4493,en
289214,Disaster Wars: Earthquake vs. Tsunami,2013,Thriller|Action|Drama|Science Fiction,5.3,41,0.5925,en
193418,Regret!,2013,Drama,7.3,119,0.5032,nl
150093,Just Like a Woman,2013,Drama|TV Movie|Comedy,5.568,37,0.5805,en
158106,Survival Code,2013,Action|Science Fiction,5.279,34,0.3969,en
185440,Gabriel Iglesias: Aloha Fluffy,2013,Comedy|TV Movie,7.0,52,0.3972,en
240000,Lady Gaga & the Muppets Holiday Spectacular,2013,Music|Comedy|TV Movie,5.8,24,0.5429,en
153509,Zombie Massacre,2013,Action|Horror,4.965,114,0.6551,en
118148,Day of the Flowers,2013,Romance|Comedy|Drama,5.0,13,0.5381,en
351982,Styrian Blood,2013,Crime|Drama|TV Movie,6.3,14,1.5393,de
186982,A Liberal Passion,2013,Comedy|Romance,5.6,100,0.7009,it
230235,Maïna,2013,Adventure|Drama,6.4,12,0.6693,iu
208656,Dark Power,2013,Thriller,4.0,15,0.7666,en
195507,Siren,2013,Drama|Fantasy,6.1,19,0.5249,en
172819,Kilimanjaro,2013,Romance|Drama,4.8,10,0.6106,en
177645,Le Débarquement,2013,Comedy|TV Movie,5.1,14,0.583,fr
286971,Innocence,2013,Thriller|Mystery|Adventure|Romance|Horror|Fantasy,4.0,39,0.8304,en
201128,Love Eternal,2013,Mystery|Drama,5.0,17,1.4467,en
171298,Goodbye Morocco,2013,Drama,4.8,12,1.4547,fr
50275,TPB AFK: The Pirate Bay - Away from Keyboard,2013,Documentary|Crime,7.175,358,0.4793,sv
239877,The Mafia Kills Only in Summer,2013,Romance|Comedy|Crime|Drama,7.321,1140,0.5332,it
197999,Iddarammayilatho,2013,Action|Romance,5.583,30,0.4626,te
232612,Demon Inside,2013,Thriller|Horror,5.6,34,0.5991,es
167963,Thesis on a Homicide,2013,Thriller|Drama,6.284,190,0.4467,es
226371,The Taste of Apple Seeds,2013,Drama,6.0,18,0.539,de
153774,The Future,2013,Drama,5.2,27,0.4068,it
180048,Amen,2013,Fantasy|Music|Romance,7.5,35,0.515,ml
190853,Suzanne,2013,Drama,6.9,141,0.6339,fr
283839,Delicious,2013,Drama,5.2,20,0.4656,en
190663,Theeya Velai Seiyyanum Kumaru,2013,Comedy|Drama|Romance,5.4,22,0.6793,ta
218072,Am Hang,2013,Drama|Romance,5.0,12,0.4922,de
210041,Mike Tyson: Undisputed Truth,2013,Comedy|Drama|Documentary|TV Movie,7.1,65,0.6433,en
202960,uwantme2killhim?,2013,Drama|Thriller,5.933,67,0.7293,en
203534,Dealin' with Idiots,2013,Comedy,5.3,42,0.5574,en
213901,Fir Crazy,2013,Comedy|Romance|TV Movie,5.9,67,0.452,en
295581,If I Had Wings,2013,Drama,6.7,66,0.5717,en
193154,Ku! Kin-dza-dza,2013,Animation|Comedy|Science Fiction,4.988,83,0.482,ru
213612,Hot Guys with Guns,2013,Comedy|Action|Romance,4.9,14,0.3999,en
188313,Once Upon a Time in Brooklyn,2013,Crime|Action,4.0,20,0.3883,en
246214,Oru Indian Pranayakadha,2013,Comedy|Romance,6.7,29,0.6499,ml
222299,Self Storage,2013,Crime|Horror,3.9,14,0.3823,en
273651,America's Most Haunted,2013,Horror|Comedy,4.2,20,0.4626,en
235208,Like the Wind,2013,Drama,6.7,14,0.2478,it
166248,Black to the Moon 3D,2013,Animation|Family,4.2,10,0.5627,en
181175,Summoned,2013,TV Movie|Horror|Thriller,4.3,29,1.5409,en
188540,Arrambam,2013,Action|Thriller|Drama,6.326,46,0.5617,ta
211528,Get Lucky,2013,Action,5.0,24,0.4913,en
297017,Soekarno,2013,Drama|History,7.4,13,0.4289,id
162007,Proprietors: Kammath & Kammath,2013,Action|Comedy,3.5,11,0.5565,ml
268898,The Candidate,2013,Comedy,6.6,11,0.4279,sk
199742,David Loman,2013,Comedy|Drama,4.083,12,0.536,zh
291881,BoOzy’ OS and the Cristal Gem,2013,Animation|Adventure|Comedy,7.9,31,0.5276,fr
127962,Leviathan,2013,Documentary,6.534,103,0.4418,en
157017,Five Years,2013,Drama,6.3,24,0.3986,de
246790,Pinocchio,2013,Drama|Fantasy,4.8,18,0.6194,de
186606,iSteve,2013,Comedy,4.524,42,0.4371,en
137179,Metéora,2013,Drama|Romance,6.1,24,0.3545,el
197629,Tour de Force,2013,Comedy,5.5,64,0.5023,fr
191094,The Employer,2013,Thriller,4.341,41,0.5449,en
228736,Banklady,2013,Romance|Action|Crime|Drama|History,5.9,38,0.5978,de
261187,Cerro Torre: A Snowball's Chance in Hell,2013,Documentary|Adventure,6.8,13,0.489,en
179340,Goddess,2013,Comedy|Music,5.7,21,0.438,en
177552,A Resurrection,2013,Horror|Thriller,3.8,41,0.4947,en
150761,Sleepless Night,2013,Drama|Romance,6.6,10,0.4303,ko
502025,Munchausen,2013,Drama|Comedy|Horror,6.739,71,0.5348,en
190950,Having You,2013,Drama,5.0,21,0.4995,en
214105,The Wonders,2013,Mystery|Drama,6.2,13,0.4453,he
225564,The Ultimate Accessory,2013,Comedy,5.2,161,0.5415,fr
223680,Love Building,2013,Comedy|Drama,6.8,10,1.6238,mo
213831,Drew: The Man Behind the Poster,2013,Documentary,7.0,40,0.4508,en
227493,Tattoo,2013,Drama,7.6,82,0.4538,pt
211707,Grounded: Making The Last of Us,2013,Documentary,7.788,40,0.3634,en
197759,Bonitinha  Mas Ordinária,2013,Drama,4.6,21,0.3949,pt
107020,Huff,2013,Thriller|Horror,4.3,19,0.3551,en
231617,Signed  Sealed  Delivered,2013,Comedy|Drama|Romance|TV Movie,6.7,38,0.5571,en
147367,Slightly Single in L.A.,2013,Comedy|Romance,4.7,30,0.417,en
199573,Galore,2013,Drama,5.8,11,0.5212,en
226576,Likeness,2013,Drama,6.1,34,1.483,en
170279,Ushi Must Marry,2013,Comedy,3.4,13,0.4968,nl
84197,Filly Brown,2013,Drama|Music,6.2,20,1.7152,en
217584,KL Gangster 2,2013,Action|Crime|Drama,7.5,10,0.3709,ms
366985,The Beautiful Beast,2013,Drama|Romance,5.3,19,0.5537,en
210983,The Sweeter Side of Life,2013,TV Movie|Comedy|Romance,5.8,42,0.3705,en
175200,The Party,2013,Thriller|Drama,6.2,10,0.4675,ar
228710,The Walking Dead: A Decade of Dead,2013,Documentary,7.6,13,0.3874,en
220674,The Wipers Times,2013,Comedy|War|Drama|TV Movie,6.3,24,0.4456,en
231616,Brother's Keeper,2013,Drama,5.1,13,0.4254,en
257976,The Hospital,2013,Horror,2.9,22,0.4011,en
260386,Abner  the Invisible Dog,2013,Comedy|Family,4.9,11,0.4627,en
171767,I  Me aur Main,2013,Drama,4.611,18,0.5124,hi
344796,Army of Frankensteins,2013,Comedy|Adventure|Horror,3.9,27,0.4039,en
204384,Finsterworld,2013,Drama,6.4,62,1.6573,de
202570,Snails in the Rain,2013,Drama,5.7,44,0.547,he
178915,Welcome Mr. President!,2013,Comedy,6.16,706,0.5893,it
203264,Percentage,2013,Action|Crime,4.5,20,0.3869,en
248401,A Farewell to Fools,2013,Comedy|Drama|War,5.188,16,0.5147,en
219343,Lucia,2013,Fantasy|Romance|Thriller,7.1,59,0.5724,kn
223971,Hunt vs Lauda: F1's Greatest Racing Rivals,2013,Documentary,7.6,23,0.4632,en
259894,A Sister's Revenge,2013,Thriller|Drama|Mystery|TV Movie,4.8,12,0.3423,en
236028,Castello Cavalcanti,2013,Comedy|Drama,7.006,311,0.5324,en
199423,Visitors,2013,Documentary,6.3,31,0.3915,en
260646,Victor Young Perez,2013,Drama|History,5.9,22,0.4026,fr
168802,Heebie Jeebies,2013,Horror,4.6,14,1.4156,en
248424,Papita  maní  tostón,2013,Comedy|Romance,7.69,84,0.4142,es
255298,Rabid Love,2013,Horror|Thriller,3.1,14,0.3969,en
159673,He's Way More Famous Than You,2013,Comedy,4.2,20,0.6419,en
241071,Brightest Star,2013,Comedy|Drama|Romance,4.3,24,1.4637,en
168742,The Rocket,2013,Drama,6.6,65,0.4184,lo
132236,Four Assassins,2013,Thriller,4.4,13,1.5237,en
221800,Money for Nothing: Inside the Federal Reserve,2013,Documentary,6.8,19,0.4482,en
438505,Ibitsu,2013,Comedy,7.3,30,0.5529,ja
202580,Hush! Girls Don't Scream,2013,Crime|Drama,6.6,28,0.4356,fa
89876,Doonby,2013,Drama|Mystery,4.3,14,0.4621,en
180960,Celestial Wives of the Meadow Mari,2013,Drama,5.5,22,0.5465,ru
150897,Paradise: Hope,2013,Drama,6.23,124,0.659,de
157293,ABCD,2013,Drama,5.905,63,0.6973,hi
167330,Mord in Eberswalde,2013,Crime|Thriller|TV Movie,5.5,10,0.5303,de
190870,Tip Top,2013,Comedy|Thriller,4.2,38,0.5374,fr
182415,White as Milk  Red as Blood,2013,Drama|Comedy,6.255,627,0.4434,it
241066,I Feel Like Disco,2013,Comedy|Drama,5.5,21,0.3357,de
188598,Ilo Ilo,2013,Drama|Family,6.866,123,0.4061,zh
167221,Long Live Freedom,2013,Comedy|Drama,6.808,211,0.4615,it
159138,The Crash Reel,2013,Documentary,7.3,66,0.3662,en
226363,Powder Room,2013,Comedy,4.5,24,0.4777,en
170750,Getting Go: The Go Doc Project,2013,Drama,6.213,54,0.4616,en
185896,Malaria,2013,Action|Animation|Western,7.5,20,0.5436,pt
251552,Backyard Ashes,2013,Comedy,6.3,10,0.3955,en
227974,Bushido Man,2013,Action,5.719,16,0.5583,ja
251266,Sex After Kids,2013,Comedy,5.5,46,0.4029,en
191104,Wolf,2013,Drama|Thriller|Crime,6.7,53,0.9303,nl
185472,Dust of War,2013,Action|Science Fiction|Thriller,5.8,21,0.2932,en
246096,7E,2013,Unknown,3.8,11,0.5034,en
218197,Thanga Meenkal,2013,Drama,7.4,11,0.553,ta
243706,Endrendrum Punnagai,2013,Comedy|Romance,6.5,15,0.5938,ta
211097,From the Rough,2013,Drama,6.1,17,0.4576,en
207257,Vijay and I,2013,Comedy,5.0,15,0.4459,de
129385,Gingerclown,2013,Comedy|Horror,3.3,27,0.492,en
230453,Raptor Ranch,2013,Horror|Thriller|Science Fiction,4.688,32,0.4135,en
168814,Will You Still Love Me Tomorrow?,2013,Comedy|Drama|Romance,5.6,19,0.4637,zh
179812,Camp,2013,Drama,7.5,15,0.5064,en
199740,Nobody Owns Me,2013,Drama,6.7,34,0.5141,sv
170286,Nacht über Berlin,2013,Drama|TV Movie,7.0,10,0.4582,de
156236,Cycling with Molière,2013,Drama|Comedy,6.482,219,0.4509,fr
181565,Outing: Engaged by Mistake,2013,Comedy,5.1,85,0.3216,it
181882,Baadshah,2013,Action|Comedy,5.4,22,0.6207,te
224061,Atharintiki Daaredi,2013,Action|Comedy|Drama,6.568,37,0.5006,te
203039,Snake Club: Revenge of the Snake Woman,2013,Horror|Fantasy,3.9,13,0.4224,en
202807,Madonna: MDNA World Tour,2013,Music,7.9,34,0.5039,en
175245,Ferocious,2013,Thriller,5.5,12,0.4796,en
220923,Zinda Bhaag,2013,Drama|Family|Music,6.7,10,0.4035,ur
924848,Sherlock: Many Happy Returns,2013,Crime|Drama|Mystery,8.0,17,0.4934,en
237690,The Devil's Dozen,2013,Thriller|Horror,3.9,17,0.438,en
61580,Baby Blues,2013,Drama|Thriller,4.1,31,0.4921,pl
161056,8-Ball,2013,Drama|Crime,5.8,36,0.5225,fi
163433,Not Very Normal Activities,2013,Comedy|Horror,3.274,106,0.2922,fr
179242,23 Minutes to Sunrise,2013,Fantasy|Drama|Horror,4.7,13,0.491,en
174369,Deep Powder,2013,Thriller|Drama,4.875,16,0.3514,en
181462,Akaash Vani,2013,Romance|Drama,5.5,13,0.5055,hi
311017,Ghost Train,2013,Fantasy|Horror,6.194,18,0.4588,en
293562,The Insomniac,2013,Mystery|Drama|Crime|Thriller,4.3,13,0.5946,en
189021,Denis,2013,Comedy,4.1,35,1.6273,fr
228198,I Have No Idea What I’m Doing With My Life,2013,Drama|Comedy,6.9,28,0.3257,pt
178255,Player,2013,Comedy,4.2,16,1.5996,da
203217,My Mom Is a Character,2013,Comedy,7.7,682,0.3992,pt
69510,Irandam Ulagam,2013,Action|Romance|Fantasy,4.7,21,0.6008,ta
214348,Qissa: The Tale of a Lonely Ghost,2013,Drama,6.0,20,0.4562,pa
249033,A Country Christmas,2013,Family,6.0,10,0.4901,en
133758,The Greatest Movie Ever Rolled,2013,Documentary,5.5,10,0.3359,en
212606,A Thousand Times Good Night,2013,Drama,6.9,144,0.4842,no
101998,Foxfire,2013,Drama,5.7,82,0.4645,en
175447,Once Upon a Time in Vietnam,2013,Fantasy|Action,5.636,11,0.5651,vi
233015,All in All Azhagu Raja,2013,Comedy|Romance,3.595,21,0.5059,ta
228331,A Perfect Man,2013,Drama,4.0,38,0.4592,en
242112,Junk Head 1,2013,Science Fiction|Animation,7.4,14,0.3517,ja
198273,I Love You Renato,2013,Drama|Romance,6.0,15,0.4099,pt
52268,The Dog Who Saved Christmas Vacation,2013,Comedy|Family,4.0,19,0.6119,en
203665,Paris or Perish,2013,Comedy,5.872,309,0.3515,fr
222297,On the Way to School,2013,Documentary,6.8,103,0.502,fr
314915,In a Heartbeat,2013,Horror|Romance|Mystery,3.5,11,0.3773,en
210219,Jet Stream,2013,Action|Adventure|Drama|Science Fiction|TV Movie,5.2,37,0.3329,en
223381,Time and the Wind,2013,Drama|History|War,7.1,55,0.48,pt
226269,13/13/13,2013,Horror,4.057,53,0.4919,en
215031,Gabrielle,2013,Drama|Romance,6.5,42,0.6475,fr
227071,Doom Room,2013,Horror|Thriller,4.6,12,0.2695,en
171280,Chimères,2013,Horror|Drama|Romance,5.6,18,0.2735,fr
203778,Marathon,2013,Comedy|Drama,4.6,11,0.4281,ru
200156,Bold Eagles,2013,Family|Animation,4.6,15,0.4748,no
136466,Sparrows Dance,2013,Comedy|Drama|Romance,6.2,22,0.5253,en
238752,Time of Death,2013,TV Movie|Thriller,5.9,18,0.4937,en
157771,Counterpunch,2013,Action|Adventure|Drama,4.1,11,0.4142,en
242648,The Falls: Testament of Love,2013,Drama|Romance,5.976,41,0.4956,en
174808,Last Hours in Suburbia,2013,Mystery|Thriller|Crime|Fantasy|TV Movie,4.9,25,0.3824,en
228417,Life Tracker,2013,Science Fiction,4.9,11,0.2847,en
192160,This Is Our Time,2013,Drama,4.9,14,0.4753,en
204259,5 Sundarikal,2013,Family|Romance,6.9,24,0.5089,ml
206419,Red Line,2013,Thriller,4.9,56,0.4159,en
172897,Some Girl(s),2013,Comedy|Drama,5.1,79,0.4701,en
218736,Back on Track,2013,Drama|Comedy,7.323,93,0.2946,de
223732,Bloody Homecoming,2013,Horror,4.2,30,1.4388,en
194121,Dark Circles,2013,Horror,5.0,101,0.5299,en
173484,Rewind This!,2013,Documentary,6.9,69,0.5373,en
211914,Unlucky Charms,2013,Horror|Fantasy,3.3,15,0.4856,en
174845,Meth Head,2013,Drama,4.3,15,0.3689,en
208028,Exhibition,2013,Drama,5.034,29,0.4389,en
175606,Les Coquillettes,2013,Comedy|Drama,4.4,28,0.9502,fr
247845,The Great Martian War 1913–1917,2013,Drama|War|History|Science Fiction|Documentary,6.3,10,0.3641,en
231846,The Night She Came Home!!,2013,Documentary,9.6,15,0.4617,en
239180,Window Wonderland,2013,Romance|Comedy|TV Movie,5.607,70,0.4646,en
215037,Blind Dates,2013,Drama|Comedy|Romance,6.4,16,0.3901,ka
199825,Nerve,2013,Drama|Mystery,5.3,10,0.448,en
169644,Stalled,2013,Comedy|Horror,4.8,69,0.4824,en
191482,Domestic Life,2013,Drama,5.61,50,0.4355,fr
240905,Christmas Bounty,2013,Action|Comedy|TV Movie,4.478,23,0.4315,en
121572,Toad Road,2013,Drama|Horror|Thriller,4.7,37,1.2504,en
342892,Sequin Raze,2013,Comedy|Drama,6.2,10,0.3839,en
300474,Weekend,2013,Crime|Drama|Mystery,4.25,12,0.3749,ru
204261,ABCD: American-Born Confused Desi,2013,Comedy,7.0,49,0.4787,ml
172729,An American Terror,2013,Drama|Horror,3.8,19,0.4135,en
133964,Pluto,2013,Drama|Mystery,7.0,32,0.4714,ko
484626,Living Dark: The Story of Ted the Caver,2013,Horror,4.867,30,0.4122,en
228720,Ninpuu Sentai Hurricaneger: 10 YEARS AFTER,2013,Action|Adventure|Science Fiction|Fantasy,5.833,12,0.353,ja
254009,Mosquito-Man,2013,Horror|Action|Adventure|Science Fiction,4.1,10,0.4443,en
177271,LEGO Batman: The Movie - DC Super Heroes Unite,2013,Family|Animation|Adventure|Comedy,6.467,299,0.4997,en
164233,Jonah,2013,Fantasy,5.7,20,0.3387,en
224946,Motivational Growth,2013,Comedy|Drama|Fantasy,6.1,15,0.4348,en
199549,True Friends,2013,Comedy|Romance,5.891,46,0.423,fr
214826,Things Never Said,2013,Drama,6.2,10,0.3765,en
214135,A Wolf at the Door,2013,Drama|Thriller|Crime,7.2,213,0.4465,pt
160118,Child's Pose,2013,Drama,6.7,144,0.6552,ro
205939,The Crown and the Dragon,2013,Fantasy|Adventure,5.0,42,0.4459,en
305387,The Magic Snowflake,2013,Family|Animation,6.4,39,0.4215,fr
244514,Colpi di fortuna,2013,Comedy,4.7,250,0.4366,it
238177,Jimmy Carr: Laughing and Joking,2013,Comedy,7.366,41,0.3938,en
220848,Ultimate Wolverine vs. Hulk,2013,Animation,6.7,20,0.3702,en
159153,Running from Crazy,2013,Documentary,6.0,10,0.2605,en
296137,Spinning,2013,Animation|Family|Comedy,6.2,68,0.4198,en
209401,Half of a Yellow Sun,2013,Romance|Drama,4.9,28,0.5171,en
152273,The Sarnos: A Life in Dirty Movies,2013,Documentary,5.9,19,0.5545,en
180787,Our Wild Hearts,2013,Family|TV Movie,6.6,17,0.4024,en
174366,Bridegroom,2013,Documentary|Drama,7.3,88,0.3624,en
255801,JerryMaya's Detective Agency – von Broms' Secret,2013,Family|Mystery|Adventure|Comedy,5.938,16,0.4701,sv
240634,How Videogames Changed the World,2013,Documentary|TV Movie,6.8,32,0.4425,en
229065,A Fuller Life,2013,Documentary,6.6,12,0.4309,en
261829,One Way Ticket to the Moon,2013,Drama,6.2,23,0.3992,pl
227262,Frau Ella,2013,Comedy,6.5,75,0.4342,de
224458,Trapped,2013,Drama|Thriller,5.6,10,0.302,fa
157016,Our Nixon,2013,Documentary,6.4,22,0.4725,en
258667,Titans of the Ice Age,2013,Documentary,7.1,11,0.5616,en
239318,Angel of the Skies,2013,War,5.3,18,0.5183,en
230129,Between Us,2013,Drama,6.3,58,0.3452,pt
332373,Hitch-Hike,2013,Crime|Thriller,3.9,11,0.5379,ja
214099,Rock the Casbah,2013,Comedy|Drama,6.3,24,0.371,fr
203145,A Place on Earth,2013,Drama,5.8,43,0.3673,fr
236768,Rush - Clockwork Angels Tour,2013,Music,7.6,17,0.3862,en
420420,Riding Shotgun,2013,Animation|Action|Comedy,7.3,11,0.3709,en
207271,Army of the Damned,2013,Horror,3.6,17,0.3349,en
191492,Step Back to Glory,2013,Drama|Action,5.8,10,0.4358,zh
86817,The Cosmonaut,2013,Drama|Science Fiction,4.614,22,0.362,es
255497,This Thing with Sarah,2013,Comedy|Drama|Romance,5.2,10,0.4232,en
209385,Wałesa: Man of Hope,2013,Drama|History,5.7,85,0.4547,pl
252180,Friends of Friends,2013,Comedy,2.5,15,0.3504,ru
193173,Ah Boys To Men 2,2013,Comedy|Drama|War,6.9,11,0.4145,en
299552,Born of War,2013,Action|Thriller|War,3.9,17,0.36,en
185457,Shadow on the Mesa,2013,Adventure|Western|Action,6.0,16,0.4757,en
258305,Hunt for the Labyrinth Killer,2013,TV Movie|Mystery|Thriller|Crime,5.2,15,0.4439,en
239793,Thira,2013,Thriller,7.0,11,0.4038,ml
217326,N.Y.C. Underground,2013,Action|Thriller,4.7,15,0.3185,en
180794,Tom  Dick and Harriet,2013,Comedy|TV Movie,5.0,10,0.3499,en
114779,It's a Disaster,2013,Comedy,6.272,239,0.6828,en
211777,More Than Two Hours,2013,Drama,6.2,22,0.5384,fa
207260,Wrath of the Crows,2013,Horror|Mystery|Thriller,4.8,13,0.34,en
238469,Little Favour,2013,Action|Thriller,6.5,26,0.41,en
174324,Gore Vidal: The United States of Amnesia,2013,Documentary,7.8,32,0.4015,en
225235,The Geographer Drank His Globe Away,2013,Drama,6.694,124,0.4944,ru
214493,Isis Rising: Curse of the Lady Mummy,2013,Horror,2.4,19,0.4593,en
253205,Deadly Weekend,2013,Horror|Thriller,3.0,43,0.5095,en
187442,¡Asu Mare!,2013,Comedy,6.813,32,0.3194,es
297347,Cholera,2013,Crime|History|Fantasy,6.9,12,0.372,es
238301,Dragonwolf,2013,Action,2.725,20,0.4268,en
854344,Senritsu Kaiki File Kowasugi! File 04: The Truth! Hanako-san in the Toilet,2013,Horror|Science Fiction,6.9,14,0.5233,ja
225160,The Marchers,2013,Drama,6.3,73,0.2507,fr
255295,Speak No Evil,2013,Horror,4.3,49,0.4528,en
229702,Zephyr Springs,2013,Thriller,5.417,18,0.3211,en
225719,Playing Dead,2013,Comedy,5.4,138,0.4293,fr
222671,Dick Figures: The Movie,2013,Action|Adventure|Animation|Fantasy|Comedy|Science Fiction,6.043,47,0.324,en
196255,Gregory Go Boom,2013,Comedy|Drama,6.2,23,0.3852,en
225935,The Watsons Go to Birmingham,2013,Family|TV Movie,7.037,27,0.3346,en
157447,Prosecuting Casey Anthony,2013,Drama|TV Movie,5.7,18,0.4161,en
271488,Malignant,2013,Horror|Thriller|Science Fiction,3.9,16,0.5244,en
175806,Famous Five 2,2013,Family|Adventure,6.15,50,0.5305,de
239347,Kristin's Christmas Past,2013,TV Movie|Comedy|Family|Fantasy,5.898,54,0.4679,en
178290,The Punk Singer,2013,Documentary|Music,7.1,89,0.3393,en
255389,Hooked Up,2013,Horror|Thriller|Crime,4.2,22,1.2202,en
185574,Louis C.K.: Oh My God,2013,Comedy,7.629,210,0.2955,en
217446,Satyagraha,2013,Drama,6.2,39,0.4253,hi
190742,Neram,2013,Comedy|Thriller|Drama|Action,7.2,51,0.5127,ml
224244,Discopath,2013,Crime|Horror,4.3,40,0.3996,en
221801,Naked as We Came,2013,Drama,5.8,51,0.3452,en
226701,The Nightmare Nanny,2013,TV Movie|Drama|Thriller,5.5,24,0.4718,en
174678,Mr. Jones,2013,Horror|Thriller|Drama,4.778,117,0.4676,en
307696,Coda,2013,Drama|Animation,7.3,65,0.2972,en
244843,Black February,2013,Comedy|Drama,6.9,12,0.5721,ar
211078,When Jews Were Funny,2013,Documentary,6.5,11,0.4791,en
114962,Modest Reception,2013,Drama|Comedy,6.4,16,0.3769,fa
142106,Petunia,2013,Comedy|Drama,4.7,18,0.4273,en
199604,The Girl from the Wardrobe,2013,Drama|Comedy,5.8,22,0.5537,pl
395437,Sink Hole,2013,Action|Drama,4.8,18,0.3988,en
215254,Clapping for the Wrong Reasons,2013,Comedy|Drama,6.6,18,0.3674,en
202262,Svengali,2013,Comedy,5.3,29,0.4285,en
174671,Dark Touch,2013,Horror,5.111,126,0.4941,en
278475,Şevkat Yerimdar,2013,Comedy|Romance,5.0,22,0.3541,tr
202141,Particle Fever,2013,Documentary,7.065,245,0.3971,en
174319,Elaine Stritch: Shoot Me,2013,Documentary,7.5,28,0.4355,en
232898,Storm Rider,2013,Family|Drama,6.539,38,0.5672,en
202214,Real Playing Game,2013,Science Fiction|Action|Adventure,4.0,27,0.4268,en
213891,Blue Dream,2013,Drama,4.3,11,0.5196,en
97938,Heart of the Country,2013,Drama|Romance,6.2,44,0.3645,en
166089,Scorpion in Love,2013,Romance|Thriller|Drama,6.2,31,0.4721,es
173847,Amiche da morire,2013,Romance|Crime|Comedy,6.454,261,0.4219,it
190824,Hôtel Normandy,2013,Comedy|Romance,4.737,38,0.4406,fr
169683,See You Tomorrow,2013,Comedy,5.7,121,0.4912,it
157384,Mother of George,2013,Drama,5.3,31,0.3195,en
124091,The Legend of Kaspar Hauser,2013,Comedy|Mystery|Science Fiction|Western,5.761,46,0.4044,it
159344,Gold,2013,Adventure|Drama|Western,5.8,61,0.4235,de
169800,The Retrieval,2013,Western|Drama|History|Adventure,6.453,53,0.3232,en
161782,Hansel & Gretel: Warriors of Witchcraft,2013,Thriller|Horror|Adventure|Action,3.74,48,0.4313,en
207780,Antisocial,2013,Horror|Thriller,4.639,133,0.4117,en
158479,Pieces of Me,2013,Drama,5.2,43,0.4505,fr
270643,Love of My Life,2013,Thriller|Horror,4.3,11,0.3681,en
238018,The Christmas Ornament,2013,Romance|TV Movie,6.0,40,0.3863,en
203715,Aya of Yop City,2013,Animation|Romance|Comedy,7.2,53,0.3473,fr
229015,Bratz: Go to Paris the Movie,2013,Family|Animation,8.0,17,0.4396,en
143146,Ritual,2013,Horror,4.7,16,0.4885,en
234162,The Medicine Seller,2013,Drama,6.6,40,0.2424,it
173912,Just a Sigh,2013,Drama|Romance,6.2,33,0.3817,fr
167668,Love Battles,2013,Drama,5.6,32,0.5984,fr
186976,The Golden Dream,2013,Drama,6.852,152,0.4895,es
159500,La tendresse,2013,Comedy|Drama,5.8,23,0.4088,fr
357110,The Wine of Summer,2013,Drama,5.75,10,0.3791,en
250312,Mary Is Happy  Mary Is Happy.,2013,Drama|Comedy,7.4,35,0.3826,th
231811,The Fjällbacka Murders: The Queen of Lights,2013,Crime|Mystery|Drama|Thriller,5.7,18,0.3591,sv
236325,Stay Away from Me,2013,Comedy|Romance,5.9,221,0.4561,it
356482,Murder in the Dark,2013,Horror|Mystery|Thriller,5.2,12,0.3079,en
220677,The Bell Witch Haunting,2013,Horror,3.807,58,0.3042,en
177703,Broadway Idiot,2013,Documentary|Music,6.9,19,0.2377,en
230211,Bros Before Hos,2013,Comedy,6.139,119,0.35,nl
228290,A Small Southern Enterprise,2013,Comedy,5.648,118,0.4201,it
245792,Christmas Belle,2013,Drama|Romance|TV Movie,5.7,70,0.4624,en
204255,We Are the Freaks,2013,Comedy,5.1,15,0.4001,en
214218,Life's a Breeze,2013,Drama|Comedy,6.196,46,0.3645,en
279370,Beautiful New Bay Area Project,2013,Action|Drama,6.0,12,0.5159,ja
220512,Mortal Remains,2013,Horror|Mystery|Thriller,5.7,14,0.2523,en
204709,The Scapegoat,2013,Drama,5.921,126,0.3641,fr
141267,Johan Falk: Kodnamn: Lisa,2013,Action|Crime|Thriller,7.152,46,0.4218,sv
216546,Ragin Cajun Redneck Gators,2013,Horror|Thriller|Science Fiction,3.6,24,0.3036,en
171158,Government Woman,2013,Comedy,5.993,71,0.3489,tr
245492,Geethanjali,2013,Horror|Mystery|Thriller,3.8,12,0.4137,ml
226167,Be My Valentine,2013,Romance|Comedy|TV Movie,5.667,21,0.4988,en
197393,David Bowie: Five Years,2013,Documentary|Music|TV Movie,7.5,48,0.7622,en
239899,Christmas with Tucker,2013,Drama|TV Movie,5.978,23,0.4082,en
222264,Paranormal Asylum: The Revenge of Typhoid Mary,2013,Horror,4.0,29,0.3685,en
220153,Iliza Shlesinger: War Paint,2013,Comedy,6.5,70,0.4535,en
246824,Courier from 'Paradise',2013,Comedy|Adventure,5.1,12,0.3552,ru
237214,Duniyadari,2013,Romance|Comedy|Drama,6.9,11,0.2924,mr
524135,Grotto,2013,Drama,5.0,10,0.334,en
248229,The Land of Good Little Kids,2013,Adventure|Family,3.8,19,0.4572,ru
205749,The List,2013,Thriller,4.3,16,0.5747,en
229405,Panic in the Mailroom,2013,Animation|Family|Comedy|Science Fiction,6.813,155,0.4749,en
207273,Chilling Visions: 5 Senses of Fear,2013,Horror,4.8,49,0.3573,en
136737,Keep Smiling,2013,Comedy|Drama,5.9,14,0.2837,ka
163431,Ego,2013,Drama|Romance|Comedy,6.3,38,0.4314,sv
178687,616: Paranormal Incident,2013,Horror,4.15,30,0.3335,en
223202,The Referee,2013,Comedy,6.154,78,0.3642,sc
208305,Cyanide,2013,Drama,5.5,17,0.4495,fr
169609,Sources of Life,2013,Drama,5.9,20,0.3451,de
222772,Lion's Heart,2013,Comedy|Romance|Drama,6.771,118,0.3371,es
230731,Louis & Luca and the Snow Machine,2013,Animation|Family,6.8,38,0.4062,no
181521,Lotgenoten,2013,Drama,5.8,12,0.4759,nl
242250,Love is the Word,2013,Drama|Romance,5.8,22,0.4562,nl
176238,Hawking,2013,Documentary,7.604,53,0.4366,en
214355,Cine Holliúdy,2013,Comedy,6.4,67,0.3156,pt
168145,Devil May Call,2013,Horror,5.4,17,0.3078,en
216040,Summer Crisis,2013,Drama|History,5.1,10,0.4241,fr
288911,Intergalactic Swingers,2013,Comedy|Science Fiction|Romance,3.2,10,0.5476,en
160649,Romans,2013,Comedy|Thriller|Mystery,6.6,20,0.2869,ml
168056,The Fjällbacka Murders: Friends for Life,2013,Crime|Drama|Mystery|Thriller,6.0,20,0.2936,sv
260375,Vedivazhipadu,2013,Comedy,4.5,10,0.355,ml
156284,Fire in the Blood,2013,Documentary,7.5,19,0.4058,en
163814,Nearlyweds,2013,Romance|TV Movie|Comedy,6.301,68,0.3664,en
130612,Harry Dean Stanton: Partly Fiction,2013,Documentary,6.9,47,0.424,en
210626,The Lady Assassin,2013,Action,5.5,13,0.5913,vi
199288,Memories They Told Me,2013,Drama,6.0,10,0.3304,pt
149390,Kanna Laddu Thinna Aasaiya,2013,Comedy,4.5,11,0.2994,ta
199977,For a Woman,2013,Drama,5.936,55,0.54,fr
210293,The Smile Man,2013,Comedy|Drama,7.387,71,0.435,en
209353,Those Happy Years,2013,Drama|Comedy,6.1,71,0.5088,it
159154,We Steal Secrets: The Story of WikiLeaks,2013,Documentary|Drama,6.543,164,0.381,en
155888,Games of Clouds and Rain,2013,Drama|Romance|Comedy,5.7,12,0.3953,fr
231720,LUNAR,2013,Science Fiction,4.8,12,0.363,en
225264,The Murder in Angel Lane,2013,Mystery|Drama|TV Movie|Crime,6.9,25,0.4595,en
182026,Stranger Things,2013,Drama,8.528,71,0.4515,en
241999,A Star for Christmas,2013,Comedy|Drama|Romance|TV Movie,5.6,46,0.3734,en
204768,The World Petanque Tour,2013,Comedy,5.1,78,0.3076,fr
220809,The Phone Call,2013,Drama,7.3,73,0.3343,en
160171,Closed Curtain,2013,Drama,6.9,22,0.4196,fa
245224,The Tractate Middoth,2013,Thriller|Mystery|Horror|TV Movie,7.1,13,0.3379,en
222433,Cal,2013,Drama,5.0,20,0.4187,en
83229,Hovering Over the Water,2013,Drama|Romance,7.4,18,0.3133,pt
219230,Inhumans,2013,Animation,5.8,11,0.5188,en
227075,Nothing Can Stop Us Now,2013,Comedy,5.721,70,0.3907,it
224840,From the Future with Love,2013,Science Fiction,5.4,10,0.3004,en
224003,Dragonfyre,2013,Action|Adventure|Fantasy,3.956,45,0.907,en
187628,Shed No Tears,2013,Drama|Music|Romance,6.721,43,0.4702,sv
255534,Sins of the Preacher,2013,Drama|Thriller|Mystery|TV Movie,5.3,13,0.419,en
302135,Skating to New York,2013,Drama,6.1,17,0.356,en
218993,Before the Winter Chill,2013,Drama,6.0,82,0.3475,fr
202215,Queens of the Ring,2013,Comedy,5.773,110,0.4705,fr
219508,Talk to the Dead,2013,Drama|Horror,5.364,11,0.4712,ja
211233,The Hijack That Went South,2013,Thriller|Crime,5.6,23,0.3292,fi
159142,Linsanity,2013,Documentary,6.7,31,1.5512,en
254170,Random Encounters,2013,Comedy,5.1,20,0.359,en
248211,Liar's Dice,2013,Drama,6.4,19,0.3274,hi
215928,Around the Block,2013,Drama,5.1,39,0.3664,en
235388,Beast of the Bering Sea,2013,Science Fiction|Drama,3.7,22,0.4616,en
212754,Siddharth,2013,Drama,7.0,12,0.4268,hi
201893,Treasures of Lake Kaban,2013,Comedy|Adventure|Romance,4.8,17,0.4068,ru
268546,Going Our Way 2,2013,Comedy,7.7,10,0.2388,sl
221243,Blackout,2013,Drama,6.714,14,0.391,en
179100,Abuse of Weakness,2013,Drama,5.238,42,0.4029,fr
206292,The Desert,2013,Science Fiction|Drama,4.2,15,0.2735,es
168022,Monster Pies,2013,Drama|Romance,5.7,50,0.2849,en
209293,Louis Cyr: The Strongest Man in the World,2013,Drama|History,6.622,37,0.4516,fr
171277,The House Across the Street,2013,Horror|Thriller,4.7,10,0.3507,en
149715,Speechless,2013,Drama|Romance,5.75,16,0.3736,zh
190851,Les Apaches,2013,Drama,4.625,20,0.3143,fr
205864,The Eternal Return of Antonis Paraskevas,2013,Drama,4.8,19,0.5202,el
226788,Brotherhood of Tears,2013,Mystery|Thriller,5.9,51,0.3797,fr
211796,The Last Time I Saw Richard,2013,Drama|Fantasy|Horror,6.5,29,0.2824,en
197599,Fateful Findings,2013,Drama|Fantasy,4.308,112,0.336,en
191741,Biriyani,2013,Action|Comedy|Thriller,4.8,29,0.5301,ta
193523,Hotel,2013,Drama,5.9,45,0.2883,sv
270597,6 Minutes of Death,2013,Science Fiction,3.8,12,0.35,en
223993,Rabbit Without Ears and Two-Eared Chick,2013,Animation,5.477,22,0.3149,de
267618,Googly,2013,Comedy|Romance,6.5,11,0.5435,kn
157117,Sound City,2013,Music|Documentary,7.377,248,0.3717,en
217475,The Life After,2013,Drama,5.5,10,0.3634,es
228445,Stockholm Stories,2013,Drama,6.1,14,0.3246,sv
165420,Arrest Me,2013,Thriller,5.0,45,0.3636,fr
203539,When Inge Is Dancing,2013,Music|Comedy,6.725,91,0.3631,de
237863,Tragedy in a Country Churchyard,2013,Crime,6.3,14,0.3585,sv
227655,So This Is Christmas,2013,Romance|Drama|Comedy,4.3,11,0.3186,en
209418,Wounded,2013,Drama,4.971,35,0.3714,es
273856,Cruel Will,2013,Thriller|Horror,3.4,11,0.266,en
180410,Here's the Deal,2013,Comedy,4.978,23,0.2724,es
224057,North 24 Kaatham,2013,Adventure|Comedy|Family,7.6,39,0.47,ml
216285,Rob Schneider: Soy Sauce and the Holocaust,2013,Comedy,5.5,12,0.3645,en
253395,Above Dark Waters,2013,Drama,6.2,15,0.3329,fi
184793,Nautanki Saala!,2013,Comedy|Romance,5.1,25,0.3366,hi
180810,And Now a Word from Our Sponsor,2013,Comedy,4.0,24,0.364,en
434552,The Firefly,2013,Drama|Fantasy|Romance,6.855,121,0.4335,es
227261,Love Is Blind,2013,Drama|Romance,5.6,11,0.3477,et
226936,Aspirante vedovo,2013,Comedy,4.9,414,1.489,it
352387,Fool's Day,2013,Comedy|Drama,7.8,14,0.4213,en
246575,Mountains of the Moon,2013,Adventure|Mystery,5.6,17,0.4051,bn
350556,Broomshakalaka,2013,Comedy,7.3,14,0.3737,en
249060,A Snow Globe Christmas,2013,Drama|Romance|Fantasy|TV Movie,5.531,48,0.4731,en
215924,The Amazing Catfish,2013,Comedy|Drama,6.7,44,0.3117,es
230168,Solo,2013,Thriller|Horror,5.4,43,0.311,en
174353,Michael H. – Profession: Director,2013,Documentary,6.2,23,0.38,de
226931,Last Summer,2013,Horror|Thriller,6.2,13,0.3797,th
218855,The Blackout,2013,Comedy,3.2,11,0.4716,en
174688,The Trials of Muhammad Ali,2013,Documentary,7.1,20,0.3134,en
287983,Dust,2013,Fantasy|Drama,6.8,23,0.3153,en
139521,Matru Ki Bijlee Ka Mandola,2013,Comedy|Drama,5.593,43,0.3111,hi
177146,Flying Monkeys,2013,Fantasy|Horror|Science Fiction,5.2,31,0.4544,en
199122,Friend,2013,Drama,6.462,13,0.3215,en
234124,The Dead Inside,2013,Horror|Action|Science Fiction,3.9,18,0.3908,en
188758,Nothing Bad Can Happen,2013,Drama|Horror|Crime,7.1,70,0.4947,de
167198,The Midnight Game,2013,Thriller|Horror,3.7,19,0.2538,en
226320,The Book of Manning,2013,Documentary,8.1,14,0.5064,en
231809,Silent Night  Bloody Night: The Homecoming,2013,Horror,2.5,16,0.2962,en
246524,Wedding Association,2013,Comedy,6.184,147,0.3146,tr
245536,Rabbit and Deer,2013,Adventure|Animation,7.1,28,0.3722,hu
172008,Complicit,2013,Drama,5.3,13,0.3674,en
232610,JFK: The Smoking Gun,2013,Documentary,7.0,14,0.3867,en
220806,Orbit Ever After,2013,Science Fiction|Romance|Comedy,7.086,29,0.4181,en
228606,The Secret Village,2013,Mystery|Thriller,2.731,26,0.289,en
228915,Lord of Tears,2013,Drama|Horror,5.3,33,0.3545,en
191850,Room 8,2013,Drama|Fantasy|Science Fiction|Thriller|Horror,7.483,86,0.3807,en
280459,Bad Behavior,2013,Thriller|TV Movie,5.8,13,0.357,en
224087,Run,2013,Action|Drama,5.5,58,0.3105,en
199643,The Big Bad Wolf,2013,Comedy|Romance,5.3,141,0.4269,fr
173495,UnHung Hero,2013,Documentary|Comedy,5.2,48,0.4306,en
212740,Canela,2013,Comedy,5.8,19,0.3603,es
241448,Village People,2013,Comedy,4.9,15,0.403,fi
208381,State of Mind: The Psychology of Control,2013,Documentary,7.3,10,0.2232,en
159037,The Square,2013,Documentary|Drama|History,7.636,162,0.3551,ar
176075,Sake-Bomb,2013,Comedy,5.3,10,0.3266,en
215028,I Am Yours,2013,Drama,5.1,17,0.3223,no
129734,Paradise: Faith,2013,Drama,6.504,125,0.5356,de
167502,Is the Man Who Is Tall Happy?,2013,Documentary|Animation,6.866,86,0.3557,en
168128,The Cold Lands,2013,Drama,5.5,23,0.3549,en
207263,Dead of the Nite,2013,Horror,3.115,13,0.3779,en
254732,Haunted,2013,Horror,4.7,10,0.2492,en
184846,Dear Mr. Watterson,2013,Documentary,6.4,42,0.3101,en
238255,Micky Flanagan: Live – Back in the Game Tour,2013,Comedy,6.133,15,0.2201,en
255293,Axeman at Cutter's Creek,2013,Horror,3.6,10,0.4064,en
180856,King's Faith,2013,Drama,7.0,20,0.3795,en
253477,Torture Chamber,2013,Horror,3.2,20,0.4068,en
234951,The Thanksgiving House,2013,TV Movie|Family|Romance,6.075,40,0.4261,en
180855,Settai,2013,Crime|Comedy,4.4,13,0.3911,ta
168806,Waltz for Monica,2013,Music|Drama,6.55,50,0.3792,sv
168366,Lose Your Head,2013,Thriller,5.2,17,0.4105,en
254174,The Penny Dreadful Picture Show,2013,Horror,5.9,27,0.3543,en
139998,Supporting Characters,2013,Comedy|Drama,5.8,26,0.4004,en
202573,The Reunion,2013,Drama,6.8,67,0.2717,sv
168426,If I Were You,2013,Drama|Comedy|Romance,6.6,39,0.3644,en
211085,Filthy Gorgeous: The Bob Guccione Story,2013,Documentary,5.2,14,0.33,en
237709,The Twelve Trees of Christmas,2013,Family|TV Movie,6.1,37,0.2783,en
217129,Sample This,2013,Documentary,6.7,24,0.3133,en
170125,The Girl with Nine Wigs,2013,Comedy|Drama,6.566,61,0.3443,de
424628,Sprout,2013,Drama,8.5,12,0.3015,ko
226064,Sex: My British Job,2013,Documentary,5.2,15,0.2577,en
172817,Saheb Biwi Aur Gangster Returns,2013,Thriller|Drama|Action|Crime,6.827,26,0.3703,hi
86075,Jack the Reaper,2013,Horror,4.5,18,0.3542,en
253612,Live Forever as You Are Now with Alan Resnick,2013,Comedy|Science Fiction,6.7,15,0.1588,en
205114,Parajanov,2013,Drama|Romance,5.4,11,0.4101,hy
158394,Redemption,2013,Documentary,6.278,18,0.3441,en
236808,Pizza 2: Villa,2013,Horror|Thriller,5.8,10,0.3356,ta
303451,Strings,2013,Animation|Drama|Family,8.0,225,0.2577,es
191646,White Collar Hooligan 2: England Away,2013,Crime|Thriller,5.3,15,0.2931,en
159044,Who Is Dayani Cristal?,2013,Documentary,6.5,10,0.2878,en
331249,Kuiba 2,2013,Animation|Adventure|Fantasy,7.6,12,0.443,zh
201837,Workers,2013,Drama,7.1,13,0.3384,es
180095,Refuge,2013,Thriller,4.9,19,0.3766,en
210274,Filmage: The Story of Descendents/All,2013,Music|Documentary,8.0,22,0.3302,en
158589,S#x Acts,2013,Drama,4.667,15,0.4508,he
187969,Abstraction,2013,Action|Crime|Drama,4.071,14,0.3472,en
180853,Chashme Baddoor,2013,Comedy|Drama,4.519,27,0.4872,hi
211885,King Lily of the Valley,2013,Crime|Thriller|TV Movie|Drama|Mystery,6.4,18,0.2769,sv
206301,Policegiri,2013,Action|Comedy,4.676,17,0.3666,hi
398486,Ronny & i,2013,Drama|Romance,6.6,14,0.4702,en
206356,Wiener Dog Nationals,2013,Comedy|Family,5.0,10,0.3717,en
179146,The Last of the Unjust,2013,Documentary,6.6,18,0.3634,fr
69564,Ameerin Aadhi Bhagavan,2013,Action,6.2,10,0.2887,ta
84167,About the Pink Sky,2013,Drama,4.9,10,0.2455,ja
273452,The Portrait Studio,2013,Animation,6.7,10,0.2961,ja
228177,Till Luck Do Us Part 2,2013,Comedy,5.769,266,0.3182,pt
158423,Max,2013,Comedy|Romance,5.754,120,0.2832,fr
226702,The Closed Circuit,2013,Drama|Crime,6.358,53,0.3877,pl
235494,A Country Christmas Story,2013,TV Movie|Drama|Family,5.25,16,0.3708,en
177865,The Hour of the Lynx,2013,Thriller|Drama,5.8,25,0.2311,da
297477,Volare - La grande storia di Domenico Modugno,2013,Drama|Music|History|TV Movie,7.1,32,0.3698,it
296159,Bugged,2013,Animation|Comedy,5.8,58,0.2919,en
250113,The Corridor,2013,Crime|Drama,5.9,12,0.2759,fa
217011,The Price of Sugar,2013,Drama|History,6.1,34,0.2872,nl
171565,Celluloid,2013,Drama|History,6.6,22,0.2939,ml
269584,Little Baby Jesus,2013,Comedy|Romance,6.4,32,0.4531,cs
255156,Government Woman 2,2013,Comedy,5.598,41,0.4024,tr
203599,Jatt & Juliet 2,2013,Comedy|Romance,7.4,11,0.3668,pa
228943,When Albums Ruled the World,2013,TV Movie|Documentary|Music,6.7,12,0.3388,en
157072,The Vulture,2013,Action|Thriller,5.935,31,0.2728,pl
237200,Jerusalem,2013,Documentary,6.8,32,0.3117,en
101724,Nailbiter,2013,Horror,4.229,48,0.2681,en
282134,Wallander: The Sad Bird,2013,Crime|Thriller,5.7,13,0.2432,sv
186997,The Missing Picture,2013,Documentary,7.184,98,0.3487,fr
185736,Love Is Not What It Used to Be,2013,Comedy,5.1,14,0.3624,es
233863,Jimi Hendrix: Hear My Train a Comin',2013,Documentary|Music,7.5,32,0.4127,en
279410,The Excursionist,2013,Action|Drama,6.1,15,0.4292,en
184155,Legend No. 17,2013,Drama,6.782,149,0.3231,ru
120854,Lizzie,2013,Thriller,2.9,14,0.2802,en
233481,A Christmas Tree Miracle,2013,Family|Drama,5.4,20,0.3574,en
178601,The Wishful Thinkers,2013,Drama,7.5,11,1.603,es
168615,Billy and Buddy,2013,Comedy|Family,4.482,302,0.3299,fr
269572,Almost Thirty,2013,Comedy,3.913,23,0.4232,es
159004,Dirty Wars,2013,Documentary|Drama|Crime,6.987,154,0.3257,en
172824,Loves Her Gun,2013,Drama,5.9,10,0.2959,en
225313,Hanni & Nanni 3,2013,Family|Comedy,6.179,42,0.2925,de
200942,The Voorman Problem,2013,Comedy|Drama,6.7,32,0.342,en
151193,Night Claws,2013,Horror,2.9,17,0.314,en
215303,Frenchmen 3,2013,Comedy,5.784,102,0.2903,fr
159009,Life According to Sam,2013,Documentary,6.9,19,0.3632,en
312091,Kung-Fu and Titties,2013,Fantasy|Comedy|Action,3.4,11,0.2624,en
243233,West,2013,Drama,6.1,32,0.2853,de
265329,Lu-To,2013,Drama|Romance,5.3,14,1.2672,es
176077,Enter the Dangerous Mind,2013,Thriller,4.7,31,0.4206,en
324467,Tome of the Unknown,2013,Animation|Adventure,7.279,43,0.2923,en
249719,Facing Fear,2013,Documentary,5.5,11,0.2535,en
191137,House of Bodies,2013,Crime|Thriller,4.9,35,0.2522,en
223660,Satyanweshi,2013,Mystery|Crime,6.2,12,0.3221,bn
201850,Bitter Orange,2013,Drama|Crime,5.2,11,0.3953,en
84283,I Am Not a Hipster,2013,Drama|Music,5.833,12,0.3255,en
268471,The daughter of Moctezuma,2013,Fantasy|Comedy|Adventure,7.8,31,0.2777,es
155391,Love Me,2013,Thriller,4.9,11,0.3774,en
255635,Are We Ok?,2013,Comedy|Drama,6.3,51,0.2633,tr
178585,I Think I Do,2013,Comedy|TV Movie,3.5,14,0.4298,en
342041,Fumando Espero,2013,Drama,4.4,10,0.2471,es
229526,Killer Holiday,2013,Horror|Thriller,2.5,12,0.2112,en
160873,Knight Rusty,2013,Animation|Family,5.2,13,0.2927,de
246053,The Blind Spot,2013,Drama|History|Thriller,6.2,18,0.3191,de
241220,White Shadow,2013,Drama,5.7,12,0.3386,sw
170434,Save Your Legs!,2013,Comedy,4.7,10,0.3108,en
181761,3 Dots,2013,Drama,3.8,10,0.3526,ml
182127,Ip Man: The Final Fight,2013,Action|Drama,6.1,419,0.3996,cn
213763,The Jewellery Box,2013,Family|Drama|Comedy,6.8,16,0.4076,bn
160165,In the Name of...,2013,Drama,6.881,105,0.3221,pl
202604,The Vatican Exorcisms,2013,Horror|Documentary|Mystery,4.3,25,0.345,en
243543,Shuffleton's Barbershop,2013,Drama|TV Movie,5.2,10,0.3555,en
299783,September 11: The New Pearl Harbor,2013,Documentary,8.321,14,0.2934,it
184149,Somm,2013,Documentary,7.0,82,0.3978,en
185738,Stockholm,2013,Drama|Romance,6.3,120,0.3199,es
653530,Vegas Skyline,2013,Science Fiction|Horror,2.364,11,1.4648,en
267527,Shadow of a Cloud,2013,Drama|Comedy,6.35,20,0.1984,ro
182972,Cargo,2013,Fantasy|Drama,6.972,123,0.2997,en
168510,All for Two,2013,Comedy|Crime,5.5,28,0.323,da
218026,Two Scoops,2013,Unknown,4.45,10,0.4161,en
185735,La Estrella,2013,Drama|Comedy,5.933,15,0.3849,es
157690,On My Way,2013,Drama|Comedy,6.5,97,0.3262,fr
299096,Black Panther,2013,Drama,5.9,16,0.2873,de
160859,Elena,2013,Documentary|Drama,7.304,97,0.3915,pt
236873,Lulu in the Nude,2013,Comedy|Drama,6.135,89,0.3915,fr
171648,It’s Only Make Believe,2013,Drama,6.0,15,0.2869,no
289561,We're No Animals,2013,Comedy|Drama,4.425,20,0.3208,en
215741,How Strange to be Named Federico,2013,Drama,7.2,36,0.3088,it
240241,Chris D'Elia: White Male. Black Comic.,2013,Comedy,6.818,11,0.2082,en
225513,Miley: The Movement,2013,Documentary|Music,8.2,20,0.281,en
233734,To Jennifer,2013,Horror|Thriller,3.8,13,0.361,en
137854,Al Pereira vs. the Alligator Ladies,2013,Comedy|Horror,3.091,11,0.3689,es
133756,Jiseul,2013,Drama|History|War,7.4,13,0.3673,ko
161808,Celal and Ceren,2013,Comedy|Romance,4.067,90,0.3511,tr
245508,Christmas in the City,2013,Drama|Family|Romance|TV Movie,5.5,43,0.3386,en
170354,The Unlikely Prince,2013,Comedy,6.1,664,0.4161,it
217708,Of Horses and Men,2013,Drama|Romance|Comedy,6.9,82,0.2604,is
195796,Home Sweet Home,2013,Horror|Thriller,5.5,54,0.4053,en
254762,Whale Valley,2013,Drama,6.8,31,0.3277,is
263905,Beckoning the Butcher,2013,Drama|Horror|Thriller,4.5,16,0.2996,en
142161,9.79*,2013,Documentary,7.4,18,0.2837,en
186743,Vampire Boys 2: The New Brood,2013,Horror,2.7,25,0.3183,en
248842,The Food Guide to Love,2013,Romance|Comedy,5.3,38,0.2868,en
227062,Vanakkam Chennai,2013,Romance|Comedy,5.8,13,0.3455,ta
212849,The Dog,2013,Documentary,6.576,33,0.1932,en
205225,24 Exposures,2013,Thriller|Drama|Crime,4.014,36,0.3687,en
167571,It's All So Quiet,2013,Drama,6.2,30,0.3522,nl
268940,The Forbidden Dimensions,2013,Horror|Science Fiction|Thriller,2.5,29,0.2618,en
268066,Campus Confidential,2013,Comedy|Romance,5.4,16,0.3654,zh
157005,Google and the World Brain,2013,Documentary,6.452,31,0.211,en
256421,Superman 75,2013,Animation|Action,7.594,85,0.2688,en
224076,The Saratov Approach,2013,Thriller|Drama|Action,5.974,38,0.3577,en
198167,Ephraim's Rescue,2013,Drama|History|Adventure,5.708,13,0.4431,en
165140,Jîn,2013,Drama|War,5.923,26,0.306,tr
201485,American Idiots,2013,Comedy|Romance,5.0,20,0.706,en
242640,Ivan Veramathiri,2013,Thriller|Romance,5.8,10,0.2742,ta
191886,Shotgun Wedding,2013,Comedy|Crime|Romance,4.929,14,0.3518,en
211005,Sex  Drugs & Taxation,2013,Comedy|Drama,6.1,36,0.3014,da
111172,Fairhaven,2013,Comedy|Drama,5.2,13,0.4215,en
249046,Guess Who's Coming to Christmas,2013,Comedy|Romance,5.7,15,0.2466,en
161303,The Playroom,2013,Drama,5.0,20,0.273,en
142115,Five Dances,2013,Drama|Romance,6.331,62,0.3082,en
403039,Those Science Freaks,2013,Animation|Comedy|Science Fiction|Romance|Fantasy,5.7,13,0.2522,ja
216016,The Amityville Asylum,2013,Horror,3.408,49,0.4275,en
171127,Over My Dead Body,2013,Comedy,6.1,32,0.3034,ar
228381,Broken Glass Park,2013,Drama,6.1,15,0.3032,de
173224,Along the Roadside,2013,Romance|Comedy|Music,6.4,12,0.3071,en
238965,Peyote,2013,Drama,5.133,15,0.1947,es
168552,Youth,2013,Drama,5.7,18,0.2637,he
201207,Otto the Rhino,2013,Animation|Comedy|Family,5.2,11,0.3874,da
160156,Harmony Lessons,2013,Drama,6.9,35,0.2975,kk
191037,Mr. Hockey: The Gordie Howe Story,2013,Drama|TV Movie,6.875,16,0.3285,en
269982,Wings of Christmas,2013,Romance,3.8,14,0.2858,cs
365676,Une bonne leçon,2013,Drama|TV Movie,5.5,11,0.3555,fr
248561,Krampus: The Christmas Devil,2013,Horror|Action|Thriller,3.857,106,0.3634,en
142391,95ers: Time Runners,2013,Thriller|Science Fiction,4.5,37,0.2854,en
155491,Alex Pandian,2013,Action|Comedy,3.647,17,0.3199,ta
242575,Good Day  Ramon,2013,Drama,7.9,161,0.304,en
204456,Bula Quo!,2013,Comedy|Adventure|Action,4.1,12,0.2809,en
245739,Gangsta Granny,2013,TV Movie|Comedy|Family,6.1,32,0.3234,en
203726,Juliette,2013,Comedy|Drama,6.1,31,0.3313,fr
199602,Dual,2013,Drama,6.2,14,0.3078,sl
198384,Battle Earth,2013,War|Science Fiction,3.8,10,0.2991,en
133082,The Dead Man and Being Happy,2013,Drama|Thriller,4.75,14,0.3735,es
263524,Lewis Black: Old Yeller - Live at the Borgata,2013,Comedy,7.3,22,0.2527,en
230170,Sarah Silverman: We Are Miracles,2013,Comedy,6.713,54,0.4083,en
199374,My Sister's Kids in Africa,2013,Comedy|Family|Adventure,6.2,13,0.2879,da
297460,Adormidera,2013,Adventure|Action,3.3,14,0.3145,en
208242,Assassins Tale,2013,Action|Crime|Thriller,4.5,35,0.3261,en
166659,Captain Sparky vs. The Flying Saucers,2013,Animation|Family,7.0,31,0.4616,en
163718,Yesterday Never Ends,2013,Drama,5.5,20,0.2987,es
175791,Ci vuole un gran fisico,2013,Comedy|Fantasy,4.9,82,0.2783,it
224992,Chasing Beauty,2013,Documentary,6.1,10,0.2857,en
270846,Wallander: Missing,2013,Thriller|Crime,5.333,12,0.2461,sv
161803,CM101MMXI Fundamentals,2013,Comedy|TV Movie|Documentary,8.207,145,0.3898,tr
171826,All Against All,2013,Comedy,5.9,58,0.2418,it
274805,Our Curse,2013,Documentary,5.615,13,0.2136,pl
243901,Dracula: The Impaler,2013,Action|Horror|Thriller,3.4,35,0.4322,en
196027,Echoes from the Dead,2013,Drama|Mystery,5.4,22,0.3076,sv
158895,This Is Martin Bonner,2013,Drama,5.0,18,0.257,en
239155,Schooled: The Price of College Sports,2013,Documentary|History,7.5,13,0.276,en
200211,Knight of the Dead,2013,Fantasy|Action|Horror,3.2,22,0.3456,en
188489,Birdemic 2: The Resurrection,2013,Horror|Thriller,2.153,121,0.3262,en
209420,I Thought It Was a Party,2013,Drama,5.0,11,0.3026,es
250556,Trevor Noah: African American,2013,Comedy,7.0,43,0.225,en
246424,Beyond the Heavens,2013,Family,5.3,11,0.2205,en
173301,Good Ol' Freda,2013,Music|Documentary|History,7.1,52,0.3401,en
195173,Age of Panic,2013,Comedy|Drama,6.006,78,0.2815,fr
167618,The Strange Case of Wilhelm Reich,2013,Drama,7.8,10,0.2466,de
334388,Baskın,2013,Horror,6.512,41,0.2384,tr
260435,Awakened,2013,Thriller|Drama|Horror,4.1,11,0.2655,en
184680,Three-60,2013,Drama,3.8,15,0.2879,es
158743,Computer Chess,2013,Comedy,6.1,112,0.3454,en
185444,Evocateur: The Morton Downey Jr. Movie,2013,Documentary,6.0,19,0.2368,en
232055,Terrible Angels,2013,Thriller,5.5,11,0.3019,en
218688,UMMAH - Unter Freunden,2013,Comedy,6.3,32,0.2474,de
228813,Neurons to Nirvana,2013,Documentary,7.0,25,0.3173,en
215947,An Extraordinary Person,2013,Drama|Comedy,6.75,18,0.3167,fr
312998,Home Sweet Home,2013,Adventure|Animation|Family,7.5,21,0.1665,xx
210052,Wolf Children,2013,History|Drama|War,6.565,23,0.5996,de
193544,Thou Gild'st the Even,2013,Drama|Romance|Fantasy,7.317,60,0.2893,tr
141810,Balancing Act,2013,Drama,6.713,87,0.3317,it
155887,A Prince (almost) Charming,2013,Romance|Comedy,5.1,75,0.2612,fr
219553,Pulling Strings,2013,Comedy|Romance,6.886,110,0.3772,es
184866,Favor,2013,Thriller,6.1,16,0.3069,en
192844,Matt's Chance,2013,Comedy|Drama,3.0,10,0.2267,en
180418,15 Years and One Day,2013,Drama,6.1,28,0.3104,es
168793,Natholi Oru Cheriya Meenalla,2013,Drama,5.5,10,0.3407,ml
272224,Tender Waves,2013,Comedy|Romance,6.0,10,0.2648,cs
221425,She Wolf,2013,Horror|Thriller,4.364,11,0.2107,es
238145,Hubert und Staller - Die ins Gras beißen,2013,Comedy|Crime,6.5,14,0.2061,de
243794,Alone Yet Not Alone,2013,History|Action|Drama,5.1,27,0.3646,en
226109,Once Upon a Forest,2013,Documentary,6.7,31,0.2825,fr
216789,Ana Arabia,2013,Drama,6.1,11,0.1801,he
319352,Birth of the Tramp,2013,Documentary|TV Movie,7.1,17,0.4561,fr
211086,Faith Connections,2013,Documentary|Drama,4.8,11,0.2457,hi
424629,Hunter,2013,Drama,4.1,12,0.2453,en
270696,Tru Love,2013,Romance|Drama,5.788,26,0.369,en
230058,Tumbledown,2013,Drama|Mystery|Romance,4.1,11,0.2865,en
155288,Bela Kiss: Prologue,2013,Horror|Mystery|Thriller,4.6,16,0.2531,de
227907,Truth or Dare,2013,Horror,5.9,24,0.2314,en
261157,Senn,2013,Science Fiction|Mystery|Adventure,4.9,16,0.1533,en
209357,Going Away,2013,Drama,5.5,73,0.2546,fr
239874,Twin Sisters,2013,Documentary,8.3,15,0.2259,no
218974,Redemption,2013,History|Documentary,7.053,19,0.2682,pt
211715,G.D.O. KaraKedi,2013,Action|Comedy,5.08,25,0.2673,tr
134812,Wither,2013,Horror,5.3,89,0.2629,sv
165148,Everyday Objects,2013,Drama,5.2,11,0.4294,de
165463,The Priest's Children,2013,Comedy|Drama,6.4,72,0.2594,hr
157957,Chasing the Wind,2013,Drama,5.7,10,0.2651,no
199275,The Role,2013,Drama,6.2,15,0.2536,ru
199890,A Forbidden God,2013,Drama|War|History,7.0,21,0.3465,es
238714,Inside Love,2013,Drama,5.804,23,0.3033,es
111170,Rubberneck,2013,Thriller,5.095,21,0.2592,en
320508,There Are Monsters,2013,Horror,5.222,18,0.2896,en
169025,The Real Life of Teachers,2013,Comedy,4.8,169,0.1999,fr
214464,The Dead 2: India,2013,Horror|Action|Drama,5.023,64,0.2999,en
217479,La prima neve,2013,Drama|Family,7.308,26,0.1652,it
241566,Wolf,2013,Drama,4.9,12,0.2444,ro
98064,The Source Family,2013,Documentary,6.0,32,0.2401,en
212481,Ashens and the Quest for the Gamechild,2013,Comedy|Adventure,6.134,41,0.2442,en
218939,Wallander: The Troubled Man,2013,Crime|Thriller,5.8,17,0.29,sv
179711,Mere Dad Ki Maruti,2013,Comedy,6.161,28,0.3017,hi
213684,Manakamana,2013,Documentary,7.5,26,0.2934,ne
196305,Liars All,2013,Thriller,5.0,24,0.2199,ru
215935,Bethlehem,2013,Drama|Thriller,6.1,33,0.3827,he
237960,Starring Adam West,2013,Documentary,7.0,10,0.2814,en
217775,Chez Nous,2013,Comedy|Drama,5.1,13,0.297,en
183910,Adjust Your Tracking: The Untold Story of the VHS Collector,2013,Documentary,6.5,32,0.288,en
212836,People in Places,2013,Comedy|Drama,4.95,20,0.3102,es
165013,A Talking Cat!?!,2013,Comedy|Family|Fantasy,3.1,44,0.2987,en
199914,Homeland,2013,Comedy|Drama,5.216,51,0.3371,fr
201777,Our Vinyl Weighs a Ton: This Is Stones Throw Records,2013,Documentary|Music,7.1,20,0.2707,en
499580,Nazis in the CIA,2013,Documentary|Crime,6.5,12,0.2432,de
186254,Sirius,2013,Documentary,6.217,23,0.5887,en
361592,We Are Animals,2013,Science Fiction|Drama,5.6,14,0.359,en
216553,Jim Norton: American Degenerate,2013,Comedy,6.1,15,0.1958,en
305969,Forever's End,2013,Thriller|Drama,4.6,12,0.2376,en
174325,Whoopi Goldberg Presents Moms Mabley,2013,Documentary,6.7,11,0.3118,en
204762,Miss and the Doctors,2013,Comedy|Drama|Romance,5.525,40,0.2802,fr
175116,Out of the Blue,2013,Comedy,5.961,324,0.2685,it
178019,The Great Hip Hop Hoax,2013,Documentary|Comedy|Music,6.3,10,0.2761,en
153854,It Felt Like Love,2013,Drama,5.484,63,0.2521,en
203591,The Mark: Redemption,2013,Action|Fantasy|Science Fiction,3.8,16,0.3097,en
199644,Honeymoon,2013,Drama,4.6,11,0.2939,cs
228210,Trinta,2013,Drama,6.7,13,0.2507,pt
215814,Forbidden Ground,2013,War|Action|Drama,5.4,59,0.3206,en
305695,Feels So Good,2013,Comedy,5.1,11,0.2854,en
295721,Villa 69,2013,Drama,7.0,10,0.3316,ar
216521,Doomsdays,2013,Drama|Crime|Comedy,5.9,10,0.2315,en
185918,The Ideal City,2013,Drama|Thriller,6.0,24,0.3237,it
256799,One Direction: Reaching for the Stars,2013,Documentary|Music,7.9,10,0.2614,en
230206,Men in the City,2013,Comedy|Romance,5.388,40,0.234,nl
228202,Meu Passado Me Condena: O Filme,2013,Comedy,6.4,251,0.1875,pt
212812,The Out List,2013,Documentary,5.9,23,0.2918,en
224659,The Finnish Flash - A Teemu Selänne Story,2013,Documentary,6.8,20,0.1981,fi
201124,The Year of '85: Rock Your Memories,2013,Comedy|Music,4.5,22,0.3099,fi
220476,Pinup Dolls on Ice,2013,Horror,4.5,22,0.1318,en
180644,Anina,2013,Adventure|Animation|Family,7.156,45,0.3428,es
199262,Trainer!,2013,Documentary,7.1,13,0.2731,de
174314,Bottled Up,2013,Drama,5.7,10,0.2043,en
224923,Aleksandr's Price,2013,Drama|Mystery|Thriller,4.096,26,0.1873,en
180682,Kedi Billa Killadi Ranga,2013,Comedy,5.5,11,0.2608,ta
701869,El sexo me da risa 3,2013,Comedy,5.9,51,0.338,es
192574,Forev,2013,Comedy|Drama|Romance,6.0,16,0.2994,en
206277,Shirley: Visions of Reality,2013,Drama,6.1,33,0.1946,en
242673,The Adulteen,2013,Comedy,5.13,227,0.4838,fr
188473,Big Shot,2013,Documentary,6.2,10,0.2196,en
110550,I Used to Be Darker,2013,Drama,5.7,36,0.2063,en
288161,East of Main Street: Milestones,2013,Documentary,5.7,55,0.2265,en
221529,Moodar Koodam,2013,Comedy,6.9,11,0.2342,ta
378029,Friend Request,2013,Thriller,5.4,66,0.2923,en
249724,The Lady in Number 6: Music Saved My Life,2013,Documentary,7.1,25,0.2375,en
190817,The Rendez-Vous of Déjà-Vu,2013,Comedy,5.9,67,0.3696,fr
178946,Craig Ferguson: I'm Here to Help,2013,Comedy,6.1,30,0.2181,en
238234,Top Gear: The Perfect Road Trip,2013,TV Movie|Action|Adventure|Documentary,6.9,87,0.2588,en
169448,Fifi Howls from Happiness,2013,Documentary,6.8,12,0.2234,fa
242301,Venkatadri Express,2013,Thriller|Action|Comedy,6.0,10,0.3476,te
227172,Hallows' Eve,2013,Horror,3.3,19,0.2657,en
199676,Judas Priest: Epitaph,2013,Music,8.417,12,0.3312,en
362575,Penny Dreadful,2013,Comedy|Crime,7.588,17,0.2025,en
201426,Delivery: The Beast Within,2013,Thriller|Horror,5.486,37,0.3117,en
192023,The Invoking,2013,Horror|Thriller,3.9,30,0.2953,en
229580,Crazy Sexy Cool: The TLC Story,2013,TV Movie|Drama|Music,7.629,35,0.3315,en
214087,The Finishers,2013,Drama,6.9,181,0.2551,fr
176085,White Reindeer,2013,Comedy,5.0,30,0.2591,en
205466,Dark Space,2013,Science Fiction,3.75,32,0.239,en
158455,An Afghan Love Story,2013,Unknown,6.3,19,0.2057,ps
214320,The Japanese Dog,2013,Unknown,6.875,12,0.1802,ro
256872,Even Cowboys Get to Cry,2013,Drama,5.2,13,0.2651,nl
220239,My Husband  An Assassin,2013,Thriller|TV Movie,5.4,14,0.2186,de
201282,Big Gay Love,2013,Comedy|Drama|Romance,4.0,12,0.3388,en
159514,Matterhorn,2013,Drama|Comedy,6.1,32,0.2177,en
443329,Thirst,2013,Drama|War,4.2,10,0.2126,ru
215250,It's Not You  It's Me,2013,Comedy|Horror,6.9,21,0.3168,en
186974,Sarah Prefers to Run,2013,Drama,5.9,29,0.2999,fr
208431,Love in the End,2013,Drama|Romance,6.706,17,0.1674,el
233208,Warhouse,2013,Horror|Thriller,4.147,34,0.4121,en
159137,Anita,2013,Documentary,7.0,14,0.4002,en
159032,Pussy Riot: A Punk Prayer,2013,Music|Documentary,6.8,47,0.2873,en
169790,Awful Nice,2013,Comedy,5.2,29,0.3095,en
276965,Wallander: The Loss,2013,Crime|Thriller,5.0,11,0.3249,sv
267025,Sequence,2013,Action|Fantasy|Mystery|Horror,7.4,12,0.3445,en
203780,The Game of Truth,2013,Comedy|Drama,6.371,35,0.2155,ru
195423,Brazilian Western,2013,Crime|Drama|Romance,6.3,193,0.3742,pt
233198,Dangerous Dreams,2013,Crime,6.0,15,0.2496,sv
164286,Down and Dangerous,2013,Crime|Thriller|Drama,4.8,19,0.1993,en
252384,P!NK: The Truth About Love Tour - Live from Melbourne,2013,Music,8.3,12,0.2878,en
217930,KL Zombie,2013,Horror|Comedy|Thriller,6.3,11,0.2876,ms
260107,Everywhen,2013,Thriller|Science Fiction,3.5,19,0.2911,en
249233,Anjelah Johnson: The Homecoming Show,2013,Comedy,6.8,10,0.2289,en
254559,The Broken Shore,2013,Crime|TV Movie|Drama|Thriller,5.607,14,0.3157,en
201022,Asylum,2013,Comedy|Horror,3.3,16,0.2136,en
97686,The Jeffrey Dahmer Files,2013,Documentary|Crime,5.4,49,0.1797,en
141635,All the Light in the Sky,2013,Drama,5.026,19,0.2115,en
223042,InRealLife,2013,Documentary,4.8,10,0.2218,en
214328,Slink,2013,Horror|Thriller,2.3,15,0.2296,en
164328,The Strange Little Cat,2013,Comedy|Drama|Family,6.6,26,0.2216,de
210639,Love Taste like Chocolate,2013,Comedy|Romance,7.2,56,0.2872,es
159652,Hank and Asha,2013,Comedy|Romance,5.5,10,0.3225,en
185267,The Human Race,2013,Horror|Science Fiction|Action,4.922,173,0.2784,en
212994,From One Second to the Next,2013,Documentary,6.983,30,0.2554,en
130742,Operation Zucker,2013,Crime,5.633,15,0.5078,de
174372,Floating Skyscrapers,2013,Drama|Romance,5.853,78,0.4552,pl
214069,When Evening Falls on Bucharest or Metabolism,2013,Drama,6.3,27,0.2114,ro
259767,The Man of the Crowd,2013,Drama,5.9,16,0.2765,pt
161343,Crestfallen,2013,Thriller|Drama,6.1,11,0.2834,sv
160821,Je suis supporter du Standard,2013,Comedy|Romance,5.2,14,0.2407,fr
238206,Eddie Izzard: Force Majeure Live,2013,Comedy,6.4,15,0.2168,en
201076,Mirage Men,2013,Documentary,5.9,16,0.2165,en
200346,Paris Countdown,2013,Thriller|Crime,5.143,28,0.3051,fr
308467,Roadside,2013,Horror|Drama,4.7,10,0.1803,en
230214,Mister Twister Goes Camping,2013,Comedy|Family,6.2,29,0.2347,nl
241635,Month's Rulers,2013,Family,5.7,21,0.2699,cs
225519,Peter Gabriel: Live in Athens 1987,2013,Music|Documentary,8.0,10,0.4134,en
238399,Bill Cosby: Far From Finished,2013,Comedy,7.0,15,0.2098,en
178806,21 Ways to Ruin a Marriage,2013,Comedy|Romance,5.8,34,0.226,fi
247290,Kill Buljo 2,2013,Comedy,5.0,17,0.3185,no
292988,Dark Mountain,2013,Horror|Science Fiction|Thriller,4.7,26,0.3686,en
156547,Us in the U.S.,2013,Comedy,5.7,308,0.2444,it
180685,Oh Willy...,2013,Animation|Adventure|Drama,6.1,29,0.2483,fr
246314,Bad Fucking,2013,Comedy,5.2,23,0.2205,de
159752,For Marx...,2013,Drama|Crime|Thriller,7.0,17,0.1965,ru
229375,Pretty Dead,2013,Horror|Drama,4.0,11,0.2175,en
193524,The Stone Roses: Made of Stone,2013,Documentary|Music,6.9,39,0.2371,en
209103,The Jungle,2013,Thriller|Horror,4.2,30,0.2405,en
248426,Babysitter Massacre,2013,Horror,4.1,20,0.5461,en
203316,Evil Woman,2013,Crime|Drama,3.2,13,0.2159,es
209108,The Happy Sad,2013,Romance|Drama,5.2,25,0.235,en
193041,Bob Saget: That's What I'm Talking About,2013,Comedy|Documentary|TV Movie,6.0,10,0.1848,en
208417,Sahasam,2013,Action|Adventure,5.9,16,0.1727,te
520862,Doctor Who: Clara and the TARDIS,2013,Science Fiction|Comedy,7.1,14,0.308,en
283150,Cross Bearer,2013,Horror,3.6,21,0.2834,en
618953,(NULL),2013,Drama,8.1,41,0.1667,xx
249709,The Missing Scarf,2013,Animation|Comedy,7.8,10,0.3061,en
128276,May I Kill U?,2013,Comedy|Crime|Horror|Thriller,4.6,14,0.2199,en
101725,Memory of the Dead,2013,Horror|Comedy,4.333,24,0.1815,es
217337,Longwave,2013,Comedy,5.6,42,0.2353,fr
173854,The Forbidden Girl,2013,Mystery,4.1,14,0.2664,en
223895,Class Enemy,2013,Drama,6.724,85,0.2547,sl
150889,Crazy Enough,2013,Comedy,2.5,10,0.2421,en
212503,King Ordinary,2013,TV Movie|Comedy,5.7,42,0.2654,de
201119,Ritual - A Psychomagic Story,2013,Thriller,4.7,11,0.4399,it
110919,Circles,2013,War|Drama,7.1,49,0.1913,sr
268187,The Longest Distance,2013,Drama|Family,7.7,17,0.1926,es
238710,Mary's Land,2013,Documentary|Mystery,7.818,22,0.2063,es
201132,Antarctica: A Year on Ice,2013,Drama|Adventure|Documentary,7.3,81,0.2992,en
178408,Dark Feed,2013,Horror,4.7,41,0.4235,en
178476,3G,2013,Horror|Science Fiction|Thriller,3.346,13,0.2169,hi
229007,The Fjällbacka Murders: The Sea Gives  the Sea Takes,2013,Crime|Mystery|Drama|Thriller,5.8,25,0.2436,sv
139721,Billy Club,2013,Comedy|Horror,4.7,19,0.2124,en
226570,Viral,2013,Thriller|Comedy|Horror,4.4,14,0.2071,es
191515,Everybody Street,2013,Documentary,7.2,17,0.2997,en
191293,Sorrow and Joy,2013,Drama,6.417,24,0.2604,da
496051,Destiny,2013,Animation,5.4,16,0.237,fr
174374,Lenny Cooke,2013,Documentary,6.8,12,0.2642,en
182912,Best Before,2013,Drama|Comedy,4.393,14,0.3685,sv
241196,Comment j'ai détesté les maths,2013,Documentary|Mystery,5.7,28,0.4285,fr
191312,For Elise,2013,Horror|Mystery,5.2,36,0.2313,es
207770,The Paranormal Diaries: Clophill,2013,Horror,3.7,30,0.2616,en
174322,Gasland Part II,2013,Documentary,7.2,38,0.1987,en
213983,Club Sandwich,2013,Comedy,5.7,38,0.2292,es
362895,Boygame,2013,Romance|Comedy|Drama,5.2,19,0.1787,sv
219288,Dragon Day,2013,Drama|Science Fiction|Thriller,4.087,23,0.2871,en
178407,Un p’tit gars de Ménilmontant,2013,Crime|Thriller|Drama,5.554,28,0.2479,fr
166632,Blutsschwestern - Jung  magisch  tödlich,2013,Horror|Mystery|Romance,4.318,11,0.2661,de
314057,An Unlikely Romance,2013,Drama,4.1,10,0.2544,cs
172457,Afterparty,2013,Horror,4.255,47,0.2464,es
178777,Invisible World,2013,Documentary|Drama,5.7,11,0.2658,pt
209266,Exit Marrakech,2013,Drama,5.8,24,0.2808,de
286931,Turma da Mônica em Cine Gibi 6: Hora do Banho,2013,Animation|Family|Comedy,7.1,15,0.7771,pt
309193,Rockabilly Zombie Weekend,2013,Horror,5.5,14,0.5085,en
277386,Mysteries of the Unseen World,2013,Documentary,7.194,31,0.3446,en
193604,A Counter-History of the Internet,2013,Documentary,7.8,12,0.2748,fr
173189,Brian Posehn: The Fartist,2013,Comedy,6.4,17,0.2985,en
121799,Satellite of Love,2013,Drama|Romance,4.2,11,0.243,en
231030,The Long Way Home,2013,War|Drama|History,6.7,10,0.2155,tr
226979,Test,2013,Drama|Romance,6.721,229,0.2623,en
342113,Pipas,2013,Comedy,6.9,10,0.2188,es
271958,Karnaval,2013,Romance|Drama,5.1,13,0.2693,tr
199929,Mister John,2013,Drama,4.8,11,0.1994,en
129399,Eternity,2013,Science Fiction|Mystery,4.5,12,0.2303,en
209799,The Unknown Known,2013,Documentary|History,6.826,92,0.1877,en
243884,Fish & Cat,2013,Thriller|Drama|Mystery,6.4,26,0.4434,fa
230158,Aziz Ansari: Buried Alive,2013,Comedy,7.0,130,0.218,en
189019,La Fleur de l'âge,2013,Comedy,6.2,17,0.253,fr
247684,20 000 Kisses,2013,Romance|Comedy,5.357,14,0.2529,es
168320,The Weight of Elephants,2013,Drama,6.9,11,0.1554,en
158182,There Will Come a Day,2013,Comedy|Drama,6.26,25,0.1429,it
153820,The Girl from Nowhere,2013,Drama|Horror,5.6,52,0.2132,fr
241706,GrossStadtklein,2013,Comedy,4.8,15,0.1972,de
175989,I'm an Old Communist Hag,2013,Comedy|Drama,6.2,13,0.2863,ro
300176,Joanna,2013,Documentary,6.4,14,0.7906,pl
262053,Ghost Bride,2013,Thriller|Fantasy,3.0,15,0.2649,en
209204,The Cheshire Murders,2013,Documentary,6.5,54,0.2106,en
249156,Marry Me For Christmas,2013,Romance|Comedy|TV Movie,5.3,12,0.1809,en
250792,Bloodline,2013,Horror,3.9,10,0.2102,en
211024,At Berkeley,2013,Documentary,6.714,28,0.1789,en
202678,The Battle of the Sexes,2013,Documentary,6.261,23,0.2912,en
293209,The Science of Doctor Who,2013,Documentary|TV Movie,7.3,17,0.2622,en
228263,Bloody April Fools,2013,Horror,6.2,29,0.2426,es
255161,Behzat Ç.: Ankara Is on Fire,2013,Action|Adventure|Crime,6.523,66,0.2776,tr
339566,Great,2013,Drama|War|Comedy,4.0,41,0.1332,en
298967,Die Die Delta Pi,2013,Horror|Comedy,3.7,15,0.3133,en
278995,The Nest,2013,Horror,5.026,39,0.2654,en
228648,Mickey Virus,2013,Comedy|Thriller,5.435,23,0.2888,hi
211722,A Spell to Ward Off the Darkness,2013,Documentary|Music,6.1,21,0.1835,en
225836,Sentimental Education,2013,Drama|Romance,5.5,10,0.1579,pt
291533,Wasteland,2013,Horror|Drama|Science Fiction,4.344,16,0.1922,en
204681,Taking Off,2013,Comedy,5.028,18,1.3699,fr
191034,We're So Young,2013,Drama|Music,6.8,164,0.2432,pt
258133,Coming Out,2013,Comedy|Romance,4.4,20,0.1736,hu
589146,Being Poirot,2013,Documentary,7.7,10,0.2668,en
203310,Dream On,2013,Drama,4.5,14,0.1327,en
228407,The Snow on the Pines,2013,Drama,5.3,15,0.2968,fa
256608,Embassy,2013,Comedy|War|History,5.3,27,0.2653,pl
215960,Salvation Army,2013,Drama,6.1,36,0.1529,fr
158994,After Tiller,2013,Documentary|Drama,6.632,19,0.2259,en
220514,HazMat,2013,Horror,5.3,10,0.2141,en
212249,Bobby and the Ghost Hunters,2013,Family|Fantasy,4.9,15,0.252,nl
179246,In Bloom,2013,Drama|Romance|Thriller,6.448,29,0.2872,en
123581,McConkey,2013,Documentary|Adventure,7.0,10,0.1855,en
218925,Artist,2013,Drama,6.1,12,0.2084,ml
180433,A Song For Mama,2013,Comedy,4.875,16,0.2931,fr
244027,Hats Off to Christmas!,2013,TV Movie|Family|Drama|Romance,6.0,52,0.2817,en
497644,Apio Verde,2013,Thriller|Drama,6.7,20,0.1916,es
218031,No More Murders,2013,Crime,5.9,20,0.2421,sv
214047,Kiss Me You Fucking Moron,2013,Comedy|Drama|Romance,6.3,18,0.1794,no
218528,Se Puder... Dirija!,2013,Comedy,4.5,26,0.1903,pt
380372,Seventy-Nine,2013,Action|Thriller|Science Fiction|Mystery|Horror,4.4,13,0.2247,en
168864,GMO OMG,2013,Documentary|Family,6.8,35,0.174,en
84196,A Fierce Green Fire,2013,Documentary|History,5.8,12,0.3504,en
202083,Prank,2013,Crime|Horror,4.4,30,0.1769,en
128120,The Last Time I Saw Macao,2013,Thriller|Crime|Drama|Mystery,6.3,15,0.1943,pt
189755,The Happy House,2013,Horror|Comedy,4.8,13,0.165,en
184801,The Silence of the Church,2013,Drama|TV Movie,7.1,16,0.1632,fr
410714,Doctor Who: The Night of the Doctor,2013,Adventure|Science Fiction|Drama,8.0,67,0.3213,en
246406,Sound,2013,Drama,7.0,14,0.2043,bn
214251,Story of My Death,2013,History|Drama,6.9,31,0.2083,ca
323498,Return to Babylon,2013,Comedy|Drama,5.679,28,0.2463,en
221444,Septic Man,2013,Horror,4.4,28,0.3007,en
167983,Buddies,2013,Drama|Comedy|Adventure,6.8,47,0.1956,pt
187188,Udhayam NH4,2013,Romance|Thriller,5.8,15,0.277,ta
276828,Wind,2013,Animation,6.5,19,0.2012,en
218267,A Christmoose Story,2013,Family|Fantasy,5.9,21,0.2025,nl
201558,Clara and the Secret of the Bears,2013,Family,5.5,12,0.6329,de
252147,Mile... Mile & A Half,2013,Documentary,7.8,12,0.1949,en
174334,The Motivation,2013,Documentary,6.9,28,0.2323,en
181884,Swamy Ra Ra,2013,Comedy|Crime,5.9,12,0.3561,te
222796,Just Before Losing Everything,2013,Family|Drama,7.2,37,0.201,fr
238408,Singh Saab the Great,2013,Action|Drama,4.795,22,0.3245,hi
209413,Intrepido: A Lonely Hero,2013,Comedy|Drama,6.3,80,0.1693,it
222006,Amsterdam,2013,Thriller|Drama,4.8,11,0.1876,fr
412846,Once Upon a Time...,2013,History|Drama,7.8,12,0.145,en
173031,Happy Family Journal,2013,Comedy,6.1,23,0.1791,tr
228384,Eltern,2013,Comedy,6.5,20,0.1749,de
211952,Women Who Kill,2013,Comedy,5.2,18,0.1888,en
183361,Caroline and Jackie,2013,Drama,5.4,14,0.2274,en
243442,A Fantastic Back and Forth,2013,Comedy,5.972,325,0.2153,it
250895,Ivan Tsarevich & the Grey Wolf 2,2013,Animation|Adventure|Family,6.1,38,0.2536,ru
241645,Punyalan Agarbattis,2013,Comedy|Drama,7.3,26,0.2494,ml
272072,Leather,2013,Romance|Comedy|Drama,4.5,14,0.1752,en
224243,Soulmate,2013,Horror|Mystery,5.1,29,0.2325,en
302694,Bridgend,2013,Mystery|Documentary,6.7,12,0.2633,en
191458,Vandal,2013,Drama,6.7,14,0.2592,fr
233881,Necrophile Passion,2013,Horror,3.214,14,0.1544,de
439676,The Fifties in Luxembourg,2013,Documentary,5.5,10,0.1936,lb
283302,Lost for Life,2013,Crime|Documentary,6.3,16,0.1809,en
228320,Alaska Johansson,2013,Thriller,4.9,12,0.2073,de
198060,A Boy and His Atom,2013,Animation|Comedy,6.1,32,0.2034,en
160564,Under the Rainbow,2013,Drama|Comedy|Romance,5.657,99,0.1994,fr
211830,DEFCON: The Documentary,2013,Documentary,6.2,14,0.2107,en
214129,Why Your Crush Doesn't Have a Crush on You?,2013,Comedy|Drama|Romance,5.8,13,0.1488,tl
259358,Sputnik,2013,Adventure|Family,6.2,16,0.2685,de
311104,The Landing,2013,Drama|Science Fiction|Thriller,7.0,16,0.2447,en
169853,12 O'Clock Boys,2013,Documentary,5.952,31,0.2657,en
227108,The Birth Reborn,2013,Documentary,6.7,14,0.2034,pt
181929,Gunde Jaari Gallanthayyinde,2013,Romance,6.7,17,0.3081,te
173473,Mr. Angel,2013,Documentary,4.5,13,0.1679,en
237209,Greg Davies: The Back of My Mum's Head,2013,Comedy,7.0,10,0.1867,en
161823,Son of Cain,2013,Thriller,6.3,44,0.2176,ca
243670,Capital Games,2013,Romance,5.3,22,0.1452,en
332109,Alone Time,2013,Drama|Thriller|Adventure,6.1,14,0.1625,en
287719,Vinodentro,2013,Thriller|Crime|Comedy|Mystery|Drama,5.8,10,0.2748,it
232320,The Preacher's Mistress,2013,Drama|TV Movie|Thriller,3.2,10,0.2354,en
343664,Junk Bonds: The Return of Junkbucket,2013,Thriller|Comedy|Horror,5.6,11,0.2272,en
216790,Sacro GRA,2013,Documentary,5.926,74,0.3358,it
217225,Anthaka Mundu Aa Tarvatha,2013,Romance|Drama,5.5,11,0.2028,te
195389,Absence,2013,Horror|Thriller,3.8,33,0.1952,en
242266,Barrio Universitario,2013,Comedy|Romance,4.9,26,0.2181,es
204306,Bromance: My Brother's Romance,2013,Comedy,4.8,12,0.2099,tl
329486,Skypemare,2013,Horror,8.1,20,0.2603,en
473288,Caligula with Mary Beard,2013,Documentary|History,7.6,10,0.2085,en
219077,Ukraine Is Not a Brothel,2013,Documentary,5.806,18,0.2975,en
207782,Daylight,2013,Thriller|Horror|Mystery,3.7,12,0.27,en
373020,Ascension,2013,Animation|Comedy,6.1,13,0.204,en
164580,The Spirit of '45,2013,Documentary|History,6.1,25,0.2118,en
116741,The Internship,2013,Comedy,6.2,4478,0.224,en
224328,The Cemetery,2013,Horror,4.4,15,0.2347,en
211315,Last Minute,2013,Comedy,4.984,31,0.153,pl
265349,Charlie's Country,2013,Drama,7.0,54,0.2135,en
224233,Mato Sem Cachorro,2013,Comedy,5.3,60,0.1822,pt
168758,LFO,2013,Drama|Science Fiction,6.21,31,0.3276,sv
198215,Smash and Grab: The Story of the Pink Panthers,2013,Documentary|Crime|Thriller|History,5.6,11,0.1894,en
155556,Blood Brother,2013,Documentary,7.0,26,0.2066,en
169865,The Frankenstein Theory,2013,Horror|Science Fiction,4.4,84,0.165,en
211785,The Captain,2013,Comedy|Drama,5.4,15,0.1753,en
413709,Megalodon: The Monster Shark Lives,2013,Drama|TV Movie|Documentary,5.1,11,0.2916,en
649174,Sharks of Lost Island,2013,Documentary|TV Movie,5.8,13,0.1828,en
235163,¡Qué Joyitas! II,2013,Comedy,5.1,13,0.2904,es
246308,Master of the Universe,2013,Documentary,7.2,32,0.3673,de
211449,Riddick: Blindsided,2013,Action|Animation|Science Fiction,6.6,89,0.1568,en
282129,Wallander: The Betrayal,2013,Crime|Thriller,4.333,15,0.1679,sv
203814,Gare du Nord,2013,Comedy|Drama,5.033,15,0.1871,fr
188231,Rosie,2013,Drama,6.1,10,0.2177,de
171542,HENRi,2013,Drama|Science Fiction,7.7,11,0.2325,en
403214,The Orphanage,2013,Drama|Horror|Mystery|Thriller,5.3,15,0.2168,en
130798,Forget Me Not,2013,Documentary,7.3,16,0.1574,de
263278,Your Story,2013,Drama|Romance,4.8,10,0.1605,tr
232345,Sabit Kanca,2013,Comedy,2.964,28,0.1839,tr
263958,My Child,2013,Documentary|Drama,6.1,11,0.2069,tr
215520,Rags & Tatters,2013,Drama,6.2,10,0.1601,ar
244481,Wild France,2013,Documentary,7.4,16,0.2252,fr
676989,El diario de una prostituta,2013,Drama,6.5,80,0.2523,es
203060,Open Up to Me,2013,Drama|Romance,5.5,24,0.1824,fi
218454,General Cemetery,2013,Horror,6.7,43,0.209,es
212217,Badass Showdown,2013,Action,2.2,11,0.2006,en
202980,Les Petits Princes,2013,Comedy|Drama,6.548,155,0.181,fr
264357,The Anderssons Hit the Road,2013,Comedy|Family,4.25,26,0.2998,sv
169634,Unforgotten Shadows,2013,Adventure|Fantasy|Horror,5.0,26,0.1759,uk
197276,The Ghost Army,2013,Documentary|War,8.0,14,0.2026,en
187460,Immanuel,2013,Drama|Family,6.2,18,0.1984,ml
230522,Mario Barth: Männer sind schuld  sagen die Frauen,2013,Comedy,7.2,12,0.1827,de
230310,Until Sbornia Do Us Part,2013,Animation|Comedy|Music|Drama,5.7,13,0.2099,pt
215908,Noah,2013,Drama,7.1,22,0.1557,en
164300,7 años de matrimonio,2013,Comedy|Romance,5.2,19,0.171,es
368317,ReMoved,2013,Drama,6.556,18,0.1456,en
361839,The Web,2013,Comedy|Science Fiction|Romance|Drama|Thriller,7.0,43,0.1962,en
160652,Cookie,2013,Comedy|Drama,6.1,81,0.1724,fr
225570,African Safari,2013,Documentary,6.8,16,0.2358,en
323214,Alexia,2013,Horror|Thriller,5.4,31,0.245,es
169642,Zero Charisma,2013,Comedy,6.2,49,0.1863,en
248808,Crisis Hotline: Veterans Press 1,2013,Documentary,7.1,21,0.2246,en
239019,House of Good and Evil,2013,Horror|Thriller,4.7,42,0.2124,en
181454,The Ghosts in Our Machine,2013,Documentary,7.0,10,0.2083,en
225237,Nichts mehr wie vorher,2013,Drama,6.5,11,0.1799,de
223221,Buying Sex,2013,Documentary,6.4,11,0.1476,en
159002,Cutie and the Boxer,2013,Documentary,6.9,80,0.1281,en
222654,Oszukane,2013,Drama,6.5,11,0.1823,pl
224290,Why We Ride,2013,Documentary|History|Family,7.2,23,0.24,en
287446,Copiii: The 1st Entry,2013,Horror,3.7,11,0.1784,en
257837,Wonder Garden,2013,Music|Fantasy|Animation|Family,7.0,12,0.1696,ja
160160,Vic + Flo Saw a Bear,2013,Crime|Drama|Thriller,5.5,34,0.1654,fr
180612,The Anonymous,2013,Drama|TV Movie,7.9,11,0.1141,fr
235478,To Fool a Thief,2013,Romance|Comedy|Crime,6.297,32,0.1832,es
290969,The Face Robber,2013,Thriller|Animation|Fantasy,6.8,12,0.169,xx
215740,Home from Home – Chronicle of a Vision,2013,Drama|History,7.8,54,0.1548,de
214264,The Gamers: Hands of Fate,2013,Fantasy|Comedy|Adventure,6.5,17,0.1855,en
238930,Brain Drain,2013,Comedy,3.9,447,0.2395,it
219054,Double Play: James Benning and Richard Linklater,2013,Documentary,6.4,10,0.188,en
228492,My Mommy is in America and She Met Buffalo Bill,2013,Animation|Family,7.0,10,0.2189,fr
233879,Ready  Steady  Ommm!,2013,Comedy,4.9,19,0.1637,de
173488,Spark: A Burning Man Story,2013,Documentary,5.5,14,0.1639,en
279259,Closer,2013,Science Fiction,6.3,13,0.1194,en
259143,Undressing Israel: Gay Men in the Promised Land,2013,Documentary,4.5,11,0.2591,en
158343,Poor Richard!,2013,Comedy,4.9,13,0.1522,fr
326602,The Death and Resurrection Show,2013,Documentary,7.3,13,0.2135,en
211990,Ankur Arora Murder Case,2013,Drama|Thriller,5.853,17,0.1926,hi
210228,The Policeman's Wife,2013,Drama,6.1,18,0.2393,de
225792,Rihanna 777 Documentary... 7Countries7Days7Shows,2013,Documentary|Music,4.8,22,0.1575,en
158238,Stolen Seas,2013,Documentary,7.4,11,0.2119,en
328685,Adriano Olivetti - La forza di un sogno,2013,TV Movie|Drama|History,6.667,12,0.1983,it
166343,Alpha Girls,2013,Action|Horror|Science Fiction,4.1,16,0.1399,en
265838,Wolfy: The Incredible Secret,2013,Animation|Family,6.2,16,0.2282,fr
336453,Judas Ghost,2013,Horror|Fantasy,4.4,18,0.1893,en
240268,Sriracha,2013,Documentary,7.4,19,0.1583,en
159166,Which Way Is The Front Line From Here? The Life and Time of Tim Hetherington,2013,Documentary,6.9,17,0.1509,en
435941,The Caged Flower,2013,Drama|Romance,5.8,41,0.1837,ja
187291,Devils of War,2013,Action|Horror,3.188,16,0.1996,en
187010,Buck Wild,2013,Comedy|Horror,3.9,24,0.1447,en
267668,Kedi Özledi,2013,Comedy|Romance,4.5,11,0.2013,tr
153864,The Resurrection of a Bastard,2013,Drama,5.6,17,0.3483,nl
227180,Goodnight  Sugar Babe: The Killing of Vera Jo Reigle,2013,Documentary|Crime,6.3,16,0.1516,en
238923,The Art of Happiness,2013,Animation|Drama,8.0,160,0.1415,it
253492,Hell No,2013,Horror|Comedy,7.5,16,0.2328,en
215032,Watermark,2013,Documentary,6.5,28,0.1605,en
158100,Mara,2013,Thriller|Horror|Mystery,3.8,10,0.1449,sv
229768,Living on One Dollar,2013,Drama|Documentary|Adventure,6.479,94,0.323,en
180861,The Face Of Another,2013,Drama,5.1,11,0.1588,it
182528,Crimi Clowns: De Movie,2013,Drama|Comedy|Crime,6.2,14,0.1707,nl
202665,Heights,2013,Adventure|Drama|Family,5.2,11,0.1742,es
252143,Mortified Nation,2013,Documentary,7.1,16,0.1853,en
208806,Dave Allen: God's Own Comedian,2013,Documentary|Comedy,4.5,13,0.1692,en
237413,The Snow Queen,2013,Action|Adventure|Fantasy,3.2,11,0.1993,en
219079,Green Day - Rock am Ring Live,2013,Music,9.1,14,0.1574,de
258771,The Gambler,2013,Drama|Thriller,6.3,12,0.1458,lt
204037,Desert Runners,2013,Documentary,7.167,12,0.1183,en
293121,The Gospel of the Flesh,2013,Drama,6.1,11,0.1487,es
195761,Foxed!,2013,Animation|Adventure|Drama|Horror,7.4,10,0.1614,en
296322,97%,2013,Comedy|Drama,6.8,10,0.1706,en
214457,Time Warrior,2013,Science Fiction|Action,4.0,10,0.1485,en
273745,A Year in Burgundy,2013,Documentary,7.2,11,0.1198,en
216788,A Street in Palermo,2013,Drama|Comedy,6.3,37,0.1659,it
213121,Toy Story of Terror!,2013,Adventure|Animation|Comedy|Family,7.205,1009,0.208,en
389832,The Bride,2013,Thriller|Horror,2.5,11,0.196,en
232083,Im Weissen Rössl - Wehe  du singst!,2013,Comedy,5.9,14,0.3241,de
201772,Breakup at a Wedding,2013,Comedy,5.9,10,0.1506,en
241573,If You Build It,2013,Documentary,7.0,10,0.3683,en
264114,Clara's Deadly Secret,2013,Thriller|TV Movie,5.1,11,0.2087,en
237523,Ocean Predators,2013,Documentary,6.8,14,0.1617,en
211947,Evolution vs. God,2013,Documentary,4.3,11,0.1709,en
238185,Russell Brand: Messiah Complex,2013,Comedy,6.919,43,0.1587,en
244516,Indovina chi viene a Natale?,2013,Comedy,5.6,370,0.1621,it
244009,Invocation,2013,Animation|Horror,6.4,14,0.1688,en
224944,Silent Retreat,2013,Horror|Mystery|Thriller,4.8,38,0.2347,en
192736,Rise of the Zombie,2013,Thriller|Horror|Drama,3.7,10,0.1802,hi
231565,Zoran: My Nephew the Idiot,2013,Comedy,6.227,55,0.1296,it
175952,Der Minister,2013,TV Movie|Comedy,5.2,13,1.3664,de
815671,Ginecólogo de señoritas,2013,Comedy|Drama,5.9,23,0.1861,es
230263,Sin Reaper,2013,Horror|Thriller,3.2,10,0.2019,en
198119,Half-Sister,2013,Comedy|Drama,6.1,47,0.1396,fr
218601,Old Gossiptown,2013,Comedy,4.5,13,0.1894,cs
217427,Trap Street,2013,Drama,6.6,15,0.139,zh
193346,Big Star: Nothing Can Hurt Me,2013,Documentary,7.078,32,0.1113,en
325176,The Runaway,2013,Drama,6.7,11,0.0915,fr
204904,House of Last Things,2013,Fantasy|Thriller|Horror,5.0,44,0.1921,en
201010,Cha cha cha,2013,Crime|Drama,5.6,31,0.1388,it
183661,Animus,2013,Horror|Thriller,3.8,26,0.1453,en
198318,Stress Position,2013,Drama|Thriller,4.5,10,0.1555,en
512080,One of Us,2013,Comedy,5.0,10,0.1449,fr
358397,New World Order X,2013,Drama|Science Fiction,4.2,12,0.2095,en
258655,Panic 5 Bravo,2013,Thriller,5.3,11,0.2028,en
187098,Black Diamonds,2013,Drama,6.6,12,0.2003,es
568425,The Audition,2013,Comedy,7.2,31,0.1688,fr
232566,Testament: Dark Roots of Thrash,2013,Music,7.8,10,0.126,en
223551,Feuten: Het Feestje,2013,Comedy|Drama,5.0,17,0.1296,nl
270479,Ammutta Muddica al Cinema,2013,Comedy,6.55,210,0.259,it
234862,Mr Hublot,2013,Animation,7.0,150,0.1955,xx
207773,The Demon's Rook,2013,Adventure|Horror|Fantasy,4.2,19,0.1632,en
250300,Atlas,2013,Documentary,6.5,13,0.1666,fr
235222,The Rolling Stones: Sweet Summer Sun - Hyde Park Live,2013,Music|Documentary,7.2,18,0.201,en
157301,Adam and Dog,2013,Animation|Drama,6.6,52,0.3444,en
159942,An Episode in the Life of an Iron Picker,2013,Drama,6.63,23,0.1203,bs
171795,Birth of the Living Dead,2013,Documentary,6.7,61,0.2044,en
159988,The Institute,2013,Documentary,6.1,31,0.1189,en
214170,When Björk Met Attenborough,2013,Documentary,7.8,13,0.1562,en
162010,Nobody Gets Out Alive,2013,Horror|Thriller,3.6,32,0.1533,en
257026,The Irish Pub,2013,Documentary,7.867,15,0.1995,en
158954,The King,2013,Drama|History,5.7,21,0.1756,it
213131,For Sale or Rent,2013,Comedy,5.5,20,0.1169,pt
169069,Studio illegale,2013,Comedy,4.9,37,0.1363,it
199571,Aim High In Creation!,2013,Documentary,5.9,10,0.2873,en
448976,Saint Bernard,2013,Fantasy|Horror,4.2,10,0.2375,en
208968,Kumail Nanjiani: Beta Male,2013,Comedy,5.7,18,0.1321,en
206167,Left Right Left,2013,Drama|Thriller|Crime,7.0,28,0.1619,ml
121573,My Amityville Horror,2013,Documentary|Horror,5.6,66,0.2317,en
212270,The Flying Man,2013,Action|Mystery|Science Fiction,5.6,21,0.2076,en
262901,Godfather's Story,2013,Crime|Thriller,5.857,14,0.2168,cs
226542,Todas las mujeres,2013,Drama,5.2,18,0.28,es
230232,Heavenly Shift,2013,Comedy|Drama,6.7,15,0.1431,hu
258299,Bad Joke 4,2013,Comedy,3.7,13,0.1622,cs
210842,WNUF Halloween Special,2013,Horror|Comedy,5.9,54,0.1739,en
168257,Earthflight,2013,Documentary,6.7,12,0.1229,en
130694,Life Is Not for Cowards,2013,Comedy|Drama,6.2,26,0.1832,de
405544,Cool Cat Finds a Gun,2013,Family,1.9,12,0.1493,en
210624,TWA Flight 800,2013,Documentary,6.7,14,0.2132,en
271864,The Tree and the Swing,2013,Drama,6.2,10,0.1647,el
255707,Heterosexual Jill,2013,Comedy,4.8,13,0.1486,en
186984,The Mongrel,2013,Thriller|Drama,6.1,12,0.1869,it
174351,The Kill Team,2013,War|Documentary,6.932,37,0.1338,en
210802,O Concurso,2013,Comedy,5.2,107,0.1282,pt
277528,Live and Let Live,2013,Documentary,8.0,13,0.1859,en
242658,Derren Brown: The Great Art Robbery,2013,Documentary,6.5,20,0.1392,en
197783,60 Going On 12,2013,Comedy,5.4,22,0.128,fr
195544,Crazy Me,2013,Comedy,6.1,236,0.1579,it
245484,Louis de Funès Forever,2013,Documentary,6.8,16,0.1387,fr
137269,Cousin Jules,2013,Documentary,7.333,12,0.1414,fr
134908,Horses of God,2013,Drama,7.219,57,0.2657,fr
233271,Hunting the Northern Godard,2013,Drama,4.7,10,0.212,fr
215954,Fat,2013,Unknown,4.9,15,0.2213,en
201683,Odeio o Dia dos Namorados,2013,Comedy,5.6,28,0.3215,pt
200119,Going Attractions: The Definitive Story of the American Drive-in Movie,2013,Documentary|Family|History,7.7,12,0.1434,en
237277,Our Universe 3D,2013,Documentary,5.6,15,0.2655,en
102862,Informant,2013,Documentary,5.3,13,0.1556,en
242446,Europe in 8 Bits,2013,Documentary|Music,6.1,14,0.1085,es
257823,Como todas las mañanas,2013,Comedy,4.8,11,0.1372,es
173491,TINY: A Story About Living Small,2013,Documentary,6.5,32,0.1273,en
138820,00 Schneider - Im Wendekreis der Eidechse,2013,Comedy,5.211,45,0.1767,de
248861,State of Play: Trophy Kids,2013,Documentary,6.2,18,0.1569,en
179159,Germ,2013,Horror,3.8,30,0.2072,en
225671,Amy,2013,Horror,2.7,10,0.1717,en
194770,Idem Paris,2013,Documentary,5.7,23,0.1714,en
178401,Luna Park,2013,Drama,3.333,12,0.1029,en
213466,The Giant Spider,2013,Science Fiction|Horror,5.4,13,0.1284,en
343775,The Jinn,2013,Horror,4.8,13,0.1226,tr
224178,Universitari - Molto più che amici,2013,Comedy,5.7,137,0.1565,it
451197,Extraordinary: The Stan Romanek Story,2013,Science Fiction|Documentary,6.437,71,0.2246,en
174368,Dancing in Jaffa,2013,Documentary,7.0,13,0.1923,en
223566,Ghadi,2013,Comedy|Drama|Family,6.3,29,0.2575,ar
243998,Christmas Cruelty!,2013,Comedy|Horror,4.0,13,0.17,no
180935,Please Subscribe,2013,Documentary,6.1,11,0.1387,en
253139,Everyday Rebellion,2013,Drama|Documentary,7.308,13,0.1541,en
234657,Life in Text.,2013,Fantasy|Drama|Romance,4.7,13,0.1036,en
286044,The Seminarian,2013,Drama,5.6,10,0.1193,it
174371,Flex Is Kings,2013,Documentary,5.5,10,0.1191,en
190627,Mi rifaccio vivo,2013,Comedy,5.1,61,0.1772,it
236314,Alphabet,2013,Documentary,6.8,22,0.1322,de
177869,Survive and Advance,2013,Documentary,7.6,24,0.0897,en
203059,John Hodgman: RAGNAROK,2013,Comedy,5.8,14,0.1595,en
174358,Red Obsession,2013,Documentary|History,6.3,26,0.1629,en
413469,Leaving D.C.,2013,Mystery|Drama|Horror,5.436,47,0.1235,en
174354,Oxyana,2013,Documentary,6.2,15,0.1486,en
234094,Dream Theater - Live at Luna Park,2013,Music,8.3,24,0.1708,en
191279,Single Valentine,2013,Comedy|Romance,6.6,11,0.1326,lt
190252,Don't Move,2013,Horror,5.7,23,0.1581,en
262088,Chocolate Strawberry Vanilla,2013,Horror|Comedy|Drama,5.2,23,0.152,en
187037,Benur: Un Gladiatore In Affitto,2013,Comedy,5.45,10,0.1832,it
258548,Killing Oswald,2013,Documentary,6.5,12,0.1737,en
259477,Death Strokes,2013,Comedy|Drama,5.9,10,0.1269,es
238006,Utopia,2013,Documentary,5.7,10,0.1114,en
157772,31 Days,2013,Comedy|Romance,4.8,11,0.1484,en
159006,God Loves Uganda,2013,Documentary,6.6,19,0.076,en
167658,My Stuff,2013,Documentary,6.0,30,0.1167,fi
776032,I delitti del BarLume - Il re dei giochi,2013,Comedy|Crime|Drama,7.0,13,0.1166,it
238822,Bruno & Earlene Go to Vegas,2013,Adventure|Drama|Western,4.235,17,0.1806,en
223709,Rhino Full Throttle,2013,Animation|Drama|Comedy|Romance,6.1,14,0.1165,de
158947,My Dog Killer,2013,Drama,4.4,10,0.1032,sk
249714,Cavedigger,2013,Documentary,7.1,12,0.1033,en
395895,The Trip 3,2013,Comedy,5.6,13,0.1402,es
224896,House in the Alley,2013,Horror,6.5,15,0.1042,vi
363495,Caged,2013,Romance|Drama,5.462,13,0.1081,nl
356266,Dark By Noon,2013,Drama|Thriller|Science Fiction,3.4,12,0.1543,en
462404,Kissing Drew,2013,Drama,4.7,10,0.2352,en
204607,Muirhouse,2013,Horror,3.6,15,0.1106,en
335624,Yeah Kowalski!,2013,Comedy,5.2,12,0.3278,en
204853,One of a Kind,2013,Drama,6.6,18,0.1142,fr
347264,Ralphie May: Imperfectly Yours,2013,Comedy,4.5,11,0.1062,en
208447,Richness of Internal Space,2013,Drama,5.4,10,0.1871,es
171013,Discovery at Dawn,2013,Drama,5.2,14,0.1069,it
310545,Superman vs. Batman: When Heroes Collide,2013,Documentary,6.7,11,0.1503,en
245464,Hello,2013,Comedy,6.1,61,0.1264,en
337568,Jack Attack,2013,Horror|Fantasy,6.8,23,0.1113,en
199342,Butter Lamp,2013,Family,7.2,20,0.1028,fr
201386,F.C. De Kampioenen: Kampioen zijn blijft plezant,2013,Comedy,6.2,30,0.2157,nl
944789,Leopard Fight Club,2013,Documentary,7.5,11,0.1162,en
133176,Mold,2013,Drama,6.518,28,0.1414,tr
215658,Luton,2013,Drama,5.4,18,0.1452,el
327375,The Repairman,2013,Comedy,6.0,14,0.0943,it
421150,Doctor Who: The Last Day,2013,Science Fiction|War,5.8,10,0.0709,en
102855,Don’t Stop Believin’: Everyman’s Journey,2013,Documentary|Music,6.9,26,0.1225,en
163875,Into the Mind,2013,Documentary,6.8,32,0.1549,en
190827,I Am Hardwell,2013,Music,7.2,10,0.1429,en
157050,Anthony Jeselnik: Caligula,2013,Comedy,7.357,35,0.096,en
295834,Take Five,2013,Crime|Comedy|Drama,5.5,12,0.0867,it
269043,American Blackout,2013,Drama|Documentary,4.9,13,0.1018,en
268421,Dédalo,2013,Horror|Science Fiction,6.5,11,0.2527,en
279840,Helmut Schmidt - Questions of life,2013,Documentary|History|TV Movie,7.2,10,0.1668,de
269200,Plastic Paradise: The Great Pacific Garbage Patch,2013,Documentary,6.5,12,0.1045,en
211381,Machine Head,2013,Thriller,4.3,11,0.0916,en
390249,Bunni,2013,Horror,3.0,14,0.1169,en
238326,Sean Lock: Purple Van Man,2013,Comedy,7.1,13,0.0853,en
211059,September,2013,Drama,5.0,12,0.0963,el
273245,DSKNECTD,2013,Documentary,6.9,11,0.097,en
161073,Mariage à Mendoza,2013,Comedy|Drama|Romance,5.5,20,0.1237,fr
212248,El Babysitter,2013,Comedy|Romance,6.1,48,0.12,es
216898,Brain Divided,2013,Animation|Comedy|Romance,6.0,45,0.1306,en
190834,Viramundo,2013,Documentary,5.8,10,0.1377,pt
238561,Return to Homs,2013,Documentary,6.729,72,0.0943,ar
194537,A Story of Children and Film,2013,Documentary,7.1,25,0.0635,en
167935,So Much Water,2013,Drama,5.4,18,0.1254,es
698232,Under the Skin,2013,Drama,6.324,17,0.1051,pt
129432,Queen of Montreuil,2013,Comedy|Drama,5.932,22,0.1939,en
338276,In Their Room: London,2013,Documentary,5.182,11,0.1071,en
190845,Henri,2013,Drama,6.4,14,0.1562,fr
210070,7 Pecados Rurais,2013,Comedy,5.6,29,0.1387,pt
176720,Something Real and Good,2013,Drama,5.1,17,0.1254,en
197010,Butter on the Latch,2013,Horror|Drama|Fantasy,4.9,27,0.1347,en
366318,Chefurs Raus!,2013,Comedy,6.7,10,0.0852,sl
226632,Marc Maron: Thinky Pain,2013,Comedy,7.3,44,0.168,en
174684,Trees,2013,Documentary,7.3,10,0.1459,it
442099,The Egyptian Pyramids,2013,Comedy|Animation,6.1,13,0.0934,fr
216989,Doug Stanhope: Beer Hall Putsch,2013,Comedy,7.5,30,0.102,en
239773,Black Sabbath: Live... Gathered In Their Masses,2013,Music|Documentary,7.8,18,0.1016,en
216652,Mike Birbiglia: My Girlfriend's Boyfriend,2013,Comedy,7.446,83,0.1732,en
778775,I delitti del BarLume - La carta più alta,2013,Crime|Comedy,6.8,15,0.0824,it
200830,Landes,2013,Drama,5.8,13,0.0859,fr
190685,Egypt 3D,2013,Documentary,6.0,10,0.286,ru
395976,Changing Batteries,2013,Animation,6.4,11,0.0915,xx
252457,The Condemned,2013,Crime|Documentary,6.8,13,0.1016,en
239145,Runaway,2013,Adventure|Animation|Family|Fantasy,5.9,29,0.2644,en
490864,Shitcom,2013,Animation,2.5,11,0.1046,ja
231900,The Hobbit: The Quest for Cantal,2013,Adventure|Fantasy|Comedy,6.3,12,0.1155,fr
215782,Disrupted,2013,Documentary,6.6,11,0.1346,es
121175,Before Dawn,2013,Horror,4.5,17,0.1549,en
174352,Let the Fire Burn,2013,Documentary,7.68,25,0.0988,en
230374,The Harmonica's Howl,2013,Romance|Drama,5.5,20,0.0931,pt
228242,Riocorrente,2013,Drama,5.2,10,0.0982,pt
217425,South Is Nothing,2013,Drama,5.7,19,0.1032,it
179070,X - He's Always Watching,2013,Horror,4.0,16,0.135,en
175091,Selam,2013,Drama,5.5,15,0.0868,tr
238222,Bill Bailey: Qualmpeddler,2013,Comedy,6.962,13,0.072,en
227350,Mediastan,2013,Documentary,6.3,16,0.0762,en
194104,Stop the Pounding Heart,2013,Drama,6.9,31,0.122,en
203502,The Letter,2013,Documentary,5.792,12,0.0754,ru
203793,Stalingrad,2013,War|Action|Drama,6.4,388,0.0981,ru
240700,Rise of the Fellowship,2013,Adventure|Comedy|Fantasy,4.2,16,0.0799,en
179822,MURPH: The Protector,2013,Documentary,5.7,17,0.078,en
159005,Gideon's Army,2013,Documentary,7.1,16,0.0927,en
377363,The Boy with a Camera for a Face,2013,Drama|Comedy,6.9,12,0.0798,en
237859,La Santa,2013,Drama,5.3,17,0.0762,en
267526,Blue Season,2013,Science Fiction|Horror|Mystery,6.1,21,0.0832,en
214671,Spinning Plates,2013,Documentary,6.1,13,0.077,en
244844,Şeytan-ı Racim,2013,Horror,2.7,11,0.0827,tr
241553,Tricked: The Documentary,2013,Documentary,6.1,51,0.116,en
418931,War of the Worlds,2013,Documentary,6.8,10,0.1357,en
202244,Unaware,2013,Science Fiction|Horror,4.0,23,0.0794,en
157674,FrackNation,2013,Documentary,5.8,25,0.1168,en
218691,A Pact,2013,Drama|Thriller,5.4,11,0.1005,de
226033,The Reconstruction,2013,Drama,6.4,16,0.0841,es
366211,Cruise Patrol,2013,Science Fiction|Animation|Action|Fantasy,5.4,11,0.069,en
173319,The Video Craze,2013,Documentary,5.9,11,0.0551,en
348366,The Last Halloween,2013,Horror,6.3,11,0.1363,en
273873,Esperienza,2013,Horror|Mystery|Thriller,4.7,11,0.0839,it
225703,The Starving Games,2013,Comedy,4.24,698,0.0787,en
254045,Kids,2013,Drama,6.1,13,0.0934,ru
221110,Kathleen Madigan: Madigan Again,2013,Comedy,7.669,130,0.1086,en
168360,La Maison de la Radio,2013,Documentary,6.4,22,0.0658,fr
159011,Manhunt: The Inside Story of the Hunt for Bin Laden,2013,Documentary,6.826,23,0.0892,en
325806,Drudge,2013,Horror,5.2,11,0.1099,en
206126,Unicorn Blood,2013,Animation|Fantasy,7.4,16,0.0888,es
251522,Hidden Universe,2013,Documentary,6.8,12,0.0594,en
1120515,The Stop on Main Street,2013,Documentary,6.0,10,0.08,sk
252618,The Voice Thief,2013,Fantasy|Mystery,4.7,12,0.104,en
159831,The Event,2013,Animation,5.7,11,0.0605,en
244867,Illusion,2013,Drama,6.0,12,0.0569,de
330889,My Own Pole,2013,Drama|History,5.3,15,0.0864,pl
169864,The Short Game,2013,Documentary,7.3,40,0.1079,en
278722,Le cose belle,2013,Comedy|Documentary,6.1,14,0.073,it
398830,The Death of Jaime Roldós,2013,Documentary,8.6,12,0.0589,es
253774,Caminandes: Gran Dillama,2013,Animation|Comedy|Family,7.3,17,0.1903,en
306527,Mis-drop,2013,Thriller|Science Fiction,6.5,10,0.0595,en
215653,Yozgat Blues,2013,Comedy|Drama,6.4,25,0.0566,tr
185755,The Taking,2013,Horror|Thriller,2.5,33,0.0671,en
283472,MUTE,2013,Comedy|Animation,6.7,10,0.062,en
618769,Open Eyes,2013,Drama,7.3,19,0.0975,ja
208358,Social Butterfly,2013,Drama|Mystery,5.5,12,0.1518,en
890452,2AM: The Smiling Man,2013,Horror,5.6,12,0.0671,en
248692,Left Foot Right Foot,2013,Drama,4.2,10,0.3384,fr
182219,Serial Teachers,2013,Comedy,5.439,1254,0.1162,fr
191437,Omelette,2013,Animation|Family,7.5,13,0.0562,en
161074,Rue Mandar,2013,Comedy,5.3,10,0.0938,fr
411877,Reel,2013,Drama,6.4,14,0.0777,sv
159152,Pandora's Promise,2013,Documentary,6.9,37,0.0543,en
159370,R'ha,2013,Science Fiction|Animation,6.6,66,0.0528,en
287050,Orbits,2013,Romance|Animation|Drama|Science Fiction,5.7,10,0.0562,es
217370,BNSF,2013,Documentary,5.5,11,0.0859,en
203819,Tracks,2013,Adventure|Drama,6.916,563,0.0548,en
340799,Wastelands,2013,Drama,5.5,11,0.0621,nl
228009,Russell Peters: Notorious,2013,Comedy,6.529,68,0.0541,en
211367,Boles,2013,Animation|Comedy,6.0,14,0.0466,sl
215628,The Human Factor,2013,Drama|Thriller,5.0,17,0.0459,it
178966,Tokumei Sentai Go-Busters VS Kaizoku Sentai Gokaiger: The Movie,2013,Action|Adventure|Science Fiction,6.909,11,0.0515,ja
296828,Hello World :),2013,Thriller|Science Fiction,6.3,10,0.0596,en
431716,KK,2013,Drama,5.4,15,0.0546,sv
188640,Shootout at Wadala,2013,Action|Crime|Drama|History,5.39,41,0.0484,hi
232100,Riley Rewind,2013,Fantasy,6.0,20,0.0453,en
224908,Embrace of the Vampire,2013,Horror,4.399,89,0.0457,en
235224,Anders,2013,Comedy,6.8,10,0.0479,da
240047,Epica: Retrospect: 10th Anniversary,2013,Music,7.7,18,0.0454,en
217364,We Are Mari Pepa,2013,Comedy|Drama|Music,6.382,17,0.0382,es
366919,A Drop of Gold,2013,Animation|Fantasy,4.7,10,0.0694,fr
386763,Visitation,2013,Animation|Fantasy|Mystery,6.114,22,0.048,en
184374,Cinco de Mayo: The Battle,2013,War|History|Drama,8.1,113,0.0535,es
214632,Faraday,2013,Comedy|Horror,6.2,14,0.0507,es
203351,Atlantic Rim,2013,Action|Science Fiction,2.6,125,0.034,en
229801,Logan,2013,Drama|Horror|Mystery,5.5,16,0.0338,en
157919,Knife Fight,2013,Drama,5.0,39,0.0312,en
159015,Valentine Road,2013,Documentary,6.136,33,0.0393,en
858757,Films,2013,Unknown,9.3,11,0.0362,en
357920,12 Years of DFA: Too Old To Be New  Too New To Be Classic,2013,Music|Documentary,5.4,30,0.0338,en
296149,55 & Older,2013,Comedy,4.1,12,0.0596,en
214052,One Direction: All the Way to the Top,2013,Documentary|Music,6.8,10,0.0505,en
169860,Hey Bartender,2013,Documentary,4.9,10,0.0453,en
246473,Misterio,2013,Science Fiction|Mystery,6.1,13,0.0214,es
231263,Little Hope Was Arson,2013,Documentary,5.8,12,0.0429,en
386766,Pinball,2013,Animation,4.971,17,0.0306,en
309773,Wedding Cake,2013,Comedy|Animation,5.6,10,0.0327,it
344149,Irresolute,2013,Mystery,6.7,13,0.0407,en
203922,Fire in the Night,2013,Documentary,6.5,10,0.0538,en
278909,Retirement,2013,Unknown,7.5,11,0.0811,en
249676,America,2013,Drama,5.4,10,0.0404,fr
180680,Himmatwala,2013,Action|Comedy|Drama,2.917,54,0.0505,hi
256206,Camp Beaverton: Meet the Beavers,2013,Documentary,4.3,10,0.0256,en
240664,The Video Dating Tape of Desmondo Ray  Aged 33 & 3/4,2013,Comedy|Drama|Animation,6.5,10,0.0579,en
750271,Hello,2013,Horror,6.1,31,0.0286,en
184712,Battledogs,2013,Action|Horror|Science Fiction,4.454,65,0.0446,en
204784,Anna Nicole,2013,Drama,5.189,66,0.0314,en
141015,Combustion,2013,Action,5.36,129,0.0414,es
187028,Omar,2013,Thriller|Drama|Romance,7.055,181,0.0492,ar
283010,The Unsaved,2013,Drama,6.5,12,0.0357,ro
217014,The New Wilderness,2013,Documentary,7.1,29,0.0239,nl
226693,Spieltrieb,2013,Drama,5.2,16,0.0863,de
173455,Mistaken for Strangers,2013,Documentary|Music|Comedy,7.2,58,0.0288,en
141058,A Viking Saga: The Darkest Day,2013,Adventure|Action|Thriller,3.8,50,0.0331,en
186627,Daily Lives of High School Boys,2013,Comedy|Romance,5.0,10,0.0322,ja
188306,Aurangzeb,2013,Thriller|Action|Drama,6.0,24,0.0361,hi
346638,Before Words,2013,Romance,5.6,17,0.0327,pt
264371,Nightwalk,2013,Unknown,6.6,13,0.0239,en
511168,Imágenes paganas,2013,Documentary|Music,7.4,14,0.0311,es
519741,The Gift,2013,Animation|Romance,6.2,16,0.0453,es
273313,Dark Matter,2013,Documentary,6.7,10,0.0214,it
189242,Alcan Highway,2013,Documentary,5.8,11,0.1079,en
168051,Scatter My Ashes at Bergdorf's,2013,Documentary,6.1,15,0.0256,en
128073,Greetings from Tim Buckley,2013,Drama,5.2,29,0.0283,en
226962,In Hiding,2013,War|Drama|Thriller,3.7,10,0.0147,pl
225898,Exit to Hell,2013,Horror|Action|Thriller,3.3,13,0.0176,en
219897,Barrio Brawler,2013,Action|Drama|Crime,4.818,11,0.0158,en
110428,Camille Claudel 1915,2013,Drama|History,6.0,82,0.0182,fr
187672,Mohamed Dubois,2013,Comedy,4.8,125,0.015,fr
181756,Waking,2013,Unknown,5.4,13,0.013,en
821313,Asa,2013,Animation,6.4,14,0.0071,ja
171427,Studentfesten,2013,Comedy,5.1,15,0.0101,sv
200895,KoRn: Rock Am Ring 2013,2013,Music,8.9,10,0.0071,en
190781,Turtle Hill  Brooklyn,2013,Comedy|Drama,4.6,13,0.0066,en
