id,title,release_year,genres,vote_average,vote_count,popularity,original_language
976912,Graphic Desires,2023,Thriller|Crime,6.906,85,153.3938,en
1157008,Dime lo que quieres (de verdad),2023,Romance|Drama|Comedy,7.629,31,72.8902,es
1010581,My Fault,2023,Drama|Romance|Thriller,7.734,4078,54.3364,es
848116,Rocky Aur Rani Kii Prem Kahaani,2023,Comedy|Drama|Family|Romance,6.142,88,39.7329,hi
1075175,How to Have Sex,2023,Drama,6.235,502,31.3083,en
502356,The Super Mario Bros. Movie,2023,Family|Comedy|Adventure|Fantasy|Animation,7.6,10779,29.8343,en
569094,Spider-Man: Across the Spider-Verse,2023,Animation|Action|Adventure|Science Fiction,8.3,8647,28.1695,en
872585,Oppenheimer,2023,Drama|History,8.031,11815,28.1104,en
603692,John Wick: Chapter 4,2023,Action|Thriller|Crime,7.7,7942,23.0381,en
346698,Barbie,2023,Comedy|Adventure|Fantasy,6.9,11124,19.3446,en
385687,Fast X,2023,Action|Crime|Thriller,6.993,6328,21.1006,en
447365,Guardians of the Galaxy Vol. 3,2023,Science Fiction|Adventure|Action,7.932,8347,16.8821,en
1072790,Anyone But You,2023,Romance|Comedy,6.775,3071,14.9075,en
572802,Aquaman and the Lost Kingdom,2023,Action|Adventure|Fantasy,6.523,3496,15.0471,en
940551,Migration,2023,Family|Comedy|Adventure|Animation,7.4,2250,14.5878,en
781732,Animal,2023,Action|Crime|Drama,6.129,190,13.9843,hi
493529,Dungeons & Dragons: Honor Among Thieves,2023,Adventure|Fantasy|Comedy,7.3,4645,12.1249,en
1031774,Thriller 40,2023,Documentary|Music,8.629,112,15.2419,en
976573,Elemental,2023,Animation|Comedy|Family|Fantasy|Romance,7.579,5298,13.1925,en
1008042,Talk to Me,2023,Horror,7.143,3750,11.7189,en
934433,Scream VI,2023,Horror|Thriller|Crime,6.948,3193,12.9178,en
926393,The Equalizer 3,2023,Action|Thriller|Crime,7.292,3726,12.433,en
713704,Evil Dead Rise,2023,Horror|Thriller,6.9,3683,12.9343,en
1181678,¿Quieres ser mi hijo?,2023,Comedy|Romance,8.493,354,12.5156,en
1173558,Burning Betrayal,2023,Drama|Mystery|Romance,6.2,243,12.785,pt
640146,Ant-Man and the Wasp: Quantumania,2023,Action|Adventure|Science Fiction,6.2,5846,11.3279,en
575264,Mission: Impossible - Dead Reckoning Part One,2023,Action|Adventure|Thriller,7.503,5131,12.6548,en
615656,Meg 2: The Trench,2023,Action|Science Fiction|Horror,6.4,3981,12.0414,en
1078023,The King of Snipers,2023,Action|Crime|Comedy|War,5.636,11,9.9448,zh
1087040,Money Shot: The Pornhub Story,2023,Documentary,5.762,357,11.3155,en
667538,Transformers: Rise of the Beasts,2023,Science Fiction|Adventure|Action,7.171,5279,12.2995,en
614479,Insidious: The Red Door,2023,Horror|Thriller,6.5,1965,11.3434,en
298618,The Flash,2023,Action|Science Fiction|Adventure,6.617,4995,12.6576,en
1029575,The Family Plan,2023,Action|Comedy|Adventure,7.221,1884,12.1348,en
1108211,Lost in the Stars,2023,Mystery|Crime|Thriller,6.569,101,9.8104,zh
299054,Expend4bles,2023,Action|Adventure|Thriller,6.064,1887,12.4542,en
882569,Guy Ritchie's The Covenant,2023,War|Action|Thriller,7.72,3186,10.6738,en
812037,Last Summer,2023,Drama,6.095,247,10.245,fr
842675,The Wandering Earth II,2023,Science Fiction|Action|Adventure,7.303,720,9.6725,zh
739405,Operation Fortune: Ruse de Guerre,2023,Action|Comedy|Thriller|Adventure,6.5,1959,10.0851,en
507089,Five Nights at Freddy's,2023,Horror|Thriller,7.317,5024,9.5189,en
884605,No Hard Feelings,2023,Comedy|Romance,6.675,3843,10.4053,en
697843,Extraction 2,2023,Action|Thriller|Crime,7.386,2912,8.9635,en
940721,Godzilla Minus One,2023,Science Fiction|Horror|Action,7.572,3186,9.0285,ja
792307,Poor Things,2023,Science Fiction|Romance|Comedy,7.6,5501,9.7828,en
666277,Past Lives,2023,Drama|Romance,7.702,2330,9.4079,en
930094,Red  White & Royal Blue,2023,Comedy|Romance,7.928,1560,10.6001,en
980489,Gran Turismo,2023,Adventure|Drama|Action,7.709,3408,8.4467,en
516806,Last Sentinel,2023,Science Fiction|Thriller,5.414,232,8.2557,en
677179,Creed III,2023,Drama|Action,7.1,2875,9.7301,en
466420,Killers of the Flower Moon,2023,Crime|History|Drama,7.4,4131,8.1147,en
609681,The Marvels,2023,Science Fiction|Adventure|Action,5.946,3394,8.1976,en
976893,Perfect Days,2023,Drama,7.799,1914,8.3146,ja
838240,Robot Dreams,2023,Animation|Drama|Comedy|Science Fiction,8.0,796,8.2963,es
335977,Indiana Jones and the Dial of Destiny,2023,Adventure|Action,6.5,4158,12.1677,en
670292,The Creator,2023,Science Fiction|Action|Adventure,7.038,3900,8.4099,en
447277,The Little Mermaid,2023,Adventure|Family|Fantasy|Romance,6.272,3319,9.3286,en
508883,The Boy and the Heron,2023,Animation|Fantasy|Drama,7.405,2638,8.5313,ja
872906,Jawan,2023,Action|Thriller,7.076,327,8.2946,hi
968051,The Nun II,2023,Horror,6.6,2465,8.0664,en
787699,Wonka,2023,Comedy|Family|Fantasy,7.0,4389,7.9906,en
1068452,Hi Nanna,2023,Drama|Family|Romance,7.836,64,8.2954,te
868759,Ghosted,2023,Action|Comedy|Romance,6.88,2194,7.5975,en
1057491,Naughty,2023,Drama,6.229,105,8.198,ru
893723,PAW Patrol: The Mighty Movie,2023,Adventure|Animation|Comedy|Family|Science Fiction,6.929,558,8.3563,en
960292,My Sole Desire,2023,Romance|Drama,6.536,111,7.3304,fr
594767,Shazam! Fury of the Gods,2023,Comedy|Action|Fantasy,6.4,3641,7.7044,en
1050035,Monster,2023,Mystery|Thriller|Drama,7.918,891,7.7229,ja
753342,Napoleon,2023,History|War|Romance,6.309,3094,7.3648,en
820525,After Everything,2023,Romance|Drama,6.874,998,7.0641,en
695721,The Hunger Games: The Ballad of Songbirds & Snakes,2023,Science Fiction|Action,7.0,3503,7.1099,en
496450,Miraculous: Ladybug & Cat Noir  The Movie,2023,Animation|Fantasy|Action|Romance|Family,7.607,955,7.9339,fr
614930,Teenage Mutant Ninja Turtles: Mutant Mayhem,2023,Animation|Comedy|Action|Science Fiction,7.221,1597,7.3497,en
1022796,Wish,2023,Animation|Family|Fantasy|Adventure,6.223,1779,7.6933,en
1163258,12th Fail,2023,Drama,7.925,240,6.9401,hi
1103856,Sex Games,2023,Drama,4.792,12,7.1948,tl
877703,Teen Wolf: The Movie,2023,Action|Fantasy|TV Movie,7.461,966,6.9035,en
700391,65,2023,Action|Adventure|Science Fiction,5.94,2847,8.185,en
856289,Creation of the Gods I: Kingdom of Storms,2023,Action|Fantasy|War,7.079,482,6.0858,zh
770906,Salaar: Part 1 - Ceasefire,2023,Action|Crime|Drama,6.674,112,5.9908,te
1075794,Leo,2023,Animation|Comedy|Family,7.4,1346,5.8606,en
565770,Blue Beetle,2023,Action|Science Fiction|Adventure,6.636,3111,6.2564,en
839369,May December,2023,Drama,6.6,1031,6.274,en
799710,The Wild,2023,Action|Crime,5.2,25,5.0814,ko
1034062,Mortal Kombat Legends: Cage Match,2023,Animation|Action|Fantasy,6.776,154,6.2105,en
997265,Rule 34,2023,Drama,5.3,21,6.2569,pt
812225,Black Clover: Sword of the Wizard King,2023,Animation|Fantasy|Action|Adventure,8.102,387,7.6708,ja
726209,Leave the World Behind,2023,Drama|Mystery|Thriller,6.378,3248,5.8433,en
951491,Saw X,2023,Horror|Mystery,7.161,2367,7.0479,en
955555,The Roundup: No Way Out,2023,Action|Crime|Comedy|Thriller,7.206,544,6.5284,ko
820609,No One Will Save You,2023,Horror|Science Fiction,6.685,1471,6.0674,en
1047041,Detective Conan: Black Iron Submarine,2023,Animation|Action|Crime|Mystery,7.0,141,6.0848,ja
840430,The Holdovers,2023,Drama|Comedy,7.647,2512,5.7819,en
897087,Freelance,2023,Action|Comedy,6.404,1165,6.7366,en
1139087,Once Upon a Studio,2023,Animation|Family|Fantasy|Drama|Comedy,8.3,433,5.2679,en
800158,The Killer,2023,Crime|Thriller,6.58,2822,5.4569,en
915935,Anatomy of a Fall,2023,Thriller|Mystery|Crime,7.5,3310,5.4247,fr
964980,Air,2023,Drama|History,7.28,2332,5.4045,en
1025802,Drifter,2023,Drama,5.2,13,6.6553,de
467244,The Zone of Interest,2023,Drama|History|War,7.014,2621,5.035,en
897160,Brave Citizen,2023,Action|Drama|Comedy,7.566,137,5.4917,ko
709631,Cobweb,2023,Horror,6.4,1067,5.0039,en
930564,Saltburn,2023,Drama|Comedy|Thriller,6.956,2941,5.6757,en
850165,The Iron Claw,2023,History|Drama,7.5,1254,4.7752,en
901362,Trolls Band Together,2023,Animation|Family|Music|Fantasy|Comedy|Adventure,7.249,984,5.1283,en
988078,Through My Window: Across the Sea,2023,Romance|Drama|Comedy,6.563,965,5.4409,es
1076364,Carl's Date,2023,Animation|Family|Comedy|Romance,7.438,446,5.1317,en
974931,Totally Killer,2023,Horror|Comedy|Science Fiction,6.79,1117,5.5817,en
1058694,Radical,2023,Drama,8.326,505,4.786,es
747188,Asteroid City,2023,Comedy|Drama,6.4,2493,4.4651,en
928333,Just For Meeting You,2023,Romance,6.6,10,5.0532,zh
455476,Knights of the Zodiac,2023,Fantasy|Action|Science Fiction,6.29,1297,5.4861,en
1196656,Sugar Baby,2023,Romance,5.2,10,4.7852,tl
949229,Leo,2023,Action|Crime|Thriller,6.9,125,4.8886,ta
796185,The Three Musketeers: D'Artagnan,2023,Adventure|Action|Drama|History,6.9,1395,5.4858,fr
758323,The Pope's Exorcist,2023,Horror|Thriller,6.9,3162,5.3748,en
848326,Rebel Moon - Part One: A Child of Fire,2023,Science Fiction|Action|Adventure,6.218,2558,5.1354,en
646389,Plane,2023,Action|Adventure|Thriller,6.898,2662,4.4837,en
849869,Kill Boksoon,2023,Action|Drama|Thriller|Crime,6.882,542,4.3911,ko
864692,Pathaan,2023,Action|Adventure|Thriller,6.427,253,4.9634,hi
990140,Sakra,2023,Action,6.5,199,4.721,cn
768362,Missing,2023,Drama|Mystery|Thriller,7.4,1282,5.1912,en
717930,Kandahar,2023,Action|Thriller|War,6.778,1248,4.5164,en
635910,The Last Voyage of the Demeter,2023,Horror|Fantasy,6.739,1941,4.8976,en
678512,Sound of Freedom,2023,Action|Drama,8.0,2756,3.8961,en
1147400,Miraculous World: Paris  Tales of Shadybug and Claw Noir,2023,Animation|Family|Action|Adventure|Fantasy,7.3,630,4.8541,fr
961268,Ballerina,2023,Action|Thriller,6.999,700,4.4583,ko
1075536,Suki,2023,Drama,4.6,12,4.1742,tl
798286,Beau Is Afraid,2023,Comedy|Adventure|Fantasy,6.718,1328,4.2024,en
835017,Varisu,2023,Action|Adventure,5.017,60,4.4627,ta
1071215,Thanksgiving,2023,Horror|Mystery,6.5,1580,4.685,en
1020006,Priscilla,2023,Drama|Romance,6.712,1087,4.3566,en
1127087,Sijjin,2023,Horror|Thriller,5.765,17,4.1066,id
1151534,Nowhere,2023,Thriller|Drama,7.307,1573,4.3734,es
457332,Hidden Strike,2023,Action|Comedy|Thriller,6.888,1067,4.5491,en
931102,Ride On,2023,Action|Comedy|Drama,7.207,416,4.7081,zh
912908,Strays,2023,Comedy|Adventure,7.172,1012,4.5291,en
1192548,Hannah Waddingham: Home for Christmas,2023,Music,6.139,18,5.8073,en
1040148,Ruby Gillman  Teenage Kraken,2023,Animation|Family|Fantasy|Comedy,7.16,1108,5.1607,en
643215,Asterix & Obelix: The Middle Kingdom,2023,Family|Comedy|Adventure|Fantasy,4.818,1178,4.492,fr
798021,Family Switch,2023,Comedy|Fantasy|Family,6.373,786,3.9161,en
804150,Cocaine Bear,2023,Thriller|Comedy|Crime,6.0,2443,4.587,en
961323,Nimona,2023,Animation|Family|Fantasy|Adventure|Science Fiction|Action,7.85,1401,4.1237,en
636173,Dream,2023,Comedy|Drama,6.898,128,4.2199,ko
986070,The Wrath of Becky,2023,Action|Horror|Thriller,6.337,492,4.0247,en
845783,Baghead,2023,Horror,6.5,512,4.0686,en
945729,A Haunting in Venice,2023,Mystery|Thriller|Crime,6.6,2836,4.176,en
866463,Reptile,2023,Crime|Mystery|Thriller|Drama,6.673,1221,5.2427,en
792293,Dumb Money,2023,History|Comedy|Drama,6.7,810,4.5222,en
852096,We Have a Ghost,2023,Horror|Comedy,6.461,686,3.58,en
814776,Bottoms,2023,Comedy,6.765,850,5.1104,en
740441,Unlocked,2023,Thriller|Crime|Mystery,7.3,404,4.3095,ko
616747,Haunted Mansion,2023,Comedy|Drama|Fantasy,6.432,1237,4.3776,en
1083862,Resident Evil: Death Island,2023,Action|Animation|Science Fiction|Horror,7.265,1113,5.3842,ja
762430,Retribution,2023,Thriller|Action|Adventure,6.533,1368,4.217,en
520758,Chicken Run: Dawn of the Nugget,2023,Family|Animation|Adventure|Comedy,6.938,886,4.4273,en
1016121,Beautiful Disaster,2023,Romance|Drama|Comedy,6.639,900,4.5534,en
1062807,SPY x FAMILY CODE: White,2023,Animation|Comedy|Adventure|Action,7.15,642,4.2882,ja
726759,Tetris,2023,Thriller|History|Drama,7.722,1845,3.3623,en
724209,Heart of Stone,2023,Action|Crime|Thriller,6.72,1906,3.2109,en
980026,The Promised Land,2023,Action|Drama|History,7.68,583,3.0432,da
807172,The Exorcist: Believer,2023,Horror,5.821,1280,4.2708,en
912480,Red Rooms,2023,Thriller|Crime,7.089,487,3.239,fr
1134055,Kill Shot,2023,Action,8.1,223,3.8631,en
958263,Believer 2,2023,Thriller|Action|Crime,6.746,114,3.7313,ko
798362,The Marsh King's Daughter,2023,Thriller|Crime|Mystery,6.384,400,4.568,en
823482,Dream Scenario,2023,Comedy|Fantasy,6.7,1325,3.4159,en
365620,Ferrari,2023,History|Drama,6.369,1253,3.8705,en
536437,Hypnotic,2023,Mystery|Science Fiction|Thriller,6.205,1483,3.1701,en
649609,Renfield,2023,Comedy|Fantasy|Horror,6.447,2131,3.8168,en
420808,Peter Pan & Wendy,2023,Family|Fantasy|Action|Adventure,5.4,766,4.1067,en
729854,Concrete Utopia,2023,Thriller|Action,6.913,300,3.5811,ko
979806,Shades of Desire,2023,Horror|Thriller,6.6,55,3.4344,en
1076487,Warhorse One,2023,Action|War|Drama,7.201,334,2.9775,en
906126,Society of the Snow,2023,Drama|History,7.972,3498,3.6273,es
1205025,Foursome,2023,Romance|Drama,5.455,11,3.869,tl
878361,Big George Foreman,2023,History|Drama,7.574,357,3.7669,en
814215,Sam Bahadur,2023,Drama|History|War,7.014,35,3.5374,hi
744857,When Evil Lurks,2023,Horror|Thriller,7.141,1457,3.6825,es
605886,To Catch a Killer,2023,Thriller|Crime|Drama,6.853,1324,3.2069,en
891699,Silent Night,2023,Action|Thriller|Crime|Drama,6.153,947,3.7134,en
1136736,Lust Stories 2,2023,Drama|Romance,5.614,57,3.8662,hi
965979,Dada,2023,Drama|Comedy|Romance,7.2,18,3.8179,ta
611359,Tu Jhoothi Main Makkaar,2023,Comedy|Romance|Family,6.289,218,3.907,hi
948713,The Last Kingdom: Seven Kings Must Die,2023,Action|Adventure|War,7.209,822,4.0493,en
999644,You Are So Not Invited to My Bat Mitzvah,2023,Comedy|Drama,6.473,510,3.677,en
638974,Murder Mystery 2,2023,Comedy|Mystery|Crime,6.4,1964,4.0568,en
1115239,Por Thozhil,2023,Crime|Thriller|Action,7.144,45,3.2073,ta
1046090,The Pig  the Snake and the Pigeon,2023,Crime|Drama|Thriller,7.277,264,2.8674,zh
919207,12.12: The Day,2023,Drama|Thriller|Action|War|History|Crime,7.5,146,3.5886,ko
937249,57 Seconds,2023,Thriller|Science Fiction|Action,6.144,658,4.2003,en
910571,Fair Play,2023,Drama|Thriller|Romance,6.3,628,3.4177,en
626332,Flamin' Hot,2023,Drama|History,7.9,817,3.3978,en
942411,Mrs.,2023,Drama,6.6,20,2.9987,hi
915523,Wildflower,2023,Comedy|Drama,7.414,116,3.8155,en
994108,All of Us Strangers,2023,Romance|Drama|Fantasy,7.385,1020,3.1155,en
1160164,TAYLOR SWIFT | THE ERAS TOUR,2023,Music,8.2,522,3.3095,en
1026227,There's Still Tomorrow,2023,Drama|Comedy|History,8.079,1525,2.6638,it
631842,Knock at the Cabin,2023,Horror|Mystery|Thriller,6.248,3090,2.9938,en
939335,Muzzle,2023,Action|Thriller|TV Movie,6.499,356,3.3866,en
667216,Infinity Pool,2023,Horror|Science Fiction|Thriller,6.065,1035,3.2554,en
459003,Mavka: The Forest Song,2023,Animation|Adventure|Family|Fantasy,7.157,849,3.2038,uk
1016084,BlackBerry,2023,Comedy|Drama|History,7.2,889,3.3154,en
845659,Perfect Addiction,2023,Drama|Romance,6.74,333,3.1856,en
945937,Fast Charlie,2023,Action|Crime|Drama,6.178,295,5.0251,en
1134754,172 Days,2023,Drama|Romance,5.909,33,4.0313,id
957314,The Passenger,2023,Thriller|Drama,6.2,191,3.3519,en
1146302,Sly,2023,Documentary,7.212,224,2.6459,en
1039690,Desperation Road,2023,Thriller|Action|Crime|Drama,6.6,164,9.3726,en
1086591,Rascal Does Not Dream of a Knapsack Kid,2023,Animation|Drama|Fantasy,7.715,79,3.3145,ja
1064312,The Wailing of the Maghrib,2023,Horror,6.0,22,3.2309,id
1088226,Artem & Eva,2023,Documentary,7.375,20,2.8909,ru
996154,Black Lotus,2023,Action|Crime|Mystery|Thriller,6.4,194,2.6375,en
912916,The Other Zoey,2023,Romance|Drama|Comedy,6.969,487,3.1539,en
532408,The Boogeyman,2023,Horror,6.388,1094,3.2812,en
1074034,Ambush,2023,War|Action|Thriller,6.306,126,2.6539,en
913673,Nefarious,2023,Horror|Drama,6.683,492,2.8905,en
832502,The Monkey King,2023,Animation|Fantasy|Adventure|Family|Comedy,6.5,343,3.0007,en
1134433,Death Whisperer,2023,Horror|Thriller,7.4,231,2.9563,th
1024621,Call Me Chihiro,2023,Drama,7.2,142,2.875,ja
937020,Jailer,2023,Action|Crime|Thriller|Comedy|Adventure,6.621,112,2.9541,ta
1056360,American Fiction,2023,Comedy|Drama,7.253,1344,3.1846,en
983883,Marry My Dead Body,2023,Comedy|Action|Horror,7.041,205,3.646,zh
1075334,The Girl Who Escaped: The Kara Robinson Story,2023,Thriller|Drama|Crime|TV Movie,7.111,122,2.9031,en
1056803,Rascal Does Not Dream of a Sister Venturing Out,2023,Animation|Drama|Fantasy,7.678,59,2.7868,ja
998731,Sasaki and Miyano: Graduation,2023,Animation|Romance,6.0,51,3.6442,ja
943134,The Animal Kingdom,2023,Adventure|Drama|Science Fiction,7.0,933,2.7721,fr
1030587,Doraemon the Movie: Nobita's Sky Utopia,2023,Animation|Family|Adventure|Science Fiction|Fantasy,7.2,48,2.771,ja
552688,The Mother,2023,Action|Thriller,6.627,1427,3.5589,en
1139640,Strength of a Woman,2023,Romance|Drama|TV Movie,8.556,18,2.4782,en
927107,The Bricklayer,2023,Action|Thriller,5.772,395,3.0432,en
558915,The Color Purple,2023,Drama,6.988,360,2.8759,en
722149,Luther: The Fallen Sun,2023,Crime|Mystery|Thriller,6.6,1097,2.8597,en
1064835,The Seven Deadly Sins: Grudge of Edinburgh Part 2,2023,Action|Adventure|Fantasy|Animation,7.205,234,2.6583,ja
1142127,Bawaal,2023,Drama|Romance|Action|History,6.529,34,2.8417,hi
941488,The Three Investigators and the Dragon's Legacy,2023,Adventure|Family|Mystery,6.3,45,1.947,de
1121612,No More Bets,2023,Drama|Crime,7.081,80,2.5822,zh
984249,Ruthless,2023,Action|Thriller,6.439,140,2.3844,en
845111,The Three Musketeers: Milady,2023,Adventure|Action|Drama,6.4,816,2.5193,fr
845387,maboroshi,2023,Animation|Drama|Romance|Fantasy,7.3,131,3.8083,ja
816904,Mummies,2023,Animation|Adventure|Fantasy|Family,6.92,509,2.6668,es
1027073,In the Land of Saints and Sinners,2023,Action|Thriller|Crime,6.4,605,2.7613,en
1138749,The Island,2023,Action|Crime|Thriller,6.237,118,3.8078,en
923939,The Wonderful Story of Henry Sugar,2023,Comedy|Fantasy|Adventure|Drama,7.249,1389,2.7378,en
760774,One Life,2023,History|Drama,7.764,959,2.4253,en
1012837,Born to Fly,2023,Action|Drama,6.696,74,2.8908,zh
617882,Soulmate,2023,Drama|Romance,7.9,97,2.514,ko
1102776,AKA,2023,Action,6.857,694,3.784,fr
1150394,La Leyenda de los Chaneques,2023,Animation|Comedy|Family|Horror,8.377,260,2.9498,es
921636,The Out-Laws,2023,Romance|Action|Comedy,5.982,810,2.8368,en
1214784,Hibang,2023,Thriller|Romance,5.8,10,2.5905,tl
862557,The Hill,2023,History|Drama,7.652,310,2.672,en
900309,A Higher Law,2023,Drama|Romance,6.5,22,2.6639,ro
876969,Assassin Club,2023,Action|Adventure|Thriller,5.947,198,2.7081,en
950253,Dr. Cheon and the Lost Talisman,2023,Fantasy|Mystery|Action,6.276,58,2.3212,ko
944401,Dogman,2023,Action|Drama|Crime,7.854,1383,2.2072,fr
968870,Pretty Guardian Sailor Moon Cosmos the Movie Part 2,2023,Animation|Adventure|Fantasy|Romance,7.963,54,2.6573,ja
296271,The Devil Conspiracy,2023,Horror|Fantasy|Science Fiction|Thriller,6.452,472,2.8942,en
1037348,My Happy Marriage,2023,Drama|Romance|Fantasy,7.27,50,2.4292,ja
1109402,Her Body,2023,Drama,6.0,42,2.4107,cs
813477,Shin Kamen Rider,2023,Action|Drama|Science Fiction,6.975,303,2.6376,ja
1148694,Fight Against Evil 2,2023,Action|Crime|Drama,7.0,22,2.2551,zh
1035982,Hell House LLC Origins: The Carmichael Manor,2023,Horror|Mystery,6.606,218,2.6831,en
994751,Oh Belinda,2023,Drama|Comedy|Fantasy,6.4,66,2.2382,tr
1025491,Freud's Last Session,2023,Drama,6.619,180,2.3177,en
964819,99 Moons,2023,Drama,4.566,38,2.4325,de
758336,Love Again,2023,Romance|Drama|Comedy,6.736,479,2.7193,en
1057001,The Childe,2023,Action|Thriller|Drama,7.2,194,2.4562,ko
870518,Sanctuary,2023,Drama|Thriller,6.086,249,2.5278,en
1066313,The Draft!,2023,Science Fiction|Horror,5.3,11,2.8457,id
353577,Love at First Sight,2023,Romance|Drama,7.218,693,2.4375,en
1145612,Fate/strange Fake -Whispers of Dawn-,2023,Animation|Action|Fantasy|Drama,7.676,37,2.8136,ja
890771,The Black Demon,2023,Thriller|Horror,5.904,698,2.4784,en
823452,The Boys in the Boat,2023,Drama|History,7.261,357,3.2513,en
1180449,They Are Mine,2023,Drama,4.3,14,2.1444,tl
844417,Marlowe,2023,Crime,5.707,432,3.3288,en
1059372,Dear David,2023,Drama|Romance|Fantasy,6.188,40,2.4376,id
664341,Eileen,2023,Thriller|Crime,5.794,395,2.1729,en
900379,Afire,2023,Drama|Romance|Comedy,6.8,249,2.1789,de
848187,Role Play,2023,Action|Comedy|Romance,5.985,635,2.2523,en
837335,La Chimera,2023,Drama|Fantasy|Comedy,7.281,578,2.3983,it
1140066,Paradise,2023,Science Fiction|Thriller,6.5,712,2.9669,de
913001,The Imaginary,2023,Animation|Adventure|Drama|Family|Fantasy,7.626,91,2.6101,ja
1077280,Die Hart,2023,Comedy|Action|Thriller,5.9,512,2.3482,en
760245,Foe,2023,Science Fiction|Drama,5.788,300,1.9143,en
923993,Your Lucky Day,2023,Thriller|Crime|Action,6.031,98,1.5007,en
555285,Are You There God? It's Me  Margaret.,2023,Comedy|Drama,7.151,506,2.6037,en
933419,Champions,2023,Comedy|Drama,6.707,502,2.9096,en
960876,Dunki,2023,Adventure|Comedy|Drama,6.303,109,2.4429,hi
620705,Crater,2023,Science Fiction|Action|Adventure|Family,6.6,283,2.2043,en
864168,Joy Ride,2023,Comedy,6.5,486,2.6209,en
609271,Under the Boardwalk,2023,Adventure|Animation|Comedy|Family|Romance,7.3,123,2.3742,en
805785,Fukrey 3,2023,Comedy|Drama,5.3,16,2.2158,hi
898673,Passages,2023,Romance|Drama,6.3,231,2.6157,fr
872954,The Old Way,2023,Action|Drama|Western,5.724,292,2.6781,en
830896,The Portable Door,2023,Fantasy|Adventure|Comedy,6.489,272,1.8019,en
986280,Fallen Leaves,2023,Romance|Comedy|Drama,7.117,735,3.2891,fi
805320,Bird Box Barcelona,2023,Horror|Science Fiction|Thriller,5.902,843,2.4488,es
779816,White Bird,2023,Drama|War,7.8,237,3.8135,en
1010928,Wingwomen,2023,Action|Comedy|Drama,6.1,512,2.3635,fr
507532,Finestkind,2023,Crime|Drama|Thriller,6.869,336,2.4397,en
980078,Winnie the Pooh: Blood and Honey,2023,Horror,4.96,1569,2.2179,en
1076366,Willow: Behind the Magic,2023,Documentary|Comedy,4.313,16,2.2995,en
975902,Boudica,2023,Action|War,5.8,185,2.2576,en
915403,Gridman Universe,2023,Animation|Action|Science Fiction,8.0,24,1.9748,ja
1081676,Forgotten Love,2023,Drama|Romance,7.8,358,2.2107,pl
1067820,Awareness,2023,Science Fiction|Mystery|Thriller|Action,5.996,228,3.3783,es
606400,The Point Men,2023,Action|Thriller|Drama,5.75,60,2.3604,ko
1187075,MAD,2023,Comedy|Romance|Drama,6.537,27,3.1231,te
808396,God Is a Bullet,2023,Thriller|Action|Crime,6.064,258,2.4478,en
1123093,Diary of a Wimpy Kid Christmas: Cabin Fever,2023,Animation|Comedy|Family,6.651,96,1.7716,en
1064024,Locked In,2023,Thriller,5.284,301,3.0964,en
523607,Maestro,2023,Drama|Romance|Music,6.266,839,1.9188,en
964592,Sleep,2023,Horror|Mystery|Thriller,6.663,243,2.0327,ko
1075523,La Querida,2023,Drama,3.6,10,2.1057,tl
1020662,Inside Man,2023,Crime|Thriller|Drama,5.986,74,2.6929,en
958196,Inside,2023,Thriller|Drama,5.654,526,2.4345,en
906221,Magic Mike's Last Dance,2023,Comedy|Drama|Romance,6.4,593,2.2604,en
1182655,Stolen Baby: The Murder of Heidi Broussard,2023,Thriller|Crime|Drama|TV Movie,7.941,17,1.6041,en
830764,Pet Sematary: Bloodlines,2023,Horror,5.6,428,2.568,en
818721,Visions,2023,Thriller|Mystery,5.788,172,3.2873,fr
1146348,Scooby-Doo! and Krypto  Too!,2023,Animation|Family|Mystery|Fantasy|Comedy,7.4,96,1.9421,en
970284,Shooting Stars,2023,Drama,7.777,168,2.1971,en
621587,Next Goal Wins,2023,Comedy|Drama,6.4,574,2.1977,en
988402,Humanist Vampire Seeking Consenting Suicidal Person,2023,Romance|Comedy|Fantasy|Horror,7.41,385,2.4998,fr
1072371,Jules,2023,Comedy|Science Fiction|Drama,7.127,396,2.8737,en
1070514,Zom 100: Bucket List of the Dead,2023,Comedy|Horror,6.6,621,1.9229,ja
956964,Consent,2023,History|Drama,6.843,232,2.99,fr
326316,Spinning Gold,2023,Music|Drama,5.344,48,1.9332,en
994143,Skinamarink,2023,Horror,5.35,371,1.8649,en
800787,A Good Person,2023,Drama|Comedy,7.032,440,2.1118,en
852445,Acid,2023,Drama|Science Fiction|Fantasy,5.698,331,2.3068,fr
1003581,Justice League: Warworld,2023,Animation|Action|Science Fiction|Adventure,6.754,299,2.6937,en
1122634,Once Upon a Crime,2023,Fantasy|Comedy|Crime,6.3,150,2.0823,ja
842945,Supercell,2023,Action|Drama,5.7,286,3.085,en
1153706,The Quintessential Quintuplets∽,2023,Animation|Romance|Comedy,6.3,15,1.8259,ja
1060090,The Collective,2023,Action|Thriller,5.574,163,2.806,en
942922,80 for Brady,2023,Comedy|Drama,6.205,195,1.9559,en
901121,Cobweb,2023,Comedy|Drama,6.6,109,2.6109,ko
870358,Merry Little Batman,2023,Animation|Action|Family|Comedy,6.617,171,1.9704,en
790493,Spy Kids: Armageddon,2023,Family|Comedy|Adventure|Science Fiction,6.0,177,2.354,en
1016346,MR-9: Do or Die,2023,Action|Drama|Thriller,6.4,185,2.5037,bn
862552,The Ritual Killer,2023,Mystery|Thriller|Action|Drama,5.771,369,2.1068,en
866413,You People,2023,Romance|Comedy,5.607,782,2.4574,en
1221257,Disney 100: A Century of Dreams – A Special Edition of 20/20,2023,Documentary,7.1,14,1.9828,en
809787,Mafia Mamma,2023,Comedy|Crime|Action,6.068,315,2.0675,en
719256,Jesus Revolution,2023,Drama|History,6.813,176,2.2132,en
531379,Where the Wind Blows,2023,Crime|Drama|Thriller,5.6,20,1.6582,cn
1085103,Clock,2023,Horror|Thriller,5.562,266,2.7176,en
1059811,Flora and Son,2023,Music|Comedy|Drama,6.905,216,1.8279,en
1001811,My Big Fat Greek Wedding 3,2023,Comedy|Romance,5.882,225,2.4054,en
717980,Sharper,2023,Thriller|Crime,6.847,687,1.7517,en
1002185,A Million Miles Away,2023,Drama|History,7.657,524,1.8396,en
885331,Gadar 2,2023,Action|Drama,5.982,55,1.9278,hi
968868,Pretty Guardian Sailor Moon Cosmos the Movie Part 1,2023,Animation|Action|Adventure|Fantasy|Romance,7.329,70,2.2058,ja
862968,Pain Hustlers,2023,Drama,6.653,779,2.5047,en
1008392,The Blackening,2023,Horror|Comedy,5.881,408,1.8948,en
1060060,Panibugho,2023,Drama,4.9,12,2.114,tl
982932,Shrapnel,2023,Action|Thriller|Drama,5.572,76,2.2626,en
720557,Tiger 3,2023,Action|Adventure|Thriller,5.8,61,1.9378,hi
1077661,The Adults,2023,Drama|Comedy,6.2,66,1.8584,en
1094448,Pretty Cure All Stars F,2023,Animation|Action|Adventure|Comedy|Family|Fantasy,8.318,11,1.8944,ja
1006947,Suitable Flesh,2023,Horror|Thriller,5.355,148,2.0751,en
881164,Boston Strangler,2023,Crime|Mystery|Thriller,6.642,841,2.382,en
500104,Aristotle and Dante Discover the Secrets of the Universe,2023,Romance|Drama,7.5,60,1.934,en
1012652,Psycho-Pass: Providence,2023,Animation|Crime|Mystery|Thriller,7.0,45,1.977,ja
1057186,The Woman in the Storm,2023,Drama|Family,6.5,11,1.9921,zh
985617,Reality,2023,Drama|Thriller,6.411,599,1.9195,en
1146412,Gabriel's Redemption: Part II,2023,Romance,8.091,33,1.8243,en
1143319,Puppy Love,2023,Comedy|Romance,6.975,358,1.7897,en
1058906,Detective Conan: The Story of Ai Haibara: Black Iron Mystery Train,2023,Animation,6.7,15,1.5366,ja
1059572,New Dimension! Crayon Shin-chan the Movie: Battle of Supernatural Powers ~Flying Sushi~,2023,Animation|Comedy|Action|Adventure|Family|Fantasy|Science Fiction,7.033,45,1.5582,ja
1111491,Katie's Mom,2023,Comedy|Drama|Romance,4.667,15,2.0157,en
998022,The Teachers' Lounge,2023,Drama,7.224,719,3.2168,de
734253,Adipurush,2023,Action|Adventure|Fantasy,4.604,106,1.9622,hi
1078642,Bihter: A Forbidden Passion,2023,Drama|Romance,5.231,54,1.8649,tr
1075813,Green Night,2023,Drama,5.875,16,2.1754,zh
1160003,Night of the Hunted,2023,Horror|Mystery|Thriller,6.071,177,2.081,en
1098110,Blood & Gold,2023,Action|Drama|War,6.667,413,1.7383,de
1171541,Sniper: G.R.I.T. - Global Response & Intelligence Team,2023,Action|Thriller,6.5,184,2.2815,en
734002,The Peasants,2023,Animation|History|Drama,7.53,165,2.1473,pl
977177,Home for Rent,2023,Horror|Thriller|Mystery,6.758,124,1.8477,th
1142615,Gabriel's Redemption: Part I,2023,Drama|Romance,7.177,93,2.1044,en
893345,The Secret Kingdom,2023,Adventure|Family|Fantasy,6.405,84,2.3147,en
1088812,The Tidal Zone: SpongeBob Universe Special,2023,Animation|Comedy|Adventure,7.091,44,1.8234,en
955531,Sister Death,2023,Drama|Horror,6.001,363,1.873,es
745391,Love in Taipei,2023,Romance|Comedy|Drama,6.8,62,1.9648,en
1039960,Monster High 2,2023,Fantasy|Science Fiction|Action|Adventure,6.809,102,1.9666,en
921355,Assassin,2023,Action|Thriller|Science Fiction|Crime,5.117,94,1.7409,en
995012,The Tutor,2023,Mystery|Thriller|Action,6.076,131,1.9205,en
783110,Smugglers,2023,Crime|Action,6.57,79,2.0067,ko
899524,Golda,2023,Drama|History|War,6.3,204,1.7477,en
942199,Simulant,2023,Science Fiction|Thriller,5.872,239,1.6628,en
1116488,The Shepherd,2023,Drama|Fantasy|Action,6.8,117,2.905,en
1189198,Genie,2023,Fantasy|Comedy,6.6,265,2.7436,en
1117609,The Concierge,2023,Animation|Fantasy,6.9,33,1.9737,ja
1071806,Hunger,2023,Drama,7.211,484,1.9143,th
823395,The Baker,2023,Action|Drama|Crime,6.3,118,1.8433,en
1075519,The Locksmith,2023,Thriller|Mystery|Action|Crime|Drama,5.9,105,2.8486,en
987917,Old Dads,2023,Comedy,6.182,456,1.9557,en
647250,The Machine,2023,Comedy|Action|Crime,5.752,212,1.7476,en
660360,Noryang: Deadly Sea,2023,War|Action|History|Drama,6.4,161,1.9599,ko
1044302,Last Call for Istanbul,2023,Romance|Drama,6.275,138,1.8567,tr
610338,14+: Continued,2023,Romance,6.6,10,1.9106,ru
1173076,Johnny Keep Walking!,2023,Drama|Comedy,7.485,101,1.9195,zh
1024127,King of Killers,2023,Action|Thriller,6.27,176,2.071,en
887870,Blue Giant,2023,Animation|Drama|Music,7.756,88,2.007,ja
981344,Darker Shades of Summer,2023,Thriller|Romance,3.391,23,1.8851,en
1073070,Island,2023,Horror|Adventure,4.7,11,1.7998,ms
1070802,Confidential Informant,2023,Thriller|Action|Mystery|Crime,5.633,139,1.5154,en
979097,Memory,2023,Drama,7.031,213,2.7761,en
1219926,South Park (Not Suitable for Children),2023,Animation|Comedy|TV Movie,7.432,212,1.9899,en
1203097,Ganti-Ganti,2023,Romance|Drama|Thriller,4.6,10,2.2642,tl
1084250,The Kiss List,2023,Comedy|Romance,6.8,10,1.5983,en
736769,They Cloned Tyrone,2023,Comedy|Science Fiction|Mystery,6.527,760,1.9263,en
790416,Showing Up,2023,Comedy|Drama,5.9,130,2.8134,en
972230,Maybe I Do,2023,Comedy|Romance|Drama,5.454,280,1.7371,en
503417,She Came to Me,2023,Romance|Comedy|Drama,6.086,174,1.8893,en
736790,Chupa,2023,Adventure|Fantasy|Family,6.299,376,1.998,en
989473,Invitation to a Murder,2023,Mystery|Thriller|TV Movie,5.6,178,1.6558,en
675531,Dark Harvest,2023,Horror|Fantasy|Thriller,6.0,307,2.355,en
1024721,Monolith,2023,Horror|Mystery|Science Fiction|Thriller,6.2,205,2.3433,en
866346,The Retirement Plan,2023,Action|Comedy|Crime,5.923,323,2.4036,en
1049638,Rye Lane,2023,Comedy|Romance,7.055,245,1.7847,en
855483,Hidden Blade,2023,Drama|Mystery|History|Action,6.3,58,1.7599,zh
1156255,The Engineer,2023,Action|Thriller|Mystery,5.995,93,2.6882,en
826753,Candy Land,2023,Horror|Thriller,6.177,167,1.5597,en
1059126,Bring Him to Me,2023,Crime|Action|Thriller,5.737,76,1.3978,en
895549,NYAD,2023,Drama|History,7.075,546,1.7668,en
723347,Robots,2023,Comedy|Science Fiction|Romance|Fantasy,5.55,249,2.6281,en
921452,Jeanne du Barry,2023,Drama|History|Romance,6.869,681,1.6557,fr
632065,House Party,2023,Comedy,5.617,120,2.7925,en
932430,Prom Pact,2023,Comedy|Romance|TV Movie,7.212,186,2.0607,en
1003579,Batman: The Doom That Came to Gotham,2023,Animation|Fantasy|Action|Mystery,6.664,256,1.9681,en
758769,Unwelcome,2023,Horror|Fantasy,5.811,185,1.7927,en
829774,Somewhere in Queens,2023,Comedy|Drama,6.3,81,1.4633,en
983044,The Arctic Convoy,2023,War|Drama,6.928,145,1.951,no
997086,My Next Life as a Villainess: All Routes Lead to Doom! The Movie,2023,Animation|Comedy|Fantasy|Romance,6.265,17,1.7693,ja
1111966,Mercy,2023,Action|Mystery|Thriller,6.0,103,1.5088,en
1061181,Kingdom III: The Flame of Destiny,2023,Action|Adventure|War,7.54,136,1.8494,ja
507250,Dead Shot,2023,Action|Thriller,5.4,76,2.6447,en
1063879,Infested,2023,Horror|Thriller,6.561,579,2.7085,fr
904759,The Birth of Kitaro: The Mystery of GeGeGe,2023,Animation|Comedy|Mystery|Fantasy|Horror,7.385,26,1.3602,ja
979275,Mob Land,2023,Action|Crime|Thriller,5.532,95,1.7236,en
1002315,Please Don't Destroy: The Treasure of Foggy Mountain,2023,Comedy|Adventure|Action,6.131,157,2.2622,en
959395,Maria Montessori,2023,Drama|History,7.0,101,3.5773,fr
753336,Origin,2023,Drama|History,6.225,80,1.6825,en
1006462,The Flood,2023,Action|Mystery|Thriller|Horror,6.1,284,1.6861,en
1189798,Squealer,2023,Thriller|Action|Horror,5.935,69,1.2539,en
959092,Mayhem!,2023,Action|Crime|Thriller,6.716,222,1.8856,fr
1000492,All Your Faces,2023,Drama,7.902,697,1.7697,fr
561717,The Perfect Find,2023,Romance|Comedy,6.084,137,1.6014,en
1003580,Legion of Super-Heroes,2023,Animation|Science Fiction|Action,6.444,222,1.8023,en
1186957,The Velveteen Rabbit,2023,Animation|Family|Fantasy,6.882,76,1.524,en
586810,Mars Express,2023,Animation|Science Fiction|Thriller,7.45,540,1.3762,fr
802699,The Girl from the Other Side,2023,Animation|Drama|Mystery|Fantasy,7.4,38,1.6509,ja
763165,The Burial,2023,Drama|History,7.071,625,1.9429,en
1078012,Boonie Bears: Guardian Code,2023,Animation|Comedy|Science Fiction|Family|Adventure,7.0,12,1.3283,zh
920125,White Men Can't Jump,2023,Comedy|Drama,6.36,296,1.5644,en
843846,Butcher's Crossing,2023,Adventure|Drama|Western,5.889,212,1.7157,en
843794,JUNG_E,2023,Science Fiction|Action|Adventure|Drama,6.1,679,1.8102,ko
1165487,Marvel Studios Assembled: The Making of the Guardians of the Galaxy Vol. 3,2023,Documentary,6.412,17,1.5222,en
991708,El Conde,2023,Fantasy|Comedy|Horror,6.119,349,2.6502,es
937746,Io Capitano,2023,Adventure|Drama,7.794,816,1.835,it
975043,Which Brings Me to You,2023,Romance|Comedy|Drama,6.183,208,1.6645,en
889675,The Pod Generation,2023,Science Fiction|Comedy|Romance,5.996,259,1.5489,en
1059264,The Inseparables,2023,Animation|Adventure|Comedy|Family,6.5,59,1.3706,en
1172674,The Rat Catcher,2023,Comedy,6.6,530,1.9613,en
828373,Between Us,2023,Drama,5.7,92,2.6652,fr
656156,A Man of Reason,2023,Action|Thriller|Drama,6.622,115,1.728,ko
1064551,Bela Luna,2023,Drama,4.9,10,1.4229,tl
829051,About My Father,2023,Comedy,6.0,417,1.3589,en
1101582,Good Burger 2,2023,Family|Comedy,6.3,113,1.6236,en
958006,The Kill Room,2023,Comedy|Crime,5.871,290,1.4635,en
812635,Chevalier,2023,Music|Drama|History,6.361,126,1.5428,en
1143190,Fear the Night,2023,Action|Thriller|Horror,5.91,306,1.9232,en
1172676,Poison,2023,Comedy|Drama|Thriller,6.9,583,1.3196,en
880100,Fear,2023,Horror|Drama,5.086,110,1.8294,en
800301,What's Love Got to Do with It?,2023,Romance|Comedy,6.046,237,1.3882,en
869641,Vacation Friends 2,2023,Comedy,6.297,298,1.6692,en
844386,The Ghost Station,2023,Horror|Mystery,6.529,87,1.4674,ko
1122932,See You on Venus,2023,Romance|Drama,7.0,226,1.7095,en
976581,Femme,2023,Drama|Thriller|Romance,6.836,146,1.6433,en
773910,Switch,2023,Comedy|Drama|Fantasy,6.7,36,1.4984,ko
982271,Book Club: The Next Chapter,2023,Comedy|Romance,6.255,218,1.8259,en
967585,Alibi.com 2,2023,Comedy|Family,6.565,483,1.5025,fr
950071,Jaane Jaan,2023,Crime|Thriller|Drama,7.04,113,1.7501,hi
772515,Huesera: The Bone Woman,2023,Horror|Mystery|Drama,5.87,378,1.6538,es
997391,RDX: Robert Dony Xavier,2023,Action|Drama,6.7,62,1.5707,ml
1094319,The Best Man,2023,Action|Thriller,5.981,129,1.7373,en
776835,The Magician's Elephant,2023,Animation|Adventure|Family|Fantasy|Comedy,6.778,234,1.5355,en
1093485,The White Storm 3: Heaven or Hell,2023,Action|Crime|Thriller,6.131,65,1.5332,cn
982940,Due Justice,2023,Action|Thriller|Crime,5.781,98,1.6242,en
977223,Polite Society,2023,Comedy|Action|Drama,6.268,218,1.4148,en
1205036,Sip,2023,Romance,5.2,16,1.4402,tl
1109586,Endless Journey,2023,Crime|Drama,7.027,37,1.6945,zh
667717,Deep Sea,2023,Animation|Adventure|Drama|Fantasy|Mystery,6.977,151,1.6022,zh
1034590,Virupaksha,2023,Horror|Mystery|Thriller,6.9,37,1.5882,te
1081662,Appendage,2023,Horror,5.61,177,2.8386,en
800279,Corner Office,2023,Comedy|Mystery|Drama,6.49,150,2.6363,en
1000173,Nightman,2023,Thriller|Horror,5.926,47,2.0999,en
949701,Inhuman Kiss: The Last Breath,2023,Romance|Horror|Drama,7.0,45,1.488,th
926599,All Fun and Games,2023,Horror|Thriller,5.517,174,1.4257,en
958186,Tótem,2023,Drama,6.824,91,2.4408,es
1221210,A Portrait of Jianghu: The Legend,2023,Animation|Action,7.9,14,1.4942,zh
1018228,Chor Nikal Ke Bhaga,2023,Crime|Thriller,6.877,142,1.8968,hi
1106904,Totto-chan: The Little Girl at the Window,2023,Animation|Drama|Family,7.4,37,1.5919,ja
843942,Manodrome,2023,Mystery|Thriller|Drama,5.094,96,1.6722,en
964960,The Taste of Things,2023,Romance|Drama,7.1,385,1.5156,fr
1018332,The Caine Mutiny Court-Martial,2023,Drama|War,6.748,135,1.6345,en
1120628,Hard Feelings,2023,Comedy,5.839,178,1.7254,de
1100795,Mr. Monk's Last Case: A Monk Movie,2023,Comedy|Crime|Mystery|TV Movie,6.877,241,1.279,en
741600,One More Chance,2023,Comedy|Drama|Family,5.5,14,1.6342,cn
1145291,The Forbidden Play,2023,Horror|Thriller,5.8,35,1.6213,ja
1089654,Chang'an,2023,Animation|History,7.7,65,1.5553,zh
1030987,Sympathy for the Devil,2023,Thriller|Action,5.917,333,1.5892,en
939338,Epic Tails,2023,Animation|Adventure|Fantasy|Family|Comedy,6.8,134,1.587,fr
1046032,The Bad Guys: A Very Bad Holiday,2023,Animation|Comedy|Family|Action,6.485,168,1.6424,en
884434,Shehzada,2023,Action|Comedy|Drama|Romance,5.593,43,1.4573,hi
1153222,Lego Disney Princess: The Castle Quest,2023,Animation,6.4,50,1.828,en
1190586,Leggings Mania,2023,Drama|Romance,7.591,11,1.5272,ko
1057006,Sight,2023,Drama|History,6.405,42,1.498,en
878375,On a Wing and a Prayer,2023,Drama,5.914,128,1.47,en
1066298,Full River Red,2023,Mystery|Comedy|Thriller|History,6.006,175,1.3214,zh
813726,A Tourist's Guide to Love,2023,Romance|Comedy,6.335,191,1.7495,en
640327,The Devil's Deal,2023,Crime|Thriller|Drama,5.984,32,2.6995,ko
1006911,Make Me Believe,2023,Romance|Comedy,6.4,130,1.337,tr
783121,Moscow Mission,2023,Crime|Action|Adventure|Thriller,6.1,54,2.2386,zh
1115379,Only the River Flows,2023,Thriller|Drama|Crime,6.412,108,1.3936,zh
990326,A Guilty Conscience,2023,Crime|Drama|Mystery,6.8,61,1.4302,cn
1069069,10-Day Lover,2023,Romance,5.0,12,1.1067,ko
1178811,Shining for One Thing,2023,Romance|Fantasy,6.8,11,1.2973,zh
581395,Ransomed,2023,Action|Thriller|Drama,6.7,54,1.7797,ko
1098160,The Tank,2023,Horror|Thriller,5.063,127,1.5738,en
1020910,Influencer,2023,Horror|Thriller,6.3,356,1.7008,en
1027159,LUPIN THE 3rd vs. CAT'S EYE,2023,Animation|Action|Adventure|Comedy|Crime,6.2,50,1.5329,ja
899445,Deep Fear,2023,Horror|Thriller|Action|Mystery,5.263,215,1.5593,en
987257,Sweetwater,2023,Drama,6.9,29,1.4249,en
972619,Cascade,2023,Thriller,6.414,29,1.3741,en
898713,Rustin,2023,Drama|History,6.5,214,1.2808,en
1073125,In Your Dreams,2023,Romance|Comedy|Drama,7.321,98,1.6189,tr
946025,Kathal,2023,Comedy|Drama,6.012,43,1.1942,hi
965606,Bholaa,2023,Action|Adventure|Crime|Thriller,5.8,33,1.5012,hi
1137142,Lumberjack the Monster,2023,Drama|Thriller|Crime|Horror,6.392,51,1.2206,ja
842544,Transfusion,2023,Crime|Action|Drama,6.042,265,1.4841,en
739986,True Spirit,2023,Adventure|Drama|History,6.983,269,1.5056,en
940241,97 Minutes,2023,Action|Thriller|Drama,4.665,103,1.5473,en
943930,Tin & Tina,2023,Horror|Thriller|Mystery,5.9,459,1.3673,es
1060064,Nightbird,2023,Thriller,4.115,13,1.3269,tl
828899,Metalocalypse: Army of the Doomstar,2023,Animation|Comedy|Music,6.583,66,1.3065,en
891636,Fireworks,2023,Drama,7.4,195,1.3609,it
843394,Cat Person,2023,Thriller|Comedy,5.743,113,1.1358,en
869612,Master Gardener,2023,Drama|Crime|Mystery|Thriller,6.024,338,1.809,en
1115577,Kyrie,2023,Drama|Music,7.5,10,1.3459,ja
1022964,Candy Cane Lane,2023,Comedy|Fantasy|Family,5.94,494,1.663,en
999056,I Did It My Way,2023,Action|Crime|Drama,5.1,18,1.2159,cn
1064662,My Beautiful Man: Eternal,2023,Drama|Romance,8.0,24,1.673,ja
858408,Dog Gone,2023,Family|Adventure|Drama,6.216,201,1.8055,en
1174618,Alice in Terrorland,2023,Horror|Thriller,5.787,204,1.5141,en
703451,Your Place or Mine,2023,Romance|Comedy,6.249,866,1.5138,en
1063453,BTS: Yet to Come in Cinemas,2023,Music|Documentary,8.276,116,1.3814,ko
1053544,The Abyss,2023,Thriller|Drama|Action,5.707,312,1.3525,sv
269509,The Canterville Ghost,2023,Animation|Comedy|Family|Fantasy,6.723,56,1.6964,en
850871,Sayen,2023,Action|Adventure,6.154,133,1.5669,es
1056133,City Hunter the Movie: Angel Dust,2023,Animation|Comedy|Action|Drama,6.3,26,1.1494,ja
969050,Mad Fate,2023,Mystery|Thriller,6.4,33,2.9184,cn
1006763,The Abandoned,2023,Drama|Mystery|Crime|Thriller,6.298,57,1.8407,zh
888710,OMG 2,2023,Comedy|Drama,7.293,75,1.4799,hi
986054,Theater Camp,2023,Comedy,6.476,208,1.322,en
502345,Scarygirl,2023,Animation|Adventure|Family|Fantasy,6.857,70,1.7642,en
993164,Anthropophagus II,2023,Horror,4.9,10,2.0878,en
787781,Quiz Lady,2023,Comedy,6.72,313,1.5763,en
777411,Landscape with Invisible Hand,2023,Science Fiction|Comedy|Drama,5.911,112,1.5317,en
928833,Craig Before the Creek,2023,Animation|Family|TV Movie|Adventure|Comedy|Fantasy,7.74,73,1.4117,en
1154598,LEGO Marvel Avengers: Code Red,2023,Animation|Action|Family,6.525,157,1.4193,en
1034940,All-Time High,2023,Comedy|Romance,5.8,144,1.0834,fr
1081400,The Mill,2023,Science Fiction|Horror,5.832,92,1.5792,en
1167725,Love Is in the Air,2023,Romance|Comedy,6.175,120,1.5449,en
1157049,Jigen Daisuke,2023,Action|Crime|Drama,6.776,87,1.21,ja
1084145,Hammarskjöld: Fight for Peace,2023,Thriller|Drama|History,6.3,40,2.1683,sv
1111580,Annapoorani,2023,Comedy|Drama,5.4,13,1.6736,ta
763261,Carmen,2023,Drama,6.2,61,1.2599,en
1056380,The Coffee Table,2023,Horror|Thriller|Drama|Comedy,6.868,303,1.4792,es
1081291,Faraway,2023,Romance|Comedy,6.5,132,1.1818,de
978202,Honeysweet,2023,Comedy|Romance,5.789,19,2.1888,ko
551806,Praise This,2023,Music|Romance|Comedy,7.182,55,1.8239,en
691422,When You Finish Saving the World,2023,Drama|Comedy,5.808,133,1.3714,en
1058638,Birth/Rebirth,2023,Drama|Horror|Mystery,6.483,178,1.5756,en
843889,Space Oddity,2023,Comedy|Romance|Science Fiction|Drama,5.992,65,1.386,en
884184,Consecration,2023,Horror|Thriller,5.594,176,1.2755,en
893752,Quasi,2023,Comedy|Drama,5.138,80,1.3409,en
801112,Kidnapped,2023,Drama|History,7.3,377,1.3984,it
977013,Haunting of the Queen Mary,2023,Horror|Thriller|Mystery,5.317,235,1.2977,en
1053592,All the Names of God,2023,Drama|Action|Thriller,6.55,170,1.2087,es
1075335,Little Bone Lodge,2023,Horror|Crime|Thriller,6.609,138,1.3726,en
865382,Prisoner's Daughter,2023,Drama|Mystery|Thriller,6.163,80,1.1638,en
1168104,Sapta Sagaradaache Ello – Side A,2023,Romance|Drama,8.081,37,1.6866,kn
1076101,Wildcat,2023,Drama,5.6,30,2.3053,en
584004,Resurrected,2023,Science Fiction|Thriller|Horror,6.3,116,1.301,en
1181039,Candle in the Tomb: The Worm Valley,2023,Action|Adventure|Horror,6.853,34,1.3858,zh
765904,Linoleum,2023,Science Fiction|Comedy|Drama,6.276,83,1.7502,en
1057872,Tokyo Revengers 2 Part 1: Bloody Halloween - Destiny,2023,Action|Crime|Drama,6.9,28,1.3625,ja
869112,Somebody I Used to Know,2023,Romance|Comedy|Drama,5.759,201,1.7798,en
1159242,The Invisible Guest,2023,Mystery|Drama|Crime,6.1,15,1.1489,zh
1030462,The Peace and Love Process,2023,Romance|Drama|Comedy,5.1,38,1.1241,fr
1081709,Black Barbie,2023,Documentary,6.263,19,2.0638,en
976293,Lie with Me,2023,Drama|Romance,7.366,142,1.6592,fr
1027356,Girls on Film,2023,Drama|Romance|Thriller,2.9,15,1.3555,en
1032948,V/H/S/85,2023,Horror|Thriller,5.661,168,1.2046,en
1068141,Mighty Morphin Power Rangers: Once & Always,2023,Action|Adventure|Science Fiction|Family,6.481,294,1.3126,en
1020394,The Squad: Home Run,2023,Action|Thriller|Crime|Drama,6.145,148,1.4539,fr
989017,Waltair Veerayya,2023,Action|Drama,5.469,32,1.2298,te
1057577,Noise,2023,Drama,4.922,148,2.0663,nl
973778,The End We Start From,2023,Drama|Mystery|Thriller,5.807,135,1.4898,en
1029880,Nightwatch: Demons Are Forever,2023,Horror|Thriller|Mystery,6.263,93,1.23,da
956262,The Kitchen,2023,Science Fiction|Thriller|Drama|Adventure|Comedy,4.805,185,1.3775,en
1180199,In Love and Deep Water,2023,Romance|Comedy|Mystery|Thriller,5.696,46,1.2563,ja
1103825,War of the Worlds: The Attack,2023,Science Fiction|Mystery|Thriller,4.99,200,1.6012,en
944952,The Royal Hotel,2023,Drama|Thriller,5.403,267,1.4117,en
456483,Wonderwell,2023,Fantasy|Family,5.5,33,1.2872,en
553147,Fool's Paradise,2023,Comedy,4.642,106,1.3453,en
868985,¡Que viva México!,2023,Drama|Comedy,7.303,200,1.4554,es
984105,The Mummy Resurrection,2023,Horror|Fantasy,6.396,67,1.4655,en
1170944,Heist 88,2023,Crime|Drama,6.662,108,1.4943,en
1115396,Hunting Games,2023,Action|Thriller|TV Movie,4.328,29,1.2919,en
1089791,The Trace of Your Lips,2023,Drama|Romance,5.3,10,1.1477,es
1010639,The Sweet East,2023,Comedy|Drama|Fantasy,6.505,95,1.0601,en
1000475,River Wild,2023,Mystery|Thriller|Adventure,6.366,86,1.4497,en
818648,Love at First Kiss,2023,Romance|Comedy,6.183,202,1.9737,es
960251,Downtown Owl,2023,Comedy|Drama,5.47,50,1.5113,en
973468,WILL,2023,Drama|War|History,6.6,113,2.2097,nl
872976,Digimon Adventure 02: The Beginning,2023,Animation|Adventure|Fantasy,7.0,45,2.023,ja
813079,Don't Buy the Seller,2023,Thriller|Mystery|Crime,6.837,86,1.4664,ko
828898,The Venture Bros.: Radiant Is the Blood of the Baboon Heart,2023,Animation|Action|Adventure|Science Fiction,7.261,92,1.4213,en
881209,Happiness for Beginners,2023,Romance|Adventure|Comedy|Drama,6.156,314,1.3455,en
1190012,South Park: Joining the Panderverse,2023,Animation|Comedy|Science Fiction|TV Movie,7.536,279,1.308,en
987072,New Normal,2023,Horror|Thriller|Mystery,6.4,12,1.383,ko
964913,Acidman,2023,Drama,5.125,16,1.3978,en
923150,The Breaking Ice,2023,Drama,6.365,52,1.3204,zh
843843,Suddenly,2023,Thriller|Drama|Adventure,6.425,173,1.2511,fr
1107872,Mother's Day,2023,Thriller|Action,5.817,249,1.1794,pl
1132016,Birthright Outlaw,2023,Drama|Western,6.7,20,1.4395,en
888768,Weekend Rebels,2023,Comedy|Drama,7.065,124,2.3468,de
820696,Along Came Love,2023,Drama|Romance,6.453,95,0.996,fr
1052433,Love Reset,2023,Romance|Comedy,7.3,82,1.2216,ko
727414,Light Light Light,2023,Drama|Romance,6.8,22,1.4011,fi
1093994,One Ranger,2023,Action|Thriller,6.18,125,1.1972,en
823598,The Goldfinger,2023,Crime|Drama,6.1,54,1.3322,cn
926008,The Beanie Bubble,2023,Comedy|Drama,6.404,151,1.4746,en
966719,Kisi Ka Bhai... Kisi Ki Jaan,2023,Romance|Action,5.109,32,1.5367,hi
714675,The American,2023,Drama,6.8,90,0.9764,en
1001884,Dashing Through the Snow,2023,Fantasy|Family|Comedy,6.1,131,1.1533,en
1020376,Satyaprem Ki Katha,2023,Drama|Romance,6.798,42,1.6022,hi
1020784,Bursting Point,2023,Crime|Action,5.9,18,1.3638,cn
1010826,Killer Book Club,2023,Horror|Thriller,5.583,314,1.001,es
881462,Still Time,2023,Romance|Comedy|Drama,6.7,363,1.965,it
878926,Khufiya,2023,Crime|Thriller|Mystery,6.276,49,1.4617,hi
1165500,Marvel Studios Assembled: The Making of Secret Invasion,2023,Documentary,5.2,28,1.2513,en
821890,Paint,2023,Comedy|Drama|Romance,5.372,149,1.227,en
1139819,Happy Ending,2023,Romance|Comedy,5.73,89,1.2093,nl
967582,3 Days Max,2023,Comedy,5.4,214,1.7139,fr
949698,Flashover,2023,Drama|Action,7.4,44,0.8759,zh
1081445,Unexpected Grace,2023,TV Movie|Drama|Romance,7.6,17,1.4707,en
818511,Overhaul,2023,Action|Thriller|Drama,6.82,142,1.2954,pt
970348,The Old Oak,2023,Drama,7.2,419,1.0932,en
1141202,Love Tactics 2,2023,Romance|Comedy,7.0,132,1.2403,tr
1103705,Jean-Claude Van Damme: Karate King,2023,Documentary|TV Movie,7.455,33,1.2013,fr
1079057,The Silent Service,2023,War,8.0,10,1.2014,ja
1015303,Elevator Game,2023,Horror,5.0,196,1.3192,en
790459,Fingernails,2023,Romance|Science Fiction|Drama,5.9,219,1.0338,en
1107387,Hachiko,2023,Drama|Family,7.9,273,1.6037,zh
846961,One True Loves,2023,Romance|Comedy|Drama,6.2,111,1.1297,en
937220,Bank of Dave,2023,Comedy|Drama,6.844,131,1.1946,en
1119211,Komada – A Whisky Family,2023,Animation|Drama|Family,6.8,13,1.0797,ja
1092060,Avataro Sentai Donbrothers vs. Zenkaiger,2023,Action|Drama|Science Fiction,4.7,29,1.1233,ja
957863,Time Still Turns the Pages,2023,Drama,7.9,65,1.3349,cn
1110586,Weathering,2023,Thriller,4.888,40,2.6037,en
1130818,Sheroes,2023,Action|Comedy|Crime|Adventure,5.844,128,1.3087,en
1057873,Tokyo Revengers 2 Part 2: Bloody Halloween - Final Battle,2023,Action|Crime|Drama,6.917,24,1.12,ja
1223906,Mask Danshi wa Koishitakunai noni,2023,Animation|Romance,7.286,28,1.0375,ja
1082415,Syndrome,2023,Thriller,7.2,45,1.2479,ru
1094403,Malum,2023,Horror,5.5,161,1.2256,en
1128568,You Do You,2023,Comedy|Romance,6.2,122,1.1962,tr
950019,Wolf Hiding,2023,Action|Crime,6.611,18,1.438,zh
1139979,The Wonderful World of Mickey Mouse: Steamboat Silly,2023,Animation|Comedy|Family,6.9,40,1.2855,en
1058699,STILL: A Michael J. Fox Movie,2023,Documentary,7.773,229,1.0948,en
1119173,A Beautiful Life,2023,Drama|Music|Romance,6.831,266,1.2217,da
844409,The Unlikely Pilgrimage of Harold Fry,2023,Drama,6.618,157,1.0892,en
1195585,The Hard Hit,2023,Action|Thriller|Crime,7.0,21,0.993,en
729165,Out of Exile,2023,Thriller|Drama|Action|Crime,6.271,48,1.3444,en
809347,The Haunting of Hell Hole Mine,2023,Horror|Thriller|Mystery,3.5,12,0.9828,en
1108306,Sound! Euphonium: Ensemble Contest,2023,Animation|Drama|Music,7.6,18,1.347,ja
1080951,Coco Farm,2023,Comedy|Family,5.636,11,2.2555,fr
1047925,Come Out Fighting,2023,War|Drama,4.444,54,1.1979,en
824016,The Palace,2023,Comedy|Drama,5.369,199,1.1182,en
1111889,Carol Burnett: 90 Years of Laughter + Love,2023,Comedy|Documentary,8.333,12,1.2324,en
1071101,Kaina of the Great Snow Sea: Star Sage,2023,Animation|Fantasy,5.8,12,1.2249,ja
1076500,The Volunteers: To the War,2023,Drama|War|History,6.091,22,1.1076,zh
729120,Cassandro,2023,Drama,6.645,131,1.0397,en
980285,Dangerous Waters,2023,Thriller,5.6,75,1.0692,en
918864,Vaathi,2023,Drama|Action,6.806,31,1.1669,ta
1008614,Pranaya Vilasam,2023,Romance|Comedy,6.5,10,1.2006,ml
855117,King of Kotha,2023,Action|Drama|Crime,5.8,30,1.2348,ml
1062482,Condor's Nest,2023,Action|War,5.344,32,1.1519,en
844416,Rumble Through the Dark,2023,Thriller|Action,6.243,107,1.4189,en
1153309,The Abigail Mysteries,2023,TV Movie|Mystery,5.8,12,1.2558,en
1063422,The Strays,2023,Thriller,5.441,412,1.0878,en
1117379,Trafficking,2023,Crime|Drama|Thriller,6.082,55,1.1568,en
1034065,Rise of the Footsoldier: Vengeance,2023,Action|Drama|Thriller,5.5,27,1.0288,en
1114205,Immersion,2023,Horror|Mystery|Science Fiction,6.267,15,1.0102,ja
952476,Devils,2023,Thriller|Crime|Fantasy,5.953,32,1.0059,ko
983223,Our Son,2023,Drama,6.278,18,0.9399,en
932738,Ghoster,2023,Family|Adventure|Fantasy|Drama,5.4,17,1.6972,en
1013240,24 Hours with Gaspar,2023,Action|Crime|Drama|Mystery|Science Fiction|Thriller,6.547,86,0.9789,id
778946,Mission Majnu,2023,Thriller|Action|Drama|History,6.765,49,1.3837,hi
1124348,Our Secret Diary,2023,Romance,7.14,25,1.3402,ja
863858,Mending the Line,2023,Drama|War,6.6,35,1.128,en
972118,The Goldman Case,2023,Drama|Crime|History,6.897,243,0.9677,fr
830721,The Miracle Club,2023,Comedy|Drama,6.314,148,1.4333,en
845890,Righteous Thieves,2023,Action|Thriller|Crime,5.3,45,2.2875,en
1036619,Good Grief,2023,Comedy|Drama,6.2,156,1.1176,en
1058616,20 Days in Mariupol,2023,Documentary|War,8.062,290,1.2445,en
855263,A Thousand and One,2023,Drama|Crime,6.619,151,1.4015,en
1089765,Barber,2023,Crime|Thriller|Mystery,4.5,20,0.9755,en
1058100,Manta  Manta: Legacy,2023,Comedy|Action|Adventure,4.901,81,1.1043,de
1092073,The Haunting at Saint Joseph's,2023,Horror|Thriller,6.3,35,1.3882,en
1070777,One Day as a Lion,2023,Action|Thriller|Crime,5.716,148,0.968,en
1028684,Hopeless,2023,Crime|Drama,5.8,36,1.1531,ko
996727,The Price We Pay,2023,Action|Thriller|Mystery|Crime|Horror,5.766,184,0.9357,en
691363,The Thing Behind The Door,2023,Horror,5.6,25,1.2372,fr
1077600,Baby Assassins: 2 Babies,2023,Action|Comedy|Crime|Drama,6.6,57,1.213,ja
1177411,The Portrait,2023,Horror|Thriller|Mystery,4.7,21,1.314,en
1140692,The Channel,2023,Action|Drama|Thriller|Crime,6.224,67,1.1782,en
1115377,The Angel Maker,2023,Mystery|Thriller|Crime|Horror,5.474,58,2.3457,da
715253,Phantom,2023,Action|Thriller|Crime,7.0,68,1.4558,ko
965489,Kushi,2023,Romance|Comedy|Drama,5.2,23,1.5195,te
935906,Scrapper,2023,Comedy|Drama,6.66,178,1.2413,en
1073079,Kill Her Goats,2023,Horror,3.3,33,1.2714,en
1199447,Timeless Heroes: Indiana Jones and Harrison Ford,2023,Documentary,7.7,24,1.236,en
1172675,The Swan,2023,Comedy|Drama,6.8,540,1.1254,en
1168918,The Making of Indiana Jones and the Dial of Destiny,2023,Documentary,6.6,15,1.0402,en
1121575,Babylon 5: The Road Home,2023,Animation|Science Fiction|Action|Adventure,6.969,96,1.2473,en
1002338,Operation Napoleon,2023,Thriller,6.153,173,1.5051,is
1024773,It Lives Inside,2023,Horror|Mystery,5.671,287,1.2976,en
900409,On Fire,2023,Drama|Thriller|Action|Adventure,6.108,65,1.0794,en
1126577,Til Death Do Us Part,2023,Horror|Thriller|Action,5.589,112,1.5019,en
987895,Maaveeran,2023,Drama|Action|Comedy|Fantasy,7.022,46,1.1791,ta
1149137,Lampo  the Travelling Dog,2023,Family|Adventure,6.0,16,1.3492,pl
1161048,The Conference,2023,Horror|Comedy,5.498,408,1.3069,sv
996347,The Good Mother,2023,Thriller,4.87,77,1.0829,en
938553,Khun Pan 3,2023,Action|Fantasy|Thriller,7.0,15,1.1907,th
1113278,It's a Wonderful Knife,2023,Horror|Comedy,5.053,189,1.1296,en
1076497,Journey of Love 18+,2023,Comedy|Drama|Romance,6.2,12,1.0473,ml
753091,The Moon,2023,Drama|Adventure|Science Fiction,6.517,210,1.1941,ko
1188808,Tuhog,2023,Drama|Romance,5.9,15,1.2184,tl
980996,I Like Movies,2023,Comedy|Drama,7.132,76,1.2628,en
763118,Ganapath,2023,Action|Thriller,3.1,10,0.9933,hi
1027273,Egoist,2023,Drama|Romance,7.1,17,1.057,ja
1085218,Darkland: The Return,2023,Thriller|Action,6.432,592,1.3584,da
1091508,Love Never Ends,2023,Drama|Romance|Family,7.0,16,1.2022,zh
1092823,Sumotherhood,2023,Comedy|Action|Crime,5.1,13,1.0925,en
628922,Asphalt City,2023,Thriller|Drama,6.216,225,1.9191,en
886544,Girl Unknown,2023,Drama|Thriller,5.1,20,1.1682,es
859235,Coup de Chance,2023,Drama,6.194,444,1.1018,fr
1155823,Abducted by My Teacher: The Elizabeth Thomas Story,2023,TV Movie|Thriller|Crime,6.891,32,0.8877,en
1088563,Lassie: A New Adventure,2023,Adventure|Family,6.6,34,1.0366,de
1008102,Rally Road Racers,2023,Animation|Family|Comedy,6.5,47,1.0657,en
1035806,Detective Knight: Independence,2023,Action|Crime|Thriller,5.324,193,1.6262,en
1097150,Deliver Us,2023,Horror,5.542,97,1.139,en
1072799,Down Low,2023,Comedy,5.25,56,1.0483,en
764541,River of Desire,2023,Drama,6.5,24,0.7227,pt
961718,Medellin,2023,Action|Comedy,5.6,227,2.0852,fr
1064669,Don't Call It Mystery: The Movie,2023,Mystery|Drama,7.5,16,0.965,ja
1142414,Cheat,2023,Thriller|Horror,7.008,66,0.9863,en
945167,Iratta,2023,Drama|Thriller,6.725,40,0.9303,ml
1058949,Little Dixie,2023,Action|Crime|Thriller|Drama,5.79,162,1.5213,en
981848,Double Threat,2023,Action|Adventure|Comedy,6.5,102,1.1133,en
939997,Dicks: The Musical,2023,Music|Comedy,4.4,59,1.0884,en
1158706,Mystery Island,2023,TV Movie|Mystery,5.629,35,0.8509,en
1083612,The Boy in the Woods,2023,Drama|War|History,6.8,47,0.9368,en
1096648,EVANGELION:3.0(-46h),2023,Animation|Science Fiction|Action,6.3,10,0.9099,ja
851977,Journey to the West,2023,Adventure|Comedy|Drama|Science Fiction,7.512,81,1.213,zh
816844,Nurnberg,2023,Drama|History,5.4,14,1.1581,ru
887321,Dreamin' Wild,2023,Music|Drama,6.097,31,1.0469,en
1121116,"Maggie Simpson in ""Rogue Not Quite One""",2023,Animation|Family|Science Fiction|Comedy,5.8,65,0.9971,en
1073035,Escort Girl,2023,Romance,6.182,11,0.9791,ru
1054972,Rock Dog 3: Battle the Beat,2023,Animation|Adventure|Comedy,6.1,30,1.1017,en
824742,A Light Never Goes Out,2023,Drama,5.7,10,0.9132,cn
683876,Kabzaa,2023,Action|Crime|Thriller,4.6,15,0.8699,kn
995206,Hard Days,2023,Thriller|Crime|Action|Drama,6.606,71,1.1283,ja
1149485,Oh My School!,2023,Comedy|Animation,6.5,18,1.3569,zh
1082168,Missing: The Lucie Blackman Case,2023,Documentary|Crime,7.0,67,0.9461,ja
1071976,Ice Storm,2023,Science Fiction|Action|Horror|TV Movie,5.655,58,2.0594,en
1112175,Never Say Never,2023,Drama|Action,7.116,43,1.1531,zh
1109534,The Dive,2023,Thriller|Adventure,6.283,226,0.9884,en
792614,Mr. Blake at Your Service!,2023,Comedy|Drama|Romance,6.387,106,1.165,fr
1155235,September 1923,2023,History|Drama,6.5,10,1.098,ja
763144,The Last Rifleman,2023,Drama|History|War,6.6,93,1.223,en
857553,Johnny & Clyde,2023,Action|Thriller|Crime,5.031,48,1.0405,en
1129199,Carlos,2023,Documentary|Music,7.1,10,1.2333,en
1104401,Ghost in the Shell: SAC_2045 The Last Human,2023,Animation|Action|Science Fiction,6.9,10,0.9845,ja
1053626,Ultraman Decker Finale: Journey to Beyond,2023,Action|Adventure|Drama|Science Fiction,4.8,10,1.05,ja
913521,Sisi & I,2023,Drama|History,6.2,52,2.019,de
1192745,EXmas,2023,Romance|Comedy|TV Movie,6.4,153,1.138,en
1073704,Bono & The Edge: A Sort of Homecoming with Dave Letterman,2023,Documentary|Music,7.6,19,0.9367,en
610249,My Heart Puppy,2023,Romance|Comedy|Drama|Family,6.7,23,1.2778,ko
1113448,Ehrengard: The Art of Seduction,2023,Romance|Comedy|Drama,6.0,122,1.0551,da
937085,Do Not Expect Too Much from the End of the World,2023,Comedy|Drama,6.842,120,1.0853,ro
1045563,The Piper,2023,Horror|Fantasy,4.6,19,2.1008,en
944194,The Great Escaper,2023,History|Drama|War,6.6,165,1.0012,en
1092329,Journey to Bethlehem,2023,Family|Drama,7.673,101,1.1356,en
1032666,Bunker,2023,Horror|Thriller|War,6.827,55,0.9703,en
1094457,Yesterday Once More,2023,Drama|Romance|Fantasy,8.038,13,0.9499,zh
936059,The Naughty Nine,2023,Family|Adventure|Comedy|TV Movie|Crime,6.293,88,1.3465,en
858082,Ponniyin Selvan: Part II,2023,Action|Adventure|History|Drama,6.2,60,1.1919,ta
977506,The Crime Is Mine,2023,Crime|Comedy|Mystery|Drama,6.481,464,1.048,fr
759584,Surrounded,2023,Western|Action|Drama,6.1,79,2.1905,en
963765,Strange Way of Life,2023,Drama|Western|Romance,6.282,381,1.3547,es
853387,Lord of Misrule,2023,Horror|Mystery|Thriller,5.726,166,0.8615,en
899579,There's Something Wrong with the Children,2023,Horror|Mystery,5.681,243,1.4076,en
1032194,The Blind,2023,Drama|Romance|Thriller,6.0,50,1.0291,en
1084637,Sister Dating Swap,2023,TV Movie|Comedy|Romance,5.909,11,1.144,en
1040892,Slotherhouse,2023,Horror|Comedy|Thriller,4.623,138,1.07,en
980152,Medusa's Venom,2023,Horror,6.074,27,0.9493,en
1217455,The Matrix: Generation,2023,Documentary|TV Movie,6.875,24,1.0166,fr
983282,The Artifice Girl,2023,Science Fiction|Thriller|Mystery,6.76,292,1.3103,en
1023845,Silver and the Book of Dreams,2023,Fantasy|Romance,5.775,102,1.0492,de
746349,Killing Romance,2023,Thriller|Comedy,6.4,21,1.1466,ko
1138891,The Haunted Hotel,2023,Horror|Mystery|Thriller,5.1,14,0.8072,id
958182,Heroic,2023,Drama|Thriller,7.166,205,2.2231,es
1094713,The Mistress,2023,Horror|Thriller,4.3,44,2.1612,en
1039757,Castaways,2023,Drama,4.8,14,2.1103,en
944117,Abbé Pierre - A Century of Devotion,2023,History,6.598,97,1.0856,fr
1094844,Ape vs Mecha Ape,2023,Action|Science Fiction|TV Movie,5.8,290,0.9774,en
1027982,Abang Adik,2023,Drama|Crime,7.6,36,0.9175,zh
714651,The Boys,2023,Drama|Crime,6.5,12,0.8871,ko
1053722,Bama Rush,2023,Documentary,4.174,23,0.7383,en
1150537,Justice League x RWBY: Super Heroes & Huntsmen  Part Two,2023,Animation|Action|Fantasy|Adventure,6.772,57,1.2838,en
980537,Earth Mama,2023,Drama,5.9,29,1.9935,en
1127361,Marvel Studios Assembled: The Making of Ant-Man and the Wasp: Quantumania,2023,Documentary,6.2,18,0.9247,en
829038,Night Shift,2023,Horror|Thriller,6.2,127,1.0566,en
956920,There's Something in the Barn,2023,Horror|Comedy|Fantasy,6.14,221,0.9899,en
1149381,Soulcatcher,2023,Action|Thriller,6.3,289,1.1719,pl
776098,Chang Can Dunk,2023,Family|Comedy|Drama,6.681,83,1.2323,en
965791,A Difficult Year,2023,Comedy,5.915,328,1.1251,fr
1071662,Usury Academy,2023,Action|Drama|Crime,7.3,13,1.1098,ko
1262124,Impulse,2023,Thriller|Action,6.771,35,2.1271,en
1069813,Rohan at the Louvre,2023,Mystery|Action|Adventure|Drama,7.722,18,0.774,ja
1033557,Real Love,2023,TV Movie|Comedy|Romance,8.125,16,1.6077,en
855492,Across the Furious Sea,2023,Crime|Thriller|Drama|Mystery,6.288,52,0.9828,zh
1006012,Old Fox,2023,Drama,7.6,37,0.8768,zh
1175959,The Swan Princess: Far Longer Than Forever,2023,Animation|Family|Adventure,5.0,15,1.1596,en
1002317,Bodyshop,2023,Fantasy|Drama,4.4,10,1.2817,en
1008005,The Communion Girl,2023,Horror,6.0,245,0.9222,es
885184,Dasara,2023,Action|Thriller,6.7,26,0.8666,te
1001500,The Starling Girl,2023,Drama,6.357,77,1.2467,en
866440,2018,2023,Thriller|Action|Adventure,7.573,48,0.8588,ml
1151344,The List,2023,Romance|Comedy,5.929,91,0.9629,en
1172009,The Black Book,2023,Action|Mystery|Thriller,6.687,99,1.0389,en
975022,You're Killing Me,2023,Horror|Thriller|Action,5.543,70,1.6289,en
976830,The Deep Dark,2023,Adventure|Horror|Drama,5.773,163,0.9941,fr
1007427,Night Train,2023,Action|Thriller|Crime,5.776,49,1.1987,en
1008048,How to Blow Up a Pipeline,2023,Crime|Drama|Thriller,6.386,190,1.1594,en
788030,Umami,2023,Comedy|Drama,5.7,35,1.0614,ja
1074299,The Verge of Death,2023,Horror|Thriller|Drama|Mystery,5.929,28,0.6862,id
1170469,Taken in Montana,2023,Thriller|TV Movie,5.5,12,1.0667,en
1128604,Snoopy Presents: One-of-a-Kind Marcie,2023,Animation|Family|Comedy,7.8,33,1.135,en
1058619,Divinity,2023,Science Fiction|Fantasy|Horror,5.111,45,1.0802,en
999087,The Bridge Curse: Ritual,2023,Horror|Thriller,6.1,53,0.9356,zh
661681,Our Season,2023,Drama|Fantasy,8.556,10,0.9636,ko
665733,About Dry Grasses,2023,Drama,7.683,164,1.1029,tr
1061163,At Midnight,2023,Romance|Comedy,6.0,71,2.0758,en
1058647,The Deepest Breath,2023,Documentary,7.589,179,0.9766,en
1074656,Squared Love All Over Again,2023,Romance|Comedy,5.687,75,1.2008,pl
934506,A Real Job,2023,Comedy|Drama,6.296,272,0.8944,fr
997776,Justice League x RWBY: Super Heroes & Huntsmen  Part One,2023,Animation|Action|Fantasy,6.952,125,1.2357,en
1025067,Dream Girl 2,2023,Comedy|Romance,5.324,17,0.9344,hi
1126444,We're Broke  My Lord!,2023,History|Comedy,7.364,11,0.7422,ja
609768,Dear David,2023,Horror|Thriller,4.689,82,0.8816,en
1166714,Mickey and Friends: Trick or Treats,2023,Animation|Family,7.1,40,1.1294,en
1118203,The Swan Princess: A Fairytale Is Born,2023,Family|Animation|Fantasy,5.9,40,1.1625,en
1145358,Dead Man's Hand,2023,Western,6.8,21,0.9291,en
1072074,Disquiet,2023,Horror|Thriller|Mystery,5.3,131,1.2051,en
1006228,Breakwater,2023,Thriller|Drama,5.915,47,1.1806,en
1038515,The Village,2023,Drama,6.84,50,0.9158,ja
964258,The Riot,2023,Drama,7.214,28,1.4724,no
1081683,The Donor Party,2023,Comedy,5.418,55,0.9352,en
1033774,Wish of the Fairy Fish,2023,Fantasy|Adventure|Family,7.667,42,1.0239,ru
1034947,Street Flow 2,2023,Drama,6.1,96,1.0769,fr
1058688,Smoke Sauna Sisterhood,2023,Documentary,6.978,46,2.3612,et
917007,Bed Rest,2023,Horror,6.219,272,0.8966,en
1178734,Knuckle Girl,2023,Action|Drama,6.761,44,0.9972,ja
1100859,Undercurrent,2023,Drama,8.1,10,0.8578,ja
1119823,Aaron Carter: The Little Prince of Pop,2023,Documentary|Music|TV Movie,6.7,18,0.9334,en
922087,Mark Antony,2023,Science Fiction|Action|Comedy,6.0,30,0.9133,ta
1077295,Godspeed,2023,Comedy,5.286,28,0.7857,zh
741602,Cyber Heist,2023,Thriller|Crime|Action,4.9,20,1.0211,zh
906270,The Cow Who Sang a Song into the Future,2023,Drama,4.7,16,0.6933,es
1175873,Vindicta,2023,Mystery|Thriller|Horror,4.691,34,0.9883,en
839564,Maximum Truth,2023,Comedy,5.3,17,1.0263,en
890215,You Hurt My Feelings,2023,Drama|Comedy|Romance,6.31,187,0.9245,en
1079078,Royalteen: Princess Margrethe,2023,Drama|Romance,6.382,123,1.1425,no
958279,The Blue Caftan,2023,Drama|Romance,7.3,174,0.8746,ar
1029486,Yudo: The Way of the Bath,2023,Drama|Comedy,7.1,16,0.8205,ja
1156125,Evil Does Not Exist,2023,Drama,6.8,296,1.0099,ja
978114,Dance First,2023,History|Drama,6.9,25,0.8856,en
850880,Sayen: Desert Road,2023,Action|Thriller,6.238,146,0.7917,es
1140056,Gold Brick,2023,Comedy|Crime|Drama,6.143,280,0.9586,fr
926332,The Line,2023,Drama,5.625,28,1.7513,fr
1168166,Tastes of Horror,2023,Horror,5.4,13,0.9368,ko
1138476,River,2023,Comedy|Science Fiction|Fantasy,6.935,107,1.2947,ja
1008374,Baby Ruby,2023,Thriller|Horror|Drama,5.2,104,0.9812,en
795087,Kubi,2023,History|Action|Drama|Comedy|Thriller,6.939,41,0.7385,ja
1192825,Marvel Studios Assembled: The Making of Loki Season 2,2023,Documentary,7.595,21,1.0102,en
1076443,j-hope IN THE BOX,2023,Documentary|Music,8.2,11,0.8783,ko
889450,Outlaw Johnny Black,2023,Action|Comedy|Western,5.436,39,0.788,en
925263,A Brighter Tomorrow,2023,Comedy,6.99,340,0.8971,it
1018754,Shortcomings,2023,Comedy|Drama|Romance,6.057,87,2.1112,en
1142740,Murder City,2023,Crime|Thriller|Action|TV Movie,5.929,14,0.7906,en
958244,Love According to Dalva,2023,Drama,7.0,94,2.0407,fr
912520,The Nature of Love,2023,Romance|Comedy|Drama,7.063,222,0.8502,fr
986843,Northern Comfort,2023,Comedy,5.441,68,0.7989,is
926130,Selfiee,2023,Comedy|Drama,6.0,24,0.9779,hi
1058620,The Persian Version,2023,Comedy|Drama|Romance,5.8,38,1.1558,en
1060456,49,2023,Drama|Action,7.4,14,0.9315,tr
1032134,The Warrant: Breaker's Law,2023,Western|Thriller|Drama,5.406,16,0.9385,en
880150,Seneca,2023,Drama|Comedy,5.033,30,0.9384,en
1081049,Israelism,2023,Documentary,8.278,18,0.8152,en
1044171,Do Unto Others,2023,Mystery|Crime|Drama,7.6,13,0.8682,ja
1184849,Albert Brooks: Defending My Life,2023,Documentary,7.1,23,0.6689,en
977770,The Lesson,2023,Thriller|Drama,5.7,83,1.0193,en
941605,Heathers: The Musical,2023,Music|Comedy|Thriller,7.872,43,0.9481,en
714889,The Delinquents,2023,Drama|Comedy|Crime,6.411,96,1.0859,es
1149947,To End All War: Oppenheimer & the Atomic Bomb,2023,Documentary|History,7.709,230,1.1607,en
912032,Mar.IA,2023,Horror|Science Fiction,5.63,54,1.1178,es
746524,Blood,2023,Horror|Mystery|Thriller,6.371,245,0.9258,en
1004130,Stalker,2023,Horror|Thriller,5.8,26,0.6919,en
1001026,Open Season,2023,Comedy,6.0,178,1.4589,fr
953365,Moving On,2023,Comedy|Drama,5.856,108,0.9973,en
964825,Family Dinner,2023,Horror|Thriller|Mystery|Drama,5.756,82,0.7894,de
717082,Stan Lee,2023,Documentary,7.12,92,0.7302,en
842948,Susie Searches,2023,Comedy|Thriller|Mystery,5.5,24,0.9326,en
977337,A Cat's Life,2023,Adventure|Family|Drama|Fantasy,6.531,32,0.9447,fr
920538,Heart's Motive,2023,Drama|Mystery|Crime,6.4,12,0.7918,zh
894201,Allelujah,2023,Drama,5.2,30,1.0169,en
958736,The Mountain,2023,Drama|Fantasy,5.8,55,0.9738,fr
1029549,The Slumber Party,2023,Comedy|Family,6.7,32,0.9528,en
1032274,Reggie,2023,Documentary,5.625,12,0.9004,en
1121316,Where the Tracks End,2023,Drama|Comedy|Family,8.009,117,0.7247,es
954388,Quicksand,2023,Thriller|Horror|Mystery|Drama,6.2,110,0.8445,en
1148027,New Life,2023,Horror|Thriller|Mystery|Science Fiction,5.953,159,1.0832,en
1189205,Blood and Snow,2023,Science Fiction|Horror,6.182,85,0.7273,en
1073170,Zoey 102,2023,Romance|Comedy,6.793,198,0.8672,en
605542,Lost in the Night,2023,Drama|Thriller|Crime,6.5,67,0.7794,es
1071715,Norwegian Dream,2023,Drama|Romance,5.979,24,0.8153,en
1142715,Mystic Christmas,2023,TV Movie|Comedy|Romance,5.6,32,1.2262,en
1162322,After Death,2023,Documentary|Drama,7.019,54,0.8686,en
1034335,The Murderer,2023,Comedy|Mystery|Crime|Thriller,6.776,38,1.0454,th
1115191,Poisoned: The Dirty Truth About Your Food,2023,Documentary|Crime,7.06,50,0.7157,en
860278,Stephen Curry: Underrated,2023,Documentary,7.455,100,0.8507,en
1093349,Barbie: Skipper and the Big Babysitting Adventure,2023,Animation|Family,6.863,51,1.1058,en
1070254,Summer,2023,Romance|Drama,4.1,10,1.1887,tl
1145490,Control,2023,Action|Thriller,5.1,18,1.7596,en
996569,Brother,2023,Drama,5.833,27,1.1293,en
1165918,Megalodon: The Frenzy,2023,Action|Adventure|Horror|Science Fiction,3.3,25,0.9713,en
990365,THE LEGEND & BUTTERFLY,2023,History|Drama|Romance,6.7,25,1.1797,ja
1156189,Ryuichi Sakamoto | Opus,2023,Music|Documentary,7.738,21,0.8914,en
1029475,One Second Ahead  One Second Behind,2023,Romance|Comedy|Drama,6.4,10,0.9011,ja
1008903,Left Behind: Rise of the Antichrist,2023,Science Fiction|Action|Thriller|Fantasy,4.8,30,0.9007,en
962566,War Pony,2023,Drama,6.3,42,1.1133,en
965890,Vincent Must Die,2023,Drama|Fantasy|Thriller|Horror,6.2,212,0.9728,fr
1211483,Skal: Fight for Survival,2023,Action|Horror|Comedy|Thriller,5.5,87,0.8857,en
902533,Death Notice,2023,Crime|Mystery|Thriller,5.9,17,1.0718,cn
1019444,Zombie Town,2023,Horror|Comedy,4.432,44,1.0255,en
1096369,Wild Life,2023,Documentary,7.3,13,0.651,en
995063,Woongnami,2023,Comedy|Action|Fantasy,6.0,10,0.8662,ko
1034871,Live Stream,2023,Crime,5.4,10,0.7988,ko
818621,Captain Volkonogov Escaped,2023,Thriller|Drama,6.8,82,0.8538,ru
1133013,Dust To Dust,2023,Drama,6.5,29,0.6485,zh
931852,Love in Aruba,2023,Romance|Comedy|TV Movie|Drama,7.118,17,0.8851,en
1040229,T.I.M.,2023,Science Fiction|Thriller|Horror,5.732,110,0.9369,en
824003,Diabolik: Who Are You?,2023,Crime|Action|Mystery|Thriller,6.4,160,0.925,it
1134424,Mantra Warrior: The Legend of The Eight Moons,2023,Animation|Action|Adventure|Fantasy|Science Fiction,7.4,81,0.9528,th
726274,Irati,2023,Drama|Adventure|Fantasy,6.595,111,0.7675,eu
800089,Maggie Moore(s),2023,Mystery|Comedy,5.789,175,0.7959,en
958734,Richelieu,2023,Drama,7.2,23,1.3236,fr
527969,Camp,2023,Drama|Comedy,2.9,10,0.7821,en
1134865,WHAM!,2023,Documentary|Music,7.313,91,0.9779,en
1067406,Revolver Lily,2023,Action,6.6,16,0.9094,ja
1058155,Testament,2023,Drama|Comedy,6.792,36,0.7439,fr
567610,American Outlaws,2023,Crime|Drama|Action,4.5,14,0.8863,en
1157023,The Summer with Carmen,2023,Comedy,6.6,28,0.9736,el
1111140,Two Sinners and a Mule,2023,Western|Action,6.444,36,0.8837,en
1058696,Rotting in the Sun,2023,Comedy|Thriller,6.6,105,0.9952,es
1155257,Last Suspect,2023,Crime|Mystery|Drama,6.5,12,0.851,zh
1081620,The Weapon,2023,Action,4.9,44,0.7251,en
1074313,Falling in Love Like in Movies,2023,Comedy|Drama|Romance,8.727,33,0.8543,id
925714,La Syndicaliste,2023,Thriller|Drama|Mystery,6.658,183,1.0113,fr
1070830,A Giant Adventure,2023,Animation,6.9,15,0.8194,es
1005533,My Worst Neighbor,2023,Romance|Comedy,6.0,16,0.9471,ko
1151470,The Vigilante,2023,Thriller|Action,5.9,29,0.9796,en
1108658,The Shift,2023,Science Fiction,6.5,91,0.9857,en
857451,Circus Maximus,2023,Music,6.3,23,1.2071,en
764442,Puan,2023,Comedy,6.37,46,0.6511,es
1066719,Mumbai Mafia: Police vs the Underworld,2023,Documentary,6.2,16,0.7906,en
1143183,Rewind,2023,Drama|Romance|Science Fiction,6.903,31,0.7313,tl
1146417,Gabriel's Redemption: Part III,2023,Romance,8.207,29,1.1881,en
887580,You Can Live Forever,2023,Drama|Romance,6.875,132,1.6302,en
913740,Guardians of Time,2023,Adventure|Fantasy|Action|Family|Mystery,5.7,18,0.8957,en
810351,Pornomelancholia,2023,Drama,6.0,12,0.9766,es
929569,World's Best,2023,Music|Family|Comedy,6.214,21,0.871,en
937161,The New Boy,2023,Drama,6.0,28,0.9602,en
714964,A Little White Lie,2023,Comedy,5.7,53,0.7656,en
1101734,Mom  Is That You?!,2023,Drama|Comedy,6.1,12,0.7794,ja
1144962,Transmorphers: Mech Beasts,2023,Action|Science Fiction,5.575,40,1.2278,en
1061855,Richard the Stork and the Mystery of the Great Jewel,2023,Animation|Adventure|Comedy|Family,7.1,13,1.1256,en
1146147,A Really Haunted Loud House,2023,TV Movie|Comedy|Family|Horror,6.542,24,0.9383,en
1062844,Father of the Milky Way Railroad,2023,Drama,6.273,11,0.7328,ja
683876,Kabzaa,2023,Action|Crime|Thriller,4.6,15,0.8699,kn
980816,Miranda's Victim,2023,Drama|History,6.755,47,0.843,en
1142780,A Royal Date for Christmas,2023,Romance|Comedy|TV Movie,5.833,60,0.7138,en
952200,Solo,2023,Drama|Romance,5.667,12,1.7001,fr
978073,The Last Men,2023,War|Drama|History,6.0,23,0.6464,fr
1021803,Adagio,2023,Crime|Thriller|Action,6.611,276,1.8806,it
1181538,Crypto Boy,2023,Drama,6.4,42,0.9607,nl
974561,Serial Driver,2023,Comedy|Crime,5.885,143,1.7126,fr
1077670,Limbo,2023,Crime|Drama|Mystery|Thriller,5.888,40,0.7072,en
1117698,Fanfic,2023,Drama,6.897,92,0.9248,pl
1146143,The Puppetman,2023,Horror,5.5,100,0.8152,en
1152711,Inside Christopher Nolan's Oppenheimer,2023,Documentary,6.5,11,0.7093,en
1044648,Nuovo Olimpo,2023,Romance|Drama,7.0,231,1.1018,it
1081313,Tonight You're Sleeping with Me,2023,Romance|Drama,5.977,110,0.8809,pl
936952,Sitting in Bars with Cake,2023,Romance|Comedy|Drama,7.0,108,0.7908,en
1223272,Contagion of Fear,2023,Science Fiction|Thriller,6.15,50,0.7981,en
1014629,The Fearway,2023,Horror|Mystery,4.586,35,0.8447,en
1000683,Shock,2023,Thriller|Drama,5.233,15,0.6894,de
785759,Two Witches,2023,Horror,5.995,106,1.3964,en
1081065,Daughter of the Bride,2023,Comedy,5.9,32,0.6509,en
949903,Apaches: Gang of Paris,2023,Drama|Thriller,6.0,124,0.9828,fr
941019,LOLA,2023,Drama|Science Fiction|War,6.438,113,1.2868,en
1057856,Sister Sister 2,2023,Thriller|Drama,7.0,30,0.9218,vi
1219559,Por Siempre RBD,2023,Music|Documentary,8.1,42,0.6807,es
646265,They Shot the Piano Player,2023,Animation|Drama|History,6.4,39,0.6804,en
1047223,The Vourdalak,2023,Fantasy|Horror|Drama,6.4,80,0.7719,fr
1025444,(Ab)normal Desire,2023,Drama,7.3,16,0.7624,ja
1013870,Kids vs. Aliens,2023,Horror|Science Fiction|Thriller,5.36,86,0.8908,en
1126852,Rich in Love 2,2023,Romance|Comedy,6.717,83,0.9873,pt
1087626,Black Girl Missing,2023,Crime|Drama|TV Movie,7.3,17,0.6453,en
943818,Back on the Strip,2023,Comedy,5.629,35,0.8074,en
1159518,Black Noise,2023,Action|Science Fiction|Horror|Thriller,5.2,39,0.9657,en
1002444,What Men Talk About: Simple Pleasures,2023,Comedy|Romance,5.875,12,0.7132,ru
1153020,Herd,2023,Horror|Action,3.9,15,1.6062,en
1093012,Mangalavaaram,2023,Thriller|Mystery,5.667,12,0.622,te
956502,Choose Love,2023,Romance|Comedy,4.8,141,0.8583,en
1073413,Phenomena,2023,Comedy|Horror|Thriller,6.0,161,1.8233,es
1005814,Bones of Crows,2023,Drama|History,6.8,14,0.7699,en
1006485,One and Only,2023,Drama|Comedy,5.9,23,0.9169,zh
1133602,Bad Lands,2023,Action|Crime,7.0,28,0.961,ja
953735,Marinette,2023,Drama|History,6.5,74,1.4042,fr
1042279,Who Invited Charlie?,2023,Comedy,6.1,13,0.7118,en
1088561,The Trident,2023,Animation|Action|Fantasy|Comedy|Family,6.2,11,0.6537,en
1123287,Milli Vanilli,2023,Music|Documentary,7.105,62,1.1142,en
1184773,Outrage,2023,Thriller,4.6,17,1.8652,en
940143,All Souls,2023,Thriller,6.3,49,1.0624,en
1123960,Sirf Ek Bandaa Kaafi Hai,2023,Drama,7.235,34,0.8643,hi
936117,The Fox,2023,History|Drama|War,7.065,54,0.9034,de
948050,In His Shadow,2023,Crime|Drama,6.242,124,0.615,fr
890203,The Book of Wonders,2023,Drama,6.6,137,0.699,fr
1070032,Beyond Utopia,2023,Documentary|History,7.7,65,0.7208,en
1090486,BRO,2023,Comedy|Drama|Fantasy,6.2,13,0.7725,te
920654,Devil's Peak,2023,Mystery|Thriller|Drama|Crime,5.459,49,0.7112,en
870144,Someone You Loved,2023,Romance|Drama,5.6,10,0.8216,ko
815029,Dovbush,2023,History|Drama,7.026,39,0.8532,uk
1156202,Stolen,2023,Drama|Thriller,7.045,33,0.6611,hi
1006141,Massimo Troisi: Somebody Down There Likes Me,2023,Documentary,7.728,46,0.6796,it
1058678,Kokomo City,2023,Documentary,6.688,24,0.6377,en
1019948,Stand,2023,Documentary,3.3,12,0.6146,en
1015356,To Kill a Tiger,2023,Documentary,7.6,36,0.8285,en
1111750,Goodbye Julia,2023,Drama,7.269,26,0.7063,ar
1136767,The Little Mermaid,2023,Animation|Family|Adventure|Comedy,5.387,31,0.554,en
893653,Tiger Nageswara Rao,2023,History|Action,5.6,15,0.9383,te
1072567,Infiesto,2023,Crime,5.843,216,0.7526,es
1022150,Ping-Pong: The Triumph,2023,Drama,7.278,18,0.8143,zh
798753,Advancing of ZQ,2023,Fantasy|Comedy|Action,4.0,23,0.6896,zh
1076032,Marvel Studios Assembled: The Making of Black Panther: Wakanda Forever,2023,Documentary,6.273,55,1.2042,en
1059638,Mr. Car and the Knights Templar,2023,Adventure|Drama|Family,5.777,159,0.924,pl
1173912,Christmas at the Chalet,2023,TV Movie|Romance|Comedy,6.1,23,0.9265,en
1067714,Unseen,2023,Horror|Mystery,6.538,79,1.7765,en
1045205,Someday We'll Tell Each Other Everything,2023,Drama,5.8,50,0.86,de
661579,Under the Light,2023,Drama|Action|Crime,5.7,42,0.7425,zh
1049948,Vikings: Battle of Heirs,2023,Action,6.1,54,0.644,en
1064517,Fist of the Condor,2023,Action,7.2,81,0.8341,es
1129298,Bogeyman,2023,Action|Comedy,6.7,10,0.8411,ar
1153166,Pilecki's Report,2023,History|Drama|War,6.45,20,0.6264,pl
1105848,Indigo,2023,Horror|Thriller,5.8,10,0.8117,id
935903,Medusa Deluxe,2023,Comedy|Mystery|Thriller|Drama,6.074,54,0.7066,en
1044058,The Chambermaid,2023,Drama|History|Romance,5.8,12,0.6087,sk
1007074,Jigarthanda DoubleX,2023,Action|Drama|Comedy,7.627,55,1.0434,ta
1055288,Surongo,2023,Mystery|Thriller,6.7,13,0.7694,bn
763147,Across the River and into the Trees,2023,Drama,6.853,34,0.6908,en
1115939,Jagged Mind,2023,Horror,5.35,60,0.6318,en
741329,Bad Education,2023,Crime|Thriller,6.2,10,0.6844,zh
1073140,The Three Musketeers,2023,Adventure|Action,5.16,94,0.7277,en
1005731,What Comes Around,2023,Drama|Thriller,5.6,90,0.9621,en
1018634,Hood Witch,2023,Thriller|Horror|Action|Drama,6.079,63,0.8573,fr
1105832,Simón,2023,Drama,8.29,164,0.782,en
1014989,The Best Version of Love,2023,TV Movie|Comedy|Romance,6.3,15,0.6689,en
1089951,The Ghost Within,2023,Horror,5.9,38,0.6917,en
975388,Nicole Kidman: Eyes Wide Open,2023,Documentary,7.786,14,0.8391,fr
581394,Road to Boston,2023,Drama,6.8,18,0.7597,ko
1176139,Your Christmas or Mine 2,2023,Comedy|Romance,6.187,115,0.7991,en
1047016,The Commander,2023,War|History|Drama,6.912,226,1.2471,it
988762,A Place to Fight For,2023,Drama|Romance|Thriller,6.634,168,0.9208,fr
1070442,The Paper Man Returns,2023,Thriller|Mystery|Horror,6.5,33,0.688,zh
1152794,Anxiety,2023,Drama,5.0,10,1.8428,pl
1181568,The Exorcists,2023,Horror|Thriller,3.9,22,0.8362,en
664412,The Best is Yet to Come,2023,Drama,6.1,14,0.5443,zh
1017507,Buddy Games: Spring Awakening,2023,Comedy,5.182,44,0.707,en
856156,The Re-Education of Molly Singer,2023,Comedy|Drama,5.679,53,0.7446,en
986594,Mrs. Chatterjee Vs Norway,2023,Drama|Thriller,5.699,68,1.008,hi
1011869,Reba McEntire's The Hammer,2023,Drama|Mystery|Thriller,6.6,30,0.8791,en
1078959,A Mistake,2023,Thriller|Drama,6.144,73,0.6913,en
1128918,Tom Hanks: The Nomad,2023,Documentary,5.5,12,0.7797,en
1063872,Wow!,2023,Comedy,5.2,86,0.81,fr
960033,Marguerite's Theorem,2023,Drama|Mystery,6.841,208,0.6125,fr
1153325,Till We Meet Again on the Lily Hill,2023,War|Romance|History,6.917,12,0.9964,ja
852432,The Tower,2023,Horror|Fantasy|Drama,4.79,138,0.9531,fr
676727,The Inventor,2023,Animation|Drama|Family|History,6.346,26,0.8518,en
1093215,Not Friends,2023,Drama|Comedy,7.238,21,0.5734,th
1206144,Mother-in-law,2023,Comedy,6.2,13,0.6376,ru
1127846,Sarah Silverman: Someone You Love,2023,Comedy,6.0,28,0.6841,en
715385,No Dogs or Italians Allowed,2023,Animation|Drama|History,7.2,172,0.726,fr
1077647,In Water,2023,Drama,6.5,24,0.7945,ko
979287,Nandor Fodor and the Talking Mongoose,2023,Mystery|Comedy,5.452,52,0.7186,en
1015957,Homestead,2023,Horror|Thriller|Western,5.111,18,0.7524,en
1100287,Making of The Last of Us,2023,Documentary,7.093,27,0.7017,en
1110347,Be My Family,2023,Drama|Comedy|Family,6.9,10,0.6806,zh
932801,The Universal Theory,2023,Mystery|Thriller|Drama,5.975,59,0.6717,de
1009116,A Love Story,2023,Romance|Drama,6.7,27,0.9076,fr
1136318,Battle Over Britain,2023,War,7.13,92,0.9116,en
937949,Mussum  o Filmis,2023,Drama|History|Comedy,7.786,49,0.5488,pt
1151238,Amigos hasta la muerte,2023,Comedy|Drama|Romance,7.2,16,0.6414,es
1204912,Dealing with Christmas,2023,Comedy|Adventure|Action,5.434,76,0.5455,fr
1147964,Angela,2023,Drama|Crime,5.84,47,0.6832,pt
1022725,The Enchanted,2023,Drama,5.4,12,0.4911,ca
970948,What Happens Later,2023,Romance|Comedy,4.8,95,0.6572,en
1174777,Parking,2023,Drama|Thriller,7.413,23,0.6367,ta
1099217,In Broad Daylight,2023,Drama|Mystery,7.4,37,0.7698,cn
1070535,Canceled,2023,Mystery|Horror|Thriller,5.8,18,0.9559,sv
855262,Pinball: The Man Who Saved the Game,2023,Comedy|Drama|History|Romance,7.064,94,0.7738,en
1193033,Temple of Film: 100 Years of the Egyptian Theatre,2023,Documentary,6.2,23,0.7293,en
979669,Bhagavanth Kesari,2023,Action|Drama|Thriller,5.0,15,0.6235,te
981314,Alien Invasion,2023,Horror|Science Fiction,5.37,96,0.7275,en
852436,Let Her Kill You,2023,Thriller|Mystery,6.075,160,0.7742,fr
928118,The Movie Teller,2023,Drama|History,6.46,50,0.9371,es
946215,In the Fire,2023,Thriller|Drama|Horror|Western,4.662,65,0.6379,en
723393,In Dreams,2023,Thriller|Horror,3.8,11,0.567,en
1071815,Restore Point,2023,Science Fiction|Crime|Thriller,6.063,144,1.0672,cs
1119749,Love's Greek to Me,2023,TV Movie|Romance|Comedy,5.882,17,0.6083,en
528502,Aporia,2023,Science Fiction|Drama,6.142,106,0.716,en
1145810,I Don't Expect Anyone to Believe Me,2023,Comedy|Crime|Drama,6.355,31,0.7182,es
1047003,Lost in Perfection,2023,Crime|Drama|Mystery|Thriller,5.7,10,0.7371,zh
1214667,Making Squid Game: The Challenge,2023,Documentary,7.987,236,0.7704,en
958340,Of an Age,2023,Romance|Drama,6.551,69,0.7118,en
1180656,Rescuing Christmas,2023,TV Movie|Comedy|Romance,6.8,17,1.2007,en
1072269,The Successor,2023,Drama|Thriller,6.505,96,1.9764,fr
1062372,Sand Land,2023,Animation|Comedy|Fantasy,8.192,13,0.7751,ja
1008038,Riceboy Sleeps,2023,Drama,7.1,54,0.7526,en
978586,Shayda,2023,Drama,6.792,24,0.8262,fa
1089953,All These Years,2023,Romance|Drama,7.4,13,0.6039,zh
1078930,From the End of the World,2023,Drama|Science Fiction,6.7,22,0.6849,ja
1131409,Mission Raniganj,2023,Drama|Action|Thriller,6.25,20,0.8657,hi
1081101,An Egypt Affair,2023,Romance|Adventure|Mystery,7.2,11,0.6756,en
1158703,Haunted Harmony Mysteries: Murder in G Major,2023,TV Movie|Mystery,8.059,17,0.9088,en
967874,Father & Soldier,2023,War|Drama|History,6.01,257,1.049,fr
1140168,Freddy's Fridays,2023,Horror,5.917,30,0.6207,en
975533,The Archies,2023,Comedy|Drama|Music|Romance,5.6,63,0.8222,hi
1130899,Sana,2023,Horror|Mystery,7.048,42,0.9107,ja
1040284,Eye of the Storm,2023,Drama,7.517,29,0.8235,zh
1093396,Carrot Cake Murder: A Hannah Swensen Mystery,2023,TV Movie|Mystery,6.911,28,0.757,en
1013651,King on Screen,2023,Documentary,7.0,14,0.6126,en
1094266,The Pope: Answers,2023,Documentary,7.4,63,0.8295,es
795843,I'm Fine (Thanks for Asking),2023,Drama|Comedy,3.8,11,0.4125,en
632995,The Primevals,2023,Science Fiction|Fantasy|Adventure,6.3,36,1.0582,en
1114743,The Curse of the Clown Motel,2023,Horror|Action,4.217,23,0.8546,en
1079201,Maybe Baby,2023,Comedy,7.061,57,0.6722,da
784375,Delta,2023,Drama,5.9,58,1.5165,it
1034411,The Movie Star and the Cowboy,2023,Comedy|Drama|Romance,6.478,23,0.4868,en
1045862,Love & Revolution,2023,Drama|Comedy,7.059,51,0.8751,es
1193341,Walden,2023,Horror|Thriller,6.071,42,0.7693,en
1073337,10 Days of a Good Man,2023,Crime|Drama,6.5,99,0.8113,tr
1022655,Trending Topic,2023,Drama|Crime,5.3,13,0.6416,zh
1116410,R.A.D.A.R.: The Adventures of the Bionic Dog,2023,Family|Science Fiction|Comedy|Adventure,7.0,26,0.8272,en
1033667,The Rope Curse 3,2023,Horror,5.0,22,0.7635,zh
949429,The Adventures,2023,Romance|Comedy|Adventure,5.981,79,0.6786,th
801787,Gringa,2023,Drama|Comedy,6.0,33,0.7335,en
1101840,Aurora Teagarden Mysteries: Something New,2023,TV Movie|Mystery|Drama,6.6,20,0.6473,en
943165,Last Dance,2023,Comedy|Music|Family,5.9,13,1.752,fr
1210239,Moon Maidens,2023,Comedy|Science Fiction,2.615,13,0.6774,en
748917,Pichaikkaran 2,2023,Action|Drama|Science Fiction,4.4,12,0.7449,ta
974927,What the Waters Left Behind: Scars,2023,Horror,5.862,69,0.6603,es
1217986,America Is Sinking,2023,Action|Science Fiction,4.0,21,0.6404,en
993092,Hello Ghost!,2023,Comedy|Family|Drama,6.6,13,0.7177,zh
999125,Filip,2023,Drama|History|War,6.7,46,0.7488,pl
943788,From Black,2023,Horror,5.2,68,0.6788,en
1074080,Championext,2023,Comedy|Family,6.511,89,0.5428,es
1106437,Delirium,2023,Horror,5.1,11,1.5905,is
1100642,'Twas the Text Before Christmas,2023,Romance|Comedy|TV Movie,6.48,99,0.8952,en
1052865,A Thousand Days,2023,Horror|Mystery|Thriller,7.0,32,0.735,id
1080916,Titanic: 25 Years Later with James Cameron,2023,Documentary|TV Movie,7.4,13,0.6683,en
1047128,Apolonia  Apolonia,2023,Documentary,6.6,23,0.6394,da
778277,Keys to the Heart,2023,Drama,7.1,14,0.7138,tl
1064801,The Cuckoo's Curse,2023,Drama|Thriller,5.314,43,0.6559,es
1135894,The Final Race,2023,Action|Comedy,6.036,14,0.5465,sv
951996,The Quantum Devil,2023,Horror|Science Fiction|Fantasy,3.981,26,0.5685,en
860901,Padre Pio,2023,Drama,4.9,40,0.7005,en
1112552,Kennedy,2023,Crime|Thriller,6.4,12,0.7924,hi
760568,A Bunch Of Bastards,2023,Crime|Action,3.9,10,0.5467,it
995396,Over The Cracks,2023,Comedy|Drama,5.7,35,0.675,fr
872516,Palm Trees and Power Lines,2023,Drama,6.3,63,0.8961,en
1115091,Rock Hudson: All That Heaven Allowed,2023,Documentary,5.7,19,0.7462,en
1016392,Miss Shampoo,2023,Comedy|Romance|Crime,5.096,26,0.7652,zh
977074,Maya,2023,Drama|Thriller,6.3,10,0.6789,en
961084,The President's Wife,2023,Comedy|Drama,6.3,159,1.0511,fr
1171548,Ichiko,2023,Drama|Mystery,7.471,17,0.7996,ja
1076011,ManSuang,2023,Drama|Mystery,6.893,14,0.6925,th
1179664,A Deadly Invitation,2023,Comedy|Mystery,5.722,180,0.5995,es
952875,My Happy Ending,2023,Drama|Comedy,6.6,29,0.6185,en
1064137,A Biltmore Christmas,2023,Romance|Fantasy|TV Movie,7.022,69,0.6059,en
1032760,The Eternal Memory,2023,Documentary,8.006,88,0.6271,es
1075304,The Plot to Kill My Mother,2023,TV Movie|Thriller,6.0,12,0.6727,en
923579,Cats in the Museum,2023,Animation|Comedy|Family|Fantasy,6.6,55,0.8699,ru
1034587,Amigos,2023,Action|Thriller,4.8,12,0.5814,te
1105787,A Royal Recipe for Love,2023,TV Movie|Comedy|Romance,6.605,19,0.5182,en
890154,The Assassin,2023,Action,5.6,32,0.6506,ko
1125978,Hideo Kojima: Connecting Worlds,2023,Documentary,6.7,26,0.8393,en
1132390,Where Are You  Christmas?,2023,TV Movie|Drama|Fantasy,6.2,27,0.657,en
1152624,3 Days in Malay,2023,Action|Adventure|War,4.789,45,0.5862,en
1077877,Shadow of Fire,2023,Drama|War,7.4,33,0.7139,ja
1122493,Mother's Day Is Cancelled,2023,Comedy,7.294,34,0.6118,es
1161663,Ghost Project,2023,Horror|Science Fiction,5.6,47,0.7052,en
1202584,Christmas As Usual,2023,Romance|Comedy|Drama,5.902,107,0.6268,no
895956,The Burning Cold,2023,Drama|War,7.6,15,0.6732,ca
1072873,Being Mary Tyler Moore,2023,Documentary,6.587,23,0.611,en
898976,Kolai,2023,Crime|Thriller|Mystery,5.3,11,0.7736,ta
989596,The Braid,2023,Drama|Comedy,7.38,262,0.6408,en
676696,Sirocco and the Kingdom of Winds,2023,Adventure|Animation|Family|Fantasy,7.7,20,0.7536,fr
1064178,Hunt Club,2023,Action|Thriller|Horror,4.191,55,0.8348,en
1092899,The Siege,2023,Action|Thriller,5.4,62,0.5271,en
1042623,Blackout,2023,Horror|Drama,5.5,15,0.5622,en
942243,Ru,2023,Drama,7.7,17,0.7196,fr
803688,Ama Gloria,2023,Drama,6.683,52,0.751,fr
950141,Organ Trail,2023,Horror|Western|Drama,6.076,105,1.1578,en
925920,Family Time,2023,Drama|Comedy,6.1,14,0.5794,fi
1142871,Centaur,2023,Drama|Crime|Thriller,7.559,51,0.8228,ru
957752,BDE,2023,Comedy,4.6,121,0.7328,fr
994138,Dark Nature,2023,Horror,4.976,62,0.7481,en
987490,Best. Christmas. Ever!,2023,Comedy,5.4,261,0.7171,en
904557,Thunivu,2023,Action|Crime|Thriller|Comedy,5.8,42,0.7908,ta
1069193,Four Daughters,2023,Documentary|Drama,7.5,109,0.7936,fr
1105736,Schlitter: Evil in the Woods,2023,Horror|Thriller,5.655,42,0.6472,fr
1022632,One-Percenter,2023,Action,6.278,18,0.7247,ja
1104102,Swing Into Romance,2023,Romance|Comedy|TV Movie,7.4,28,0.5921,en
1056177,The Nightingale of Bursa,2023,Comedy|Music,6.438,48,0.6527,tr
986210,Space Wars: Quest for the Deepstar,2023,Science Fiction|Adventure|Action,4.4,54,0.6451,en
1109527,Heroes of the Golden Mask,2023,Animation|Adventure|Comedy,7.0,10,0.6959,en
978415,Horseplay,2023,Comedy|Drama,7.583,18,0.7402,es
944152,Chokehold,2023,Thriller|Drama,5.57,71,0.5518,tr
1124272,Bone Cold,2023,Thriller|Action|Horror,5.604,24,0.737,en
1190025,Dante's Hotel,2023,Horror|Thriller,3.8,11,0.5456,en
737370,Tejas,2023,Drama,4.0,11,0.6181,hi
993933,Bad Behaviour,2023,Drama|Comedy,4.8,23,0.6722,en
752354,Monsters of California,2023,Science Fiction|Adventure|Horror|Comedy,5.295,22,0.5751,en
929230,Onyx the Fortuitous and the Talisman of Souls,2023,Comedy|Horror,5.974,38,1.0551,en
938250,Club Zero,2023,Thriller|Drama|Comedy,5.877,102,0.5573,fr
1114590,Anna Nicole Smith: You Don't Know Me,2023,Documentary,6.027,74,0.5515,en
1105803,Snag,2023,Action|Crime|Thriller,5.472,54,0.7609,en
912974,Accused,2023,Drama|Thriller,6.2,77,0.628,en
717088,Single in Seoul,2023,Romance|Comedy,6.235,17,0.8928,ko
1171989,The Devil on Trial,2023,Documentary|Drama|Crime,5.842,92,0.9661,en
1101224,The Unseen,2023,Horror|Mystery|Thriller,4.6,20,0.9778,en
1100962,One More Time,2023,Comedy|Drama|Romance,5.8,93,0.7247,sv
1063241,Okiku and the World,2023,Drama|Comedy,7.5,17,0.756,ja
1109237,The Monk and the Gun,2023,Comedy|Drama,7.2,117,0.7089,dz
848730,Los bastardos,2023,Action|Thriller|Crime|Drama,6.5,23,0.7908,es
1161680,A Whole Life,2023,Drama|History,7.09,50,0.8438,de
865797,Biosphere,2023,Comedy|Drama|Science Fiction|Fantasy,4.843,51,0.6801,en
666942,Music,2023,Drama,5.6,19,0.7419,de
1058622,Aliens Abducted My Parents and Now I Feel Kinda Left Out,2023,Family|Adventure|Science Fiction|Drama,5.667,24,0.7256,en
879508,The Plus One,2023,Comedy|Romance,5.5,11,0.5083,en
1130737,Mog's Christmas,2023,Animation|Family|Comedy,7.3,13,0.5961,en
1152617,Untold: Hall of Shame,2023,Documentary|Crime,6.661,28,0.7588,en
1101799,Queens on the Run,2023,Comedy,7.063,142,0.5741,es
1154864,Cursed,2023,Horror|Action|Drama,6.3,41,0.7512,es
1089345,20.0 Megaquake,2023,Action|Science Fiction|Drama|TV Movie,5.6,17,0.8634,en
1137207,Wild Heart,2023,Family|Adventure,5.5,11,0.6188,de
1120543,Before It Ends,2023,Drama|History|War,7.2,19,0.6839,da
1084225,The Park,2023,Action|Drama|Horror|Science Fiction|Thriller,5.638,65,0.4776,en
1205781,Dora: Say Hola to Adventure!,2023,Animation|Family,7.3,26,0.7258,en
1030571,Property,2023,Drama|Thriller,7.4,26,0.5781,pt
1157132,Beautiful Men,2023,Animation|Drama,5.393,28,1.6063,nl
1035833,One Day All This Will Be Yours,2023,Drama|Comedy,6.292,12,0.6997,sv
1074262,10 Days of a Bad Man,2023,Crime|Drama,6.4,119,0.7034,tr
926680,Breakout,2023,Action|Thriller,5.1,33,0.9166,en
1164755,Echoes of the Thunder,2023,Drama,6.9,23,0.6664,cn
933092,The End of Sex,2023,Comedy|Romance|Drama,5.607,28,0.7842,en
960044,The Edge of the Blade,2023,Drama|History,6.6,87,0.647,fr
493514,Youth (Spring),2023,Documentary,6.769,13,0.5097,zh
1005004,Murdercise,2023,Horror|Comedy,3.5,20,1.9707,en
1036311,Married by Mistake,2023,TV Movie|Comedy|Romance,5.8,31,0.5578,en
1000081,Sentinelle,2023,Action|Comedy|Crime,5.245,306,0.6688,fr
977155,Marui Video,2023,Mystery|Horror|Thriller,6.1,26,0.6918,ko
1171816,American Symphony,2023,Documentary|Music,6.672,64,0.5696,en
1126128,13 Bombs,2023,Action|Crime|Thriller,6.983,30,0.5882,id
1112547,Anselm,2023,Documentary,6.7,48,0.6545,de
1065890,Chris Rock: Selective Outrage,2023,Comedy,6.139,158,0.6806,en
1065671,Headspace,2023,Animation|Action|Adventure|Science Fiction,6.0,14,0.6294,en
1061656,Perpetrator,2023,Horror,4.245,49,0.4942,en
1081920,Royal Rendezvous,2023,Romance|TV Movie,6.1,24,0.6865,en
888082,On the Wandering Paths,2023,Drama,6.345,190,0.6479,fr
925124,Through the Night,2023,Drama,6.4,24,0.5388,fr
859981,Autobiography,2023,Drama|Thriller|Crime,7.519,26,0.5142,id
845643,The Piper,2023,Horror,5.202,84,0.6303,en
1154956,Hygge!,2023,Drama|Comedy,5.4,11,0.4671,da
1061671,Pamela  A Love Story,2023,Documentary,7.022,248,0.7039,en
1191885,Flashback,2023,Fantasy|Romance|Thriller,4.705,44,0.6589,en
1062910,Ripples,2023,Drama,6.5,23,0.5772,ja
1008003,Under Therapy,2023,Comedy,6.929,85,1.6536,es
1163045,Jagun Jagun,2023,Action|Drama,6.7,58,0.6363,yo
1000563,The Lost Boys,2023,Drama|Romance,6.9,76,0.687,fr
978870,Last Night of Amore,2023,Thriller|Crime,7.114,543,0.6321,it
958335,Two Tickets to Greece,2023,Comedy|Drama,5.9,126,1.7459,fr
1058662,In My Mother's Skin,2023,Horror|Fantasy|War,5.7,28,0.6938,tl
1014390,Bloody Daddy,2023,Action|Crime|Thriller,5.9,33,0.619,hi
971699,Blue Jean,2023,Drama,6.8,118,0.7006,en
841742,Megalomaniac,2023,Horror|Mystery|Thriller,5.491,57,0.6258,fr
1043997,The Beautiful Summer,2023,Drama,5.547,64,0.5439,it
1128717,Unknown: The Lost Pyramid,2023,Documentary,7.354,48,0.6642,en
1002459,The Rescue: The Weight of the World,2023,Thriller|Drama,6.553,47,0.6359,es
1126608,Raid on the Lethal Zone,2023,Action,6.8,11,0.6932,zh
1088157,Godless: The Eastfield Exorcism,2023,Horror,6.609,119,0.5983,en
1153225,American Nightmare: Becoming Cody Rhodes,2023,Documentary,7.797,32,0.5891,en
1179558,15 Cameras,2023,Horror|Thriller,5.683,52,0.5237,en
833205,Americanish,2023,Comedy|Romance|Drama,6.1,11,1.8279,en
747731,Johnny Z,2023,Horror|Action|Science Fiction,5.558,26,1.2318,en
1094643,Miley Cyrus - Endless Summer Vacation (Backyard Sessions),2023,Music|Documentary,8.2,45,0.8626,en
1088619,The Unheard,2023,Drama|Horror|Mystery,5.096,26,0.5381,en
983015,Kina & Yuk,2023,Family|Adventure|Documentary,6.8,27,0.6338,fr
1037360,Beck 48 - Quid Pro Quo,2023,Crime|Mystery|Thriller|Drama,6.0,15,0.5435,sv
1071791,Elaha,2023,Drama,6.318,22,0.6135,de
1036347,Double Life,2023,Mystery|Thriller|Drama,5.5,50,0.5774,en
666433,Power of Love,2023,Thriller|Drama,4.906,16,0.6948,de
1168521,Dark Asset,2023,Action|Thriller|Science Fiction,5.25,28,0.6531,en
1000058,Homecoming,2023,Drama,6.1,20,0.4841,fr
1034055,The Jungle Bunch: Operation Meltdown,2023,Animation|Adventure|Comedy|Family,7.1,21,0.604,fr
873256,Kiss  Kiss!,2023,Romance|Comedy,5.3,40,0.9648,pl
1150521,Christmas on Windmill Way,2023,Romance|Comedy|TV Movie,5.9,65,0.7005,en
1058689,My Animal,2023,Horror|Romance|Fantasy,4.4,27,0.7095,en
879689,Raging Grace,2023,Drama|Thriller|Horror|Comedy|Mystery,6.122,49,0.5649,en
740049,Enys Men,2023,Horror|Drama,5.5,64,0.5009,en
1176128,Santa Isn't Real,2023,Horror,6.5,23,0.5029,en
1046620,The Vaccine War,2023,Drama|Thriller,5.8,17,1.0297,hi
1051547,Upon Entry,2023,Drama|Thriller,6.719,176,0.6792,es
1180682,Round and Round,2023,TV Movie|Romance|Family|Comedy,6.7,16,0.5349,en
888003,The Book of Solutions,2023,Comedy|Drama,5.94,317,0.5273,fr
577921,Blanquita,2023,Drama,6.2,19,0.5112,es
1109207,Taz: Quest for Burger,2023,Comedy|Family|Animation|Adventure,5.9,28,0.6126,en
1121156,Pocket Dial Murder,2023,TV Movie|Thriller|Drama|Crime,5.172,29,0.5805,en
1169368,Safehouse,2023,Action|Thriller|Crime,5.5,14,0.6501,en
958635,This One Summer,2023,Comedy|Drama,5.4,36,0.6845,fr
1152797,Freestyle,2023,Crime|Action|Thriller,6.4,39,0.5219,pl
1075540,Without a trace,2023,Crime|TV Movie,6.083,54,0.5866,de
965203,Custody,2023,Action|Thriller,5.0,10,0.6993,te
1186052,Death on the Border,2023,Crime|Thriller,5.8,11,0.7599,en
1146759,Face to Face,2023,Drama|Comedy,6.8,13,0.7838,ar
1138107,Pencils vs Pixels,2023,Documentary,8.5,10,0.683,en
1196442,Now and Then - The Last Beatles Song,2023,Documentary|Music,7.6,10,0.7054,en
786345,Viduthalai: Part I,2023,Action|Thriller|Drama,7.87,50,0.7549,ta
1005575,WrestleMania 39: Saturday,2023,Action,8.0,36,0.6537,en
1005409,Godard Cinema,2023,Documentary,5.542,12,0.6204,fr
885243,Oh My Goodness!,2023,Comedy,5.183,52,1.8516,fr
751171,Chebi: My Fluffy Friend,2023,Comedy|Family,6.643,91,0.7715,ru
1090241,Marlon Wayans: God Loves Me,2023,Comedy,5.761,23,0.5648,en
1034265,Hot Potato: The Story of The Wiggles,2023,Documentary,7.933,15,0.6183,en
950526,The Smoke Master,2023,Action|Comedy|Fantasy,7.3,74,0.7197,pt
650036,The Rage,2023,Thriller|Drama,5.674,43,0.6791,ru
1104670,Pillow Party Massacre,2023,Horror|Thriller,4.2,25,0.6289,en
1093760,The Dancing Detective: A Deadly Tango,2023,TV Movie|Mystery|Drama|Crime,6.9,24,0.6047,en
1057663,Andragogy,2023,Drama,8.269,13,0.7057,id
915980,Sun and Concrete,2023,Crime|Drama,6.955,134,0.6184,de
1051560,The Devil Comes at Night,2023,Horror,6.488,40,0.6545,en
801970,Refuge,2023,Horror|Action|War,5.118,17,0.6342,en
1021760,Soppana Sundari,2023,Comedy|Thriller|Crime,5.6,10,0.7498,ta
1048522,Fremont,2023,Comedy|Drama,6.362,109,0.5436,en
1134607,The Marry Me Pact,2023,TV Movie|Comedy|Romance,5.583,12,0.4572,en
1114114,IB 71,2023,Action|Thriller|War,6.9,26,0.5469,hi
1177908,Flies,2023,Thriller,6.3,13,0.4527,es
745987,The Challenge,2023,Drama,6.91,50,0.6772,ru
1215439,Dave Chappelle: The Dreamer,2023,Comedy,6.9,125,0.5273,en
715742,Trenque Lauquen,2023,Mystery|Drama|Thriller,7.15,50,0.5695,es
1119752,Make Me a Match,2023,TV Movie|Comedy|Romance,5.8,14,0.4402,en
829361,M,2023,Science Fiction|Drama|Adventure|Horror,7.2,74,0.6227,mk
976699,Cinnamon,2023,Thriller|Crime|Drama,6.6,14,0.5105,en
1026961,Long Live Love!,2023,Romance|Comedy|Drama,8.019,27,0.7537,th
1190150,Kane,2023,Crime|Drama|Thriller,5.534,29,0.6876,en
1061634,Summer Vacation,2023,Comedy|Family,5.639,61,0.686,es
1114653,Waitress: The Musical,2023,Comedy|Drama,7.347,36,0.5413,en
674710,When Time Got Louder,2023,Drama,6.591,11,0.5683,en
1132324,Lionel Messi: Destiny,2023,Documentary,7.8,61,0.5523,en
1084072,Louis Tomlinson: All of Those Voices,2023,Documentary|Music,8.9,25,0.5478,en
943344,Underground Monster,2023,Fantasy|Adventure,5.6,24,0.6751,zh
1107526,Since the Last Time We Met,2023,Drama,5.077,13,0.6505,es
1179822,BURN THE WITCH #0.8,2023,Animation|Action|Fantasy,7.2,11,0.673,ja
1045385,Miss. Shetty Mr. Polishetty,2023,Comedy|Drama|Romance|Thriller,6.2,26,0.4814,te
1159844,A Feast for Life,2023,Comedy,5.6,21,0.5589,de
1150215,Squared Love Everlasting,2023,Romance|Comedy,6.1,59,0.8488,pl
925615,Hadik,2023,History|Adventure|Drama,5.9,18,0.4828,hu
1100203,Iron Within,2023,Action|Science Fiction|Horror|Animation,5.154,13,0.5258,en
1093768,Hearts in the Game,2023,TV Movie|Comedy|Romance,5.739,23,0.5294,en
1082449,Doi Boy,2023,Drama|Thriller|Romance,6.278,27,0.583,th
995767,The King of Algiers,2023,Comedy|Drama,6.022,112,0.5953,fr
1114905,Death's Roulette,2023,Thriller|Mystery|Drama|Horror,6.354,212,0.84,es
870359,Urkel Saves Santa: The Movie!,2023,Animation|Family|Comedy,5.421,19,0.6758,en
1180262,A Match in Manhattan,2023,TV Movie|Comedy|Romance,6.375,16,0.6583,en
1128719,Unknown: Cosmic Time Machine,2023,Documentary,7.454,76,0.5495,en
1167490,Takano Tofu,2023,Family|Drama,6.938,16,0.5488,ja
1003507,Luckless in Love,2023,TV Movie|Comedy|Romance,6.5,29,0.4632,en
1164370,Neru,2023,Drama|Thriller,7.2,39,0.5019,ml
989672,Just the Two of Us,2023,Thriller|Drama|Romance,6.957,334,0.7653,fr
1025881,Bobcat Moretti,2023,Drama,5.5,11,0.5008,en
974025,Gumraah,2023,Crime|Action|Thriller,6.609,23,0.5317,hi
1002645,White Paradise,2023,Thriller|Action|Drama,6.4,88,0.6201,fr
941859,Let the River Flow,2023,Drama,7.0,21,0.5923,se
915655,Greenhouse,2023,Drama|Thriller,6.5,16,0.4792,ko
923387,When It Melts,2023,Drama,6.733,30,1.3244,nl
1131755,A Creature Was Stirring,2023,Horror,5.632,76,0.6481,en
958189,Amore Mio,2023,Drama,5.778,18,0.5195,fr
1211979,If You Are the One 3,2023,Comedy|Romance|Science Fiction,5.105,19,0.6598,zh
1189733,Holiday in the Vineyards,2023,Romance|Drama,5.648,27,0.547,en
1090868,Siege (Asedio),2023,Drama|Thriller,5.326,72,0.6704,es
1087571,Un amor,2023,Drama|Romance,6.7,47,0.5805,es
1190725,David Holmes: The Boy Who Lived,2023,Documentary,7.143,77,0.6736,en
1012669,A Prince in Paradise,2023,TV Movie|Romance|Comedy,7.189,53,0.6031,en
869523,The Knocking,2023,Horror|Thriller,5.4,38,1.5652,fi
1058078,Carousel,2023,Horror,6.073,116,0.5435,sv
1061728,Butterfly Tale,2023,Animation|Comedy|Family,7.05,20,0.3839,fr
1087575,Girl in the Closet,2023,Drama|TV Movie,7.333,21,0.4843,en
540549,Monica,2023,Drama,5.583,48,0.6861,en
1118608,Crackcoon,2023,Horror|Comedy,3.6,10,0.5107,en
1087205,Big Boys,2023,Drama|Comedy,6.1,15,0.5949,en
1121956,Green Border,2023,Drama,7.361,122,0.811,pl
872508,Paradise Is Burning,2023,Drama,5.6,26,0.5124,sv
917594,Camp Hideout,2023,Family|Comedy,5.25,20,0.4629,en
573952,Occupied City,2023,Documentary,6.7,16,0.7115,nl
1067950,Girl You Know It's True,2023,Drama|History|Music,7.374,131,0.5983,de
875188,Kho Gaye Hum Kahan,2023,Drama|Comedy,6.533,75,0.6322,hi
1052152,Katak: The Brave Beluga,2023,Animation|Family|Adventure,6.0,28,0.6169,fr
1154268,Haul Out the Holly: Lit Up,2023,TV Movie|Comedy|Romance,6.083,36,0.5467,en
1077025,Five Hundred Miles,2023,Comedy|Family|Fantasy,5.4,18,0.5392,zh
996503,Snake Hotel,2023,Horror,5.6,36,0.4307,en
1072742,When Morning Comes  I Feel Empty,2023,Drama,5.813,16,0.7379,ja
1091044,Waiting for Dali,2023,Comedy|Romance,6.8,16,0.6478,es
1053993,The Wait,2023,Horror|Drama|Fantasy,6.0,48,0.4304,es
1208476,Ricky Gervais: Armageddon,2023,Comedy,7.161,220,0.8677,en
1016683,Semmelweis,2023,History|Drama,7.783,46,0.5061,hu
517929,Fog City,2023,Horror|Thriller,5.471,52,0.618,en
1188104,The X-Treme Riders,2023,Action|Crime,8.0,23,0.4961,th
1053587,Fatum,2023,Crime|Thriller|Drama,6.223,103,0.5027,es
864573,Kuttey,2023,Comedy|Crime|Thriller,5.8,21,0.5877,hi
1063509,The Housekeeper,2023,Thriller|Mystery|TV Movie,5.182,11,0.5049,en
922830,Disco Boy,2023,Drama|War,6.6,78,0.5433,fr
1169515,Kandi Burruss and Todd Tucker's The Pass,2023,Drama,7.3,10,0.6862,en
1199206,Among Wolves,2023,Western,4.542,12,0.5619,en
1064390,How to Murder Your Husband: The Nancy Brophy Story,2023,TV Movie|Thriller,6.3,22,0.5378,en
937702,Agilan,2023,Action|Drama,4.0,11,0.49,ta
926893,Houria,2023,Drama,6.9,55,0.8322,fr
1165067,Cosmic Chaos,2023,Thriller|Science Fiction,6.0,50,0.5009,en
1217392,Curry & Cyanide: The Jolly Joseph Case,2023,Documentary|Crime,6.821,42,0.4697,ml
1058623,The Stroll,2023,Documentary,6.5,22,0.535,en
987538,Body Parts,2023,Horror,6.1,15,0.6354,ko
1115253,Chithha,2023,Drama|Thriller|Mystery,7.694,36,0.4948,ta
1185743,Renaissance: A Film by Beyoncé,2023,Music|Documentary,8.2,36,0.5956,en
1052158,Monsternado,2023,Horror|Science Fiction,5.7,67,0.3931,en
1132302,Field Day,2023,TV Movie|Comedy|Romance|Family,7.4,10,0.5042,en
1153470,The Last Spark of Hope,2023,Drama|Science Fiction,5.877,69,0.7792,pl
1156638,The Contestant,2023,Documentary,6.932,59,0.6087,en
997294,Close Your Eyes,2023,Drama|Mystery,7.1,119,0.7563,es
1068427,Lapua 1976,2023,Drama,4.6,11,0.5576,fi
1143839,Haile: A Family Nightmare,2023,Horror,3.1,10,0.6001,tr
854887,Gods of the Deep,2023,Science Fiction|Thriller|Horror,4.737,76,0.5455,en
1186402,Strawberry Shortcake and the Beast of Berry Bog,2023,Animation|Family|TV Movie,6.731,26,0.7929,en
1081789,The Weeknd: Live at SoFi Stadium,2023,Music,7.7,38,0.6843,en
974319,The Love Subscription,2023,TV Movie|Comedy|Romance|Family,5.0,11,0.5708,en
937741,Nezouh,2023,Drama,6.8,23,0.5088,ar
1122688,The Getback,2023,Action|Comedy|Crime|Thriller,7.125,12,1.3819,en
1117644,The Mission,2023,Documentary,6.5,25,0.7143,en
1142651,A Harvest Homecoming,2023,TV Movie|Comedy|Romance,7.1,15,0.6519,en
1039034,The Baby Swindler,2023,TV Movie|Thriller,5.8,10,0.4336,en
936370,Opponent,2023,Drama,6.6,16,0.636,sv
943330,Superpower,2023,Documentary,5.5,24,0.5698,en
752867,The Outwaters,2023,Horror|Science Fiction|Thriller,4.5,103,0.581,en
1160016,Office Race,2023,Comedy,4.9,21,0.5648,en
1082213,Sleep Call,2023,Thriller|Drama|Romance,6.773,11,0.6566,id
1122755,Hashtag Proposal,2023,TV Movie|Comedy|Romance,6.2,10,0.6218,en
1193125,Kevin Hart & Chris Rock: Headliners Only,2023,Documentary|Comedy,6.313,16,0.6527,en
1146148,Sorry  Charlie,2023,Horror|Thriller,6.013,38,0.5124,en
1091790,Something's Brewing,2023,Romance|TV Movie|Drama,6.0,14,0.5818,en
1039066,Team Bride,2023,TV Movie|Comedy|Romance,6.875,24,0.5269,en
1119750,The Wedding Contract,2023,TV Movie|Comedy|Romance,5.8,11,0.9085,en
894958,Merry Christmas,2023,Comedy,5.411,62,0.8661,fr
1203484,Monster,2023,Thriller|Horror,5.156,61,0.6368,xx
938030,Elf Me,2023,Family|Comedy|Fantasy|Adventure,5.8,87,0.5631,it
1180798,A Season for Family,2023,TV Movie|Drama|Romance,6.1,17,0.6279,en
1168842,Monster Inside: America's Most Extreme Haunted House,2023,Documentary|Crime,6.103,29,0.469,en
588564,A Greyhound of a Girl,2023,Animation|Drama|Family|Fantasy,6.7,29,0.5187,it
1113119,The Undertaker,2023,Comedy|Drama|Horror,6.7,10,0.6034,th
1138474,Primbon,2023,Drama|Horror,4.9,11,0.6094,id
958219,For My Country,2023,Drama,6.199,68,0.5786,fr
1075989,Explanation for Everything,2023,Drama,6.8,32,0.6747,hu
1151703,Island Escape,2023,Horror|Action|Science Fiction,4.579,19,0.5893,en
919031,Tiku Weds Sheru,2023,Comedy|Drama|Family,5.625,12,0.6779,hi
1180665,Christmas on Cherry Lane,2023,TV Movie|Comedy|Romance|Drama,6.2,28,0.4293,en
1175107,My Otaku Girlfriend,2023,Drama,8.4,15,0.3939,es
1133923,The Initiated,2023,Thriller|Drama|Mystery|Crime,7.147,51,0.6033,en
1140135,Bad Blood,2023,Action|Drama|Family|Comedy,5.909,12,0.5054,vi
936002,Doctor Jekyll,2023,Horror,4.9,10,1.6167,en
996427,I Have Electric Dreams,2023,Drama,6.3,30,0.9546,es
957608,Junkyard Dog,2023,Drama|Romance|Comedy,6.9,392,0.7115,fr
1064103,How to Be a Modern Man,2023,Comedy,5.828,61,0.4386,es
835767,Gunfight at Rio Bravo,2023,Western|Action,6.506,87,0.7146,en
1145531,Faceless After Dark,2023,Horror|Thriller,5.1,15,0.6237,en
998845,Munch,2023,Drama|History,6.6,24,0.4761,no
1051146,You Can't Escape Me,2023,TV Movie|Thriller,6.0,14,0.4117,ab
1154469,Love in the Great Smoky Mountains: A National Park Romance,2023,Romance|TV Movie,6.8,10,0.6059,en
1071339,Cinderella in the Caribbean,2023,TV Movie|Comedy|Drama|Romance,7.542,12,0.6215,en
1215278,Hell Camp: Teen Nightmare,2023,Documentary,5.787,54,0.7105,en
1075754,Second Act,2023,Drama|Romance|Comedy,6.5,11,0.5189,sv
1106720,The Jane Mysteries: Inheritance Lost,2023,TV Movie|Mystery,7.206,17,0.5654,en
1114901,Take Care of Maya,2023,Documentary,7.7,124,0.6041,en
945703,Post Truth,2023,Comedy|Action,7.362,47,0.4407,zh
1174775,Good Chemistry: The Story of Elemental,2023,Documentary,7.156,16,0.5185,en
394151,Nosferatu: A Symphony of Horror,2023,Horror,5.4,14,0.5996,en
986263,Wolfkin,2023,Horror|Drama|Fantasy,5.527,37,0.4167,lb
1180358,A Royal Christmas Holiday,2023,TV Movie|Comedy|Romance,5.8,17,0.4235,en
1070449,On the Adamant,2023,Documentary,7.1,43,0.4503,fr
1180841,Christmas Island,2023,TV Movie|Comedy|Drama|Romance,6.7,30,1.0315,en
1201609,The Fabelmans: A Family in Film,2023,Documentary,7.1,13,0.4481,en
1107550,1984,2023,Science Fiction|Drama,6.136,11,0.5496,ru
937263,The Dishwasher,2023,Drama,6.5,13,0.6515,fr
987578,Piety,2023,Fantasy|Comedy|Drama|Horror,4.9,31,0.6281,es
999134,The Madness Express,2023,Comedy,4.3,104,0.6473,fr
1093796,Gray Matter,2023,Science Fiction,6.8,56,0.5655,en
1079394,The Five,2023,Western,5.922,45,0.5372,en
555235,Sid Is Dead,2023,Comedy,5.985,34,0.4707,en
1180811,Holiday Hotline,2023,TV Movie|Comedy|Drama|Romance,6.8,32,0.6604,en
1077297,All Ears,2023,Drama,6.25,12,0.4271,zh
975762,Sugar and Stars,2023,Drama,6.614,83,0.5546,fr
950792,Victory or Death,2023,History|Action|War,6.4,77,0.5007,fr
1074932,The Proposal Spot,2023,TV Movie|Comedy|Romance,6.1,14,0.3743,en
1180799,Tripped Up,2023,Comedy,5.0,17,0.4707,en
1207417,Mooned,2023,Animation|Family|Comedy|Science Fiction,6.5,43,0.575,en
971589,The Cake Dynasty,2023,Comedy|Drama,4.4,14,0.4287,da
1115085,Enter the Clones of Bruce,2023,Documentary|History,7.6,12,0.5454,en
956288,Day Off,2023,Drama,7.053,19,0.6154,zh
618165,Sick Girl,2023,Comedy,4.759,27,0.4947,en
1004683,Bobi Wine: The People's President,2023,Documentary,6.641,32,0.5995,en
1135229,I Am Rage,2023,Action,6.737,57,0.5545,en
1103505,Buying Back My Daughter,2023,Drama|TV Movie,8.091,11,0.5072,en
787761,Oracle,2023,Horror,6.276,105,0.6128,en
974834,American Girl: Corinne Tan,2023,Family|Drama,6.1,10,0.6049,en
899946,Caveman,2023,Comedy,5.542,24,0.556,de
1005299,World War III,2023,Drama,6.9,36,0.577,fa
1070784,Mia,2023,Drama,7.009,211,0.4128,it
1179496,The Sexologist,2023,Comedy,6.9,46,0.5409,es
1119355,Caged Wings,2023,Drama,5.611,36,0.5014,es
967545,Sixteen,2023,Drama|Romance,6.3,38,1.7283,fr
1040805,The Wedding Rule,2023,TV Movie|Romance|Comedy,5.7,19,0.6428,en
1077969,War on Terror: KL Anarchy,2023,Action|Crime|Thriller,7.4,15,0.4412,ms
1030621,Why Can't My Life Be a Rom-Com?,2023,Romance|Comedy|TV Movie,5.3,10,0.4243,en
989589,The Settlers,2023,Drama|Western,6.791,151,0.7304,es
1095873,Little Girl Blue,2023,Drama|History,6.321,53,0.5894,fr
1000521,Zodi and Téhu: Princes of the Desert,2023,Adventure|Family|Comedy,6.7,26,0.5062,fr
920679,Zara Hatke Zara Bachke,2023,Comedy|Drama|Romance,5.786,21,0.4287,hi
1122358,Let the Canary Sing,2023,Documentary|Music,6.5,11,0.4632,en
1127175,Mercy Falls,2023,Thriller|Horror,5.857,49,0.6653,en
1024541,The Teacher Who Promised the Sea,2023,Drama|History,7.752,145,0.6339,es
1052931,The Wedding in the Hamptons,2023,TV Movie|Comedy|Romance,5.5,13,1.4948,en
1000603,The Small Victories,2023,Comedy,6.69,179,0.5757,fr
1191653,Godzilla vs. Megalon,2023,Science Fiction|Action|Fantasy,8.656,16,0.4006,ja
857279,Shaky Shivers,2023,Horror|Comedy,6.0,12,0.6084,en
1000572,A Great Friend,2023,Comedy,6.537,136,0.5063,fr
1118941,A Lien,2023,Drama,7.333,30,1.4452,en
976121,Romancham,2023,Horror|Comedy,7.333,51,0.8083,ml
1173883,The Ex-Files 4: Marriage Plan,2023,Romance|Comedy,6.25,16,0.6061,zh
1085543,DC Down,2023,Action|Thriller|TV Movie,5.521,70,0.6254,en
1204812,Familia,2023,Drama,7.1,18,0.5092,es
1186680,Secrets in the Desert,2023,Thriller|TV Movie,5.6,10,0.5151,en
976125,My Precious,2023,Drama|Romance|Comedy,6.917,12,0.4067,th
1151579,A Zest For Death: A Hannah Swensen Mystery,2023,TV Movie|Mystery|Drama|Crime,7.3,19,0.4995,en
1005685,Les Vengeances de Maître Poutifard,2023,Comedy|Family,5.0,67,0.522,fr
1057702,Family History Mysteries: Buried Past,2023,TV Movie|Mystery|Drama,6.906,16,0.3819,en
896669,Veera Simha Reddy,2023,Action|Drama,4.609,23,0.5181,te
1141228,Untold: Jake Paul the Problem Child,2023,Documentary,5.7,43,0.5451,en
949808,Squaring the Circle (The Story of Hipgnosis),2023,Documentary|Music,7.41,39,0.4287,en
1178605,How to Fall in Love by Christmas,2023,TV Movie|Comedy|Romance,5.9,14,0.4747,en
1068830,Curious Caterer: Grilling Season,2023,TV Movie|Mystery,7.024,21,0.618,en
1123113,After the Bite,2023,Documentary,6.3,15,0.4106,en
1075329,A Rose for Her Grave: The Randy Roth Story,2023,TV Movie|Mystery|Thriller|Drama,6.6,18,0.3638,en
1142395,A Bet with the Matchmaker,2023,TV Movie|Comedy|Romance,6.8,14,0.4561,en
957607,Loving Memories,2023,Drama|Romance|History,5.925,60,0.5064,fr
1105014,Ripper's Revenge,2023,Thriller|Horror|History,6.75,48,0.5288,en
1024600,A Matter of Prestige,2023,Drama|Music,5.8,11,0.6686,tr
1095340,Malicious,2023,Horror|Thriller|Crime|Drama,7.186,51,0.472,en
876845,Nanpakal Nerathu Mayakkam,2023,Comedy|Drama|Fantasy,7.0,31,0.4896,ml
1172029,Sobreviviendo mis XV,2023,Comedy,7.398,98,0.5236,es
1083792,Tainted Love,2023,Crime|Mystery|Drama|Thriller,5.9,10,0.4099,zh
1207413,Dark Parasite,2023,Horror|Science Fiction,5.8,14,0.6783,es
1008430,Neneh Superstar,2023,Drama|Comedy,5.7,25,0.4989,fr
1093764,The Wedding Cottage,2023,TV Movie|Comedy|Romance,7.13,23,0.5647,en
1160562,Friday Night Plan,2023,Comedy|Drama,6.0,10,0.5101,hi
1181865,World's Greatest Dad,2023,Drama|Comedy,6.2,12,0.4206,zh
1183905,Trunk - Locked In,2023,Thriller|Action|Drama,6.049,91,0.5462,de
1074673,Irugapatru,2023,Romance|Family|Drama,7.4,14,0.4945,ta
995805,Bermuda Island,2023,Action|Adventure|Horror|Mystery|Thriller|Drama,3.4,24,0.5364,en
737853,Snow Falls,2023,Horror,4.578,45,0.6097,en
1150513,Guiding Emily,2023,TV Movie|Comedy|Drama|Romance,8.133,15,0.4073,en
1096563,End of Loyalty,2023,Crime|Action,5.0,10,0.4344,en
1110820,The Memory Game,2023,Thriller,5.7,24,0.4424,nl
921785,Mixed by Erry,2023,Comedy|History|Music,7.444,486,0.6054,it
1077693,Tiger Stripes,2023,Drama|Horror,5.9,42,0.5152,ms
1205619,The Christmas Break,2023,Romance|Comedy,5.6,11,0.4949,en
934606,The Unknown Country,2023,Drama,6.5,26,0.5087,en
1077902,Game of Love,2023,TV Movie|Comedy|Romance,5.917,12,0.4149,en
800227,All Dirt Roads Taste of Salt,2023,Drama,5.8,25,0.376,en
1162400,Maid Droid,2023,Horror|Science Fiction|Thriller,3.4,16,0.4417,en
1114972,Every Body,2023,Documentary,6.0,13,0.4994,en
948038,Elena Knows,2023,Drama,6.0,44,1.4418,es
1005003,Trauzeugen,2023,Comedy|Romance,5.5,13,1.0829,de
1132450,Avataro Sentai Donbrothers vs. Avataro Sentai Donburies,2023,Comedy,5.571,14,0.6091,ja
676575,Cricket & Antoinette,2023,Animation|Adventure|Family|Romance,7.2,17,0.4458,hr
1075424,Meet Me in Paris,2023,Romance|Comedy|Documentary,6.6,16,0.5851,en
1090024,Emanuelle's Revenge,2023,Thriller|Drama,3.7,11,0.4989,en
1061617,Chef Jack: The Adventurous Cook,2023,Animation|Adventure,6.4,18,0.4791,pt
1131444,Devilreaux,2023,Horror,4.2,10,0.3527,en
1145796,TOMORROW X TOGETHER: OUR LOST SUMMER,2023,Documentary|Music,9.533,30,0.6097,ko
881693,The Astronaut,2023,Comedy|Drama,7.1,84,0.466,fr
1055733,Circle Line,2023,Action|Horror,4.5,13,0.4224,zh
1109146,Jump!,2023,Comedy|Family|Science Fiction|Drama,7.151,53,0.4539,es
982502,Blondi,2023,Comedy|Drama,6.7,20,0.463,es
1058063,Hell Torture,2023,Horror|Thriller,6.058,26,0.4897,id
977000,Moon Garden,2023,Fantasy|Horror|Drama,6.25,32,0.61,en
940045,History of Evil,2023,Horror|Thriller,4.38,25,0.4579,en
1159086,The Great Seduction,2023,Drama|Comedy,6.748,109,0.5734,es
978035,Les Indésirables,2023,Drama,6.161,87,0.3946,fr
1120312,Doomsday Meteor,2023,Science Fiction|Action|Thriller,4.714,14,0.6346,en
1104435,Lucky Hearts,2023,TV Movie|Comedy|Romance,6.0,10,0.5644,en
1056740,Love in Glacier National: A National Park Romance,2023,TV Movie|Comedy|Romance,6.2,17,0.6183,en
1132282,Curious Caterer: Fatal Vows,2023,TV Movie|Drama|Mystery,7.2,22,0.4702,en
1110358,Yannick,2023,Comedy|Drama|Thriller,7.056,718,0.6448,fr
1001079,Iris and the Men,2023,Comedy|Drama,5.2,88,0.5121,fr
986197,End Times,2023,Horror,3.9,12,0.5352,en
678299,Blind Willow  Sleeping Woman,2023,Animation|Drama|Science Fiction,6.8,32,0.5099,fr
1160972,3 Bed  2 Bath  1 Ghost,2023,TV Movie|Comedy|Romance,7.054,28,0.7951,en
942251,The Resurrection of Charles Manson,2023,Horror|Thriller,4.0,35,0.4792,en
1127842,The Exchange,2023,Comedy|Fantasy,5.4,10,0.471,es
931935,The Extortion,2023,Thriller|Crime|Drama,7.2,151,0.4822,es
1142366,Christmas by Candlelight,2023,TV Movie|Comedy|Romance|Family,6.659,22,0.4863,en
1053600,20 000 Species of Bees,2023,Drama,7.07,115,0.6178,es
990787,Iraivan,2023,Action|Thriller,5.2,14,0.4578,ta
1102425,Don't Look Away,2023,Horror|Thriller,4.542,36,0.5981,en
1133232,The Dirty South,2023,Action|Crime|Drama,6.0,31,0.4491,en
1081334,Heart of a Champion,2023,Family|Drama,5.4,14,0.4451,en
1126136,Assault on Hill 400,2023,War|Action|History,5.0,10,0.5367,en
916721,The Year Between,2023,Comedy|Drama,4.25,12,0.4556,en
1195310,The Only Girl in the Orchestra,2023,Documentary|Music,6.623,61,0.4122,en
1084412,Fireworks,2023,Drama|Science Fiction|Thriller,7.4,11,0.3379,id
724846,She Is Conann,2023,Fantasy|Science Fiction,5.833,27,0.5665,fr
978024,Little Ones,2023,Drama,6.4,28,1.6022,fr
1223845,Ivan Vasilyevich Changes Everything,2023,Comedy|Science Fiction|Adventure|TV Movie,7.146,24,0.4762,ru
849177,Seasons,2023,Drama|Romance,6.8,27,0.5449,tl
1098164,Lewis Capaldi: How I'm Feeling Now,2023,Documentary|Music,7.602,49,0.4937,en
1318668,500 Days of Escobar,2023,Documentary|Crime,7.3,10,0.458,es
898994,How to Survive Without Mum,2023,Comedy|Family,5.337,126,0.5589,fr
1143403,Boy in the Walls,2023,Drama|Mystery|Thriller,4.8,14,0.4768,en
816888,The Rye Horn,2023,Drama,6.3,21,0.4377,gl
1214020,WAR IS OVER! Inspired by the Music of John & Yoko,2023,Animation|Music|War,6.256,43,0.4641,en
1049951,Viking: Bloodlust,2023,Action|History,6.931,80,0.451,en
892509,Soul Mates,2023,Drama,4.9,45,0.384,fr
989799,Kindling,2023,Drama|Romance,6.3,13,0.4617,en
1117269,Showdown at the Grand,2023,Action|Comedy,5.5,23,0.5126,en
1058054,The Smeds and the Smoos,2023,Animation|Family|TV Movie|Fantasy,6.9,12,0.4926,en
1177634,Tumse Na Ho Payega,2023,Comedy|Drama,7.75,10,0.5272,hi
1153366,Head to Head,2023,Comedy|Thriller|Action,6.341,69,0.6669,ar
1077050,Menus-Plaisirs  les Troisgros,2023,Documentary,7.1,13,0.4727,en
1145851,The Boogeyman: Origins,2023,Horror|Adventure,6.263,120,0.4839,es
1197406,The Hawk,2023,Action|Adventure|Comedy,7.9,50,0.4463,es
1180663,Never Been Chris'd,2023,TV Movie|Comedy|Romance,5.2,32,0.4261,en
1114816,Inside the Yellow Cocoon Shell,2023,Drama,6.3,56,0.4449,vi
1113926,A Podcast to Die For,2023,TV Movie|Thriller|Drama|Crime,4.833,12,0.4525,en
864120,Tzadik,2023,War|Drama|History,7.286,14,0.472,ru
1075840,The Shadowless Tower,2023,Drama,6.7,15,0.545,zh
1001245,Spirit of Ecstasy,2023,Drama,5.459,49,0.4121,fr
842607,Kitty the Killer,2023,Action|Comedy|Thriller,5.3,10,0.3265,th
1142710,Christmas in Notting Hill,2023,TV Movie|Comedy|Romance,5.9,43,0.5018,en
1044558,Falimy,2023,Drama|Family,7.083,18,0.5357,ml
966576,The Quest for Tom Sawyer's Gold,2023,Adventure|Family,5.3,26,0.4738,en
982813,The Seven Faces of Jane,2023,Drama,5.0,12,0.5573,en
589756,Lord of the Wind,2023,Adventure|History,5.524,21,0.4043,ru
915865,Mrs. Undercover,2023,Action|Comedy|Thriller,5.167,12,0.5013,hi
981324,Island of the Dolls,2023,Horror,5.23,61,0.5009,en
1176202,Heartbeat,2023,Drama,7.0,18,1.5443,es
1078636,All the World Is Sleeping,2023,Drama,4.958,12,0.3934,en
1053836,Cold,2023,Crime|Drama|Thriller,5.9,14,0.5807,is
906223,Maamannan,2023,Drama|Thriller,5.9,29,0.5796,ta
1053725,Royally Yours  This Christmas,2023,TV Movie|Comedy|Romance,5.8,16,0.4897,en
1089835,Heaven Can't Wait,2023,Documentary,6.7,11,0.3955,es
1052939,The Boat,2023,Thriller,5.075,73,0.5241,it
1202841,Crime Diaries: The Celebrity Stylist,2023,Crime|Drama|Thriller|Mystery,6.0,41,0.387,es
1120558,Bendita Suegra,2023,Comedy,8.2,53,0.3952,es
700819,The First Day of My Life,2023,Drama|Fantasy,6.7,168,0.4058,it
998625,Let Me Go,2023,Drama,5.9,19,0.6222,fr
1083188,Satan Wants You,2023,Documentary|Crime|Horror,6.118,17,0.4502,en
920767,The Plough,2023,Drama,5.5,20,0.5093,fr
1195473,A Cowboy Christmas Romance,2023,TV Movie|Comedy|Romance,7.3,16,0.3954,en
848887,Outpost,2023,Horror|Thriller|Drama,4.7,30,0.4998,en
1094596,Trim Season,2023,Horror|Thriller,4.8,15,0.4607,en
1154265,Lies We Tell,2023,Drama|Mystery,6.9,15,0.4835,en
1114775,In Our Day,2023,Drama,6.9,21,0.4678,ko
1073088,Story Ave,2023,Drama,5.462,13,0.5055,en
1092632,Balagam,2023,Comedy|Drama,7.167,15,0.4154,te
1084660,El Ruby House,2023,Comedy|Drama,7.471,17,0.5432,ar
1035253,Uproar,2023,Drama|Comedy,6.0,27,0.4336,en
983793,Mojave Diamonds,2023,Action|Crime|Thriller,4.618,17,1.3335,en
1213076,Fight Club,2023,Action|Drama|Thriller,6.6,16,0.3387,ta
1032660,The Cost,2023,Drama|Thriller,6.3,10,0.3504,en
807023,Door Mouse,2023,Drama|Mystery|Thriller,5.839,28,0.4171,en
1008568,Power Alley,2023,Drama,7.2,18,0.4519,pt
1142775,Time for Her to Come Home for Christmas,2023,TV Movie|Drama|Romance,6.8,15,0.4896,en
958854,A Wonderful Girl,2023,Comedy,5.643,49,0.4193,fr
865581,Lucky Girl,2023,Drama,5.9,40,0.4562,uk
965400,Lynch/Oz,2023,Documentary,6.828,32,0.4585,en
1029322,Ganymede,2023,Drama|Horror|Thriller,5.808,26,0.3522,en
1112014,Lose To Win,2023,Comedy|Drama,6.6,11,0.344,zh
821785,She Is Love,2023,Drama|Comedy|Romance,5.545,22,0.4412,en
1160025,Naga,2023,Thriller,5.1,43,0.3975,ar
1004685,Nuclear Now,2023,Documentary,7.1,24,0.4315,en
1118721,Quiero tu vida,2023,Comedy,7.1,32,0.3962,es
974792,Gulmohar,2023,Family|Drama,6.308,13,0.5785,hi
1144708,Rookie,2023,Romance|Drama,6.5,15,0.5153,tl
1008651,Life Upside Down,2023,Comedy|Drama|Romance,2.8,13,0.4519,en
892269,Ravanasura,2023,Action|Thriller|Comedy,4.9,15,0.494,te
1181136,Face to Face with ETA: Conversations with a Terrorist,2023,Documentary|History,7.0,27,0.4201,es
676841,Unhappily Ever After,2023,Comedy|Romance,7.1,183,0.432,es
1022971,Madhura Manohara Moham,2023,Drama|Comedy|Family,5.8,10,0.4227,ml
1156219,An Endless Sunday,2023,Drama,6.5,12,0.3288,it
1039280,Senritsu Kaiki World Kowasugi!,2023,Horror,5.9,15,0.363,ja
928200,Sons of Ramses,2023,Drama|Fantasy,5.8,55,0.4834,fr
1033258,Mixed Baggage,2023,TV Movie|Comedy|Drama|Romance,7.2,13,0.3471,en
934601,Jethica,2023,Comedy|Fantasy|Drama|Horror,5.7,23,0.3822,en
733038,Pippa,2023,War|Drama,4.8,10,0.5601,hi
710277,Life,2023,Drama,6.8,30,0.3151,tr
1145491,Operation Black Ops,2023,Action|Thriller,5.593,54,0.3804,en
1056738,The Wedding Veil Journey,2023,TV Movie|Comedy|Romance,7.523,22,0.4023,en
977592,Lost Sofia,2023,Romance|Fantasy|Comedy,7.1,31,0.4444,pt
1175697,Yuletide the Knot,2023,TV Movie|Comedy|Romance,5.5,15,0.4669,en
1136512,Jonah,2023,Science Fiction|Thriller|Mystery,3.8,10,0.5539,en
996933,Piaffe,2023,Drama|Fantasy,4.5,10,0.3972,de
989238,No Love Lost,2023,Comedy|Drama,6.1,56,0.4712,fr
1041681,Miracle Baby,2023,Horror,4.0,14,0.4399,id
967549,Mother Valley,2023,Drama|Romance,4.5,12,0.42,fr
962775,The Baby,2023,Drama,6.2,70,0.5403,fr
815136,Alone at Night,2023,Horror|Mystery|Thriller,4.1,31,0.5012,en
1052873,Three of Us,2023,Drama,7.471,17,0.5196,hi
985883,Do Not Disturb,2023,Comedy|Drama,6.157,83,0.3714,tr
1136765,Lars Is LOL,2023,Family|Drama,6.9,11,0.3321,no
1140866,Captive,2023,Horror|Thriller,3.4,11,0.491,en
1042216,Mutt,2023,Drama,6.036,28,0.3707,en
1026904,The Cord of Life,2023,Drama,6.7,13,0.3742,zh
1101158,Home  Not Alone,2023,Thriller|Mystery|TV Movie|Drama,6.2,14,0.4949,en
1180383,Christmas Keepsake,2023,TV Movie|Comedy|Romance,6.8,13,0.3432,en
1058642,Slow,2023,Drama|Romance,6.8,45,0.3495,lt
761851,His Only Son,2023,Drama|Fantasy,7.7,81,0.6054,en
971188,My Year of Dicks,2023,Animation|Comedy,6.491,55,0.4646,en
1165452,The Last Video Store,2023,Horror|Comedy,5.071,14,0.3137,en
1103787,World's First Christmas,2023,Comedy|Drama,7.4,20,0.4451,pt
937765,I’ll Be Watching,2023,Horror|Science Fiction|Thriller|Drama|Romance,4.722,18,0.5064,en
933170,Lonesome,2023,Drama,6.25,22,0.3703,en
890338,Broken,2023,Thriller|Drama|Crime,6.9,14,0.5483,es
1089979,Just One Small Favor,2023,Comedy,6.1,32,1.4064,es
989496,Holly,2023,Drama,5.4,17,0.4627,nl
884533,An Unforgettable Year - Winter,2023,Drama|Romance,7.0,30,0.4969,pt
1162172,Love  Sex and 30 Candles,2023,Drama|Romance,6.8,16,0.4266,en
960469,Natty Knocks,2023,Horror|Thriller,5.229,35,0.4847,en
974861,Greatest Days,2023,Music|Comedy|Drama,6.2,31,0.4922,en
875818,For Better and for Worse,2023,Comedy,5.3,124,0.3986,fr
1034336,Once Upon a Star,2023,Drama,6.4,15,0.4493,th
1064365,Like Sheep Among Wolves,2023,Crime,6.1,57,0.4641,it
989229,Des mains en or,2023,Comedy,5.4,35,0.4315,fr
1068607,SSSS.DYNAZENON Grand Episode,2023,Animation|Action|Science Fiction,5.0,11,0.3312,ja
980382,Bloodthirst,2023,Horror,3.9,11,0.4197,en
1024176,Rehragout-Rendezvous,2023,Comedy|Crime,6.702,52,0.8695,de
1131438,Fear the Invisible Man,2023,Thriller,6.489,44,0.3715,en
1128840,HIDARI,2023,Animation|Action,8.15,10,0.3834,ja
1062226,Cade: The Tortured Crossing,2023,Science Fiction|Thriller|Mystery,5.1,11,0.2737,en
958155,Juniors,2023,Comedy|Drama,6.0,18,0.3244,fr
1166012,Checkin' It Twice,2023,TV Movie|Comedy|Romance|Drama,6.5,33,0.4611,en
1135453,Take Me Back for Christmas,2023,TV Movie|Comedy|Romance,6.5,28,0.4667,en
1043912,The In-Laws 2,2023,Comedy,6.393,28,0.4126,pl
1109804,Terezín,2023,Drama,6.86,25,0.4118,it
1168102,Sapta Sagaradaache Ello - Side B,2023,Romance|Drama|Thriller,7.5,19,0.6676,kn
1116242,The Red Sea Makes Me Wanna Cry,2023,Romance|Thriller|Drama,6.214,21,0.3919,en
974191,The Harbinger,2023,Horror|Mystery|Thriller|Drama,5.6,34,0.469,en
1106692,Love in Zion National: A National Park Romance,2023,TV Movie|Comedy|Romance,6.0,13,0.4453,en
673836,Mama Susan's Friends,2023,Horror|Thriller,5.8,14,0.3168,tl
835459,Sight: Extended,2023,Science Fiction|Drama,5.667,21,0.3122,en
1013865,Mami Wata,2023,Drama|Fantasy|Thriller,5.536,14,0.3588,en
994133,Relax  I'm from the Future,2023,Comedy|Science Fiction,6.0,43,0.429,en
1079643,Devil Beneath,2023,Horror|Thriller,4.5,20,0.4598,en
1061597,Run Baby Run,2023,Thriller|Action,6.0,10,0.3923,ta
1135286,We Have Never Been Modern,2023,Crime|Drama,6.7,19,0.4568,cs
1032949,Beaten to Death,2023,Horror,5.3,27,0.4178,en
840111,Scarlet,2023,Drama|History|Romance,6.8,80,0.3629,fr
1086340,A Whole Lifetime with Jamie Demetriou,2023,Comedy,5.3,13,0.4329,en
1127936,Paris Christmas Waltz,2023,Romance|Comedy|TV Movie,6.5,55,0.5877,en
1171423,LEGO Jurassic Park: The Unofficial Retelling,2023,Animation|Comedy|TV Movie,6.7,25,0.4243,en
958195,Woman at Sea,2023,Drama,5.735,17,0.2923,fr
1088233,Time Bomb Y2K,2023,Documentary,5.417,24,0.5094,en
1005141,Luxembourg  Luxembourg,2023,Comedy|Drama,7.803,61,0.688,uk
1104040,Gangs of Lagos,2023,Crime,5.9,52,0.4551,en
1142712,The Santa Summit,2023,TV Movie|Comedy|Romance,6.5,29,0.4391,en
978783,A Day and a Half,2023,Drama|Thriller,6.3,132,0.5748,sv
1075815,Joan Baez: I Am a Noise,2023,Documentary|Music,6.7,17,0.3561,en
958502,Parisian Hustle,2023,Drama|Comedy,5.18,25,0.3558,fr
1106299,The Spider Within: A Spider-Verse Story,2023,Animation|Drama,7.067,104,0.5773,en
1114975,My Christmas Hero,2023,TV Movie|Drama|Romance,7.0,16,0.4794,en
979149,Paint it Gold,2023,Comedy|Drama,6.0,47,0.5568,fr
1075327,12 Desperate Hours,2023,TV Movie|Drama,6.2,13,0.3193,en
559707,My Love Affair with Marriage,2023,Animation|Drama,5.4,15,0.58,en
1231813,Sister Swapping,2023,Romance|Drama,6.6,14,0.4185,ko
874707,Match Me If You Can,2023,Comedy|Romance,5.9,12,0.3691,en
1066376,Night of the Missing,2023,Horror,5.2,34,0.384,en
995757,The Rapture,2023,Drama,6.722,99,0.489,fr
1077683,Orlando  My Political Biography,2023,Documentary,6.9,18,0.3639,fr
968748,Neeyat,2023,Crime|Thriller|Mystery,5.0,14,0.406,hi
1074049,A Moroccan Affair,2023,Comedy|Family,5.925,107,0.5535,es
1000569,The Chapel,2023,Drama|Thriller|Music,6.4,16,0.3548,nl
957770,Sage homme,2023,Comedy|Drama,7.094,202,0.3931,fr
647121,Black Night,2023,Crime|Drama|Thriller,7.0,18,0.4245,tr
768087,The Island,2023,Comedy|Romance|Adventure,5.1,12,0.3568,cs
916715,When Will It Be Again Like It Never Was Before,2023,Drama|Comedy,5.6,28,0.4349,de
1131751,Thabo and the Rhino Case,2023,Family|Adventure|Mystery,6.2,23,0.415,en
1128618,A Safari Romance,2023,TV Movie|Comedy|Drama|Romance,7.2,19,0.3404,en
1210646,Lady Ballers,2023,Comedy,5.242,64,0.3637,en
1000948,A Freaking Wedding!,2023,Comedy|Fantasy,5.2,32,0.3404,it
1174877,Amish Stud: The Eli Weaver Story,2023,Drama|Thriller|Crime|TV Movie,6.947,19,0.4441,en
1058634,Mamacruz,2023,Drama,7.1,10,0.4241,es
962682,An Unforgettable Year - Summer,2023,Drama|Romance,6.9,38,0.4466,pt
1095885,SHARE?,2023,Thriller|Science Fiction,5.5,22,0.6095,en
1055378,Love to Love You  Donna Summer,2023,Documentary|Music,7.0,19,0.4539,en
1007631,Green Tide,2023,Drama|Thriller,7.135,115,0.3057,fr
1127546,Chabak - Night of Murder and Romance,2023,Horror|Thriller,4.1,10,0.4525,ko
558090,Baba Yaga,2023,Animation|Family|Adventure,6.4,14,0.4294,ru
947643,Sultana's Dream,2023,Animation|Drama,5.2,12,0.2813,es
1081694,The Reading,2023,Drama|Thriller|Horror,7.5,31,0.4637,en
936385,Silver Haze,2023,Drama|Romance,5.5,29,0.4674,en
977021,Whale Nation,2023,Documentary,5.7,19,0.4206,fr
1142044,A Christmas Blessing,2023,TV Movie|Comedy|Romance,5.9,14,0.5551,en
829424,Perlimps,2023,Animation|Fantasy|Family,6.333,12,0.5162,pt
1096996,Trinket Box,2023,Horror|Drama,4.3,15,0.3987,en
1106732,SUGA: Road to D-DAY,2023,Documentary|Music,7.3,12,0.5038,ko
934047,A Lot of Nothing,2023,Drama|Thriller|Comedy,5.3,11,0.4561,en
1072582,I Love You Two Thousand,2023,Comedy|Romance,6.45,10,0.421,th
1038769,Love on your Doorstep,2023,TV Movie|Comedy|Romance,6.3,13,0.3109,en
1113470,Garudan,2023,Thriller|Drama|Crime,6.4,13,0.4698,ml
957606,Mercy,2023,Drama,5.6,14,0.3884,fr
958857,Life Lessons,2023,Drama|Comedy,6.324,34,0.3789,fr
1040812,Let Love Grow,2023,TV Movie|Comedy|Romance,5.654,13,0.4527,en
1181709,Alien Apocalypse,2023,Science Fiction|Action,4.1,10,0.4058,en
1087179,Trigger,2023,Drama,4.722,27,0.3434,ru
1165491,Black Belts,2023,Drama,7.318,11,0.4321,en
1054854,The Neighbours From Upstairs,2023,Comedy,6.0,15,0.4046,de
1012048,Craft Me a Romance,2023,TV Movie|Comedy|Romance,8.0,12,0.4236,en
923440,Black Bags,2023,Thriller,5.5,10,0.4035,en
586373,Forgotten Experiment,2023,Science Fiction,4.756,39,0.6246,ru
1091371,Songs of Earth,2023,Documentary,7.237,19,0.3669,no
1027328,Key to Love,2023,TV Movie|Comedy|Romance,6.8,13,0.3513,en
916433,Brooklyn 45,2023,Horror|Thriller|History,5.779,61,0.4282,en
1118796,Mia and the Dragon Princess,2023,Action|Crime|Fantasy,6.367,15,0.397,en
1056735,The Wedding Veil Expectations,2023,TV Movie|Comedy|Romance,7.231,26,0.5175,en
1201640,How the Gringo Stole Christmas,2023,Comedy,5.7,23,0.3932,en
1180879,Soul Mates,2023,Horror|Thriller,5.9,14,0.4198,en
1112545,Terrestrial Verses,2023,Comedy|Drama,7.4,54,0.3889,fa
1157577,Night Courier,2023,Drama|Thriller|Comedy|Crime,6.6,14,0.4507,ar
1192578,I Choose to Believe,2023,Documentary,7.63,96,0.5286,es
1087771,Nada que ver,2023,Romance|Comedy,8.31,174,0.5082,es
1057635,Unprincipled in the Village,2023,Comedy,6.4,11,0.6513,ru
967370,Life for Real,2023,Comedy,5.466,133,0.4178,fr
1125611,Better Times,2023,Comedy|Drama,6.1,15,1.4585,da
962314,Breakaway,2023,Drama,5.639,18,0.3826,fr
870098,Tre di troppo,2023,Comedy|Fantasy|Family,6.511,188,0.3767,it
1147338,Dammi,2023,Drama,6.0,14,0.4056,fr
1078862,All the Places,2023,Comedy|Drama,6.7,56,0.3781,es
1135723,Home Service,2023,Drama,5.4,16,0.4126,tl
1049998,Emergency Landing,2023,Thriller|Adventure|Drama,5.7,14,0.4864,ru
1131512,Universe K23,2023,Unknown,7.884,86,0.4355,es
1158693,Retreat to You,2023,TV Movie|Romance|Comedy,7.0,17,0.3994,en
1081726,Bheed,2023,Drama,5.971,17,0.5354,hi
1119748,Wedding Season,2023,TV Movie|Comedy|Romance,5.632,19,0.3886,en
981347,The Loch Ness Horror,2023,Horror|Science Fiction,5.4,54,0.3948,en
1135630,Aloha Heart,2023,TV Movie|Comedy|Romance,7.794,17,0.4133,en
1081745,The Blessing Bracelet,2023,TV Movie|Romance|Drama,6.2,18,0.3587,en
1152238,Sons of Summer,2023,Action|Thriller|Crime,6.3,18,0.3934,en
1073097,Great Photo  Lovely Life,2023,Documentary,6.875,20,0.3901,en
966355,The Jolly Forgers,2023,Drama|Comedy,6.653,36,0.4399,fr
1146910,Making Waves,2023,TV Movie|Romance|Comedy,6.5,14,0.3881,en
1085046,Shimmy: The First Monkey King,2023,Animation|Adventure|Action|Comedy|Fantasy,5.976,41,0.493,zh
1180750,My Norwegian Holiday,2023,TV Movie|Romance|Drama,6.825,20,0.4151,en
1211419,A Vampire in the Family,2023,Comedy,5.3,107,0.5007,pt
1086351,Whindersson Nunes: Preaching to the Choir,2023,Comedy|Documentary,6.741,27,0.4307,pt
939423,Afwaah,2023,Thriller|Drama,5.9,13,0.4179,hi
1149877,Head Count,2023,Action|Comedy|Thriller,5.25,22,0.5383,en
1012173,Measures of Men,2023,Drama,6.5,32,0.3505,de
995806,Banel & Adama,2023,Drama,6.3,25,0.3936,ff
1011556,North of Normal,2023,Drama,5.6,18,0.358,en
1142164,A Perfect Christmas Carol,2023,TV Movie|Comedy|Romance,4.9,16,0.4266,en
1055317,Zoe's Having a Baby,2023,TV Movie|Romance|Comedy|Family,5.7,13,0.3215,en
1014060,Zwigato,2023,Drama,6.85,10,0.3529,hi
1128718,Unknown: Killer Robots,2023,Documentary,6.89,59,0.458,en
1100205,Double Soul,2023,Thriller,5.5,13,0.3485,en
1122935,In the Moscow Slums,2023,Mystery|Adventure,5.8,10,0.2897,ru
1065918,Kannur Squad,2023,Thriller|Crime,6.766,32,0.4374,ml
588524,Nina and the Hedgehog's Secret,2023,Animation|Family,7.075,20,0.4251,fr
1131992,The Fabric of Christmas,2023,TV Movie|Comedy|Romance,6.088,17,0.3662,en
1055871,Death Is a Problem for the Living,2023,Comedy|Drama|Action|Thriller,6.5,30,0.4326,fi
834660,Neelavelicham,2023,Horror|Romance,4.8,12,0.4473,ml
1088530,Nelly Rapp - The Dark Forest,2023,Adventure|Comedy|Family|Fantasy,5.6,19,0.6018,sv
964679,Ashkal: The Tunisian Investigation,2023,Drama|Thriller,6.0,21,0.3612,ar
1146570,Reinventing Elvis: The 68' Comeback,2023,Documentary|Music,6.5,10,0.4093,en
680314,Four Souls of Coyote,2023,Animation|Drama|Adventure|Action,6.7,16,0.4442,hu
984092,The Great Indian Family,2023,Comedy|Drama,4.5,10,0.607,hi
1111867,In Flames,2023,Drama|Horror,5.9,19,0.5367,ur
979801,Veeran,2023,Fantasy|Thriller|Drama,5.9,12,0.5011,ta
980137,Dad or Mom,2023,Comedy,7.0,104,0.4503,es
926924,One Hell of a Holiday!,2023,Comedy,5.5,28,1.2102,es
1155770,The Pigeon Tunnel,2023,Documentary,6.6,35,0.4219,en
958988,Let's Get Lost,2023,Comedy|Drama,4.7,13,0.4285,fr
1073486,Vaalvi,2023,Comedy|Thriller|Drama|Crime,6.864,11,0.405,mr
1148708,Rub,2023,Thriller|Drama|Crime,4.682,11,0.361,en
1030531,Born for You,2023,Drama,7.2,63,0.3684,it
1081713,Deep Sea Python,2023,Thriller|Horror,6.216,51,0.5182,zh
1211066,The Taming of the Shrewd 2,2023,Romance|Comedy,5.625,16,0.3861,pl
1128959,The Christmas Classic,2023,Comedy|Romance,5.2,13,0.4443,en
1126844,The Wonder Weeks,2023,Comedy|Drama,5.8,38,0.359,nl
1165223,My First Barbie: Happy DreamDay,2023,Family|Animation,6.2,18,0.5294,en
1103501,Confessions,2023,Thriller|Drama|Crime,7.2,27,0.4541,es
1160340,Kill Your Lover,2023,Horror,4.643,14,0.4112,en
889818,Omen,2023,Drama,5.697,33,0.4378,fr
1110859,Hambre,2023,Drama,7.205,44,0.4455,de
1092654,Gaslight,2023,Horror|Thriller,5.571,21,0.5579,hi
1044298,The Soulmate Search,2023,TV Movie|Comedy|Romance,6.2,19,0.4139,en
972423,A Million Days,2023,Science Fiction,4.5,24,0.4247,en
882392,Pathu Thala,2023,Action|Thriller|Drama,6.3,14,0.3825,ta
1061117,The Hatchet Wielding Hitchhiker,2023,Crime|Documentary,6.2,158,0.557,en
1109715,The Jewel Thief,2023,Documentary|Crime,5.7,32,0.4782,en
895718,The Mattachine Family,2023,Drama,4.719,16,0.389,en
1117782,Ashes in the Sky,2023,Drama|History,5.3,47,0.3384,ca
967022,Abigail,2023,Horror|Thriller,7.275,20,0.3186,en
1167520,Rosa Peral's Tapes,2023,Documentary,5.667,42,0.4465,es
918177,10 Truths About Love,2023,TV Movie|Romance|Comedy|Drama,4.6,12,0.4454,en
899328,Rare Objects,2023,Drama,4.4,10,0.3943,en
988452,Surprised by Oxford,2023,Romance|Drama,6.141,32,0.4482,en
901405,Stéphane,2023,Comedy|Thriller,6.8,32,0.3516,fr
1107264,Libres,2023,Documentary,7.4,12,0.4866,es
1179600,Vote One for Love,2023,TV Movie|Comedy|Romance,6.3,11,0.3547,en
1100845,Dare to Say Yes,2023,TV Movie|Romance|Comedy,5.0,10,0.4471,en
962309,Second Tour,2023,Comedy,6.25,206,0.5125,fr
1034387,Chinas,2023,Drama,7.0,35,0.5855,es
1237329,Box: Metaphor,2023,Science Fiction|Thriller,5.8,16,0.4376,en
1151590,The Doorman,2023,Comedy,6.0,18,0.3478,pt
820694,The Beast in the Jungle,2023,Drama,5.5,33,0.3501,fr
950905,The Princess and the Bodyguard,2023,TV Movie|Comedy|Romance|Family,6.9,25,0.4085,en
1180744,To All a Good Night,2023,TV Movie|Drama|Romance,6.6,30,0.3375,en
843898,She Came from the Woods,2023,Horror,5.5,59,0.4389,en
917281,Into the Abyss,2023,Horror|Drama|Science Fiction,6.4,95,0.4422,es
1180660,Joyeux Noel,2023,TV Movie|Comedy|Romance|Drama,5.7,16,0.5236,en
999590,Off the Rails,2023,Comedy|Adventure|Drama,7.3,19,0.4303,ru
950161,The Integrity of Joseph Chambers,2023,Drama|Thriller,5.1,32,0.4919,en
1008009,Co-Husbands,2023,Comedy,5.1,48,0.3515,es
1190462,Breathing In,2023,Horror|Thriller|Drama,5.037,27,0.425,en
982847,Dying to Sleep,2023,Thriller|Drama|Mystery,5.9,11,0.3904,en
919131,Hanky Panky,2023,Horror|Comedy,5.107,14,0.3901,en
1037365,Beck 49 - Inferno,2023,Mystery|Thriller|Drama|Crime,6.5,11,0.3198,sv
999147,Lost Country,2023,Drama,7.0,10,0.3978,sr
1062528,Lovely  Dark  and Deep,2023,Horror,5.008,66,0.3731,en
1039076,Hiding from My Husband,2023,TV Movie|Thriller,5.318,11,0.3102,en
1034402,The Love Issue,2023,TV Movie|Comedy|Drama|Romance,6.7,15,0.3296,en
989224,Toni,2023,Comedy|Drama,6.606,174,0.43,fr
979851,The Ordinaries,2023,Comedy|Fantasy,6.125,24,0.4412,de
1089512,Umberto Eco: A Library of the World,2023,Documentary,7.4,18,0.3235,it
1027330,Fall Into Winter,2023,TV Movie|Comedy|Romance,5.723,47,0.4873,en
1065727,Trailer of a Film That Will Never Exist: Phony Wars,2023,Unknown,5.8,19,0.3301,fr
1013221,100 Sundays,2023,Drama,6.738,181,0.3394,it
1036950,Le premier venu,2023,Comedy|Drama|TV Movie,4.5,12,0.319,fr
816707,Vermin,2023,Comedy,5.2,36,0.358,es
1148969,The (Almost) Legends,2023,Comedy|Music,7.844,64,0.3922,es
1127781,Bukraken!,2023,Comedy|Horror|Fantasy,4.071,14,0.337,es
1054698,The Worst Days,2023,Comedy,5.9,124,0.3986,it
977179,You & Me & Me,2023,Romance|Drama,6.478,23,0.3718,th
1046043,Wait with Me,2023,Romance,6.633,30,0.3947,en
1085113,Where the Devil Roams,2023,Horror,5.0,34,0.3869,en
1100860,With Love  Your Sweetly Salted,2023,TV Movie|Comedy|Romance,6.9,16,0.5263,en
1178329,All You Need Is Blood,2023,Comedy|Horror|Romance,5.857,21,0.3782,en
1211728,100 Candles Game: The Last Possession,2023,Horror,6.343,36,0.3494,en
1064912,The Tomorrow Job,2023,Science Fiction|Action,4.519,27,0.4187,en
1184606,Atatürk 1881 - 1919,2023,History|Drama|War,7.617,30,0.4608,tr
1168807,Gli attassati,2023,Comedy,5.1,15,0.351,it
1032262,Making It Up,2023,Comedy|Romance|Drama,7.2,15,0.3985,es
1180248,Bye Bye Barry,2023,Documentary,7.8,21,0.3697,en
1053995,Andrea's Love,2023,Drama,6.9,10,0.2916,es
1170260,Early Birds,2023,Thriller,5.864,22,0.3578,de
995408,Take a Chance on Me,2023,Comedy|Drama,6.364,81,0.3895,fr
976827,Dhak Dhak,2023,Adventure|Drama,6.0,13,0.2834,hi
1204864,Doctor Who Children in Need Special 2023,2023,Science Fiction|Mystery|Comedy,7.2,12,0.4578,en
1023959,The Horla,2023,Drama|Fantasy|TV Movie,5.957,23,0.3989,fr
1142216,The Lady of Silence: The Mataviejitas Murders,2023,Documentary|Crime,7.696,46,0.3987,es
1073628,Noir comme neige : Morts au Sommet,2023,TV Movie|Thriller|Crime,5.9,16,0.3436,fr
1034493,Meet You in Scotland,2023,TV Movie|Romance|Comedy,6.0,18,0.248,en
998589,Le grand cirque,2023,Comedy,6.2,15,0.3181,fr
973471,The Sacrifice Game,2023,Horror|Thriller,5.847,85,0.4455,en
1132535,Stamped from the Beginning,2023,Documentary|Animation,6.604,24,0.3639,en
1127211,King of Clones,2023,Documentary,7.1,35,0.448,en
1029621,#Manhole,2023,Drama|Thriller,6.2,25,0.4972,ja
1051496,Breaking Infinity,2023,Science Fiction|Mystery|Thriller,5.5,14,0.3434,en
1029947,Kaathal - The Core,2023,Drama,7.1,26,0.4053,ml
1032795,The Hijacking of Flight 375,2023,Thriller|Drama,7.8,55,0.4206,pt
1155086,Just Like a Christmas Movie,2023,TV Movie|Comedy|Romance,4.9,15,0.3639,en
1169007,Shane Gillis: Beautiful Dogs,2023,Comedy,6.798,47,0.3593,en
1189705,Jimin's Production Diary,2023,Documentary|Music,7.0,11,0.3277,ko
1053718,Little Richard: I Am Everything,2023,Documentary|Music,6.633,30,0.3649,en
960543,Sweet Sixty,2023,Comedy,5.105,43,0.3297,fr
1053306,The Love Club: Nicole’s Pen Pal,2023,TV Movie|Comedy|Romance,5.4,14,0.4115,en
1152738,Christmas in Scotland,2023,TV Movie|Romance|Comedy|Drama,5.58,25,0.3679,en
1081594,Faith,2023,Action|Thriller,6.5,11,0.4033,ko
1096905,¿Cómo matar a mamá?,2023,Drama|Comedy,7.2,19,0.2779,es
1093400,The Professional Bridesmaid,2023,TV Movie|Comedy|Romance,6.6,20,0.4104,en
656995,The Heist Before Christmas,2023,Family|Adventure,4.929,14,0.4409,en
1006431,Firenado,2023,Action|Thriller,4.4,14,0.3825,en
1191658,Cyberbunker: The Criminal Underworld,2023,Documentary,6.5,39,0.4243,de
1080936,The Last Time We Were Children,2023,Drama|Comedy|Adventure,7.1,132,0.2996,it
1068817,Sweeter Than Chocolate,2023,TV Movie|Comedy|Romance,5.71,31,0.3113,en
1075317,Gwen Shamblin: Starving for Salvation,2023,TV Movie|Drama,6.6,11,0.6087,en
994025,The In(famous) Youssef Salem,2023,Comedy,6.5,121,0.3703,fr
1114866,Blackbird Blackbird Blackberry,2023,Romance|Drama,6.118,38,0.393,de
896828,Padmini,2023,Romance|Comedy|Drama,6.7,10,0.4281,ml
1019206,SHTTL,2023,Drama|War|History,6.6,10,0.2953,yi
1067797,Romance at the Vineyard,2023,TV Movie|Comedy|Romance,6.8,12,0.4775,en
1031306,Apocalypse Clown,2023,Comedy|Horror|Science Fiction,6.225,20,0.4032,en
1073462,Seven Winters in Tehran,2023,Documentary|Drama,7.8,21,0.3403,fa
1118723,Have You Got It Yet? The Story of Syd Barrett and Pink Floyd,2023,Documentary|Music,7.5,19,0.4568,en
1125454,Voy! Voy! Voy!,2023,Comedy,7.1,21,0.3087,ar
1093247,John Mulaney: Baby J,2023,Comedy,7.118,110,0.4447,en
1165095,Trapped in the Cabin,2023,Thriller|Horror,5.95,10,0.378,en
964132,Spy,2023,Action|Thriller,5.3,10,0.3817,te
853079,Carol of the Bells,2023,Drama|History,7.569,29,0.3886,uk
1068827,Made for Each Other,2023,TV Movie|Comedy|Romance|Fantasy,6.111,18,0.2796,en
1101444,Ce soir  c'est Palmashow,2023,Comedy|Family|TV Movie,7.5,12,0.342,fr
1110135,A Prince,2023,Drama,4.1,14,0.3683,fr
1090969,Good Night,2023,Comedy|Drama,7.3,21,0.4574,ta
1129782,Creating Christmas,2023,TV Movie|Comedy|Romance,6.0,10,0.3526,en
1089650,Kathleen Madigan: Hunting Bigfoot,2023,Comedy,7.7,12,0.2313,en
1148298,Bonjour Switzerland,2023,Comedy,6.817,30,0.4061,de
1066717,Cheeseburger,2023,Comedy,5.7,20,0.4319,en
892513,The Assembly Line,2023,Drama,6.786,42,0.2559,fr
938508,Four Little Adults,2023,Drama,5.9,11,0.3689,fi
1168814,The Darkness within La Luz del Mundo,2023,Documentary|Crime,7.1,15,0.3217,es
1206988,A Tribe Called Judah,2023,Comedy|Crime,9.0,11,0.3826,en
1175343,Hurricane Season,2023,Drama|Thriller|Crime,6.9,18,0.475,es
1143291,Summer in Red,2023,Thriller,5.383,47,0.3313,es
996584,Snow Leopard,2023,Drama,7.1,17,0.2879,bo
1131443,All the Silence,2023,Drama,6.985,34,0.3034,es
1123342,Missed Connections,2023,Romance|Comedy|Drama,5.3,17,0.4415,tl
1084892,Every Breath She Takes,2023,Thriller|Drama|TV Movie,6.591,11,0.891,en
1206029,Muchachos  la película de la gente,2023,Documentary,8.3,58,0.406,es
1180791,Holiday Road,2023,TV Movie|Drama|Romance,7.2,23,0.2965,en
1129956,iNumber Number: Jozi Gold,2023,Crime|Action|Thriller,5.5,31,0.3696,zu
1128720,Unknown: Cave of Bones,2023,Documentary,7.188,56,0.3423,en
1027618,Suppressed,2023,Crime|Drama|Romance,6.786,14,0.3804,cs
1059368,Today We'll Talk About That Day,2023,Drama|Family|Romance,8.0,12,0.4422,id
1156756,Abusamos del alcohol,2023,Drama,7.4,16,0.5272,es
1146225,Escaping Paradise,2023,Thriller|Action,5.9,19,0.6364,en
1049168,My Motherland,2023,Drama,6.0,12,0.298,fr
1030049,Dangerous Men,2023,Comedy|Crime|History,5.8,24,0.2826,pl
958173,Black Box,2023,Drama,4.971,17,0.3629,de
1061648,The Burdened,2023,Drama,6.833,15,0.3273,ar
1179085,The PA and the Manhattan Prince,2023,TV Movie|Comedy|Romance|Family,5.8,17,0.2958,en
1134596,Christmas Casanova,2023,TV Movie|Comedy|Romance,4.8,12,0.4086,en
989593,The Path of Excellence,2023,Drama,6.2,95,0.4706,fr
897833,One for the Road,2023,Comedy|Drama,6.625,36,0.342,de
1083858,The Angry Black Girl and Her Monster,2023,Horror,6.069,72,0.2673,en
1072690,Ramon,2023,Comedy,6.8,20,0.4303,ro
1108329,Foremost by Night,2023,Drama,5.7,17,0.3488,es
1073045,The Peacock,2023,Comedy|Drama,4.6,21,0.5239,de
1113085,After Sundown,2023,Horror|Romance|Drama|Mystery,8.333,13,0.3513,th
1135632,A Lifelong Love,2023,TV Movie|Romance|Drama|Mystery,6.9,10,0.4041,en
1000495,Our Body,2023,Documentary,7.861,18,0.3575,fr
1035945,Just for Showmance,2023,TV Movie|Comedy|Romance,6.8,12,0.5438,en
1014255,My Name Is Alfred Hitchcock,2023,Documentary,6.7,10,0.2702,en
1180743,Magic in Mistletoe,2023,TV Movie|Comedy|Drama|Romance,6.13,23,0.3198,en
589026,Chicken for Linda!,2023,Animation|Comedy|Family|Music,6.902,66,0.4359,fr
1131845,That Peter Crouch Film,2023,Documentary,6.806,18,0.3651,en
1065277,MAD CATS,2023,Action|Comedy|Horror,5.654,13,0.3422,ja
1080917,ReBroken,2023,Drama|Thriller|Horror,4.786,14,0.3649,en
820707,Red Island,2023,Drama,5.5,52,0.4155,fr
1130659,Breaking Point,2023,Drama,7.0,21,0.3687,en
1172499,Ice Cold: Murder  Coffee and Jessica Wongso,2023,Documentary|Crime,6.4,31,0.4536,en
1169900,Mamonas Assassinas: The Movie,2023,Comedy|Music,5.346,81,0.3026,pt
1116585,Forever,2023,Drama,6.5,32,0.413,sv
1058652,And the King Said  What a Fantastic Machine,2023,Documentary,7.4,19,0.6301,sv
1145635,A Merry Scottish Christmas,2023,TV Movie|Comedy|Romance,6.222,54,0.5522,en
1097234,Mort sur la piste,2023,TV Movie|Mystery|Thriller|Crime,5.9,11,0.3462,fr
1166713,Notes of Autumn,2023,TV Movie|Comedy|Romance,6.525,20,0.3112,en
1078732,Sweet on You,2023,TV Movie|Comedy|Drama|Romance,5.921,19,0.3847,en
1037367,Beck 50 - Deadlock,2023,Mystery|Thriller|Crime|Drama,7.0,11,0.2678,sv
957999,Thank You For Coming,2023,Comedy|Drama,4.5,10,0.3186,hi
768089,Brothers,2023,History|Drama|War|Action,7.4,12,0.3533,cs
1093765,A Pinch of Portugal,2023,TV Movie|Romance|Comedy,5.5,24,0.3762,en
1050319,Single8,2023,Comedy|Romance|Science Fiction|Drama,7.429,14,0.3943,ja
1131929,Desmadre Incluido,2023,Comedy,4.4,12,0.2538,es
1138295,Abo Nasab,2023,Comedy|Action,5.571,14,0.3155,ar
1117006,Me contro Te: Il film - Vacanze in Transilvania,2023,Family|Fantasy,5.9,38,0.3306,es
1058685,Pianoforte,2023,Documentary|Music,7.8,10,0.3573,en
1160007,Divine Intervention,2023,Comedy,7.767,60,0.2585,es
1112303,The Unbinding,2023,Documentary|Horror|Thriller,4.9,14,0.3091,en
478530,Impuratus,2023,Horror|Mystery|Fantasy,4.9,24,0.4558,en
1085205,Les Mystères de la Marée,2023,TV Movie|Mystery|Crime,6.0,12,0.3854,fr
1052025,Anatar,2023,Comedy|Science Fiction|Fantasy|Adventure|Action|Romance,3.5,24,0.2844,it
958179,Divertimento,2023,Drama|History|Music,7.0,70,0.3308,fr
1002190,Longing for the World,2023,Drama,6.1,10,0.4278,fr
1146249,Cabin Girl,2023,Horror|Thriller,4.958,24,0.2797,en
1199400,Mike Birbiglia: The Old Man and the Pool,2023,Comedy,7.3,24,0.229,en
1147049,Big Nunu's Little Heist,2023,Comedy|Crime,6.708,12,0.2868,zu
912885,Nobody Belongs to Nobody,2023,Drama,7.5,16,0.422,pt
1150476,Falling for the Competition,2023,TV Movie|Comedy|Romance,4.9,11,0.2957,en
1000559,Voyages en Italie,2023,Romance|Comedy,4.7,32,0.3825,fr
984307,Killing Blues,2023,Comedy,5.6,99,0.3977,fr
1053914,That's a Wrap,2023,Horror,3.3,10,0.3355,en
1161980,A Very English Christmas,2023,TV Movie|Comedy|Romance,4.367,15,0.5102,en
974383,End of the Rope,2023,Crime|Drama|Western,5.5,16,0.3465,en
977340,You Promised Me the Sea,2023,Drama,5.7,19,0.2876,fr
659281,Profeti,2023,Drama,5.8,14,0.3731,it
1063197,Invalid,2023,Comedy|Drama,6.818,22,0.2756,sk
1152648,El autócrata,2023,Documentary,8.4,10,0.2634,es
1124368,The Flying Classroom,2023,Family|Comedy|Drama,5.8,17,0.3179,de
1105000,Lewandowski - Unknown,2023,Documentary,6.5,15,0.3983,pl
1114928,Bad Things,2023,Horror|Thriller,4.1,19,0.2932,en
1015381,Frankie Meets Jack,2023,Romance|Comedy,4.5,15,0.4404,en
961725,The Lulus,2023,Adventure|History|Family|Drama|War,6.163,49,0.4287,fr
881708,The Girl from Uruguay,2023,Drama,7.0,10,0.3086,es
1105990,How to Win a Prince,2023,TV Movie|Comedy|Romance,5.3,15,0.2761,en
1115128,The Saint of Second Chances,2023,Documentary,6.9,15,0.3618,en
847732,U-Turn,2023,Horror|Mystery|Thriller,5.25,10,0.4274,hi
1183166,Vjeran Tomic: The Spider-Man of Paris,2023,Documentary|Crime,7.0,65,0.3262,fr
1175932,Fly On,2023,Romance|Drama,6.6,14,0.4041,ja
1019879,Stepping into Love,2023,TV Movie|Comedy|Romance,5.5,12,0.3338,en
998587,La Graine,2023,Comedy,5.5,34,0.318,fr
1150112,Like or Die,2023,Comedy|Drama|Thriller,7.61,77,0.4262,es
1105283,Mi Maestra se comió a mi amigo,2023,Adventure|Horror|Comedy|Family,7.1,37,0.2982,es
1039094,You  Me  and that Mountain Retreat,2023,TV Movie|Comedy|Romance,5.591,11,0.2586,en
1158385,Spirit of Fear,2023,Horror,5.381,21,0.3675,en
1031418,Love in Tahiti,2023,TV Movie|Comedy|Drama|Romance,7.0,13,0.395,en
1027322,Super Drunk,2023,Comedy,5.387,62,0.3906,fr
1192615,The Girl Next Door,2023,Thriller|TV Movie|Crime,6.4,12,0.309,fr
1081429,The Cases of Mystery Lane,2023,TV Movie|Mystery|Drama|Romance|Comedy,6.5,16,0.3082,en
1060839,Summoning Sylvia,2023,Comedy|Horror|Thriller,4.286,14,0.3737,en
1054693,The Best Days,2023,Comedy,5.886,171,0.334,it
1072758,Kadak Singh,2023,Drama|Thriller,5.923,13,0.5512,hi
1027919,Three Blind Mice,2023,Horror,3.9,12,0.2862,en
1112548,Pictures of Ghosts,2023,Documentary,8.038,65,0.3792,pt
1027717,The Best Century of My Life,2023,Comedy,6.401,116,0.2854,it
1180686,The Secret Gift of Christmas,2023,TV Movie|Comedy|Romance,6.5,26,0.3084,en
1076291,Operation Storm,2023,War|Drama,6.7,11,0.2967,sr
858096,Saloum,2023,Horror|Thriller|Fantasy,6.476,42,0.3665,fr
1091799,Love in the Maldives,2023,TV Movie|Romance|Comedy,6.6,22,0.2867,en
999501,Zero to Hero,2023,Romance|Comedy|Music,6.435,24,0.3211,pt
1402719,La posada,2023,Comedy,7.8,21,0.394,es
1146916,Big Sky River: The Bridal Path,2023,TV Movie|Romance|Drama,7.75,12,0.4019,en
1088080,Older Gods,2023,Horror|Mystery|Thriller,6.2,60,0.3433,en
955659,Me contro Te: Il film - Missione giungla,2023,Family|Fantasy,7.8,10,0.3891,it
1040885,Infidelity Can Be Fatal,2023,TV Movie|Thriller,5.4,10,0.3233,en
1030410,Mates,2023,Drama,4.458,12,0.3346,en
898859,Tomorrow Before After,2023,Science Fiction|Drama,6.66,50,0.2996,es
1116698,The Heiress of Christmas,2023,TV Movie|Comedy|Romance,5.2,10,0.3828,en
941256,Craving,2023,Crime|Horror|Thriller,4.425,20,0.2856,en
1180795,Letters to Santa,2023,TV Movie|Comedy|Romance,6.1,20,0.2734,en
1000094,Le Clan,2023,Comedy,6.78,82,0.3702,fr
989502,5 Hectares,2023,Comedy,5.2,29,0.4862,fr
1132366,A Royal Christmas Crush,2023,TV Movie|Comedy|Romance,5.8,27,0.4317,en
1053996,The Tenderness,2023,Comedy|Fantasy|Romance,6.3,11,0.4077,es
1122517,Life's A Beach,2023,Comedy,5.1,71,0.3174,it
1035798,Nightmare Radio: The Night Stalker,2023,Horror,5.0,31,0.367,en
1000088,Take Me Home,2023,Comedy|Drama,5.71,31,0.2958,fr
938669,The Bell Keeper,2023,Horror|Action,3.9,25,0.4116,en
1143747,Kevin Hart: Reality Check,2023,Comedy,6.348,23,0.3724,en
1104771,My House,2023,Horror|Mystery|Thriller,5.7,46,0.3374,en
899535,An Unforgettable Year - Spring,2023,Drama|Romance,7.6,15,0.4852,pt
892505,Hawaii,2023,Comedy|Drama,5.455,66,0.388,fr
1078634,A Neighbor's Vendetta,2023,Thriller|TV Movie,4.5,11,0.3761,en
680133,Mujib: The Making of a Nation,2023,Drama|History|War,6.594,64,0.3568,bn
1040888,Danger Rocks The Cradle,2023,TV Movie|Thriller,6.1,10,0.3992,en
1118800,All Hallows' Eve: Trickster,2023,Horror|Thriller,3.7,12,0.2664,en
1019961,Mother  May I?,2023,Horror|Thriller,5.2,43,0.3749,en
1064750,Imani,2023,Action,3.5,11,0.3161,en
1132008,Sun Moon,2023,Romance|Drama,7.9,11,0.2784,en
966488,All to Play For,2023,Drama,6.392,93,0.3861,fr
849422,Fire Island,2023,Horror|Thriller,3.5,10,0.2848,en
966086,Flo,2023,History|Drama,6.048,52,0.3431,fr
1180739,Miracle in Bethlehem  PA,2023,TV Movie|Drama|Romance,6.4,19,0.3461,en
1013626,Fashionably in Love,2023,TV Movie|Romance|Comedy,6.2,12,0.3377,en
1171967,The Boxer and the Butterfly,2023,TV Movie|Comedy|Romance,5.833,21,0.2639,en
1033176,Harvest Moon,2023,Comedy|Drama,7.6,18,0.4228,mn
814778,Hanna and the Monsters,2023,Adventure|Animation|Comedy|Family|Fantasy,5.6,17,0.376,ca
960853,The Fishbowl,2023,Drama,6.3,29,0.3713,es
997777,Alma and Oskar,2023,Drama|History|Romance,4.75,16,0.2838,de
1092324,Horror in the High Desert 2: Minerva,2023,Horror|Mystery,5.417,54,0.598,en
1074896,Hoax: The Kidnapping of Sherri Papini,2023,TV Movie|Drama|Crime,5.474,19,0.3964,en
816590,Pachuvum Athbhuthavilakkum,2023,Comedy|Drama,6.62,25,0.2831,ml
1140259,Libertate,2023,Drama|History|Thriller|War,6.8,23,0.3251,ro
1064395,Two Chefs and a Wedding Cake,2023,TV Movie|Comedy|Romance,5.5,12,0.3559,en
1129932,Rage,2023,Horror|Drama|Thriller,6.2,24,0.5497,es
898791,Night of the Caregiver,2023,Horror,4.2,13,0.3698,en
1112231,Peter & the Wolf,2023,Animation|Adventure|Family|Fantasy,6.344,16,0.3088,en
1096751,In the Company of Women,2023,Drama,6.024,21,0.4418,es
791295,Expiration Date,2023,Comedy|Romance,7.09,39,0.3799,es
1036873,The Paramedic Who Stalked Me,2023,TV Movie|Drama|Thriller,5.8,17,0.4439,en
1174725,Race to the Summit,2023,Documentary|Action|Adventure,6.9,66,0.4127,de
1186270,The Man from Nowhere,2023,Thriller|Science Fiction,6.846,13,0.3151,ru
970578,Aurora's Sunrise,2023,Animation|Documentary|History,8.2,12,0.3415,hy
1095178,Harley,2023,Action|Drama,5.0,11,0.2672,ar
1081439,A Picture of Her,2023,TV Movie|Romance|Drama,6.897,29,0.2858,en
913743,A House Made of Splinters,2023,Documentary,7.037,27,0.3481,en
1178876,791 km,2023,Comedy|Drama,6.3,11,0.3249,de
927946,Summer Frost,2023,Drama,4.2,12,0.3119,fr
946932,Mimì – Prince of Darkness,2023,Horror|Drama|Fantasy,6.486,37,0.3217,it
958197,Tropic,2023,Drama|Science Fiction,5.8,30,0.3132,fr
797186,Thankam,2023,Drama|Crime,6.5,17,0.3015,ml
650597,Shadows,2023,Thriller,5.7,20,0.5035,it
1203439,Island in Between,2023,Documentary,6.278,36,0.2191,zh
1115604,Kinderfänger,2023,Horror,5.5,30,0.2849,en
1135408,The Girl Who Killed Her Parents: The Confession,2023,Drama|Crime|Thriller|Horror,6.736,70,0.3977,pt
1137064,Mortal World 2,2023,Comedy|Action|Crime,6.03,50,0.2418,tr
1047707,Loving Every Minute,2023,TV Movie|Comedy|Romance|Fantasy,4.8,11,0.346,en
809363,My Father's Mexican Wedding,2023,Comedy|Romance,5.9,17,0.5448,es
1065913,Purusha Pretham,2023,Comedy|Crime|Drama,6.8,16,0.3728,ml
1158696,A Very Venice Romance,2023,TV Movie|Romance|Comedy,6.0,16,0.3882,en
1180844,Mystery on Mistletoe Lane,2023,Mystery,6.2,22,0.341,en
1084140,Holiday,2023,Drama,5.525,20,0.31,it
978580,Ingeborg Bachmann – Journey into the Desert,2023,Drama|History,6.2,18,0.3139,de
1169207,Kelce,2023,Documentary,6.704,27,0.4253,en
1086567,Too Much Love,2023,Comedy|Romance,6.2,23,0.282,tr
1150906,Bullets and Katanas,2023,Comedy|Action,6.2,22,0.4175,es
1030196,A Storm Foretold: Det amerikanske oprør,2023,Documentary,7.5,13,0.2857,en
1024598,Marry F*** Kill,2023,Horror|TV Movie,2.2,12,0.2775,en
1224439,Novios por Navidad,2023,Comedy|Romance,7.9,16,0.2811,es
1180683,Heaven Down Here,2023,TV Movie|Drama,7.7,10,0.3589,en
1128529,Mr. and Mrs. Stodola,2023,Drama,5.5,10,0.297,cs
1188412,Eddie Murphy : Hollywood's Black King,2023,Documentary,6.7,10,0.4202,fr
1146912,Never Too Late to Celebrate,2023,TV Movie|Comedy|Romance,7.208,12,0.35,en
982186,Our Tiny Little Wedding,2023,Comedy,4.343,105,0.3885,fr
889816,The Other Laurens,2023,Mystery|Thriller|Crime|Fantasy,5.1,10,0.3964,fr
1106053,Women on the Edge,2023,Comedy,5.8,28,0.299,es
1096556,Percoco: Il Primo Mostro D’Italia,2023,Thriller|Drama,5.8,15,0.3186,it
1100488,I pionieri,2023,Comedy,7.333,15,0.3409,it
1198725,Mast Mein Rehne Ka,2023,Comedy|Drama,7.4,13,0.3021,hi
958161,The Last Queen,2023,Adventure|History|Drama,6.5,34,0.3564,ar
882005,The Girl From Tomorrow,2023,Drama,7.4,38,0.3368,it
1158922,AIMEE. The Visitor,2023,Thriller|Science Fiction,4.455,22,0.2662,en
1175674,Coupled Up for Christmas,2023,TV Movie|Comedy|Romance,6.986,35,0.3126,en
1103868,My Paper Dolls,2023,Drama,6.1,17,0.3667,it
1077684,Samsara,2023,Drama|Fantasy,6.6,10,0.2725,es
1138915,Gli ospiti,2023,Comedy|Mystery,6.667,15,0.3025,it
1164658,My Other Jon,2023,Comedy,7.2,13,0.307,es
1044050,Finding Michael,2023,Documentary,5.6,15,0.3215,en
998781,Le Marchand de sable,2023,Drama,6.0,20,0.3368,fr
960769,Buya Hamka Vol. 1,2023,Drama|History,6.2,12,0.3127,id
1147612,The Story of Nintendo,2023,Documentary,5.324,17,0.2663,en
1186774,Reunión 10 años – No se aceptan devoluciones,2023,Comedy,7.5,29,0.3002,es
1027410,Kutsal Damacana 4,2023,Comedy|Horror|Fantasy,4.115,13,0.2573,tr
1041691,Three Heroes and the Navel of the World,2023,Animation|Adventure|Family,6.476,21,0.3349,ru
1155055,Steal Your Heart,2023,TV Movie|Comedy|Romance,6.65,10,0.4936,en
1039107,Klem,2023,Drama|Crime|Thriller,6.364,11,0.3408,nl
860947,Scordato,2023,Comedy|Drama,6.123,73,1.2107,it
614431,Quando,2023,Comedy|Drama,6.144,60,0.3563,it
1072800,Amber: The Girl Behind the Alert,2023,Documentary|Crime,6.6,11,0.3986,en
1137974,Raffa,2023,Documentary|History|Music,8.3,16,1.5937,it
1065022,Three Dates to Forever,2023,TV Movie|Comedy|Romance,6.7,14,0.3476,en
964883,All Because of the Cat,2023,Comedy|Drama,5.688,40,0.2374,fr
1139188,The way back home,2023,Drama,6.5,10,0.2911,ja
750167,Luise,2023,Drama|History|Romance,4.1,11,0.2834,fr
848987,Days of Happiness,2023,Music|Drama,6.2,20,0.3099,fr
960042,And the Party Goes On,2023,Drama|Comedy,6.296,49,0.2506,fr
1071866,Space Pups,2023,Adventure|Family|Science Fiction,7.382,17,0.4639,en
1100474,Inestimable,2023,Comedy,5.6,91,0.3119,fr
1138745,Gol!a,2023,Drama,8.025,20,0.2338,it
1180655,An Ice Palace Romance,2023,TV Movie|Comedy|Romance,6.3,14,0.1907,en
853551,FPS: First Person Shooter,2023,Documentary|Action,8.0,12,0.349,en
1024597,The Amityville Curse,2023,Horror|Thriller,4.2,18,0.3134,en
983017,La Plus belle pour aller danser,2023,Comedy|Drama,6.5,32,0.2698,fr
1038012,Love's Secret Ingredient,2023,TV Movie|Comedy|Romance,5.773,11,0.2466,en
1017438,The Last Night of Sandra M.,2023,Drama,5.7,23,0.3163,es
1078928,The Chapel,2023,Horror|Drama,5.4,21,0.3582,es
1099013,Mae Martin: SAP,2023,Comedy,5.3,19,0.3268,en
1100763,The Night My Dad Saved Christmas,2023,Comedy|Family,5.833,33,0.2996,es
994128,The Elderly,2023,Horror|Thriller|Fantasy,5.698,48,0.3647,es
1192043,1212. The Battle of Las Navas de Tolosa,2023,Documentary|History|War,5.6,25,0.3612,es
1149279,Bad CGI Gator,2023,Comedy|Horror,4.286,21,0.3257,en
1034886,T Blockers,2023,Horror|Science Fiction,4.0,12,0.3051,en
1003758,Robotica Destructiva,2023,Science Fiction|Action,4.273,11,0.3253,en
1136487,Violett,2023,Horror|Thriller|Drama,5.5,14,0.2706,en
1078711,The Happy Camper,2023,TV Movie|Comedy|Romance,6.5,13,0.3751,en
1064098,I've Gone Viral,2023,Comedy,5.677,65,0.2927,es
973935,Das Beste kommt noch!,2023,Comedy|Drama,5.8,11,0.347,de
1147203,Billion Dollar Heist,2023,Documentary,7.486,35,0.2527,en
944306,The Blaze,2023,Thriller,4.9,42,0.3226,fr
1153419,Tell Them You Love Me,2023,Documentary|Crime,6.381,21,0.3456,en
970867,Dounia and the Princess of Aleppo,2023,Animation|Family|Adventure,7.2,14,0.225,fr
802124,Casanova's Return,2023,Comedy|Drama,6.1,104,0.3181,it
1071670,The Assistant,2023,Drama|Thriller,5.8,12,0.3138,en
1056737,The Wedding Veil Inspiration,2023,TV Movie|Comedy|Romance,7.48,25,0.3082,en
1026463,Girl,2023,Drama,6.35,10,0.2684,en
848181,Superposition,2023,Thriller,6.0,19,0.2674,da
645516,Bite Night,2023,Horror|Mystery,6.2,11,0.1626,en
941220,Meu Nome é Gal,2023,History|Drama|Music,6.7,29,0.3053,pt
1158690,Fourth Down and Love,2023,TV Movie|Comedy|Romance,6.5,22,0.3468,en
894730,Baby,2023,Romance|Drama,6.3,10,0.3037,te
1032696,The Subtle Art of Not Giving a #@%!,2023,Documentary,6.135,37,0.3471,en
1082462,Camino,2023,Drama|Comedy,4.8,10,0.3964,da
1042163,The Last Deal,2023,Action|Crime|Thriller,4.932,22,0.3381,en
1038789,Love at First Like,2023,TV Movie|Comedy|Drama|Romance,6.8,13,0.233,en
1122772,The Love Hunt,2023,TV Movie|Comedy|Romance,6.2,12,0.3681,en
1035459,Head in the Stars,2023,Comedy,6.1,26,0.3633,fr
1142767,Bringing Christmas Home,2023,Romance|Comedy|TV Movie,6.461,38,0.2844,en
1142373,A Royal Makeover,2023,TV Movie|Comedy|Romance|Family,5.7,11,0.482,en
884535,An Unforgettable Year - Autumn,2023,Drama|Romance|Music,6.5,27,0.3537,pt
1023962,Lubo,2023,Drama,7.1,33,0.3295,it
977553,The Channel,2023,Thriller|Drama,6.3,19,0.3356,fr
1126748,Creepypasta,2023,Horror,2.4,13,0.3705,en
1187054,Sajini Shinde Ka Viral Video,2023,Mystery|Thriller,6.4,18,0.3338,hi
1031143,Another Body,2023,Documentary|Crime|Drama,6.708,12,0.2363,en
999119,Bread and Salt,2023,Drama,6.1,13,0.2974,pl
1122504,Exorcism in Utero,2023,Horror,5.5,29,0.312,en
1095025,Wintertide,2023,Horror|Drama,3.727,11,0.5242,en
1097322,Cocaine Shark,2023,Horror|Science Fiction,3.115,26,0.2832,en
846185,The Crusades,2023,Comedy|Drama,5.1,10,0.2484,en
1058670,Judy Blume Forever,2023,Documentary,7.294,17,0.2868,en
596702,Subspecies V: Blood Rise,2023,Horror,4.8,23,0.2407,en
649294,History of the Occult,2023,Drama|Horror|Thriller,6.9,50,0.4481,es
1058673,Kim's Video,2023,Documentary|History,6.913,23,0.2574,en
981316,The Elevator,2023,Horror,4.9,17,0.2682,en
1215153,Trevor Noah: Where Was I,2023,Comedy|Documentary,6.288,59,0.2682,en
993292,Tinnitus,2023,Drama|Horror|Romance,5.0,13,0.3721,pt
1194909,A Ghost Story for Christmas: Lot No. 249,2023,Horror|TV Movie,5.9,14,0.2616,en
1180747,A Not So Royal Christmas,2023,TV Movie|Comedy|Romance,6.1,23,0.417,en
1030307,Food for the Heart,2023,TV Movie|Comedy|Drama|Romance,6.7,13,0.424,en
1144146,Gloria Trevi | En Concierto,2023,Music,8.0,10,0.2532,es
828936,Something Is About to Happen,2023,Drama|Thriller,5.95,60,0.3577,es
1117976,Wild Summon,2023,Animation|Fantasy|History,6.6,14,0.3771,en
1092336,On the Edge - Health System in Crisis,2023,Documentary,8.2,12,0.2523,fr
1133922,Eldorado: Everything the Nazis Hate,2023,Documentary,7.2,52,0.6637,de
1218207,The Making of Chicken Run: Dawn of the Nugget,2023,Documentary,6.2,17,0.2207,en
1211199,Thank You  I'm Sorry,2023,Comedy|Drama,5.5,30,0.2671,sv
1114484,Alex Borstein: Corsets & Clown Suits,2023,Comedy,6.6,12,0.2162,en
925113,Toll,2023,Drama,7.1,15,0.2342,pt
1183563,Wrongful Death,2023,Thriller|Mystery,3.611,18,0.2388,en
1055406,My Summer with the Shark,2023,Adventure|Drama,6.3,52,0.2545,it
1180688,Sealed with a List,2023,TV Movie|Comedy|Romance|Drama,6.4,23,0.3548,en
1132189,Yes  Chef! Christmas,2023,TV Movie|Comedy|Romance,6.5,12,0.2724,en
998642,New Beginnings,2023,Comedy|Romance,5.855,86,0.3696,fr
1193708,The Queenstown Kings,2023,Drama,5.8,23,0.3921,xh
1082425,Miguel Wants to Fight,2023,Comedy,5.9,11,0.264,en
721232,De Humani Corporis Fabrica,2023,Documentary,7.1,24,0.4029,fr
800085,Ferocious Wolf,2023,Drama|Thriller,6.907,70,0.3908,es
1180400,The Christmas Venue,2023,TV Movie|Comedy|Romance|Family,5.3,13,0.363,en
1081353,Amy's F**k It List,2023,Comedy,4.2,10,0.3116,en
1146254,Deadly DILF,2023,Thriller|Drama|TV Movie,5.7,10,0.2488,en
944387,Les Blagues de Toto 2 - Classe verte,2023,Comedy|Drama|Romance,4.318,11,0.3145,fr
1180706,Friends & Family Christmas,2023,Family|Romance,6.55,30,0.3491,en
1166603,Miami Bici 2,2023,Comedy|Action,5.7,16,0.4251,ro
936374,Rascals,2023,Drama|Action|Thriller,6.7,61,0.2999,fr
1127953,Reporting for Christmas,2023,Comedy|Romance|Drama|TV Movie,6.1,15,0.3724,en
1015835,Erin's Guide to Kissing Girls,2023,Comedy|Family|Romance,3.7,11,0.171,en
1073659,The Dads,2023,Documentary,6.1,13,0.3451,en
1070629,The Awkward Weekend,2023,Drama|Comedy|Romance,5.0,40,0.2979,nl
1017388,The Convent,2023,Horror,5.1,10,0.2246,es
420637,Malibu Horror Story,2023,Horror|Thriller,5.0,13,0.4412,en
1084605,Broken Ties,2023,Thriller|TV Movie,6.308,13,0.294,en
1127374,Learning to Love,2023,TV Movie|Family|Romance,7.0,11,0.2896,en
996637,The Marginalized,2023,Comedy|Drama,6.4,26,0.2969,fr
1000130,Hounds,2023,Crime|Thriller|Drama,6.0,34,0.2725,fr
973604,Brillantes,2023,Comedy|Drama,5.8,21,0.424,fr
1101410,My Apologies,2023,Comedy,4.9,17,0.327,tr
1145028,Woman in the Maze,2023,Horror|Thriller,3.857,21,0.2601,en
936368,Matria,2023,Drama,6.2,17,0.256,gl
965171,Ice Merchants,2023,Animation|Drama,7.8,60,0.2898,pt
1053482,The Love Gala,2023,TV Movie|Romance|Comedy,5.5,16,0.3095,en
1127959,A Missed Connection,2023,TV Movie|Comedy|Romance,5.8,17,0.4951,en
1052947,The Hottest Summer,2023,Comedy|Romance|Drama,5.238,80,0.3146,it
854062,Falling into Place,2023,Romance|Drama,6.7,20,0.4741,de
1145462,L'Acteur,2023,Comedy,6.3,14,0.2716,fr
1159259,S.O.S MAMIS 2: New Mom On The Block,2023,Comedy|Family,6.2,15,0.246,es
1098447,The Stratum,2023,Science Fiction|Action|Thriller,5.25,10,0.3235,en
1206163,Ilary Blasi: The One and Only,2023,Documentary,5.701,77,0.2533,it
846977,Les Têtes givrées,2023,Comedy|Drama,5.939,49,0.3112,fr
1123902,Mercy,2023,Drama,7.6,19,0.2217,it
1052941,Candid About Love,2023,TV Movie|Comedy|Romance,6.0,10,0.209,en
838167,Ripples of Life,2023,Drama,7.0,12,0.2865,zh
964917,Normal,2023,Drama|Comedy,6.2,36,0.2747,fr
1075010,The Red Shoes: Next Step,2023,Music|Drama,6.2,11,0.2153,en
1039071,Me and Mr. Right,2023,TV Movie|Comedy|Romance,5.958,12,0.3135,en
1068818,A Paris Proposal,2023,TV Movie|Romance|Comedy,6.1,30,0.3728,en
1078920,Unicorns,2023,Drama,4.75,16,0.2831,es
1069175,The 3rd Guest,2023,Horror,7.2,15,0.3096,en
1068385,Double Speech,2023,Comedy|Romance|Thriller,7.6,17,0.2631,es
1072798,Myrnyi-21,2023,War|Drama,7.5,11,0.2743,uk
1000108,The Blond Boy from the Casbah,2023,Comedy|Drama|History,5.2,22,0.3555,fr
789602,Raquel 1:1,2023,Thriller|Drama|Mystery|Horror,4.9,11,0.219,pt
989232,The (Ex)perience of Love,2023,Comedy|Romance|Drama,6.1,37,0.3474,fr
1124624,How to Deal with a Heartbreak,2023,Comedy,7.1,36,0.2288,es
1180767,Our Christmas Mural,2023,TV Movie|Comedy|Romance|Drama,6.2,19,0.2197,en
1059066,Laced,2023,Thriller|Mystery|Horror,5.4,19,0.3229,en
1101123,The Penitent: A Rational Man,2023,Drama,6.0,11,0.3147,en
1124158,Hai mai avuto paura?,2023,Horror|Thriller,5.774,42,0.2793,it
800989,Everyone Will Burn,2023,Horror,5.833,18,0.2443,es
1108462,Incident,2023,Documentary|Crime,7.5,30,0.2557,en
1180394,Flipping for Christmas,2023,TV Movie|Comedy|Romance,6.1,14,0.2117,en
1080787,Nate Bargatze: Hello World,2023,Comedy,7.5,31,0.2933,en
913815,Gentle,2023,Drama,6.5,15,0.2193,hu
1158959,A Life Too Short: The Isabella Nardoni Case,2023,Documentary,6.8,68,0.351,pt
1070220,Already 20 years of Caméra Café,2023,Comedy,5.5,10,0.3043,fr
1115694,Goatman,2023,Horror,6.4,32,0.2802,en
1071846,Creatura,2023,Drama,6.0,29,0.2607,ca
1040861,El hotel de los líos: García y García 2,2023,Comedy,4.4,25,0.3926,es
682286,Daughter,2023,Drama|Mystery|Horror,4.9,14,0.3537,en
1170618,ONEFOUR: Against All Odds,2023,Documentary|Music,6.8,14,0.2948,en
1073098,Last Stop Larrimah: Murder Down Under,2023,Documentary,6.412,17,0.2904,en
1115105,The Gullspång Miracle,2023,Documentary,6.6,16,0.2157,sv
1143516,Maxine,2023,Drama,5.7,10,0.2972,en
1063249,Exodus,2023,Drama,7.3,10,0.3889,sv
1103789,Hardcore Never Dies,2023,Crime|Music|Drama|Thriller,6.5,45,0.3536,nl
1077826,The Hidden Web,2023,Thriller,5.3,13,0.2139,pl
1165111,Scouts Honor: The Secret Files of the Boy Scouts of America,2023,Documentary|Crime,7.6,33,0.229,en
947457,Nosso Sonho,2023,Drama|Comedy|Music,7.9,62,0.3142,pt
800104,Good Manners,2023,Drama|Comedy,6.1,19,0.2697,es
1002711,The Girls Are Alright,2023,Drama,6.1,30,0.2637,es
1187872,Higuita: The Way of the Scorpion,2023,Documentary,7.9,16,0.3449,es
1105902,Los habitantes,2023,Thriller|Horror,6.8,66,0.2943,es
860469,Top Dogs,2023,Comedy|Drama,5.353,51,0.1737,fr
1155187,The Lurking Fear,2023,Horror|TV Movie,5.167,18,0.3078,en
1083308,Casando a mi Ex,2023,Comedy,7.1,15,0.278,es
710157,Teresa,2023,Drama,7.1,15,0.2742,es
1175306,Me vuelves loca,2023,Comedy,8.404,125,0.2151,es
1051800,Little Red Riding Wolf,2023,Comedy,5.8,24,0.3043,es
1004255,Je ne suis pas un héros,2023,Comedy,6.1,71,0.339,fr
1089043,The Irish Mob,2023,Crime|Drama|Action,6.2,10,0.238,en
1189927,The Duel,2023,Action|Comedy|Crime,6.1,183,0.3691,es
919950,Thank You Guys,2023,Comedy|Drama,7.047,182,0.2399,it
597915,Three Minutes of Silence,2023,Drama|Action,6.1,20,0.3098,ru
1214891,Blood Vessel,2023,Thriller|Drama,6.871,31,0.2705,ig
1075316,Vacation Home Nightmare,2023,TV Movie|Thriller|Drama,3.5,11,0.5142,en
647003,Alien Nights,2023,Drama|Crime,6.7,13,0.2109,pt
587384,White Plastic Sky,2023,Adventure|Animation|Drama|Science Fiction,6.734,32,0.5605,hu
1003502,Love on the Reef,2023,TV Movie|Comedy|Romance,6.9,18,0.3003,en
1005279,Vera,2023,Drama|Comedy,6.8,17,0.2495,it
1142771,A Dash of Christmas,2023,TV Movie|Comedy|Drama|Romance,6.5,13,0.4351,en
1031516,Burga,2023,Horror,6.9,23,0.2178,es
1180842,Everything Christmas,2023,TV Movie|Comedy|Drama|Romance,5.9,15,0.2,en
1157181,12 Dares of Christmas,2023,TV Movie|Comedy|Romance,5.4,18,0.2117,en
1148787,Eight Eyes,2023,Horror,4.7,26,0.2001,en
879432,Landlocked,2023,Horror|Fantasy|Thriller,4.125,12,0.2347,en
958234,Unruly,2023,Drama,6.6,14,0.3161,da
1073865,Breached,2023,Thriller|Crime|Drama,5.4,14,0.2298,pl
1135247,A Night of Soul Turning,2023,Horror|Thriller,7.2,10,0.2259,zh
1152004,My Mother's Eyes,2023,Horror|Thriller,5.8,13,0.2795,ja
1192814,Silent Night  Fatal Night,2023,TV Movie|Mystery,5.1,10,0.2858,en
958865,Le Principal,2023,Drama|Comedy,4.89,59,0.3745,fr
1079202,The Land of Short Sentences,2023,Comedy,6.2,15,0.2448,da
876619,Pantafa,2023,Horror,4.5,16,0.3028,it
889810,Romantiche,2023,Romance|Comedy,6.092,103,0.2285,it
1075350,R BnB,2023,Thriller|Horror|Drama,7.9,18,0.4148,en
958603,38°5 quai des Orfèvres,2023,Comedy|Crime,4.2,57,0.2672,fr
1032806,Love Marks the Spot,2023,TV Movie|Comedy|Romance,6.05,10,0.258,en
989592,Under the Rainbow,2023,Comedy|Drama,6.0,23,0.3066,fr
1197852,Would You Kill for Me? The Mary Bailey Story,2023,Crime|Drama|Thriller|TV Movie,7.75,12,0.313,en
1096316,Kepler Sexto B,2023,Drama|Science Fiction,6.8,10,0.2189,es
950489,Quid Games,2023,Action|Horror|Mystery|Thriller|Drama,5.1,10,0.2852,en
1137856,Destined 2: Christmas Once More,2023,TV Movie|Comedy|Romance,8.2,12,0.3273,en
1100746,Miss Merkel - Ein Uckermark-Krimi,2023,TV Movie|Crime|Comedy,5.4,10,0.3033,de
1072589,Slyth: The Hunt Saga,2023,Action|Science Fiction|Thriller|Romance,5.8,13,0.2336,th
1084226,La Usurpadora,2023,Music|Comedy|Drama,7.5,30,0.2486,es
978419,Us or Them,2023,Action|Thriller,5.25,20,0.2213,en
1001706,After the Fire,2023,Drama,5.6,19,0.2596,fr
1096812,Improvvisamente a Natale mi sposo,2023,Comedy,5.4,36,0.2034,it
1059091,Camp Blood 666 Part 2: Exorcism of the Clown,2023,Horror,3.0,11,0.2662,en
1032505,KSI: In Real Life,2023,Documentary,6.3,15,0.2855,en
1130111,nothing  except everything.,2023,Comedy|Drama|Romance,4.737,19,0.2582,en
1068823,Welcome to Valentine,2023,TV Movie|Romance|Comedy,5.5,16,0.3358,en
1180796,Catch Me If You Claus,2023,TV Movie|Comedy|Romance,6.357,35,0.2042,en
1136906,The Lost Century: And How to Reclaim It,2023,Documentary,6.462,13,0.2655,en
1222560,The Trip 7,2023,Comedy,7.0,16,0.2056,es
1004592,Skin Deep,2023,Drama|Romance,5.6,17,0.2329,de
1133216,La guerra del Tiburtino III,2023,Science Fiction|Comedy,5.9,30,0.2131,it
1180652,Ms. Christmas Comes to Town,2023,TV Movie|Drama|Romance,7.0,12,0.2985,en
1076955,A Sunday Affair,2023,Romance|Drama,4.8,12,0.2318,en
1086888,Sweet Dreams,2023,Drama,6.882,17,0.2822,nl
1077899,A Winning Team,2023,TV Movie|Comedy|Romance,5.7,10,0.1656,en
959101,The Gravity,2023,Drama|Action|Science Fiction,5.5,23,0.2618,fr
1091047,Mocro Mafia: Tatta,2023,Action|Crime,6.3,16,0.2886,nl
1084920,Adiós Buenos Aires,2023,Romance|Comedy|Drama|Music,6.7,11,0.2256,es
1122431,Enkel für Fortgeschrittene,2023,Comedy,7.0,13,0.202,de
1077676,In the Blind Spot,2023,Mystery|Thriller,5.333,15,0.2135,de
1098509,Cheers to Joy,2023,Comedy|Drama|TV Movie,6.1,30,0.166,fr
1066575,Winter Lemons,2023,Romance,6.4,39,0.2709,it
1183990,Mom's Christmas Boyfriend,2023,TV Movie|Comedy|Romance,5.9,18,0.2587,en
1183354,Io  noi e Gaber,2023,Documentary,7.4,23,0.2303,it
1115710,The Mount 2,2023,Horror,5.5,18,0.2341,en
1010966,Love on Retreat,2023,TV Movie|Comedy|Romance,6.2,14,0.3118,en
915881,The Prince of Egypt: The Musical,2023,Drama,7.4,14,0.3737,en
735887,Last Resort,2023,Action|Thriller,6.0,10,0.2757,en
924054,Let the Dance Begin,2023,Comedy|Romance|Drama|Music,7.7,21,0.2458,es
1132191,Christmas at the Amish Bakery,2023,TV Movie|Drama|Romance|Family,7.1,15,0.1768,en
1125186,Home Education,2023,Horror|Thriller|Drama|Mystery,5.682,33,0.2078,en
1137056,Call Her King,2023,Action|Thriller,5.042,12,0.227,en
1213615,F,2023,Drama|Documentary|Music,6.0,36,0.1842,es
1102192,Return To Earth,2023,Science Fiction,6.243,35,0.234,zh
964890,And Yet We Were All Blind,2023,Drama|Thriller,5.4,49,0.2339,fr
1167913,Piglady,2023,Horror|Crime,4.2,13,0.3972,en
1063708,Joram,2023,Adventure|Crime|Drama|Thriller,7.5,10,0.2063,hi
779015,Ostaggi,2023,Drama|Comedy|Thriller,6.433,15,0.1941,it
1114936,Roger Waters: This Is Not a Drill - Live from Prague,2023,Music|Documentary,7.0,14,0.1857,en
1010170,Patagonia,2023,Drama,5.5,32,0.1888,it
1138248,Jokes & Cigarettes,2023,Drama,7.088,57,0.2659,ca
932308,Last Call  Rio!,2023,Comedy,5.25,40,0.2818,es
1157251,My Last Best Friend,2023,Drama|Mystery,9.7,36,0.3198,en
1086786,Tá Escrito,2023,Comedy|Romance,7.2,10,0.2334,pt
1159768,Man on the Run,2023,Documentary|Crime,6.6,12,0.1593,en
1017063,Sound of Silence,2023,Horror|Thriller,4.688,24,0.3763,en
1180353,Journey to Christmas,2023,TV Movie|Comedy|Romance,7.3,19,0.2941,en
1185401,Beth Stelling: If You Didn't Want Me Then,2023,Comedy,6.2,10,0.2351,en
913417,The Civil Dead,2023,Comedy|Fantasy|Drama,5.367,15,0.2891,en
1100169,Jinkx Monsoon: Red Head Redemption,2023,Comedy,5.6,10,0.1496,en
1162493,Hi  Mom,2023,Drama,5.3,14,0.2499,ru
987135,Kommt ein Vogel geflogen,2023,Drama|Comedy,5.3,10,0.2227,de
1062985,Haunted Cinema,2023,Horror,5.7,10,0.1983,ms
1013474,Love at the Lodge,2023,TV Movie|Comedy|Romance,7.3,11,0.3347,en
814309,Not Such An Easy Life,2023,Comedy|Drama,5.7,20,0.2416,es
1060226,Illegal Lives,2023,Comedy,5.353,34,0.3034,tr
1046813,Uma Fada Veio Me Visitar,2023,Family|Fantasy|Comedy,5.0,12,0.2293,pt
1153182,Feast of Fire,2023,Drama|Comedy,6.2,10,0.3144,pl
705009,I Got A Monster,2023,Documentary,5.583,12,0.2716,en
1158249,Project Eerie,2023,Horror,6.9,41,0.2244,en
1056733,The Dog Lover's Guide to Dating,2023,TV Movie|Comedy|Romance,5.0,15,0.2436,en
1108902,Superpapa,2023,Comedy|Romance|TV Movie,5.0,11,0.3517,fr
1221118,How to Succeed at Losing,2023,Comedy,7.9,12,0.2164,es
1134582,Peppermint and Postcards,2023,TV Movie|Comedy|Romance,5.833,15,0.2832,en
1042171,Ivalu,2023,Drama,5.6,23,0.2283,kl
982104,Bezos,2023,Drama,5.842,19,0.2517,en
1000597,Jeff Panacloc : À la poursuite de Jean-Marc,2023,Comedy,5.319,36,0.1712,fr
1182772,Camp Courage,2023,Documentary|War,7.091,11,0.188,en
1070807,BS High,2023,Documentary,6.579,19,0.2545,en
1193603,Shohei Ohtani: Beyond the Dream,2023,Documentary,6.0,11,0.2978,en
1195988,Matt Rife: Natural Selection,2023,Comedy,6.049,41,0.2357,en
1180814,Navigating Christmas,2023,TV Movie|Comedy|Drama|Romance,6.0,29,0.242,en
677157,The Monsters Without,2023,Fantasy|Adventure|Science Fiction,6.571,21,0.172,en
1030564,Behind the Haystacks,2023,Drama,6.8,13,0.2016,el
1177921,The Last Ashes,2023,Western|Drama|Horror,6.3,10,0.1936,lb
1128754,Our Christmas Wedding,2023,TV Movie|Comedy|Romance,5.917,12,0.213,en
997380,Tales of Babylon,2023,Thriller,6.25,20,0.2323,en
958285,Deserts,2023,Drama,6.6,10,0.2197,ar
1087596,Ruthless: Monopoly's Secret History,2023,Documentary,6.909,11,0.149,en
1036803,Le Goût du crime,2023,TV Movie|Mystery|Thriller|Crime,6.0,14,0.2851,fr
1128668,Santocielo,2023,Comedy|Fantasy,5.9,173,0.3179,it
1076605,Cazadora,2023,Thriller,5.9,23,0.1753,es
1006810,Midwives,2023,Drama|TV Movie,6.9,17,0.223,fr
1102935,The Matchmaker,2023,Drama|Mystery|Thriller,5.1,14,0.2348,ar
1091834,Return,2023,Documentary,6.8,408,0.2271,en
1155458,The Strange Case of a Claustrophobic Ghost,2023,Fantasy|Family|Horror,7.3,49,0.1992,es
1056234,Alice The Musical,2023,Fantasy|Music,5.5,13,0.3385,tr
1191902,Disco Inferno,2023,Horror,4.867,45,0.2724,en
925100,Before We Collapse,2023,Drama|Comedy|Family,5.432,22,0.2263,fr
998582,Yo Mama,2023,Comedy,5.4,25,0.2601,fr
1075822,Sira,2023,Drama,6.9,10,0.2947,fr
1205915,Cuánto me queda,2023,Comedy|Drama,5.2,11,0.1894,es
1180375,Designing Christmas with You,2023,TV Movie|Comedy|Romance,5.7,10,0.1852,en
1035705,8 Found Dead,2023,Horror|Thriller,4.846,13,0.2463,en
876914,The Albanian Virgin,2023,Drama,7.5,14,0.2472,sq
1127943,A Christmas Vintage,2023,TV Movie|Comedy|Romance,5.833,12,0.1879,en
1061240,Minha Irmã e Eu,2023,Comedy,7.1,53,0.2081,pt
1146915,Napa Ever After,2023,TV Movie|Romance,6.9,10,0.2656,en
1020928,The Skeleton's Compass,2023,Adventure|Family|Science Fiction,5.818,11,0.2233,en
1157128,Fragments of a Life Loved,2023,Documentary,7.9,14,0.2965,it
1121777,Hell Hath No Fury,2023,Comedy|Crime|Thriller,4.912,17,0.2062,en
850167,Nas Ondas da Fé,2023,Comedy,5.958,12,0.2149,pt
960464,Big Kids,2023,Comedy|Drama,6.106,47,0.2138,fr
977349,Grand Expectations,2023,Drama|Thriller,6.103,112,0.1673,fr
1129675,Una commedia pericolosa,2023,Comedy,5.7,38,0.2128,it
1113013,Cocaine Bear: The True Story,2023,Documentary,5.227,11,0.2387,en
1069202,The Date Whisperer,2023,Romance|Comedy|TV Movie,5.094,16,0.2434,en
1084443,Glitch: The Rise & Fall of HQ Trivia,2023,Documentary,6.393,14,0.1772,en
1046064,¡Asu Mare! The Friends,2023,Comedy,6.4,70,0.2422,es
826864,Ski Girls,2023,Comedy,4.0,10,0.2064,fi
971530,You'll Never Leave Me,2023,TV Movie|Thriller|Crime|Drama,5.963,27,0.233,en
1010261,Love at Mariposa Beach,2023,TV Movie|Romance|Comedy,4.75,10,0.2368,en
964898,Un petit miracle,2023,Comedy,6.0,42,0.2007,fr
1151353,Untold: Johnny Football,2023,Documentary,6.8,29,0.3209,en
1067821,When Love Springs,2023,TV Movie|Comedy|Romance,6.481,27,0.2081,en
1053596,The Fantastic Golem Affairs,2023,Comedy,5.1,11,0.251,es
1145322,Jim Gaffigan: Dark Pale,2023,Comedy,7.3,13,0.2972,en
1034410,Been There All Along,2023,TV Movie|Comedy|Drama|Romance,7.0,11,0.2466,en
1157013,Making The Witcher: Season 3,2023,Documentary,6.0,12,0.227,en
1166740,Meaningless love,2023,Romance|Comedy,6.9,16,0.2345,es
1155059,Creeping Death,2023,Horror,3.6,13,0.2457,en
1004675,The Last Days of Humanity,2023,Documentary,7.6,12,0.1835,it
848553,The Bones,2023,Animation|Horror,7.096,26,0.2101,es
1015928,Goddess Like Me,2023,Comedy|Romance,5.2,15,0.1556,ru
1072568,Romina  VTM,2023,Comedy|Romance,5.4,18,0.1783,ro
1082850,Til Death Do Us Part,2023,Crime|Drama|Thriller|TV Movie,5.1,19,0.2285,fr
750891,Dusk for a Hitman,2023,Crime|Thriller|Action,5.66,25,0.4606,fr
1131374,Excursion,2023,Drama,6.6,14,0.367,bs
1096400,Diary of an Unexpected Journey,2023,Romance|Drama,6.9,11,0.1689,es
1139029,Devil's Men,2023,War|Drama,5.115,13,0.2456,en
1191890,The Post,2023,Drama|Thriller,6.9,18,0.2244,en
1071853,Girl With a Gun,2023,Action|Thriller,5.346,13,0.303,en
1180266,Meet Me Under the Mistletoe,2023,TV Movie|Comedy|Romance,5.7,16,0.2438,en
892504,Beating Sun,2023,Drama,7.154,13,0.1615,fr
842927,State of Consciousness,2023,Thriller,5.867,30,0.2157,en
1084008,The Action Pack,2023,Action|Comedy,6.5,17,0.1413,ro
928864,Aunt Virginia,2023,Drama,7.5,11,0.2183,pt
1118425,Wanda Sykes: I'm an Entertainer,2023,Comedy,6.4,28,0.2302,en
1089975,Mom Is Missing,2023,Mystery|Thriller|Crime,6.5,10,0.1754,fr
1144647,The Erection of Toribio Bardelli,2023,Drama,5.6,10,0.1708,es
1115657,Q,2023,Documentary,7.1,23,0.2438,en
1180651,Under the Christmas Sky,2023,TV Movie|Drama|Romance,5.1,20,0.211,en
1237078,The Rich Slave,2023,Comedy,6.9,12,0.23,mn
1172384,Phosphor,2023,War|Drama,7.214,42,0.1549,uk
1098152,Hello,2023,Crime|Thriller,6.3,75,0.2282,gu
1195480,Pete Holmes: I Am Not for Everyone,2023,Comedy,6.5,11,0.1558,en
1103873,El año del tigre,2023,Comedy,7.5,12,0.1691,es
1088163,Bert Kreischer: Razzle Dazzle,2023,Comedy,6.8,26,0.1267,en
1030653,Elis & Tom: It Had to be You,2023,Documentary|Music,8.0,11,0.165,pt
1147301,Mercy Road,2023,Thriller|Mystery,6.125,12,0.144,en
1058954,The Undecided Groom,2023,Comedy,5.8,36,0.1942,it
1000409,Strangers by Night,2023,Romance|Drama,6.386,70,0.1749,fr
1156619,In the Shadow of the Cypress,2023,Animation|Drama,6.591,33,0.1594,fa
1192330,Dating Santa,2023,Drama|Comedy|Romance,7.9,29,0.2086,es
1186247,The Barber of Little Rock,2023,Documentary,6.458,36,0.1967,en
977935,Together 99,2023,Comedy|Drama,5.958,24,0.1579,sv
1168733,Isla bonita,2023,Comedy|Adventure,7.357,21,0.1809,es
1184894,A Flower in the Mud,2023,Drama,7.8,16,0.1495,es
1037355,Wickedly Evil,2023,Comedy|Horror|Crime|Thriller,6.7,10,0.1284,en
1063239,Big Mäck: Gangsters and Gold,2023,Documentary,6.957,35,0.2023,de
1048746,Cattiva Coscienza,2023,Comedy|Fantasy,5.8,67,0.2322,it
657197,The Great Magic,2023,Comedy|Music,5.0,36,0.2488,fr
999677,Final Summer,2023,Horror,4.0,16,0.2402,en
1164598,The Ghost,2023,Drama|Fantasy,7.4,10,0.2865,en
936360,Anti-Squat,2023,Drama,5.955,33,0.2198,fr
989872,Hunt Her  Kill Her,2023,Horror|Thriller,4.8,26,0.231,en
1070244,What a Life!,2023,Comedy,5.7,15,0.2317,it
1092792,Death to the Bikini!,2023,Drama|Comedy,5.85,10,0.3369,fr
1053024,Jailbird,2023,Comedy|Drama,5.5,12,0.2709,it
1111796,Il migliore dei mondi,2023,Comedy|Science Fiction,6.224,208,0.1416,it
736554,Tequila Re-Pasado,2023,Comedy|Fantasy,7.2,18,0.2105,es
975395,Kim Novak: Hollywood's Golden Age Rebel,2023,Documentary,7.0,11,0.2369,fr
1084571,Happiness,2023,Drama,6.7,45,0.1522,it
960134,Magnificat,2023,Drama|Comedy|Crime,6.0,25,0.2062,fr
1071943,Romance in Hawaii,2023,TV Movie|Comedy|Romance,6.3,14,0.1663,en
1000614,Les Déguns 2,2023,Comedy,3.0,13,0.1545,fr
934393,In the Mirror,2023,Drama,5.9,15,0.1939,it
844026,Frybread Face and Me,2023,Drama|Comedy,5.923,13,0.2981,en
1089228,Dark Windows,2023,Horror|Thriller,5.106,47,0.309,en
1031601,The Order of Time,2023,Drama,5.3,101,0.1685,it
1088202,Sophia  Death and Me,2023,Comedy|Drama,6.1,20,0.1404,de
946740,The Lulú Club,2023,Comedy|Family,5.6,36,0.1948,es
1119679,Hijacked: Flight 73,2023,Documentary,7.4,18,0.2098,en
1116407,Ó Paí  Ó 2,2023,Comedy|Drama,5.5,21,0.244,pt
1087052,A fleur de peau,2023,TV Movie|Thriller|Crime,5.7,10,0.1667,fr
1001403,Comme par magie,2023,Comedy|Drama,5.9,35,0.1548,fr
1196489,Fonissa,2023,Drama,6.6,24,0.1583,el
1004664,Beyond The Wall,2023,Drama,6.6,15,0.127,fa
1058671,Victim/Suspect,2023,Documentary,7.0,39,0.2399,en
742074,I Take a Step,2023,Romance,8.6,16,0.135,ru
1143710,Lang Lang Plays Disney,2023,Music|Documentary,6.2,12,0.2033,en
1077426,Lust for Life,2023,Romance|Comedy,5.5,27,0.1606,it
965397,It Ain't Over,2023,Documentary,7.1,12,0.1685,en
1009656,La Fille qu'on appelle,2023,TV Movie|Drama,5.2,13,0.2216,fr
1145881,Bring Her to Me,2023,Horror|Fantasy,3.769,13,0.1536,en
1139984,Tom Segura: Sledgehammer,2023,Comedy,6.802,48,0.231,en
1090031,Close to Vermeer,2023,Documentary|History,7.808,13,0.2422,nl
1002515,The Antares Paradox,2023,Science Fiction|Drama,6.953,32,0.1682,es
1027704,The Secret of Little Rose,2023,Thriller,4.4,12,0.1871,pl
1063637,Masz ci los!,2023,Comedy,5.8,19,0.1464,pl
797682,Mamma  Qui Comando Io,2023,Comedy|Family,5.7,10,0.1656,it
1128612,Amy Schumer: Emergency Contact,2023,Comedy,5.0,24,0.1919,en
1070632,Broken,2023,Drama,5.1,10,0.1832,nl
892498,Constance aux enfers,2023,TV Movie|Thriller|Drama|Crime,5.3,14,0.2056,fr
1072586,Taxi Drivers,2023,Comedy,6.19,29,0.1964,ro
1206577,Kyan Khojandi : Une bonne soirée,2023,Comedy|Family,7.9,14,0.1585,fr
1370704,Shark Evil,2023,Horror|Drama|Comedy,5.5,11,0.2231,zh
1006769,Return of Punch and Judy,2023,Horror,7.2,36,0.1208,en
1147236,Loop Track,2023,Thriller|Horror,5.521,47,0.384,en
1103576,Longest Third Date,2023,Documentary,6.625,20,0.2041,en
937738,Animalia,2023,Drama|Science Fiction|Thriller,6.0,34,0.1991,fr
1180746,Christmas with a Kiss,2023,TV Movie|Comedy|Drama|Romance,5.667,15,0.1171,en
1043792,Ślub doskonały,2023,Comedy|Romance,4.1,14,0.1755,pl
935904,Pretty Red Dress,2023,Drama,5.2,10,0.1434,en
1018219,The Pumpkin Man,2023,Horror|Fantasy,4.1,11,0.1472,en
1128979,Imagine Dragons: Live in Vegas,2023,Music,8.4,32,0.3041,en
999133,Dad,2023,Drama|Comedy,5.8,10,0.1911,pl
1120897,Intrusion,2023,Drama,7.6,10,0.1396,is
1222638,We're Going to Team Building,2023,Comedy,5.2,13,0.1882,cs
808972,Norma,2023,Drama|Comedy,6.05,10,0.1999,es
1179188,The Picture of Dorian Gray,2023,Drama|Thriller|Fantasy|Horror,6.8,26,0.1174,en
1109148,La quattordicesima domenica del tempo ordinario,2023,Drama,5.5,48,0.1984,it
1000172,The Damned Don't Cry,2023,Drama,6.042,12,0.2349,ar
1086990,Malcriados,2023,Comedy,7.8,55,0.1748,es
936376,The Properties of Metals,2023,Drama,5.65,10,0.2162,it
1143984,Line of Fire,2023,Drama,6.083,12,0.154,nl
1178074,Locked Up,2023,Horror|Thriller,6.3,11,0.1956,ru
852665,My Brother and I,2023,Comedy,6.1,35,0.3005,it
1119580,Called to Duty,2023,Action,3.2,14,0.1294,en
878977,One and Four,2023,Drama|Fantasy,6.1,22,0.149,bo
1092193,Have a Nice Day!,2023,Comedy|Drama,7.1,15,0.1874,es
963861,Da grandi,2023,Comedy|Family,6.1,52,0.1439,it
1139296,ROMI,2023,Horror|Thriller|Science Fiction,5.722,27,0.3985,en
928004,Rewind & Play,2023,Documentary|Music,7.267,15,0.1733,fr
1007696,Tobacco Barns,2023,Drama|Fantasy,5.3,10,0.125,es
1377716,WAR,2023,Thriller|War|Drama|Animation|Mystery,9.4,21,0.1683,en
1119087,Jimmy O. Yang: Guess How Much?,2023,Comedy,6.3,15,0.1401,en
1040531,The Tangalanga Method,2023,Comedy,6.688,24,0.2097,es
1142616,The Tatta's 2,2023,Comedy,4.5,14,0.158,nl
1056182,Christmas at the Holly Day Inn,2023,Comedy|Drama|Romance,6.7,11,0.2087,en
1098239,Miles and Lies,2023,Comedy|Romance,7.1,105,0.235,es
1073736,Soy inocente,2023,Comedy,7.1,16,0.2037,es
1098987,Les SEGPA au ski,2023,Comedy,5.364,44,0.2807,fr
1207676,Kissing Gorbaciov,2023,Documentary,7.2,12,0.137,it
1037670,Le Secret de la grotte,2023,TV Movie|Thriller|Crime,6.0,16,0.1634,fr
1094746,Four Unloved Women  Adrift on a Purposeless Sea  Experience the Ecstasy of Dissection,2023,Horror,5.14,25,0.2083,it
1026499,Gospel According to Mary,2023,Drama|History,5.9,29,0.146,it
1189213,In fuga con Babbo Natale,2023,Family|Comedy,6.4,21,0.169,it
1140754,Return,2023,Drama,5.1,16,0.1394,es
1185778,Sörensen Catches Fire,2023,TV Movie|Crime|Comedy,6.7,23,0.1257,de
1052875,Aita,2023,Drama,7.2,15,0.1412,ru
1194028,Amazon Music Live with Peso Pluma,2023,Music|Documentary,5.163,43,0.0759,en
1148714,So tutto di te,2023,Comedy,6.4,35,0.1709,it
1108258,Kings of Mulberry Street: Let Love Reign,2023,Comedy|Drama|Adventure,5.625,12,0.2364,en
1056302,The Hunt,2023,Drama|Thriller,6.2,11,0.1195,it
1140605,Our Uniform,2023,Animation|Documentary,6.6,28,0.1442,fa
1037052,Palazzina LAF,2023,Drama,6.884,176,0.1748,it
1179061,Ìjọ̀gbọ̀n,2023,Drama,6.6,15,0.1393,yo
1156017,Mark Normand: Soup to Nuts,2023,Comedy,6.281,16,0.2011,en
1209450,National Family,2023,Comedy|Action,6.7,90,0.1091,es
1180196,Rickerl,2023,Comedy|Drama,7.571,14,0.1468,de
1154955,The Silence of the Donkeys,2023,Crime|Comedy,7.4,10,0.1288,de
1074211,La primavera della mia vita,2023,Comedy|Music,6.5,60,0.1404,it
993637,Mission Extreme 2: Black War,2023,Action,6.6,22,0.179,bn
1111579,The Light We Carry: Michelle Obama and Oprah Winfrey,2023,Documentary,5.6,12,0.1892,en
1111831,AC/DC : Forever Young,2023,Music|Documentary,7.3,14,0.131,fr
1152774,Olvido,2023,Drama|Thriller,6.0,15,0.1885,es
1114210,Future Soldier,2023,Science Fiction|Action,5.2,13,0.2078,en
1180367,The Jinglebell Jubilee,2023,Comedy|Romance|TV Movie,4.9,13,0.1647,en
1078741,Bury the Bride,2023,Horror,4.308,13,0.2141,en
1074788,A Heidelberg Holiday,2023,TV Movie|Romance|Family|Drama,6.2,37,0.23,en
964808,Atlantic Bar,2023,Documentary,6.9,12,0.1005,fr
1054107,Tramite amicizia,2023,Comedy,5.1,70,0.1584,it
1000073,A Chance To Win,2023,Comedy,6.2,48,0.1117,fr
1018941,Grosso guaio all'Esquilino - La leggenda del Kung Fu,2023,Comedy,5.4,26,0.2074,it
1180661,My Christmas Guide,2023,TV Movie|Comedy|Romance|Drama,6.9,25,0.1683,en
960380,The Daughter of Albino Rodrigue,2023,Drama,6.1,16,0.1407,fr
1076868,Enaldinho and the Mystery of the Lagoon,2023,Adventure|Family,9.6,14,0.1579,pt
1190610,Hotspot - Amore senza rete,2023,Comedy|Romance,5.8,29,0.1686,it
1166824,A Vineyard Christmas,2023,TV Movie|Comedy|Romance,5.7,14,0.2393,en
818836,Capitu and the Chapter,2023,Drama|Romance,8.5,10,0.1381,pt
1131131,Ultimo - Vivo coi sogni appesi,2023,Documentary|Music,7.2,12,0.165,it
1154389,Super,2023,Comedy|Drama|Romance,5.9,18,0.1402,el
1140877,Another Lottery Ticket,2023,Comedy,7.3,12,0.1253,ro
1079407,Mr. Pawsitively Perfect,2023,TV Movie|Comedy|Romance,5.5,13,0.1387,en
1210580,Castelrotto,2023,Drama|Comedy|Thriller,6.5,11,0.156,it
1111957,Fabrice Éboué - Adieu Hier,2023,Comedy,7.395,43,0.1921,fr
936363,The Happiest Man in the World,2023,Drama,6.8,20,0.1992,bs
997659,Safe Place,2023,Drama|Thriller,6.0,14,0.1439,hr
1181512,Camino de la suerte,2023,Drama|Romance,5.8,10,0.1054,es
1089674,Return of the Demojordan,2023,Horror|Comedy,6.3,13,0.1261,en
1020094,Time Addicts,2023,Science Fiction|Crime|Thriller,6.185,27,0.1534,en
1193155,XMAS,2023,Horror|Drama,7.538,13,0.1204,en
1168735,Hombres hay muchos,2023,Comedy|Romance,7.1,14,0.1168,es
1189988,CVLT,2023,Horror,7.0,21,0.1528,it
1049553,Kick Me,2023,Action|Comedy|Horror,4.5,10,0.1254,en
1187537,Police State,2023,Documentary,5.7,13,0.1405,en
964831,Grand Paris,2023,Comedy|Adventure|Science Fiction,6.0,22,0.2601,fr
1216937,Napoli milionaria!,2023,Drama|TV Movie,6.393,14,0.1143,it
1022166,Vamos a la Playa,2023,Drama,5.4,12,0.2043,de
1135111,The Roof,2023,Drama,5.8,11,0.1517,en
1165736,X,2023,Documentary,6.0,21,0.0853,zh
1071929,A Perfect Christmas Pairing,2023,TV Movie|Romance|Comedy,5.8,10,0.1999,en
1152534,Purgatory Jack,2023,Thriller|Drama|Fantasy|Mystery,5.909,11,0.1572,en
1055264,Supernova,2023,Drama|Romance,6.5,12,0.123,it
1150019,Christmas on the Alpaca Farm,2023,TV Movie|Comedy|Romance,5.5,18,0.0917,en
1112171,Cocaine Cougar,2023,Horror,2.4,10,0.0882,en
1078615,Marc Maron: From Bleak to Dark,2023,Comedy,6.0,20,0.1378,en
1189532,Wedding for Money,2023,Comedy,6.8,28,0.1598,ro
960287,L'Homme debout,2023,Drama|Comedy,5.8,13,0.0897,fr
1057519,Volevo Un Figlio Maschio,2023,Comedy,5.8,73,0.0985,it
1166369,La música está servida: Sofía Carson,2023,Documentary|Music,7.7,13,0.1759,es
1188056,Amazon Music Live with Feid,2023,Music|Documentary,7.8,11,0.0957,en
1132358,Christmas by Design,2023,TV Movie|Comedy|Romance|Drama,5.9,19,0.1754,en
1126637,Pollen,2023,Horror|Mystery|Thriller,3.5,15,0.1165,en
1133564,Rewind 3: The Final Chapter,2023,Horror|Action,5.308,13,0.0966,en
1200613,Amazing - Fabio de Luigi,2023,Comedy|TV Movie,5.8,18,0.0885,it
1161699,Run,2023,Drama,5.0,21,0.0705,en
1078095,Trail of Justice,2023,Western,7.3,12,0.1501,en
1101547,Red,2023,Drama,5.8,24,0.1039,en
1118772,The War of the Nonni,2023,Comedy,5.6,38,0.1279,it
1116548,The Birthday Party,2023,Drama|Mystery,6.2,12,0.0784,it
990798,The Unhanged,2023,Comedy|Western,3.0,11,0.1364,fi
1145538,Conversazioni con altre donne,2023,Comedy,5.464,14,0.1123,it
1150687,Nina of the Wolves,2023,Drama|Fantasy|Thriller,5.4,17,0.1187,it
1153291,Private call,2023,Thriller|Action,8.0,15,0.0962,es
1137094,Undefined Things,2023,Drama|Documentary,8.7,14,0.1116,es
1034093,Mind Body Spirit,2023,Horror|Thriller,5.2,20,0.15,en
1184422,Bérengère Krief - Amour,2023,Comedy|Family,6.3,10,0.1028,fr
936744,Animal Transport,2023,Mystery|Fantasy,6.6,10,0.0951,es
1212257,Paul Mirabel : Zèbre,2023,Comedy,6.2,19,0.0804,fr
1036798,Lame de fond,2023,TV Movie|Thriller|Crime|Mystery,5.3,15,0.2675,fr
1002000,The Belgian Wave,2023,Comedy,6.0,10,0.1276,fr
1069293,Curious Tobi and the Treasure Hunt to the Flying Rivers,2023,Family|Adventure,7.1,10,0.0805,de
1197699,E70,2023,Horror|Thriller,1.615,13,0.0781,en
1070608,Good Wife's Guide to Murder,2023,TV Movie|Mystery|Thriller|Crime|Drama,4.8,10,0.1334,en
926532,Gym Class,2023,Drama,5.9,69,0.1333,it
1121059,Electra,2023,Animation|Fantasy|Horror,6.3,10,0.1,en
1148445,Mark Cavendish: Never Enough,2023,Documentary,7.9,28,0.0984,en
1172650,Die Whistleblowerin,2023,Drama|Thriller|TV Movie,7.0,11,0.1225,de
1064841,Ustedes deciden,2023,Comedy,6.0,13,0.095,es
998937,Blind at Heart,2023,Drama|History,4.9,13,0.1705,de
1137325,Nato 0. El origen del mal,2023,Thriller,5.6,15,0.1152,es
1183658,Christmas Time,2023,Comedy|Family|Fantasy,5.2,14,0.1114,en
1019876,Wish Upon a Wedding,2023,TV Movie|Comedy|Romance,5.3,11,0.1245,en
1193094,Thomas Ngijol : L'Œil du tigre,2023,Comedy,7.2,15,0.0946,fr
1142906,Oppenheimer: The Real Story,2023,Documentary,8.143,14,0.0798,en
1140945,Return Return Return,2023,Fantasy|Mystery|Thriller,6.1,75,0.0757,es
1175787,Ritmo de Natal,2023,Romance|Comedy|TV Movie,7.1,11,0.0776,pt
1056431,Los Reyes de la Salsa,2023,Drama|Music,7.7,13,0.0779,es
1131526,MelanKos Vol. 2,2023,Unknown,9.048,21,0.0888,es
1006482,La vengeance sans visage,2023,TV Movie|Thriller|Crime|Drama,5.9,14,0.2033,fr
1122638,African Territory 2,2023,Documentary,4.2,10,0.0936,es
1070630,Prime Orbit,2023,Science Fiction|Drama,4.7,17,0.0722,es
1159565,Great White Fight Club,2023,Documentary,7.8,10,0.0698,en
931982,Summer Scars,2023,Drama|Fantasy,5.0,12,0.0704,fr
1133792,Milagros: Una osa extraordinaria,2023,Animation|Comedy|Adventure,7.3,14,0.1242,es
1078764,Jim Jefferies: High n' Dry,2023,Comedy,6.4,52,0.0971,en
951191,H,2023,Documentary,7.1,11,0.0928,es
1157725,With The Grace Of a God,2023,Drama|Crime,5.0,14,0.0732,it
1112125,Hannah Gadsby: Something Special,2023,Comedy,6.7,21,0.106,en
1195812,Baptiste Lecaplain - Voir les gens,2023,Comedy,6.0,13,0.1098,fr
1110689,Addio al nubilato 2 - L’isola che non c’è,2023,Comedy,6.2,20,0.0654,it
958143,A Tale of Shemroon,2023,Drama,6.2,10,0.0652,fa
953521,Defend Your Name,2023,Drama,5.9,11,0.0843,fr
1214702,Apple Music Live: Peso Pluma,2023,Music,6.667,18,0.0516,en
1156194,Enzo Jannacci - Vengo anch'io,2023,Documentary,7.1,15,0.0859,it
1188150,Return,2023,Documentary,6.5,567,0.0778,tt
1174080,Extinction of the Species,2023,Drama,4.85,10,0.1238,es
1287818,Goodbye My World,2023,Animation|Action|Comedy,6.9,10,0.0457,fr
1118375,Sunset Dreams in Thailand,2023,Documentary|Fantasy,10.0,13,0.052,en
1186868,Gliitch,2023,Horror,2.625,12,0.0516,fr
923994,Esme  My Love,2023,Drama|Thriller|Horror,5.8,21,0.1449,en
1082339,Federico Chiesa - Back on Track,2023,Documentary,5.6,13,0.0412,it
1157027,Oceans Are the Real Continents,2023,Drama,7.8,11,0.0976,es
1115075,Crimson Forest,2023,Thriller|Horror,6.3,10,0.0604,en
1113693,Write Me A Letter When You Return Home,2023,Drama,5.7,22,0.1197,en
1169582,Jump,2023,Music|Documentary,7.5,15,0.0948,es
1189980,Kevin Bridges: The Overdue Catch-Up,2023,Comedy,6.7,10,0.0704,en
1088616,Hi!,2023,Animation|Family,6.0,11,0.0256,en
1202644,Key,2023,Comedy|Thriller|Romance,4.1,11,0.0352,en
1105364,Dogs Die Alone,2023,Drama,4.7,11,0.0347,it
1118512,War,2023,Drama,9.4,22,0.0338,xx
1071548,Die Seele des Waldes,2023,Documentary,3.6,10,0.0268,de
1257720,Raising ASD,2023,Unknown,4.6,17,0.0261,en
1311055,Carlos Ballarta: Rebelde Comodino,2023,Comedy|TV Movie,7.5,16,0.0261,es
1140817,As,2023,Unknown,7.1,185,0.0143,en
