id,title,release_year,genres,vote_average,vote_count,popularity,original_language
24428,The Avengers,2012,Science Fiction|Action|Adventure,8.038,38208,53.7337,en
107257,A Perfect Ending,2012,Drama|Romance,6.241,137,19.864,en
72105,Ted,2012,Comedy|Fantasy,6.453,13189,19.5263,en
62177,Brave,2012,Adventure|Animation|Family|Fantasy,7.027,14170,20.6447,en
49051,The Hobbit: An Unexpected Journey,2012,Adventure|Fantasy|Action,7.374,19648,17.3871,en
1930,The Amazing Spider-Man,2012,Action|Adventure|Science Fiction,6.738,18529,17.7969,en
49026,The Dark Knight Rises,2012,Action|Crime|Drama|Thriller,7.795,24385,17.9383,en
68718,Django Unchained,2012,Drama|Western,8.192,28059,14.2812,en
57800,Ice Age: Continental Drift,2012,Animation|Comedy|Adventure|Family,6.386,8105,13.9097,en
50620,The Twilight Saga: Breaking Dawn - Part 2,2012,Fantasy|Drama|Romance,6.456,9383,13.0337,en
76492,Hotel Transylvania,2012,Animation|Comedy|Family|Fantasy,6.964,9179,12.3954,en
115290,Blue Lagoon: The Awakening,2012,Drama|Adventure|Romance|TV Movie,6.5,1504,12.3156,en
70981,Prometheus,2012,Science Fiction|Mystery|Horror,6.597,13270,11.09,en
76493,The Dictator,2012,Comedy,6.232,6454,9.391,en
44833,Battleship,2012,Thriller|Action|Adventure|Science Fiction,5.901,5965,9.4494,en
73723,The Lorax,2012,Animation|Family,6.527,3877,9.2228,en
82690,Wreck-It Ralph,2012,Family|Animation|Comedy|Adventure,7.4,13073,9.8506,en
57214,Project X,2012,Comedy,6.9,6833,9.8024,en
80321,Madagascar 3: Europe's Most Wanted,2012,Animation|Family|Comedy|Adventure,6.6,6569,8.9206,en
37724,Skyfall,2012,Action|Adventure|Thriller,7.262,16134,7.9671,en
84308,Madrid  1987,2012,Drama,6.5,71,7.9473,es
49529,John Carter,2012,Action|Adventure|Science Fiction,6.37,6109,9.6212,en
75780,Jack Reacher,2012,Crime|Drama|Thriller|Action,6.663,7635,9.5952,en
134764,Due West: Our Sex Journey,2012,Comedy|Drama|Romance,6.051,59,8.3799,cn
112160,Sexual Chronicles of a French Family,2012,Comedy|Drama|Romance,5.374,405,8.1837,fr
22970,The Cabin in the Woods,2012,Horror|Mystery|Comedy,6.7,8560,7.6436,en
72545,Journey 2: The Mysterious Island,2012,Adventure|Action|Science Fiction,6.146,4513,8.0613,en
87827,Life of Pi,2012,Adventure|Drama,7.41,13778,7.8966,en
70160,The Hunger Games,2012,Science Fiction|Adventure|Action|Thriller,7.223,23313,8.4617,en
109689,I Want You,2012,Drama|Romance,7.447,1964,8.3136,es
59967,Looper,2012,Action|Thriller|Science Fiction,6.91,10910,8.8899,en
82507,Sinister,2012,Horror|Thriller|Mystery,6.9,6039,8.0186,en
76163,The Expendables 2,2012,Action|Adventure|Thriller,6.354,7183,7.9741,en
125509,Wrong Turn 5: Bloodlines,2012,Horror|Thriller,5.486,1044,7.5872,en
122126,The Concubine,2012,Drama,5.8,110,6.7833,ko
64688,21 Jump Street,2012,Action|Comedy|Crime,6.886,11030,7.083,en
133977,Liar Game: Reborn,2012,Drama|TV Movie|Mystery,6.4,34,3.2457,ja
71552,American Reunion,2012,Comedy,6.31,4710,7.1158,en
114150,Pitch Perfect,2012,Comedy|Music|Romance,7.272,6870,7.6408,en
41154,Men in Black 3,2012,Action|Comedy|Science Fiction,6.544,10991,7.0525,en
82675,Taken 2,2012,Action|Crime|Thriller,6.368,7115,5.9514,en
62213,Dark Shadows,2012,Comedy|Fantasy,6.101,7617,6.9778,en
151512,Jan Dara: The Beginning,2012,Drama|Romance,5.869,42,6.15,th
82693,Silver Linings Playbook,2012,Drama|Comedy|Romance,7.2,12652,6.1471,en
68734,Argo,2012,Drama|Thriller,7.288,8959,6.7675,en
84892,The Perks of Being a Wallflower,2012,Drama,7.8,11206,6.2937,en
64635,Total Recall,2012,Action|Science Fiction|Thriller,6.032,5875,6.3624,en
49049,Dredd,2012,Action|Science Fiction,6.859,5537,5.5102,en
75258,Secret of the Wings,2012,Animation|Family|Fantasy|Adventure,7.2,1360,6.176,en
82695,Les Misérables,2012,History|Drama,7.306,5577,5.7893,en
81188,Rise of the Guardians,2012,Action|Adventure|Animation|Family|Fantasy,7.4,7149,6.0037,en
72387,Safe,2012,Action|Crime|Thriller,6.496,2681,5.3647,en
61012,Silent Hill: Revelation 3D,2012,Thriller|Horror|Mystery,5.545,1870,5.6158,en
57165,Wrath of the Titans,2012,Fantasy|Adventure|Action,5.766,4504,5.5519,en
144473,Lan Kwai Fong 2,2012,Comedy|Romance,4.625,24,5.4621,cn
49040,The Bourne Legacy,2012,Action|Thriller,6.248,6131,6.2112,en
103663,The Hunt,2012,Drama,8.1,4761,5.5422,da
87428,That's My Boy,2012,Comedy,5.8,2152,5.7496,en
76726,Chronicle,2012,Science Fiction|Drama|Thriller,6.9,5730,5.464,en
94329,The Raid,2012,Action|Thriller|Crime,7.402,3866,5.5015,id
83542,Cloud Atlas,2012,Drama|Science Fiction,6.895,7521,5.1663,en
80278,The Impossible,2012,Drama|Thriller|History,7.4,6675,5.1562,en
121875,In the House,2012,Comedy|Drama|Mystery|Thriller,7.237,915,4.6568,fr
58595,Snow White and the Huntsman,2012,Adventure|Fantasy|Drama,5.987,8234,5.923,en
97630,Zero Dark Thirty,2012,Thriller|Drama,6.993,4888,4.6219,en
77877,The Lucky One,2012,Drama|Romance,7.167,3826,4.7545,en
110420,Wolf Children,2012,Animation|Family|Drama|Fantasy,8.216,2488,4.541,ja
127533,Rurouni Kenshin Part I: Origins,2012,Adventure|Action|Fantasy|War|History,7.5,911,4.5655,ja
75174,The Grey,2012,Action|Adventure|Drama|Thriller,6.6,4120,4.7871,en
142487,The Precocious and Brief Life of Sabina Rivas,2012,Drama,7.176,125,3.9743,es
87502,Flight,2012,Drama,6.862,6459,4.2737,en
118406,Road to Ninja: Naruto the Movie,2012,Animation|Fantasy|Action,7.4,1242,5.324,ja
98567,Chinese Zodiac,2012,Action|Adventure,6.2,888,5.4576,cn
72570,The Vow,2012,Drama|Romance,7.23,4251,4.9711,en
52520,Underworld: Awakening,2012,Fantasy|Action|Horror,6.331,4360,4.7583,en
117691,Gangs of Wasseypur - Part 1,2012,Action|Thriller|Crime,7.081,434,4.1787,hi
72976,Lincoln,2012,History|Drama,6.848,4054,4.1056,en
175168,Rape Zombie: Lust of the Dead,2012,Comedy|Horror,6.462,251,4.1594,ja
82881,Tangled Ever After,2012,Animation|Comedy|Action|Family,7.1,1114,4.6432,en
72331,Abraham Lincoln: Vampire Hunter,2012,Action|Fantasy|Horror,5.8,3562,3.8987,en
62214,Frankenweenie,2012,Animation|Comedy|Family,7.0,3620,4.2568,en
75674,Act of Valor,2012,Action|Thriller|War,6.536,1252,3.5109,en
124157,The Thieves,2012,Action|Crime,6.708,331,3.8814,ko
82633,Lawless,2012,Crime|Drama|Western,7.1,3338,5.0067,en
77016,End of Watch,2012,Crime|Drama|Thriller,7.354,3633,3.809,en
77174,ParaNorman,2012,Family|Animation|Adventure|Comedy,7.0,2773,4.1355,en
83201,Puss in Boots: The Three Diablos,2012,Adventure|Animation|Comedy|Family,6.5,522,3.9199,en
80585,Rock of Ages,2012,Comedy|Drama|Romance|Music,6.194,1353,3.3212,en
84188,Compliance,2012,Drama|Thriller,6.352,787,4.0889,en
118051,Cocktail,2012,Romance|Drama|Comedy,6.119,126,3.6894,hi
122583,Detective Conan: The Eleventh Striker,2012,Animation|Mystery|Action,6.823,150,3.1975,ja
60747,Red Dawn,2012,Action|Thriller,5.713,1736,3.0947,en
38541,The Divide,2012,Horror|Science Fiction|Thriller,5.882,744,3.4931,en
176983,One Piece Film: Z,2012,Animation|Fantasy|Action|Adventure,7.488,559,3.1715,ja
75629,Evangelion: 3.0 You Can (Not) Redo,2012,Animation|Science Fiction|Action|Drama,7.198,931,3.5208,ja
118451,Eungyo,2012,Drama|Romance,6.7,100,4.7169,ko
96724,Anna Karenina,2012,Drama|Romance|History,6.705,2403,4.3584,en
133121,Resident Evil: Damnation,2012,Action|Animation|Science Fiction|Horror,6.899,997,4.5347,ja
68812,The Iceman,2012,Thriller|Crime|Drama,6.553,1143,2.9247,en
62764,Mirror Mirror,2012,Adventure|Comedy|Family|Fantasy,5.916,3284,2.895,en
119193,What the Day Owes the Night,2012,Drama|Romance,7.7,237,2.8738,fr
68722,The Master,2012,Drama,7.097,3309,2.9233,en
86838,Seven Psychopaths,2012,Comedy|Crime,6.821,4286,4.696,en
250016,Erotic Karma,2012,Drama|Thriller,5.7,11,2.7051,en
77866,Contraband,2012,Thriller|Action|Drama|Crime,6.339,2218,2.668,en
123025,Batman: The Dark Knight Returns  Part 1,2012,Science Fiction|Action|Animation|Mystery,7.733,1709,3.1733,en
83686,The Words,2012,Drama|Thriller,6.684,1291,4.3617,en
82650,Diary of a Wimpy Kid: Dog Days,2012,Comedy|Family,6.359,1064,3.6597,en
103750,The Taste of Money,2012,Drama,5.5,64,3.7865,ko
77953,The Campaign,2012,Comedy,5.84,1873,3.3638,en
85446,Step Up Revolution,2012,Music|Drama|Romance,6.906,2126,3.2071,en
59961,Safe House,2012,Action|Thriller,6.492,3926,2.5344,en
77883,The Possession,2012,Horror|Thriller,6.037,1705,2.8197,en
80280,[REC]³ Genesis,2012,Horror,5.331,1628,3.4557,es
82505,House at the End of the Street,2012,Horror|Thriller,5.795,1905,3.7764,en
83666,Moonrise Kingdom,2012,Comedy|Drama|Romance,7.675,6342,3.7945,en
77930,Magic Mike,2012,Drama|Comedy,6.2,3090,2.5642,en
121602,Dangerous Liaisons,2012,Drama|Romance,6.1,45,2.9017,zh
93856,Chernobyl Diaries,2012,Horror|Thriller,5.319,1694,3.8767,en
49527,Man on a Ledge,2012,Action|Thriller|Crime,6.434,2815,3.0788,en
80035,The Watch,2012,Comedy|Action|Science Fiction,5.6,2472,2.3726,en
113947,The Sessions,2012,Drama|Romance|Comedy,6.88,611,3.6005,en
114478,Starship Troopers: Invasion,2012,Animation|Action|Science Fiction,5.9,431,3.0064,en
72358,A Thousand Words,2012,Drama|Comedy|Fantasy,6.106,1400,2.7556,en
160642,Doraemon: Nobita and the Island of Miracles – Animal Adventure,2012,Family|Animation|Adventure|Fantasy|Comedy|Science Fiction,6.838,77,2.7428,ja
111440,The Pact,2012,Horror|Mystery|Thriller,5.678,528,2.0804,en
71668,Piranha 3DD,2012,Horror|Thriller|Comedy,4.334,1152,3.1144,en
110490,Rags,2012,TV Movie|Comedy|Drama|Music,7.324,190,2.7378,en
87825,Trouble with the Curve,2012,Drama|Romance,7.0,1703,3.0253,en
104524,Helter Skelter,2012,Drama|Horror,6.724,170,3.0988,ja
86703,2-Headed Shark Attack,2012,Horror|Action|Science Fiction|Comedy,4.298,305,2.371,en
94348,Alex Cross,2012,Action|Thriller|Crime|Mystery,5.125,773,3.3326,en
81796,Lockout,2012,Action|Thriller|Science Fiction,5.931,1988,3.0352,en
113082,Berserk: The Golden Age Arc I - The Egg of the King,2012,Animation|Action|Adventure|Fantasy|Drama|Horror,7.239,544,2.7114,ja
82525,Savages,2012,Crime|Drama|Thriller,6.358,2290,2.7859,en
76494,What to Expect When You're Expecting,2012,Romance|Comedy|Drama,6.001,1855,2.5934,en
49526,Premium Rush,2012,Crime|Action|Thriller,6.362,2312,3.7404,en
106021,Erased,2012,Action|Thriller,6.073,793,2.5035,en
78049,The Scorpion King 3: Battle for Redemption,2012,Action|Adventure|Fantasy,4.592,381,2.4069,en
147405,Dabangg 2,2012,Action|Comedy|Crime,5.0,119,1.8876,hi
101731,The Magic of Belle Isle,2012,Drama|Comedy,7.0,445,2.8633,en
75638,Red Lights,2012,Thriller,6.182,1403,2.4819,en
70074,Bullet to the Head,2012,Action|Crime|Thriller,5.628,1381,2.5237,en
103332,Ruby Sparks,2012,Comedy|Romance|Fantasy|Drama,7.122,1774,2.4402,en
122800,Freelancers,2012,Mystery|Drama|Action|Crime,5.127,255,2.765,en
10679,Iron Sky,2012,Action|Comedy|Science Fiction,5.75,1783,2.4945,en
104634,Angels of Sex,2012,Romance|Drama,6.353,146,2.6415,es
134597,The Collection,2012,Horror|Thriller,6.397,1144,2.6185,en
85985,Ek Tha Tiger,2012,Action|Thriller|Romance,6.191,217,2.221,hi
118957,Bait,2012,Horror,5.654,809,2.6027,en
76489,The Three Stooges,2012,Comedy,5.806,643,2.9541,en
127493,Stolen,2012,Action|Crime|Thriller,5.488,1116,2.3844,en
82990,Paranormal Activity 4,2012,Horror,5.406,2031,3.0545,en
386467,Absolute Whiteness: Magical Girl,2012,Action|Animation|Fantasy,6.542,36,2.4704,ja
59962,This Means War,2012,Action|Comedy|Romance,6.185,3610,2.5885,en
100271,A Letter to Momo,2012,Comedy|Fantasy|Animation|Drama|Family,7.3,404,2.4577,ja
76487,The Devil Inside,2012,Horror|Thriller,4.695,843,2.9049,en
94901,About Cherry,2012,Drama,4.593,317,2.6284,en
126314,Final Cut: Ladies and Gentlemen,2012,Drama|Romance,7.6,85,2.3027,hu
137409,Cold War,2012,Action|Thriller,6.662,198,2.5043,cn
50647,Wanderlust,2012,Comedy|Romance,5.488,1334,2.3903,en
87826,Here Comes the Boom,2012,Comedy|Action|Drama,6.222,1579,2.6116,en
133521,Shameless,2012,Drama|Romance,5.333,67,2.3672,pl
80038,Friends with Kids,2012,Comedy|Drama|Romance,6.0,491,2.3679,en
126400,Gangs of Wasseypur - Part 2,2012,Crime|Thriller|Action,7.752,107,2.5984,hi
86837,Amour,2012,Drama|Romance,7.754,1780,1.9388,fr
133601,The Neighbors,2012,Thriller|Mystery,7.255,100,2.4534,ko
65086,The Woman in Black,2012,Drama|Horror|Thriller,6.141,3673,2.6301,en
150213,Pokémon the Movie: Kyurem vs. the Sword of Justice,2012,Family|Animation|Action|Adventure|Fantasy|Science Fiction,6.4,186,2.734,ja
120150,Thattathin Marayathu,2012,Romance,7.3,39,2.3025,ml
110410,Drug War,2012,Action|Drama|Crime,6.884,306,2.2477,cn
103269,Superman vs. The Elite,2012,Science Fiction|Animation|Action,6.916,450,2.3644,en
134375,Home Alone: The Holiday Heist,2012,Comedy|Family|TV Movie,5.1,488,2.5523,en
128246,A Werewolf Boy,2012,Romance|Fantasy,7.657,289,2.5068,ko
58244,Upside Down,2012,Romance|Science Fiction|Drama|Fantasy,6.276,2619,2.38,en
93840,Blind Man,2012,Thriller|Action|Mystery,5.552,67,2.6995,fr
97430,The Man with the Iron Fists,2012,Action,5.5,1216,2.5633,en
84184,Celeste & Jesse Forever,2012,Comedy|Drama|Romance,6.4,503,2.0951,en
146724,Love 911,2012,Drama|Romance|Comedy,7.22,93,2.2592,ko
118412,Berserk: The Golden Age Arc II - The Battle for Doldrey,2012,Animation|Action|Adventure|Drama|Fantasy,7.302,462,2.1252,ja
67660,Think Like a Man,2012,Comedy|Romance,6.805,897,2.1342,en
130925,Partysaurus Rex,2012,Family|Animation|Comedy,7.1,519,3.0903,en
91342,Barbie in A Mermaid Tale 2,2012,Animation|Family,7.07,480,2.5855,en
129533,Barbie: The Princess & the Popstar,2012,Family|Animation,7.17,640,2.2464,en
89501,Nameless Gangster,2012,Crime|Thriller,6.909,187,2.0854,ko
103620,Maniac,2012,Horror|Thriller,6.0,1027,2.2653,en
72197,The Pirates! In an Adventure with Scientists!,2012,Animation|Adventure|Family|Comedy,6.5,1207,2.3048,en
134366,Grave Encounters 2,2012,Horror,5.572,1020,2.0375,en
136405,The Outback,2012,Animation|Adventure|Family,5.6,48,3.1997,en
89492,This Is 40,2012,Comedy,5.9,2341,2.5399,en
85053,Jannat 2,2012,Action|Romance,6.2,32,2.6465,hi
111083,The Body,2012,Thriller|Mystery,7.521,1423,2.4896,es
132316,Jab Tak Hai Jaan,2012,Drama|Romance,7.047,288,2.1151,hi
146631,U.F.O.,2012,Action|Science Fiction,4.323,203,1.8898,en
152042,Puella Magi Madoka Magica the Movie Part I: Beginnings,2012,Thriller|Animation|Fantasy,7.51,144,3.7236,ja
112336,Hitchcock,2012,Drama,6.6,1636,2.8576,en
97434,Gambit,2012,Comedy|Crime,5.515,727,2.0026,en
88273,A Royal Affair,2012,Drama|History|Romance,7.35,941,1.8969,da
95516,Cleanskin,2012,Drama|Thriller|Crime,5.649,352,2.5947,en
69537,Nanban,2012,Comedy|Drama,7.131,65,1.9784,ta
127521,6 Bullets,2012,Thriller|Action|Crime,6.267,404,1.8644,en
121674,Great Expectations,2012,Drama|Romance,6.407,359,2.792,en
133931,Zambezia,2012,Comedy|Animation|Adventure|Family,6.2,329,2.5905,en
185526,Code Geass: Akito the Exiled 1: The Wyvern Arrives,2012,Action|Science Fiction|Animation|War,6.244,82,2.1628,ja
122857,Universal Soldier: Day of Reckoning,2012,Action|Science Fiction|Thriller,5.6,484,1.9897,en
77875,Playing for Keeps,2012,Comedy|Romance,5.7,724,1.6769,en
139162,White Deer Plain,2012,Drama|History,6.0,26,2.6534,zh
82687,The Guilt Trip,2012,Comedy,5.608,768,2.0288,en
154030,The Tower,2012,Action|Drama,6.995,317,2.0775,ko
97614,Deadfall,2012,Crime|Drama|Thriller,5.967,722,2.979,en
98548,People Like Us,2012,Drama,6.793,658,1.9733,en
64689,Killing Them Softly,2012,Crime|Thriller,6.0,2407,2.1961,en
167313,Monster High: Why Do Ghouls Fall in Love?,2012,Fantasy|Animation,8.0,191,1.9627,en
87584,Celebrity Sex Tape,2012,Comedy,4.375,76,2.2803,en
148151,Dark Desire,2012,TV Movie|Crime|Mystery|Thriller,4.8,15,1.7475,en
87496,The Company You Keep,2012,Drama|Thriller,6.167,785,2.5258,en
84199,The First Time,2012,Drama|Comedy|Romance,6.989,2156,2.0865,en
102629,El Gringo,2012,Adventure|Drama|Action|Thriller,6.31,216,2.4361,en
138122,Student Of The Year,2012,Comedy|Drama|Romance,5.798,191,1.9323,hi
125490,Antiviral,2012,Science Fiction|Horror,5.965,441,1.881,en
71864,The Odd Life of Timothy Green,2012,Fantasy|Drama|Comedy|Family,7.003,1251,2.095,en
139567,Fire with Fire,2012,Action|Crime|Drama|Thriller,5.67,730,1.9976,en
136793,Dino Time,2012,Animation|Adventure|Comedy|Family,6.016,91,2.0512,en
80389,Get the Gringo,2012,Action|Thriller|Crime|Drama,6.61,1800,1.8447,en
72431,Red Tails,2012,Drama|History|War,6.6,691,1.9041,en
345330,Emmanuelle Through Time: Emmanuelle's Supernatural Sexual Activity,2012,Comedy|Fantasy|Science Fiction,5.227,11,1.9859,en
120143,The Four,2012,Action|Crime|Fantasy,6.404,99,1.8187,zh
103686,Paradise: Love,2012,Drama,6.7,224,2.2187,de
72207,The Five-Year Engagement,2012,Comedy|Romance,5.853,1411,1.9865,en
84332,Safety Not Guaranteed,2012,Comedy|Romance|Science Fiction,6.775,1618,1.586,en
134126,A Company Man,2012,Drama|Action|Crime|Thriller,6.8,200,1.9124,ko
70436,The Raven,2012,Crime|Thriller|Mystery,6.296,1442,1.9668,en
132210,Black Metal Veins,2012,Documentary|Horror,5.03,33,2.3153,zh
134623,Tom and Jerry: Robin Hood and His Merry Mouse,2012,Animation|Comedy|Adventure|Family,6.5,84,1.8988,en
128136,My Awkward Sexual Adventure,2012,Comedy|Romance|Drama,6.756,363,1.9325,en
79548,Gone,2012,Thriller|Mystery,6.239,1240,2.4648,en
201223,Blue Exorcist: The Movie,2012,Animation|Fantasy|Mystery|Horror|Action,7.3,176,1.9172,ja
127372,Emperor,2012,Drama|History|War,6.2,283,1.6941,en
60599,Arbitrage,2012,Drama|Thriller,6.307,942,2.1508,en
99770,Asterix & Obelix: God Save Britannia,2012,Family|Adventure|Comedy,5.119,1407,2.5121,fr
225832,Birthday Sex,2012,Drama|Romance,6.0,25,1.9435,en
84306,Liberal Arts,2012,Romance|Comedy|Drama,6.471,575,2.5875,en
97512,The Courier,2012,Action|Crime,4.84,131,2.3457,en
46429,Gallowwalkers,2012,Action|Horror|Western,4.68,356,2.8649,en
171587,Whatcha Wearin'?,2012,Romance|Comedy,6.782,103,1.7983,ko
132137,Werewolf: The Beast Among Us,2012,Drama|Horror|Thriller,5.9,269,1.9269,en
133200,Masquerade,2012,Drama|History,7.722,169,1.7461,ko
102207,HOUBA! On the Trail of the Marsupilami,2012,Family|Adventure|Comedy,5.3,884,2.2576,fr
130293,The Renovation,2012,Thriller,5.46,25,2.7142,nl
139463,The Scapegoat,2012,Mystery|Drama|Adventure,6.4,87,1.7195,en
152044,Puella Magi Madoka Magica the Movie Part II: Eternal,2012,Thriller|Animation|Fantasy,7.5,117,1.8094,ja
88005,Seeking a Friend for the End of the World,2012,Comedy|Drama|Romance,6.569,2255,1.7606,en
78698,Big Miracle,2012,Adventure|Drama|Romance|Fantasy,6.7,525,2.8712,en
170647,A Perfect Child of Satan,2012,Horror,3.7,22,2.2322,en
49014,Cosmopolis,2012,Drama,5.7,1345,1.9594,en
113594,A Turtle's Tale 2: Sammy's Escape from Paradise,2012,Adventure|Animation|Family,5.8,219,2.0397,en
109520,After Porn Ends,2012,Documentary,5.626,290,1.9882,en
83770,On the Road,2012,Adventure|Drama,5.613,906,1.7795,en
101733,Zombie Ass: Toilet of the Dead,2012,Comedy|Horror,5.019,104,1.6979,ja
703363,Ending the Knight,2012,Documentary,7.147,34,1.7298,en
74387,Goon,2012,Comedy|Drama,6.421,1030,1.7523,en
121734,Tad  the Lost Explorer,2012,Animation|Comedy|Adventure|Family,6.3,612,2.1607,es
103328,Holy Motors,2012,Drama|Fantasy,6.98,1261,2.0971,fr
149854,Gloriously Wasted,2012,Comedy,4.3,24,2.3582,fi
84174,Bachelorette,2012,Comedy|Romance,5.396,1245,1.9648,en
73567,Killer Joe,2012,Crime|Thriller|Drama,6.5,1578,2.2317,en
123229,Porn in the Hood,2012,Comedy,5.0,369,1.6703,fr
104859,Mac & Devin Go to High School,2012,Comedy,6.437,452,2.1191,en
175195,Abdu Mouta,2012,Action|Crime|Drama,4.636,11,1.5605,ar
76589,Justice League: Doom,2012,Action|Animation|Science Fiction|Fantasy,7.4,933,1.7144,en
44667,Strike Witches the Movie,2012,Animation|Action|Fantasy,5.6,20,1.514,ja
116005,Love Actually... Sucks!,2012,Drama|Romance,4.5,24,1.9723,cn
121823,Tai Chi Zero,2012,Action|Drama,6.0,132,1.404,zh
96826,Ben 10: Destroy All Aliens,2012,Animation|Science Fiction|Family|Action|TV Movie,6.67,112,1.9202,en
144616,Sofia the First: Once Upon a Princess,2012,Animation|Family|Fantasy|TV Movie,7.5,124,1.8346,en
121824,Stand Up Guys,2012,Thriller|Comedy|Action|Crime,6.023,1010,1.8345,en
171823,Blood-C: The Last Dark,2012,Animation|Action|Horror,7.1,154,1.6423,ja
79697,Butter,2012,Comedy,5.9,427,1.9629,en
123678,The Act of Killing,2012,Documentary|History,7.659,758,1.3964,da
172329,One Piece: Episode of Luffy - Hand Island Adventure,2012,Action|Animation|Adventure|Comedy|Fantasy|TV Movie,6.698,58,1.7585,ja
148347,The Jungle,2012,Comedy|Adventure|Romance,4.844,45,1.8004,ru
91333,Recoil,2012,Action|Crime|Drama|Thriller,5.767,193,2.2623,en
121828,Beyond Outrage,2012,Action|Crime,7.032,280,1.5405,ja
124294,Soar Into the Sun,2012,Action|Drama|Romance,6.559,145,1.6186,ko
151743,Lost in Thailand,2012,Comedy|Adventure|Drama,6.431,137,1.9419,zh
135531,Fairy Tail: Phoenix Priestess,2012,Animation|Action|Adventure|Comedy|Fantasy,7.275,233,1.7755,ja
128876,Tower Block,2012,Thriller|Action,5.861,194,2.4172,en
78571,Being Flynn,2012,Drama,6.2,281,1.7094,en
82679,Fun Size,2012,Comedy,5.577,448,2.031,en
114955,Let It Shine,2012,Family|Music|TV Movie,6.958,318,1.9875,en
127501,Barfi!,2012,Drama|Romance|Comedy,7.612,370,1.6577,hi
94684,Gyo: Tokyo Fish Attack,2012,Animation|Horror,5.4,104,1.4228,ja
101179,Truth or Dare,2012,Horror|Thriller|Mystery,5.585,420,1.4787,en
74306,God Bless America,2012,Comedy|Drama|Crime,6.951,1060,1.9164,en
74534,The Best Exotic Marigold Hotel,2012,Drama|Comedy,6.955,1462,2.021,en
124471,Painted Skin: The Resurrection,2012,Drama|Fantasy,5.9,107,2.8195,zh
84348,V/H/S,2012,Thriller|Horror,6.099,1712,2.7112,en
121826,Quartet,2012,Drama|Comedy|Romance,6.49,388,1.7134,en
119321,Big Top Scooby-Doo!,2012,Family|Animation|Comedy|Mystery,7.7,216,1.4335,en
82696,Hope Springs,2012,Drama|Comedy|Romance,6.271,831,1.9434,en
91186,A Simple Life,2012,Drama,7.5,186,1.7372,cn
215180,One Piece Episode of Nami: Tears of a Navigator and the Bonds of Friends,2012,Action|Adventure|Animation|Comedy|Fantasy,7.0,52,1.3999,ja
84194,Excision,2012,Drama|Horror|Comedy,6.2,602,1.858,en
77948,The Cold Light of Day,2012,Action|Thriller|Mystery,5.388,988,1.8767,en
123105,The Bay,2012,Horror|Science Fiction|Thriller,5.8,871,1.3838,en
81025,Salmon Fishing in the Yemen,2012,Drama|Romance|Comedy,6.418,952,1.8694,en
78047,Treasure Buddies,2012,Adventure|Family,6.11,123,1.2629,en
82684,Chasing Mavericks,2012,Drama,6.998,596,1.9742,en
159389,TalhotBlond,2012,Drama|TV Movie,6.3,49,1.6054,en
82485,Transit,2012,Action|Thriller|Crime,5.736,229,2.6011,en
127329,Naked Soldier,2012,Action|Crime|Thriller,4.806,31,1.4826,cn
133783,Marie Kroyer,2012,Drama,6.24,25,1.8982,da
133694,Promised Land,2012,Drama,6.3,745,1.5225,en
288737,See Me After Class,2012,Animation|Comedy,7.236,165,1.363,ja
94380,Bad Ass,2012,Action|Drama,5.8,433,1.6433,en
73935,Vamps,2012,Comedy|Romance|Horror,5.3,301,1.8897,en
163772,Crayon Shin-chan: Invoke a Storm! Me and the Space Princess,2012,Comedy|Animation,6.6,39,1.8554,ja
110160,Laurence Anyways,2012,Drama|Romance,7.626,899,1.646,fr
102632,Rowdy Rathore,2012,Action|Comedy|Crime,5.941,111,1.3683,hi
96231,August. Eighth,2012,Action|Drama|Fantasy,6.0,69,1.5049,ru
127651,The Seasoning House,2012,Horror,6.296,274,1.8631,en
123380,Betrayal,2012,Drama,5.9,42,1.3981,ru
89185,Radio Rebel,2012,Comedy|Drama|Family|TV Movie|Music,6.2,842,1.4586,en
152581,Room on the Broom,2012,Family|Animation|TV Movie,6.6,117,1.3075,en
126319,Ernest & Celestine,2012,Animation|Family|Crime|Drama|Comedy,7.734,687,1.6349,fr
121878,The Last Supper,2012,Action|History,6.21,31,1.4321,zh
123362,Painless,2012,Drama|Horror|Thriller,6.209,187,1.5274,ca
156643,The Last Tycoon,2012,Drama|History,6.402,51,1.5413,zh
126710,Magic Tree House,2012,Adventure|Animation|Family|Fantasy|Science Fiction,7.0,11,1.1946,ja
86467,Bel Ami,2012,Romance|Drama,5.3,539,1.4925,en
132601,The Reef 2: High Tide,2012,Animation|Family,4.5,59,1.7432,en
136406,LEGO Star Wars: The Empire Strikes Out,2012,Family|Animation|Science Fiction,6.4,108,1.3321,en
90369,Now Is Good,2012,Drama|Romance,7.299,1108,1.4854,en
116979,Chained,2012,Horror|Thriller|Drama,6.883,538,1.7221,en
111839,Hemingway & Gellhorn,2012,Drama|Romance,6.1,193,2.008,en
103551,Hirokin: The Last Samurai,2012,Action|Adventure|Drama|Science Fiction,3.7,45,1.9131,en
83382,Players,2012,Action|Adventure|Crime|Thriller|Drama,5.046,65,1.5029,hi
167666,Monster High: Escape from Skull Shores,2012,Animation|Family|Fantasy,7.716,116,1.4806,en
303437,Inazuma Eleven GO vs. Danball Senki W,2012,Action|Adventure|Animation|Science Fiction,7.276,29,1.4427,ja
135812,Dracula 3D,2012,Horror,3.539,243,1.2288,en
84329,Robot & Frank,2012,Science Fiction|Comedy|Drama|Crime,6.91,1167,1.468,en
59963,Dark Tide,2012,Thriller|Adventure|Drama,4.725,236,2.1674,en
179058,Be My Slave,2012,Drama|Romance|Comedy,5.727,44,1.3558,ja
119698,The Dinosaur Project,2012,Adventure|Action|Horror,5.78,329,1.2651,en
109584,Broken,2012,Drama,6.868,292,2.456,en
204755,Fusé: Memoirs of a Huntress,2012,Animation|Action|Drama|History,6.625,28,1.2596,ja
86597,The Tall Man,2012,Horror|Mystery|Thriller,6.034,1232,1.5136,en
70667,Kon-Tiki,2012,Adventure|History,6.886,827,1.6351,no
97365,Rust and Bone,2012,Drama|Romance,7.157,1461,1.475,fr
115210,Stitches,2012,Horror,6.25,444,1.3652,en
116613,The Sweeney,2012,Action|Crime,5.718,294,2.4127,en
241697,Kamen Rider × Super Sentai: Super Hero Wars,2012,Action|Adventure|Science Fiction,6.469,16,1.4402,ja
119569,Marvel One-Shot: Item 47,2012,Science Fiction|Action|Fantasy,6.428,615,1.3598,en
115134,The Scent,2012,Comedy|Crime|Thriller,5.7,26,1.5736,ko
136403,Populaire,2012,Comedy|Romance,6.6,598,1.4634,fr
138735,Little Thirteen,2012,Drama,5.273,44,1.4155,de
127872,Call Girl,2012,Thriller|Drama,6.299,78,1.5385,sv
96399,Outlaws - For Greater Glory,2012,History|Drama|Action|War,6.818,170,1.256,en
256812,Fujimi Orchestra: Cold Front Conductor,2012,Drama|Romance|Music,4.6,10,1.144,ja
274336,Urban Tale,2012,Drama,4.0,11,1.0812,he
87842,I Ain't Scared of You: A Tribute to Bernie Mac,2012,Documentary|Comedy,8.1,11,1.4178,en
95775,Clip,2012,Drama,5.4,129,1.7496,sr
149085,Tai Chi Hero,2012,Action|Adventure,6.09,111,1.3898,cn
128655,Haunted High,2012,Horror|Fantasy|Mystery|Science Fiction|Thriller,4.3,41,2.2712,en
98631,Himizu,2012,Crime|Drama|Thriller,7.0,176,1.5712,ja
123797,Vulgaria,2012,Comedy,6.3,56,1.3201,cn
57163,Yellow,2012,Drama,4.9,10,2.2525,en
82390,The Paperboy,2012,Thriller|Drama|Mystery,5.546,809,1.1936,en
115084,Piranhaconda,2012,Horror|Science Fiction|Comedy,4.9,167,2.5602,en
119738,Thunderstruck,2012,Comedy|Family,6.191,251,2.1593,en
88042,Parental Guidance,2012,Comedy,5.978,484,2.1078,en
118683,Maximum Conviction,2012,Action|Adventure|Thriller,4.945,145,1.3078,en
82532,Jeff  Who Lives at Home,2012,Drama|Comedy,6.22,685,1.5065,en
107235,Architecture 101,2012,Comedy|Romance,7.3,138,1.3778,ko
80271,LOL,2012,Drama|Comedy|Romance,6.1,2747,1.5396,en
118737,Interview with a Hitman,2012,Action|Thriller,5.236,144,1.6246,en
84305,Lay the Favorite,2012,Drama|Comedy,5.2,248,1.2387,en
222951,B.A. Pass,2012,Drama,5.534,44,1.572,hi
140380,26 Years,2012,Drama|Thriller,6.8,74,1.1161,ko
139455,Silent Night,2012,Comedy|Horror|Thriller|Mystery,5.2,332,1.4945,en
115738,Million Dollar Crocodile,2012,Crime|Comedy|Horror,4.3,40,1.1049,zh
132957,Don't Click,2012,Horror|Crime|Mystery,5.37,46,1.2771,ko
97632,American Warships,2012,Action|Thriller|Science Fiction|War,3.629,66,1.3972,en
58547,10 Years,2012,Comedy|Drama,5.829,585,2.2912,en
151535,Scooby-Doo! Mask of the Blue Falcon,2012,Animation|Comedy|Fantasy|Adventure|Family|Mystery,7.67,165,1.7576,en
155776,Heroes and Demons,2012,Comedy|Drama|Thriller,6.8,18,1.2727,en
167449,The Guillotines,2012,Action|History|Adventure|Drama,5.58,56,1.1892,zh
89455,360,2012,Drama|Romance,5.715,305,1.3669,en
91010,Game Change,2012,TV Movie|Drama|Comedy|History,6.9,344,1.1758,en
119117,Hijacked,2012,Action|Thriller,4.0,58,1.0743,en
146955,Border Run,2012,Thriller|Crime,5.625,80,2.327,en
121491,Deranged,2012,Thriller|Drama,6.6,117,1.2121,ko
127867,The Brass Teapot,2012,Comedy|Fantasy|Thriller,6.13,512,1.2049,en
84577,7 Below,2012,Horror,3.6,94,2.4375,en
115023,Measuring the World,2012,Drama,6.415,147,1.6636,de
84175,Beasts of the Southern Wild,2012,Drama|Fantasy,6.841,1148,1.2691,en
358674,The Teenie Weenie Bikini Squad,2012,Thriller|Comedy|Crime,4.619,21,1.4505,en
115002,Hemel,2012,Drama,5.1,40,2.2259,nl
118279,Annika Bengtzon: Crime Reporter - Studio Sex,2012,Crime|Drama|Thriller|Mystery,6.4,52,1.5121,sv
110398,No,2012,Drama|History,7.197,474,1.1962,es
54054,One for the Money,2012,Action|Comedy|Crime,5.554,1009,1.5056,en
81900,Scooby-Doo! Music of the Vampire,2012,Family|Animation|Mystery|Adventure|Comedy|Fantasy,7.7,209,1.2939,en
91679,Starlet,2012,Drama,6.814,196,1.4212,en
84330,Room 237,2012,Documentary,6.114,526,2.4488,en
121872,Ginger & Rosa,2012,Drama,6.016,243,1.4976,en
51485,Delhi Safari,2012,Animation|Comedy|Family,5.2,20,1.2552,en
200424,Kaizoku Sentai Gokaiger vs. Space Sheriff Gavan: The Movie,2012,Action|Adventure|Science Fiction,6.8,13,1.1001,ja
84105,Frenemies,2012,Drama|Family|TV Movie|Comedy,5.774,442,1.2489,en
140420,Paperman,2012,Animation|Family|Romance|Comedy|Fantasy,8.0,1802,1.4651,en
84200,For a Good Time  Call...,2012,Comedy|Drama,5.875,317,1.2749,en
130267,Seal Team Six: The Raid on Osama Bin Laden,2012,Thriller|Action|Drama,5.9,293,1.2684,en
134371,Atlas Shrugged: Part II,2012,Drama|Science Fiction|Mystery,5.252,145,1.1941,en
124093,Jism 2,2012,Thriller,4.13,27,1.2503,hi
140441,Sadako 3D,2012,Horror,5.25,98,0.9322,ja
118612,After,2012,Mystery|Thriller|Horror|Drama,5.529,187,1.5897,en
84575,Tooth Fairy 2,2012,Comedy|Family,4.885,178,1.2299,en
116463,Arachnoquake,2012,Horror|Science Fiction,4.0,81,2.0186,en
95755,Small Apartments,2012,Comedy|Crime|Drama,5.857,161,1.3207,en
140212,Confession of Murder,2012,Action|Thriller,7.128,328,1.1804,ko
136911,The Factory,2012,Crime|Thriller|Mystery,5.589,305,1.5182,en
94363,Hick,2012,Comedy|Drama,5.7,451,2.0638,en
84334,Searching for Sugar Man,2012,Music|Documentary,7.886,1028,1.1384,en
137936,SPEC: Heaven,2012,Crime|Mystery|Fantasy,7.2,27,0.8985,ja
139662,Maattrraan,2012,Action|Thriller,5.784,44,1.4306,ta
86541,Ghost Graduation,2012,Comedy|Fantasy,6.593,225,1.5044,es
138038,Girl vs. Monster,2012,Family|Comedy|Science Fiction|TV Movie,6.299,281,1.3255,en
128452,Tulpa - Demon of Desire,2012,Thriller|Horror,4.451,51,2.2751,it
135708,Nature Calls,2012,Comedy,4.094,48,1.5197,en
60270,Wish You Were Here,2012,Drama|Thriller|Mystery,5.5,91,1.1794,en
101267,Katy Perry: Part of Me,2012,Documentary|Music,7.157,289,1.2169,en
164372,The Snow Queen,2012,Animation|Fantasy|Family,5.788,179,2.0257,ru
85373,StreetDance 2,2012,Music|Romance|Drama,6.2,400,1.268,en
119278,Smiley,2012,Horror,4.319,431,1.1627,en
135718,OMG: Oh My God!,2012,Comedy|Drama,7.253,290,1.1886,hi
116977,Foodfight!,2012,Adventure|Comedy|Animation|Family|Action,2.0,155,1.0207,en
105965,Beverly Hills Chihuahua 3: Viva la Fiesta!,2012,Comedy|Family,6.307,277,1.3657,en
103370,Madea's Witness Protection,2012,Drama|Comedy|Crime,6.13,196,1.2099,en
100529,Lola Versus,2012,Comedy,5.0,145,1.6987,en
118931,After School Midnighters,2012,Fantasy|Animation|Comedy|Family,6.2,10,1.3637,ja
120409,Crisis Point,2012,Thriller|Drama,4.7,19,1.1889,en
136616,The Pursuit of Unhappiness,2012,Comedy,5.9,17,1.5919,de
68684,Detention,2012,Horror|Comedy|Science Fiction,5.594,415,1.1999,en
147999,Dearest,2012,Drama,6.733,15,0.9897,ja
85590,All's Well  Ends Well,2012,Comedy|Romance,4.6,19,1.096,cn
134632,Monster High: Ghouls Rule,2012,Animation|Family,6.892,116,1.3722,en
138222,Best Man Down,2012,Comedy|Drama,6.654,204,1.2252,en
133558,Saints and Soldiers: Airborne Creed,2012,War|Drama|Action,5.321,92,1.1849,en
121835,Lore,2012,Drama|War|Thriller,6.774,314,0.886,de
88284,Barbara,2012,Drama,7.161,361,1.3834,de
86004,Talaash,2012,Crime|Drama|Thriller,6.771,247,1.1541,hi
160030,Triad,2012,Crime|Drama,5.8,11,1.2515,cn
142308,Santa Paws 2: The Santa Pups,2012,Family|Fantasy|Adventure,6.109,124,1.4369,en
187448,Sins,2012,Thriller|Action,2.3,14,1.1887,en
84341,Smashed,2012,Comedy|Drama|Romance,6.451,304,1.355,en
127913,The Deep,2012,Drama,6.307,127,1.1101,is
112090,Branded,2012,Science Fiction|Thriller,4.747,194,0.8328,en
140174,Rise of the Zombies,2012,Action|Horror|Thriller,4.2,105,1.1132,en
51996,Thin Ice,2012,Comedy|Crime|Drama,6.492,183,1.1776,en
83706,The Viral Factor,2012,Action|Crime|Thriller|Drama|Mystery,5.8,112,1.2798,zh
138665,Perfect Number,2012,Thriller|Mystery,6.6,74,1.2859,ko
129743,Another,2012,Horror|Thriller|Mystery,5.9,57,1.3718,ja
89584,Conquest 1453,2012,Adventure|Drama|Action|War,6.042,201,1.2137,tr
121147,Freeloaders,2012,Comedy,4.6,33,1.9691,en
246823,Teta Rahiba,2012,Comedy,5.6,24,1.17,ar
135915,Psychic School Wars,2012,Animation|Drama|Romance|Science Fiction,6.611,45,1.3132,ja
148265,Eega,2012,Fantasy|Action,7.1,245,1.2022,te
183026,Rigodon,2012,Thriller|Drama|Mystery,5.7,16,1.4629,tl
139862,Rommel,2012,Action|War|History|Drama,6.1,72,1.1614,de
118512,Annika Bengtzon: Crime Reporter - Lifetime,2012,Drama|Thriller|Crime|Mystery,6.1,25,1.4454,sv
132099,Adopting Terror,2012,Thriller|TV Movie|Crime,5.1,31,1.8925,en
84858,Agneepath,2012,Action|Crime|Drama,6.3,166,1.3206,hi
116185,Billa II,2012,Action|Crime,5.888,40,0.9959,ta
166747,Monster High: Friday Night Frights,2012,Animation|Family,7.771,153,1.3654,en
93837,So Undercover,2012,Action|Comedy,6.097,1158,1.1279,en
168027,Freaky Deaky,2012,Comedy,5.129,66,2.082,en
93030,Eldorado,2012,Comedy|Horror|Western,3.05,20,1.2279,en
88036,Sparkle,2012,Music|Drama|Romance,6.202,124,1.046,en
85414,Brake,2012,Crime|Action|Thriller|Mystery,5.835,221,2.4131,en
118628,English Vinglish,2012,Comedy|Drama|Family,7.232,293,1.475,hi
115276,Pusher,2012,Action|Thriller|Crime,5.3,115,1.2883,en
82887,Air Collision,2012,Action|Thriller,4.581,43,2.0821,en
478253,Rite of Passage: The Amazing Spider-Man Reborn,2012,Documentary,7.3,16,1.0835,en
102001,Like Someone in Love,2012,Drama,6.882,272,1.0802,ja
116303,Rent-a-Cat,2012,Comedy|Drama,7.2,50,1.1525,ja
190899,Dead Mine,2012,Action|Horror,4.8,125,1.3514,id
81836,To Rome with Love,2012,Comedy|Romance,5.789,2089,1.3381,en
105531,Jack & Diane,2012,Drama|Horror|Romance,4.013,80,1.4897,en
489412,It's Such a Beautiful Day,2012,Animation|Comedy,7.9,370,0.9553,en
116227,Howling,2012,Mystery|Thriller,6.054,102,1.0925,ko
117974,Sightseers,2012,Comedy|Crime|Romance,6.303,565,1.0649,en
127370,Song for Marion,2012,Music|Comedy|Romance|Drama,6.8,162,1.1117,en
137400,Black & White: The Dawn of Assault,2012,Comedy|Action,6.77,37,0.9479,zh
100275,Eddie: The Sleepwalking Cannibal,2012,Horror|Comedy,6.0,46,1.1894,en
136701,The Assassins,2012,Drama|History,5.773,64,1.1255,zh
94555,Love On-Air,2012,Romance|Comedy,6.1,19,1.0551,ko
89691,ATM,2012,Horror|Thriller,5.083,671,1.2253,en
116028,The Gangster,2012,Action|Drama|Crime,6.2,16,0.8456,th
123103,Aftershock,2012,Horror|Thriller,5.161,357,2.4958,es
118624,Doomsday Book,2012,Science Fiction|Fantasy|Drama|Comedy,6.155,113,1.3759,ko
118690,Keith Lemon: The Film,2012,Comedy,2.9,40,1.2511,en
369145,Doctor Who: The Snowmen,2012,TV Movie|Adventure|Science Fiction|Drama|Family,7.744,238,0.9337,en
121642,Twice Born,2012,Drama|Romance|War,7.264,472,1.2746,it
137180,Aiyyaa,2012,Romance|Comedy,4.7,31,1.2611,hi
133698,A Perfect Plan,2012,Comedy|Romance,5.885,658,1.1647,fr
134781,Bye Bye Blondie,2012,Comedy|Drama|Romance,5.5,63,1.1441,fr
63574,Joyful Noise,2012,Comedy|Music,6.4,167,1.0176,en
127878,Casting By,2012,Documentary,6.857,43,0.9012,en
79940,Tim and Eric's Billion Dollar Movie,2012,Comedy,5.514,139,0.921,en
123320,Canned Dreams,2012,Documentary,7.3,11,1.2508,fi
82631,Won't Back Down,2012,Drama,6.1,121,1.2414,en
122044,Offender,2012,Thriller,6.7,113,1.1036,en
178875,3 A.M. 3D,2012,Horror,5.0,34,1.0896,th
143010,Thuppakki,2012,Action|Thriller,7.301,113,1.0541,ta
116488,All About My Wife,2012,Comedy|Romance,6.6,52,1.0458,ko
98066,The Babymakers,2012,Comedy,5.0,143,1.1493,en
84383,I Am Bruce Lee,2012,Documentary,7.6,157,0.9852,en
120852,Lesson of the Evil,2012,Thriller|Horror,6.69,234,1.3038,ja
135403,Freddie Mercury: The Great Pretender,2012,Music|Documentary,7.318,77,1.0597,en
84057,Süskind,2012,Drama|War,7.0,48,1.1445,nl
113294,Fast Girls,2012,Drama,6.1,109,1.0236,en
129088,22 Female Kottayam,2012,Crime|Drama|Romance|Thriller,7.3,32,1.0729,ml
181656,Asura,2012,Animation|Drama|History|Horror,7.236,87,1.0517,ja
127498,Raaz 3,2012,Horror|Thriller,5.095,42,1.2215,hi
175041,The Kirishima Thing,2012,Drama,6.945,73,1.1234,ja
82450,Hamilton: In the Interest of the Nation,2012,Thriller|Action|Drama,6.1,136,1.1444,sv
83186,Wrong,2012,Comedy|Mystery,6.268,380,0.9383,en
138284,Only Decent People,2012,Comedy|Drama,4.878,37,0.8142,nl
84204,Grabbers,2012,Science Fiction|Comedy|Thriller|Horror|Mystery,6.082,513,0.9713,en
134096,2 + 2,2012,Comedy,6.557,96,1.2107,es
144293,Fatal Honeymoon,2012,Crime|Drama|TV Movie,5.2,20,1.3148,en
88318,Secrets of Eden,2012,Drama|Mystery|Thriller|TV Movie,4.4,14,1.0371,en
165845,Retribution,2012,TV Movie|Thriller,5.7,28,2.2763,fr
84336,Shadow Dancer,2012,Thriller,5.939,280,1.1216,en
208703,Rufus,2012,Drama|Horror,5.5,25,0.8857,en
132923,Guns  Girls and Gambling,2012,Crime|Thriller,5.38,129,1.1057,en
139651,Haute Cuisine,2012,Comedy|Drama,6.188,304,1.0159,fr
90363,Mysterious Island,2012,Horror|Science Fiction|Adventure,4.5,40,1.1579,en
162006,Brave Hearts: Umizaru,2012,Action|Drama,6.2,25,1.0442,ja
258936,Doctor,2012,Action|Horror|Thriller,3.455,11,1.0298,ko
114606,Cockneys vs Zombies,2012,Action|Comedy|Horror|Thriller,5.657,456,1.0656,en
118932,Combustible,2012,Animation|History,6.853,17,0.8647,ja
139329,Back to 1942,2012,War|Drama,6.7,85,1.239,zh
85207,Airborne,2012,Horror|Thriller,3.7,60,1.1377,en
129850,The Bullet Vanishes,2012,Action|Mystery,6.394,80,0.9778,zh
127848,All That Matters Is Past,2012,Thriller|Drama|Mystery,5.6,23,1.4347,no
122924,One in the Chamber,2012,Action|Thriller,5.533,167,0.8834,en
92591,Bernie,2012,Comedy|Crime|Drama,6.573,1036,1.185,en
86719,Bodyguard,2012,Action|Comedy|Romance,5.1,10,1.0473,te
105680,Love in the Buff,2012,Comedy|Romance,6.6,65,1.2458,cn
121873,Hannah Arendt,2012,Drama,6.9,289,0.8813,de
209032,The Floating Castle,2012,History|Comedy|Drama,7.403,31,1.0322,ja
84187,The Comedy,2012,Comedy|Drama,5.8,71,0.915,en
127509,Bad 25,2012,Documentary|Music,7.3,74,1.1184,en
135281,Camille Rewinds,2012,Comedy|Romance|Drama,6.194,240,2.1726,fr
120884,Fairy Tale Killer,2012,Thriller|Mystery|Crime,4.2,14,0.9301,cn
72334,Chimpanzee,2012,Documentary,7.029,136,1.1138,en
128475,Speckles: The Tarbosaurus,2012,Animation|Adventure,6.448,29,0.9147,ko
99534,Beautiful Wave,2012,Drama,4.6,11,0.9742,en
98582,Unit 7,2012,Drama|Action,6.095,185,2.0258,es
191698,2 Jacks,2012,Comedy|Drama,5.2,22,1.2576,en
138496,Crawlspace,2012,Horror|Science Fiction|Mystery|Thriller,4.8,109,1.7462,en
115523,Blood from a Stone,2012,Drama,5.4,22,0.952,fr
130966,So You Want To Be A Pirate!,2012,Comedy|Animation,6.23,37,0.8075,en
121879,A Late Quartet,2012,Music|Drama,6.7,253,1.1179,en
121730,Big is Beautiful,2012,Comedy,5.707,191,1.8516,fr
111237,White Tiger,2012,Action|Adventure|Fantasy|War,5.7,107,1.2156,ru
142178,I Have to Buy New Shoes,2012,Comedy|Romance,6.2,15,0.9291,ja
135858,Dungeons & Dragons: The Book of Vile Darkness,2012,Drama|Adventure|Fantasy,4.471,69,1.3364,en
134826,Home Invasion,2012,TV Movie|Action|Thriller,6.237,19,2.121,en
122293,The Philadelphia Experiment,2012,Adventure|Science Fiction|Thriller|Mystery,4.8,152,1.3064,en
177221,The Battery,2012,Drama|Horror,6.1,304,2.1569,en
251594,Undress Me,2012,Drama,5.7,24,0.8592,en
127887,The Cowards Who Looked to the Sky,2012,Drama|Romance,6.7,20,1.0208,ja
110146,The Sapphires,2012,Comedy|Drama,6.784,222,1.1516,en
91694,Ace Attorney,2012,Crime|Mystery|Drama,6.111,104,0.9337,ja
133206,War Flowers,2012,Drama,4.8,13,0.917,en
109513,Hit & Run,2012,Action|Comedy|Romance,5.731,577,1.4222,en
102870,Unfair World,2012,Crime|Drama|Comedy,5.7,11,0.9081,el
141679,Spike Island,2012,Comedy|Drama|Music,6.313,80,1.0652,en
150088,1812. Ballad of the Uhlans,2012,Adventure|History,3.9,12,0.9399,ru
136942,Shadows of Love,2012,Drama|Romance,4.4,10,1.0314,zh
119826,The Unspeakable Act,2012,Drama,5.5,25,0.9856,en
108972,Helpless,2012,Mystery|Thriller,7.078,90,1.0983,ko
458877,Gayby,2012,Comedy|Drama|Romance,5.3,35,1.9522,en
141423,The Legend of Mor'du,2012,Animation|Family|Fantasy|Drama,5.932,170,1.2337,en
168336,Magic Boys,2012,Comedy,2.3,13,0.7333,en
121676,Inescapable,2012,Thriller|Romance,5.238,63,1.0582,en
107170,Ghost Recon: Alpha,2012,Action|Science Fiction|Thriller|War,7.151,129,1.1344,en
136278,Blood,2012,Drama|Thriller|Crime,5.871,171,0.9716,en
145954,The Monkey King 3D: Uproar in Heaven,2012,Animation,7.4,11,0.9934,zh
127453,Casting Blossoms to the Sky,2012,Fantasy|Drama|War,6.9,13,0.9351,ja
204634,Kamen Rider × Kamen Rider Wizard & Fourze: Movie Wars Ultimatum,2012,Action|Adventure|Science Fiction|Drama|Comedy,5.679,14,0.9895,ja
80384,Breaking Wind,2012,Comedy|Fantasy,3.381,232,0.9103,en
105210,Thermae Romae,2012,Drama|Comedy|Science Fiction,6.3,119,0.832,ja
84354,Young and Wild,2012,Comedy|Drama,6.3,153,0.987,es
81446,The Baytown Outlaws,2012,Action|Comedy|Crime,5.961,346,1.3909,en
245881,Scooby-Doo! Haunted Holidays,2012,Mystery|Animation|Adventure|Comedy|Family,8.2,105,1.0014,en
114172,Naked Harbour,2012,Drama,5.8,49,0.8965,fi
117506,Motorway,2012,Action|Crime,6.3,93,0.9545,cn
293202,Ushijima the Loan Shark,2012,Drama,6.8,16,1.0643,ja
167693,Kamen Rider Fourze The Movie: It’s Space Time  Everybody!,2012,Action|Adventure|Science Fiction,6.292,12,0.9359,ja
137566,Between Us,2012,Drama,5.2,32,0.9909,en
135598,Bread of Happiness,2012,Comedy|Drama,6.7,40,0.8847,ja
212864,An Hour and a Half,2012,Drama,7.431,29,1.0043,ar
179883,Smile Precure! The Movie: Big Mismatch in a Picture Book!,2012,Animation|Comedy|Fantasy|Action|Adventure|Family,6.567,15,1.0041,ja
121796,Dreams for Sale,2012,Drama|Crime,7.2,17,0.8091,ja
128767,God Loves Caviar,2012,Adventure|History,5.4,39,0.7018,el
103194,Dinotasia,2012,Animation|Documentary,5.5,16,1.2548,en
147767,Khiladi 786,2012,Action|Comedy,4.873,51,1.0171,hi
86409,Romancing in Thin Air,2012,Romance|Drama,5.1,19,0.7806,cn
91596,Dancing Queen,2012,Romance|Drama|Comedy,6.2,28,1.1151,ko
120713,Wu Dang,2012,Action|Adventure,5.3,48,0.8072,zh
128215,Still Mine,2012,Drama,6.9,80,0.7911,en
93858,Tabu,2012,Drama|Romance,6.994,177,0.8988,pt
129112,Wadjda,2012,Drama,7.2,511,0.9249,ar
141095,Jack Irish: Bad Debts,2012,Crime|Drama|Mystery|TV Movie,6.491,58,1.039,en
127535,Space Brothers,2012,Comedy|Drama,6.6,19,0.8584,ja
135647,The Details,2012,Comedy|Drama,6.0,198,0.9793,en
138376,A Dark Truth,2012,Action|Thriller,5.525,120,1.044,en
127061,Lake Effects,2012,Drama|Family|Comedy|Romance|TV Movie,4.0,20,2.0917,en
78215,Into the White,2012,War|Action|Drama,6.871,329,1.0751,no
145738,40 Days and Nights,2012,Action|Science Fiction|Adventure|Thriller,2.933,82,0.9659,en
121801,MoniKa,2012,Drama|Romance|Action|Thriller,5.9,23,0.839,en
103243,Vicky Donor,2012,Comedy|Romance,6.777,193,0.8049,hi
110354,Side by Side,2012,Documentary,7.254,313,0.9976,en
115189,Louis Theroux: Twilight of the Porn Stars,2012,Documentary|TV Movie,6.4,44,0.8708,en
104880,Shadows of Liberty,2012,Documentary,6.6,16,0.7287,en
139933,Kiss of the Damned,2012,Thriller|Horror|Romance,5.1,141,0.8807,en
133985,Horror Stories,2012,Horror|Thriller,5.782,39,0.9987,ko
98529,New Perfect Two,2012,Drama|Family,4.5,10,0.7699,zh
257368,Battlestar Galactica: Blood & Chrome,2012,Science Fiction|TV Movie|Action,6.754,173,1.1954,en
122282,Taken Back: Finding Haley,2012,TV Movie|Drama|Thriller|Mystery,6.739,44,0.9155,en
100683,Dragon Eyes,2012,Action|Drama,5.29,202,0.8771,en
121793,Capital,2012,Drama|Thriller,6.14,154,2.0203,fr
141932,Double Xposure,2012,Crime|Drama|Mystery|Thriller,5.3,19,0.7261,zh
127374,Arthur Newman,2012,Drama,5.642,219,1.9128,en
150654,Finding Mrs. Claus,2012,Comedy|Romance|TV Movie,5.6,40,0.9776,en
124874,Runway Cop,2012,Comedy|Romance,5.5,26,0.636,ko
136231,Cyberstalker,2012,Drama|Mystery|Thriller|TV Movie,5.359,32,0.9158,en
97642,Tokyo Species,2012,Horror|Science Fiction,5.611,36,0.836,ja
143970,Private Peaceful,2012,Drama|Romance|War,6.6,46,1.1467,en
84287,The Imposter,2012,Documentary|Mystery|Crime,7.318,798,1.0732,en
144785,Matchmaker Santa,2012,TV Movie|Comedy|Drama|Romance,5.7,67,1.7176,en
112304,Soldiers of Fortune,2012,Action|Adventure,4.843,169,0.9825,en
125966,Harodim,2012,Thriller|Drama,5.182,11,1.7788,de
79935,Fortress,2012,War,5.556,45,0.9437,en
130752,In a Bedroom,2012,Drama,5.0,10,1.0022,pl
90231,Kill Zombie!,2012,Comedy|Horror,4.7,46,1.4956,nl
96664,Nightfall,2012,Thriller|Action|Crime|Mystery,6.366,67,0.8151,cn
124505,Afro Tanaka,2012,Comedy|Romance|Drama,5.2,10,0.6928,ja
146870,Neerparavai,2012,Drama,6.2,11,0.9289,ta
122089,Something in the Air,2012,Romance|Drama,5.9,96,1.8835,fr
120422,Pretty Cure All Stars New Stage: Friends of the Future,2012,Animation|Comedy|Fantasy|Action|Adventure|Family,6.636,11,0.9657,ja
164046,Sisterakas,2012,Comedy|Drama,4.6,13,1.7935,tl
117416,The Deal,2012,Action|Crime|Drama,6.865,37,0.8399,ar
162145,The Liability,2012,Thriller|Comedy|Crime,5.668,214,0.9949,en
127544,009 Re:Cyborg,2012,Action|Animation|Science Fiction,7.0,112,1.2442,ja
249260,Avalanche Sharks,2012,Horror|Action|Science Fiction|Adventure|Comedy,3.318,110,1.0038,en
133369,The Conspiracy,2012,Thriller|Horror,6.0,262,0.8798,en
117856,Bigfoot,2012,Horror|Science Fiction|Adventure|TV Movie,3.1,52,1.0214,en
132250,Hypothermia,2012,Horror,3.9,57,1.2417,en
84907,Playback,2012,Horror|Thriller,4.2,108,0.7962,en
89325,Darling Companion,2012,Drama|Romance|Comedy,5.0,100,0.923,en
122192,The Lookout,2012,Action|Crime|Mystery,5.598,128,0.9595,fr
118417,7 seX 7,2012,Drama|Comedy|Romance,4.0,20,0.9585,hr
110148,Jesse Stone: Benefit of the Doubt,2012,Drama|Thriller|Crime|Mystery,6.845,84,0.8066,en
123377,Pieta,2012,Drama,7.049,418,1.1009,ko
128113,Key of Life,2012,Comedy|Crime,7.551,118,0.6553,ja
691677,X-Men: First Class 35mm Special,2012,Documentary|TV Movie,6.8,32,0.9418,en
117923,Assassin's Bullet,2012,Action|Adventure|Thriller,3.9,74,0.7654,en
157663,Layover,2012,Crime|Mystery|Thriller,4.6,38,0.8314,en
135973,Pennhurst,2012,Horror,3.1,17,0.9349,en
84203,Goats,2012,Comedy,5.536,110,0.9576,en
101024,I Love Hong Kong 2012,2012,Comedy,4.9,10,0.9646,cn
134756,Killjoy Goes to Hell,2012,Horror,4.8,27,1.1505,en
104185,Alien Tornado,2012,Science Fiction|Action|Thriller,3.8,55,0.9653,en
89857,High Road,2012,Comedy,5.6,55,1.9459,en
178592,TIGER & BUNNY: The Beginning,2012,Animation|Action|Science Fiction,6.4,19,0.9363,ja
87504,Hyde Park on Hudson,2012,Comedy|Drama|History,5.282,211,0.8392,en
132711,The Grand Heist,2012,Comedy|Action,6.4,31,0.767,ko
83564,La luna,2012,Animation|Family|Fantasy,7.814,847,0.8176,en
95919,Love,2012,Drama|Romance,5.7,37,0.8465,zh
147483,Arne Dahl: The Europe Blues,2012,Crime,5.4,11,0.8248,sv
75204,Imaginaerum,2012,Fantasy|Drama,5.682,170,0.716,en
256109,Last Call,2012,Comedy,3.8,18,0.8736,en
220746,Jewtopia,2012,Comedy|Romance,4.7,54,0.7252,en
129609,Chronicle of My Mother,2012,Drama,6.6,17,0.8889,ja
104593,Blue-Eyed Butcher,2012,Drama|Crime|Thriller|TV Movie,5.7,54,0.9545,en
94352,Cirque du Soleil: Worlds Away,2012,Fantasy|Family|Romance,7.034,177,0.7946,en
150787,Busty Housewives of Beverly Hills,2012,Comedy,4.5,12,0.948,en
133557,The Girl,2012,Drama|TV Movie,6.134,119,0.9488,en
103740,Beyond the Hills,2012,Drama|Romance,7.121,210,0.8942,ro
107434,Love Fiction,2012,Comedy|Romance,6.6,24,0.9476,ko
137002,The Capsule,2012,Drama|Fantasy,4.971,35,1.7934,fr
149922,12-12-12 | The Concert for Sandy Relief,2012,Music|Documentary,6.8,16,0.856,en
127856,Augustine,2012,Drama|History,5.2,70,0.8835,fr
96973,Jesus Henry Christ,2012,Comedy|Family|Drama,6.2,125,0.7536,en
122734,The Wings of the Kirin,2012,Drama|Crime|Mystery|TV Movie,6.524,42,0.9083,ja
82825,Kahaani,2012,Mystery|Thriller,7.2,344,0.9113,hi
96648,Asylum Blackout,2012,Horror|Thriller,5.642,137,0.7269,en
133605,Two Weddings and a Funeral,2012,Comedy|Romance,5.1,24,0.8857,ko
94204,Meeting Evil,2012,Crime|Drama|Mystery|Thriller,5.306,219,0.9555,en
53567,Thale,2012,Horror|Fantasy,5.4,163,1.6186,no
298016,It's a SpongeBob Christmas!,2012,Family|Animation|Comedy|TV Movie,7.035,256,0.9091,en
139102,The Drudgery Train,2012,Drama|Comedy,6.2,15,0.9042,ja
100046,The Giant Mechanical Man,2012,Comedy|Drama|Romance,6.456,169,0.95,en
68556,Days of Grace,2012,Drama,6.6,26,0.8168,es
101852,Shuffle,2012,Thriller|Mystery|Romance,6.4,41,0.7322,en
86820,4:44 Last Day on Earth,2012,Drama|Science Fiction,4.771,179,0.8013,en
137182,The Broken Circle Breakdown,2012,Drama,7.69,1130,1.0951,nl
114464,Design of Death,2012,Mystery|Drama,7.2,29,0.7792,zh
129070,The Silent War,2012,Drama|Mystery,5.974,38,0.6918,zh
102630,Stash House,2012,Thriller,5.0,88,0.7687,en
79694,The Apparition,2012,Horror|Thriller,4.476,458,1.043,en
130953,Kath & Kimderella,2012,Comedy,5.3,15,0.8212,en
84281,Hello I Must Be Going,2012,Drama|Comedy|Romance,5.922,147,0.8391,en
344777,Mask the Kekkou: Reborn,2012,Action|Adventure|Fantasy|Science Fiction,8.308,13,0.8342,ja
143216,Browncoats Unite: Firefly 10th Anniversary Special,2012,Documentary,5.3,14,0.9138,en
166214,Plaga zombie: zona mutante: revolución tóxica,2012,Horror|Science Fiction|Comedy,5.7,14,0.8282,es
94562,Turkish for Beginners,2012,Comedy,6.134,384,0.9463,de
138544,American Horror House,2012,Horror|TV Movie,5.942,43,0.7249,en
115929,Cool Kids Don't Cry,2012,Family|Romance|Drama,7.9,283,0.8136,nl
130747,The Guardians,2012,Drama|Action|Thriller|Crime,6.1,119,0.78,de
110345,Dead Sushi,2012,Comedy|Science Fiction|Action|Horror,5.7,80,0.8582,ja
143311,Hidden Moon,2012,Mystery|Romance|Drama,5.765,17,1.5951,es
119273,Girlfriend Boyfriend,2012,Drama|Comedy|Romance,6.556,54,0.6965,zh
154366,Husbands in Goa,2012,Comedy,4.3,11,0.9611,ml
140934,The Preacher's Daughter,2012,Drama,5.167,18,0.8919,en
137366,Led Zeppelin: Celebration Day,2012,Music,8.1,54,0.5914,en
93077,Rites of Passage,2012,Thriller,5.0,61,0.8872,en
177656,Sexual Tension: Volatile,2012,Drama,6.2,43,0.8595,es
84165,2 Days in New York,2012,Comedy|Drama|Romance,5.6,310,0.7036,en
132563,Wings,2012,Animation|Adventure|Comedy,3.8,29,0.8726,en
122928,The Letter,2012,Drama,4.515,33,0.8894,en
85038,Welcome to the North,2012,Comedy,5.8,1348,0.6215,it
114958,Storage 24,2012,Horror|Science Fiction,4.356,149,0.8073,en
84169,Ai Weiwei: Never Sorry,2012,Documentary,7.071,85,0.7533,en
89749,Mr. & Mrs. Gambler,2012,Comedy|Romance,4.8,10,0.7239,en
246895,Complacent,2012,Drama,9.4,14,0.7636,en
112456,Hardflip,2012,Drama|Action,5.1,16,0.7267,en
96999,Smitty,2012,Family|Drama,5.9,25,1.0191,en
227552,Fixing Pete,2012,Romance|TV Movie,5.1,16,0.9115,en
92998,The Revenge of the Siren,2012,History|Drama|TV Movie|Romance,5.569,29,0.9096,de
355884,Little Gay Boy  Christ is Dead,2012,Drama|Horror,4.7,10,0.9116,fr
135921,Everything or Nothing,2012,Documentary,7.205,78,0.6652,en
92507,Never Ending Story,2012,Drama|Romance|Comedy,5.8,12,0.8311,ko
111966,Guns and Roses,2012,Drama,6.3,36,0.8909,zh
72890,Girl Most Likely,2012,Comedy,5.6,268,0.7783,en
249826,Return of the Mafia,2012,Comedy,5.2,10,0.878,ko
213362,Reflections on Titanic,2012,Documentary,7.2,29,0.8777,en
159121,Paulette,2012,Crime|Comedy,6.47,413,0.9436,fr
127874,Camion,2012,Drama,5.8,10,1.4561,fr
122662,Mardock Scramble: The Third Exhaust,2012,Animation|Science Fiction,6.6,76,0.9304,ja
84317,Nobody Walks,2012,Drama,4.782,78,1.065,en
133454,Super Cyclone,2012,Action|Science Fiction,4.326,43,0.8245,en
211125,Strawberry Summer,2012,TV Movie|Drama,6.2,30,0.6523,en
129507,Joker,2012,Comedy|Science Fiction,4.282,55,0.7862,hi
141614,Niko 2: Little Brother  Big Trouble,2012,Animation|Family|Adventure|Comedy,5.945,64,0.9793,fi
126285,A Dog Named Duke,2012,TV Movie|Comedy|Drama|Family,6.667,30,0.8532,en
231482,Visceral: Between the Ropes of Madness,2012,Horror|Drama,4.6,15,0.6961,es
168157,The Last Reef: Cities Beneath the Sea,2012,Documentary,7.4,20,0.5549,en
119893,An American Girl: McKenna Shoots for the Stars,2012,Drama|Family,6.76,50,0.8267,en
171222,Planet Dinosaur: Ultimate Killers,2012,Documentary,8.1,11,0.8577,en
114760,Over My Dead Body,2012,Comedy|Crime,6.5,18,0.7134,ko
180691,David Bowie & The Story of Ziggy Stardust,2012,Documentary|Music|TV Movie,7.1,33,0.6754,en
134990,Touch of the Light,2012,Drama,7.4,35,0.781,zh
51245,Inseparable,2012,Drama|Mystery,6.078,45,0.9131,en
132313,Ivan the Incredible,2012,Animation|Comedy|Family,5.4,29,2.1657,da
139380,Nativity 2: Danger in the Manger!,2012,Comedy|Family,5.463,109,0.7793,en
97732,See Girl Run,2012,Romance|Drama,5.0,27,0.8213,en
121936,Happiness Never Comes Alone,2012,Comedy|Romance,6.115,439,0.8774,fr
166452,The Day of the Siege: September Eleven 1683,2012,History|Adventure|Drama|War,4.3,52,0.9351,en
180779,Operation Cupcake,2012,Comedy|TV Movie,6.2,12,0.7797,en
140894,Tricked,2012,Comedy|Drama,5.6,65,0.8768,nl
181522,Magical Girl Lyrical Nanoha: The Movie 2nd A's,2012,Drama|Animation|Action|Science Fiction,6.7,10,0.9,ja
170349,Earthbound,2012,Comedy|Fantasy|Science Fiction|Romance,4.4,16,1.6128,en
265439,Feng Shui,2012,Drama|Family,7.5,32,0.8695,zh
139900,The Apostle,2012,Animation|Mystery|Horror,7.3,57,0.7192,gl
122336,The Woodsman and the Rain,2012,Comedy|Drama,6.05,20,0.7052,ja
135064,Expiration,2012,Horror|Science Fiction,4.923,13,0.8676,en
172372,Hate Crime,2012,Crime|Horror,3.6,28,1.9225,en
203113,5 cm,2012,Romance|Drama|Adventure,6.875,24,0.9497,id
89888,Wyatt Earp's Revenge,2012,Western|Drama,4.4,55,0.7822,en
80304,Casa de Mi Padre,2012,Comedy|Western,5.4,326,0.7117,en
110430,For Love's Sake,2012,Drama|Romance|Music|Comedy,6.9,33,0.7285,ja
135225,Purge,2012,Drama|History,6.815,62,0.8864,fi
60540,Sushi Girl,2012,Thriller|Crime,5.461,116,0.8037,en
112198,What's in a Name,2012,Comedy,7.325,1801,0.9968,fr
109863,170 Hz,2012,Drama,4.7,18,1.8088,nl
191975,The Adventures of Mickey Matson and the Copperhead Conspiracy,2012,Family|Adventure,5.2,33,0.7789,en
140896,Son of Sardaar,2012,Action|Comedy|Romance,4.618,68,0.7625,hi
139717,Ultraman Saga,2012,Action|Adventure|Family|Science Fiction,7.0,20,0.9421,ja
94104,3  2  1... Frankie Go Boom,2012,Comedy,5.8,101,0.8499,en
103753,In Another Country,2012,Drama,6.088,125,0.8214,ko
133458,The Hypnotist,2012,Crime|Drama|Thriller,5.551,195,0.8207,sv
121789,At Any Price,2012,Drama|Thriller,5.392,232,0.8568,en
89899,The Players,2012,Comedy,4.8,757,0.8672,fr
152752,Ouran High School Host Club,2012,Comedy,6.2,19,0.6363,ja
110396,The Land of Hope,2012,Drama,6.1,55,0.6863,ja
98581,8 First Dates,2012,Comedy|Romance,6.5,52,1.5926,ru
143315,Seven Something,2012,Drama|Romance|Comedy,5.9,13,0.8533,th
142591,Love Bite,2012,Horror|Comedy,5.3,91,0.8374,en
160070,Apartment 1303 3D,2012,Horror,3.6,302,0.759,en
115442,The Wall,2012,Science Fiction|Drama,6.523,150,0.8638,de
109152,Manslaughter,2012,Thriller|Drama,6.6,27,1.6669,nl
114961,I  Anna,2012,Drama|Thriller|Mystery,5.3,41,0.772,en
192126,Revenge for Jolly!,2012,Comedy|Drama,4.6,51,0.709,en
118293,The Suicide Shop,2012,Comedy|Animation|Music,6.329,629,0.9263,fr
104651,ATM,2012,Romance|Comedy,7.319,47,1.0176,th
103807,Female Cousins,2012,Comedy|Fantasy,5.5,21,0.8545,ar
103747,The Angels' Share,2012,Drama|Comedy,6.934,620,0.6525,en
149427,Journey to the Christmas Star,2012,Fantasy|Adventure|Family,6.0,188,0.6799,no
109843,Ill Manors,2012,Crime|Drama,6.26,146,0.9111,en
119471,Zombie 108,2012,Horror|Science Fiction,3.7,19,0.6882,zh
78686,Thaandavam,2012,Action,5.759,27,0.8979,ta
99223,FDR: American Badass!,2012,Comedy,5.067,89,0.6766,en
113388,As One,2012,Drama,7.7,53,0.8702,ko
87548,Taped,2012,Mystery|Thriller|Drama,5.5,42,0.9333,nl
135595,Trade of Innocents,2012,Drama|Thriller,5.2,38,0.8162,en
102222,The Philly Kid,2012,Drama|Action,5.425,53,1.1208,en
134415,Vampire Dog,2012,Family|Comedy|Fantasy,5.135,48,0.698,en
187257,Fucking Different XXX,2012,Drama,7.1,17,0.927,en
118408,The Life of Budori Gusuko,2012,Drama|Animation|Fantasy,6.5,20,0.8844,ja
117978,In Their Skin,2012,Horror|Thriller,5.268,149,0.7124,en
128253,.hack//The Movie,2012,Animation|Action|Science Fiction,6.8,14,0.7933,ja
136718,Steel Magnolias,2012,Romance|Drama|TV Movie,6.9,68,1.5884,en
76820,Drunkboat,2012,Drama,4.7,17,1.6062,en
128216,Stories We Tell,2012,Documentary,7.102,230,0.7197,en
134451,Baby Dolls Behind Bars,2012,Crime|Comedy,4.3,13,0.7366,en
103742,In the Fog,2012,Drama|War|History,6.186,70,0.8842,ru
125504,A Christmas Story 2,2012,Comedy,5.13,73,0.6952,en
211505,D@bbe: Demon Possession,2012,Horror|Thriller|Fantasy,5.163,49,0.8765,tr
127864,Blancanieves,2012,Drama|Fantasy,7.254,270,0.7162,es
157023,Melaza,2012,Drama,5.3,10,0.7627,es
98339,The Samaritan,2012,Thriller,5.462,224,1.1593,en
136080,Escape,2012,Action|History,5.89,146,0.9286,no
140456,For No Good Reason,2012,Documentary|History,6.8,25,0.8151,en
126830,Li'l Spider Girl,2012,Animation|Comedy|Fantasy|Horror,6.1,33,0.7314,ja
312113,Black November,2012,Drama|Action|Crime,5.0,12,1.9849,en
128210,Sleeper's Wake,2012,Thriller|Drama|Mystery,4.0,11,0.9897,en
121239,Always: Sunset on Third Street '64,2012,Comedy|Drama,7.2,22,0.9227,ja
128564,Attack of the 50 Foot Cheerleader,2012,Comedy|Science Fiction,5.4,63,0.8321,en
219049,By Rule of Crow's Thumb,2012,Thriller|Drama|Comedy,6.5,10,0.8766,ja
84290,Keep the Lights On,2012,Drama|Romance,5.7,102,0.7437,en
122930,Breathless,2012,Comedy|Thriller|Mystery|Crime,5.9,58,0.6542,en
147655,Hamilton 2: But Not If It Concerns Your Daughter,2012,Action|Drama|Thriller,5.825,80,0.7744,sv
62008,Good Deeds,2012,Drama|Romance,6.3,138,0.72,en
205049,Love for Beginners,2012,Romance|Comedy,7.2,43,0.7891,ja
141687,Lost Paradise,2012,Drama,5.0,10,0.7221,fr
79660,3,2012,Drama|Romance,6.682,66,0.9308,ta
152875,Daruvu,2012,Drama|Action|Comedy|Fantasy,5.2,10,0.8469,te
96823,Quiz,2012,Drama|Thriller,5.7,23,1.6942,nl
126315,After Lucia,2012,Drama,6.6,146,0.9501,es
117102,The Perfect Human Diet,2012,Documentary|History,5.8,20,0.5484,en
82618,Girl in Progress,2012,Comedy|Drama,5.6,122,0.8014,en
128241,The Rise,2012,Thriller|Drama|Crime,6.63,108,0.6097,en
213386,Barabbas,2012,History|Drama|TV Movie,6.0,17,0.7813,en
154537,Arcadia,2012,Drama,6.0,30,0.6757,en
135990,Shell,2012,Drama,6.2,48,0.6777,en
99579,Farewell  My Queen,2012,Drama|History,5.9,324,0.8424,fr
98948,Abraham Lincoln vs. Zombies,2012,Horror|Action|Thriller,3.8,136,0.7741,en
85052,Housefull 2,2012,Comedy|Romance,5.551,127,0.8674,hi
135579,Dead Before Dawn,2012,Adventure|Comedy|Horror,5.2,117,0.7037,en
143563,Jesus Christ Superstar - Live Arena Tour,2012,Music,7.4,41,0.8573,en
361822,Pinched,2012,Animation|Action|Crime|Romance,7.0,18,0.6974,en
121830,Mr. Pip,2012,Drama|War,6.2,64,0.7403,en
193402,Bayside Shakedown the Final: The New Hope,2012,Action|Crime,5.8,16,0.7932,ja
79465,Loosies,2012,Crime|Comedy|Romance,5.677,124,0.8688,en
172705,Habibie & Ainun,2012,Drama|Romance|History,7.6,15,1.8135,id
112937,The Oogieloves in the Big Balloon Adventure,2012,Family|Comedy|Adventure|Fantasy,2.4,37,0.7845,en
84201,For Ellen,2012,Drama,5.4,49,1.8243,en
84166,28 Hotel Rooms,2012,Drama|Romance,5.5,70,0.8144,en
115821,The Artist and the Model,2012,Drama,6.1,49,0.7055,es
130739,A Coffee in Berlin,2012,Drama|Comedy,7.193,353,0.7363,de
194031,Dracula: Reborn,2012,Horror,2.955,22,0.7308,en
492815,Behind the Fright: The Making of American Horror Story,2012,Documentary,9.0,16,0.757,en
146490,Ray Harryhausen: Special Effects Titan,2012,Documentary,7.4,39,0.8591,en
159562,I'm Flash!,2012,Action|Drama,6.3,11,0.6911,ja
142284,Ghost Sweepers,2012,Adventure|Fantasy|Comedy|Mystery,6.1,24,0.5708,ko
83384,Dark Horse,2012,Comedy|Drama,5.7,119,0.672,en
126250,Love Is All You Need,2012,Comedy|Romance|Drama,6.002,299,0.7675,da
158519,1920: Evil Returns,2012,Thriller|Horror|Romance,5.679,140,0.7728,hi
84351,West of Memphis,2012,Documentary,7.4,157,0.5941,en
95754,Big Time Movie,2012,Comedy|TV Movie|Music|Mystery,7.511,178,0.6706,en
109261,On Air,2012,Comedy|Drama,5.9,75,0.6585,fr
114739,Floating City,2012,Drama,6.5,11,0.6946,cn
84309,Marina Abramović: The Artist Is Present,2012,Documentary,7.322,143,0.7626,en
467629,Mockingbird Lane,2012,Fantasy|Comedy|TV Movie|Horror,6.35,40,1.3845,en
201365,Belle du Seigneur,2012,Drama|Romance,5.2,69,1.023,en
128077,The Holy Quaternity,2012,Comedy,4.8,17,0.6919,cs
101420,Burden of Evil,2012,Thriller|TV Movie,5.3,12,0.6668,en
208466,Christmas Twister,2012,Science Fiction|Drama|Action|TV Movie|Thriller|Adventure,5.0,60,0.6855,en
150793,Dirty Blondes from Beyond,2012,Comedy|Science Fiction|Romance,4.3,11,1.0118,en
128270,Not Fade Away,2012,Drama,5.4,72,0.6529,en
257003,A Porn Star Is Born,2012,Romance,5.3,23,0.6639,en
110323,Thérèse,2012,Drama,5.8,112,1.0099,fr
162146,National Security,2012,Drama|History|Thriller,7.313,24,0.8692,ko
146371,Don't Cry  Mommy,2012,Drama|Thriller,6.7,31,0.7176,ko
105526,Any Day Now,2012,Drama,6.99,104,0.5851,en
177828,To Kill a Beaver,2012,Crime|Drama|Thriller,4.7,14,0.5288,pl
123235,Paris-Manhattan,2012,Comedy|Romance,5.479,187,0.8599,fr
210227,Rurouni Kenshin: New Kyoto Arc: The Chirps of Light,2012,Animation|Action|Drama,7.3,34,0.8035,ja
89070,Stone,2012,Thriller|Drama,4.446,28,0.6587,ru
117942,Girls Gone Dead,2012,Horror|Comedy,4.549,61,0.7921,en
115446,Divorce Invitation,2012,Comedy|Romance,4.453,32,0.9677,en
141102,The Swan Princess Christmas,2012,Family|Animation|Fantasy,5.396,53,0.6091,en
147879,12/12/12,2012,Horror,3.2,55,0.6928,en
86391,All Together,2012,Comedy|Drama,6.322,107,0.6494,fr
100183,Outpost: Black Sun,2012,Action|Horror,4.992,126,0.8746,en
93676,Someday This Pain Will Be Useful to You,2012,Drama|Comedy,5.524,127,0.7606,en
259457,Ms. Mammy,2012,Comedy|Romance,5.5,18,0.5118,ar
128203,Road North,2012,Drama|Comedy,6.029,34,0.595,fi
117700,Hannah's Law,2012,Western|TV Movie,4.9,17,0.9003,en
92647,Easy Money: Hard to Kill,2012,Crime|Drama|Action,6.3,127,0.7059,sv
223605,Sir Billi,2012,Animation|Adventure|Comedy,3.2,20,0.7019,en
140343,Shiver,2012,Horror|Thriller,4.2,32,0.6929,en
135368,The Barrens,2012,Horror|Thriller,4.9,138,0.7319,en
132759,Soulless,2012,Comedy|Drama,5.734,96,0.6457,ru
94196,Zarafa,2012,Family|Animation,6.8,122,0.7047,fr
152135,Ludwig II,2012,Drama|History,5.6,24,0.7494,de
124074,Mea Maxima Culpa: Silence in the House of God,2012,Documentary,7.305,64,0.6553,en
103427,Omar & Salma 3,2012,Comedy|Romance,4.3,17,0.9196,ar
128450,Home Run Showdown,2012,Family,8.914,35,0.5339,en
251432,Lupin the Third: The Secret Page of Marco Polo,2012,TV Movie|Animation|Action|Comedy|Adventure|Crime,6.1,27,0.6767,ja
110392,A Liar's Autobiography: The Untrue Story of Monty Python's Graham Chapman,2012,Animation|Comedy,6.0,51,0.8629,en
80215,Indie Game: The Movie,2012,Documentary|Drama,7.505,495,0.8925,en
92000,Columbus Circle,2012,Crime|Drama|Mystery|Thriller,5.78,245,0.8111,en
175040,A Chorus of Angels,2012,Drama|Mystery,7.0,14,0.6272,ja
134215,Heroine,2012,Drama,5.0,44,0.7309,hi
124972,Generation Um...,2012,Drama,3.98,98,0.845,en
169314,Where the Dead Go to Die,2012,Animation|Fantasy|Horror,5.6,64,0.8693,en
85872,Le Chef,2012,Comedy,6.2,640,0.6279,fr
136476,State of Emergency,2012,Science Fiction|Thriller,5.399,84,0.6361,pt
333915,Sexy Assassins,2012,Drama,7.4,22,0.5944,en
120460,The Sword Identity,2012,Drama|Action,5.191,34,0.7142,zh
118913,First Time,2012,Romance|Drama|Music,7.729,24,0.6477,zh
106135,Crooked Arrows,2012,Drama,6.2,45,0.7366,en
119360,Me & You,2012,Drama,6.2,242,0.8654,it
94818,The Aggression Scale,2012,Action|Thriller,5.6,77,0.6817,en
193714,Slice and Dice: The Slasher Film Forever,2012,Documentary|Horror,5.2,14,0.6109,en
138977,Hello Herman,2012,Drama,5.8,74,0.7824,en
211462,Ambrosia,2012,Drama,3.8,23,0.7743,en
129966,David et Madame Hansen,2012,Comedy|Drama,5.696,46,0.3264,fr
138092,¡Atraco!,2012,Thriller|Comedy,5.86,25,1.7548,es
150230,Kill 'em All,2012,Action|Crime|Thriller,5.206,34,0.7918,en
168379,My Straight Son,2012,Drama,7.739,153,0.5816,es
133701,Tears of Steel,2012,Science Fiction|Animation,5.669,62,0.7515,en
333493,Changing Hearts,2012,Family,6.1,10,0.842,en
97605,Extracted,2012,Science Fiction|Thriller,6.216,259,0.6314,en
137923,NWR,2012,Documentary,7.2,16,1.9029,en
244626,Anything but Christmas,2012,Comedy|Romance|TV Movie,4.4,12,0.6244,en
96384,Stella Days,2012,Drama,6.4,16,1.0487,en
112931,A Thirsty World,2012,Documentary|Drama,7.0,13,0.6334,fr
133446,Imaginary Friend,2012,Thriller|TV Movie,4.8,42,0.6974,en
112289,Brother White,2012,Comedy|Drama,5.2,13,0.701,en
98368,Ritual,2012,Horror|Mystery,5.562,113,0.5639,en
216374,I Will Follow You Into the Dark,2012,Drama|Horror|Romance|Thriller,4.402,46,0.6734,en
141032,White Night,2012,Drama,5.6,24,0.6803,ko
146028,Ghost Storm,2012,Action|Horror|Science Fiction|TV Movie,4.7,32,1.3982,en
131737,St George's Day,2012,Action|Crime|Thriller,4.7,27,0.6141,en
98022,Amazing Love,2012,Drama,6.7,29,0.7031,en
145018,Christmas Miracle,2012,Family,5.725,20,0.6862,en
103875,Mystery,2012,Crime|Drama,6.5,53,0.6669,zh
87293,Beyond,2012,Thriller|TV Movie,4.75,26,0.6933,en
135047,Hotel Noir,2012,Crime|Drama,5.726,53,0.7747,en
152347,Mr. Stink,2012,Comedy|Family|TV Movie,6.4,28,0.6452,en
142322,Christmas Angel,2012,Drama|Family|TV Movie,5.9,28,0.6907,en
100024,Bloodwork,2012,Horror|Thriller,5.333,39,0.6552,en
159230,Code Name: Jackal,2012,Action|Comedy,5.9,39,0.7943,ko
97340,Black's Game,2012,Drama|Crime|Thriller,5.933,75,0.6263,is
96398,Paan Singh Tomar,2012,Crime|Drama,7.395,143,0.596,hi
224746,Bekas,2012,Drama,7.5,111,0.7554,ku
150229,Tomorrow You're Gone,2012,Thriller,4.4,48,0.7137,en
188541,Giant God Warrior Appears in Tokyo,2012,Science Fiction|Horror|Action|Animation,6.643,49,0.8763,ja
137548,Gladiators of Rome,2012,Animation|Family,5.728,151,0.7931,it
159701,I Do,2012,Drama,4.429,21,1.5334,en
163440,Ashes,2012,Drama|Mystery|Thriller,5.1,15,0.8341,en
82533,Damsels in Distress,2012,Comedy|Drama|Romance,5.5,205,0.7841,en
284908,Scooby-Doo! Spooky Games,2012,Mystery|Animation|Family|Comedy,8.4,79,0.6624,en
90130,The Door,2012,Drama,6.1,37,0.6722,en
149722,The 12 Disasters of Christmas,2012,TV Movie|Action|Science Fiction,4.567,60,0.7685,en
103640,Ishaqzaade,2012,Drama|Action|Romance,6.093,75,0.6896,hi
94603,Strippers vs. Werewolves,2012,Comedy|Horror|Action|Crime|Fantasy,3.893,61,0.6004,en
134132,Excuse Me for Living,2012,Romance|Comedy,4.3,16,0.6501,en
128104,Inch'Allah,2012,Drama,6.409,44,0.6345,fr
144645,Eddie Murphy: One Night Only,2012,TV Movie|Comedy,6.0,10,0.5293,en
83889,Businessman,2012,Action|Crime,7.192,60,0.8278,te
145711,Naughty or Nice,2012,Fantasy|Comedy|Drama|TV Movie,6.0,71,0.8354,en
162975,The World of Arata: World's/Start/Load/End,2012,Science Fiction|Animation,6.55,10,0.8577,ja
112130,For the Love of Money,2012,Drama|Action|Thriller|Crime,4.3,33,0.7217,en
74264,The Hunt for the Amber Room,2012,TV Movie|Adventure|Action,6.4,38,0.6123,de
147760,Space Dive,2012,Documentary,5.8,17,0.588,en
139533,Ayalum Njanum Thammil,2012,Drama,7.7,33,0.6292,ml
141581,Nous York,2012,Adventure|Comedy|Drama|Romance,4.743,251,0.698,fr
341043,Adventures Into the Woods: A Sexy Musical,2012,Comedy|Fantasy|Music,5.4,15,0.7516,en
133469,The Dream Team,2012,Drama|Comedy|Romance,5.03,725,0.5768,fr
139294,Sushi in Suhl,2012,Comedy|Drama,5.881,21,0.4781,de
92484,The Fourth State,2012,Thriller,6.0,55,0.6105,de
135542,Trivandrum Lodge,2012,Drama,7.0,11,0.6607,ml
130692,Walking the Halls,2012,Drama|Thriller|TV Movie|Crime,4.9,31,0.8277,en
151693,Morgan,2012,Drama,5.7,30,0.5972,en
136386,The Knot,2012,Comedy|Romance,4.143,28,0.749,en
126337,Unconditional,2012,Drama,6.6,78,0.6825,en
252328,Ambush at Dark Canyon,2012,Western,4.4,17,0.6263,en
99332,Eurocrime! The Italian Cop and Gangster Films That Ruled the '70s,2012,Documentary,7.7,16,0.7536,en
144204,Thanatomorphose,2012,Horror,5.782,154,0.9712,en
102784,Two Rabbits,2012,Action|Crime|Drama,6.854,151,1.6033,pt
147764,The Man Who Shook the Hand of Vicente Fernandez,2012,Western|Comedy|Drama,4.9,12,0.556,en
122796,Bad Karma,2012,Thriller,4.5,17,0.7893,en
106685,Paris by Night,2012,Crime|Drama,6.066,68,0.9779,fr
138741,The Furious Gods: Making Prometheus,2012,Documentary,7.0,15,0.6767,en
129745,We Were There: True Love,2012,Drama|Romance,8.2,21,0.5819,ja
100830,Radiostars,2012,Comedy,6.058,216,0.7367,fr
121983,Free Angela and All Political Prisoners,2012,Documentary|History,7.054,28,0.6501,en
153860,Endukante Premanta,2012,Romance|Comedy|Drama,5.0,13,0.8394,te
116811,Berberian Sound Studio,2012,Horror|Drama|Thriller,6.065,395,0.7232,en
146375,On the Other Side of the Tracks,2012,Comedy|Action|Crime,5.6,703,0.7569,fr
134673,Renoir,2012,Drama|Romance,6.331,142,0.6515,fr
84328,Red Hook Summer,2012,Drama,5.4,26,0.658,en
150049,The New Watchdogs,2012,Documentary,7.4,50,0.4706,fr
117751,Ustad Hotel,2012,Drama|Comedy,7.546,108,0.6727,ml
80973,The Girl from the Naked Eye,2012,Action|Romance|Thriller,4.467,46,0.6023,en
106717,The Last Will and Testament of Rosalind Leigh,2012,Horror|Thriller,5.0,121,0.5901,en
170455,A Killer Among Us,2012,TV Movie|Crime|Thriller,5.0,19,0.726,en
136698,Underground: The Julian Assange Story,2012,Drama,6.3,51,0.5733,en
112936,Bol Bachchan,2012,Comedy|Action,5.6,74,0.6622,hi
123873,Robo-G,2012,Comedy|Drama,7.2,16,0.5527,ja
200063,Sunset Strip,2012,Documentary,7.3,30,0.7846,en
134016,Sundarapandian,2012,Drama|Romance|Action,6.3,15,0.6905,ta
134000,Miss Conspirator,2012,Action|Comedy,6.2,12,0.9926,ko
85739,A.C.A.B. - All Cops Are Bastards,2012,Action|Drama|Crime,6.978,857,0.8028,it
85696,We'll Take Manhattan,2012,Drama|Romance|TV Movie,5.661,31,0.6036,en
111192,Truth In 24 II: Every Second Counts,2012,Documentary,7.5,13,0.5445,en
142096,Armed Hands,2012,Crime|Thriller|Drama,5.838,80,1.5721,fr
137193,The Day of the Crows,2012,Animation|Family|Fantasy,6.6,81,0.7297,fr
134653,Mancation,2012,Comedy,4.0,18,0.7905,en
699254,Naruto OVA 10: Uchiha Madara vs Senju Hashirama,2012,Animation,6.614,57,0.4946,ja
116440,"Maggie Simpson in ""The Longest Daycare""",2012,Animation|Family|Comedy,6.942,385,0.9807,en
133250,Kuma: The Second Wife,2012,Drama,6.8,19,0.5565,de
124706,Torpédo,2012,Comedy,5.828,33,1.8307,fr
117325,Ten Minutes from Naturists,2012,Comedy|TV Movie,4.767,15,0.7118,fr
123463,Carry On Jatta,2012,Comedy|Drama,8.3,19,0.5749,pa
107100,Seattle Superstorm,2012,Action|Science Fiction|TV Movie,4.8,49,0.5864,en
118065,Overnight,2012,Comedy|Romance,4.5,11,0.7768,en
88379,Osombie,2012,Horror|Action,4.0,37,0.8234,en
110391,Rhino Season,2012,Drama|Thriller|History,5.413,52,0.6139,fa
131887,Entity,2012,Horror|Thriller,4.8,42,0.6089,en
116065,Pitch Black Heist,2012,Crime|Drama,6.4,22,0.5001,en
131244,Bliss,2012,Drama,5.4,14,0.5413,de
109907,Hate Story,2012,Drama|Thriller,5.163,43,0.6282,hi
173496,Broken Trust,2012,Thriller|Crime|TV Movie,5.929,14,0.4597,en
307692,Parvaneh,2012,Drama,6.6,19,0.6121,en
149235,Help for the Holidays,2012,Family|Fantasy|TV Movie,6.1,66,0.5755,en
177759,Until the Break of Dawn,2012,Drama,6.7,15,0.6413,ja
123431,Reincarnated,2012,Music|Documentary,6.1,66,0.6088,en
126797,Mental,2012,Comedy|Drama,5.6,85,0.5267,en
135317,Speed: In Search of Lost Time,2012,Documentary,7.8,12,0.5457,de
121791,The Attack,2012,Drama,6.812,93,0.689,en
149786,Christmas with Holly,2012,Drama|Family|TV Movie|Romance,6.3,100,0.8664,en
127846,A Hijacking,2012,Thriller|Drama,6.808,294,0.6045,da
407636,The Adventures of Panda Warrior,2012,Animation|Comedy|Family,2.5,19,0.5706,zh
133603,Traffickers,2012,Drama|Action|Thriller|Crime,6.5,50,0.6858,ko
136490,Deep in the Heart,2012,Drama,5.3,17,0.3885,en
79056,Stealing Paradise,2012,Drama|Thriller|Mystery|TV Movie,6.2,16,0.5735,en
129358,Mayamohini,2012,Comedy,3.4,11,0.7761,ml
76785,Roadie,2012,Drama,5.7,33,0.4897,en
103630,Hanni & Nanni 2,2012,Family|Comedy,6.573,41,0.5546,de
97690,We Are Legion: The Story of the Hacktivists,2012,Documentary,7.115,349,0.8091,en
246871,The Mountain,2012,War|Action|Thriller,6.752,123,0.6026,tr
105768,Flicka: Country Pride,2012,Drama|Family,6.623,102,0.6253,en
151478,Vampire Sisters,2012,Family|Fantasy,6.675,146,0.6095,de
84338,Simon Killer,2012,Drama|Thriller,5.8,90,0.8266,en
454891,This Boy Caught a Merman,2012,Fantasy|Animation|Romance,5.5,12,0.576,ja
110182,Kill Me,2012,Drama,4.5,11,0.6768,de
139582,Chakravyuh,2012,Thriller,6.2,20,0.4782,hi
152130,Playdate,2012,Thriller|TV Movie|Horror|Crime,5.321,28,0.4981,en
158848,The Falls,2012,Romance|Drama,5.924,59,0.4892,en
128914,Shrek's Thrilling Tales,2012,Comedy|Family|Animation,6.63,131,0.5507,en
98232,11 Flowers,2012,Drama|Crime|History,6.6,27,0.6281,zh
204779,Rock Jocks,2012,Comedy|Science Fiction,4.7,19,0.787,en
140109,Dear Dracula,2012,Animation|Family|Comedy,8.4,26,0.5769,en
122835,Spanish Masala,2012,Comedy|Romance,5.1,14,0.8153,ml
101176,The Butterfly Room,2012,Horror|Thriller,5.662,142,0.5793,en
127880,Clandestine Childhood,2012,Drama,6.885,61,0.7122,es
128248,What Richard Did,2012,Drama,5.7,79,0.6561,en
99444,A Thousand Kisses Deep,2012,Romance|Thriller|Fantasy,4.7,20,0.5852,en
149229,The Christmas Heart,2012,Drama|Family|TV Movie,5.8,22,2.7718,en
115167,The Path,2012,Drama|Thriller|Horror,4.519,27,1.5217,es
173557,The Seven Year Hitch,2012,Romance|Comedy|TV Movie,5.982,55,0.686,en
299840,Murdered,2012,Crime,5.8,11,1.575,fr
85711,Fuck Up,2012,Crime|Comedy|Drama,5.365,26,0.5921,no
208000,William & Catherine: A Royal Romance,2012,Romance|Drama|TV Movie,5.4,44,0.7,en
188984,Tiger Eyes,2012,Drama,6.066,38,0.6493,en
139255,Abducted: The Carlina White Story,2012,Mystery|Drama,7.688,32,0.6332,en
107775,The Orheim Company,2012,Drama,6.5,23,0.6089,no
84178,Black Rock,2012,Thriller|Horror,4.9,250,0.7255,en
177425,Stalked at 17,2012,Drama|Thriller|TV Movie,5.4,41,0.6048,en
297610,Abraham Lincoln Vampire Hunter: The Great Calamity,2012,Horror|Animation|Fantasy,8.091,219,0.5002,en
104155,Mansome,2012,Documentary,4.8,69,0.5266,en
107453,Our Homeland,2012,Drama,6.0,16,0.6041,ja
205392,Strange Frame,2012,Science Fiction|Romance|Action|Animation,5.2,16,0.7274,en
123024,London 2012 Olympic Opening Ceremony: Isles of Wonder,2012,Documentary,7.7,77,0.5749,en
140054,We Were There: First Love,2012,Romance|Drama,7.6,24,0.8296,ja
119415,Roman Polanski: A Film Memoir,2012,Documentary,6.5,39,0.5536,en
128893,My True Friend,2012,Drama|Action,6.233,15,0.6844,th
110112,Nitro Circus: The Movie,2012,Action|Comedy|Documentary,6.303,120,0.6727,en
98586,Winning Streak,2012,Drama,5.3,82,0.7654,es
117878,Kiss at Pine Lake,2012,TV Movie|Romance,5.939,49,0.6087,en
227213,Gila!,2012,TV Movie|Science Fiction|Horror,4.7,13,0.5232,en
109416,30 Beats,2012,Comedy|Romance,3.9,26,0.5807,en
125231,The Batmobile,2012,Documentary,6.8,27,0.6991,en
84347,Paul Simon: Under African Skies,2012,Music|Documentary|History,7.1,16,0.6482,en
129728,Palme,2012,Documentary,7.6,32,0.6176,sv
84340,Sleepwalk with Me,2012,Comedy,6.5,196,0.7343,en
80714,Famous Five,2012,Family|Adventure,6.431,58,0.9497,de
280718,Dji. Death Fails,2012,Animation|Comedy,5.8,25,0.5272,en
121597,Comedown,2012,Horror|Thriller,4.905,42,0.6756,en
201043,The Terminal Trust,2012,Drama,6.517,29,0.5199,ja
189215,The Untold History Of The United States,2012,Documentary|History,8.158,111,0.4915,en
133983,The Spies,2012,Drama|Action|Comedy,6.9,16,0.5843,ko
158150,How to Fall in Love,2012,Comedy|Romance|TV Movie,6.0,78,0.4811,en
170895,Cupid,2012,Romance|Comedy|TV Movie,5.3,19,0.3834,en
136619,Pinocchio,2012,Animation|Family|Fantasy,5.9,33,0.7798,it
130371,Run Baby Run,2012,Thriller,5.6,34,0.6968,ml
128287,Outlaw Country,2012,Drama|Crime|TV Movie,6.0,13,0.6271,en
124080,Shepard & Dark,2012,Documentary,5.5,10,0.8401,en
146591,Kumki,2012,Adventure|Drama,6.7,19,0.7767,ta
136884,Dark Blood,2012,Thriller,6.0,25,0.5738,en
94887,Girls Against Boys,2012,Drama|Thriller|Horror,4.766,94,0.6967,en
145174,Robot Chicken: DC Comics Special,2012,Animation|Comedy|Science Fiction,7.51,48,0.6304,en
104709,Ghoul,2012,Horror|Thriller|TV Movie,4.95,20,0.5707,en
113728,Dhammu,2012,Action|Drama,4.2,17,0.5964,te
140554,Fraktus,2012,Music|Comedy,6.804,46,0.5228,de
231385,Holly's Holiday,2012,Comedy|Romance|Fantasy|TV Movie,5.3,50,0.8939,en
139820,Goltzius & the Pelican Company,2012,Comedy|History,6.1,40,0.5577,en
102631,Battlefield America,2012,Music|Drama,4.5,23,0.5839,en
109500,Dawn Rider,2012,Action|Western,5.6,82,0.6107,en
168583,Move On,2012,Thriller|Action|Drama,5.6,19,1.7655,en
120092,True Bloodthirst,2012,TV Movie|Science Fiction,4.826,69,1.4967,ko
98205,War Witch,2012,Drama|War,6.6,112,0.5293,fr
157449,She Made Them Do It,2012,TV Movie|Drama|Crime,5.895,43,0.6843,en
136582,Aliyah,2012,Drama,6.1,28,1.4446,fr
165071,Body,2012,Drama,4.5,17,0.4892,tr
127548,Hold Your Breath,2012,Horror|Thriller,4.276,87,0.6236,en
154972,The Rotterdam Bombing,2012,Romance|Drama|War,4.803,38,0.5834,nl
122492,The Punk Syndrome,2012,Documentary|Music,7.1,35,0.447,fi
97683,Fat Kid Rules The World,2012,Drama|Comedy,6.738,43,0.6727,en
103133,BearCity 2: The Proposal,2012,Comedy|Romance,5.6,24,0.6138,en
212877,The Trip 2,2012,Comedy,6.7,22,0.4437,es
137174,Marfa Girl,2012,Drama|Romance,4.817,71,0.4161,en
150670,A Christmas Wedding Date,2012,Comedy|Romance|TV Movie,5.2,44,0.6878,en
111407,Shadow of Fear,2012,Thriller|TV Movie,5.5,23,0.5636,en
160833,Short Stories,2012,Comedy|Drama|Mystery,6.158,60,0.4776,ru
120846,Jurassic Shark,2012,Horror|Science Fiction|Action|Adventure|Thriller,2.5,110,0.7177,en
258784,DisOrientation,2012,Comedy,3.3,21,0.5218,en
189151,Akko's Secret,2012,Comedy|Romance|Fantasy,6.1,11,0.5597,ja
83728,The Broken Tower,2012,Drama|History,4.6,25,0.5287,en
188652,The Ghastly Love of Johnny X,2012,Comedy|Fantasy|Music|Science Fiction,6.3,13,0.5889,en
181256,101 Weddings,2012,Comedy|Romance,3.5,12,0.8936,ml
854335,Senritsu Kaiki File Kowasugi! File 02: Shivering Ghost,2012,Horror,5.9,19,0.811,ja
85050,Agent Vinod,2012,Action|Adventure|Thriller|Romance,5.456,68,0.6517,hi
131343,Frost,2012,Horror|Science Fiction|Thriller,3.9,13,1.4041,is
90125,Marley,2012,Music|Documentary,7.5,278,0.5224,en
226001,Beauty and the Beast,2012,Family|Fantasy|TV Movie,5.1,22,0.6126,de
127918,The Gatekeepers,2012,Documentary|History|War,6.9,115,0.6325,he
151092,Collision Course,2012,Action|Science Fiction,4.3,46,0.4637,en
102234,Vares: The Path of the Righteous Men,2012,Crime|Action,5.7,26,0.5373,fi
151826,The Man Who Laughs,2012,Drama,6.1,86,0.7119,fr
111443,The End,2012,Drama|Thriller|Science Fiction,5.088,137,0.5827,es
85887,A Taste of Romance,2012,Family|Romance|Drama|Comedy|TV Movie,6.42,50,0.4892,en
180859,And They Call It Summer,2012,Drama,4.083,24,0.5032,it
90804,Corporal vs. Napoleon,2012,Comedy,3.5,41,0.5928,ru
273671,Christmas Crush,2012,Comedy|Music|Romance|TV Movie,4.6,41,0.6587,en
93851,Possessions,2012,Drama|Thriller,5.908,38,1.5198,fr
99247,Mommies,2012,Comedy|Romance,5.0,36,0.638,ru
112888,Hatfields and McCoys:  Bad Blood,2012,Drama|Action|Adventure,6.1,39,0.579,en
89448,Florbela,2012,History|Drama,4.8,12,1.5298,pt
96600,Grassroots,2012,Comedy|Drama,5.2,18,0.4844,en
101519,A Fantastic Fear of Everything,2012,Comedy|Thriller|Horror,5.662,315,0.7033,en
149206,Holiday Spin,2012,TV Movie|Drama,6.5,20,0.614,en
151036,My Boss,2012,Comedy|Romance,6.8,27,1.4749,ml
104997,Rat King,2012,Thriller,5.1,17,0.4814,fi
131475,Cold Blooded,2012,Thriller|Crime,5.1,20,0.4693,en
189817,Dragon Girls,2012,Documentary|Action|Drama,6.8,21,0.297,de
136459,Victor and the Secret of Crocodile Mansion,2012,Adventure|Family|Mystery,6.29,31,0.6689,de
118664,Titanoboa: Monster Snake,2012,Documentary,7.3,15,0.5718,en
123243,Granny's Funeral,2012,Comedy,5.5,77,0.5052,fr
153133,Undercover Bridesmaid,2012,Romance|TV Movie,5.799,72,0.7258,en
139997,And While We Were Here,2012,Drama|Romance,5.7,114,0.6172,en
113693,Adventures in the Sin Bin,2012,Comedy,4.0,20,0.5268,en
111836,Gabbar Singh,2012,Action|Comedy,5.981,26,0.599,te
130736,Move,2012,Comedy,6.4,54,0.4886,de
122083,Superstar,2012,Drama|Comedy,5.1,86,1.7228,fr
85870,My Way,2012,Drama|Music,6.423,307,0.7403,fr
128280,Blood Money,2012,Action|Thriller,4.2,22,0.5887,en
241436,Whateverest,2012,Comedy,5.536,14,0.3106,no
96631,Piggy,2012,Thriller,5.5,35,0.6042,en
128484,Boogeyman,2012,Horror,5.5,30,1.6615,en
148107,Genghis: The Legend of the Ten,2012,Action|History,5.3,16,0.5781,mn
139646,Animals,2012,Drama|Fantasy,6.258,33,0.4903,ca
139808,A Gun in Each Hand,2012,Comedy|Romance,5.9,70,0.4592,es
294294,Saltwater,2012,Romance|Drama,5.9,11,0.4576,en
139357,Pizza,2012,Thriller|Comedy|Romance|Horror,6.869,80,0.582,ta
133459,The Anderssons in Greece: All Inclusive,2012,Comedy|Family,4.769,39,0.5158,sv
118761,The Soul of Bread,2012,Comedy|Romance,5.0,15,0.4986,zh
136296,B.B. King: The Life of Riley,2012,Documentary|Music,6.9,27,0.4748,en
98203,Captive,2012,Drama|Thriller,5.938,32,0.5092,tl
134394,Barricade,2012,Horror,4.6,75,0.4138,en
84333,Save the Date,2012,Comedy|Romance,5.759,108,0.5994,en
32581,Art of Submission,2012,Action|Drama,4.2,10,0.5991,en
128190,The Pervert's Guide to Ideology,2012,Documentary,7.346,149,0.6412,en
222305,Paradox Alice,2012,Science Fiction,3.4,11,0.6469,en
160647,3 Day Test,2012,Family|Comedy,5.419,31,0.5994,en
121795,Caught in the Web,2012,Drama,6.6,33,0.4835,zh
84323,Price Check,2012,Drama|Comedy,5.1,39,0.4477,en
130353,Dust Up,2012,Comedy|Action,4.4,11,1.5548,en
96821,Caesar Must Die,2012,Drama|Documentary,7.252,161,0.5327,it
118946,Those Who Kill - Shadow of the Past,2012,Crime|Drama|Thriller,6.4,28,0.4967,da
139860,Ancient Aliens Debunked,2012,Documentary,6.6,18,0.352,en
124529,Mercy,2012,Thriller,5.7,23,0.6557,de
150776,Abominable Christmas,2012,Animation|Family|Comedy|Adventure,7.368,38,0.6704,en
132894,Aladdin and the Death Lamp,2012,Adventure|Fantasy|Horror|TV Movie,4.2,22,0.4247,en
114789,Dead Season,2012,Horror|Action,4.725,60,0.47,en
128154,Out in the Dark,2012,Drama|Romance|Thriller,6.8,137,0.9039,he
225587,Radio Silence,2012,Thriller|Horror,6.0,23,0.4565,de
130750,The World Before Her,2012,Documentary,6.853,17,0.5683,en
139367,The Mark,2012,Action|Thriller,3.458,24,0.591,en
141009,Primates of the Caribbean,2012,Animation|Comedy|Family,5.8,19,0.7812,da
138941,Found,2012,Horror|Thriller|Drama,6.378,180,0.4358,en
133248,Padak,2012,Animation|Drama|Thriller|Horror,7.5,35,0.5555,ko
153333,Vuelve,2012,Thriller|Drama|Horror,5.4,16,0.5397,es
345699,SPEC: Life,2012,TV Movie|Crime|Mystery|Fantasy,8.0,19,0.6479,ja
128089,Imagine,2012,Drama,7.259,56,0.4377,en
95757,1313: UFO Invasion,2012,Science Fiction|Thriller|Horror,3.6,19,0.5305,en
134584,CM Punk: Best in the World,2012,Action|Drama|Documentary,8.2,34,0.4559,en
151870,Minecraft: The Story of Mojang,2012,Documentary,7.2,50,0.8194,en
107445,Lost in Siberia,2012,Comedy,5.524,21,0.4928,de
84284,The House I Live In,2012,Documentary,7.532,78,0.6061,en
129357,Yoko,2012,Adventure|Comedy|Family|Fantasy,6.8,28,0.668,de
98120,Piazza Fontana: The Italian Conspiracy,2012,Drama|Crime|Mystery|History,7.167,240,0.6466,it
77089,Oru Kal Oru Kannadi,2012,Comedy|Romance,5.4,27,0.7853,ta
136743,The Third Half,2012,Drama|Romance,6.5,24,0.6099,mk
214426,Bad Parents,2012,Comedy|Drama,3.5,19,0.5671,en
113160,My First Time,2012,Drama|Romance,6.563,535,0.5609,fr
92837,To the Arctic 3D,2012,Documentary,6.5,27,0.5339,en
139504,Garibaldi's Lovers,2012,Comedy,6.6,44,0.4903,it
96314,Mighty Fine,2012,Comedy|Drama,4.0,15,0.6337,en
180718,Mary of Nazareth,2012,Drama|History,6.7,17,0.5362,en
139649,Kirikou and the Men and Women,2012,Fantasy|Animation|Family|Adventure,6.3,166,0.6403,fr
134303,Mallu Singh,2012,Action|Comedy,4.9,12,0.821,ml
268340,3rd Reich Mothers  in the Name of the Master Race,2012,Drama|War|TV Movie,7.167,48,0.4794,fr
132551,The Vegetarian Cannibal,2012,Drama|Thriller,6.2,18,0.431,hr
129374,Loom,2012,Science Fiction,5.5,44,0.5283,en
85435,A Few Best Men,2012,Comedy,5.713,451,0.6173,en
165567,Static,2012,Drama|Horror|Thriller|Mystery,5.244,125,0.5781,en
142563,Fresh Guacamole,2012,Animation,7.253,148,0.4651,en
128842,Lethal Hostage,2012,Crime|Drama|Thriller,6.9,34,0.5863,zh
200365,Horror Europa with Mark Gatiss,2012,Documentary|TV Movie,7.4,13,0.4604,en
124071,How to Make Money Selling Drugs,2012,Documentary,7.093,108,0.3905,en
201006,Margarita,2012,Drama|Comedy,5.5,15,0.4663,en
137776,A Mother's Nightmare,2012,TV Movie|Crime|Mystery|Thriller,5.846,94,0.5293,en
153098,Puppy Love,2012,TV Movie|Comedy|Drama|Family,6.221,34,0.4742,en
188180,Body Fat Index of Love,2012,Comedy,4.9,19,0.5369,fi
118609,Din Tao: Leader of the Parade,2012,Drama|Comedy,5.8,18,0.353,zh
119685,Mass Effect: Paragon Lost,2012,Animation|Action|Science Fiction,6.2,54,0.6335,en
84179,Bones Brigade: An Autobiography,2012,Documentary,7.9,51,0.5733,en
143602,Reboot,2012,Unknown,4.2,11,1.5238,en
130593,Good Vibrations,2012,Music|Drama,6.75,116,0.6685,en
114285,Everybody Has a Plan,2012,Drama|Thriller,4.657,35,0.509,es
84342,Something from Nothing: The Art of Rap,2012,Documentary|Music,6.7,61,0.5704,en
149893,Two Lives,2012,Drama|Thriller,6.604,72,0.6089,de
149218,Come Dance with Me,2012,Family|Romance|TV Movie,5.5,24,0.4361,en
143800,Aftermath,2012,Mystery|Drama|Thriller,6.574,94,0.5905,pl
156062,Easy Rider: The Ride Back,2012,Adventure|Drama,4.0,21,0.4853,en
94904,7 Days in Havana,2012,Drama,5.6,113,0.5114,es
90645,Fanatics,2012,Comedy|Romance,5.4,16,0.5344,fi
145840,Hitched for the Holidays,2012,Romance|TV Movie,6.3,49,0.5097,en
138419,A Caretaker's Tale,2012,Comedy|Drama,4.7,23,0.4127,da
86980,Once Upon a Time in Phuket,2012,Comedy|Romance,5.3,36,0.5791,sv
93230,Nobel's Last Will,2012,Thriller|Drama|Mystery|Crime,6.0,49,0.5744,sv
143569,Elf-Man,2012,Family|Comedy,3.045,22,0.7493,en
107178,Jackie,2012,Drama,6.6,47,0.4382,nl
329690,Comedy Central Roast of Roseanne,2012,Comedy,6.514,37,0.5574,en
142303,Switchmas,2012,Comedy|Family,5.382,17,0.5722,en
133183,The Child,2012,Thriller,4.646,24,0.4199,de
101682,Last Stop: Kurtuluş,2012,Comedy|Drama,5.8,19,0.5002,tr
44032,Bending The Rules,2012,Action|Drama|Comedy|Crime,5.451,72,0.652,en
139571,Refuge,2012,Drama|Comedy|Romance,5.9,13,0.456,en
112136,Buzzkill,2012,Comedy,3.0,10,0.5063,en
137648,Inocente,2012,Documentary|Drama,7.3,12,0.3649,en
118677,Why Stop Now?,2012,Comedy|Drama,5.4,110,0.4507,en
116377,An Open Heart,2012,Drama,5.235,17,0.5122,fr
178751,Countdown,2012,Thriller|Horror,5.926,34,0.4962,th
114718,Kauwboy,2012,Drama|Family,6.2,56,0.4152,nl
148656,The Good Witch's Charm,2012,TV Movie|Family|Fantasy,7.324,86,0.5531,en
144568,Operación E,2012,Drama|Thriller,6.8,21,0.5217,es
132156,Thomas & Friends: Blue Mountain Mystery,2012,Animation|Family,6.5,18,0.6691,en
122843,The Wedding Video,2012,Comedy,5.5,40,0.5331,en
140208,Bad Boy Street,2012,Drama|Romance,5.4,30,0.3493,en
119281,Uncle Charles,2012,Comedy,4.821,42,0.2984,fr
100089,Nazis at the Center of the Earth,2012,Adventure|Action|Horror|Science Fiction|Thriller,3.173,101,0.6054,en
141528,Time Travel Mater,2012,Animation|Family|Science Fiction|Comedy,6.073,143,0.5038,en
199277,Particle,2012,Drama,5.867,15,0.5109,tr
187252,In the Name of the Son,2012,Drama,6.1,23,0.2782,fr
918078,Daniel Radcliffe: Being Harry Potter,2012,Documentary|TV Movie,6.6,23,0.6223,en
84288,The Invisible War,2012,Documentary|War|Crime,7.113,120,0.5056,en
70553,Sleepaway Camp IV: The Survivor,2012,Horror,2.333,51,0.4882,en
114593,Johnny Carson: King of Late Night,2012,Documentary,7.8,16,0.5101,en
149032,The Mistle-Tones,2012,TV Movie|Comedy|Romance,6.115,61,0.7193,en
50497,When the Lights Went Out,2012,Thriller|Drama|Horror,5.652,132,0.5669,en
173413,Don't Worry  I'm a Ghost,2012,Comedy|Drama|Horror|Romance|Mystery,6.177,31,0.3639,ko
94563,WWJD II: The Woodcarver,2012,Drama,6.3,10,0.4421,en
130264,The Horde,2012,History|Drama,5.6,34,0.449,ru
86577,Happy,2012,Documentary,7.108,65,0.5349,en
148864,Omertà,2012,Drama|Thriller,5.192,13,0.4012,fr
139156,Stars 80,2012,Comedy,5.7,219,0.4011,fr
100493,The Devil's Carnival,2012,Horror|Music,5.516,94,0.4833,en
127421,Supernatural Activity,2012,Comedy|Horror,4.9,31,0.583,en
86387,Cracks in the Shell,2012,Drama,6.1,29,0.4271,de
204761,Suspension of Disbelief,2012,Thriller,4.2,25,0.5622,en
125558,Among Friends,2012,Comedy|Horror,4.3,63,0.4888,en
190410,Maledimiele,2012,Drama,6.1,23,0.5035,it
52001,Citadel,2012,Drama|Horror|Thriller,5.4,175,0.8938,en
184080,Doin' It in the Park: Pick-Up Basketball  NYC,2012,Documentary|History,6.6,15,0.4153,en
169885,Flight of the Butterflies,2012,Documentary,6.2,20,0.5746,en
153021,Doors Open,2012,Crime|TV Movie|Drama,5.2,18,0.4078,en
84185,Chasing Ice,2012,Documentary,7.474,171,0.5694,en
96367,WitchSlayer Gretl,2012,Fantasy|Horror|Science Fiction|TV Movie,3.9,15,0.6862,en
136930,Bad Girls,2012,Comedy|Romance,4.0,14,0.4594,zh
553708,Oh Sheep!,2012,Animation|Comedy,7.1,14,0.2682,de
90953,Best Laid Plans,2012,Thriller|Drama|Action,5.483,29,0.3887,en
129848,Attakathi,2012,Comedy|Romance,6.9,12,0.4614,ta
115365,Loving the Bad Man,2012,Drama,5.2,10,0.2974,en
154922,Three Heroes on Distant Shores,2012,Animation|Comedy,5.862,65,0.3247,ru
142295,The Yummy Gummy Search for Santa,2012,Animation,3.083,12,0.5343,en
97610,Beware of Mr. Baker,2012,Documentary|Music,7.4,59,0.5605,en
106741,Maman,2012,Comedy,5.0,50,0.3805,fr
120942,Teri Meri Kahaani,2012,Comedy|Drama|Romance,5.819,36,0.5569,hi
125835,Julayi,2012,Action|Comedy|Crime|Thriller,6.476,41,0.5054,te
84198,A Place at the Table,2012,Documentary,6.808,26,0.4547,en
133764,Vanishing Waves,2012,Romance|Science Fiction|Thriller,5.8,71,0.4616,lt
146171,Smart Cookies,2012,Adventure|TV Movie,6.022,23,0.4344,en
129524,Return of the Killer Shrews,2012,Horror,5.24,50,0.5425,en
105528,Cowgirls n' Angels,2012,Drama|Family,5.989,89,0.5392,en
128070,Gone Fishing,2012,Drama|Family,5.75,12,0.3784,es
82626,16-love,2012,Drama|Comedy|Romance|Family,5.2,25,0.4365,en
82028,Black Out,2012,Crime|Action|Comedy,5.817,41,0.5299,nl
127775,Die Kirche bleibt im Dorf,2012,Comedy,6.183,30,0.4421,de
224404,Silent Youth,2012,Drama|Romance,4.821,42,0.5605,de
141950,Calm at Sea,2012,War|Drama|History,6.625,20,0.3501,fr
96714,Diaz - Don't Clean Up This Blood,2012,Drama|History,7.15,434,0.5835,it
130358,Liz & Dick,2012,Drama|TV Movie|Romance,3.7,50,0.4703,en
187263,Y/N: You Lie  You Die,2012,Thriller,4.7,21,0.4847,en
112735,The Skinny,2012,Comedy,5.5,18,0.3957,en
158703,Nina,2012,Drama,4.7,13,1.2734,en
135877,Alien Dawn,2012,Thriller|Science Fiction,2.5,30,0.5504,en
116647,Neethaane En Ponvasantham,2012,Drama|Romance,6.0,25,0.5345,ta
190829,Night of the Living Dead: Resurrection,2012,Horror,2.917,42,0.5566,en
37269,My Fake Fiance,2012,TV Movie|Comedy|Romance,6.562,249,0.6926,en
136437,Beyond the Walls,2012,Romance|Drama,6.443,44,0.4864,fr
83660,Paradise Lost 3: Purgatory,2012,Documentary|Crime,7.37,146,0.4704,en
78461,Beneath the Darkness,2012,Thriller|Horror|Drama,4.755,155,0.4336,en
70793,The Big Night,2012,Comedy,5.788,153,0.4019,fr
129439,Bachelor Party,2012,Action|Comedy|Crime,5.5,11,0.4944,ml
95191,One Night,2012,Drama,5.6,56,0.3739,fr
126186,Shanghai Calling,2012,Romance|Comedy|Drama,6.3,23,0.535,en
395681,Grave Torture,2012,Horror,5.4,10,0.4102,en
121071,No Tell Motel,2012,Horror,4.7,45,0.4366,en
139374,Mais qui a re-tué Pamela Rose ?,2012,Comedy,5.676,216,0.6071,fr
85434,Frozen Silence,2012,War|Mystery|Drama,5.1,39,0.5329,es
91311,The Trouble with the Truth,2012,Drama|Romance,5.7,10,0.3959,en
221161,Devoured,2012,Thriller|Horror|Drama,5.5,47,0.6394,en
127614,Almost 18,2012,Drama,5.8,20,0.4157,fi
134197,Deadly Hope,2012,Crime|Thriller|TV Movie,5.3,10,0.4975,es
98877,Sex  Lies and Surgery,2012,Comedy,5.6,28,0.4934,fr
121640,Zaytoun,2012,Drama|War|Adventure|Thriller,6.3,33,0.3843,en
82321,The Loneliest Planet,2012,Drama|Romance,5.7,76,0.5279,en
137285,Crossfire Hurricane,2012,Documentary|Music,7.073,62,0.6743,en
96556,Hit So Hard,2012,Documentary|Music,5.0,19,0.3634,en
180267,Pridyider,2012,Horror,4.3,10,0.6389,en
102370,Saving the Titanic,2012,TV Movie|Documentary|Drama,7.8,14,0.4053,en
137072,The Comedian,2012,Drama|Romance,4.3,12,0.3385,en
150584,Clash of the Empires,2012,Fantasy|Adventure|Action,3.1,45,0.4788,en
128204,Satellite Boy,2012,Adventure|Drama|Family,5.9,11,0.4784,en
140713,Waking Up Yesterday,2012,Comedy|Science Fiction,6.1,21,0.2796,cs
123949,Kokoko,2012,Drama|Comedy,5.483,29,0.3456,ru
119457,General Education,2012,Comedy,3.9,16,0.4324,en
255396,Yardbird,2012,Drama|Fantasy,6.8,16,0.328,en
131951,The Disappeared,2012,Horror,5.5,12,0.5099,en
149023,Christmas Oranges,2012,Family|Drama,7.462,26,0.4749,en
142116,Bio-Cop,2012,Action|Comedy|Horror|Crime,8.0,11,0.397,en
110447,Dormant Beauty,2012,Drama,6.3,71,1.4441,it
472908,The Garlock Incident,2012,Horror|Mystery|Thriller,5.3,12,0.2432,en
143567,Just Like Brothers,2012,Comedy,6.584,267,0.4647,fr
86868,Would I Lie to You? 3,2012,Comedy,5.473,349,0.4487,fr
114003,Jersey Shore Shark Attack,2012,TV Movie|Action|Science Fiction|Comedy|Horror,4.611,54,0.6238,en
108942,The Nannies,2012,Comedy,4.7,15,0.5414,ru
108435,Zombie Hamlet,2012,Comedy|Horror,5.5,10,0.3814,en
121598,Midnight's Children,2012,Drama,5.4,54,0.4905,en
138907,Sassy Pants,2012,Comedy|Drama,5.6,47,0.5015,en
152113,Planet Ocean,2012,Documentary,7.5,63,0.6526,fr
98369,Blue Like Jazz,2012,Drama|Comedy,5.5,57,0.447,en
84742,Donner Pass,2012,Horror,4.2,50,0.5084,en
84917,The City Dark,2012,Documentary,7.5,11,0.2626,en
147798,Low Profile,2012,Comedy|Romance,6.0,16,0.4538,fr
135659,Johan Falk: De 107 patrioterna,2012,Action|Crime|Thriller,6.3,47,0.5153,sv
142724,Walker,2012,Drama|Documentary,6.1,20,0.4482,zh
160220,Bronies: The Extremely Unexpected Adult Fans of My Little Pony,2012,Documentary,5.231,39,0.5644,en
102197,The Spy,2012,Action|Thriller,4.8,40,0.3701,ru
185935,The Pee Wee 3D: The Winter That Changed My Life,2012,Comedy|Family|Drama,6.326,23,0.3918,fr
167948,Space Milkshake,2012,Science Fiction|Comedy,5.137,51,0.6121,en
141099,Jack Irish: Black Tide,2012,Crime|Drama|TV Movie,6.702,42,0.48,en
121437,An Officer and a Murderer,2012,Crime|Drama|TV Movie,5.5,20,0.4524,en
133241,Mariachi Gringo,2012,Comedy|Romance,6.5,16,0.4869,en
106427,The Dead Want Women,2012,Horror,3.2,26,0.448,en
171375,Murder on the 13th Floor,2012,Thriller,4.6,18,0.4983,en
232195,Bring Me the Head of the Machine Gun Woman,2012,Action|Crime,5.5,46,0.4478,es
158388,Little Red Wagon,2012,Drama,6.4,14,0.4783,en
199647,The Color of Time,2012,Drama|Romance,3.9,37,0.5555,en
127853,Artifact,2012,Documentary|Music,7.5,77,0.3443,en
110122,Astronaut: The Last Push,2012,Science Fiction,5.228,68,0.558,en
140652,My Super Psycho Sweet 16: Part 3,2012,Horror|TV Movie,5.4,27,0.4136,en
245142,The Warning,2012,Horror,3.6,15,0.5145,en
137450,Facing Mirrors,2012,Drama,6.1,21,0.5399,fa
102000,Sister,2012,Drama,6.723,177,0.5828,fr
164013,Gentlemen  Good Luck!‎,2012,Comedy|Mystery,3.757,35,0.2989,ru
135451,Visible Scars,2012,Thriller|Horror,4.6,16,0.3671,en
116340,Dead Man's Burden,2012,Drama|Western,5.6,16,0.3944,en
98574,Orange Honey,2012,Romance|Drama,5.0,16,0.4487,es
110272,Cheerful Weather for the Wedding,2012,Drama|Comedy|Romance,5.38,50,0.7786,en
701872,El sexo me da risa 2,2012,Comedy,6.3,38,0.401,es
81330,Desperately Seeking Santa,2012,Romance|TV Movie,5.91,50,0.4593,en
147177,Polar Bears: A Summer Odyssey,2012,Documentary,6.5,15,0.3372,en
144804,Living,2012,Drama,6.702,42,0.4537,ru
71679,Resident Evil: Retribution,2012,Action|Horror|Science Fiction,5.832,4318,0.495,en
130975,Twenty8K,2012,Action|Crime|Thriller,3.3,13,0.4415,en
97589,Leprechaun's Revenge,2012,Horror|Fantasy|Thriller,5.1,58,0.3833,en
256601,War of the Worlds: Goliath,2012,Adventure|Action|Animation|Science Fiction,5.0,24,0.3594,en
105983,Once Upon a Time in the North,2012,Drama,5.7,25,0.4833,fi
168026,Ah Boys To Men,2012,Comedy,6.063,16,0.5214,en
292086,Come Morning,2012,Drama|Thriller,5.5,12,0.3302,en
115046,Black & White & Sex,2012,Drama,5.3,38,0.5437,en
149262,Yeto Vellipoyindhi Manasu,2012,Romance|Drama,6.5,10,0.6292,te
136387,Sams im Glück,2012,Family,5.3,15,0.3958,de
148686,The Penguin King,2012,Family|Documentary|Adventure|Drama,7.0,11,0.4811,en
93094,Junkie,2012,Comedy,4.6,18,0.4102,en
97989,Neighboring Sounds,2012,Thriller|Drama|Crime,7.1,244,0.5693,pt
150181,E a Vida Continua...,2012,Drama,5.8,14,0.4525,pt
98557,Dysfunctional Friends,2012,Comedy|Romance,6.125,16,1.0848,en
139715,Detention of the Dead,2012,Comedy|Horror,4.7,99,0.6613,en
90118,A Little Bit Zombie,2012,Science Fiction|Comedy|Horror,5.1,69,0.5014,en
119885,P.O.V. A Cursed Film,2012,Horror|Thriller,6.3,19,0.5172,ja
135214,The Last Sentence,2012,Drama|History,6.1,15,0.5366,sv
136368,Adventure Planet,2012,Adventure|Animation|Family|Comedy,4.7,13,0.4617,th
125127,A Running Jump,2012,Comedy|TV Movie,6.0,16,0.4371,en
117629,Yossi,2012,Drama|Romance,6.783,60,0.4536,he
121998,It Was the Son,2012,Comedy|Crime|Drama,6.881,80,0.4219,it
96316,I Kissed a Vampire,2012,Fantasy|Romance|Comedy,5.6,11,0.4215,en
149490,All About Christmas Eve,2012,Comedy|Romance|TV Movie,5.0,42,0.5297,en
121210,Our Children,2012,Drama|Romance,6.772,79,0.9099,fr
200044,Deranged,2012,Horror,3.6,18,0.4271,en
128542,FRED 3: Camp Fred,2012,Family|TV Movie|Comedy|Music,5.034,87,0.6911,en
130738,A Month in Thailand,2012,Comedy,5.9,15,0.5029,ro
121498,Creep Van,2012,Horror,4.3,41,0.3861,en
120478,The Haunting of Whaley House,2012,Horror,4.5,59,0.4362,en
525191,Cowboy Bebop: Don't Bother None,2012,Action|Crime|Western,6.333,12,0.3809,ja
132518,Yes or No 2,2012,Comedy|Romance,6.1,40,0.54,th
99758,Swerve,2012,Crime|Drama|Thriller,5.337,49,0.4505,en
75300,The Last Ride,2012,Drama|Music,5.3,17,0.3725,en
303560,Pendulum,2012,Music|Animation|Drama,7.3,15,0.4803,ja
128110,Jump,2012,Drama,5.9,16,0.3204,en
157289,Curfew,2012,Drama,7.4,146,0.4334,en
140873,That Guy... Who Was in That Thing,2012,Documentary,6.4,29,0.541,en
92277,Losing Control,2012,Comedy|Romance,4.7,12,0.4508,en
105449,Notes from the Heart Healer,2012,Drama|TV Movie,6.31,21,0.415,en
116785,Semi-Soet,2012,Romance,5.1,11,1.2725,af
117784,Department,2012,Action|Thriller,6.1,10,0.3759,hi
131953,LOL,2012,Comedy,2.133,15,0.4413,ru
239861,The Horses of McBride,2012,Drama|Family,5.8,17,0.3236,en
106328,Over the Edge,2012,Thriller|Mystery,4.6,22,1.5127,da
80787,Britain's Greatest Codebreaker,2012,Documentary|Drama|History,5.9,33,0.3902,en
128951,Jay and Silent Bob Get Old: Teabagging in the UK,2012,Comedy|Documentary,5.5,26,0.3471,en
127236,Me Too,2012,Drama,5.61,73,0.3473,ru
117549,Unconditional,2012,Drama|Thriller,6.0,14,0.4491,en
137752,Strawberry Fields,2012,Drama,3.9,10,0.3124,en
202537,Fatal Call,2012,Thriller,3.194,18,0.3436,en
121565,Errors of the Human Body,2012,Science Fiction|Thriller|Drama,5.189,61,0.4933,en
148652,The Eleventh Victim,2012,Thriller|TV Movie,4.2,22,0.4346,en
335070,Pretty Obsession,2012,Thriller,3.5,10,0.3787,en
176354,Joan Rivers: Don't Start with Me,2012,Comedy,6.6,14,0.228,en
89156,Rose,2012,Drama|History|War,7.106,70,0.3836,pl
88060,Dark Impulse,2012,Thriller|Drama,4.5,21,0.4956,es
154512,Lightning Strike,2012,Comedy,5.276,243,0.4331,it
136190,In the Shadow,2012,Crime|Drama,6.471,35,0.437,cs
287601,House on the Hill,2012,Horror|Crime,2.5,13,0.3575,en
119517,Zombies vs. Strippers,2012,Horror|Comedy,3.2,27,0.5417,en
307694,Summer Vacation,2012,Drama,5.8,21,0.3929,he
150669,The Real St. Nick,2012,Comedy|Romance|TV Movie,5.5,30,0.3768,en
119478,Devil Seed,2012,Horror,4.597,72,0.4192,en
129431,Maddened by His Absence,2012,Drama,5.9,13,0.4771,fr
86290,A Smile as Big as the Moon,2012,TV Movie|Family|Drama,6.9,13,0.5463,en
138724,A Man with Warranty,2012,Comedy|Romance,4.2,12,0.4175,ru
121822,The Time Being,2012,Mystery,5.341,22,0.4399,en
150015,Love at the Christmas Table,2012,Comedy|Romance|TV Movie,5.8,95,0.7543,en
127497,Backwards,2012,Drama,5.7,16,0.5826,en
162282,A Perfect Family,2012,Comedy,6.507,227,0.4663,it
104024,A Kiss and a Promise,2012,Drama,4.8,15,0.4114,de
239351,The March Sisters at Christmas,2012,Romance|Comedy|TV Movie,5.1,27,0.5318,en
111326,Joshua Tree  1951: A Portrait of James Dean,2012,Drama,5.8,17,0.4692,en
123945,Area Q.,2012,Thriller|Science Fiction,4.8,20,0.4454,pt
95667,Night of the Living Dead: Re-Animation,2012,Horror|Action|Comedy,6.118,114,0.456,en
127884,Come Out and Play,2012,Horror,5.1,105,0.584,en
145091,Lost Angels: Skid Row Is My Home,2012,Documentary,6.4,10,0.3777,en
140070,Expiation,2012,Romance|War|Drama,3.923,13,0.3728,ru
124067,The Central Park Five,2012,Documentary,7.017,121,0.427,en
84344,Teddy Bear,2012,Romance|Drama|Comedy,6.716,67,0.6666,da
209115,Woman's Lake,2012,Drama|Romance,4.1,19,0.6309,de
114887,The Dream Team,2012,Documentary,7.8,31,0.317,en
155036,The Torrent,2012,Drama,5.3,10,1.3603,fr
147686,Mes héros,2012,Comedy,5.932,66,1.5666,fr
151209,Heaven's Door,2012,Family|Fantasy|Drama,5.6,14,0.4596,en
138118,Johan Falk: Barninfiltratören,2012,Action|Crime|Thriller,6.5,44,0.4238,sv
124073,Iceberg Slim: Portrait of a Pimp,2012,Documentary,6.2,16,0.5252,en
128135,Mushrooming,2012,Adventure|Thriller|Comedy,5.8,12,0.8151,et
83588,Middle of Nowhere,2012,Drama,6.0,30,0.4693,en
143394,The Legacy of the Siren,2012,History|Drama,5.8,20,0.3678,de
109245,Do No Harm,2012,TV Movie|Thriller,4.5,13,0.4649,en
84327,The Queen of Versailles,2012,Documentary,6.912,217,0.5096,en
136087,The Giant King,2012,Animation|Fantasy|Comedy|Adventure|Science Fiction,6.2,12,0.639,th
115604,Homophobia,2012,Drama,5.9,15,0.4327,de
97899,A Magnificent Haunting,2012,Drama|Fantasy|Comedy,6.4,257,0.8448,it
177081,Ésimésac,2012,Family|Fantasy,5.75,10,0.4597,fr
167153,Maladies,2012,Drama,5.3,21,0.5955,en
135675,12 Dogs of Christmas: Great Puppy Rescue,2012,Comedy|Family,5.28,25,0.3587,en
126442,Alter Egos,2012,Comedy|Adventure|Romance,5.2,37,0.362,en
166484,Bigfoot's Wild Weekend,2012,Science Fiction|Comedy,4.2,10,0.2401,en
151488,Masters,2012,Crime|Thriller,5.3,13,0.4387,ml
147171,Steel Butterfly,2012,Crime|Drama|Thriller,4.7,28,0.4111,ru
151071,It's Christmas  Carol!,2012,TV Movie|Family|Fantasy,5.5,36,0.3796,en
169692,The Landlords,2012,Drama,5.872,39,0.262,it
184313,Goat Story With Cheese,2012,Animation|Family|Comedy|Music,4.6,13,0.4435,cs
145103,Dogman,2012,Horror,4.0,11,0.4318,en
85992,Tezz,2012,Drama|Action|Thriller,4.1,27,0.3358,hi
117369,Arjun: The Warrior Prince,2012,Action|Animation,6.355,38,0.4777,hi
178619,Gods of War: Assembling Earth's Mightiest Anti-Heroes,2012,Documentary,7.3,11,0.3288,en
90882,We Are Family,2012,Comedy|Romance,4.0,10,0.4134,ru
312158,Born Wild,2012,Drama|Action,5.8,11,0.315,en
273516,The Silent Thief,2012,Thriller,5.444,18,0.5213,en
144725,The Wishing Tree,2012,Comedy|TV Movie|Romance,5.775,20,0.5392,en
126325,Everybody in Our Family,2012,Drama|Thriller,6.897,34,0.3177,ro
126063,Bhooter Bhabishyat,2012,Comedy|Horror,7.8,23,0.5301,bn
105506,Grandmaster,2012,Thriller|Action,6.6,36,0.355,ml
89237,Electrick Children,2012,Drama,6.4,133,0.6114,en
118640,Love and Other Troubles,2012,Comedy|Romance,5.2,21,0.4636,fi
67635,Saguni,2012,Drama,4.786,21,0.4556,ta
154699,Da Thadiya,2012,Comedy|Drama,6.3,15,0.4511,ml
166392,Run For Your Wife,2012,Comedy,4.4,11,0.4832,en
124501,In the Dark Half,2012,Mystery|Drama,5.2,17,0.4323,en
93091,Crazy Eyes,2012,Drama|Comedy|Romance,4.147,17,0.4698,en
157414,Up There,2012,Comedy|Fantasy,6.1,16,1.5258,en
146778,The Men Next Door,2012,Romance|Comedy|Drama,4.4,22,0.2635,en
114574,Bikini Spring Break,2012,Comedy,3.6,52,0.4881,en
120101,Kyaa Super Kool Hain Hum,2012,Drama,4.729,35,0.2899,hi
110504,1 Out of 7,2012,Drama,5.6,12,0.3795,en
95808,Brooklyn Castle,2012,Documentary,6.8,19,1.0627,en
187504,Messner,2012,Adventure|Documentary,6.4,17,0.3008,de
137955,Crowsnest,2012,Horror|Mystery|Thriller,4.6,45,0.414,en
105504,Casanovva,2012,Action|Romance|Thriller,2.4,15,0.3938,ml
120961,Fidgety Bram,2012,Comedy|Family,6.9,16,0.4796,nl
146364,Cosimo and Nicole,2012,Drama|Comedy,6.135,37,0.2636,it
128237,Viola,2012,Drama,6.1,17,0.4033,es
92645,Grimm's Snow White,2012,Fantasy,5.5,69,0.4658,en
166045,Manhunt,2012,Drama|Thriller|War,5.7,31,0.3948,pl
117120,The Facility,2012,Horror|Science Fiction,4.81,50,0.3759,en
147684,Pirate TV,2012,Comedy,5.3,60,1.4454,fr
134380,The Mistress,2012,Romance|Drama,5.0,11,0.6348,tl
130055,Looking for Hortense,2012,Drama|Comedy,5.6,69,0.5328,fr
138130,Kelly + Victor,2012,Romance|Drama,5.4,32,0.3957,en
84350,We’re Not Broke,2012,Documentary,6.3,13,0.3534,en
128766,The Fruit Hunters,2012,Documentary,6.7,12,0.3253,en
135017,Okresní přebor – Poslední zápas Pepika Hnátka,2012,Comedy|Drama,6.8,12,0.4338,cs
117055,Carl,2012,Horror|Thriller,2.3,10,0.3632,en
85041,The Immature: The Trip,2012,Comedy,6.0,619,0.4528,it
138202,Future Weather,2012,Drama,6.1,17,0.3554,en
139659,Puppet Master X: Axis Rising,2012,Horror|War,4.4,67,0.3283,en
128111,Juvenile Offender,2012,Drama,7.0,15,0.4204,ko
126331,Les Invisibles,2012,Romance|Documentary,6.844,45,0.3536,fr
135832,Moon Man,2012,Family|Animation|Fantasy,6.7,23,0.543,de
118621,Portrait of a Zombie,2012,Horror|Comedy,4.9,15,0.4186,en
142931,Summertime,2012,Comedy|Horror,3.8,15,1.4667,es
123359,Here Comes the Devil,2012,Horror|Thriller,5.493,140,0.4218,es
287174,Bunshinsaba,2012,Mystery|Thriller|Horror,4.0,11,0.4174,zh
120956,Rachcha,2012,Action|Drama|Romance,4.2,20,0.4795,te
182501,Papa,2012,Comedy|Romance,4.8,11,0.3237,ar
83729,Offroad,2012,Comedy,5.28,25,0.4289,de
128207,Ship of Theseus,2012,Drama,6.923,65,0.4908,hi
130733,Punk,2012,Drama,5.2,12,0.2319,fr
159447,Mommies  Happy New Year!,2012,Comedy|Drama,5.1,27,0.3216,ru
203182,Can't Stand Losing You: Surviving The Police,2012,Documentary|Music,6.4,18,0.4332,en
103327,Ducoboo 2: Crazy Vacation,2012,Comedy|Family,4.669,304,0.5487,fr
82639,Diana Vreeland: The Eye Has to Travel,2012,Documentary,7.0,36,0.4281,en
101791,Elfie Hopkins: Cannibal Hunter,2012,Horror|Thriller,4.9,35,0.2958,en
134885,Deer Crossing,2012,Horror|Crime|Drama,2.4,14,0.3726,en
149592,From Beneath,2012,Horror|Thriller,3.4,11,0.4844,en
441408,Senritsu Kaiki File Kowasugi! File 01: Operation Capture the Slit-Mouthed Woman,2012,Horror|Thriller,6.074,27,0.3757,ja
129477,Hans Kloss: More Than Death at Stake,2012,Action|War,4.042,24,0.6121,pl
142635,Love at the Thanksgiving Day Parade,2012,Romance|TV Movie,6.4,35,0.398,en
131198,Sea  No Sex & Sun,2012,Comedy,4.8,12,0.3394,fr
127862,Blackbird,2012,Drama,6.7,51,0.4554,en
127847,7 Boxes,2012,Action|Thriller,6.712,137,0.4752,es
150657,Merry In-Laws,2012,Comedy|Fantasy|TV Movie,5.4,15,0.4626,en
114377,The Ventriloquist,2012,Unknown,6.5,17,0.5045,en
331168,Bankable,2012,Comedy|Drama|TV Movie,5.8,17,0.2948,fr
130677,King Kelly,2012,Drama,4.8,17,0.4265,en
207079,Sevilla,2012,Drama|Adventure,6.5,17,1.3385,nl
96246,In Our Nature,2012,Drama,5.1,21,0.3706,en
128281,I Am Gabriel,2012,Drama,5.3,23,0.5249,en
84182,Can,2012,Drama,7.0,11,0.2562,tr
137144,Jeff Dunham: Minding the Monsters,2012,Comedy,6.539,38,0.3067,en
141021,Invader,2012,Drama|Action|Thriller,5.1,33,0.478,es
146404,The Best of Men,2012,Drama|History,6.9,29,0.4348,en
118281,Annika Bengtzon: Crime Reporter - Prime Time,2012,Crime|Drama|Thriller|Mystery,5.114,22,0.4551,sv
161456,When Heroes Lie,2012,Documentary,6.8,19,0.5111,fi
123261,90 Minutes,2012,Drama,5.8,15,0.3981,no
167580,The Dream of Lu,2012,Drama|Family,5.1,12,0.3706,es
286880,The Passenger,2012,Drama|Romance,4.6,11,0.3775,de
264036,Sky Court,2012,Drama|Fantasy,6.0,26,0.3059,ru
86215,The Cloth,2012,Fantasy|Action|Horror,2.5,36,0.4979,en
151728,Natale a 4 zampe,2012,Comedy|TV Movie,5.6,67,0.3651,it
232585,WWII From Space,2012,Documentary|History|War,7.412,51,0.3846,en
128592,The Dandelions,2012,Family|Comedy,6.7,103,0.4811,fr
140447,One Night,2012,Drama,5.686,43,1.1755,es
110496,The Pregnancy Project,2012,TV Movie|Drama,6.7,56,0.4557,en
132712,Party Crashers,2012,Comedy,5.792,96,0.3771,pt
103173,Dragon Age: Dawn of the Seeker,2012,Fantasy|Animation,5.434,68,0.4401,en
135288,The House with 100 Eyes,2012,Horror,3.567,15,0.26,en
121702,A Few Hours of Spring,2012,Drama,6.7,47,0.4461,fr
107334,Night of the Templar,2012,Horror|Mystery,3.9,34,0.3495,en
143653,Sword of the Assassin,2012,Adventure|Drama|Action,6.3,26,0.4733,vi
102053,Them Idiots: Whirled Tour,2012,Comedy,6.5,14,0.3916,en
150056,Jesus Loves Me,2012,Comedy,5.474,58,0.484,de
133989,Two Moons,2012,Horror,6.2,12,0.4288,ko
197292,Reaction,2012,Thriller|Crime|Drama,5.893,14,0.277,ar
138199,Bellicher: Cel,2012,Action,5.9,19,1.3632,nl
183412,Dead Souls,2012,Horror,4.7,60,0.3408,en
366042,Creeper,2012,Thriller|Horror,3.864,11,0.2274,en
99513,Stateless Things,2012,Drama,5.3,12,0.27,ko
132561,Mixed Kebab,2012,Drama|Romance,5.8,31,0.5063,tr
137315,Every Blessed Day,2012,Comedy|Romance|Drama,6.814,234,0.2881,it
140526,The Phantom Father,2012,Drama|Romance,6.545,11,0.3937,ro
125448,Wagon Ho!,2012,Animation|Family,5.6,25,0.2962,en
128149,Once Upon a Time Veronica,2012,Drama,5.8,27,0.3657,pt
125619,The Forbidden Education,2012,Documentary,6.9,21,0.3105,es
85652,Mamitas,2012,Drama|Romance,5.6,10,0.4701,en
169782,The Making of a Lady,2012,Drama|TV Movie,5.9,25,0.3068,en
126757,100 Bloody Acres,2012,Comedy|Horror,5.791,146,0.4429,en
250136,Lucas,2012,Drama,5.8,12,0.3691,es
140405,Coldplay: Live 2012,2012,Music,7.8,38,0.3063,en
84345,That's What She Said,2012,Comedy,5.1,10,0.5119,en
199310,Westerland,2012,Drama|Romance,5.1,12,0.305,de
199994,Sarocharu,2012,Drama|Comedy,4.8,13,0.4101,te
138982,München '72 - Das Attentat,2012,TV Movie|Drama|History,5.5,13,0.4015,de
227218,Space Junk 3D,2012,Documentary,5.9,17,0.3766,en
170170,Girlfriend in a Coma,2012,Documentary|History,6.9,20,0.4035,en
136426,God's Neighbors,2012,Drama,6.4,16,0.4215,he
128124,The Lesser Blessed,2012,Drama,5.9,18,0.4132,en
129517,Yuma,2012,Crime|Drama|Action,6.4,36,0.327,pl
84316,My Brother the Devil,2012,Drama,6.384,56,0.9898,en
77444,The Corridor,2012,Drama|Science Fiction|Thriller|Horror,4.8,47,0.4822,en
157723,Nantucket Film Festival's Comedy Roundtable,2012,Comedy|Documentary|TV Movie,7.0,10,0.3726,en
126565,Freedom Force,2012,Animation|Adventure|Family,4.1,24,0.3838,es
168057,The Fjällbacka Murders: In the Eye of the Beholder,2012,Crime|Thriller|Mystery|Drama,5.5,22,0.4302,sv
129707,Totally Innocent,2012,Comedy|Crime,4.8,16,0.5155,pt
192591,El Santos vs la Tetona Mendoza,2012,Comedy|Animation,6.6,49,0.7051,es
107978,Cockpit,2012,Comedy,5.682,34,1.3996,sv
125623,The Other Son,2012,Drama,6.5,87,0.522,fr
141938,Diamond Necklace,2012,Drama|Romance,7.0,30,0.3347,ml
175495,There's No Place Like Home,2012,Documentary,6.364,11,0.3659,en
147132,A Bride for Christmas,2012,Romance|Comedy|TV Movie,6.268,125,0.3656,en
136741,Myn Bala: Warriors of the Steppe,2012,Action|Adventure|Drama,7.1,24,0.3957,kk
109411,Cellmates,2012,Comedy|Drama,6.0,19,0.3179,en
160897,Barrio Tales,2012,Horror,4.4,16,0.5187,fr
183433,Forgetting the Girl,2012,Thriller|Drama,5.6,22,0.3245,en
128142,The Zigzag Kid,2012,Family|Adventure|Drama,6.7,17,0.3203,nl
140046,Nad życie,2012,Drama|Romance,7.0,11,0.3004,pl
82479,A Noble Lie: Oklahoma City 1995,2012,Documentary,4.8,18,0.4787,en
140974,Goodnight  Mr. Foot,2012,Animation|Comedy,5.3,32,0.3737,en
130804,Sofia's Last Ambulance,2012,Documentary,6.6,10,0.2795,bg
121286,Buona giornata,2012,Comedy,5.0,158,0.3302,it
84533,Ek Main Aur Ekk Tu,2012,Drama|Comedy|Romance,5.6,152,0.3145,hi
84180,California Solo,2012,Drama|Music,5.7,23,0.3418,en
170898,Sonja and the Bull,2012,Comedy|Romance,4.8,17,0.314,hr
126304,Dirty Hearts,2012,History|Drama|War,6.7,16,0.4736,pt
103689,Post Tenebras Lux,2012,Drama,6.1,134,0.3255,es
83738,After Fall  Winter,2012,Drama|Romance,5.6,22,0.3481,en
110892,Professor Kosta Vujic's Hat,2012,Comedy,5.6,20,0.367,sr
87016,Sexting in Suburbia,2012,Drama|Thriller|TV Movie|Crime,5.5,43,0.3635,en
221488,8 Minutes Idle,2012,Comedy,5.071,21,0.4054,en
192137,Not Waving but Drowning,2012,Drama,6.1,15,0.3891,en
85581,Time of My Life,2012,Drama,6.6,20,0.3578,nl
100540,The Kill Hole,2012,Action,4.7,18,0.4435,en
107203,Xingu,2012,Drama|History,7.382,55,0.2723,pt
124075,More Than Honey,2012,Documentary,7.233,101,0.2868,de
284374,Love or Whatever,2012,Comedy|Romance,4.8,20,0.3442,en
115875,Morangos com Açúcar - O Filme,2012,Comedy|Family|Adventure,6.7,20,0.3632,pt
108739,Making Off,2012,Horror|Crime|Comedy,5.4,28,0.3163,fr
118032,Ferrari Ki Sawaari,2012,Family|Comedy,5.929,35,0.5713,hi
129953,Welcome Aboard,2012,Drama,6.04,25,0.3499,fr
192465,Fugitive at 17,2012,TV Movie|Crime|Mystery|Thriller,6.5,101,0.3219,en
69536,Mugamoodi,2012,Action|Drama,4.5,23,0.4619,ta
197511,Pleasant Goat and Big Big Wolf 4,2012,Animation,7.2,11,0.3294,zh
99879,Winter Nomads,2012,Documentary|History,7.2,20,0.3565,fr
168901,Inside,2012,Horror,3.806,18,0.3165,en
96085,Dollhouse,2012,Drama,4.5,12,0.3357,en
148777,In Vogue: The Editor's Eye,2012,Documentary,7.2,10,0.3029,en
111208,The 25th Reich,2012,Action|Adventure|Fantasy|Science Fiction,4.4,29,0.3852,en
86705,John Mulaney: New in Town,2012,Comedy,7.958,202,0.4276,en
204767,Profile of a Killer,2012,Thriller,9.6,11,0.2402,en
97672,Suicides,2012,Comedy,5.2,15,0.3073,ru
127894,Do Not Disturb,2012,Comedy|Romance,4.3,41,0.3798,fr
133463,Redd Inc.,2012,Thriller|Horror|Comedy,5.429,91,0.336,en
127495,Graceland,2012,Drama,6.071,35,0.3515,tl
259851,What Remains,2012,Drama|Crime,3.8,11,0.2692,tr
53482,One Man Up,2012,Comedy|Drama,7.115,273,0.3824,it
94356,We the Party,2012,Comedy,4.7,14,0.2923,en
112586,Paolo Borsellino: The 57 Days,2012,History|Drama,7.3,28,0.4006,it
140481,Park Avenue: Money  Power & The American Dream,2012,Documentary,7.0,27,0.3691,en
137370,Pauline détective,2012,Comedy,5.572,69,0.4271,fr
94973,The Belgian Job,2012,Comedy,4.976,42,0.3565,fr
152100,The 2 Usual Idiots,2012,Comedy,4.5,242,0.4219,it
133396,Forgotten,2012,Drama|Thriller|Mystery,5.9,42,0.3665,de
91310,Ekk Deewana Tha,2012,Romance,4.8,16,0.5291,hi
103717,You Ain't Seen Nothin' Yet,2012,Drama,6.6,61,0.3697,fr
124066,Camp 14: Total Control Zone,2012,Documentary,6.7,25,0.3603,en
122191,Holmes & Watson: Madrid Days,2012,Drama|Mystery|Thriller|Crime,4.7,11,0.3583,es
154315,Simon Amstell: Numb - Live at the BBC,2012,Comedy,7.2,13,0.388,en
103758,Reality,2012,Drama|Comedy,7.11,346,0.4026,it
89451,A Woman's Revenge,2012,Drama,6.346,13,0.3789,pt
127594,CLONED: The Recreator Chronicles,2012,Horror,4.8,54,0.6969,en
157123,Tell No One,2012,Comedy,6.1,84,0.3894,it
128540,The Encounter 2: Paradise Lost,2012,Drama|Family,4.9,27,0.3,en
102313,Dead Weight,2012,Drama|Horror|Thriller,4.5,14,0.2384,en
137376,Least Among Saints,2012,Drama,5.1,17,0.2717,en
191185,My Sweet Orange Tree,2012,Drama|Family,7.373,51,0.2912,pt
154441,Till Luck Do Us Part,2012,Comedy,6.446,315,0.3254,pt
94540,Black Forest,2012,Fantasy|Horror|Science Fiction|TV Movie,3.9,35,1.5788,en
128311,Under the Bed,2012,Horror,4.968,93,0.324,en
113460,Nate & Margaret,2012,Comedy,4.4,17,0.3348,en
63147,Snow on tha Bluff,2012,Drama|Crime,6.3,36,0.2692,en
100791,That Very Karloson!,2012,Comedy|Fantasy|Family,3.2,33,0.3581,ru
131978,Suave Patria,2012,Comedy,6.2,62,0.4631,es
114438,Russendisko,2012,Comedy,5.371,66,0.358,de
83125,The Color Wheel,2012,Comedy|Romance,6.3,51,0.2995,en
144085,Chilly Christmas,2012,Comedy|Family,4.714,14,0.4895,en
117464,Wer's glaubt wird selig,2012,Comedy,6.065,31,0.3383,de
96811,Hanezu,2012,Drama|Romance,6.0,20,0.5396,ja
62941,The Doors: Live at the Bowl '68,2012,Music,7.385,26,0.4116,en
210289,The Surrogacy Trap,2012,TV Movie|Drama|Thriller,5.3,25,0.3648,en
89595,Sushi: The Global Catch,2012,Documentary,5.9,12,0.2758,en
69504,Vettai,2012,Action|Thriller,6.4,23,0.4575,ta
155730,Life Is Beautiful,2012,Comedy|Drama|Family,6.2,15,0.4296,te
168616,Tumult,2012,Action|Comedy,6.0,10,0.3985,en
89733,Seven Seas Pirates,2012,Animation,6.3,19,0.2733,es
109125,The Amazing Bulk,2012,Action|Comedy|Science Fiction|Adventure|Animation,2.412,74,0.3974,en
127369,The End of Time,2012,Documentary,7.1,15,0.2322,en
123241,Bowling,2012,Comedy,5.2,88,0.316,fr
100681,Shanghai,2012,Thriller|Crime|Mystery,6.787,54,0.5757,hi
138370,Luv Shuv Tey Chicken Khurana,2012,Comedy,6.333,18,0.3271,hi
128129,London: The Modern Babylon,2012,Unknown,6.396,24,0.4239,en
127916,The Fitzgerald Family Christmas,2012,Drama|Family,5.98,25,0.404,en
129582,Frisch gepresst,2012,Comedy|Romance|TV Movie,4.7,18,0.2286,de
160234,Abel's Field,2012,Drama,6.3,18,0.3921,en
146582,Naduvula Konjam Pakkatha Kaanom,2012,Comedy|Drama,7.4,32,0.3337,ta
122198,Lines of Wellington,2012,Drama|History|War,5.722,45,0.5085,pt
139251,I Married Who?,2012,TV Movie|Comedy|Romance,6.016,31,0.5081,en
124380,Jatt & Juliet,2012,Comedy|Romance,7.5,12,0.4764,pa
165755,Theevram,2012,Crime|Action|Thriller,6.4,27,0.2973,ml
128508,Pretty Butterflies,2012,Drama,6.4,26,0.1984,en
146313,The Cottage,2012,Horror|Thriller,4.5,23,0.2841,en
138372,Bad Kids Go to Hell,2012,Comedy|Mystery|Thriller|Horror,4.564,101,0.4592,en
161908,Head Over Heels 2,2012,Comedy|Romance,6.349,182,0.2905,pt
150041,Brasserie Romance,2012,Comedy|Drama,6.1,11,1.078,nl
122240,The Last Death,2012,Thriller|Science Fiction,4.8,22,0.3326,es
171788,We Were Children,2012,Documentary,7.2,10,0.4405,en
125445,Serenade,2012,Animation|Music,4.7,26,0.3436,en
109038,Fear of Water,2012,Drama,5.2,10,0.3739,fr
147763,The Dog Who Saved the Holidays,2012,Family|Comedy|TV Movie,4.611,18,0.4359,en
236417,A Golden Christmas 3,2012,Family|Comedy|Romance,5.344,48,0.389,en
230210,Kotsutsubo,2012,Horror,5.0,12,0.3766,ja
106344,Waiting for Lightning,2012,Documentary|Drama,5.8,11,0.396,en
103665,Firelight,2012,Drama|TV Movie,6.1,15,0.4196,en
126323,Mine Games,2012,Thriller|Horror,5.528,123,0.524,en
121798,Hang Loose,2012,Adventure|Drama,4.5,11,0.2792,en
98277,Paris Under Watch,2012,Drama|Thriller,6.01,51,0.3217,fr
137614,The Forest,2012,Drama|Fantasy|Science Fiction,5.7,11,0.3321,ca
270458,The Adored,2012,Drama|Thriller|Mystery|Romance,3.3,10,0.3238,en
93855,A Flat for Three,2012,Comedy|Drama,5.95,212,0.35,it
113102,Ashes,2012,Documentary,5.279,34,0.3228,th
131220,Jason Becker: Not Dead Yet,2012,Music|Documentary,7.6,22,0.4234,en
125453,Forces of Nature,2012,Animation|Comedy,5.1,38,0.4815,en
198757,The Amazing Adventures of the Living Corpse,2012,Animation|Horror,2.8,19,0.2122,en
85043,Tere Naal Love Ho Gaya,2012,Drama|Comedy|Romance,6.394,33,0.4203,hi
132887,First Cousin Once Removed,2012,Documentary,5.5,11,0.245,en
130987,Plan de table,2012,Comedy|Romance,5.703,232,0.3154,fr
122544,The Perfect House,2012,Horror,4.0,19,0.2994,en
143999,Peter Capusotto y sus 3 Dimensiones,2012,Comedy,5.8,10,0.1891,es
140403,Fresh Meat,2012,Comedy|Horror,5.333,66,0.3179,en
197368,Hemlock Society,2012,Thriller|Romance,7.0,15,0.4574,bn
133569,Rat Fever,2012,Drama,6.2,45,0.247,pt
156031,Sweet Mother,2012,Comedy|Drama|Family|TV Movie,8.7,17,0.3212,pt
139159,Coming Home,2012,Drama|Romance,5.8,11,0.2666,fr
201024,Children of Sorrow,2012,Horror|Thriller,4.7,28,0.3099,en
116953,Play It Like Godard,2012,Comedy,4.0,20,0.2935,fr
125342,Here Below,2012,Drama|History,4.9,14,1.2749,fr
136742,Gulf Stream Under the Iceberg,2012,Drama|Fantasy|Science Fiction,4.0,11,0.3428,ru
123358,Blondie,2012,Drama,4.1,10,0.28,sv
91322,Good for Nothing,2012,Action|Adventure|Western|Comedy|Romance,6.733,15,0.3302,en
145343,Christmas Song,2012,Family|Romance|TV Movie,5.6,32,0.3643,en
93847,My Best Holidays,2012,Comedy|Family,5.464,42,0.4834,fr
128217,Storm Surfers,2012,Adventure|Documentary,6.5,11,0.3087,en
84070,Zenne Dancer,2012,Drama,6.0,32,0.3435,tr
116231,Another Woman's Life,2012,Comedy|Drama|Romance,6.2,88,0.4329,fr
120292,Not Suitable For Children,2012,Comedy|Romance,5.3,109,0.4869,en
126862,Dead Europe,2012,Drama,5.3,20,0.6215,en
135900,Bypass,2012,Comedy,3.7,16,0.2831,es
128278,Hooligan,2012,Documentary,6.2,12,0.3059,en
84302,The Last Elvis,2012,Drama|Music,5.9,20,0.3058,es
150641,Baby's First Christmas,2012,Romance|Drama|TV Movie,5.8,17,0.3522,en
87817,What's New About Love?,2012,Drama|Romance,4.0,11,0.219,pt
146318,Of Two Minds,2012,TV Movie|Drama,6.6,14,0.3544,en
117377,Flicker,2012,Drama,5.667,15,0.3254,sv
111349,One Direction: Up All Night - The Live Tour,2012,Music,8.0,76,0.3393,en
179319,Love Is Not Perfect,2012,Comedy|Romance,5.4,38,0.3872,it
58559,Confession of a Child of the Century,2012,Drama,4.5,27,0.3087,fr
137528,You Can't Kill Stephen King,2012,Horror|Comedy,4.508,59,0.3627,en
102041,Titanic: The Final Word with James Cameron,2012,Documentary|History|TV Movie,7.379,29,0.4522,en
104710,Catastroika,2012,Documentary,6.773,22,0.2877,el
183437,The Mystery of a Hansom Cab,2012,Mystery|TV Movie|Crime|Drama,6.25,18,0.439,en
144752,Tango Libre,2012,Drama|Romance|Music,5.6,27,0.3265,fr
79550,Rogue River,2012,Horror|Thriller,4.8,88,0.3726,en
89260,Hard Boiled Sweets,2012,Crime,4.263,19,0.4726,en
145198,Bigfoot County,2012,Horror|Thriller,3.3,18,0.2927,en
294636,The Godfather Legacy,2012,Documentary|TV Movie,7.2,19,0.3929,en
91367,Sing Your Song,2012,Documentary|Music,6.9,10,0.3573,en
234931,Russell Brand - From Addiction to Recovery,2012,Documentary,6.545,11,0.2395,en
150084,Mr. Blue Sky: The Story of Jeff Lynne & ELO,2012,Music|Documentary,7.4,16,0.2739,en
139743,The Crossing,2012,Drama|Thriller,6.46,25,0.2925,fr
108915,Jobriath A.D.,2012,Music|Documentary,6.6,13,0.2529,en
138622,Beauty and the Least,2012,Romance|Drama|Comedy,4.3,11,0.315,en
138686,The Marathon,2012,Comedy|Drama,7.2,89,0.3642,nl
207125,Boy,2012,Drama,6.9,13,0.2936,en
146448,Sechzehneichen,2012,Unknown,5.7,11,0.418,de
128841,The Thompsons,2012,Horror|Thriller,4.7,71,0.4176,en
105676,Careless Love,2012,Drama,6.3,10,0.2893,en
133786,Where the Trail Ends,2012,Documentary|Adventure|Drama,7.5,30,0.4833,en
148331,Nightingale - The Robber,2012,Action|Adventure|Comedy|Western,5.655,42,0.3316,ru
136409,Fogo,2012,Documentary|Drama,5.8,10,0.5172,en
137399,Silent Code,2012,Drama,3.5,13,0.2845,zh
139014,The LEGO® Story,2012,Animation|History|Drama|Family,6.5,17,0.2955,en
143169,Envelope,2012,Comedy|Drama,7.323,31,0.3304,en
120775,Padmasree Bharat Dr. Saroj Kumar,2012,Comedy,4.7,13,0.3603,ml
136902,Death of a Man in the Balkans,2012,Comedy,6.8,13,0.473,sr
157305,Head Over Heels,2012,Family|Animation|Comedy|Romance,6.789,64,0.2354,en
99785,The Conductor,2012,Drama,3.6,15,0.3166,ru
239761,Kiss Me Softly,2012,Comedy|Drama,5.8,22,0.4168,nl
85782,Berlin Kaplanı,2012,Comedy,4.672,61,0.3074,tr
125395,Partners in Crime,2012,Comedy|Crime|Mystery,5.462,66,0.3809,fr
138115,Johan Falk: Organizatsija Karayan,2012,Action|Crime|Thriller,6.6,44,0.3649,sv
148882,Heaven and Hell,2012,Horror,4.2,10,0.2283,th
152155,And Here's What's Happening to Me,2012,Drama|Comedy,6.136,22,0.292,ru
115692,Ee Adutha Kaalathu,2012,Thriller,6.9,19,0.3643,ml
92393,Tape 407,2012,Horror|Science Fiction|Thriller,3.8,85,0.2861,en
118769,You've Been Trumped,2012,Documentary,6.464,42,0.2314,en
117618,The Guest House,2012,Romance,4.5,40,0.3206,en
171698,The Citizen,2012,Drama,6.4,23,0.3206,en
205439,The Hand of Nefertiti,2012,Animation|Adventure,7.063,16,0.289,es
139948,Burn,2012,Documentary,7.4,24,0.2928,en
112162,TimeScapes,2012,Documentary,7.439,33,0.277,en
95744,La montaña rusa,2012,Comedy|Romance|Drama,5.0,20,0.3852,es
282454,Guns N' Roses: Appetite for Democracy – Live at the Hard Rock Casino  Las Vegas,2012,Music,6.5,16,0.3569,en
126321,Three Worlds,2012,Drama,5.6,26,0.2708,fr
170101,End of the Road: How Money Became Worthless,2012,Documentary,8.1,10,0.3637,en
147481,Arne Dahl: To the Top of the Mountain,2012,Crime,5.9,12,0.2893,sv
115547,The Rise & Fall of a White Collar Hooligan,2012,Thriller|Crime,5.3,39,0.4684,en
134671,Golden Winter,2012,Family,5.462,13,0.5491,en
140822,When a Wolf Falls in Love with a Sheep,2012,Romance|Comedy,5.2,13,0.3801,zh
141011,Almost Perfect,2012,Comedy|Romance,5.5,29,0.3751,da
143374,Stewart Lee: Carpet Remnant World,2012,Comedy,7.3,17,0.2423,en
213826,Santa's Summer House,2012,Family|Fantasy,3.9,16,0.2773,en
133879,Johan Falk: Spelets regler,2012,Action|Crime|Thriller,6.5,46,0.3239,sv
171952,Teenage Bank Heist,2012,Thriller|TV Movie,6.2,23,0.4482,en
149099,Mike Says Goodbye!,2012,Adventure|Family,5.9,20,0.3659,nl
202722,Inara  the Jungle Girl,2012,Adventure,4.1,23,0.4088,en
122088,Fill the Void,2012,Drama,6.4,70,0.354,he
88478,Any Questions for Ben?,2012,Comedy|Romance,5.3,21,0.4937,en
227731,A Mouse's Tale,2012,Animation|Adventure,5.8,17,0.3773,es
133788,The Red and the Blue,2012,Drama|Comedy,6.0,87,0.2837,it
99873,Bunohan: Return to Murder,2012,Action|Drama|Thriller,6.5,26,0.2722,ms
136736,Check Mate,2012,Drama|Thriller,5.5,21,0.1742,es
116167,56 Up,2012,Documentary,7.2,69,0.2991,en
74006,6 Degrees of Hell,2012,Horror,2.9,18,0.2754,en
110383,Just the Wind,2012,Drama,6.357,14,0.2825,hu
186359,The Inside,2012,Thriller|Horror|Drama,3.5,13,0.3943,en
103215,Anton Corbijn Inside Out,2012,Documentary,5.5,10,0.3479,en
291373,She: Their Love Story,2012,Drama,3.5,10,0.3905,th
143224,I Hate Love,2012,Romance,6.8,47,0.2657,es
97836,È nata una star?,2012,Comedy,4.9,140,0.409,it
153443,Baron Münchhausen,2012,Adventure|Family|Comedy,5.357,14,0.3426,de
810776,Max Steel: Monstrous Alliance,2012,Animation|Action|Adventure|Fantasy|Family,7.8,20,0.2877,en
237976,Winter Journey,2012,Drama|Romance,3.5,10,0.3603,ru
211557,Vessel,2012,Horror|Science Fiction,5.8,19,0.2788,en
185321,Aya,2012,Drama|Music,6.2,23,0.4534,he
139254,Further,2012,Documentary,8.1,10,0.2711,en
123964,Miss Blue Jeans,2012,Comedy|Drama|Music,5.8,19,0.2429,fi
149798,Legatee,2012,Action|Crime,2.8,30,0.2774,ru
91584,J.A.C.E.,2012,Drama,5.6,12,0.1443,en
86063,Bottled Life: Nestle's Business with Water,2012,Documentary,6.5,34,0.2416,de
103977,Daffy's Rhapsody,2012,Animation|Comedy|Music,6.5,19,0.3036,en
113329,Artificial Paradises,2012,Drama,6.2,116,0.3774,pt
136071,Johan Falk: Alla råns moder,2012,Action|Crime|Thriller,6.7,41,0.2403,sv
140750,ThanksKilling 3,2012,Comedy|Horror|Science Fiction,3.3,42,0.3997,en
207307,The Black Balloon,2012,Drama,6.5,10,0.3448,en
128244,Watchtower,2012,Drama,7.3,45,0.3327,tr
298852,Hello Quo,2012,Documentary|Music,5.6,19,0.3285,en
123018,My Lucky Star,2012,Drama,6.0,25,0.3636,fr
103844,My Sister's Kids Home Alone,2012,Family|Comedy,6.1,17,0.344,da
132705,Morgana,2012,Horror,6.173,26,0.1773,es
117534,Hey  Did You Score?,2012,Comedy,5.777,128,0.5332,pt
397050,Feo de día  lindo de noche,2012,Comedy,7.2,17,0.3206,es
138672,Agent Ranjid Saves the World,2012,Comedy,4.3,44,0.2899,de
137404,Cobra,2012,Comedy|Action,2.5,10,0.3435,ml
84195,Father’s Chair,2012,Drama,7.0,60,0.3473,pt
224414,Bound by Flesh,2012,Documentary,5.9,17,0.3316,en
110401,Gebo and the Shadow,2012,Drama,6.6,17,0.3898,fr
164120,Tropicália,2012,Music|Documentary,7.1,18,0.3076,pt
138705,Vares: Gambling Chip,2012,Crime|Drama,4.8,23,0.3071,fi
187680,I'll Be Around,2012,Drama,5.2,15,0.3329,ru
177999,Vinyl,2012,Comedy,5.5,30,0.3604,en
139725,Twice Upon a Time,2012,Drama,6.2,29,0.3175,fr
127901,Eat Sleep Die,2012,Drama,5.9,45,0.2942,sv
211706,Lotoman 2.0,2012,Family|Comedy,7.3,17,0.2823,es
137683,The Kitchen,2012,Comedy|Drama,4.8,22,0.4452,en
185025,The Snowman and the Snowdog,2012,Animation|Family|Fantasy|TV Movie,6.9,85,0.3665,en
122804,Greystone Park,2012,Horror|Thriller,3.8,28,0.331,en
114903,Between Us,2012,Comedy,6.4,19,0.2628,es
136670,A Lady in Paris,2012,Drama,6.0,12,0.2468,fr
137695,Approved for Adoption,2012,Animation|Family|Documentary,7.3,27,0.2617,fr
160844,Una donna per la vita,2012,Comedy,6.0,38,0.1942,it
124054,Shark Week,2012,Horror,3.2,42,0.4943,en
96769,Nina Conti: Her Master's Voice,2012,Comedy|Documentary|Drama,7.4,17,0.3185,en
135589,The Captured Bird,2012,Fantasy|Horror,5.4,16,0.2756,en
156984,One More Try,2012,Drama|Romance,6.3,14,0.3103,tl
84286,How to Survive a Plague,2012,Documentary|History,6.797,79,0.2553,en
176915,Dead Shadows,2012,Horror|Science Fiction|Thriller,4.0,42,0.2902,fr
140166,The Black Dahlia Haunting,2012,Horror|Crime|Mystery|Drama,4.7,28,0.3974,en
109690,Offside,2012,Comedy,4.8,18,0.1642,es
152989,The Stroller Strategy,2012,Comedy,5.5,106,0.2676,fr
138574,Beyond the Hill,2012,Mystery|Drama,6.841,41,0.2782,tr
147656,Ombline,2012,Drama,6.8,20,0.2278,fr
150208,Vares: Tango of Darkness,2012,Crime|Drama,5.2,21,0.2742,fi
129119,Araf/Somewhere in Between,2012,Drama,4.7,27,0.3091,tr
72767,Battleground,2012,Drama|Action|Thriller,4.8,36,0.3738,en
120194,Childish Games,2012,Drama|Horror|Thriller,5.4,40,0.3617,es
132875,L'affaire Dumont,2012,Drama,6.0,13,0.2878,fr
147473,Arne Dahl: Bad Blood,2012,Crime,6.5,13,0.3563,sv
172342,Community,2012,Horror,4.7,12,0.333,en
123460,I più grandi di tutti,2012,Comedy|Music,5.6,21,0.2821,it
188454,Happy and Glorious,2012,Action|Comedy,6.7,27,0.3199,en
83589,Shut Up and Play the Hits,2012,Music|Documentary,6.9,51,0.2849,en
201032,Silent,2012,Drama,6.3,19,0.2757,ku
89247,Daddy  I'm a Zombie,2012,Animation|Fantasy|Comedy,7.169,124,0.439,es
138577,Death Tube 2,2012,Horror,3.7,12,0.3962,ja
264485,Synevir,2012,Horror,2.7,10,0.2957,uk
193603,Hayride,2012,Thriller|Horror,4.5,28,0.1931,en
161805,Çanakkale 1915,2012,War|Drama,6.2,15,0.3293,tr
136775,G.B.H.,2012,Crime,4.4,15,0.3247,en
188928,Goldman Sachs: The Bank That Runs the World,2012,Documentary,7.3,19,0.2609,fr
92635,Snow White: A Deadly Summer,2012,Horror|Thriller,3.8,28,0.4572,en
206203,After Effect,2012,Action|Horror|Thriller,4.7,15,0.3776,en
168042,Money Shot,2012,Comedy,3.8,10,0.2457,en
136986,Diamond Flash,2012,Drama|Fantasy|Thriller,6.3,28,0.3351,es
99389,Land of Oblivion,2012,Drama,5.6,31,0.3671,fr
206910,BAD FILM,2012,Crime|Action|Comedy,7.3,10,0.2721,ja
164183,My Own Private River,2012,Documentary,7.5,14,0.3996,en
224613,Two Ships,2012,Drama,5.758,31,0.2289,fr
114635,The Helpers,2012,Horror,4.0,35,0.2675,en
133411,I Belong,2012,Comedy|Drama,6.5,11,0.2375,no
275968,Mommy Is Coming,2012,Comedy|Romance,3.4,11,0.3712,en
388241,Out of Time,2012,Science Fiction,5.7,18,0.2735,en
62196,Somebody's Hero,2012,Comedy|Family|Romance,5.4,13,0.2574,en
120399,The King Is Dead!,2012,Drama|Comedy|Thriller,5.5,24,0.3351,en
107916,Carmina or Blow Up,2012,Drama|Comedy,6.211,90,0.2602,es
86412,The Fantastic Flying Books of Mr. Morris Lessmore,2012,Adventure|Animation|Fantasy,7.42,131,0.4033,en
104777,Paul F. Tompkins: Laboring Under Delusions,2012,Comedy|TV Movie,6.6,14,0.2358,en
84193,Ethel,2012,Documentary,6.9,11,0.3095,en
150747,Dead Man Talking,2012,Comedy|Drama,6.4,37,0.2576,fr
133738,186 Dollars to Freedom,2012,Action|Drama,4.619,21,0.3076,en
142366,Tram,2012,Animation|Comedy|Fantasy,6.042,24,0.257,fr
140814,Elliot Loves,2012,Comedy,5.3,18,0.2805,en
141901,You're My Home,2012,Fantasy|Romance,6.554,46,0.4003,tr
44109,She Wants Me,2012,Romance|Comedy|Drama|Adventure,4.2,29,0.2734,en
114994,Planet of Snail,2012,Documentary|Drama,7.233,15,0.4227,ko
88491,Chapiteau Show: Love and Friendship - Part 1,2012,Comedy,6.341,41,0.2283,ru
83390,10 jours en or,2012,Comedy|Drama,5.3,93,0.3213,fr
109221,Chittagong,2012,War|Action|Drama,6.825,20,0.3172,hi
108476,Trashed,2012,Documentary,7.2,23,0.3041,en
198703,How to Grow a Planet,2012,Documentary,8.9,12,0.2596,en
140443,The Girl,2012,Drama|Thriller|Romance,6.1,28,0.2645,en
143295,What About Dick?,2012,Comedy,7.7,13,0.2892,en
115199,The History of Future Folk,2012,Comedy|Science Fiction|Music,6.6,60,0.3125,en
145593,Kyle Kinane: Whiskey Icarus,2012,Comedy,7.2,11,0.2475,en
126328,The Pirogue,2012,Drama,6.0,14,0.2883,fr
129360,Usain Bolt: The Fastest Man Alive,2012,Documentary,6.9,13,0.222,en
126879,Atomic Age,2012,Drama,4.7,20,0.2142,fr
98886,Kumaré,2012,Documentary,6.831,86,0.3461,en
574831,VGHS: The Movie,2012,TV Movie|Comedy|Action,6.615,13,0.3378,en
129415,Katt Williams: Kattpacalypse,2012,Comedy|Documentary,5.9,26,0.3263,en
159618,Domestic,2012,Comedy|Drama,6.2,10,0.26,ro
89873,Unraveled,2012,Documentary|Crime,6.4,10,0.2202,en
114929,Plan C,2012,Comedy|Crime|Thriller,6.0,27,0.2007,nl
84154,Donald Glover: Weirdo,2012,Comedy,6.8,87,0.2885,en
212673,The Bates Haunting,2012,Thriller,4.089,28,0.2178,en
94372,Ishq,2012,Romance,6.952,21,0.3459,te
135695,Steel,2012,Drama,5.9,38,0.3336,en
173294,Papadopoulos & Sons,2012,Comedy|Drama,6.132,38,0.3824,en
161545,Everything Everything Nothing Nothing,2012,Comedy,5.232,272,0.3005,it
116503,Bro',2012,Action|Adventure|Crime|Drama,4.6,21,0.3336,en
121803,41,2012,Science Fiction|Drama,5.902,46,0.2871,en
116305,Gimme the Power,2012,Documentary|Music,7.9,34,0.2757,es
88249,Home for the Weekend,2012,Drama,5.4,23,0.2249,de
167919,Confine,2012,Thriller,4.0,10,0.2478,en
152025,9-9-81,2012,Horror|Thriller|Drama,6.339,31,0.2326,th
200738,Jekhane Bhooter Bhoy,2012,Adventure|Horror,6.2,12,0.2632,bn
140229,The Girl and Death,2012,Drama|Romance,4.7,25,0.251,nl
138806,Mom's Gotta Go,2012,Crime|Comedy|TV Movie,5.4,16,0.2622,de
104733,Excuse Me,2012,Drama|Comedy|Romance,5.7,10,0.2587,da
34211,A Closed Book,2012,Action|Thriller|Science Fiction,5.5,25,0.2658,en
128081,I Declare War,2012,Action|Comedy|Drama,6.115,91,0.2427,en
291438,Aleta: Vampire Mistress,2012,Action|Fantasy|Horror,5.4,10,0.2695,en
567568,The Son,2012,Drama|Family,5.182,11,0.2381,es
147868,The Worst Christmas of My Life,2012,Comedy,5.9,537,0.2874,it
101793,Kadhalil Sodhappuvadhu Yeppadi,2012,Comedy|Romance,5.7,22,0.2879,ta
92397,Rites of Spring,2012,Horror|Thriller|Drama,4.3,67,0.3192,en
171045,Dead End,2012,Horror|Thriller,4.1,16,0.218,en
91030,This Ain't California,2012,Documentary|History|Animation,6.5,29,0.2428,de
125479,I Against I,2012,Crime|Thriller,5.3,11,0.3391,en
125139,Shores of Hope,2012,Drama,6.0,28,0.2692,de
101995,Inside,2012,Drama,6.759,81,0.2345,tr
628559,And the Snow is Spinning…,2012,Drama,5.1,12,0.1551,ru
136732,Pleasure Boy Komola,2012,Drama|Music,5.533,15,0.2006,bn
147276,Jay and Silent Bob Go Down Under,2012,Comedy|Documentary,5.2,15,0.2494,en
128209,The Towrope,2012,Drama,5.4,15,0.2359,es
103344,Depression and Friends,2012,Comedy,5.3,158,0.4181,fr
139272,A Long Story,2012,Drama|Romance,6.78,41,0.3478,tr
138667,Cameraman Ganga Tho Rambabu,2012,Drama|Action,4.2,12,0.2657,te
209941,Fuck My Family,2012,Comedy|Romance,4.4,13,0.2422,es
185651,Sky Force,2012,Animation,4.6,10,0.2771,en
112287,Axed,2012,Thriller|Drama|Horror,4.0,37,0.3312,en
116835,Pink Floyd: The Story of Wish You Were Here,2012,Documentary|Music,7.317,52,0.3507,en
166262,All'ultima spiaggia,2012,Comedy,5.0,34,0.2197,it
112377,Dans la tourmente,2012,Thriller|Drama,4.5,15,0.2723,fr
123506,Cinderella: Once Upon a Time in the West,2012,Animation|Family|Action|Adventure|Western,5.794,17,0.2804,fr
166145,Lucky Loser,2012,Fantasy|Family|Comedy,5.5,10,0.256,cs
123587,Qwerty,2012,Comedy,6.417,282,0.2176,en
111728,Children of Sarajevo,2012,Drama,6.6,11,0.3091,bs
83404,Don't Go in the Woods,2012,Horror|Music,2.4,12,0.2517,en
138502,Offline,2012,Drama,6.2,20,0.6923,nl
148985,Act of Faith,2012,Mystery|Drama|Fantasy,5.9,10,0.286,en
192415,The Sacred,2012,Thriller|Horror,4.5,13,0.3315,en
159203,Tale of a Forest,2012,Documentary|Family,6.9,14,0.2415,fi
97470,The Announcement,2012,Documentary,6.9,14,0.288,en
213224,Cannibal Diner,2012,Horror|Mystery|Thriller,3.028,18,0.3348,de
137904,Art of Darkness,2012,Horror,4.0,24,0.1915,en
137386,McDull: The Pork of Music,2012,Drama|Animation|Comedy,7.077,13,0.3866,zh
161529,Must Have Been Love,2012,Drama|Romance,6.0,11,0.2773,no
152640,Shady,2012,Thriller|Drama|Horror,5.2,18,0.1947,ja
82999,Penumbra,2012,Horror|Thriller,5.606,33,0.2727,es
290730,The Vortex,2012,Adventure|Action|Comedy|Science Fiction,6.0,20,0.2408,en
153060,Reel Evil,2012,Horror,3.6,22,0.2913,en
225301,Outpost 11,2012,Science Fiction|Horror,4.2,23,0.2831,en
208225,Lost Lake,2012,Horror|Thriller,3.5,15,0.2551,en
102860,Found Memories,2012,Drama,7.455,22,0.2391,pt
181064,Bloody Daughter,2012,Documentary|Music,7.2,14,0.1528,fr
134702,Kalakalappu,2012,Comedy,6.3,17,0.3815,ta
146893,Death of a Shadow,2012,Romance|Fantasy,6.7,45,0.3273,nl
96987,The Do-Deca-Pentathlon,2012,Comedy,5.2,26,0.2599,en
140668,Somewhere in Palilula,2012,Drama,5.8,16,0.2321,ro
255392,The Real Inglorious Bastards,2012,Documentary|History|War,7.8,26,0.2181,en
92416,Deviation,2012,Thriller,4.2,10,0.3018,en
154562,Little Lady,2012,TV Movie|Family,6.375,16,0.2473,de
84171,About Face: Supermodels Then and Now,2012,Documentary,5.1,11,0.2043,en
120149,Spirit,2012,Drama,7.1,30,0.371,ml
109154,Cherry on the Cake,2012,Drama,5.7,23,0.2386,fr
177117,Mars and April,2012,Drama|Science Fiction,5.6,20,0.2102,fr
89673,Love Is in the Air,2012,Comedy,5.35,304,0.2798,it
191489,Bill Burr: You People Are All The Same,2012,Comedy,7.624,161,0.2677,en
130737,Nairobi Half Life,2012,Drama|Crime|Comedy,6.9,11,0.5204,sw
84291,Kid-Thing,2012,Drama,6.3,14,0.2792,en
82206,Battle Force,2012,Drama|War,2.8,22,0.2401,en
101056,The Millionaire Tour,2012,Drama|Action|Thriller,6.3,67,0.3799,en
93513,Monsters in the Woods,2012,Horror,2.1,10,0.2633,en
146837,Jim Jefferies: Fully Functional,2012,Comedy,7.689,74,0.3285,en
172499,What If...,2012,Drama|Romance,6.337,49,0.2509,el
134508,Naan,2012,Thriller|Crime|Drama,6.8,19,0.2231,ta
130748,Shifting the Blame,2012,Drama,6.4,10,0.1092,de
216904,Days of Vinyl,2012,Comedy|Romance,6.633,49,0.218,es
131916,Scary or Die,2012,Horror,4.8,75,0.2722,en
140444,Nancy  Please,2012,Drama,5.2,11,0.2751,en
239545,Headlong,2012,Drama,7.0,10,0.1504,fr
120777,The Secret Number,2012,Drama|Science Fiction|Thriller,6.2,30,0.2732,en
244285,Studies on Hysteria,2012,Drama,5.5,11,0.254,de
158386,A Thousand Cuts,2012,Thriller,3.8,13,0.2193,en
135704,Ron White: A Little Unprofessional,2012,Comedy,7.0,12,0.2576,en
105978,Neil Young Journeys,2012,Music|Documentary,7.083,12,0.3004,en
88534,Avé,2012,Drama,6.8,19,0.1956,bg
170110,E io non pago: L'Italia dei furbetti,2012,Comedy,4.2,17,0.1989,it
144566,Bad Girl,2012,Drama,5.2,28,0.2338,fr
112084,Bu Son Olsun,2012,Drama|Comedy,5.6,10,0.2421,tr
224204,Lad: A Yorkshire Story,2012,Drama,6.9,16,0.2833,en
130641,Breaking Horizons,2012,Drama,6.0,28,0.2561,de
133479,Television,2012,Drama,7.148,27,0.3181,bn
254623,I  Putin: A Portrait,2012,Documentary,4.8,11,0.1929,de
455644,Alan Partridge: Welcome to the Places of My Life,2012,Comedy,7.0,16,0.3003,en
215759,Raising Izzie,2012,Family|TV Movie,8.1,12,0.2068,en
79361,Jonas,2012,Comedy,5.325,20,0.2296,de
127144,Don't Hug Me I'm Scared,2012,Animation|Comedy|Horror|Music,7.6,167,0.268,en
159773,Winter of the Dead. Meteletsa,2012,Horror,4.0,11,0.215,ru
160907,The Fall of the Essex Boys,2012,Crime,4.6,25,0.2627,en
129441,Ordinary,2012,Comedy|Romance,6.4,23,0.143,ml
142320,Viva l'Italia,2012,Comedy,6.3,381,0.3053,it
140228,Mister Twister: Class of Fun,2012,Comedy|Family,6.5,43,0.3509,nl
106586,Dangerous Ishhq,2012,Thriller|Romance,4.0,12,0.4235,en
105787,The Woman Who Wasn't There,2012,Documentary,6.7,62,0.2715,en
160955,Water,2012,Romance|Drama,5.3,20,0.3612,nl
120771,Bloody Bloody Bible Camp,2012,Comedy|Horror,4.6,36,0.3339,en
128230,Three Sisters,2012,Documentary,7.4,15,0.2482,zh
122382,Morituris: Legions Of The Dead,2012,Horror,4.4,25,0.2753,it
191120,Kevin Nealon: Whelmed  But Not Overly,2012,Comedy,6.5,10,0.2862,en
167424,The Dead and the Living,2012,Drama,4.6,12,0.4493,de
85646,Entrance,2012,Drama|Horror|Thriller,3.7,16,0.1882,en
280552,The Cohasset Snuff Film,2012,Horror|Crime|Thriller,3.091,10,0.4677,en
251409,Skin,2012,Drama,6.0,10,0.2848,en
188194,Rezeta,2012,Comedy|Drama|Romance,5.9,24,0.2225,es
216223,La lectora,2012,Thriller|Action|Drama,5.6,10,1.2967,es
326835,Teens Like Phil,2012,Romance|Drama,5.5,23,0.2323,en
122169,Jamel et ses amis au Marrakech du rire 2012,2012,Comedy,7.8,10,0.2281,fr
183297,Blood Pressure,2012,Thriller|Drama,6.3,11,0.2584,en
98604,Cinderella,2012,Comedy|Romance,4.4,19,0.2701,ru
109835,Vazhakku Enn 18/9,2012,Drama,7.3,16,0.2736,ta
404425,Shackled,2012,Drama|Thriller,4.8,14,0.2185,en
231783,Scream Park,2012,Horror,4.4,16,0.2685,en
163590,Mammas pojkar,2012,Comedy,4.7,25,0.1349,sv
401064,B4,2012,Science Fiction|Thriller,3.571,14,0.1885,en
245481,Obendrüber  da schneit es,2012,Drama|TV Movie|Romance,6.4,14,0.3246,de
249703,Do I Have to Take Care of Everything?,2012,Comedy|Drama|Family,6.1,20,0.2877,fi
135670,Amber Alert,2012,Horror|Mystery|Thriller,5.0,78,0.2243,en
84565,1313: Cougar Cult,2012,Horror|Thriller,3.5,13,0.1963,en
133823,Call Me Kuchu,2012,Documentary,5.9,18,0.205,en
120772,1313: Night of the Widow,2012,Horror|Thriller,3.3,13,0.2969,en
208567,The King of the Streets,2012,Action,5.2,20,0.2579,zh
114575,Big Easy Express,2012,Documentary|Music,6.9,17,0.2178,en
123556,OK  Good,2012,Drama,5.5,13,0.2679,en
185744,Amy Schumer: Mostly Sex Stuff,2012,Comedy,5.9,54,0.2049,en
375793,Demi Lovato: Stay Strong,2012,Documentary,8.4,21,0.2283,en
149101,King of Katoren,2012,Family|Adventure,7.6,12,0.2436,nl
198901,Titanic: 100 Years On,2012,Documentary,6.6,22,0.2818,en
141145,Kid,2012,Drama,6.7,12,0.1946,nl
102051,Unicorn City,2012,Comedy|Romance,5.5,31,0.266,en
227871,Skull Forest,2012,Action|Horror,2.9,16,0.1493,en
104732,Sexy Baby,2012,Documentary,6.2,20,0.2149,en
82056,Collapse,2012,Horror|Thriller,5.3,13,0.2132,en
222918,The Wilding,2012,Drama|Romance,6.1,15,0.2513,en
369131,My Friend Nietzsche,2012,Comedy,7.7,14,0.2671,pt
114587,1313: Hercules Unbound!,2012,Action|Fantasy,2.4,11,0.3175,en
89191,Saving Face,2012,Crime|Documentary,7.0,28,0.2775,en
108147,Rise of the Animals,2012,Comedy|Horror|Adventure,3.227,22,0.1566,en
128106,The Interval,2012,Drama|Crime,6.9,21,0.2532,it
136786,Liv & Ingmar,2012,Documentary,6.9,25,0.2803,en
130993,Future My Love,2012,Documentary|Romance,5.1,11,0.2597,en
155336,Fuck for Forest,2012,Documentary,5.0,22,0.2627,pl
87334,Kaddisch für einen Freund,2012,Drama|Comedy,6.9,14,0.1539,de
160128,Sawney: Flesh of Man,2012,Horror,4.8,36,0.2509,en
151708,Colosio,2012,Crime|Drama|Thriller,7.0,41,0.2274,es
563599,The Curse of the Un-Kissable Kid,2012,Comedy|Family,3.6,10,0.2934,en
178314,Shutter,2012,Thriller,7.4,21,0.2889,ml
127866,Boy Eating the Bird's Food,2012,Drama,5.9,21,0.2029,el
43070,Bratz: Desert Jewelz,2012,Family|Animation,7.7,15,0.255,en
110198,The Wild Children,2012,Drama,6.139,18,0.2614,es
116723,Comes a Bright Day,2012,Romance|Thriller|Drama,5.5,40,0.308,en
96087,Funeral Kings,2012,Comedy,6.0,35,0.3192,en
169904,Amnesty,2012,Drama,5.3,11,0.427,sq
167519,North of the Sun,2012,Documentary,7.841,22,0.2322,no
110377,Mekong Hotel,2012,Drama,5.4,31,0.2021,th
93222,High Rise Life – The Movie,2012,Comedy,5.1,17,0.3214,sv
267677,Shabbat Dinner,2012,Drama|Romance,6.107,14,0.2281,en
138191,36,2012,Drama,7.6,20,0.3791,th
128195,Picture Day,2012,Comedy|Drama,6.5,27,0.2538,en
273773,Don't Let the Riverbeast Get You!,2012,Horror|Comedy,6.8,13,0.3082,en
246006,The Most Beautiful Thing,2012,Drama|Romance,6.4,10,0.2128,en
123375,A Special Day,2012,Romance|Drama,6.0,17,0.1003,it
127367,When Day Breaks,2012,Drama,6.3,10,0.2022,sr
121667,Venus and Serena,2012,Documentary,6.1,12,0.1865,en
114535,Of Women and Horses,2012,Drama,5.6,24,0.1588,fr
102903,The Devil's Business,2012,Horror,4.9,19,0.2513,en
150138,Scrooge & Marley,2012,Family|Drama|Romance,4.0,11,0.2151,en
241144,Seven Ages of Starlight,2012,Documentary,6.8,10,0.2853,en
102858,The Fourth Dimension,2012,Drama,5.5,10,0.2764,en
200057,Evil,2012,Horror,5.2,15,0.2036,sk
209686,Simo Times Three,2012,Comedy,5.7,12,0.2565,fi
159432,You & Me Forever,2012,Drama,5.2,26,0.145,da
125675,Mantera,2012,Action|Science Fiction,3.2,11,0.2376,ms
86815,Almayer's Folly,2012,Drama,6.778,27,0.2142,fr
149763,Men Do what Men Can,2012,Comedy|Romance,6.063,40,0.2411,de
92506,Four Horsemen,2012,Documentary,7.15,50,0.2679,en
154181,Heaven In Your Eyes,2012,Unknown,7.7,46,0.2248,es
141524,Inside the Whore,2012,Horror,4.5,11,0.1468,en
176182,The Human Scale,2012,Documentary,6.4,22,0.1698,en
797759,Chapiteau Show: Respect and Cooperation - Part 2,2012,Comedy|Music,6.75,12,0.2391,ru
420743,The Guidance Patrol,2012,Drama|Comedy,5.4,18,0.2425,fa
113465,Billi Pig,2012,Comedy,3.6,17,0.2347,pt
103375,Low Life,2012,Drama|Romance,4.8,12,0.2464,fr
116475,Saturday Morning Massacre,2012,Horror,4.4,34,0.308,en
187976,Dance with the Jackals 2,2012,Comedy,4.829,41,0.1861,tr
145014,Historic Centre,2012,Drama|Documentary,6.1,15,0.2181,pt
81447,The Ballad of Genesis and Lady Jaye,2012,Documentary|Music,6.8,18,0.196,en
133470,Florentina Hubaldo  CTE,2012,Drama,7.6,13,0.1907,tl
130774,Last Ounce of Courage,2012,Drama,3.1,17,0.1867,en
192393,Dreamworld,2012,Comedy|Romance|Drama,5.6,16,0.2838,en
101962,Seance,2012,Horror|Thriller,4.231,26,0.2798,en
144595,Family Way,2012,Comedy|Romance,6.1,50,0.233,nl
157787,Code Name: Rose,2012,Comedy|TV Movie,5.2,14,0.2049,fr
96888,Policeman,2012,Drama|Crime,5.8,27,0.2506,he
153853,Halley,2012,Horror|Drama,5.7,29,0.2848,es
106238,Gut,2012,Thriller|Drama|Horror,3.7,35,0.2102,en
284809,Swan Lake,2012,Drama|Music,6.8,11,0.1975,en
110397,Hand in Hand,2012,Comedy|Drama,5.5,57,0.302,fr
244537,Bojhena Shey Bojhena,2012,Drama|Family|Comedy|Romance,7.1,17,0.2165,bn
184679,The sun inside,2012,Adventure|Drama,7.1,13,0.2352,it
125164,Rafa,2012,Crime|Drama|Family,6.2,17,0.4098,pt
141016,Fènix 11-23,2012,Drama,6.731,13,0.2382,ca
187864,Halima's Path,2012,Drama,8.0,16,0.3466,bs
154083,Strangers in the Night,2012,Comedy|Romance|Crime,4.325,20,0.213,es
111174,Knuckleball!,2012,Documentary,6.897,34,0.2085,en
102517,Sebastian Maniscalco: What's Wrong with People?,2012,Comedy|TV Movie,7.6,31,0.2499,en
243306,The Perfect Wedding,2012,Comedy,6.3,18,0.207,en
145335,Damarukam,2012,Action|Drama|Fantasy,4.7,10,0.2373,te
129115,Lions,2012,Drama|Adventure|Romance,4.5,13,0.3262,es
48809,Parasitic,2012,Horror|Science Fiction,2.7,22,0.1576,en
122326,100 Ghost Street: The Return of Richard Speck,2012,Horror,4.427,48,0.3359,en
327165,Killer Kart,2012,Comedy|Horror,6.4,12,0.2229,en
129116,Low Tide,2012,Drama,6.4,24,0.1641,en
112592,Sunday Dads,2012,Comedy|Drama,5.095,21,0.2959,fr
127885,Comrade Kim Goes Flying,2012,Comedy|Adventure|Romance,6.1,10,0.1437,ko
610428,Tavern Man,2012,Drama|Comedy,7.09,39,0.2018,pt
144487,Spirit of a Denture,2012,Adventure|Comedy,5.7,11,0.1582,en
103528,God Is the Bigger Elvis,2012,Documentary,6.7,15,0.181,en
99478,I Am Zozo,2012,Horror|Thriller,5.231,26,0.1926,en
125184,Beijing Blues,2012,Drama|Crime,5.8,12,0.1996,zh
240981,Michael Jackson: Life  Death and Legacy,2012,Documentary,6.7,13,0.2536,en
144942,Top Gear: The Worst Car In the History of the World,2012,Comedy|TV Movie|Documentary,7.3,39,0.2531,en
138725,SüperTürk,2012,Comedy,1.9,11,0.2205,tr
84192,Escape Fire: The Fight to Rescue American Healthcare,2012,Documentary,6.7,10,0.1761,en
268869,Pound x Pound: The History of Juan Manuel Márquez,2012,Documentary,6.1,16,0.1716,en
147936,Metallica: Quebec Magnetic,2012,Music|Documentary,8.1,21,0.2051,en
162143,It's Not a Cowboy Movie,2012,Drama|Comedy,6.7,20,0.1582,fr
121854,An Enemy to Die For,2012,History|Thriller|War,5.725,20,0.3522,sv
135461,Last Kind Words,2012,Romance|Drama|Mystery|Thriller|Horror,4.8,51,0.2081,en
126509,2016: Obama's America,2012,Documentary,4.0,54,0.1627,en
109391,The We and the I,2012,Drama,5.4,71,0.2236,en
259409,Aziz's Dream,2012,Comedy|Drama,5.1,14,0.2256,ar
177112,Found in Time,2012,Science Fiction|Thriller,5.0,11,0.1701,en
170748,Solid State,2012,Horror|Science Fiction,2.4,11,0.1814,en
103839,This Life,2012,Drama|War,6.111,27,0.4357,da
120082,Ti stimo fratello,2012,Comedy,4.681,130,0.2994,it
146891,Asad,2012,Unknown,6.5,13,0.1667,so
95827,Work Hard Play Hard,2012,Documentary,6.8,10,0.2208,de
139325,Made in Mexico,2012,History|Music|Documentary,6.3,23,0.3137,es
129418,Bigfoot: The Lost Coast Tapes,2012,Horror|Mystery|Thriller,4.123,57,0.3134,en
127700,The Newest Pledge,2012,Comedy,3.0,10,0.1815,en
165078,Legend of Hell,2012,Action|Fantasy|Horror|Mystery,4.6,12,0.1959,en
128128,Liverpool,2012,Drama,5.7,10,0.2191,en
177354,Stud Life,2012,Drama|Romance,3.5,12,1.1483,en
112755,Evelyn,2012,Thriller|Drama,5.8,11,0.2085,es
150059,PostHuman,2012,Action|Science Fiction|Animation|Thriller,5.3,13,0.2284,en
134469,Demetri Martin: Standup Comedian,2012,Comedy,6.692,13,0.1544,en
106049,The Revisionaries,2012,Documentary,6.2,16,0.2229,en
129117,Yema,2012,Drama,6.7,10,0.1768,ar
134413,Occupy Unmasked,2012,Documentary,4.8,12,0.2892,en
148596,Le Paradis des bêtes,2012,Drama,4.8,13,0.3881,fr
123005,Allez  Eddy,2012,Comedy|Drama|Family,6.2,12,0.2908,nl
384084,Eaglewalk,2012,Horror,5.3,13,0.1549,en
127489,Bright Spin,2012,Comedy|Drama,5.2,12,0.2714,fr
366799,Exorcismo Documentado,2012,Horror,7.3,78,0.2706,es
127843,Hidden in the Woods,2012,Thriller|Horror|Drama,3.7,23,0.1654,es
153998,Robin Hood: Ghosts of Sherwood,2012,Action|Adventure|Mystery,4.3,12,0.247,en
131822,Kuningas Litmanen,2012,Documentary,7.1,13,0.211,fi
67811,The Rift,2012,Horror|Thriller|Science Fiction,5.043,23,0.191,en
120990,Jim Norton: Please Be Offended,2012,Comedy,6.8,16,0.153,en
144390,The Startup Kids,2012,Documentary,6.8,16,0.2396,en
136727,Of Snails and Men,2012,Comedy,6.6,28,0.2237,ro
737520,Aqua,2012,Animation,5.8,10,0.269,xx
126267,3,2012,Comedy|Drama,5.1,16,0.4824,es
515995,Disgruntled Employee,2012,Horror,3.1,11,0.1864,en
111071,Polish Roulette,2012,Comedy|Crime|Action,5.3,20,0.1862,pl
147785,Workers - Pronti a tutto,2012,Comedy,5.6,42,0.147,it
147580,97% Owned,2012,Documentary,7.5,19,0.1431,en
150211,The Frozen,2012,Horror|Thriller,4.2,41,0.2819,en
115871,Match,2012,Drama|History,5.1,29,0.2162,ru
301658,Taylor Swift: VH1 Storytellers,2012,Music|Documentary,9.5,10,0.2777,en
170832,A World Without Women,2012,Comedy|Drama,6.8,63,0.1176,fr
91352,The Swell Season,2012,Documentary|Music,5.7,17,0.1684,en
137221,The Day That Lasted 21 Years,2012,Documentary,7.739,23,0.1819,pt
97638,Doggiewoggiez! Poochiewoochiez!,2012,Comedy,6.2,16,0.1926,en
158782,Sofia and the Stubborn Man,2012,Comedy|Romance,5.9,14,0.2974,es
111325,Vatertage - Opa über Nacht,2012,Family|Comedy,5.1,14,0.2502,de
105538,Codependent Lesbian Space Alien Seeks Same,2012,Comedy|Romance|Science Fiction,4.5,17,0.2034,en
238519,Taeter City,2012,Horror|Science Fiction|Action,4.6,37,0.1828,en
268858,Class Trip,2012,Unknown,3.6,14,0.2372,es
120698,I Am a Ghost,2012,Drama|Horror|Thriller,5.2,41,0.1355,en
254151,Junkyard,2012,Animation|Drama,6.7,11,0.2718,en
156220,The Staircase II: The Last Chance,2012,Documentary,7.3,39,0.1846,en
88718,Paura,2012,Horror,4.581,31,0.1218,it
193580,P.O.E. : Project of Evil,2012,Horror,4.6,18,0.3624,en
145349,Jesu  Joy of Man's Desiring,2012,Comedy|History,7.5,62,0.2188,fr
161243,Men to Kiss,2012,Comedy,4.0,12,0.1498,de
101449,Jim Gaffigan: Mr. Universe,2012,Comedy,6.826,86,0.1601,en
121207,It Looks Pretty from a Distance,2012,Drama,4.8,10,0.4619,pl
106166,Paradise or Oblivion,2012,Documentary,6.9,18,0.1514,en
96088,Gregory Crewdson: Brief Encounters,2012,Documentary,7.0,19,0.1394,en
131503,Stars Above,2012,Drama|Romance|History,6.3,10,0.1896,fi
90603,Beauty Is Embarrassing,2012,Documentary,7.3,17,0.1226,en
346106,Jeff Ross Roasts America,2012,Comedy,6.656,16,0.1997,en
120850,Line of Sight,2012,Documentary,6.1,13,0.1596,en
109856,Sen Kimsin?,2012,Comedy|Crime,4.476,42,0.1445,tr
96683,Lewis Black: In God We Rust,2012,Comedy,7.1,18,0.1753,en
84407,The Pruitt-Igoe Myth,2012,Documentary|History,6.7,24,0.1666,en
84190,Detropia,2012,Documentary,6.7,36,0.1858,en
135870,Rebel,2012,Action,4.1,56,0.1873,te
249707,Tiger Boy,2012,Drama,7.756,42,0.2306,it
350127,F Tipi Film,2012,Drama,7.0,10,0.1465,tr
210288,Gettin' In,2012,Comedy,2.5,11,0.125,en
103732,GLOW: The Story of The Gorgeous Ladies of Wrestling,2012,Documentary,6.6,39,0.2762,en
138792,Mold!,2012,Horror|Science Fiction|Comedy,5.5,10,0.2136,en
106942,10 Rules for Falling in Love,2012,Comedy,5.1,126,0.2019,it
84312,Mosquita y Mari,2012,Drama,6.1,30,0.2868,en
172890,Métastases,2012,Comedy,5.792,12,0.135,fr
176037,Supermarket,2012,Thriller,5.25,10,0.1625,pl
134255,The American Scream,2012,Documentary,6.7,22,0.2276,en
99877,The Waiting Room,2012,Documentary,7.1,18,0.1299,en
135839,Record/Play,2012,Science Fiction,5.455,11,0.1222,en
133246,La Désintégration,2012,Drama,5.6,21,0.1905,fr
129705,Gonzaga: From Father to Son,2012,Drama|History|Music,7.2,98,0.2979,pt
1280407,Flow,2012,Drama,9.3,30,0.1769,en
133552,The German Friend,2012,Drama|Romance,5.412,17,0.1953,es
131673,It's in the Blood,2012,Horror|Thriller|Drama,4.9,22,0.1762,en
137700,Women's Day,2012,Drama,6.4,13,0.2028,pl
208556,Prora,2012,Drama|Romance,6.595,38,0.1807,de
171691,Agnus Dei,2012,Drama|War,6.6,15,0.2023,la
121365,Poker Face,2012,Drama|Comedy,6.5,10,0.2128,en
115165,La Suerte en tus Manos,2012,Romance|Comedy,5.5,11,0.1942,es
109045,Firecrosser,2012,Adventure|Drama,6.0,12,0.1408,uk
135893,Suckablood,2012,Fantasy|Horror,6.5,20,0.1443,en
182020,Population 2,2012,Drama|Science Fiction,2.5,15,0.1787,en
178858,Nightmare,2012,Thriller,3.262,21,0.1629,fi
173773,The Green Planet,2012,Documentary,7.25,20,0.166,de
111667,Night Across the Street,2012,Drama,6.4,17,0.1417,es
97607,Gimme the Loot,2012,Drama|Comedy,6.2,37,0.1916,en
501725,Insurgents,2012,History,7.7,10,0.1672,es
111426,Varg Veum - Cold Hearts,2012,Crime|Thriller,5.6,28,0.2619,no
146892,Buzkashi Boys,2012,Drama,6.3,17,0.1979,en
98541,Hungry for Change,2012,Documentary,6.7,41,0.1314,en
121522,P-047,2012,Drama,6.5,11,0.2188,th
130551,Operation Holidays,2012,Comedy,4.8,41,0.1409,it
113752,USS Seaviper,2012,Action|War|Drama,3.2,19,0.1667,en
96924,Aziz Ansari: Dangerously Delicious,2012,Comedy,6.8,72,0.1741,en
187855,Second Show,2012,Action|Crime,6.9,25,0.2531,ml
203593,Marighella,2012,Documentary,6.4,16,0.1672,pt
755450,Godfather,2012,Unknown,6.6,15,0.1574,kn
308867,Sick,2012,Science Fiction|Horror,4.0,25,0.1556,en
284894,Performance Anxiety,2012,Drama,4.8,13,0.1273,en
202018,Moskova'nın Şifresi: Temel,2012,Comedy,3.167,18,0.3006,tr
138450,True Skin,2012,Science Fiction,6.3,15,0.144,en
135161,You Are God,2012,Drama|Music|History,6.343,67,0.2087,pl
208494,Olympia,2012,Unknown,4.2,10,0.0954,es
118513,Annika Bengtzon: Crime Reporter - A Place in the Sun,2012,Crime|Drama|Thriller|Mystery,5.9,27,0.1846,sv
282670,Paranormal Captivity,2012,Drama|Horror|Thriller,3.8,14,0.134,en
169856,The Smoke Seller,2012,Animation|Family,6.7,21,0.1454,es
103126,One Day My Father Will Come,2012,Comedy,5.266,33,0.1634,fr
94592,Vinylmania: When Life Runs at 33 Revolutions Per Minute,2012,Documentary,6.0,11,0.1124,en
147129,Maria Bamford: The Special Special Special!,2012,Comedy,6.1,19,0.1396,en
91018,Linotype: The Film,2012,Documentary,6.5,14,0.1454,en
127363,Everyday,2012,Drama,5.5,15,0.2767,en
413659,The Far Cry Experience,2012,Adventure|Horror|Comedy,7.7,12,0.1639,en
97762,Two Years at Sea,2012,Documentary,6.1,17,0.151,en
343304,Sex in the Comix,2012,Documentary,6.0,20,0.1291,fr
141210,The Sleepover,2012,Comedy|Horror,6.5,11,0.1927,en
241140,My Beautiful Country,2012,Drama|War,6.0,10,0.2467,de
188936,À la maison pour Noël,2012,Comedy|Drama|TV Movie,5.5,24,0.1342,fr
534535,Kolobok,2012,Animation,8.9,10,0.1332,ru
91921,Ecstasy of Order: The Tetris Masters,2012,Documentary,6.9,45,0.1479,en
109477,Brutal Relax,2012,Comedy|Action|Horror,6.1,38,0.1026,en
187238,Si può fare l'amore vestiti?,2012,Comedy,5.8,16,0.1506,it
168235,I  Pet Goat II,2012,Animation|Drama,6.643,14,0.1091,en
111234,Android Insurrection,2012,Science Fiction,1.6,17,0.1692,en
95511,Kevin Smith: Burn in Hell,2012,Comedy|Documentary,7.143,35,0.2408,en
156033,O Diário de Tati,2012,Comedy,6.1,48,0.1294,pt
200272,La cripta de las condenadas: Parte II,2012,Horror,3.5,10,0.2446,es
95753,Agamenon: The Film,2012,Comedy,2.262,21,0.1284,pt
126749,Travelling Salesman,2012,Drama|Mystery,5.5,37,0.1147,en
145304,The Sound of Belgium,2012,Documentary|Music,7.7,10,0.1149,en
236816,Nightscape,2012,Horror|Action,3.818,11,0.1381,en
136752,Rock  Paper  Scissors,2012,Drama|Action|Crime,4.6,12,0.1383,es
141152,Everybody's Got Somebody... Not Me,2012,Drama,4.9,12,0.1039,es
100980,Das Ende einer Nacht,2012,Thriller,6.9,11,0.1137,de
84300,L,2012,Drama|Comedy,5.4,16,0.1234,el
123366,The Fifth Season,2012,Drama,6.0,37,0.1857,fr
104387,The Wish Fish,2012,Animation,5.7,10,0.1816,en
97212,Kac Wawa,2012,Comedy,2.114,22,0.2175,pl
159207,Delhi Dance,2012,Drama,6.8,13,0.163,ru
134662,Ape,2012,Drama|Comedy|Fantasy,6.3,14,0.1165,en
270436,D'Agostino,2012,Drama|Thriller,4.85,10,0.1431,en
338334,Into the Blue,2012,Drama,3.5,10,0.1661,de
151044,McCullin,2012,Documentary,7.6,47,0.1171,en
251337,Doppelgänger,2012,Horror|Fantasy,5.3,11,0.1085,pt
113040,Alien Origin,2012,Fantasy|Thriller|Science Fiction,2.273,33,0.1757,en
199737,That Wasn't Me,2012,War|Drama,5.3,16,0.1438,en
117467,Partly Sunny,2012,Comedy|Drama|Romance,6.239,46,0.1858,de
110549,Hannibal Buress: Animal Furnace,2012,Comedy,7.085,41,0.1701,en
293188,Blue Hole,2012,Fantasy|Horror,4.6,11,0.1333,en
265097,Area paradiso,2012,Comedy|TV Movie,5.8,21,0.2329,it
93103,The Last Gladiators,2012,Documentary,6.852,27,0.1368,en
234564,Feral,2012,Animation|Drama|Fantasy|Science Fiction,7.0,33,0.1695,xx
129414,Raul: O Início  o Fim e o Meio,2012,Music|Documentary,7.5,47,0.1457,pt
195030,Palmipedarium,2012,Animation|Drama,6.9,11,0.1304,fr
94841,Cell Count,2012,Thriller|Horror,4.2,18,0.1908,en
137652,Mondays at Racine,2012,Documentary,6.3,11,0.2572,en
141610,Classic Albums: Peter Gabriel - So,2012,Music|Documentary,5.6,11,0.1738,en
119634,Two Little Boys,2012,Comedy,6.1,21,0.1507,en
113216,Wrong Cops: Chapter 1,2012,Comedy,6.4,24,0.1936,en
150879,Joe Rogan: Live from the Tabernacle,2012,Comedy,6.667,12,0.1157,en
141520,Rita's Last Fairy Tale,2012,Drama|Fantasy|Mystery,5.9,22,0.1585,ru
180383,Deceptive Practice: The Mysteries and Mentors of Ricky Jay,2012,Documentary,6.9,34,0.125,en
119255,Gangsters  Guns and Zombies,2012,Horror,4.1,31,0.1113,en
84314,My Best Day,2012,Comedy,4.731,13,0.215,en
128140,No Place on Earth,2012,Documentary|War,6.7,26,0.116,en
149255,You Don't Know Bo: The Legend of Bo Jackson,2012,Documentary,7.5,26,0.1537,en
171937,Bombal,2012,Drama,4.2,10,0.1178,es
98472,Balas & Bolinhos: O Último Capítulo,2012,Action|Adventure|Comedy,7.0,26,0.1179,pt
111422,Varg Veum - The Dead Have It Easy,2012,Crime|Action|Mystery,6.3,27,0.151,no
141760,Numbered,2012,Documentary,7.2,12,0.1315,he
160946,The Cold Call,2012,Drama,5.9,15,0.1753,es
191379,Return of the Moonwalker,2012,Comedy,5.6,11,0.1997,en
118510,Annika Bengtzon: Crime Reporter - The Red Wolf,2012,Thriller|Crime|Drama|Mystery,6.2,21,0.177,sv
132706,Stefan vs. Kramer,2012,Comedy,6.0,17,0.1505,es
83810,Windfall,2012,Documentary,4.5,12,0.1151,en
142907,Michael McIntyre: Showtime,2012,Comedy,6.028,18,0.1645,en
178404,Ci vediamo a casa,2012,Romance|Comedy|Drama,5.2,48,0.1446,it
91854,Sea Wall,2012,Drama,7.464,14,0.1412,en
230031,Evacuate Earth,2012,Documentary,7.5,10,0.1247,en
127761,One Direction: The Only Way Is Up,2012,Documentary|Music,6.2,11,0.1124,en
97933,The Chemical Brothers: Don't Think,2012,Music,7.1,13,0.1183,en
140499,Yellow,2012,Drama|Mystery|Thriller|Horror,4.9,19,0.0988,en
123337,Sight,2012,Science Fiction,6.6,29,0.1431,en
99262,The Fifth Commandment,2012,Thriller,3.8,14,0.1451,es
127242,Boxing Day,2012,Drama,5.5,13,0.2025,en
138254,Postcards from the Zoo,2012,Drama,6.1,13,0.1577,id
149233,Saint Dracula,2012,Horror|Romance|Thriller,2.4,16,0.0996,en
154844,Born & Raised,2012,Drama,5.7,13,0.1662,en
231716,Violin,2012,Drama|Romance,6.5,14,0.1302,de
140485,All Good,2012,Comedy,5.783,53,0.1342,tr
452325,Snack Attack,2012,Animation|Family,7.5,28,0.1611,en
103609,Bindlestiffs,2012,Comedy|Action|Adventure,3.9,14,0.18,en
225335,Porcelain Horse,2012,Drama,5.9,16,0.0777,es
99395,A Secret World,2012,Drama,4.3,11,0.144,es
162547,Swimmer,2012,Drama,6.953,32,0.1397,en
153701,Plurality,2012,Science Fiction|Thriller|Action,6.2,29,0.1395,en
138769,The Daughter,2012,Crime|Drama,5.8,18,0.2003,ru
351446,The Devil,2012,Documentary,6.6,12,0.0912,fr
153070,Un Natale con i fiocchi,2012,Comedy|TV Movie,5.3,81,0.0943,it
144105,Frankie Boyle: The Last Days of Sodom,2012,Comedy,7.2,18,0.1045,en
193040,Slasher House,2012,Horror,4.357,14,0.0983,en
181284,My Father's Bike,2012,Drama|Comedy,5.839,28,0.1622,pl
178189,Inner Worlds  Outer Worlds,2012,Documentary,7.708,24,0.0862,en
393510,The Life of Death,2012,Animation,7.196,23,0.0571,en
86101,The Sleeper,2012,Horror|Comedy|Thriller,2.9,33,0.1184,en
178818,K3: Rascals,2012,Family|Fantasy|Comedy|Adventure|Music,6.4,15,0.1665,nl
121929,Thursday Till Sunday,2012,Drama,6.6,19,0.1599,es
101270,Monumental: In Search of America's National Treasure,2012,Documentary,5.7,11,0.1256,en
410610,Casque,2012,Comedy,5.9,10,0.1004,fr
130745,16 Acres,2012,Documentary,7.3,15,0.1904,en
136157,Broke,2012,Documentary,6.4,11,0.0859,en
179737,Bana Bir Soygun Yaz,2012,Comedy,4.2,10,0.1003,tr
163703,The Centrifuge Brain Project,2012,Science Fiction|Comedy,7.2,16,0.1715,en
128133,Museum Hours,2012,Drama,6.8,52,0.0818,en
168223,In Tahrir Square: 18 Days of Egypt's Unfinished Revolution,2012,Documentary,5.7,10,0.1963,en
136801,Back from Hell,2012,Horror|Thriller,5.0,13,0.1012,en
112751,Dream and Silence,2012,Drama,5.7,13,0.0946,es
718432,Las Zetas,2012,Comedy,5.1,16,0.073,es
86850,The Island President,2012,Documentary,6.136,11,0.1752,en
115655,The World is Ours,2012,Comedy,6.167,75,0.1684,es
224301,Roadside Massacre,2012,Horror,3.5,12,0.1756,en
151652,The Old Man,2012,Action|Adventure|Drama|Thriller,5.8,16,0.1469,kk
148343,Easton's Article,2012,Drama|Science Fiction|Thriller,5.6,12,0.0855,en
131122,Last Shop Standing,2012,Music|Documentary,6.0,14,0.1003,en
111022,Fame High,2012,Documentary,6.6,12,0.0956,en
99880,Last Winter,2012,Thriller,5.7,11,0.0833,fr
295039,Land of My Dreams,2012,Drama|Romance,4.75,16,0.0925,pt
84318,The Other Dream Team,2012,Documentary|History,7.2,24,0.1293,lt
181779,Dickslap,2012,Comedy,5.2,14,0.1441,fr
147482,Arne Dahl: Many Waters,2012,Unknown,6.2,10,0.1875,sv
561529,Red,2012,Animation,6.0,22,0.0875,xx
508074,HU,2012,Documentary,4.3,14,0.2293,pt
406054,Perfect Pitch,2012,Music|Family,7.5,15,0.0682,en
141660,Im Banne der Rouladenkönigin,2012,Comedy,6.3,12,0.0839,de
674911,The Artist's Studio: E.W. NAY,2012,Documentary,3.8,10,0.1408,en
182669,Diablo,2012,Comedy|Thriller|Drama|Mystery,7.2,13,0.1735,es
111949,Wild Horse  Wild Ride,2012,Documentary|Western,8.5,11,0.1253,en
110986,Patlak Sokaklar: Gerzomat,2012,Comedy|Crime,4.8,18,0.0864,tr
139575,Bitch Hug,2012,Drama,6.0,12,0.0682,sv
145161,Rise of the Black Bat,2012,Action|Science Fiction,3.75,22,0.0984,en
173056,100 Yen: The Japanese Arcade Experience,2012,Documentary,6.2,13,0.0935,en
101018,Faccia d'angelo,2012,Crime|Drama,6.9,62,0.1148,it
857777,Qwerty,2012,Drama,6.4,70,0.0764,tl
162639,Scenes from a Gay Marriage,2012,Comedy|Drama|Romance,5.2,14,0.2087,en
199291,The Dark Matter of Love,2012,Documentary,6.3,19,0.0634,en
126864,Lasseter's Bones,2012,Documentary,6.4,12,0.084,en
197255,The Second Death,2012,Horror,5.0,12,0.1202,es
196133,The Fifth Season of the Year,2012,Drama,5.1,11,0.097,pl
141803,Moshe Kasher: Live in Oakland,2012,Comedy,6.8,11,0.0781,en
145015,Ali Blue Eyes,2012,Drama,6.389,27,0.1049,it
148644,Decay,2012,Horror|Thriller,4.3,13,0.0873,en
106634,Zombie Dawn,2012,Horror|War,4.0,10,0.1134,es
266567,Sleep awake,2012,Thriller,4.0,10,0.0574,en
220075,Nine Muses of Star Empire,2012,Documentary|Music,6.4,14,0.0991,ko
142385,Sarah Millican: Thoroughly Modern Millican,2012,Comedy,6.8,11,0.102,en
256648,Along the Way,2012,Animation|Music,7.0,10,0.0612,fr
125414,The Final Member,2012,Documentary,5.7,32,0.0865,en
168308,Coming Forth by Day,2012,Drama,6.0,11,0.0703,ar
183093,Night of Silence,2012,Drama,5.3,12,0.0693,tr
126883,The Wild Ones,2012,Drama|Crime,5.8,16,0.0684,es
116679,The Vanishing of Pato,2012,Crime,6.7,27,0.1524,it
519277,Musa,2012,Drama,5.5,10,0.0702,tr
404857,One Man's Loss,2012,Drama|Comedy,6.3,10,0.0733,en
97102,Jo Koy: Lights Out,2012,Comedy,6.5,16,0.1076,en
104513,Doug Stanhope: Before Turning the Gun on Himself,2012,Comedy,7.5,22,0.1149,en
144320,Peter Kay: Live & Back on Nights,2012,Comedy|Documentary,3.4,10,0.0609,en
643397,Girl on the Moon,2012,Romance|Science Fiction|Action,6.387,31,0.0775,ru
191648,No Man's Land,2012,Documentary,6.3,11,0.1124,pt
101352,L'Antisémite,2012,Comedy,4.8,11,0.0801,fr
167956,Fist of Jesus,2012,Comedy|Action|Horror,6.9,69,0.0722,en
128061,The Deflowering of Eva van End,2012,Drama,5.6,12,0.1225,nl
303233,123,2012,Unknown,7.1,98,0.0791,en
100825,Chely Wright: Wish Me Away,2012,Documentary|Music,4.75,12,0.0635,en
98069,Charles Bradley: Soul of America,2012,Music|Documentary,6.8,17,0.0809,en
130119,Mobile Home,2012,Comedy|Drama,5.8,20,0.1365,fr
153837,White Epilepsy,2012,Documentary,5.6,10,0.0679,fr
89638,Steve Jobs: The Lost Interview,2012,Documentary,7.2,71,0.0712,en
237559,Boy,2012,Unknown,4.472,18,0.0666,en
366210,The Nullarbor Nymph,2012,Comedy|Horror,4.6,12,0.078,en
151467,Les Bodin's - Retour au Pays,2012,Comedy,6.0,10,0.0664,fr
91319,1313: Bigfoot Island,2012,Horror|Thriller,5.0,35,0.0618,en
231824,Julian,2012,Drama,5.4,10,0.0533,pt
146548,Sweet Little Lies,2012,Comedy|Romance,6.5,13,0.0739,ro
144124,Jack Whitehall: Live,2012,Comedy,6.9,12,0.0577,en
117266,Craigslist Joe,2012,Adventure|Documentary,6.422,64,0.0609,en
118278,Stolen Child,2012,Drama,5.1,14,0.0804,en
289536,Evil Things,2012,Thriller|Horror,4.0,14,0.0691,en
140965,The Wailer 3,2012,Horror,6.4,18,0.0478,en
204095,How to Sell a Banksy,2012,Documentary,4.9,11,0.0904,en
406960,Super,2012,Drama,6.0,10,0.0602,en
444686,The Raid,2012,Documentary,7.4,11,0.042,en
141999,Allegiance,2012,Action|Thriller,5.1,20,0.0533,en
342696,9/11: Explosive Evidence: Experts Speak Out,2012,Documentary,8.7,14,0.2606,en
340482,The Ethereal Melancholy of Seeing Horses in the Cold,2012,Unknown,7.5,11,0.0552,en
126326,Journal de France,2012,Documentary,6.8,19,0.0505,fr
101419,407 Dark Flight,2012,Horror|Thriller,3.919,37,0.0521,th
143242,No quiero dormir sola,2012,Drama,5.2,12,0.0429,es
214990,An American Ghost Story,2012,Horror,4.1,36,0.081,en
102867,Only the Young,2012,Romance|Documentary|Comedy,6.5,11,0.222,en
206906,To Heaven,2012,Drama,5.4,11,0.0676,es
136568,Dragon Wasps,2012,Action|Science Fiction,5.1,58,0.0659,en
228116,Investigation on the Night That Won't Forget,2012,Documentary,5.75,12,0.0363,tl
256935,Ruben's Place,2012,Drama|Family,5.583,12,0.0441,en
125034,Out Of The Clear Blue Sky,2012,Documentary,6.9,11,0.0454,en
235373,The Flaying,2012,Horror|Fantasy|Thriller,5.769,13,0.0454,es
149234,War of the Worlds the True Story,2012,Action|Horror|Science Fiction,4.4,11,0.0694,en
226564,Mountain in Shadow,2012,Documentary,6.9,10,0.0168,es
716894,Kony 2012,2012,Documentary,3.0,11,0.0563,en
390336,QQQ,2012,Animation,7.2,14,0.0847,ja
112843,Versicherungsvertreter,2012,Documentary,6.7,13,0.0759,de
1079176,Bat,2012,Unknown,6.5,59,0.0286,en
840127,way,2012,Unknown,5.6,66,0.0404,en
121211,Here and There,2012,Drama|Comedy|Romance,6.5,17,0.0286,es
158962,The Caretaker,2012,Drama|Horror|Romance,3.7,11,0.0363,en
110393,White Elephant,2012,Drama,6.508,122,0.0455,es
356010,ITIS Galileo,2012,Documentary|History,8.6,13,0.0407,it
145045,Lee Nelson Live - Qwaliteee!,2012,Comedy,7.2,17,0.0306,en
123884,Solipsist,2012,Fantasy|Science Fiction,6.846,13,0.0311,en
182349,Love Sick Love,2012,Thriller,5.5,15,0.0321,en
145115,Few Words,2012,Documentary,8.5,11,0.0286,en
176990,Sorority Party Massacre,2012,Thriller|Horror,4.233,43,0.0341,en
206767,The Fixer,2012,Drama|Crime,6.7,12,0.0327,ru
127921,The Girl from the South,2012,Documentary,6.6,10,0.0143,es
294897,Monsterbox,2012,Animation|Family|Fantasy,6.6,11,0.0214,en
84319,An Oversimplification of Her Beauty,2012,Animation|Comedy|Drama|Romance|Fantasy,5.45,20,0.0134,en
123896,The Colors of Evil,2012,Animation|Comedy|Fantasy,5.4,15,0.1695,en
203890,2 Hours,2012,Horror,3.6,11,0.0261,en
152834,Nullification: The Rightful Remedy,2012,Unknown,6.0,11,0.0143,en
