id,title,release_year,genres,vote_average,vote_count,popularity,original_language
4588,Lust  Caution,2007,Action|Drama|Romance|Thriller,7.273,804,19.1425,zh
559,Spider-Man 3,2007,Action|Adventure|Science Fiction,6.461,15230,20.6282,en
2062,Ratatouille,2007,Animation|Comedy|Family|Fantasy,7.842,18484,19.9717,en
285,Pirates of the Caribbean: At World's End,2007,Adventure|Fantasy|Action,7.272,15474,19.0931,en
675,Harry Potter and the Order of the Phoenix,2007,Adventure|Fantasy,7.672,20813,18.5366,en
6977,No Country for Old Men,2007,Crime|Thriller|Western,7.951,13338,16.015,en
30112,Lost in Beijing,2007,Romance|Drama,6.6,62,16.0945,zh
14324,Virgin Territory,2007,Adventure|Action|Comedy|Romance,4.957,371,15.2414,en
6479,I Am Legend,2007,Drama|Science Fiction|Thriller,7.216,16852,12.5403,en
1250,Ghost Rider,2007,Thriller|Action|Fantasy,5.607,6469,12.4137,en
7485,Shooter,2007,Drama|Action|Thriller,7.123,5461,11.8379,en
1271,300,2007,Action|Adventure|War,7.2,14728,10.1627,en
8363,Superbad,2007,Comedy,7.265,8096,10.289,en
13186,Wrong Turn 2: Dead End,2007,Horror|Thriller,6.149,1547,9.8387,en
1265,Bridge to Terabithia,2007,Adventure|Drama|Family,7.323,5245,9.5465,en
1949,Zodiac,2007,Crime|Mystery|Thriller,7.53,11562,9.2607,en
10030,Good Luck Chuck,2007,Comedy|Romance,5.934,1663,8.7389,en
810,Shrek the Third,2007,Fantasy|Adventure|Animation|Comedy|Family,6.31,9781,9.5146,en
9757,Norbit,2007,Comedy,5.7,2594,10.6656,en
15356,The Girl Next Door,2007,Thriller|Crime|Drama|Horror,6.649,785,10.153,en
35,The Simpsons Movie,2007,Animation|Comedy|Family,7.023,8549,7.8794,en
5876,The Mist,2007,Horror|Science Fiction|Thriller,6.944,5844,7.5916,en
4347,Atonement,2007,Drama|Romance,7.634,4704,8.0894,en
5174,Rush Hour 3,2007,Action|Comedy|Crime,6.5,3721,8.0758,en
5559,Bee Movie,2007,Family|Animation|Adventure|Comedy,6.045,5275,8.1042,en
4523,Enchanted,2007,Comedy|Family|Fantasy|Romance,6.846,5712,8.1024,en
7345,There Will Be Blood,2007,Drama,8.077,7457,6.8175,en
6477,Alvin and the Chipmunks,2007,Comedy|Family|Fantasy|Animation,5.839,4739,7.9511,en
1562,28 Weeks Later,2007,Horror|Thriller|Science Fiction,6.607,5582,8.2719,en
7508,Like Stars on Earth,2007,Drama,7.97,1339,7.2323,hi
14001,Dead Silence,2007,Horror,6.453,2449,7.2515,en
2503,The Bourne Ultimatum,2007,Action|Drama|Mystery|Thriller,7.439,8370,6.4461,en
440,Aliens vs Predator: Requiem,2007,Action|Science Fiction|Thriller|Horror,5.175,3329,7.4035,en
4982,American Gangster,2007,Drama|Crime,7.594,6046,6.5701,en
6145,Fracture,2007,Thriller,7.263,4332,7.1355,en
1571,Live Free or Die Hard,2007,Action|Thriller,6.644,6345,7.1413,en
2011,Persepolis,2007,Animation|Drama,7.888,2152,7.726,fr
6637,National Treasure: Book of Secrets,2007,Action|Adventure|Mystery,6.4,5547,5.4283,en
2270,Stardust,2007,Adventure|Fantasy|Romance|Family,7.291,4452,7.5249,en
1991,Death Proof,2007,Action|Thriller,6.839,5634,6.1174,en
8277,American Pie Presents: Beta House,2007,Comedy,5.637,2019,5.9855,en
1268,Mr. Bean's Holiday,2007,Family|Comedy,6.389,3120,5.8599,en
1267,Meet the Robinsons,2007,Animation|Comedy|Family|Science Fiction|Adventure,6.944,3130,5.8544,en
52795,Doraemon: Nobita's New Great Adventure Into the Underworld - The Seven Magic Users,2007,Family|Adventure|Animation|Science Fiction|Fantasy,7.244,90,5.2547,ja
4638,Hot Fuzz,2007,Crime|Action|Comedy,7.565,8344,5.8978,en
38142,5 Centimeters per Second,2007,Animation|Romance|Drama,7.3,2160,7.6056,ja
13161,Big Stan,2007,Comedy|Crime,6.612,1047,5.4956,en
5915,Into the Wild,2007,Adventure|Drama,7.796,10142,5.8736,en
1738,Next,2007,Action|Science Fiction|Thriller,6.132,3264,5.9458,en
10431,War,2007,Action|Crime|Thriller,6.4,2048,5.6259,en
8329,[REC],2007,Horror|Mystery,7.229,4868,6.6501,es
21647,Sex Is Zero 2,2007,Romance|Comedy,5.6,69,5.3689,ko
298,Ocean's Thirteen,2007,Crime|Thriller,6.726,6889,5.2389,en
9408,Surf's Up,2007,Animation|Comedy|Family,6.5,2744,5.1174,en
2268,The Golden Compass,2007,Adventure|Fantasy,6.087,4834,5.6065,en
1620,Hitman,2007,Action|Thriller|Drama,6.158,3660,5.3391,en
3638,No Reservations,2007,Comedy|Romance|Drama,6.704,1494,4.397,en
1272,Sunshine,2007,Science Fiction|Thriller,6.967,4267,6.0939,en
7347,Elite Squad,2007,Drama|Action|Crime,8.061,2719,4.6627,pt
13885,Sweeney Todd: The Demon Barber of Fleet Street,2007,Drama|Horror,7.178,6339,5.4108,en
2310,Beowulf,2007,Adventure|Action|Animation,5.9,3064,4.4874,en
13252,Cleaner,2007,Crime|Thriller|Mystery,6.1,930,4.9353,en
1858,Transformers,2007,Adventure|Science Fiction|Action,6.831,12221,5.1227,en
23827,Paranormal Activity,2007,Horror|Mystery,6.049,5436,5.6146,en
15137,Evangelion: 1.0 You Are (Not) Alone,2007,Animation|Science Fiction|Action|Drama,7.6,1095,6.1563,ja
9793,The Hills Have Eyes 2,2007,Horror,5.572,1614,4.4525,en
4250,Pornorama,2007,Comedy,5.5,33,5.2596,de
1979,Fantastic Four: Rise of the Silver Surfer,2007,Science Fiction|Adventure|Action,5.633,8401,5.2477,en
5176,3:10 to Yuma,2007,Western,7.229,4026,4.5361,en
1273,TMNT,2007,Adventure|Animation|Comedy|Family,6.181,1217,5.6804,en
2698,Evan Almighty,2007,Fantasy|Comedy|Family,5.587,4561,5.7743,en
4141,Shoot 'Em Up,2007,Action|Thriller|Comedy|Crime,6.503,2094,4.0459,en
14392,The Warlords,2007,Action|Drama|History,6.77,370,3.7996,zh
16119,Cinderella III: A Twist in Time,2007,Animation|Romance|Family|Fantasy,6.5,1331,4.2026,en
2976,Hairspray,2007,Comedy|Romance|Drama,6.665,2623,4.0888,en
1992,Planet Terror,2007,Horror|Action|Thriller,6.689,3836,4.5714,en
4513,30 Days of Night,2007,Horror|Thriller,6.4,3068,4.1986,en
3021,1408,2007,Horror|Mystery,6.699,4891,4.6947,en
8271,Disturbia,2007,Thriller|Drama|Mystery,6.69,4095,4.4745,en
2252,Eastern Promises,2007,Thriller|Crime|Mystery,7.343,3718,4.3078,en
663,Saw IV,2007,Horror|Thriller|Crime,6.167,4108,4.7605,en
7326,Juno,2007,Comedy|Drama|Romance,7.059,7636,5.1495,en
2239,Hallam Foe,2007,Drama|Comedy|Thriller,6.7,185,3.7746,en
13363,The Man from Earth,2007,Science Fiction|Drama,7.626,2910,3.7677,en
4858,The Invasion,2007,Horror|Mystery|Science Fiction|Thriller,6.045,1703,3.9097,en
5123,August Rush,2007,Family|Drama|Music,7.417,2839,4.0542,en
13680,The Game Plan,2007,Comedy|Family,6.51,2196,4.0258,en
9760,Epic Movie,2007,Comedy|Adventure|Fantasy,3.87,1680,4.2774,en
2082,Halloween,2007,Horror,6.236,2553,3.7556,en
38410,The Poughkeepsie Tapes,2007,Horror|Mystery|Crime|Thriller,6.541,764,4.0594,en
14624,The Ultimate Gift,2007,Romance|Drama|Family,7.613,505,3.7411,en
20982,Naruto Shippuden the Movie,2007,Animation|Action|Fantasy,7.411,1061,3.8694,ja
4964,Knocked Up,2007,Comedy|Romance|Drama,6.3,4288,3.8795,en
6537,The Orphanage,2007,Horror|Drama|Thriller,7.2,3124,4.0388,es
13019,Young People Fucking,2007,Comedy|Drama|Romance,5.819,243,4.5397,en
4517,Elizabeth: The Golden Age,2007,Drama|History|Romance,6.7,1309,3.5769,en
4512,The Assassination of Jesse James by the Coward Robert Ford,2007,Drama|Western,7.062,2777,3.7263,en
13022,Rogue,2007,Action|Horror|Thriller,6.319,766,3.7359,en
29362,Full of It,2007,Comedy|Family|Drama,5.306,139,3.6614,en
4771,Gone Baby Gone,2007,Crime|Drama|Mystery,7.307,4194,3.875,en
8079,Om Shanti Om,2007,Comedy|Thriller|Drama,7.115,399,3.5773,hi
25493,The Breastford Wives,2007,Comedy|Drama|Science Fiction|Romance,4.4,22,3.9538,en
1407,La Vie en Rose,2007,Music|Drama,7.371,1735,3.8011,fr
2312,In the Name of the King: A Dungeon Siege Tale,2007,Adventure|Fantasy|Action|Drama,4.772,924,3.7619,en
11199,Wild Hogs,2007,Action|Adventure|Comedy,5.973,2456,3.563,en
51482,Death Note Relight 1: Visions of a God,2007,TV Movie|Crime|Drama|Fantasy|Thriller|Animation,7.907,389,3.6483,ja
13483,Awake,2007,Thriller|Crime|Mystery,6.567,1550,4.2103,en
7350,The Bucket List,2007,Drama|Comedy,7.191,4105,3.5598,en
14636,The Condemned,2007,Action|Thriller,6.104,875,3.4419,en
35854,Flash Point,2007,Action,6.925,371,3.1007,cn
13195,Flawless,2007,Crime|Drama|Thriller,6.8,626,3.2525,en
1691,Hostel: Part II,2007,Horror,5.857,2216,3.7534,en
9038,The Heartbreak Kid,2007,Comedy|Romance,5.753,1753,3.4176,en
12108,42plus,2007,Drama,4.9,18,3.002,de
118285,Zero Woman R,2007,Drama|Action,6.6,27,3.6025,ja
39206,Detective Conan: Jolly Roger in the Deep Azure,2007,Animation|Adventure,6.533,151,2.8048,ja
1646,Freedom Writers,2007,Crime|Drama,7.925,2427,3.6591,en
22448,Awarapan,2007,Action|Drama|Crime,6.9,49,2.884,hi
25278,One Piece: The Desert Princess and the Pirates: Adventure in Alabasta,2007,Action|Adventure|Animation|Comedy|Fantasy,6.9,169,2.7834,ja
16126,Flight of the Living Dead,2007,Horror,5.02,152,1.7737,en
10074,Hot Rod,2007,Comedy|Action,6.4,1101,2.7633,en
9952,Rescue Dawn,2007,Adventure|Drama|War,6.956,1422,3.2993,en
14163,Chak De! India,2007,Drama,7.193,373,2.8688,hi
15019,I Could Never Be Your Woman,2007,Comedy|Drama|Romance,5.9,457,3.0245,en
6023,P.S. I Love You,2007,Drama|Romance,7.178,3485,4.8009,en
12225,Cashback,2007,Drama|Comedy|Romance,6.955,1392,3.5278,en
4349,The Kingdom,2007,Thriller|Action|Drama,6.733,1824,2.8558,en
4566,Michael Clayton,2007,Drama|Thriller|Crime,6.793,1985,4.0467,en
17097,After Sex,2007,Comedy|Romance|Drama,5.5,254,3.872,en
1534,Pathfinder,2007,Adventure|Action,5.659,781,3.5633,en
7979,The Kite Runner,2007,Drama,7.335,1248,2.7807,en
10760,Sydney White,2007,Comedy,6.465,1113,3.2123,en
3563,I Now Pronounce You Chuck & Larry,2007,Comedy|Romance,6.1,2536,3.6481,en
4538,The Darjeeling Limited,2007,Adventure|Drama|Comedy,7.146,3967,2.9825,en
13394,Shrek the Halls,2007,Adventure|Animation|Comedy|Fantasy|Family,6.371,921,3.4158,en
6589,Underdog,2007,Family|Action|Adventure|Comedy|Fantasy|Science Fiction,5.56,761,3.9652,en
20223,Charm School,2007,Comedy,6.933,150,3.0413,es
23202,Trick 'r Treat,2007,Horror|Fantasy|Comedy,6.985,2066,3.2963,en
13283,Barbie as the Island Princess,2007,Animation|Family,7.271,775,3.1286,en
3594,The Number 23,2007,Thriller|Mystery|Crime,6.416,3515,2.6389,en
2196,Death at a Funeral,2007,Comedy|Drama,6.926,1921,3.0646,en
14211,Prey,2007,Adventure|Horror|Thriller,5.828,409,3.0845,en
13980,Sword of the Stranger,2007,Action|Animation|History,7.6,464,2.4815,ja
4283,Primeval,2007,Adventure|Horror|Action,6.075,451,2.5924,en
9966,The Messengers,2007,Mystery|Thriller|Horror,5.758,863,2.8774,en
4413,The Brave One,2007,Crime|Drama|Thriller,6.587,1075,2.7836,en
1931,Stomp the Yard,2007,Drama|Music,7.1,519,2.9179,en
7979,The Kite Runner,2007,Drama,7.3,1248,2.7807,en
3489,88 Minutes,2007,Thriller|Mystery,5.79,1186,3.1242,en
14016,Mad Detective,2007,Action|Crime|Thriller,7.1,225,3.3827,zh
2977,Becoming Jane,2007,Romance|Drama,7.313,1265,3.0188,en
14424,Sex and Death 101,2007,Comedy|Romance|Drama,6.149,306,2.68,en
11835,Death Sentence,2007,Action|Crime|Drama|Thriller,6.784,1256,2.65,en
15403,Ben 10: Secret of the Omnitrix,2007,Animation|Science Fiction|Family|TV Movie|Action,7.417,272,2.5866,en
9703,The Last Legion,2007,Action|Adventure|Fantasy|War,5.619,847,2.909,en
7985,Penelope,2007,Fantasy|Comedy|Romance,6.747,1480,2.4182,en
9963,Premonition,2007,Thriller|Drama|Mystery,6.27,1673,2.7474,en
17101,Bleach the Movie: The DiamondDust Rebellion,2007,Action|Animation|Thriller,6.769,195,2.4648,ja
4688,Across the Universe,2007,Drama|Romance|Fantasy,7.113,1445,2.604,en
13243,Meet Bill,2007,Comedy|Drama|Romance,6.045,358,2.6574,en
3432,Mr. Brooks,2007,Crime|Thriller,6.92,1878,2.6048,en
6615,Lars and the Real Girl,2007,Comedy|Drama|Romance,7.2,2067,2.7137,en
13649,High School Musical 2,2007,Comedy|Family|TV Movie,6.5,3867,2.5742,en
13640,Superman: Doomsday,2007,Action|Animation|Science Fiction,6.728,700,2.4858,en
14047,The Great Debaters,2007,Drama,7.258,710,2.401,en
38057,The Secret of the Magic Gourd,2007,Drama|Family|Fantasy,7.351,131,2.6075,zh
19344,Loving Annabelle,2007,Drama|Romance,6.6,308,2.3699,en
12246,Mongol: The Rise of Genghis Khan,2007,History|War|Action,6.8,767,1.9601,ru
16962,Barbie Fairytopia: Magic of the Rainbow,2007,Animation|Family|Fantasy|Romance,6.9,464,2.8513,en
2013,The Diving Bell and the Butterfly,2007,Drama|History,7.572,1283,2.3156,fr
5375,Fred Claus,2007,Action|Comedy|Drama,5.855,915,2.2316,en
12435,The Nanny Diaries,2007,Comedy|Drama|Romance,6.387,1238,2.8694,en
9955,Blades of Glory,2007,Comedy,6.125,1916,2.5453,en
7183,Perfect Stranger,2007,Thriller|Crime|Mystery,5.8,1025,2.0337,en
14397,Whisper,2007,Horror|Thriller,6.333,312,2.4877,en
7972,Before the Devil Knows You're Dead,2007,Crime|Drama|Thriller,7.115,1726,2.8086,en
25961,Pokémon: The Rise of Darkrai,2007,Family|Adventure|Animation|Fantasy|Action|Science Fiction,6.9,312,2.699,ja
5125,Rendition,2007,Drama|Thriller,6.4,739,3.374,en
15476,Dead Tone,2007,Horror|Thriller,4.732,94,1.6943,en
9815,Goal II: Living the Dream,2007,Drama,5.965,698,2.4178,en
14913,Boogeyman 2,2007,Horror|Thriller,5.465,296,2.8845,en
56552,The Valley of Light,2007,Drama|Romance|TV Movie,6.477,22,2.3158,en
10822,Savage Grace,2007,Drama,5.657,223,3.8501,en
38051,Normal,2007,Drama,5.1,34,2.3793,en
2335,Taxi 4,2007,Action|Comedy|Crime,5.608,1343,2.177,fr
48420,If I Had Known I Was a Genius,2007,Comedy|Family,4.1,16,1.8255,en
54318,The Water Horse,2007,Family|Adventure|Fantasy,6.548,1151,1.9455,en
6309,Flood,2007,Drama|Action|Thriller,5.303,160,2.2225,en
20342,Secret,2007,Fantasy|Drama|Thriller,7.5,206,1.812,zh
18874,Ghost in the Shell: Stand Alone Complex - Solid State Society,2007,Animation|Action|Thriller|Crime|Science Fiction,7.479,286,2.1134,ja
24696,Tom and Jerry: A Nutcracker Tale,2007,Animation|Comedy|Family,6.8,167,2.6432,en
14943,Crows Zero,2007,Action|Comedy|Crime,7.075,385,2.972,ja
13250,Butterfly on a Wheel,2007,Crime|Drama|Thriller,6.408,571,2.0345,en
14125,Captivity,2007,Crime|Horror|Thriller,4.859,461,2.3636,en
13025,Diary of the Dead,2007,Horror|Fantasy|Science Fiction|Thriller,5.555,878,2.0256,en
1950,Lucky You,2007,Drama|Romance,5.7,286,3.1181,en
10172,Are We Done Yet?,2007,Family|Comedy,5.855,681,2.0839,en
13548,Borderland,2007,Crime|Horror|Thriller,5.514,246,3.2408,en
15772,Guru,2007,Drama|Romance,6.9,138,1.942,hi
5393,Happily N'Ever After,2007,Adventure|Animation|Comedy|Family|Fantasy,5.1,445,1.8975,en
19528,Invisible Target,2007,Action,6.64,107,2.0367,cn
19580,The Dukes of Hazzard: The Beginning,2007,Action|Adventure|Comedy|TV Movie,6.119,226,2.1642,en
72849,Stories USA,2007,Drama|Comedy,3.9,15,1.8352,en
13008,An American Crime,2007,Crime|Drama|Horror,7.293,772,2.0958,en
64330,Surviving My Mother,2007,Drama|Comedy,4.8,12,2.1627,en
1683,The Reaping,2007,Horror,5.765,892,2.21,en
8398,The Hitcher,2007,Crime|Horror|Thriller,5.9,993,2.1132,en
6538,Charlie Wilson's War,2007,Comedy|Drama|History,6.544,1643,2.3021,en
15212,Species: The Awakening,2007,Horror|Science Fiction|Thriller,4.65,300,2.224,en
14139,Timecrimes,2007,Science Fiction|Thriller,7.024,1459,1.9714,es
8875,Timber Falls,2007,Horror|Thriller,5.421,178,1.7912,en
6575,Walk Hard: The Dewey Cox Story,2007,Comedy|Music,6.605,752,1.9146,en
10758,Waitress,2007,Drama|Comedy|Romance,6.725,572,2.0995,en
1989,My Blueberry Nights,2007,Drama|Romance,6.409,851,2.0595,cn
22100,Watching the Detectives,2007,Comedy|Romance,6.337,190,1.6343,en
16873,Battle for Terra,2007,Action|Adventure|Animation|Science Fiction,6.1,305,1.8273,en
13249,Seraphim Falls,2007,Western|Action|Drama,6.417,630,2.753,en
17483,Shelter,2007,Drama|Romance,7.738,503,2.0003,en
13312,Inside,2007,Horror,6.7,920,1.9521,fr
12526,Bug,2007,Drama|Horror|Thriller,6.133,611,2.9033,en
2355,Reign Over Me,2007,Drama,7.219,1201,2.0221,en
2001,We Own the Night,2007,Drama|Crime|Thriller,6.7,1504,2.4377,en
13949,Persuasion,2007,Drama|Romance|TV Movie,7.246,284,2.2573,en
5708,Control,2007,Drama,7.511,940,1.7923,en
1257,Because I Said So,2007,Romance|Comedy,5.871,672,1.8956,en
428863,Snuff 102,2007,Thriller|Horror,3.119,42,2.2221,es
13194,Highlander: The Search for Vengeance,2007,Action|Animation|Fantasy|Science Fiction,7.164,134,1.5813,ja
36108,To Each His Own Cinema,2007,Comedy|Drama,6.5,155,2.0245,fr
13474,P2,2007,Horror|Thriller,6.2,932,2.7483,en
14666,Cougar Club,2007,Comedy,3.9,51,1.7345,en
13054,Rise of the Footsoldier,2007,Action|Crime|Thriller,6.323,235,1.5981,en
2284,Mr. Magorium's Wonder Emporium,2007,Family|Fantasy|Comedy,6.251,1312,1.8642,en
6973,In the Valley of Elah,2007,History|Drama|Thriller|Crime|Mystery,6.8,1089,1.8689,en
10748,St Trinian's,2007,Comedy,5.924,496,1.7117,en
20411,Until Death,2007,Action|Thriller|Crime,5.9,236,2.6197,en
3902,I'm Not There,2007,Drama|Music,6.497,777,2.3092,en
10253,Dragon Wars: D-War,2007,Fantasy|Drama|Horror|Action|Thriller|Science Fiction,4.576,451,2.0453,ko
15378,The Grand,2007,Comedy,5.832,98,1.5452,en
16657,Protégé,2007,Drama|Thriller,6.8,116,1.8318,cn
19025,Bhool Bhulaiyaa,2007,Comedy|Horror|Thriller,6.745,206,1.9948,hi
29792,Fire Serpent,2007,TV Movie|Horror|Science Fiction|Action,4.792,24,2.7941,en
14000,Anamorph,2007,Crime|Thriller,5.163,215,1.5764,en
4520,Sleuth,2007,Drama|Mystery|Thriller,6.276,585,1.6325,en
8270,The Lookout,2007,Crime|Drama|Thriller,6.662,711,1.8116,en
13168,Smiley Face,2007,Comedy,6.015,328,1.6471,en
11172,Music and Lyrics,2007,Comedy|Music|Romance,6.454,1800,2.2122,en
2267,The Last Mimzy,2007,Drama|Science Fiction|Adventure,6.4,487,1.8693,en
16392,Redline,2007,Action|Thriller,5.107,164,2.7893,en
7249,Futurama: Bender's Big Score,2007,Animation|Comedy|Science Fiction,7.371,765,1.6392,en
9785,The Invisible,2007,Fantasy|Thriller|Mystery,6.355,585,2.7696,en
17038,Lake Placid 2,2007,Horror|Science Fiction,4.9,255,1.8244,en
6418,Hotel Chevalier,2007,Drama|Romance,6.896,911,2.7792,en
16516,Clannad: The Motion Picture,2007,Animation|Drama|Romance,7.2,114,1.8816,ja
2009,4 Months  3 Weeks and 2 Days,2007,Drama,7.544,825,1.6015,ro
15581,Who's Your Caddy?,2007,Comedy,3.377,69,1.7111,en
4169,Breach,2007,Drama|Thriller|Crime|History,6.626,665,1.8006,en
14044,Assembly,2007,Action|History,6.97,150,1.5576,zh
9783,Sublime,2007,Horror|Thriller,5.3,126,2.6491,en
10818,Water Lilies,2007,Drama|Romance,6.5,468,1.9062,fr
15071,The Contractor,2007,Action|Adventure|Drama|Thriller,5.508,188,1.7288,en
114372,Fist of the North Star: Legend of Raoh - Chapter of Fierce Fighting,2007,Action|Animation|Adventure|Romance,6.5,81,1.8796,ja
32579,Under the Same Moon,2007,Drama,7.7,320,1.4933,es
29826,The Legend of the Nahuala,2007,Family|Fantasy|Animation|Horror,7.9,240,1.733,es
15250,This Christmas,2007,Comedy|Drama|Romance,6.562,143,1.8029,en
653528,Family Guy Presents: Blue Harvest,2007,Animation|Comedy|Science Fiction|TV Movie,7.5,129,1.7595,en
13491,Arn: The Knight Templar,2007,Action|Adventure|Drama|Romance,6.291,311,1.7845,sv
8272,The Savages,2007,Drama|Comedy,6.91,438,2.6317,en
39961,The Land Before Time XIII: The Wisdom of Friends,2007,Animation|Family|Adventure,6.149,178,1.3714,en
11910,Hogfather,2007,Fantasy|TV Movie,6.8,184,2.4572,en
34869,Cargo 200,2007,Crime|Drama|Thriller,6.792,226,2.4767,ru
4515,Lions for Lambs,2007,Action|Adventure|Drama|History,6.008,831,1.6093,en
13173,The Ten,2007,Comedy,4.8,211,2.6061,en
14126,Catacombs,2007,Horror|Thriller,4.764,210,1.7614,en
2015,Secret Sunshine,2007,Drama,7.2,227,1.6528,ko
5857,I Know Who Killed Me,2007,Thriller|Horror|Mystery,4.5,399,1.5158,en
38963,Going by the Book,2007,Comedy|Action|Crime,7.345,87,1.6305,ko
17202,Why Did I Get Married?,2007,Comedy|Drama,6.497,169,1.4564,en
2274,The Seeker: The Dark Is Rising,2007,Adventure|Drama|Fantasy|Family|Thriller,5.448,444,1.7628,en
16236,Mansfield Park,2007,Drama|TV Movie,6.1,116,1.6576,en
7737,Resident Evil: Extinction,2007,Horror|Action|Science Fiction,6.308,4575,1.8778,en
14608,Partition,2007,Drama|Romance,6.318,33,2.3489,en
14223,Wind Chill,2007,Drama|Horror|Thriller,5.823,547,1.5387,en
2959,License to Wed,2007,Comedy,5.68,921,1.613,en
13525,Suburban Girl,2007,Comedy|Drama|Romance,5.558,163,1.7167,en
14158,Jackass 2.5,2007,Comedy|Documentary,6.143,607,1.5126,en
4556,Nightwatching,2007,Drama|History,6.2,77,2.2356,en
9997,Gabriel,2007,Fantasy|Horror|Action|Science Fiction,6.013,425,1.7071,en
17234,Summer Days with Coo,2007,Animation|Fantasy|Comedy|Romance|Drama|Family,7.824,142,1.5429,ja
59298,The Piano Forest,2007,Music|Animation|Drama,7.062,122,1.3287,ja
1872,Rise: Blood Hunter,2007,Action|Adventure|Horror|Thriller,5.4,296,1.4823,en
5723,Once,2007,Drama|Music|Romance,7.421,1455,1.9162,en
13637,Sukiyaki Western Django,2007,Adventure|Action|Comedy|Western|Thriller,6.185,362,1.5435,ja
89632,The House on Hooter Hill,2007,Fantasy|Horror|Romance,4.7,15,1.569,en
9911,Outlaw,2007,Action|Crime|Thriller,5.381,164,1.4175,en
4723,Southland Tales,2007,Science Fiction|Thriller|Comedy,5.233,605,1.293,en
13354,Chill Out  Scooby-Doo!,2007,Family|Comedy|Animation|Adventure|Mystery,7.4,285,1.6542,en
6022,Evening,2007,Drama|Romance,5.8,185,1.617,en
14123,Bratz,2007,Comedy|Music|Family,5.721,473,1.7685,en
12247,Shotgun Stories,2007,Drama|Thriller,6.931,211,1.3178,en
14547,Delta Farce,2007,Comedy|Action|Adventure,4.7,170,2.3984,en
13492,Frontier(s),2007,Drama|Horror|Action|Thriller,6.172,799,1.6583,fr
30155,Naked Fear,2007,Horror|Thriller,5.103,73,1.2558,en
2728,Postal,2007,Comedy|Action|Adventure|Crime|Thriller,4.653,395,1.4705,en
15302,The Pixar Story,2007,Documentary,7.551,244,1.3338,en
13641,The Air I Breathe,2007,Drama|Thriller|Crime,6.288,399,1.5925,en
13391,Vexille,2007,Animation|Science Fiction,6.7,172,1.3121,ja
41186,Love Now,2007,Drama|Romance,4.9,11,1.5619,ko
12994,The Nines,2007,Drama|Fantasy|Mystery|Thriller,5.977,469,2.6388,en
15017,Blonde Ambition,2007,Comedy|Romance,4.445,127,2.6215,en
25973,What Love Is,2007,Romance|Comedy,5.303,33,1.3472,en
10759,The Comebacks,2007,Comedy,4.868,167,1.4424,en
10946,Earth,2007,Documentary,7.636,370,1.7453,en
30938,Maneater,2007,Action|Horror|Thriller,4.6,29,1.0929,en
8954,Reservation Road,2007,Drama|Crime|Thriller,6.517,413,1.4493,en
14641,Homo Erectus,2007,Comedy,4.0,38,2.3462,en
7862,The Counterfeiters,2007,Drama|War,7.4,686,1.6912,de
5172,The Astronaut Farmer,2007,Science Fiction|Adventure|Comedy|Drama,6.271,368,1.5144,en
15676,Nobel Son,2007,Comedy|Crime|Drama,6.1,142,1.627,en
23151,The Garden of Sinners: Murder Speculation Part A,2007,Animation|Action|Crime|Romance|Mystery,6.7,114,1.5403,ja
27298,Partner,2007,Comedy|Romance,5.546,120,1.1554,hi
4351,Bordertown,2007,Crime|Drama|Mystery|Thriller,6.289,360,1.6116,en
68559,Gong Tau,2007,Horror,4.632,19,1.8235,cn
14456,Shrooms,2007,Horror|Mystery,4.886,404,1.2965,en
13204,Hellboy Animated: Blood and Iron,2007,Animation|Fantasy|Horror|Action|Thriller|Science Fiction|TV Movie,6.382,148,1.4213,en
5126,Martian Child,2007,Comedy|Drama,6.687,326,1.8863,en
7211,Dan in Real Life,2007,Comedy|Romance|Drama,6.573,1350,1.6587,en
13159,Georgia Rule,2007,Drama|Comedy|Romance,5.98,478,1.3282,en
6639,Love in the Time of Cholera,2007,Drama|Romance,6.7,408,1.6826,en
69315,Battlestar Galactica: Razor,2007,Science Fiction|Action|Drama|Thriller|TV Movie,7.188,462,1.6486,en
9990,Walking Tall: Lone Justice,2007,Action|Thriller|Crime|Drama,5.8,51,1.1628,en
155049,Beyond the Years,2007,Drama,6.3,15,1.2972,ko
18633,Slipstream,2007,Fantasy|Drama,4.932,96,2.319,en
14144,Daddy Day Camp,2007,Family|Comedy,4.9,506,1.5216,en
28578,Shamo,2007,Action,5.5,27,1.2997,cn
20294,Welcome,2007,Comedy|Crime|Family,6.877,175,1.5717,hi
38973,Kamen Rider Den-O The Movie: I'm Born!,2007,Action|Adventure|Science Fiction,7.2,11,1.1419,ja
14525,Adrift in Tokyo,2007,Comedy,7.1,65,1.6128,ja
2359,Sicko,2007,Documentary|Comedy|Drama,7.352,781,1.3723,en
4407,The Three Investigators in The Secret of Skeleton Island,2007,Mystery|Adventure|Family,6.254,69,1.2577,de
22449,I Just Didn't Do It,2007,Drama,7.4,39,1.3779,ja
27215,Rock Haven,2007,Drama|Romance,4.8,27,1.5619,en
25218,Live!,2007,Thriller|Drama,5.491,162,2.3265,en
37984,Eye in the Sky,2007,Action|Crime|Thriller,6.6,62,1.6213,cn
15066,Walking Tall: The Payback,2007,Crime|Adventure|Action,5.8,68,1.1717,en
58069,May 18,2007,Drama|History,6.948,48,1.1552,ko
4787,Cassandra's Dream,2007,Crime|Drama|Thriller,6.297,836,1.4732,en
13257,Mr. Woodcock,2007,Comedy|Romance,5.1,484,1.0805,en
16555,Daddy's Little Girls,2007,Comedy|Drama|Romance,6.895,141,1.474,en
9750,Balls of Fury,2007,Comedy|Crime,5.317,598,1.4087,en
10425,The Death and Life of Bobby Z,2007,Drama|Action|Thriller|Crime,6.167,405,1.8176,en
37973,Alone,2007,Horror|Mystery|Drama,7.126,250,1.2411,th
18093,Northanger Abbey,2007,Romance|Drama|TV Movie,6.81,319,1.4968,en
6172,My Führer,2007,War|Comedy|Drama,5.591,115,1.6815,de
80797,Winx Club: The Secret of the Lost Kingdom,2007,Fantasy|Animation|Family,7.2,236,1.3387,it
7797,Youth Without Youth,2007,Fantasy|Drama|Mystery,6.138,239,1.074,en
15939,Twins Mission,2007,Action|Comedy|Crime,5.3,39,1.4137,cn
15069,WΔZ,2007,Crime|Drama|Horror|Thriller,5.547,214,1.2891,en
46169,Twitches Too,2007,Drama|Family|Fantasy|TV Movie,6.674,365,1.5149,en
20308,Stephanie Daley,2007,Drama,5.779,34,2.1389,en
5353,The Hunting Party,2007,Action|Adventure|Thriller|Drama,6.503,354,1.2373,en
24474,King Naresuan Part: 1,2007,Drama|History|War|Action,6.2,20,1.396,th
14148,The Flock,2007,Crime|Drama|Mystery|Thriller,5.645,278,1.1354,en
14043,Nancy Drew,2007,Family|Adventure|Crime|Mystery|Comedy,6.085,549,1.6752,en
13470,Bury My Heart at Wounded Knee,2007,Western|Drama|History|TV Movie|War,6.533,135,1.5399,en
4170,Trade,2007,Thriller,6.971,311,1.3014,en
7942,Run Fatboy Run,2007,Comedy|Romance,6.207,743,1.335,en
46302,Drive Thru,2007,Horror|Thriller|Comedy,5.297,150,2.3281,en
29951,The Hideout,2007,Horror|Mystery|Thriller,6.1,57,1.3508,en
21860,Born,2007,Horror,3.9,29,2.378,en
20069,Manuale d'amore 2 (capitoli successivi),2007,Romance|Comedy|Drama,5.369,291,1.3714,it
14753,Silk,2007,Drama|Romance,5.753,223,1.392,en
13981,Appleseed: Ex Machina,2007,Animation|Action|Thriller|Science Fiction,6.479,234,1.4435,ja
21501,Christmas Story,2007,Fantasy|Family,7.2,140,1.4009,fi
13647,The Invincible Iron Man,2007,Adventure|Animation|Action|Fantasy|Science Fiction,6.2,265,1.3996,en
1988,A Mighty Heart,2007,Drama|Thriller|History,6.404,354,1.6727,en
13614,Katyn,2007,Drama|History|War,6.7,282,1.2434,pl
29642,Chantal,2007,Drama,4.421,19,2.2915,en
20360,Namastey London,2007,Comedy|Drama|Romance,6.204,125,1.0542,hi
51550,Hero,2007,Mystery,6.5,34,1.2944,ja
12416,The Substitute,2007,Thriller|Comedy|Horror,5.703,69,2.1399,da
387470,JoJo's Bizarre Adventure: Phantom Blood,2007,Action|Animation|Adventure,6.1,24,1.2268,ja
21935,The Haunting Hour: Don't Think About It,2007,Horror|TV Movie|Fantasy,6.765,170,1.2689,en
21795,Voices,2007,Horror|Thriller|Mystery,5.3,43,1.4676,ko
42979,Robot Chicken: Star Wars,2007,Animation|Comedy|Science Fiction|Action|TV Movie|Adventure|Fantasy,7.25,270,1.1314,en
23150,The Garden of Sinners: Overlooking View,2007,Animation|Crime|Action|Fantasy|Mystery,6.7,154,1.2544,ja
11807,Jab We Met,2007,Drama|Comedy|Romance,7.316,320,1.1624,hi
11148,XXY,2007,Drama,6.863,321,1.2986,es
14396,Code Name: The Cleaner,2007,Action|Comedy|Crime,5.178,269,1.3321,en
6535,Talk to Me,2007,Drama,6.832,134,1.1354,en
52101,Kung Fu Kid,2007,Comedy|Drama,5.35,10,1.3513,ja
20065,Purple Violets,2007,Comedy|Drama|Romance,5.802,53,1.3016,en
65755,Uncle P,2007,Comedy|Family,5.417,12,1.7445,en
20714,12,2007,Crime|Drama|Mystery,6.618,420,1.2937,ru
10107,Firehouse Dog,2007,Family|Comedy,6.077,195,1.4213,en
21494,Moliere,2007,Romance|Drama|Comedy,6.406,202,1.3604,fr
18217,Buried Alive,2007,Horror,4.721,122,2.1037,en
24417,Apartment 1303,2007,Horror,4.797,74,1.1635,ja
25744,Carved: The Slit-Mouthed Woman,2007,Horror,5.996,119,0.982,ja
14313,Feast of Love,2007,Romance|Drama,6.188,266,1.3816,en
19554,Elvis & Anabelle,2007,Drama|Romance,6.73,103,2.1868,en
13957,Closing the Ring,2007,Drama|Romance,6.151,106,1.3713,en
5139,The Fox and the Child,2007,Adventure|Family,6.546,360,0.9338,fr
69409,Aalwar,2007,Action|Thriller,3.5,10,1.3701,ta
13747,Crime Insiders,2007,Crime|Thriller,5.766,62,2.6392,fr
28109,100 Tears,2007,Horror,4.211,57,1.3614,en
13198,Wristcutters: A Love Story,2007,Comedy|Drama|Fantasy|Romance,6.976,624,1.2902,en
21141,Simon Says,2007,Horror|Thriller,5.009,108,1.0893,en
15485,Disney Princess Enchanted Tales: Follow Your Dreams,2007,Animation|Family|Fantasy,6.48,99,1.0167,en
65180,New Tokyo Decadence: The Slave,2007,Drama,6.5,13,1.2341,ja
11801,Angel,2007,Romance|Drama,5.5,140,1.0422,en
14434,I Think I Love My Wife,2007,Comedy|Romance,5.322,205,1.1417,en
20413,Dhamaal,2007,Comedy|Adventure,6.742,132,1.2086,hi
16221,Dororo,2007,Action|Fantasy|Horror|Science Fiction,7.0,146,1.2748,ja
7006,White Noise 2: The Light,2007,Horror|Thriller,5.55,289,1.1071,en
50032,Stuart: A Life Backwards,2007,Drama|TV Movie,7.347,226,1.017,en
2588,Chaotic Ana,2007,Comedy|Drama,6.035,72,1.223,es
40713,Sky of Love,2007,Romance|Drama,7.712,172,1.134,ja
52578,A Good Day to Have an Affair,2007,Comedy|Romance,5.1,17,1.2144,ko
36204,No Smoking,2007,Thriller|Drama,6.959,73,0.9364,hi
14432,The Secret,2007,Drama|Romance,6.019,78,1.0119,fr
13360,Highlander: The Source,2007,Action|Fantasy|Adventure|TV Movie,4.0,232,1.2285,en
14830,Doctor Strange,2007,Action|Animation|Fantasy|Science Fiction,6.8,345,1.0755,en
128884,Crayon Shin-chan: Invoke a Storm! The Singing Buttocks Bomb,2007,Animation|Comedy,6.283,23,1.3713,ja
17456,BloodRayne II: Deliverance,2007,Horror|Western|Fantasy,4.01,262,1.2275,en
14843,Ten Inch Hero,2007,Comedy|Drama|Romance,6.992,184,1.3053,en
41177,Always: Sunset on Third Street 2,2007,Comedy|Drama,7.2,25,1.2359,ja
13021,Flakes,2007,Comedy|Romance,5.1,65,1.3546,en
59872,Pokkiri,2007,Action|Crime|Romance|Comedy,6.848,66,1.0304,ta
39158,Kaw,2007,Horror|Thriller|Science Fiction|Action,4.576,86,1.1413,en
15418,First Born,2007,Drama|Horror|Thriller,5.141,71,1.1324,en
114370,Fist of the North Star: The Legend of Yuria,2007,Action|Animation|Adventure|Drama,6.466,44,1.202,ja
14735,Boarding Gate,2007,Thriller|Drama,5.004,116,1.3291,en
21623,Beneath,2007,Horror|Mystery|Thriller,5.395,124,1.1261,en
13079,The Life Before Her Eyes,2007,Thriller|Drama|Mystery,6.061,296,1.1885,en
76839,Chennai 600028,2007,Comedy,7.2,21,2.1474,ta
14789,The Last Sentinel,2007,Action|Thriller|Science Fiction,3.866,41,0.9956,en
42247,Treasure Raiders,2007,Adventure|Drama|Action|Thriller,3.286,21,1.8974,en
25597,Hansel & Gretel,2007,Fantasy|Drama|Horror,6.687,187,1.1746,ko
10075,Blood and Chocolate,2007,Drama|Fantasy|Horror|Romance,5.582,330,1.0984,en
39855,August Underground's Penance,2007,Horror,3.902,56,1.4864,en
8827,99 Francs,2007,Drama|Comedy,6.664,805,1.1613,fr
5951,The Jane Austen Book Club,2007,Comedy|Romance,6.481,395,1.3278,en
36113,Getting Home,2007,Drama|Comedy,7.373,63,1.2053,zh
51885,The Sun Also Rises,2007,Fantasy|Drama,7.4,70,1.1909,zh
13538,Straightheads,2007,Thriller,5.3,124,1.1784,en
7973,Caramel,2007,Drama|Comedy|Romance,6.907,247,1.0375,ar
18437,The Darwin Awards,2007,Adventure|Comedy|Romance,5.539,180,1.2193,en
25869,Salaam-e-Ishq,2007,Comedy|Drama|Romance,4.954,54,1.0469,hi
5338,Why Men Don't Listen and Women Can't Read Maps,2007,Comedy,4.5,27,1.2272,de
14159,Aaja Nachle,2007,Romance|Drama,6.556,45,1.1549,hi
49231,Afghan Knights,2007,Adventure|Horror|Drama,4.071,14,1.4535,en
4633,Cutlass,2007,Drama|Comedy,6.758,33,1.0751,en
24049,Sivaji: The Boss,2007,Action|Drama,7.098,143,0.862,ta
5595,Fermat's Room,2007,Mystery|Thriller,6.63,457,1.029,es
13611,Heckler,2007,Documentary|Comedy,5.9,56,1.005,en
15654,Kabluey,2007,Comedy|Drama,6.06,67,0.7852,en
68263,Shakugan no Shana: The Movie,2007,Animation|Fantasy|Action,7.6,32,0.985,ja
26114,Jesse Stone: Sea Change,2007,Drama|Crime|TV Movie|Thriller,6.986,109,1.0936,en
220733,Seventeen and Missing,2007,TV Movie|Mystery|Thriller,6.923,13,1.0463,en
15182,Just Buried,2007,Comedy|Drama|Horror,5.873,67,1.0478,en
24200,Fay Grim,2007,Action|Comedy|Thriller,5.601,84,0.9067,en
55914,Termination Point,2007,Action|Adventure|Science Fiction|Thriller|TV Movie,4.609,46,1.529,en
17320,The TV Set,2007,Comedy,6.043,92,1.08,en
14552,Have Dreams  Will Travel,2007,Drama|Romance,7.6,56,1.0351,en
33932,Shortcut to Happiness,2007,Fantasy|Comedy|Drama,5.6,190,1.1115,en
20415,Poena Is Koning,2007,Comedy,5.7,13,1.0199,af
3877,Things We Lost in the Fire,2007,Drama,6.636,390,1.0858,en
14165,Ta Ra Rum Pum,2007,Family|Comedy|Romance,6.247,87,1.0916,hi
113407,Bramadero,2007,Romance,4.795,22,0.9232,es
31031,The World Unseen,2007,Romance|Drama,7.0,103,1.0329,en
69335,Estômago: A Gastronomic Story,2007,Drama|Comedy|Mystery|Crime,7.88,296,1.0741,pt
40079,Tokyo Towers: Mom and Me  and Sometimes Dad,2007,Drama,6.9,17,0.9141,ja
10090,Reno 911!: Miami,2007,Action|Comedy|Crime,5.769,271,1.0971,en
153577,Yes! Precure 5: The Great Miracle Adventure in the Country of Mirrors,2007,Animation|Comedy|Fantasy|Action|Adventure|Family,6.318,10,0.9405,ja
14094,Christmas in Wonderland,2007,Comedy,5.4,90,0.874,en
18443,Decoys 2: Alien Seduction,2007,Horror|Science Fiction,5.162,74,1.3331,en
13358,A Dennis the Menace Christmas,2007,Comedy|Family|Fantasy,5.5,108,1.1712,en
17439,Diggers,2007,Comedy|Drama,6.01,51,1.0532,en
56295,Love of Siam,2007,Drama|Romance,7.312,77,1.1714,th
53529,Cover,2007,Crime|Drama|Mystery,5.0,15,0.9085,en
51520,Blind Mountain,2007,Drama|Crime,7.605,76,0.8652,zh
21784,Exte: Hair Extensions,2007,Comedy|Horror|Mystery|Thriller,5.9,123,0.9929,ja
79583,ShowBusiness: The Road to Broadway,2007,Documentary,7.214,14,0.8586,en
10914,All Hat,2007,Comedy|Drama|Western,3.1,13,1.6854,en
56329,The Detective,2007,Drama|Thriller|Crime|Mystery,6.43,71,0.8472,cn
13106,Dard Divorce,2007,Horror|Thriller|Crime,3.9,32,1.5746,en
19279,Alien Agent,2007,Action|Science Fiction,4.2,45,1.0025,en
24351,Flight of Fury,2007,Action,4.1,95,0.9352,en
16385,Pride,2007,Drama,6.662,71,1.0135,en
34985,Mataharis,2007,Comedy|Drama,5.1,20,2.1317,es
104176,Voice of a Murderer,2007,Thriller|Drama|Crime|Mystery,6.7,81,1.0949,ko
45835,The Dead One,2007,Horror|Thriller|Romance,5.1,30,2.1317,en
60086,Babysitter Wanted,2007,Horror|Thriller,5.472,199,0.8807,en
13177,Battle in Seattle,2007,Action|Drama,6.321,263,1.1039,en
15048,Beaufort,2007,History|Drama|War,6.3,48,0.826,he
15595,Careless,2007,Comedy|Mystery|Romance,5.65,12,0.8413,en
337550,Flatland,2007,Animation|Science Fiction,5.8,18,1.5929,en
4629,December Boys,2007,Drama|Romance,6.035,214,1.1126,en
30398,Being Michael Madsen,2007,Documentary|Comedy,5.8,11,1.0059,en
17106,Numb,2007,Comedy|Drama|Romance,5.853,119,0.8946,en
54074,Kitaro,2007,Fantasy|Action|Science Fiction,5.464,14,1.7682,ja
57203,Mega Snake,2007,Horror,2.8,20,1.8903,en
54462,For Those We Love,2007,War|Drama,6.2,10,1.0185,ja
55767,Our Town,2007,Crime|Drama|Mystery,5.6,23,0.974,ko
25434,The Home Song Stories,2007,Drama,6.136,11,1.9031,en
125239,A Tale of Mari and Three Puppies,2007,Drama|Family|Adventure,7.727,11,1.0697,ja
22672,Sharpshooter,2007,TV Movie|Action|Thriller,4.56,25,2.1597,en
33060,La Cucina,2007,Drama,4.0,14,1.7468,en
22551,Believers,2007,Horror|Thriller,4.561,41,1.5555,en
13067,In the Land of Women,2007,Romance|Comedy|Drama,5.879,529,1.072,en
14459,Storm Warning,2007,Horror|Thriller,5.503,168,0.9167,en
79983,Blood of My Blood,2007,Drama|Thriller,7.2,17,0.9899,es
17317,Urban Justice,2007,Crime|Action|Thriller,5.1,124,1.0994,en
13910,Death Defying Acts,2007,Drama|Romance,5.952,279,1.0579,en
16283,Saawariya,2007,Drama|Music|Romance|Family,5.549,92,1.197,hi
25647,Breath,2007,Crime|Drama,6.705,117,0.9555,ko
41547,Nobody,2007,Crime|Horror|Mystery|Science Fiction|Thriller,4.4,14,1.1958,en
3037,Yella,2007,Drama|Thriller|Horror,6.202,109,0.7815,de
8414,Interview,2007,Drama,6.366,175,1.067,en
31100,Hidden Camera,2007,Mystery|Thriller|TV Movie,6.2,10,1.039,en
13828,X-Cross,2007,Action|Horror,6.286,42,0.8723,ja
46645,Querô,2007,Drama|Crime,6.2,26,0.9841,pt
10520,Itty Bitty Titty Committee,2007,Comedy,5.528,53,1.0047,en
3361,Video Kings,2007,Comedy|Drama,5.85,10,1.8014,de
13158,Aqua Teen Hunger Force Colon Movie Film for Theaters,2007,Comedy|Action|Animation|Adventure|Fantasy|Science Fiction,6.474,136,0.9081,en
33510,Puffball,2007,Drama|Horror|Thriller,3.8,21,1.0469,en
193463,Until Things Get Better,2007,Drama,5.8,12,0.8404,ar
7343,City of Men,2007,Drama,7.047,297,0.9984,pt
83214,A Gentle Breeze in the Village,2007,Comedy|Drama|Romance,7.0,53,1.0903,ja
25795,Thieves,2007,Action|Adventure|Crime|Drama|Romance,5.6,25,1.2563,es
17334,The Other End of the Line,2007,Comedy|Romance,6.424,190,1.1421,en
28796,Yakuza: Like a Dragon,2007,Action|Crime|Drama|Comedy,6.604,72,0.8987,ja
90677,King Naresuan Part: 2,2007,History|Action|Drama|War,6.6,18,0.967,th
57148,Pur week-end,2007,Comedy,4.744,41,0.775,fr
13196,Then She Found Me,2007,Comedy|Drama|Romance,5.637,186,1.0873,en
29914,Randy & the Mob,2007,Action|Comedy,4.55,10,0.9414,en
60076,Girl 27,2007,Documentary,6.219,16,1.4288,en
46164,Retribution,2007,Thriller|Horror|Mystery,6.5,105,1.7584,ja
25727,Attack Girls' Swim Team Versus the Undead,2007,Horror|Action,4.808,37,0.7265,ja
13412,Walk All Over Me,2007,Crime|Drama|Thriller|Comedy,5.5,51,0.998,en
14236,Super High Me,2007,Documentary|Comedy,5.796,169,1.0345,en
53839,Brothers,2007,Drama|Crime,6.5,11,0.7848,cn
52463,The Longest Night in Shanghai,2007,Drama|Romance,6.2,11,0.8552,zh
1990,Paranoid Park,2007,Drama|Crime|Mystery,6.5,599,0.914,en
25072,Malos hábitos,2007,Drama,6.174,23,1.8995,es
212960,Cañitas,2007,Horror,5.226,31,0.9016,es
80863,Lupin the 3rd: The Elusiveness of the Fog,2007,Animation|Adventure|Crime|Comedy|TV Movie,7.1,27,1.0054,ja
8280,The Secret of the Grain,2007,Drama,7.019,243,1.2332,fr
8748,Eagle vs Shark,2007,Comedy|Romance,6.477,329,0.8315,en
8319,Chapter 27,2007,Drama|Crime,5.414,274,1.1114,en
178743,Underground Rendezvous,2007,Comedy,6.0,10,0.8699,ko
10247,He Was a Quiet Man,2007,Comedy|Drama|Romance,6.393,365,1.1153,en
1919,Away from Her,2007,Drama|Romance,7.025,241,0.8324,en
19213,Pledge This!,2007,Comedy,2.86,125,1.0574,en
21373,Descent,2007,Drama|Thriller,4.315,62,0.9661,en
4839,Love Life,2007,Drama|Romance,4.658,19,1.1023,de
64192,The Fever,2007,Drama,5.375,16,1.5854,en
14791,Two Worlds,2007,Comedy|Fantasy,5.094,128,1.1489,fr
25565,Transformers: Beginnings,2007,Animation|Action|Thriller|Science Fiction,6.9,281,1.1771,en
40009,Final Draft,2007,Horror|Thriller,3.5,12,1.9146,en
24822,Seven Days,2007,Crime|Thriller,6.697,61,0.7372,ko
49093,A Love,2007,Action|Drama,6.7,10,1.0491,ko
15568,Gracie,2007,Drama,6.198,96,0.9551,en
15166,The Gene Generation,2007,Action|Science Fiction,4.742,97,0.9946,en
50924,Oviedo Express,2007,Comedy|Romance,4.2,10,0.9553,es
463315,Chain Kulii Ki Main Kulii,2007,Comedy|Drama|Family|Fantasy,5.8,34,0.847,hi
100017,Punish Me,2007,Drama|Romance,4.729,24,1.0788,de
15289,Babylon 5: The Lost Tales - Voices in the Dark,2007,Action|Adventure|Science Fiction,6.439,122,1.0392,en
4658,Arctic Tale,2007,Documentary|Family,6.766,32,1.9251,en
6076,Rabbit Without Ears,2007,Drama|Comedy|Romance,6.115,406,0.8359,de
40123,Genius Party,2007,Animation|Science Fiction|Fantasy|Action|Drama|Comedy,6.5,59,1.0179,ja
32151,Triangle,2007,Thriller|Crime,6.578,64,0.9863,cn
17174,The Neighbor,2007,Comedy|Romance,5.2,28,0.7753,en
25758,Christmas Is Here Again,2007,Animation|Comedy|Family,4.3,11,0.8861,en
11693,Big Man Japan,2007,Action|Comedy|Science Fiction,6.026,97,0.8654,ja
13016,Zeitgeist: The Movie,2007,Documentary|History,6.951,536,0.907,en
14820,Music Within,2007,Comedy|Drama,6.444,72,2.0256,en
8268,Surviving with Wolves,2007,Drama,6.222,82,0.8854,fr
19126,Even Money,2007,Crime|Drama,5.532,78,0.8502,en
66733,Finding Rin Tin Tin,2007,Drama|Family,5.694,31,0.7574,en
13848,Stuck,2007,Crime|Thriller|Comedy|Drama,6.18,197,0.8913,en
49255,Annie Leibovitz: Life Through a Lens,2007,Documentary,7.7,23,0.8545,en
14606,The Baker,2007,Comedy|Crime|Thriller,6.407,86,0.878,en
13337,Broken English,2007,Comedy|Drama|Romance,5.9,76,0.8816,en
36178,Switching – Goodbye Me,2007,Fantasy|Comedy|Drama,6.5,11,0.9566,ja
47338,Detective Conan Drama Special 2: Confrontation With the Men in Black,2007,Mystery|Crime|TV Movie,7.3,18,0.8242,ja
84768,The Old Garden,2007,Drama|Romance,6.4,18,0.8517,ko
11600,Redacted,2007,War|Drama,6.019,185,1.0935,en
3984,Shelter Me,2007,Drama|Romance,4.7,17,1.5471,it
48017,The Poet,2007,Drama|War,5.357,35,2.0115,en
13564,Return to House on Haunted Hill,2007,Horror|Thriller,5.497,325,1.2049,en
55771,The Show Must Go On,2007,Action|Comedy|Crime,6.54,50,0.845,ko
13258,Son of Rambow,2007,Comedy,6.723,489,1.2569,en
22116,Naked Boys Singing!,2007,Comedy|Music|Romance,5.045,22,0.9106,en
33586,Heavy Petting,2007,Comedy|Romance,4.34,47,0.9914,en
7861,Outsourced,2007,Comedy|Drama|Romance,6.43,172,1.054,en
16460,Garfield Gets Real,2007,Family|Comedy|Animation,4.993,144,1.1894,en
14066,Romulus  My Father,2007,Drama,5.779,43,0.7651,en
45737,Sick Nurses,2007,Crime|Horror|Thriller,5.069,65,1.0839,th
107976,Black House,2007,Horror|Thriller,6.1,61,0.7585,ko
13650,Delirious,2007,Comedy|Drama|Romance,6.377,122,0.9413,en
24060,Darfur Now,2007,Crime|Documentary,6.1,10,0.6971,en
188226,GoGo Sentai Boukenger vs. Super Sentai,2007,Action|Adventure|Science Fiction,7.55,10,0.9227,ja
30778,I Am Omega,2007,Action|Horror|Science Fiction,3.7,74,0.8163,en
18467,Spiral,2007,Drama|Thriller|Horror,6.167,87,1.7915,en
567815,Piper,2007,Comedy|Music,4.0,16,0.7946,it
19418,Dhol,2007,Comedy,6.236,53,0.9525,hi
30771,Tyrannosaurus Azteca,2007,Adventure|Action,4.8,41,0.9217,en
13061,Your Friend the Rat,2007,Animation|Family|Comedy|Documentary,6.768,393,1.0918,en
34873,The Old Curiosity Shop,2007,Drama,5.0,13,0.776,en
53655,The Box,2007,Action|Thriller|Crime,5.1,17,0.712,en
24059,When A Man Falls In The Forest,2007,Drama,4.42,25,0.7346,en
101198,That Special Summer,2007,Drama,5.4,11,0.7306,sv
63636,Azhagiya Tamil Magan,2007,Action|Drama,5.359,32,0.9388,ta
13534,How to Rob a Bank,2007,Action|Comedy|Crime,5.817,134,0.9618,en
80650,My Sister  My Love,2007,Romance|Drama,5.7,26,1.0572,ja
13921,Special Escort,2007,Comedy,5.2,16,1.4957,de
14076,Shoot on Sight,2007,Crime|Thriller|Drama,6.2,26,0.722,en
13721,Half Past Dead 2,2007,Crime|Action,5.417,48,1.0122,en
22154,Mosaic,2007,Action|Animation|Fantasy,5.6,24,0.8503,en
13574,Year of the Dog,2007,Comedy|Drama|Romance,5.5,73,0.8998,en
41105,Kamen Rider: THE NEXT,2007,Action|Adventure|Science Fiction|Horror,7.0,15,0.8679,ja
39011,Welcome to the Quiet Room,2007,Comedy|Drama,6.7,25,0.8632,ja
59034,Lezioni di volo,2007,Drama|Comedy,6.265,17,0.6193,it
21138,The Sandlot: Heading Home,2007,Family,5.551,81,0.8739,en
58700,Yobi  The Five-Tailed Fox,2007,Animation|Family|Fantasy|Adventure|Drama|Science Fiction,6.542,60,0.8374,ko
80663,Holiday Switch,2007,Comedy|Fantasy|TV Movie,4.4,18,0.8843,en
54467,Indi,2007,Romance|Drama,5.273,11,0.9005,ru
86425,Hooked on You,2007,Drama|Comedy|Romance,5.8,17,0.6804,cn
20225,Black Belt,2007,Action|Drama,6.75,64,0.8458,ja
15053,Sex and Breakfast,2007,Comedy|Drama|Romance,5.3,59,0.888,en
20786,Broken,2007,Thriller|Drama,5.6,41,0.7021,en
53216,Validation,2007,Comedy|Romance,7.248,109,0.79,en
56996,Athidhi,2007,Action|Thriller,5.9,17,0.9031,te
30427,Glory to the Filmmaker!,2007,Drama|Comedy,6.3,58,0.9573,ja
13068,Rocket Science,2007,Comedy|Drama,6.2,198,0.724,en
14845,Gray Matters,2007,Comedy|Romance,5.775,129,1.0194,en
14054,Snow Angels,2007,Drama|Romance|Crime,6.5,163,1.0295,en
5956,Joshua,2007,Drama|Thriller|Horror,5.623,285,0.9003,en
140509,The Foreign Duck  the Native Duck and God in a Coin Locker,2007,Mystery|Comedy|Drama,6.8,20,0.729,ja
15361,Shanghai Kiss,2007,Comedy|Drama|Romance,6.007,74,0.9796,en
35112,Socket,2007,Drama|Romance|Science Fiction,3.737,19,0.7847,en
10432,Hack!,2007,Comedy|Horror,4.5,49,1.1151,en
11161,Grace Is Gone,2007,Drama,6.5,158,0.817,en
13968,Jump In!,2007,Drama|Comedy|Romance,6.38,418,0.9054,en
13501,The Good Night,2007,Comedy|Drama|Romance|Fantasy|Music,5.348,141,0.8155,en
69516,Polladhavan,2007,Action|Drama,7.2,27,0.9111,ta
29833,Brain Dead,2007,Horror,4.7,35,1.3499,en
17158,They Wait,2007,Horror|Mystery|Thriller,5.3,66,0.9383,en
20158,Ganes,2007,Drama|Music,5.4,23,0.8475,fi
21785,Body,2007,Horror|Mystery|Thriller,6.05,40,0.837,th
18514,Never Forever,2007,Drama|Romance,6.628,47,0.9773,ko
76272,Very Well  Thank You,2007,Comedy|Drama,5.9,26,0.8404,fr
22331,The Ten Commandments,2007,Animation|Drama|Family|Fantasy,5.6,42,0.6671,en
38181,The Go Master,2007,Drama,6.538,13,0.8569,zh
36640,One Last Dance,2007,Action|Comedy|Crime|Romance,5.625,16,0.7537,cn
1922,Irina Palm,2007,Drama,6.915,176,0.9588,en
57405,Omar & Salma,2007,Romance|Comedy,6.2,21,1.3492,ar
112403,Inseparable,2007,Drama,7.133,45,1.0315,en
46101,United Red Army,2007,Drama|Thriller|History,6.4,32,0.8439,ja
18586,The Hottest State,2007,Music|Drama|Romance,5.544,48,0.9717,en
45501,Forest of Death,2007,Horror,3.5,13,0.9282,cn
95910,Happiness,2007,Romance|Drama,6.9,31,0.978,ko
13983,Finishing the Game: The Search for a New Bruce Lee,2007,Comedy,4.9,26,0.9196,en
13059,The Signal,2007,Horror|Science Fiction|Thriller,5.9,332,0.7659,en
78386,Ten Nights of Dreams,2007,Fantasy|Horror,6.4,14,0.7849,ja
13074,Resurrecting the Champ,2007,Drama,6.312,268,0.7639,en
39903,Solstorm,2007,Thriller|Mystery,5.3,31,0.7353,sv
39178,Motives 2 : Retribution,2007,Drama|Thriller,6.067,15,1.0268,en
1244,Eight Miles High,2007,Music|Drama|Comedy,6.289,45,0.7053,de
52023,Succubus: Hell-Bent,2007,Horror|Thriller,4.3,29,0.768,en
13406,American Loser,2007,Drama|Comedy|Romance,5.221,52,0.7935,en
43405,Can’t Complain,2007,Comedy|Thriller|Mystery|Crime,7.2,39,0.8045,ar
163971,Cadaver,2007,Horror,5.3,20,0.7715,ko
27516,Paradise Murdered,2007,Thriller|Mystery,6.5,36,0.836,ko
45425,Blood Brothers,2007,Drama|Crime,5.3,28,0.8535,zh
15669,The Final Season,2007,Drama,5.379,33,0.7532,en
10071,The Brothers Solomon,2007,Comedy,5.0,147,0.8728,en
13726,A Secret,2007,Drama,6.461,155,1.2909,fr
16726,Muay Thai Chaiya,2007,Action|Thriller|Drama,6.2,20,0.8005,th
14414,Honeydripper,2007,Drama|Music,5.881,42,0.8352,en
279565,Sherlock Holmes and the Baker Street Irregulars,2007,Mystery|Crime|Drama,6.8,18,0.8427,en
15591,Black Swarm,2007,Horror|Action,4.19,42,0.9307,en
58057,Dear Friends,2007,Drama,6.0,21,0.7205,ja
86762,Abducted,2007,Drama|Action|Crime|TV Movie,5.9,17,0.8216,en
8141,You Kill Me,2007,Comedy|Crime|Thriller|Romance,6.13,304,0.8358,en
18040,Night Skies,2007,Drama|Horror|Mystery|Science Fiction|Thriller,5.221,68,0.7484,en
43565,Muoi: The Legend of a Portrait,2007,Drama|Horror|Mystery|Thriller,5.4,21,0.8805,ko
36185,Closed Note,2007,Romance|Drama,7.5,11,0.7985,ja
33817,Satanás - Profile of a Killer,2007,Crime|Drama|Thriller,7.098,46,0.7376,es
27698,Kisaragi,2007,Comedy|Mystery,6.944,36,0.7955,ja
20264,The Bodyguard 2,2007,Action|Comedy,5.705,39,0.8287,th
140241,Brando,2007,Documentary,6.8,12,0.7338,en
37434,Devil's Diary,2007,Drama|Horror|TV Movie,5.2,30,0.9196,en
13167,Mama's Boy,2007,Comedy|Drama|Romance,4.6,77,0.8417,en
15820,AFR,2007,Drama|Thriller,6.0,10,0.5063,da
34784,Grim Reaper,2007,Horror,2.6,10,1.9195,en
5718,King of California,2007,Comedy|Drama,6.429,385,0.7542,en
15964,The Christmas Miracle of Jonathan Toomey,2007,Family,5.8,39,0.9726,en
41044,I'm Reed Fish,2007,Comedy|Romance|Drama,5.577,78,0.7902,en
112021,Trivial Matters,2007,Comedy,5.9,17,0.7023,cn
2014,The Edge of Heaven,2007,Drama,7.241,359,0.9189,de
17181,Nanking,2007,Documentary|Drama|History,7.123,53,0.7233,en
1264,The Wild Soccer Bunch 4,2007,Comedy|Family|Adventure,5.235,83,0.8685,de
53463,Dreamland,2007,Science Fiction|Horror|Mystery,3.471,17,1.0165,en
213153,The Evil Twin,2007,Horror|Mystery,5.9,12,0.6111,ko
187591,666 (Beware the End Is at Hand),2007,Horror,3.9,10,0.7149,en
26641,Boystown,2007,Comedy,5.677,31,1.675,es
24499,Scar,2007,Crime|Horror|Thriller,4.3,76,0.6946,en
14898,Just Another Love Story,2007,Thriller|Crime|Drama,6.9,86,0.8569,da
14634,The Stone Angel,2007,Drama,5.4,34,0.828,en
22822,ReVamped,2007,Horror|Action|Thriller,3.9,15,1.8435,en
27605,The 13 Roses,2007,Drama,6.562,97,1.0382,es
17306,Ice Spiders,2007,Horror|Science Fiction|Action|Adventure|Comedy|TV Movie,4.119,80,0.7003,en
13723,Missionary Man,2007,Action|Adventure|Thriller,5.2,50,1.9668,en
13507,Intimate Enemies,2007,Drama|War|History,6.43,86,0.7424,fr
49885,Treasure Island,2007,Adventure|Comedy,4.351,77,0.7946,fr
35297,Daisy Diamond,2007,Drama,5.611,54,0.9018,da
314226,The Modifyers,2007,Action|Animation,7.5,11,0.8388,en
18726,Perfect Creature,2007,Action|Science Fiction|Drama|Fantasy|Horror,5.3,98,0.6258,en
17305,Billy & Mandy's Big Boogey Adventure,2007,Adventure|Comedy|Animation|TV Movie|Fantasy|Family,7.488,167,0.963,en
82406,Le Grand Chef,2007,Drama|Comedy,5.8,21,1.1401,ko
53086,Paragraph 78: Film One,2007,Thriller|Action|Science Fiction,5.176,74,0.6986,ru
44673,The Matrimony,2007,Drama|Horror|Thriller,5.8,11,0.7689,zh
21946,Counter Investigation,2007,Thriller,6.852,338,0.9934,fr
24220,California Dreamin',2007,Drama|Comedy,6.5,63,0.8342,ro
42663,The Cry,2007,Drama|Horror|Thriller,2.3,10,1.0633,en
1248,Hannibal Rising,2007,Crime|Thriller|Horror,6.272,2413,0.7755,en
12682,Brotherhood of Blood,2007,Horror|Thriller,3.643,28,0.6663,en
30319,Feel The Noise,2007,Romance|Drama|Music,4.655,58,0.813,en
4213,Counterparts,2007,Drama,5.8,13,1.9239,de
27826,Kinky Killers,2007,Horror|Thriller,2.769,13,0.883,en
25638,Laaga Chunari Mein Daag,2007,Drama|Romance,5.537,41,0.7962,hi
15888,Fishtales,2007,Fantasy|Drama|Comedy|Romance|Family,4.6,14,1.0164,en
14704,Donkey X,2007,Family|Adventure|Animation,5.5,80,0.7007,es
60129,Bratz: Fashion Pixiez,2007,Animation|Family|Fantasy,7.7,31,0.72,en
139396,Tomie vs Tomie,2007,Horror,4.6,23,1.1027,ja
18893,Joe Strummer: The Future Is Unwritten,2007,Music|Documentary,7.233,88,0.9432,en
319302,Right to Die,2007,Thriller|Horror|TV Movie,6.0,30,0.513,en
91923,Hybrid,2007,Fantasy|Horror|Thriller|Mystery|Action,4.2,18,0.8237,en
72219,And the Spring Comes,2007,Drama|Music,6.5,21,0.7868,zh
26990,The Perfect Holiday,2007,Comedy|Romance|Family,5.378,49,0.9159,en
40228,Miracle on 1st Street,2007,Comedy|Romance,6.5,18,0.7748,ko
15426,Unearthed,2007,Action|Adventure|Horror|Science Fiction|Thriller,4.2,80,0.7752,en
49282,Serene Hunter,2007,Drama|Comedy|Romance,4.4,11,0.7444,fr
16037,With Your Permission,2007,Comedy|Drama,5.6,11,0.8707,da
16205,Jack Brooks: Monster Slayer,2007,Horror|Action|Comedy,5.565,169,0.6795,en
42411,The Girl by the Lake,2007,Mystery|Thriller,6.366,183,0.632,it
27434,The Fifth Patient,2007,Drama|Action|Thriller|Mystery,6.286,14,0.6464,en
3071,Frankenstein,2007,Drama|TV Movie|Science Fiction,5.6,15,0.7665,en
1419,Vollidiot,2007,Comedy|Drama,4.601,69,0.8439,de
19587,The Education of Charlie Banks,2007,Drama|Thriller,5.9,80,0.7341,en
19029,When Nietzsche Wept,2007,Drama|Romance,6.1,77,0.7599,en
77043,Yamadonga,2007,Fantasy|Action|Comedy,6.2,30,0.9248,te
11798,This Is England,2007,Drama|Crime,7.467,1412,0.8006,en
15156,Illegal Tender,2007,Drama|Thriller|Crime,6.1,56,0.8432,en
14687,Eichmann,2007,History|Drama,6.0,99,0.753,en
4157,Heyy Babyy,2007,Comedy|Drama|Romance,5.893,117,0.975,hi
15006,Rails & Ties,2007,Drama,6.443,61,0.8304,en
61128,Shadows in the Palace,2007,Mystery|Drama|Thriller,6.9,18,0.7445,ko
21534,Iblard Time,2007,Animation|Fantasy|Adventure|Mystery,6.663,46,0.7689,ja
13998,Margot at the Wedding,2007,Comedy|Drama,5.811,318,0.885,en
803329,.hack//G.U. Returner,2007,Drama|TV Movie|Science Fiction,7.4,43,0.7443,ja
57306,Ambitious,2007,Romance|Comedy,4.8,24,1.5587,fr
164152,Dog in a Sidecar,2007,Drama,5.8,10,0.8035,ja
28995,Wild Chicks in Love,2007,Romance|Family|Comedy,6.5,62,0.7301,de
73576,Mermaid,2007,Comedy|Drama|Fantasy|Romance,6.6,77,0.7712,ru
29847,Playing Solo,2007,Comedy|Romance,4.7,14,1.8354,fi
58498,Big Bang,2007,Action|Comedy|Drama,6.5,16,0.6664,ko
6360,Actresses,2007,Comedy|Drama,5.0,33,0.7866,fr
1874,Goodbye Bafana,2007,History|Drama,6.9,161,0.9509,en
16545,I Vicerè,2007,Drama|History|Romance,6.097,36,0.6456,it
41281,Moondance Alexander,2007,Drama|Family,6.0,61,0.6936,en
74027,Still Small Voices,2007,Thriller|TV Movie|Mystery,6.2,12,0.6433,en
17725,Grow Your Own,2007,Comedy,6.5,15,0.7598,en
199229,Munna,2007,Action|Romance,4.6,20,0.7581,te
17137,What We Do Is Secret,2007,Drama|Music,5.161,28,0.7005,en
4832,The 11th Hour,2007,Documentary|Drama|Crime,6.735,98,0.7478,en
56247,Hwang Jin Yi,2007,Drama|Romance|History,6.5,18,0.6877,ko
53298,Kutsal Damacana,2007,Comedy|Horror|Fantasy,4.793,82,0.6522,tr
1912,Reclaim Your Brain,2007,Comedy|Drama,6.729,94,0.6989,de
29148,In Love with the Dead,2007,Drama|Horror,5.8,10,0.7636,cn
45791,And When Did You Last See Your Father?,2007,Drama,6.5,67,0.8797,en
73103,Dante's Inferno,2007,Animation|Comedy,6.389,27,0.6927,en
25656,Glasses,2007,Comedy|Drama,7.174,43,0.6864,ja
42302,Blood Monkey,2007,Action|Adventure|Horror,5.55,140,0.656,en
63840,Huddersfield,2007,Comedy|Drama,6.6,24,0.7748,sr
23816,Sands of Oblivion,2007,Action|Adventure|Fantasy|TV Movie,4.5,34,0.7481,en
18865,Crashing,2007,Comedy|Drama|Romance,4.967,15,0.7093,en
52592,Virgin Snow,2007,Romance,6.5,26,0.6426,ja
13687,I Want Candy,2007,Drama|Comedy,5.102,118,0.7155,en
37844,Call For Love,2007,Comedy,5.7,27,0.6626,zh
44443,Lynch (one),2007,Documentary,5.7,20,0.9579,en
15206,The Mother of Tears,2007,Horror,4.5,458,0.535,it
49289,Two Faces of My Girlfriend,2007,Comedy|Romance|Drama,6.6,21,0.7847,ko
75100,Attack on the Pin-Up Boys,2007,Comedy,5.6,19,0.7629,ko
4998,Import/Export,2007,Drama,6.852,122,0.7439,de
46116,Bratz: Super Babyz,2007,Animation|Family|Science Fiction,6.5,23,0.5785,en
31862,13 m²,2007,Drama|Crime|Thriller,5.0,20,0.5761,fr
77449,Epitaph,2007,Horror|Drama,6.5,35,0.7492,ko
36177,The Sword of Alexander,2007,Unknown,5.8,10,0.6974,ja
20063,Cash,2007,Thriller|Action|Drama,4.5,24,0.7348,en
53604,Spring 1941,2007,Drama|Romance|War,6.3,17,0.6718,en
14019,Ex Drummer,2007,Comedy|Crime|Drama|Thriller,6.812,239,0.8866,nl
9867,The Go-Getter,2007,Comedy,6.225,71,0.5878,en
92488,My Tutor Friend 2,2007,Comedy|Romance,6.0,20,0.7812,ko
2882,Hunting & Gathering,2007,Romance|Drama,6.525,445,0.8611,fr
56525,Revenge,2007,Action|Drama|Mystery,5.2,35,0.7008,ru
20742,Shootout at Lokhandwala,2007,Action|Crime|History,6.2,58,0.633,hi
275604,My Friends Tigger & Pooh: Super Sleuth Christmas Movie,2007,Animation|Family,6.1,21,0.6091,en
43088,Spider Lilies,2007,Drama|Romance,5.5,47,0.6367,zh
13710,The Merry Widow,2007,Comedy|Drama|Romance,4.895,86,0.8585,fr
20478,Normal Adolescent Behavior,2007,Romance|Drama,4.5,36,0.5899,en
60866,Naraka 19,2007,Thriller|Fantasy|Horror,4.0,10,0.7096,cn
25143,My Boy Jack,2007,Drama|History,6.6,78,0.6307,en
152201,Happy Birthday,2007,Romance|Drama,7.0,11,0.5633,cn
33789,Wasting Away,2007,Horror|Comedy,5.533,75,0.6694,en
25354,Gardener of Eden,2007,Comedy|Drama,5.21,31,0.7183,en
20351,Noise,2007,Crime|Drama|Thriller,6.0,41,0.6948,en
120730,Circle of Friends,2007,Drama|Mystery|Thriller|TV Movie,5.5,15,0.7178,en
64806,Something Beneath,2007,TV Movie|Horror|Science Fiction|Action,3.559,34,0.5932,en
319203,Dream Cruise,2007,Horror|TV Movie,4.8,29,1.5474,en
27765,Where God Left His Shoes,2007,Drama,6.8,23,0.6818,en
63101,Funuke: Show Some Love  You Losers!,2007,Drama,6.8,22,0.5466,ja
5724,Madonnas,2007,Drama,6.2,22,0.5885,de
17469,The Cradle,2007,Horror|Thriller,4.1,14,0.677,en
20163,Man's Job,2007,Drama,5.7,38,0.7376,fi
15930,Fighter,2007,Action|Drama|Romance,5.824,34,0.5385,da
13404,Big City,2007,Adventure|Family|Western,5.3,54,0.5188,fr
17954,Living & Dying,2007,Crime|Thriller,4.394,33,0.5326,en
30975,Love's Unending Legacy,2007,Drama|Romance|Western|Family|TV Movie,7.2,36,1.0733,en
73043,Kaidan,2007,Drama|Horror|Romance,6.6,36,0.6792,ja
128295,Star Wars: The Legacy Revealed,2007,Documentary,7.2,43,0.6798,en
20963,Elections Day,2007,Comedy,7.123,126,0.7216,ru
52061,Wide Awake,2007,Drama|Thriller|TV Movie,6.2,22,0.637,ko
48453,The Contestant,2007,Drama|Comedy|Thriller,5.833,45,0.7713,es
68663,Guilty Hearts,2007,Drama|Romance,5.8,16,1.5401,en
59918,The Second Wind,2007,Drama|Crime|Mystery|Thriller,6.0,44,0.5783,fr
2010,The Mourning Forest,2007,Drama,6.794,51,0.8359,ja
15425,Tooth and Nail,2007,Science Fiction|Horror,4.6,66,0.656,en
57126,The House,2007,Horror,6.1,10,0.5586,th
41141,The Border,2007,Drama|Romance|History,5.1,27,0.5912,fi
12172,Encounters at the End of the World,2007,Documentary,7.482,299,0.7182,en
94790,How to Become Myself,2007,Drama,5.375,12,0.8091,ja
44180,Monkey Magic,2007,Action|Comedy|Adventure|Fantasy,5.4,13,0.6885,ja
24446,Holiday in Handcuffs,2007,Comedy|Romance|Family|TV Movie,6.241,197,0.7815,en
72653,Grendel,2007,Fantasy|TV Movie,3.6,19,0.6142,en
333941,Erotic Seductions,2007,Drama|TV Movie|Romance,6.4,12,0.507,en
131922,Highway Star,2007,Music|Comedy,6.4,11,0.4593,ko
51137,Monica's Gang in an Adventure in Time,2007,Animation|Comedy|Adventure|Family|Science Fiction,7.6,84,0.7023,pt
58597,Le Premier Cri,2007,Documentary,6.1,14,0.6365,fr
54893,One Day Like Rain,2007,Drama|Science Fiction,4.3,10,0.6331,en
3562,Leroy,2007,Comedy|Drama,5.525,20,1.6119,de
16071,The Cake Eaters,2007,Drama|Romance,5.565,139,0.7845,en
39517,Clapham Junction,2007,Drama|TV Movie,6.5,46,0.7833,en
335209,Doctor Who: Voyage of the Damned,2007,Science Fiction|TV Movie|Mystery|Drama|Thriller,7.6,208,0.7984,en
27037,The ChubbChubbs Save Xmas,2007,Animation|Comedy|Family|Fantasy,6.026,19,0.5691,en
76974,Thaamirabharani,2007,Family|Drama|Action,5.5,11,0.8264,ta
24365,The Final Inquiry,2007,Drama|History,4.818,45,0.6287,it
81075,Lost and Found,2007,Crime,4.9,14,0.557,pt
40008,House of Mahjong,2007,Comedy,4.8,10,0.6604,cn
22373,Saturn in Opposition,2007,Drama,6.8,400,0.6124,it
13361,A Room with a View,2007,TV Movie|Drama|Romance,5.361,18,0.5223,en
60230,Trumbo,2007,Documentary|History,6.7,34,0.8357,en
18290,Arranged,2007,Drama|Comedy|Romance,6.2,35,0.5274,en
39023,Dead Time,2007,Crime|Horror|Mystery|Thriller,6.857,14,0.4873,id
114617,Custody,2007,Drama|TV Movie,5.5,10,0.6637,en
64264,Gloss,2007,Comedy|Drama,5.2,23,0.6404,ru
59127,Eye of the Beast,2007,Horror|Thriller|Mystery|TV Movie,5.0,43,0.6023,en
46855,A Life Interrupted,2007,Drama|History|TV Movie,5.6,13,0.528,en
60772,Sportkill,2007,Horror|Thriller,3.75,10,1.7238,en
377905,First Love,2007,Romance|Drama,4.8,11,0.6591,ja
13903,The Wizard of Gore,2007,Mystery|Horror,4.731,65,0.5544,en
59557,Marco Polo,2007,Adventure|Drama|TV Movie|History,6.3,26,0.9216,en
52623,Missing Persons Unit,2007,Crime|Drama|Thriller,4.906,16,1.4447,nl
42754,Three Can Play That Game,2007,Comedy|Romance,3.857,14,0.5311,en
14118,Dedication,2007,Comedy|Drama|Romance,6.375,108,0.546,en
1845,2 Days in Paris,2007,Comedy|Romance,6.253,423,0.9861,en
193278,Texture of Skin,2007,Drama|Romance,4.9,11,0.5695,ko
112411,A Lost Man,2007,Drama,4.1,11,0.4793,fr
13958,The King of Kong: A Fistful of Quarters,2007,Documentary,7.727,496,0.591,en
84504,Chirutha,2007,Action|Romance|Drama,4.7,20,0.6909,te
9898,The Killing Floor,2007,Crime|Thriller|Horror,5.271,48,0.6696,en
52384,Bullet and Brain,2007,Action|Comedy|Crime,4.6,15,0.6316,cn
28467,Detective Story,2007,Horror,5.9,21,0.6488,ja
619105,Swingers Sex Party,2007,Drama|TV Movie,5.6,13,0.6642,en
34707,Darling,2007,Drama|Horror|Romance,3.692,13,1.5164,hi
13348,Helvetica,2007,Documentary,7.162,179,0.626,en
25004,Black Ice,2007,Drama|Thriller,5.163,40,0.5768,fi
57655,Spin,2007,Comedy|Drama|Romance,5.12,25,0.6036,en
58831,The Prince and the Pauper: The Movie,2007,Comedy|Drama|Family,5.6,89,0.651,en
79909,Schoolboy Crush,2007,Drama,5.235,17,0.5404,ja
16204,The Girl in the Park,2007,Drama,6.024,82,0.8221,en
44814,Maiko Haaaan!!!,2007,Comedy,6.5,14,0.6436,ja
113432,Wrestling,2007,Drama|Family,4.2,11,0.6129,is
92513,Master KIMs,2007,Comedy|Action,5.8,17,0.8792,ko
60671,Savage Planet,2007,Science Fiction|Action|Adventure|Horror,3.235,17,0.727,en
52897,Namibia: The Struggle for Liberation,2007,Drama|History|War,5.95,10,0.5322,en
13072,Brooklyn Rules,2007,Drama|Action|Thriller,5.787,75,0.5906,en
286570,Train of the Dead,2007,Horror|Crime|Thriller|Mystery,4.3,12,0.43,th
62527,Johnny Kapahala: Back on Board,2007,Family|Comedy|Drama|TV Movie,6.0,101,0.6616,en
9789,My Brother Is an Only Child,2007,Comedy|Drama|History,6.724,415,0.9713,it
165188,Vacation,2007,Drama,6.4,12,1.7982,de
99751,The Matsugane Potshot Affair,2007,Comedy|Crime,5.0,11,0.8221,ja
17156,The Anna Nicole Smith Story,2007,Drama,3.5,18,0.4999,en
43044,Sparkle,2007,Comedy|Romance,5.7,17,0.7403,en
13251,The Walker,2007,Crime|Mystery|Drama,5.255,106,0.6003,en
113997,Say Hello for Me,2007,Romance,6.5,16,0.7085,ja
28205,The Class,2007,Drama,7.456,248,0.5802,et
55753,Beautiful Sunday,2007,Thriller|Drama,5.3,15,0.5477,ko
234828,Arabikkatha,2007,Drama,7.6,20,0.601,ml
30680,On the Doll,2007,Crime|Drama|Thriller,5.057,44,0.6938,en
26836,The Fourth Man,2007,Mystery|Action|Thriller,6.2,29,0.4884,sr
14531,The Mark of Cain,2007,Drama|War,5.2,37,0.6223,en
13959,Call Girl,2007,Crime|Drama|Thriller,5.7,25,0.6301,pt
26595,.hack//G.U. Trilogy,2007,Animation|Action|Adventure|Mystery,5.7,18,0.7298,ja
2002,The Last Mistress,2007,Drama|Romance,5.8,73,0.7017,fr
135641,The Perfect Couple,2007,Comedy|Romance,5.6,11,0.5228,ko
43530,Point of Entry,2007,Thriller|Crime|TV Movie,4.75,14,0.5202,en
43585,Headless Horseman,2007,Horror,4.7,28,1.0132,en
131921,My 11th Mother,2007,Drama,7.0,12,0.5596,ko
16322,Sea Monsters: A Prehistoric Adventure,2007,Documentary,6.6,24,0.4873,en
65658,Towards Darkness,2007,Thriller,4.9,10,0.5288,es
18035,Moving McAllister,2007,Comedy|Romance,5.064,58,0.5324,en
46914,Pleasure Factory,2007,Drama|Romance,4.3,15,0.5045,cn
109507,Project Makeover,2007,Comedy|Romance,7.1,10,0.6012,ko
99896,The Custodian,2007,Drama,6.5,23,1.6365,es
30805,Maldeamores,2007,Comedy|Drama|Romance,6.9,12,1.7403,es
30527,Shake Hands with the Devil,2007,Drama|History,7.21,69,0.5606,en
14127,Cherry Crush,2007,Crime|Drama|Mystery|Thriller,4.672,32,0.7387,en
64197,Travelling with Pets,2007,Romance|Drama,5.7,12,0.6404,ru
21959,Mushi-Shi: The Movie,2007,Fantasy,6.136,44,0.7835,ja
56192,Trail of the Screaming Forehead,2007,Comedy|Science Fiction,5.0,19,0.592,en
47963,Fanny Hill,2007,Drama,5.857,28,0.7441,en
69634,Vel,2007,Action|Drama,6.259,29,0.6327,ta
24173,Days of Darkness,2007,Comedy|Drama|Fantasy,6.425,75,0.6135,fr
18820,I Really Hate My Job,2007,Comedy|Drama,4.0,26,0.6829,en
19967,The Apocalypse,2007,Action|Science Fiction,3.6,20,1.6995,en
13071,Black Irish,2007,Drama,6.629,31,0.5172,en
130983,Britz,2007,Drama,8.0,12,0.5012,en
18598,Her Best Move,2007,Comedy|Drama|Family,5.0,32,0.6583,en
21074,Brick Lane,2007,Drama,5.488,43,0.5411,en
16020,Day Zero,2007,Drama,4.9,67,0.7261,en
48185,Beyond the Sky,2007,Drama|Thriller,6.948,67,0.6161,es
17495,Whatever Lola wants,2007,Drama,6.3,29,0.6429,en
45312,UNFAIR: the movie,2007,Action|Thriller|Mystery,5.7,10,0.6258,ja
26765,Mr. Warmth: The Don Rickles Project,2007,Documentary|Comedy,6.8,23,0.6986,en
23767,Billa,2007,Action|Thriller,6.698,63,0.636,ta
151182,The Girl from B.I.K.I.N.I.,2007,Comedy,4.2,10,0.4989,en
6122,Kings of South Beach,2007,TV Movie|Drama|Crime,4.9,21,0.6235,en
52424,Femme Fatal,2007,Comedy|Crime,6.1,11,0.6368,ko
34216,The Drummer,2007,Drama|Action,6.2,20,0.5862,zh
63374,Avenging Angel,2007,Drama|Action|Western|Thriller|TV Movie,4.556,18,0.593,en
15865,The Zone,2007,Thriller|Drama,6.329,123,0.539,es
43069,Bratz Kidz: Sleep-Over Adventure,2007,Animation|Family,6.6,29,0.5023,en
27046,The Irony of Fate: Continuation,2007,Comedy|Romance,4.8,96,0.5667,ru
5259,The Band's Visit,2007,Comedy|Drama,7.049,173,0.71,he
4243,The Heart Is a Dark Forest,2007,Drama,5.5,13,0.5627,de
21012,Americanizing Shelley,2007,Comedy|Romance,3.917,12,0.5772,en
5817,You  the Living,2007,Drama|Comedy|Music,7.129,260,0.6188,sv
14111,Battle for Haditha,2007,Action|Adventure|Drama|History|War,6.187,131,0.6575,en
42624,Mirush,2007,Drama|Crime,6.5,10,0.5967,no
10251,5ive Girls,2007,Horror|Thriller,5.482,109,0.5575,en
74294,The Ballroom,2007,Drama|Romance|Music,6.0,12,0.5298,pt
8557,True North,2007,Drama,6.667,15,1.6695,en
27379,The Apocalypse Code,2007,Action|Adventure|Thriller,4.798,52,0.6282,ru
8343,Badland,2007,Drama,6.429,14,0.6071,en
46219,Noah's Ark,2007,Animation|Adventure|Family,4.908,38,0.6694,es
52074,A Dream House Nightmare,2007,Comedy,4.5,10,0.8635,it
51501,Stripper Academy,2007,Comedy,3.0,16,0.6103,en
30390,Safe Harbour,2007,Drama|Romance,4.9,10,0.6173,en
14600,The List,2007,Comedy|Thriller|Mystery|Romance,3.522,23,0.5856,en
16177,Killer Babes,2007,Comedy,5.5,29,0.6864,nl
126658,Four Sheets to the Wind,2007,Romance|Drama,4.7,10,0.5476,en
4290,Supergator,2007,Horror,5.2,34,0.535,en
47575,Recovery,2007,TV Movie|Drama,6.4,21,0.6383,en
2012,Silent Light,2007,Drama|Romance,6.823,124,0.5601,es
70024,Bats: Human Harvest,2007,Horror,4.707,46,0.7457,en
436511,Top Gear: Polar Special,2007,Documentary|Comedy,8.5,27,0.4288,en
406878,Morgan Ahmed Morgan,2007,Comedy|Drama,6.8,33,0.6895,ar
31444,Trick or Treaters,2007,Animation|Fantasy|Family,6.963,54,0.5023,de
39286,Four Last Songs,2007,Comedy|Drama|Music|Romance,5.429,14,0.5409,en
52445,Soo,2007,Action|Drama|Thriller,6.5,34,0.5682,ko
27137,Sybil,2007,Drama|TV Movie,6.556,62,0.7533,en
194446,Learners,2007,Comedy|Drama,6.0,17,0.4525,en
97878,Christmas at the Riviera,2007,Comedy|Family,4.2,11,0.6786,en
43640,Musallat,2007,Horror,5.441,34,0.6341,tr
49857,Love's Unfolding Dream,2007,Drama|Romance|Western|Family|TV Movie,7.0,39,0.8893,en
77523,Nuclear Hurricane,2007,Action|Science Fiction|Thriller|TV Movie,4.0,22,1.0782,en
38000,Rainbow Eyes,2007,Thriller|Crime|Mystery,6.1,27,0.6548,ko
52256,1612: Chronicles of the Dark Time,2007,History|Drama,5.0,52,0.5143,ru
155895,Tokyo Serendipity,2007,Romance|Drama,5.9,11,0.6258,ja
148077,The Matriarch,2007,Comedy|Drama,6.4,14,0.5715,fi
49322,1944 The Final Defence,2007,War|Drama|History,5.953,32,0.5358,fi
26637,Genghis Khan: To the Ends of the Earth And Sea,2007,History|Adventure,5.7,16,0.6596,ja
15020,Poor Boy's Game,2007,Drama,5.5,25,0.69,en
169497,Fake Blonde,2007,Comedy|Drama,6.1,24,0.5958,pt
43653,The Living Wake,2007,Comedy,4.9,10,0.5177,en
53504,Wish Gone Amiss,2007,Comedy|Drama|Family,7.9,11,0.4514,en
10078,Magicians,2007,Comedy,5.893,75,0.6506,en
50136,Transmutators,2007,Action|Science Fiction,3.583,12,0.5296,tl
23717,Khuda Kay Liye,2007,Drama,6.5,33,0.5481,ur
197857,Christmas in Paradise,2007,Comedy|Drama|TV Movie,5.5,11,0.4544,en
35040,Croc,2007,Horror|Action|TV Movie,4.395,57,0.7189,en
141637,The Staircase Murders,2007,Crime|Mystery|TV Movie,4.6,12,0.5657,en
35827,Dinosaurs Alive,2007,Documentary,5.4,19,0.5385,en
20129,Johnny Gaddaar,2007,Crime|Drama|Thriller,6.841,66,0.5728,hi
62962,Supercroc,2007,Horror|Action|Adventure|Science Fiction,3.2,28,0.5234,en
18848,The Inner Life of Martin Frost,2007,Drama|Romance,4.528,18,0.5234,en
28111,Home Sick,2007,Horror,3.842,19,1.5675,en
24050,The Good Life,2007,Drama|Comedy,6.5,36,0.5688,en
54309,The Night Before the Exams Today,2007,Comedy,5.468,693,0.6484,it
69598,Paruthiveeran,2007,Drama|Romance|Action,6.661,31,0.6446,ta
54326,Help Me  Eros,2007,Drama,5.7,25,0.446,zh
6936,Ben X,2007,Drama,6.952,331,0.5394,nl
25482,Lolita's Club,2007,Drama,5.3,31,0.5943,es
30641,Grizzly Rage,2007,Thriller|Horror|TV Movie|Action|Adventure,4.156,45,0.6436,en
26700,Nocturna,2007,Animation|Family,7.1,93,0.6945,en
13336,Chrysalis,2007,Action|Thriller|Crime|Science Fiction,5.27,89,0.6902,fr
35979,Pumpkinhead: Blood Feud,2007,Horror|Fantasy|TV Movie,5.623,110,0.6813,en
280586,Lost Kubrick: The Unfinished Films of Stanley Kubrick,2007,Documentary,6.9,16,0.5719,en
16128,Fist of the Warrior,2007,Action|Crime|Drama|Thriller,4.2,16,0.572,en
56809,Coming Down the Mountain,2007,Drama|TV Movie,5.4,11,0.4826,en
21833,Body Armour,2007,Action|Thriller,5.2,22,0.6097,en
14162,Jhoom Barabar Jhoom,2007,Drama|Romance,4.029,34,0.5207,hi
37122,Last Stand of the 300,2007,Documentary|History|War,6.7,15,0.5943,en
14877,September Dawn,2007,Drama|History|Western,5.33,50,1.5714,en
165957,Only You Can Hear Me,2007,Romance|Drama,6.471,17,0.5653,ja
43713,Nightmare Detective,2007,Thriller|Horror|Crime|Mystery,6.0,82,0.7834,ja
52214,A Beautiful Wife,2007,Comedy|Romance,5.735,485,0.4874,it
21486,A Four Letter Word,2007,Comedy|Romance,4.3,22,0.5668,en
233885,We All Scream for Ice Cream,2007,Horror|TV Movie,4.9,49,0.4573,en
25055,Transmorphers,2007,Science Fiction|Action|Adventure,2.916,77,0.6441,en
51593,Christmas Caper,2007,Comedy|Drama|Family|TV Movie,5.6,35,0.621,en
16178,The Riddle,2007,Thriller|Mystery|Drama,4.8,23,1.5633,en
53673,Céline Dion - A New Day… - Live in Las Vegas,2007,Music,7.932,22,0.5997,en
18547,The Ferryman,2007,Horror|Thriller|Fantasy,4.6,40,0.5965,en
18397,Fall Down Dead,2007,Horror|Thriller,4.0,31,0.5946,en
16208,Dead Mary,2007,Horror,4.5,57,0.5171,en
56979,A Dinner for Them to Meet,2007,Drama|Comedy,5.912,57,0.5673,it
15986,Provoked: A True Story,2007,Drama,6.913,23,0.5275,en
16240,Breakfast with Scot,2007,Comedy|Drama,6.2,50,0.4721,en
13170,The Boys & Girls Guide to Getting Down,2007,Comedy,5.846,26,0.4834,en
258770,In the Heliopolis Flat,2007,Romance|Drama,6.9,22,0.5374,ar
13280,Kickin' It Old Skool,2007,Comedy,4.8,99,0.5299,en
14014,The Hammer,2007,Comedy,6.2,54,0.463,en
17997,Attack of the Gryphon,2007,Adventure|Fantasy|Action|Science Fiction,4.326,23,0.4939,en
74727,Long Pigs,2007,Crime|Horror,5.2,27,0.5712,en
221708,Les pel·lícules del meu pare,2007,Drama,3.5,10,0.4386,ca
451172,Ilya Muromets and Sparrow the Robber,2007,Comedy|Animation|Adventure|Family,6.814,86,0.5244,ru
173483,Maria Montessori: una vita per i bambini,2007,Drama,6.8,65,0.6134,it
10256,Metamorphosis,2007,Drama|Fantasy|Horror,4.655,29,0.5278,en
72286,The Story of Richard O,2007,Drama,4.1,32,0.5857,fr
66616,Bottom Feeder,2007,Science Fiction|Horror,4.538,26,0.4958,en
72140,A Grandpa for Christmas,2007,Drama|TV Movie|Comedy,6.519,26,0.4045,en
7992,It's a Free World...,2007,Drama,6.5,126,0.6143,en
32150,Undercover,2007,Crime|Thriller|Action,6.8,20,0.5361,cn
15010,West,2007,Drama,4.3,12,0.4501,en
361472,The Grim Adventures of the Kids Next Door,2007,Adventure|Comedy|Animation|TV Movie|Action|Family|Fantasy|Horror|Science Fiction,7.2,58,0.6318,en
14210,Nightmare City 2035,2007,Science Fiction,4.1,18,0.4136,en
62652,Bamako,2007,Drama,7.034,44,0.6005,fr
270114,Beck 20 - The Lawyer,2007,Drama|Crime|Mystery|Thriller,5.9,28,0.4036,sv
52764,Sugarhouse,2007,Drama|Thriller,5.4,21,0.4418,en
49708,The Key,2007,Thriller,5.3,27,0.461,fr
400945,Day 73 with Sarah,2007,Comedy|Drama,6.7,10,0.5104,en
28344,Bloody Mary,2007,Horror,3.5,34,0.6227,en
88621,Dreams of the Reckless Boy,2007,Drama|Comedy|Family,5.2,14,0.4823,ar
14649,Have Mercy on Us All,2007,Thriller|Crime|Drama,5.946,83,0.4684,fr
25533,Undead or Alive: A Zombedy,2007,Horror|Western|Comedy,5.356,45,0.542,en
60785,Exodus,2007,Comedy|Crime|Drama,5.8,20,0.5375,cn
19203,Graduation,2007,Comedy|Crime|Drama,5.786,42,1.4142,en
51847,Primo Basílio,2007,Romance|Drama,5.2,16,0.3969,pt
76621,Southern Gothic,2007,Horror|Fantasy|Mystery,3.8,14,0.6029,en
14793,Heima,2007,Documentary|Music,7.687,91,0.501,is
5592,A Girl Cut in Two,2007,Comedy|Drama|Thriller,6.0,84,0.6407,fr
14448,Love Songs,2007,Drama|Romance,6.93,265,0.551,fr
19147,The Man Who Challenged the Devil,2007,Comedy|Drama|Fantasy|Horror,6.9,87,0.6079,pt
42901,In the Spider's Web,2007,Action|Horror|Science Fiction|TV Movie,4.556,45,0.4897,en
13516,Slacker Uprising,2007,Documentary,5.321,42,0.4963,en
21671,The Comedians of Comedy: Live at The Troubadour,2007,Comedy|Documentary,7.1,14,0.4952,en
223356,Doctor Who: The Infinite Quest,2007,Science Fiction|Animation|TV Movie,6.6,33,0.4826,en
27359,Brand Upon the Brain!,2007,Drama|Mystery,6.6,65,0.728,en
15380,Weapons,2007,Crime|Drama,4.571,21,0.6152,en
52685,Chill,2007,Horror,2.9,19,0.4414,en
55825,Spider,2007,Drama|Comedy,6.466,133,0.5013,en
51782,The Hitchhiker,2007,Horror|Thriller,4.7,28,1.5501,en
71349,Waiting for a Miracle,2007,Romance|Comedy,5.5,11,0.5159,ru
21508,Stranded: I've Come from a Plane That Crashed on the Mountains,2007,Documentary|History,8.1,31,0.4898,es
19844,Kiss the Bride,2007,Drama|Comedy|Romance,4.9,39,0.5019,en
44588,Hellphone,2007,Fantasy|Comedy|Mystery|Horror,4.7,117,0.4979,fr
51428,Suffering Man's Charity,2007,Comedy|Horror,4.8,20,0.5745,en
24632,The Mad,2007,Horror|Comedy|Thriller,5.4,54,0.4189,en
28161,Rapturious,2007,Horror,3.9,15,0.5718,en
14440,The Tattooist,2007,Horror|Thriller,5.1,61,0.5797,en
21231,Katt Williams: American Hustle,2007,Comedy,6.9,19,0.5577,en
463708,Billy & Mandy: Wrath of the Spider Queen,2007,Animation|Comedy|Horror|Fantasy|TV Movie|Adventure,8.3,33,0.5226,en
151351,Mayavi,2007,Action|Comedy|Thriller,6.2,17,0.6505,ml
97797,Dead Daughters,2007,Drama|Horror,4.174,23,0.4455,ru
453543,Sexo en el plató,2007,Documentary|TV Movie,5.8,18,0.5448,es
15661,Noise,2007,Comedy|Drama|Thriller,5.817,82,0.5874,en
122611,The Postmodern Life of My Aunt,2007,Romance|Comedy|Drama,5.571,14,0.4975,zh
27436,Demon Warriors,2007,Action|Fantasy|Thriller,5.6,20,0.5706,th
60101,The Candidate,2007,Drama,5.442,26,0.5422,en
24810,Nora Roberts' Carolina Moon,2007,TV Movie|Crime,5.7,39,0.6235,en
58476,The Island,2007,Action|Drama,7.238,40,0.4984,ar
46379,The Blue Umbrella,2007,Drama|Family,6.646,24,0.4631,hi
43741,Joe's Palace,2007,Drama,5.9,17,0.5157,en
60049,Come tu mi vuoi,2007,Comedy|Romance,5.811,581,0.4824,it
18902,Zoo,2007,Documentary,4.7,64,0.4797,en
27353,Shredderman Rules,2007,Action|Adventure|Comedy|Family|TV Movie,5.4,26,1.0847,en
15046,7-10 Split,2007,Comedy|Drama,3.9,13,0.5405,en
117058,Desamuduru,2007,Action|Romance,5.3,24,0.4272,te
17342,Night Train,2007,Drama,6.7,12,0.4428,zh
8933,O'Horten,2007,Drama|Comedy,6.394,53,0.5279,no
193261,Ali Baba and the 40 thieves,2007,Adventure|Action|Drama|TV Movie,5.4,77,0.5392,fr
80826,Aadavari Matalaku Ardhalu Verule,2007,Romance|Family|Comedy|Drama,6.8,20,0.5223,te
12791,End of the Line,2007,Horror|Thriller,5.9,127,0.5837,en
71277,The Night Buffalo,2007,Drama,4.591,22,0.5522,es
27896,Planet Raptor,2007,Science Fiction|Action,4.3,12,0.5096,en
49162,Alice Upside Down,2007,Comedy|Drama|Family|Romance,5.67,60,0.5472,en
35881,One More Chance,2007,Drama|Romance,6.7,17,0.5548,tl
25165,Skid Marks,2007,Comedy,4.3,13,1.4423,en
48175,7 and 8,2007,Comedy,6.763,697,0.3307,it
14949,Crossed Tracks,2007,Drama|Thriller,6.6,54,0.4744,fr
204477,Daphne,2007,Romance|TV Movie|Drama,5.8,23,0.5176,en
27774,Splatter Beach,2007,Horror|Comedy,3.4,14,1.2149,en
19551,Shadow Puppets,2007,Horror,4.985,66,0.5042,en
132426,Capturing Mary,2007,TV Movie|Drama,6.3,31,0.5459,en
12823,Days and Clouds,2007,Drama|Romance|Comedy,6.743,70,0.4369,it
77466,I Me Wed,2007,Romance|Comedy,5.0,10,0.483,en
4352,The Trap,2007,Crime|Drama|Thriller,7.395,81,0.3076,sr
173928,The Mystery of Sintra,2007,Mystery,5.4,11,0.4001,pt
149043,St. Giuseppe Moscati: Doctor to the Poor,2007,Drama|History|TV Movie,7.922,32,0.5519,it
55703,Pictures of Hollis Woods,2007,TV Movie|Drama,6.6,22,0.4047,en
12198,Flight of the Red Balloon,2007,Family|Drama,6.258,60,0.5632,fr
74936,THE BEATLES in HELP!,2007,Documentary,6.5,18,0.5738,en
36926,Ghosts of Abu Ghraib,2007,Documentary,7.2,20,0.4688,en
54267,Pars: Operation Cherry,2007,Action|Crime|Drama,4.7,15,0.4487,tr
149753,The Story of Stuff,2007,Animation|Documentary,7.7,18,0.4713,en
51844,After Him,2007,Drama,4.682,22,0.5508,fr
37285,Wonderful Town,2007,Drama|Romance,6.1,23,0.5386,th
70665,Flatland,2007,Animation|Science Fiction,6.0,26,0.4847,en
49389,It Had to be You,2007,Comedy,5.6,20,0.4263,fr
41549,M,2007,Drama|Thriller|Crime|Mystery|Romance,5.8,20,0.5275,ko
23764,Toyland,2007,Drama|War,7.185,73,0.4803,de
16049,Amazon Jack,2007,Animation|Comedy|Family,5.5,10,0.4956,da
386610,Full Metal Jacket: Between Good and Evil,2007,Documentary,4.3,27,0.4631,en
50834,Rooster's Breakfast,2007,Drama|Romance|Comedy|Music,6.8,16,0.3847,sl
16143,Nitro,2007,Action,5.5,33,0.416,fr
46329,Illegal Aliens,2007,Comedy|Science Fiction,4.2,19,1.6576,en
4171,Odette Toulemonde,2007,Comedy|Drama,5.676,142,0.5829,fr
514025,Karkar,2007,Comedy|Drama|Family,4.7,12,0.641,ar
34734,Stir of Echoes: The Homecoming,2007,Horror|Thriller,5.0,72,0.4509,en
4996,Afternoon,2007,Drama,6.3,12,0.5526,de
60869,Roxy Hunter and the Mystery of the Moody Ghost,2007,TV Movie|Family|Mystery,6.0,13,0.8671,en
37709,Mirageman,2007,Action|Adventure|Science Fiction,5.318,33,0.4286,es
96287,Déficit,2007,Drama,5.1,13,1.0251,es
87847,Country Remedy,2007,Drama|Family,5.909,11,1.4317,en
47547,Bangkok Love Story,2007,Drama|Action|Romance,5.2,20,0.4794,th
13076,Starting Out in the Evening,2007,Drama,6.7,36,0.5957,en
80799,All Is Forgiven,2007,Drama|Family,6.5,31,0.459,fr
29232,Methodic,2007,Drama|Horror,4.1,14,0.5324,en
68965,Blind Trust,2007,Crime|Thriller|TV Movie,6.1,31,0.4273,en
17153,Botched,2007,Comedy|Crime|Horror|Thriller,5.57,129,0.4086,en
13732,The Red Inn,2007,Comedy,5.4,122,0.5085,fr
86366,Forbidden Secrets,2007,Drama|Mystery|Thriller|TV Movie,3.846,13,0.4341,en
36213,Reign of the Gargoyles,2007,Action|Adventure|Fantasy,5.9,17,0.5014,en
46847,Autumn Ball,2007,Drama,5.4,31,0.3951,et
19798,The Sovereign's Servant,2007,Action|Adventure|History,4.6,29,0.492,ru
51889,Greetings from the Shore,2007,Comedy|Drama|Romance,6.1,14,0.4948,en
18653,Beyoncé: The Experience Live,2007,Music,7.5,22,0.3707,en
146210,The Lost Tomb Of Jesus,2007,Documentary,6.2,12,0.4121,en
85330,Out at the Wedding,2007,Romance,5.045,22,0.4543,en
6391,Jellyfish,2007,Drama|Romance,6.967,45,0.3299,he
14251,Weirdsville,2007,Drama|Action|Comedy,6.0,66,0.3671,en
469789,Taimour & Shafi'aa,2007,Action|Romance|Comedy,6.2,29,0.756,ar
79634,Big B,2007,Action|Thriller,7.2,27,0.5421,ml
27721,At the Bar,2007,Crime|Drama|Thriller,6.371,101,0.4662,tr
4436,Military Academy,2007,Comedy,5.955,55,0.325,de
300415,The Ghost,2007,Action|Drama,7.2,26,0.496,ar
18096,The Gray Man,2007,Crime|Drama|Thriller|Horror,5.897,34,0.5578,en
64393,Hard-Hearted,2007,Crime|Drama,4.8,14,0.5344,ru
12555,I Served the King of England,2007,Comedy,6.822,115,0.488,cs
76438,Racketeer,2007,Crime|Drama|Action,7.4,14,0.4321,ru
28871,How About You...,2007,Comedy|Drama,6.264,36,0.4244,en
515056,Afro Samurai Pilot,2007,Action|Animation|Music,7.5,15,0.5092,ja
145587,Welcome,2007,Horror,6.0,10,0.4624,en
20341,Mrs. Ratcliffe's Revolution,2007,Comedy|Drama|History,6.7,11,0.3923,en
63110,Casual Day,2007,Drama,5.455,11,0.3461,es
24874,Dark Mirror,2007,Horror|Thriller,5.11,41,0.395,en
17141,Blood Car,2007,Comedy|Horror,4.9,73,0.4571,en
37685,Taking 5,2007,Comedy|Family,6.115,26,0.5505,en
19675,Pretty Cool Too,2007,Comedy,3.65,20,0.3588,en
18033,Nora Roberts' Montana Sky,2007,Drama|Romance|TV Movie,6.0,56,0.5067,en
14468,Ek Chalis Ki Last Local,2007,Action|Comedy,6.4,25,0.5359,hi
204453,Great Bolshy Yarblockos!: Making 'A Clockwork Orange',2007,Documentary,6.1,10,0.4578,en
18803,Expired,2007,Comedy|Drama|Romance,5.852,29,0.5671,en
69719,Lost in the Dark,2007,Thriller|TV Movie,4.8,11,0.5356,en
131407,Max Minsky and Me,2007,Comedy,5.75,10,0.4032,de
30569,The Note,2007,Drama|Romance|TV Movie,6.385,13,0.4724,en
49084,Steak,2007,Comedy|Science Fiction,5.5,282,0.5494,fr
14235,Eden Log,2007,Action|Adventure|Drama|Horror|Science Fiction|Thriller,5.1,166,0.4798,fr
52116,Hands off Mississippi,2007,Family|Adventure|Comedy,6.708,24,0.3884,de
41555,Ghost Image,2007,Thriller|TV Movie,4.5,15,0.4971,en
16725,The Tracey Fragments,2007,Drama,6.0,129,0.3927,en
39824,While the Children Sleep,2007,Horror|Thriller|TV Movie|Mystery,5.2,28,0.6308,en
103298,The Other Side of the Mirror: Bob Dylan: Live at the Newport Folk Festival,2007,Music|Documentary,8.1,13,0.5608,en
46902,The Treatment,2007,Comedy|Drama|Romance,5.9,19,0.5983,en
1980,Bra Boys,2007,Comedy|Documentary,4.7,13,1.5761,en
54952,Antônia,2007,Drama|Music,5.5,15,0.3292,pt
15843,Echo,2007,Drama|Horror|Thriller,5.5,14,1.6261,da
13202,Animal 2,2007,Drama|Action|Thriller,5.4,28,0.4843,en
57236,Left for Dead,2007,Horror,4.8,19,0.5226,en
276032,Takumi-kun Series: And the Spring Breeze Whispers,2007,Comedy|Drama,4.1,13,0.4279,ja
34655,Go West: A Lucky Luke Adventure,2007,Adventure|Animation|Comedy|Western,6.219,105,0.4489,fr
192339,Big Brother,2007,Action|Crime|Drama,5.333,12,0.442,hi
14928,The Secrets,2007,Drama|Romance,6.208,36,0.3682,he
18632,A Dog's Breakfast,2007,Comedy|Horror,6.304,56,0.3871,en
58099,In Memory Of Me,2007,Drama,6.6,17,0.3517,it
46426,Traffic Signal,2007,Drama,5.615,13,0.3163,hi
15340,Towards Zero,2007,Thriller,5.8,42,0.5568,fr
68591,Snowglobe,2007,TV Movie|Family|Fantasy|Science Fiction,6.0,73,0.6066,en
20409,Justin Timberlake: FutureSex/LoveShow (Live from Madison Square Garden),2007,Music|Documentary,7.25,12,0.4069,en
59346,Darling,2007,Drama,6.2,38,0.4072,fr
45757,Saving Sarah Cain,2007,Drama|Family,5.2,25,0.4343,en
13626,Island of Lost Souls,2007,Fantasy|Adventure|Family|Drama,5.427,55,0.4646,da
4398,Lissi and the Wild Emperor,2007,Animation|Comedy,5.864,199,0.5233,de
63423,Protagonist,2007,Documentary,6.9,10,0.4566,en
41511,Dhan Dhana Dhan Goal,2007,Drama,5.0,29,0.3359,hi
65242,Life Actually,2007,Drama,5.9,16,0.4981,de
40620,I Have Never Forgotten You: The Life & Legacy of Simon Wiesenthal,2007,Documentary|War,7.7,18,0.4831,en
89609,Universal Soldiers,2007,Action|Thriller|Science Fiction,3.3,24,0.5992,en
32343,Cult,2007,Horror,4.114,22,0.4473,en
54554,Scorpion,2007,Action|Thriller,5.42,56,0.6067,fr
20492,Life in a Metro,2007,Drama|Romance,6.375,88,0.5172,hi
1269,The Vexxer,2007,Comedy|Crime,6.55,150,0.4393,de
20919,The Devil's Chair,2007,Horror,4.178,73,0.4424,en
24198,AVH: Alien vs. Hunter,2007,Horror|Science Fiction|Action,2.4,38,0.4028,en
105325,How to Hook Up Your Home Theater,2007,Animation|Comedy,7.2,107,0.4263,en
15200,Demandez la permission aux enfants !,2007,Comedy,6.1,47,0.3822,fr
10541,Shall We Kiss?,2007,Comedy|Romance|Drama,6.2,91,0.6145,fr
47192,Year of the Nail,2007,Drama|Romance,7.0,15,0.4743,es
46712,Blue Eyelids,2007,Drama|Romance,7.091,33,1.2777,es
42078,Elf Bowling: The Movie,2007,Animation|Comedy|Fantasy,2.6,14,0.4426,en
25803,Amal,2007,Drama,7.68,25,0.3879,hi
14105,Already Dead,2007,Action|Crime|Drama|Mystery|Thriller,5.6,36,0.7302,en
181561,Lion and Four Cats,2007,Action|Comedy,5.2,12,0.5151,ar
52150,Zincirbozan,2007,Drama|Crime|History,5.8,12,0.4444,tr
30232,Sultans of the South,2007,Action|Crime|Thriller,6.769,52,0.3742,es
25827,Marigold,2007,Comedy|Romance,6.093,14,0.483,en
37346,Choose Connor,2007,Drama,5.846,13,0.3705,en
25899,Sextet,2007,Comedy,5.6,10,0.4359,nl
58088,Hidden Love,2007,Drama,4.5,12,0.4432,it
12818,Everybody Wants to Be Italian,2007,Comedy|Romance,6.5,40,0.43,en
62698,Sinking of the Lusitania: Terror at Sea,2007,Drama|History|War,6.3,20,0.406,en
61659,Dance with Him,2007,Comedy|Drama,6.6,69,0.4534,fr
9916,The Last Sin Eater,2007,Drama,5.6,25,0.3404,en
15148,Man in the Chair,2007,Comedy|Drama,6.476,21,0.4022,en
100192,Destination: Infestation,2007,Action|Science Fiction|Thriller|Horror|TV Movie,4.0,25,0.3237,en
45891,The Ten Lives of Titanic the Cat,2007,Mystery|Family,5.7,10,0.3416,no
4519,Conversations with My Gardener,2007,Comedy|Drama,6.496,134,0.4694,fr
107580,A Very British Sex Scandal,2007,TV Movie|Documentary,5.8,14,0.3723,en
25977,Showdown at Area 51,2007,Science Fiction,4.5,26,0.3099,en
33714,I'm Staying,2007,Comedy|Drama|Science Fiction,6.653,36,0.3723,ru
17318,Underground,2007,Action,4.2,14,0.3835,en
80540,Theresa: The Body of Christ,2007,Drama,4.357,14,0.4283,es
264230,Autopsy,2007,Drama|Romance|Crime,4.9,15,1.4609,fr
82594,Spine Tingler! The William Castle Story,2007,Documentary,7.8,16,0.4977,en
303005,Fallen Angels,2007,Horror,3.0,10,0.3791,en
19389,Dog Days of Summer,2007,Drama|Thriller|Mystery,4.792,12,0.4076,en
33588,White Light/Black Rain: The Destruction of Hiroshima and Nagasaki,2007,Documentary|War,7.561,33,0.4269,en
17925,Disengagement,2007,Drama,4.9,14,0.4806,fr
46386,Honeymoon Travels Pvt. Ltd.,2007,Comedy|Drama|Romance,5.345,29,0.454,hi
156288,Fool N Final,2007,Action|Comedy,3.881,21,0.5426,hi
59904,The Train: Some Lines Shoulder Never Be Crossed...,2007,Action|Thriller,3.5,13,0.4019,hi
53545,The Most Distant Course,2007,Drama|Romance,5.6,17,0.3746,zh
138129,Chiara e Francesco,2007,History,5.3,41,0.4052,it
54699,Nora Roberts' Blue Smoke,2007,Action|Drama|Romance|Thriller|TV Movie,4.9,23,0.4435,en
24574,Steel Toes,2007,Drama|Crime,5.2,15,0.3848,en
79880,Catcher: Cat City 2,2007,Animation|Comedy|Fantasy,6.1,26,0.3217,hu
2197,Sounds of Sand,2007,Drama|War,6.1,13,0.3604,fr
76429,The Bedside Detective,2007,Romance|Comedy,6.417,12,0.4958,th
27555,Barricade,2007,Horror,2.6,12,0.3955,en
159457,Death to the Tinman,2007,Comedy|Drama,5.6,15,0.4522,en
31040,The Situation,2007,Drama|History|Romance|Thriller,5.833,18,0.3906,en
39764,Glass: A Portrait of Philip in Twelve Parts,2007,Documentary|Music,6.4,10,0.323,en
361432,Kottentail,2007,Comedy|Horror,3.05,10,0.2464,en
62731,Lovey-Dovey,2007,Comedy|Fantasy,4.5,50,0.3707,ru
15959,How to Get Rid of the Others,2007,Comedy|Drama,6.385,13,0.475,da
116495,Val Lewton: The Man in the Shadows,2007,Documentary|TV Movie,6.9,18,0.4044,en
62800,The Passage,2007,Drama|Mystery|Thriller,5.0,10,0.3769,en
21943,I Want You,2007,Romance|Comedy,4.8,374,0.4889,it
73131,Invisibles,2007,Drama|Documentary,4.8,16,0.5201,en
153432,The House Sitter,2007,Drama|Crime|Mystery|TV Movie,4.6,11,0.4137,en
106505,The Butcher,2007,Horror|Action,5.2,18,0.4632,ko
71617,The Living and the Dead,2007,Drama|Fantasy|History|Horror|Mystery|War,5.895,19,0.3623,hr
13120,In Search of a Midnight Kiss,2007,Comedy|Drama|Romance,6.546,97,0.4515,en
460277,A Slice of Lynch,2007,Documentary,6.938,16,0.3608,en
5761,Hannah Takes the Stairs,2007,Comedy|Drama|Romance,5.25,52,0.3622,en
128692,Beck 22 - The Weak Link,2007,Drama|Crime|Mystery|Thriller,5.5,26,0.4789,sv
337374,The Making of Dr. Horrible's Sing-Along Blog,2007,Documentary|Comedy,7.5,40,0.3814,en
23112,Bliss,2007,Drama,6.9,61,0.4547,tr
24388,Bagboy,2007,Drama|Comedy,4.0,14,0.4542,en
29797,Ed Gein: The Butcher of Plainfield,2007,Crime|Drama|Horror|Mystery,3.738,42,0.4687,en
15791,Diamond Dogs,2007,Action,4.3,53,0.4518,en
24578,The Waiting Room,2007,Drama|Romance,5.5,12,0.4618,en
81923,Alice's House,2007,Drama,5.4,19,0.3173,pt
56972,Mi fido di te,2007,Comedy,6.624,197,0.4839,it
24643,Lost Colony: The Legend of Roanoke,2007,TV Movie|Horror|Mystery|Fantasy,5.048,42,0.4294,en
12855,Blue State,2007,Comedy|Drama|Romance,5.598,66,0.4837,en
23165,Bone Dry,2007,Action|Drama|Thriller,5.26,25,1.6004,en
31147,Tom Petty and the Heartbreakers: Runnin' Down a Dream,2007,Documentary|Music,7.6,28,0.5788,en
39905,Burn the Bridges,2007,Drama,6.4,14,0.4479,es
35379,Mummies: Secrets of the Pharaohs,2007,Drama|Documentary,7.0,18,0.5064,en
355460,Adventure Time,2007,Adventure|Animation|Comedy|Fantasy|Mystery|Family|Drama,8.6,25,0.5571,en
56555,Life Support,2007,Drama|TV Movie,5.6,14,0.451,en
14284,In the Shadow of the Moon,2007,Documentary|History,7.5,113,0.4503,en
40458,Welcome to the Jungle,2007,Horror,4.423,52,0.467,en
69402,Kireedam,2007,Drama,5.8,19,0.5196,ta
50376,Frayed,2007,Horror|Thriller,5.013,39,0.3636,en
467843,The Class,2007,Comedy,2.08,25,0.3206,tr
51970,I'm Through with White Girls,2007,Comedy|Romance,6.5,12,0.3162,en
177610,Africa Paradise,2007,Drama,4.8,12,0.4172,fr
20609,30 000 Leagues Under The Sea,2007,Action|Adventure|Science Fiction,3.274,31,0.4082,en
38995,Café solo... o con ellas,2007,Comedy,4.7,16,0.2883,es
15957,White Night,2007,Drama,4.6,13,0.5218,da
17025,Look,2007,Thriller,5.3,42,0.5559,en
37586,Egg,2007,Drama,5.733,60,0.392,tr
55529,The Thirst,2007,Horror,3.742,31,0.4226,en
12901,No End in Sight,2007,Documentary,7.7,91,0.4306,en
46383,Dus Kahaniyaan,2007,Drama,4.289,19,0.4566,hi
241235,Loving You,2007,Drama|Romance,5.0,10,0.3902,ja
46513,The Shadow in the North,2007,Crime|Drama|Mystery,6.6,22,0.3807,en
115495,Blinkers,2007,Comedy,5.0,13,0.3178,es
82324,Thulasi,2007,Action|Family|Drama,5.7,11,0.4192,te
43631,The Landlord,2007,Comedy,6.489,87,0.4069,en
95390,Jane Doe: Ties That Bind,2007,TV Movie|Mystery|Drama,5.2,11,0.4294,en
159810,Caravaggio,2007,Drama|History,5.6,14,0.4435,it
49590,Gomez vs. Tavarès,2007,Action|Comedy|Crime,4.3,41,0.4393,fr
143150,New Boy,2007,Drama,6.387,31,0.3412,en
12449,Room of Death,2007,Crime|Mystery|Thriller,6.214,77,0.4697,fr
30335,Nora Roberts' Angels Fall,2007,Mystery|Romance|Thriller|TV Movie,5.3,26,0.5162,en
38140,To Rob a Thief,2007,Action|Adventure|Comedy,7.515,103,0.3446,es
21447,The Nautical Chart,2007,Drama|Adventure,4.8,15,0.3099,es
90037,Classic Albums: Frank Zappa - Apostrophe (') Over-Nite Sensation,2007,Music|Documentary,6.5,13,0.4684,en
42400,Seven Billiard Tables,2007,Drama,5.6,23,0.4215,es
24427,Gone with the Woman,2007,Comedy|Drama|Thriller,6.3,29,0.347,nb
13569,Thr3e,2007,Horror|Thriller,5.117,94,0.5802,en
132635,Not by Chance,2007,Drama,6.875,12,0.3031,pt
13621,Switch,2007,Action|Drama,4.3,11,0.4076,no
18595,Garage,2007,Comedy|Drama,6.576,46,0.318,en
39166,The Black Pimpernel,2007,Drama|History|Thriller,5.2,19,0.3479,en
31248,Ram Gopal Varma Ki Aag,2007,Action|Comedy|Crime,2.3,29,0.3945,hi
100754,The Killing Grounds,2007,Action|Thriller,3.6,16,0.4839,en
22905,The Rape of Europa,2007,Documentary|History|War,7.4,28,0.4706,en
144097,All I Want for Christmas,2007,TV Movie|Romance|Drama|Family,5.6,24,0.464,en
189362,Sunday Light,2007,Drama|Romance|Thriller,6.0,10,0.2962,es
66461,The Past,2007,Drama|Romance,6.2,32,0.4316,es
48174,Kings,2007,Drama,4.5,11,0.396,ga
21800,The Ungodly,2007,Horror|Thriller,5.12,25,0.6018,en
163660,Chaos  This Is?,2007,Drama|Crime|Romance,7.1,27,0.4143,ar
39562,To Be Fat Like Me,2007,TV Movie|Comedy,4.8,22,0.4221,en
39928,H6: Diary of a Serial Killer,2007,Horror|Thriller,5.032,31,0.3204,es
45102,House of Fears,2007,Horror|Thriller,5.3,38,0.3704,en
30579,Hallowed Ground,2007,Horror,5.105,38,0.3918,en
17227,Jacquou the Rebel,2007,Adventure|Drama,6.51,148,0.6707,fr
234532,Chotta Mumbai,2007,Action|Comedy|Crime,7.3,25,0.3946,ml
120624,Mukhsin,2007,Comedy|Drama|Family,6.867,15,0.4142,ms
50587,Too Young to Marry,2007,Comedy|Drama|Romance|TV Movie,6.1,19,0.3476,en
46649,Cleopatra,2007,Romance|Drama,5.375,16,0.3765,pt
105460,Jane Doe: How to Fire Your Boss,2007,Action|Thriller|Crime|Mystery|TV Movie,6.0,12,0.4113,en
97903,Harpies,2007,Adventure|Fantasy|Science Fiction|TV Movie,4.6,15,0.3411,en
72380,True Enough,2007,Drama,5.2,13,0.3874,fr
10041,Broken,2007,Horror|Thriller,4.75,60,0.4729,en
54586,Night Junkies,2007,Horror|Thriller,4.1,11,0.4645,en
14540,Jeff Dunham: Spark of Insanity,2007,Comedy,6.862,98,0.4046,en
181508,Spider-Man Tech,2007,Documentary,7.7,10,0.3342,en
70438,Princess of the Sun,2007,Animation,6.632,38,0.377,fr
44813,The Hawk Is Dying,2007,Drama,4.9,20,0.4153,en
69550,Kattradhu Thamizh,2007,Drama|Thriller,7.3,21,0.5785,ta
84089,Maradona  the Hand of God,2007,Drama,5.756,45,0.4304,it
62680,Trackman,2007,Horror|Thriller,4.0,21,0.3946,ru
15488,Furnace,2007,Crime|Horror|Mystery,3.5,25,0.4141,en
63675,Mozhi,2007,Drama|Comedy|Romance,7.696,23,0.6266,ta
18425,Clubland,2007,Drama|Comedy|Romance,5.133,30,0.3222,en
27671,Pop Skull,2007,Horror|Thriller,4.7,18,1.277,en
608898,Mr. Bean's Wedding,2007,Comedy,7.111,27,0.3407,en
349179,Nadiya Kollappetta Rathri,2007,Crime,4.0,10,0.4451,ml
66107,Don,2007,Drama|Action|Comedy,5.85,20,0.414,te
41891,Home of the Giants,2007,Crime|Drama,4.423,13,0.3827,en
13946,The Rage,2007,Horror|Science Fiction,3.851,47,0.4103,en
95469,My Baby Is Missing,2007,Drama|TV Movie|Crime|Mystery,7.4,16,0.3595,en
18596,The Jammed,2007,Drama|Thriller,6.247,19,0.3665,en
1961,My Name Is Bruce,2007,Comedy|Horror|Fantasy,5.815,363,0.4942,en
40181,His Majesty Minor,2007,Fantasy,3.4,36,0.4202,fr
128598,Left for Dead,2007,Western|Action|Horror,4.9,11,0.3149,es
53933,Curse of the Weeping Woman: J-ok'el,2007,Horror|Thriller,4.9,29,0.3245,es
54269,The Last Ottoman: Knockout Ali,2007,Action|Comedy|Drama|War|History,6.346,39,0.3206,tr
5497,Love Is All,2007,Comedy|Romance,6.329,85,0.3396,nl
24683,Razortooth,2007,Horror|Science Fiction,4.107,28,1.7249,en
17738,The Condor,2007,Action|Adventure|Animation|Fantasy,4.3,10,0.459,en
68876,32A,2007,Drama,6.1,10,0.3456,en
41440,Piano  Solo,2007,Drama|Music,6.2,26,0.4622,it
209375,Play Me a Love Song,2007,Drama|Comedy|Music|Romance,8.3,13,0.3249,hr
27827,Manufacturing Dissent,2007,Documentary,5.52,25,0.6062,en
79924,Oh Happy Day,2007,Comedy|Romance,4.583,12,0.2331,en
13734,Frenchmen 2,2007,Comedy|Romance,6.043,127,0.4467,fr
94583,The Gay Bed and Breakfast of Terror,2007,Horror|Comedy,3.2,18,0.2229,en
47593,Bloodlines,2007,Horror,3.5,12,0.4227,en
49644,Be My Baby,2007,Comedy|Romance,4.5,16,0.3789,en
62575,L'uomo di vetro,2007,Drama,6.8,10,0.34,it
363353,The Visions of Stanley Kubrick,2007,Documentary,6.9,11,0.3074,en
16008,Room 205,2007,Horror,4.0,37,0.4352,da
65367,Trigger Man,2007,Drama|Thriller,4.2,19,0.3764,en
46452,666: The Beast,2007,Horror|Thriller,4.1,17,0.3127,en
26859,With a Girl of Black Soil,2007,Drama,6.5,11,0.3401,ko
107793,Richie,2007,Comedy,4.4,15,0.381,pl
86324,Santiago,2007,Documentary,7.5,22,1.4292,pt
43730,Rudy: The Return of the Racing Pig,2007,Action|Comedy|Family,6.1,20,0.373,de
16576,Cheeni Kum,2007,Romance|Drama,6.274,42,0.3962,hi
23493,Dorks & Damsels,2007,Action|Comedy,5.75,16,0.3032,is
17303,The Devil Dared Me To,2007,Action|Comedy,5.2,17,0.3307,en
70965,Kuka,2007,Romance|Drama,6.938,32,0.295,ru
46849,Eye of the Dolphin,2007,Drama|Family,6.092,38,0.3335,en
60398,Somebody Help Me,2007,Horror,6.5,16,0.3407,en
35253,Madame Tutli-Putli,2007,Animation|Thriller,6.9,83,0.2936,xx
14234,Ploy,2007,Drama,6.0,38,0.4334,th
17794,Quest for a Heart,2007,Animation|Family,7.3,14,0.3159,fi
266234,The Music Man,2007,Music|Drama,6.844,32,0.3458,fa
20720,Gabriel Iglesias: Hot and Fluffy,2007,Comedy|TV Movie,7.5,93,0.2715,en
166442,Mystery Woman: In the Shadows,2007,Mystery|Crime|TV Movie|Thriller,6.313,16,0.3836,en
22911,War Made Easy,2007,Documentary,7.2,24,0.4256,en
62379,Confessions of an American Bride,2007,Comedy|Romance|TV Movie,5.818,11,0.3748,en
75702,Timboektoe,2007,Romance|Family,5.9,16,0.4326,nl
2195,Beste Zeit,2007,Drama|Action|Thriller,6.1,16,0.2996,de
86556,11 Minutes Ago,2007,Drama|Science Fiction|Romance,6.786,14,0.2277,en
28101,Chicago Massacre: Richard Speck,2007,Drama|Thriller|Crime,3.4,23,0.4456,en
18436,Dangerous Parking,2007,Drama,5.667,21,0.4615,en
60124,Apne,2007,Drama,5.981,26,0.4877,hi
231390,The Possibility of Hope,2007,Documentary,5.6,11,0.2964,en
67941,Max & Co,2007,Animation|Adventure|Drama,6.3,16,0.3433,fr
35967,Baptism of Blood,2007,Thriller|Drama|History,7.405,37,0.322,pt
169360,Nympha,2007,Horror,4.5,10,0.2084,en
98456,Nadie te ve: La niña en la piedra,2007,Drama,7.62,50,0.36,es
88282,Bluff,2007,Action|Comedy|Thriller,7.0,10,0.2198,es
68166,Money on the Side,2007,Comedy,6.4,10,0.1958,pt
68444,Blind,2007,Drama|Romance,5.9,17,0.5717,nl
690278,Max Steel: Dark Rival,2007,Animation|Action|Family,8.8,23,0.4203,en
51541,Fist of the Vampire,2007,Action|Horror,4.0,10,0.1818,en
68453,Ulzhan,2007,Drama,5.9,15,0.256,de
22521,Terror's Advocate,2007,Documentary,6.5,37,0.2885,fr
71577,Those Who Remain,2007,Drama|Romance,6.2,32,0.3156,fr
159434,Good Boy  Bad Boy,2007,Comedy|Romance,4.727,22,0.4102,hi
178657,07th Changes Course,2007,Action|Adventure,4.5,11,0.5111,ru
81062,Jagadam,2007,Drama|Action|Romance|Crime,5.6,12,0.4136,te
16044,The Lost Treasure of the Knights Templar II,2007,Family|Adventure|Action,5.426,27,0.3747,da
8049,The Grocer's Son,2007,Drama|Comedy,6.5,49,0.3975,fr
126677,The State of the World,2007,Documentary|Drama,5.273,11,0.4009,pt
34916,La torre de Suso,2007,Comedy,5.962,26,0.3266,es
10524,Trivial,2007,Thriller,4.2,30,0.3213,fr
63811,Shankar Dada Zindabad,2007,Drama|Comedy,4.6,13,0.4138,te
127702,The Signal,2007,Mystery|Crime|Drama,5.8,24,0.3161,es
8269,Promise Me This,2007,Romance|Comedy,6.595,95,0.3473,sr
44423,881,2007,Comedy|Drama,5.9,13,0.5332,zh
52724,Anna's Storm,2007,Action|Science Fiction|TV Movie,5.4,12,0.2847,en
17366,24 Bars,2007,Drama,3.2,13,0.4321,fr
61820,Buddha Collapsed Out of Shame,2007,Drama|War,7.1,37,0.3265,fa
17228,Masked Mobsters,2007,Crime|Thriller,5.727,64,0.4551,fr
62644,Omar et Fred - Le spectacle,2007,Comedy,6.8,28,0.3804,fr
56049,The Big Family: The Movie,2007,Comedy|Family,5.956,80,0.3797,pt
17901,Albert Fish: In Sin He Found Salvation,2007,Crime|Documentary,5.375,44,0.4018,en
42423,Milan – Palermo: The Return,2007,Action|Crime|Drama,5.8,84,0.2571,it
42436,Natale in crociera,2007,Comedy,4.942,425,0.2959,it
18043,Popcorn,2007,Comedy|Romance,4.652,23,0.3078,en
45718,Imprint,2007,Drama|Thriller,5.154,13,0.2524,en
59364,Risk,2007,Action,4.5,10,0.47,hi
149946,Two in One,2007,Drama|Comedy,2.455,11,0.3218,ru
110675,The Murder of Princess Diana,2007,TV Movie|Drama,5.7,20,0.5272,en
70239,UV,2007,Drama|Mystery,6.0,13,0.3637,fr
15836,The Black Madonna,2007,Action|Comedy|Drama,4.9,25,0.3903,da
13561,Murder Party,2007,Comedy|Horror,5.6,290,0.4129,en
65433,Irene Huss 1: The Torso,2007,Thriller|Mystery|Crime|Drama,5.1,15,0.3349,sv
23431,An Angel Named Billy,2007,Drama,3.636,11,0.3113,en
36443,The Union: The Business Behind Getting High,2007,Comedy|Documentary,7.331,83,0.2755,en
85862,Christie's Revenge,2007,Thriller|TV Movie,4.0,10,0.4071,en
3962,Bis zum Ellenbogen,2007,Comedy,6.3,20,0.3196,de
88830,Midsummer Madness,2007,Comedy|Drama|Romance,5.607,28,0.9786,en
37633,Our Earthmen Friends,2007,Fantasy|Comedy|Drama,5.2,11,0.279,fr
42274,My Daughter's Secret,2007,Thriller|Crime|Mystery|TV Movie,3.5,20,0.2982,en
8267,The Pope's Toilet,2007,Drama|Comedy,7.041,49,0.2709,es
113448,Breath,2007,Drama,5.8,16,0.2957,nl
154207,Hellboy Animated: Iron Shoes,2007,Action|Horror|Fantasy|Animation|Science Fiction,7.0,34,0.3999,en
50392,Ghost Son,2007,Drama|Horror|Mystery|Thriller,4.563,25,0.3865,en
464785,Athisayan,2007,Drama|Science Fiction,3.2,10,0.487,ml
18375,A Stranger's Heart,2007,Drama|Romance|TV Movie,5.3,10,0.4445,en
42802,The Dinner Guest,2007,Comedy,5.5,115,0.4167,fr
20535,Nishabd,2007,Romance|Drama,4.75,12,0.4666,hi
15570,Bomb It,2007,Documentary,6.9,17,0.3187,en
60610,Corruption,2007,Crime|Drama,3.7,12,0.3028,pt
15831,Cecilie,2007,Thriller|Horror|Mystery,6.088,17,0.3339,da
192675,Eklavya: The Royal Guard,2007,Action|Drama|Thriller,6.167,24,0.384,hi
62688,‎The Slacker‎,2007,Comedy|Action,6.4,28,0.2904,ru
25919,Great World of Sound,2007,Comedy|Drama|Music,5.438,16,0.4031,en
7274,La León,2007,Drama,6.7,16,0.2554,es
19298,Stagknight,2007,Horror|Comedy,4.0,11,0.3665,en
23524,Steep,2007,Documentary,6.1,10,0.3433,en
70809,The Family Holiday,2007,Family|Comedy|Romance,5.86,25,0.2521,en
271085,Lethal Obsession,2007,Mystery|TV Movie,5.5,13,0.6234,en
51059,Palo Alto  CA,2007,Comedy|Drama,5.7,12,0.4109,en
59276,Fissures,2007,Mystery|Crime|Drama|Science Fiction,5.559,17,0.3214,fr
28791,Brutal,2007,Crime|Horror|Mystery,3.7,23,0.3754,en
317291,Mid Road Gang,2007,Comedy|Drama,6.9,16,0.5422,th
22452,The War on Democracy,2007,History|Documentary|War,7.5,41,0.4599,en
277730,Hope,2007,Mystery|Drama,5.1,10,0.477,pl
17193,My Daughter  My Angel,2007,Crime,5.9,22,0.2742,fr
22366,Ezra,2007,Drama,5.5,10,0.2889,en
8951,Don't Think About It,2007,Comedy,6.469,49,0.4552,it
14205,Holding Trevor,2007,Drama,4.949,39,0.4652,en
146212,Jay and Seth Versus the Apocalypse,2007,Comedy,5.179,28,0.399,en
72701,Camila Jam,2007,Drama,6.3,24,0.3406,pt
51282,Noelle,2007,Drama,6.3,10,0.4095,en
105546,Haunting Me,2007,Comedy|Horror,4.2,10,0.4742,th
44663,Moscow Chill,2007,Thriller|Action,3.7,13,0.3184,en
80926,Dubai Seenu,2007,Unknown,5.4,10,0.3714,te
163042,Orange Love,2007,Drama|Romance,6.706,17,0.2934,uk
73133,I am from Titov Veles,2007,Drama,4.8,14,0.2895,mk
16686,Varg Veum - Bitter Flowers,2007,Crime|Drama|Thriller,5.878,41,0.4956,no
37817,Ó Paí  Ó: Look at This,2007,Music|Comedy,7.0,203,0.3554,pt
105877,The Wailer 2,2007,Horror,6.7,67,0.2343,es
16783,Electric Apricot,2007,Comedy|Music,6.154,13,0.2772,en
46301,Disappearances,2007,Action|Adventure|Drama|Western,5.125,12,0.2918,en
28945,Frank,2007,Family|Drama,4.367,15,0.4273,en
24682,O Magnata,2007,Action|Drama,5.0,11,0.2718,pt
234551,Chocolate,2007,Comedy,6.4,18,0.3995,ml
1736,Shoppen,2007,Comedy|Drama,6.0,30,0.3553,de
465845,Green Team,2007,Comedy,5.818,11,0.3178,en
2361,The Lark Farm,2007,History|Drama,6.2,26,0.4065,it
57673,Christopher Columbus  The Enigma,2007,Drama|History,5.6,12,0.3006,pt
47468,Benny's Gym,2007,Drama,5.2,21,0.2528,no
1263,Die Aufschneider,2007,Comedy,6.455,11,0.2451,de
33495,2061 - Un anno eccezionale,2007,Comedy|Science Fiction,4.1,103,0.2952,it
16509,Confessions of a Superhero,2007,Documentary,6.7,36,0.2705,en
195834,Defenders of Riga,2007,Action|Drama|History|War,5.591,22,0.3789,lv
14650,Michou d'Auber,2007,Drama|Thriller,6.391,78,0.4208,fr
419786,Doctor Who: Time Crash,2007,Science Fiction|TV Movie,7.7,100,0.6048,en
11555,That Beautiful Somewhere,2007,Mystery|Thriller,3.875,12,0.2974,en
34679,One Long Night,2007,Comedy|Thriller,3.9,11,0.2656,en
17695,John Pinette: I'm Starvin'!,2007,Comedy,7.643,14,0.2036,en
38282,The Witnesses,2007,Drama|Romance,6.4,64,0.3817,fr
294976,Ouija,2007,Mystery|Drama|Horror,4.0,17,0.5509,en
173577,NY77: The Coolest Year in Hell,2007,Documentary,7.5,13,0.248,en
49341,Exhibit A,2007,Thriller|Drama|Crime,5.6,67,0.2982,en
17285,Kill Buljo,2007,Action|Adventure|Comedy,6.0,36,0.4965,no
63046,The Battle of Chernobyl,2007,Documentary|History,7.519,53,0.3179,fr
53146,The Debt,2007,Drama|Thriller,5.8,14,0.356,he
55297,Veritas  Prince of Truth,2007,Adventure|Family|Fantasy,4.727,11,0.2976,en
77496,Matrimonio alle Bahamas,2007,Comedy,4.8,287,0.2506,it
75981,La France,2007,Drama,6.4,17,1.1225,fr
41481,Night Bus,2007,Comedy|Crime|Drama,6.2,71,0.3,it
184635,Using,2007,Documentary,6.5,14,0.272,zh
249330,Words of Devotion,2007,Drama|Romance,5.2,17,0.3412,ja
5003,Messy Christmas,2007,Comedy,5.1,17,0.3737,de
49828,Police,2007,Drama,6.7,39,0.4079,tr
34786,Super Sweet 16: The Movie,2007,TV Movie|Comedy,6.3,10,0.2754,en
369126,18-14,2007,Adventure|History|Mystery,7.2,12,0.3132,ru
270113,Beck 23 - The Silent Scream,2007,Crime|Mystery|Thriller|Drama,6.7,31,0.426,sv
17376,Anna M.,2007,Drama,5.531,32,0.2705,fr
86321,Jogo de Cena,2007,Documentary,8.4,59,0.2305,pt
13544,FB: Fighting Beat,2007,Action,4.7,20,0.2786,th
47470,Kali Ma,2007,Comedy,4.1,10,0.3858,en
15844,When a Man Comes Home,2007,Comedy,4.9,43,0.3654,da
36590,Totally Baked,2007,Comedy,5.1,10,0.2513,en
46404,Manorama Six Feet Under,2007,Thriller|Crime|Mystery|Drama,6.518,55,0.3169,hi
15411,Bheja Fry,2007,Comedy,6.483,60,0.311,hi
465765,Good Cop  Baby Cop,2007,Comedy,6.175,20,0.3226,en
15725,Chasing Ghosts: Beyond the Arcade,2007,Documentary,7.0,35,0.3438,en
29670,V2: Dead Angel,2007,Crime|Action,5.591,44,0.3399,fi
14063,Adrift in Manhattan,2007,Drama,5.659,41,0.4057,en
80545,Wedding Belles,2007,Drama|Comedy|TV Movie,5.8,10,0.4597,en
448054,Advantage Satan,2007,Horror|Comedy,5.4,11,0.3463,en
13024,Dane Cook: Rough Around the Edges,2007,Comedy,6.381,21,0.2475,en
118199,Who Says It's Easy?,2007,Comedy|Romance,5.75,16,0.1926,es
25228,Darling,2007,Drama,5.9,24,0.2766,sv
20030,2 Minutes Later,2007,Comedy|Crime|Mystery|Thriller,4.0,16,0.3154,en
18556,Steel Trap,2007,Thriller|Horror,4.4,58,0.296,en
57499,My Enemy's Enemy,2007,Documentary|History|War,7.083,12,0.3357,en
201029,The Man in the Lighthouse,2007,Drama|Romance,5.227,11,0.3264,tl
27953,For Love and Honor,2007,Action|Crime|Drama,7.13,115,0.3574,tr
63581,Louis Theroux: The Most Hated Family in America,2007,Documentary|TV Movie,7.292,84,0.3495,en
16027,Vampire Diary,2007,Fantasy|Drama|Horror,4.2,22,0.2551,en
14213,Recon 2022: The Mezzo Incident,2007,Science Fiction|Crime,3.0,12,0.3095,en
50059,Beauty and the Beast: A Latter-Day Tale,2007,Romance|Drama,7.1,14,0.515,en
45458,The Romance of Astrea and Celadon,2007,Drama|Romance|Fantasy,5.9,50,0.41,fr
71116,Dot.com,2007,Comedy,5.5,12,0.3586,en
60483,A Brush With Death,2007,Horror,3.1,16,0.3041,en
46409,MP3: Mera Pehla Pehla Pyaar,2007,Romance|Drama,5.7,13,0.3617,hi
256345,Drawn Out Love,2007,Drama,4.8,10,0.3426,nl
26506,Before the Rains,2007,Drama|Romance,4.8,14,0.2598,en
199160,Happy Days,2007,Drama,6.421,38,0.2707,te
25577,Natasha,2007,Drama|Thriller,4.842,19,0.3483,en
24162,Salty Air,2007,Drama,6.4,12,0.2424,it
88404,Freaky Farley,2007,Horror|Comedy,6.25,12,0.3077,en
96355,Leo,2007,Drama|Crime,5.667,18,0.3223,sv
62817,Porn Star?,2007,Documentary,4.5,26,0.2863,no
50656,The Early Years: Erik Nietzsche Part 1,2007,Comedy|Drama,4.654,13,0.234,da
38834,The Year of the Wolf,2007,Drama|Romance,5.8,16,0.3257,fi
72303,Lou Reed's Berlin,2007,Music|Documentary,6.8,19,0.3178,en
64212,The Crown Witness,2007,Drama|Action|Thriller|Crime|Romance,5.115,26,0.302,pl
126682,Tehilim,2007,Drama,5.2,10,0.367,en
37093,Red Without Blue,2007,Documentary,5.3,15,0.2029,en
18116,American Zombie,2007,Comedy|Horror,4.7,30,0.3421,en
228092,Yogi,2007,Unknown,3.8,14,0.3334,te
37999,Fog and Night,2007,Crime|Adventure,7.2,10,0.3019,tr
15331,The Vanishing Point,2007,Drama|Mystery|Thriller,5.7,18,0.2983,fr
237865,Jungle Jail,2007,Animation|Comedy,5.9,16,0.2,en
297677,The Effect of Love,2007,Drama,4.7,13,0.2897,es
4344,Hotel Very Welcome,2007,Drama,5.5,13,0.2524,de
154452,Star Wars Tech,2007,Documentary,7.8,10,0.2848,en
69916,Soft,2007,Drama,5.9,21,0.2416,en
13045,The Price to Pay,2007,Comedy,5.388,137,0.2721,fr
49448,Finn's Girl,2007,Drama|Romance,4.8,11,0.3335,en
44054,The Killing of John Lennon,2007,Crime|Drama,5.79,31,0.2516,en
628442,La bicicleta de los Huanca,2007,Comedy,9.0,56,0.3713,es
113431,VGL-Hung!,2007,Comedy|Romance|Science Fiction,4.6,13,0.2616,en
50364,The Bad Mother's Handbook,2007,Comedy|Drama|Family|Romance|TV Movie,7.0,18,0.3508,en
42939,The Tomb,2007,Drama|Horror|Thriller,1.9,18,0.2716,en
73779,The Secret Life of Brian,2007,Documentary,7.643,42,0.2789,en
61534,Half Broken Things,2007,Drama|Thriller|TV Movie,6.5,14,0.2478,en
53805,Concrete Romance,2007,Thriller|Drama,5.924,92,0.2526,it
35054,Whirlwind,2007,Drama|Romance,4.4,17,0.2897,en
503056,Gli Smile and Go e il braciere bifuoco,2007,Animation,6.1,20,0.2693,it
31080,Netherbeast Incorporated,2007,Horror|Comedy,4.7,17,0.3925,en
119308,The Wind of Fear,2007,Horror|Thriller,5.6,57,0.3345,es
24165,One Hundred Nails,2007,Drama,5.9,32,0.284,it
121135,Jonestown: Paradise Lost,2007,History|Documentary|Crime|Drama,6.8,24,0.2956,en
28593,The Haunting of Sorority Row,2007,Horror|Thriller|Mystery|TV Movie,5.1,42,0.431,en
52100,Adam and the Devil,2007,Drama,5.6,14,0.3336,tr
160108,Dog Altogether,2007,Drama,6.8,12,0.3177,en
458713,28 Weeks Later: 28 Seconds Later,2007,Horror,5.0,16,0.3092,en
3397,And Along Come Tourists,2007,Drama,6.6,22,0.2814,de
450788,Animals in Love,2007,Documentary|Adventure,6.9,10,0.1863,fr
50689,Dennis P.,2007,Comedy,6.0,15,0.2875,nl
43292,Tutte le donne della mia vita,2007,Comedy,5.4,40,0.2875,it
38628,Dhee,2007,Comedy|Action,6.636,11,0.3298,te
29721,Ghost Adventures,2007,Documentary|Horror,8.0,48,0.3371,en
201770,At Night,2007,Drama,6.7,10,0.189,da
57052,The Right Distance,2007,Drama|Mystery,6.924,72,0.3055,it
49387,Game of Four,2007,Comedy,5.2,46,0.4226,fr
47436,Dead Heist,2007,Action|Adventure|Horror,4.5,26,0.2982,en
29272,El Greco,2007,Drama,6.11,41,0.3366,en
261084,Spiker,2007,Horror,2.5,11,0.2475,en
154133,Solos,2007,Drama,4.2,12,0.224,xx
126938,Acts of Death,2007,Horror,4.0,10,0.2209,en
35541,The 3 L'il Pigs,2007,Comedy,6.423,26,0.3602,fr
86235,Bad Girl Island,2007,Mystery|Science Fiction,4.1,26,0.2396,en
74254,The House of Usher,2007,Drama|Horror|Thriller,4.6,25,0.247,en
18755,Pigs,2007,Comedy,4.223,65,0.1963,en
18440,Days of Darkness,2007,Action|Horror|Science Fiction,4.815,27,0.3045,en
199408,1971,2007,Action|War|Drama,6.545,11,0.3664,hi
149100,Fengming: A Chinese Memoir,2007,Documentary,7.7,14,0.3142,zh
105854,Island of the Living Dead,2007,Horror,5.6,14,0.3566,en
176535,All Will Be Well,2007,Drama,7.1,19,0.2983,pl
25774,Fados,2007,Music|Documentary,7.0,17,0.2319,pt
26790,Tell,2007,Adventure|Comedy,5.7,10,0.4291,de
13023,The Devil Came on Horseback,2007,Documentary,7.2,19,0.2651,en
28642,It's Gradiva Who Is Calling You,2007,Mystery|Drama|Thriller,6.083,30,0.2996,ru
34631,You're Gonna Miss Me: A Film About Roky Erickson,2007,Documentary|Music,6.4,12,0.2285,en
71592,Crossbow,2007,Drama,5.8,14,0.4026,en
267048,The Pyramid,2007,Thriller|Crime|Mystery|Drama,5.545,11,0.2705,sv
63991,I Hate My Best Friends' Kids,2007,Comedy,5.1,27,0.3082,fr
16453,Zach Galifianakis: Live at the Purple Onion,2007,Comedy,7.012,82,0.444,en
36718,Lagerfeld Confidential,2007,Documentary,6.6,14,0.259,fr
39561,Testosteron,2007,Comedy,5.349,83,0.2163,pl
12175,Ghosts of Goldfield,2007,Horror,2.864,22,0.3319,en
418900,How the Earth Was Made,2007,Documentary,7.5,10,0.2303,en
270116,Beck 19 - The Vulture,2007,Thriller|Drama|Crime|Mystery,5.4,27,0.2677,sv
203858,Cool,2007,Comedy,4.1,10,0.3507,el
83789,A Sister's Kiss,2007,Romance|Drama,7.9,26,0.2726,ru
26645,Se upp för dårarna,2007,Comedy|Drama,5.2,21,0.2763,sv
248721,The Shock Doctrine,2007,Documentary|Animation,7.4,19,0.3338,en
394394,Halo: Landfall,2007,Action|Science Fiction|War,6.2,45,0.2631,en
47841,In Between Days,2007,Drama,6.133,15,0.2356,ko
46907,Notorious B.I.G.: Bigger Than Life,2007,Documentary|Music,6.2,16,0.4405,en
27550,Nina Frisk,2007,Comedy,5.0,11,0.3713,sv
66174,The Unpolished,2007,Drama,5.9,19,0.3242,de
4890,A Thousand Years of Good Prayers,2007,Drama,6.135,26,0.3164,en
87877,Deadwood Park,2007,Horror|Mystery,4.364,11,0.136,en
38935,Preserve,2007,Comedy,7.1,14,0.2093,pl
23515,Sick Girl,2007,Thriller|Horror|Crime,4.5,29,0.2825,en
69215,Manatu,2007,TV Movie|Adventure|Drama,4.9,13,0.4604,de
234833,Vinodayathra,2007,Drama,7.4,21,0.2501,ml
49153,Heartland,2007,Romance|Drama,4.7,16,0.272,en
41605,Running the Sahara,2007,Documentary,7.2,10,0.2719,en
39171,Haunted Forest,2007,Horror,3.738,21,0.2748,en
25003,Friends of God: A Road Trip with Alexandra Pelosi,2007,Documentary,5.1,10,0.243,en
60035,Dreams on Spec,2007,Documentary,5.7,10,0.2374,en
20907,Opium: Diary of a Madwoman,2007,Drama,5.381,21,0.2138,hu
15272,Up the Yangtze,2007,Documentary,7.3,26,0.2953,zh
58820,The Beckoning Silence,2007,Documentary|Action|Drama,7.6,28,0.213,en
76666,Invasion of the Pod People,2007,Horror|Science Fiction,3.9,27,0.2781,en
14896,Rich Kids,2007,Drama,3.3,16,0.2805,da
229151,Golden Eels,2007,TV Movie|Drama|Family,6.5,10,0.3615,cs
24393,To Love Someone,2007,Drama,5.5,13,0.384,sv
64397,Basic Sanitation  the Movie,2007,Comedy,7.134,146,0.2582,pt
48239,One Out of Two,2007,Drama|Romance,5.1,16,0.5305,it
17167,Juncture,2007,Action|Thriller,5.3,15,0.2206,en
319206,The Washingtonians,2007,Horror|TV Movie,5.4,24,0.3074,en
3982,The Sweet and the Bitter,2007,Crime|Drama,5.7,33,0.2842,it
2065,Could This Be Love?,2007,Drama|Comedy|Romance,6.323,31,0.2518,fr
194956,The Sign of the City,2007,Drama,6.4,13,0.2168,pt
94509,The Silence Before Bach,2007,Music,6.9,20,0.3332,ca
265447,The Pixar Shorts: A Short History,2007,Animation|Family|Documentary,7.7,33,0.2738,en
49432,Where Is Winky's Horse?,2007,Family,6.7,16,0.2961,nl
78527,Jimmy Carter: Man from Plains,2007,Documentary,6.5,10,0.2801,en
16517,The Can,2007,Comedy|Crime|Drama,5.547,32,0.21,cs
221015,An Old Maid,2007,Drama,6.5,14,0.2489,de
39489,Solitary Fragments,2007,Drama,5.8,24,0.2566,es
16666,War Dance,2007,Documentary|Music|War,7.158,19,0.2488,en
265980,Beck 24 - In the Name of God,2007,Crime|Drama|Thriller|Mystery,5.7,30,0.2557,sv
2859,Forever Never Anywhere,2007,Comedy,6.5,23,0.2284,de
356677,Just Desserts: The Making of 'Creepshow',2007,Horror|Documentary,6.2,15,0.2276,en
165147,The Time of Love,2007,Family|TV Movie,6.0,16,0.281,fr
17479,Alexandra,2007,War|Drama,6.0,44,0.2388,ru
74132,Vent mauvais,2007,Thriller|Crime|Drama,4.7,15,1.2597,fr
37092,A Jihad for Love,2007,Documentary,5.0,20,0.2618,en
46335,The Duchess of Langeais,2007,Drama|Romance,5.2,26,0.2714,fr
76267,In Mom's Head,2007,Comedy,5.1,17,0.2201,fr
58856,Héros,2007,Drama,5.5,26,0.3984,fr
27947,Beyaz Melek,2007,Drama,6.195,41,0.2392,tr
780723,Q,2007,Horror,6.2,33,0.2113,ja
127247,The Screen at Kamchanod,2007,Horror|Thriller,6.35,10,0.3432,th
22072,The Chair,2007,Horror|Thriller,3.9,30,0.1947,en
20299,Go,2007,Crime|Romance,6.8,14,0.2713,hi
14042,Razzle Dazzle: A Journey into Dance,2007,Comedy|Music,5.2,10,0.3412,en
384583,Deportees,2007,War|Comedy|Action|Drama,5.7,22,0.1582,fa
67890,Katha Parayumbol,2007,Comedy|Drama,7.6,17,0.3563,ml
265981,Beck 21 - The Japanese Painting,2007,Drama|Crime|Thriller|Mystery,5.4,30,0.2781,sv
70711,Lord Don't Slow Me Down,2007,Documentary|Music,7.6,11,0.285,en
13745,Perfect Match...,2007,Comedy|Romance,5.4,12,0.289,fr
63611,Under the Stars,2007,Drama,6.077,13,0.1987,es
113417,Gay Zombie,2007,Comedy|Horror,3.8,12,0.1794,en
40942,Before I Forget,2007,Drama|Romance,5.9,13,0.297,fr
501748,Paragraph 78: Film Two,2007,Science Fiction|Thriller|Action,4.667,33,0.3246,ru
59807,Love and Mary,2007,Comedy|Romance,5.781,16,0.2155,en
79492,Hunting Down the Nazis,2007,Documentary|History|War|TV Movie,7.4,11,0.2794,fr
74994,Armin,2007,Drama,7.0,12,0.1704,hr
26469,Skills Like This,2007,Comedy,5.1,13,0.2906,en
25479,Black Devil Doll,2007,Horror,4.3,29,0.2751,en
67289,Freakshow,2007,Horror,3.0,23,0.253,en
83039,Re-Animator Resurrectus,2007,Documentary,7.3,35,0.3479,en
110314,Write It on the Walls,2007,Comedy|Romance,5.3,124,0.2352,it
146380,The Legend of Bloody Jack,2007,Horror,4.1,13,0.2408,en
18496,The Cellar Door,2007,Horror|Thriller,3.7,24,0.2366,en
527634,Hansel and Gretel,2007,Fantasy|Horror,5.4,19,0.2562,en
278102,The Shadow Within,2007,Thriller|Horror,5.0,11,0.2167,en
157212,Voce del verbo amore,2007,Romance|Comedy,4.6,14,0.2052,it
103655,The Time of Secrets,2007,Family|TV Movie,6.1,22,0.1723,fr
44511,Noodle,2007,Drama,7.107,14,0.334,he
24447,Louis C.K.: Shameless,2007,Comedy|TV Movie,7.792,180,0.2172,en
254932,Il generale Dalla Chiesa,2007,History|Action|Drama,6.1,12,0.1937,it
82812,SMS: Sotto Mentite Spoglie,2007,Comedy,5.0,131,0.2538,it
39817,Religion,2007,Drama|History,5.7,12,0.2404,hi
405889,Convicted Outlaw,2007,Drama|Crime,6.4,18,0.1811,ar
39816,The Pool,2007,Drama,6.0,14,0.2238,hi
86216,Taking the Plunge,2007,Comedy|Drama|Romance,5.7,14,0.2383,fr
38428,Gandhi  My Father,2007,Drama|History,5.577,13,0.2302,hi
81389,The Last Summer,2007,Drama,6.286,14,0.1407,nl
54325,Back Soon,2007,Drama|Comedy|Romance,4.8,29,0.338,en
114246,Fantasma,2007,Drama,5.8,19,0.1161,es
36746,Punk's Not Dead,2007,Documentary|Music,6.109,23,0.3127,en
21343,Reverb,2007,Horror,5.1,12,0.3127,en
228313,Surveillance 24/7,2007,Drama|Romance|Thriller,3.9,15,0.1871,en
187945,OK,2007,Comedy,5.4,10,0.2273,pt
32451,Heavy Metal in Baghdad,2007,Documentary|Music,7.3,21,0.1525,en
488216,Strangers,2007,Thriller|Drama|Romance,5.0,10,0.23,hi
92452,Patton Oswalt: Werewolves and Lollipops,2007,Comedy,6.3,13,0.2718,en
30396,Stash,2007,Horror,1.6,10,0.1978,en
6079,Empties,2007,Comedy,6.787,75,0.3027,cs
57861,The Surfer King,2007,Comedy|Family,3.933,15,0.2197,en
117361,Return Of Hanuman,2007,Animation|Family|Action|Adventure,6.316,19,0.3398,hi
430656,The Pirate - Marco Pantani,2007,Drama,5.9,15,0.2307,it
350680,Mavi Gözlü Dev,2007,Drama,6.2,12,0.1257,tr
29798,Dead Man's Hand,2007,Horror,3.8,18,0.2221,en
82414,Forbidden to Forbid,2007,Drama,6.2,13,0.2018,pt
198308,Ricky Gervais Live 3: Fame,2007,Comedy,6.992,61,0.2436,en
17331,Suck My Geek!,2007,Documentary,6.7,22,0.2596,en
255967,My Fair Son,2007,Drama,4.0,10,0.3176,zh
341567,Which Way Today?,2007,Drama,5.9,14,0.2045,bg
26354,Surfwise,2007,Documentary,6.845,29,0.1687,en
123517,Ranczo Wilkowyje,2007,Comedy,5.6,15,0.2268,pl
63445,Multishow ao Vivo: Ivete no Maracanã,2007,Music|TV Movie,9.0,11,0.2536,pt
84572,The Mars Underground,2007,Documentary,7.233,15,0.1927,en
19775,Teddy Bear,2007,Comedy|Drama,5.136,11,0.3274,cs
172263,Life Kills Me,2007,Comedy|Drama,5.607,14,0.2376,es
126610,RR,2007,Documentary,7.0,35,0.4353,en
280184,Hallo,2007,Comedy|Thriller,5.6,17,0.2874,ml
47398,Gangster,2007,Crime|Drama,2.1,11,0.1861,sv
305076,Incorregibles,2007,Comedy,6.0,13,0.212,es
6416,Runaway Horse,2007,Comedy|Drama,5.3,10,0.2084,de
77363,The Photograph,2007,Drama,5.6,11,0.2449,id
25784,Journey From the Fall,2007,Drama,6.182,11,0.3073,vi
319297,The Black Cat,2007,Horror|TV Movie,6.2,32,0.3055,en
277608,Naqaab,2007,Crime|Romance|Thriller,4.563,16,0.387,hi
360110,With a Little Patience,2007,Drama,7.0,13,0.225,hu
28687,Unholy,2007,Horror|Science Fiction|Thriller,3.417,12,0.3216,en
19934,Tonight I'll Sleep at Yours,2007,Comedy,5.1,63,0.372,fr
51201,Lucky Blue,2007,Romance|Drama,5.8,33,0.1825,sv
18441,Death of a Ghost Hunter,2007,Horror|Thriller,4.0,47,0.2361,en
248045,The Raven,2007,Horror|Mystery,2.7,10,0.1807,en
550760,Tomb Raider Ascension,2007,Action|Adventure|Fantasy,5.9,16,0.1919,en
78115,The Other,2007,Drama,4.857,14,0.2418,es
54819,The Pearce Sisters,2007,Animation|Horror,6.7,18,0.1886,en
27285,Rise of the Dead,2007,Horror,2.9,13,0.232,en
14025,Lake Dead,2007,Horror|Thriller,4.2,57,0.3169,en
16137,Fear(s) of the Dark,2007,Animation|Horror|Mystery,6.3,70,0.2426,fr
32092,Under the Bombs,2007,Romance|Drama|History|War,6.6,27,0.1923,fr
435164,Il figlio della luna,2007,Drama,7.7,19,0.1444,it
39033,The Houseboy,2007,Drama,4.667,15,0.2144,en
25782,The New Man,2007,Drama,6.6,10,0.253,sv
28602,Zombie Wars,2007,Horror,3.6,31,0.3574,en
86065,Foster Child,2007,Drama,7.0,12,0.2673,tl
312101,Used Parts,2007,Unknown,6.7,10,0.231,es
69285,Cages,2007,Thriller|Drama|Romance,4.6,15,0.1705,fr
58078,Cardiofitness,2007,Romance|Drama,5.5,38,0.1558,it
30132,Cowboy,2007,Comedy,5.813,16,0.3113,fr
17223,Two Tigers,2007,Action|Adventure|Thriller,3.538,13,0.2293,en
15372,Jimmy Carr: Comedian,2007,Comedy,7.679,39,0.4576,en
117316,Strangers,2007,Drama|Romance|Thriller,5.8,12,0.2374,he
24007,More Things That Happened,2007,Horror|Drama,6.2,27,0.1986,en
171859,Black White + Gray: A Portrait of Sam Wagstaff and Robert Mapplethorpe,2007,Documentary,4.8,10,0.2888,en
45198,Secrets,2007,Drama,3.5,10,0.1087,en
230268,Mirrors,2007,Drama,5.8,19,0.2367,fr
48675,Small Town Folk,2007,Horror,3.457,23,0.1658,en
25630,Kurt Cobain: About a Son,2007,Documentary|Music,6.9,73,0.2176,en
163661,Two Embraces,2007,Drama,6.1,13,0.1895,es
50769,Even Pigeons Go to Heaven,2007,Animation|Comedy,5.6,21,0.2478,fr
15281,King Corn,2007,Documentary,6.329,35,0.1584,en
29568,In the City of Sylvia,2007,Drama|Romance,6.8,50,0.2589,es
15583,Nine Inch Nails: Beside You in Time,2007,Music|Documentary,7.7,21,0.1738,en
45516,Barcelona (A Map),2007,Drama,5.1,13,0.2293,ca
464390,Daruchini Dwip,2007,Comedy|Drama|Romance,7.5,15,0.2593,bn
22887,Loose Change: Final Cut,2007,Documentary,6.5,44,0.1516,en
53204,Amazing Journey: The Story of The Who,2007,Documentary|Music,7.0,20,0.3003,en
47300,Fragile(s),2007,Comedy|Drama,5.3,13,0.2067,en
80180,No Bikini,2007,Drama,5.9,12,0.2171,en
67679,Blood  Boobs & Beast,2007,Documentary|Horror,5.0,15,0.1859,en
52157,Riza,2007,Drama|Crime,5.7,12,0.2403,tr
103902,Unfinished Sky,2007,Romance|Drama,6.2,23,0.2676,en
24996,Summer Scars,2007,Drama|Horror,5.5,25,0.2831,en
81930,Modesty,2007,Drama,4.1,14,0.2323,es
48288,Small Town Gay Bar,2007,Documentary,6.115,26,0.1495,en
1684,Prinzessinnenbad,2007,Documentary,5.8,13,0.3006,de
112295,So  What's Your Price?,2007,Documentary,7.6,10,0.164,es
19098,Just About Love?,2007,Comedy|Drama,4.6,32,0.2362,fr
302603,Demis Roussos:  Rain And Tears,2007,Music,8.083,11,0.1852,en
30867,Scott Walker: 30 Century Man,2007,Documentary|Music,7.147,34,0.304,en
24172,Dr. Plonk,2007,Action|Comedy|Drama|Science Fiction,6.3,14,0.1709,en
44364,Before Dawn,2007,Action|Drama,6.233,15,0.1671,hu
60850,Fashion Victims,2007,Comedy,5.9,29,0.1815,de
16803,Kiss Of Life,2007,Comedy|Drama,4.8,22,0.1505,el
267044,My Life Inside,2007,Documentary,7.25,12,0.2584,es
17778,We Are the Strange,2007,Fantasy|Animation|Drama|Horror|Science Fiction,4.1,15,0.1719,en
239498,Girl  Positive,2007,TV Movie|Drama,6.1,11,0.2408,en
22182,Lessons in Chocolate,2007,Comedy,5.877,204,0.286,en
51431,Romantic,2007,Drama|Romance,4.917,12,0.165,tr
31775,Dave Attell: Captain Miserable,2007,Comedy,5.8,13,0.2182,en
14065,Ten 'til Noon,2007,Crime|Thriller,5.109,23,0.1443,en
336134,200 000 Phantoms,2007,Documentary|History|War,7.364,11,0.1866,fr
111427,Due imbroglioni e... mezzo!,2007,Comedy|Family,5.402,102,0.2559,it
312883,Pantasya,2007,Drama,4.2,10,0.1776,tl
18178,Shadows,2007,Drama|Mystery|Horror,5.2,17,0.1285,mk
354305,Xuxa in Girl's Dream,2007,Family,7.8,10,0.1758,pt
449679,The Necklace,2007,Drama|Comedy|TV Movie,5.6,14,0.2292,fr
119256,Dolls,2007,Romance|Comedy|Drama,5.556,18,0.168,cs
66110,Fall from Grace,2007,Documentary,5.6,17,0.384,en
410867,The Masked Gang: Iraq,2007,Comedy,3.549,41,0.1998,tr
344457,What Is That?,2007,Drama,7.118,17,0.2186,el
253007,Angels Inc,2007,Comedy,6.4,13,0.1866,es
53268,World Builder,2007,Romance|Science Fiction,6.8,22,0.163,en
11111,King Lines,2007,Adventure|Documentary,6.9,11,0.1927,en
129662,Bad,2007,Drama|Family,8.6,19,0.1575,en
24551,Dark Resurrection,2007,Action|Science Fiction,6.0,21,0.3686,it
32583,Zombie Town,2007,Horror,4.976,21,0.1857,en
459909,Mon amour de fantôme,2007,TV Movie|Comedy,3.7,13,0.2163,fr
148183,Oscar Niemeyer: Life is a Breath of Air,2007,Documentary,6.9,10,0.1577,pt
69214,Tricks,2007,Comedy|Drama,6.784,37,0.2351,pl
21181,Lucky Miles,2007,Drama|Comedy,6.0,10,0.1962,en
17968,De Scheepsjongens van Bontekoe,2007,Adventure|History,6.211,19,0.2846,nl
65145,The Mudboy,2007,Horror|Crime,5.8,31,0.1988,es
129882,Phantom Love,2007,Drama|Fantasy,5.1,13,0.1908,en
32009,Dead Wood,2007,Horror,3.4,18,0.1703,en
193288,Extraterrestrial,2007,Drama|Science Fiction,6.8,12,0.2498,ru
105989,Zombies: The Beginning,2007,Action|Horror,4.0,22,0.182,en
24278,3 Friends,2007,Comedy,5.1,34,0.1586,fr
22564,Brian Regan: Standing Up,2007,Comedy,7.4,19,0.1653,en
44306,In the Arms of My Enemy,2007,Adventure|Drama,5.2,14,0.1879,fr
39131,Dark Rising,2007,Fantasy|Action|Horror|Comedy|Adventure,4.6,19,0.2058,en
79526,Duska,2007,Drama,5.1,13,0.2164,nl
1442,Full Metal Village,2007,Documentary,6.75,24,0.3678,de
49765,Calle Santa Fe,2007,Documentary,5.192,13,0.1734,es
71753,Cumbia Callera,2007,Drama|Crime|Romance,5.6,11,0.1574,es
19566,Autism: The Musical,2007,Documentary,6.867,15,0.1729,en
28958,Head Case,2007,Drama|Horror,3.3,11,0.1414,en
72426,All About My Bush,2007,Comedy,3.4,10,0.2421,sv
54704,Hell's Ground,2007,Adventure|Horror|Action|Science Fiction,4.9,28,0.176,ur
44095,A Map For Saturday,2007,Documentary,7.7,19,0.1528,en
38052,Please Vote for Me,2007,Documentary,7.5,31,0.2284,zh
13317,The Aerial,2007,Science Fiction|Drama,7.2,109,0.188,es
245023,The Substitute,2007,Comedy,6.2,14,0.1662,it
31241,Yes Sir,2007,Comedy|Action|Adventure,1.8,26,0.2506,tr
15651,For the Bible Tells Me So,2007,Documentary,6.9,56,0.1411,en
22900,Tim Minchin: So Live,2007,Comedy|Music,7.1,11,0.1641,en
104967,Once Upon a Time in Norway,2007,Crime|Documentary|Music,6.8,10,0.152,en
60531,Heartbeat Detector,2007,Drama|Thriller,5.6,18,0.1341,fr
30365,An Unreasonable Man,2007,Documentary,7.85,20,0.1512,en
26336,Crazy Love,2007,Documentary|Romance,6.4,38,0.2669,en
113421,Scarred,2007,Drama,4.2,12,0.4477,en
60521,Jean de La Fontaine  le défi,2007,History,4.8,10,0.2107,fr
42413,The Workshop,2007,Documentary,4.2,19,0.2255,en
27950,Surreal Love From the Wasteland,2007,Comedy|Drama,6.1,15,0.1485,tr
155939,Time to Die,2007,Drama,7.104,24,0.2008,pl
99721,Last Minute Marocco,2007,Comedy,5.013,40,0.123,it
25572,American Drug War: The Last White Hope,2007,Documentary,6.8,23,0.1874,en
53460,ROMing,2007,Comedy,5.5,13,0.2056,cs
428080,Queen of Condoms,2007,Documentary,6.0,22,0.1667,es
94694,Crime and Punishment,2007,Documentary,7.0,11,0.1812,zh
162659,Primrose Hill,2007,Drama,5.6,10,0.1875,fr
46883,Quiet City,2007,Drama|Romance,5.8,22,0.1636,en
37985,The Trials of Darryl Hunt,2007,Documentary,8.067,15,0.1826,en
228349,Zidane  un destin d'exception,2007,Documentary|History,6.0,12,0.1698,fr
543146,Katie Morgan's Porn 101,2007,Documentary,5.4,10,0.2976,en
82478,Don't Waste Your Time  Johnny!,2007,Comedy|Drama,6.2,14,0.3109,it
83690,Bitter Sweetheart,2007,Comedy|Drama,4.0,13,0.1742,sv
14233,Film Noir,2007,Mystery|Animation|Crime,6.0,42,0.123,en
40419,Teen Spirit,2007,Comedy,4.5,23,0.1695,fr
241127,Rino Gaetano - Ma il cielo è sempre più blu,2007,Drama|Music,6.746,61,0.3428,it
412327,Isidoro: la película,2007,Comedy|Animation,6.9,20,0.1556,es
49174,The Best Men,2007,Drama,5.1,16,0.1746,en
276653,Mezcal,2007,Unknown,5.5,10,0.2081,en
31197,Team Picture,2007,Comedy|Music,4.2,10,0.1538,en
205432,Tad Jones and the Basement of Doom,2007,Animation|Adventure,6.8,34,0.1923,es
86172,Stray Dog,2007,Drama|Romance,5.618,17,0.188,pt
19619,Cherche fiancé tous frais payés,2007,Comedy,5.635,23,0.1938,fr
263335,La Influencia,2007,Drama,4.591,11,0.1428,es
156253,Lola: The Movie,2007,Drama|Family,5.583,12,0.1421,es
51067,14 Kilometers,2007,Drama,6.2,16,0.2232,es
31114,Monster Camp,2007,Documentary|Comedy,6.7,12,0.1708,en
36384,Why Not!,2007,Comedy|Romance,5.0,24,0.1594,pl
91191,Late Bloomer,2007,Drama|Crime|Thriller,6.667,12,0.2073,ja
36651,Strike,2007,Drama,7.2,10,0.1891,de
36619,J.K. Rowling: A Year in the Life,2007,Documentary|TV Movie,7.4,28,0.1907,en
175624,Flatmates,2007,Unknown,5.2,10,0.1596,sv
43651,Google Me,2007,Documentary,6.0,11,0.2097,en
45709,Inside the Living Body,2007,Documentary,6.8,10,0.15,en
225695,Les Bodin's - Bienvenue à la capitale,2007,Comedy,5.7,15,0.1459,fr
81537,One Night in One City,2007,Fantasy|Horror|Animation,5.9,15,0.1448,cs
65435,Consuming Kids: The Commercialization of Childhood,2007,Documentary,7.4,17,0.1364,en
29110,Garbage Warrior,2007,Documentary,7.8,16,0.1861,en
45064,Hating Gothenburg,2007,Drama|Comedy,6.1,12,0.1899,sv
15323,Steal This Film II,2007,Documentary,6.3,22,0.1349,en
90324,The English Surgeon,2007,Documentary,7.9,17,0.1463,en
168177,Xx: Where Your Heart Should Be,2007,Drama,5.4,15,0.2148,en
245025,Freeheld,2007,Documentary,5.7,14,0.1971,en
297865,La Santa Muerte,2007,Drama|Thriller,6.6,22,0.1164,es
16117,What Would Jesus Buy?,2007,Documentary,5.9,15,0.1388,en
110523,Curse of the Zodiac,2007,Horror|Thriller|Crime|Mystery,1.3,17,0.2177,en
260645,Last Temptation in Thailand,2007,Documentary,10.0,13,0.1097,en
194215,Slasher,2007,Horror,4.4,11,0.1147,de
81544,Glass Lips,2007,Drama,4.8,12,0.136,en
27606,Millennium Crisis,2007,Science Fiction,2.227,11,0.4108,en
327500,Looking for Miguel,2007,Drama|Comedy,7.211,19,0.1116,es
108176,Daniel Tosh: Completely Serious,2007,Comedy,6.844,45,0.1645,en
270256,Lillo e Greg - The Movie!,2007,Comedy,5.2,13,0.184,it
34536,Jim Norton: Monster Rain,2007,Comedy,6.0,14,0.1512,en
41727,Cobrador: In God We Trust,2007,Drama,4.059,17,0.2454,es
46013,Another Perfect Stranger,2007,Drama,6.3,10,0.15,en
36406,God's Little Garden,2007,Comedy,5.793,29,0.1927,pl
25279,Earth: The Power of the Planet,2007,Documentary,8.0,27,0.142,en
143763,Odin's Shield Maiden,2007,Unknown,5.8,12,0.1681,en
36135,Heavy Metal,2007,Drama,5.9,12,0.0934,fi
69773,Return in Red,2007,Horror,4.2,22,0.1246,en
33581,Black Gruja and the Stone of Wisdom,2007,Comedy,6.5,10,0.1121,sr
172486,Mil Mascaras vs. the Aztec Mummy,2007,Horror|Science Fiction,5.3,10,0.134,en
22285,Good Copy Bad Copy,2007,Documentary,7.393,14,0.0805,en
44471,Japan Japan,2007,Drama|Comedy,4.2,11,0.1579,he
15833,Let's Dance,2007,Comedy,5.3,18,0.1328,fr
117209,Whisper of Sin,2007,Drama,5.5,13,0.1044,lt
19244,Mr. Untouchable,2007,Crime|Documentary,6.7,19,0.1497,en
72805,ARK,2007,Animation|Science Fiction,6.408,38,0.0801,en
45053,Comme ton père,2007,Drama|Action|Thriller,5.1,13,0.1891,fr
13731,The Age of Man,2007,Comedy,4.6,14,0.1433,fr
15261,Bring It On: In It to Win It,2007,Comedy,6.415,538,0.1389,en
58390,Ciao Bella,2007,Drama|Romance,4.2,12,0.1358,sv
15776,The Art of Crying,2007,Drama,6.935,31,0.1626,da
83284,Dennis,2007,Drama,6.8,38,0.1724,da
314027,Alessandro Siani - Tienimi presente,2007,Comedy|Family,7.0,14,0.1195,it
182979,Louis Theroux: Under the Knife,2007,Documentary|TV Movie,6.633,30,0.1758,en
199166,Blue Green,2007,Horror,6.4,25,0.1042,en
18181,Manda Bala (Send a Bullet),2007,Documentary,6.2,18,0.1349,en
31811,Chalk,2007,Comedy|Drama,5.1,10,0.1213,en
23565,With Friends Like These,2007,Comedy|Drama,6.2,20,0.1098,nl
81458,Lucio,2007,Documentary,7.5,14,0.0717,es
44385,Werewolf: The Devil's Hound,2007,Horror|Thriller,3.3,15,0.0901,en
173421,Alter Ego,2007,Drama|Romance,4.083,12,0.1831,el
81589,Must Read After My Death,2007,Documentary,4.6,31,0.1145,en
210250,Louis Theroux: Gambling in Las Vegas,2007,Documentary|TV Movie,6.941,34,0.1846,en
3048,The Great Global Warming Swindle,2007,Documentary,6.6,34,0.137,de
69796,From the Sea,2007,Animation|Music,4.458,12,0.0717,es
144521,Heroes del Silencio: Tesoro - El Ultimo Silencio,2007,Music,7.077,13,0.0926,es
23327,Sarah Landon and the Paranormal Hour,2007,Family|Horror|Mystery|Thriller,4.5,11,0.1199,en
72814,Papiroflexia,2007,Animation,7.0,13,0.1789,en
107140,Tomorrow  We're Going to the Movies,2007,Drama|History|TV Movie,7.1,19,0.0894,pl
82409,Mutum,2007,Drama,7.5,15,0.095,pt
516830,The True Story of the Weeping Woman,2007,Horror,5.2,10,0.1017,es
47624,Omid Djalili: No Agenda,2007,Comedy,6.0,10,0.0973,en
226012,Intolerance III: The Final Solution,2007,Animation|Comedy|Drama|Science Fiction,7.3,11,0.1474,en
32537,Atasco en la nacional,2007,Comedy,4.5,19,0.0928,es
18362,Doug Stanhope: No Refunds,2007,Comedy,7.4,30,0.136,en
206577,J.C. Chavez,2007,Unknown,5.5,10,0.0933,es
14279,My Kid Could Paint That,2007,Documentary,7.0,50,0.0976,en
132643,Héroes del Silencio Tour 2007,2007,Unknown,9.0,34,0.1275,en
82806,Prova a volare,2007,Drama,5.6,21,0.0969,it
75707,Zoop In South America,2007,Adventure|Family|Action|Comedy,5.1,10,0.112,nl
147807,Kirksdale,2007,Horror|Mystery|Thriller,6.1,11,0.0796,en
239803,Kenedi Is Getting Married,2007,Documentary,4.4,10,0.0928,sr
36077,Vorne ist verdammt weit weg,2007,Comedy,5.8,11,0.1361,de
594040,Test,2007,Drama,7.686,59,0.1139,es
24506,The Enemies of Reason,2007,Documentary,7.5,37,0.1174,en
80142,Sleeping Betty,2007,Animation|Comedy,6.8,21,0.1538,fr
16445,The Woods Have Eyes,2007,Thriller|Horror,3.6,10,0.1309,en
295370,The True Story of Charlie Wilson,2007,Documentary,5.1,14,0.0875,en
73714,Franz Kafka's a Country Doctor,2007,Animation|Drama,6.7,58,0.1039,ja
389645,Lucía,2007,Animation|Horror|Drama,7.5,11,0.0901,es
260648,To Be Continued,2007,Documentary,6.5,10,0.1004,hi
131792,At Sea,2007,Documentary,7.1,16,0.076,en
22775,Forbidden Lies,2007,Documentary,7.6,10,0.0829,en
25721,Amexicano,2007,Drama,6.0,10,0.1164,en
177906,And Thou Shalt Love,2007,Drama,4.7,13,0.0907,he
569217,Finalmente Natale,2007,Comedy|TV Movie,5.5,11,0.2579,it
159145,I Met the Walrus,2007,Documentary|Animation,7.08,25,0.0518,en
26019,Kathy Griffin: Everybody Can Suck It,2007,Comedy,6.0,13,0.0823,en
115416,This World of Ours,2007,Drama,6.731,13,0.1296,ja
341170,My Name Is Lisa,2007,Unknown,6.5,13,0.0947,en
295441,Fear of Clowns 2,2007,Horror,3.618,17,0.1004,en
65253,The Bracelet of Bordeaux,2007,Fantasy|Science Fiction|Family,4.55,10,0.1257,en
352371,Crossing the Line,2007,Documentary,6.2,14,0.1186,it
43928,No Control,2007,Thriller|Drama,6.15,10,0.1185,pt
91825,Postcards from Leningrad,2007,Drama,4.2,10,0.1182,es
13137,A Very British Gangster,2007,Crime|Documentary,6.1,28,0.0832,en
312858,Ballerina,2007,Music,6.1,19,0.09,en
73244,7 km da Gerusalemme,2007,Drama,5.5,24,0.2268,it
212056,Qwerty,2007,Thriller,5.7,140,0.0757,en
26017,Kathy Griffin: Straight to Hell,2007,Comedy,6.7,10,0.1639,en
69349,Red Sky,2007,Drama|Romance,5.0,16,0.1318,el
257332,Louis C.K. Learns About the Catholic Church,2007,Comedy,6.8,13,0.0829,en
46030,Sympathy for the Lobster,2007,Documentary|Comedy,6.0,10,0.0807,it
40928,Half a Person,2007,Drama,3.2,13,0.0865,en
86531,You  Me and Him,2007,Drama|Romance,6.0,41,0.0871,pt
80019,Larry Flynt: The Right to Be Left Alone,2007,Documentary,5.5,10,0.0553,en
108177,Demetri Martin. Person.,2007,Comedy|TV Movie,6.4,30,0.0568,en
67865,Straight,2007,Drama|Romance,5.6,11,0.1289,de
151401,Behave,2007,Documentary,7.0,22,0.0646,pt
335383,Lapsus,2007,Animation,7.4,17,0.0558,xx
254889,Capitalism: Slavery,2007,Unknown,4.9,17,0.0509,en
70021,Raiders of the Damned,2007,Horror,3.35,10,0.0502,en
181013,Black Button,2007,Science Fiction,6.4,13,0.1998,en
113301,The Dark Ages,2007,Documentary|History,8.1,10,0.1053,en
35941,In Debt We Trust: America Before the Bubble Bursts,2007,Documentary,6.2,15,0.0806,en
532155,Musangwe: Fight Club,2007,Documentary,7.7,16,0.0379,en
46760,Float,2007,Comedy,4.7,11,0.0416,en
450710,Rehearsals for Retirement,2007,Animation|Mystery,7.3,12,0.0379,en
1130892,Fast,2007,Unknown,6.1,32,0.0445,en
471155,Vestido nuevo,2007,Drama,7.4,10,0.0322,es
75110,I Choose The Window,2007,Comedy,7.2,10,0.0311,es
359097,The Chest,2007,Horror,5.0,10,0.0454,en
90680,Maria Life,2007,Animation|Drama,6.3,13,0.0434,pt
56636,Jethro Tull: Live At Montreux 2003,2007,Music,7.2,10,0.0214,en
53264,Dinosaurs: Giants of Patagonia,2007,Documentary,6.68,25,0.0182,en
271236,Bill Evans Trio: The Oslo Concerts,2007,Music,5.8,53,0.0071,en
