id,title,release_year,genres,vote_average,vote_count,popularity,original_language
441168,From Straight A's to XXX,2017,Drama|TV Movie,5.8,162,58.8766,en
315635,Spider-Man: Homecoming,2017,Action|Adventure|Science Fiction,7.331,23189,26.6138,en
354912,Coco,2017,Family|Animation|Music|Adventure,8.198,20991,22.8071,en
458293,Michael Jackson: Searching for Neverland,2017,Drama|TV Movie,6.561,114,25.2108,en
335984,Blade Runner 2049,2017,Science Fiction|Drama,7.6,15155,22.1805,en
181808,Star Wars: The Last Jedi,2017,Adventure|Action|Science Fiction,6.751,16345,18.8689,en
284053,Thor: Ragnarok,2017,Action|Science Fiction|Comedy,7.582,22032,16.6946,en
426889,Le Clitoris,2017,Animation|Documentary,6.756,43,15.5272,fr
406997,Wonder,2017,Family|Drama,8.107,8255,16.8801,en
47971,xXx: Return of Xander Cage,2017,Action|Adventure|Crime,6.132,9228,16.9901,en
324552,John Wick: Chapter 2,2017,Action|Thriller|Crime,7.3,14263,14.0727,en
283995,Guardians of the Galaxy Vol. 2,2017,Science Fiction|Adventure|Action,7.61,22949,15.0343,en
419430,Get Out,2017,Mystery|Thriller|Horror,7.623,18895,14.2083,en
411088,The Invisible Guest,2017,Drama|Mystery|Thriller,8.078,4988,12.8333,es
166426,Pirates of the Caribbean: Dead Men Tell No Tales,2017,Adventure|Action|Fantasy,6.658,12819,14.6926,en
370663,Below Her Mouth,2017,Drama|Romance,6.796,1292,13.1964,en
321612,Beauty and the Beast,2017,Family|Fantasy|Romance,6.968,16006,12.8035,en
374720,Dunkirk,2017,War|Action|Drama,7.452,17578,11.7192,en
297762,Wonder Woman,2017,Action|Adventure|Fantasy,7.209,20911,12.5992,en
126889,Alien: Covenant,2017,Horror|Science Fiction,6.176,9425,12.7809,en
293167,Kong: Skull Island,2017,Action|Adventure|Fantasy,6.6,11135,12.599,en
346364,It,2017,Horror|Thriller|Drama,7.241,20332,12.4413,en
263115,Logan,2017,Action|Drama|Science Fiction,7.82,20411,12.6235,en
260514,Cars 3,2017,Animation|Drama|Family,6.86,6390,11.7492,en
378236,The Emoji Movie,2017,Animation|Family|Comedy,5.39,3321,11.9903,en
337339,The Fate of the Furious,2017,Action|Crime|Thriller,6.854,10816,9.176,en
532794,Sex Plate 17,2017,Comedy|Drama|Romance,6.192,13,9.7488,ko
452557,Wolf Warrior 2,2017,War|Action,6.509,332,9.5503,zh
341174,Fifty Shades Darker,2017,Drama|Romance,6.474,7940,10.2462,en
141052,Justice League,2017,Action|Adventure|Science Fiction,6.074,13672,9.4008,en
381288,Split,2017,Horror|Thriller,7.341,18327,9.6898,en
398818,Call Me by Your Name,2017,Romance|Drama,8.1,12749,9.1786,en
339403,Baby Driver,2017,Action|Crime,7.443,16842,9.8854,en
537971,Mia,2017,Drama|Documentary,6.156,32,7.9118,es
274855,Geostorm,2017,Action|Science Fiction|Thriller,6.124,5181,9.091,en
335988,Transformers: The Last Knight,2017,Action|Adventure|Science Fiction,6.058,6721,9.3413,en
483664,PlayBoy (and the Gang of Cherry),2017,Action|Crime|Drama,4.35,10,13.4428,th
339846,Baywatch,2017,Comedy|Action|Crime,6.082,8499,8.5185,en
451156,Infidelity in Suburbia,2017,Thriller|TV Movie,6.2,156,8.9294,en
353486,Jumanji: Welcome to the Jungle,2017,Adventure|Comedy|Fantasy|Action,6.821,14494,8.8928,en
339964,Valerian and the City of a Thousand Planets,2017,Adventure|Science Fiction|Action,6.638,8006,9.7217,en
324849,The Lego Batman Movie,2017,Animation|Action|Comedy|Family,7.246,5414,7.7392,en
316029,The Greatest Showman,2017,Drama,7.858,10060,7.7693,en
392044,Murder on the Orient Express,2017,Mystery|Drama|Crime,6.707,10553,7.1531,en
343668,Kingsman: The Golden Circle,2017,Action|Adventure|Comedy|Crime|Science Fiction,6.946,11140,7.421,en
281338,War for the Planet of the Apes,2017,Drama|Science Fiction|War,7.218,9722,8.4649,en
274857,King Arthur: Legend of the Sword,2017,Action|Drama|Fantasy,6.557,6057,7.2607,en
395834,Wind River,2017,Crime|Mystery|Drama|Thriller,7.438,5777,7.0176,en
434203,Newness,2017,Romance|Drama,6.054,626,5.8401,en
400928,Gifted,2017,Drama|Comedy,7.998,5943,7.7203,en
324852,Despicable Me 3,2017,Action|Animation|Comedy|Family|Adventure,6.5,7636,6.5589,en
364689,Ferdinand,2017,Animation|Family|Adventure|Comedy,7.211,3093,6.4919,en
479718,The Outlaws,2017,Action|Crime|Thriller,7.65,542,6.3084,ko
397567,Along with the Gods: The Two Worlds,2017,Action|Adventure|Drama|Fantasy|Thriller,8.04,1188,6.4319,ko
298250,Jigsaw,2017,Horror|Mystery,6.2,3964,6.4685,en
282035,The Mummy,2017,Fantasy|Thriller|Action|Adventure|Horror,5.522,7649,5.9995,en
399055,The Shape of Water,2017,Drama|Fantasy|Romance,7.2,12858,6.879,en
526024,Boy Undone,2017,Drama,4.75,20,10.2887,es
447759,Adult Only Institute,2017,Comedy|Drama|Romance,4.667,15,6.1412,ko
315837,Ghost in the Shell,2017,Science Fiction|Drama|Action,6.108,8572,6.5082,en
482706,Oligosaccharide The Movie,2017,Drama,4.5,11,5.23,ko
346648,Paddington 2,2017,Adventure|Comedy|Family,7.479,2793,5.5906,en
484133,Nude,2017,Documentary,9.4,167,5.5922,en
379149,The Foreigner,2017,Action|Thriller|Crime,6.974,2932,5.4942,en
305470,Power Rangers,2017,Action|Adventure|Science Fiction,6.253,4633,5.3902,en
458083,Covet: Island of Desire,2017,Romance,5.5,14,5.5047,ko
381283,mother!,2017,Horror|Drama,6.961,7105,6.1824,en
391713,Lady Bird,2017,Drama|Comedy,7.25,9022,6.1668,en
359940,Three Billboards Outside Ebbing  Missouri,2017,Crime|Drama,8.056,10908,5.7063,en
435901,About Love,2017,Romance|Drama|Thriller,5.4,32,5.5621,ru
396422,Annabelle: Creation,2017,Horror,6.608,5988,6.5761,en
464733,Trafficked,2017,Drama,6.651,96,7.223,en
467938,Revenge,2017,Action|Horror|Thriller|Drama,6.515,2088,6.5336,fr
406990,What Happened to Monday,2017,Science Fiction|Thriller|Mystery|Action,7.147,6440,4.9492,en
458353,High Heel Homicide,2017,Thriller|Horror,5.278,36,5.145,en
390043,The Hitman's Bodyguard,2017,Action|Comedy|Crime|Thriller,6.893,6670,5.501,en
411873,The Little Hours,2017,Comedy,5.891,654,7.0128,en
395991,Only the Brave,2017,Drama|History,7.466,1873,4.5866,en
337170,American Made,2017,Comedy|Crime|Drama,6.902,4980,5.0552,en
339692,Shot Caller,2017,Crime|Drama|Thriller,6.959,2232,5.3856,en
395992,Life,2017,Horror|Science Fiction|Mystery,6.5,7927,5.3487,en
446354,The Post,2017,Drama|History,7.0,4915,5.115,en
488623,Forgotten,2017,Thriller|Mystery|Crime,7.886,1338,4.8617,ko
415842,American Assassin,2017,Action|Adventure|Thriller,6.415,3254,4.9973,en
419479,The Babysitter,2017,Comedy|Horror,6.185,3906,5.6489,en
399404,Darkest Hour,2017,Drama|History,7.357,5524,4.5952,en
341013,Atomic Blonde,2017,Action|Thriller,6.437,6645,6.8885,en
433808,The Ritual,2017,Horror|Mystery,6.28,3429,4.8322,en
345938,The Shack,2017,Drama|Family,7.505,2253,6.0459,en
353491,The Dark Tower,2017,Fantasy|Action|Science Fiction,5.8,5526,4.6736,en
274862,The Lego Ninjago Movie,2017,Action|Adventure|Animation|Comedy|Family,6.504,1168,4.8906,en
465595,Sweet Sex,2017,Romance|Drama,6.9,22,4.2607,ko
432991,Sister of Mine,2017,Drama|Thriller,5.214,56,4.2362,es
340837,A Cure for Wellness,2017,Horror|Mystery|Science Fiction,6.351,4188,5.3684,en
384680,Hostiles,2017,Drama|Western|History|Adventure,6.943,2510,4.2306,en
14564,Rings,2017,Horror,5.021,2617,4.5006,en
467012,Satan's Slaves,2017,Horror|Mystery,6.66,300,4.5298,id
137116,Smurfs: The Lost Village,2017,Family|Comedy|Adventure|Animation,6.361,1560,4.6654,en
286538,Bokeh,2017,Drama|Science Fiction|Thriller,5.422,269,5.561,en
441701,Veronica,2017,Horror,6.24,1872,5.2813,es
433498,Papillon,2017,Adventure|Crime|Drama,7.325,2136,4.3199,en
401513,Attraction,2017,Drama|Romance|Science Fiction|Adventure,6.663,912,3.7341,ru
399057,The Killing of a Sacred Deer,2017,Drama|Thriller|Mystery,7.007,4447,4.4562,en
335360,My Little Pony: The Movie,2017,Family|Animation|Adventure|Fantasy,7.27,416,5.3234,en
462181,Palm Swings,2017,Comedy|Drama|Romance,5.9,59,4.8645,en
441909,Tiger Zinda Hai,2017,Action|Adventure|Thriller,6.266,177,3.4844,hi
351460,Death Note,2017,Crime|Fantasy|Horror,4.274,4121,5.7813,en
469877,Picture of Beauty,2017,Drama|Romance,4.167,60,5.3257,en
396371,Molly's Game,2017,Drama|Crime,7.2,4027,4.1749,en
387426,Okja,2017,Adventure|Drama|Science Fiction,7.333,4542,4.2955,en
350312,Bāhubali 2: The Conclusion,2017,Action|Adventure|Fantasy,7.46,852,4.068,te
471413,Sex First  Love Second,2017,Romance|Drama,5.4,11,4.1093,ko
440021,Happy Death Day,2017,Comedy|Horror|Mystery,6.659,6576,3.6904,en
381289,A Dog's Purpose,2017,Adventure|Comedy|Fantasy|Family|Drama,7.642,3533,3.8025,en
268531,Captain Underpants: The First Epic Movie,2017,Family|Comedy|Animation|Science Fiction|Action,6.3,1356,4.5007,en
429200,Good Time,2017,Crime|Thriller|Drama,7.2,3125,5.0178,en
394117,The Florida Project,2017,Drama,7.4,3098,4.2,en
452030,Cinderella's Hot Night,2017,Fantasy|Comedy,5.765,83,4.3529,en
389015,I  Tonya,2017,Drama|Comedy,7.5,6193,3.8796,en
339404,The Layover,2017,Comedy|Romance,5.4,724,4.1738,en
419835,Crooked House,2017,Mystery|Crime|Thriller,6.381,995,4.731,en
464889,Sniper: Ultimate Kill,2017,Action,6.419,378,4.2263,en
437068,A Taxi Driver,2017,Action|Drama|History,8.04,1167,4.1142,ko
339987,The Exception,2017,War|Drama|Romance,6.9,468,3.7154,en
301337,Downsizing,2017,Drama|Science Fiction|Comedy,5.407,4106,3.7544,en
399366,Marrowbone,2017,Thriller|Horror|Mystery,7.281,1835,4.2219,es
440617,Family Reconstruction,2017,Romance|Drama,5.7,12,3.6885,ko
390062,Jungle,2017,Adventure|Drama|Thriller,6.65,2136,3.528,en
363343,Raees,2017,Thriller|Action|Crime,6.663,251,3.1428,hi
417320,Descendants 2,2017,Family|Fantasy|TV Movie|Adventure|Music,7.356,1775,3.6931,en
452558,Paradox,2017,Action|Crime|Thriller,6.74,208,3.7673,cn
399170,Logan Lucky,2017,Comedy|Crime|Action|Drama,6.735,3836,3.9384,en
479957,Desire,2017,Romance|Drama,6.0,216,4.259,es
283984,Fate/stay night: Heaven's Feel I. Presage Flower,2017,Action|Animation|Drama|Fantasy|Romance,7.4,256,4.3657,ja
400617,Phantom Thread,2017,Drama|Romance,7.3,3784,3.7237,en
455839,Time Trap,2017,Science Fiction|Adventure,6.316,1337,4.052,en
372343,The Snowman,2017,Crime|Thriller|Mystery,5.2,2375,4.4288,en
400136,Resident Evil: Vendetta,2017,Action|Animation|Adventure|Science Fiction|Horror,6.916,1086,3.9455,ja
393345,Cult of Chucky,2017,Horror|Thriller,5.846,1415,3.7525,en
458354,Sleeping Beauties,2017,Fantasy|Comedy,4.806,18,4.6617,en
55341,Jeepers Creepers 3,2017,Horror,4.916,982,3.145,en
419680,Daddy's Home 2,2017,Comedy,6.3,2738,3.5005,en
353070,Going in Style,2017,Crime|Comedy,6.69,3043,3.5277,en
353616,Pitch Perfect 3,2017,Music|Comedy,6.507,3463,3.2685,en
435366,Fabricated City,2017,Action|Thriller|Crime,7.672,358,3.3357,ko
339967,Colossal,2017,Drama|Fantasy|Science Fiction,6.3,2288,3.2241,en
417870,Girls Trip,2017,Comedy|Romance|Adventure,6.816,1576,3.5935,en
373569,Snatched,2017,Action|Comedy,5.3,829,3.5069,en
402897,The Death of Stalin,2017,Comedy|Drama|History,7.016,2141,2.9096,en
457837,Brotherhood of Blades II: The Infernal Battlefield,2017,Romance|Action|Drama|History,6.846,123,3.0569,zh
400710,Flatliners,2017,Drama|Horror|Thriller,5.646,2389,3.0793,en
473924,Reunion Goals: The Beginning,2017,Comedy|Romance,6.9,15,3.1139,ko
430447,Mary and The Witch's Flower,2017,Animation|Adventure|Family|Fantasy,7.148,905,2.6174,ja
339988,The Circle,2017,Drama|Thriller|Science Fiction,5.523,4589,3.2562,en
397422,Rough Night,2017,Drama|Comedy,5.687,2100,4.3419,en
314095,The Lost City of Z,2017,Adventure|Drama|History,6.391,3100,3.3744,en
399019,The Beguiled,2017,Drama,5.9,2239,3.2947,en
460648,Bleeding Steel,2017,Science Fiction|Action|Adventure|Thriller,5.987,569,3.7237,zh
300665,Leatherface,2017,Horror|Thriller|Crime|Drama,5.576,1436,3.9015,en
431819,Fireworks,2017,Animation|Romance|Fantasy|Drama,6.597,365,4.071,ja
390051,Aftermath,2017,Drama|Thriller,5.752,968,3.8235,en
453575,Crayon Shin-chan: Invasion!! Alien Shiriri,2017,Family|Animation|Comedy|Science Fiction|Adventure,7.08,44,3.1225,ja
420707,Cage Dive,2017,Horror|Thriller,4.588,348,2.4974,en
433251,Naked,2017,Comedy,5.782,1336,5.6739,en
293768,Kidnap,2017,Action|Thriller,6.244,1349,3.9658,en
462677,Doraemon: Nobita's Great Adventure in the Antarctic Kachi Kochi,2017,Animation|Adventure|Fantasy|Family|Science Fiction|Comedy,6.565,108,3.1922,ja
437633,Real,2017,Action|Crime|Thriller,5.236,72,2.4582,ko
438058,Case Closed: The Crimson Love Letter,2017,Animation|Crime|Mystery|Action,6.504,122,2.8328,ja
354287,War Machine,2017,Comedy|Drama|War,5.6,1238,2.8005,en
414453,Columbus,2017,Drama,7.1,478,3.886,en
460846,Security,2017,Action|Thriller|Crime,6.323,956,3.3596,en
471831,One on One,2017,Romance,5.5,12,3.0659,ko
534171,Purpose of Reunion 2,2017,Drama|Romance,5.618,17,3.1758,ko
436931,Pokémon the Movie: I Choose You!,2017,Family|Animation|Adventure|Fantasy,7.083,677,3.195,ja
481840,The Sisters S-Scandal,2017,Drama|Romance,5.7,17,3.3005,ko
355547,The Star,2017,Animation|Comedy|Adventure|Family|Fantasy,6.5,611,2.8524,en
605928,The Power of the Present,2017,Documentary,8.5,14,3.2637,en
400106,Bright,2017,Fantasy|Action|Thriller,6.162,5973,2.685,en
405775,The Wall,2017,War|Thriller|Drama|Action,6.411,1047,3.08,en
441889,Secret Superstar,2017,Drama|Music,7.256,195,2.592,hi
291276,Unlocked,2017,Action|Thriller,6.273,1205,4.1463,en
455714,Bad Genius,2017,Drama|Crime|Thriller|Comedy,7.865,852,2.5837,th
452073,Young Sister-In-Law 2,2017,Romance,4.9,11,2.9489,ko
437033,Toc Toc,2017,Comedy,7.107,1268,2.3961,es
451997,The Merciless,2017,Action|Crime|Mystery,7.142,141,3.0825,ko
403119,47 Meters Down,2017,Horror|Thriller,5.805,2854,2.63,en
408272,Catfight,2017,Comedy|Drama,5.553,207,3.3285,en
341006,The Belko Experiment,2017,Horror|Thriller,6.169,1665,2.9253,en
435800,Journey to the West: The Demons Strike Back,2017,Adventure|Fantasy|Action,6.0,140,3.2277,zh
343674,Gerald's Game,2017,Horror|Thriller,6.398,3930,2.811,en
452970,Mazinger Z: Infinity,2017,Action|Science Fiction|Animation,6.937,340,3.012,ja
417644,CHiPs,2017,Action|Comedy|Crime,6.134,1389,2.6815,en
435601,V.I.P.,2017,Crime|Thriller|Action,7.7,229,2.834,ko
398175,Brawl in Cell Block 99,2017,Action|Crime|Thriller,7.0,1577,2.7048,en
290512,The Mountain Between Us,2017,Drama|Adventure|Romance,6.649,2536,2.7023,en
462883,Woody Woodpecker,2017,Comedy|Family|Animation,6.596,773,4.2798,en
335777,The Nut Job 2: Nutty by Nature,2017,Animation|Family|Adventure|Comedy,6.128,467,2.8017,en
445030,No Game No Life: Zero,2017,Adventure|Animation|Drama|Fantasy|Romance,7.826,437,3.0829,ja
426284,Blade of the Immortal,2017,Action|Fantasy|Adventure,6.694,637,2.8178,ja
435129,The Breadwinner,2017,Animation|War|Drama|Family,7.85,924,2.9084,en
416477,The Big Sick,2017,Comedy|Drama|Romance,7.322,2636,3.0394,en
413882,Ok Jaanu,2017,Drama|Romance,5.8,63,3.2332,hi
413644,The Son of Bigfoot,2017,Family|Animation|Comedy,6.586,526,2.7853,en
404733,Overdrive,2017,Thriller|Action|Mystery,6.1,1009,3.0969,en
395458,Suburbicon,2017,Thriller|Crime|Drama|Mystery,5.897,1812,3.648,en
316154,The Bad Batch,2017,Action|Horror|Science Fiction|Thriller|Romance,5.273,1164,2.5765,en
459719,Thondimuthalum Driksakshiyum,2017,Comedy|Drama|Thriller,7.2,60,2.0372,ml
369192,Battle of the Sexes,2017,Drama|Comedy|History,6.756,1963,2.4526,en
460557,The Thousand Faces of Dunjia,2017,Adventure|Action|Fantasy,6.297,86,2.4864,zh
357407,Genocidal Organ,2017,Thriller|Science Fiction|Animation|Action|War,6.571,84,1.9501,ja
456287,Mersal,2017,Thriller|Action|Crime,7.272,125,2.6247,ta
521639,County Line,2017,Action|Drama|Western,5.938,16,2.2888,en
573364,Detective Conan: Episode One - The Great Detective Turned Small,2017,Animation|Crime|Mystery|TV Movie|Comedy,7.6,36,2.3484,ja
452910,Immortal Demon Slayer,2017,Fantasy|Action|Adventure|Family,7.558,215,2.5893,zh
449503,Kill 'em All,2017,Action|Crime,5.668,191,2.653,en
321757,Punching Henry,2017,Comedy,5.9,45,2.9701,en
449927,Chasing the Dragon,2017,Action|Crime|Thriller,7.0,138,2.4036,cn
339259,The Man with the Iron Heart,2017,War|Action|History|Thriller,6.6,821,4.5136,en
453127,Midnight Runners,2017,Comedy|Action|Crime,7.54,247,2.4852,ko
354556,Guardians,2017,Science Fiction|Action|Fantasy|Comedy|Thriller,5.026,815,2.3754,ru
365942,The Space Between Us,2017,Romance|Adventure|Science Fiction|Drama,7.045,2550,2.4691,en
180863,T2 Trainspotting,2017,Drama|Comedy|Crime,6.938,3356,3.5882,en
451955,Double Lover,2017,Romance|Thriller|Drama,6.1,574,2.5622,fr
530284,Teen Bride,2017,Romance|Drama|Comedy,7.838,74,1.7405,ja
484886,Singularity,2017,Science Fiction,3.672,230,3.611,en
470114,24 Hours to Live,2017,Action|Science Fiction|Thriller|Mystery,5.952,712,2.6076,en
392982,Marshall,2017,Drama,7.25,678,2.4916,en
513434,One Cut of the Dead,2017,Comedy|Horror|Drama,7.628,979,2.4767,ja
411976,Novitiate,2017,Drama,6.432,185,3.4171,en
362585,Kizumonogatari Part 3: Reiketsu,2017,Animation|Fantasy|Mystery,8.011,233,2.2131,ja
413594,Sword Art Online the Movie: Ordinal Scale,2017,Animation|Action|Adventure|Fantasy|Science Fiction,7.694,757,2.6433,ja
461053,S.W.A.T.: Under Siege,2017,Action|Crime|Thriller,5.874,402,2.4712,en
431530,A Bad Moms Christmas,2017,Comedy,6.322,2209,3.1699,en
430528,If I Were a Boy,2017,Comedy,5.324,398,2.7,fr
438478,Pornocracy: The New Sex Multinationals,2017,Documentary,6.75,68,2.465,fr
345922,Fist Fight,2017,Comedy,6.041,1312,2.3991,en
701561,Lee Chaedam's G-Spot,2017,Unknown,5.0,13,2.7548,ko
383785,Kung Fu Yoga,2017,Comedy|Mystery|Family|Action|Adventure,5.874,433,3.4532,zh
437109,The Villainess,2017,Action|Thriller,6.923,764,2.0625,ko
242606,Keep Watching,2017,Thriller|Horror|Drama,5.0,301,3.1008,en
449574,Godzilla: Planet of the Monsters,2017,Animation|Action|Science Fiction,6.375,556,2.3885,ja
388284,While the Wolf's Away,2017,Mystery|Drama|Horror,7.938,192,2.6213,es
428707,Kuroko's Basketball the Movie: Last Game,2017,Animation|Comedy,7.637,135,3.0235,ja
438376,Miss Butcher,2017,Comedy|Romance|Thriller|Crime,5.1,15,2.5883,ko
295693,The Boss Baby,2017,Animation|Comedy|Family,6.5,7463,2.6906,en
462927,Fantastica: A Boonie Bears Adventure,2017,Animation|Fantasy|Family|Action,6.375,16,2.1614,zh
418437,Unforgettable,2017,Drama|Thriller,5.897,692,3.2324,en
481899,Corpse Prison: Part 2,2017,Horror|Thriller,6.2,27,2.1003,ja
428493,God's Own Country,2017,Romance|Drama,7.7,983,2.4718,en
460793,Olaf's Frozen Adventure,2017,Animation|Family|Adventure|Comedy|Fantasy,6.5,1499,2.4724,en
452773,Tad  the Lost Explorer  and the Secret of King Midas,2017,Animation|Adventure|Comedy|Family,6.7,436,2.4734,es
334521,Free Fire,2017,Action|Crime|Mystery,6.264,1216,2.4501,en
405815,The Sex Trip,2017,Comedy|Fantasy,5.172,67,2.0579,en
417830,Diary of a Wimpy Kid: The Long Haul,2017,Adventure|Comedy|Family,5.319,529,2.2645,en
473353,Corpse Prison: Part 1,2017,Horror|Drama|Thriller,3.867,15,1.8776,ja
408648,Batman and Harley Quinn,2017,Adventure|Animation|Comedy|Crime,6.2,657,2.4103,en
397837,Before I Fall,2017,Drama|Fantasy,6.966,3536,2.7059,en
432068,C'est la vie!,2017,Comedy,7.022,1609,2.1757,fr
393519,Raw,2017,Horror|Drama,7.0,3401,2.6809,fr
457962,Shimmer Lake,2017,Thriller|Crime|Drama|Mystery,5.927,468,3.3895,en
413362,Roman J. Israel  Esq.,2017,Drama|Crime|Thriller,6.351,1399,2.3253,en
345915,Once Upon a Time in Venice,2017,Action|Comedy|Thriller|Mystery,5.237,709,2.3052,en
452507,1922,2017,Horror|Crime|Drama,5.946,2915,1.9815,en
390061,Mark Felt: The Man Who Brought Down the White House,2017,Drama|History|Thriller,6.204,554,2.141,en
456567,Bhoomi,2017,Action|Drama,6.0,32,2.0769,hi
269795,2:22,2017,Science Fiction|Mystery|Thriller|Romance,6.023,1554,3.3327,en
465078,God: Serengeti,2017,Comedy|Fantasy,6.63,100,2.0137,en
371638,The Disaster Artist,2017,Comedy|Drama,7.1,3749,1.9052,en
425134,How to Be a Latin Lover,2017,Comedy,6.895,658,2.2926,en
430231,The Endless,2017,Science Fiction|Horror|Thriller,6.325,1288,2.2091,en
436391,The Battleship Island,2017,Drama|War,7.172,291,3.1809,ko
447180,My Teacher,2017,Romance|Drama,7.059,34,1.5616,ja
446791,All the Money in the World,2017,Crime|History|Thriller|Drama,6.491,2417,2.9754,en
465365,My Brother Loves Me Too Much,2017,Comedy|Romance,6.824,37,2.1735,ja
440597,Wish Upon,2017,Horror|Thriller|Fantasy,5.746,1464,3.0519,en
397415,Vengeance: A Love Story,2017,Action|Drama|Thriller,5.571,338,2.3657,en
428399,Cold Skin,2017,Horror|Fantasy|Drama,6.291,716,2.0737,en
409421,BLAME!,2017,Action|Drama|Science Fiction|Animation,6.524,356,2.1694,ja
444608,Hunting Emma,2017,Thriller|Action,6.633,60,2.2091,af
408647,Teen Titans: The Judas Contract,2017,Science Fiction|Animation|Action,7.4,759,2.4392,en
427900,Home Again,2017,Comedy|Drama|Romance,6.094,1240,2.5286,en
456048,The Humanity Bureau,2017,Science Fiction|Thriller,4.792,392,2.3888,en
517330,Kurara: The Dazzling Life of Hokusai's Daughter,2017,Drama|History|TV Movie,8.1,10,1.5296,ja
407448,Detroit,2017,Drama|Thriller|History,7.254,1746,2.3774,en
455761,Female Hostel,2017,Drama,5.0,10,2.1316,ko
417678,Everything  Everything,2017,Drama|Romance,7.2,3750,3.0712,en
430354,Bushwick,2017,Thriller|Action,5.214,528,2.562,en
428288,Napping Princess,2017,Fantasy|Adventure|Animation|Drama|Science Fiction,6.683,131,2.0698,ja
438857,Cook Up a Storm,2017,Comedy|Drama,7.4,196,2.3896,zh
346681,Wilson,2017,Comedy|Drama,5.995,385,2.1884,en
430474,Deep,2017,Animation|Family|Adventure,6.0,155,1.9767,en
438798,The Prison,2017,Crime|Action,7.088,108,2.5822,ko
434221,Legend of the Demon Cat,2017,Fantasy|Adventure|Family,6.2,107,1.9126,zh
401246,The Square,2017,Drama,6.751,1740,2.4609,sv
324542,Sleepless,2017,Action|Crime|Thriller,5.924,1335,2.5292,en
336000,The Glass Castle,2017,Drama,7.103,900,2.3335,en
203835,Amityville: The Awakening,2017,Horror,5.356,1097,2.0373,en
485415,Day of the Dead: Bloodline,2017,Action|Horror,4.684,666,2.4636,en
462650,Puss in Book: Trapped in an Epic Tale,2017,Family|Fantasy|Animation|Comedy|Adventure,6.6,252,2.4197,en
430214,Night Is Short  Walk On Girl,2017,Comedy|Romance|Animation|Fantasy,7.5,252,2.0596,ja
512082,The Year I Lost My Mind,2017,Drama,5.75,14,1.786,de
363992,The Wizard of Lies,2017,Crime|Drama|TV Movie,6.608,648,2.1339,en
443319,Phoenix Forgotten,2017,Horror|Mystery|Science Fiction,6.102,330,3.2682,en
474659,Girls und Panzer das Finale: Part 1,2017,Animation|Action|Comedy,6.767,30,2.0415,ja
427564,Scooby-Doo! Shaggy's Showdown,2017,Animation|Family|Mystery|Comedy|Western,7.8,197,2.3705,en
411840,Surf's Up 2: WaveMania,2017,Animation|Family|Comedy,5.968,298,2.0413,en
430642,Beaches,2017,Drama|TV Movie,6.063,24,2.2522,en
382597,R.A.I.D. Special Unit,2017,Action|Comedy,5.7,949,2.8806,fr
472338,Victor Crowley,2017,Comedy|Horror,5.685,284,2.7923,en
420622,Professor Marston and the Wonder Women,2017,Drama|Romance,7.165,930,1.8062,en
438747,Tangled: Before Ever After,2017,Adventure|Animation|Comedy|Family|Fantasy|TV Movie,6.805,394,2.3191,en
313943,Revolt,2017,Science Fiction|Action,5.541,394,2.2328,en
382614,The Book of Henry,2017,Drama|Thriller|Mystery,7.482,1359,2.2701,en
399790,Churchill,2017,Drama|History,6.192,339,3.2263,en
424488,Megan Leavey,2017,Drama|War,7.268,852,2.3219,en
339877,Loving Vincent,2017,Animation|Drama|History,7.986,2605,2.0853,en
444090,The Ash Lad: In the Hall of the Mountain King,2017,Adventure|Fantasy,6.779,407,2.3493,no
429107,Beatriz at Dinner,2017,Comedy|Drama,5.758,194,1.8957,en
354861,Father Figures,2017,Comedy,5.805,676,1.9218,en
453276,Marlina the Murderer in Four Acts,2017,Thriller|Drama|Western,6.765,83,1.4033,id
435107,A Royal Winter,2017,TV Movie|Romance,7.13,192,2.0014,en
444902,Dirty Dancing,2017,Drama|Romance,5.5,450,2.6508,en
414425,Mudbound,2017,Drama,7.4,1311,3.0316,en
437103,1987: When the Day Comes,2017,Drama|History|Thriller,8.047,179,1.9436,ko
340270,The Healer,2017,Family|Drama|Comedy,7.153,528,2.0392,en
478804,The Bold  the Corrupt and the Beautiful,2017,Thriller|Mystery|Drama,7.106,90,1.9558,zh
396493,Creep 2,2017,Horror|Thriller,6.323,901,2.9199,en
390054,Sand Castle,2017,War|Action|Drama,6.494,864,2.2498,en
432836,Memoir of a Murderer,2017,Crime|Mystery|Thriller,7.4,376,2.0424,ko
398929,Alibi.com,2017,Comedy|Family,6.464,1764,1.9602,fr
297160,XX,2017,Horror,5.056,462,1.7651,en
434724,The King,2017,Crime|Action,7.3,88,2.003,ko
425972,Cargo,2017,Drama|Thriller|Horror,6.404,1853,2.4515,en
407445,Breathe,2017,Drama|Romance,7.429,796,1.7255,en
335788,Renegades,2017,Thriller|Action|War,5.551,364,1.9287,en
401898,Thelma,2017,Drama|Mystery|Thriller,6.801,1138,2.1905,no
463752,Monopoly (The Bank of Luck),2017,Comedy,6.4,26,1.8083,ar
434119,Confidential Assignment,2017,Action|Drama,6.87,146,2.3705,ko
441728,Hampstead,2017,Comedy|Romance,6.0,213,1.8951,en
416166,The Institute,2017,Thriller|Mystery|Horror,4.292,118,2.0616,en
398181,You Were Never Really Here,2017,Crime|Drama|Thriller,6.549,3045,2.1492,en
484510,Trolls Holiday,2017,Adventure|Animation|Family|Fantasy,6.7,509,3.0171,en
257785,Tulip Fever,2017,Drama|Romance,6.513,739,2.0217,en
449664,Escape Room,2017,Horror|Thriller,4.551,775,2.9348,en
443076,Where's the Money,2017,Comedy,5.6,103,1.762,en
428449,A Ghost Story,2017,Drama|Fantasy|Romance,7.066,2496,2.1225,en
472454,Ayla: The Daughter of War,2017,Drama|War|History,8.006,399,1.6866,tr
475961,Curvature,2017,Science Fiction|Thriller,4.9,81,1.9557,en
457251,Youth,2017,Drama|History|War,7.3,113,1.8695,zh
458257,The Brink,2017,Crime|Action,5.6,51,1.7625,cn
470472,The Wilde Wedding,2017,Comedy|Romance,5.1,75,1.9815,en
435707,Skins,2017,Drama|Comedy|Fantasy,6.4,572,3.4238,es
443700,Altitude,2017,Action|Thriller,4.8,162,3.0977,en
422766,Windstorm 3,2017,Family|Adventure,7.407,140,2.3486,de
408220,Justice League Dark,2017,Animation|Action|Adventure|Fantasy|Science Fiction|Horror,7.298,1134,1.8093,en
353575,LBJ,2017,Drama|History,6.4,173,2.8989,en
419700,Sandy Wexler,2017,Comedy|Drama|Romance,5.466,590,2.6981,en
455043,God of War,2017,Action|History|War,6.3,102,2.0589,zh
511617,Berlin Drifters,2017,Drama,6.132,19,2.2494,ja
419635,Kodachrome,2017,Drama|Comedy,6.805,486,3.3449,en
433422,Fairy Tail: Dragon Cry,2017,Action|Adventure|Comedy|Fantasy|Animation,6.625,420,1.8788,ja
434504,Seventeen,2017,Drama,6.1,36,1.8662,de
340442,Pilgrimage,2017,Action|Adventure|Drama,5.966,292,2.7966,en
415010,Ravenous,2017,Horror|Drama|Science Fiction,5.966,481,3.0403,fr
415312,The Man from Earth: Holocene,2017,Drama|Science Fiction,5.498,281,1.6077,en
376134,The Discovery,2017,Drama|Romance|Science Fiction|Thriller|Mystery,6.26,1428,2.5727,en
419831,I Kill Giants,2017,Fantasy|Drama,6.175,1250,1.7407,en
461763,Haikyu!! The Movie: Battle of Concepts,2017,Animation|Drama,8.045,77,2.019,ja
461714,China Salesman,2017,Action|Thriller,5.4,113,1.814,en
436274,Radius,2017,Thriller|Drama|Horror,6.508,744,1.6864,en
468892,The Founding of an Army,2017,History|War|Action,5.208,24,1.9346,zh
353569,Table 19,2017,Comedy|Drama,5.9,1014,2.1226,en
420648,The Bar,2017,Horror|Thriller|Comedy,6.3,1364,1.5384,es
372782,Manhunt,2017,Action|Thriller|Crime|Adventure,5.619,151,1.8094,zh
477447,Overlord: The Undead King,2017,Animation|Action|Adventure|Fantasy,7.346,39,1.9596,ja
424998,The Case for Christ,2017,Drama,6.916,321,1.9956,en
441531,Shock Wave,2017,Action|Crime|Adventure|Thriller,6.697,208,3.4905,cn
471968,The Last Warrior,2017,Fantasy|Family|Adventure|Action|Comedy,6.911,213,1.9626,ru
340101,Their Finest,2017,Romance|War|Drama,6.58,448,2.9041,en
467377,Crazy Lake,2017,Horror,4.4,18,1.7386,en
451644,Dragonheart: Battle for the Heartfire,2017,Fantasy|Adventure,6.0,245,2.0089,en
475946,Blade Runner: Black Out 2022,2017,Animation|Science Fiction|Thriller,7.115,447,1.8198,en
345914,The House,2017,Comedy|Crime,5.628,977,2.3196,en
467062,Spielberg,2017,Documentary,7.557,306,2.3278,en
431071,Mad Families,2017,Comedy,4.731,54,1.4914,en
347629,Thank You for Your Service,2017,Drama|War,6.584,419,2.018,en
433726,Kamen Rider × Super Sentai: Ultra Super Hero Wars,2017,Action|Adventure|Science Fiction,5.7,18,1.6652,ja
429189,Wonder Wheel,2017,Drama|Romance,6.375,1363,2.2811,en
395993,Stronger,2017,Drama,6.971,1574,1.9747,en
436459,Almost Friends,2017,Drama|Comedy,6.309,257,2.445,en
453354,Ava,2017,Drama,6.265,272,1.9484,fr
323368,Hangman,2017,Mystery|Crime|Thriller,5.826,648,1.5533,en
432985,Gintama,2017,Action|Comedy|Science Fiction,6.754,138,1.7533,ja
348389,Stratton,2017,Action|Thriller,5.0,227,2.58,en
493416,Troy: The Odyssey,2017,Adventure|Action|Fantasy,4.089,28,1.9819,en
346671,Little Evil,2017,Horror|Comedy,5.564,989,1.9189,en
445954,Acts of Vengeance,2017,Thriller|Action|Drama,5.958,608,1.8019,en
396810,The Last Word,2017,Comedy|Drama,6.6,375,1.6899,en
437291,Savage Dog,2017,Action|Drama,5.344,131,1.7777,en
76812,Black Butterfly,2017,Thriller|Mystery|Drama,6.217,574,2.5796,en
434773,On the Beach at Night Alone,2017,Drama,6.6,157,1.7186,ko
401104,To the Bone,2017,Drama,7.202,3601,1.6165,en
433945,Tokyo Ghoul,2017,Action|Drama|Thriller,7.069,383,1.8225,ja
397538,Borg vs McEnroe,2017,Drama|History,6.904,1206,1.9116,sv
408266,Birth of the Dragon,2017,Action|Drama,5.812,329,1.5191,en
373546,Chuck,2017,Drama,6.246,179,1.6572,en
95608,The Only Living Boy in New York,2017,Drama,6.301,370,1.8532,en
426238,Beach Rats,2017,Drama|Romance,6.043,581,1.8332,en
406994,Better Watch Out,2017,Horror|Thriller|Comedy,6.657,1650,1.7941,en
333354,Extortion,2017,Action|Adventure|Crime|Drama|Thriller,6.181,318,1.7793,en
425336,Loving Pablo,2017,Crime|Drama,6.293,1044,2.1629,es
456063,The 8-Year Engagement,2017,Drama|Romance,7.293,58,1.3383,ja
330947,Song to Song,2017,Romance|Drama,5.484,918,1.5368,en
292280,The Bye Bye Man,2017,Horror|Thriller,5.197,1302,1.8465,en
412202,Handsome Devil,2017,Drama|Comedy,7.041,701,1.8812,en
477776,Code Geass: Lelouch of the Rebellion I - Initiation,2017,Science Fiction|Animation|Drama|Action,7.132,38,1.8228,ja
463906,The Saint,2017,Action|Adventure|Crime,5.382,293,3.0398,en
442056,The Little Vampire 3D,2017,Comedy|Animation|Family|Fantasy,6.1,167,1.7403,en
456931,Islands,2017,Drama|Fantasy|Horror|Romance,4.2,25,1.9211,fr
394830,The Crucifixion,2017,Horror|Mystery|Thriller,5.662,539,1.8711,en
452068,Drone,2017,Thriller,5.337,288,2.4026,en
437081,The Fortress,2017,War|Drama|History|Action,6.815,157,1.4671,ko
558144,Deadpool: No Good Deed,2017,Action|Comedy|Crime,7.1,547,1.363,en
453364,Tehran Taboo,2017,Drama|Animation,7.064,102,1.6368,fa
460229,Kiss and Kill,2017,Mystery|Thriller|Romance,5.3,69,1.9098,en
429733,Mayhem,2017,Action|Comedy|Horror,6.456,797,1.634,en
428862,Mobile Suit Gundam: The Origin V: Clash at Loum,2017,Action|Animation|Science Fiction|War,7.7,29,1.5342,ja
334536,The Blackcoat's Daughter,2017,Horror|Mystery,5.887,786,1.5417,en
458506,Tour de Pharmacy,2017,Comedy|TV Movie,6.704,265,1.6777,en
456611,Lupin the 3rd: Goemon's Blood Spray,2017,Animation|Action|Crime|Drama,7.8,185,1.6922,ja
463197,Once Upon a Time,2017,Drama|Fantasy|Romance,6.8,45,1.6017,zh
490545,The Taste of Life,2017,Comedy|Drama,5.2,16,2.0227,de
428292,Trinity Seven: Eternity Library & Alchemic Girl,2017,Animation|Action|Comedy|Fantasy|Romance,7.1,61,1.5823,ja
528210,The Chinese Widow,2017,Drama|Romance|History|War,7.223,224,1.772,zh
437108,The Mimic,2017,Horror|Thriller,6.318,173,1.3528,ko
461762,Haikyu!! The Movie: Talent and Sense,2017,Animation|Drama,7.886,35,1.6323,ja
451751,American Satan,2017,Drama|Music|Thriller,7.179,257,1.7399,en
464458,Ittefaq,2017,Crime|Thriller,6.828,116,1.7317,hi
390053,Crash Pad,2017,Comedy,5.6,159,1.5076,en
460400,Sound! Euphonium The Movie: May the Melody Reach You!,2017,Animation|Drama|Music,7.2,22,1.4034,ja
431867,Bitch,2017,Comedy|Drama|Thriller,5.349,83,1.9349,en
550059,Thirty Years of Adonis,2017,Drama,4.7,15,1.398,zh
455411,Tom and Jerry: Willy Wonka & the Chocolate Factory,2017,Animation|Comedy|Family|Adventure|Fantasy,6.7,160,1.9188,en
340613,The Wife,2017,Drama,7.1,1123,1.8427,en
418078,It Comes at Night,2017,Drama|Horror|Mystery,5.866,2617,2.0637,en
455551,The Recall,2017,Science Fiction|Horror,4.657,366,1.7074,en
450806,All Saints,2017,Drama|Comedy,6.177,65,2.2872,en
425931,The Black Room,2017,Comedy|Horror,3.8,175,1.546,en
375098,The Show,2017,Drama,5.685,213,1.4412,en
424600,The Immortal Life of Henrietta Lacks,2017,Drama|History|TV Movie,6.39,109,1.5559,en
455656,#realityhigh,2017,Comedy,6.238,1045,2.8291,en
349067,Tigers Are Not Afraid,2017,Fantasy|Horror,6.814,288,2.2879,es
412090,Jolly LLB 2,2017,Comedy|Crime,6.936,157,2.7077,hi
404604,Mom,2017,Crime|Drama|Thriller,7.5,215,1.4187,hi
435802,Dawn of the Felines,2017,Drama,6.167,24,1.9887,ja
340027,Brain on Fire,2017,Drama,7.018,1427,1.6232,en
430424,See You Up There,2017,Drama|Crime|War,7.825,1356,1.5046,fr
461083,Fate/kaleid liner Prisma☆Illya: Vow in the Snow,2017,Action|Animation|Drama|Fantasy,7.067,30,1.7912,ja
436120,Lu Over the Wall,2017,Animation|Adventure|Music|Fantasy|Family,7.0,145,1.4871,ja
418680,Goodbye Christopher Robin,2017,Family|History|Drama,7.032,895,1.6844,en
489471,The Dawn Wall,2017,Documentary|Adventure,8.037,351,1.5563,en
432131,Black Butler: Book of the Atlantic,2017,Animation|Action|Comedy|Fantasy|Mystery,7.5,104,1.8244,ja
401546,The Dinner,2017,Drama|Thriller|Mystery,4.555,317,2.6462,en
471014,Wheelman,2017,Action|Crime|Thriller,6.129,679,2.9351,en
426285,Fullmetal Alchemist,2017,Fantasy|Action|Science Fiction|Adventure,5.429,584,1.8393,ja
456562,Raabta,2017,Romance|Thriller,5.805,64,1.385,hi
369894,Wakefield,2017,Drama,6.125,451,1.4559,en
444218,Three Seconds,2017,Drama,6.893,177,1.2852,ru
440249,After Porn Ends 2,2017,Documentary,5.4,251,1.5818,en
438703,Recep Ivedik 5,2017,Comedy,4.337,123,1.2409,tr
359228,Ghost House,2017,Horror|Thriller|Mystery,5.6,210,1.5408,en
457840,Psych: The Movie,2017,Comedy|Crime|Mystery|TV Movie,7.269,250,1.5753,en
412105,You Get Me,2017,Thriller|Romance|Drama,5.62,1728,1.3407,en
494734,Namiya,2017,Fantasy|Drama|Family,5.8,24,1.3243,zh
469721,The Cured,2017,Horror|Drama|Science Fiction,5.528,406,1.5925,en
451945,BPM (Beats per Minute),2017,Drama,7.701,1386,1.632,fr
508822,HiGH&LOW The Movie 2: End of Sky,2017,Action,7.4,14,1.5208,ja
452323,Outrage Coda,2017,Action|Crime|Thriller|Drama,6.816,185,1.5225,ja
301355,Message from the King,2017,Action|Mystery|Thriller,6.248,490,1.4545,en
569268,Femdom:  Female Dominance,2017,Unknown,5.5,10,1.555,es
398174,Film Stars Don't Die in Liverpool,2017,Romance|Drama,6.372,180,1.6077,en
461078,I Want to Deliver Your Voice,2017,Animation|Drama|Fantasy,6.183,30,1.4046,ja
412547,Killing Gunther,2017,Action|Comedy,4.779,435,1.6121,en
460790,Starship Troopers: Traitor of Mars,2017,Animation|Action|Science Fiction,5.909,323,1.9186,en
449498,Trench 11,2017,Horror|Thriller|War,5.396,96,2.4235,en
449132,Let Me Eat Your Pancreas,2017,Drama|Romance,7.0,104,1.5034,ja
456431,Raja the Great,2017,Action|Comedy,5.9,28,1.6264,te
395814,Rememory,2017,Science Fiction|Drama|Mystery,6.086,474,2.8341,en
431821,The Irregular at Magic High School: The Girl Who Summons the Stars,2017,Science Fiction|Action|Animation|Fantasy,6.2,81,1.7009,ja
418533,Three Christs,2017,Drama,6.624,153,2.4472,en
410554,First Kill,2017,Action|Thriller|Crime,5.647,587,1.5413,en
289222,The Zookeeper's Wife,2017,Drama|History|War,7.324,1569,1.6376,en
456565,Judwaa 2,2017,Action|Comedy|Romance,5.365,115,1.2234,hi
455954,Sekigahara,2017,War|History|Drama,7.033,46,1.5589,ja
440642,The Spacewalker,2017,Adventure|Drama|History|Thriller,7.0,349,1.3306,ru
396398,The Meyerowitz Stories (New and Selected),2017,Comedy|Drama,6.5,1270,1.8204,en
490176,Marionette,2017,Thriller,7.3,26,1.5599,ko
438259,Journey's End,2017,War|Drama|Action,6.3,329,1.4068,en
455675,Hickok,2017,Western,4.758,93,2.4389,en
411999,OtherLife,2017,Science Fiction|Crime|Mystery,6.424,471,2.3221,en
400637,Smartass,2017,Comedy|Drama,5.3,42,1.5069,en
445993,The Marine 5: Battleground,2017,Action,6.537,187,1.4216,en
494061,Hello!,2017,Action|Family|Romance,7.2,28,1.6055,te
446830,Vampire Cleanup Department,2017,Comedy|Action|Horror,6.1,47,1.2977,cn
435841,Steel Rain,2017,Action|Thriller,7.08,212,1.7922,ko
459073,A Day,2017,Mystery|Thriller|Drama,7.742,190,1.2349,ko
408483,The Eternal Road,2017,History|Drama|War,6.652,46,1.4326,fi
347984,6 Days,2017,Action|Drama|History|Thriller,6.052,763,1.7834,en
454699,Monster Family,2017,Animation|Family|Fantasy|Comedy,5.993,367,1.6271,en
421471,Flower,2017,Comedy|Drama,6.323,282,2.5601,en
470819,Jane,2017,Documentary,7.47,151,2.1787,en
477449,Overlord: The Dark Hero,2017,Animation|Action|Adventure|Fantasy,7.242,31,1.7315,ja
410227,Wilderness: Part 1,2017,Drama,6.3,18,1.1743,ja
402529,All Eyez on Me,2017,History|Drama|Music,6.712,1236,1.7153,en
445981,Siam Square,2017,Thriller|Mystery|Horror,5.7,11,2.8724,th
352501,All Nighter,2017,Comedy|Drama,5.706,245,1.8081,en
479475,Geo-Disaster,2017,Action|Science Fiction|TV Movie,5.115,78,2.6248,en
488981,The Lowlife,2017,Drama,5.8,18,1.4882,ja
457249,Vixen: The Movie,2017,Action|Animation,6.745,137,1.2163,en
433630,Inconceivable,2017,Crime|Drama|Thriller,5.505,368,1.4837,en
466876,Gnome Alone,2017,Animation|Family|Adventure|Comedy|Fantasy,6.094,260,1.5256,en
429191,A Fantastic Woman,2017,Drama,7.001,741,1.4094,es
460036,Buy Me,2017,Drama,5.2,40,1.5646,ru
401285,Jagga Jasoos,2017,Adventure|Comedy|Mystery|Romance,6.149,97,1.1691,hi
345317,Final Portrait,2017,History|Drama,6.043,186,1.2144,en
423988,Kill Switch,2017,Science Fiction|Action|Thriller,4.913,280,1.242,en
423899,Victoria & Abdul,2017,Drama|History,6.898,1200,1.456,en
454776,Fukrey Returns,2017,Comedy|Drama,6.458,59,1.5822,hi
445962,Larceny,2017,Action|Thriller,3.9,67,2.5468,en
480810,Shaadi Mein Zaroor Aana,2017,Romance|Family,6.908,87,1.565,hi
444713,Commando 2 - The Black Money Trail,2017,Action|Thriller,5.9,50,1.4429,hi
480923,Dead Ant,2017,Comedy|Horror,5.068,73,1.6123,en
333384,Lowriders,2017,Drama|Action|Crime,6.706,124,1.6369,en
431572,JoJo's Bizarre Adventure: Diamond Is Unbreakable – Chapter 1,2017,Action|Adventure|Fantasy|Thriller,6.6,109,1.5416,ja
423087,6 Below: Miracle on the Mountain,2017,Thriller|Drama,5.826,393,1.1678,en
415381,Furious,2017,Fantasy|Action|Adventure,6.058,163,1.4947,ru
433356,The Ottoman Lieutenant,2017,Romance|Drama|War,6.051,282,1.3531,en
414063,Racer and the Jailbird,2017,Crime|Drama|Romance,5.931,195,2.308,fr
441906,Jab Harry Met Sejal,2017,Comedy|Drama|Romance,6.379,206,2.3977,hi
463252,My Favorite Wedding,2017,Comedy|Romance|TV Movie,6.909,88,1.5584,en
433049,Bending the Arc,2017,Documentary,7.0,13,0.9923,en
283591,The Secret Scripture,2017,Drama|Romance,7.238,322,1.6024,en
422347,Digimon Adventure tri. Part 4: Loss,2017,Adventure|Action|Animation|Family|Fantasy|Science Fiction,6.964,55,1.4079,ja
445040,My Friend Dahmer,2017,History|Drama|Crime,6.498,644,1.4661,en
423611,Veronica,2017,Drama|Thriller|Mystery,5.92,69,1.7322,es
378111,A Stork's Journey,2017,Animation|Family|Fantasy|Adventure|Comedy,6.035,157,1.9217,de
437031,Rescue Under Fire,2017,War,6.9,162,1.3394,es
463940,Locked Up,2017,Thriller|Crime|Drama,5.5,41,1.2795,en
392207,The Invisible Guardian,2017,Thriller|Crime|Mystery,6.502,733,1.3194,es
467539,The Sower,2017,Drama,6.0,42,1.4843,fr
363126,Berlin Syndrome,2017,Drama|Horror|Mystery|Thriller,6.0,692,1.3533,en
423646,In the Fade,2017,Drama|Crime,6.904,888,1.1176,de
453191,The Big Bad Fox and Other Tales,2017,Family|Animation|Comedy,7.703,315,1.6454,fr
317091,November Criminals,2017,Crime|Drama|Mystery|Thriller,5.3,683,2.3574,en
450322,The Man Who Invented Christmas,2017,Drama|History|Comedy|Family,6.845,869,1.3795,en
445224,Extraordinary Mission,2017,Action|Adventure|Crime|Thriller,6.471,51,1.4649,zh
425591,I Don't Feel at Home in This World Anymore,2017,Thriller|Drama|Crime|Comedy,6.6,1407,1.7517,en
433247,First They Killed My Father,2017,War|Drama|History,7.4,710,1.4536,en
469035,Shot,2017,Drama,7.4,10,1.1885,en
423453,Sahara,2017,Adventure|Animation|Comedy|Family,5.992,296,1.1982,fr
440777,Female Fight Squad,2017,Action,6.157,100,1.0801,en
432787,Fun Mom Dinner,2017,Comedy,5.7,234,1.4229,en
413646,Badrinath Ki Dulhania,2017,Drama|Comedy|Romance,6.444,144,1.8259,hi
431803,Kabaneri of the Iron Fortress: Life That Burns,2017,Animation|Drama|Action|Science Fiction,7.3,29,1.3049,ja
484290,Always Be with You,2017,Horror|Mystery,5.8,26,1.1824,cn
364220,The Keeping Hours,2017,Drama|Fantasy|Horror,6.981,160,1.4239,en
302150,The Hunter's Prayer,2017,Action|Thriller,5.641,435,1.6752,en
301334,Una,2017,Drama|Thriller,6.0,283,1.091,en
362202,The Crash,2017,Crime|Thriller,4.517,58,2.0086,en
425716,Small Town Killers,2017,Comedy|Crime|Drama,5.667,75,1.3244,da
437311,Orbiter 9,2017,Drama|Science Fiction|Romance,5.8,317,2.2689,es
414190,iBoy,2017,Action|Science Fiction,5.949,1216,1.4856,en
408873,Kings,2017,Romance|Drama|Crime,5.6,158,1.3526,en
438740,Salyut-7,2017,Action|Drama|Adventure,7.05,509,1.2164,ru
435880,Warriors of the Dawn,2017,War|Adventure|Action,6.882,34,1.2302,ko
434775,The Third Murder,2017,Drama|Mystery|Crime,6.63,285,1.1792,ja
411741,Ingrid Goes West,2017,Comedy|Drama,6.389,1063,1.3343,en
486727,Is the Order a Rabbit?? Dear My Sister,2017,Comedy|Animation,6.9,19,1.5917,ja
411405,Small Crimes,2017,Drama|Comedy|Thriller|Crime,5.385,292,1.772,en
446829,Max 2: White House Hero,2017,Family,6.975,102,1.2856,en
333357,Stephanie,2017,Horror|Mystery,6.2,260,1.1626,en
463602,Slumber,2017,Horror,5.4,371,1.5186,en
459225,The Feels,2017,Comedy|Drama|Romance,5.7,136,1.1569,en
465926,Escaping Dad,2017,Thriller|Drama|TV Movie,5.6,29,2.0337,en
446076,The Devotion of Suspect X,2017,Mystery|Thriller,6.3,19,1.1484,zh
452413,This Is Not What I Expected,2017,Comedy|Romance,6.8,61,1.519,zh
341689,How to Talk to Girls at Parties,2017,Comedy|Music|Romance|Science Fiction,6.0,427,1.457,en
400728,Unknown Soldier,2017,War|Drama,7.413,219,1.0805,fi
390056,Rebel in the Rye,2017,Drama|Romance,6.628,265,1.6768,en
441146,Just Charlie,2017,Drama,6.989,46,1.6841,en
642328,Homejack Reverse,2017,Drama|Crime|Thriller|Horror,4.737,19,1.2201,ja
433950,Daytime Shooting Star,2017,Romance,7.404,83,1.2969,ja
413998,My Cousin Rachel,2017,Drama|Romance,5.7,619,1.2737,en
437073,The Mayor,2017,Drama|Thriller,6.5,45,1.2074,ko
422708,Let the Corpses Tan,2017,Crime|Western|Horror,6.2,149,1.1433,fr
448446,Gilbert,2017,Documentary,6.721,52,2.4464,en
388202,Arsenal,2017,Thriller|Crime,4.337,150,1.4432,en
435577,The 12th Man,2017,War|Drama,7.126,613,1.6052,no
491937,Goldbuster,2017,Drama|Comedy,4.8,18,1.5581,zh
480572,Bullet Head,2017,Crime|Drama|Thriller,4.997,548,1.8258,en
407449,Lucky,2017,Drama,7.302,642,1.3015,en
403390,Bitter Harvest,2017,War|Drama|History|Romance,5.954,87,2.4372,en
461054,LEGO Scooby-Doo! Blowout Beach Bash,2017,Animation|Comedy|Family|Mystery,7.3,171,1.2737,en
477652,The Miracles of the Namiya General Store,2017,Fantasy|Drama|Mystery|Family,7.052,48,1.0522,ja
434015,Double Mints,2017,Romance,5.976,21,1.1421,ja
461211,Mumon: The Land of Stealth,2017,War|Action|History|Romance,6.457,46,1.3259,ja
478826,Sky Hunter,2017,Action,6.787,68,1.2173,zh
411019,I Am Not Your Negro,2017,Documentary,7.735,514,1.2965,en
461758,Digimon Adventure tri. Part 5: Coexistence,2017,Adventure|Action|Animation|Family|Fantasy|Science Fiction,7.311,45,1.3186,ja
472838,SPF-18,2017,Romance|Drama,4.429,1063,1.962,en
403431,Brigsby Bear,2017,Comedy|Drama,7.1,417,1.177,en
432602,An Inconvenient Sequel: Truth to Power,2017,Documentary,6.6,181,1.2381,en
464331,Undercover Grandpa,2017,Family|Comedy,5.6,79,1.2693,en
364733,Blind,2017,Drama|Romance,6.1,155,1.2969,en
367462,68 Kill,2017,Comedy|Crime,5.88,204,1.4691,en
457665,Alien Invasion: S.U.M.1,2017,Science Fiction,4.611,72,1.2301,en
451105,Daddy You  Daughter Me,2017,Fantasy|Drama|Comedy,7.3,19,1.2652,ko
483165,The Fixies: Top Secret,2017,Comedy|Family|Animation|Adventure,6.968,62,1.1713,ru
480651,Seven Sundays,2017,Drama|Family,8.167,12,1.3323,tl
456756,Bank Chor,2017,Comedy|Crime|Thriller,5.048,21,2.0533,hi
431259,Escape Room,2017,Horror|Thriller|Fantasy,4.847,259,1.4473,en
448337,Who Killed Cock Robin,2017,Mystery|Thriller|Crime,7.0,83,1.1944,zh
398588,Dismissed,2017,Horror|Thriller,6.5,275,1.2636,en
443635,DJ: Duvvada Jagannadham,2017,Action|Comedy|Crime,5.815,62,0.9789,te
467248,Bring It On: Worldwide #Cheersmack,2017,Comedy,5.924,255,1.2924,en
489204,Four Christmases and a Wedding,2017,TV Movie|Romance|Comedy,6.263,59,1.1534,en
473397,Dear Etranger,2017,Drama,7.1,19,1.0269,ja
301372,Voice from the Stone,2017,Mystery|Thriller|Drama|Romance,5.625,497,1.3307,en
470006,The Student,2017,Thriller|Crime,5.6,20,1.684,en
461108,Toxic Shark,2017,Horror|Science Fiction|Comedy,5.585,100,1.8472,en
306943,The Outcasts,2017,Comedy,6.123,508,1.5497,en
460218,5-Headed Shark Attack,2017,Horror|Science Fiction,4.258,118,1.3809,en
415401,The Party,2017,Comedy|Drama,6.348,601,1.7946,en
528755,Mountain Top,2017,Drama|Family|Mystery,7.235,17,1.2806,en
359749,78/52,2017,Documentary,7.179,148,1.4629,en
433128,Ajin: Demi-Human,2017,Action|Horror|Mystery,7.345,142,1.864,ja
492258,Cocaine Godmother,2017,Drama|TV Movie|Crime,6.378,74,1.2416,en
481841,Sex Guaranteed,2017,Comedy,5.6,30,1.1705,en
469912,Donten: Laughing Under the Clouds - Gaiden: Chapter 1 - One Year After the Battle,2017,Animation|Action|Adventure|Fantasy,6.5,12,1.3025,ja
436350,Mr. Long,2017,Crime|Drama|Action,7.275,91,1.1221,ja
453807,Justice,2017,Western,5.611,45,2.1228,en
446131,Madame,2017,Romance|Comedy|Drama,5.894,326,1.2101,en
436992,My Little Brother,2017,Drama|Comedy,6.8,18,2.249,ko
489013,Maximum Impact,2017,Action|Comedy,3.5,26,1.6012,ru
376440,Si 3,2017,Crime|Action,5.543,46,1.3168,ta
438640,Closest Love to Heaven,2017,Romance|Drama,7.555,82,1.5645,ja
436932,Jawbone,2017,Action|Drama,6.175,80,0.9977,en
441182,Godha,2017,Comedy|Drama,7.0,30,1.0975,ml
332283,Mary Shelley,2017,Romance|Drama,6.991,1061,1.9908,en
446865,Hailey Dean Mysteries: Deadly Estate,2017,Mystery|TV Movie,7.1,41,1.4202,en
450932,Armed Response,2017,Action|Horror|Thriller,5.159,182,2.2182,en
412678,Killing Salazar,2017,Crime|Action|Adventure|Thriller,4.9,63,1.6549,en
488621,The Chase,2017,Thriller|Crime|Drama|Mystery,6.7,100,1.3169,ko
384973,Shinjuku Swan II,2017,Action,4.8,12,1.1015,ja
416160,The Vault,2017,Horror|Thriller,4.885,423,1.4363,en
456017,Velaiyilla Pattathari 2,2017,Action|Comedy,5.685,46,2.3354,ta
442842,Love and Other Cults,2017,Comedy|Drama,6.8,24,1.0575,ja
449225,A Beautiful Star,2017,Science Fiction|Drama,5.964,14,1.6167,ja
437670,Suck Me Shakespeer 3,2017,Comedy,6.08,497,1.4824,de
452698,Grow House,2017,Comedy,6.3,11,1.5949,en
443670,Tom Clancy's Ghost Recon Wildlands: War Within The Cartel,2017,Action|Crime|Drama,6.7,12,1.1498,en
464655,The Words That Built America,2017,Documentary,6.033,15,1.4497,en
815767,El diario de una prostituta 2,2017,Drama,6.6,18,0.7995,es
460580,Sweet 20,2017,Fantasy|Comedy|Drama,7.4,15,0.9876,id
438551,Peach Girl,2017,Romance|Comedy,7.032,63,1.0296,ja
455960,Yurigokoro,2017,Mystery|Crime,7.239,23,1.257,ja
462477,Newsies,2017,Music|Comedy|Drama|History|Romance,8.0,94,1.1969,en
459950,Feed,2017,Drama,6.9,220,1.0258,en
341287,Breath,2017,Drama,6.533,91,1.0467,en
458456,Love and Lies,2017,Romance,5.4,16,1.1444,ja
514690,Global Meltdown,2017,Action|Science Fiction|Thriller|TV Movie,5.819,72,1.0905,en
434025,Space Squad: Space Sheriff Gavan VS Tokusou Sentai Dekaranger,2017,Action|Adventure|Science Fiction,7.7,13,1.064,ja
429918,Survival Family,2017,Comedy|Drama|Adventure,7.271,144,1.4134,ja
426338,Holy Camp!,2017,Comedy|Romance,6.8,367,2.0909,es
459159,Puppy!,2017,Family|Fantasy|Animation|Comedy,6.36,189,1.3081,en
492136,Destiny: The Tale of Kamakura,2017,Mystery|Drama|Fantasy,7.421,38,1.5954,ja
476335,Shock and Awe,2017,History|Drama|Thriller,6.339,199,1.0524,en
441881,Tubelight,2017,Drama|War,5.3,98,1.5023,hi
435268,Open Marriage,2017,Thriller|TV Movie|Romance,3.9,30,1.2293,en
507201,The Unwilling,2017,Horror|Thriller,3.8,25,1.3518,en
287904,The Last Face,2017,Drama,5.533,210,1.1605,en
469019,Jim & Andy: The Great Beyond,2017,Documentary|Drama|Comedy,7.5,733,1.1897,en
464593,Earth: One Amazing Day,2017,Documentary,7.751,191,1.5113,en
429174,Loveless,2017,Drama,7.313,819,1.1998,ru
401544,Death Race 2050,2017,Action|Comedy|Science Fiction,4.317,205,1.169,en
469687,100 Poems for Stella,2017,Romance|Drama,7.1,17,1.1676,tl
428586,Love Locks,2017,TV Movie|Romance|Drama,5.692,65,1.9705,en
444539,The Bookshop,2017,Drama,6.492,461,1.2213,en
456570,Hindi Medium,2017,Comedy|Drama,7.382,208,1.127,hi
398177,Just Getting Started,2017,Action|Comedy,4.9,254,1.2417,en
468690,Mobile Suit Gundam Thunderbolt: Bandit Flower,2017,Action|Animation|Science Fiction|War,6.3,23,0.9975,ja
429467,The Lodgers,2017,Horror|Thriller|Mystery,5.022,511,1.1884,en
467209,Side Job,2017,Drama,5.9,15,1.0383,ja
454549,Zombillénium,2017,Comedy|Animation|Fantasy,7.0,241,1.2611,fr
479240,The Robot Chicken Walking Dead Special: Look Who's Walking,2017,Animation|Comedy|TV Movie,7.2,41,1.2255,en
413857,Tragedy Girls,2017,Horror|Comedy,6.004,352,1.7984,en
426230,Band Aid,2017,Comedy|Drama|Music,6.3,173,1.0569,en
532636,Lasso,2017,Horror|Thriller,6.2,30,1.6602,en
449755,Christmas Inheritance,2017,Romance|Comedy,6.271,849,1.5664,en
503401,FTL,2017,Drama|Mystery|Science Fiction,5.872,43,1.992,en
525831,HiGH&LOW The Movie 3: Final Mission,2017,Action|Drama,6.9,11,1.4361,ja
425298,Darkland,2017,Thriller|Action|Drama,6.162,145,1.6666,da
471950,Charlotte,2017,Horror,5.0,10,1.0905,en
452187,Le Brio,2017,Drama|Comedy,6.964,920,1.1843,fr
412302,Gemini,2017,Mystery|Crime|Drama|Thriller,5.412,147,1.1237,en
469310,The Incredible Story of the Giant Pear,2017,Animation|Adventure|Family,6.5,65,1.4861,da
450274,Memoirs of a Murderer,2017,Thriller|Drama|Mystery,6.753,81,1.2132,ja
467106,Bareilly Ki Barfi,2017,Comedy|Romance,6.882,190,1.0325,hi
481819,The Consolation,2017,Drama|TV Movie,5.9,26,1.2351,fr
431112,Awakening the Zodiac,2017,Crime|Drama|Mystery|Thriller,5.346,130,1.1303,en
430162,Revolting Rhymes,2017,Family|Animation|Comedy|Fantasy,6.775,60,1.1083,en
428733,Close-Knit,2017,Drama,7.091,55,0.9812,ja
449758,Five Came Back,2017,Documentary|War,7.9,45,1.1652,en
477306,Our Shining Days,2017,Drama|Comedy|Romance,7.5,53,1.4413,zh
421386,Como Se Tornar o Pior Aluno da Escola,2017,Comedy,5.6,107,1.0564,pt
435218,Lost in London,2017,Comedy|Drama,5.947,133,0.9612,en
345923,All I See Is You,2017,Mystery|Thriller|Drama,5.215,615,0.894,en
478187,The Swindlers,2017,Crime|Action|Thriller,6.7,104,0.9821,ko
428585,Lemon,2017,Drama|Comedy,4.41,61,2.1308,en
447954,Love Off the Cuff,2017,Romance|Comedy,6.9,43,1.1698,cn
467597,Solver,2017,Adventure|Mystery|Thriller,4.9,18,0.6193,en
460914,Death Pool,2017,Thriller|Mystery,4.6,10,1.6386,en
464111,Zygote,2017,Horror|Science Fiction,7.0,185,2.3906,en
450875,LA 92,2017,History|Documentary,7.729,140,2.0246,en
396940,Super Dark Times,2017,Drama|Thriller,6.489,673,1.3221,en
441875,Toilet: A Love Story,2017,Comedy|Drama|Romance,6.819,216,1.2122,hi
472123,Golmaal Again,2017,Comedy|Horror|Action|Fantasy,5.414,111,1.1141,hi
273831,Cómo Filmar Una XXX,2017,Comedy,6.3,22,1.2203,es
395982,Prevenge,2017,Horror|Comedy|Drama|Thriller|Fantasy,5.545,255,0.8375,en
464882,Batman vs. Two-Face,2017,Animation|Action|Science Fiction,6.313,198,1.1395,en
484889,Rise of the Footsoldier 3: The Pat Tate Story,2017,Action|Crime|Drama|Thriller,6.16,50,1.0713,en
451450,Reminiscence,2017,Mystery|Drama,6.8,10,1.0105,ja
452551,The Adventurers,2017,Action|Crime|Adventure,5.958,189,1.484,cn
432128,Pretty Cure Dream Stars!,2017,Comedy|Animation|Fantasy|Action|Family|Adventure,7.55,10,1.1497,ja
383709,Wonderstruck,2017,Drama,6.077,428,1.3791,en
416186,Godard Mon Amour,2017,Drama|Romance|Comedy,6.619,370,1.0672,fr
479794,City of Rock,2017,Comedy|Drama,6.3,33,1.1133,zh
474715,Time of Happiness,2017,Comedy|Romance,5.738,40,1.0741,tr
479272,Colour of the Game,2017,Action|Crime|Thriller,6.2,21,0.9888,cn
426030,Finding Your Feet,2017,Comedy|Drama|Family|Music|Romance,7.0,181,1.2574,en
456289,Velaikkaran,2017,Drama|Thriller,7.0,37,0.9871,ta
473888,Ryuichi Sakamoto: CODA,2017,Documentary|Music,7.42,56,0.8718,ja
460216,Humor Me,2017,Comedy,5.7,24,1.2625,en
465545,Crystal Inferno,2017,Adventure|Action,4.8,53,1.4661,en
411139,I'm Not Here,2017,Drama,5.804,74,1.1628,en
437620,ReLIFE,2017,Comedy|Drama|Romance,7.5,72,1.1078,ja
474498,Mariah Carey's All I Want for Christmas Is You,2017,Animation|Family,5.579,76,0.9948,en
444288,Anchor and Hope,2017,Comedy|Drama|Romance,5.2,33,1.8149,es
456160,Backstroke,2017,Thriller|Horror,5.6,25,1.1692,en
472253,Man and a Baby,2017,Comedy,5.357,14,1.4241,fi
403114,Window Horses: The Poetic Persian Epiphany of Rosie Ming,2017,Animation|Drama,6.7,18,1.0718,en
432616,Promise at Dawn,2017,Drama|Romance|History|War,7.2,509,1.134,fr
419709,Last Flag Flying,2017,Drama|Comedy,6.8,489,1.1656,en
432613,Marry Me  Dude,2017,Comedy,6.24,1007,1.1334,fr
379019,My Blind Date with Life,2017,Comedy|Drama,7.509,289,1.3203,de
324562,The Tribes of Palos Verdes,2017,Drama,5.4,83,1.1804,en
401743,The Most Hated Woman in America,2017,Crime|Drama,6.2,230,0.8965,en
396774,Bomb City,2017,Drama|Crime,7.1,282,1.8943,en
442845,Ordinary Person,2017,Crime|Action|Drama|Mystery,7.2,41,0.9188,ko
423949,Unicorn Store,2017,Fantasy|Drama|Comedy,5.907,881,1.2725,en
481850,Demi Lovato: Simply Complicated,2017,Music|Documentary,7.7,140,1.1368,en
429210,Bingo: The King of the Mornings,2017,Comedy|Drama,7.976,414,0.8184,pt
324538,Damascus Cover,2017,Thriller|Mystery,5.553,75,2.1666,en
457832,Reset,2017,Action|Science Fiction,6.904,114,1.1181,zh
430365,With Open Arms,2017,Comedy,5.246,491,1.2342,fr
498728,Locked In,2017,TV Movie|Thriller,4.9,10,1.128,en
468988,Gogol. The Beginning,2017,Mystery|Adventure|Thriller|Horror,6.2,111,0.9692,ru
433252,Our Souls at Night,2017,Romance|Drama,6.671,466,1.1252,en
459947,Jackals,2017,Horror|Thriller,5.387,194,0.9162,en
413884,Half Girlfriend,2017,Romance|Drama,6.25,86,0.9988,hi
472310,Mixed Doubles,2017,Comedy|Romance,6.522,46,1.076,ja
455558,9/11,2017,Drama|Thriller,5.135,229,1.0543,en
479308,Flint,2017,TV Movie|Drama,6.8,18,1.1738,en
412758,Eat Locals,2017,Action|Comedy|Horror,5.2,128,1.0407,en
473165,Dead Again in Tombstone,2017,Western|Action|Fantasy|Horror,4.93,86,1.0746,en
479016,The Limit of Sleeping Beauty,2017,Drama,5.4,21,1.1037,ja
300687,Same Kind of Different as Me,2017,Drama,6.8,274,1.1734,en
437078,Heart Blackened,2017,Crime|Thriller|Drama,6.9,50,0.9682,ko
458264,Meus 15 Anos: O Filme,2017,Drama|Comedy,6.7,136,1.044,pt
436343,On Body and Soul,2017,Drama|Romance|Fantasy,7.263,614,0.847,hu
412692,Gukoroku - Traces of Sin,2017,Thriller|Drama,6.5,33,0.9119,ja
413992,Sweet Virginia,2017,Drama|Thriller,5.9,334,1.0472,en
428125,The 100th Love with You,2017,Romance|Drama,7.6,42,1.8126,ja
370301,Cook-Off!,2017,Comedy,5.2,41,2.0088,en
473072,2036: Nexus Dawn,2017,Science Fiction|Thriller,6.87,414,1.5026,en
509080,LEGO Marvel Super Heroes: Guardians of the Galaxy - The Thanos Threat,2017,Animation|Family|Science Fiction,6.591,66,1.109,en
436398,Dead Over Heels: An Aurora Teagarden Mystery,2017,Mystery|TV Movie|Crime|Drama,6.9,101,1.3393,en
425980,Brad's Status,2017,Comedy|Drama,6.285,452,1.2202,en
434942,The Village of No Return,2017,Comedy|Fantasy,6.671,35,1.1705,zh
402780,Kuttram 23,2017,Thriller|Crime|Action,7.0,34,2.2535,ta
456280,Foam Party!,2017,Comedy|Romance,4.229,24,0.9105,es
462996,Love  Kennedy,2017,Family|Drama,7.8,24,0.9299,en
460316,Do It Like An Hombre,2017,Comedy,7.108,139,0.9162,es
442014,One-Line,2017,Crime|Thriller,6.6,36,1.1095,ko
456098,All About the Money,2017,Comedy|Action|Adventure,5.4,38,1.0285,en
451504,Joint Custody,2017,Comedy,5.7,296,1.7407,fr
430916,K.O.,2017,Thriller|Drama,5.5,145,1.5576,fr
397601,The Bachelors,2017,Comedy|Drama|Romance,7.045,177,1.3196,en
422545,Because I Love You,2017,Drama|Fantasy|Romance,7.0,32,0.9701,ko
433941,Dave Made a Maze,2017,Comedy|Adventure|Horror|Fantasy,6.4,277,1.0442,en
334537,We Don't Belong Here,2017,Drama|Family,5.625,40,0.9927,en
480623,Christmas Getaway,2017,Romance|TV Movie,7.0,151,2.3464,en
446164,Before We Vanish,2017,Science Fiction|Drama|Thriller,6.47,100,1.2369,ja
399031,Happy End,2017,Drama,6.17,433,1.3605,fr
428081,High Society,2017,Comedy,6.211,161,1.1734,de
420245,Don't Knock Twice,2017,Horror,5.516,787,0.9943,en
462455,Haikara-san: Here Comes Miss Modern Part 1,2017,Animation|Romance|Comedy,6.1,13,1.0036,ja
426034,The Changeover,2017,Fantasy|Thriller|Horror,5.613,53,0.8761,en
420950,Alone,2017,Fantasy|Science Fiction|Horror|Family,5.623,524,0.8937,fr
464867,Operation Dunkirk,2017,War|Action,3.9,59,2.1749,en
438347,Wedding Unplanned,2017,Romance|Comedy,6.119,480,2.0416,fr
363056,Miles,2017,Drama,5.3,25,0.9839,en
486859,Angry Angel,2017,Romance|TV Movie|Comedy|Fantasy,5.5,20,2.3648,en
575249,Dragon Ball Z: The Real 4-D at Super Tenkaichi Budokai,2017,Action|Animation|Adventure,7.0,31,0.874,ja
276903,Blame!,2017,Animation|Science Fiction,5.0,10,0.9632,ja
444109,Bethany,2017,Horror,5.3,51,1.1894,en
485724,Venus,2017,Comedy,5.9,13,2.0273,en
438660,Policeman and Me,2017,Comedy,7.144,45,0.9031,ja
387795,You Live for Me,2017,Drama,4.5,14,0.8885,es
405965,An Ordinary Man,2017,Action|Drama|War,6.2,167,1.3334,en
436245,Daphne,2017,Comedy|Drama,5.6,68,1.0791,en
451500,Christmas & Co.,2017,Comedy|Fantasy|Family,6.278,672,1.2799,fr
673718,Foreboding,2017,Science Fiction,5.7,15,0.935,ja
432139,Vikram Vedha,2017,Action|Thriller|Crime|Adventure,7.232,226,0.8275,ta
444395,Jupiter's Moon,2017,Science Fiction,5.563,120,1.0848,hu
409617,Killing Ground,2017,Mystery|Thriller|Horror,6.084,291,1.0988,en
435809,Bluebeard,2017,Thriller,6.8,67,1.1018,ko
475149,The Great Buddha+,2017,Comedy|Drama,7.924,118,0.9336,zh
345680,Sleepwalker,2017,Thriller,4.688,72,1.1006,en
457262,Rip Tide,2017,Family|Drama,6.062,460,1.025,en
271404,Beyond Skyline,2017,Action|Science Fiction|Adventure,5.298,1098,0.9706,en
460135,LEGO DC Super Hero Girls: Brain Drain,2017,Animation,6.406,53,1.3456,en
447952,The Sleep Curse,2017,Horror|Mystery,5.7,60,1.0698,cn
377691,The Man,2017,Drama|Comedy,5.2,13,1.9771,da
445768,Rodin,2017,Drama|Romance,4.6,62,2.1242,fr
470370,Thomas & Friends: Journey Beyond Sodor,2017,Animation|Family|Music,6.9,15,1.1242,en
478210,All of My Heart: Inn Love,2017,Romance|TV Movie,6.9,63,1.6184,en
435737,Rufus 2,2017,TV Movie|Family|Comedy|Fantasy|Romance,7.368,68,1.9818,en
400020,The Young Karl Marx,2017,History|Drama,6.843,324,1.1391,fr
480007,The Third Eye,2017,Horror|Thriller,5.674,95,1.0133,id
429238,Coin Heist,2017,Family|Crime,5.4,288,1.6953,en
426825,The Confession,2017,Drama,6.5,95,0.8775,fr
437116,A Special Lady,2017,Action|Crime,6.0,28,0.9679,ko
429829,Meatball Machine Kodoku,2017,Horror|Science Fiction|Action|Comedy,5.773,33,1.1038,ja
394537,The Pirates of Somalia,2017,Drama,6.863,256,1.1816,en
466147,Jaya Janaki Nayaka,2017,Romance|Action|Thriller,5.1,19,1.0321,te
483104,A Christmas Prince,2017,Romance|TV Movie,6.604,1476,1.0387,en
416051,Based on a True Story,2017,Thriller|Mystery,5.708,521,1.0343,fr
487117,Guardians of Martial Arts,2017,Action,5.7,30,0.9441,zh
453296,The Wrong Babysitter,2017,TV Movie|Thriller,5.025,20,0.9221,en
432364,The Covenant,2017,Horror,4.5,32,0.8543,en
432130,Ao Oni The Animation,2017,Horror|Animation,4.8,18,0.8514,ja
466980,Dahufa,2017,Animation|Action|Adventure|Fantasy,7.071,56,0.9427,zh
481933,Pure Hearts: Into Chinese Showbiz,2017,Drama|Comedy,1.6,17,1.1277,zh
435720,Framed for Murder: A Fixer Upper Mystery,2017,Drama|TV Movie|Mystery,6.6,43,0.8359,en
354285,The Sense of an Ending,2017,Mystery|Drama,6.355,221,1.2215,en
466438,Legend of the Naga Pearls,2017,Romance|Adventure|Fantasy|Comedy,5.8,43,1.0192,zh
485894,Naples in Veils,2017,Thriller,6.178,476,2.1748,it
459667,Circus Kane,2017,Horror,4.007,73,0.9094,en
485313,The Empty Hands,2017,Drama|Action,6.0,24,1.2075,cn
433892,March Comes In Like a Lion,2017,Drama,6.87,23,0.9403,ja
315840,Buğday,2017,Drama|Science Fiction,5.8,32,1.9496,en
452400,Our Time Will Come,2017,Drama|History,6.027,37,0.9546,cn
473920,S.M.A.R.T. Chase,2017,Action|Comedy|Adventure|Crime|Thriller,4.822,107,1.0153,en
463861,Jealous,2017,Comedy,5.891,243,2.0327,fr
479753,Shockwave: Countdown to Disaster,2017,Action|Science Fiction|Adventure|Thriller,5.505,108,1.0952,en
396777,Woodshock,2017,Drama|Thriller,4.4,76,0.8817,en
451764,Romans,2017,Drama,5.073,41,1.1259,en
468202,The Girl in the Fog,2017,Mystery|Thriller|Crime,6.763,1077,1.3637,it
457198,The Burden,2017,Music|Animation,7.3,24,0.9514,sv
452408,The Sheriff In Town,2017,Crime|Comedy,6.0,27,0.9654,ko
427027,The Dumpling Affair,2017,Comedy|Crime,7.077,111,0.8429,de
414027,Jasper Jones,2017,Drama|Mystery|Thriller,6.4,92,0.9403,en
433623,Jailbreak,2017,Action|Comedy|Crime|Thriller,5.712,66,0.8978,km
467675,Memoir of War,2017,Drama,6.1,144,1.2126,fr
450945,I Am Heath Ledger,2017,Documentary,7.381,227,0.8919,en
459075,BraveStorm,2017,Action|Adventure|Science Fiction,4.65,20,0.9218,ja
470360,Breaking the Limits,2017,Drama|History,7.553,104,1.0964,pl
412200,Clair Obscur,2017,Drama,5.602,44,1.2719,tr
467988,Camp Cool Kids,2017,Family,5.667,39,1.0048,en
582394,Tokyo Vampire Hotel,2017,Fantasy|Horror,6.1,15,1.0349,ja
460024,Stasis,2017,Adventure|Science Fiction,3.565,176,1.1747,en
470388,The One,2017,Comedy,5.0,10,0.9901,zh
451995,Faces Places,2017,Documentary,7.6,415,1.0242,fr
479242,Gourmet Detective: Eat  Drink and Be Buried,2017,Mystery|TV Movie|Crime|Drama,7.133,49,0.8409,en
447023,The Wrong Student,2017,Thriller|TV Movie,4.5,13,0.8899,en
490916,Wilderness: Part 2,2017,Drama,6.4,14,0.8553,ja
436994,Lucid Dream,2017,Science Fiction|Thriller,6.424,225,0.992,ko
382595,Dalida,2017,Music|Drama,6.7,271,0.8736,fr
470133,Thiruttu Payale 2,2017,Thriller|Action|Romance,6.5,11,1.0526,ta
452250,Sivalinga,2017,Thriller|Horror,5.5,14,1.0544,ta
428446,Walking Out,2017,Adventure|Drama|Thriller|Mystery,5.9,157,1.107,en
470524,I Can Speak,2017,Drama|Comedy,7.9,70,1.09,ko
459962,Kiss Me!,2017,Romance|Comedy,5.4,66,1.8548,fr
436401,Murder  She Baked: Just Desserts,2017,Mystery|TV Movie,6.978,69,0.8775,en
483863,Tiny Christmas,2017,TV Movie|Family|Adventure|Comedy,6.156,32,1.5457,en
525875,Ronaldo vs. Messi: Face Off!,2017,Documentary,6.132,19,1.0255,en
469178,You ＆ Me XXX,2017,Unknown,7.4,14,0.9556,th
431937,Mr & Mme Adelman,2017,Romance|Drama|Comedy,7.457,463,0.9401,fr
421443,Teleios,2017,Science Fiction,4.9,95,1.0631,en
419459,Landline,2017,Comedy|Drama,6.099,96,1.0871,en
421447,The Climb,2017,Comedy|Romance|Adventure,6.69,892,0.9866,fr
421560,Giant,2017,Drama|History,6.6,154,2.4151,eu
317560,Carrie Pilby,2017,Comedy|Drama,6.832,444,0.9468,en
433002,Amityville Exorcism,2017,Horror,3.622,37,1.6022,en
473234,Arjun Reddy,2017,Drama|Romance,6.983,118,1.0493,te
412452,Cross Wars,2017,Action,4.204,27,1.9407,en
449652,77 Heartbreaks,2017,Romance,6.6,12,0.9918,cn
467433,A Question of Faith,2017,Drama,7.423,98,0.9186,en
398924,A Bag of Marbles,2017,War|Drama,7.795,906,1.0107,fr
371447,Lovesong,2017,Drama|Romance,5.706,197,2.0868,en
438339,The Tokyo Night Sky Is Always the Densest Shade of Blue,2017,Drama,6.8,25,0.8554,ja
383538,The Shadow Effect,2017,Science Fiction|Action|Thriller,5.027,148,0.7841,en
438970,Sharknado 5: Global Swarming,2017,Action|Comedy|Horror|Science Fiction|TV Movie,4.771,349,0.8149,en
472746,The Tag-Along 2,2017,Horror|Thriller,6.5,49,0.8308,zh
451914,The King's Case Note,2017,Adventure|Action|Comedy,6.8,20,1.107,ko
442947,A Gentle Creature,2017,Drama|Mystery,5.953,75,0.8759,ru
479255,Tremble All You Want,2017,Comedy|Romance,7.167,42,0.879,ja
403867,Kaabil,2017,Action|Thriller|Drama,6.908,147,0.7979,hi
468198,The Place,2017,Drama|Thriller,7.128,1249,2.0159,it
353440,Killing Hasselhoff,2017,Comedy,4.463,122,2.1426,en
411612,Nibunan,2017,Action|Crime|Thriller,6.7,12,1.1173,ta
468205,No Date  No Signature,2017,Drama|Mystery|Thriller,6.784,134,1.2342,fa
432826,Dim the Fluorescents,2017,Romance|Comedy|Drama,4.571,14,0.9459,en
460398,Free!: Take Your Marks,2017,Animation|Comedy,6.8,20,1.0191,ja
470401,Abducted in Plain Sight,2017,Documentary|Crime,6.555,389,0.9453,en
494858,The Liquidator,2017,Crime|Mystery|Thriller,5.7,23,0.8502,zh
469722,Trauma,2017,Horror|Thriller|Drama,5.424,139,1.1101,es
437583,November,2017,Drama|Fantasy|Romance|Horror,7.096,177,0.8607,et
467405,Don't Sleep,2017,Horror|Thriller,5.386,136,0.777,en
408509,Orphan,2017,Drama,5.5,115,0.9034,fr
494282,Milada,2017,Drama|History,6.7,63,0.8208,en
419472,The Polka King,2017,Comedy,5.582,325,0.7007,en
447185,Psychic Kusuo,2017,Comedy,6.2,38,0.9509,ja
444291,I Got Life!,2017,Drama|Comedy,6.111,140,1.0596,fr
375343,Instant Death,2017,Action|Crime,5.5,54,0.8483,en
479048,Love Struck Café,2017,TV Movie|Romance,6.4,46,0.9643,en
464016,Détour,2017,Fantasy|Comedy,5.8,13,0.9062,fr
426272,Take Me,2017,Comedy|Crime,5.837,221,0.9513,en
469922,Pup Star: Better 2Gether,2017,Family|Comedy|Music,6.2,21,0.8368,en
434757,Barbie Video Game Hero,2017,Animation|Family|Science Fiction,6.842,241,1.1916,en
462385,Room No.7,2017,Comedy|Thriller,6.6,26,1.0902,ko
470163,Al Berto,2017,Drama,5.889,18,0.9235,pt
445126,Can't Buy My Love,2017,Romance|TV Movie,6.0,86,0.9054,en
441829,Team Thor: Part 2,2017,Science Fiction|Comedy|Fantasy,6.914,359,0.9126,en
348391,Speech & Debate,2017,Comedy|Drama,5.9,96,0.9159,en
485612,Christmas in the Heartland,2017,Family,6.1,49,0.9078,en
447113,Monster High: Electrified,2017,Family|Animation,7.1,88,0.8093,en
432025,The Art of Loving: Story of Michalina Wislocka,2017,Drama|Comedy|History,6.5,99,0.8195,pl
428886,England Is Mine,2017,Drama,5.816,76,0.9621,en
459592,Hirugao,2017,Drama|Romance,5.422,32,0.9462,ja
434236,Let's Go  Jets!,2017,Comedy,7.3,21,0.8178,ja
469799,Amelia 2.0,2017,Drama|Science Fiction,5.5,35,0.8329,en
489567,Deadly Vows,2017,Crime|Drama|TV Movie,5.232,28,0.8727,en
394822,London Town,2017,Drama|Music,6.132,38,1.2316,en
438962,Gender Revolution: A Journey with Katie Couric,2017,Documentary|TV Movie,5.7,20,0.8421,en
448172,You Disappear,2017,Drama,5.542,24,0.7872,da
427348,Carbone,2017,Thriller|Crime,6.709,444,0.8647,fr
466924,Meow,2017,Science Fiction|Comedy|Family|Fantasy,5.1,14,0.8775,cn
431261,American Wrestler: The Wizard,2017,Drama,7.22,84,0.9353,en
438457,The Ballad of Lefty Brown,2017,Western,6.246,185,1.0471,en
485504,El Camino Christmas,2017,Comedy|Crime|Drama,5.566,341,1.0316,en
485337,Gangster Land,2017,Thriller|Crime|Action|Drama|History,5.381,63,1.3657,en
438982,Game of Death,2017,Thriller|Horror,5.0,98,0.9349,en
474974,Miss Christmas,2017,TV Movie|Romance|Drama,6.2,81,1.864,en
464566,Maze,2017,Drama|History|Thriller,5.8,95,0.924,en
438461,Lane 1974,2017,Adventure|Drama,6.8,11,1.082,en
471972,Chef,2017,Drama|Comedy|Family,5.419,31,0.9202,hi
452447,Spyder,2017,Action|Thriller|Crime,5.312,69,0.9003,ta
455034,A Bundle of Trouble: An Aurora Teagarden Mystery,2017,Mystery|TV Movie|Drama|Crime,6.916,101,0.9761,en
474125,The Golden Monk,2017,Comedy|Fantasy|Action,5.1,10,1.1102,zh
477997,Body of Deceit,2017,Thriller,5.9,46,0.9954,en
265339,Ana and Bruno,2017,Animation|Adventure|Mystery|Family|Fantasy,7.6,96,0.9712,es
441614,Loving,2017,Romance,5.1,517,1.0503,es
405204,Tom of Finland,2017,Drama,6.632,140,0.6943,fi
450968,Holy Terror,2017,Horror,3.6,14,1.757,en
406385,I Can Quit Whenever I Want 2: Masterclass,2017,Action|Comedy|Crime,7.4,1242,0.8776,it
430031,Mommy I Didn't Do It,2017,Thriller|Crime|TV Movie,5.7,26,0.9092,en
467615,The Curse of Buckout Road,2017,Horror,6.542,60,0.8308,en
417760,One Week Friends,2017,Romance|Drama,6.8,63,0.8808,ja
475759,2048: Nowhere to Run,2017,Science Fiction|Thriller|Action|Drama,6.784,371,0.9002,en
453992,Anarchist from Colony,2017,History|Drama,7.406,32,1.1046,ko
286003,Angelica,2017,Drama|Horror|Thriller,4.758,33,0.8727,en
474720,Hot Sweet Sour,2017,Drama|Romance|Comedy,6.8,36,0.972,tr
459674,DiDi's Dreams,2017,Romance|Comedy|Fantasy,6.5,11,0.6485,zh
472722,Party Boat,2017,Comedy,5.8,22,0.5477,en
442094,Check Point,2017,Action,6.1,63,1.0219,en
418588,Day of Reckoning,2017,Science Fiction|Horror|Action,5.013,75,0.9353,en
488372,The Age of Blood,2017,Action|Drama|History,6.1,23,0.8955,ko
432789,The Incredible Jessica James,2017,Romance|Comedy,6.169,219,0.7947,en
457859,About Love. Adults Only,2017,Romance|Comedy|Drama,5.5,47,0.9337,ru
460492,One Love Manchester,2017,Music,8.4,98,0.7545,en
486011,Like.Share.Follow.,2017,Horror|Thriller,5.2,141,0.9497,en
438348,Knock,2017,Comedy,6.392,476,0.883,fr
465871,Maria by Callas,2017,Documentary,7.3,43,0.9729,en
429003,Double Play,2017,Drama|History,3.5,13,1.724,en
405931,March of the Penguins 2: The Next Step,2017,Documentary|Family|Adventure,6.9,76,1.1657,fr
462115,Dead Trigger,2017,Action|Horror,3.7,50,2.1813,en
426253,The Lovers,2017,Comedy|Drama|Romance,5.436,94,1.455,en
441838,I'm Drunk  I Love You,2017,Romance,7.3,14,0.8323,tl
432615,Chasing Coral,2017,Documentary,7.706,131,0.889,en
451646,My Son,2017,Drama|Thriller|Mystery,5.8,264,0.6775,fr
476631,Barbie: Dolphin Magic,2017,Animation|Adventure|Family|Fantasy,6.618,250,1.0319,en
425124,Walk of Fame,2017,Comedy,3.6,35,1.2373,en
491035,Juggernaut,2017,Crime|Drama|Thriller|Mystery,5.258,31,0.8291,en
473256,Peace Breaker,2017,Crime|Action,6.7,31,0.8279,zh
460199,Word of God,2017,Comedy|Drama,6.711,19,0.7818,da
475624,Sea Change,2017,Drama|TV Movie|Fantasy,5.8,32,0.8397,en
452313,What a Wonderful Family! 2,2017,Comedy,7.0,29,0.8015,ja
365372,Breakable You,2017,Comedy|Drama,5.4,19,0.9171,en
487702,F the Prom,2017,Comedy|Drama,5.8,417,0.869,en
459202,Boo 2! A Madea Halloween,2017,Comedy,5.766,495,1.0998,en
430165,Wheeler,2017,Drama|Music,6.8,10,0.8056,en
413990,Pottersville,2017,Comedy,4.9,136,0.976,en
454854,Rodney King,2017,Drama|Crime,5.067,15,1.0141,en
326382,Zama,2017,Drama|History,6.545,177,0.9007,es
465023,Serialized,2017,Crime|Drama|Thriller|TV Movie,5.3,59,1.1881,en
468261,Endless Love,2017,Romance,7.3,82,0.8822,tr
417809,Fatal Crossing,2017,Drama|Thriller|Mystery|Romance|Crime,5.5,10,1.543,en
438455,The Archer,2017,Action,5.405,84,0.7592,en
460699,Nene Raju Nene Mantri,2017,Action|Romance|Thriller,6.6,21,0.9909,te
406668,The Female Brain,2017,Comedy,5.484,92,1.0338,en
433621,Get the Girl,2017,Action|Comedy|Crime|Thriller,5.136,59,0.7172,en
431892,Trapped,2017,Thriller|Drama,6.898,132,0.6408,hi
483554,Magical Christmas Ornaments,2017,Romance|Drama|TV Movie,6.0,84,0.8076,en
433014,Mansfield 66/67,2017,Documentary,4.8,13,0.7496,en
472307,Narratage,2017,Romance|Drama,6.8,13,0.8923,ja
448847,The Hatton Garden Job,2017,Crime|Action|Thriller,5.509,108,0.973,en
480210,Truth or Dare,2017,Horror|Fantasy|Mystery|Thriller|Science Fiction,5.373,153,0.8684,en
543140,The Capture,2017,Science Fiction,5.238,21,1.8813,en
408185,Nails,2017,Horror,5.647,119,1.0645,en
448194,Pyewacket,2017,Horror|Thriller,5.947,341,0.8194,en
450594,Unacknowledged,2017,Documentary|Mystery|Fantasy|Science Fiction,6.303,142,0.7789,en
448831,Stalker's Prey,2017,Thriller|TV Movie,5.4,35,0.7791,en
480647,The Lady in the Portrait,2017,Drama,5.9,18,0.7776,fr
436830,Gold,2017,Adventure|History|Drama|Action,5.657,198,0.9205,es
437739,The Mansion,2017,Horror|Comedy,4.805,493,0.7871,fr
456348,Batman & Bill,2017,Documentary,7.165,79,0.9694,en
446864,Concrete Evidence: A Fixer Upper Mystery,2017,Mystery|Crime|TV Movie,6.7,37,0.7672,en
421833,Brave New Jersey,2017,Comedy,5.1,19,0.7635,en
393575,Bullyparade: The Movie,2017,Comedy,5.29,229,0.81,de
437667,Love at First Glance,2017,Drama|TV Movie|Romance,5.7,63,0.7821,en
464745,Fanged Up,2017,Horror|Comedy,5.182,22,0.7269,en
267767,Curse of the Mayans,2017,Horror|Science Fiction,3.6,31,2.043,es
399896,Class Rank,2017,Comedy,6.9,69,0.8841,en
432887,Casting,2017,Drama|Comedy,6.1,18,1.7922,de
465080,Hollywood Dirt,2017,Drama|Romance,6.309,55,0.8495,en
376540,Mathilde,2017,History|Drama|Romance,5.8,80,0.9767,ru
500075,Desolation,2017,Thriller,4.676,17,1.439,en
444341,Gone Fishing,2017,Animation|Comedy,6.5,48,0.9471,en
384545,Blue World Order,2017,Action|Adventure|Fantasy|Science Fiction,4.2,23,0.7788,en
444835,The Preacher's Son,2017,Romance|Drama|Mystery,6.9,10,0.8181,en
431479,Corporate,2017,Drama|Thriller,6.258,128,1.941,fr
489634,Revenge Girl,2017,Romance|Comedy|Action,5.5,25,0.848,ja
426257,Roxanne Roxanne,2017,Drama,6.036,124,1.417,en
450438,Permanent,2017,Comedy,5.2,87,0.7701,en
450829,Redwood,2017,Horror,5.0,33,1.9313,en
461297,Cop and a Half: New Recruit,2017,Crime|Comedy|Action|Family|TV Movie,5.6,34,0.9568,en
86822,Voyage of Time: Life's Journey,2017,Documentary|Drama|History,6.3,201,0.991,en
478280,Girl From Nowhere,2017,Thriller|Romance,4.2,20,0.6284,en
402582,Handsome: A Netflix Mystery Movie,2017,Comedy,5.3,142,0.8577,en
421131,The Carmilla Movie,2017,Horror|Comedy|Romance,7.3,113,1.0422,en
429460,Muse,2017,Thriller|Horror,5.836,373,0.8059,en
485442,The Bros,2017,Comedy,6.339,31,1.0688,ko
440596,Kiss and Cry,2017,Romance|Drama|Music,7.298,414,0.6604,en
432976,Icarus,2017,Documentary,7.64,824,0.7962,en
435126,Perfect Strangers,2017,Drama|Comedy,6.676,682,0.9888,es
405684,Kaatru Veliyidai,2017,Romance|Thriller,5.6,29,0.748,ta
447061,Red Nose Day Actually,2017,TV Movie|Comedy|Romance,7.027,276,0.802,en
426254,Marjorie Prime,2017,Drama|Mystery|Science Fiction,6.117,210,1.0236,en
416572,Joker's Poltergeist,2017,Horror|Thriller,4.4,19,1.0699,en
480881,Let There Be Light,2017,Drama,5.56,67,0.8112,en
438081,Duckweed,2017,Comedy|Drama,6.531,64,1.0231,zh
441742,Infoholic,2017,Comedy,6.7,10,0.9632,uk
493253,Undercover Angel,2017,Family|TV Movie,6.2,23,0.8419,en
461955,Rakka,2017,Action|Science Fiction|Horror|War,7.0,345,0.9806,en
468284,The Insult,2017,Drama|Crime,7.5,475,0.8048,fr
425751,The Hero,2017,Drama,6.135,252,0.9095,en
437848,Another Mother's Son,2017,War|Drama,6.8,35,0.806,en
376658,Love Beats Rhymes,2017,Drama|Music,5.6,95,0.8141,en
465501,The Christmas Cure,2017,TV Movie|Romance|Drama,5.9,59,0.685,en
464737,The End?,2017,Horror,6.134,388,0.8439,it
464003,Jailbait,2017,Drama|Comedy,6.6,12,0.8509,vi
466708,Green Butterflies,2017,Romance|Drama,7.1,82,0.8154,es
467239,Temple,2017,History|Horror,3.89,186,0.8234,en
436355,Vazante,2017,Drama,7.0,20,1.1024,pt
429070,Ismael's Ghosts,2017,Drama|Mystery|Romance|Thriller,5.524,190,0.9715,fr
474377,One Small Indiscretion,2017,Thriller|Crime|TV Movie,4.9,19,0.7612,en
420635,Beautiful Accident,2017,Comedy|Fantasy|Romance,6.4,16,0.6673,zh
454889,Princess Cyd,2017,Romance|Drama,6.601,154,0.5574,en
427033,This Crazy Heart,2017,Drama,7.332,301,1.0377,de
432799,Spoor,2017,Crime|Mystery|Thriller,6.21,186,0.7079,pl
503718,T2: Reprogramming The Terminator,2017,Documentary,7.4,19,0.8928,en
476481,Michael Jackson's Halloween,2017,Animation|Comedy|Family,7.8,45,0.9085,en
475242,The Music of Silence,2017,Drama,7.0,93,0.9202,it
446132,Gauguin: Voyage to Tahiti,2017,Drama|Romance,5.635,126,0.6893,fr
474626,To Each His Own,2017,Drama,6.5,18,0.7341,ja
450647,Danur: I Can See Ghosts,2017,Horror|Mystery|Thriller,5.522,23,1.0406,id
488113,Christmas Wedding Planner,2017,Romance|Family|TV Movie,5.448,426,0.8146,en
356500,Detour,2017,Thriller|Action,6.225,202,0.8919,en
436365,Pendular,2017,Drama,5.2,22,0.8042,pt
460118,Pumpkin and Mayonnaise,2017,Drama,6.5,12,0.6681,ja
452931,DC Super Hero Girls: Intergalactic Games,2017,Animation|Family,5.594,32,0.9153,en
455650,Zombiology: Enjoy Yourself Tonight,2017,Comedy|Horror,4.7,20,1.028,cn
447427,King Arthur: Excalibur Rising,2017,Action,4.6,76,0.6961,en
419386,Besetment,2017,Thriller|Horror,3.5,20,1.8725,en
461821,Killer Mom,2017,Thriller|TV Movie,5.816,19,0.6472,en
443109,Oceans Rising,2017,Action|Science Fiction,4.7,111,0.79,en
472840,Vikes,2017,Romance|Comedy,6.4,12,2.3184,en
382380,MDMA,2017,Drama|Crime,4.522,23,1.9842,en
488382,Wicked Moms Club,2017,Thriller|Drama|TV Movie,5.2,10,0.8107,en
300375,Borley Rectory,2017,Documentary|Horror|History,5.083,12,1.8674,en
444428,Radiance,2017,Romance|Drama,6.486,109,0.8613,ja
494900,The Ex-File 3: The Return of the Exes,2017,Romance|Comedy,7.068,59,0.7977,zh
456191,All for Love,2017,Romance|TV Movie|Comedy,6.326,46,0.7936,en
431562,LEGO Frozen Northern Lights,2017,Animation|Family,6.5,100,0.8125,en
461963,Land Shark,2017,Thriller|Horror|Action|Adventure|Comedy|Science Fiction,5.316,19,1.9536,en
433055,Honeybunnies,2017,Romance|Comedy|Drama,4.6,12,0.846,fi
458909,The Last Recipe,2017,Drama,6.8,31,0.9053,ja
540556,Power of Grayskull: The Definitive History of He-Man and the Masters of the Universe,2017,Documentary,6.9,49,0.9492,en
455783,ExPatriot,2017,Thriller,5.1,23,0.6026,en
469203,Excavator,2017,Drama,7.7,16,0.6573,ko
426260,Thumper,2017,Crime|Drama|Thriller,5.587,63,0.9334,en
468291,An Imperfect Murder,2017,Crime|Drama,3.397,29,0.804,en
459698,Solo,2017,Action|Romance|Thriller,6.8,39,1.0433,ml
437486,Bad Boy,2017,Romance|Drama,4.5,27,0.685,tr
474979,Royal New Year's Eve,2017,Romance|TV Movie|Comedy|Drama,6.1,101,0.8035,en
447163,The Anthem of the Heart,2017,Drama,7.6,19,0.938,ja
460962,Alien Convergence,2017,Horror|Science Fiction|Action,3.8,53,0.9354,en
478160,RV: Resurrected Victims,2017,Thriller|Mystery|Action,5.6,24,0.8137,ko
434206,Love on the Vines,2017,TV Movie|Romance,5.8,40,0.6989,en
434234,Hickey,2017,Comedy,4.2,11,0.9249,en
435850,Sex  Pity and Loneliness,2017,Comedy|Drama,6.1,23,0.6483,de
426256,Patti Cake$,2017,Music|Drama,6.568,213,0.8854,en
336890,Goon: Last of the Enforcers,2017,Comedy,5.678,354,0.8944,en
426830,Family Heist,2017,Comedy,5.706,231,0.9008,fr
420538,Mrs K,2017,Action,4.4,10,0.6364,cn
475754,Betting on the Bride,2017,Romance|TV Movie,5.697,61,0.6393,en
456187,King Charles III,2017,Drama,6.355,31,0.8282,en
431988,Silhouette of Your Voice,2017,Romance|Drama,6.9,15,0.8561,ja
454784,Mon Mon Mon Monsters,2017,Horror|Comedy,6.708,65,0.7502,zh
492317,Hanson and the Beast,2017,Comedy|Fantasy,6.25,28,0.8349,zh
423383,Mercy Christmas,2017,Action|Horror|Comedy,4.8,40,1.3745,en
469211,Cocolors,2017,Animation|Science Fiction,5.909,11,0.7981,ja
444261,La Cicciolina: Godmother of Scandal,2017,Documentary,6.2,12,0.9672,de
457851,Myths,2017,Comedy,3.5,10,0.6652,ru
429725,Camera Obscura,2017,Thriller|Horror,5.471,51,1.4544,en
440020,Lycan,2017,Horror,4.444,18,0.9394,en
738562,Game of Thrones: The Story So Far,2017,Documentary,7.974,19,0.694,en
380764,Valentine,2017,Science Fiction|Crime|Thriller|Action,5.577,98,0.733,id
478054,Def Comedy Jam 25,2017,Comedy|Documentary|TV Movie,6.0,43,0.7441,en
466471,A Stranger with My Kids,2017,Thriller|TV Movie,5.603,29,0.6972,en
477877,Man of Will,2017,Drama|History|Action,7.333,15,0.7383,ko
355196,I Dream in Another Language,2017,Fantasy|Drama,7.869,145,0.8224,es
476673,Snow Steam Iron,2017,Drama|Crime,7.6,67,0.791,en
449899,A Surrogate's Nightmare,2017,Thriller|TV Movie,5.5,15,0.6771,en
397852,Rendel,2017,Action|Fantasy|Crime,5.5,261,0.8793,fi
430682,Gun Shy,2017,Action|Adventure|Comedy|Crime|Thriller,4.583,156,0.8796,en
450477,Literally  Right Before Aaron,2017,Drama|Comedy,4.8,85,0.9215,en
146834,After School Special,2017,Comedy|Adventure|Crime,2.786,14,0.7002,en
609261,Falsettos,2017,Music|Drama|Comedy|Romance,8.2,32,0.8272,en
467546,Iceman,2017,Adventure|Drama,6.3,127,0.7339,de
487047,A Witches' Ball,2017,Family|Fantasy|Science Fiction,6.254,63,0.9151,en
434245,The Stronghold,2017,Action|Adventure|Comedy|Family|Fantasy|History,7.163,236,0.9694,uk
420513,The Table,2017,Drama,7.3,15,0.5837,ko
437619,Hyouka: Forbidden Secrets,2017,Drama|Mystery,5.816,19,0.7285,ja
353570,The Tiger Hunter,2017,Comedy|Drama,5.9,26,0.6198,en
470317,Parava,2017,Drama,7.8,40,0.9724,ml
398933,To the Top,2017,Adventure|Comedy|Drama,5.9,139,0.7048,fr
459414,Never-Ending Man: Hayao Miyazaki,2017,Documentary,7.441,59,0.7704,ja
459957,The Marker,2017,Crime|Thriller,5.8,23,0.7618,en
463314,Love's Last Resort,2017,Drama|Romance|TV Movie,5.8,53,0.7662,en
407531,Bedeviled,2017,Horror|Thriller,5.2,282,0.8855,en
433471,Lou,2017,Family|Fantasy|Animation|Comedy,7.532,425,0.8851,en
429662,Viceroy's House,2017,Drama|History,6.64,293,0.8113,en
271715,Basmati Blues,2017,Comedy|Music|Romance,4.144,45,0.9662,en
472640,Under the Tree,2017,Drama|Comedy,6.676,170,0.8715,is
444973,Sisterhood,2017,Drama|Romance,5.1,12,0.7734,cn
432618,Coexist,2017,Comedy,5.856,423,0.6601,fr
467425,Ravens,2017,Drama,6.0,15,1.6604,sv
403068,Sun Dogs,2017,Drama|Comedy|Adventure,6.6,98,0.7892,en
451957,The Day After,2017,Drama|Romance,6.5,93,0.7149,ko
451923,Happy Bus Day,2017,Comedy,7.5,11,0.8355,ko
432087,Back to Burgundy,2017,Drama|Comedy,6.854,616,0.831,fr
440355,The Royal Exchange,2017,History|Drama,6.3,161,0.9015,fr
459530,Tornado Girl,2017,Romance|Comedy|Drama,6.8,10,0.6609,ja
477331,Long Shot,2017,Crime|Documentary,7.2,165,1.8386,en
450248,Larco Ave.: The Movie,2017,History|Music|Drama,5.8,22,0.7918,es
442405,The Ghazi Attack,2017,Action|War|Thriller|History,7.0,99,0.8609,te
473290,When Love Kills: The Falicia Blakely Story,2017,TV Movie|Drama,8.071,14,0.6299,en
502315,How the Beatles Changed the World,2017,Documentary|Music,7.296,49,0.7616,en
440362,Student Council Staff Members Movie,2017,Animation|Comedy,6.5,27,0.6309,ja
455595,Residue,2017,Action|Horror|Thriller,5.819,36,1.8353,en
428584,Menashe,2017,Drama,6.293,58,1.6615,yi
413637,Veeram,2017,Action|Drama|History,6.2,10,1.0001,ml
403308,The Invisibles,2017,Drama|History,7.0,57,0.8639,de
449535,Dead Shack,2017,Action|Comedy|Horror|Thriller,5.5,103,0.8332,en
473507,Early Release,2017,Drama|Thriller|TV Movie,5.3,24,0.8772,en
479366,Deadly Exposé,2017,Thriller|Crime|Mystery|TV Movie,4.9,12,0.7212,en
465291,Garage Sale Mystery: Murder Most Medieval,2017,Mystery|TV Movie|Crime|Drama,6.121,33,0.7826,en
470932,I Love You  Daddy,2017,Drama|Comedy,5.7,96,0.9022,en
457842,Arrhythmia,2017,Drama,6.979,165,0.6966,ru
446138,One Day,2017,Fantasy|Drama,7.315,27,0.6565,ko
381033,From Nowhere,2017,Drama,5.3,10,0.6775,en
444510,The Jetsons & WWE: Robo-WrestleMania,2017,Animation|Comedy|Family|Science Fiction,7.7,60,0.7174,en
494801,Keylor Navas  Hombre de Fe,2017,Drama,8.1,36,0.6342,es
434027,Girls in Trouble: Space Squad Episode Zero,2017,Action|Adventure|Science Fiction,8.455,11,0.7203,ja
352885,The Book of Love,2017,Drama,6.4,227,0.7899,en
378423,Storm: Letter of Fire,2017,Adventure|Family|History,6.4,60,0.707,nl
446045,Our Patriots,2017,Drama|War,5.9,48,0.898,fr
454765,Hot Seat,2017,Comedy|Drama,3.6,10,0.8069,en
450047,Tiyaan,2017,Drama,5.5,17,0.7874,ml
420279,Monster Island,2017,Animation|Adventure|Family|Comedy,5.246,61,0.7749,en
481439,An Hour Behind,2017,Romance|TV Movie|Drama,6.392,51,0.74,en
505496,Black Creek,2017,Horror,4.3,10,1.1704,en
472152,Darling,2017,Drama,5.2,12,1.6624,en
458186,Tea Pets,2017,Animation|Adventure|Family,6.8,43,0.832,zh
430406,Running Wild,2017,Drama,6.0,58,0.535,en
406181,Jesus  Bro!,2017,Comedy|Fantasy,5.857,14,0.8628,en
446483,Love at First Bark,2017,Romance|TV Movie,6.4,49,0.76,en
399217,Tommy's Honour,2017,History|Drama|Romance,6.6,26,0.6665,en
433245,Take the 10,2017,Comedy,5.0,147,0.5776,en
435995,Bunyan and Babe,2017,Adventure|Animation|Comedy|Family|Fantasy,5.682,22,0.8067,en
426228,After Louie,2017,Romance|Drama,5.0,16,0.9473,en
422821,Blood Money,2017,Thriller|Drama,5.0,103,0.9206,en
346699,Battlecreek,2017,Drama,6.0,31,0.8771,en
526306,Make a Bow and Kiss,2017,Romance|Drama,5.1,11,0.768,ja
430780,Michael Bolton's Big  Sexy Valentine's Day Special,2017,Comedy|Music,6.1,62,0.7383,en
485946,Murder on the Blackpool Express,2017,TV Movie|Comedy|Mystery,5.7,28,0.6596,en
460992,CarGo: The City on 4 Wheels!,2017,Animation|Adventure|Family,3.929,14,0.7825,en
473768,More,2017,Drama|Crime,7.3,46,0.7182,tr
456950,WTF!,2017,Horror,5.1,48,1.6853,en
398920,He Even Has Your Eyes,2017,Comedy,6.0,521,0.6092,fr
345916,Do You Take This Man,2017,Drama,4.618,17,0.7301,en
429195,Dark River,2017,Thriller|Drama|Mystery,5.6,91,0.8581,en
393306,The Veil,2017,Action|Adventure|Science Fiction,4.556,90,0.7806,en
462146,Diving,2017,Drama,6.1,53,0.7435,fr
475375,Harvest Love,2017,Romance|Comedy|TV Movie,6.41,50,1.3795,en
508524,Asahinagu,2017,Drama,7.3,19,0.804,ja
464685,August Creek,2017,Romance|TV Movie,5.3,20,0.8461,en
477297,Turkish Dance School,2017,Comedy|Drama,5.5,36,0.7437,tr
455146,Ramen Heads,2017,Documentary,6.6,26,0.6805,ja
441483,Tomato Red,2017,Drama|Thriller,6.4,15,0.6732,en
438488,Walk with Me,2017,Documentary,5.825,40,0.7427,en
491084,Shattered,2017,Drama|Thriller,4.45,20,0.7071,en
448779,The Jungle Bunch,2017,Adventure|Comedy|Family|Animation,6.3,158,0.9784,fr
473415,Voyeur,2017,Documentary|Crime,5.906,175,1.0404,en
426265,Burning Sands,2017,Drama,5.848,135,0.7981,en
322517,All Summers End,2017,Drama|Romance,6.535,72,0.7931,en
471402,The Treasure: Truth & Imagination,2017,Action|Drama|Adventure|Romance,7.0,35,0.8913,ar
460989,The Wrong Neighbor,2017,TV Movie|Drama|Thriller,4.6,25,0.5575,en
480403,Stickman,2017,Thriller|Horror,5.735,68,0.7888,en
440342,1945,2017,Drama,7.0,99,0.7075,hu
207680,Return to... Return to Nuke 'Em High aka Vol. 2,2017,Comedy|Horror|Science Fiction,6.455,179,0.7174,en
460094,Deadly Secrets by the Lake,2017,Drama|Mystery|Thriller|TV Movie,4.7,17,0.7504,en
457710,Empire of the Sharks,2017,Science Fiction|Action|Horror,3.7,44,0.8977,en
448090,Mommy's Little Boy,2017,Thriller|TV Movie,5.8,22,0.7709,en
392011,Kedi,2017,Documentary,7.49,365,0.694,en
430988,Vamps,2017,Horror|Action|Fantasy|Thriller,4.4,50,0.7737,ru
456711,Yalghaar,2017,Action|Adventure|Drama|Thriller|War,5.9,12,0.6992,ur
439154,The Midwife,2017,Drama,6.135,159,0.8068,fr
423536,Ghosts of Darkness,2017,Horror,5.2,36,0.6003,en
456413,My Little Baby  Jaya,2017,Crime|Drama,7.1,13,0.6421,ko
452714,The Tooth and the Nail,2017,Thriller|Drama,7.1,18,0.7934,ko
432226,My Happy Family,2017,Drama,7.388,85,0.8525,ka
444431,Foxtrot,2017,Drama,6.736,214,0.7914,he
447429,Robo-Dog: Airborne,2017,Family,6.5,11,0.7279,en
438070,House of the Disappeared,2017,Horror|Mystery|Thriller,7.065,46,0.7704,ko
435921,It’s the Law,2017,Comedy,6.6,788,0.6138,it
434395,Gautamiputra Satakarni,2017,History|Drama|Action,5.6,13,0.882,te
456218,Theeran Adhigaaram Ondru,2017,Action|Thriller,7.814,78,0.8824,ta
466129,The Hatred,2017,Horror|Thriller,5.3,89,1.2863,en
482408,Harry Potter: A History Of Magic,2017,Documentary,7.3,95,0.7678,en
462392,The Wrong Mother,2017,Drama|Thriller|TV Movie,6.455,22,0.6939,en
464825,The Cakemaker,2017,Drama,7.042,131,0.7395,he
448448,Get Me Roger Stone,2017,Documentary,7.048,146,0.7121,en
476549,Escape from Mr. Lemoncello's Library,2017,Family|Fantasy|TV Movie,6.0,57,0.7586,en
493838,Division 19,2017,Thriller|Action|Science Fiction,5.364,11,0.6158,en
467306,Playing with Dolls: Havoc,2017,Horror|Thriller,4.7,13,0.7884,en
438553,Haruta & Chika,2017,Drama|Music|Romance,7.0,18,0.6768,ja
470205,The Stray,2017,Drama|Family,6.19,42,0.7996,en
435863,Buddies In India,2017,Comedy|Action|Adventure,4.0,19,0.8856,zh
448166,Part-Time Spy,2017,Action|Comedy,6.0,45,1.0722,ko
430156,David Bowie: The Last Five Years,2017,Music|Documentary|TV Movie,7.1,59,0.6678,en
444193,The Evil Within,2017,Horror,5.695,118,0.7142,en
315205,Good Manners,2017,Fantasy|Horror|Mystery|Drama,6.5,242,0.596,pt
461158,Money,2017,Thriller,5.8,23,0.6076,fr
479708,Psycho In-Law,2017,Thriller|TV Movie,6.0,10,0.4696,en
489755,Christmas Solo,2017,Romance|TV Movie,6.1,36,0.7346,en
535035,Codename: Diablo!,2017,Action|Comedy,5.8,10,0.6606,en
398798,The Night Watchmen,2017,Comedy|Horror,5.0,144,0.5623,en
412059,Mobile Homes,2017,Drama,5.8,45,0.6817,en
436939,Love by the 10th Date,2017,Drama|Comedy|Romance|TV Movie,6.3,17,0.7613,en
480157,House of the Witch,2017,Horror|TV Movie,4.685,138,0.6682,en
410791,Bibi & Tina: Perfect Pandemonium,2017,Comedy|Fantasy|Adventure|Family,5.455,55,0.7802,de
409137,The Precipice Game,2017,Horror,6.1,58,0.69,zh
473309,Apostasy,2017,Drama,6.8,68,0.5544,en
472921,Skybound,2017,Action|Thriller,4.805,59,0.6473,en
458991,Heal,2017,Documentary,7.25,66,0.6979,en
432606,Sleep Has Her House,2017,Mystery|Horror,6.7,41,0.6425,en
458171,They Called Him Spencer,2017,Documentary,6.7,19,0.5366,de
367147,Buster's Mal Heart,2017,Mystery|Drama,6.141,312,0.8167,en
474982,The Christmas Train,2017,Family|TV Movie|Drama|Romance,6.4,129,0.6996,en
429732,Ana  My Love,2017,Romance|Drama,6.5,58,0.7337,ro
438634,Summer 1993,2017,Drama,7.1,224,0.8222,ca
459224,Dating My Mother,2017,Comedy,4.615,13,0.5803,en
451273,Birds Like Us,2017,Animation|Adventure|Family,4.1,11,0.6926,bs
439057,Nenu Local,2017,Action|Comedy,5.8,23,0.7917,te
376389,Sky Ladder: The Art of Cai Guo-Qiang,2017,Documentary,7.0,21,0.6664,en
408435,Sami Blood,2017,Drama,7.29,143,0.6669,sv
483877,15+ Coming of Age,2017,Comedy|Romance,4.839,56,0.6782,th
454192,Frank Serpico,2017,Documentary,5.9,16,0.646,en
429727,Bad Match,2017,Horror|Thriller,5.6,218,1.859,en
341050,Convergence,2017,Action|Thriller|Mystery,4.3,23,0.7091,en
473319,Princesita,2017,Drama,5.9,12,0.5438,es
480308,Aval,2017,Horror|Thriller,5.8,40,0.6324,ta
458815,Dhogs,2017,Crime|Comedy|Drama,5.6,15,0.6304,gl
479626,Avicii: True Stories,2017,Music|Documentary,8.0,355,0.7951,en
428687,Deidra & Laney Rob a Train,2017,Drama|Comedy|Crime,5.645,123,0.9074,en
455470,Meri Pyaari Bindu,2017,Drama|Romance,6.2,44,0.686,hi
479635,Kapitalistis,2017,Comedy,6.8,14,1.4895,fr
450149,Free!: Timeless Medley - The Bond,2017,Animation|Comedy|Drama,7.0,12,0.6225,ja
494480,Aadu 2,2017,Comedy,6.7,24,0.8068,ml
481447,Ghost of the Mountains,2017,Documentary,7.0,14,0.4467,en
900497,Fate/Grand Order: Moonlight/Lostroom,2017,Animation|Fantasy|Action,7.1,11,1.0866,ja
375909,The Forest of the Lost Souls,2017,Drama|Horror,5.2,33,0.5534,pt
467542,Three Peaks,2017,Drama,5.9,17,1.8353,fr
456261,Birds Without Names,2017,Mystery|Drama|Romance,6.387,31,0.8137,ja
492402,Cops and Robbers,2017,Action|Crime,5.12,25,0.8099,en
384620,L'accabadora,2017,Drama,5.5,26,1.1696,it
483737,Totem,2017,Horror,5.2,189,0.6478,en
397992,Fair Haven,2017,Drama,6.298,104,0.6466,en
351281,We Still Steal the Old Way,2017,Crime|Drama,5.756,39,0.8609,en
453200,Evil Bong 666,2017,Comedy|Horror,5.1,23,0.604,en
463800,Firebase,2017,Action|Science Fiction|War|Horror,6.748,165,0.7158,en
434758,The Summoning,2017,Thriller|Drama|Mystery,3.2,14,0.5598,en
561155,Saving Christmas,2017,Family,4.9,11,1.8373,en
435473,American Violence,2017,Crime|Drama|Thriller,4.4,46,0.6653,en
438435,M.F.A.,2017,Thriller,6.112,187,0.7461,en
459956,Story of a Girl,2017,Drama|TV Movie,6.0,23,0.8465,en
460508,Munna Michael,2017,Music|Action,5.74,48,0.869,hi
415767,DRIB,2017,Comedy|Drama,6.5,12,0.6035,no
361142,The Legend of Timm Thaler: or The Boy Who Sold His Laughter,2017,Family|Adventure|Drama|Fantasy,7.111,36,0.7196,de
461598,Sodom,2017,Romance|Drama,6.474,19,0.6564,en
479614,Christmas Homecoming,2017,Drama|TV Movie|Romance,6.7,49,0.7882,en
449757,I Am Not a Witch,2017,Drama,6.7,136,0.666,en
463063,Mubarakan,2017,Comedy|Drama,6.122,45,0.6449,hi
400593,Hotel Coolgardie,2017,Documentary,6.5,24,0.5895,en
480978,Hooked,2017,Drama,5.156,32,0.5882,en
473812,Jerry Before Seinfeld,2017,Comedy|Documentary,6.8,155,0.6072,en
488067,A Royal Christmas Ball,2017,TV Movie|Romance,5.73,50,0.7059,en
468208,Angels Wear White,2017,Drama,7.0,71,0.6741,zh
445162,Peppa Pig: My First Cinema Experience,2017,Animation|Family,7.917,12,0.6269,en
426580,Bad Kids of Crestview Academy,2017,Comedy|Fantasy|Mystery|Science Fiction|Thriller,5.0,58,0.8269,en
435580,Lost Cat Corona,2017,Comedy,5.731,13,0.749,en
411549,Kuso,2017,Animation|Comedy|Fantasy|Horror|Drama,5.5,65,0.5755,en
449306,Battle of Memories,2017,Drama|Mystery|Thriller|Science Fiction,6.695,59,0.6882,zh
438736,The Heretics,2017,Horror|Fantasy,4.986,106,0.6837,en
439977,Hara Hara Mahadevaki,2017,Romance|Comedy|Drama,5.0,10,0.7331,ta
465099,Ninnu Kori,2017,Comedy|Romance|Family,6.5,24,0.6626,te
431017,Let the Sunshine In,2017,Comedy|Drama|Romance,5.2,220,0.5665,fr
450530,Oasis,2017,Drama|Science Fiction,7.4,20,0.5223,en
417489,Bon Cop Bad Cop 2,2017,Action|Crime|Comedy,6.392,134,0.674,fr
429199,The Other Side of Hope,2017,Comedy|Drama,6.956,356,0.9294,fi
446866,Like Cats & Dogs,2017,Comedy|TV Movie|Romance,6.3,52,0.75,en
485517,A Christmas Story Live!,2017,TV Movie|Music,4.73,37,0.5634,en
437463,Cold Zone,2017,Science Fiction|Adventure,4.7,54,0.7537,en
472575,Pussy Kills,2017,Thriller,3.1,12,0.8156,en
449136,Tori Girl!,2017,Comedy,6.8,20,0.6631,ja
466696,The Black Ghiandola,2017,Horror,6.8,16,0.6507,en
458310,Hasan Minhaj: Homecoming King,2017,Comedy,7.566,152,0.5251,en
371042,Snowflake,2017,Action|Fantasy|Comedy|Crime|Thriller,6.552,48,0.532,de
486820,Wrapped Up In Christmas,2017,Romance|TV Movie,6.8,35,1.0252,en
521494,Transformers: Titans Return,2017,Science Fiction|Animation|Action,6.9,201,0.5904,en
453404,King of Peking,2017,Drama|Comedy,6.3,13,0.4248,zh
474977,Christmas in Evergreen,2017,Romance|TV Movie|Drama,6.4,108,0.5466,en
463905,Detention Letter,2017,Action|Crime|Thriller,5.2,16,0.5308,ar
437319,Blockbuster,2017,Comedy,5.6,31,1.7456,fr
486484,Wild Roses,2017,Drama,5.3,23,0.6183,pl
427347,The Guardians,2017,Drama|War,6.1,116,0.7822,fr
433244,Clinical,2017,Thriller|Horror,5.308,435,0.7508,en
433763,Mountain Miracle,2017,Family|Adventure,6.4,51,0.7649,de
466320,We Love You  Sally Carmichael!,2017,Romance|Comedy,5.86,25,0.6135,en
495776,The Wrong Nanny,2017,Thriller|TV Movie,5.795,22,0.6245,en
479363,Kamen Rider Heisei Generations FINAL: Build & Ex-Aid with Legend Riders,2017,Action|Adventure|Science Fiction,5.5,15,0.6169,ja
345937,Unleashed,2017,Romance|Comedy|Science Fiction,6.1,70,0.8291,en
466172,Winter Brothers,2017,Drama,5.9,40,0.524,da
443297,Moontrap: Target Earth,2017,Action|Science Fiction|Adventure,4.494,84,0.7801,en
342472,1 Mile To You,2017,Drama|Romance,6.5,219,0.6478,en
390407,Little Boxes,2017,Comedy|Drama,6.2,67,0.7446,en
426410,Score: A Film Music Documentary,2017,Music|Documentary,7.135,122,0.7915,en
399895,Confessions of a Teenage Jesus Jerk,2017,Comedy|Romance|Drama,4.85,20,0.5803,en
470719,The Promise,2017,Drama|Horror,6.787,47,0.7081,th
450679,The Perfect Catch,2017,Romance|Drama|TV Movie,6.346,68,0.6954,en
473896,Signed  Sealed  Delivered: Home Again,2017,Drama|TV Movie,6.647,34,0.7916,en
473927,Sisters of the Groom,2017,TV Movie|Romance,6.5,48,0.5779,en
453289,The Rizen,2017,Action|Science Fiction|Horror,4.8,17,1.7738,en
421628,A Rose for Christmas,2017,Drama|TV Movie|Romance,5.7,55,0.8025,en
410223,Teiichi: Battle of Supreme High,2017,Comedy|Drama,6.9,28,0.7443,ja
495036,The Miniaturist,2017,History|Drama|TV Movie,7.114,44,0.659,en
443659,Imitation Girl,2017,Drama|Science Fiction,4.9,36,0.6367,en
447535,Lord of Shanghai,2017,Crime|Drama,4.9,11,0.6154,zh
489493,Titanic: 20 Years Later with James Cameron,2017,Documentary|History|TV Movie,6.6,54,0.8064,en
473258,Unwritten Obsession,2017,Thriller|TV Movie,5.4,15,0.5607,en
435690,FANatic,2017,Thriller,4.7,25,0.6492,en
473334,My Generation,2017,Documentary|Music|History,7.1,56,1.7503,en
459165,Alpha and Omega: Journey to Bear Kingdom,2017,Animation,4.467,15,0.7007,en
428756,Marie-Francine,2017,Comedy,5.446,240,1.8235,fr
486982,A Very Country Christmas,2017,Drama|TV Movie|Romance,6.3,54,0.7508,en
473311,Cargo,2017,Drama,5.7,16,1.2513,nl
453759,London Heist,2017,Thriller|Action,5.545,33,0.7345,en
518416,Another Kind of Wedding,2017,Comedy|Drama,5.0,20,0.5317,en
465290,Garage Sale Mystery: Murder By Text,2017,TV Movie|Mystery|Drama,5.83,50,0.543,en
484238,The Stolen,2017,Western|Action|Adventure|Drama,5.5,76,0.6335,en
429886,Berlin Falling,2017,Thriller|Crime|Mystery,5.8,48,0.5827,de
466872,The First Lap,2017,Drama,6.0,11,0.6319,ko
491761,Rocky Mountain Christmas,2017,Drama|TV Movie|Romance,6.4,55,0.7285,en
494456,Two Lights: Relumino,2017,Drama|Romance,8.024,21,0.6162,ko
446493,Moonlight in Vermont,2017,TV Movie|Romance,6.1,61,0.5339,en
457470,Site Unseen: An Emma Fielding Mystery,2017,Mystery|TV Movie|Crime|Drama,6.786,42,0.5977,en
452833,Mr. Pride VS Miss. Prejudice,2017,Romance|Comedy,7.2,16,0.6597,zh
473183,Hochelaga  Land of Souls,2017,Adventure|Drama|History,5.1,21,0.7296,fr
423236,I Remember You,2017,Horror|Mystery|Thriller|Drama,6.056,171,0.6285,is
469469,Valley of the Wolves: Homeland,2017,Action|Crime|Drama,5.556,18,0.5949,tr
467373,Adam Joan,2017,Action|Romance|Thriller,5.7,28,0.7492,ml
432285,Gregoire,2017,Drama,4.643,14,0.5818,en
458016,Keshava,2017,Action|Thriller|Drama,5.7,11,0.7584,te
490410,48 Christmas Wishes,2017,Family|TV Movie,5.6,105,0.5921,en
470836,Meditation Park,2017,Drama,6.575,20,0.5715,en
428365,Golden Years,2017,Drama|War,5.5,57,0.7693,fr
428323,Slamma Jamma,2017,Drama,6.1,16,0.7822,en
451044,Moomins and the Winter Wonderland,2017,Animation|Family|Adventure|Comedy,5.1,19,0.5963,fi
459959,And Then I Go,2017,Drama,6.3,48,0.6691,en
437036,The Motive,2017,Drama,6.218,284,0.7355,es
455592,Babs,2017,Drama|TV Movie,7.3,12,0.6801,en
484410,Diane Has the Right Shape,2017,Comedy|Drama,5.6,44,0.5293,fr
468206,Il premio,2017,Drama,5.9,177,1.6954,it
501718,The Magic Pill,2017,Documentary,6.983,30,0.6931,en
485869,M.C.A,2017,Action|Comedy|Family,5.2,20,0.5761,te
456538,The Tank,2017,Science Fiction|Thriller,4.9,18,0.5581,en
399256,The Ghoul,2017,Drama|Thriller,5.979,48,0.7144,en
437399,Everyone's Life,2017,Comedy,4.6,94,0.5686,fr
447758,Carnage: Swallowing the Past,2017,Comedy|Science Fiction,6.457,46,0.5333,en
517769,Central Park,2017,Horror|Thriller,4.5,30,0.6255,en
490694,Mission Kathmandu: The Adventures of Nelly & Simon,2017,Animation|Family|Adventure,5.7,36,0.72,fr
322525,Laddie: The Man Behind the Movies,2017,Documentary,5.4,11,0.5789,en
456824,House of Evil,2017,Horror,3.333,15,0.7011,en
504290,Intercourse,2017,Comedy|Drama,5.8,12,0.6924,en
447818,Generation Iron 2,2017,Documentary,6.8,54,0.5882,en
449891,Hunting Season,2017,Drama,7.0,14,0.6383,es
466854,Girlfriend Killer,2017,Thriller|TV Movie,4.857,14,0.5873,en
413548,Begum Jaan,2017,Action|Drama|History,5.68,25,0.7268,hi
464748,Boots on the Ground,2017,Horror|War,4.8,17,0.4499,en
434458,Star Boys,2017,Drama|Family,5.8,13,0.5712,fi
420687,White Ant,2017,Drama,6.393,14,0.6594,zh
497896,Sidelined,2017,Thriller|TV Movie,5.7,12,1.4472,en
479309,The Lost Wife of Robert Durst,2017,Drama|Crime,5.8,21,0.6505,en
441751,Irada,2017,Thriller,6.906,16,0.5059,hi
468332,Mississippi River Sharks,2017,Comedy|Horror|Thriller|TV Movie,4.8,20,0.7592,en
453979,Rakshadhikari Baiju (Oppu),2017,Comedy|Drama,7.3,20,0.8079,ml
418235,Lipstick Under My Burkha,2017,Comedy|Drama,6.811,106,0.6835,hi
438426,Maya Dardel,2017,Drama,6.9,13,0.5899,en
448514,The Dark Maidens,2017,Mystery|Drama,6.3,26,0.6247,ja
392271,Rangoon,2017,War|History|Drama|Romance,6.143,35,0.8348,hi
482048,Halloween Pussy Trap Kill! Kill!,2017,Horror|Crime,4.8,30,0.6204,en
449479,Kalushi: The Story of Solomon Mahlangu,2017,Drama|Thriller,5.7,13,0.8145,en
443484,The Swan Princess: Royally Undercover,2017,Family|Animation|Adventure|Comedy|Mystery,5.64,25,0.566,en
428356,Dance to Death,2017,Action|Fantasy|Science Fiction,4.3,75,0.7475,ru
434389,The Ice Cream Truck,2017,Comedy|Horror|Thriller|Mystery,4.633,60,0.6697,en
479306,Never Say Die,2017,Comedy|Fantasy,6.046,87,0.5689,zh
461775,The Laplace's Demon,2017,Mystery|Thriller|Horror|Science Fiction,6.6,23,0.5397,it
477313,In the Family,2017,Comedy,6.7,170,0.7225,tr
472054,Lazer Team 2,2017,Science Fiction|Action|Adventure|Comedy,5.772,46,0.6332,en
495398,Deadly Exchange,2017,Drama|Crime|TV Movie,5.632,19,0.6276,en
451474,The Last Shaman,2017,Documentary,7.2,32,0.6386,en
467192,'Til Death Do Us Part,2017,Thriller,6.07,43,0.4941,en
475829,The Mistletoe Inn,2017,Drama|TV Movie|Romance,5.984,62,0.5796,en
490146,Christmas Next Door,2017,Romance|TV Movie,6.062,81,0.6294,en
292109,Tempestad,2017,Documentary,7.735,34,1.7132,es
438790,Grand Froid,2017,Comedy|Drama,5.4,62,1.6887,fr
480632,Karen Kingsbury's Maggie's Christmas Miracle,2017,Romance|Drama|TV Movie,6.6,68,0.8116,en
443086,Roof Culture Asia,2017,Documentary,9.4,13,0.4581,en
479613,A Song for Christmas,2017,TV Movie|Drama|Romance,6.3,46,0.6905,en
491020,Flashburn,2017,Science Fiction,3.6,10,1.7001,en
432892,In Times of Fading Light,2017,Drama|Comedy,6.6,22,0.6188,de
412326,Khaidi No. 150,2017,Action|Romance|Thriller,5.9,22,0.6532,te
488063,My Christmas Prince,2017,TV Movie|Comedy|Drama|Family|Romance,5.8,59,0.7695,en
458294,Menendez: Blood Brothers,2017,Drama|TV Movie|Crime,5.091,11,0.6766,en
437517,An Uncommon Grace,2017,Drama|Romance|TV Movie,6.5,44,0.7545,en
457847,Light Up!,2017,Drama,6.2,18,0.6723,ru
478741,Charismata,2017,Horror,4.6,23,0.5702,en
422715,The Bride,2017,Mystery|Horror|Thriller,5.822,368,0.5256,ru
452410,Negative,2017,Thriller|Drama,4.2,30,0.7634,en
410207,Mostly Sunny,2017,Documentary,6.2,26,0.7198,en
429765,Dance Academy: The Movie,2017,Drama,7.2,146,0.5296,en
498178,Garden Lane,2017,Drama,5.5,11,0.4032,sv
436370,Incontrol,2017,Drama|Science Fiction|Thriller,5.2,18,0.519,en
432614,All That Divides Us,2017,Thriller|Drama,5.473,221,0.5707,fr
435603,A Single Rider,2017,Drama,7.2,38,0.6906,ko
435821,New Trial,2017,Drama|Crime,6.9,46,0.5959,ko
467649,Fidaa,2017,Drama|Romance|Comedy,7.4,35,0.5993,te
462593,What the Waters Left Behind,2017,Horror,4.675,114,0.6048,es
626329,A Fan's Guide to Spider-Man Homecoming,2017,Documentary,7.6,14,0.6326,en
430421,Apple of My Eye,2017,Drama|Family,6.8,24,0.6745,en
460096,Secrets of My Stepdaughter,2017,Thriller|TV Movie,4.943,53,0.7985,en
413765,David Lynch: The Art Life,2017,Documentary,6.966,218,0.7665,en
428753,Not on My Watch,2017,Crime|Drama,5.331,65,0.4724,fr
433919,Et les mistrals gagnants,2017,Documentary,8.147,51,0.6357,fr
445913,Campfire Kiss,2017,Comedy|Romance|TV Movie,6.452,42,0.5724,en
305344,Never Here,2017,Drama|Thriller,4.9,22,0.5494,en
474985,Finding Santa,2017,TV Movie|Romance,6.7,98,0.6817,en
461590,100% Coco,2017,Family|Comedy,6.3,29,0.6884,nl
382127,Manifesto,2017,Drama,6.802,172,0.6766,de
446173,Ex Libris: The New York Public Library,2017,Documentary,6.4,65,0.6168,en
472686,Dementia 13,2017,Horror|Fantasy|Thriller,4.7,45,0.6708,en
386623,Person to Person,2017,Drama,5.2,53,0.5387,en
442154,Love Blossoms,2017,TV Movie|Romance|Drama,6.2,43,0.9108,en
455392,29+1,2017,Drama,7.0,17,0.6928,cn
449342,Alamara,2017,Comedy|Family,5.1,13,0.6694,ml
487734,Take Me to the Moon,2017,Romance|Drama,4.5,10,0.5139,zh
425827,The Last Scout,2017,Science Fiction,4.2,45,0.5208,en
382883,Shepherds and Butchers,2017,Drama,6.305,77,0.5442,en
446178,Reinventing Marvin,2017,Drama,6.641,117,0.5672,fr
451567,The Soul of War: Making 'Hacksaw Ridge',2017,Documentary,8.3,28,0.5711,en
346652,Another WolfCop,2017,Horror|Comedy,5.604,72,0.6131,en
438137,Becoming Warren Buffett,2017,Documentary,7.18,75,0.4304,en
409195,Killer Coach,2017,Crime|Drama|Thriller,6.1,16,0.5192,en
442750,The Hippopotamus,2017,Comedy,6.374,119,0.6169,en
432870,Rock My Heart,2017,Adventure|Drama|Family,7.2,153,0.6311,de
528491,WHAT DID JACK DO?,2017,Comedy|Mystery|Crime,6.311,532,0.619,en
401359,Breakdown Lane,2017,Drama|Horror|Thriller,3.6,27,0.4961,en
478434,Chi m'ha visto,2017,Comedy,5.9,101,0.4439,it
438664,March Goes out Like a Lamb,2017,Drama,7.1,18,0.6467,ja
401552,Sachin: A Billion Dreams,2017,Documentary|Drama,7.318,33,0.805,hi
425942,Black Snow,2017,Mystery|Drama|Crime|Thriller,6.061,204,0.8549,es
447076,Adrift,2017,Adventure|Drama|Thriller,4.105,57,0.6056,pt
464704,The Wrong Crush,2017,TV Movie|Thriller,4.8,11,0.4537,en
437513,Walking the Dog,2017,TV Movie|Comedy|Romance,5.4,39,0.5935,en
346034,3 Idiotas,2017,Family|Comedy,7.562,130,0.6471,es
480410,The Sandman,2017,Horror,5.6,110,0.7047,en
436334,Django,2017,Drama|History|Music,6.3,147,0.7308,fr
346650,Girlfriend's Day,2017,Comedy|Drama,5.009,164,0.6445,en
455974,Blue My Mind,2017,Fantasy|Drama,6.682,242,0.7103,de
437331,The Adventure Club,2017,Family,6.2,18,0.4022,en
453205,Clive Davis: The Soundtrack of Our Lives,2017,Documentary|Music,6.568,22,0.7518,en
426054,One Percent More Humid,2017,Drama,4.6,33,0.69,en
438517,G-Funk,2017,Documentary,6.8,36,2.0832,en
295339,The Haunting of Alice D,2017,Thriller|Horror,5.1,16,0.7104,en
527835,The Wrong Man,2017,TV Movie|Mystery|Thriller,4.9,10,0.5468,en
460031,Sinfonía para Ana,2017,Drama|Romance,7.2,22,0.7948,es
494903,Anne of Green Gables: Fire & Dew,2017,Family|Comedy|TV Movie,6.604,24,0.5613,en
469110,Partner,2017,Adventure|Comedy,4.3,15,0.6573,ru
478639,The David S. Pumpkins Halloween Special,2017,Animation|Comedy|TV Movie,5.0,18,0.6178,en
468703,Sunny Side,2017,Comedy,6.513,39,0.5469,sv
469932,Antar  The Fourth Grandson of Shaddad,2017,Comedy,4.0,12,0.8024,ar
469872,A Gentleman,2017,Action|Comedy,6.218,85,0.5808,hi
474716,Cingöz Recai,2017,Action|Adventure|Crime,4.2,53,0.6071,tr
458266,Dealer/Healer,2017,Action|Crime|Drama,5.9,17,0.7241,cn
388096,El que busca  encuentra,2017,Romance|Comedy,7.5,56,0.459,es
486906,The Ambiguous Focus,2017,Romance|Drama,6.5,10,0.8299,zh
386128,Hired Gun,2017,Music|Documentary,7.048,42,0.5505,en
467199,Method,2017,Drama|Romance,6.9,58,0.5121,ko
403586,Te Ata,2017,Drama,7.2,28,0.5972,en
563710,Angela's Christmas,2017,Animation|Family,6.806,247,0.619,en
477113,Blood Honey,2017,Horror|Thriller|Drama|Mystery,4.722,18,0.7857,en
456781,Boone: The Bounty Hunter,2017,Action|Drama,5.2,56,0.6616,en
466701,Goodnight,2017,Comedy|Drama,6.4,33,0.6061,ar
430598,Grey Lady,2017,Thriller,4.8,24,0.6442,en
476983,Nokia Mobile: We Were Connecting People,2017,Documentary,6.5,14,0.3245,fi
468302,Love and Bullets,2017,Music|Comedy|Romance|Crime,6.551,263,0.5928,it
401600,The Whiskey Bandit,2017,Action|Crime,6.608,106,0.6164,hu
490828,Runaway Christmas Bride,2017,TV Movie|Romance,4.923,26,0.7401,en
423248,Moon Young,2017,Drama,6.7,19,0.5082,ko
410481,Thupparivaalan,2017,Action|Crime|Thriller,7.216,51,0.627,ta
447335,Let Yourself Go,2017,Comedy,6.1,176,1.6119,it
373470,Uncle Howard,2017,Documentary,6.5,11,0.8906,en
449856,Lucky,2017,Drama,6.4,255,0.5984,it
492335,Christmas Princess,2017,Drama|TV Movie,5.2,17,0.5268,en
480626,The Christmas Cottage,2017,Romance|TV Movie,6.2,61,0.698,en
469186,Net I Die,2017,Horror|Thriller,5.4,26,0.4642,th
466919,Forgotten Evil,2017,Thriller|TV Movie,4.8,16,1.2462,en
453270,The Ciambra,2017,Crime|Drama,7.147,173,0.5067,it
352491,Hollow in the Land,2017,Mystery|Drama|Thriller,5.4,60,0.5609,en
456553,The Joneses Unplugged,2017,Drama|Romance|TV Movie,5.6,39,0.568,en
401132,Independents' Day,2017,Action|Science Fiction,3.889,27,1.708,en
438731,Vivegam,2017,Action|Thriller,4.827,55,0.4965,ta
466190,The Killer,2017,Action|Western,6.124,141,0.5503,pt
401065,The Axe Murders of Villisca,2017,Horror,4.8,92,0.674,en
455661,In a Heartbeat,2017,Animation|Comedy|Romance,8.0,1025,0.4827,en
393172,Bottom of the World,2017,Drama|Thriller,5.27,126,0.3887,en
455402,Woman on the Run,2017,Thriller|TV Movie,5.7,25,0.6069,en
428495,The Nile Hilton Incident,2017,Thriller|Drama|Crime,6.618,389,0.7612,en
47388,Samurai Jack: The Premiere Movie,2017,Science Fiction|Action|Animation|Fantasy|TV Movie|Adventure,8.1,33,0.6092,en
458621,Nickelodeon's Sizzling Summer Camp Special,2017,TV Movie|Comedy,5.6,27,0.6405,en
537931,How to Get Girls,2017,Comedy,4.3,26,0.5542,en
433276,Die Ketzerbraut,2017,History|Drama,4.6,11,0.6115,de
459728,Sherlock Toms,2017,Comedy|Drama,5.7,15,0.7193,ml
382589,Rock'n Roll,2017,Comedy|Drama,5.2,767,0.487,fr
469756,Miami,2017,Drama,4.8,20,0.6303,fi
437067,Handle with Care,2017,Drama,6.9,11,1.3325,no
481359,Spreading Darkness,2017,Mystery|Drama|Comedy|Crime|Thriller|Fantasy,4.7,10,0.6123,en
449754,April's Daughters,2017,Drama,5.9,58,0.5843,es
429698,Pork Pie,2017,Action|Comedy|Crime,6.641,64,0.5918,en
461834,Batman Is Just Not That Into You,2017,Family|Animation|Comedy,5.917,12,0.4901,en
481192,Talon Falls,2017,Horror,6.189,106,0.5319,en
474568,A Lover Betrayed,2017,Thriller|TV Movie,5.2,15,0.36,en
497662,El gran León,2017,Family|Comedy,6.3,19,0.4974,es
454417,Unhinged,2017,Horror,5.0,55,0.4534,en
459965,The Price of Success,2017,Drama|Comedy,5.5,70,0.4808,fr
458536,95,2017,Drama|Comedy|History,4.5,14,0.4961,fi
464678,The Rachels,2017,Drama|TV Movie|Crime,5.9,33,1.5356,en
416398,Going to Brazil,2017,Comedy,4.8,103,0.4052,fr
474987,Marry Me at Christmas,2017,Romance|TV Movie,6.4,67,0.5297,en
462517,A Woman Deceived,2017,Drama|Thriller|TV Movie,6.4,11,0.6504,en
450308,Deuces,2017,Crime|Drama,5.736,36,1.5355,en
444228,Innocent Curse,2017,Horror|Mystery|Thriller,6.1,10,0.622,ja
473229,Big Bear,2017,Comedy,4.9,60,0.5675,en
356752,AWOL,2017,Drama,5.5,40,0.4981,en
487249,Stegman Is Dead,2017,Thriller|Action|Crime|Comedy,5.727,11,0.3212,en
495151,Doctor Who: Twice Upon a Time,2017,Science Fiction|Adventure,8.015,130,0.5783,en
451765,Anna Karenina. Vronsky's Story,2017,Romance|Drama,5.6,25,0.6675,ru
439584,I Can Quit Whenever I Want 3: Ad Honorem,2017,Action|Comedy,7.347,992,0.6398,it
423985,A Happening of Monumental Proportions,2017,Comedy,5.2,31,0.5509,en
424634,Wild Mouse,2017,Comedy|Drama,6.5,86,0.6632,de
427023,Tiger Girl,2017,Action,5.411,45,1.1675,de
450519,The Fast and the Fierce,2017,Action|Thriller,5.977,44,0.5266,en
419522,Ignorance Is Bliss,2017,Comedy,5.854,458,1.57,it
472035,Alanis,2017,Drama,6.3,52,0.6926,es
365038,Del Playa,2017,Thriller|Horror,4.2,16,0.4397,en
464742,Mad Genius,2017,Science Fiction,4.9,19,0.5329,en
441894,Baadshaho,2017,Action|Thriller,5.6,38,0.5171,hi
421465,Yes  God  Yes,2017,Drama,6.12,92,0.517,en
408914,Sangili Bungili Kadhava Thorae,2017,Horror|Comedy,4.7,10,0.5281,ta
520696,Restraint,2017,Horror|Thriller,4.1,14,0.4419,en
477500,Cross My Heart,2017,Drama,7.6,19,0.4338,fr
473262,Nico  1988,2017,Drama|Music,6.74,98,0.5159,it
421452,Endangered Species,2017,Drama,6.512,42,1.4705,fr
406240,Magellan,2017,Thriller|Mystery|Science Fiction,4.973,75,0.5304,en
436285,Serpent,2017,Thriller|Horror,5.449,39,0.4212,en
390883,The Dark Tapes,2017,Horror|Science Fiction|Thriller,5.29,136,0.8361,en
445793,Husband & Wife,2017,Comedy,6.593,354,0.4545,it
440374,The Summit,2017,Drama|Thriller,5.9,140,0.6945,es
474983,Coming Home for Christmas,2017,TV Movie|Romance|Comedy,6.6,63,0.7286,en
474944,Rainbow: A Private Affair,2017,War|Drama,6.172,154,0.7091,it
475369,Deadly Detention,2017,Horror|Comedy|TV Movie,3.943,35,0.6701,en
420055,Anbanavan Asaradhavan Adangadhavan,2017,Action|Thriller,5.1,11,0.763,ta
495009,Masterpiece,2017,Thriller|Action,3.8,11,0.7276,ml
437035,Mist & the Maiden,2017,Thriller|Crime|Mystery,5.6,103,0.4869,es
485614,Second Chance Christmas,2017,Romance|TV Movie|Comedy,5.2,38,0.5842,en
442000,Angamaly Diaries,2017,Action|Comedy|Thriller,7.39,59,0.6149,ml
428558,Nobody's Perfect!,2017,Comedy,5.6,55,0.6617,fr
488342,Scarecrows,2017,Horror,4.743,34,0.5243,en
479607,Engaging Father Christmas,2017,TV Movie|Romance|Drama,6.078,64,0.6785,en
461773,Lowlife,2017,Crime|Thriller|Comedy|Horror|Drama,6.111,82,0.4767,en
432583,Jomonte Suvisheshangal,2017,Comedy|Drama|Family,6.4,39,0.6272,ml
1471626,Alien: Covenant - Prologue: Phobos,2017,Science Fiction|Horror,7.0,13,0.4558,en
425218,Rabbit School: Guardians of the Golden Egg,2017,Animation|Family,6.0,24,0.4549,de
432091,The Kitchen: World Chef Battle,2017,Comedy,6.402,51,0.5755,ru
400408,Highway to Havasu,2017,Comedy,3.9,14,0.5826,en
464595,Poorly Richer,2017,Comedy,5.7,283,0.4194,it
397442,Win It All,2017,Comedy,5.7,273,0.4739,en
512350,Life is Fruity,2017,Documentary,8.667,15,0.6504,ja
428501,City of Ghosts,2017,War|Documentary,7.191,94,0.5182,en
464334,Scales,2017,Fantasy|Adventure|Family,5.676,34,0.845,en
483253,Darrow & Darrow,2017,Drama|Mystery|TV Movie,7.0,37,0.4756,en
440376,It Happened One Valentine's,2017,Romance|Comedy|TV Movie,5.797,32,0.6326,en
451679,Number One,2017,Drama|Thriller,6.1,64,0.4282,fr
450179,Problemos,2017,Comedy|Family,5.492,436,1.6776,fr
444343,Cold Tango,2017,Romance|Drama|War,5.1,11,0.4889,ru
462003,Forced Escape,2017,Action|Drama|Thriller,5.958,24,0.3868,ar
436167,The Divine Order,2017,Comedy|Drama,7.243,138,0.6507,de
434376,Birdshot,2017,Thriller|Drama|Mystery,6.3,31,0.5306,tl
462036,The Monster Project,2017,Action|Horror,5.036,169,0.5258,en
440034,A Moving Romance,2017,Romance|Drama,6.2,48,0.692,en
459937,Four Hands,2017,Thriller|Drama,5.3,25,0.9209,de
467548,Sparring,2017,Drama|Action,5.9,69,0.4897,fr
448252,Be Afraid,2017,Horror|Mystery|Thriller,6.0,115,1.6353,en
476781,Possessive,2017,Drama|Romance,7.028,18,0.7726,id
483548,Christmas in Angel Falls,2017,Drama|TV Movie,6.0,68,0.684,en
441744,Taken Heart,2017,Action|Crime|Thriller,3.793,29,0.5441,en
505247,Life After Flash,2017,Documentary,5.7,22,0.5619,en
592678,Baby Phone,2017,Comedy,5.3,28,1.4182,fr
450637,Bliss,2017,Thriller|Horror|Drama|Mystery,5.1,11,1.6321,tl
439758,Disappearance,2017,Drama,5.4,18,0.7694,nl
460627,Random Tropical Paradise,2017,Comedy,4.2,16,0.477,en
480147,Dolphin Man,2017,Documentary|TV Movie,7.75,14,0.6356,en
453350,Bloody Milk,2017,Drama,6.886,211,0.6311,fr
455803,Pray for Rain,2017,Drama|Mystery|Thriller,5.5,45,0.5574,en
487660,Tarnation,2017,Comedy|Horror,3.6,14,0.3694,en
459591,It Was Fifty Years Ago Today! The Beatles: Sgt. Pepper & Beyond,2017,Documentary|Music,5.8,37,0.568,en
482806,Wormwood,2017,Documentary|Drama,6.891,56,0.4944,en
415086,What the Health,2017,Documentary,6.81,360,0.5212,en
408238,The New Adventures of Cinderella,2017,Comedy,4.847,248,0.6493,fr
459283,Brothers,2017,Drama,6.1,13,0.5866,nl
458741,Mayaanadhi,2017,Drama|Romance,7.556,45,0.4756,ml
472094,Shelter,2017,Thriller,5.3,32,0.469,en
360799,Arrowhead,2017,Science Fiction,4.585,65,0.667,en
488669,Todd Barry: Spicy Honey,2017,Comedy,6.8,31,0.5614,en
346026,Angel On The Clock,2017,Animation|Fantasy,7.5,28,0.4398,es
445744,Inoperable,2017,Horror,4.7,34,0.6881,en
436450,Addicted to Porn: Chasing the Cardboard Butterfly,2017,Documentary,5.1,11,0.5324,en
492141,Snowed Inn Christmas,2017,Comedy|Romance|TV Movie,6.9,122,0.4898,en
460873,Road Less Traveled,2017,Romance|TV Movie,5.7,13,0.6568,en
415913,Dora,2017,Horror|Thriller,5.7,15,0.4935,ta
475833,Christmas Encore,2017,Romance|Drama|TV Movie,5.9,54,0.6291,en
472225,How to Murder a Dead Husband,2017,Comedy,4.3,10,0.5936,es
481847,I Am Elizabeth Smart,2017,Drama|Crime|TV Movie,6.9,50,0.5234,en
455032,Kurangu Bommai,2017,Action|Crime|Family|Thriller,7.25,24,0.5499,ta
428612,Strong Island,2017,Documentary,6.4,95,1.4313,en
461515,My Name Is Lenny,2017,Drama,5.708,24,0.5146,en
455546,A Mermaid's Tale,2017,Family,5.4,52,0.6312,en
474353,The Blessed,2017,Drama,6.5,13,0.6382,fr
426962,Room(h)ates,2017,Comedy,5.3,403,0.6107,fr
476275,Ferrari: Race to Immortality,2017,Documentary,7.006,84,0.7496,en
480048,Instrument of War,2017,War|Drama,6.192,13,0.4589,en
460486,Our President,2017,Documentary,7.9,12,0.6796,ko
529358,Alien Code,2017,Science Fiction,5.429,77,0.4923,en
473295,Psycho Wedding Crasher,2017,Thriller|TV Movie,4.3,13,0.6221,en
448541,An Act of Defiance,2017,Drama,6.6,13,0.5527,nl
428888,Fat Camp,2017,Comedy,5.455,11,0.4774,en
433138,Bygones Be Bygones,2017,Comedy,5.448,29,0.5859,tr
396289,Raising the Bar,2017,Family|Drama|TV Movie,6.4,178,0.5275,en
479606,A Bramble House Christmas,2017,TV Movie|Drama,6.379,70,0.632,en
467432,True to the Game,2017,Drama,5.829,41,0.5115,en
430826,Casting JonBenet,2017,Documentary|Crime|Drama,5.7,173,0.6516,en
477848,In Perfect Health,2017,Drama,4.5,11,0.6395,ro
411287,Deadly Sorority,2017,Thriller|TV Movie,5.7,19,0.6011,en
472424,Gaga: Five Foot Two,2017,Music|Documentary,7.432,599,0.6551,en
468987,Naughty Grandma,2017,Comedy,4.9,45,0.5802,ru
471690,Alaska Is a Drag,2017,Drama,5.3,10,0.4792,en
441071,Naam Shabana,2017,Thriller,5.717,60,0.6708,hi
439601,CIA: Comrade In America,2017,Action|Adventure|Romance,6.0,36,0.4906,ml
463633,Journey from Greece,2017,Drama|Music,6.269,54,0.3766,fr
367966,Harold and Lillian: A Hollywood Love Story,2017,Documentary,6.85,20,0.5862,en
427025,Axolotl Overkill,2017,Drama,4.99,51,0.7127,de
473399,Arthur Miller: Writer,2017,Documentary,7.1,21,0.635,en
460227,Bad Frank,2017,Thriller|Drama,5.1,14,0.4586,en
469945,Farce,2017,Comedy,4.4,13,0.6131,ar
475830,Switched for Christmas,2017,TV Movie|Drama,6.5,103,0.5545,en
280167,Taramani,2017,Drama|Romance,6.8,29,0.3164,ta
441957,Fantastic Journey to Oz,2017,Adventure|Family|Fantasy|Animation,6.4,27,0.6,ru
461942,Role Models,2017,Comedy,4.8,18,0.6928,ml
460789,The Boss Baby and Tim's Treasure Hunt Through Time,2017,Animation,6.2,19,0.4626,en
496681,Amazon Obhijaan,2017,Adventure|Action|Thriller,4.9,10,0.4783,bn
415036,Open at Night,2017,Drama|Comedy,6.1,72,0.5589,fr
446763,Pitching Tents,2017,Comedy,5.5,30,0.6401,en
427337,Room 213,2017,Mystery|Horror,6.0,21,0.5348,sv
457702,Cradle Swapping,2017,Drama|TV Movie,5.9,16,1.1363,en
466614,The Last Suit,2017,Drama,6.022,23,0.5655,es
473009,Sleepwalking in Suburbia,2017,Drama|TV Movie,5.2,19,0.6728,en
459583,The Stalker Club,2017,TV Movie|Mystery|Thriller,5.25,16,0.5022,en
436363,Centaur,2017,Drama,6.452,21,0.4831,ky
483205,Khali the Killer,2017,Crime|Drama,5.5,12,0.4469,en
434616,Patients,2017,Drama|Comedy,7.446,625,0.5709,fr
483396,Miss Fritter's Racing Skoool,2017,Animation|Family|Comedy,4.841,44,0.5358,en
475429,All Inclusive,2017,Comedy|Drama,4.75,24,0.4772,sv
473760,The Order of Things,2017,Drama,6.488,43,0.5235,it
479355,Armstrong,2017,Action|Science Fiction,5.929,35,0.7087,en
459840,The Perfect Bride,2017,Romance|TV Movie,6.5,47,0.5614,en
487786,The Looming Storm,2017,Mystery|Thriller|Crime,6.285,158,0.5611,zh
459788,Lino,2017,Animation|Family|Adventure,6.492,64,0.7516,pt
449124,Love at First Sight,2017,Animation|Comedy|Family|Romance,6.1,30,0.4991,en
474698,Sijjin 4,2017,Horror|Thriller,5.2,40,0.6181,tr
469651,What Will People Say,2017,Drama,7.318,214,0.6302,no
476070,Wonders of the Sea,2017,Documentary,6.7,16,0.5126,en
421402,La vallée des loups,2017,Documentary,7.118,17,0.3568,fr
457308,Heartbeats,2017,Music|Romance|Drama,6.7,113,0.6025,en
453203,Tilt,2017,Thriller|Horror|Drama,5.6,21,0.5781,en
432320,Premier Homme,2017,Documentary|History,8.3,10,0.4263,fr
464750,Where the Skin Lies,2017,Thriller|Horror,4.3,17,0.5429,en
437042,Bigger Fatter Liar,2017,Family|Comedy|Adventure,5.28,84,0.6791,en
419140,The Blind Spot,2017,Action|Drama|Crime|Thriller,5.9,37,1.4978,nl
188924,Atomica,2017,Science Fiction|Thriller,4.661,96,0.4998,en
463986,Girl Followed,2017,Thriller|TV Movie,6.0,23,0.6282,en
484936,Cyborgs,2017,War|Action|Drama,7.278,63,0.4915,uk
395439,Stars 80  la suite,2017,Music|Comedy,4.5,119,0.5264,fr
476314,Tokyo Project,2017,Romance|Drama|TV Movie,6.3,39,0.5111,en
483542,Hanagatami,2017,Drama|Romance|War,7.074,34,0.7281,ja
492223,The Silent Child,2017,Drama,7.19,84,0.6534,en
402243,The Assault,2017,Action|Thriller|Crime,3.636,11,0.4128,en
404584,From a House on Willow Street,2017,Horror,4.82,178,0.49,en
430043,Bad Day for the Cut,2017,Thriller|Drama|Crime,6.48,179,0.5437,en
401164,Tracktown,2017,Drama,5.5,19,0.5634,en
428574,Plastic China,2017,Documentary,7.0,18,0.5393,zh
452294,Bridal Boot Camp,2017,Romance|Drama|Comedy|TV Movie,5.8,23,0.6013,en
462263,Dawning of the Dead,2017,Horror,4.0,13,0.4645,en
402688,Abracadabra,2017,Comedy,5.253,152,0.7014,es
339549,Yamasong: March of the Hollows,2017,Animation|Fantasy|Adventure,3.643,14,0.7208,en
442353,The Time of Their Lives,2017,Comedy,5.0,34,0.8605,en
466105,Extraordinary,2017,Drama,6.0,11,0.7591,en
461813,Ring of Deception,2017,Thriller|TV Movie,5.25,22,0.5297,en
438514,Sylvio,2017,Comedy,6.533,15,0.5293,en
470528,The Blackwell Ghost,2017,Horror,6.446,120,0.4863,en
412941,The Tutor,2017,Mystery|Drama|Fantasy|Horror,6.5,19,0.4819,es
396386,Barracuda,2017,Music|Thriller|Drama,6.231,26,0.5515,en
479630,Hailey Dean Mysteries: Dating Is Murder,2017,Mystery|Crime|TV Movie,7.1,40,0.5043,en
411311,Kadamban,2017,Action,7.2,12,0.5456,ta
460871,A Doggone Hollywood,2017,Family,4.3,14,0.459,en
434337,Eyewitness,2017,Thriller|TV Movie|Drama,5.9,10,0.4833,en
408616,The Journey,2017,Drama,6.3,60,0.4191,en
500203,Inheritance,2017,Horror|Mystery,4.265,17,0.4652,en
482325,Bunnyman Vengeance,2017,Horror,6.177,62,0.4605,en
488028,Turn It Around,2017,Drama|Romance,6.3,19,0.4912,nl
449365,Fatal Defense,2017,Thriller|Drama|TV Movie,6.3,18,0.6659,en
475374,Falling for Vermont,2017,Romance|TV Movie,6.5,62,0.7238,en
467839,Aliens vs. Titanic,2017,Science Fiction|Comedy|Horror|Thriller|Action,4.2,27,0.5447,en
439998,Omicidio all'italiana,2017,Comedy,6.286,412,0.4234,it
456213,The Art of Us,2017,TV Movie|Romance|Drama|Comedy,6.5,46,0.4237,en
423414,Last Rampage,2017,Drama|Crime|Thriller,5.424,59,0.5281,en
471609,The Child Remains,2017,Horror|Mystery|Thriller,5.2,36,0.6828,en
446289,Hello Again,2017,Music|Drama|Romance,5.946,74,1.7774,en
490299,The Legend of 420,2017,Documentary,7.5,18,0.4919,en
475373,The Last Schnitzel,2017,Comedy|Fantasy,6.9,19,0.4644,tr
476724,Dona Flor e Seus Dois Maridos,2017,Comedy,6.0,45,0.4647,pt
439128,Newton,2017,Comedy|Drama,7.1,147,0.4664,hi
480812,Raju Gari Gadhi 2,2017,Crime|Horror|Thriller,4.7,10,0.6267,te
435848,Blood  Sand & Gold,2017,Action,5.7,22,0.6035,en
422114,The Resurrection of Gavin Stone,2017,Comedy|Drama,5.8,30,0.5299,en
438500,Infinity Baby,2017,Comedy,6.318,22,0.5177,en
451491,Washed Away,2017,Thriller|TV Movie|Mystery,5.605,19,0.4938,en
451088,What if it Works?,2017,Drama,5.5,13,0.5122,en
454449,Nobody's Watching,2017,Drama,6.0,30,0.4158,es
449655,Eddie's Life Coach,2017,Family|Animation,6.1,31,0.3835,en
469261,Honnouji Hotel,2017,Mystery|Comedy,6.111,18,0.6676,ja
494832,Linkin Park and Friends Celebrate Life in Honor of Chester Bennington,2017,Music|Documentary,9.663,40,0.6151,en
474170,Wetlands,2017,Crime|Drama|Thriller,3.9,19,0.6815,en
463015,Devil's Whisper,2017,Horror,5.0,26,0.4129,en
450033,About Us,2017,Drama|Romance,5.848,33,0.5176,pt
411852,Sometimes,2017,Drama,7.2,23,0.5567,ta
372979,Dying Laughing,2017,Documentary,6.4,19,0.5139,en
347882,Sleight,2017,Drama|Thriller|Action|Science Fiction,5.444,537,0.6421,en
466870,João  o Maestro,2017,Drama,8.2,18,0.5827,pt
468212,Above the Law,2017,Crime|Thriller,5.872,125,0.5561,fr
441926,Carnivore: Werewolf of London,2017,Horror,3.7,14,0.3718,en
447387,Killer App,2017,Thriller,3.8,51,0.4738,en
473936,My Baby Is Gone!,2017,Thriller|TV Movie,6.391,23,0.6515,en
452416,Puthan Panam,2017,Action|Crime|Thriller,5.6,11,0.4445,ml
508404,Party Bus To Hell,2017,Comedy|Horror,4.6,49,0.5692,en
467895,Sometimes the Good Kill,2017,Thriller|Drama|Crime|Mystery|TV Movie,5.2,22,0.5066,en
402844,5 Women,2017,Drama|Thriller,4.7,13,0.3541,de
479837,The Watcher in the Woods,2017,Horror|TV Movie,4.2,38,0.5956,en
401272,Ruin Me,2017,Horror|Thriller,5.148,88,0.5323,en
482590,Love Education,2017,Drama,7.5,33,0.539,zh
459723,Chunkzz,2017,Comedy,4.036,14,0.5787,ml
433651,House by the Lake,2017,Horror|Thriller,3.9,10,0.4699,en
451499,School of Life,2017,Drama|Comedy|Family,7.358,303,0.5591,fr
452196,Can't Help Falling in Love,2017,Comedy|Romance,7.5,27,0.4504,tl
442712,Dream Boat,2017,Documentary,5.4,79,0.524,de
475508,Campus Caller,2017,Thriller|TV Movie,4.8,12,0.6163,en
455008,AlphaGo,2017,Documentary,7.699,161,0.4756,en
406104,Domain,2017,Drama|Science Fiction|Thriller,5.7,64,0.6028,en
443398,Finding Momo,2017,Comedy,5.22,270,0.5061,fr
398738,Bright Lights: Starring Carrie Fisher and Debbie Reynolds,2017,Documentary,7.5,79,0.6102,en
467634,Football or Me,2017,Comedy|Family|Romance,5.456,45,0.3531,es
480638,The Perfect Christmas Present,2017,TV Movie|Romance,6.3,84,0.6126,en
474047,Drink Slay Love,2017,Fantasy|Romance|TV Movie,6.1,77,0.6171,en
433033,Unrest,2017,Documentary,6.853,51,0.4429,en
428479,Woodpeckers,2017,Drama|Crime,6.2,23,1.3037,es
464738,The Terror of Hallow's Eve,2017,Horror|Thriller,5.2,40,0.6741,en
508710,Harvie and the Magic Museum,2017,Family|Animation,5.2,12,0.5101,cs
463476,LIE,2017,Action|Thriller|Romance,5.7,13,0.6889,te
438486,The Untold Tales of Armistead Maupin,2017,Documentary,6.3,20,0.65,en
437425,You Choose!,2017,Romance|Comedy,5.684,321,0.5624,fr
477201,1 Buck,2017,Drama|Thriller,5.577,65,0.6004,en
465381,Love at the Shore,2017,Romance|Comedy|Family|TV Movie,6.224,49,0.538,en
457703,The Good Nanny,2017,Thriller|TV Movie,5.733,30,0.5534,en
438493,Becoming Bond,2017,Documentary|Comedy,6.853,77,0.6543,en
461767,Canaries,2017,Science Fiction|Comedy|Horror,4.5,20,0.5492,en
456536,The Preacher,2017,Drama,6.6,16,0.4519,ar
433092,Tokyo Idols,2017,Music|Documentary,6.7,48,0.3659,ja
425507,Crown Heights,2017,Drama,6.6,73,0.5644,en
471608,Eat  Play  Love,2017,Comedy|Romance|TV Movie,7.0,78,0.6101,en
461816,Daddy,2017,Crime|Drama|History,5.875,12,0.3573,hi
469736,Same Time Next Week,2017,Romance|TV Movie|Comedy,6.491,53,0.4647,en
451329,The Demise of ETA,2017,Documentary|History,5.9,11,0.3824,es
450314,Condorito: The Movie,2017,Adventure|Animation|Comedy,6.9,143,0.6008,es
434368,The Peppercorns and the Curse of the Black King,2017,Family|Adventure|Crime,5.2,20,0.7674,de
485157,Barbra: The Music ... The Mem'ries ... The Magic!,2017,Music,7.071,21,0.4827,en
474050,Jürgen - Heute wird gelebt,2017,Family|Comedy|TV Movie,5.9,20,0.4717,de
411012,Chasing Trane,2017,Documentary|Music,7.265,66,0.4258,en
792718,History of Walking Upright,2017,Romance|TV Movie,7.1,15,0.4626,ko
454774,The Girl from the Song,2017,Drama|Romance,6.0,112,0.5323,en
430306,Go North,2017,Adventure|Drama|Romance|Thriller,4.7,20,0.5157,en
445602,The Raking,2017,Horror,4.6,19,0.5075,en
428497,Pop Aye,2017,Drama,6.6,23,0.4524,th
457854,Rock,2017,Drama|Adventure|Comedy,6.0,10,0.4328,ru
439201,Girls' Night Out,2017,Thriller|TV Movie,4.9,62,0.565,en
471892,Shubh Mangal Saavdhan,2017,Romance|Comedy,6.488,84,0.3976,hi
476265,Me gusta  pero me asusta,2017,Comedy,7.838,80,0.4513,es
489842,No Such Thing as Housewives,2017,Comedy,6.9,18,0.5004,nl
469262,Witchcraft XV: Blood Rose,2017,Horror,2.3,10,0.4028,en
454630,A Neighbor's Deception,2017,Thriller,6.3,11,0.4185,en
412762,Happy Hunting,2017,Horror|Thriller,4.996,121,0.5433,en
449700,My Pet Dinosaur,2017,Adventure|Family|Fantasy|Action,5.4,59,0.4611,en
384726,Miss Impossible,2017,Drama,5.4,52,0.3597,fr
457265,Australia Day,2017,Drama|Crime,5.421,19,0.5233,en
459963,An Indian Tale,2017,Drama|Comedy,5.9,61,0.371,fr
479970,Butterfly Caught,2017,Drama,5.3,12,1.2528,en
490147,Romance at Reindeer Lodge,2017,TV Movie|Romance,6.0,47,0.4914,en
437516,While You Were Dating,2017,Romance|Comedy|TV Movie,5.4,17,0.5452,en
441646,In Syria,2017,Drama|War,6.44,84,0.463,ar
464744,Attack of the Adult Babies,2017,Horror|Comedy,5.0,45,0.5369,en
428658,The Great Father,2017,Action|Crime|Mystery,6.1,31,0.5563,ml
401157,Don't Tell,2017,Drama,6.308,13,0.629,en
432560,A Prominent Patient,2017,Drama|History,6.146,24,0.4815,cs
460484,Mechanics of Love,2017,Romance|TV Movie,6.5,29,0.415,en
459068,Darkness Rising,2017,Horror,3.7,57,0.4378,en
464870,The Toymaker,2017,Horror,4.0,30,0.4811,en
482974,House Shark,2017,Horror|Comedy,3.7,33,0.5275,en
477274,My Travel Buddy,2017,Comedy,5.942,69,0.5462,tr
430263,Have Fun  Vasya!,2017,Comedy,5.875,60,0.4413,ru
434847,Filthy,2017,Drama,5.797,32,0.5244,sk
467237,Manolo: The Boy Who Made Shoes for Lizards,2017,Drama|Documentary,6.1,18,0.4386,en
461809,Babumoshai Bandookbaaz,2017,Action|Crime|Thriller,6.442,26,0.6211,hi
413778,Lost in Paris,2017,Comedy,6.032,126,0.5438,fr
414792,California Typewriter,2017,Documentary,6.9,32,0.5625,en
369090,Mad to Be Normal,2017,History|Drama,5.9,34,0.531,en
483987,Gnaw,2017,Horror,5.4,78,0.5768,en
435050,It's for Your Own Good,2017,Comedy,5.897,194,0.4159,es
480065,Basquiat: Rage to Riches,2017,Documentary,5.8,10,0.5139,en
466501,Sunday Holiday,2017,Comedy|Romance,6.1,21,0.6178,ml
440136,Animals,2017,Thriller|Mystery,5.432,22,0.4585,de
448920,Vieni a vivere a Napoli!,2017,Comedy,4.9,18,0.3628,it
456422,Critical Eleven,2017,Drama|Romance,6.9,16,1.4088,id
474366,That Summer,2017,Documentary,5.7,14,0.5532,en
457917,Bomb Scared,2017,Comedy,5.467,120,0.3818,es
339900,Adventures of Omanakuttan,2017,Comedy|Thriller,6.8,16,0.5801,ml
461757,Lapland Odyssey 3,2017,Comedy|Adventure,5.2,19,0.4704,fi
447606,The Shadow People,2017,Thriller,4.4,13,0.477,en
404806,End of the Season,2017,Drama,6.6,17,0.5196,de
421915,Chervonyi,2017,History|Drama,7.5,17,0.4488,uk
410212,Cold Hell,2017,Action|Crime|Thriller,6.0,111,0.7016,de
452000,Western,2017,Drama,6.6,118,0.5846,de
444705,Dave Chappelle: The Age of Spin,2017,Comedy,7.616,288,0.4133,en
468698,Running Away,2017,Thriller|Drama|TV Movie|Crime,5.7,14,0.4642,en
462145,Mountain,2017,Documentary,6.907,81,0.6508,en
459475,Awaken the Shadowman,2017,Thriller|Horror|Mystery,3.7,52,0.6299,en
495305,Web Cam Girls,2017,Thriller|Crime|Drama|TV Movie,4.2,10,0.5445,en
469095,The Crescent,2017,Mystery|Horror,5.5,24,0.4591,en
480919,A Wedding Wonderland,2017,TV Movie|Romance,5.5,41,0.4765,en
502759,Itzhak,2017,Documentary,6.4,10,0.3638,en
469885,The Poet and the Boy,2017,Drama,5.273,11,0.4959,ko
436827,Getaway Plan,2017,Action|Thriller,5.542,96,0.4649,es
458668,Nanny Seduction,2017,Thriller|TV Movie,5.0,12,0.5264,en
456573,Sweet Home Carolina,2017,TV Movie|Comedy|Romance|Drama,5.4,28,0.4833,en
475316,Shuttle Life,2017,Drama,7.4,10,0.3113,zh
471513,The Cell,2017,Action|Thriller|Drama,6.319,36,0.4751,ar
436352,Return to Montauk,2017,Drama|Romance,5.6,49,0.4163,de
489648,Six Degrees of Celebration 6,2017,Comedy,5.4,37,0.455,ru
487491,Fala Sério  Mãe!,2017,Comedy|Family,7.275,229,0.4627,pt
485827,Wonderland,2017,Comedy|Drama,5.1,17,0.5161,fi
482750,Doomsday Device,2017,Science Fiction,4.7,14,0.8026,en
341244,The Movie of My Life,2017,Drama,7.3,118,0.3978,pt
445821,Skinford: Death Sentence,2017,Fantasy|Thriller,4.7,19,0.402,en
490017,Your Move,2017,Action|Thriller,5.2,39,0.4436,en
482629,Susah Sinyal,2017,Comedy|Drama|Family,7.7,16,0.4243,id
442788,Different Flowers,2017,Comedy,5.5,17,0.5748,en
456226,Karuppan,2017,Action|Romance|Thriller,6.0,12,0.5937,ta
445500,Non-Transferable,2017,Romance|Comedy,5.582,92,0.4427,en
434131,Lover for a Day,2017,Drama|Romance,6.2,85,0.4125,fr
474433,Cuba and the Cameraman,2017,Documentary,7.45,119,0.5546,en
433018,Frat Star,2017,Drama|Comedy,4.5,17,0.5471,en
432493,Bruce Springsteen: In His Own Words,2017,Documentary|Music,6.8,10,0.4378,en
399169,Kaleidoscope,2017,Thriller,5.558,26,0.4338,en
495773,Family of Lies,2017,Thriller|TV Movie,5.2,11,0.4411,en
446680,Space Babes from Outer Space,2017,Comedy|Science Fiction,3.8,28,0.4182,en
431244,Lost in Florence,2017,Adventure|Drama|Romance,4.7,60,0.6154,en
452928,The Twin,2017,Thriller|Drama|TV Movie,5.9,54,1.5579,en
450100,The Holly Kane Experiment,2017,Drama|Thriller,5.0,32,0.4351,en
393561,Risk,2017,Documentary|Crime,6.586,76,0.4924,en
539470,Brij Mohan Amar Rahe!,2017,Comedy|Drama,5.472,18,0.5581,hi
496230,Heartthrob,2017,Drama|Romance|Thriller,5.2,78,0.4648,en
432641,Valley of Bones,2017,Western|Crime|Thriller,4.5,15,0.4364,en
479924,Ultimate Justice,2017,Action,5.425,20,0.6884,en
474118,Biggie: The Life of Notorious B.I.G.,2017,Documentary,6.5,15,0.3576,en
461707,Haseena Parkar,2017,Crime|Drama,5.3,11,0.4281,hi
435410,Shatamanam Bhavati,2017,Drama|Family,6.3,12,0.5281,te
426264,The Trip to Spain,2017,Comedy|Drama,6.505,101,0.6132,en
494680,Pahuna: The Little Visitors,2017,Drama,7.955,11,0.3337,ne
488447,12 Days of Giving,2017,Drama|TV Movie,6.089,45,0.4729,en
459974,Everything Beautiful Is Far Away,2017,Science Fiction|Fantasy|Drama,6.7,37,0.6364,en
418383,Mr. No Problem,2017,Drama,6.9,23,0.5856,zh
487045,Snowmance,2017,Romance|Drama|Fantasy|TV Movie,5.7,49,0.3526,en
458386,Botoxx,2017,Action|Drama|Thriller,4.0,96,0.4454,pl
472649,Sarah Plays a Werewolf,2017,Drama,6.5,19,0.2886,fr
474994,Christmas Connection,2017,Drama|TV Movie|Mystery|Romance,6.0,56,0.4758,en
434471,Body Electric,2017,Drama,6.0,47,0.5339,pt
478829,Once Upon a Winter's Date,2017,Romance|Fantasy|TV Movie,5.431,29,0.5922,en
395474,I Do... Until I Don't,2017,Comedy,4.689,74,0.5026,en
445681,From Japan to Egypt,2017,Comedy,6.1,13,0.4403,ar
438597,Major Grom,2017,Action|Adventure|Science Fiction|Drama,6.4,70,0.42,ru
435033,Say You Will,2017,Drama|TV Movie,6.159,22,0.4713,en
469980,Diana: In Her Own Words,2017,Documentary,7.653,118,0.5213,en
409520,Lommbock,2017,Comedy,6.515,130,0.4207,de
488379,Avenge the Crows,2017,Thriller|Crime|Drama,4.7,11,0.6208,en
487363,The Envelope,2017,Thriller|Horror,5.7,35,0.4158,ru
408927,Maayavan,2017,Science Fiction|Thriller|Action,6.8,32,0.4745,ta
434374,Rey,2017,Drama|Fantasy,4.2,10,0.3766,es
461038,An American Girl Story: Summer Camp  Friends For Life,2017,Family|TV Movie,7.0,17,0.4392,en
418970,Just to Be Sure,2017,Drama|Comedy,6.405,216,0.655,fr
471919,Lucknow Central,2017,Drama|Action|Thriller,6.297,32,0.4796,hi
413762,The Levelling,2017,Drama,6.216,58,0.3829,en
464757,Nightworld,2017,Thriller|Horror,4.392,88,0.6073,en
482154,Ajji,2017,Thriller|Crime,6.632,19,0.401,hi
486508,Born Strong,2017,Documentary,6.9,29,0.4275,en
443411,Jerrod Carmichael: 8,2017,Comedy,7.068,22,0.4747,en
442824,VooDoo,2017,Horror,4.1,27,0.3259,en
403964,ClownTown,2017,Horror|Thriller,4.409,132,0.5508,en
488829,Brutal,2017,Horror,5.1,22,0.5026,ja
433010,Step,2017,Documentary,7.6,18,0.4761,en
439152,Like Mother  Like Daughter,2017,Comedy,5.693,270,0.5028,fr
425665,Corniche Kennedy,2017,Drama,5.4,74,0.4628,fr
447829,Atlantis Rising,2017,Documentary|Adventure|Mystery,6.133,45,0.471,en
438734,Devil in the Dark,2017,Horror|Thriller,4.8,62,0.5045,en
483558,Sharing Christmas,2017,Romance|TV Movie,6.2,57,0.4957,en
446048,Jim Norton: Mouthful of Shame,2017,Comedy|TV Movie|Documentary,6.4,39,0.4648,en
551535,Above Ground,2017,Thriller,5.2,34,0.3748,en
445944,Deli Aşk,2017,Comedy,5.278,27,0.4202,tr
464684,Off the Rails,2017,Thriller|TV Movie,5.5,13,0.2867,en
471054,High-Rise Rescue,2017,Drama|Action|TV Movie,5.8,18,0.4575,en
451067,Wraith,2017,Horror|Thriller|Mystery,5.0,19,0.5549,en
414805,Good After Bad,2017,Drama,5.6,14,0.4339,en
487620,Kill Order,2017,Science Fiction|Action,5.209,43,0.4533,en
432792,Thousand Cuts,2017,Thriller|Crime,5.9,45,0.3989,fr
504318,Snow,2017,Drama,5.8,17,0.3741,tr
436775,Clowntergeist,2017,Horror,3.7,49,0.4065,en
374471,Porto,2017,Romance|Drama,5.609,46,0.5726,en
442266,La Colle,2017,Comedy,6.274,199,0.4515,fr
467414,Dog,2017,Drama|Comedy,4.8,31,0.4129,fr
460578,The Doll 2,2017,Horror|Thriller,5.3,46,0.5407,id
451349,Black Site Delta,2017,Action,5.368,34,0.3893,en
464879,Cabin 28,2017,Horror,4.5,41,0.5021,en
437623,Hostages,2017,Drama,6.1,58,0.4905,ru
512840,The Eagle and the Lion: Hitler vs Churchill,2017,Documentary|History|War|TV Movie,8.545,11,0.4822,fr
472520,Kept Boy,2017,Comedy|Romance,5.3,21,0.4741,en
423671,Garage Sale Mystery: The Art of Murder,2017,TV Movie|Mystery,6.6,41,0.509,en
461777,You Only Live Once,2017,Action|Comedy|Crime,5.7,21,0.7879,es
426673,Inheritance,2017,Drama,5.3,15,0.3482,en
443486,Red Istanbul,2017,Romance|Drama,5.7,140,0.5471,tr
464586,Couple Therapy for Cheaters,2017,Comedy,5.4,101,0.3594,it
435312,High School Lover,2017,Romance|TV Movie|Drama,5.8,32,0.4917,en
467245,Freedom,2017,Drama,4.4,10,0.4409,de
452010,Beauty and the Dogs,2017,Crime|Drama|Thriller,7.0,87,0.6157,ar
424284,Desolation,2017,Horror|Drama|Thriller,4.8,27,0.468,en
466300,My Daughter Is Missing,2017,Thriller|TV Movie,5.8,18,0.5672,en
482004,Too Funny to Fail: The Life & Death of The Dana Carvey Show,2017,Documentary|TV Movie,7.9,68,0.5811,en
477278,The Broken Key,2017,Science Fiction|Thriller|History,3.2,23,0.4526,en
442943,Bobbi Jene,2017,Drama|Romance|Documentary,5.556,18,1.5816,en
426562,Magical Mystery or: The Return of Karl Schmidt,2017,Comedy,6.1,52,0.4169,de
472945,Space Boobs In Space,2017,Comedy|Science Fiction|Horror,3.4,10,0.3927,en
467796,How to Break Up with Your Douchebag,2017,Comedy|Romance,6.877,81,0.3972,es
452964,Boyfriend Killer,2017,TV Movie|Thriller|Drama,5.5,16,0.6066,en
398926,Mon Poussin,2017,Comedy,5.402,164,0.4237,fr
444397,The Workshop,2017,Drama|Mystery|Thriller,5.9,127,0.4194,fr
441965,The Tickle King,2017,Documentary|TV Movie,6.977,44,0.5006,en
491277,Howard Lovecraft & the Undersea Kingdom,2017,Animation|Family|Fantasy|Adventure|Horror,4.615,13,0.5429,en
511008,Your Light: Kase-san and Morning Glories,2017,Animation|Romance,6.077,13,0.4377,ja
413391,A Few Less Men,2017,Comedy,5.452,73,0.4877,en
468523,Breaking News,2017,Drama,6.5,13,0.2807,ro
454769,Behen Hogi Teri,2017,Romance|Comedy|Drama,6.048,73,0.494,hi
479813,The Elephant and the Butterfly,2017,Drama|Family,7.0,13,0.5017,fr
477232,My Giraffe,2017,Drama|Family,6.4,17,0.6066,nl
527429,My Little Pony: Equestria Girls - Magical Movie Night,2017,Animation|Family,9.3,15,0.5013,en
436458,Paths,2017,Drama,6.235,17,0.3733,de
494895,Anne of Green Gables: The Good Stars,2017,Family|TV Movie,6.3,26,0.5674,en
438511,The Relationtrip,2017,Comedy,5.1,15,0.4045,en
483690,Born and Missing,2017,TV Movie|Thriller,6.6,13,0.4964,en
487284,Afterburn/Aftershock,2017,Romance|Drama,6.0,30,0.3686,en
466308,Daughter for Sale,2017,Thriller|TV Movie,4.9,18,0.5811,en
467412,Stories of Love That Cannot Belong to This World,2017,Drama|Comedy,5.5,55,0.3979,it
474273,The Problem with Apu,2017,Documentary,4.8,49,0.5456,en
466557,Porcupine Lake,2017,Drama|Romance,5.2,35,0.397,en
441762,Accident,2017,Thriller|Action,5.2,75,0.5951,en
432942,Gook,2017,Drama,6.417,54,0.4672,en
427028,Tiger Milk,2017,Drama|Comedy,6.3,27,0.8592,de
438436,Most Beautiful Island,2017,Drama|Horror|Thriller,5.566,129,0.3697,en
433054,Legion of Brothers,2017,Documentary,6.0,11,0.2872,en
481817,Mention particulière,2017,Drama|Comedy|TV Movie,7.5,50,0.4964,fr
441967,Immigration Game,2017,Drama|Thriller|Action,4.357,21,0.6677,de
466287,"How Viktor ""The Garlic"" Took Alexey ""The Stud"" to the Nursing Home",2017,Drama|Comedy,6.949,117,0.415,ru
471399,Don't Talk to Irene,2017,Comedy,6.1,30,0.4886,en
492535,Darkness Wakes,2017,Horror,4.2,19,0.343,en
448452,I Am Evidence,2017,Documentary,6.4,24,0.3586,en
470390,The Atoning,2017,Drama|Horror|Thriller,5.492,61,1.6972,en
462030,The Originals,2017,Comedy|Drama|Mystery|Thriller,7.0,31,0.462,ar
369914,The Girl Who Invented Kissing,2017,Drama|Romance,5.4,18,0.5316,en
492282,Like a Cat on a Highway,2017,Family|Comedy,6.474,943,0.5001,it
463016,Espionage Tonight,2017,Action|Comedy,3.4,10,0.5775,en
467017,Beside Bowie - The Mick Ronson Story,2017,Documentary|Music,8.2,10,0.3708,en
437606,TRIO - The Hunt for the Holy Shrine,2017,Family|Adventure|Fantasy,5.8,28,0.3948,no
468320,Never Leave Alive,2017,Adventure|Action,4.8,17,0.4403,en
375859,Viva Amiga,2017,Documentary,5.9,16,0.4213,en
488262,The Christmas Calendar,2017,TV Movie|Family|Comedy|Romance,6.186,51,0.6533,en
436828,Uncertain Glory,2017,Drama,5.36,43,0.598,ca
493282,Christmas Time,2017,Comedy|Family,5.4,10,0.385,en
425217,Maria Mafiosi,2017,Comedy,5.7,13,0.3957,de
488503,Os Parças,2017,Comedy,5.9,107,0.4554,pt
416079,1974: The Possession of Altair,2017,Mystery|Horror|Science Fiction,5.3,44,0.4614,es
369034,Under the Bed,2017,Thriller|TV Movie,5.2,14,0.5736,en
366019,Fallen Stars,2017,Comedy,5.8,15,0.3789,en
512926,Against the Night,2017,Horror|Thriller|Mystery,4.2,33,0.6491,en
438264,Oskar's America,2017,Family|Comedy,7.3,10,0.4152,no
471880,Cinderella the Cat,2017,Animation|Crime|Thriller,7.0,225,0.4541,it
464339,Bad Date Chronicles,2017,Romance|TV Movie,6.2,40,0.4039,en
460102,American Valhalla,2017,Documentary,7.5,12,0.302,en
441868,Sarkar 3,2017,Crime,5.421,19,0.6171,hi
441091,Future '38,2017,Comedy|Romance|Science Fiction,7.0,11,0.3637,en
381064,American Fable,2017,Drama|Thriller,6.077,98,0.5506,en
411625,Noor,2017,Comedy|Romance|Drama|Adventure,4.417,24,0.3602,hi
460844,Tumhari Sulu,2017,Comedy|Drama,6.5,48,0.5767,hi
479266,Legalize It!,2017,Drama,7.3,34,0.2957,pt
457258,Ali's Wedding,2017,Comedy|Drama|Romance,6.924,79,0.4709,en
486865,Christmas in Mississippi,2017,Romance|TV Movie,6.2,49,0.4862,en
448763,Love.com,2017,Romance|Comedy,6.7,128,0.4997,pt
474978,Enchanted Christmas,2017,Romance|TV Movie,6.3,53,0.573,en
488151,Gek van geluk,2017,Romance|Comedy,4.8,12,0.257,nl
468707,Thick Lashes of Lauri Mäntyvaara,2017,Comedy|Romance,5.3,19,0.3154,fi
376280,Old Agent Men,2017,Comedy,5.9,55,0.4515,de
446827,Prodigy,2017,Thriller|Science Fiction,6.133,162,0.5135,en
482262,Hamilton: One Shot to Broadway,2017,Documentary,6.4,16,0.4349,en
465260,Threesome,2017,Comedy,5.7,43,0.5673,fr
429734,Psychopaths,2017,Horror,4.5,34,0.5013,en
455963,A Gray State,2017,Documentary|TV Movie,6.4,46,0.4887,en
434369,Sommerfest,2017,Comedy|Drama|Romance,5.2,26,0.3055,de
412096,Maanagaram,2017,Thriller|Action,7.429,56,0.5115,ta
456508,Chris Brown: Welcome to My Life,2017,Documentary,6.5,250,0.4798,en
434273,Mr. Stein Goes Online,2017,Romance|Drama|Comedy,5.967,212,0.3507,fr
460822,Oh  Hello on Broadway,2017,Comedy|TV Movie,6.9,88,0.3038,en
480622,Christmas at Holly Lodge,2017,Drama|TV Movie|Romance,5.9,56,0.5006,en
444995,The Kidnapping,2017,Crime,5.3,13,0.3987,sk
471689,Everything Is Free,2017,Comedy|Drama|Romance,5.241,27,0.5892,en
406535,Scarred Hearts,2017,Drama,6.952,21,0.5889,ro
472110,Treasure Hounds,2017,Family|Fantasy,4.692,13,1.0191,en
313755,The Black Prince,2017,History|Drama,5.0,14,0.4595,en
421365,The Other Me,2017,Mystery|Crime,7.854,89,0.4279,el
486882,89,2017,Documentary,6.2,38,0.5364,en
481811,Oscar Pistorius: Blade Runner Killer,2017,Drama|TV Movie,5.3,18,0.3687,en
449752,One Step Behind the Seraphim,2017,Drama,7.65,40,0.5007,ro
492678,Murder in Maussane,2017,TV Movie|Mystery|Thriller|Crime|Drama,6.6,13,0.3994,fr
465171,Williams,2017,Documentary,7.414,99,0.3759,en
469287,Life Ahead,2017,Comedy,4.9,14,0.3943,ru
442267,Par instinct,2017,Drama|TV Movie,6.3,23,0.3822,fr
452406,Speak Up,2017,Documentary,7.792,149,0.4525,fr
474308,The Gulf,2017,Drama,5.2,15,0.3395,tr
480488,The Eternal Feminine,2017,Drama,6.2,36,0.6191,es
446020,If You're Not in the Obit  Eat Breakfast,2017,Documentary,7.0,10,0.4789,en
455499,Flesh of the Void,2017,Horror,3.769,13,0.3193,en
491488,Hitchhiker Massacre,2017,Horror,5.5,12,0.4237,en
461002,Sgt Pepper's Musical Revolution,2017,Documentary|Music,7.4,11,0.3856,en
473332,The Journey,2017,Drama,5.8,10,0.2407,ar
475246,We Blew It,2017,Documentary,5.2,10,0.4429,fr
460571,That Good Night,2017,Drama,6.9,14,0.4389,en
467462,Trailer Park Shark,2017,Horror|Comedy|Science Fiction|Thriller,4.2,20,0.555,en
473277,Jeff Dunham: Relative Disaster,2017,Comedy,6.631,65,0.282,en
455483,Superswede: A film about Ronnie Peterson,2017,Documentary,7.357,21,0.504,sv
458478,Juarez 2045,2017,Action|Science Fiction|Adventure,3.1,14,0.4836,en
366122,Francesca,2017,Drama|Thriller,4.7,20,0.4061,it
494086,Anonymous Noise,2017,Romance|Comedy|Drama|Music,7.7,27,0.4256,ja
474976,With Love  Christmas,2017,TV Movie|Romance,6.9,60,0.433,en
405653,The Death and Life of Otto Bloom,2017,Drama,7.4,13,0.3768,en
438573,Signed  Sealed  Delivered: Higher Ground,2017,Romance|TV Movie|Drama,7.172,29,0.4545,en
474062,The End of Meat,2017,Documentary,7.5,12,0.4168,de
464876,Knights of the Damned,2017,Action|Fantasy|Horror,3.345,29,0.442,en
468848,Njandukalude Naattil Oridavela,2017,Family|Drama|Comedy,6.8,23,0.4676,ml
430172,This Is Our Land,2017,Drama,5.851,134,0.5028,fr
438421,The Chess Player,2017,History|Drama,6.316,49,0.7196,es
483407,Junior Majeur,2017,Drama,6.808,13,0.4502,fr
479490,Haunted,2017,Drama|Crime|Horror,4.6,56,0.4927,no
471105,Euthanizer,2017,Thriller|Drama|Comedy,6.5,57,0.4574,fi
490087,Adam: The Prophet,2017,Science Fiction|Animation,6.4,37,0.3559,en
480614,A Gift to Remember,2017,Romance|TV Movie,6.036,70,0.4122,en
466023,Mr. Hurt,2017,Comedy|Romance,6.4,17,0.509,th
459828,Destination Wedding,2017,Romance|TV Movie,5.859,32,0.6408,en
434576,Haunted,2017,Thriller|Horror,3.8,17,0.4149,en
480950,Antes Que Eu Me Esqueça,2017,Drama,7.0,24,0.3833,pt
454438,A Thousand Junkies,2017,Comedy,7.2,13,0.2811,en
431093,Everybody Loves Somebody,2017,Romance|Comedy,6.491,172,0.5663,en
438303,Stage Fright,2017,Thriller|TV Movie,5.2,13,0.4568,en
430521,Take Off,2017,Drama|Thriller|War,7.358,53,0.5074,ml
473267,Twenty Two,2017,History|Documentary,7.7,20,0.3438,zh
430450,Sollers Point,2017,Drama,4.8,27,0.4023,en
432294,The Mystery of Green Hill,2017,Adventure|Family|Mystery,6.3,10,0.4143,hr
458759,Interlude in Prague,2017,Drama|Music,5.8,22,0.5726,en
548859,Realms,2017,Horror|Mystery,4.3,89,0.4943,en
460060,A Family,2017,Drama,5.8,40,0.6688,it
446044,The Exes,2017,Comedy|Romance,5.2,150,0.6182,fr
424510,Mr. Roosevelt,2017,Comedy,6.2,77,0.4286,en
484619,The Bittersweet,2017,Drama|Thriller,6.3,22,0.4312,zh
432689,Auf der anderen Seite ist das Gras viel Grüner,2017,Romance|Comedy|Drama,4.813,16,0.3952,de
479746,Demons,2017,Horror,5.4,28,0.3989,en
438446,Mommy Dead and Dearest,2017,Crime|Documentary,7.357,256,0.4069,en
593688,mother! The Downward Spiral,2017,Documentary,8.5,11,0.4373,en
468033,Finally Found Someone,2017,Comedy|Romance,6.2,79,0.3747,tl
438154,The Trace We Leave Behind,2017,Thriller|Horror,4.8,41,0.2786,pt
455968,Becoming Cary Grant,2017,Documentary,6.6,42,0.3302,en
493591,Monky,2017,Family|Drama|Comedy,5.5,21,0.5433,sv
438639,Dismissal,2017,Comedy,5.042,83,0.4649,es
406115,The Snare,2017,Thriller|Horror,4.777,65,0.3832,en
488740,Of Fathers and Sons,2017,Documentary|War,7.0,58,0.3828,de
415669,Adhe Kangal,2017,Romance|Thriller,7.0,13,0.4679,ta
472404,Cardinals,2017,Thriller|Crime|Drama,5.8,20,0.4099,en
476144,I Love You Heavenly,2017,Comedy|Romance,5.4,11,0.2645,cs
454883,The Final Journey,2017,Drama,6.6,29,0.3584,de
460591,While We Live,2017,Drama,6.3,24,0.3854,da
428988,The Furlough,2017,Drama|Crime|Thriller|Action,5.574,141,0.3235,it
471998,Caniba,2017,Documentary,5.5,32,0.4315,ja
264402,The 4th Company,2017,Drama|Action|Crime,6.133,30,0.3917,es
468221,Super vacanze di Natale,2017,Comedy,3.0,104,0.4036,it
453274,The Intruder,2017,Drama,6.2,43,0.3299,it
433091,Rumble: The Indians Who Rocked the World,2017,Music|Documentary,7.615,13,0.4427,en
432627,In and Out,2017,Comedy|Romance,5.307,175,0.5166,fr
426247,The Light of the Moon,2017,Drama,6.224,38,0.38,en
466421,Amanda & Jack Go Glamping,2017,Drama|Romance|Comedy,4.6,31,0.4116,en
469777,At Home in Mitford,2017,Romance|TV Movie,6.2,25,0.4225,en
437563,The Robbery,2017,Comedy|Action,7.3,29,1.3928,en
414824,Pa Paandi,2017,Romance|Comedy|Action,7.0,33,0.4796,ta
494368,Dave Chappelle: The Bird Revelation,2017,Comedy,7.468,205,0.4563,en
449742,Kavan,2017,Thriller|Drama,7.2,40,0.4753,ta
463593,Big Time,2017,Documentary,5.5,10,0.2293,da
384978,Puppet Master: Axis Termination,2017,Horror|War,4.9,62,0.4107,en
514780,Summer of '44 - The Lost Generation,2017,Drama,5.833,21,0.4023,de
469114,Crimea,2017,Action|Drama,2.05,40,0.4407,ru
465353,The Other Mother,2017,Drama|TV Movie|Thriller,6.8,20,0.4168,en
595158,Area of Conflict,2017,Action|Adventure|Drama|Thriller,7.565,23,0.4115,en
468292,Ugly Nasty People,2017,Comedy|Crime,5.8,168,0.4192,it
407650,Vico C: La vida del filósofo,2017,Drama,7.4,144,0.4421,es
459914,4N1K,2017,Romance|Comedy,5.5,26,0.4222,tr
390996,Shot! The Psycho-Spiritual Mantra of Rock,2017,Documentary|Music,6.827,26,0.5308,en
338387,Youth in Oregon,2017,Comedy|Drama,6.0,39,0.4797,en
484809,The Secret Life of Kyle,2017,Animation|Comedy|Family,6.2,46,0.4094,en
464403,Ramaleela,2017,Thriller,6.7,22,0.4672,ml
446130,Orchestra Class,2017,Drama|Comedy,6.3,117,1.4375,fr
429762,The Butterfly Tree,2017,Drama,6.1,20,0.3117,en
459725,Velipadinte Pusthakam,2017,Comedy|Drama,4.3,10,0.4076,ml
434080,Double Date,2017,Comedy|Horror,5.449,69,0.3669,en
474972,The Sweetest Christmas,2017,Romance|TV Movie,6.4,85,0.4881,en
450253,Hometown Hero,2017,TV Movie|Romance,6.262,21,0.5068,en
411626,Gangsterdam,2017,Action|Comedy,5.3,288,0.319,fr
481061,The Midnight Man,2017,Horror|Comedy,6.7,17,0.4707,en
485303,Tombiruo,2017,Action|Drama|Adventure,5.3,13,0.4299,ms
480405,Neverknock,2017,Thriller|Horror|Science Fiction|TV Movie,4.7,56,0.4934,en
568106,Cinderello,2017,Comedy,7.5,17,0.4306,es
476755,The Miner,2017,History,6.781,16,0.2325,sl
411011,The B-Side: Elsa Dorfman's Portrait Photography,2017,Documentary,6.75,24,0.4193,en
491766,Perfect Bid: The Contestant Who Knew Too Much,2017,Documentary,6.466,73,0.3759,en
478326,Silent Night,2017,Drama|Comedy,6.9,89,0.4733,pl
450642,Alien Domicile,2017,Horror|Mystery|Science Fiction,2.7,13,0.4063,en
480159,Woman of the House,2017,Drama|Romance|TV Movie,4.9,14,0.3974,en
446697,In Search of Fellini,2017,Drama|Adventure,5.7,45,0.3701,en
454758,And So We Put Goldfish in the Pool.,2017,Drama,7.6,20,0.3768,ja
474990,Christmas Festival of Ice,2017,Romance|TV Movie,5.4,36,0.3494,en
428642,Ezra,2017,Horror|Thriller,6.0,43,0.5234,ml
291188,Austin Found,2017,Comedy|Drama,5.5,20,0.4615,en
460427,Samadhi Part 1: Maya  the Illusion of the Self,2017,Documentary,7.333,15,0.456,en
436496,Gremlin,2017,Horror,3.9,56,0.3518,en
399226,Brakes,2017,Comedy,5.6,14,0.4401,en
492618,Three Heroes and the Princess of Egypt,2017,Adventure|Fantasy|Family|Animation,5.8,33,0.4822,ru
446038,Mission Pays Basque,2017,Comedy|Romance,5.58,193,0.4317,fr
442033,Dream Big: Engineering Our World,2017,Documentary,6.2,21,0.6638,en
455500,Rise of the Warrior Apes,2017,Documentary,7.818,11,0.3528,en
465870,The Russian Revolution,2017,Documentary|History,6.3,27,0.3639,en
453023,Game,2017,Drama,5.2,12,0.3131,en
446841,Painless,2017,Thriller|Drama,5.5,22,0.5,en
432605,Buena Vista Social Club: Adios,2017,Documentary|Music,7.391,23,0.4106,en
466380,Three Summers,2017,Comedy,5.206,17,0.3173,en
440143,The Babymoon,2017,Romance|Action|Adventure|Comedy|Drama,4.6,15,0.5462,en
439155,Accidental Family,2017,Drama|Comedy,5.7,87,0.4285,fr
422931,Man Divided,2017,Drama|Science Fiction,6.3,20,0.7977,da
430219,The Gold Seekers,2017,Adventure,7.5,25,0.4166,es
381009,Donald Cried,2017,Drama|Comedy,6.333,24,0.3577,en
457552,Forbidden Games: The Justin Fashanu Story,2017,Documentary,5.9,13,0.3252,en
443873,The Dissidents,2017,Action|Comedy,5.7,13,0.3803,et
492631,The Manual,2017,Science Fiction,5.7,24,0.2275,en
479918,Qarib Qarib Singlle,2017,Comedy|Drama|Romance,7.014,71,0.4721,hi
450036,Magalir Mattum,2017,Drama|Family,6.8,13,0.328,ta
451974,Let It Fall: Los Angeles 1982-1992,2017,Documentary|History,7.619,21,0.3642,en
442081,Ape,2017,Drama,7.3,14,0.3381,en
525190,Alternative Math,2017,Comedy,6.902,41,0.3322,en
480645,Omnipresent,2017,Drama,5.9,14,0.3801,bg
526266,A Man For Every Month,2017,Romance|Family|TV Movie,5.8,20,0.3214,en
411717,Bairavaa,2017,Action,5.491,57,0.598,ta
487082,Danielle,2017,Fantasy|Science Fiction|Romance,6.5,10,0.3646,es
468528,Sunbeat,2017,Drama,5.9,31,0.5431,fr
462355,Wedding March 2: Resorting to Love,2017,Romance|TV Movie,6.2,32,0.5623,en
473408,Joan Didion: The Center Will Not Hold,2017,Documentary,7.317,63,0.6425,en
450045,Sakhavu,2017,Drama,4.9,19,0.3959,ml
447236,Bet on Revenge,2017,Drama|Adventure|Romance|History,6.7,61,0.3614,hu
440794,Katamarayudu,2017,Action|Family,5.2,13,0.4191,te
412904,Created Equal,2017,Drama|Thriller,6.0,15,0.4118,en
431435,Blockbuster,2017,Comedy|Crime,5.058,26,0.3805,ru
836989,Projota - AMADMOL (A Milenar Arte de Meter o Louco),2017,Unknown,6.1,39,0.4074,pt
483306,Dear Basketball,2017,Animation|History,7.2,248,0.4774,en
483068,10/31,2017,Horror,4.6,18,0.3795,en
439552,Tenderness,2017,Drama,6.341,217,0.5197,it
476979,Tiro libero,2017,Drama,5.7,28,0.3208,it
471754,Punyalan Private Limited,2017,Comedy,6.6,12,0.4486,ml
465294,Garage Sale Mystery: A Case Of Murder,2017,Mystery|Crime|Drama|TV Movie,6.659,44,0.5447,en
194522,Monsoon Shootout,2017,Thriller,6.444,18,0.4084,hi
447358,People You May Know,2017,Romance|Comedy|Drama,5.2,40,0.4307,en
327253,The Gracefield Incident,2017,Horror|Science Fiction|Action|Mystery,4.7,117,0.3724,en
416786,A Taste of Ink,2017,Drama,6.0,40,0.1927,fr
487848,Purgatory Road,2017,Horror|Crime,4.1,13,0.273,en
452166,The Reagan Show,2017,Documentary,6.5,17,0.3315,en
438817,Jurassic School,2017,Adventure|Family|Science Fiction,4.1,17,0.4796,en
395807,Something Huge,2017,Comedy,4.0,32,0.4776,es
398939,Stand Up Girl,2017,Comedy,6.487,199,0.4621,fr
464957,Bruno & Boots: This Can't Be Happening at MacDonald Hall,2017,Family|TV Movie,6.4,40,0.5115,en
441647,The Sound,2017,Thriller|Horror|Mystery,4.677,48,0.5219,en
428498,The Wound,2017,Drama,6.258,62,0.3816,xh
417263,Britney Ever After,2017,Drama|TV Movie,4.3,36,0.5095,en
456164,M,2017,Drama,6.4,73,0.5135,fr
446037,Lola Pater,2017,Drama,6.0,31,0.3578,fr
464832,Killing God,2017,Comedy|Horror,5.837,86,0.3343,es
485034,A Very Merry Toy Store,2017,Family|Romance|TV Movie,6.3,63,0.4548,en
473409,No Stone Unturned,2017,Documentary,7.6,21,0.4309,en
433280,Your Will Be Done,2017,Drama,3.4,10,0.4737,de
438468,Bill Nye: Science Guy,2017,Documentary,6.4,35,0.2628,en
471533,Superpower Girl,2017,Drama|Horror|Fantasy,5.9,12,0.3205,ko
548710,The Confession,2017,Horror,6.0,11,0.3471,en
459938,Beauty Mark,2017,Drama,5.2,16,0.4676,en
495056,Colao,2017,Comedy,7.9,37,0.4321,es
444526,Rock and a Hard Place,2017,Documentary,6.2,22,0.2803,en
490154,A StoryBots Christmas,2017,Animation|Fantasy|Music,5.545,11,0.4514,en
461496,In Extremis,2017,Horror|Thriller,5.0,17,0.5561,en
440397,A Demon Within,2017,Horror|Drama|Romance,5.2,32,0.6487,en
398096,Freshwater,2017,Thriller|Horror|Adventure|Action,3.5,21,0.3027,en
449933,Son of Sofia,2017,Drama|Fantasy,6.8,14,0.4302,el
453217,Home for Christmas Day,2017,Romance|Drama|TV Movie,5.944,72,0.3718,en
417617,The Bloom of Yesterday,2017,Romance|Drama|Comedy,7.0,41,0.3594,de
467263,Wajib,2017,Drama,7.2,56,0.4182,ar
492224,Watu Wote: All of Us,2017,Drama,6.3,26,0.3549,sw
438491,Assholes,2017,Comedy|Drama|Romance,5.714,14,0.3307,en
468204,Emma,2017,Romance|Drama,6.3,129,0.4704,it
432784,Convoy,2017,Thriller|Action|Crime,5.944,36,0.3892,pl
490156,DreamWorks Home: For the Holidays,2017,Animation|Family|Comedy|Fantasy|Science Fiction|TV Movie,4.972,18,0.2946,en
479381,The Revival,2017,Drama|Romance|Crime,5.3,26,0.512,en
440708,Mom or Dad?,2017,Comedy,5.837,646,0.4259,it
423191,Aruvi,2017,Drama,7.5,62,0.5422,ta
482239,Dhaka Attack,2017,Action|Drama|Thriller|Adventure,6.7,15,0.5144,bn
434444,Black Holes,2017,Animation,5.6,21,0.4131,en
453974,Wasted! The Story of Food Waste,2017,Documentary,6.9,14,0.4276,en
468366,Maz Jobrani: Immigrant,2017,Comedy,6.0,23,0.35,en
438142,Het Verlangen,2017,Comedy,5.2,12,0.8934,nl
479119,The Newspaperman: The Life and Times of Ben Bradlee,2017,TV Movie|Documentary,7.6,10,0.3651,en
427049,Boost,2017,Action|Drama|Crime|Adventure|Thriller,6.5,12,0.4578,en
420322,Gloria and Grace,2017,Drama,5.0,10,0.3024,pt
412197,Maragadha Naanayam,2017,Fantasy|Romance|Thriller,6.7,20,0.5121,ta
448449,Whitney: Can I Be Me,2017,Music|Documentary,6.522,159,0.5807,en
480948,American Gothic,2017,Horror|Thriller,4.9,17,0.4171,en
414091,District C-11,2017,Drama|Science Fiction|Thriller|Action|Crime,5.1,12,0.3546,en
403899,Forwards Ever!,2017,Comedy,5.7,15,0.346,de
424239,Waiting for You,2017,Drama|Mystery,5.5,13,0.4051,en
469773,Summer in the Vineyard,2017,Romance|TV Movie,5.57,43,0.3271,en
430035,Unearthed & Untold: The Path to Pet Sematary,2017,Documentary,6.7,31,0.455,en
451618,Barbara,2017,Drama|Music,5.9,103,0.4351,fr
461616,Nano,2017,Science Fiction|Crime|Drama,6.1,14,0.4041,en
457920,Worst Case  We Get Married,2017,Drama,6.3,24,0.5125,fr
459252,A Million Happy Nows,2017,Romance|Drama,4.9,19,0.4622,en
422727,Mississippi Murder,2017,Crime|Thriller|Mystery,4.8,12,0.4073,en
488223,Dave Chappelle: Equanimity,2017,Comedy,7.488,255,0.4578,en
441188,Chavela,2017,Documentary,6.889,27,0.4268,es
464559,Broken Ghost,2017,Drama,4.4,16,0.3873,en
476882,LavaKusha,2017,Comedy|Drama,6.4,10,0.5534,ml
489838,Instant Dreams,2017,Documentary,6.7,15,0.3824,en
433878,The Mars Generation,2017,Documentary,6.5,40,0.4485,en
474791,Belmondo  le magnifique,2017,Documentary,7.409,11,0.4473,fr
474763,Mehua,2017,Animation|Drama|History,5.6,14,0.4122,fr
474444,The Wild Boys,2017,Drama|Adventure|Fantasy,6.5,171,0.5172,fr
437515,A Dash of Love,2017,Romance|TV Movie,6.2,70,0.3961,en
456768,Crash Test Aglae,2017,Comedy,6.2,87,0.3259,fr
442896,Cherry Pop,2017,Comedy|Music,5.2,62,0.4035,en
436449,Two Irenes,2017,Drama,6.777,47,0.4302,pt
444706,Dave Chappelle: Deep in the Heart of Texas,2017,Comedy,7.644,257,0.5114,en
469192,The Good Time Girls,2017,Western,7.0,10,0.4102,en
485219,Hitler's Steel Beast,2017,Documentary,6.2,22,0.3083,fr
447916,The Truth About Love Is...,2017,Comedy|Drama|Family,5.5,121,0.3161,it
447419,The Psycho She Met Online,2017,Thriller|TV Movie,4.7,10,0.4133,en
443384,Vive la crise !,2017,Comedy,4.0,10,0.3359,fr
447352,Taking Earth,2017,Science Fiction,3.9,46,0.3393,en
394770,11:55,2017,Drama|Crime,4.2,15,0.5137,en
422892,Munthirivallikal Thalirkkumbol,2017,Comedy|Drama|Family,6.6,19,0.3421,ml
540727,Nemesis 5: The New Model,2017,Science Fiction,1.5,14,0.3768,en
475517,Maktub,2017,Comedy|Drama,7.4,17,0.5474,he
502555,Deadly Double Cross,2017,TV Movie|Thriller,4.9,13,0.427,en
454439,Flora,2017,Adventure|Drama|Horror|Science Fiction,4.0,27,0.3515,en
399351,Back for Good,2017,Drama,4.1,11,0.4251,de
442160,DeKalb Elementary,2017,Drama,7.061,33,0.3002,en
435117,The Birthday Wish,2017,TV Movie|Romance,6.0,72,0.429,en
514991,Psycho Brother-In-Law,2017,TV Movie|Thriller,4.8,10,0.3057,en
484586,The Body Tree,2017,Thriller|Horror,5.542,24,0.436,en
445113,Duplicity,2017,Thriller|Drama|TV Movie,6.6,16,0.4982,fr
441834,My Ex & Whys,2017,Romance,6.1,18,0.3544,tl
450496,8 Thottakkal,2017,Thriller|Action|Crime,7.3,24,0.4351,ta
441996,Against the Law,2017,Drama|History|Romance|TV Movie,6.8,26,0.3928,en
426469,Growing Up Smith,2017,Comedy|Drama|Family,7.1,29,0.3292,en
458252,Tall Tales,2017,Animation|Comedy|Family,6.0,31,0.302,fr
453596,Overnight Republic,2017,Comedy,5.577,65,0.4292,tr
456789,Emmanuel Macron: Behind the Rise,2017,Documentary,6.5,31,0.238,fr
427109,The Tunnel,2017,Drama|Comedy,4.352,64,0.3439,es
506189,Once Upon a Date,2017,Romance|TV Movie|Comedy,6.435,23,0.7384,en
440319,Mission Control: The Unsung Heroes of Apollo,2017,Documentary,7.3,46,0.3523,en
473749,This Is Congo,2017,Documentary|War,7.3,15,0.2201,en
528390,Women & Sometimes Men,2017,Drama|Romance,2.9,10,0.3732,en
401484,The Sweet Life,2017,Romance|Drama|Comedy,6.176,34,0.4119,en
444011,Simran,2017,Drama|Crime|Thriller,4.958,24,0.5047,hi
398947,Little Spirou,2017,Comedy|Family,5.155,100,0.4036,fr
289708,Cute Little Buggers,2017,Horror|Comedy,4.111,18,0.5629,en
455252,King Arthur and the Knights of the Round Table,2017,Action,3.4,20,0.399,en
522328,Happily Never After,2017,TV Movie|Romance|Comedy,5.9,14,0.4609,en
441862,Hebbuli,2017,Drama|Action,5.6,14,0.5344,kn
410655,Wendy - Der Film,2017,Family|Adventure,6.7,21,0.4133,de
455918,Expedition Happiness,2017,Documentary,6.453,128,0.4862,de
351217,Stray Bullets,2017,Crime|Drama|Thriller,6.2,12,0.4627,en
432090,Bad Buzz,2017,Comedy,2.6,38,1.0172,fr
274165,Sticky Notes,2017,Comedy|Drama,5.4,24,0.3769,en
477300,My Brother 2,2017,Drama|Comedy,4.9,22,0.4273,tr
476889,Blind in Love,2017,Thriller|Drama,5.0,25,0.2713,tr
457064,Operation Carwash: A Worldwide Corruption Scandal Made in Brazil,2017,Action|Thriller|Crime,7.054,111,0.3951,pt
471493,Ryde,2017,Thriller|Horror|Crime,4.4,94,0.3794,en
516339,Super Family. Better Than Avengers,2017,Family|Comedy,6.0,26,0.4723,ru
454605,Breaking Legs,2017,Comedy|Family,4.9,11,0.5147,en
352494,Ripped,2017,Comedy,4.738,40,0.472,en
434166,Bye Bye Germany,2017,Comedy|Drama|War,6.569,73,0.3517,de
455359,Julian Schnabel: A Private Portrait,2017,Documentary,7.3,14,0.3274,en
455732,Can't Stop  Won't Stop: A Bad Boy Story,2017,Documentary|Music,6.2,16,0.3657,en
492099,I Give You My Word 3,2017,Comedy|Adventure|Family,5.0,10,0.4156,ru
457497,Lahoriye,2017,Comedy|Drama|History|Romance,5.278,18,0.419,pa
439000,Blockage,2017,Drama,6.0,12,0.3954,fa
381765,The Strange Summer,2017,Drama,4.0,11,0.2709,de
476996,Control,2017,Drama|Crime|Thriller,5.991,56,0.5778,nl
452008,Closeness,2017,Drama,6.738,120,0.3754,ru
460089,And Then There Was Eve,2017,Drama,5.9,14,0.2898,en
456231,Breaking2,2017,Documentary,8.5,10,0.2934,en
375860,The Surrounding Game,2017,Documentary,7.353,17,0.3634,en
452895,7 Witches,2017,Horror|Thriller,4.375,40,0.3546,en
477359,Beyond Brotherhood,2017,Drama,8.0,31,0.3576,es
420597,Falchi,2017,Crime|Drama,5.5,56,0.5128,it
444697,Ali  the Goat and Ibrahim,2017,Drama|Fantasy,6.3,15,0.2908,ar
470043,I Needed Color,2017,Documentary,7.7,30,0.2898,en
476957,The Last Hour,2017,Drama|Thriller,7.033,30,0.3876,es
422052,Dayveon,2017,Drama,6.7,18,0.4255,en
479834,Forget About Nick,2017,Comedy|Drama,5.5,22,0.3891,de
421044,Best F(r)iends: Volume 1,2017,Drama|Thriller|Mystery,5.4,92,0.2994,en
480483,The Last Prosecco,2017,Mystery|Comedy,5.8,119,0.3573,it
428645,Eu Fico Loko,2017,Comedy,7.8,79,0.4191,pt
460035,Thawed Carp,2017,Drama|Comedy,6.2,21,0.3684,ru
464207,The Truth Is in the Stars,2017,Documentary,7.1,16,0.5309,en
446039,Some Like It Veiled,2017,Comedy|Romance,6.1,216,0.3756,fr
433059,Take Every Wave: The Life of Laird Hamilton,2017,Documentary,6.4,17,0.3239,en
479054,A Harvest Wedding,2017,Romance|TV Movie,6.0,46,0.498,en
443585,Casi leyendas,2017,Comedy,5.905,37,0.3545,es
497965,Foreman,2017,Documentary,5.6,11,0.3507,en
418098,Godless Youth,2017,Science Fiction|Thriller|Drama,6.13,135,0.365,de
479871,Liquid Truth,2017,Drama,6.629,70,0.3377,pt
449739,Vanamagan,2017,Action|Adventure,6.0,22,0.5354,ta
449461,Altar,2017,Horror,3.4,12,0.3952,en
474063,A Very Sordid Wedding,2017,Comedy,5.3,26,0.4109,en
366617,Blood Hunt,2017,Horror|Thriller,4.9,22,0.4215,en
406848,Daydreams,2017,Drama,4.7,12,0.5576,fr
447072,Brava,2017,Drama,5.3,14,0.3975,es
432877,Das doppelte Lottchen,2017,Family|Comedy|Drama,6.5,13,0.4202,de
502298,Liberated: The New Sexual Revolution,2017,Documentary,6.2,34,0.4001,en
449393,Jacinta,2017,Drama,7.8,10,1.2307,pt
408921,Bogan,2017,Action|Crime,6.3,28,0.2629,ta
408293,Glory,2017,Drama,7.31,63,0.3837,bg
476131,Bonehill Road,2017,Horror|Thriller,4.1,17,1.5206,en
475293,Those Who Love  Hate,2017,Mystery|Drama|Thriller|Crime,6.4,40,0.5073,es
476792,Dummie the Mummy and the Tomb of Achnetoet,2017,Family,5.9,15,0.3862,nl
490453,Framed By My Fiancé,2017,Thriller|TV Movie,6.6,22,0.4137,en
409296,Dearest Sister,2017,Drama|Horror,5.6,14,0.3975,lo
376088,A Woman  a Part,2017,Drama,5.9,15,0.3117,en
492184,Ladies First,2017,Documentary,7.3,26,0.335,en
483389,Photocopy,2017,Drama|Romance|Comedy,7.3,19,0.3413,ar
479263,Patton Oswalt: Annihilation,2017,Comedy|Documentary,7.08,81,0.3375,en
381828,Full of Grace,2017,Drama,6.714,21,0.3101,en
481042,Non C'è Campo,2017,Comedy|Romance,5.6,225,0.2824,it
455847,Bad Grandmas,2017,Action|Comedy|Crime,5.0,20,0.5004,en
445254,A Man Wanted,2017,Comedy|Romance|Drama,6.9,14,0.3951,ar
458836,The Good Catholic,2017,Drama|Comedy,5.5,49,0.2511,en
400552,Happy Burnout,2017,Comedy,5.7,33,1.2137,de
426259,Thirst Street,2017,Comedy|Drama|Romance,4.3,19,0.8725,en
423076,Pretty Little Dead Girl,2017,Mystery|Thriller|TV Movie,5.7,11,0.476,en
462503,The Teacher,2017,Comedy|Drama,6.5,217,0.3983,fr
481122,Once Upon a Time in November,2017,Drama,5.1,12,0.2694,pl
464287,Bed Bugs,2017,Drama|Comedy,5.0,32,0.2695,de
327315,Bloodrunners,2017,Crime|Horror,4.833,24,0.2734,en
460097,The Wrong Bed: Naked Pursuit,2017,TV Movie|Thriller|Mystery,5.4,15,0.3818,en
452016,Jeune Femme,2017,Comedy|Drama,5.8,115,0.3312,fr
469607,Figaros Wölfe,2017,Drama|Thriller,4.2,13,0.2798,de
468207,The House by the Sea,2017,Drama,6.5,125,0.509,fr
490001,Believer,2017,Documentary,6.7,26,0.334,en
457193,The Nothing Factory,2017,Music|Drama,6.0,18,0.3726,pt
469109,Plug Love,2017,Crime|Romance|Drama,7.6,11,0.4037,en
430448,I Am Jane Doe,2017,Crime|Documentary,5.7,60,0.3055,en
461303,Negative Space,2017,Animation|Drama,7.4,125,1.5594,en
704725,Going Mad: The Battle of Fury Road,2017,Documentary,6.9,13,0.5463,en
487921,Sweet Things,2017,Drama,6.6,10,0.3204,no
436835,Dying,2017,Drama,4.5,16,0.3283,es
426240,The Price,2017,Crime|Drama,4.9,11,0.3549,en
433829,Star Raiders: The Adventures of Saber Raine,2017,Adventure|Science Fiction,3.9,21,0.4057,en
412757,Colonel Panics,2017,Thriller,4.2,10,0.3974,ja
461771,Ravenswood,2017,Horror|Thriller,4.8,20,0.2769,en
433240,Die Notlüge,2017,Comedy|Drama,6.3,12,0.3154,de
432140,Gurgaon,2017,Crime|Thriller,5.214,21,0.4043,hi
475380,Home Team,2017,Drama|Family,6.5,10,0.3141,es
466169,Habit,2017,Horror,5.3,35,0.3529,en
452791,Secrets in Suburbia,2017,Drama|TV Movie|Thriller,5.0,16,0.2671,en
471612,Room for Rent,2017,Comedy,5.4,14,0.2869,en
465378,Goutham Nanda,2017,Action|Drama,6.3,16,0.333,te
471469,Anando Brahma,2017,Comedy|Horror|Thriller,6.6,11,0.3758,te
433056,Oklahoma City,2017,Documentary,6.9,69,0.4017,en
445583,It's All About Karma,2017,Comedy,5.8,286,0.4161,it
429552,The Abduction of Jennifer Grayson,2017,Drama|Thriller,3.7,10,0.3225,en
431714,Long Strange Trip,2017,Music|Documentary,8.118,17,0.4237,en
444595,Project Eden: Vol. I,2017,Thriller|Mystery|Science Fiction,5.9,17,0.2556,en
440952,The Best of All Worlds,2017,Drama,7.6,35,0.2986,de
433583,Silent Nights,2017,Unknown,5.4,18,0.166,en
494373,Fanatyk,2017,Drama|Comedy,6.7,39,0.5005,pl
411971,The Last Photograph,2017,Drama,6.0,10,0.3872,en
474585,Tainted Souls,2017,Drama,5.9,50,0.3517,it
427152,All or Nothing,2017,Comedy|Romance,4.172,29,0.2957,cs
419166,Amy Schumer Presents Mark Normand: Don't Be Yourself,2017,Comedy,5.8,12,0.4011,en
466344,The Houses October Built 2,2017,Horror,4.941,101,0.3114,en
451892,Argentine Soldier Only Known by God,2017,Drama|War|History,8.218,39,0.4087,es
381008,Claire in Motion,2017,Drama,4.5,23,0.3269,en
445401,Les Enfoirés 2017 - Mission Enfoirés,2017,Music,7.5,14,0.4116,fr
463743,Streaker,2017,Comedy,6.2,23,0.4421,de
373450,Dark Night,2017,Drama,5.3,43,1.2687,en
496031,Mr. Moll and the Chocolate Factory,2017,Family|Comedy,6.1,18,0.368,de
471762,Meda or The Not So Bright Side of Things,2017,Drama,6.1,11,0.5194,ro
430005,Ladies,2017,Romance|Comedy,6.4,109,0.3331,fr
468213,Human Flow,2017,Documentary,6.868,72,0.2783,en
464112,Kapture: Fluke,2017,Animation|Comedy|Science Fiction,6.0,38,0.2187,en
491206,Traffic Stop,2017,Documentary,6.1,33,0.2242,en
432467,Giantess Attack,2017,Science Fiction,5.3,14,0.4784,en
466997,Easy,2017,Comedy|Drama|Adventure,6.8,87,0.3387,uk
530421,Murder in Lille,2017,Drama|Crime|TV Movie,6.4,12,0.2368,fr
480974,The Lullaby Killer,2017,Thriller|Crime,5.3,23,0.3916,pl
488969,Miss Me This Christmas,2017,Comedy|TV Movie,5.2,28,0.3849,en
461708,Forsaken,2017,Thriller|TV Movie|Crime,5.0,13,0.4631,en
450600,Real: The Plan Behind History,2017,Drama,6.5,26,0.3894,pt
432972,The Force,2017,Documentary,6.8,24,0.2644,en
375334,Nelly,2017,Drama,5.839,31,0.4354,fr
361787,Neurotic Quest for Serenity,2017,Comedy,5.3,91,0.3223,pt
479065,Braguino,2017,Documentary,7.3,24,0.2675,ru
453053,Dumb: The Story of Big Brother Magazine,2017,Documentary,7.048,21,0.3289,en
475660,Under the Rose,2017,Thriller|Crime|Drama|Mystery,6.159,41,0.3052,es
452571,Land of Smiles,2017,Adventure|Horror|Thriller,4.0,42,0.3211,en
450039,The Odd Girl,2017,Drama|Thriller|TV Movie,5.7,17,0.3558,fr
453150,Boston,2017,Documentary,7.7,48,0.4566,en
488508,Die Tomorrow,2017,Drama,6.8,25,0.4326,th
484815,The Marriage,2017,Romance|Drama,6.154,13,0.4055,sq
452188,Daddy Cool,2017,Comedy,5.906,213,0.9102,fr
407201,Ceasefire,2017,Drama,6.104,53,0.3141,fr
448450,Gunter Babysits,2017,Animation|Comedy,5.7,26,0.3725,en
412201,The Fixer,2017,Drama,6.5,17,0.3449,ro
433413,Residente,2017,Music|Documentary,7.0,17,0.2938,en
480420,492: A Man Called Death,2017,Drama|Crime,7.0,51,0.3161,pt
449223,Piccoli crimini coniugali,2017,Drama|Thriller,5.4,48,0.382,it
416530,Slasher.com,2017,Horror|Thriller,3.29,31,0.3432,en
430945,Ron Goossens  Low Budget Stuntman,2017,Action|Comedy,5.879,58,0.4009,nl
416480,Before the Fall,2017,Comedy|Drama|Romance,5.4,32,0.4316,en
463709,Murdered for Being Different,2017,Crime|Drama|TV Movie,5.9,13,0.2412,en
461957,Catching Feelings,2017,Romance|Comedy|Drama,4.5,15,0.2645,en
466175,Killing Jesus,2017,Crime|Drama,6.8,33,0.3334,es
438471,Kim Dotcom: Caught in the Web,2017,Documentary,6.565,46,0.5277,en
451899,Kartini: Princess of Java,2017,Drama|History,6.167,12,0.3755,id
438403,La princesa Paca,2017,TV Movie|Drama|Romance|History,6.1,15,0.3016,es
345149,Another Yeti a Love Story: Life on the Streets,2017,Comedy|Horror,4.9,12,0.4061,en
453204,Ice Mother,2017,Romance|Comedy|Drama,4.2,15,0.3361,cs
470644,Sheikh Jackson,2017,Drama|Music,7.0,37,0.3085,ar
443046,Needlestick,2017,Horror|Thriller,3.1,19,0.4603,en
477273,Squad,2017,Action|Drama,7.156,16,0.3087,tr
477315,The Other,2017,Thriller|Drama,6.5,25,0.2306,tr
438499,Flesh and Blood,2017,Drama,5.3,10,0.5566,en
657123,El Coco 2,2017,Comedy,6.792,24,0.2927,es
457314,The Suffering,2017,Thriller|Drama|Mystery,5.6,22,0.2263,es
390326,Bad Blood: The Movie,2017,Horror,4.8,20,0.3538,en
466874,Mother,2017,Drama|Thriller,6.9,83,0.3683,es
449550,Housewife,2017,Horror,5.419,43,0.4609,en
488002,Kazantzakis,2017,History,6.0,17,0.254,el
467853,Dede Korkut Hikayeleri Salur Kazan: Zoraki Kahraman,2017,History|Comedy,4.3,11,0.336,tr
479232,The Secret Garden,2017,Family|Fantasy,5.2,10,0.3896,en
461931,The Maus,2017,Drama|Fantasy|Horror,5.3,91,0.5262,en
488083,Louis Theroux: Talking to Anorexia,2017,Documentary|TV Movie,7.333,12,0.3392,en
468201,Pure Country: Pure Heart,2017,Music|Drama,7.2,33,0.3157,en
480536,A Horrible Woman,2017,Drama,6.295,39,0.268,da
468196,The Testament,2017,Drama,6.2,19,0.5475,he
437299,The Bastards' Fig Tree,2017,Drama|Comedy,6.1,12,0.4038,es
388994,Ayla,2017,Thriller|Drama|Horror|Fantasy,3.9,37,0.3223,en
348529,Who the Fuck Is That Guy?: The Fabulous Journey of Michael Alago,2017,Music|Documentary,5.5,14,0.2713,en
467113,Kita Kita,2017,Comedy|Romance|Drama,7.6,22,0.4494,tl
415034,Don't Tell Her,2017,Comedy,5.458,119,0.4101,fr
492644,Soy Luna: Live Concert,2017,Music|TV Movie,8.2,61,0.3477,es
541346,We  the Marines,2017,Documentary|TV Movie,5.421,19,0.358,en
472209,Dream House Nightmare,2017,Drama|Thriller|Horror,4.5,13,0.2852,en
492963,American Moon,2017,Documentary,8.7,12,0.3731,it
477269,Bir Nefes Yeter,2017,Romance|Drama,8.0,11,0.2889,tr
468904,The Wicked Gift,2017,Horror|Thriller|Mystery,6.3,40,0.3808,it
443987,Murder on Aix Island,2017,Mystery|Crime|TV Movie,5.7,12,0.4041,fr
502927,The Distant Barking of Dogs,2017,Documentary|War,7.6,15,0.3879,en
478747,Mahanubhavudu,2017,Comedy|Family|Romance,5.8,13,0.3784,te
473637,Invisible,2017,Drama,5.7,40,0.3786,es
424336,Meesaya Murukku,2017,Romance|Drama|Comedy,6.581,31,0.3823,ta
487252,My Last Love,2017,Family|Drama,8.5,14,0.3626,ko
517104,Cold War,2017,Comedy|Romance,7.3,10,0.2529,en
483886,Do I Say I Do?,2017,Romance|TV Movie,6.5,23,0.3622,en
430223,México Bárbaro II,2017,Horror,6.3,42,0.2953,es
410596,Access All Areas,2017,Comedy|Drama|Music,6.281,16,0.3215,en
483809,Explosion,2017,Action|Thriller|Mystery,6.5,14,0.3329,zh
685564,The Making of 'Split',2017,Documentary|Drama|Thriller,6.4,17,0.3828,en
442370,Coyote,2017,Action|Drama,5.9,27,0.3159,hu
469523,Alien: Reign of Man,2017,Action|Science Fiction,5.1,11,0.47,en
455404,B&B,2017,Thriller|Drama,6.27,63,0.4352,en
416772,3 Things,2017,Thriller|Drama,6.321,38,0.2064,da
486890,Rocket Perelman,2017,Drama|Comedy,6.3,11,0.338,de
474386,One Hundred Thousand Bad Jokes II,2017,Animation|Fantasy|Comedy,6.1,21,0.3688,zh
422566,I Still Hide to Smoke,2017,Drama,6.9,47,0.3497,ar
376576,Without Name,2017,Horror|Mystery|Drama,5.118,34,0.3106,en
450708,Aramm,2017,Drama|Thriller,7.7,24,0.3363,ta
433414,Signature Move,2017,Romance|Comedy|Drama,5.2,27,0.2771,en
472964,The Little Girl Who Was Too Fond of Matches,2017,Drama|Horror,5.9,23,0.3272,fr
437302,Can't Say Goodbye,2017,Drama|Comedy,5.6,16,0.2885,es
453352,A Violent Life,2017,Drama|Thriller,6.0,48,0.3463,fr
438665,Fittest on Earth: A Decade of Fitness,2017,Documentary,6.8,27,0.2453,en
443041,Vezir Parmağı,2017,Drama|Comedy,3.632,19,0.3218,tr
487624,Cat Skin,2017,Drama|Romance,4.432,22,0.2715,en
467431,Get Big,2017,Comedy,5.4,14,0.2986,en
563549,Murder in the Woods,2017,Horror|Thriller,5.609,23,0.2438,en
474981,Christmas in the Air,2017,TV Movie|Romance|Drama,6.1,57,0.3439,en
452013,A Man of Integrity,2017,Drama,6.8,67,0.2887,fa
451654,Hypersomnia,2017,Mystery|Thriller|Horror|Fantasy,5.192,52,0.3546,es
453347,Sicilian Ghost Story,2017,Mystery|Drama|Fantasy,6.5,151,0.3846,it
460711,200 Degrees,2017,Thriller,5.8,26,0.3755,en
444490,Sequence Break,2017,Horror|Romance|Science Fiction,4.5,41,0.3951,en
447904,The Lost Brother,2017,Thriller|Drama|Crime,7.1,49,0.3596,es
436369,Cut Shoot Kill,2017,Horror,4.8,24,0.3948,en
442438,Dan Dream,2017,History|Comedy,5.5,22,0.5884,da
464974,Tiffany Haddish: She Ready! From the Hood to Hollywood!,2017,Comedy,6.9,25,0.3204,en
476517,George Michael: Freedom,2017,Documentary,7.2,31,0.2891,en
405446,The Human Surge,2017,Drama,5.5,13,0.3273,es
425436,This Was the XFL,2017,Documentary,7.0,11,0.3271,en
473094,Le Viol,2017,Drama|TV Movie,6.2,18,0.3617,fr
486329,Crazy Famous,2017,Action|Comedy|TV Movie,5.2,16,0.3851,en
452639,Špunti na vodě,2017,Comedy|Family,5.5,11,0.3191,cs
545669,Fast and Furious  la saga no limit,2017,Documentary|TV Movie,8.233,30,0.3218,fr
481367,But Deliver Us from Evil,2017,Horror,5.6,17,0.3375,en
466489,Knife Skills,2017,Documentary,6.7,18,0.2094,en
483551,A Joyous Christmas,2017,TV Movie|Romance|Drama,5.5,40,0.4013,en
483828,Wait for Your Laugh,2017,Documentary,7.6,15,0.3792,en
457784,Agent 327: Operation Barbershop,2017,Action|Animation|Comedy,6.969,32,0.4685,en
488465,Gdansk,2017,Fantasy|War|Animation,5.135,26,0.41,en
479289,Udaharanam Sujatha,2017,Drama|Family,7.1,13,0.3478,ml
475249,Christmas Blood,2017,Thriller|Horror,4.2,14,0.3479,no
473307,Love You to the Stars and Back,2017,Adventure|Drama|Romance|Comedy,7.7,12,0.3941,tl
433085,Last Men in Aleppo,2017,Documentary,7.028,71,0.3001,da
461971,Peechaankai,2017,Comedy|Crime,5.4,21,0.4474,ta
474382,Who Is Alice?,2017,Comedy,5.2,13,0.3269,en
469779,Sun  Sand & Romance,2017,Romance|TV Movie,5.974,38,0.3222,en
487040,Wave,2017,Comedy|Drama,5.3,10,0.3169,en
442087,Mike Birbiglia: Thank God for Jokes,2017,Comedy,7.336,76,0.3757,en
433677,Love on Ice,2017,Romance|Drama|TV Movie,6.3,58,0.3664,en
413837,A Wedding,2017,Drama,6.61,109,0.2884,fr
446867,One of Us,2017,Mystery|Horror|Drama|TV Movie,5.6,43,0.2601,en
452739,Winter War,2017,Action|Drama|War,4.342,19,0.5238,fr
482185,I am William,2017,Family,4.8,13,0.2936,da
478226,The Star Next Door,2017,Comedy,6.8,12,0.3749,ko
458947,The Horse Dancer,2017,Family|Drama,7.5,23,0.4023,en
440102,Strange Birds,2017,Comedy|Drama,5.5,22,0.2387,fr
453273,Frost,2017,Drama,5.0,29,0.3936,lt
680777,More Than Only,2017,Comedy|Drama|Romance,5.6,15,0.2221,en
447447,Love  Surreal and Odd,2017,Comedy,5.1,32,0.3118,tr
444531,32 Pills: My Sister's Suicide,2017,Documentary,8.7,10,0.151,en
460437,Something Like Summer,2017,Romance|Drama|Music,5.7,61,0.4049,en
450456,We'll Get Back to You,2017,Drama|Comedy|Romance,5.2,13,0.2571,tr
473324,Razzia,2017,Drama,6.8,37,0.404,fr
421883,Bad Influence,2017,Comedy|Drama,6.2,16,0.2637,es
449415,Classe Z,2017,Comedy,5.6,278,0.3333,it
436340,Félicité,2017,Music|Drama,6.774,42,0.3489,ln
454825,The Venerable W.,2017,Documentary|Drama,6.6,52,0.3176,en
432063,Pool Party Massacre,2017,Comedy|Horror,4.6,39,0.4188,en
454787,Chris Gethard: Career Suicide,2017,Comedy|TV Movie,7.2,11,0.4173,en
422553,Tim Timmerman: Hope of America,2017,Comedy,4.8,13,0.2737,en
404830,The Creature Below,2017,Horror|Science Fiction,4.4,39,0.3046,en
468844,Ordinary Days,2017,Drama,6.8,12,0.4636,en
460006,Dark Water,2017,Horror|Thriller|Drama,5.0,19,0.2615,ru
413767,The Competition,2017,Documentary,6.8,34,0.3309,fr
491459,The Doll,2017,Horror|Science Fiction|Thriller,2.5,17,0.4043,en
464850,The Immortal Wars,2017,Science Fiction|Action,5.188,16,0.2837,en
476791,Aurora Borealis: Northern Light,2017,Drama,6.6,15,0.2486,hu
482375,The Harrowing,2017,Thriller,4.7,14,0.4466,en
462445,Cardboard Gangsters,2017,Drama|Crime,6.677,31,0.3608,en
502567,Stalked by My Ex,2017,TV Movie|Drama|Thriller|Crime,4.95,10,0.3637,en
456162,Maryline,2017,Drama,5.1,47,0.2977,fr
523446,Noctem,2017,Thriller|Mystery|Horror,5.1,22,0.3747,es
375580,Dead Body,2017,Horror|Mystery,5.1,35,0.369,en
459070,Des Plans Sur La Comète,2017,Comedy,4.0,12,0.2876,fr
446360,The Basement,2017,Horror,4.533,15,0.3188,en
433084,Joshua: Teenager vs. Superpower,2017,Documentary,7.3,54,0.2996,en
417264,Tater Tot & Patton,2017,Drama,6.5,15,0.2565,en
493913,Gordon & Paddy,2017,Animation|Mystery|Family,6.2,10,0.3219,sv
461634,Rory Scovel Tries Stand-Up for the First Time,2017,Comedy,7.19,21,0.2439,en
474569,One of Us,2017,Documentary,6.882,140,0.2673,en
475013,The Carter Effect,2017,Documentary,7.0,57,0.2513,en
456558,Dear Maya,2017,Drama,6.5,20,0.4069,hi
467859,Todd and the Book of Pure Evil: The End of the End,2017,Comedy|Animation|Horror,6.4,10,0.3209,en
574283,Close Calls,2017,Horror,4.173,26,0.2697,en
464756,To Hell and Back: The Kane Hodder Story,2017,Documentary,7.9,23,0.3707,en
465286,Garage Sale Mystery: The Beach Murder,2017,Mystery|TV Movie,6.269,39,0.3547,en
471445,Motorrad,2017,Thriller|Horror|Action,4.2,28,0.2531,pt
478650,All the Reasons to Forget,2017,Comedy|Drama|Romance,7.1,57,0.3151,pt
487287,The Dig,2017,Thriller|Crime,6.8,12,0.3184,en
538102,The Announcement,2017,Drama,6.077,26,0.3067,tr
447557,Oru Kidayin Karunai Manu,2017,Drama,7.2,12,0.3018,ta
463983,The Line,2017,Crime|Thriller,5.6,31,0.4153,sk
458641,Rarandoi Veduka Chudham,2017,Drama|Family|Romance,5.7,12,0.422,te
254642,German Concentration Camps Factual Survey,2017,Documentary|History|War,7.3,17,0.4019,en
841281,El sexo me da risa 7,2017,Comedy,5.154,13,0.3862,es
459232,Queercore: How to Punk a Revolution,2017,Documentary|Music,7.0,14,0.4948,en
443946,Edith+Eddie,2017,Documentary,7.3,17,0.2657,en
465242,Barefoot at Dawn,2017,Drama,6.8,10,0.3311,fr
463293,Meyaadha Maan,2017,Romance|Comedy,7.1,13,0.5603,ta
452024,The Bank of Broken Hearts,2017,Drama|Fantasy,6.5,14,0.2887,tr
434593,Devil's Domain,2017,Horror,3.2,28,0.3077,en
499416,I Just Wanted to Go Home,2017,Drama|Crime|TV Movie,6.7,22,0.3453,fr
457181,The Brigade,2017,Drama,6.659,110,0.3028,fr
473670,Nato a Casal di Principe,2017,Drama,5.731,13,0.4271,it
430830,Nobody Speak: Trials of the Free Press,2017,Documentary,6.0,87,0.3723,en
445107,Mother. Daughter. Killer.,2017,Drama|Crime|TV Movie,5.9,10,0.3216,fr
447767,Tips for Cheating,2017,Comedy|Romance,4.7,40,0.4302,pl
459139,Robot & Scarecrow,2017,Drama|Romance|Science Fiction,7.8,10,0.5536,en
411013,Citizen Jane: Battle for the City,2017,Documentary,6.8,16,0.3325,en
488925,A Christmas Cruise,2017,Romance|TV Movie|Family|Drama,4.7,20,0.3197,en
484150,The Kids Are Back,2017,Family|Comedy,6.8,15,0.3226,es
478180,Love Over Distance,2017,Comedy|Romance,5.477,22,0.3256,nl
417544,The Cambridge Squatter,2017,Drama|Documentary,7.071,21,0.2682,pt
459210,The Mothman of Point Pleasant,2017,Documentary|Horror,5.6,18,0.2834,en
508839,Dark Web,2017,Horror,4.3,20,0.3521,en
483075,Dis,2017,Horror,3.7,10,0.2625,en
428956,The Rules for Everything,2017,Drama|Comedy,5.692,14,0.2626,no
497383,Delectable You,2017,Comedy,6.3,18,0.2585,fr
453083,So It Goes,2017,Music,4.8,12,0.2714,en
413655,Dirty Kids,2017,Comedy,5.909,186,0.2581,fr
458676,Demon Hole,2017,Horror|Comedy,4.3,21,0.3201,en
462104,Counterpunch,2017,Documentary,6.5,40,0.2744,en
473707,L7: Pretend We're Dead,2017,Documentary,7.0,15,0.3042,en
474560,Sebastian,2017,Drama|Romance,4.6,14,0.2094,en
484917,The Man with the Magic Box,2017,Romance|Science Fiction|Comedy,5.4,51,0.2952,pl
456101,Aaron's Blood,2017,Drama|Horror|Mystery|Thriller,5.5,15,0.2288,en
470818,If You Saw His Heart,2017,Drama,4.2,23,0.4305,fr
453272,Pure Hearts,2017,Drama,6.1,141,0.274,it
452531,That's Not Me,2017,Comedy,6.0,25,0.3633,en
451409,Divórcio,2017,Comedy,7.3,28,0.2662,pt
443401,Let It Snow,2017,Comedy,5.0,120,0.3008,fr
440317,Freehold,2017,Comedy|Thriller|Horror,5.25,40,0.2811,en
492981,Missing Child,2017,Drama|Crime|Mystery|Thriller|TV Movie,6.4,14,0.2737,fr
439988,Hitler's Hollywood,2017,Documentary|History,6.453,32,0.2967,de
478038,Pearl Jam: Let's Play Two,2017,Music|Documentary,7.7,25,0.2923,en
483774,Don't Look Away,2017,Horror,5.4,41,0.2334,en
464847,Yaşamak Güzel Şey,2017,Comedy|Drama,6.885,26,0.3454,tr
390867,D.P.A. Detetives do Prédio Azul - O Filme,2017,Family|Adventure|Mystery,7.3,33,0.4077,pt
440831,Leon Must Die,2017,Science Fiction,6.0,13,0.4849,de
400401,Law of the Land,2017,Crime|Drama,6.5,16,0.2557,fi
454546,American Exorcism,2017,Horror,4.6,19,0.2825,en
434986,Replace,2017,Thriller|Horror|Science Fiction,4.971,52,0.3482,en
400638,Nature Boy,2017,Documentary,7.2,22,0.3942,en
638688,Aj Zombies!,2017,Comedy|Horror,7.3,27,0.324,es
417478,Father and Guns 2,2017,Crime|Comedy,6.4,31,0.2967,fr
433051,Cries from Syria,2017,Documentary,7.2,29,0.3664,en
476195,Daisy Winters,2017,Drama,6.6,14,0.2961,en
440722,Silk Road,2017,Thriller|Crime|Drama|Romance,6.289,38,0.3311,nl
509412,Attack of the Southern Fried Zombies,2017,Horror,3.8,14,0.2956,en
518439,Sideway,2017,Drama,5.4,12,0.3225,tr
433086,Machines,2017,Documentary,6.214,21,0.2524,hi
495967,Treasures from the Wreck of the Unbelievable,2017,Documentary,6.0,33,0.3454,en
448444,The Death and Life of Marsha P. Johnson,2017,Documentary,7.072,104,0.2716,en
479428,Call Your Father,2017,Comedy,4.5,11,0.3259,en
430128,Internet - The Movie,2017,Comedy,3.8,161,0.3101,pt
476921,Lady-Like,2017,Comedy|Romance,3.9,44,0.6089,en
413421,Phillauri,2017,Fantasy|Comedy|Romance|Drama,6.23,37,0.3446,hi
444424,Les Misérables,2017,Drama|Crime,7.057,44,0.2621,fr
411764,A Comédia Divina,2017,Comedy,6.1,24,0.3204,pt
495715,The Landlord,2017,Thriller|TV Movie,5.8,20,0.4365,en
376582,Country Crush,2017,Drama|Music|Romance,6.7,33,0.3494,en
415673,The Mad Whale,2017,Drama|Thriller,5.6,14,0.4069,en
390747,Obit,2017,Documentary,6.35,19,0.2469,en
471613,Black Cop,2017,Drama,5.45,10,0.2658,en
521690,Laika,2017,Animation|Comedy|Science Fiction,5.4,12,0.2286,cs
447330,The Paris Opera,2017,Documentary,7.2,17,0.2112,fr
435069,Hedgehog's Home,2017,Animation,5.6,10,0.2647,hr
485071,Michelle Wolf: Nice Lady,2017,Comedy|Documentary,6.9,26,0.4076,en
437926,Francis Bacon: A Brush with Violence,2017,Documentary,7.1,13,0.3374,en
422753,Mustang Island,2017,Comedy|Drama,6.413,23,0.2596,en
409306,Elon Doesn't Believe in Death,2017,Drama,5.433,15,0.3335,pt
486056,Vele hemels boven de zevende,2017,Drama,7.2,14,0.2825,nl
464900,The End of April,2017,Drama|Horror|Thriller,5.3,16,0.3367,ko
424585,Mademoiselle Paradis,2017,History|Drama,5.6,34,0.3987,de
427253,Black Hollow Cage,2017,Thriller|Science Fiction|Drama|Horror,5.7,77,0.2703,en
455185,Western World,2017,Western,4.4,11,0.2365,en
615960,Toy Guardians,2017,Animation|Family,6.8,33,0.2421,zh
418963,Alguém Como Eu,2017,Comedy,4.9,21,0.2963,pt
499908,Deer Boy,2017,Drama|Fantasy|Horror,5.9,10,0.2888,pl
474381,The Heart of Man,2017,Documentary,8.4,12,0.3506,en
454655,Z,2017,Unknown,6.196,23,0.2341,ru
476424,#Captured,2017,Horror|Thriller,3.0,20,0.4739,en
475398,Sinister Minister,2017,Drama|Thriller|TV Movie,4.8,11,0.3299,en
476331,Ivan,2017,Drama,5.7,14,0.2977,sl
433118,Sea of Hope: America's Underwater Treasures,2017,Documentary,6.6,12,0.2546,en
540957,The Armoire,2017,Horror,5.6,17,0.2703,en
479469,Adam: The Mirror,2017,Science Fiction|Animation,6.6,50,0.2311,en
471501,The Nurse,2017,Horror,5.6,21,0.2578,en
472591,Cold Ground,2017,Horror|Mystery|Science Fiction,5.586,64,0.2758,en
462963,Brexitannia,2017,Documentary,7.8,11,0.2456,en
449674,Louis C.K. 2017,2017,Comedy|TV Movie,7.261,276,0.342,en
475408,Murder on the Cape,2017,Drama,3.5,14,0.3222,en
519578,Man,2017,Drama|Science Fiction,7.3,21,0.2442,en
454671,La ragazza dei miei sogni,2017,Fantasy|Romance|Mystery|Adventure|Thriller|Drama,5.0,11,0.2365,it
470458,Rogue Warrior: Robot Fighter,2017,Action|Science Fiction,4.6,15,0.2206,en
483010,Saving Capitalism,2017,Documentary,6.7,58,0.3329,en
485217,The Follower,2017,Thriller|Horror,4.1,17,0.243,en
467398,Cocote,2017,Drama,5.0,11,0.313,es
465239,Men Don't Cry,2017,Drama,6.9,11,0.2929,bs
441396,Dark Blue Girl,2017,Drama,7.2,13,0.3669,de
452372,Warning: This Drug May Kill You,2017,TV Movie|Documentary,7.0,15,0.3003,en
438532,Inflame,2017,Thriller|Drama,5.3,15,0.2726,tr
419511,Mister Happiness,2017,Romance|Comedy,6.045,346,0.2599,it
480069,Once Upon a Time in Indian Country,2017,Drama,7.0,12,0.2804,de
546111,Giants of the Deep Blue,2017,Documentary,6.4,17,0.2876,en
440038,The Misandrists,2017,Drama,3.4,23,0.3757,de
432987,Quest,2017,Documentary,7.2,10,0.2428,en
480330,Nine and a Half Moons,2017,Comedy,6.0,162,0.383,it
481866,Anna,2017,Horror,3.6,23,0.2435,en
364060,Middle Man,2017,Drama|Comedy|Crime|Thriller,6.1,12,0.2181,en
420276,Axé: Music of a People,2017,Documentary|Music,7.9,14,0.4003,pt
468199,Caccia al tesoro,2017,Comedy,5.1,84,0.2837,it
452221,12 Days,2017,Documentary,7.118,55,0.2475,fr
450494,Joe Cocker: Mad Dog with Soul,2017,Documentary|Music,7.3,30,0.3456,en
427395,The Gaelic King,2017,Fantasy|History,5.0,24,0.3649,en
499793,Chain Reaction,2017,Drama,5.2,25,0.3472,pl
481675,The Last Note,2017,Drama|War|History,6.716,44,0.287,el
472003,Silk Road: Drugs  Death and the Dark Web,2017,Documentary|Crime,7.7,11,0.298,en
456897,Mind and Machine,2017,Crime|Science Fiction|Thriller,4.1,12,0.4418,es
460738,Super Singh,2017,Action|Comedy|Fantasy,6.833,39,0.383,pa
436742,Hochzeit in Rom,2017,TV Movie|Comedy|Romance,3.5,12,0.3116,de
463833,Nanny Nightmare,2017,Thriller|TV Movie,5.2,12,0.2234,en
367915,CineMagia: The Story of São Paulo's Video Stores,2017,Documentary,7.3,16,0.2226,pt
474383,The Nth Ward,2017,Thriller|Drama,4.2,10,0.3818,en
471617,Tulipani: Love  Honour and a Bicycle,2017,Drama|Comedy,6.458,60,0.2953,nl
486943,Betty: They Say I’m Different,2017,Documentary|Music,7.3,13,0.2402,en
440460,Gostosas  Lindas e Sexies,2017,Comedy,6.3,34,0.2286,pt
513295,Nothing Really Happens,2017,Comedy|Science Fiction,4.9,10,0.2664,en
482060,Neomanila,2017,Crime|Thriller,5.4,10,0.2809,tl
470642,The Hungry,2017,Drama,5.8,10,0.2373,hi
477288,Fork in the Road,2017,Drama,6.288,33,0.2211,tr
395769,Elementary,2017,Drama|Family,6.6,77,0.2324,fr
421879,Beach House,2017,Thriller|Mystery,4.9,17,0.6089,en
523307,Snowbound,2017,Thriller|Mystery|Horror,4.0,20,0.3749,en
441043,Asteria,2017,Animation|Comedy|Science Fiction,6.5,20,0.1648,fr
664910,Candy,2017,Action|Crime,5.0,10,0.3079,en
443686,Kung Fu Traveler,2017,Science Fiction|Action,5.6,22,0.3234,cn
426243,Eagles of Death Metal: Nos Amis (Our Friends),2017,Music|Documentary,7.296,27,0.3275,en
376312,The Dreamed Path,2017,Drama,5.86,25,0.2683,de
488445,Dark Wind,2017,Drama,7.857,14,0.1941,hi
470901,Face 2 Face,2017,Drama,6.011,45,0.2631,en
392809,The Long Night of Francisco Sanctis,2017,Drama|Thriller,6.0,14,0.2401,es
449510,Machine,2017,Action|Romance|Comedy,3.1,10,0.282,hi
432656,Inspector Dupin: Brittany's Tide,2017,Crime|TV Movie,6.5,10,0.2511,de
423422,My Brother Simple,2017,Drama,6.207,29,0.2143,de
470202,Vergel,2017,Drama,4.9,14,0.2662,es
452035,Gravity and Me: The Force That Shapes Our Lives,2017,Documentary,6.2,12,0.2741,en
444513,Amy Schumer: The Leather Special,2017,Comedy,3.8,162,0.2659,en
435803,Ninguém Entra  Ninguém Sai,2017,Comedy,4.1,35,0.2464,pt
425840,The Fitzroy,2017,Science Fiction|Comedy,6.4,13,0.2515,en
474956,Ondu Motteya Kathe,2017,Drama|Comedy,7.1,19,0.2069,kn
458335,Soundtrack,2017,Drama,6.1,17,0.25,en
347627,I Love You Both,2017,Comedy,4.286,21,0.285,en
446428,Valley of Ditches,2017,Thriller|Crime|Drama|Horror|Mystery,4.6,16,0.191,en
464749,Mountain Fever,2017,Thriller,3.4,16,0.2496,en
487387,Kenny,2017,Documentary,6.9,28,0.3239,en
462661,Tiny House of Terror,2017,TV Movie|Thriller|Mystery,5.2,10,0.3691,en
500552,Pablo Escobar: Countdown to Death,2017,Documentary,6.786,28,0.2361,es
437297,Lord  Give Me Patience,2017,Comedy,6.316,201,0.2442,es
445203,There Is a Light,2017,Drama,6.838,185,0.3058,it
436035,Come Swim,2017,Drama,6.074,34,0.3137,en
466351,Queen of Niendorf,2017,Drama|Family,6.7,21,0.181,de
461034,Murder In The Auvergne Mountains,2017,Crime|TV Movie,6.6,16,0.2976,fr
457268,Ramante Edanthottam,2017,Drama|Romance,5.5,11,0.4062,ml
472717,The Documentary,2017,Horror|Thriller,6.3,76,0.2507,en
492690,Decorating Disney: Holiday Magic,2017,Documentary|Music,7.8,10,0.3732,en
478659,On Yoga: The Architecture of Peace,2017,Documentary,7.5,12,0.2518,en
444315,Don't Take Me Home,2017,Documentary,7.409,11,0.2541,en
446040,Loue-moi !,2017,Comedy,5.5,125,1.2601,fr
482732,The Reconciliation,2017,War|Drama|History,4.9,11,0.1924,pl
448949,Um Tio Quase Perfeito,2017,Comedy|Family,6.2,74,0.2123,pt
379138,Blind & Ugly,2017,Romance|Drama|Comedy,4.5,12,0.2272,de
467028,Misfit,2017,Comedy,6.4,60,0.2345,nl
483517,Fausto & Furio,2017,Comedy,4.4,26,0.335,it
451985,The Desert Bride,2017,Drama,6.3,28,0.2534,es
402542,A Cowgirl's Story,2017,Family,7.0,33,0.3988,en
479500,Gjengangere,2017,Action|Drama,6.5,10,1.1445,no
450836,Voor Elkaar Gemaakt,2017,Romance|Comedy,5.923,13,0.2956,nl
367548,The Dragon Dentist,2017,Animation|Fantasy,5.6,12,0.3143,ja
443993,Operation Golden Shell,2017,Comedy,4.6,19,0.2906,es
443055,Love of My Life,2017,Drama|Comedy,5.0,23,0.4069,en
488505,Cern and the Sense of Beauty,2017,Documentary,6.2,15,0.2549,it
497883,Le K Benzema,2017,Documentary,6.5,24,0.2198,fr
474209,La voce di Fantozzi,2017,Documentary,7.7,10,0.2007,it
472388,Valley of Shadows,2017,Horror|Drama|Mystery,6.5,24,0.2776,no
434371,The Garden,2017,Drama|Family|Comedy,4.6,11,0.3938,de
418833,Top Knot Detective,2017,Comedy|Action,6.5,17,0.2347,en
468107,Olly Alexander: Growing Up Gay,2017,Documentary,6.3,16,0.1599,en
336183,Doidas e Santas,2017,Comedy|Drama|Romance,4.9,11,0.2337,pt
438537,Satan Said Dance,2017,Drama,3.0,15,0.2996,pl
477866,Heights,2017,Drama|History|Comedy,7.6,12,0.2454,bg
396797,A Place in the Caribbean,2017,Romance|Drama,5.7,14,0.2103,es
467003,Varnyathil Aashanka,2017,Comedy,6.7,10,0.2802,ml
471312,Bad Blood,2017,Thriller,4.4,12,0.21,en
398936,Boule & Bill 2,2017,Comedy,4.438,80,0.26,fr
471495,World of Tomorrow Episode Two: The Burden of Other People's Thoughts,2017,Science Fiction|Animation|Drama|Comedy,8.0,67,0.2088,en
432655,Kalt ist die Angst,2017,TV Movie|Drama,4.9,10,0.5,de
101736,Jai Lava Kusa,2017,Action|Thriller,6.6,32,0.344,te
472703,VHS Revolution,2017,Documentary|History,6.273,11,0.2662,fr
439123,Agent,2017,Action|Science Fiction|Thriller,5.462,13,0.2285,en
500464,The Trouble with Mistletoe,2017,Comedy|Romance,6.4,14,0.2612,en
492261,Malli Raava,2017,Drama|Family|Romance|Comedy,8.1,15,0.33,te
475317,The Other Side of Everything,2017,Documentary,8.0,13,0.2484,sr
473243,Eleven Males,2017,Comedy,7.0,16,0.2831,es
421227,Neil Stryker and The Tyrant of Time,2017,Fantasy|Comedy|Science Fiction,5.0,12,0.2363,en
477314,Maide'nin Altın Günü,2017,Family|Comedy,3.92,25,0.2714,tr
475603,House on Elm Lake,2017,Horror,3.7,19,0.2325,en
453362,Los perros,2017,Drama,5.8,23,0.4143,es
438301,Beyond Dreams,2017,Drama,6.0,11,0.2702,sv
427257,Barrage,2017,Drama,5.3,15,1.3181,fr
482906,A Mother's Crime,2017,Thriller|TV Movie,6.3,11,0.3355,en
487380,La casa di famiglia,2017,Family|Comedy,6.2,190,0.3008,it
488080,To the Desert,2017,Crime|Drama|Thriller,4.7,10,0.299,es
470968,At the Drive-In,2017,Drama|Documentary|Comedy,7.3,12,0.2714,en
467525,10 Days Without Mom,2017,Comedy|Family,7.164,76,0.2985,es
523792,Retina,2017,Drama|Thriller,5.1,18,0.2828,en
432660,Pretty Far from Okay,2017,Comedy|Drama,5.9,15,0.2745,de
464599,Guest iin London,2017,Comedy|Drama,5.2,29,0.3716,hi
511371,50 Shades of Gay,2017,Documentary,3.6,10,0.2856,en
453386,FAR. The Story of a Journey around the World,2017,Documentary,8.6,44,0.2374,de
501102,Minion Moments: Drenched,2017,Animation|Family,6.3,12,0.2559,en
488971,You Can't Fight Christmas,2017,Comedy|Romance,5.4,42,0.3151,en
427890,Comment j'ai rencontré mon père,2017,Comedy,5.3,31,0.2822,fr
484737,Rübezahls Schatz,2017,TV Movie|Family|Fantasy,5.7,12,1.0043,de
526145,Expedition China,2017,Documentary,7.2,13,0.29,en
426546,Food Evolution,2017,Documentary,7.1,15,0.2154,en
471317,One Less God,2017,Crime|Action|Drama|Thriller,6.0,14,0.2583,en
451988,Directions,2017,Drama,6.6,31,0.2698,bg
454349,Blurred Lines: Inside the Art World,2017,Documentary,5.6,13,0.2771,en
470174,Fear & Shame,2017,Comedy,8.1,34,0.3035,en
434013,Kate Can’t Swim,2017,Drama|Comedy,4.1,15,0.2452,en
480646,Compulsion,2017,Thriller|Horror,4.8,14,0.275,es
418927,Discreet,2017,Mystery|Thriller|Drama,4.462,13,0.2864,en
437026,The Exchange,2017,Comedy,5.0,27,0.2068,es
483571,Can't Take It Back,2017,Science Fiction|Horror|Thriller,3.8,26,0.1731,en
325410,Atomic Heart Mother,2017,Comedy,5.6,12,0.3636,fa
537287,Drain Alcatraz,2017,Documentary,6.6,20,0.235,en
484785,Harry Styles at the BBC,2017,Music|Documentary,8.5,11,0.2308,en
432607,Dina,2017,Documentary,6.5,21,0.2427,en
492902,Wren Boys,2017,Drama,7.393,14,0.2306,en
468316,Road,2017,Action|Crime|Drama,5.3,18,0.2227,en
503051,Ex-Wife Killer,2017,TV Movie|Thriller,5.206,17,0.3473,en
469509,Stars,2017,Drama|History,5.308,13,0.3077,pl
441186,Adriana's Pact,2017,Documentary|History,7.4,14,0.3234,es
440858,Oru Mexican Aparatha,2017,Action|Drama,5.8,12,0.2603,ml
438467,Barbecue,2017,Documentary,7.3,20,0.3199,en
385761,All This Panic,2017,Documentary,5.9,16,0.2061,en
634141,Lady of the Damned Forest,2017,Horror|Adventure|Fantasy,4.4,14,0.1618,es
470820,Never Steady  Never Still,2017,Drama,5.667,30,0.2634,en
495996,Haunted Road 2,2017,Horror,6.8,34,0.3093,zh
633121,Louder Than Words,2017,Drama,5.5,13,0.1137,en
456210,Tracy Morgan: Staying Alive,2017,Comedy|Documentary|TV Movie,6.1,36,0.2156,en
437933,Longing for a Kiss,2017,Drama|Comedy,5.2,10,0.3352,de
486525,Wonderful Losers: A Different World,2017,Documentary,6.8,11,0.3003,lt
452018,After the War,2017,Drama,6.9,22,0.2494,it
437538,Fucking Bunnies,2017,Comedy,6.0,13,0.2293,fi
466987,Joe Mande's Award-Winning Comedy Special,2017,Comedy|Documentary,5.8,16,0.3333,en
459214,Blood Road,2017,Documentary,5.7,11,0.2127,en
268687,Desde el más allá,2017,Horror|Mystery,5.8,25,0.2236,es
447480,An American Girl Story - Ivy & Julie 1976: A Happy Balance,2017,Family|Drama,6.5,11,0.2586,en
490110,La Sirena,2017,Horror|Drama,4.4,15,0.3896,en
451735,Blue,2017,Documentary|Music,8.1,14,0.2189,tr
449777,Poorna,2017,Action|Drama,6.458,12,0.1782,hi
392178,Escapes,2017,Documentary,5.8,11,0.2418,en
487156,Judd Apatow: The Return,2017,Comedy,6.222,88,0.2457,en
486482,Obey Giant,2017,Documentary,6.6,10,0.222,en
452762,Alien Implant,2017,Drama|Horror|Science Fiction,5.0,14,0.257,en
707080,Among Us,2017,Documentary,7.1,31,0.3352,en
438459,Easy Living,2017,Drama|Comedy|Thriller,4.8,21,0.4176,en
435035,The Honor Farm,2017,Thriller,4.1,13,0.3439,en
491649,Larry,2017,Horror,5.7,12,0.1997,en
387752,Devil’s Freedom,2017,Documentary,7.3,30,0.2191,es
474718,Friends of the Groom,2017,Comedy|Romance,7.2,13,0.1801,tr
432622,Rattrapage,2017,Comedy,5.5,119,0.343,fr
563692,Harcelée,2017,Drama|TV Movie,5.0,12,0.1867,fr
456934,Bad Bunny,2017,Drama|Horror,5.0,14,0.2208,pt
438442,Let There Be Light,2017,Documentary,7.0,12,0.3217,en
476439,Double Trouble,2017,Family|Adventure,6.8,17,0.449,pl
471939,Stopping Traffic: The Movement to End Sex Trafficking,2017,Crime|Documentary,5.2,10,0.2342,en
441023,The Pearls of the Bojana,2017,Comedy,4.9,10,0.2728,sr
450280,Double King,2017,Animation|Fantasy,7.8,46,0.2452,en
494849,Wasati,2017,Comedy|Adventure,8.1,11,0.2294,ar
494682,Scramble,2017,Action|Comedy|Crime,3.8,10,0.3509,en
436367,Butterfly Kisses,2017,Drama,5.2,11,0.217,en
489420,Once Upon a Time at Christmas,2017,Horror,4.9,27,0.3071,en
458807,Tomorrow and Thereafter,2017,Drama,6.2,35,0.2212,fr
455202,Kiss and Cry,2017,Drama|Music|Romance,6.4,20,0.1595,fr
467423,Diana  Our Mother: Her Life and Legacy,2017,Documentary,7.2,29,0.2638,en
392804,Beyond the Mountains and Hills,2017,Drama,5.3,11,0.2907,he
472024,Barefoot,2017,Comedy|Drama,5.539,38,0.2823,cs
464329,7 from Etheria,2017,Horror,5.3,10,0.2437,en
433067,This Is Everything: Gigi Gorgeous,2017,Documentary,5.5,10,0.2238,en
422949,Paris Prestige,2017,Drama,5.8,45,0.163,fr
399049,Jeannette: The Childhood of Joan of Arc,2017,Drama,6.1,47,0.2218,fr
391596,Return To Salem's Cove,2017,Horror,6.5,29,0.2374,en
477623,Mother Krampus,2017,Horror,4.4,32,0.2797,en
454035,Bunch of Kunst - A Film About Sleaford Mods,2017,Music|Documentary,7.2,12,0.1785,de
435352,Requiem for Mrs. J,2017,Comedy|Drama,6.1,26,0.2047,sr
483528,Couch Potatoes,2017,Comedy,5.24,219,0.2316,it
425215,Whatever Happens,2017,Drama|Comedy|Romance,6.2,10,0.2823,de
340249,The Man in the Shadows,2017,Drama|Horror|Thriller,4.3,31,0.2388,en
448510,C/O Saira Banu,2017,Drama|Family,6.2,10,0.2228,ml
420477,Insomnium,2017,Horror|Mystery|Thriller,4.4,10,0.2005,en
433620,Suck It Up,2017,Drama|Comedy,6.0,37,0.3622,en
450513,Ovunque tu sarai,2017,Comedy|Adventure,5.6,45,0.1981,en
468264,Zer,2017,Drama,6.2,10,0.2215,tr
434076,Lust,2017,Horror|Mystery|Thriller,3.8,12,0.2363,no
418974,Fátima,2017,Drama,5.9,11,0.2356,pt
487055,The Spruces and the Pines,2017,Drama|Romance|TV Movie,6.1,34,0.2357,en
480213,Praça Paris,2017,Thriller|Drama,6.8,18,0.1812,pt
476869,Strange Events,2017,Horror,4.6,14,0.3865,en
453356,Gabriel and the Mountain,2017,Drama,6.6,53,0.2002,pt
507840,A Mother's Sacrifice,2017,Drama|Thriller|TV Movie|Mystery,4.6,10,0.2735,en
480322,Where I've Never Lived,2017,Romance|Drama,5.7,23,0.293,it
429976,Conni & Co 2 - Das Geheimnis des T-Rex,2017,Adventure|Comedy|Family,7.3,10,0.2847,de
655467,Io sì tu no,2017,Comedy,7.344,16,0.1517,it
475323,The Fox,2017,Drama|Thriller,4.9,11,0.1909,en
631762,Marita,2017,Drama,6.0,13,0.2252,ro
461257,Queerama,2017,Music|Documentary,4.9,16,0.2955,en
420956,All for Three,2017,Comedy|Crime,4.6,17,0.2367,da
450975,The Eyes,2017,Mystery|Drama|Crime|Thriller,5.2,17,0.236,en
415826,Among Us,2017,Drama|Horror|Thriller,6.3,18,0.282,en
450941,Dries,2017,Documentary,7.0,10,0.2164,de
474587,Poison,2017,Drama,5.3,30,0.2963,it
446106,Red,2017,Horror,4.9,27,0.2649,en
464062,Ksiadz,2017,Drama,5.1,17,0.202,pl
451134,Haus of Pain,2017,Documentary,6.5,10,0.2209,en
453277,The Prince of Nothingwood,2017,Documentary,6.6,21,0.2015,fr
450335,Blue Rai,2017,Comedy|Romance,7.4,12,0.1622,es
449091,Amok,2017,Crime|Thriller,5.9,34,0.3136,pl
481073,Reich oder tot,2017,Crime,5.5,10,0.3559,de
481156,Success Story,2017,Drama|Comedy,4.2,13,0.1921,el
445840,Selfie,2017,Comedy,5.295,22,0.3046,es
461189,Ruby Is Dead,2017,Crime|Drama|TV Movie,5.4,14,0.1842,fr
428519,Party Crashers 2,2017,Comedy,6.4,31,0.1842,pt
349193,Cruel,2017,Crime|Horror,5.4,16,0.2224,fr
444404,A Sort of Family,2017,Drama|Crime|Thriller,6.4,34,0.1951,es
466695,It’s My Turn,2017,History|Drama,7.7,11,0.1863,it
490819,Dark Beacon,2017,Horror|Thriller,4.6,18,0.2944,en
410198,Werewolf,2017,Drama,5.909,22,0.2009,en
462108,Chris D'Elia: Man on Fire,2017,Comedy,6.26,50,0.22,en
499135,Murders in Savoie,2017,Crime|TV Movie,5.4,12,0.2034,fr
417432,The Family,2017,Drama,6.5,11,0.4476,es
466976,Lucky Loser,2017,Comedy,5.0,15,0.2455,de
494564,The unlucky man,2017,Comedy,7.2,11,0.1763,en
553783,We Are Okay Now,2017,Drama,6.0,13,0.2332,da
433029,Trophy,2017,Documentary,7.1,18,0.1424,en
270780,Puriyaatha Puthir,2017,Crime|Thriller,7.2,13,0.2751,ta
505724,The Berken Case,2017,Crime|Drama|TV Movie|Thriller,6.4,15,0.2271,fr
468522,Accidental Anarchist,2017,Documentary,6.7,10,0.2889,en
864461,Bad President - Oil Spill,2017,Action|Comedy,4.8,16,0.2183,en
496189,All Male  All Nude,2017,Documentary,4.7,14,0.1862,en
461438,Can We Still Be Friends?,2017,Comedy|Romance,6.1,179,0.1939,tl
462405,Zakir Khan: Haq Se Single,2017,Comedy,8.286,21,0.2932,hi
459954,Agnelli,2017,Documentary,7.5,24,0.2234,en
446107,Charged: The Eduardo Garcia Story,2017,Documentary|Adventure,7.0,11,0.2147,en
476273,Mater,2017,Drama,6.1,12,0.2257,es
449304,Lucky's Treasure,2017,Adventure|Family,7.15,10,0.2678,en
422218,Sleeping Beauty,2017,Drama|Fantasy,4.731,13,0.2171,fr
434690,Loverboy,2017,TV Movie|Drama,5.9,11,0.3025,de
488789,Our House,2017,Mystery,6.5,15,0.2084,ja
365003,El Revenge,2017,Comedy,6.2,19,0.1697,pt
460034,No Bed of Roses,2017,Drama,5.8,10,0.2277,bn
468447,Good Business,2017,Science Fiction|Horror,6.7,14,0.1987,en
476719,Garden Party,2017,Animation|Comedy|Horror,7.1,94,0.1886,fr
463668,Breaker,2017,Science Fiction,5.7,10,0.1722,ja
456806,Harry Styles: Behind the Album,2017,Music|Documentary,8.5,96,0.1791,en
438522,May It Last: A Portrait of the Avett Brothers,2017,Music|Documentary,7.7,15,0.2027,en
479781,Unicorn,2017,Drama,6.6,17,0.198,pt
1269263,Asdrúbal Trouxe o Trombone,2017,Documentary,6.1,24,0.2946,pt
436349,Joaquim,2017,Drama|History,7.0,17,0.1537,pt
487562,Natale da chef,2017,Comedy,5.1,176,0.2504,it
432793,PolandJa,2017,Comedy,3.875,20,0.149,pl
521753,Coffee for All,2017,Documentary,5.0,12,0.2532,it
468200,Bloody Richard,2017,Music,8.0,17,0.4468,it
447965,Guru,2017,Drama|Action,7.4,11,0.1701,te
434485,A Window to Rosália,2017,Drama,6.6,10,0.1522,pt
480700,The 13th Friday,2017,Thriller|Horror,4.5,15,0.3098,en
459170,The Jurassic Dead,2017,Science Fiction|Horror,3.5,19,0.3136,en
503437,Painted Woman,2017,Western,4.559,17,0.1541,en
422735,It’s Your Turn  Honey!,2017,Comedy,5.259,29,0.1998,de
492380,A Christmas Carol Goes Wrong,2017,Comedy|TV Movie,7.6,27,0.2462,en
473044,Bella Donna's,2017,Romance|Comedy,5.7,11,0.3974,nl
449882,Claw,2017,Horror,3.8,11,0.2024,en
432668,Allmen and the Pink Diamond,2017,Comedy|Crime|Drama,6.9,10,0.1584,de
438466,Us and Them,2017,Thriller|Drama|Crime,5.5,22,0.2212,en
453358,Makala,2017,Documentary,6.9,11,0.2092,fr
468274,Something Useful,2017,Drama,7.3,48,0.2435,tr
413580,Dawson City: Frozen Time,2017,Documentary,6.794,68,0.1971,en
492358,Mental Madhilo,2017,Romance|Comedy,6.9,10,0.1541,te
481213,O Fim da Inocência,2017,Drama,5.9,27,0.282,pt
472373,Bruno & Boots: The Wizzle War,2017,Comedy|Family,6.0,28,0.2122,en
478397,Duas de Mim,2017,Comedy,6.2,37,0.2272,pt
465594,Black Sabbath: The End of The End,2017,Music|Documentary,7.7,24,0.2465,en
422779,Teenosaurus Rex,2017,Comedy,5.3,43,0.2934,de
451879,I Am Still Here,2017,Drama,5.3,10,0.2348,en
457601,Everything You Want,2017,Comedy|Drama,7.4,289,0.219,it
473764,Dede,2017,Drama,5.6,21,0.2643,ka
488446,Loco Love,2017,Romance|Drama,6.0,24,0.2255,es
521929,Familiye,2017,Drama,5.9,25,0.2869,de
456301,Scaffolding,2017,Drama,5.6,23,0.3683,he
571177,JK Ninja Girls,2017,Action|Comedy,6.9,20,0.2163,ja
495843,Peru: Hidden Treasure,2017,Documentary,7.6,43,0.2671,es
446029,Letters to Amina,2017,Thriller|Drama,4.8,10,0.3841,da
445606,Entre deux mères,2017,Drama|TV Movie,6.3,38,0.2667,fr
513153,Hybrids,2017,Animation|Science Fiction,7.3,13,0.2277,fr
815763,El sexo me da risa 5,2017,Comedy,6.2,28,0.3049,es
492384,Devil's Trail,2017,Horror,4.8,16,0.2186,en
453008,Hell on Earth: The Fall of Syria and the Rise of ISIS,2017,Documentary,6.9,17,0.2459,en
483494,Polar Bear,2017,Drama,6.8,12,0.2104,es
508721,Breaking Point: The War for Democracy in Ukraine,2017,Documentary,7.4,11,0.2252,en
535722,Les Inconnus - La Totale ! (Vol. 1),2017,Comedy,8.3,12,0.229,fr
485945,Bikers,2017,Comedy,4.719,16,0.299,cs
435350,Twenty Twenty-Four,2017,Thriller|Mystery|Science Fiction,4.6,11,0.1889,en
776042,I delitti del BarLume - Aria di mare,2017,Comedy|Crime|Drama,7.2,13,0.2197,it
440266,Midday Event,2017,Action|Crime|History,6.4,22,0.1924,fa
457786,Sperm Whale: Roya's Selection,2017,Comedy,3.8,16,0.2818,fa
450093,Koudelka Shooting Holy Land,2017,Documentary,6.4,11,0.2193,cs
445702,West of Eden,2017,Drama|Romance,4.794,17,0.2461,en
501853,Mystery at the Louvre Museum,2017,Crime|Thriller|TV Movie,6.8,12,0.1685,fr
475904,Martin Luther: The Idea that Changed the World,2017,Documentary|History,7.0,11,0.1908,en
477279,Ketenpere,2017,Comedy,4.75,24,0.1635,tr
587026,Drain The Sunken Pirate City,2017,Documentary|History,6.0,10,0.1911,en
494092,Beat Bugs: All Together Now,2017,Adventure|Music|Animation|Family,5.0,12,0.2557,en
439066,Just Like Our Parents,2017,Drama,7.168,101,0.1823,pt
390319,Tickling Giants,2017,Documentary,7.6,37,0.3098,en
450336,Julia Is,2017,Drama|Family,4.526,19,0.1777,ca
441498,In the Intense Now,2017,Documentary,7.8,16,0.2003,pt
366099,One Under the Sun,2017,Science Fiction,4.545,11,0.2223,en
439997,Asphyxia,2017,Crime|Drama|Horror,4.8,10,0.2457,fa
426565,The Devil's Restaurant,2017,Comedy|Horror,4.6,10,0.1797,en
454708,New Wave: Dare to be Different,2017,Documentary|Music,6.9,11,0.3071,en
413771,Tu Hai Mera Sunday,2017,Drama|Comedy,7.5,12,0.257,hi
375542,Framed,2017,Thriller|Horror,4.3,19,0.2527,es
437372,The Man Who Was Too Free,2017,Documentary,6.5,10,0.2174,ru
434106,Harter Brocken: Die Kronzeugin,2017,TV Movie|Crime,6.8,10,0.155,de
437877,Monkey Talks,2017,Thriller,5.6,13,0.2857,ar
455550,Photon,2017,Animation|Drama|Mystery,7.083,18,0.1624,pl
480451,Hawaii,2017,Drama,7.188,16,0.1844,ro
458355,Bedroom Eyes,2017,Thriller,4.2,18,0.184,en
450648,White Boy,2017,Documentary,7.0,47,0.2342,en
480245,The Quest of Alain Ducasse,2017,Documentary,6.3,13,0.1564,fr
484415,Hotel Inferno 2: The Cathedral of Pain,2017,Horror|Action,5.568,22,0.222,en
449361,Anaarkali of Aarah,2017,Drama,6.833,12,0.2979,hi
410122,Creswick,2017,Drama|Horror,6.4,10,0.1407,en
483006,Aliens: Zone of Silence,2017,Horror|Mystery|Science Fiction,4.5,23,0.2468,en
485374,Invasion,2017,Crime|Drama|Mystery,6.5,15,0.2063,fa
456193,Norm Macdonald: Hitler's Dog  Gossip & Trickery,2017,Comedy,6.839,87,0.2425,en
454059,The Departure,2017,Documentary,6.8,12,0.1986,ja
489600,The Mojicons,2017,Animation|Comedy,5.7,18,0.1945,ru
499056,Alien Contact: Outer Space,2017,Documentary,5.6,18,0.1013,en
496056,Juice,2017,Drama,7.6,10,0.2941,hi
428226,The Poisoning Angel,2017,Crime|Drama|Thriller,4.4,35,0.2046,fr
469108,Under an Arctic Sky,2017,Adventure|Documentary,7.5,34,0.262,en
450823,The Startup,2017,Drama|Comedy,5.777,74,0.1501,it
454826,Villain,2017,Action|Crime|Thriller,6.0,22,0.2548,ml
435351,Neal Brennan: 3 Mics,2017,Comedy,7.2,81,0.1942,en
413786,Letters from Baghdad,2017,Documentary,6.7,14,0.2523,en
438525,Bad Lucky Goat,2017,Drama|Comedy,6.8,16,0.2204,ht
446370,Hi Stranger,2017,Animation,6.5,102,0.231,en
357114,Missing 411,2017,Documentary,5.744,43,0.1312,en
463353,Waru,2017,Drama,6.9,10,0.2233,en
470831,Grace Jones: Bloodlight and Bami,2017,Music|Documentary,5.712,33,0.192,en
483545,Party Night,2017,Horror,3.6,16,0.2018,en
458123,DZIDZIO Contrabass,2017,Comedy,5.263,19,0.1835,uk
417436,Medea,2017,Drama,5.5,11,0.1753,es
392796,Personal Affairs,2017,Drama,4.9,12,0.2026,he
443119,Do it Right,2017,Drama,6.51,49,0.4894,fr
464001,The Wake,2017,Horror,4.1,15,0.2019,en
459794,T.J. Miller: Meticulously Ridiculous,2017,Comedy,5.5,19,0.1859,en
449997,Netflix Live,2017,Comedy|TV Movie|Documentary,4.7,10,0.236,en
477807,Haunted Tales For Wicked Kids: The Movie,2017,Comedy|Animation|Fantasy|Adventure|Horror,7.9,41,0.2156,pt
499951,The Theta Girl,2017,Horror|Action|Science Fiction,5.7,10,0.2417,en
475345,Heroin(e),2017,Documentary|Crime,6.9,130,0.1513,en
467832,Cold Hands,2017,Drama|Thriller,7.6,10,0.1348,en
460295,Les brumes du souvenir,2017,Crime|TV Movie,6.0,10,0.1971,fr
454361,Vir Das: Abroad Understanding,2017,Comedy,6.8,39,0.165,en
466061,Zagros,2017,Drama,7.3,13,0.2031,ku
454418,Herbert West: Re-Animator,2017,Drama|Science Fiction|Horror,5.2,20,0.1515,en
437688,Lasciami Per Sempre,2017,Comedy|Drama,5.2,24,0.1901,it
436336,Beuys,2017,Documentary,6.6,17,0.1694,de
483465,Two Crowns,2017,Documentary|Drama,7.5,10,0.4692,pl
502559,Na układy nie ma rady,2017,Comedy,3.133,15,0.1542,pl
478588,Alles voor elkaar,2017,Comedy|Romance,5.0,12,0.2201,nl
478583,Schreckenstein Castle 2,2017,Family|Comedy|Adventure,5.118,17,0.4955,de
522509,The Secret of the Abby,2017,Crime|TV Movie,5.6,11,0.15,fr
428882,Our Evil,2017,Thriller|Horror|Drama,5.9,57,0.2405,pt
455962,The Family I Had,2017,Crime|Documentary,6.1,28,0.1921,en
490846,The UnMiracle,2017,Drama|Family,4.727,11,0.2266,en
479892,XTC: This Is Pop,2017,Documentary|Music,7.9,12,0.2145,en
450417,The Ring Thing,2017,Drama|Romance|Documentary,3.8,13,0.3039,en
493527,Papita 2da Base,2017,Romance|Drama|Comedy,7.5,95,0.1742,es
458300,Pound for Pound,2017,Drama,7.7,10,0.2509,da
465240,Birds Are Singing in Kigali,2017,Drama|History,5.4,21,0.2952,pl
451709,Lucas Brothers: On Drugs,2017,Comedy,5.2,25,0.1598,en
478570,Isoken,2017,Romance|Comedy|Drama,4.5,10,0.2015,en
423710,Restless Creature: Wendy Whelan,2017,Documentary,6.6,12,0.2129,en
473545,Resurface,2017,Documentary,6.8,26,0.1544,en
450397,La Parrucchiera,2017,Comedy,3.9,44,0.1319,it
448764,Molly,2017,Action|Science Fiction,5.2,21,0.2151,nl
412660,Saint George,2017,Drama,6.646,24,0.2232,pt
451973,The Heavy Hand of the Law,2017,Drama|Crime,6.0,11,0.2224,es
472641,Disappearance,2017,Drama,6.0,18,0.2106,fa
458905,Chocante,2017,Comedy,5.2,27,0.2527,pt
430840,Os Saltimbancos Trapalhões: Rumo a Hollywood,2017,Comedy|Music|Family,7.043,23,0.4623,pt
480432,Ferrari 312B,2017,Documentary,6.5,26,0.2604,it
486075,Malarazza: una storia di periferia,2017,Drama,5.2,12,0.1744,it
487625,Marguerite,2017,Drama,6.9,54,0.2129,fr
473313,Kingdom of Us,2017,Documentary,7.1,31,0.1624,en
438424,A Bad Idea Gone Wrong,2017,Comedy,6.4,63,0.325,en
471894,Poster Boys,2017,Comedy,5.095,21,0.2707,hi
464753,Diane,2017,Horror|Crime|Drama|Mystery|Thriller,4.7,10,0.1472,en
460503,Biswa Kalyan Rath: Biswa Mast Aadmi,2017,Comedy,7.3,20,0.1491,hi
475756,The Seamstress,2017,Drama,7.6,43,0.2416,pt
464935,Singers at War,2017,Comedy,5.1,11,0.2881,es
480429,A Night at the Garden,2017,Documentary|History,6.3,61,0.147,en
434178,Trumped: Inside the Greatest Political Upset of All Time,2017,Documentary,6.286,15,0.1779,en
861250,The Cage,2017,Action|Science Fiction|Drama,5.481,52,0.332,es
494036,Alex and the Handyman,2017,Drama,5.2,11,0.2069,en
508892,You Go To My Head,2017,Drama|Mystery|Romance|Thriller,6.2,13,0.2572,fr
452235,Losing Sight of Shore,2017,Documentary,7.3,21,0.1635,en
807223,Re-Births,2017,Documentary,7.4,50,0.1749,fr
461557,Red Point,2017,Action|Crime,5.1,11,0.3184,pl
411007,Abacus: Small Enough to Jail,2017,Documentary,6.731,80,0.1489,en
490928,Craig Ferguson: Tickle Fight,2017,Comedy,6.0,30,0.1823,en
478274,You with Me,2017,Comedy|Romance,6.6,27,0.1663,tl
481264,A Trip to the Moon,2017,Drama,6.8,11,0.1728,es
445245,Gas Light,2017,Mystery|Horror|Thriller,4.3,15,0.1217,en
445948,Gomorroide,2017,Comedy,5.6,45,0.2142,it
446369,Raphael: The Lord of the Arts,2017,Romance|History|Documentary,7.7,20,0.2291,it
491193,Black Sabbath: The End - Live In Birmingham,2017,Music|Documentary,8.179,14,0.2276,en
270533,30 Years of Garbage: The Garbage Pail Kids Story,2017,Documentary,6.6,10,0.1691,en
474120,Love My Chance,2017,Comedy,5.7,20,0.1507,tr
453661,Las cinéphilas,2017,Documentary,6.2,11,0.2195,es
480784,Resurrection,2017,Drama,5.3,12,0.2038,nl
457081,Sacrilege,2017,Horror,4.3,14,0.1634,en
413773,A Billion Colour Story,2017,Drama,7.273,11,0.1672,en
465227,Volta,2017,Crime|Comedy,5.3,42,0.163,pl
676900,Diario de un Mirrey,2017,Comedy,6.0,11,0.2079,en
421682,Reis,2017,Drama,1.826,46,0.2557,tr
417579,Whirlpool,2017,Drama,5.4,18,0.2829,pt
419878,Sun  Heart  Love,2017,Drama,5.875,56,0.2515,it
442949,Rising Fear,2017,Action,4.8,15,0.2747,en
488913,Guigo Offline,2017,TV Movie|Drama,6.2,13,0.1806,pt
439050,Subdued,2017,Drama|Family,5.8,22,0.2253,fa
449359,Jo Koy: Live from Seattle,2017,Comedy,6.8,42,0.1213,en
429952,A Hustler's Diary,2017,Comedy|Crime|Drama,7.1,12,0.2206,sv
479269,Jack Whitehall: At Large,2017,Comedy,6.8,62,0.1814,en
449126,Pria,2017,Drama,5.9,10,0.2277,id
434848,A Heart of Love,2017,Drama,4.4,11,0.1541,pl
488145,See You Yesterday,2017,Science Fiction|Comedy|Drama,6.6,12,0.1959,en
470616,Lynne Koplitz: Hormonal Beast,2017,Comedy,5.5,14,0.123,en
417499,Comeback,2017,Drama|Western,6.667,18,0.1792,pt
381020,Alive and Kicking,2017,Documentary|History|Music,6.9,17,0.1476,en
492166,Russell Howard: Recalibrate,2017,Comedy,7.5,53,0.1367,en
482016,Gosto se Discute,2017,Comedy,5.1,34,0.2463,pt
505970,Locker Room,2017,Drama,5.563,16,0.2036,en
436339,Colo,2017,Drama,6.794,17,0.1892,pt
459908,The Migrumpies,2017,Comedy,5.6,16,0.1811,de
429971,Hanni & Nanni 4,2017,Family,6.231,13,0.1926,de
664188,A,2017,Comedy|Drama,5.5,18,0.1262,xx
438440,Dealt,2017,Documentary,7.5,38,0.1997,en
437783,Is Genesis History?,2017,Documentary,4.6,14,0.2776,en
461562,Capps Crossing,2017,Horror|Thriller,4.7,10,0.172,en
451996,Until The Birds Return,2017,Drama,6.3,18,0.1142,fr
396930,The Park,2017,Drama,6.2,16,0.1393,fr
410465,Dry Blood,2017,Horror,3.8,12,0.1678,en
434864,The War of Bumpkins,2017,Comedy|Drama,6.5,27,0.2151,it
395836,Ants on a Shrimp,2017,Documentary,7.2,14,0.1348,en
451004,The Spearhead Effect,2017,Thriller,6.5,11,0.2228,en
485835,12,2017,Romance|Drama,5.906,48,0.1433,tl
679181,Like Animals,2017,Drama|Comedy,8.2,10,0.2288,en
476133,The Taste of Rice Flower,2017,Drama,7.4,13,0.135,zh
459295,Sarah Silverman: A Speck of Dust,2017,Comedy,6.812,125,0.185,en
501275,Vanessa da Mata: Caixinha de Música Ao Vivo,2017,Music,9.8,11,0.1234,pt
483206,Les duos impossibles de Jérémy Ferrari : 4ème édition,2017,Comedy,7.2,12,0.2504,fr
486807,Coin Operated,2017,Animation,5.9,28,0.2034,en
517799,Bernabéu,2017,Documentary,6.9,11,0.1367,es
511455,Wing Mirror,2017,Comedy|Drama,3.7,11,0.1715,fa
461662,My Brother Khosrow,2017,Drama,6.5,16,0.1322,fa
458725,Dirtbag: The Legend of Fred Beckey,2017,Documentary,7.8,11,0.1845,en
455516,Brazilok,2017,Drama|Comedy,6.7,14,0.1583,hu
471528,Pappa pia,2017,Romance|Comedy|Music,4.9,16,0.231,hu
466205,Budapest Noir,2017,Crime,6.1,30,0.1215,hu
524034,Cook Off,2017,Comedy|Romance,5.6,11,0.1371,en
596364,White Slaves of K-Town,2017,Horror,2.6,10,0.2143,en
473176,Lots of Kids  a Monkey and a Castle,2017,Documentary,7.296,49,0.1633,es
498528,All the Queen's Horses,2017,Documentary,6.5,11,0.1697,en
474204,Falling,2017,Drama,7.6,15,0.1033,uk
459316,Kanan Gill: Keep It Real,2017,Comedy,7.9,16,0.1088,en
1124109,Not Found－ネットから削除された禁断動画－　スタッフによるベスト・セレクション　パート 3,2017,Horror,3.8,37,0.229,ja
467394,Damned Summer,2017,Drama,4.8,11,0.1247,pt
455479,Out of Thin Air,2017,Documentary|Crime,5.917,60,0.1706,en
468455,Haunters: The Art of the Scare,2017,Documentary|Horror,6.2,28,0.1316,en
486334,Brian Regan: Nunchucks and Flamethrowers,2017,Comedy,5.8,20,0.1401,en
436345,Bright Nights,2017,Drama,5.4,19,0.2504,de
440336,Into the Blue,2017,Drama,6.0,10,0.0979,hr
449621,Dante's Lunch,2017,Animation|Comedy|Family,6.8,70,0.1258,en
439512,So Long Enthusiasm,2017,Drama,6.3,11,0.1912,es
478656,Berenice Seeks,2017,Thriller,5.3,12,0.1286,pt
437758,Coffee with D,2017,Comedy,5.0,12,0.17,hi
455349,Wacky Heroes,2017,Action|Comedy,6.5,101,0.2093,it
461191,A,2017,Drama|Music,6.187,206,0.2087,en
420112,Mr. Emmett & The Canned Peaches,2017,Fantasy|Science Fiction|Romance,3.8,10,0.1583,es
491725,The Bachelor 2,2017,Comedy,7.375,12,0.0975,el
483501,Thus Spoke De Crescenzo,2017,Documentary,7.5,17,0.1912,it
864458,Bad President - All My Sh*t,2017,Unknown,4.5,16,0.151,en
522703,Night Howl,2017,Horror,4.7,14,0.1624,en
837544,Badder Ben: The Final Chapter,2017,Horror,5.7,12,0.18,en
439151,Bienvenue au Gondwana,2017,Comedy,4.0,35,0.1134,fr
479709,Get My Gun,2017,Thriller|Horror,6.0,13,0.159,en
481937,Strapped for Danger,2017,Comedy|Crime,4.636,11,0.2287,en
459966,Catch the Wind,2017,Drama,5.9,19,0.2449,fr
438449,The Work,2017,Documentary,7.526,38,0.2024,en
442018,Less Than Human,2017,Animation|Horror|Comedy,6.1,25,0.1477,en
498596,The Ballerina,2017,Thriller|Drama|Horror,5.5,24,0.2043,en
455531,Revenge,2017,Thriller|Action,4.5,13,0.1873,fr
360809,Pikadero,2017,Drama|Comedy,4.9,10,0.2623,es
430834,Water & Power: A California Heist,2017,Documentary,7.2,12,0.1258,en
437830,Zero III,2017,Thriller|Crime|Comedy,7.4,17,0.2886,lt
480973,Letters to Santa 3,2017,Comedy|Romance,6.4,75,0.1526,pl
447444,The Family Jumble,2017,Comedy,5.5,16,0.2058,it
486790,Marlon,2017,Drama,6.3,12,0.1161,fr
890750,Adieu Bohème,2017,Drama,6.958,12,0.1427,fr
493503,Jamaica,2017,Drama,6.9,14,0.1915,el
440917,The Bomb,2017,Documentary|Animation,7.0,15,0.1387,en
440767,Trevor Noah: Afraid of the Dark,2017,Comedy,7.081,149,0.158,en
507196,The Things You Think I'm Thinking,2017,Drama|Romance,4.7,10,0.1377,en
484558,Present Perfect,2017,Romance|Drama,6.1,15,0.1482,th
445402,Stories Our Cinema Did (Not) Tell,2017,Documentary,6.2,14,0.1287,pt
437443,13th: A Conversation with Oprah Winfrey & Ava DuVernay,2017,Documentary,6.3,15,0.1226,en
537927,J Balvin Bruuttal,2017,Music,6.2,36,0.2712,es
485390,La paisana Jacinta: En búsqueda de Wasaberto,2017,Unknown,6.5,23,0.1033,es
469123,5 PM,2017,Drama|Comedy,4.2,13,0.1201,fa
459026,2Night,2017,Drama,6.2,44,0.1801,it
499802,Line 9,2017,Drama|Romance,5.8,11,0.2534,es
491104,Ram Dass  Going Home,2017,Documentary,5.821,42,0.1597,en
716404,Una madre pura... y otra pura madre,2017,Comedy,7.0,23,0.1515,es
467391,Severina,2017,Drama,6.4,14,0.1774,es
693474,The Jester: Chapter 2,2017,Horror|Mystery,7.9,37,0.1628,en
522121,Der Tod und das Mädchen - Van Leeuwens dritter Fall,2017,Crime,4.8,10,0.177,de
493355,F.C. De Kampioenen 3: Kampioenen Forever,2017,Comedy,5.7,20,0.1046,nl
432647,Das Leben Danach,2017,Drama|TV Movie,5.1,13,0.2006,de
420278,Road to Mars,2017,Science Fiction|Comedy|Drama,5.4,26,0.1539,es
502920,Catcalls,2017,Horror,5.8,20,0.1263,en
469036,Vidar the Vampire,2017,Horror|Comedy|Fantasy,4.7,26,0.1187,no
376092,Where I Grow Old,2017,Drama,5.5,14,0.1189,pt
488217,The Test of Love,2017,Drama|TV Movie|Romance,5.4,12,0.1026,fr
470385,The Games of the V Olympiad Stockholm  1912,2017,Documentary,5.6,10,0.1601,en
480702,Laps,2017,Drama,6.7,17,0.08,en
437018,Gad Gone Wild,2017,Comedy,6.8,107,0.173,fr
456933,After School Knife Fight,2017,Drama,5.6,12,0.1141,fr
518776,Silence Is a Falling Body,2017,Documentary,5.714,14,0.11,es
485856,iGirlfriend,2017,Comedy,3.7,10,0.1284,en
480335,8 Minutes,2017,Drama|Science Fiction,8.0,12,0.1502,ka
467266,3/4,2017,Drama,5.7,17,0.1166,bg
450628,Laerte-se,2017,Documentary,7.0,41,0.1717,pt
450643,Maracaibo,2017,Crime|Drama|Thriller,5.833,12,0.112,es
520523,White Right: Meeting the Enemy,2017,Documentary,8.2,14,0.1237,en
438438,The Blood Is at the Doorstep,2017,Documentary,6.5,10,0.1181,en
448481,Strange Beasts,2017,Drama|Science Fiction|Animation,6.4,14,0.1067,en
462077,Middleground,2017,Romance|Drama,6.5,11,0.2,en
430007,Life Beyond Me,2017,Drama,5.3,13,0.1126,fr
445238,Did You Wonder Who Fired the Gun?,2017,Documentary,6.2,12,0.1763,en
468178,Monster X,2017,Horror,5.0,10,0.149,en
449863,Cantábrico,2017,Documentary,7.0,17,0.2191,es
470156,The Patent Scam,2017,Documentary,7.4,10,0.151,en
435007,Swamp Ape,2017,Comedy|Horror|Thriller,3.5,11,0.247,en
455689,Ghost Note,2017,Thriller|Horror,5.2,13,0.2309,en
454399,Today Match at 3,2017,Drama,6.7,13,0.1183,es
455152,A Closer Walk with Thee,2017,Drama|Horror,3.6,10,0.2099,en
513159,Scrambled,2017,Animation|Comedy,6.3,16,0.291,xx
496310,Blanche Gardin: I Talk to Myself,2017,Comedy,7.8,99,0.1162,fr
965618,Terminator Commando,2017,Action|Comedy|Horror,4.9,15,0.1134,fi
455904,Maradonapoli,2017,Documentary,6.3,25,0.1274,it
428481,Free and Easy,2017,Comedy,6.0,20,0.1159,zh
511374,Once Upon a Time,2017,Comedy|Romance,7.0,11,0.1113,ru
482474,Giants Don't Exist,2017,Drama,7.6,13,0.1419,es
494264,Patient Seventeen,2017,Documentary,4.222,18,0.2056,en
538881,Death Dive to Saturn,2017,Documentary,8.0,12,0.0881,en
438002,The Narrow World,2017,Science Fiction,5.733,15,0.1033,en
506593,Weekends,2017,Animation|Drama,7.0,66,0.083,en
442117,Pulse,2017,Drama|Fantasy|Science Fiction,3.6,10,0.2131,en
369821,Given,2017,Documentary,7.4,28,0.1082,en
474155,Marc Maron: Too Real,2017,Comedy,6.833,57,0.1974,en
457372,Behind the Curtain: Todrick Hall,2017,Documentary,6.9,13,0.1416,en
480941,Something Like That,2017,Drama,5.3,13,0.0995,pt
463520,The Return,2017,Documentary|Action,6.553,94,0.0938,en
436882,Home Is Where Your Heart Is,2017,Romance|Drama,5.167,12,0.2793,nl
510458,Heaven Without People,2017,Drama,6.0,10,0.1774,ar
549199,What's Wrong with Mom?,2017,Horror,6.3,11,0.1567,es
480463,V,2017,Drama|Horror,5.4,14,0.0731,en
437752,Bill Burr: Walk Your Way Out,2017,Comedy,6.901,182,0.1948,en
454823,Hobbyhorse Revolution,2017,Documentary,6.5,12,0.1519,fi
463032,Hack House,2017,Horror|Fantasy|Thriller,3.1,10,0.1657,en
490793,Sobre ruedas - Rolling Elvis,2017,Comedy|Family,6.8,10,0.1511,es
462530,Yendha Nerathilum,2017,Romance|Horror|Thriller,6.7,11,0.1112,ta
458803,Sepultura Endurance,2017,Documentary|Music,8.3,15,0.0997,pt
483755,Discovering Bigfoot,2017,Documentary,5.4,24,0.183,en
444098,Emilia,2017,Drama|History,7.2,10,0.1105,lt
413648,False Confessions,2017,Drama|Comedy|TV Movie,5.2,12,0.0927,fr
516781,Cotto & Frullato Z: The Crystal Gear,2017,Comedy|Action,6.3,25,0.1576,it
439979,Rift,2017,Horror|Mystery|Drama,5.643,35,0.2074,is
468041,Extinguished,2017,Animation|Romance,6.9,35,0.1373,en
455588,Plot 35,2017,Documentary,7.3,22,0.3935,fr
489701,Teresa's Trip,2017,Comedy,5.5,11,0.079,es
413845,Blessed Benefit,2017,Comedy|Drama,6.0,14,0.1367,ar
580966,A Leaf Is the Sea Is a Theater,2017,Unknown,5.8,11,0.1403,en
488589,Slaughterbots,2017,Science Fiction|Action,6.6,11,0.1088,en
453533,Brent Weinbach: Appealing to the Mainstream,2017,Comedy,5.9,71,0.105,en
477530,Nothing to Hide,2017,Documentary,6.8,28,0.1534,en
440855,Find This Dumb Little Bitch and Throw Her Into a River,2017,Drama,6.5,11,0.1271,nl
440100,Casa Roshell,2017,Documentary,4.3,10,0.1053,es
426413,The Invisible Hand,2017,Drama,5.0,14,0.137,es
481845,Love  Cecil,2017,Documentary,6.4,12,0.1561,en
434505,Untitled,2017,Documentary,7.5,10,0.1245,de
423617,The Blue Years,2017,Drama,5.7,10,0.2359,es
557264,Wildebeest,2017,Animation|Comedy|Adventure,6.0,11,0.1261,nl
437013,Cristela Alonzo: Lower Classy,2017,Comedy,5.9,29,0.0869,en
438591,Elf on the Run,2017,Animation|Fantasy,7.0,31,0.1401,eu
477580,A Place to Be,2017,Unknown,4.818,11,0.0994,es
442419,Not for the Young,2017,Comedy,6.0,116,0.148,it
810263,Bad Ben 2: Steelmanville Road,2017,Horror|Comedy,4.5,12,0.1553,en
569502,Icarus,2017,Drama,7.3,13,0.1088,fr
507211,Alpha Delta Zatan,2017,Horror|Mystery|Thriller,4.0,12,0.1543,en
485016,Praetoria: Part One,2017,Animation|Science Fiction|Drama,5.1,10,0.0966,en
462171,BnB HELL,2017,Horror,4.9,12,0.1053,en
791479,Bob,2017,Comedy|Horror,5.2,10,0.1114,en
436452,Tesoros,2017,Family|Adventure,7.2,25,0.0958,es
489836,K3: Love Cruise,2017,Family|Music,6.455,11,0.1305,nl
426420,Once There Was Brasília,2017,Science Fiction|Drama|Documentary,5.6,11,0.1218,pt
464043,Little White Lie,2017,Comedy,5.5,10,0.1305,es
459181,The Kaos Brief,2017,Horror|Science Fiction,4.406,16,0.1166,en
479426,11/8/16,2017,Documentary,6.4,14,0.0899,en
465155,Followers,2017,Thriller,5.4,26,0.2139,en
443033,Let the Summer Never Come Again,2017,Drama,4.8,11,0.088,ka
469876,Addio fottuti musi verdi,2017,Comedy|Science Fiction,5.649,397,0.1997,it
432782,Just Friendship,2017,Comedy,5.654,26,0.0939,pl
481703,Haze,2017,Thriller|Drama,4.7,12,0.124,en
541071,Die In One Day,2017,Horror|Thriller,3.393,42,0.1591,en
439615,Exodus 1826,2017,History|War,5.208,12,0.1585,el
458140,Two Steps from Hope,2017,Drama,7.0,11,0.0902,en
496256,Home,2017,Science Fiction,4.9,14,0.1302,en
461301,Wicked Girl,2017,Drama|Animation,7.2,10,0.1332,tr
441883,Jérémy Ferrari - Vends 2 pièces à Beyrouth,2017,Comedy,7.5,26,0.1298,fr
390298,The Happy Film,2017,Documentary,6.077,13,0.1253,en
453571,beyond money,2017,Drama|Science Fiction,5.3,15,0.1176,es
597953,Ava,2017,Unknown,5.6,20,0.1561,de
451045,Venise sous la neige,2017,Comedy,5.0,12,0.0851,fr
535713,Les Inconnus - La Totale ! (Vol. 3),2017,Comedy,8.4,12,0.0887,fr
488115,It Kills: Camp Blood 7,2017,Horror,4.3,20,0.1351,en
480406,Açúcar,2017,Drama|Fantasy|Horror,4.8,10,0.1374,pt
373579,Malasartes e o Duelo com a Morte,2017,Comedy|Fantasy,6.5,49,0.1253,pt
469193,All for a Rose,2017,Drama,6.222,18,0.152,it
440594,HeXing,2017,Horror,5.3,12,0.0934,en
487719,Blood Child,2017,Horror|Fantasy,4.2,11,0.1002,en
452176,The Guidance Patrol 2,2017,Comedy,5.1,19,0.1347,fa
422761,Nocturne,2017,Horror|Thriller,5.5,20,0.1671,en
433036,Whose Streets?,2017,Documentary,5.8,20,0.129,en
569627,El Encuentro,2017,Drama,6.9,19,0.0793,es
433088,Motherland,2017,Documentary,6.4,14,0.0715,en
438473,Meth Storm,2017,Documentary,6.2,13,0.0856,en
470121,Cumali Ceber: Allah Seni Alsın,2017,Comedy,1.458,24,0.1461,tr
482866,Here's the Plan,2017,Drama|Animation,7.7,29,0.1044,en
408376,The Future Perfect,2017,Drama,6.2,17,0.0873,es
568083,Mägo de Oz - Diabulus In Opera,2017,Music,8.512,41,0.1403,es
560955,Backfire,2017,Crime|Drama,3.9,10,0.1013,en
451711,Deep Purple: From Here To Infinite,2017,Documentary|Music,7.7,10,0.086,en
484063,Three Million Euros,2017,Comedy,6.9,10,0.0979,lt
521236,CTRL Z,2017,Science Fiction|Comedy,7.235,17,0.084,en
469046,Barão Vermelho: Por que a gente é assim?,2017,Documentary,6.4,12,0.0657,pt
517934,Don't Worry  I'm Fine,2017,Drama|TV Movie,5.8,10,0.1191,de
459960,Chouquette,2017,Drama|Comedy,3.8,12,0.1252,fr
544107,Todas las mujeres son iguales,2017,Comedy,5.0,10,0.1169,es
465450,The White World According to Daliborek,2017,Documentary|Comedy,5.4,14,0.0779,cs
455265,Before Summer Ends,2017,Documentary,6.5,16,0.073,fr
455601,Maria Bamford: Old Baby,2017,Comedy|Documentary,5.2,23,0.08,en
484413,Judah Friedlander: America Is the Greatest Country in the United States,2017,Comedy|Documentary,7.26,50,0.1176,en
486937,Koxa,2017,Drama,3.0,12,0.1175,de
442718,Wallay,2017,Drama,6.1,10,0.118,fr
470640,The Tragically Hip - Long Time Running,2017,Documentary|Music,7.4,13,0.1017,en
604461,Cut: Exposing FGM Worldwide,2017,Documentary,5.9,25,0.0825,en
488604,Crystal Eyes,2017,Horror|Mystery|Thriller,6.0,13,0.1018,es
619334,Lo que no se perdona,2017,Crime|Drama,6.9,13,0.0973,es
509335,A Date in 2025,2017,Comedy|Drama|Science Fiction,6.385,13,0.0791,en
417561,Nalu on the Border,2017,Drama,6.8,10,0.0781,pt
488686,Gramigna,2017,Drama,6.0,23,0.0697,it
482305,Baptiste Lecaplain - Origines,2017,Unknown,7.2,24,0.0768,fr
449262,Çalgı Çengi: We Are Two,2017,Comedy,5.9,49,0.1035,tr
489209,The Other Side,2017,Drama|Romance,4.909,11,0.1267,es
531538,(OO),2017,Animation|Comedy,7.2,14,0.0875,ko
510622,September,2017,Drama,6.8,16,0.1023,es
488602,Heiress of the Wind,2017,Documentary,7.3,11,0.0903,es
483810,Yesterday Wonder I Was,2017,Drama|Fantasy,5.5,11,0.0618,es
489533,Happiness,2017,Animation|Drama,7.123,122,0.0813,en
448862,Psychos,2017,Unknown,3.3,13,0.3349,en
473505,The Ark Of Disperata,2017,Comedy,6.8,17,0.0822,it
432959,Jim Gaffigan: Cinco,2017,Comedy,6.9,79,0.0632,en
486567,Not Alone,2017,Documentary,6.4,18,0.0889,en
477589,Zilla and Zoe,2017,Comedy|Family,5.7,21,0.1193,en
453956,My Body is Political,2017,Documentary,7.7,15,0.0607,pt
543050,The Seven Ages of Elvis,2017,Documentary|Music,7.6,10,0.0619,en
453764,Kenny Sebastian: Don't Be That Guy,2017,Comedy,7.2,13,0.0759,en
495074,Framed,2017,Animation|Fantasy,6.5,12,0.0714,it
501104,Minion Moments: Overkill,2017,Animation|Family|Comedy,5.8,13,0.0951,en
655223,Torzón y Tanga (Mi adorable salvaje),2017,Comedy,6.4,49,0.0733,es
457157,Qwerty,2017,Animation|Drama|Family,6.0,125,0.0719,en
438469,Disgraced,2017,Documentary,7.3,17,0.086,en
522565,The Colour Out of Space,2017,Horror|Science Fiction,5.1,16,0.059,en
437004,Lightning Falls Behind,2017,Drama,5.0,10,0.1403,es
490737,Return,2017,Documentary,7.1,11,0.0627,fr
480409,Christina P: Mother Inferior,2017,Comedy,6.0,28,0.0661,en
480368,World of Darkness,2017,Documentary,6.5,14,0.0917,en
479304,Armero,2017,Drama,7.4,37,0.0835,es
484953,Fall of Grace,2017,Horror,3.0,10,0.107,en
474723,Oha Diyorum,2017,Comedy,1.4,11,0.0717,tr
454151,Copwatch,2017,Documentary,5.9,11,0.0786,en
346472,The Zohar Secret,2017,Comedy|Drama|Science Fiction,4.8,18,0.0639,en
469518,Especial de Ano Todo com Clarice Falcão,2017,Comedy,7.1,20,0.1299,pt
469021,Ryan Hamilton: Happy Face,2017,Comedy,6.9,25,0.0603,en
619523,Garden of the Sleepwalkers,2017,Horror|Fantasy,6.9,11,0.0791,pt
490924,Vasco Modena Park - Il film,2017,Music|Documentary,7.4,12,0.0652,it
473330,Equilibrium,2017,Drama|Thriller,6.5,18,0.0825,it
422960,4.1 Miles,2017,Documentary,7.065,23,0.0722,el
455507,The Other Side of the Wall,2017,Documentary,7.0,31,0.055,es
474278,Where The Shadows Fall,2017,Drama|Thriller,6.4,21,0.0877,it
459249,100 Men,2017,Documentary,5.0,11,0.3628,en
460167,Michael Lost and Found,2017,Documentary,5.5,20,0.1538,en
486331,DeRay Davis: How to Act Black,2017,Comedy,6.3,21,0.1049,en
467666,The Congo Tribunal,2017,Documentary,7.5,10,0.0585,de
620004,Anime,2017,Drama,7.1,22,0.0688,fr
467387,Meteors,2017,Drama|Mystery|Science Fiction|Documentary,6.5,13,0.1032,tr
541668,Mad,2017,Drama,7.0,11,0.0868,fr
449430,Star,2017,Drama,6.0,38,0.083,fr
529811,The Box,2017,Animation,6.2,17,0.0828,xx
431391,Saving Banksy,2017,Documentary,6.641,39,0.0586,en
561905,The Spider's Web: Britain's Second Empire,2017,Documentary,7.7,20,0.1222,en
483094,Resistance Is Life,2017,Documentary|War,5.8,10,0.0582,ku
480486,A Menina Índigo,2017,Drama,7.1,24,0.1737,pt
394918,The Pearl of Africa,2017,Documentary,5.7,14,0.0852,en
488350,The Antithesis,2017,Horror,2.3,13,0.1531,it
340185,Dead Story,2017,Horror,3.8,37,0.0845,en
448723,Felipe Neto: My Life Makes No Sense,2017,Comedy,6.2,30,0.0739,pt
508902,Lo,2017,Animation,8.2,18,0.0707,en
884016,X,2017,Unknown,7.5,14,0.0414,pt
423303,The Garden of Afflictions,2017,Documentary,7.1,24,0.0909,pt
785899,2097,2017,Action,5.9,29,0.0767,es
540878,Funeralopolis: A Suburban Portrait,2017,Documentary,8.1,26,0.0347,it
439107,Katherine Ryan: In Trouble,2017,Comedy,6.5,52,0.0591,en
471770,Playing Men,2017,Documentary,5.4,12,0.047,en
800449,Piedra Roja,2017,Drama,7.3,13,0.0573,es
433881,What Lies Upstream,2017,Documentary,6.579,19,0.0682,en
461980,Marco Luque - We are together,2017,Comedy,5.1,18,0.0434,pt
487198,HH,2017,Science Fiction,7.2,16,0.0604,en
1412106,Retro Wick: Exploring the Unexpected Success of 'John Wick',2017,Unknown,7.2,13,0.0404,en
490174,Mary,2017,Drama,8.1,65,0.044,hr
1166511,DD,2017,Unknown,5.8,17,0.0453,en
440888,Grillo vs Grillo,2017,Comedy,6.0,16,0.0423,it
434692,Speak Up,2017,Documentary,8.0,10,0.0662,fr
502612,Vincent Dedienne - S'il se passe quelque chose,2017,Comedy,7.4,16,0.0289,fr
494112,Y,2017,Drama,4.5,13,0.0639,fr
381138,Political Animal,2017,Drama,4.5,12,0.0948,pt
887957,Amorth  the Exorcist,2017,Documentary,5.7,18,0.0795,it
516984,Botanica,2017,Unknown,4.4,10,0.0363,nl
390296,Do Not Resist,2017,Documentary,6.3,28,0.0528,en
920245,Lion,2017,Animation,6.2,33,0.0596,en
461132,The Beksińskis. A Sound and Picture Album,2017,Documentary,7.0,10,0.0368,pl
446215,The Slayer,2017,Horror|Mystery,4.9,38,0.0486,en
453255,Womb,2017,Drama,6.545,11,0.0357,en
541564,It’s All Right  It’s Ok,2017,Drama,7.2,16,0.0239,en
457985,Flores,2017,Fantasy|Science Fiction,6.2,12,0.0495,pt
432883,Jen Kirkman: Just Keep Livin'?,2017,Comedy,6.6,36,0.0357,en
489157,Mariana,2017,Unknown,5.9,18,0.0631,es
1050455,Hannibal,2017,Documentary,4.5,16,0.0418,ru
456672,Thank You for the Rain,2017,Documentary,7.8,12,0.0495,en
1123391,Closed For Maintenance,2017,Drama,6.0,15,0.0214,ar
495026,Whindersson Nunes: Proparoxítona,2017,Comedy,8.229,24,0.0453,pt
481691,Hotel Yugoslavia,2017,Documentary|History,6.1,10,0.0357,de
553287,John,2017,Science Fiction|Drama,7.6,24,0.0495,en
502926,Childer,2017,Horror|Drama,6.2,11,0.0683,en
675140,Vampiros DF,2017,Unknown,5.5,47,0.0214,en
508245,tEXt,2017,Thriller|Horror,5.7,39,0.0214,en
466985,Aditi Mittal: Things They Wouldn't Let Me Say,2017,Comedy,4.4,13,0.0214,en
465379,Wasteland No. 1: Ardent Verdant,2017,Animation,5.8,12,0.0214,en
481153,To R,2017,Unknown,7.3,14,0.0143,en
458850,War,2017,Action|Crime|Thriller,9.5,14,0.0,en
