id,title,release_year,genres,vote_average,vote_count,popularity,original_language
1241752,Rita,2024,Drama,5.979,24,131.9997,tl
1002398,Virgin,2024,Drama|Romance,6.591,22,55.3839,tl
533535,Deadpool & Wolverine,2024,Action|Comedy|Science Fiction,7.571,8716,41.5798,en
1266990,Kulong,2024,Drama,6.417,18,35.5478,tl
1184918,The Wild Robot,2024,Family|Animation|Science Fiction|Adventure,8.312,6114,31.6891,en
1035048,Elevation,2024,Action|Science Fiction|Thriller,6.408,976,26.5629,en
1241982,Moana 2,2024,Adventure|Animation|Comedy|Family|Fantasy,7.0,3083,25.5567,en
1156593,Your Fault,2024,Drama|Romance,7.082,1555,29.2228,es
1022789,Inside Out 2,2024,Animation|Adventure|Comedy|Family,7.5,6697,26.1744,en
933260,The Substance,2024,Horror|Science Fiction|Thriller,7.134,6032,25.4179,en
939243,Sonic the Hedgehog 3,2024,Action|Science Fiction|Comedy|Family,7.616,3295,26.7795,en
693134,Dune: Part Two,2024,Science Fiction|Adventure,8.128,8004,22.7936,en
1011985,Kung Fu Panda 4,2024,Action|Adventure|Animation|Comedy|Family|Fantasy,7.003,3517,25.3943,en
519182,Despicable Me 4,2024,Action|Animation|Comedy|Family|Science Fiction,7.0,3210,22.3716,en
1252309,Tell Me What You Want,2024,Romance|Drama,6.2,290,20.9573,es
912649,Venom: The Last Dance,2024,Science Fiction|Action|Adventure,6.669,4236,19.7668,en
402431,Wicked,2024,Drama|Romance|Fantasy,6.91,3044,16.68,en
866398,The Beekeeper,2024,Action|Crime|Thriller,7.264,4253,16.7598,en
823464,Godzilla x Kong: The New Empire,2024,Action|Adventure|Science Fiction,7.0,4684,17.4625,en
1357633,Solo Leveling -ReAwakening-,2024,Action|Adventure|Fantasy|Animation,7.16,272,17.5661,ja
843527,The Idea of You,2024,Music|Comedy|Romance|Drama,7.29,1950,16.1494,en
539972,Kraven the Hunter,2024,Action|Adventure|Thriller,6.4,2342,16.025,en
1064213,Anora,2024,Drama|Comedy|Romance,7.072,3172,13.8232,en
823219,Flow,2024,Adventure|Animation|Family|Fantasy,8.1,2836,15.0653,lv
1173559,Insidious Inferno,2024,Horror,5.4,20,16.3358,en
762509,Mufasa: The Lion King,2024,Adventure|Family|Animation,7.311,2665,15.4727,en
786892,Furiosa: A Mad Max Saga,2024,Action|Science Fiction|Adventure,7.456,4886,14.7855,en
573435,Bad Boys: Ride or Die,2024,Action|Comedy|Crime,7.324,3335,13.9565,en
746036,The Fall Guy,2024,Action|Comedy|Romance,6.96,3773,12.2978,en
359410,Road House,2024,Action|Thriller|Drama,6.9,3053,13.1347,en
1034541,Terrifier 3,2024,Horror,6.781,1956,13.8912,en
945961,Alien: Romulus,2024,Horror|Science Fiction,7.2,4560,11.7378,en
1196470,Survive,2024,Science Fiction|Thriller|Adventure|Action,5.852,381,12.0606,fr
1064028,Subservience,2024,Horror|Science Fiction|Thriller,6.61,1009,12.4337,en
558449,Gladiator II,2024,Action|Adventure|Drama,6.61,4449,11.4572,en
748783,The Garfield Movie,2024,Adventure|Animation|Comedy|Family,7.0,1442,13.7188,en
653346,Kingdom of the Planet of the Apes,2024,Science Fiction|Adventure|Action,7.054,4258,11.4834,en
698687,Transformers One,2024,Animation|Science Fiction|Adventure|Family,8.0,1629,10.2336,en
1097549,Babygirl,2024,Romance|Thriller,5.708,1206,10.4946,en
799583,The Ministry of Ungentlemanly Warfare,2024,Action|Comedy|War,7.013,1890,10.0794,en
1032823,Trap,2024,Crime|Horror|Thriller,6.238,2842,10.3377,en
1100782,Smile 2,2024,Horror|Music|Mystery|Thriller,6.593,2163,9.1028,en
857598,Pushpa 2 - The Rule,2024,Action|Drama|Thriller|Crime,6.279,145,10.036,te
1357459,Tatsulok: Tatlo Magkasalo,2024,Drama|Romance,5.6,14,10.6002,tl
845781,Red One,2024,Action|Comedy|Fantasy,6.989,3046,9.5363,en
1186350,Marco,2024,Action|Crime|Thriller,6.547,117,9.4606,ml
718821,Twisters,2024,Action|Thriller,6.8,2989,9.5333,en
1111873,Abigail,2024,Horror|Thriller,6.663,2079,10.225,en
936245,Hidden Face,2024,Mystery|Thriller,5.114,66,9.3027,ko
426063,Nosferatu,2024,Horror|Fantasy,6.7,3670,9.266,en
1167898,Straight,2024,Romance,7.0,20,9.909,es
929590,Civil War,2024,War|Action|Drama,6.861,4338,8.79,en
1244492,Look Back,2024,Animation|Drama,8.1,549,10.7891,ja
1130276,Succubus,2024,Horror|Thriller,8.563,237,9.1309,en
1226578,Longlegs,2024,Crime|Horror|Mystery,6.526,2668,8.6744,en
974576,Conclave,2024,Drama|Thriller,7.196,3407,8.4641,en
1232449,Young Hearts,2024,Drama|Romance,8.52,274,8.8684,nl
1079091,It Ends with Us,2024,Drama|Romance,6.947,1947,8.7335,en
917496,Beetlejuice Beetlejuice,2024,Comedy|Fantasy|Horror,6.935,3122,8.1252,en
762441,A Quiet Place: Day One,2024,Horror|Science Fiction|Thriller,6.646,3355,8.5584,en
937287,Challengers,2024,Drama|Romance,6.9,2688,9.0197,en
1138194,Heretic,2024,Thriller|Horror,7.0,2657,7.9305,en
840705,Blink Twice,2024,Mystery|Thriller,6.688,1906,8.2236,en
838209,Exhuma,2024,Mystery|Horror|Thriller,7.553,685,11.4841,ko
763215,Damsel,2024,Fantasy|Action|Adventure,6.982,2788,8.4397,en
1141320,The Family Star,2024,Family|Romance|Comedy|Drama|Action,4.833,18,8.4593,te
661539,A Complete Unknown,2024,Drama|Music,7.076,1445,7.6805,en
1118031,Apocalypse Z: The Beginning of the End,2024,Drama|Action|Horror,6.7,1245,7.2705,es
1381216,Gator Lake,2024,Horror|Comedy|Adventure,6.32,50,7.5784,en
877817,Wolfs,2024,Crime|Comedy,6.539,1447,7.3057,en
1023922,MaXXXine,2024,Horror|Thriller,6.297,1494,7.0044,en
1064307,Spermageddon,2024,Animation|Adventure|Fantasy|Comedy,6.5,132,7.2412,no
969492,Land of Bad,2024,Action|War|Thriller,7.245,1486,7.1174,en
1084736,The Count of Monte Cristo,2024,Adventure|Action|Drama,7.902,2028,8.4665,fr
549509,The Brutalist,2024,Drama,7.0,1664,7.1853,en
639720,IF,2024,Comedy|Fantasy|Family,7.0,1608,8.7124,en
1114513,Speak No Evil,2024,Horror|Thriller,7.118,2118,6.6245,en
839033,The Lord of the Rings: The War of the Rohirrim,2024,Animation|Fantasy|Adventure|Action,6.553,860,6.9295,en
889737,Joker: Folie à Deux,2024,Drama|Crime|Thriller,5.4,2926,7.2354,en
923667,Twilight of the Warriors: Walled In,2024,Action|Crime|Thriller,7.0,446,6.8739,cn
1093966,Vettaiyan,2024,Action|Crime|Drama,6.2,38,6.3399,ta
516729,Paddington in Peru,2024,Adventure|Comedy|Family,6.8,689,7.0268,en
1241894,Woodwalkers,2024,Fantasy|Family,6.331,77,6.4242,de
1189518,Vaazha,2024,Comedy|Drama,6.62,25,6.9115,ml
801688,Kalki 2898-AD,2024,Drama|Action|Fantasy|Science Fiction,6.393,177,7.656,te
1127166,The Tearsmith,2024,Romance|Drama,6.488,975,7.2053,it
967847,Ghostbusters: Frozen Empire,2024,Fantasy|Adventure|Comedy,6.5,2165,7.1107,en
1051896,Arcadian,2024,Action|Horror|Thriller|Science Fiction,6.04,865,6.7962,en
634492,Madame Web,2024,Action|Fantasy,5.291,2582,6.4591,en
1104844,BLUE LOCK THE MOVIE -EPISODE NAGI-,2024,Animation|Action|Drama,7.4,234,6.6562,ja
1159311,My Hero Academia: You're Next,2024,Animation|Action|Adventure|Science Fiction,7.2,215,6.4091,ja
1382406,Striking Rescue,2024,Action|Crime|Thriller,7.44,167,6.4404,zh
1087822,Hellboy: The Crooked Man,2024,Fantasy|Horror|Action,5.168,555,6.2099,en
974262,Descendants: The Rise of Red,2024,Fantasy|Adventure|Family|Comedy,6.746,480,6.5525,en
831815,Saving Bikini Bottom: The Sandy Cheeks Movie,2024,Family|Comedy|Adventure|Animation,6.149,174,6.0151,en
1008953,Incoming,2024,Comedy,6.249,364,5.8158,en
560016,Monkey Man,2024,Action|Thriller,6.865,1407,7.0838,en
1147416,Miraculous World: London  at the Edge of Time,2024,Animation|Family|Action|Adventure|Fantasy,7.5,309,6.627,fr
1160956,Panda Plan,2024,Action|Comedy,6.847,291,6.0861,zh
1333100,Attack on Titan: THE LAST ATTACK,2024,Animation|Action|Adventure|Drama,8.7,205,6.2289,ja
960135,Madame de Sévigné,2024,Drama|History,5.175,40,5.5649,fr
1270125,Monster on a Plane,2024,Horror|Comedy,4.778,45,5.8875,en
974950,Emilia Pérez,2024,Drama|Thriller,6.458,1959,5.3185,fr
365177,Borderlands,2024,Action|Science Fiction|Comedy,5.592,1491,7.6107,en
1112426,Stree 2,2024,Horror|Comedy,6.644,94,5.8477,hi
1216191,Oddity,2024,Horror|Mystery,6.652,782,5.4639,en
1014505,OVERLORD: The Sacred Kingdom,2024,Action|Adventure|Animation|Fantasy,7.9,187,6.429,ja
507241,The Killer's Game,2024,Action|Comedy|Thriller,6.4,551,5.6879,en
974635,Hit Man,2024,Comedy|Romance|Crime,6.795,1641,5.1674,en
1017163,The Roundup: Punishment,2024,Action|Crime|Thriller|Comedy,7.165,245,6.1538,ko
1252428,Anaconda,2024,Adventure|Horror,7.1,145,5.4632,zh
1012201,HAIKYU!! The Dumpster Battle,2024,Animation|Comedy,7.706,248,5.7115,ja
957452,The Crow,2024,Action|Fantasy|Horror,5.8,1276,9.2204,en
1128650,The Prosecutor,2024,Action|Drama|Crime|Thriller,7.017,212,5.5154,cn
858017,I Saw the TV Glow,2024,Horror|Drama,6.092,692,5.3401,en
1043905,Dirty Angels,2024,Drama|Thriller|War,6.091,380,5.6284,en
1029281,Strange Darling,2024,Horror|Thriller,6.922,915,5.1903,en
1160018,Kill,2024,Action|Crime|Thriller|Drama,7.111,495,6.1643,hi
784651,Fighter,2024,Action|Drama,6.157,159,5.8842,hi
1059064,The Instigators,2024,Crime|Comedy,6.147,638,5.1409,en
605722,Long Distance,2024,Science Fiction|Comedy|Action,6.529,260,5.3535,en
1005331,Carry-On,2024,Thriller|Action,6.882,2758,5.0588,en
1147710,Hijack 1971,2024,Action|Thriller|Crime,6.688,149,6.1029,ko
1059128,Queer,2024,Drama|Romance,6.5,528,5.0239,en
955916,Lift,2024,Action|Comedy|Crime,6.428,1444,6.1342,en
1064486,Memoir of a Snail,2024,Animation|Comedy|Drama,8.031,778,5.001,en
848538,Argylle,2024,Action|Adventure|Comedy,5.979,1743,4.452,en
1014590,Upgraded,2024,Romance|Comedy,7.176,1014,5.0385,en
1008409,The Bikeriders,2024,Crime|Drama,6.679,1143,5.815,en
868660,Guntur Kaaram,2024,Action|Drama,5.5,29,5.4573,te
1154215,Elyas,2024,Action|Thriller,6.2,159,4.2305,fr
933131,Badland Hunters,2024,Action|Adventure|Thriller|Horror,6.731,812,5.6732,ko
673593,Mean Girls,2024,Comedy,5.88,723,5.4715,en
1278101,Big World,2024,Drama|Family,8.233,90,4.7311,zh
1041613,Immaculate,2024,Horror|Mystery|Thriller,6.209,1635,6.5532,en
1010600,The Strangers: Chapter 1,2024,Horror|Thriller,5.705,772,5.3848,en
1139566,Through My Window 3: Looking at You,2024,Romance|Drama|Comedy,6.8,675,5.1886,es
1388874,Boss Ma'am,2024,Drama,6.5,10,4.641,tl
1125510,The Platform 2,2024,Science Fiction|Horror|Thriller,5.559,1425,4.7625,es
1362101,Blue Cave,2024,Drama|Romance,7.0,111,4.5154,tr
938614,Late Night with the Devil,2024,Horror,7.11,2118,4.6699,en
1159799,My Penguin Friend,2024,Family|Adventure|Drama,7.368,185,4.6684,en
1291559,Drawing Closer,2024,Romance|Drama,8.367,210,5.2246,ja
1033462,Bureau 749,2024,Action|Adventure|Science Fiction,6.265,102,4.389,zh
1305194,Mi prima la sexóloga 2 (de la fantasía a la realidad),2024,Comedy|Drama,7.182,121,5.079,es
1151949,The Shadow Strays,2024,Action|Crime|Thriller,7.19,315,4.8463,id
592983,Spellbound,2024,Animation|Fantasy|Family|Adventure|Comedy,6.591,312,4.9396,en
1139817,Officer Black Belt,2024,Action|Comedy|Crime,7.705,363,4.1968,ko
1106739,Juror #2,2024,Drama|Thriller,6.886,2474,4.2826,en
1096197,No Way Up,2024,Thriller|Horror|Action,6.25,1114,4.4126,en
811941,Devara: Part 1,2024,Action|Drama,6.922,217,5.1416,te
932086,Horizon: An American Saga - Chapter 1,2024,Western|Drama,6.8,653,5.343,en
1103621,How to Make Millions Before Grandma Dies,2024,Drama,8.104,396,4.1114,th
929204,Wallace & Gromit: Vengeance Most Fowl,2024,Family|Comedy|Adventure|Animation,7.5,656,4.5078,en
948549,Love Lies Bleeding,2024,Crime|Romance|Thriller,6.549,965,4.2221,en
1079485,Winnie-the-Pooh: Blood and Honey 2,2024,Horror|Thriller,5.8,473,4.3198,en
1100099,We Live in Time,2024,Romance|Drama,7.216,1280,4.7822,en
1029955,Kinds of Kindness,2024,Drama|Comedy,6.489,1276,4.5396,en
1228681,Sex,2024,Drama,6.644,66,4.4243,no
1116465,A Legend,2024,Action|Adventure|Fantasy,6.8,159,4.6909,zh
799766,Better Man,2024,Music|Drama,7.6,852,4.2034,en
1164355,Lembayung,2024,Horror|Thriller,7.2,10,4.0674,id
614933,Atlas,2024,Science Fiction|Action,6.669,1566,4.7967,en
1000837,I'm Still Here,2024,Drama|History,7.9,1065,4.5014,pt
1148677,Doraemon the Movie: Nobita's Earth Symphony,2024,Animation|Family|Fantasy|Music|Adventure|Comedy|Science Fiction,6.8,36,4.1319,ja
1280461,Dirty Ice Cream,2024,Drama,5.3,10,3.6853,tl
1166133,Bramayugam,2024,Horror|Thriller|Drama,7.646,82,3.8781,ml
1048241,My Spy The Eternal City,2024,Action|Comedy|Family,6.538,466,4.0036,en
814889,Never Let Go,2024,Horror,6.072,601,3.7661,en
970450,Werewolves,2024,Action|Horror|Thriller|Science Fiction,5.842,491,4.1149,en
1331375,Dominique,2024,Action|Thriller,6.709,182,5.3841,en
1303236,GATAO: Like Father Like Son,2024,Crime|Action,7.2,14,4.0921,zh
1263421,Baki Hanma VS Kengan Ashura,2024,Animation|Action|Fantasy,7.676,387,4.709,ja
1411773,The Last Stand of Ellen Cole,2024,Action|Adventure,7.7,38,4.7516,en
1209217,Detective Conan: The Million-Dollar Pentagram,2024,Animation|Crime|Mystery|Action,6.855,75,3.9866,ja
1223799,The Corpse Washer,2024,Horror|Drama|Thriller,6.6,19,2.8849,id
1240475,Hunt the Wicked,2024,Action|Crime|Thriller,7.385,13,4.0362,zh
1109255,Parthenope,2024,Drama,6.7,753,4.0952,it
592831,Megalopolis,2024,Science Fiction|Drama|Fantasy,5.195,998,3.8905,en
870360,The Day the Earth Blew Up: A Looney Tunes Movie,2024,Family|Comedy|Adventure|Animation|Science Fiction,7.543,221,4.3782,en
1182047,The Apprentice,2024,History|Drama|Comedy,6.867,964,3.8638,en
1072342,Night Swim,2024,Horror|Mystery,5.509,854,3.9129,en
863873,Caddo Lake,2024,Mystery|Science Fiction|Thriller,7.239,481,5.4492,en
1237810,Love Syndrome: The Beginning,2024,Drama|Romance,6.5,10,4.7897,th
970347,The Killer,2024,Action|Thriller|Crime,6.254,560,5.2975,en
934632,Rebel Moon - Part Two: The Scargiver,2024,Science Fiction|Action|Adventure,6.068,1485,4.3527,en
1037113,Snack Shack,2024,Comedy,7.12,246,4.086,en
646097,Rebel Ridge,2024,Crime|Action|Thriller|Drama,6.965,1624,4.3725,en
748230,Salem's Lot,2024,Horror,5.991,699,3.934,en
1221404,Crayon Shin-chan the Movie: Our Dinosaur Diary,2024,Animation|Adventure|Comedy|Family,5.8,40,3.6424,ja
1239251,Megamind vs. the Doom Syndicate,2024,Animation|Comedy|Science Fiction,5.065,337,4.442,en
5492,Gunner,2024,Action|Thriller|Crime,5.25,234,4.7057,en
758679,Mothers' Instinct,2024,Thriller|Drama,6.852,670,4.0406,en
704239,The Union,2024,Action|Comedy,6.069,1160,3.5471,en
1173019,Assassin's Guild,2024,Fantasy|Action|Adventure,5.071,14,3.4169,en
437342,The First Omen,2024,Horror,6.806,1307,3.5786,en
1371727,Sing: Thriller,2024,Animation|Family|Comedy|Music,7.153,209,4.6013,en
1086747,The Watchers,2024,Fantasy|Horror|Mystery,6.346,1592,3.7966,en
1094138,Jackpot!,2024,Comedy|Action,6.4,795,3.7064,en
975511,The Return,2024,History|Drama|Adventure,6.502,440,3.8965,en
989730,Mononoke the Movie: The Phantom in the Rain,2024,Animation|Fantasy|Mystery,7.132,72,5.1025,ja
280180,Beverly Hills Cop: Axel F,2024,Action|Comedy|Crime,6.644,1443,4.4589,en
1152368,Succubus,2024,Horror|Thriller,5.682,66,3.127,ru
1371534,He Sees You When You're Sleeping,2024,Horror,7.167,18,4.0945,en
1029235,Azrael,2024,Action|Horror|Thriller,5.867,433,4.6944,en
1108566,Killer Heat,2024,Crime|Drama|Romance,5.794,321,4.6689,en
976734,Canary Black,2024,Action|Thriller|Crime,6.237,496,4.6593,en
1208808,Night Shift,2024,Horror,6.392,186,5.2362,es
1186532,The Forge,2024,Drama|Family,8.194,338,3.9531,en
1026436,Miller's Girl,2024,Thriller|Drama|Romance,6.3,944,4.0694,en
719221,Tarot,2024,Horror,6.367,1404,3.8484,en
1022690,Ricky Stanicky,2024,Comedy,6.52,786,3.6336,en
1005076,Duchess,2024,Action|Crime|Thriller,5.633,83,3.2962,en
1013850,A Real Pain,2024,Comedy|Drama,6.8,1404,3.2705,en
976576,Emmanuelle,2024,Drama|Romance,4.676,119,3.977,en
1001311,Under Paris,2024,Action|Horror,5.9,1411,3.8812,fr
974453,Absolution,2024,Action|Crime|Thriller|Mystery,5.895,521,3.4644,en
1235431,Oshi no Ko -The Final Act-,2024,Drama|Music|Fantasy,6.4,11,4.5437,ja
1247019,Death Whisperer 2,2024,Horror|Thriller|Action,6.9,119,3.3835,th
588648,Dragonkeeper,2024,Animation|Family|Action|Adventure|Fantasy,7.613,222,3.9213,es
1082195,The Order,2024,Crime|Drama|Thriller,6.574,889,3.4239,en
1267217,Sugar Baby,2024,Romance|Drama,7.054,120,3.5424,ru
1303162,Cells at Work!,2024,Adventure|Action|Comedy|Fantasy,7.69,63,4.2561,ja
1233531,Article 370,2024,Action|Thriller|Drama,6.988,43,2.4538,hi
1149791,Premalu,2024,Romance|Comedy,7.772,57,3.6513,ml
1094473,Bambi: A Tale of Life in the Woods,2024,Documentary|Family|Adventure,6.447,76,3.8682,fr
956842,Fly Me to the Moon,2024,Romance|Comedy,6.809,1156,4.0881,en
1228891,Pegasus 2,2024,Drama|Comedy|Adventure,7.245,94,2.98,zh
940139,Here,2024,Drama,6.509,670,3.7149,en
995926,I  the Executioner,2024,Action|Crime|Comedy,6.954,97,3.6999,ko
1058710,Bloodline Killer,2024,Horror|Thriller,6.106,66,3.7275,en
1167271,Weekend in Taipei,2024,Action|Adventure|Thriller,6.402,283,4.6722,en
636706,Spaceman,2024,Science Fiction|Adventure|Drama,6.709,1044,3.3331,en
1088514,The Room Next Door,2024,Drama|Comedy,6.746,680,2.9889,es
1014214,Singham Again,2024,Action|Drama|Thriller|Crime,5.0,41,3.3887,hi
1118224,Maharaja,2024,Action|Thriller|Mystery,7.671,219,3.989,ta
927342,Amaran,2024,Action|Drama|Adventure|War,7.353,255,3.4718,ta
987686,A Family Affair,2024,Romance|Comedy,5.735,727,3.4212,en
1224392,A Break of Happy Moments,2024,Comedy|Fantasy,6.4,11,2.9943,ar
1221451,Salawahan,2024,Drama|Thriller,4.5,10,3.1003,tl
1061990,City Hunter,2024,Action,6.498,257,3.4823,ja
626412,Alienoid: Return to the Future,2024,Action|Fantasy|Adventure|Science Fiction,6.64,833,4.0957,ko
1239511,Lucky Baskhar,2024,Thriller|Crime|Drama,7.603,78,3.5672,te
1171462,Golden Kamuy,2024,Action|Adventure|Comedy,6.966,88,3.5745,ja
1251636,The Bloody Hundredth,2024,War|Documentary|History,7.083,48,3.686,en
914215,Humane,2024,Horror|Science Fiction|Thriller,5.455,235,2.9847,en
1051891,Thelma,2024,Action|Comedy|Adventure,6.852,419,4.3275,en
1148817,Vina: Before 7 Days,2024,Crime|Horror|Drama|Mystery|Thriller,6.2,14,2.7052,id
1023915,2073,2024,Thriller|Science Fiction,6.738,120,3.1964,en
829402,Ultraman: Rising,2024,Animation|Science Fiction|Family|Action,8.023,393,2.9645,en
1094274,Y2K,2024,Science Fiction|Horror|Comedy,5.174,282,3.0163,en
1062215,Afraid,2024,Horror|Science Fiction|Thriller,5.9,511,2.9163,en
869291,Cuckoo,2024,Horror|Mystery|Thriller,5.747,519,3.4606,en
1209290,Justice League: Crisis on Infinite Earths Part Three,2024,Animation|Science Fiction|Action,7.2,325,3.2459,en
726139,Project Silence,2024,Thriller|Action|Horror|Science Fiction|Adventure,6.866,399,2.8409,ko
826510,Harold and the Purple Crayon,2024,Family|Comedy|Adventure|Fantasy,6.6,363,3.4114,en
1241320,Kingdom: Return of the Great General,2024,Action|Adventure,6.8,674,3.9006,ja
1155089,Justice League: Crisis on Infinite Earths Part One,2024,Animation|Science Fiction|Action,7.3,402,3.5973,en
1223178,Umamusume: Pretty Derby - Beginning of a New Era,2024,Animation|Drama|Comedy|Fantasy,8.48,25,3.2872,ja
1213712,Vicky Vidya Ka Woh Wala Video,2024,Comedy,4.607,14,3.0167,hi
1028196,Nickel Boys,2024,Drama|History,6.657,348,2.9012,en
395817,The Thicket,2024,Western|Crime|Thriller,6.388,169,2.8371,en
957304,Drive-Away Dolls,2024,Comedy|Crime,5.5,576,3.4822,en
1272440,Tiger Wolf Rabbit,2024,Drama|Crime,6.9,16,3.2715,zh
1120368,Horizon: An American Saga - Chapter 2,2024,Western|Drama,7.5,10,3.4332,en
1202863,From Darkness,2024,Horror|Mystery|Thriller,6.304,23,3.2831,sv
618588,Arthur the King,2024,Adventure|Drama,7.542,944,3.0726,en
1038263,Maria,2024,History|Drama|Music,6.455,466,3.2694,en
748167,Uglies,2024,Science Fiction|Adventure|Action,5.739,935,4.0898,en
1056444,The Colors Within,2024,Animation|Drama|Music,6.815,65,4.1661,ja
921436,Escape,2024,Action|Drama|Thriller,7.257,76,3.3512,ko
1120911,Saturday Night,2024,Comedy|Drama,6.674,365,3.5005,en
1194915,Saripodhaa Sanivaaram,2024,Action|Thriller,6.6,32,2.9414,te
832964,Lee,2024,History|Drama|War,6.969,632,3.2604,en
1052280,It's What's Inside,2024,Comedy|Mystery|Science Fiction,6.47,797,2.7802,en
704673,Trigger Warning,2024,Action,5.681,579,3.3467,en
1182387,Armor,2024,Action|Crime|Thriller,5.517,290,2.9072,en
1114738,Boneyard,2024,Thriller,5.4,191,3.6248,en
1209288,Justice League: Crisis on Infinite Earths Part Two,2024,Animation|Science Fiction|Action,6.7,285,3.3749,en
1239146,Woody Woodpecker Goes to Camp,2024,Family|Comedy|Animation,6.453,200,3.3686,en
1053927,Eternal,2024,Science Fiction|Drama|Romance,6.0,23,3.3383,da
1129608,The Greatest of All Time,2024,Action|Drama|Thriller,4.7,42,3.3588,ta
959604,Beating Hearts,2024,Romance|Crime|Drama,7.187,1026,2.4663,fr
1119774,Chantal in Fairyland,2024,Comedy|Fantasy,5.644,97,2.5599,de
1093995,Chief of Station,2024,Action|Thriller,6.169,240,2.877,en
641934,Am I OK?,2024,Comedy|Romance|Drama,6.355,338,2.5357,en
635996,Wonderland,2024,Science Fiction|Drama,7.052,124,2.4826,ko
1165466,Wake Up,2024,Horror|Thriller|Action,6.8,140,2.6668,en
1063877,Don't Move,2024,Horror|Thriller,6.312,995,2.5854,en
1354627,SpongeBob Squarepants: Kreepaway Kamp,2024,TV Movie|Family|Comedy|Horror|Animation,7.062,105,3.0331,en
1154304,Buffalo Kids,2024,Animation|Adventure|Comedy|Family,7.0,39,2.9072,es
1045931,Crew,2024,Comedy,6.736,74,3.085,hi
1061699,The Six Triple Eight,2024,Drama|War|History,7.537,676,2.9048,en
1262983,MadS,2024,Horror|Thriller,6.514,242,2.69,fr
1215162,Kill 'em All 2,2024,Action|Crime|Thriller,6.75,174,3.0296,en
974036,Ordinary Angels,2024,Drama,7.678,382,2.9976,en
1146239,Don't Mess with Grandma,2024,Comedy|Action|Thriller,6.455,22,2.2784,en
1207123,White Snake: Afloat,2024,Animation|Romance|Comedy|Fantasy,8.0,35,3.2879,zh
1058537,Angels Fallen: Warriors of Peace,2024,Action|Adventure|Fantasy|Horror,6.203,74,2.7393,en
999582,Babes,2024,Comedy,5.891,87,2.5713,en
980599,Bhool Bhulaiyaa 3,2024,Horror|Comedy,5.405,42,2.6338,hi
1249423,Black Dog,2024,Drama,7.143,231,2.5277,zh
1139829,Orion and the Dark,2024,Animation|Family|Comedy|Fantasy|Adventure,6.526,643,2.8173,en
756397,Hitpig!,2024,Animation|Comedy|Adventure|Family,6.6,51,2.8273,en
1226141,The Last Dance,2024,Drama,8.0,74,4.0164,cn
646683,The Exorcism,2024,Horror|Thriller,5.0,428,3.2121,en
882059,Boy Kills World,2024,Crime|Thriller|Action,6.7,826,2.8143,en
1301122,Nazi Supersoldier,2024,Horror|Action|Science Fiction,5.4,57,2.759,en
978796,Bagman,2024,Horror|Thriller,6.123,435,2.8917,en
1239481,Raqqa: Spy vs. Spy,2024,Thriller,5.974,39,2.718,es
1102493,Small Things Like These,2024,Drama,6.7,542,2.9504,en
567811,10 Lives,2024,Animation|Comedy|Family|Fantasy,7.64,218,2.7869,en
1371789,Lick,2024,Romance,6.0,22,2.5692,en
739547,Thelma the Unicorn,2024,Animation|Fantasy|Family,6.9,194,3.0975,en
1116490,Cash Out,2024,Action|Thriller,6.183,260,3.6245,en
978592,Sleeping Dogs,2024,Mystery|Thriller|Crime|Drama,7.003,628,3.2076,en
1059073,Winter Spring Summer or Fall,2024,Romance|Drama,7.22,241,2.9319,en
1109406,Compulsion,2024,Thriller|Horror,6.11,50,2.5906,en
1087388,Sting,2024,Horror|Thriller,6.189,515,2.6968,en
998846,Back to Black,2024,Music|History|Drama,6.655,711,2.7279,en
1235623,Eye for an Eye 2,2024,Action|Drama,6.2,65,2.8215,zh
1147266,You Will Die in 6 Hours,2024,Thriller|Mystery,6.4,46,2.4795,ko
413846,1992,2024,Crime|Thriller|Action,6.9,220,2.623,en
974250,Greedy People,2024,Comedy|Mystery|Crime,6.388,264,2.6987,en
932420,Code 8 Part II,2024,Science Fiction|Action|Crime,6.347,701,2.7726,en
1110390,Teri Baaton Mein Aisa Uljha Jiya,2024,Romance|Comedy|Science Fiction,5.783,53,2.9352,hi
1379587,Utopia,2024,Mystery|Thriller|Action|Science Fiction,5.643,63,2.7989,en
989662,A Different Man,2024,Comedy|Drama,6.949,442,2.3195,en
1329336,The Bad Guys: Haunted Heist,2024,Animation|Comedy,6.9,161,2.6527,en
947891,My Old Ass,2024,Comedy|Drama,6.759,478,2.2347,en
984324,The Wages of Fear,2024,Action,6.212,491,2.5312,fr
472221,The Goat Life,2024,Drama|Adventure,7.221,61,2.1646,ml
1072890,The Traveller,2024,Action|Fantasy,6.571,14,2.3666,zh
647245,Reagan,2024,History|Drama,6.3,115,2.4452,en
931642,Lights Out,2024,Action|Thriller,6.97,151,2.9175,en
1310682,11 Rebels,2024,Action|Drama|History|Thriller,7.2,46,2.0546,ja
1129598,Prey,2024,Action|Thriller|Horror,5.986,355,2.6636,en
728949,Nightbitch,2024,Comedy|Horror,5.75,364,3.5613,en
616446,Brothers,2024,Action|Comedy|Crime,5.891,331,3.5276,en
1170824,American Star,2024,Thriller|Mystery|Drama,5.661,59,1.5685,en
1101448,Unstoppable,2024,Drama|History,5.256,170,2.3875,en
1337397,Mischief,2024,Drama|Romance,6.909,11,1.9743,tl
1187619,Shaitaan,2024,Thriller|Horror,6.28,91,2.9121,hi
645757,That Christmas,2024,Animation|Comedy|Family|Fantasy|Adventure,7.15,432,2.5789,en
1039882,My Name Is Loh Kiwan,2024,Romance|Drama,7.3,155,3.1925,ko
1188258,18x2 Beyond Youthful Days,2024,Romance|Drama,7.6,60,2.5056,zh
1081012,Aftermath,2024,Action|Thriller,6.226,186,2.6672,en
1172533,Pee Nak 4,2024,Comedy|Horror,6.538,13,2.0862,th
804406,The Piano Lesson,2024,Drama|Music,5.82,97,2.4007,en
1167366,Uranus 2324,2024,Romance|Drama|Science Fiction,7.924,138,2.409,th
1029330,Someone Like You,2024,Romance|Drama,7.356,135,2.411,en
916728,Slingshot,2024,Science Fiction|Thriller,6.101,247,2.0961,en
827931,Time Cut,2024,Horror|Science Fiction|Thriller,5.648,598,2.2707,en
1125311,Imaginary,2024,Horror|Mystery,5.891,691,2.3235,en
1278263,The Seed of the Sacred Fig,2024,Drama|Thriller|Crime,7.515,468,2.4695,fr
1017633,How to Date Billy Walsh,2024,Romance|Comedy,6.374,191,2.4854,en
574451,Turtles All the Way Down,2024,Drama|Romance,7.3,216,2.6059,en
975056,Cabrini,2024,History|Drama,7.8,163,2.1516,en
899718,Yodha,2024,Action|Thriller,6.641,32,2.6209,hi
1142518,Freedom,2024,Action|Romance|Drama,6.3,118,2.2457,fr
1094009,Summer Camp,2024,Comedy,5.245,47,3.329,en
861451,Martin,2024,Action|Drama|Thriller,4.7,33,2.5841,kn
993784,Lisa Frankenstein,2024,Horror|Comedy|Romance,6.382,581,4.1592,en
1230393,Monsters 103 Mercies Dragon Damnation,2024,Animation|Action|Fantasy|Adventure,7.196,138,2.2415,ja
1229047,Sex-Positive,2024,Comedy,5.19,21,2.1994,en
1240928,Stormy,2024,Documentary,6.667,15,2.2773,en
835113,Woman of the Hour,2024,Crime|Drama|Thriller,6.398,1029,2.3937,en
1229349,Yolo,2024,Drama|Comedy|Action,6.778,115,2.3215,zh
1067485,Sebastian,2024,Drama,6.3,50,3.2111,en
1096342,Beautiful Wedding,2024,Romance|Comedy|Drama,5.553,314,2.3582,en
1094974,Take Cover,2024,Action|Thriller,6.295,198,2.3745,en
1083241,Baby John,2024,Action|Drama|Thriller|Crime,6.038,26,2.3302,hi
1233327,Matka,2024,Action|Crime,4.9,11,2.2791,te
949484,Hounds of War,2024,Action|Thriller,6.272,178,2.4706,en
1174024,Maybe More,2024,Comedy|Drama,5.816,106,2.0256,fr
1042650,Widow Clicquot,2024,Drama,6.665,103,2.1573,en
1308757,Dead Sea,2024,Crime|Horror|Thriller,6.263,226,2.3595,en
791042,Levels,2024,Science Fiction|Action|Thriller,5.7,96,2.3066,en
1136423,Meiyazhagan,2024,Family|Drama,8.02,51,2.168,ta
1146972,Mobile Suit Gundam SEED FREEDOM,2024,Animation|Science Fiction|Action|Drama,6.994,80,2.111,ja
1094556,The Thundermans Return,2024,Family|Science Fiction|Action|Comedy,6.962,303,2.5499,en
1227816,Red Right Hand,2024,Crime|Action|Thriller,6.504,231,2.234,en
934584,Rich Flu,2024,Thriller|Science Fiction,5.382,114,1.882,es
774531,Young Woman and the Sea,2024,History|Drama,7.855,429,2.3353,en
928480,Monster Summer,2024,Adventure|Fantasy|Mystery|Horror,6.216,194,3.5972,en
1298727,The Volunteers: The Battle of Life and Death,2024,Drama|War|History,6.6,20,2.525,zh
1226841,The Greatest Night in Pop,2024,Documentary|Music,7.865,288,2.1868,en
1299537,Successor,2024,Comedy,7.006,86,2.3642,zh
1177623,Rifle Club,2024,Action|Thriller,6.2,18,3.1418,ml
1180629,Kneecap,2024,Music|Comedy|Drama,7.262,271,2.1992,ga
843416,Daddio,2024,Drama,6.297,322,2.0935,en
1097870,Dear Santa,2024,Comedy|Fantasy,6.21,496,1.8239,en
959429,Lonely Planet,2024,Romance|Drama,6.094,208,2.1615,en
1075676,Uprising,2024,Action|Drama|History,6.971,205,3.2359,ko
1155828,Sing Sing,2024,Drama,7.418,358,2.0671,en
1260594,Sumala,2024,Horror|Thriller,7.3,29,2.117,id
736720,Handsome Guys,2024,Comedy|Horror,6.8,45,2.2119,ko
743815,Following,2024,Thriller|Mystery,7.045,55,1.9002,ko
1084812,Aavesham,2024,Comedy|Action,7.511,87,1.9197,ml
1222064,River of Blood,2024,Horror|Thriller,6.0,105,2.0072,en
930600,The Deliverance,2024,Horror|Thriller,5.982,550,2.8941,en
1077782,Old Guy,2024,Action|Comedy|Crime,5.6,220,2.6382,en
1160981,Hear Me: Our Summer,2024,Romance|Drama,7.8,38,2.8678,ko
720321,Breathe,2024,Action|Science Fiction|Mystery|Thriller,5.634,294,3.0893,en
1124641,Classified,2024,Action|Thriller,5.571,205,2.1122,en
1158915,Dìdi (弟弟),2024,Comedy|Drama,7.184,207,1.8164,en
974663,200% Wolf,2024,Animation|Adventure|Fantasy|Family|Action|Comedy,6.537,54,2.474,en
869597,Reunion,2024,Comedy|Mystery,6.1,132,2.006,en
1019952,Turn It Up  It's Rock 'n' Roll,2024,Comedy|Drama,7.2,15,2.3285,pt
1105407,Damaged,2024,Action|Drama|Thriller|Crime,5.579,362,2.2446,en
1091181,Family Pack,2024,Adventure|Comedy|Fantasy|Action|Family,5.58,542,2.109,fr
1306061,Grande Maison Paris,2024,Drama,7.5,16,2.7552,ja
1219158,Lover,2024,Romance|Drama,7.3,15,2.1953,ta
1231574,My Oni Girl,2024,Animation|Fantasy|Adventure|Family,7.264,87,2.0011,ja
1124127,Air Force One Down,2024,Action|Thriller,6.061,164,2.0928,en
1217690,Homestead,2024,Drama,6.505,106,1.7636,en
1030588,Ghost Cat Anzu,2024,Animation|Fantasy|Comedy|Family,6.865,48,2.0419,ja
1211472,September 5,2024,Thriller|Drama|History,6.989,562,1.722,en
1236419,Piece by Piece,2024,Animation|Music|Documentary,7.203,153,1.7953,en
1115009,Unsung Hero,2024,Drama|Music|Family,7.0,82,1.8928,en
1154154,Love in the Big City,2024,Romance|Drama,7.8,66,1.8285,ko
1064375,Paradox Effect,2024,Action|Thriller,5.513,79,1.5433,en
843617,Players,2024,Romance|Comedy,6.071,318,2.7587,en
802219,Bob Marley: One Love,2024,Music|History|Drama,6.584,978,2.4238,en
1359227,LEGO Marvel Avengers: Mission Demolition,2024,Animation|Comedy|Science Fiction,6.5,126,2.3191,en
629040,Sons of Rizk 3: Knockout,2024,Action|Crime|Thriller,7.143,14,1.6006,ar
1230477,given The Movie: Hiiragi Mix,2024,Animation|Romance,6.2,10,1.8936,ja
1327881,Voice of Shadows,2024,Horror|Mystery|Thriller,5.286,14,1.9143,en
1159477,The King Tide,2024,Thriller|Mystery|Fantasy,6.839,112,2.3247,en
1383321,Swap,2024,Horror|Romance|Thriller,2.7,15,1.9868,en
1213742,Tyler Perry's Divorce in the Black,2024,Drama|Thriller,7.231,80,1.8367,en
1270880,Katt Williams: Woke Foke,2024,Comedy,5.4,32,2.18,en
598387,The Tiger's Apprentice,2024,Animation|Family|Fantasy,7.279,145,2.025,en
807339,Apartment 7A,2024,Horror|Thriller,6.132,395,2.0265,en
1212073,Sixty Minutes,2024,Action|Adventure|Crime|Drama|Thriller,6.748,602,2.0501,de
844185,Unfrosted,2024,Comedy|History,5.4,361,1.633,en
972614,Knox Goes Away,2024,Action|Crime|Thriller,6.975,497,1.7032,en
1078249,Boundless,2024,Thriller|Crime,5.989,91,1.8629,da
1289601,Life After Fighting,2024,Action|Drama|Thriller,7.2,78,1.8891,en
1232827,The Girl with the Needle,2024,Drama|History,7.6,353,1.9772,da
1218032,Super Charlie,2024,Animation|Family|Action|Comedy,6.5,17,1.8504,sv
1290213,404 Run Run,2024,Comedy|Horror,7.656,16,2.0634,th
1148172,Do Patti,2024,Thriller|Drama,6.875,60,1.9637,hi
1403013,Jaws  a Monstrous Success,2024,Documentary,6.3,10,2.1653,fr
1176848,Silent Love,2024,Romance|Drama,7.0,14,1.3752,ja
848439,Firebrand,2024,Drama|History|Thriller,6.3,155,1.9445,en
1141182,Die Alone,2024,Horror|Thriller|Science Fiction,6.188,149,2.7984,en
1284004,May the 12th Be with You,2024,Animation|Comedy|Science Fiction|Adventure,5.3,62,2.1999,en
1399914,The Simpsons: O C'mon All Ye Faithful,2024,Animation|Comedy,6.9,97,2.1889,en
1272890,Lowlifes,2024,Horror|Thriller,6.351,97,1.846,en
1148713,The Courier,2024,Thriller|Crime,6.392,180,1.9635,es
1320330,Year 10,2024,Horror|Science Fiction,5.69,79,1.9918,en
1232493,No Other Land,2024,Documentary,8.0,306,1.3593,ar
1222248,Number 24,2024,War|History|Drama,7.1,368,3.4804,no
1032425,The Dead Don't Hurt,2024,Western|Drama,6.517,209,1.6623,en
1047020,The Last Stop in Yuma County,2024,Thriller|Crime|Drama,6.921,353,2.3465,en
1281826,One Fast Move,2024,Action|Drama|Romance,6.646,219,1.6639,en
1246596,The Walking Dead: The Return,2024,Documentary,7.323,127,1.9535,en
977262,Ezra,2024,Comedy|Drama,6.9,115,1.9129,en
965094,Pilot,2024,Comedy,7.4,50,1.6302,ko
1019420,Irish Wish,2024,Romance|Comedy|Fantasy,6.14,519,2.795,en
1086495,Taklee Genesis,2024,Adventure|Science Fiction|Action|Mystery,7.128,43,2.1457,th
1214509,In a Violent Nature,2024,Horror|Thriller|Drama,5.533,548,2.912,en
1171099,Maharaj,2024,Drama|History,6.754,59,1.5562,hi
896151,Blitz,2024,War|Drama|History,6.0,248,1.7595,en
1000075,Largo Winch: The Price of Money,2024,Action|Adventure|Thriller,5.8,280,1.933,fr
1216385,Toofan,2024,Crime|Action,8.0,11,1.4981,bn
1006724,Dead Talents Society,2024,Horror|Comedy,6.899,99,1.8387,zh
790462,I.S.S.,2024,Science Fiction|Thriller,5.8,390,1.9011,en
785429,OZI: Voice of the Forest,2024,Animation|Adventure|Family,6.2,22,1.8038,en
991610,Invasion,2024,Action|Drama|Thriller,5.281,32,1.6454,nl
834664,Anweshippin Kandethum,2024,Crime|Thriller|Drama,6.771,35,1.6587,ml
730251,Happyend,2024,Drama|Science Fiction,6.8,39,1.6189,ja
1244361,Operation Undead,2024,Horror|Action|Thriller|War,4.654,26,1.6485,th
1187058,Munjya,2024,Comedy|Horror,6.1,40,1.7134,hi
1194388,The Shadow,2024,Crime|Thriller|Horror|Mystery,6.833,15,1.8951,et
1025527,The Chase,2024,Thriller|Action,5.951,103,2.0156,fr
1048923,Empire Waist,2024,Comedy|Drama,7.6,47,1.7074,en
1244039,Butchers Book Two: Raghorn,2024,Horror,5.0,26,1.9511,en
1273196,Jim Henson Idea Man,2024,Documentary,7.798,52,1.4839,en
1084514,Rob Peace,2024,Drama|History,6.805,77,1.7647,en
1260951,Her Story,2024,Drama|Romance,7.536,69,1.9939,zh
1253971,Cunk on Life,2024,Comedy|TV Movie,7.377,179,1.6771,en
1120846,April  Come She Will,2024,Drama|Romance|Mystery,7.0,26,1.5902,ja
622792,Kanguva,2024,Action|Thriller|Fantasy,3.621,29,1.5111,ta
1083658,Scoop,2024,Drama|TV Movie,6.316,244,1.7493,en
1155058,Watchmen: Chapter I,2024,Animation|Drama|Science Fiction,7.388,232,2.0838,en
1072876,Self Reliance,2024,Comedy|Thriller,5.887,313,1.8083,en
869760,Hanu-Man,2024,Fantasy|Action|Comedy|Science Fiction,6.423,39,1.7738,te
1257388,My Boo,2024,Romance|Comedy|Horror,6.19,21,1.7014,th
1326963,Un/Dressed,2024,Thriller|Romance|Drama,6.0,15,1.8352,de
1299652,Watchmen: Chapter II,2024,Animation|Mystery|Science Fiction|Drama,7.3,173,1.8798,en
1245708,Crescent City,2024,Crime|Thriller|Mystery,6.115,87,1.6281,en
1356236,Saint Catherine,2024,Horror,6.433,75,1.8032,en
785542,The Outrun,2024,Drama,6.795,341,1.7988,en
1014209,Suncoast,2024,Drama|Comedy,6.682,146,2.4632,en
1387198,Love in 39 Degrees,2024,Romance|Drama|Comedy,6.9,62,1.6041,tr
666035,Wanted Man,2024,Action,6.559,101,2.6213,en
806731,Stream,2024,Action|Horror|Thriller,5.398,64,2.765,en
1136418,Raayan,2024,Action|Drama|Thriller,6.086,35,1.5713,ta
1198877,The Body,2024,Thriller|Mystery,6.554,120,1.4575,it
1129610,BOCCHI THE ROCK! Recap Part 1,2024,Animation|Comedy|Music,6.85,30,1.9263,ja
717196,Niko: Beyond the Northern Lights,2024,Animation|Family|Fantasy,7.186,43,1.8188,fi
1280768,No Time to Spy: A Loud House Movie,2024,Animation|Action|Adventure|Comedy|Family,7.122,49,2.0279,en
1220441,GREAT PRETENDER razbliuto,2024,Animation|Crime|Action,6.6,16,1.6174,ja
1261050,The Quiet Ones,2024,Action|Drama,5.7,75,1.9532,da
1152014,A Little Something Extra,2024,Comedy|Family,7.103,853,1.4797,fr
1088096,Goodrich,2024,Comedy|Drama,6.439,115,1.5466,en
975773,Wicked Little Letters,2024,Comedy|Drama|Mystery,6.911,673,1.8954,en
1187970,Table for Six 2,2024,Comedy|Romance,4.6,15,2.9864,cn
1160923,DarkGame,2024,Horror|Thriller,5.075,53,1.4807,en
959098,Autumn and the Black Jaguar,2024,Adventure|Family,6.614,176,2.0844,fr
1051486,Stockholm Bloodbath,2024,Action|History|Drama|Adventure|War,6.27,50,2.2676,en
934866,Bad Genius,2024,Thriller|Drama,6.781,130,2.0036,en
1233208,Santosh,2024,Thriller|Crime|Drama,7.0,83,1.7139,fr
1016848,The Front Room,2024,Horror,5.028,127,1.6032,en
1216195,Oh My Ghost : The Finale,2024,Comedy|Horror,5.9,35,1.4992,th
858414,Rez Ball,2024,Drama,6.415,82,2.2381,en
1146410,A Traveler's Needs,2024,Drama,6.5,23,1.376,ko
1115395,Colors of Evil: Red,2024,Crime|Thriller|Mystery,6.697,266,1.6071,pl
1225377,The Mouse Trap,2024,Horror|Thriller,4.132,133,1.6214,en
1319504,Boot Camp,2024,Romance|Comedy,6.3,44,1.6778,en
1024452,French Girl,2024,Romance|Comedy,6.254,114,1.9677,en
1214314,One More Shot,2024,Action|Thriller,6.521,291,1.6997,en
949709,High Forces,2024,Action|Crime,6.192,39,1.7462,zh
1305642,Cesium Fallout,2024,Action|Thriller,6.756,39,1.8799,cn
1287717,Do Not Enter,2024,Horror,6.712,172,1.5754,es
914206,The Beast,2024,Science Fiction|Drama|Romance,6.3,258,1.5758,fr
1128559,Super/Man: The Christopher Reeve Story,2024,Documentary,8.066,205,1.5347,en
819277,Midas Man,2024,Music|Drama|History,6.345,29,1.2454,en
1273597,Sensei's Pious Lie,2024,Drama,7.2,10,1.4573,ja
1068394,Guruvayoor Ambalanadayil,2024,Comedy|Family,6.097,31,1.5727,ml
1101401,Sugar Baby,2024,Thriller|Comedy,5.8,23,1.8125,en
929563,Big City Greens the Movie: Spacecation,2024,Animation|Family|Comedy|TV Movie|Science Fiction|Adventure,7.7,45,2.0263,en
1180634,The Children's Train,2024,Drama,7.414,336,1.457,it
1340168,Blink,2024,Documentary,7.907,27,2.5469,en
1244112,The Super Elfkins,2024,Animation|Adventure|Family|Fantasy,6.7,10,1.4257,de
1283120,In Youth We Trust,2024,Action|Drama|Crime,6.455,11,1.3176,th
1177096,Oomuro-ke: Dear Sisters,2024,Animation|Comedy,6.4,25,1.6305,ja
1291143,How to Rob a Bank,2024,Documentary|Crime,6.8,67,1.5618,en
1093231,Mother of the Bride,2024,Romance|Comedy,5.881,353,1.6424,en
947478,The Green Dinosaur,2024,Animation|Family|Adventure|Fantasy|Comedy,6.9,14,1.8531,en
1079244,Bonhoeffer: Pastor. Spy. Assassin,2024,History|Drama|War,6.806,80,1.568,en
1122618,Good One,2024,Drama,6.5,66,2.5794,en
1201262,Grafted,2024,Horror,5.712,73,1.5447,en
881366,The End,2024,Drama|Music,5.269,78,1.6446,en
1190868,V/H/S/Beyond,2024,Horror|Science Fiction|Thriller,6.567,298,1.469,en
1123282,Depravity,2024,Mystery|Thriller|Crime,5.549,61,1.6292,en
1007826,The Underdoggs,2024,Comedy,7.007,203,1.7053,en
798612,Shirley,2024,History|Drama,6.676,91,1.5853,en
989909,Customs Frontline,2024,Action|Drama,5.708,24,1.3651,cn
1062421,Sweet Dreams,2024,Comedy,5.5,41,1.4091,en
1066262,The Convert,2024,Drama|Action,6.148,182,1.7821,en
1248795,Art of Love,2024,Romance|Action|Drama,6.438,153,1.5205,tr
1096846,Reading Lolita in Tehran,2024,Drama,7.2,63,1.4464,en
1194788,Pani,2024,Action|Crime,5.273,11,1.7108,ml
1086548,Vera and the Pleasure of Others,2024,Comedy|Drama,6.5,47,1.6215,es
927547,All We Imagine as Light,2024,Drama|Romance,6.8,231,1.3917,ml
1047373,The Silent Hour,2024,Crime|Thriller|Action,6.447,275,1.5675,en
676685,Panda Bear in Africa,2024,Animation|Adventure|Comedy|Family,7.069,80,1.3713,nl
1013869,Finally Dawn,2024,Drama,6.1,74,1.0359,it
834562,Poolman,2024,Mystery|Comedy,4.346,68,1.4304,en
1243381,Mary,2024,Drama|History|Action,6.263,200,2.7177,en
1311844,The Twisters,2024,Action|Adventure|Drama,5.9,89,1.3778,en
1211957,The Painter,2024,Action|Thriller,6.071,147,1.496,en
586353,The Master and Margarita,2024,Fantasy|Drama,6.779,154,1.5406,ru
610251,Harbin,2024,Action|Thriller|History|War,7.3,49,1.9336,ko
1293263,The Curse of the Necklace,2024,Horror|Mystery|Thriller,5.716,74,1.5924,en
1002088,Mission: Cross,2024,Action|Comedy,6.981,157,1.5668,ko
1249385,Ghost Game,2024,Horror|Thriller,4.0,34,1.3951,en
1151244,Vermiglio,2024,Drama,7.067,312,1.7399,it
1244244,Cloud,2024,Action|Drama|Crime|Thriller|Horror,6.7,109,1.2994,ja
587563,Kensuke's Kingdom,2024,Animation|Adventure|Drama|Family,7.21,50,1.3882,en
1245700,Sector 36,2024,Crime|Thriller|Drama,6.994,88,1.4418,hi
1234811,Our Little Secret,2024,Romance|Comedy|Drama,6.226,581,1.454,en
1103432,Bloody Escape: Bats Out of Hell,2024,Animation|Action|Science Fiction,7.208,12,1.4233,ja
1184495,Joy,2024,Drama,6.868,170,1.5828,en
1078744,Escape,2024,Drama|Thriller,5.4,60,2.3935,es
1360838,Blade of Fury,2024,Action,6.2,16,1.6834,zh
1299372,The Wailing,2024,Horror,5.953,117,1.629,es
976584,The Book of Clarence,2024,Adventure|Comedy|Drama,5.8,136,2.4211,en
1306764,Outside,2024,Horror|Thriller,6.13,161,1.533,tl
931944,The Devil's Bath,2024,Drama|Mystery|History|Horror,6.588,165,1.6401,de
1214484,Let Go,2024,Drama,7.859,362,1.4586,sv
1266909,Romance on the Ranch,2024,TV Movie|Comedy|Romance|Drama,6.619,21,1.3409,en
999621,BRATS,2024,Documentary,6.009,56,2.0535,en
1123278,Lazareth,2024,Thriller,6.095,63,2.0492,en
878607,An Unfinished Film,2024,Drama,7.75,34,1.84,zh
973912,Cocorico,2024,Comedy,5.6,329,2.0781,fr
1290206,The Paradise of Thorns,2024,Drama|Thriller,7.7,29,1.3745,th
1290287,Hot Frosty,2024,Romance|Comedy,5.907,291,1.2351,en
1357886,Django Undisputed,2024,Western,6.3,13,1.6647,it
1089223,Revolver,2024,Crime|Thriller,5.756,45,1.4304,ko
1216512,The Casagrandes Movie,2024,Animation|Comedy|Family,7.143,49,1.4484,en
1026999,Kleks Academy,2024,Fantasy|Adventure|Family,6.016,185,1.7432,pl
1299046,Diamonds,2024,Comedy|Drama,7.137,303,1.2506,it
1052160,Love You To Debt,2024,Drama|Romance|Action,6.615,13,1.2083,th
1212009,Viva La Vida,2024,Drama|Romance,7.553,38,1.4678,zh
1163194,Lost Ladies,2024,Comedy|Drama|Romance,7.814,153,1.3531,hi
1203236,Nutcrackers,2024,Drama|Comedy,5.846,162,1.9984,en
1208850,Conquer: Lahad Datu,2024,War|History|Thriller|Action|Crime|Drama,8.273,11,1.2524,ms
1032472,Touch,2024,Romance|Drama,7.322,115,1.728,is
1002626,The Supremes at Earl's All-You-Can-Eat,2024,Comedy|Drama,6.729,35,1.8987,en
1235499,The Last Showgirl,2024,Drama,6.438,282,1.3122,en
1108828,Girls Will Be Girls,2024,Drama|Romance,7.044,45,1.5016,hi
1139937,Frogman,2024,Horror,5.02,25,1.2823,en
1002155,Monsieur Aznavour,2024,History|Music|Drama,7.194,348,1.8761,fr
1042657,Latency,2024,Science Fiction|Thriller|Horror,5.8,72,1.4637,en
1108354,Kali: Avenging Angel,2024,Action|Thriller|Adventure,7.044,137,1.584,fr
706693,Timestalker,2024,Science Fiction|Romance|Fantasy|Comedy,5.365,37,1.2431,en
1128752,Bird,2024,Drama,7.222,227,1.4966,en
1264939,Unpredictable,2024,Thriller|Drama|Crime,5.2,10,1.4786,pl
1001783,LaRoy  Texas,2024,Crime|Comedy|Thriller,6.9,183,2.0371,en
992940,The Critic,2024,Thriller|Crime|Drama|Mystery,5.773,108,1.2778,en
1330373,Alien: Rubicon,2024,Science Fiction|Action|Horror,3.607,28,1.5581,en
1352821,A True Gentleman,2024,Romance|Drama,6.0,54,1.1321,tr
1230186,Grounded II: Making The Last of Us Part II,2024,Documentary,8.4,12,1.2694,en
1356890,Faceless,2024,Thriller|Drama,6.4,25,1.3813,ja
1020896,Handling the Undead,2024,Horror|Drama|Mystery,5.909,176,1.5966,no
1100856,Whisper of the Witch,2024,Horror|Thriller,6.236,53,1.5015,ru
931628,A Sacrifice,2024,Thriller|Horror,5.6,133,1.4541,en
1188456,A Strange House,2024,Thriller|Mystery,6.196,23,1.3935,ja
1072693,Phir Aayi Hasseen Dillruba,2024,Mystery|Thriller|Romance,6.327,52,1.4876,hi
1219556,Chime,2024,Horror|Thriller,6.9,81,2.2253,ja
1054221,Coup!,2024,Comedy|Thriller,6.451,41,1.7856,en
852247,Problemista,2024,Comedy,6.769,154,1.3869,en
1089123,Daddy's Head,2024,Horror,5.997,151,1.5379,en
1008416,Unicorns,2024,Drama|Romance,7.1,17,2.1425,en
1369679,Get Fast,2024,Action|Crime|Thriller,5.854,41,2.4488,en
1326878,Strangers,2024,Action|Thriller|Crime,5.8,35,1.2229,en
804616,Something in the Water,2024,Thriller|Horror,5.584,316,1.5411,en
977470,Wannabe,2024,Thriller,4.9,10,1.4068,ko
1201387,BOCCHI THE ROCK! Recap Part 2,2024,Animation|Comedy|Music,7.1,16,1.3736,ja
1224374,Joe Baby,2024,Action|Thriller|Crime|Mystery,5.8,11,2.3451,de
1008437,Baby Shark's Big Movie,2024,Family|Comedy|Adventure|Animation|Music,6.6,43,1.4965,en
1217379,Hellhound,2024,Action|Crime|Thriller,6.5,60,1.452,en
1197619,Lost on a Mountain in Maine,2024,Adventure|Drama|Family,6.89,118,1.1999,en
1167351,Longing,2024,Drama|Comedy,5.585,82,1.3132,en
1336189,Delivery Run,2024,Action|Thriller,5.382,51,1.3664,en
1273472,Honey Money Phony,2024,Comedy|Romance,6.1,19,1.4293,zh
971606,Out of My Mind,2024,Drama|Family,7.771,83,1.467,en
1228682,Dreams,2024,Romance|Drama,6.932,88,1.4004,no
1181765,School of Magical Animals 3,2024,Family|Fantasy|Comedy,6.288,26,1.3964,de
1154478,I Am What I Am 2,2024,Animation|Action|Comedy,7.719,32,1.3047,zh
1282960,Detained,2024,Thriller|Mystery|Crime,5.6,66,1.222,en
1019939,Hundreds of Beavers,2024,Comedy|Adventure|Action,7.23,293,1.1912,en
1241674,The Last Breath,2024,Horror|Thriller,5.901,166,1.639,en
840889,Stopmotion,2024,Horror,6.16,219,1.3083,en
1215918,Blackwater Lane,2024,Thriller|Drama|Mystery|Horror|Crime,6.0,143,1.3812,en
1255065,Crisis Negotiators,2024,Action|Crime|Mystery|Thriller,7.224,29,1.644,cn
831395,Tuesday,2024,Fantasy|Drama,6.738,105,1.1718,en
1128606,Snoopy Presents: Welcome Home  Franklin,2024,Animation|Family|Comedy,7.6,65,1.4971,en
1262299,The Apocalypse of St John,2024,Documentary|History,8.27,74,1.1352,es
1273487,Mafia Wars,2024,Action|Thriller|Crime,5.444,27,1.0371,en
901060,Seven Cemeteries,2024,Horror|Action|Fantasy|Thriller,4.975,20,1.9554,en
1007127,Troll Factory,2024,Crime|Drama,5.6,16,1.1892,ko
1227780,Prom Dates,2024,Comedy,5.372,39,1.3473,en
1201015,Madgaon Express,2024,Comedy|Drama,6.237,38,1.4304,hi
1171634,When Fall Is Coming,2024,Drama|Thriller|Comedy,6.6,236,1.7027,fr
1279752,Baby Assassins: Nice Days,2024,Action|Comedy|Crime|Drama,8.2,36,1.2006,ja
1022659,The Movie Emperor,2024,Comedy|Drama,6.1,36,1.2641,zh
1189423,The Sloth Lane,2024,Animation|Family,6.5,28,1.2879,en
1355755,An Almost Christmas Story,2024,Animation|Adventure|Fantasy|Family,7.0,93,1.3406,en
1187417,Rumours,2024,Comedy|Horror,4.897,112,1.2168,en
1263249,Sentinel,2024,Science Fiction|Action,4.0,42,1.4994,en
1187294,¿Quién es quién?,2024,Comedy|Family,5.8,22,1.7997,es
832262,Force of Nature: The Dry 2,2024,Mystery|Thriller,6.315,278,1.2085,en
981063,Before Dawn,2024,War|Drama|History,6.758,97,1.3822,en
732698,Guest from the Future,2024,Science Fiction|Adventure|Family,7.52,49,1.6141,ru
1001684,Niki,2024,Drama|History,6.191,55,1.1895,fr
1155739,3391 Kilometers,2024,Romance|Drama,6.0,16,1.3137,tr
976226,Cora Bora,2024,Comedy|Drama,4.154,13,2.0471,en
1171640,GTMAX,2024,Action|Crime,6.1,156,1.2444,fr
1248753,Amber Alert,2024,Thriller|Drama,7.02,248,1.8608,en
1278360,The Roast of Tom Brady,2024,Comedy,6.766,47,1.1623,en
1167027,The Remarkable Life of Ibelin,2024,Documentary|Animation,8.0,140,1.3711,no
1309923,Non Negotiable,2024,Action|Thriller|Comedy|Drama,6.209,115,1.2962,es
1020951,Chandu Champion,2024,Drama,7.172,32,1.3525,hi
1274925,Upstream,2024,Drama,6.87,50,1.0452,zh
1276945,Ferry 2,2024,Action|Drama|Crime|Thriller,5.916,125,2.1709,nl
1192209,Noah's Ark,2024,Animation|Music|Comedy|Fantasy|Family,7.0,115,1.3343,pt
1207830,Gracie & Pedro: Pets to the Rescue,2024,Animation|Adventure|Comedy|Family,6.9,98,1.4606,en
1025596,Blood for Dust,2024,Action|Crime|Thriller,5.9,82,1.4562,en
842859,The Most Precious of Cargoes,2024,Animation|Drama|History,7.692,190,1.3632,fr
1079346,5lbs of Pressure,2024,Thriller|Crime|Romance|TV Movie,6.0,58,1.5061,en
1028769,Stormskerry Maja,2024,Drama,6.7,28,1.2111,sv
1290938,South Park: The End of Obesity,2024,Animation|Comedy|TV Movie,7.41,256,1.5287,en
1019411,Space Cadet,2024,Comedy,5.497,297,1.2147,en
966822,Unit 234,2024,Thriller,6.3,28,1.3119,en
1037035,Janet Planet,2024,Drama,6.0,58,1.209,en
1321952,Sofia  the Possession,2024,Horror,5.8,24,1.2154,es
1091267,The Well,2024,Horror|Thriller,5.606,141,1.1901,en
1153110,Bookworm,2024,Adventure|Family|Comedy|Drama,6.529,85,1.3817,en
1158996,Souleymane's Story,2024,Drama,7.5,375,1.5967,fr
1257407,When the Light Breaks,2024,Drama,6.7,38,1.6624,is
1208284,Two to One,2024,Comedy|Drama|Crime|Romance,6.333,51,1.4947,de
1113583,Oh  Canada,2024,Drama,5.698,101,1.1988,en
1203653,Exhibiting Forgiveness,2024,Drama,6.268,28,1.546,en
1175161,Agak Laen,2024,Comedy,7.1,28,2.3465,id
1024592,God's Not Dead: In God We Trust,2024,Drama,5.848,23,1.4928,en
1300962,The Beast Within,2024,Horror|Drama|Thriller,5.667,227,1.3589,en
1337309,Bangkok Breaking: Heaven and Hell,2024,Action|Crime|Drama|Thriller,6.8,75,1.7303,th
1275606,Marvel Studios Assembled: The Making of X-Men '97,2024,Documentary,5.8,13,1.4103,en
1279112,Elizabeth Taylor: The Lost Tapes,2024,Documentary,6.923,13,1.107,en
1303336,Into The Mortal World,2024,Animation|Fantasy,7.3,12,1.1716,zh
895959,Float,2024,Romance|Drama,6.648,162,1.1745,en
1242372,Escape from the 21st Century,2024,Science Fiction|Comedy|Action,6.9,118,1.445,zh
1358947,The Most Wonderful Time of the Year,2024,Animation|Comedy,5.351,47,1.1584,en
1230085,Ashes,2024,Romance|Drama|Fantasy,5.7,66,1.2896,tr
1211716,Oomuro-ke: Dear Friends,2024,Animation|Comedy,7.875,12,1.2925,ja
1231828,The Witch. Revenge,2024,Horror|Fantasy|War|Drama,6.7,38,1.0824,uk
1210794,Trouble,2024,Action|Comedy|Crime,6.697,213,1.4237,sv
1010161,The Clean Up Crew,2024,Action|Crime|Thriller,5.5,50,1.3,en
1228685,Love,2024,Romance|Drama,6.76,50,2.0446,no
966238,La Cocina,2024,Drama|Comedy,6.922,96,2.263,es
1076708,Music by John Williams,2024,Documentary|Music,8.012,84,1.0889,en
1011082,The Greatest Hits,2024,Drama|Music|Romance|Fantasy,6.484,156,1.6239,en
821499,The Inheritance,2024,Horror,5.797,86,1.0505,en
1217343,This Is Me…Now,2024,Drama|Music|Documentary,5.337,92,1.269,en
1214469,Ghostlight,2024,Comedy|Drama,7.1,100,2.1204,en
1144911,Skincare,2024,Thriller|Drama|Comedy|Mystery,5.962,117,1.3815,en
877087,The Man in the White Van,2024,Horror|Thriller,6.1,50,1.0782,en
610219,The Fire Inside,2024,Drama|History,7.322,73,1.3561,en
1122715,Kamen Rider 555 20th: Paradise Regained,2024,Action|Drama|Science Fiction,5.8,11,1.2194,ja
1241592,Khel Khel Mein,2024,Comedy|Drama,6.081,31,1.0436,hi
572195,Dirty Money,2024,Crime|Action|Drama,5.5,11,1.0554,ko
1081680,Jackdaw,2024,Action|Drama|Crime|Thriller,4.671,35,2.2335,en
1181548,Heart of the Hunter,2024,Action,5.764,129,1.0948,en
1146556,The 4:30 Movie,2024,Comedy|Romance,5.813,75,0.9863,en
1219439,A Girl Named Ann,2024,Drama,7.6,15,1.1479,ja
1389038,Mickey and the Very Many Christmases,2024,Animation|Adventure|Comedy|Family,6.526,19,1.5411,en
1217048,Wallbanger,2024,Comedy|Romance,6.5,11,1.1528,en
1280440,Boxer,2024,Drama,7.178,45,1.2873,pl
1059345,Cult Killer,2024,Mystery|Thriller|Crime|Horror,6.375,188,1.2152,en
1090874,Mea Culpa,2024,Drama|Crime|Thriller,5.65,203,1.389,en
914243,The Listener,2024,Drama,5.7,21,1.5947,en
974613,The Fabulous Four,2024,Drama|Comedy,6.019,26,1.0726,en
968441,Música,2024,Romance|Comedy|Music,6.459,133,1.1067,en
1098378,Your Monster,2024,Romance|Comedy|Horror,6.558,113,1.159,en
1232645,The Vampire Next Door,2024,Horror,5.927,41,1.1131,en
936622,Bade Miyan Chote Miyan,2024,Action,6.255,51,1.4523,hi
1069945,Manjummel Boys,2024,Adventure|Thriller|Drama,7.775,80,1.4741,ml
1039773,The American Society of Magical Negroes,2024,Fantasy|Comedy,4.816,144,1.4387,en
1215185,Undercover,2024,Drama|Crime|Thriller,7.137,208,1.3301,es
1359244,Unwrapping Christmas: Lily's Destiny,2024,TV Movie|Romance|Family,6.0,13,0.7724,en
1279914,Five Friends,2024,Adventure|Comedy|Horror,6.2,12,1.2858,jv
1201210,The Yin Yang Master Zero,2024,Fantasy|History|Mystery,6.2,12,1.0631,ja
1280483,Faye,2024,Documentary|TV Movie,6.375,20,1.1364,en
1300945,A Place Called Silence,2024,Crime|Mystery|Thriller,6.907,43,1.3308,zh
857655,The Beautiful Game,2024,Drama,6.276,183,1.0602,en
718014,Hold Your Breath,2024,Horror|Thriller|Drama,5.922,269,1.3561,en
1119546,Dear Paris,2024,Comedy|Drama,5.5,27,1.046,fr
1137205,Last Straw,2024,Horror|Drama|Thriller,6.029,138,2.2371,en
849509,Jade,2024,Action|Thriller,4.8,26,1.087,en
971968,Being Maria,2024,History|Drama,6.515,66,1.3372,fr
1181068,Ipar Adalah Maut,2024,Drama,6.7,19,1.0363,id
714650,One Win,2024,Drama|Comedy,7.0,16,1.437,ko
1084066,Tatami,2024,Thriller|Drama|Mystery,7.72,148,2.134,en
973628,A Normal Family,2024,Drama|Thriller,6.9,141,1.0068,ko
931940,The Fix,2024,Science Fiction|Action|Horror,5.197,71,1.2162,en
984101,Bad Newz,2024,Comedy|Romance|Drama,4.914,29,1.233,hi
1090007,First Shift,2024,Crime|Thriller|Action,5.579,38,1.0522,en
1276825,Long Gone Heroes,2024,Action|War|Crime|Thriller,5.4,58,1.1126,en
636279,Bogotá: City of the Lost,2024,Thriller|Crime|Drama,7.0,100,1.226,ko
1290034,Defying Gravity: The Curtain Rises on Wicked,2024,Documentary,7.471,17,1.1801,en
1308623,La Familia del Barrio: La Película,2024,Comedy|Animation|History|Science Fiction,8.17,44,1.238,es
1001274,Night Call,2024,Action|Crime|Thriller,6.9,161,0.9062,fr
1026880,Irena's Vow,2024,War|Drama|History,7.475,121,1.3029,en
1073087,Scrambled,2024,Comedy,5.382,38,1.2067,en
1427318,Umamusume: Pretty Derby - Road to the Top Movie,2024,Animation|Comedy|Drama,8.0,12,1.3415,ja
1013154,Hard Truths,2024,Drama|Comedy,6.4,158,1.2199,en
911926,Love Me Dead,2024,Thriller|Romance|Horror,6.3,10,1.1687,en
1239468,Death Streamer,2024,Horror,3.5,14,1.6543,en
962074,Captain Miller,2024,Action|War,6.8,78,1.0099,ta
1063574,Misericordia,2024,Drama|Thriller|Comedy,6.406,170,1.0293,fr
1000866,The Marching Band,2024,Comedy|Drama|Music,7.278,490,1.2924,fr
865910,The Plot,2024,Crime|Thriller,5.4,20,1.0462,ko
1032372,Cold Meat,2024,Thriller|Horror,6.5,145,0.9787,en
1292585,Hayao Miyazaki and the Heron,2024,Documentary,7.829,38,0.9652,ja
1317218,Mr. Crocket,2024,Horror,5.2,111,1.3824,en
1269021,Wake,2024,Horror|Thriller,5.742,31,1.1497,en
1104937,Kill the Jockey,2024,Comedy|Crime|Drama,6.731,65,2.0282,es
1242526,Sound of Hope: The Story of Possum Trot,2024,Drama,6.992,62,1.3467,en
1221388,From the Ashes,2024,Thriller|Drama,6.5,47,1.0423,ar
1143508,You Gotta Believe,2024,Family|Drama,7.2,46,1.0129,en
1130053,Cinderella's Curse,2024,Horror|Fantasy,5.873,83,1.2417,en
1047227,This Is the Goat!,2024,Comedy|History,5.4,56,1.1183,fr
1045770,Daaaaaalí!,2024,Comedy|Fantasy|Drama,6.1,314,1.1012,fr
1147596,Article 20,2024,Drama|Comedy,7.0,55,1.2369,zh
1217876,Elli and her Monster Team,2024,Animation|Family|Comedy,6.3,16,1.1276,de
1276108,Last Mile,2024,Drama|Thriller|Crime|Mystery,6.8,26,0.9363,ja
1262740,Baby Invasion,2024,Crime|Thriller|Science Fiction|Action,5.3,25,2.0293,en
1118028,The Red Virgin,2024,Drama|History|Thriller,7.073,177,1.3847,es
1279642,Ride,2024,Crime|Drama,7.5,17,1.9815,en
1207898,The Jack in the Box Rises,2024,Horror,6.574,203,1.1956,en
1115623,The Last Kumite,2024,Action|Thriller,6.784,125,1.2821,en
1150478,Eagle,2024,Action|Thriller,5.0,13,0.9557,te
1175351,Bosco,2024,Drama|Thriller,6.882,51,0.9568,en
1143873,One Perfect Match,2024,TV Movie|Romance|Comedy,7.214,14,1.315,en
1082063,Amelia’s Children,2024,Horror|Mystery,6.091,154,1.0508,pt
1279104,The Legend of Catclaws Mountain,2024,Fantasy|Family,7.0,26,0.9024,en
1086729,Amar Singh Chamkila,2024,Drama|Music,7.8,30,0.8734,hi
1290697,Kingmaker,2024,Thriller|Drama,6.114,35,1.0994,da
1212803,Trespassers,2024,Drama|Mystery|Comedy|TV Movie,7.042,24,1.132,ja
1209130,Hagen,2024,Fantasy|Adventure|Action,6.241,54,0.878,de
1193077,The Invisibles,2024,Fantasy|Drama,6.5,15,1.007,en
1300790,The Supernatural Sweet Shop: The Movie,2024,Fantasy|Mystery,6.7,10,1.1095,ja
1282948,Tipline Mysteries: Dial 1 for Murder,2024,Mystery|Drama|TV Movie,7.4,18,1.0031,en
1025125,Kishkindha Kaandam,2024,Thriller|Mystery|Drama|Adventure,7.7,52,1.0173,ml
988361,Shepherds,2024,Drama,7.3,57,1.0908,fr
1383557,Revival,2024,Horror|Thriller|Science Fiction,5.4,11,1.1449,en
714669,Run Rabbit Run,2024,Horror|Thriller,5.472,54,1.8667,en
1144681,Armand,2024,Drama,6.2,107,0.9759,no
1376704,Buy Now! The Shopping Conspiracy,2024,Documentary,6.683,134,1.1601,en
660355,Devils Stay,2024,Horror|Mystery,6.1,31,1.4713,ko
1154762,His Three Daughters,2024,Drama|Comedy,6.809,288,1.4092,en
1069387,Pedro Páramo,2024,Drama|Fantasy|Western,6.886,88,2.3997,es
1170657,Barbie and Stacie to the Rescue,2024,Animation|Family,6.7,15,1.0268,en
1113466,Camera,2024,Drama,6.395,19,0.8992,en
823491,Out of Darkness,2024,Adventure|Horror|Thriller,5.676,128,1.1761,en
953713,Parachute,2024,Drama|Romance,6.6,28,1.033,en
1122824,100 Yards,2024,Action|Drama,6.0,20,0.9911,zh
1032642,Mother  Couch,2024,Comedy|Drama,5.557,44,0.8192,en
1275945,Avicii - I'm Tim,2024,Documentary|Music,8.109,119,0.8115,sv
1263112,Kang Mak from Pee Mak,2024,Comedy|Horror|Romance|War,6.0,12,1.0661,id
1163186,We Grown Now,2024,Drama,6.542,36,1.083,en
1371146,Beatles '64,2024,Documentary|Music,6.5,49,0.9882,en
1082900,Loveable,2024,Drama|Romance,7.034,59,1.3521,no
967344,Sarfira,2024,Drama,6.5,11,1.1015,hi
1183761,Here Now,2024,Thriller|Crime|Romance,5.4,86,0.9296,it
995746,Rosalie,2024,Drama|Romance,6.6,83,1.084,fr
1257750,Honeymoonish,2024,Romance|Comedy,6.7,85,1.0823,ar
1301650,Z Zone,2024,Horror,6.543,23,1.1448,mn
997162,Marmalade,2024,Crime|Thriller|Romance|Drama|Comedy,6.737,114,1.3037,en
1070507,Let's Go Karaoke!,2024,Comedy|Drama|Music,7.1,27,0.9972,ja
1014661,House of Spoils,2024,Horror|Mystery,5.5,154,0.9533,en
1359977,Conjuring the Cult,2024,Horror|Drama,5.75,44,1.0939,en
1265800,House of Sayuri,2024,Horror,6.692,26,0.9399,ja
1299925,Last Night on Earth,2024,Drama|Science Fiction|Thriller,5.156,16,0.9963,en
1241486,Decoded,2024,Drama|History|Thriller,6.208,24,1.0568,zh
1136558,Best Wishes to All,2024,Horror|Thriller,6.7,43,1.277,ja
1372665,The Lost Children,2024,Documentary,7.427,89,1.0898,es
1324990,Untold: Hope Solo vs. U.S. Soccer,2024,Documentary,6.167,22,0.8625,en
1001736,Meet the Barbarians,2024,Comedy|Drama,6.2,74,1.0841,fr
1139106,We Are Zombies,2024,Horror|Comedy|Thriller,5.87,104,0.9122,en
879412,You Can't Run Forever,2024,Thriller,5.71,100,1.0444,en
1005860,Seeds,2024,Horror|Thriller|Mystery,5.853,17,0.8956,en
1127108,A Part of You,2024,Drama,6.6,105,0.9651,sv
1019317,Stolen,2024,Drama|Crime|Thriller,6.2,101,0.9298,sv
1148558,Amazon Bullseye,2024,Comedy|Drama,6.3,19,0.9984,ko
1361292,Cellar Door,2024,Horror|Thriller,5.764,146,1.065,en
1139713,The Radleys,2024,Comedy|Horror|Thriller,5.121,95,1.0681,en
1264429,Temurun,2024,Horror|Thriller,6.432,22,2.1566,id
995803,Arena Wars,2024,Action|Science Fiction|Thriller|Comedy|Horror,5.2,64,1.0212,en
1333099,Dalia and the Red Book,2024,Adventure|Drama|Fantasy|Animation,7.435,31,1.2521,es
982202,Stella. A Life.,2024,Drama|War|History,5.9,42,0.8042,de
1386628,Marvel Studios Assembled: The Making of Deadpool & Wolverine,2024,Documentary,6.7,22,0.982,en
831396,The Bunker,2024,Horror|Science Fiction,4.8,24,2.0558,en
639857,The Absence of Eden,2024,Thriller|Drama|Romance|Crime,5.5,23,1.061,en
1283707,Shadow Land,2024,Thriller|Action,5.238,21,1.8875,en
1030983,Spin the Bottle,2024,Horror,4.852,71,1.2447,en
1029654,Cold Copy,2024,Mystery|Thriller|Drama,5.2,31,0.8762,en
1217345,Girl Haunts Boy,2024,Fantasy|Romance|Comedy,6.8,59,1.1174,en
1206617,The Best Christmas Pageant Ever,2024,Comedy|Drama|Family,6.9,125,1.0634,en
850888,Sayen: The Huntress,2024,Action|Thriller,5.9,167,1.0149,es
1118033,The Seeding,2024,Horror|Thriller,5.127,83,1.3962,en
1039659,Winner,2024,Comedy|Drama,7.014,70,0.8455,en
960470,Woken,2024,Science Fiction|Horror|Thriller,5.444,27,1.923,en
1359153,The Diary,2024,Thriller|Drama,5.9,75,0.9786,es
1079810,The Long Game,2024,Drama|Family,7.157,89,0.9824,en
1175038,Stranger in the Woods,2024,Horror|Thriller,5.944,126,1.0247,en
931107,The Line,2024,Drama,5.6,12,0.8987,en
1201753,Get Away,2024,Horror|Comedy,5.204,167,1.1921,en
1046183,I Am Kathalan,2024,Thriller|Drama,6.2,14,1.0321,ml
1103678,And Their Children After Them,2024,Drama,6.303,145,1.0865,fr
1281998,Sana: Let Me Hear,2024,Horror,7.2,11,0.9982,ja
1186947,Outlaw,2024,Action|Crime|Drama,6.2,125,1.1367,pt
1134866,The Gates,2024,Horror,7.0,19,1.0141,en
1370580,Music Box: Yacht Rock: A DOCKumentary,2024,Documentary|Music,6.875,24,0.795,en
1142101,ClearMind,2024,Science Fiction|Comedy|Thriller,5.048,42,1.0212,en
969926,Jericho Ridge,2024,Action|Thriller,6.222,45,0.9213,en
1015539,Santastein,2024,Horror|Comedy|Fantasy,6.5,17,1.0569,en
991197,Rob N Roll,2024,Action|Comedy|Crime,6.024,42,0.9524,cn
1059319,The Feeling That the Time for Doing Something Has Passed,2024,Comedy,5.1,28,1.1273,en
1096638,In the Sub for Love,2024,Romance|Comedy,5.44,58,0.822,fr
1285660,Son of a Rich,2024,Comedy|Romance|Action,5.9,17,0.9806,tr
1205386,52-Hertz Whales,2024,Drama,8.2,13,1.0406,ja
1276338,Star,2024,Drama|Romance,7.353,85,1.0511,ta
1255028,Mysteries of the Terracotta Warriors,2024,Documentary,6.718,55,1.0249,en
1134278,Pacific Fear,2024,Horror|Thriller,4.477,44,1.1784,fr
1219739,Heresy,2024,Drama|Horror|Mystery,6.3,25,1.0337,nl
1275240,Desert of Namibia,2024,Drama,7.1,18,0.855,ja
1264349,Bushido,2024,Drama|History,7.5,53,0.9197,ja
1275892,McVeigh,2024,Drama|Thriller|History,5.1,18,1.9488,en
1257586,The Hangman,2024,Horror|Thriller,5.802,58,0.9143,en
1157680,All Shall Be Well,2024,Drama,7.3,30,0.8271,cn
1319968,Millers in Marriage,2024,Drama,6.1,22,0.947,en
589018,Savages,2024,Animation|Adventure|Family|Drama,6.872,39,1.1636,fr
1148486,Vedaa,2024,Action|Drama|Thriller,5.81,21,0.8874,hi
1058617,Fancy Dance,2024,Drama,6.618,68,1.2451,en
1036921,And Mrs.,2024,Comedy|Drama,5.412,17,2.2079,en
1208561,Art of Eight Limbs,2024,Action|Thriller,6.442,43,0.9622,en
1323753,Child Star,2024,Documentary,6.2,25,1.9476,en
1364992,Forgive Me Father,2024,Thriller|Horror|Crime,6.548,21,1.0336,ru
1075789,The Ballad of Davy Crockett,2024,Action,5.1,25,0.961,en
996064,The Trail,2024,Thriller|Science Fiction|Adventure,3.6,24,1.0302,de
972433,Race for Glory: Audi vs. Lancia,2024,Drama|History,6.062,259,1.1483,en
1214523,Frida,2024,Documentary,6.744,45,0.8883,en
1216784,Sunrise,2024,Horror|Thriller,5.527,55,1.0257,en
1229262,I Don't Understand You,2024,Horror|Comedy,5.488,43,1.0207,en
1127407,Frankie Freako,2024,Fantasy|Comedy|Horror,5.183,41,1.2446,en
999849,Late Bloomers,2024,Comedy,6.5,30,1.3036,en
1128505,My Dead Friend Zoe,2024,Comedy|War|Drama,6.25,94,0.9606,en
1317159,Way Home,2024,Drama|Thriller,6.9,26,1.1705,da
1241475,To Gather Around,2024,Drama,6.5,15,1.0101,zh
1210989,Teasing Master Takagi-san,2024,Comedy|Romance,7.0,17,0.8586,ja
1078374,Suffocating Love,2024,Romance|Fantasy|Drama,5.8,11,1.2498,zh
1106382,Bau  Artist at War,2024,Drama|History|Romance,6.115,13,0.8953,en
1365044,The Snow Sister,2024,Fantasy|Family|Adventure|Drama,6.789,114,2.0993,no
1069187,Shoshana,2024,Thriller|Romance|History,6.292,65,0.8286,en
1107128,Getting LOST,2024,Documentary,6.471,17,0.9654,en
1221678,An American in Austen,2024,TV Movie|Comedy|Romance,6.7,23,0.8108,en
1396558,Bloody Axe Wound,2024,Horror|Comedy,5.203,37,0.9383,en
1009679,Hard Miles,2024,Drama,6.75,36,0.9751,en
1172648,Blame the Game,2024,Comedy|Thriller|Romance,5.746,258,2.0025,de
1214506,Will & Harper,2024,Documentary|Comedy,7.383,107,1.2281,en
1079311,The Kingdom,2024,Crime|Drama|Thriller,7.1,92,1.5586,fr
1214521,Daughters,2024,Documentary,7.0,29,0.8252,en
1158874,Sugarcane,2024,Documentary,7.017,58,0.8204,en
629078,The Glassworker,2024,Animation|Family|Romance|War,7.0,39,1.0669,ur
1219576,Goebbels and the Führer,2024,History|Drama,6.676,85,0.7781,de
1032448,Jurassic Triangle,2024,Horror|Action|Science Fiction,2.5,11,1.0604,en
1134682,Dominion of Darkness,2024,Horror|Thriller,6.1,16,1.9711,id
1224953,A Hero's Journey: The Making of Percy Jackson and the Olympians,2024,Documentary,6.313,16,1.5738,en
765421,Crossing,2024,Drama,7.313,99,0.9939,ka
1107054,MIKI,2024,Thriller,6.3,21,0.6511,sk
1260982,Lovesick Ellie,2024,Romance|Comedy,5.0,10,0.8535,ja
1180702,Nice Girls,2024,Comedy|Crime|Action,5.297,74,0.8586,fr
1084222,Operation Blood Hunt,2024,Action|Adventure|Horror,6.5,59,0.9618,en
1115749,Still Fabulous,2024,Comedy,5.6,140,0.9158,it
1113120,Sons,2024,Thriller|Drama,6.628,98,1.0424,da
1309770,Clear Cut,2024,Thriller|Action,5.761,23,0.8273,en
1304106,Blood Star,2024,Thriller|Horror,5.6,71,0.952,en
1143128,Omni Loop,2024,Science Fiction|Drama,5.932,96,0.9765,en
1313006,Familia,2024,Drama|Thriller,6.9,82,0.7329,it
1115780,Serpent's Path,2024,Thriller|Crime,6.0,31,1.0946,ja
1156118,AGGRO DR1FT,2024,Crime|Thriller|Action,5.95,40,2.0107,en
1205834,Secret: A Hidden Score,2024,Romance|Fantasy|Drama,7.417,12,0.7724,ja
1143019,The Infallibles,2024,Comedy|Action,6.3,100,0.9449,fr
1241980,Shifting Gears,2024,Romance,6.9,10,1.9421,en
1053947,Solitude,2024,Drama,7.5,11,2.0927,is
1170000,Little Wing,2024,Drama,6.6,27,2.0284,en
1004096,Son of a Rich 2,2024,Comedy,6.5,60,0.7647,ru
1086011,All the Long Nights,2024,Drama,7.0,36,0.8834,ja
1087593,Another End,2024,Science Fiction|Drama,6.7,69,0.94,en
1311550,House of Ga'a,2024,Action|History,5.554,120,1.0875,en
1238284,Basma,2024,Drama,7.0,15,0.5585,ar
1147335,Guardians of the Formula,2024,Drama|History|Thriller,7.2,20,1.1128,sr
1126934,What You Wish For,2024,Thriller,6.873,166,0.8328,en
800513,The Great Lillian Hall,2024,Drama|Adventure|Mystery|History,7.0,27,0.7319,en
986175,Fitting In,2024,Comedy|Drama,6.484,63,0.8643,en
1127824,Double iSmart,2024,Action|Science Fiction|Thriller,3.8,12,0.941,te
716309,Kill,2024,Thriller|Horror|Drama,5.4,17,0.8585,en
1030076,Father There is Only One 4,2024,Family|Comedy,7.11,118,0.9592,es
1255030,Secrets of the Neanderthals,2024,Documentary|Mystery|History,6.575,53,0.796,en
1140648,Double Blind,2024,Horror|Science Fiction|Thriller,6.122,180,1.4213,en
1056652,Saint-Exupéry,2024,Drama|History|Adventure,5.2,79,0.9102,fr
1214499,Black Box Diaries,2024,Documentary,7.6,89,0.9083,en
1091275,The Flood,2024,Drama|History,6.143,56,1.3604,fr
1152619,Possessions,2024,Horror,5.5,42,0.8468,en
1011516,The Present,2024,Comedy|Fantasy|Family,6.2,31,0.9592,en
1114926,The Good Half,2024,Comedy|Drama,6.0,38,0.8098,en
887180,Matt and Mara,2024,Drama,6.449,39,0.8084,en
1358820,A Nonsense Christmas with Sabrina Carpenter,2024,Music|Comedy,6.7,82,0.9975,en
1059643,Clawfoot,2024,Thriller,5.022,46,1.1243,en
1337997,Anuja,2024,Drama,6.486,71,0.7978,en
1303517,Kahar: Kapla High Council,2024,Action|Crime|Drama,5.9,10,0.9924,ms
879805,I Am: Celine Dion,2024,Documentary|Music,7.667,162,0.9103,en
1214871,Onegin,2024,Drama|Romance,6.8,11,1.0049,ru
1163269,Worlds Apart,2024,Drama,7.933,15,0.8802,ja
1026821,The Storm,2024,Animation|Fantasy|Action|Adventure,6.3,19,1.1713,zh
1252168,Snow White and the 7 Samurai,2024,Action|Comedy,3.8,12,0.84,en
1181302,The Ainsley McGregor Mysteries: A Case for the Winemaker,2024,TV Movie|Mystery,8.1,13,0.8814,en
1258526,Half Baked: Totally High,2024,Comedy,6.8,18,0.7788,en
1201734,Algea: God of Pain,2024,Horror|Science Fiction|Thriller,6.673,84,0.7745,en
834966,Chosen Family,2024,Romance|Comedy|Drama,4.7,11,0.7664,en
1287819,A Samurai in Time,2024,Comedy,7.6,21,0.7801,ja
1322522,Poison Sangga: The Homewrecker's Curse,2024,Horror|Thriller|Mystery,6.3,10,0.9466,id
495278,Limonov: The Ballad,2024,History|Drama,6.4,83,0.9021,fr
1164892,Escape,2024,Thriller|Action,5.489,46,1.0863,en
1126357,Borderless Fog,2024,Thriller|Crime|Mystery|Drama,6.25,68,0.8909,id
603531,Heartless,2024,Drama,6.98,25,0.8883,pt
1275903,Outstanding: A Comedy Revolution,2024,Documentary|Comedy,6.2,11,0.8123,en
1214554,DEVO,2024,Documentary|Music,7.632,19,0.8664,en
1311537,Octopus with Broken Arms,2024,Crime|Mystery|Thriller,6.909,22,1.144,zh
1241231,Firecracker,2024,Thriller|Action,5.767,15,1.5092,en
1301470,Go For Broke,2024,Action|Crime,6.0,13,0.9135,zh
1249216,Apollo 13: Survival,2024,Documentary|History,7.175,57,0.6928,en
696047,Citizen of a Kind,2024,Comedy|Crime,7.5,36,0.9821,ko
1280941,The Boy with Pink Pants,2024,Drama,7.086,251,0.8914,it
901315,Mr. & Mrs. Mahi,2024,Drama|Romance,5.9,15,0.9919,hi
1330167,What Lurks Beneath,2024,Horror|Thriller,5.474,38,0.8728,en
1112466,The Balconettes,2024,Comedy|Horror|Fantasy,6.256,135,0.9321,fr
714567,#Blue_Whale,2024,Horror|Thriller,6.275,89,0.8253,ru
1171296,Baltimore,2024,Thriller|History|Drama,5.926,47,0.9542,en
1112108,Thalavan,2024,Thriller|Drama|Crime,6.875,24,0.8292,ml
1221677,Love & Jane,2024,TV Movie|Comedy|Romance,6.5,12,2.0875,en
1250101,Putin's Bears - The Most Dangerous Hackers in the World,2024,Documentary|TV Movie,7.2,16,0.9145,de
999890,Sweethearts,2024,Comedy,5.75,90,0.7815,en
1215938,Crakk: Jeetega... Toh Jiyegaa,2024,Action|Thriller,5.5,10,0.8116,hi
861047,While You Were Sleeping,2024,Mystery|Drama,6.2,10,0.8332,ko
1238127,The Parades,2024,Drama|Fantasy,7.6,34,0.9495,ja
1221415,Brute 1976,2024,Horror,4.463,27,1.0937,en
1192195,Riviera Revenge,2024,Comedy,6.101,94,0.8122,fr
777847,If You Were the Last,2024,Science Fiction|Romance|Comedy,5.987,38,0.851,en
1285247,Murder Company,2024,War|Action,6.0,36,0.7177,en
1216623,Trapezium,2024,Animation|Drama|Music,7.2,12,0.8574,ja
1210973,Mai,2024,Romance|Drama,7.0,15,0.6707,vi
1104331,Heavy Snow,2024,Drama|Romance,6.7,12,0.823,ko
997011,Aliens Expanded,2024,Documentary,8.9,12,0.8264,en
1328814,Amityville: Where the Echo Lives,2024,Horror|Mystery,5.143,21,0.7734,en
1122602,Catching Fire: The Story of Anita Pallenberg,2024,Documentary,7.182,11,0.6789,en
1276210,Last Stop: Rocafort St.,2024,Horror|Mystery,5.316,57,0.9848,es
918287,I Used to Be Funny,2024,Drama|Comedy,6.7,61,0.8015,en
1013406,Modi  Three Days on the Wing of Madness,2024,Drama|History,6.2,27,0.9696,en
1247458,In Her Place,2024,Drama|Crime|Thriller,6.05,60,0.8593,es
1005578,WrestleMania XL Sunday,2024,Action|Drama,8.262,42,0.9123,en
1238472,My Home Hero the Movie,2024,Crime|Mystery,8.077,13,0.8307,ja
1272676,G for Gap,2024,Drama|Comedy|Family,6.845,42,0.6862,zh
1209423,Artificial Justice,2024,Thriller|Science Fiction,5.9,45,0.8758,es
1234591,My Favourite Cake,2024,Drama|Comedy|Romance,7.3,146,0.7273,fa
1246030,The Greatest Love Story Never Told,2024,Documentary,6.182,11,0.8841,en
1055451,Founders Day,2024,Horror|Thriller|Comedy,5.022,69,0.857,en
1211307,Weeding Night,2024,Comedy|Romance,7.287,89,0.8324,es
1363224,Fear Cabin: The Last Weekend of Summer,2024,Horror,6.382,17,0.892,en
1096838,Here After,2024,Horror|Thriller,5.4,111,0.8449,en
1227694,Snow Bear,2024,Animation|Family,8.467,15,0.984,xx
1282138,Justice,2024,Crime,6.5,131,0.7275,pl
1249532,Rippy,2024,Horror|Mystery,4.894,47,0.8227,en
1109940,Accidental Texan,2024,Comedy|Drama,6.118,17,0.7875,en
1276242,Hakkenden,2024,Drama|Fantasy|War,7.4,11,0.8072,ja
1025463,Bionic,2024,Science Fiction|Action|Adventure,5.934,173,0.8876,pt
1015634,Sasquatch Sunset,2024,Fantasy|Comedy,5.693,101,0.9956,en
934201,The Prank,2024,Comedy|Thriller|Crime|Horror,5.6,17,0.9076,en
1233776,Cellphone,2024,Horror|Thriller|Mystery|Drama,4.0,27,1.533,en
1186274,Goldilocks and the Three Bears: Death & Porridge,2024,Horror|Thriller,4.0,12,1.071,en
1308546,Carved,2024,Horror|Comedy,4.879,70,0.8714,en
1137245,Three Friends,2024,Comedy|Romance|Drama,6.226,137,0.9873,fr
1329912,Kung Fu Games,2024,Action,5.846,26,0.8775,en
1098709,Grand Tour,2024,Drama|Adventure,6.696,46,0.6793,pt
1139467,Close to You,2024,Drama|Romance,5.765,17,0.7949,en
1236295,Planetquake,2024,Science Fiction|Action|Drama|Fantasy|Thriller,4.725,20,0.6858,en
1182297,Strictly Confidential,2024,Mystery|Thriller,5.276,38,0.7674,en
1195394,Turbo,2024,Action|Comedy|Drama,5.0,13,0.8166,ml
1217328,Missing,2024,Drama,7.167,12,0.9712,ja
716808,Heavier Trip,2024,Comedy,6.618,55,0.6558,fi
1251687,Don't Tell Mom the Babysitter's Dead,2024,Comedy,5.714,49,1.012,en
1237266,Runt,2024,Family|Adventure|Comedy|Drama,6.2,12,0.9562,en
1184889,Jigra,2024,Action|Drama|Thriller,5.993,70,1.1515,hi
645985,Firefighters,2024,Drama,7.0,17,0.8489,ko
1321326,"The Haunted Apartment: ""Miss K""",2024,Horror|Thriller|Mystery,5.6,14,0.9488,id
1051426,Vaazhai,2024,Drama,7.0,16,0.687,ta
1022149,Walk the Line,2024,Crime|Comedy,6.9,10,0.8365,zh
1104171,Meet Me Next Christmas,2024,Romance|Comedy,6.342,265,1.1213,en
1004348,Boléro,2024,Music|History|Drama,6.3,75,1.3108,fr
1026819,The Hunted,2024,Horror|Thriller,7.1,104,0.8612,en
876911,Parallel,2024,Science Fiction|Thriller|Drama,6.41,67,0.7429,en
1255350,Find Me Falling,2024,Romance|Comedy|Music,6.574,168,1.6497,en
1208491,Zak & Wowo: The Legend of Lendarys,2024,Animation|Adventure|Fantasy,5.7,24,0.7948,fr
1140847,Cinderella's Revenge,2024,Fantasy|Horror,5.447,66,0.8598,en
1084863,The Soul Eater,2024,Thriller|Horror|Crime|Mystery,6.156,218,0.9623,fr
1285266,Savoring Paris,2024,Drama|Romance|TV Movie,6.5,24,0.8929,en
1166073,Breaking and Re-entering,2024,Action|Comedy,6.038,80,0.8737,zh
1319280,Run Baby Run,2024,Action|Thriller,6.2,11,0.7825,en
838206,Drive,2024,Action|Thriller,5.9,17,0.5837,ko
777292,Bagheera,2024,Action|Adventure,5.386,22,0.8404,kn
1104390,Anatema,2024,Horror,5.973,37,0.9108,es
1197989,El Harifa,2024,Comedy|Drama,7.269,13,0.8329,ar
1199974,Párvulos: Children of the Apocalypse,2024,Horror|Fantasy,6.366,41,0.9869,es
891933,Sometimes I Think About Dying,2024,Drama|Comedy|Romance,6.8,145,0.829,en
1252552,Model House,2024,Horror|Thriller,4.45,20,1.6523,en
988397,Universal Language,2024,Comedy|Drama,6.944,45,0.8133,fr
1038476,Dandelion,2024,Drama|Romance|Music,4.4,12,1.0693,en
1291594,Beezel,2024,Horror|Thriller,5.484,63,0.9171,en
730087,Eureka,2024,Drama,6.1,13,0.7912,en
1276948,Not Just a Goof,2024,Documentary,7.308,13,0.6697,en
1114751,Here and There,2024,Comedy,5.89,68,0.728,fr
1279433,Inheritance,2024,Comedy|Mystery,5.199,224,1.0367,pl
1315057,By the Stream,2024,Drama,7.2,14,0.9816,ko
1217300,Arctic Armageddon,2024,Science Fiction|Action|Adventure,3.3,11,0.9577,en
1063875,Miss Violet,2024,Drama|History,6.903,67,0.7033,fr
1039868,Vanished into the Night,2024,Thriller|Mystery|Drama,5.54,187,0.7504,it
947763,Endurance,2024,Documentary,7.1,25,0.7835,en
995749,Bonnard  Pierre and Marthe,2024,History|Romance,6.315,62,0.8186,fr
988512,Running on Empty,2024,Romance|Comedy,5.827,26,1.008,en
1114873,Riddle of Fire,2024,Fantasy|Adventure|Comedy,7.3,51,0.8279,en
1304594,Una pequeña confusión,2024,Comedy,7.471,86,0.7967,es
1036641,High Tide,2024,Drama|Romance,6.214,21,0.8773,en
1220515,Treasure,2024,Drama|Comedy,6.5,44,0.8122,en
1145608,Marcello Mio,2024,Comedy|Drama,5.805,64,0.764,fr
1137618,The Rooster,2024,Drama|Mystery,5.647,17,1.0869,en
1128941,The Demon Disorder,2024,Horror,5.7,52,0.7933,en
992638,Catching Dust,2024,Drama,5.283,23,1.5458,en
1266125,Suspect,2024,Crime|Mystery,4.3,10,1.032,cn
1174481,The 47,2024,Drama,7.432,146,1.0431,ca
1094605,The Duel,2024,Comedy,5.581,31,0.974,en
1079310,Holy Cow,2024,Drama|Comedy,6.875,335,0.869,fr
999160,Into the Wonderwoods,2024,Animation|Adventure|Family,6.2,12,0.8913,fr
1252455,Wild Wild Punjab,2024,Comedy|Adventure,6.5,23,0.7238,hi
1091051,Victory,2024,Comedy|Drama,8.2,14,0.7687,ko
1021643,A Missing Part,2024,Drama|Comedy,6.5,83,0.773,fr
1266701,Hack Your Health: The Secrets of Your Gut,2024,Documentary,6.627,51,0.7166,en
1168709,Einstein and the Bomb,2024,Documentary|Drama,6.168,104,0.8506,en
1227136,Bhakshak,2024,Drama|Crime,7.263,38,0.9547,hi
1082543,National Anthem,2024,Drama|Romance,6.7,30,0.764,en
1201176,Easter Bloody Easter,2024,Horror|Comedy|Fantasy,4.885,13,0.7209,en
1022824,Bonus Track,2024,Music|Comedy|Romance|Drama,6.2,11,0.8404,en
977331,Cat and Dog,2024,Adventure|Comedy,5.682,137,0.8484,fr
1216299,The Night They Came Home,2024,Western|Thriller|Action,5.676,37,0.7576,en
1314369,Bangkok Dog,2024,Action|Crime|Thriller,5.935,23,0.8737,en
1063881,Prodigies,2024,Drama|Music,6.716,51,0.7492,fr
1122418,This Time Next Year,2024,Romance|Comedy,6.126,95,0.9537,en
1360610,The Menendez Brothers,2024,Documentary,7.299,162,0.755,en
1001292,Ghost Trail,2024,Thriller|Drama,6.7,96,0.7077,fr
1132634,At the End of the Day,2024,Comedy|Music|Romance,5.94,42,0.6011,fr
1084765,Invincible,2024,Drama,6.5,21,0.7878,fr
1357933,The Cellar,2024,Horror,6.618,17,0.7955,en
1369240,Surveilled,2024,Documentary,6.48,25,0.5422,en
1169340,The Sin,2024,Horror|Fantasy|Mystery,6.4,19,0.7547,ko
1290486,The Merry Gentlemen,2024,Romance|Comedy,5.81,242,0.7294,en
1291932,The Air He Breathes,2024,Drama|Romance,6.318,11,0.5433,en
1397347,Saturday Night's Main Event XXXVII,2024,Action,7.041,74,0.7516,en
1250846,The Painted,2024,Horror|Thriller,5.5,35,0.877,en
1266321,Inside the Mind of a Dog,2024,Documentary,7.1,54,0.7944,en
1053008,Fight Another Day,2024,Action,5.63,27,0.7078,en
1058032,Here,2024,Drama|Romance,5.9,27,0.7646,fr
876127,Dog Days,2024,Drama|Comedy,7.6,15,0.8134,ko
1298238,Untamed Royals,2024,Thriller|Crime|Drama,6.2,84,0.8082,es
1277058,Creating a Universe - The Making of Rebel Moon,2024,Documentary,6.3,12,0.7497,en
1266002,The Real Bros of Simi Valley: The Movie,2024,Comedy,5.8,10,0.7874,en
1387866,Disaster Holiday,2024,Comedy|Family,6.782,55,0.8251,en
1155090,Lore,2024,Horror,5.7,18,0.9576,en
1203397,Rite Here Rite Now,2024,Music|Documentary,8.788,78,0.6513,en
1198899,Agent Recon,2024,Action|Science Fiction,3.9,19,0.6558,en
1056746,The Trouble with Jessica,2024,Comedy|Drama|Crime,6.014,70,0.9548,en
1191611,Camp Crasher,2024,Comedy|Romance,6.888,67,0.8127,es
947512,Living Large,2024,Animation|Family|Comedy,6.733,15,0.8003,cs
1001434,This Life of Mine,2024,Comedy|Drama,5.5,18,0.6548,fr
1380998,The Book,2024,Horror|Thriller,5.464,14,0.8527,es
1068518,Haunted Heart,2024,Romance|Thriller,5.8,24,0.6273,en
1250786,Technoboys,2024,Comedy|Music,6.284,44,0.6754,es
1174200,Stupid Games,2024,Horror|Mystery|Thriller,5.25,12,0.9371,en
1062276,Dark Match,2024,Action|Horror,5.76,25,0.7903,en
890116,Merry Christmas,2024,Drama|Mystery|Thriller,6.8,54,0.6889,hi
1004284,Astral City 2: The Messengers,2024,Drama,6.9,26,0.8519,pt
1183002,The Image of You,2024,Thriller,5.243,37,0.9253,en
1076555,Auction,2024,Drama|Comedy,6.1,137,0.6913,fr
1148685,Outlaw Posse,2024,Western|Action,4.654,13,0.8029,en
1058303,Drugstore June,2024,Comedy|Crime|Mystery,5.678,45,0.7826,en
1276633,Sakura,2024,Drama|Mystery,6.8,13,0.7368,ja
818861,Lola,2024,Drama,5.25,22,0.7184,en
1359060,Sugarplummed,2024,TV Movie|Comedy|Fantasy,7.0,20,0.717,en
1327530,The Lockdown,2024,Action,5.9,29,0.6912,en
933090,Starve Acre,2024,Horror|Drama|Fantasy,5.95,101,0.6109,en
1329088,Stelios,2024,Drama|Music|History,7.636,11,0.8511,el
1187308,Julie Keeps Quiet,2024,Drama,6.063,32,0.9513,nl
1109946,I'll Be Right There,2024,Comedy|Drama,5.8,20,0.8647,en
1082942,B.O.Y.: Bruises of Yesterday,2024,Drama,7.591,11,0.7654,da
1091298,Attack of the Meth Gator,2024,Horror|Science Fiction|Action,5.2,43,0.8196,en
1141233,Super Papa,2024,Comedy|Family,5.369,42,0.4976,fr
1082938,On Becoming a Guinea Fowl,2024,Comedy|Drama,7.564,39,0.8841,en
1257328,Super Villain,2024,Comedy|Drama,6.0,10,0.5734,zh
1005576,WrestleMania XL Saturday,2024,Action|Drama,7.545,44,0.7585,en
1269108,Curse of the Seven Seas,2024,Horror|Thriller,5.7,12,0.654,id
972119,Making Of,2024,Comedy|Drama,5.7,141,1.6844,fr
1360780,Our Holiday Story,2024,TV Movie|Comedy|Romance,5.9,30,0.9497,en
1287850,Hell Hole,2024,Horror|Science Fiction,5.02,49,0.6196,en
1095435,Day of the Fight,2024,Drama,6.667,30,0.6647,en
1225862,The Last Frenzy,2024,Drama|Comedy,5.7,23,0.8036,zh
1129508,Escape from Germany,2024,History|Drama|War,6.3,25,0.7252,en
1080252,Major Grom: The Game,2024,Action|Adventure|Mystery,6.191,34,0.896,ru
1020354,Viduthalai: Part II,2024,Action|Thriller|Drama,6.95,20,0.7437,ta
1251621,Waves,2024,Thriller|Drama|History,7.398,64,0.9064,cs
1129123,High & Low – John Galliano,2024,Documentary,6.176,17,0.6697,en
1083412,On the Pulse,2024,Drama,5.62,71,0.5748,fr
1341123,Christmas Under the Northern Lights,2024,TV Movie|Romance|Comedy,6.111,27,0.707,en
1196646,Camp Pleasant Lake,2024,Horror,4.587,23,0.7141,en
1181511,The Benetón Family,2024,Comedy|Family,5.468,63,0.7595,es
669359,Cottontail,2024,Drama,6.35,10,0.6424,en
1146577,CTRL,2024,Thriller|Drama,5.955,66,0.7237,hi
1216103,Out Come the Wolves,2024,Thriller|Action|Horror,5.336,58,0.7466,en
1223050,Roadkill,2024,Action|Crime|Thriller|Horror,4.825,20,0.6879,en
1126475,Arthur's Whisky,2024,Comedy|Fantasy,5.7,14,0.6406,en
1241476,Life Hotel,2024,Family|Drama,5.9,11,0.8409,zh
1249358,Taken from Rio Bravo,2024,Western|Action,6.864,22,0.6425,en
836972,He Went That Way,2024,Thriller|Crime|Drama,5.602,64,0.6727,en
1341012,Samaná Sunrise,2024,Comedy,5.7,18,0.5241,es
1155095,The Moor,2024,Horror|Mystery|Drama,5.7,54,0.7882,en
1139095,Little Bites,2024,Horror,6.1,47,0.6468,pl
1359233,Happy Holidays from Cherry Lane,2024,TV Movie|Comedy|Romance,6.4,14,0.6065,en
1156151,Upon Open Sky,2024,Drama,7.455,11,0.7183,es
1278112,Stevie Van Zandt: Disciple,2024,Documentary|Music,6.8,12,0.7172,en
1365141,Olivia Rodrigo: GUTS World Tour,2024,Music,7.676,51,0.7863,en
1232895,Color of Victory,2024,History|Drama,8.9,18,0.9988,tr
1363916,Aurora Teagarden Mysteries: A Lesson in Murder,2024,Mystery|TV Movie,6.6,19,0.7007,en
1125953,Perfect Endings,2024,Romance|Comedy|Drama,3.9,11,0.7584,pt
668340,Maidaan,2024,Drama,7.833,21,0.6754,hi
1442776,Crazy Lizard,2024,Action|Thriller|Horror,6.2,28,0.8447,zh
1372028,Christmas in the Spotlight,2024,Romance|TV Movie,7.5,25,0.6885,en
846586,Việt and Nam,2024,Drama,6.975,20,0.5677,vi
1234783,Nahir,2024,Crime|Drama|Thriller,4.318,119,0.595,es
983521,Poison,2024,Drama|Thriller,6.4,10,0.5989,en
1268818,Emma and Eddie: A Working Couple,2024,Documentary|Drama,5.452,21,1.0667,hu
960299,Paternal,2024,Drama,6.043,23,1.4807,fr
1297185,Linda,2024,Drama,7.14,50,1.5805,es
1190836,The G,2024,Thriller|Crime,6.6,21,0.7267,en
1181701,Continental Split,2024,Action|Thriller|Science Fiction,5.0,26,0.7352,en
1108336,Wild Diamond,2024,Drama,6.4,102,0.6735,fr
937086,Turn Me On,2024,Science Fiction|Romance|Drama,5.7,26,0.6503,en
1340628,The Turnaround,2024,Documentary,7.5,12,0.5849,en
1090446,Remembering Gene Wilder,2024,Documentary,7.2,18,0.7496,en
1255418,Curious Caterer: Foiled Plans,2024,TV Movie|Crime|Drama|Mystery,7.235,17,0.6872,en
1156208,Dormitory,2024,Drama,6.382,17,0.6083,tr
1126692,No Chains  No Masters,2024,Drama|History,6.6,108,0.9026,fr
1280990,Consumed,2024,Horror,5.129,31,0.6302,en
1388244,From Roger Moore with Love,2024,Documentary,8.0,10,0.6299,en
1280368,Operation Hope - The Children Lost in the Amazon,2024,Documentary,7.755,47,0.5279,es
1121914,Broken Rage,2024,Crime|Drama|Comedy,6.7,94,0.6363,ja
1211825,Solvent,2024,Horror|Drama|Mystery,4.833,12,0.5955,en
1185719,The Sand Castle,2024,Thriller|Mystery|Drama|Fantasy,5.479,48,0.7871,ar
1215358,Codename: Devil,2024,Action|Thriller,5.6,11,0.6413,pl
962318,The Dreamer,2024,Drama|Romance,6.7,19,0.5603,fr
1265517,You Shall Not Sleep Tonight,2024,Horror|Thriller,5.7,47,0.699,en
1361253,All I Need for Christmas,2024,Comedy|Romance,6.016,32,0.9825,en
1385142,Love Across Time,2024,Comedy|Romance,7.3,30,0.8814,en
1086867,Cora,2024,Science Fiction|Thriller|Horror,5.4,24,0.7995,en
1252896,Lady Scorpions,2024,Action|Crime,5.8,22,0.8115,en
1226840,Things Will Be Different,2024,Horror|Science Fiction,5.562,73,0.811,en
1244872,Nina,2024,Drama|Thriller,6.5,10,1.6142,es
1188853,Calladita,2024,Drama|Comedy,6.3,43,0.9809,es
1231942,Giannis: The Marvelous Journey,2024,Documentary,7.156,32,0.5451,en
1209574,Sheriff,2024,Action|Crime|Thriller|Drama|Mystery,7.725,20,0.6636,ms
1043725,The Moogai,2024,Horror|Mystery,5.962,13,0.5967,en
1243650,Free Falling,2024,Thriller|Drama,6.583,24,1.3209,es
598997,Air,2024,War|Drama|History,7.167,12,0.8468,ru
949855,Black Mold,2024,Horror|Thriller|Drama|TV Movie,4.8,24,0.7653,en
1000965,Juliette in Spring,2024,Drama,6.737,59,0.5038,fr
1355266,72 Hours,2024,Action|Thriller,5.769,13,0.6172,en
1155605,Down the Rabbit Hole,2024,Comedy|Drama,6.692,39,0.5813,es
1186023,Don't Turn Out the Lights,2024,Horror,4.489,45,0.8002,en
1047917,Scarborn,2024,History|Drama|Action,6.5,22,0.4995,pl
922849,Hey Joe,2024,Drama,6.455,66,0.7532,it
1278099,The Honest Candidate,2024,Comedy,6.618,144,0.6769,es
1260820,Stream,2024,Horror,6.2,26,0.8322,es
1238358,The Bad Shepherd,2024,Thriller|Crime,6.0,40,0.6316,en
1177224,Bougainvillea,2024,Mystery|Thriller,6.525,20,0.6134,ml
1276849,All About Suomi,2024,Drama|Comedy|Mystery,5.409,11,0.6744,ja
1093974,Backspot,2024,Drama,6.8,10,0.6136,en
1007723,She Taught Love,2024,Romance|Drama,5.364,11,0.6942,en
1255208,Bag of Lies,2024,Horror|Thriller,5.7,39,0.7617,en
1247597,Salve Maria,2024,Drama,6.8,47,0.6685,ca
1182222,15 Years,2024,Drama|Music,5.7,12,0.7124,de
1069200,The Teacher,2024,Drama|War|Thriller,6.154,13,0.7786,ar
1058128,The Astronaut Lovers,2024,Comedy|Drama|Romance,8.39,68,1.0231,es
1278338,Three Kilometres to the End of the World,2024,Drama,6.5,35,0.986,ro
1051023,Murder Mubarak,2024,Comedy|Crime|Thriller,6.4,55,0.9345,hi
1372795,Return of the King: The Fall and Rise of Elvis Presley,2024,Documentary|Music,7.4,57,0.7087,en
633425,The Last Front,2024,War|Drama|Action|History|Thriller,6.0,27,0.6881,en
552398,Indian 2: Zero Tolerance,2024,Drama|Action|Thriller,3.328,29,0.6142,ta
1259918,Tiger,2024,Documentary|Family,8.0,14,0.7801,en
837763,Schirkoa: In Lies We Trust,2024,Animation|Fantasy|Science Fiction,5.682,11,0.5711,en
1155840,Opération Portugal 2 : La Vie de château,2024,Comedy,5.6,30,0.5931,fr
1161108,The Second Act,2024,Comedy|Drama,6.08,299,0.6809,fr
1105545,Ex-Husbands,2024,Comedy|Drama,6.091,22,0.5636,en
1147351,Lousy Carter,2024,Comedy,6.238,21,0.4974,en
1232943,Kill Me If You Dare,2024,Comedy|Romance,5.435,100,0.7724,pl
1249013,Jugaremos en el bosque,2024,Horror,7.0,53,0.5623,es
1229915,Dead Mail,2024,Crime|Thriller|Music|Mystery|Horror,5.5,52,0.5342,en
881517,Chestnut,2024,Romance|Drama,4.35,20,0.596,en
1384789,An Evening with Dua Lipa,2024,Music|TV Movie,8.458,24,0.6958,en
1235525,Marvel Studios Assembled: The Making of The Marvels,2024,Documentary,5.2,13,0.6246,en
1079482,This Closeness,2024,Drama|Comedy,5.817,30,0.5272,en
1233269,Reawakening,2024,Drama|Mystery,6.3,11,0.618,en
1265066,The Beach Boys,2024,Documentary|Music,6.543,35,0.8008,en
808482,The People's Joker,2024,Comedy|Drama|Fantasy,6.706,47,0.8783,en
1381534,Strange Frequencies: Taiwan Killer Hospital,2024,Horror,5.5,10,0.561,tl
929831,The Empire,2024,Science Fiction|Comedy|Drama,4.87,100,0.611,fr
986855,If Only I Could Hibernate,2024,Drama,6.559,17,0.5472,mn
1124876,Ulajh,2024,Drama|Thriller,5.429,14,0.686,hi
1062198,Fresh Kills,2024,Drama|Crime,6.205,22,0.6345,en
755388,Ayalaan,2024,Science Fiction|Action|Adventure,5.8,15,0.9435,ta
961082,My New Friends,2024,Drama,5.8,26,0.5469,fr
1325847,His & Hers,2024,Romance|TV Movie,6.25,16,0.5881,en
1169361,10 Days of a Curious Man,2024,Thriller|Drama|Crime,6.043,35,0.5601,tr
1136557,Day Dreaming,2024,Comedy|Fantasy,6.5,20,0.6627,zh
1117126,1 Million Followers,2024,Thriller,4.8,21,0.4772,en
1156212,The Park Maniac,2024,Drama|Crime|Horror,5.75,64,0.6373,pt
950075,Sookshmadarshini,2024,Mystery|Thriller|Comedy,7.257,35,0.8233,ml
1075365,Kiddo,2024,Drama,5.9,14,1.2267,nl
980296,Los Frikis,2024,Drama,6.147,17,0.8178,es
1275003,Spirit in the Blood,2024,Thriller|Horror,5.341,22,0.754,en
662402,Black Tea,2024,Romance|Drama,6.1,52,0.4355,zh
743203,The Flying Ship,2024,Comedy|Music|Family|Fantasy,4.955,11,0.5974,ru
1326443,Previously Saved Version,2024,Thriller|Romance|Science Fiction,5.2,14,0.6743,ja
1005972,The Hypnosis,2024,Comedy|Drama,6.418,49,0.5682,sv
1333192,Home Sweet Loan,2024,Drama|Family|Comedy,8.2,17,0.5739,id
1023122,Steppenwolf,2024,Thriller,5.5,22,0.5519,kk
996087,Hoard,2024,Drama|Romance|Fantasy,6.948,29,0.5308,en
1246992,Kuyang,2024,Horror|Drama|Thriller,5.8,17,0.6352,id
947674,The Polar Bear Prince,2024,Animation|Family|Adventure|Comedy,7.5,10,0.7475,no
1371540,Umjolo: The Gone Girl,2024,Romance|Drama|Comedy,7.413,23,0.5369,zu
1232781,Dying,2024,Drama|Comedy,7.9,44,0.8081,de
1324965,Maid Droid Origins,2024,Science Fiction|Drama|Thriller,3.692,13,0.52,en
1244487,ZEF - The Story of Die Antwoord,2024,Documentary|Music,7.367,15,0.6437,en
1156966,Beautiful Rebel,2024,Music|Drama|History,6.78,91,0.5818,it
1140191,Saýara,2024,Action|Thriller|Crime,5.7,12,0.5736,tr
1257400,Meeting with Pol Pot,2024,History|Drama,5.886,35,0.5572,fr
1179521,Calamity Jane,2024,Western,6.0,18,0.7156,en
1051690,My First Film,2024,Drama,7.031,32,0.4728,en
1300331,Cross Away,2024,Drama|Thriller,5.186,43,0.5351,fr
948184,Stranger Eyes,2024,Crime|Mystery|Thriller|Drama,6.589,28,0.5337,zh
1322593,Sorop,2024,Horror|Thriller|Mystery,6.5,10,0.5522,id
1127632,Ernest Cole: Lost and Found,2024,Documentary,7.6,17,0.6373,fr
1034751,Vampiras: The Brides,2024,Horror|Fantasy|Action,5.9,41,0.734,es
783111,Land of Happiness,2024,Drama,6.433,15,0.6872,ko
1212670,True Justice: Family Ties,2024,TV Movie|Mystery|Crime,7.5,15,0.69,en
1252470,Sikandar Ka Muqaddar,2024,Thriller|Crime|Mystery|Action,5.6,54,0.9133,hi
1281532,Hard Home,2024,Thriller|Horror,4.423,39,0.5054,en
1318451,The Night Before Christmas in Wonderland,2024,Animation|Adventure|Fantasy|Family,6.2,10,0.5422,en
1114137,Birdeater,2024,Thriller|Drama|Horror,5.119,21,0.5564,en
977326,Elton John: Never Too Late,2024,Documentary|Music,6.5,48,0.6543,en
1222140,Golam,2024,Crime|Thriller,6.3,23,0.6395,ml
1248298,One Bad Apple: A Hannah Swensen Mystery,2024,Mystery|Drama,6.765,17,0.7124,en
901059,City of Dreams,2024,Drama|Thriller,6.4,15,0.6282,en
1364082,Hijack '93,2024,Thriller|Drama,5.5,36,0.6819,en
1171861,The Last Repair Shop,2024,Documentary|Music,7.443,44,0.4803,en
1214266,A Balloon's Landing,2024,Drama,7.35,20,0.6186,zh
1201056,A Family,2024,Documentary,7.1,15,0.5368,fr
1252505,We Shall Not Be Moved,2024,Drama|Comedy,7.196,23,0.5352,es
803690,Foreign Language,2024,Drama,6.78,50,0.6042,fr
1358850,Season's Greetings from Cherry Lane,2024,TV Movie|Comedy|Romance,5.8,10,0.4287,en
1224447,Mascarpone: The Rainbow Cake,2024,Comedy|Romance,6.125,16,0.7126,it
1005681,Love  Divided,2024,Romance|Comedy,6.657,258,0.712,es
977341,The Fire Within: A Requiem for Katia and Maurice Krafft,2024,Documentary,7.656,32,0.7661,en
1231035,Gloria!,2024,Drama|Music,6.965,113,0.6066,it
1019404,The Wasp,2024,Thriller|Drama,6.237,131,0.5699,en
1161879,Motel Destino,2024,Thriller|Drama|Romance,6.694,63,0.5147,pt
1097000,Lubber Pandhu,2024,Family|Drama|Comedy,7.688,16,0.5993,ta
856273,The Last Boy on Earth,2024,Science Fiction|Horror|Adventure,5.9,39,0.5012,en
1004555,Sidonie in Japan,2024,Drama|Romance,6.308,52,0.5554,fr
1244705,Adam Sandler: Love You,2024,Comedy,6.09,39,0.621,en
1341552,Kaizen,2024,Documentary|TV Movie,7.311,90,0.4416,fr
824117,Strangers When We Meet,2024,Crime|Drama,5.5,11,0.5898,zh
1214558,Power,2024,Documentary,6.9,15,0.4299,en
1085779,Nǎi Nai & Wài Pó,2024,Documentary,7.1,35,0.6084,en
1359717,'Twas the Date Before Christmas,2024,TV Movie|Comedy|Romance|Drama,7.0,17,0.5073,en
1241978,An Easter Bloom,2024,Drama,7.333,12,0.4907,en
1327537,Dead Money,2024,Thriller|Crime,5.8,13,0.8285,en
1198754,Carnage,2024,Action|Crime|Thriller,6.0,23,0.6618,fi
1235502,Pimp My Bride,2024,Comedy|Romance,5.0,75,0.5955,fr
1029247,Held Hostage in My House,2024,Mystery|Thriller,5.75,20,0.73,en
1191610,Goyo,2024,Drama|Romance|Comedy,6.93,79,0.6697,es
1039482,(Tillu)²,2024,Romance|Comedy|Thriller|Crime,6.192,13,0.8206,te
1280465,Transmitzvah,2024,Drama|Comedy,6.5,13,0.7413,es
1214995,The Darwinners,2024,Animation|Comedy,4.2,11,0.4528,fr
712022,Party of Fools,2024,Drama|History|Thriller,5.7,32,0.5681,fr
1156130,Woman of...,2024,Drama|History,6.6,10,0.6572,pl
1195100,Marco: The Invented Truth,2024,Drama|History,6.786,49,0.5102,es
1130402,Not Without My Shrink,2024,Comedy|Family,4.832,143,1.1206,fr
1052886,Do You See What I See,2024,Drama|Horror|Thriller,7.0,23,0.5486,id
1250007,Eat the Night,2024,Drama|Thriller|Crime|Adventure,6.3,37,0.5326,fr
1000780,Bleeding Love,2024,Drama,6.391,23,0.7345,en
1239993,How Ikea Plunders the Planet,2024,Documentary,7.3,13,0.6471,fr
964851,The Missile,2024,Drama|Comedy,6.235,17,0.6282,fi
1188843,Endless Summer Syndrome,2024,Thriller|Drama,7.6,17,0.7704,fr
1305459,The Sinking of the Lisbon Maru,2024,Documentary,8.536,28,0.5483,zh
1140721,The Scammers,2024,Comedy,5.12,79,0.7223,fr
1217647,Iconic,2024,Thriller|Drama|Horror,5.25,12,0.5468,en
1275998,Lake George,2024,Comedy|Crime|Thriller,6.345,33,0.5159,en
1214539,Soundtrack to a Coup d'Etat,2024,Documentary|History|Music,7.8,68,0.5772,fr
1353278,A Sprinkle of Deceit: A Hannah Swensen Mystery,2024,TV Movie|Mystery,7.2,15,0.4756,en
1341136,The Holiday Junkie,2024,Drama|TV Movie,6.4,18,0.506,en
1214118,The Other Way Around,2024,Comedy|Drama,6.402,66,0.564,es
1136987,It's Not Me,2024,Drama|Documentary,7.1,30,0.5245,fr
1289004,Sijjin 7,2024,Horror,3.346,13,0.4774,tr
810658,Adam the First,2024,Drama,6.2,15,0.7989,en
1359243,Unwrapping Christmas: Mia's Prince,2024,TV Movie|Romance,6.3,14,0.5104,en
1219560,Old White Man,2024,Comedy,6.872,47,0.6652,de
547475,Rendel: Cycle of Revenge,2024,Action,4.786,21,0.4425,en
1067833,The Witch Game,2024,Horror,6.8,20,0.6386,es
1012241,The Village Next to Paradise,2024,Drama,7.0,10,0.6334,de
1174891,The Life and Deaths of Christopher Lee,2024,Documentary,7.588,17,0.4548,en
979250,Demonte Colony 2,2024,Horror|Thriller,6.7,21,0.6097,ta
639590,Lumière  Le Cinéma!,2024,Documentary|History,7.033,15,0.7216,fr
1216268,The Heartbreak Agency,2024,Romance|Drama|Comedy,5.5,41,0.4183,de
1001089,Brothers,2024,Drama,6.952,114,0.4447,fr
912600,Some Other Woman,2024,Thriller|Drama,4.881,21,0.5736,en
1265647,Monster Mash,2024,Horror|Action|Fantasy,4.115,26,0.6703,en
1077328,Fuks²,2024,Comedy|Action,5.2,14,0.5916,pl
1382511,Maybe Baby 2,2024,Comedy,6.9,33,0.7041,da
1242397,The Truth vs. Alex Jones,2024,Documentary,6.574,33,0.2671,en
1232422,Scorched Earth,2024,Crime|Thriller,6.521,24,0.6601,de
1295035,Super Happy Forever,2024,Comedy|Drama|Romance,7.2,18,0.5891,ja
1196134,The Medium,2024,Comedy|Romance,4.6,20,0.4757,fr
1264966,Silence of the Prey,2024,Horror|Thriller,5.5,19,0.5596,en
977156,Spring Garden,2024,Horror|Thriller|Drama,4.5,12,0.6521,ko
1338498,No Dogs Allowed,2024,Drama,7.5,19,0.539,de
1058027,The Hedgehog,2024,Drama|Comedy|Family,6.3,12,0.5658,zh
1210377,Nothing Can't Be Undone by a HotPot,2024,Comedy|Mystery|Crime,6.6,15,0.5493,zh
1294483,Cortina Express,2024,Comedy,5.0,65,1.6051,it
1239506,Soul Reaper,2024,Horror|Fantasy|Thriller,6.1,14,0.5871,id
1325917,The Finnish Line,2024,TV Movie|Romance|Adventure,6.0,26,0.5075,en
1083300,Oldies But Goodies,2024,Comedy,5.343,89,0.6485,fr
1310502,Junebug,2024,TV Movie|Romance,6.929,14,0.8261,en
1322488,Paris 2024 Olympic Closing Ceremony,2024,Documentary|Family|History,5.893,14,0.966,fr
1361048,Sweet Bobby: My Catfish Nightmare,2024,Documentary,6.641,64,0.5888,en
1277296,The Girl in the Pool,2024,Thriller,4.778,36,0.7643,en
1056648,Dog on Trial,2024,Comedy,6.0,84,0.8826,fr
1147322,12 to Midnight,2024,Action|Horror,4.1,15,0.5832,en
1043758,The Problem with People,2024,Comedy,5.9,17,0.5777,en
1267643,Mother Father Sister Brother Frank,2024,Comedy|Horror|Thriller,6.958,12,0.5728,en
959596,Maldoror,2024,Thriller|Crime|Drama,6.35,107,0.6393,fr
1313219,Tethered Wings,2024,Drama|TV Movie,7.0,18,0.5621,fr
1324509,Like A Rolling Stone,2024,Drama|Family,7.9,26,0.5507,zh
1230242,Bray Wyatt: Becoming Immortal,2024,Documentary,7.1,12,0.5303,en
1295415,Mutant,2024,Science Fiction|Romance|War,6.083,24,0.7276,zh
1136394,An Ordinary Case,2024,Drama|Crime,6.525,179,0.4742,fr
1027452,Spread,2024,Comedy|TV Movie,6.9,12,0.6103,en
962319,A Silence,2024,Drama,5.1,64,0.7214,fr
1261924,What Jennifer Did,2024,Documentary|Crime,6.25,168,0.5238,en
1247031,Federer: Twelve Final Days,2024,Documentary,7.414,70,0.5426,en
1271528,Bad Tidings,2024,Comedy|TV Movie,6.684,19,0.4904,en
1102231,Desert Fiends,2024,Horror|Comedy,5.2,10,0.4944,en
1043870,Reverse the Curse,2024,Comedy|Drama,5.7,10,0.5157,en
1326059,Pimpinero: Blood and Oil,2024,Action|Adventure,6.117,137,0.4991,es
1102938,Jim's Story,2024,Comedy|Drama,6.886,224,0.6374,fr
1067341,Warchief,2024,Fantasy|Adventure|Action,5.737,38,0.4539,en
1039512,King of My Castle,2024,Comedy,5.2,75,0.4833,fr
1151262,Disco  Ibiza  Locomía,2024,Drama|Music,6.877,65,0.5955,es
1231953,Five Blind Dates,2024,Comedy|Romance,5.464,97,0.522,en
1254793,Letters to Santa 6,2024,Comedy|Romance,6.6,12,0.5233,pl
1250999,The Witch,2024,Mystery|Thriller|Horror,6.6,16,0.7085,tr
890138,A.R.M - Ajayante Randam Moshanam,2024,Action|Adventure|Drama,6.9,18,0.8435,ml
1080512,Pandemonium,2024,Horror|Drama,5.8,24,0.6133,fr
1220337,Marvel Studios Assembled: The Making of Echo,2024,Documentary,5.8,10,0.604,en
1135176,Brief History of a Family,2024,Drama|Mystery|Thriller,6.29,31,0.4443,zh
1090323,#AMFAD: All My Friends Are Dead,2024,Horror|Comedy|Thriller,5.844,45,0.5682,en
977966,Drift,2024,Drama|Romance,6.288,26,0.4668,el
1136347,The Bad Nun 3,2024,Horror,6.061,66,0.5997,en
865511,Dead Man,2024,Crime|Thriller|Mystery,5.1,14,0.6168,ko
1077120,Johnny Puff: Secret Mission,2024,Animation|Family,5.818,11,0.4442,en
1103812,Take My Hand,2024,Romance|Drama,6.9,15,0.6185,en
1177911,The Funeral,2024,Horror|Thriller,7.0,19,0.4818,tr
1367010,2nd Miracle in Cell No. 7,2024,Drama|Comedy|Family,8.4,10,0.5907,id
1101175,Malayalee from India,2024,Drama|Comedy,4.2,11,0.5354,ml
1322982,Tòkunbọ̀,2024,Thriller|Crime|Drama,6.7,34,0.5217,en
1037827,Breaking Point,2024,Thriller|Crime,5.844,93,0.5927,fr
1286121,Planet of the Apes: A Milestone of Science Fiction,2024,Documentary|History|TV Movie,8.417,12,0.5542,fr
1284244,Mr. Manhattan,2024,Romance|Family|Drama|TV Movie,7.4,12,0.5233,en
1187125,Last County,2024,Action|Crime|Thriller,6.0,20,0.6444,en
954802,Seize Them!,2024,Comedy|Adventure,5.542,24,0.4973,en
1228322,The Divine Sarah Bernhardt,2024,Drama|Romance,6.0,64,0.5048,fr
378160,Abruptio,2024,Animation|Horror|Thriller,6.184,19,0.5127,en
1001376,Queens of Drama,2024,Music|Romance|Drama|Comedy|Fantasy,7.4,13,0.4806,fr
1255130,Death on Holiday,2024,Comedy|Action,6.6,19,0.4456,ro
1338491,Forever,2024,Romance|TV Movie,7.4,10,0.5569,en
1175075,Checkmates,2024,Comedy,7.01,99,0.4366,es
1264800,Savi,2024,Action|Thriller,6.833,21,0.722,hi
1284157,TMZ Presents: The Downfall of Diddy,2024,Documentary|Crime,5.111,27,0.6017,en
1364939,Aurora Teagarden Mysteries: Death at the Diner,2024,TV Movie|Mystery,6.063,16,0.621,en
1180620,Nunakkuzhi,2024,Crime|Comedy,6.6,15,0.6867,ml
974292,Magpie,2024,Thriller|Drama,6.4,61,0.794,en
1234905,Bogieville,2024,Horror,5.6,15,1.5149,en
1217410,Prepare to Die,2024,Action|Thriller,5.077,13,0.4354,en
1219522,Tenement,2024,Drama|Horror|Thriller,5.7,20,0.4782,km
1139072,Made in England: The Films of Powell and Pressburger,2024,Documentary,7.714,28,0.7564,en
1399208,Heretics,2024,Horror,3.917,12,0.5932,en
1214107,Glimmers,2024,Drama,6.4,21,1.5462,es
1365578,It's All Over: The Kiss That Changed Spanish Football,2024,Documentary,6.719,16,0.5332,es
1216452,Lucky Winners,2024,Comedy,5.894,227,0.5025,fr
1117027,Cassino in Ischia,2024,Comedy|Action,5.1,17,0.5667,en
1280042,Madonna: The Celebration Tour in Rio,2024,Music|TV Movie,8.8,10,0.6126,en
951029,Look into My Eyes,2024,Documentary,5.632,19,0.4566,en
1242765,Wynonna Earp: Vengeance,2024,Action|Thriller,6.6,30,0.5994,en
1234397,Grand Theft Hamlet,2024,Animation|Documentary,6.567,60,0.6725,en
1177076,SPERMWORLD,2024,Documentary,6.8,13,0.4705,en
1181212,The Invisible Raptor,2024,Comedy|Thriller|Mystery,6.1,16,0.5436,en
1262310,Nasty,2024,Documentary,7.611,18,0.5306,en
1272228,Underdog,2024,Drama|Action|Thriller,8.463,67,0.486,es
1238200,Sin instrucciones,2024,Comedy|Drama,6.905,63,0.5158,es
1302733,Gaslit by My Husband: The Morgan Metzer Story,2024,Drama|Thriller|TV Movie,6.053,19,0.5105,en
1380983,Renovation Romance,2024,TV Movie|Romance|Comedy,6.808,13,0.5099,en
1232732,Quite Like Paradise,2024,Drama|Crime|Comedy,7.3,36,0.4708,es
1125073,Between the Temples,2024,Comedy|Drama,5.623,57,0.6046,en
1235926,The Sleeping Woman,2024,Thriller|Horror|Fantasy,6.075,40,0.6095,es
1093971,Srikanth,2024,Drama,7.558,26,0.5889,hi
1290584,Road Diary: Bruce Springsteen and The E Street Band,2024,Music|Documentary,7.324,17,0.5089,en
1186679,Gondola,2024,Drama|Romance|Comedy,6.8,12,0.4291,de
942074,Fly Me to the Moon,2024,Drama,7.6,12,0.4725,cn
1073650,Christmas Eve in Miller's Point,2024,Drama|Comedy,5.2,33,0.5224,en
1058727,A Taste of Love,2024,Comedy|Romance|TV Movie,6.5,10,0.4708,en
1169455,The After,2024,Drama,5.599,86,0.4052,en
1225683,Estomago 2: The Cookfather,2024,Drama|Comedy|Crime,6.9,12,0.5479,pt
1112637,Naples to New York,2024,Drama|Adventure,7.164,177,0.5583,it
1064758,Planet B,2024,Science Fiction|Thriller,5.258,66,0.5845,fr
1337133,Ghosts of Red Ridge,2024,Western|Horror,5.1,12,0.5986,en
1391409,Biggest Heist Ever,2024,Documentary|Crime,6.034,29,0.5313,en
1249230,ABBA: Against the Odds,2024,Documentary|Music,7.0,15,0.5042,en
1099413,The Rogue's Trial,2024,Comedy|Drama,6.643,126,0.7216,pt
961080,Visiting Hours,2024,Drama,5.9,28,0.5491,fr
1534626,Queen Rock Montreal,2024,Music|Documentary,8.1,10,0.4944,en
1070319,From Hilde  with Love,2024,War|Drama|History,7.0,53,0.4441,de
1300963,Scared Shitless,2024,Comedy|Horror,5.4,19,0.5137,en
987032,The Way to the Heart,2024,Drama|Comedy,9.9,143,0.478,en
1141126,Rita,2024,Drama,6.8,17,0.5829,es
1148663,Sicilian Letters,2024,Crime|Drama|History,6.116,121,0.5905,it
1200978,V for Victor,2024,Comedy,7.5,31,0.5625,es
1320637,Am I Racist?,2024,Comedy|Documentary,6.271,105,0.4537,en
1257130,No Pressure,2024,Romance|Comedy,5.35,60,0.6592,pl
1230550,In Good Hands 2,2024,Drama|Comedy|Romance,6.8,58,0.5196,tr
1229913,The Roommate,2024,Comedy,7.59,100,0.7536,es
1132497,Falling Stars,2024,Drama|Horror,5.1,16,0.4614,en
964877,Meet the Leroys,2024,Comedy|Drama,6.23,291,0.4637,fr
1080249,Place of Bones,2024,Western|Thriller|Horror|Action,5.4,34,0.5127,en
1234593,Shambhala,2024,Drama,7.8,13,0.5281,bo
910784,Thangalaan,2024,Adventure|Action|Fantasy|History,6.9,20,0.6274,ta
1365712,Money Electric: The Bitcoin Mystery,2024,Documentary|Mystery,5.828,32,0.534,en
1342268,Curious Caterer: Forbidden Fruit,2024,TV Movie|Mystery,7.615,13,0.5212,en
1119625,Suspended Time,2024,Comedy|Drama|Romance,5.1,21,0.5238,fr
1151591,Politically Incorrect,2024,Comedy,5.8,42,0.549,es
1274238,blur: To the End,2024,Documentary|Music|History,7.389,18,0.3544,en
1124509,Hostile Dimensions,2024,Horror|Science Fiction,5.161,31,0.5944,en
1361240,A Reason for the Season,2024,Romance|TV Movie,6.6,25,0.4531,en
1249342,Blind Date Book Club,2024,Romance|TV Movie,7.2,22,0.5125,en
872726,Interstate,2024,Thriller|Fantasy,5.022,23,0.3918,fr
1156116,Phantom Youth,2024,Drama,7.4,11,0.431,sq
1159452,Unsinkable,2024,Drama|History,6.1,15,0.5429,en
1178684,Samia,2024,Drama|Family,7.5,13,0.5042,de
1000862,The Good Teacher,2024,Drama|Thriller,6.361,316,0.6207,fr
1235922,I Am Nevenka,2024,Drama|History,6.971,70,0.4345,es
1197662,A Sudden Case of Christmas,2024,Family|Comedy,5.739,44,0.6007,en
1262530,The Mehta Boys,2024,Comedy|Drama|Family,6.813,16,0.3278,hi
1081077,Riefenstahl,2024,Documentary,7.28,41,0.7091,de
1311858,Christmas in Alaska,2024,Romance|Comedy|TV Movie,6.7,16,0.3932,en
1126094,Festival of the Living Dead,2024,Horror,5.0,13,0.4398,en
1212755,No Guilt,2024,Comedy,6.909,11,0.3719,es
1229958,Lover  Stalker  Killer,2024,Crime|Documentary,6.772,167,0.7521,en
1303660,The Outlaws,2024,Western,5.4,18,0.5845,en
1242387,Billy & Molly: An Otter Love Story,2024,Documentary,7.818,22,0.5681,en
974878,Peter Five Eight,2024,Action|Thriller|Comedy|Drama,4.269,13,0.5309,en
1136721,The Glenarma Tapes,2024,Horror,5.8,20,0.5849,en
1229760,CrimeTime: Freefall,2024,Drama|Mystery|Thriller,8.143,14,0.4562,en
1198904,Atatürk II 1881 – 1919,2024,History|Drama|War,8.158,19,0.3943,tr
1214980,Jacqueline Novak: Get on Your Knees,2024,Comedy,6.0,15,0.4594,en
1175156,The Price of Nonna's Inheritance,2024,Comedy|Crime,5.66,103,0.5438,it
1135245,Spiders on a Plane,2024,Horror|Action|Adventure,3.6,10,0.3811,en
1044741,Out of Season,2024,Drama,6.3,110,0.593,fr
1181692,War of the Worlds: Extinction,2024,Science Fiction|Action,3.545,11,0.7278,en
1146892,Bark,2024,Thriller,5.3,23,0.534,en
1279871,Sous écrous,2024,Action|Comedy,5.4,51,0.5404,fr
1144047,Aftermath,2024,Science Fiction|Mystery|Drama|Thriller,4.906,16,0.4117,en
1232289,Society of the Snow: Who Were We on the Mountain?,2024,Documentary,7.336,67,0.527,es
862754,Alemania,2024,Drama,7.538,13,0.4599,es
1272266,Jane Austen's Period Drama,2024,Comedy|Romance|History,7.2,22,0.3809,en
1045842,This is My Mother,2024,Drama|Comedy,7.032,62,0.3607,fr
1067837,Ellipsis,2024,Thriller,5.5,32,0.4388,es
1252457,Vijay 69,2024,Drama|Comedy,6.9,27,0.606,hi
1285269,A Greek Recipe for Romance,2024,Romance|Drama|TV Movie,6.8,10,0.5732,en
1360677,The Devil's Climb,2024,Documentary|Adventure,7.571,35,0.3199,en
1389147,SDI: Secret Department of Intervention,2024,Action,5.6,15,0.527,fr
1406000,The Non-Diamond Arm,2024,Comedy|Music|Adventure,5.9,16,0.4548,ru
796592,Funny Birds,2024,Comedy|Drama,6.0,33,0.4117,en
1263766,The Final: Attack on Wembley,2024,Documentary,6.389,45,0.5467,en
1136897,The Beachnickers 2,2024,Comedy,6.7,32,0.3937,pt
1214508,Sujo,2024,Drama,6.819,69,0.4433,es
1397314,Avicii - My Last Show,2024,Music|Documentary,7.579,38,0.427,sv
1298476,Operation Nutcracker,2024,TV Movie|Romance|Comedy,6.7,19,0.43,en
607338,Krazy House,2024,Comedy|Horror,4.875,48,0.725,en
1361210,A '90s Christmas,2024,TV Movie|Romance|Comedy,6.4,23,0.316,en
1336399,Der Vierer,2024,Comedy,5.815,27,0.4009,de
1066591,Zamora,2024,Comedy,7.104,82,0.3776,it
1087092,A Cinderella Christmas Ball,2024,Romance|Comedy,6.067,30,0.5318,en
1377267,A Carpenter Christmas Romance,2024,Romance|TV Movie,6.0,17,0.4925,en
1369338,Căsătoria,2024,Comedy,7.0,14,0.4536,ro
1242384,The Antisocial Network: Memes to Mayhem,2024,Documentary,6.5,54,0.4057,en
1184247,Abraham Ozler,2024,Thriller|Drama|Crime,6.1,21,0.6776,ml
893397,Butterfly in the Sky,2024,Documentary,8.182,11,0.6235,en
1179316,The Bremen Town Musicians,2024,Adventure|Family|Music,5.28,25,0.5562,ru
1154223,Hunting with Tigers,2024,Action|Thriller,6.3,103,0.6237,fr
1186312,Garudan,2024,Action|Crime|Thriller,7.0,17,0.4019,ta
1156649,Mountain Queen: The Summits of Lhakpa Sherpa,2024,Documentary,7.534,29,0.44,en
1285257,For Love & Honey,2024,Drama|Romance|Comedy,5.6,10,0.3999,en
1096804,50 km/h,2024,Comedy,6.7,117,0.4504,it
1011911,Molli and Max in the Future,2024,Comedy|Romance|Science Fiction,6.7,20,0.5185,en
1001028,Smoke Signals,2024,Thriller|Drama,6.6,52,0.4404,fr
1395432,Becoming Madonna,2024,Documentary|Music,6.8,15,0.4097,en
983524,Birthday Girl,2024,Drama|Thriller,5.672,29,0.4867,da
1151560,Varshangalkku Shesham,2024,Drama|Comedy|Romance,5.9,18,0.5041,ml
1107852,Diagnosis: Dissent,2024,Drama|History,7.909,11,0.6004,uk
1310512,Nelly Knows Mysteries: A Fatal Engagement,2024,Comedy|Mystery|TV Movie,7.2,13,0.4646,en
1197437,The Hutong Cowboy,2024,Drama|Comedy,5.8,13,0.4739,zh
1283214,Wild Wild Space,2024,Documentary,6.917,18,0.4025,en
1361141,Confessions of a Christmas Letter,2024,TV Movie|Comedy|Romance,5.9,12,0.3554,en
1173894,A Bestselling Kind of Love,2024,Romance|Comedy|TV Movie,6.273,11,0.4396,en
1214478,Queens,2024,Drama,7.3,12,0.5321,es
1377505,Spithood,2024,Horror|Thriller,5.711,19,0.7141,en
1211739,Powstaniec 1863,2024,History|Drama,5.3,10,0.4696,pl
1258761,Branching Out,2024,Romance|Family|Drama|Comedy,7.524,21,0.4535,en
1260916,A Journey,2024,Drama,7.1,27,0.6286,tl
1151082,In the Summers,2024,Drama,6.8,15,0.4298,en
1235761,Ramy Youssef: More Feelings,2024,Comedy,6.2,10,0.7206,en
1148901,Challenger,2024,Comedy,5.69,79,1.3073,fr
1214489,Malu,2024,Drama,8.6,10,0.4636,pt
1109778,Traces of Love,2024,Comedy|Romance|Fantasy,7.158,73,0.4392,pt
986355,Girls State,2024,Documentary,7.278,18,0.4064,en
1137752,Ducobu Goes Green!,2024,Comedy|Family,4.281,32,0.4078,fr
1292359,Hello  Love  Again,2024,Romance|Drama,6.412,17,0.3693,tl
974558,Destroy All Neighbors,2024,Horror|Comedy|Music,6.05,30,0.4625,en
1365103,Marriage Unplugged,2024,Science Fiction|Comedy|Drama,4.9,14,0.4585,en
1300045,Gundi: Legend of Love,2024,Romance|Drama,8.1,13,0.5593,bg
977246,Sorcery,2024,Horror|Mystery|Adventure|Fantasy,5.8,10,0.5705,es
1221396,Self,2024,Animation|Family|Fantasy,6.088,51,0.4573,en
1275964,Adult Best Friends,2024,Comedy,4.633,15,0.6049,en
1229646,Robotia  la película,2024,Animation|Adventure,7.9,16,0.4956,es
1096805,My Place is Here,2024,Drama,7.658,19,0.3866,it
1120821,The Blue Angels,2024,Documentary,6.7,33,0.474,en
1196412,I Can't Live Without You,2024,Comedy|Romance,6.7,55,0.3256,es
1229955,Mamífera,2024,Comedy|Drama,6.8,13,0.5025,ca
1327649,Let's Start a Cult,2024,Comedy,5.604,24,0.4395,en
1400201,December 31st Express,2024,Comedy,7.8,12,0.4963,uk
1246211,Everybody Loves Touda,2024,Drama|Music,6.0,21,0.4192,ar
1000888,Plastic Guns,2024,Comedy|Drama,5.632,87,0.5187,fr
1146246,The Deep Web: Murdershow,2024,Horror|Thriller,5.771,24,0.4482,en
1209285,We Treat Women Too Well,2024,Comedy,6.4,21,0.5489,es
1198426,Captain Avispa,2024,Animation|Family,6.809,47,0.6068,es
1254877,Bull Shark 2,2024,Horror|Thriller,4.455,11,0.5513,en
1315540,Stages of Love,2024,Comedy|Romance,6.3,29,0.6966,fr
1180390,Betty's Bad Luck In Love,2024,TV Movie|Comedy|Romance,6.6,22,0.4513,en
1187107,Love's Fast Lane,2024,TV Movie|Comedy|Romance,5.7,10,0.6791,en
1139097,Stay Online,2024,Drama,7.3,12,0.5808,uk
1325870,Autumn at Apple Hill,2024,TV Movie|Romance|Comedy,8.1,17,0.4246,en
1402135,Torching 2024: A Roast of the Year,2024,Comedy,5.25,16,0.3969,en
1221680,Sense and Sensibility,2024,TV Movie|Romance,4.462,13,0.3996,en
1408126,Beyoncé Bowl,2024,Music,8.3,13,0.4112,en
1105868,They Called Him Mostly Harmless,2024,Documentary|Crime|Mystery,6.167,30,0.3949,en
1373150,The Devil Is Busy,2024,Documentary,6.673,26,0.394,en
999142,Rabia,2024,Drama|Thriller,6.475,40,0.6112,fr
1062323,The Champion,2024,Drama|Family|Comedy,5.479,48,0.9126,es
1028819,Quisling: The Final Days,2024,Drama|History,5.8,20,0.4168,no
1196918,The Jönsson Gang Returns,2024,Comedy|Crime,5.211,19,0.4855,sv
925293,Dwelling by the West Lake,2024,Drama,5.0,10,0.4579,zh
1117321,You'll Never Find Me,2024,Horror|Thriller,6.031,210,0.4485,en
1018728,Latin for All,2024,Comedy,5.1,68,0.4668,fr
1380956,Operation Mistletoe,2024,TV Movie|Romance|Comedy,5.8,15,0.4046,en
1290409,Killer Body Count,2024,Horror|Thriller,5.146,24,0.4001,en
1175229,WWE Royal Rumble 2024,2024,Action|Drama,7.387,31,0.3827,en
1393143,Adopted,2024,Thriller|TV Movie,5.818,11,0.4918,en
1174246,Battlefield,2024,Drama|History|War,6.443,105,0.6452,it
1360782,Holiday Mismatch,2024,TV Movie|Comedy|Romance|Family,5.6,25,0.4042,en
1140346,Birthright,2024,Horror|Mystery,5.9,12,0.3965,pt
1267822,My Sunshine,2024,Drama,7.1,46,0.5351,ja
1215834,The Windigo,2024,Horror|Thriller,4.7,11,0.4256,en
1247154,Young Royals Forever,2024,Documentary,7.4,25,0.3552,sv
1106049,Rest in Peace,2024,Drama,5.779,70,0.4289,es
1320297,Beauty Is Not a Sin,2024,Drama,5.482,28,0.2406,it
1239121,Secret Lives of Orangutans,2024,Documentary,7.6,21,0.6844,en
1212667,Romance with a Twist,2024,TV Movie|Comedy|Romance,6.1,16,0.5909,en
1165441,I'll Crush Y'all,2024,Comedy|Action|Thriller,6.5,13,0.6056,es
1231180,The Glory of Life,2024,Drama|Romance|History,7.4,26,0.5889,de
999151,Rachel's Game,2024,Comedy|Drama|Crime,4.8,31,0.3869,fr
1156646,Bye Bye Tiberias,2024,Documentary,7.9,28,0.4323,fr
1114749,Game Changers,2024,Comedy,4.6,47,0.4309,fr
1113231,Lumina,2024,Horror|Science Fiction|Thriller,3.8,10,0.446,en
1316745,Retirement Plan,2024,Animation,7.2,21,0.3597,en
1210184,The Battle of Monte Cassino,2024,Drama|History|War,6.196,23,0.3554,pl
1320499,O,2024,Drama,5.2,10,0.442,is
1219063,Bucha,2024,Thriller|Drama|War|History,6.7,10,0.5182,uk
1171821,Tehachapi,2024,Documentary|Drama,7.6,21,0.4011,en
1102390,The Sparrow in the Chimney,2024,Drama,6.2,10,0.3959,de
1150399,Skeletons in the Closet,2024,Horror|Thriller,4.3,13,0.4072,en
1359867,The Christmas Charade,2024,TV Movie|Comedy|Romance|Drama,6.682,33,0.4564,en
1268749,Kromoleo: The Haunting,2024,Horror|Thriller,4.2,12,0.4872,id
1000127,In His Own Image,2024,Drama,6.3,31,0.3586,fr
1013776,The Grab,2024,Documentary,7.818,11,0.4899,en
1153913,Departing Seniors,2024,Horror|Comedy|Mystery,5.95,20,0.3679,en
1228803,Believer,2024,Horror|Thriller|Mystery,5.656,16,0.48,en
1076142,Carnal Sins,2024,Drama|Fantasy|Horror,6.458,12,0.2622,es
1156605,Wander to Wonder,2024,Animation,7.217,23,0.3828,en
1111857,Attenborough and the Giant Sea Monster,2024,Documentary|TV Movie,7.9,11,0.4555,en
1361220,Private Princess Christmas,2024,Romance|TV Movie,6.5,11,0.4158,en
1077910,Falling Together,2024,TV Movie|Drama|Romance,6.7,11,0.415,en
1161655,Blind Waters,2024,Horror|Thriller,3.9,24,0.8876,en
1238400,You Are Not Alone: Fighting the Wolf Pack,2024,Documentary,7.1,16,0.6119,es
1317887,Lolo and the Kid,2024,Drama|Family,7.711,38,0.4591,tl
1117465,Bread & Roses,2024,Documentary,6.4,15,0.3381,en
1300182,Juanpis González: The People's President,2024,Comedy|Action,6.8,20,0.4715,es
1296753,Remnant,2024,Science Fiction|Horror|Thriller,4.85,20,0.3313,en
1119544,When in Rome,2024,Romance|Comedy|Drama,6.143,21,0.4364,da
1081593,Housekeeping for Beginners,2024,Comedy|Drama,6.7,23,0.4243,mk
1309336,Perfect Match,2024,Romance|Drama,6.85,10,0.3089,de
1288175,Rider,2024,Horror|Comedy,6.4,10,0.3867,th
1287537,Faith of Angels,2024,Drama,7.5,12,0.4882,en
1359800,Scouting for Christmas,2024,TV Movie|Comedy|Romance,6.9,13,0.3931,en
989474,Borgo,2024,Drama|Crime,6.8,163,0.396,fr
715949,Balestra,2024,Science Fiction|Thriller|Drama,5.711,19,0.3767,en
1210338,Lohusa,2024,Comedy|Romance,4.4,11,0.4998,tr
900235,Andrea Gets a Divorce,2024,Drama|Comedy,6.0,22,0.5136,de
1063829,Hauntology,2024,Horror,4.8,10,0.5448,en
1299040,The Girls at the Station,2024,Drama,6.5,11,0.3843,es
1378771,Trapped Inn,2024,Science Fiction|Thriller|Horror,3.063,16,0.4337,en
1063549,Gaga Chromatica Ball,2024,Music,8.1,31,0.4152,en
1251683,Ba,2024,Drama|Fantasy|Horror,6.083,12,0.3551,en
1360791,'Tis the Season to Be Irish,2024,Romance|TV Movie,6.5,21,0.4984,en
1219552,Weddings and Wokes: A Family Dilemma,2024,Comedy,6.3,75,0.3271,de
1101256,Dahomey,2024,Documentary,6.6,71,0.4749,fr
1226575,The Phantom Warrior,2024,Action|Fantasy|Science Fiction|Drama,3.8,10,0.354,en
1136633,Eternal Visionary,2024,Drama,6.7,30,0.96,it
1190469,The Man Who Loved UFOs,2024,Drama|Comedy|Fantasy,6.455,22,0.5075,es
1369595,The Other Side,2024,Drama|Thriller,8.4,28,0.5107,es
1361132,Christmas with the Singhs,2024,Romance|Comedy|Family|TV Movie,5.7,13,0.3011,en
978027,Bitten,2024,Fantasy|Drama,5.2,24,0.4527,fr
1360784,Five Gold Rings,2024,TV Movie|Romance,6.4,16,0.4007,en
1340602,The Aunts,2024,Horror,6.7,34,0.3348,es
1149920,Too Old for Fairy Tales 2,2024,Family|Comedy|Adventure,6.7,44,0.3772,pl
1106194,A Beautiful Imperfection,2024,Drama,7.475,21,0.3579,nl
1087421,I Hate Summer,2024,Comedy|Adventure,5.778,45,0.451,es
1265682,Fern Brady: Autistic Bikini Queen,2024,Comedy,6.5,20,0.2559,en
1255069,Little Emma,2024,Animation|Adventure|Family,7.0,10,0.3905,en
1255017,Switched Up,2024,Comedy,7.8,15,0.4318,es
1275209,May I Speak with the Enemy?,2024,Comedy|War,6.5,29,0.4775,es
1388232,Jack in Time for Christmas,2024,Comedy|Adventure|TV Movie,4.897,29,0.4618,en
1330409,Martha,2024,Documentary,7.243,35,0.3715,en
675009,Firma Aquí,2024,Science Fiction|Comedy|Romance,7.5,29,0.3025,es
1172244,Moon,2024,Drama|Thriller|Crime,6.857,28,0.4157,de
1092788,Somewhere in Love,2024,Comedy|Drama,6.2,16,0.4961,fr
1204186,White Courage,2024,Drama|War|History,6.4,17,0.3487,pl
1001143,Molière's Last Stage,2024,History|Comedy|Drama,4.9,30,0.3861,fr
1214685,Makayla's Voice: A Letter to the World,2024,Documentary,6.9,15,0.421,en
1298472,Falling Like Snowflakes,2024,Romance|Drama,5.8,16,0.3203,en
1255883,Alex Edelman: Just for Us,2024,Comedy,7.333,15,0.4098,en
1276771,Nikki Glaser: Someday You'll Die,2024,Comedy,6.694,36,0.4803,en
1263371,An American Bombing: The Road to April 19th,2024,Documentary,6.3,18,0.4983,en
1137196,Blaga's Lessons,2024,Drama,6.579,19,0.42,bg
1020822,Animale,2024,Fantasy|Drama|Horror,6.136,55,0.4593,fr
1096462,Double Down South,2024,Drama|Thriller,6.056,18,0.2793,en
1181863,Animal Adventures: Save The Forest,2024,Animation,7.6,19,0.379,en
1172604,Restless Waters  Shivering Lights,2024,Horror|Thriller|Drama,6.0,14,0.3112,es
1184233,Hunting Daze,2024,Mystery|Thriller|Drama,5.4,17,0.4199,fr
1105682,Level Cross,2024,Thriller|Drama,6.6,11,0.4036,ml
1302757,Signed  Sealed  Delivered: A Tale of Three Letters,2024,Drama|TV Movie|Mystery|Crime,6.5,14,0.3744,en
1160748,Bystanders,2024,Horror|Thriller,5.6,15,0.4286,en
1061785,Fox and Hare Save the Forest,2024,Animation|Adventure|Family,6.3,12,0.3699,en
543596,Elbow,2024,Drama,6.2,11,0.4624,de
1247227,Las pequeñas cosas,2024,Drama,8.2,25,0.3731,es
1088570,Karaoke,2024,Comedy,5.844,45,0.4102,fr
964876,The World Upside Down,2024,Comedy|Drama,5.164,55,0.4143,fr
1201117,Breaking Olympia: The Phil Heath Story,2024,Documentary,7.0,23,0.3862,en
671317,Disappear Completely,2024,Thriller|Horror,6.8,55,0.32,es
1152952,H. P. Lovecraft's The Old Ones,2024,Horror,3.6,11,0.3033,en
1352173,Stopping the Steal,2024,Documentary,6.9,16,0.3885,en
1214557,Luther: Never Too Much,2024,Documentary|Music,8.0,10,0.3484,en
978090,Striking The Palace,2024,Comedy,6.467,75,1.4398,fr
1148046,A Happy Family,2024,Thriller|Drama|Horror,6.8,32,0.3018,pt
1245874,Memory Lane,2024,Drama|Comedy,6.4,17,1.3631,nl
1089737,Saindhav,2024,Action|Crime,5.3,10,0.5089,te
1286767,Black Cab,2024,Horror|Thriller,4.707,41,0.532,en
1262852,Jimmy Carr: Natural Born Killer,2024,Comedy,6.411,45,0.3807,en
1069185,Inshallah a Boy,2024,Drama,7.1,23,0.3328,ar
1375368,Jingle Bell Love,2024,Romance|TV Movie,6.6,10,0.2526,en
1234597,Architecton,2024,Documentary,6.25,22,0.3188,en
1310634,A Christmas Less Traveled,2024,TV Movie|Comedy|Drama|Romance,6.3,19,0.295,en
1276035,Beacon,2024,Thriller,6.474,39,0.3491,en
1285495,Takıntılar,2024,Comedy,5.0,11,0.3023,tr
1325912,The Christmas Quest,2024,TV Movie|Romance,6.8,29,0.4837,en
1319443,Holiday Touchdown: A Chiefs Love Story,2024,Romance|TV Movie,6.8,32,0.3858,en
1255616,La Hierba del Diablo,2024,Horror,6.737,19,0.3929,es
1371610,Desmontando a Lucía,2024,Comedy|Drama,5.0,13,0.4232,es
1131684,The Life Apart,2024,Drama|Music,5.7,42,0.3411,it
760147,Silvio,2024,Drama|Crime,4.4,16,0.3952,pt
1171532,Rathnam,2024,Action|Romance,5.3,11,0.4228,ta
1046120,The Shade,2024,Drama|Horror|Thriller,4.938,16,0.3676,en
971468,Knight of Fortune,2024,Comedy|Drama,6.8,18,0.4512,da
1354652,The Stoic,2024,Crime|Thriller|Action,4.545,11,0.4861,en
1259919,Tigers on the Rise,2024,Documentary,7.8,12,0.3678,en
1163029,Popular Theory,2024,Family|Comedy|Science Fiction,7.111,18,0.5075,en
1118841,14 Days to Feel Better,2024,Comedy,5.388,58,0.2696,fr
1255834,Rap World,2024,Comedy|Music,7.429,14,0.3196,en
1359236,Deck the Halls on Cherry Lane,2024,TV Movie|Comedy|Romance,5.9,11,0.4544,en
1001019,Chasing Johnny,2024,Thriller|Crime,5.379,33,0.2828,fr
1310504,My Dreams of You,2024,TV Movie|Romance,4.3,10,0.2666,en
979473,Some Shooting Stars,2024,Comedy,4.247,79,0.4609,fr
1032765,My Everything,2024,Drama,6.3,23,0.4182,fr
1408240,Mein Name ist Otto,2024,Documentary,7.077,13,0.3754,de
1311073,Bloody Beggar,2024,Comedy|Drama,6.2,10,0.258,ta
1368165,Fate,2024,Drama,6.15,10,0.3744,tr
1032321,Home Sweet Home - Where Evil Lives,2024,Horror|Thriller,4.3,19,0.2731,de
1339606,The Great Warning,2024,Documentary|Drama,9.4,22,0.5089,es
1288104,Road Wars: Max Fury,2024,Action|Adventure|Science Fiction,3.318,11,0.5051,en
1203724,Cuerpo escombro,2024,Comedy,5.7,45,0.3444,es
1130428,Birds Flying East,2024,Adventure|Comedy|Drama,6.5,41,0.3011,es
933088,The Abandon,2024,Science Fiction|Horror|Thriller,4.548,42,0.5765,en
1274436,Billy Joel: The 100th - Live at Madison Square Garden,2024,Music|Documentary,8.2,10,0.5556,en
1276042,Inès Reg Hors Normes,2024,Comedy,5.8,10,0.3221,fr
1277172,The Magician's Raincoat,2024,Family|Fantasy|Adventure|Comedy,6.786,14,0.3096,en
1168543,The Art of Nothing,2024,Comedy,5.0,31,0.4795,fr
1366200,The Girl Who Wasn't Dead,2024,Drama|Crime|TV Movie,5.4,10,0.3846,en
1193421,The Great Ambition,2024,Drama|History,7.205,174,0.3914,it
1353263,The Bibi Files,2024,Documentary,7.121,29,0.3562,en
1037051,Trust,2024,Drama|Thriller,6.401,147,0.4411,it
1414059,Cazadoras de Millonarios,2024,Romance,7.2,17,0.3398,es
1151506,From Good to the Hood,2024,Comedy,6.087,23,0.2658,es
1224666,They Will Be Dust,2024,Drama|Music|Comedy,6.7,12,0.368,es
1225977,Last Night at Terrace Lanes,2024,Horror|Thriller|Comedy,5.4,15,0.4473,en
1036573,The Last of the Sea Women,2024,Documentary,7.354,24,0.5976,en
1138230,Neuilly-Poissy,2024,Comedy,5.4,30,0.3334,fr
1361135,Jingle Bell Run,2024,Romance|TV Movie,5.9,23,0.3242,en
1256174,I Am the Beauty of Your Beauty  I Am the Fear of Your Fear,2024,Drama|Action,5.706,17,0.2651,zh
612565,Dick Dynamite: 1944,2024,Action|Comedy|War|Horror,5.923,13,0.4007,en
1197671,Simona Kossak,2024,Drama|History,7.2,13,0.4342,pl
1180648,Mudbrick,2024,Horror|Drama,6.059,17,0.38,sr
1278666,¡Casa Bonita Mi Amor!,2024,Documentary|Comedy,7.411,28,0.3526,en
1197830,Wild Eyed and Wicked,2024,Horror|Fantasy|Drama|Mystery|Thriller,5.406,32,0.4974,en
1391354,Ronny Chieng: Love to Hate It,2024,Comedy,6.591,22,0.4215,en
1325869,The Real West,2024,TV Movie|Romance,6.944,18,0.509,en
1146613,The Silent Planet,2024,Science Fiction|Thriller,5.625,16,0.3243,en
1231550,Klaus & Barroso,2024,Comedy,7.3,12,1.2059,ro
1190698,To Live  To Die  To Live Again,2024,Drama,6.8,27,0.3859,fr
1341685,Jailbreak: Love on the Run,2024,Crime|Documentary,6.4,41,0.3773,en
1001044,Drone,2024,Drama|Romance|Thriller|Science Fiction,5.3,30,0.3945,fr
1230215,Noir comme neige : Hors limites,2024,Crime|TV Movie|Adventure,6.6,10,0.3346,fr
1181525,WWE Elimination Chamber: Perth,2024,Action,7.1,19,0.2711,en
1294496,Haunt Season,2024,Horror|Comedy|Thriller,6.0,22,0.3446,en
1036934,12 years  7 months and 11 days,2024,Thriller|TV Movie,6.0,10,0.3752,fr
1247353,Killer Influence,2024,Horror,2.0,14,0.3899,en
1194636,Red  White and Blue,2024,Drama,7.8,19,0.3354,en
1243093,Ni Main Sass Kuttni 2,2024,Comedy|Drama,6.279,52,0.3538,pa
1213997,Bitconned,2024,Documentary|Crime,6.4,60,0.2874,en
1353311,Jamie Foxx: What Had Happened Was...,2024,Comedy|Documentary,6.667,27,0.3059,en
1027938,Milk Teeth,2024,Drama|Mystery,5.813,16,0.5111,de
976854,I Told You So,2024,Drama,5.0,25,0.3861,it
1362961,Exchanged,2024,Comedy,8.0,35,0.4052,es
1088851,Little Loves,2024,Drama,7.0,11,0.3506,es
971533,Finding Love in Saint Lucia,2024,TV Movie|Comedy|Romance,5.4,12,0.4591,en
1255187,Living with Leopards,2024,Documentary,7.591,44,0.4038,en
1217409,Checkmate,2024,Action|Comedy,5.4,15,0.4375,es
1318411,Matt Rife: Lucid - A Crowd Work Special,2024,Comedy,6.817,30,0.3129,en
977548,Saturn Return,2024,Drama|Music,5.761,67,0.356,es
1358987,Holiday Crashers,2024,TV Movie|Comedy|Romance,6.5,23,0.4445,en
1235299,The Day Everything Changed,2024,Action|Thriller,6.962,13,0.5064,es
1187364,Mala Persona,2024,Comedy,5.912,34,0.2227,es
1217484,Hear Me Love,2024,Comedy|Music|Romance,5.3,34,0.35,fr
1114922,Somewhere Quiet,2024,Drama|Thriller|Horror,4.5,34,0.3422,en
1316673,Shark Girl,2024,Horror|Thriller,3.1,10,0.3294,en
1254724,SUGA | Agust D TOUR 'D-DAY' THE MOVIE,2024,Music|Documentary,6.3,10,0.3833,ko
1288500,Invasive,2024,Horror|Thriller,6.2,15,0.3327,en
1227624,Killer Babes,2024,Comedy|Crime|Thriller,7.181,58,0.5112,es
1216590,Penalty Loop,2024,Drama|Science Fiction,8.8,10,0.3984,ja
1258745,Slay,2024,Comedy|Horror,5.9,19,0.5187,en
1279596,The Little Mermaid,2024,Horror|Fantasy,4.733,15,0.5412,en
1149100,Everything's Fifty Fifty,2024,Comedy,6.408,38,0.5285,de
1115948,It's Christmas!,2024,Comedy|Drama,5.0,14,0.3845,en
1233303,Guess Who,2024,Horror|Thriller|Mystery|TV Movie,4.9,11,0.3063,en
1329923,The Jane Mysteries: A Deadly Prescription,2024,TV Movie|Mystery,6.364,11,0.3606,en
1360772,This Time Each Year,2024,TV Movie|Comedy|Romance,6.3,16,0.333,en
1451448,Tales Beyond the Galaxy,2024,Science Fiction|Action,4.2,10,0.3246,en
1325851,The Heiress and the Handyman,2024,TV Movie|Romance,6.6,10,0.3251,en
1104071,Honeymoon,2024,Drama,5.3,12,1.2505,es
1198620,Carnage for Christmas,2024,Horror|Comedy|Mystery|Drama,4.8,11,0.2681,en
1075971,Food  Inc. 2,2024,Documentary,7.0,15,0.2722,en
1309745,Lesson Learned,2024,Drama,7.167,12,0.5165,hu
1382166,The Holiday Club,2024,Romance|Comedy|Drama,6.7,20,0.3139,en
1231623,A Christmas Castle Proposal: A Royal in Paradise II,2024,Romance|Comedy,7.4,11,0.308,en
1221673,Paging Mr. Darcy,2024,TV Movie|Comedy|Romance,6.3,18,0.4322,en
1213395,The Firing Squad,2024,Drama,5.75,14,0.3741,en
1053348,The Buckingham Murders,2024,Crime|Mystery|Thriller,5.63,23,0.5288,en
1205520,Tabby McTat,2024,Family|Animation|TV Movie,6.8,10,0.3526,en
1106052,(Un)lucky Sisters,2024,Comedy|Drama,5.5,53,0.4756,es
1296500,Un lío de millones,2024,Comedy,6.0,25,0.4665,es
1118836,The Child Who Measured the World,2024,Drama,5.5,12,0.3716,fr
988373,All Stirred Up!,2024,Comedy,6.4,17,0.3096,fr
1325888,Santa Tell Me,2024,TV Movie|Romance|Comedy,7.155,29,0.4076,en
1325884,Haunted Wedding,2024,TV Movie|Romance,6.8,14,0.2907,en
1219529,Aire: Just Breathe,2024,Science Fiction|Drama,5.333,18,0.344,es
1172267,As Silence Passes by,2024,Drama,5.7,11,0.2038,es
1549457,Gypsy Moon,2024,Fantasy|Thriller,6.091,11,0.4219,en
1196980,The Lonely Man with the Ghost Machine,2024,Science Fiction|Horror|Drama,4.2,10,0.3129,en
1356416,Time to Work!,2024,Documentary,6.977,22,0.3049,fr
1156787,Passport to Love,2024,TV Movie|Comedy|Romance,7.6,13,0.3777,en
1268604,A Whitewater Romance,2024,Romance|TV Movie,6.7,10,0.2527,en
1131279,Sleeping Princess,2024,Romance|Comedy|Fantasy,6.083,18,0.3958,pt
1219685,An Ideal Father,2024,Drama|TV Movie,6.3,122,0.3543,fr
1099985,Mikado,2024,Comedy|Drama|Family,6.917,30,0.5869,fr
1170595,Nobody's Home,2024,Thriller|Drama|Comedy,6.5,13,0.3575,en
1336414,The Program,2024,Documentary,6.0,12,0.3374,en
1293279,Three Wiser Men and a Boy,2024,TV Movie|Comedy|Drama,7.1,20,0.3276,en
1183699,The Wingwalker,2024,Drama|Thriller,8.1,40,0.3657,es
1244881,Alone In The Night,2024,Action|Comedy|Drama,6.667,12,0.3773,es
1368213,#MissingCouple,2024,Thriller|Crime|Horror,5.211,19,0.2636,en
1310507,The Magic of Lemon Drops,2024,Romance,7.0,17,0.2828,en
1231206,An Urban Allegory,2024,Drama|Fantasy,7.5,31,0.3762,fr
1197551,Le Vent des sables,2024,Crime|TV Movie|Mystery,6.385,13,0.3606,fr
1145857,Valley of Shadows,2024,Adventure|Thriller|Drama,6.421,70,0.3275,es
1208994,A New Kind of Wilderness,2024,Documentary,7.8,16,0.3269,no
1098332,The Adamant Girl,2024,Drama,7.6,16,0.3111,ta
1300115,Devil on Campus: The Larry Ray Story,2024,Drama|TV Movie,5.2,11,0.3441,en
1310509,Jazz Ramsey: A K-9 Mystery,2024,Mystery,6.6,11,0.3474,en
885246,Skunk,2024,Drama,6.692,39,0.2735,nl
1320276,The New Year That Never Came,2024,Drama,7.4,78,0.2854,ro
1384231,RETURN,2024,Documentary,7.1,125,0.2381,en
1141132,Jurnal Risa by Risa Saraswati,2024,Documentary|Horror|Thriller,6.1,19,0.3041,id
1116141,Falla girare 2 - Offline,2024,Comedy|Action,5.7,34,0.2604,it
1178069,Anyone But Her,2024,Comedy,7.127,63,0.3295,es
1291557,Hannah Einbinder: Everything Must Go,2024,Comedy,6.133,15,0.3663,en
1181237,Apaixonada,2024,Comedy|Romance,6.537,27,0.2575,pt
1122584,The Queen of My Dreams,2024,Drama|Comedy,4.0,13,0.3623,en
1225520,Bang Bank - L'occasione fa l'uomo morto,2024,Comedy,5.6,17,0.2418,it
1281933,Divorce,2024,Comedy|Drama,6.444,54,0.404,pl
1041517,Deer Camp '86,2024,Horror|Comedy|Thriller|Fantasy,5.4,17,0.3683,en
1162321,A Million Minutes,2024,Drama|Family,6.66,53,0.3021,de
1214488,Skywalkers: A Love Story,2024,Documentary|Romance|Thriller,7.193,75,0.2936,en
1225332,Mr Bates vs The Post Office: The Real Story,2024,Documentary,8.364,11,0.2269,en
1135281,Life of Belle,2024,Horror|Thriller,6.888,40,0.2505,en
1262684,Meninas Não Choram,2024,Drama|Family,7.5,23,0.2881,pt
1305928,The Cult,2024,Horror,7.0,10,0.3612,en
1245418,Tig Notaro: Hello Again,2024,Comedy|Documentary|TV Movie,6.633,15,0.3335,en
1156196,Hollywoodgate,2024,Documentary|War,8.1,10,0.3053,en
1001472,Sisterhood,2024,Comedy|Drama,6.0,19,0.3514,fr
1385485,The Boy & the Octopus,2024,Comedy|Family,6.611,27,0.2845,en
1151173,My Summer With Irène,2024,Drama,5.3,15,0.4114,it
1157419,Madame Hofmann,2024,Documentary,6.7,16,0.3288,fr
984500,UI,2024,Thriller|Fantasy,5.1,13,0.3902,kn
1210096,George Of Cappadocia,2024,Action|Drama|War,6.7,11,0.3665,pt
1391524,Christmas Is Cancelled,2024,Comedy,7.083,24,0.3004,es
1130410,37 : The Shadow and the Prey,2024,Thriller|Drama,5.654,26,0.479,fr
1111869,Bad Actor,2024,Drama,7.5,70,0.2915,es
1330413,Arda Turan: Confrontation,2024,Documentary,4.6,12,0.2868,tr
1367922,Freelance,2024,Thriller|Horror,5.0,12,0.2036,en
1284878,The Quilters,2024,Documentary,7.0,12,0.3203,en
1186672,War Game,2024,Documentary,5.2,12,0.2342,en
1195774,Today Again,2024,Drama|Comedy|Romance,6.463,27,0.2807,it
1212662,A Scottish Love Scheme,2024,TV Movie|Romance,6.957,23,0.4043,en
1366853,Expedition Amazon,2024,Documentary,6.4,10,0.2868,en
1074054,Matusalén,2024,Comedy|Music,6.2,61,0.3138,es
1204629,Screw Mickiewicz,2024,Drama,5.4,24,0.2747,pl
1109306,A World Apart,2024,Comedy,6.491,232,0.2628,it
1250620,La coda del diavolo,2024,Thriller,5.809,55,0.4139,it
1054561,A Mother's Embrace,2024,Horror|Fantasy|Drama,6.1,37,0.519,pt
1156104,Call of Water,2024,Drama,5.8,14,0.2504,fr
1001432,Who by Fire,2024,Drama,6.5,14,0.316,fr
1233083,Hotel Bitcoin,2024,Comedy,6.083,30,0.3704,es
1314762,Drazen,2024,Drama,6.1,15,0.2924,hr
1096633,The Vanishing Soldier,2024,Drama|Thriller|War,6.2,15,0.3583,he
1155918,Margherita delle stelle,2024,Drama|TV Movie,6.4,24,0.2917,it
978040,Witch,2024,Fantasy|Horror|Thriller,4.7,15,0.2989,en
1245934,Séance Games: Metaxu,2024,Horror|Thriller|Crime,6.7,10,0.4229,en
1257801,Night of the Skinwalkers,2024,Science Fiction|Drama|Thriller|Horror,6.0,12,0.3208,en
1361255,Trading Up Christmas,2024,TV Movie|Comedy|Romance,6.5,11,0.2677,en
985439,Ullozhukku,2024,Drama,7.0,11,0.276,ml
1244869,The House,2024,Drama,6.755,47,0.4226,es
1459017,Yano-kun's Ordinary Days,2024,Romance,5.9,10,0.3992,ja
1121750,Maurice's Bar,2024,Animation,7.5,19,0.29,fr
1066714,Main Atal Hoon,2024,Drama,5.852,71,0.2811,hi
1029700,The Stolen Valley,2024,Action|Western,5.95,10,0.2302,en
1304963,Big Take,2024,Action|Crime|Comedy,7.55,10,0.3712,en
1337886,Silent Bite,2024,Horror|Action|Fantasy,4.5,14,0.2932,en
1269539,Ape X Mecha Ape: New World Order,2024,Action|Science Fiction|Fantasy,3.885,13,0.3318,en
1113505,Family Matters,2024,Comedy,6.012,43,0.3515,it
1230527,Tears of Cem Karaca,2024,Drama|Music,7.1,10,0.2728,tr
1188064,The Last Ronin,2024,Science Fiction|Drama|Action,5.75,14,0.4044,ru
782718,Meu Sangue Ferve por Você,2024,Comedy|Music|Romance,5.0,10,0.2018,pt
1293457,Three Heroes. Daily Tales,2024,Animation|Adventure|Fantasy,7.2,10,0.2891,ru
1376359,Your Friend  Nate Bargatze,2024,Comedy,6.9,32,0.2721,en
1208971,Head South,2024,Drama|Music,5.7,10,0.3575,en
1360774,My Sweet Austrian Holiday,2024,Romance,6.5,13,0.3022,en
1285801,Love All Over Your Face,2024,Comedy|Romance,7.6,11,0.2447,es
1324987,Untold: The Murder of Air McNair,2024,Documentary|Crime,5.628,39,0.3008,en
1309344,Effigy,2024,Horror,4.8,10,0.2994,en
1162136,Love Bomb,2024,Thriller,3.4,10,0.2559,en
1043899,Being Blanche Houellebecq,2024,Comedy,5.7,24,0.2388,fr
1192846,Es por su bien,2024,Comedy,7.2,111,0.3901,es
1281775,FLOW,2024,Animation,7.8,25,0.3394,en
1172241,Pepe,2024,Drama,5.85,10,0.359,es
944368,Le bonheur est pour demain,2024,Drama,5.7,12,0.2,fr
1143790,Space Sharks,2024,Science Fiction|Horror,2.6,11,0.4243,en
1191318,I Will Never Leave You Alone,2024,Horror,5.071,14,0.2803,en
1083103,Ten Minutes,2024,Drama,6.2,75,0.3257,it
1155815,Hate to Love: Nickelback,2024,Documentary|Music,5.933,15,0.3254,en
1320467,Playing God,2024,Animation|Horror|Drama,7.411,28,0.2155,en
1359241,Unwrapping Christmas: Tina's Miracle,2024,TV Movie|Romance,5.8,18,0.3089,en
1270687,Deadbolt,2024,Horror|Thriller,4.3,11,0.3353,en
1190993,Bad Director,2024,Comedy,5.9,10,0.3348,de
1360212,Ali Wong: Single Lady,2024,Comedy,6.5,33,0.284,en
1324989,Untold: Sign Stealer,2024,Documentary,6.853,17,0.2637,en
1293086,On aurait dû aller en Grèce,2024,Comedy,4.9,53,0.2522,fr
1356881,Death by Numbers,2024,Documentary,6.2,11,0.3246,en
1398264,Wham!: Last Christmas Unwrapped,2024,Documentary|Music,6.633,15,0.1914,en
1390076,Adam Ray Is Dr. Phil UNLEASHED,2024,Comedy|TV Movie,7.2,10,0.3736,en
1183923,Mylène Farmer: Nevermore - The Movie,2024,Music,8.1,12,0.4008,fr
1218213,The Last Journey,2024,Documentary,6.182,22,0.2139,sv
1062526,The Echo,2024,Documentary,7.2,15,0.3138,es
1229504,Yaşam Koçu,2024,Comedy,3.0,13,0.2078,tr
1232790,Flight 404,2024,Drama|Thriller,7.583,12,0.181,ar
1026220,Le Voyage en pyjama,2024,Comedy|Drama|Romance,4.4,14,0.239,fr
1367419,Death of an Actor,2024,Drama|Comedy,6.7,10,0.2385,fr
1149512,The Dew Point,2024,Drama,6.2,31,0.2648,it
1340332,Black,2024,Mystery|Thriller|Horror,6.647,17,0.3849,ta
1220290,Kevin James: Irregardless,2024,Comedy,5.8,15,0.388,en
952022,Férias Trocadas,2024,Comedy,6.7,40,0.2956,pt
1352086,Les duos impossibles de Jérémy Ferrari : 10ème édition,2024,Comedy,7.1,12,0.3337,fr
1317113,Josefa’s Return,2024,Drama,5.361,18,0.303,de
1283816,How Could I Live Without You?,2024,Comedy|Music|Romance,8.1,12,0.3252,hu
1283819,Gone Running,2024,Romance|Comedy,7.333,18,0.2465,hu
943397,Shooting My Life's Script,2024,Romance|Comedy,6.9,26,0.2626,pt
1329918,Love on the Danube: Love Song,2024,TV Movie|Romance,6.4,11,0.3435,en
1145958,Parents in Perpetuity,2024,Drama|TV Movie,6.5,15,0.292,fr
1361232,Happy Howlidays,2024,TV Movie|Comedy|Romance,5.3,11,0.2023,en
1362418,Lisabi: The Uprising,2024,Drama,6.0,25,0.2873,yo
1139036,Horror in the High Desert 3: Firewatch,2024,Horror|Mystery,5.1,19,0.3115,en
1141102,Gone with the Boat,2024,Drama|Family,7.1,13,0.3108,zh
1125607,Hunting Season 2: Ups and Downs,2024,Comedy,5.167,12,0.2604,da
1254864,Two Blue Hearts,2024,Drama,7.6,11,0.4579,id
1145479,Enough is Enough!,2024,Comedy|Drama|TV Movie,6.6,60,0.4812,fr
1103750,The Time It Takes,2024,Drama,6.92,88,0.4877,it
1212661,Love on the Right Course,2024,TV Movie|Comedy|Romance,7.1,13,0.2738,en
1315601,Ellen DeGeneres: For Your Approval,2024,Comedy,5.952,21,0.293,en
1009457,Elephant Mother,2024,Documentary,10.0,17,0.2187,fr
1208704,Dagr,2024,Horror|Comedy,4.0,24,0.2439,en
1161751,Don't Worry  I'll be Ok,2024,Drama|Comedy|Fantasy,6.9,19,0.2514,fr
1120383,Victoria Must Go,2024,Comedy|Crime,5.033,15,0.2125,no
1170719,Sirènes,2024,Thriller|Comedy,5.6,36,0.3946,fr
1229898,MoviePass  MovieCrash,2024,Documentary,6.519,31,0.6775,en
921384,Alien Country,2024,Science Fiction|Horror|Comedy|Action,5.391,23,0.3206,en
1089309,Like a Son,2024,Drama,6.1,39,0.2848,fr
1279382,The Gardener's Year,2024,Comedy|Drama,6.8,12,0.3506,cs
1084869,Fallen from the Truck,2024,Comedy|Drama,5.4,33,0.261,fr
1154312,Speak Out,2024,Comedy|Drama,6.616,56,0.3451,fr
1001057,Zenithal,2024,Comedy|Action|Romance,5.318,11,0.2716,fr
1263885,The Redemption of Sin,2024,Drama|Horror|Mystery|Thriller,5.864,11,0.3598,id
1255295,Buzzheart,2024,Thriller|Mystery,4.9,13,0.1493,el
1360794,Following Yonder Star,2024,TV Movie|Comedy|Romance,5.8,18,0.25,en
1270762,Visher,2024,Horror|Thriller,5.1,13,0.5369,en
778578,Cry of Silence,2024,Thriller|Drama|Action,5.632,19,0.3265,en
1160878,The Blue Star,2024,Music|Drama,7.4,47,0.2403,es
1244643,The Intruder,2024,Horror|Drama|Thriller,5.8,11,0.2,en
1156110,Gasoline Rainbow,2024,Drama|Adventure,5.9,36,0.4007,en
1022892,Drive Back,2024,Horror|Mystery|Science Fiction|Thriller,5.325,20,0.4809,en
1118035,A Hipster in Rural Spain,2024,Comedy,5.1,45,0.3481,es
1373893,Joni pata de conejo,2024,Action,7.1,39,0.3709,es
1386881,James Acaster: Hecklers Welcome,2024,Comedy,6.283,23,0.2459,en
1304206,The Accidental Twins,2024,Documentary,7.4,21,0.3143,es
1366206,Betrayed by Love,2024,Mystery|Drama,5.2,10,0.2277,en
1193120,Present Perfect,2024,Comedy,4.702,52,0.2473,fr
889821,Animal,2024,Drama|Thriller|Action|Crime,7.0,17,0.289,el
1361199,Debbie Macomber’s Joyful Mrs. Miracle,2024,TV Movie|Comedy|Romance,6.447,19,0.3166,en
1310735,Mon Laferte  I Love You,2024,Documentary|Music,8.844,32,0.2305,es
1218193,A House on Fire,2024,Comedy,6.885,126,0.3036,ca
1258195,Cocaine Werewolf,2024,Horror,2.0,10,0.2719,en
995808,The Falling Star,2024,Comedy|Crime,6.1,18,0.2678,fr
1142611,Loving Bali,2024,Romance|Comedy,4.5,13,0.2555,nl
1243895,Canta y no llores,2024,Comedy,6.9,57,0.2553,es
1199458,Lightning-Struck,2024,Thriller|TV Movie,6.7,15,0.2186,fr
1001112,Winter Crossing,2024,Drama|Thriller,5.879,29,0.2165,fr
1047869,How Kids Roll,2024,Drama,5.5,12,0.2513,it
1200208,The Shamrock Spitfire,2024,War|Drama,5.8,10,0.2546,en
1301788,Savages,2024,Thriller|Drama,7.2,12,0.3552,es
1214502,Eternal You,2024,Documentary,6.7,10,0.2618,en
1057999,Enea,2024,Drama,6.2,153,0.2724,it
713919,The Practice,2024,Drama|Comedy,6.273,11,0.3182,es
1321239,Shark Warning,2024,Action|Horror,4.841,22,0.2835,en
1298893,The Strange Dark,2024,Science Fiction|Thriller,7.0,10,0.3141,en
1168806,Romeo Is Juliet,2024,Comedy,6.523,87,0.3641,it
851479,Rocky Road to Berlin,2024,Comedy|Adventure,6.737,19,0.3209,uk
1298474,A Very Vermont Christmas,2024,Romance|TV Movie,6.2,12,0.2277,en
1259477,Maya  Give Me a Title,2024,Animation|Fantasy|Family,5.7,10,0.2038,fr
1369988,All Hallows' Eve: Inferno,2024,Horror,5.214,14,0.177,en
1279225,Scars We Love,2024,Animation|Drama|Romance,7.938,32,0.2107,fr
1178451,Our Folks: The Beginning,2024,Comedy|Drama|History,5.8,20,0.2574,pl
1001083,Meanwhile on Earth,2024,Science Fiction|Adventure|Drama,6.2,61,0.2999,fr
1130413,Sailing Home,2024,Drama,6.8,50,0.3454,fr
1286218,Mira Mira,2024,Horror,5.636,22,0.5385,en
1062644,The Green Deal,2024,Drama,6.6,62,0.2977,fr
1361244,A Novel Noel,2024,TV Movie|Romance,6.8,20,0.2844,en
1272146,The Guardian of the Monarchs,2024,Documentary,7.735,17,0.2099,es
1361250,A Dance in the Snow,2024,TV Movie|Drama|Comedy|Romance,6.7,10,0.1824,en
1293461,D.I.Y. Duck,2024,Animation|Comedy|Family,6.7,28,0.3026,en
1132472,Empty Nets,2024,Drama,7.059,17,0.2851,fa
1361221,Leah's Perfect Gift,2024,TV Movie|Comedy|Romance,6.1,10,0.2571,en
1277783,The Commandant's Shadow,2024,Documentary|History|War,7.172,29,0.2762,en
1112527,The Mother of All Lies,2024,Documentary,6.0,10,0.2406,ar
1379382,Fortune Feimster: Crushing It,2024,Comedy,5.385,13,0.1659,en
1360823,Seth Meyers: Dad Man Walking,2024,Comedy,5.8,13,0.227,en
1315707,JUNG KOOK: I AM STILL,2024,Documentary|Music,7.85,10,0.2075,ko
1148368,The Usual Idiots 3: The Comeback,2024,Comedy,4.664,67,0.3135,it
1328907,Beauty and the Billionaire: Bali,2024,Comedy|Romance,6.6,11,0.2479,en
1248893,The Break-Up Club,2024,Comedy,5.033,15,0.2903,nl
1316912,Boat,2024,Comedy|Adventure,6.4,14,0.3684,ta
1116984,All You Need Is Death,2024,Horror,5.13,23,0.2481,en
1359604,A Sprinkle of Christmas,2024,TV Movie|Comedy|Romance,6.306,18,0.2516,en
1000064,Fario,2024,Drama|Comedy,6.3,21,0.2943,fr
1371536,Hallo Spencer - Der Film,2024,Comedy|Family,6.0,10,0.2081,de
1284874,Instruments of a Beating Heart,2024,Documentary|Music,6.8,29,0.2424,ja
1207858,Holy Rosita,2024,Drama,7.3,12,0.2925,nl
1258164,Thomas & Friends: The Christmas Letter Express,2024,Animation|Adventure|Family,7.1,10,0.229,en
1315161,Joe Rogan: Burn the Boats,2024,Comedy,5.057,35,0.2641,en
1200674,A Dark Story,2024,Thriller|Drama,6.469,49,0.3026,it
951022,Copa 71,2024,Documentary|History,7.625,12,0.2868,en
1038874,Malaikottai Vaaliban,2024,Action|Drama|Fantasy,6.3,20,0.3395,ml
1181011,Amal,2024,Drama,7.8,28,0.2529,fr
1262914,Danger on Party Island,2024,Thriller|TV Movie,4.455,11,0.1782,en
1233393,An Odd Turn,2024,Comedy,5.794,17,0.2124,es
1237000,Earworm,2024,Horror|Thriller,2.182,11,0.2742,en
1360170,Maria  I'm Dying!,2024,Comedy,6.103,29,0.3932,es
1303983,Valenciana,2024,Drama,5.5,11,0.2686,ca
1329919,Love on the Danube: Royal Getaway,2024,TV Movie|Romance,7.1,11,0.2254,en
1265888,Mountain Girl,2024,Documentary,9.9,13,0.2141,en
1163391,The Battle for the Motherland,2024,Drama|War,6.4,17,0.276,kk
1211050,Martedì e venerdì,2024,Drama|Crime,6.773,11,0.2254,it
1279863,The Doomsday Cult of Antares de la Luz,2024,Documentary,6.667,27,0.2448,es
1175785,Dona Lurdes: O Filme,2024,Comedy|Drama,7.3,12,0.2401,pt
1355389,Kopftuchmafia - Ein Stinatz-Krimi,2024,Crime|Comedy,7.0,13,0.2243,de
1363879,Last ExMas,2024,Romance|Comedy,6.25,12,0.2358,en
1214474,Stress Positions,2024,Comedy,5.636,11,0.2512,en
1147114,Christmas Carole,2024,Comedy|Family,5.7,18,0.2661,fr
1362648,The Initiated: Written from the Shadows,2024,Thriller,6.4,19,0.183,es
1372404,La patasola,2024,Thriller|Horror,6.7,11,0.2528,es
1361211,Deck the Walls,2024,TV Movie|Comedy|Romance,6.1,18,0.2762,en
1401292,The Homeowners' Dilemma,2024,Comedy,6.9,14,0.2445,uk
1000061,Barbès  little Algérie,2024,Comedy|Drama,5.8,11,0.2871,fr
1083324,A Mother's Special Love,2024,Comedy|Drama,6.595,37,0.2316,fr
1119197,Paranoia,2024,Thriller,4.2,10,0.2742,da
1115729,The Bus of Life,2024,Comedy|Drama,6.7,35,0.3229,es
957926,Aattam,2024,Drama,7.983,29,0.2101,ml
950810,Letter to a Pig,2024,Animation,5.75,18,0.2288,he
1327737,Una terapia di gruppo,2024,Drama|Comedy,6.1,111,0.2268,it
1214074,The Door-to-Door Bookstore,2024,Family|Comedy|Drama,7.6,45,0.3052,de
1383439,Jim Gaffigan: The Skinny,2024,Comedy,6.8,12,0.196,en
1234602,Sleep with Your Eyes Open,2024,Drama|Comedy,5.7,10,0.2659,pt
1232072,Eternal Playground,2024,Comedy|Drama,6.0,14,0.1837,fr
1140222,A Lot Like Paris,2024,Comedy,5.9,95,0.2415,it
950822,Pachyderm,2024,Animation|Drama,6.786,21,0.1794,fr
1151156,Flying,2024,Comedy,5.3,38,0.2831,it
1000891,Numéro 10,2024,Drama,5.5,13,0.2051,fr
1362480,Breaking the Silence: The Maria Soledad Case,2024,Documentary,7.4,18,0.2663,es
1310052,Christmas at Plumhill Manor,2024,Comedy|Romance|TV Movie,6.7,10,0.2149,en
1236400,Die Ironie des Lebens,2024,Drama|Comedy,6.1,13,0.269,de
1000092,Nowhere,2024,Animation|Drama|War|History,7.5,12,0.1947,it
1249236,Johatsu - Into Thin Air,2024,Documentary,6.893,14,0.2715,de
1202859,The Girl in the Trunk,2024,Thriller|Horror,5.8,10,0.3019,en
1311850,A Merry Royal Christmas,2024,TV Movie|Romance|Comedy,5.3,13,0.2857,en
1175235,Riverboom,2024,Documentary|Comedy,8.4,15,0.3477,fr
1243849,Bad Bear,2024,Horror|Thriller,7.846,13,0.2497,en
1108906,The Storyteller,2024,Drama|TV Movie,7.7,13,0.1957,fr
1251026,It's Not My Film,2024,Comedy|Drama,7.0,10,0.1758,pl
1360192,Buried Alive and Survived,2024,Drama|Thriller|TV Movie,6.3,13,0.2918,en
1230141,The Man with a Thousand Faces,2024,Documentary,6.7,15,0.2607,fr
1218509,Pete Davidson: Turbo Fonzarelli,2024,Comedy,6.386,35,0.1477,en
1383555,Per il mio bene,2024,Drama,7.0,10,0.1776,it
1319375,Los de la culpa,2024,Comedy,6.9,25,0.2544,es
1307051,Les Boules de Noël,2024,Comedy,4.8,51,0.1958,fr
1290627,Rafa Márquez: El Capitán,2024,Documentary,7.3,12,0.2071,es
1266741,Neal Brennan: Crazy Good,2024,Comedy,6.87,23,0.2997,en
1207637,Project Dorothy,2024,Horror|Science Fiction|Thriller,3.615,13,0.2261,en
1237835,A Soweto Love Story,2024,Comedy|Romance,4.646,24,0.2706,en
1165464,You Are Not Me,2024,Drama|Horror|Thriller,6.125,16,0.2042,ca
1250096,Food for Profit,2024,Documentary,7.8,26,0.1746,it
1201697,Curse of the Sin Eater,2024,Horror|Thriller,5.636,11,0.2251,en
995775,Almost Legal,2024,Comedy,5.4,15,0.4307,fr
1098088,Passagrana,2024,Comedy|Action,6.6,10,0.2848,pt
1399552,Maine Man,2024,Thriller|Drama|Mystery,5.7,21,0.1775,en
1196366,Idol Affair,2024,Comedy,4.9,28,0.1843,es
1355581,9 Windows,2024,Crime|Mystery|Horror|Thriller,4.9,15,0.2263,en
1158416,For Night Will Come,2024,Drama|Horror,5.319,47,0.626,fr
1220646,Yuck!,2024,Animation|Comedy|Romance,7.0,30,0.2302,fr
1247217,Apple Music Live: Jennifer Lopez,2024,Music|Documentary,6.5,14,0.2357,en
1359246,Unwrapping Christmas: Olivia's Reunion,2024,TV Movie|Romance,6.2,13,0.3112,en
1019864,Like a Prince,2024,Comedy,5.591,44,0.1904,fr
1214485,In the Land of Brothers,2024,Drama,7.7,13,0.3079,fa
1317099,The Flamenco Guitar of Yerai Cortés,2024,Documentary|Music,7.0,15,0.2293,es
1116144,High Stakes - A Night In The Ward,2024,Comedy,7.208,24,0.1862,it
1195425,War Blade,2024,War|Thriller,4.958,12,0.2407,en
1175094,We Were Children,2024,Drama,6.5,23,0.2121,it
1105445,Partiu América,2024,Comedy,5.0,16,0.1925,pt
1086357,Caracas,2024,Crime,6.0,72,0.1802,it
1297453,Bogart: Life Comes in Flashes,2024,Documentary,6.9,15,0.3046,en
1140225,Flaminia,2024,Comedy,5.2,76,0.2964,it
1294122,Jo Koy: Live from Brooklyn,2024,Comedy,7.033,15,0.1747,en
1361248,Christmas Under the Lights,2024,Drama|TV Movie,5.9,15,0.1815,en
1186227,The ABCs of Book Banning,2024,Documentary,6.4,22,0.1622,en
1387957,The Silence of Marcos Tremmer,2024,Drama|Romance,7.3,10,0.239,es
1141346,Fortunes of War,2024,War|Action,4.4,10,0.1628,en
1096252,Another Summer Holiday,2024,Comedy|Drama,5.931,101,0.1657,it
1153454,In Restless Dreams: The Music of Paul Simon,2024,Documentary|Music,6.6,11,0.274,en
1285270,Two Scoops of Italy,2024,Romance|Drama,5.8,15,0.1727,en
1001008,Headwind,2024,Drama|Comedy,5.7,24,0.2924,fr
1361154,Christmas On Call,2024,TV Movie|Romance|Drama,7.1,25,0.1916,en
1214527,Porcelain War,2024,Documentary,6.4,19,0.1975,en
1283358,No Man's Land,2024,War|Horror|Science Fiction,5.455,11,0.1873,en
1298819,Clickbait: Unfollowed,2024,Horror|Thriller|Comedy|TV Movie,5.5,11,0.1873,en
1310508,Head Over Heels,2024,Romance|TV Movie,6.4,11,0.2486,en
1187786,Com’è umano lui!,2024,Comedy|TV Movie,5.6,15,0.151,it
1025377,Hesitation Wound,2024,Drama,6.5,12,0.209,tr
1265122,Light,2024,Science Fiction|Horror|Thriller,4.2,16,0.1428,en
1084849,Her & Him & the Rest of the World,2024,Comedy|Romance,6.69,21,0.1463,fr
1222522,Criature,2024,Drama|Romance,5.8,15,0.1771,it
987678,The Night I Fought Against God,2024,Drama,7.0,16,0.1543,es
1225707,Five Years From Now,2024,Comedy|TV Movie,5.2,25,0.1681,fr
1209304,Por tus muertos,2024,Comedy|Music,5.1,16,0.2175,es
1001023,Just a Couple of Days,2024,Drama|Comedy,6.1,38,0.213,fr
1001473,Sur un fil,2024,Comedy|Drama,7.5,14,0.1614,fr
1355030,Ilana Glazer: Human Magic,2024,Comedy,5.409,11,0.2036,en
1361125,Trivia at St. Nick's,2024,Comedy|Romance|TV Movie,5.5,18,0.2235,en
1261352,Dead Whisper,2024,Horror|Thriller,4.6,12,0.1924,en
1181414,Finding the Money,2024,Documentary,6.9,10,0.1419,en
1295091,Our Lovely Pig Slaughter,2024,Drama,5.75,11,0.2113,cs
1248793,Miss Merkel - Mord auf dem Friedhof,2024,Crime|Comedy,5.4,12,0.2279,de
984195,Now or Never!,2024,Action|Drama|Adventure|History,2.75,14,0.1622,hu
1273576,Sarò con te,2024,Documentary,7.5,13,0.2438,it
1358951,Rachel Bloom: Death  Let Me Do My Special,2024,Comedy,6.6,10,0.1723,en
1230888,Jeff Dunham: I'm with Cupid,2024,Comedy,7.3,15,0.1605,en
1137724,Bad Hair Day,2024,Comedy,5.9,13,0.1676,es
1380447,Anthony Jeselnik: Bones and All,2024,Comedy,6.971,34,0.2627,en
1273678,We Need to Talk,2024,Comedy|Crime,5.183,93,0.1669,it
1307258,They Call Her Death,2024,Western|Horror|Action,6.6,10,0.2219,en
1220246,What We Find on the Road,2024,Adventure|Comedy|Drama|Mystery,5.8,10,0.2961,en
997509,First Case,2024,Drama,4.9,31,0.2006,fr
1218233,Alles gelogen,2024,Comedy,6.7,10,0.3396,de
1361215,Believe in Christmas,2024,TV Movie|Romance|Comedy,5.8,23,0.1881,en
1231064,L'amore e altre seghe mentali,2024,Comedy|Romance,5.306,54,0.1736,it
1294931,Come Into My Life,2024,Comedy|Romance,7.5,19,0.2336,es
1119550,Love Boat,2024,Comedy,5.536,97,0.1506,fr
1284444,Marlon Wayans: Good Grief,2024,Comedy|Documentary|TV Movie,5.4,11,0.1458,en
1276031,Witches,2024,Documentary,7.7,33,0.1873,en
1200260,1995,2024,Comedy,6.656,16,0.2143,fr
1227770,Taylor Tomlinson: Have It All,2024,Comedy,6.7,59,0.2297,en
1149095,Mort d'un berger,2024,Crime|TV Movie,6.7,10,0.2051,fr
1095234,Sunflower,2024,Drama,7.4,11,0.314,en
982573,The Curse,2024,Horror|Thriller,4.9,15,0.1898,fr
1213871,Six Feet Over,2024,Drama|Comedy,7.136,11,0.185,ar
1130405,Give a Little Beat,2024,Comedy|Family,5.583,60,0.1998,fr
1361162,To Have and to Holiday,2024,TV Movie|Comedy|Romance,6.2,13,0.2188,en
1303942,Laura Felpin : Ça passe,2024,Comedy,7.1,14,0.1418,fr
958855,A Nice Jewish Boy,2024,Comedy|Drama,5.7,51,0.1827,fr
1354503,An Invisible Victim: The Eliza Samudio Case,2024,Documentary|Crime,6.8,37,0.2677,pt
1211087,Christspiracy,2024,Documentary,9.2,11,0.2315,en
1186605,Black Eyed Susan,2024,Science Fiction|Horror,4.364,11,0.1732,en
1310042,Fêlés,2024,Comedy,5.5,28,0.2069,fr
966643,He Never Left,2024,Horror|Crime|Thriller,6.1,10,0.2641,en
1187762,Stories of Samba,2024,Drama,6.4,19,0.1822,pt
1221789,Dobbiamo stare vicini,2024,Comedy,5.431,36,0.1539,it
1316292,The Last Ranger,2024,Drama,7.1,19,0.177,xh
1184583,Ennio Doris - C'è anche domani,2024,Drama|History,6.7,23,0.2074,it
1258159,Dave Attell: Hot Cross Buns,2024,Comedy,6.469,16,0.1642,en
1223194,ME,2024,Animation|Drama|Science Fiction|Music,7.818,11,0.1876,en
1101242,Start Me Up,2024,Comedy,5.136,33,0.1585,fr
802312,I Am Not What I Am - The Tragedy of Othello by W. Shakespeare,2024,Drama,4.9,19,0.1776,it
1295517,Vittoria,2024,Drama,7.4,18,0.2452,it
1251973,Ship of the Damned,2024,Horror|Action,5.0,12,0.1797,en
1302562,The Three Sisters,2024,Comedy|Animation,6.0,10,0.1816,en
1277236,Main Ladega,2024,Drama,6.3,15,0.1077,hi
1259162,Ukraine: Enemy in the Woods,2024,Documentary|War,8.2,11,0.1876,en
1294017,Nelma Kodama: The Queen of Dirty Money,2024,Documentary|Crime,6.1,24,0.1523,pt
1252756,A Place Without Fear,2024,Animation|Horror,6.542,12,0.1396,en
1252328,Blackout bei Wellmanns,2024,TV Movie|Comedy|Drama,6.5,11,0.2124,de
952063,Erdal and Ece,2024,Comedy|Romance,4.909,11,0.1913,tr
1275232,New,2024,Drama,8.2,25,0.1263,ru
1317347,Ma chi ti conosce?,2024,Comedy|Romance,6.8,52,0.2125,it
1186103,Wunderland,2024,Documentary,6.9,20,0.2057,de
1214504,Tendaberry,2024,Drama|Romance,5.9,13,0.1201,en
1146263,The Bodin’s Investigate in Corsica,2024,Comedy|TV Movie,5.5,16,0.1232,fr
1201059,Bertrand's Farm,2024,Documentary,6.6,13,0.1967,fr
1284789,Mortelle raclette,2024,TV Movie|Comedy|Horror,4.47,33,0.1456,fr
1360733,Family Affairs,2024,Comedy,5.4,15,0.2295,es
1235913,I Am Not That,2024,Comedy|Romance,5.4,21,0.2032,es
1365953,Do Not Open,2024,Horror|Thriller,3.1,10,0.1276,en
1033576,The Cage - Nella gabbia,2024,Drama,6.2,17,0.1986,it
1359508,Me  Dad  Niu-York,2024,Drama,8.3,10,0.149,uk
1193541,Tout le monde ment 2,2024,Crime|TV Movie,6.9,10,0.1937,fr
1244657,The Blackwell Ghost 8,2024,Horror,6.5,28,0.1498,en
1030183,Film for Aliens,2024,Family|Adventure|Drama,6.2,11,0.1151,pl
1129314,It Happens in the Best of Families,2024,Comedy,5.008,64,0.2329,it
1311071,Micha denkt groß,2024,Comedy,5.0,10,0.1783,de
1247098,Holiday on Four Wheels,2024,Comedy,5.3,10,0.1348,cs
1143295,Norbert(a),2024,Comedy,6.115,13,0.1689,es
1296824,30 anni (di meno),2024,Comedy,5.2,12,0.1569,it
1115757,Troppo azzurro,2024,Comedy,5.4,24,0.1643,it
1241864,Califano,2024,TV Movie|Drama|Music,6.616,43,0.1287,it
1105946,Seul,2024,Adventure|History|TV Movie,5.9,21,0.125,fr
1127912,When Fucking Spring Is in the Air,2024,Drama,6.2,10,0.1342,en
730256,City of Wind,2024,Drama,7.1,16,0.1454,mn
1059010,The Damned,2024,Drama|War|History,5.8,43,0.2888,en
1212211,Ricomincio da TAAAC,2024,Comedy,6.0,41,0.1176,it
1056437,Turma da Mônica Jovem: Reflexos do Medo,2024,Adventure|Comedy|Fantasy,3.9,17,0.15,pt
1313243,The Shakedown,2024,Crime|Comedy,4.8,10,0.1308,en
1352149,Hasan Minhaj: Off with His Head,2024,Comedy,7.1,17,0.2213,en
1397788,Fais pas ci  fais pas ça - On va marcher sur la Lune,2024,Comedy,5.4,12,0.1539,fr
1246463,Fear of the Light,2024,Horror|Mystery,8.273,11,0.1402,en
1265746,Eight Postcards from Utopia,2024,Documentary,7.1,10,0.1485,ro
1093379,William Shatner: You Can Call Me Bill,2024,Documentary,6.455,11,0.1037,en
1274686,Simon of the Mountain,2024,Drama,6.382,17,0.2494,es
1242388,Brandy Hellville & the Cult of Fast Fashion,2024,Documentary,5.316,18,0.2082,en
1222886,La luce nella masseria,2024,Drama|TV Movie,7.0,16,0.1302,it
1142559,L'école des espions,2024,Thriller|TV Movie,6.0,12,0.1647,fr
874763,Gaganachari,2024,Science Fiction|Comedy|Fantasy,7.5,10,0.2029,ml
1153031,Finché notte non ci separi,2024,Comedy,6.0,34,0.1001,it
1340826,Home Sweet Christmas,2024,TV Movie|Comedy|Romance,6.5,10,0.1467,en
1134789,The Trainers,2024,Comedy,6.409,11,0.1716,it
1180406,Meet Me at the Christmas Train Parade,2024,TV Movie|Comedy|Romance,5.4,10,0.1276,en
1320284,The Miu Miu Affaire,2024,Drama|Mystery,7.182,11,0.1284,es
1294849,Dog Life,2024,Comedy|Romance,7.3,20,0.1524,es
1228597,Tô de Graça: O Filme,2024,Comedy,5.15,10,0.131,pt
1262098,Mostruosamente Villaggio,2024,Documentary,7.0,10,0.1378,it
1321663,Inter. Due Stelle sul Cuore,2024,Documentary,6.9,14,0.2651,it
1215320,Come far litigare mamma e papà,2024,Comedy,5.8,22,0.159,it
1187311,Your Mother or Mine: Mothers-in-Law at War,2024,Comedy,4.6,17,0.088,es
1235677,Roman Frayssinet : Ô dedans,2024,Comedy,7.344,16,0.1136,fr
977956,Rock Paper Grenade,2024,Drama,7.4,14,0.2062,uk
1303771,TikTok Star Murders,2024,Crime|Documentary,6.3,15,0.1935,en
1320279,One of Those Days When Hemme Dies,2024,Drama,5.8,13,0.1072,tr
1268052,Return,2024,Unknown,6.0,195,0.0934,fr
1378305,The World According to Kaleb - On Tour,2024,Comedy,6.1,12,0.1026,en
1001377,Salem,2024,Fantasy|Drama|Romance,5.4,23,0.3077,fr
1265725,Florence Foresti : Boys Boys Boys,2024,Comedy,7.5,38,0.2288,fr
1096826,Runner,2024,Thriller,5.2,13,0.1383,it
1278954,perfectly a strangeness,2024,Documentary,6.0,15,0.251,fr
1299364,Questi fantasmi!,2024,Comedy|TV Movie,7.1,11,0.3828,it
1356884,L'avance,2024,Drama,5.933,15,0.1239,fr
1206091,Reports,2024,Drama|TV Movie,8.4,10,0.1056,fr
1000079,A Smile Doesn't Lie,2024,Comedy|Drama,5.781,57,0.109,fr
983012,The Fantastic Three,2024,Drama|Comedy,6.5,46,0.1378,fr
1217043,Bug Diner,2024,Animation|Comedy|Fantasy|Romance,6.583,12,0.0858,en
1244801,Hannah Gadsby's Gender Agenda,2024,Comedy,5.423,13,0.1038,en
1251123,La Vie rêvée des autres,2024,Drama|Crime,6.4,10,0.1843,fr
1385363,Fanmade: ENHYPEN,2024,Documentary,9.1,10,0.1671,en
1341132,Christmas Wreaths and Ribbons,2024,TV Movie|Comedy|Romance,5.9,13,0.1174,en
1272285,Liberato's Secret,2024,Animation|Documentary|Music,7.4,28,0.1582,it
1226078,Jack Whitehall: Settle Down,2024,Comedy,6.188,16,0.1017,en
1288640,On April 22  2023  from 13:05 to 13:11  Nothing Happened in Irpin,2024,Documentary,6.4,18,0.0971,uk
1248739,Pathological: The Lies of Joran van der Sloot,2024,Documentary|Crime,5.9,12,0.0879,en
1277207,For Sale,2024,Horror|Comedy,3.8,11,0.1497,en
1290941,Golo & Ritchie,2024,Comedy|Documentary,5.7,29,0.086,fr
1398283,Ostinato,2024,Animation|Music|Drama,6.188,32,0.1235,en
1594476,Bologna Brigante,2024,Drama|Comedy,6.0,11,0.1392,it
1327965,Last Ma(i)nland,2024,Documentary,5.934,38,0.1462,ru
1121711,Ari-Cassamortari,2024,Comedy,6.2,27,0.1151,it
1116569,Bolero,2024,Drama,4.6,15,0.1121,fr
1190745,Poor Rich Boys,2024,Drama|Comedy,4.0,12,0.0937,pt
1402430,Morat: One Last Dream,2024,Music,8.588,17,0.1093,es
1266658,Afgan,2024,Drama,7.3,13,0.1294,kk
1183400,Le Jour de Ma Mort,2024,TV Movie|Thriller|Crime,5.9,14,0.1525,fr
977954,La Palisiada,2024,Drama,5.8,10,0.0823,uk
1190397,The Last Week of September,2024,Drama,6.359,39,0.1115,it
1201052,Living With Wolves,2024,Documentary,6.8,20,0.1248,fr
1219724,Maia – Portrait with Hands,2024,Documentary,6.6,15,0.0741,ro
1204188,Part-Time Daddy,2024,Comedy,7.0,18,0.089,ro
1230147,Jenny Slate: Seasoned Professional,2024,Comedy,5.0,13,0.0887,en
1480904,No Lo Escuches,2024,Unknown,4.667,12,0.0789,es
1312232,Hannah Berner: We Ride at Dawn,2024,Comedy,5.6,13,0.1118,en
1289045,Franco Escamilla: Ladies' man,2024,Comedy,8.9,31,0.0806,es
1314434,It Happens,2024,Drama,7.042,12,0.0876,fr
1070997,Almost Paradise,2024,Drama,6.5,13,0.0903,it
1300245,I Am Ready  Warden,2024,Documentary,6.173,26,0.1522,en
1425588,El retorno,2024,Drama,6.2,10,0.0705,es
1299462,Metamorfosi dell'essere,2024,Thriller,3.6,12,0.0583,it
1282913,The Painter,2024,Drama|Fantasy,5.7,14,0.0518,en
1397372,Motel Tlalpan,2024,Unknown,7.4,10,0.0919,es
1286889,A,2024,Unknown,5.9,55,0.096,en
1322715,S.S,2024,Animation|Comedy,7.8,12,0.0558,es
1320485,Maroun Returns to Beirut,2024,Documentary,6.8,60,0.0443,ar
1316954,Love,2024,Animation,6.4,30,0.0456,tr
1246962,Mo,2024,Drama|Family,6.6,11,0.1276,en
1263056,Climate: The Movie (The Cold Truth),2024,Documentary,8.5,11,0.0954,en
1356991,Lord,2024,Unknown,8.5,11,0.0453,xx
1320689,A Little Fact,2024,Documentary,7.2,10,0.0311,ru
1365377,Catching Snowflakes On Her Tongue + Cute Little Drunk,2024,Documentary,5.7,10,0.0261,ru
1326253,Pain,2024,Music,5.5,14,0.0261,en
1317357,Fary : Aime-moi si tu peux,2024,Comedy,7.395,19,0.0286,fr
1365344,The Wandering Pain,2024,Documentary,5.1,12,0.0286,ru
1374463,Return,2024,Unknown,6.5,41,0.0286,en
1239659,Pain,2024,Romance,6.6,31,0.0239,fr
1339252,Harry,2024,Unknown,5.9,57,0.0143,en
1362191,RTI,2024,Thriller|Crime,8.4,13,0.0658,te
1274335,Albidum. A Story of Lost Film Strip,2024,Documentary,5.5,10,0.0,ru
1268321,Happily Ever After or Why the Dinosaurs Died Out,2024,Documentary,6.8,12,0.0071,ru
