id,title,release_year,genres,vote_average,vote_count,popularity,original_language
48650,Room in Rome,2010,Drama|Romance,6.4,828,53.5622,es
27205,Inception,2010,Action|Science Fiction|Adventure,8.372,39322,33.6119,en
10138,Iron Man 2,2010,Adventure|Action|Science Fiction,6.854,22402,29.0093,en
43947,I Spit on Your Grave,2010,Thriller|Crime|Horror,6.509,2571,23.1071,en
12444,Harry Potter and the Deathly Hallows: Part 1,2010,Adventure|Fantasy,7.7,20389,20.9345,en
10193,Toy Story 3,2010,Animation|Family|Comedy,7.806,15734,21.1686,en
63319,Belle épine,2010,Drama,5.4,56,20.421,fr
38365,Grown Ups,2010,Comedy,6.417,6687,19.3567,en
38757,Tangled,2010,Animation|Family|Adventure,7.613,12405,16.3057,en
20352,Despicable Me,2010,Animation|Comedy|Crime|Family|Science Fiction,7.258,16059,17.5698,en
11324,Shutter Island,2010,Drama|Thriller|Mystery,8.199,25861,15.3218,en
73861,A Serbian Film,2010,Crime|Horror|Thriller,5.4,2213,15.7596,sr
61979,Three Steps Above Heaven,2010,Romance|Drama,7.724,3226,15.6519,es
43949,Flipped,2010,Romance|Drama,8.0,3326,14.6306,en
12155,Alice in Wonderland,2010,Family|Fantasy|Adventure,6.642,14812,14.2252,en
10191,How to Train Your Dragon,2010,Fantasy|Adventure|Animation|Family,7.9,14371,10.91,en
49797,I Saw the Devil,2010,Thriller|Horror,7.801,3023,11.7195,ko
37799,The Social Network,2010,Drama,7.374,13171,10.0637,en
32657,Percy Jackson & the Olympians: The Lightning Thief,2010,Adventure|Fantasy|Family,6.213,7821,10.523,en
43347,Love & Other Drugs,2010,Drama|Comedy|Romance,7.044,5614,9.9824,en
38575,The Karate Kid,2010,Action|Adventure|Drama|Family,6.6,6561,10.9305,en
38055,Megamind,2010,Animation|Action|Comedy|Family|Science Fiction,7.027,7468,9.9716,en
50727,The Servant,2010,Romance|Drama|Comedy,5.671,41,8.9466,ko
27578,The Expendables,2010,Thriller|Adventure|Action,6.251,8293,10.103,en
10192,Shrek Forever After,2010,Comedy|Adventure|Fantasy|Animation|Family,6.4,7953,9.2103,en
12201,Edge of Darkness,2010,Crime|Drama|Mystery|Thriller,6.422,1730,10.3573,en
24021,The Twilight Saga: Eclipse,2010,Adventure|Fantasy|Drama|Romance,6.193,9257,9.5882,en
26389,From Paris with Love,2010,Action|Crime|Thriller,6.401,2334,8.521,en
23483,Kick-Ass,2010,Action|Crime,7.1,12385,8.1297,en
44214,Black Swan,2010,Drama|Thriller|Horror,7.7,15567,7.6778,en
38234,Undisputed III: Redemption,2010,Action|Thriller|Crime|Drama,7.56,1022,8.4667,en
51739,The Secret World of Arrietty,2010,Fantasy|Animation|Family,7.668,3170,6.9921,ja
34851,Predators,2010,Science Fiction|Action|Thriller,6.298,4633,7.492,en
23168,The Town,2010,Crime|Drama|Thriller,7.222,5644,7.0679,en
54493,X Game,2010,Horror,5.2,18,4.7633,ja
18823,Clash of the Titans,2010,Adventure|Fantasy|Action,5.92,6687,6.6919,en
10140,The Chronicles of Narnia: The Voyage of the Dawn Treader,2010,Adventure|Family|Fantasy,6.4,5895,8.0713,en
20526,TRON: Legacy,2010,Adventure|Action|Science Fiction,6.544,7929,6.8907,en
39514,RED,2010,Action|Adventure|Comedy|Crime|Thriller,6.706,7147,5.9791,en
22538,Scott Pilgrim vs. the World,2010,Action|Comedy|Romance,7.485,8601,7.1308,en
46738,Incendies,2010,Drama|War|Mystery,8.108,3282,6.7258,fr
65496,Student Services,2010,Drama,5.359,142,5.635,fr
27022,The Sorcerer's Apprentice,2010,Fantasy|Adventure|Action,6.142,5274,5.8191,en
37786,Sex and the City 2,2010,Comedy|Drama|Romance,6.045,1729,6.0313,en
52629,El Infierno,2010,Action|Crime|Western|Comedy|Drama,7.883,777,5.6244,es
44048,Unstoppable,2010,Action|Thriller,6.616,3902,6.7667,en
22894,Legion,2010,Action|Fantasy|Horror,5.903,2872,5.6087,en
20504,The Book of Eli,2010,Action|Thriller|Science Fiction,6.804,6689,5.5564,en
43593,Piranha 3D,2010,Comedy|Horror,5.4,2392,5.3839,en
34544,The A-Team,2010,Action|Comedy|Crime,6.418,5006,5.6686,en
38167,Eat Pray Love,2010,Drama|Romance,6.246,2635,5.3479,en
10196,The Last Airbender,2010,Action|Adventure|Fantasy,4.65,4265,5.5193,en
37707,Splice,2010,Horror|Science Fiction,5.875,2438,4.433,en
9543,Prince of Persia: The Sands of Time,2010,Adventure|Fantasy|Action,6.302,7169,5.142,en
33217,Diary of a Wimpy Kid,2010,Comedy|Family,6.3,1768,5.2148,en
41439,Saw 3D,2010,Horror|Crime,5.981,3298,5.7616,en
27576,Salt,2010,Action|Mystery|Thriller,6.418,5938,5.2217,en
20662,Robin Hood,2010,Action|Adventure|History|Drama,6.4,5018,5.6062,en
51608,The Man from Nowhere,2010,Action|Thriller|Crime,7.686,1491,4.7321,ko
45269,The King's Speech,2010,Drama|History,7.733,9307,5.5975,en
27581,The Other Guys,2010,Comedy|Action,6.332,4577,4.7801,en
34016,She's Out of My League,2010,Romance|Comedy,6.488,2336,4.3827,en
37710,The Tourist,2010,Action|Thriller|Romance,6.183,5754,4.0518,en
35019,Nanny McPhee and the Big Bang,2010,Comedy|Fantasy|Family,6.321,1952,5.2979,en
23437,A Nightmare on Elm Street,2010,Horror|Mystery|Thriller,5.526,2918,4.4512,en
41733,Due Date,2010,Comedy|Drama,6.397,5825,4.6928,en
37834,Knight and Day,2010,Action|Comedy,6.234,4896,4.0387,en
44264,True Grit,2010,Drama|Adventure|Western,7.306,5757,5.8699,en
37735,Easy A,2010,Comedy,6.805,7380,3.7987,en
44683,Tinker Bell and the Great Fairy Rescue,2010,Animation|Adventure|Family|Fantasy,6.8,1011,4.1725,en
26022,My Name Is Khan,2010,Drama|Romance,8.027,1454,3.6916,hi
44945,Trust,2010,Crime|Drama|Thriller,6.549,1044,4.1859,en
102752,Cleveland Versus Wall Street,2010,Documentary|Crime|Drama,7.4,12,5.6346,en
37821,Killers,2010,Action|Comedy|Thriller|Romance,5.955,2314,3.9796,en
45317,The Fighter,2010,Drama,7.4,4728,5.4355,en
46503,All Good Things,2010,Mystery|Thriller|Romance,6.053,994,3.5392,en
39486,Secretariat,2010,Drama,7.4,636,4.2947,en
23172,The Spy Next Door,2010,Action|Comedy|Family,5.89,1416,4.4521,en
46838,Tucker and Dale vs. Evil,2010,Comedy|Horror,7.4,3154,3.9971,en
46705,Blue Valentine,2010,Drama|Romance,6.961,3513,4.8589,en
34813,The Losers,2010,Action|Adventure|Crime|Mystery|Thriller,6.259,1983,4.0721,en
44115,127 Hours,2010,Adventure|Drama|Thriller,7.089,8098,4.3563,en
38199,Unthinkable,2010,Drama|Thriller,6.804,1450,4.953,en
41283,Faster,2010,Crime|Drama|Action|Thriller,6.353,2105,4.4395,en
41216,Legend of the Guardians: The Owls of Ga'Hoole,2010,Animation|Adventure|Family|Fantasy,6.831,2478,4.0519,en
27579,The American,2010,Crime|Drama|Thriller,5.989,1516,3.5705,en
51620,Death Race 2,2010,Action|Thriller|Science Fiction,5.853,1198,3.7634,en
25195,Leap Year,2010,Romance|Comedy,6.897,2162,4.2311,en
23048,Hot Tub Time Machine,2010,Science Fiction|Comedy|Adventure,6.045,2744,3.1897,en
39451,Little Fockers,2010,Comedy|Romance,5.7,3452,3.8915,en
39691,Cats & Dogs: The Revenge of Kitty Galore,2010,Family|Adventure|Comedy|Fantasy|Action,5.2,687,3.1273,en
34134,Barbie in A Mermaid Tale,2010,Animation|Family|Fantasy,7.257,811,3.6238,en
107748,Sin tetas no hay paraíso,2010,Crime|Drama,7.321,109,3.4326,es
47407,Milf,2010,Comedy,4.5,102,4.6627,en
49953,A Turtle's Tale: Sammy's Adventures,2010,Animation|Family,6.062,690,3.6389,en
23169,Remember Me,2010,Drama|Romance,7.104,3732,3.6619,en
42297,Burlesque,2010,Drama|Romance,7.211,2377,5.2947,en
37645,22 Bullets,2010,Drama|Crime|Thriller,6.676,1336,3.6906,fr
23759,Centurion,2010,Adventure|Action|Drama,6.234,1560,3.3923,en
23631,Machete,2010,Action|Comedy|Thriller,6.344,3555,3.5382,en
35056,Date Night,2010,Comedy|Action|Adventure,6.1,3063,4.7762,en
40264,Vampires Suck,2010,Comedy|Fantasy,4.396,1400,3.4305,en
35552,The Extraordinary Adventures of Adèle Blanc-Sec,2010,Fantasy|Adventure|Action|Mystery,6.263,1488,3.5074,fr
23023,Tooth Fairy,2010,Comedy|Family|Fantasy,5.484,2108,3.6541,en
28211,Chloe,2010,Drama|Thriller|Mystery,6.136,1878,3.438,en
68523,Slow Torture Puke Chamber!,2010,Horror,3.149,47,3.1997,en
22971,Dear John,2010,Drama|Romance|War,6.838,4289,3.3846,en
44874,Barbie: A Fashion Fairytale,2010,Family|Animation,7.261,793,3.4057,en
56832,Gantz,2010,Horror|Action|Science Fiction,6.566,342,3.1045,ja
37034,True Legend,2010,Action|Fantasy,6.57,242,3.1009,zh
22907,Takers,2010,Action|Crime|Drama|Thriller,6.241,1386,2.9985,en
97375,Detective Conan: The Lost Ship in the Sky,2010,Animation|Crime|Mystery|Action,7.077,149,3.0874,ja
26388,Buried,2010,Thriller,6.639,3046,3.9545,en
44040,Devil,2010,Horror|Mystery|Thriller,6.1,3108,3.265,en
57749,The Clinic,2010,Mystery|Horror|Thriller|Crime,5.579,152,4.6596,en
37056,Letters to Juliet,2010,Comedy|Drama|Romance,6.999,3013,3.5837,en
44982,13,2010,Drama|Thriller,5.836,904,3.0676,en
49009,The Way Back,2010,Drama|Adventure|History,6.999,1762,3.3604,en
50723,Naruto Shippuden the Movie: The Lost Tower,2010,Adventure|Action|Animation,7.169,509,3.3993,ja
51533,Let the Bullets Fly,2010,Action|Comedy,7.781,352,3.0099,zh
47931,Elite Squad: The Enemy Within,2010,Drama|Action|Crime,7.843,2049,3.4821,pt
38408,Life As We Know It,2010,Comedy|Romance|Drama,6.899,3280,3.2826,en
86184,Doraemon: Nobita's Great Battle of the Mermaid King,2010,Adventure|Family|Animation|Fantasy|Science Fiction,6.84,72,2.9383,ja
31867,Repo Men,2010,Action|Science Fiction|Thriller|Crime,6.3,2106,2.9086,en
84250,Bittersweet,2010,Comedy|Drama,7.54,88,2.4742,ar
50542,Under the Hawthorn Tree,2010,Drama|Romance,7.772,156,3.5747,zh
45752,Scooby-Doo! Camp Scare,2010,Animation|Comedy|Family|Mystery,7.8,333,3.3249,en
19901,Daybreakers,2010,Action|Fantasy|Science Fiction,6.287,2176,2.9546,en
43539,The Next Three Days,2010,Romance|Drama|Thriller|Crime,7.089,3107,3.9088,en
35558,Starstruck,2010,Romance|Comedy|TV Movie|Music,7.041,1231,4.6591,en
38579,Marmaduke,2010,Family|Comedy,5.209,808,3.6348,en
54186,Confessions,2010,Drama|Thriller|Mystery,7.582,993,3.0395,ja
40205,16 Wishes,2010,Fantasy|Drama|Family,6.317,1363,3.06,en
45202,The Housemaid,2010,Thriller|Drama,6.337,378,2.803,ko
38778,Dinner for Schmucks,2010,Comedy,5.721,1938,2.6461,en
41515,Yogi Bear,2010,Comedy|Family|Animation|Adventure,5.6,944,2.8415,en
40662,Batman: Under the Red Hood,2010,Mystery|Crime|Animation,7.757,1727,2.6224,en
7978,The Wolfman,2010,Horror,5.9,2179,3.5536,en
38745,Gulliver's Travels,2010,Family|Comedy|Adventure|Fantasy,5.218,2549,3.1693,en
59468,The Way,2010,Adventure|Comedy|Drama,7.108,653,2.491,en
12819,Alpha and Omega,2010,Animation|Family|Comedy|Adventure|Romance,5.965,558,2.6347,en
44092,Reign of Assassins,2010,Action|Adventure,6.922,282,3.0086,zh
41233,Step Up 3D,2010,Drama|Romance,6.816,1995,2.7411,en
34803,Death at a Funeral,2010,Comedy,5.886,1071,3.02,en
70740,Goblin,2010,Horror|Fantasy|Science Fiction,4.9,47,2.5556,en
43209,Ong Bak 3,2010,Action|Adventure|History,6.088,503,2.4978,th
34806,The Back-Up Plan,2010,Comedy|Romance,6.121,1488,2.3076,en
42194,Tekken,2010,Crime|Drama|Action|Thriller|Science Fiction,5.357,740,2.6066,en
57361,The Yellow Sea,2010,Drama|Thriller|Crime,7.4,580,2.6141,ko
39013,Winter's Bone,2010,Drama|Mystery,6.778,1997,2.5516,en
58857,13 Assassins,2010,Adventure|Drama|Action,7.305,1263,2.4924,ja
32856,Valentine's Day,2010,Comedy|Romance,5.9,3171,3.589,en
42188,Never Let Me Go,2010,Drama|Romance|Science Fiction,6.85,2470,3.1186,en
34179,14 Blades,2010,Drama|Action|Thriller,6.323,212,2.5846,zh
59421,Bedevilled,2010,Thriller|Crime|Drama|Horror,7.2,484,2.1663,ko
41436,Paranormal Activity 2,2010,Horror|Mystery,5.792,2637,3.0148,en
44113,Stone,2010,Drama|Thriller|Action|Mystery,5.291,732,2.6346,en
63455,Flower & Snake 3,2010,Drama|Romance|Thriller|Horror,6.0,36,2.5462,ja
51250,Gun,2010,Action|Crime,5.2,106,2.2916,en
47626,Legend of the BoneKnapper Dragon,2010,Animation|Fantasy|Family|Adventure|Comedy,7.057,281,2.2988,en
44603,Hereafter,2010,Drama|Fantasy,6.141,1813,2.3823,en
38843,Ramona and Beezus,2010,Comedy|Family,6.574,794,2.613,en
22972,Green Zone,2010,War|Action|Adventure|Drama|Thriller,6.49,2375,2.243,en
45657,The Ward,2010,Horror|Thriller,5.8,1287,2.3685,en
34647,Enter the Void,2010,Fantasy|Drama,7.291,1992,2.5484,en
42684,Skyline,2010,Science Fiction|Action|Thriller,5.0,1765,2.6989,en
44363,Frozen,2010,Thriller,6.003,2005,2.5288,en
38303,You Again,2010,Comedy|Romance,6.276,1301,2.3455,en
20533,Jonah Hex,2010,Western|Fantasy|Thriller,4.964,1543,2.3686,en
41402,Let Me In,2010,Drama|Horror|Mystery,6.795,2199,2.6294,en
27573,The Bounty Hunter,2010,Action|Comedy|Romance,5.846,3058,2.3053,en
58496,Senna,2010,Documentary,8.11,1197,2.4251,en
48492,Detective Dee and the Mystery of the Phantom Flame,2010,Action|Adventure|Drama|Mystery,6.558,430,2.6212,zh
43920,Dog Pound,2010,Drama,7.216,399,2.3378,en
70000,Horny House of Horror,2010,Horror|Comedy,4.6,36,2.2966,ja
61591,Welcome to the Space Show,2010,Animation|Science Fiction,6.49,51,2.6779,ja
8952,I Love You Phillip Morris,2010,Comedy|Crime|Drama|Romance,6.4,1825,2.5668,en
42941,30 Days of Night: Dark Days,2010,Horror|Thriller,4.994,593,2.4977,en
29427,The Crazies,2010,Mystery|Horror|Action,6.31,2276,2.4969,en
56743,Elena Undone,2010,Drama|Romance,6.886,180,2.4343,en
46441,Mirrors 2,2010,Horror|Mystery|Fantasy,5.503,440,3.4248,en
38357,Morning Glory,2010,Drama|Comedy|Romance,6.4,1630,2.3989,en
32823,Get Him to the Greek,2010,Adventure|Comedy|Music,5.975,1938,2.4331,en
63700,My Babysitter's a Vampire,2010,Comedy|Adventure|Fantasy|TV Movie,6.989,415,1.7293,en
71172,Gintama: The Movie,2010,Action|Science Fiction|Animation,7.4,100,2.5941,ja
42949,Arthur 3: The War of the Two Worlds,2010,Animation|Adventure|Fantasy|Family,5.798,1612,2.1678,fr
30061,Justice League: Crisis on Two Earths,2010,Action|Adventure|Animation|Science Fiction|Fantasy,7.319,773,2.5468,en
68279,Meat,2010,Thriller|Drama,4.0,14,2.0839,nl
45649,Rubber,2010,Comedy|Drama|Fantasy|Horror|Mystery,5.917,1117,3.7429,fr
148284,Enthiran,2010,Action|Science Fiction|Adventure,6.57,249,1.9211,ta
23742,Cop Out,2010,Action|Comedy|Crime,5.551,1636,2.5192,en
57627,A Little Thing Called Love,2010,Comedy|Romance,7.769,134,2.5159,th
103450,Nude,2010,Drama,6.0,13,2.0832,ja
73245,Bleach the Movie: Hell Verse,2010,Action|Animation|Fantasy|Adventure,7.554,203,2.0531,ja
35138,Little Big Soldier,2010,Action|Comedy|Adventure,6.891,339,2.0179,zh
57869,Pretty Cure All Stars DX2: The Light of Hope - Protect the Rainbow Jewel!,2010,Animation|Comedy|Fantasy|Action|Adventure|Family,6.0,13,2.1612,ja
51170,Open Season 3,2010,Adventure|Animation|Family|Comedy|TV Movie,5.68,675,2.5061,en
59457,Womb,2010,Romance|Science Fiction,6.037,401,1.8309,en
47854,Legend of the Fist: The Return of Chen Zhen,2010,Drama|Action|History|Thriller,6.806,456,2.2511,cn
50337,Firebreather,2010,Fantasy|Animation|Action|Thriller|Family,7.4,232,3.301,en
33602,Temple Grandin,2010,Drama|History,7.9,556,2.2812,en
46528,The Warrior's Way,2010,Adventure|Fantasy|Action|Western|Thriller,6.6,668,2.2575,en
59507,Four Lovers,2010,Romance,5.903,93,1.9007,fr
33909,Wall Street: Money Never Sleeps,2010,Drama|Crime,6.103,1692,2.4494,en
37950,Charlie St. Cloud,2010,Drama|Romance,6.964,2239,3.2488,en
41215,Black Death,2010,Drama|History|Horror,6.074,965,2.0934,en
50087,Pokémon: Zoroark - Master of Illusions,2010,Family|Animation|Adventure|Fantasy,6.7,237,2.0214,ja
16290,Jackass 3D,2010,Comedy|Documentary|Action,6.616,1466,2.3595,en
50393,Kung Fu Panda Holiday,2010,Animation|Family|TV Movie|Comedy|Fantasy,7.0,377,2.6295,en
45284,Outrage,2010,Action|Crime|Thriller|Drama,6.869,458,1.7351,ja
38363,Fair Game,2010,Drama|Thriller,6.457,859,2.5111,en
41210,The Switch,2010,Comedy|Romance|Drama,6.229,2039,2.0902,en
41505,6 Souls,2010,Horror|Mystery|Thriller,6.025,767,2.9237,en
34777,Bad Blood,2010,Action|Thriller,5.328,29,2.5672,zh
117352,Crayon Shin-chan: Super-Dimension! The Storm Called My Bride,2010,Animation|Comedy|Family,7.7,66,2.0869,ja
45132,Super,2010,Comedy|Action|Drama,6.5,1736,2.0066,en
43641,Superman/Shazam!: The Return of Black Adam,2010,Animation|Action|Adventure|Science Fiction,7.0,1542,2.1853,en
38093,Just Wright,2010,Romance|Comedy,6.536,460,1.9909,en
46146,Troll Hunter,2010,Fantasy|Horror,6.701,1745,2.6221,no
133573,Secret Love,2010,Drama|Romance,5.2,19,2.856,ko
26390,Brooklyn's Finest,2010,Crime|Drama|Thriller,6.309,996,1.7917,en
44221,Group Sex,2010,Comedy|Romance,5.7,94,1.9687,en
41180,The Client List,2010,Drama|TV Movie,5.9,277,1.8375,en
43090,Gunless,2010,Drama|Action|Comedy|Western,6.4,96,1.9269,en
42950,What if...,2010,Romance|Family|Fantasy|Drama,6.906,85,2.1465,en
47533,Scooby-Doo! Curse of the Lake Monster,2010,Mystery|Fantasy|Comedy|Adventure,6.2,529,2.0163,en
50475,No Mercy,2010,Crime|Thriller|Action,7.4,209,1.8108,ko
37048,Mobile Suit Gundam 00 The Movie: -A Wakening of the Trailblazer-,2010,Action|Animation|Drama|Science Fiction|War,6.371,35,1.8507,ja
51200,71: Into the Fire,2010,War,7.521,210,2.0062,ko
11439,The Ghost Writer,2010,Thriller|Mystery,6.823,2446,1.8686,en
89636,Dragon Ball Z: Plan to Eradicate the Super Saiyans,2010,Action|Animation|Adventure,7.167,311,1.9296,ja
113727,Dark Seduction,2010,Drama|Thriller|Romance,6.799,102,2.0759,es
43549,The Experiment,2010,Thriller|Drama,6.366,1316,2.0851,en
44629,Animal Kingdom,2010,Crime|Drama,6.796,910,2.0067,en
38407,Shanghai,2010,Drama|Thriller|Mystery,6.128,192,2.1908,en
50674,The Lost Future,2010,Adventure|Science Fiction|TV Movie,4.932,156,1.7909,en
36939,Boogie Woogie,2010,Comedy|Drama,5.067,105,2.7491,en
50388,King of Thorn,2010,Fantasy|Animation|Science Fiction,6.6,168,1.6555,ja
46304,Fate/stay night: Unlimited Blade Works,2010,Action|Fantasy|Animation|Drama,6.8,88,2.4659,ja
36865,The Disappearance of Haruhi Suzumiya,2010,Animation|Science Fiction|Mystery|Drama,7.8,284,2.1418,ja
46261,Don't Be Afraid of the Dark,2010,Fantasy|Horror|Thriller,5.827,1133,2.0821,en
56607,Natalie,2010,Drama|Comedy|Romance,5.6,29,3.0084,ko
39681,Seven Days,2010,Drama|Horror|Thriller,6.264,244,1.8647,fr
50204,Burke & Hare,2010,Comedy|Thriller|History|Horror,6.087,513,1.654,en
60695,Sundays at Tiffany's,2010,Drama|Romance|TV Movie,6.5,99,2.0006,en
44918,Titanic II,2010,Action|Thriller|Romance|Adventure|Drama,4.882,453,1.9612,en
72013,Yu-Gi-Oh! Bonds Beyond Time,2010,Animation|Fantasy,6.563,143,1.8485,ja
37234,Sex & Drugs & Rock & Roll,2010,Drama,6.269,61,1.6462,en
30618,Bunraku,2010,Thriller|Action|Drama,5.8,350,1.7848,en
41490,Just Another Pandora's Box,2010,Comedy|Fantasy,4.734,32,1.8108,zh
48186,The Boy Who Cried Werewolf,2010,Family|Fantasy|TV Movie|Comedy,6.411,313,1.9967,en
61062,The Unjust,2010,Crime|Thriller,6.641,117,1.5857,ko
40247,Please Give,2010,Comedy|Drama,6.2,165,2.721,en
32916,Scooby-Doo! Abracadabra-Doo,2010,Animation|Comedy|Family|Mystery|Fantasy,7.7,262,1.8269,en
44835,Hesher,2010,Drama,6.791,758,1.6357,en
13477,When in Rome,2010,Comedy|Fantasy|Romance,5.922,1277,1.7589,en
27004,Ca$h,2010,Crime|Thriller|Comedy|Mystery,5.85,253,1.6767,en
92472,Gandu,2010,Drama,5.378,49,1.6538,bn
35690,The Last Song,2010,Drama|Family|Romance,7.231,3391,1.7743,en
45958,Biutiful,2010,Drama,7.244,1212,1.7854,es
40720,Twelve,2010,Thriller|Drama|Action|Crime,5.7,252,2.0878,en
30675,Planet Hulk,2010,Science Fiction|Animation|Action,7.093,550,1.9221,en
33473,Stomp the Yard 2: Homecoming,2010,Drama|Music,5.461,116,2.0561,en
43933,Monsters,2010,Drama|Thriller|Science Fiction,6.187,1771,1.8691,en
44244,Camp Rock 2: The Final Jam,2010,Comedy|Music|TV Movie,6.346,1570,2.0987,en
33427,LEGO: The Adventures of Clutch Powers,2010,Action|Adventure|Animation|Family,5.8,103,1.7878,is
45162,Superman/Batman: Apocalypse,2010,Science Fiction|Action|Adventure|Animation,7.153,772,1.7094,en
27585,Rabbit Hole,2010,Drama,6.65,660,3.36,en
43923,It's Kind of a Funny Story,2010,Comedy|Drama|Romance,6.948,2462,1.4463,en
37951,Raajneeti,2010,Drama|Thriller,6.264,87,2.3112,hi
23830,Last Night,2010,Drama|Romance,6.14,821,1.8299,en
46788,Trash Humpers,2010,Comedy|Horror,5.2,137,1.4875,en
65760,The Whistleblower,2010,Drama|Thriller|Crime,6.731,616,1.9256,en
29564,Smokin' Aces 2: Assassins' Ball,2010,Action|Comedy,5.4,305,1.7245,en
43727,Jolene,2010,Drama,6.256,121,2.0737,en
44639,Inside Job,2010,Documentary|Crime,7.704,1039,1.6495,en
28510,Universal Soldier: Regeneration,2010,Adventure|Action|Science Fiction|Thriller,5.6,492,1.8888,en
36956,Come Undone,2010,Drama|Romance,5.87,192,1.6615,it
38073,Going the Distance,2010,Comedy|Drama|Romance,6.091,782,2.0074,en
48395,Rare Exports: A Christmas Tale,2010,Fantasy|Horror,6.205,670,2.4765,fi
43552,Vanishing on 7th Street,2010,Mystery|Horror|Thriller,5.318,616,1.4705,en
56424,My Father's Guests,2010,Comedy,5.9,51,1.7975,fr
41201,The Illusionist,2010,Animation|Drama,7.259,680,2.1371,fr
44147,Wild Target,2010,Action|Comedy,6.448,786,1.855,en
52333,Astral City: A Spiritual Journey,2010,Drama,7.2,234,2.3296,pt
44037,Lake Placid 3,2010,Horror|Action|Science Fiction|Thriller,5.0,266,1.4895,en
47557,The Edge,2010,Drama,5.7,59,1.1856,ru
36950,You Don't Know Jack,2010,Drama|TV Movie|History,7.016,437,1.5878,en
39845,Love Ranch,2010,Drama,5.4,57,1.6983,en
59866,Love  In Between,2010,Drama|Romance,4.9,15,1.3993,ko
44718,Get Low,2010,Drama|Mystery|Comedy,6.732,336,1.5037,en
27583,Greenberg,2010,Comedy|Drama|Romance,5.888,624,1.7045,en
46829,Barney's Version,2010,Comedy|Drama,6.97,489,1.3524,en
101669,Mother's Day,2010,Crime|Horror|Thriller,6.5,462,1.4265,en
64246,Colorful,2010,Animation|Drama|Family,7.213,314,1.7051,ja
41411,The Round Up,2010,Drama|History|War,7.5,1038,2.6614,fr
51859,Trigun: Badlands Rumble,2010,Action|Animation|Science Fiction|Adventure,7.513,192,1.3974,ja
45094,Conviction,2010,Drama,7.069,653,2.5439,en
212043,Voyage to Agatis,2010,Horror|Mystery|Drama,4.6,16,1.4343,de
188282,Kamen Rider × Kamen Rider OOO & W Featuring Skull: Movie Wars Core,2010,Action|Adventure|Science Fiction|Comedy|Drama,6.0,12,1.5625,ja
129182,Oh! Invisible Man,2010,Comedy,4.8,11,1.3797,ja
43956,Tom and Jerry Meet Sherlock Holmes,2010,Animation|Comedy|Mystery|Family,6.5,99,1.687,en
48289,The Debt,2010,Drama|Thriller,6.567,965,1.3843,en
49852,The Nutcracker,2010,Music|Fantasy|Family|Adventure,5.039,204,1.9824,en
50461,Liar Game: The Final Stage,2010,Thriller|Drama|TV Movie|Mystery,7.52,49,1.5527,ja
51512,Dear Mr. Gacy,2010,Crime|Drama|Thriller,5.881,84,1.4337,en
62439,Hello Ghost,2010,Comedy|Drama|Romance|Family,7.6,121,1.6972,ko
57703,Norwegian Wood,2010,Drama|Romance,6.4,240,1.6359,ja
31967,Dante's Inferno: An Animated Epic,2010,Action|Adventure|Animation|Horror,6.963,569,1.714,en
69932,Special Ops,2010,Action|Thriller,3.2,14,2.4953,en
48034,Little White Lies,2010,Comedy|Drama,7.097,1633,1.3235,fr
66617,First Light,2010,Drama|History|War,5.767,15,1.0793,en
41110,I Am Love,2010,Drama|Romance,6.745,408,1.4332,it
38358,The Last Exorcism,2010,Horror|Thriller|Mystery,5.699,1109,1.6812,en
47992,Girl$,2010,Drama,5.5,12,1.391,cn
41592,StreetDance 3D,2010,Music|Romance|Drama,6.469,431,1.4373,en
48946,Chatroom,2010,Drama|Thriller,5.824,310,2.7174,en
37757,Never Sleep Again: The Elm Street Legacy,2010,Documentary,7.81,171,1.3214,en
39053,Cyrus,2010,Comedy|Drama|Romance,5.9,459,2.2297,en
37931,MacGruber,2010,Action|Comedy,5.42,604,2.351,en
39781,The Kids Are All Right,2010,Comedy|Drama,6.601,1591,1.4883,en
27569,Extraordinary Measures,2010,Drama,6.302,346,1.6494,en
34335,Nine Dead,2010,Crime|Horror|Mystery,5.214,322,2.4803,en
37495,Four Lions,2010,Comedy|Crime|Drama,7.0,1277,1.5747,en
36970,Oceans,2010,Documentary|Family|Drama,7.456,340,2.2056,en
48466,Scared Shrekless,2010,Animation|Comedy|Family,6.7,505,1.5527,en
43939,I'm Still Here,2010,Music|Comedy|Drama,5.958,400,1.2385,en
42888,How Do You Know,2010,Comedy|Drama|Romance,5.3,1055,1.7622,en
45556,Arctic Blast,2010,Science Fiction|Action,5.62,208,1.3564,en
69574,A Night In Nude: Salvation,2010,Drama|Thriller|Crime,6.083,12,1.3768,ja
73700,Janie Jones,2010,Drama|Music,6.275,40,2.3551,en
42579,Il figlio più piccolo,2010,Drama,5.6,77,1.2944,it
54328,Ocean Heaven,2010,Drama,7.6,88,1.408,zh
46040,Tees Maar Khan,2010,Comedy|Crime,3.704,113,1.2734,hi
52208,Nude Nuns with Big Guns,2010,Thriller|Action|Comedy,4.3,151,1.583,en
53457,Sarah's Key,2010,Drama|War,7.284,718,1.4916,fr
52414,Death Bell 2,2010,Horror,5.856,87,1.5078,ko
39452,Exit Through the Gift Shop,2010,Documentary,7.545,966,1.5756,en
49706,Dream Home,2010,Horror,6.4,183,1.6544,cn
61984,Space Battleship Yamato,2010,Science Fiction|Action|Adventure|Drama,6.458,262,1.3219,ja
119441,Hetalia: Axis Powers: Paint It  White!,2010,Animation|History|Comedy,6.561,41,1.4429,ja
27586,The Runaways,2010,Drama|Music,6.464,841,1.271,en
63415,Revenge: A Love Story,2010,Thriller|Crime|Mystery,6.656,45,1.286,cn
54551,Banana,2010,Animation|Family|Comedy,7.115,300,1.4374,en
55061,Frankie & Alice,2010,Drama|Thriller,5.942,113,2.3884,en
41479,The Joneses,2010,Comedy|Drama,6.192,641,1.5825,en
52587,We Are the Night,2010,Fantasy|Drama|Horror|Romance,6.037,312,1.2611,de
39210,Somewhere,2010,Drama,6.1,808,1.4438,en
44877,4.3.2.1,2010,Action|Thriller|Crime|Romance,5.502,218,1.4263,en
60669,Book Girl,2010,Animation|Drama|Romance,6.333,18,1.4042,ja
59467,HeartCatch PreCure! the Movie: Fashion Show in the City of Flowers!?,2010,Animation|Fantasy|Action|Comedy|Adventure|Family,7.364,11,1.1883,ja
39957,Burning Bright,2010,Drama|Horror|Thriller,6.337,304,1.7505,en
49707,Hanni & Nanni,2010,Family|Comedy,6.224,49,1.907,de
43930,Tomorrow  When the War Began,2010,Action|Adventure|Drama,6.096,550,1.6231,en
35688,Why Did I Get Married Too?,2010,Comedy|Romance,6.533,169,1.4276,en
38166,The Stranger,2010,Action|Thriller|Mystery|Crime,4.525,79,2.4999,en
35169,Furry Vengeance,2010,Family|Comedy,5.038,649,1.4462,en
53807,Bruce Lee  My Brother,2010,Action|Drama,6.94,207,1.317,zh
51306,Lost on Journey,2010,Comedy,7.146,106,1.6116,zh
52015,Stake Land,2010,Drama|Horror|Science Fiction,6.201,869,1.5107,en
46837,Kaboom,2010,Comedy|Science Fiction|Mystery,5.6,360,1.6097,en
121046,Eternity,2010,Drama|Romance,6.2,10,1.3329,th
44678,Altitude,2010,Horror|Mystery|Thriller,4.697,249,1.5272,en
86261,Oki's Movie,2010,Comedy|Drama,6.714,56,1.7488,ko
270413,One Piece: Strong World Episode 0,2010,Action|Animation|Comedy,7.275,89,1.3757,ja
34563,Our Family Wedding,2010,Comedy,5.628,141,1.3008,en
40080,The Cutting Edge: Fire & Ice,2010,Romance|Drama,6.5,153,1.4442,en
41535,Future X-Cops,2010,Action|Science Fiction,4.711,45,1.1834,zh
43919,Hatchet II,2010,Horror|Comedy|Thriller,5.535,404,2.5475,en
50618,Fortress of War,2010,War|Drama|History|Action,7.2,184,1.5111,ru
58051,Housefull,2010,Comedy|Romance,5.746,142,2.1816,hi
46911,Golden Slumber,2010,Action|Comedy|Mystery,7.145,55,1.0483,ja
45077,Every Day,2010,Drama|Comedy|Romance,5.1,96,1.1901,en
118301,Inazuma Eleven the Movie: The Ultimate Force  Team Ogre  Attacks!,2010,Fantasy|Animation,7.605,129,1.5295,ja
48838,London Boulevard,2010,Drama|Crime,5.889,813,1.5059,en
36801,Cemetery Junction,2010,Drama|Comedy,6.508,313,2.4198,en
112074,Life's a Beach,2010,Comedy,3.292,12,1.1809,en
573531,Halo Legends,2010,Animation|War|Action|Science Fiction,7.36,168,1.1108,en
47909,Poetry,2010,Drama,7.564,336,1.2909,ko
52010,Ultramarines: A Warhammer 40 000 Movie,2010,Animation|Science Fiction,5.84,159,1.0672,en
46138,Made in Dagenham,2010,Comedy|Drama|History,6.674,331,1.1585,en
88057,A Beginner's Guide to Endings,2010,Comedy|Drama,5.986,37,1.2054,en
52454,Mega Shark vs. Crocosaurus,2010,Action|Horror|Science Fiction,3.92,176,1.4255,en
40025,Black Ransom,2010,Action|Crime|Thriller,6.0,41,1.1604,cn
50053,2010: Moby Dick,2010,Action|Adventure,3.028,72,1.4351,en
70829,The Last Godfather,2010,Comedy|Crime|Romance,4.0,20,1.4243,en
37737,Kites,2010,Drama|Action|Romance,7.225,222,1.1294,hi
41518,Guzaarish,2010,Drama|Romance,7.377,130,1.2174,hi
214676,Mr. Dough and the Egg Princess,2010,Animation|Fantasy,6.8,32,1.0869,ja
28987,The Kid,2010,Drama,6.4,25,1.2017,en
55890,Bereavement,2010,Crime|Horror,5.3,217,1.2386,en
188288,Kamen Rider W Forever: A to Z/The Gaia Memories of Fate,2010,Action|Adventure|Science Fiction,6.917,18,1.4392,ja
103510,Ultraman Zero: The Revenge of Belial,2010,Action|Adventure|Family|Science Fiction,7.5,17,1.3524,ja
38031,You Will Meet a Tall Dark Stranger,2010,Comedy|Drama|Romance,5.924,908,1.4556,en
41980,Once a Gangster,2010,Action|Comedy|Crime,6.5,33,1.0425,cn
29426,Survival of the Dead,2010,Horror|Comedy|Drama|Thriller,4.9,506,1.2686,en
33555,Sherlock Holmes,2010,Fantasy|Horror|Action|Mystery|Science Fiction,5.2,105,1.318,en
49840,Takedown,2010,Action|Thriller|Drama,4.5,17,1.6682,en
44560,Aftershock,2010,Drama,7.149,202,1.2912,zh
41382,Lottery Ticket,2010,Comedy,5.663,184,1.354,en
44129,The Company Men,2010,Drama,6.5,808,1.2845,en
399897,Siren XXX: Magical Pleasure,2010,Thriller|Drama|Horror,6.5,25,1.43,ja
51736,Bloomington,2010,Romance|Drama,6.567,171,1.2278,en
43642,Abandoned,2010,Drama|Mystery|Thriller,5.133,169,1.1034,en
46665,Triple Dog,2010,Drama|Thriller,5.7,129,2.3831,en
63949,Krews,2010,Drama|Thriller,5.3,10,2.2541,en
39356,Boy,2010,Drama|Comedy,7.27,489,1.2677,en
45611,Jack Hunter and the Lost Treasure of Ugarit,2010,Adventure|Action,6.4,47,1.2663,en
34751,Free Willy: Escape from Pirate's Cove,2010,Family|Adventure|Drama,6.153,193,1.2768,en
73529,Mardock Scramble: The First Compression,2010,Thriller|Animation|Action|Drama,6.9,125,1.2215,ja
278778,Dancing Ninja,2010,Action|Comedy|Crime,5.8,14,1.358,en
37414,The Killer Inside Me,2010,Crime|Drama|Thriller,5.835,627,1.2382,en
82139,Removal,2010,Crime|Horror|Thriller,5.5,40,1.148,en
34583,The Final,2010,Thriller|Horror,6.002,305,1.0461,en
45778,Camp Hell,2010,Horror|Thriller,3.7,60,1.372,en
39312,Restrepo,2010,War|Documentary,7.249,365,1.0599,en
59429,Paranormal Activity: Tokyo Night,2010,Horror|Thriller,6.0,465,1.4482,ja
53861,Die,2010,Thriller|Mystery,4.7,65,2.3624,en
67560,Yuriko's Aroma,2010,Drama|Romance,5.8,16,1.3178,ja
38264,Fire of Conscience,2010,Action|Thriller|Crime,6.7,59,1.1339,cn
76216,Helldriver,2010,Horror|Science Fiction,5.8,57,1.1263,ja
48573,Lope: The Outlaw,2010,Drama|History,5.3,35,1.831,es
40911,Monga,2010,Thriller,6.646,79,1.312,zh
44944,For Colored Girls,2010,Drama,6.7,83,1.1309,en
41211,Heartbreaker,2010,Romance|Comedy,6.62,1410,1.3572,fr
48303,Certified Copy,2010,Drama|Romance,7.007,449,2.4909,fr
37932,Flicka 2,2010,Family|Drama,6.701,132,2.0621,en
52776,72 Tenants of Prosperity,2010,Comedy,5.4,30,1.2532,cn
41556,The Romantics,2010,Drama|Romance,4.92,261,1.3511,en
38368,Uncle Boonmee Who Can Recall His Past Lives,2010,Drama|Fantasy,6.6,428,1.0157,th
45792,Amish Grace,2010,Drama|TV Movie,7.01,52,1.1115,en
53172,Henry's Crime,2010,Crime|Comedy,5.817,384,1.3087,en
44734,Eden of the East Movie II: Paradise Lost,2010,Animation|Mystery|Science Fiction|Action,6.8,66,1.1876,ja
70364,Bikini Jones and the Temple of Eros,2010,Comedy,4.5,24,1.122,en
46368,The Rig,2010,Action|Horror|Science Fiction|Thriller,3.3,79,1.7833,en
45013,Burning Palms,2010,Comedy|Thriller,5.2,63,1.0978,en
50090,Secret Reunion,2010,Thriller|Action|Drama,6.394,142,1.3237,ko
417179,Metal Fight Beyblade vs the Sun: Sol Blaze  the Scorching Hot Invader,2010,Animation|Adventure|Action|Science Fiction,6.1,11,1.093,ja
41130,2Everything2Terrible2: Tokyo Drift,2010,Comedy|Documentary,6.1,17,1.2899,en
153779,The Kingdom of Solomon,2010,Action|Drama|History|War,6.3,19,1.3928,fa
48844,The Search for Santa Paws,2010,Family|Adventure,6.337,230,1.3051,en
50838,Wrecked,2010,Mystery|Thriller|Horror,5.352,388,2.2248,en
69357,Revolución,2010,Unknown,5.1,12,1.9756,es
39285,Beauty & the Briefcase,2010,Romance|Comedy|TV Movie,5.9,419,1.0724,en
48393,Kidnapped,2010,Horror|Thriller,6.126,266,2.1243,es
46332,Of Gods and Men,2010,Drama|History,6.665,416,1.2702,fr
44009,Another Year,2010,Drama|Comedy,7.013,437,1.0413,en
52274,Julia's Eyes,2010,Horror|Thriller,6.7,853,1.6938,es
11761,Peacock,2010,Mystery|Thriller|Drama,6.136,258,1.1856,en
44027,My Son  My Son  What Have Ye Done,2010,Crime|Drama|Thriller|Horror,6.058,226,1.2444,en
52475,Young Goethe in Love,2010,Romance|Drama,6.1,62,1.2017,de
72587,Smoke Screen,2010,TV Movie|Crime|Mystery|Thriller,4.9,12,2.3412,en
150054,Light of My Eyes,2010,Romance|Comedy,6.8,20,1.2192,ar
60699,The Bait,2010,Comedy|Action,4.25,12,1.3611,fr
53656,Iris: The Movie,2010,Action|Adventure,6.489,47,1.2065,ko
29920,Easy Money,2010,Drama|Thriller|Crime,6.433,261,2.1203,sv
46020,Sharktopus,2010,TV Movie|Horror|Science Fiction,4.2,200,1.1712,en
75170,Third Star,2010,Drama,7.0,145,2.148,en
47763,The Shrine,2010,Horror,5.527,242,2.0513,en
52060,Christmas Cupid,2010,Romance|Comedy|Fantasy|TV Movie,5.859,181,2.1386,en
47386,YellowBrickRoad,2010,Horror|Thriller,4.71,162,1.0374,en
45580,Solanin,2010,Drama|Music|Romance,6.9,26,1.1349,ja
31007,Welcome to the Rileys,2010,Drama,6.6,431,1.2582,en
43212,My Dear Desperado,2010,Romance|Comedy,6.7,17,1.0314,ko
44961,Mumu,2010,Comedy,5.8,18,1.9986,fr
59505,Tirza,2010,Drama,4.955,22,0.9583,nl
65056,A Little Help,2010,Drama|Comedy,5.4,77,0.9925,en
68252,Haunters,2010,Thriller|Science Fiction|Action,6.401,81,0.968,ko
49057,The Trial,2010,Comedy|Drama|Romance,5.833,36,1.2555,en
43922,Legendary,2010,Drama,6.551,128,1.0212,en
50037,Beyond the Black Rainbow,2010,Science Fiction|Horror|Mystery,5.7,403,1.1123,en
32612,The Traveler,2010,Horror|Thriller,5.396,115,0.8531,en
38961,Tamara Drewe,2010,Comedy|Romance,5.881,478,1.1555,en
38448,Ondine,2010,Drama|Romance,6.401,355,0.9788,en
15004,His Name Was Jason: 30 Years of Friday the 13th,2010,Documentary,6.71,88,1.036,en
27584,High School,2010,Comedy,5.659,164,1.1633,en
32007,Hurricane Season,2010,Drama,6.618,68,1.171,en
278427,Family Guy Presents: It's a Trap!,2010,Animation|Comedy|Science Fiction|TV Movie,6.788,446,1.6892,en
37708,Wild Things: Foursome,2010,Crime|Drama|Mystery,5.2,117,0.9811,en
278461,García,2010,Drama|Comedy,6.967,15,1.0413,es
40619,Day & Night,2010,Animation|Family|Comedy|Fantasy,7.7,950,2.2686,en
39693,Echoes of the Rainbow,2010,Comedy|Drama|Romance,7.6,86,0.9521,zh
44716,In a Better World,2010,Drama,7.14,460,1.0718,da
38033,Chain Letter,2010,Horror|Thriller,4.413,138,1.1169,en
58760,Jackboots on Whitehall,2010,War|Animation|Comedy,4.9,30,0.8368,en
50652,A Nanny for Christmas,2010,Comedy|Family|TV Movie,5.4,65,1.0595,en
66195,The Perfect Host,2010,Comedy|Thriller|Crime,6.429,470,1.1605,en
58251,Daddy Longlegs,2010,Drama|Comedy,6.6,57,2.17,en
38570,The 41–Year–Old Virgin Who Knocked Up Sarah Marshall and Felt Superbad About It,2010,Comedy,3.882,152,1.0066,en
51888,Robot Chicken: Star Wars Episode III,2010,Comedy|Science Fiction|Animation|TV Movie|Action|Adventure|Fantasy,7.458,166,0.9005,en
55045,Psych:9,2010,Horror|Mystery|Thriller,4.667,54,2.3376,en
38568,Howl,2010,Drama,6.442,197,1.092,en
46106,Caterpillar,2010,Drama|War,6.333,33,1.1098,ja
59944,From Me to You,2010,Romance|Drama,7.21,119,1.1,ja
59490,Cave of Forgotten Dreams,2010,Documentary,7.081,360,0.9898,en
44263,City Under Siege,2010,Science Fiction|Action|Thriller,5.1,67,1.2077,cn
44638,The Tempest,2010,Drama|Fantasy|Comedy,5.316,133,1.3781,en
73295,The Bad Penny,2010,Drama|Mystery|Thriller,3.2,10,1.0704,en
37822,Badmaash Company,2010,Crime,5.839,59,1.0268,hi
34418,Teen Patti,2010,Drama|Thriller,3.8,10,1.4,hi
52768,All About Love,2010,Comedy|Romance|Drama,5.3,22,0.8848,cn
74447,The Hammer,2010,Drama|History,6.789,38,1.8408,en
41993,Love in a Puff,2010,Comedy|Drama|Romance,7.0,88,0.9046,cn
51764,BearCity,2010,Comedy|Romance,5.5,36,0.994,en
62489,Bedways,2010,Music|Drama|Romance,4.6,34,1.3774,de
55632,Peep World,2010,Comedy,4.774,62,1.1116,en
41135,Operation: Endgame,2010,Adventure|Action|Comedy|Thriller,4.985,227,1.2225,en
44566,Anjaana Anjaani,2010,Comedy|Drama|Romance,6.0,84,1.232,hi
50135,Animals United,2010,Animation|Family|Comedy,5.649,343,1.4278,de
66468,N-Secure,2010,Drama|Crime|Thriller,5.4,11,0.9337,en
60306,Victim,2010,Horror,4.8,33,1.6138,en
32904,Tony,2010,Horror|Drama|Thriller,5.9,79,2.029,en
53485,Living on Love Alone,2010,Romance|Drama,5.1,36,0.9626,fr
133160,Postcard,2010,War|Drama|Romance,5.75,12,0.7261,ja
43813,GasHole,2010,Documentary,6.2,10,1.0773,en
52850,Toast,2010,Drama|Comedy|History|Family,6.615,266,0.9942,en
101043,Reviving Ophelia,2010,Drama|TV Movie,6.977,22,1.0136,en
108369,Housewives from Another World,2010,Comedy|Science Fiction,5.1,12,0.9487,en
45568,Legacy,2010,Drama|Thriller,4.7,30,0.9002,en
45022,Holy Rollers,2010,Drama,5.7,90,1.988,en
45272,Country Strong,2010,Drama|Romance|Music,6.102,264,1.0218,en
73479,Alleged,2010,Drama|History|Romance,4.2,10,2.3065,en
43263,Jesse Stone: No Remorse,2010,Drama|Thriller|Crime|Mystery,6.866,101,1.0687,en
52077,Nothing to Declare,2010,Comedy,5.877,1179,1.2021,fr
37905,The Horde,2010,Action|Horror|Thriller,5.972,513,0.8399,fr
56362,Loups=Garous,2010,Science Fiction|Thriller|Drama|Mystery|Animation|Horror,4.8,19,0.9924,ja
56014,Men Vs Women,2010,Comedy|Romance,5.779,706,0.9943,it
34764,Karthik Calling Karthik,2010,Romance|Mystery|Thriller,6.341,104,0.9066,hi
46249,Planzet,2010,Animation|Action|Science Fiction,5.1,10,1.2006,ja
11403,The River Why,2010,Drama|Romance,5.251,86,1.0468,en
46420,The Loved Ones,2010,Horror,6.7,841,1.3145,en
55641,Villain & Widow,2010,Comedy,6.5,18,0.9239,ko
36736,The Drawn Together Movie: The Movie!,2010,Animation|Comedy|Mystery,6.39,218,1.0883,en
55884,Sword of Desperation,2010,Action|Thriller|Romance,6.9,31,1.0273,ja
54770,Time Traveller: The Girl Who Leapt Through Time,2010,Science Fiction|Drama|Fantasy,6.299,68,1.0309,ja
52505,The Other Woman,2010,Drama,6.237,417,1.2515,en
70695,Dirty Girl,2010,Drama|Comedy,6.0,208,1.0129,en
40167,Harmony,2010,Drama|Music,7.6,38,0.9111,ko
35402,Icarus,2010,Action|Drama|Thriller,4.9,105,0.9416,en
56812,The Last Circus,2010,Adventure|Comedy|Drama|Horror|Thriller,6.668,447,1.0545,es
47654,Circle,2010,Horror|Thriller,3.389,18,0.8862,en
50693,The Adventure of the King,2010,Comedy,6.0,14,0.9759,cn
76706,Christmas Mail,2010,Comedy|Family|TV Movie,5.2,71,2.5512,en
120247,A Little Pond,2010,Drama|Action|Thriller|War,6.429,14,0.8922,ko
49347,Needle,2010,Horror|Thriller|Mystery,4.952,62,0.9592,en
69771,Iron Doors,2010,Thriller|Mystery,4.596,57,1.061,en
42966,Once Upon a Time in Mumbaai,2010,Drama|Thriller|Crime,6.651,93,1.0127,hi
55741,Sacrifice,2010,History|Drama|Action|Thriller,5.955,55,0.8738,zh
41639,Magic & Bird: A Courtship of Rivals,2010,Documentary|Drama,7.7,27,0.9643,en
62321,Attenberg,2010,Drama,6.083,157,0.9521,el
30807,Mobile Suit Gundam 00 Special Edition III: Return The World,2010,Action|Adventure|Animation|Science Fiction|War,6.813,24,0.8741,ja
49679,Action Replayy,2010,Comedy|Romance|Science Fiction,5.3,84,1.1697,hi
48415,Welcome to the South,2010,Comedy,6.7,1870,1.1053,it
27485,Megaconda,2010,Science Fiction|Horror|Action,3.833,12,1.9031,en
63555,Leap Year,2010,Drama|Romance,6.406,260,1.0399,es
82916,The Last Ronin,2010,Drama|History,6.618,17,0.907,ja
34182,Confucius,2010,Drama|History,5.9,112,1.1269,zh
56928,Meet Monica Velour,2010,Comedy|Drama|Romance,5.7,57,0.7217,en
127717,Freshman Father,2010,Drama|TV Movie,6.6,51,0.9118,en
50026,Flying Lessons,2010,Drama,5.6,18,1.2007,en
56578,Troubleshooter,2010,Action|Crime|Drama,6.756,45,1.1506,ko
183392,Capturing Avatar,2010,Documentary,6.95,110,1.2386,en
45316,Udaan,2010,Drama,7.214,224,0.7016,hi
39522,Mega Piranha,2010,Action|Adventure|Science Fiction,3.239,161,0.9782,en
60604,Dogwood Tree,2010,Romance|Drama,7.55,50,1.0611,ja
54083,Film Socialisme,2010,Drama,6.0,56,1.12,fr
75910,Lifted,2010,Drama|Family|Music,7.056,36,1.7008,en
46873,The Royal Siren,2010,Drama|History,6.135,52,0.9187,de
63462,The Lady Shogun and Her Men,2010,Science Fiction|Drama|History,6.0,17,1.0445,ja
43434,Carlos,2010,Crime|Drama|Thriller|History,6.983,238,0.7776,en
51875,Miss Nobody,2010,Crime|Comedy,5.2,60,0.8388,en
57186,Skinning,2010,Action|Crime|Drama,6.182,55,0.8224,sr
45662,Space Chimps 2: Zartog Strikes Back,2010,Animation|Family,4.365,115,1.0614,en
46660,I Love You Too,2010,Comedy|Drama|Romance,5.6,37,0.7814,en
40722,How to Make Love to a Woman,2010,Comedy|Romance,4.3,52,0.7742,en
59368,Shaapit,2010,Horror,5.05,10,0.8724,hi
48495,Double Wedding,2010,TV Movie|Comedy|Drama|Romance,6.4,40,2.1662,en
46713,Hunt to Kill,2010,Action|Adventure|Thriller,5.6,145,1.1048,en
71726,Snowmen,2010,Comedy|Drama|Family,5.8,36,2.1887,en
69326,Psycho Gothic Lolita,2010,Horror|Action,5.2,48,0.8794,ja
51794,Five Minarets in New York,2010,Drama,5.5,144,0.7672,en
62948,Bedrooms,2010,Drama|Romance,3.3,12,1.0082,en
54534,Ex,2010,Romance|Drama,5.8,18,1.0364,cn
54081,Aakrosh,2010,Action|Drama|Crime|Thriller,7.0,26,1.9064,hi
46202,Dead Cert,2010,Thriller|Horror|Action,4.3,22,1.7744,en
36515,The Prince & Me 4: The Elephant Adventure,2010,Comedy|Romance,6.148,88,1.1527,en
42478,Happiness Runs,2010,Drama,4.5,19,2.0239,en
375848,The Simpsons 20th Anniversary Special - In 3D! On Ice!,2010,Documentary,6.9,16,0.9191,en
234284,Time of EVE: The Movie,2010,Animation|Science Fiction|Drama,7.123,171,0.9007,ja
49087,Moss,2010,Drama|Thriller|Crime|Mystery,6.9,95,0.9031,ko
49350,Harriet the Spy: Blog Wars,2010,Family|Comedy|Drama|TV Movie,5.126,215,1.116,en
43931,My Soul to Take,2010,Horror|Mystery,5.471,550,1.0722,en
45569,Red Hill,2010,Action|Thriller|Western,6.063,176,0.9813,en
138503,Sultry Assassin: The Aphrodisiac Kill,2010,Adventure|Drama,4.5,16,0.9917,ja
46104,Amphetamine,2010,Drama|Romance,5.7,31,1.0089,cn
45814,Vegetarian,2010,Drama|Romance|Horror,4.6,11,0.9931,ko
62592,Revenge of the Bridesmaids,2010,Comedy|Romance|TV Movie,6.622,281,1.1648,en
63465,Petty Romance,2010,Comedy|Romance,6.2,24,0.8686,ko
57011,Alien vs. Ninja,2010,Horror|Action|Thriller|Science Fiction,4.606,80,0.809,ja
372478,Taylor Swift: Speak Now,2010,Music|Documentary,7.7,20,1.0676,en
58258,The Chameleon,2010,Drama|Mystery|Thriller,5.3,46,0.7716,en
64882,Finding Mr. Destiny,2010,Comedy|Romance,6.7,54,0.9083,ko
58365,Just Call Me Nobody,2010,Comedy,4.5,20,0.8905,zh
65036,Deadly Honeymoon,2010,Crime|TV Movie|Mystery,4.6,26,2.3302,en
48417,The Stool Pigeon,2010,Crime|Drama|Thriller,5.925,60,0.7994,cn
48669,Terror Trap,2010,Horror|Thriller,4.8,64,1.0073,en
38642,Pimp,2010,Thriller,4.5,16,1.8259,en
41371,#1 Cheerleader Camp,2010,Comedy,4.601,109,1.1164,en
26187,Unstable Fables: Goldilocks and the Three Bears,2010,Family|Animation|Comedy,5.9,16,0.827,en
75930,GARO: Red Requiem,2010,Action|Adventure|Fantasy|Thriller,5.5,21,0.8971,ja
60163,BECK,2010,Drama|Music,6.5,47,0.9792,ja
63348,The Encounter,2010,Drama|Family,6.5,66,0.7455,en
44740,Crossing Hennessy,2010,Comedy|Romance,6.4,24,0.9581,cn
64672,Liar Wanted,2010,Comedy,5.4,15,0.533,el
63556,Flowers,2010,Drama,7.0,12,0.8054,ja
45324,Casino Jack,2010,Comedy|Crime|Drama,5.85,324,0.8717,en
70115,Machete Maidens Unleashed!,2010,Documentary,6.6,51,0.7477,en
44425,Dabangg,2010,Action|Comedy|Crime,5.8,179,1.0867,hi
51256,Donkey's Christmas Shrektacular,2010,Fantasy|Animation|Comedy|Family,5.8,189,1.0155,en
63786,The Devil's Kickers,2010,Family|Comedy,6.442,26,1.0305,de
71184,When Love Is Not Enough: The Lois Wilson Story,2010,Drama|TV Movie,6.043,24,0.9758,en
183443,Monster High: New Ghoul at School,2010,Family|Animation|Fantasy,6.8,51,0.9584,en
609197,Naruto OVA 7: Naruto  the Genie  and the Three Wishes  Believe It!,2010,Animation|Action|Comedy,7.4,55,1.1189,ja
89825,Heart and Yummie,2010,Adventure|Animation|Family,8.1,101,0.9492,ja
318947,The Hills Have Thighs,2010,Comedy|Mystery|Romance|Horror,3.4,11,0.8686,en
51447,Trophy Wife,2010,Comedy,6.121,388,0.7701,fr
41273,On Tour,2010,Comedy|Drama,6.437,71,1.4645,fr
39413,My Afternoons with Margueritte,2010,Drama|Comedy,6.97,252,0.8258,fr
51455,Mutant Girls Squad,2010,Thriller|Action|Science Fiction|Horror,5.5,63,0.8636,ja
112340,The Santa Incident,2010,Family|Comedy|TV Movie,4.583,12,0.7733,en
42917,Outcast,2010,Fantasy|Horror,5.1,50,1.45,en
75311,The People vs. George Lucas,2010,Documentary|Comedy,6.348,112,0.9318,en
56986,Khaleja,2010,Action|Fantasy|Comedy,7.333,63,0.8454,te
35221,Father of Invention,2010,Comedy|Drama,5.364,176,0.861,en
36940,The First Beautiful Thing,2010,Comedy|Drama,7.243,523,0.7933,it
61722,Sennentuntschi: Curse of the Alps,2010,Thriller|Horror|Mystery,6.39,86,0.928,de
44216,World's End,2010,Science Fiction|Action,3.1,21,1.9092,de
53269,xxxHolic: Rō,2010,Animation|Mystery,7.2,11,0.6972,ja
58602,Henri 4,2010,History|Drama,5.635,37,0.8073,fr
63458,Chongqing Blues,2010,Drama,6.7,10,0.6003,zh
12685,BloodRayne: The Third Reich,2010,Action|Adventure|Fantasy|Horror,3.809,246,1.0048,en
62105,Re-Cut,2010,Horror|Thriller,6.557,114,1.4841,en
48243,Essential Killing,2010,Thriller|War,5.868,173,1.8009,en
49958,Primal,2010,Thriller|Horror,5.183,117,0.923,en
29776,6 Guns,2010,Action|Thriller|Western,4.947,38,2.0131,en
35217,Friendship!,2010,Comedy|Drama,6.254,138,0.6601,de
50198,See You in September,2010,Comedy|Romance,4.42,25,0.7826,en
42171,The Infidel,2010,Comedy|Drama,6.115,130,0.8813,en
44486,Mars,2010,Animation|Comedy|Romance|Science Fiction,5.6,13,0.6167,en
46562,The Last Rites of Ransom Pride,2010,Action|Drama|Western,3.912,34,1.0616,en
29159,Giallo,2010,Crime|Horror|Mystery|Thriller,4.177,178,1.0023,it
55758,Midnight FM,2010,Thriller|Crime|Action,6.9,102,0.814,ko
276016,Takumi-kun Series: The Beauty of Detail,2010,Drama,5.4,14,0.7366,ja
38372,Superheroes,2010,Comedy,3.809,34,0.7337,pl
56672,The Legend of Secret Pass,2010,Fantasy|Animation|Family,5.7,33,1.0193,en
39952,Lupin the Third: The Last Job,2010,Action|Animation|Comedy|TV Movie|Crime,6.5,26,0.913,ja
35691,Letters to God,2010,Drama|Family,6.9,140,1.1948,en
46812,Lost Boys: The Thirst,2010,Horror|Action|Comedy,5.063,143,0.8606,en
50119,Cool Dog,2010,Family|Comedy|Adventure,4.5,30,0.7816,en
73211,King of Devil's Island,2010,Drama|Action,7.098,275,0.727,no
45075,Blades of Blood,2010,Action|Drama,6.4,46,0.8808,ko
141289,Pokkiri Raja,2010,Action,5.3,19,0.8796,ml
64956,Inception: The Cobol Job,2010,Animation|Action|Thriller|Science Fiction,7.256,314,0.8409,en
58959,A Better Tomorrow,2010,Drama|Action|Thriller,6.016,64,0.7282,ko
56540,If You Are the One 2,2010,Comedy|Romance|Fantasy,6.0,61,1.7517,zh
55246,Ceremony,2010,Comedy|Romance,4.971,66,0.716,en
72857,Le Grand Chef 2: Kimchi Battle,2010,Comedy,6.6,12,0.8627,ko
55567,Standing Ovation,2010,Comedy|Music|Family,3.3,20,0.7323,en
86843,With Great Power: The Stan Lee Story,2010,Documentary,6.839,31,0.8878,en
122078,Confined,2010,Thriller|TV Movie,5.435,23,1.7066,en
54404,Simha,2010,Action|Drama,5.2,15,1.8832,te
44594,Barry Munday,2010,Comedy|Drama|Romance,5.8,96,1.0286,en
30844,Beauty and the Beast,2010,Fantasy|Drama|Romance,4.2,60,0.8254,en
52696,Band Baaja Baaraat,2010,Comedy|Drama|Romance,6.7,142,0.8992,hi
80976,Sawako Decides,2010,Drama|Comedy,5.9,10,0.6529,ja
41156,I Am Comic,2010,Documentary|Comedy,6.2,18,0.8777,en
102639,Virginia,2010,Drama,5.2,56,0.956,en
49787,The Reef,2010,Drama|Horror|Thriller,5.6,601,0.8847,en
55426,Broken Blade: The Time of Awakening,2010,Animation|Action|Fantasy,5.8,15,0.8242,ja
58884,Sympathy for Delicious,2010,Drama,5.708,36,0.7245,en
37941,Vinnaithaandi Varuvaayaa,2010,Drama|Romance,7.6,59,0.8685,ta
65841,Bayside Shakedown 3: Set the Guys Loose,2010,Action|Drama|Comedy,4.9,11,0.7781,ja
171769,Leonie,2010,Drama,5.9,18,1.1311,en
61272,All's Well End's Well Too 2010,2010,Comedy,4.4,16,0.6957,cn
41616,Formosa Betrayed,2010,Action|Adventure|Drama|Mystery|Thriller,6.0,20,1.0194,en
121576,Saint Philip Neri: I Prefer Heaven,2010,Drama,7.3,70,0.91,it
52338,Waiting for Forever,2010,Drama|Romance,5.935,279,1.1963,en
51297,Goodbye  Someday,2010,Drama|Romance,5.4,18,0.7958,ja
61107,The Con Artist,2010,Comedy|Drama|Crime,4.4,24,0.8074,en
79073,Messages Deleted,2010,Horror|Thriller|Mystery,5.3,58,0.8686,en
72843,Pete Smalls Is Dead,2010,Comedy,4.6,33,0.8765,en
76142,Cameraman: The Life and Work of Jack Cardiff,2010,Documentary,6.625,36,1.0392,en
49704,Love in Disguise,2010,Romance|Comedy,5.4,27,1.0616,zh
63484,The Incite Mill,2010,Drama|Horror|Thriller|Mystery,5.6,73,0.82,ja
44773,The 7 Adventures of Sinbad,2010,Adventure|Action|Fantasy,3.45,40,0.5988,en
32978,Necrosis,2010,Horror|Thriller,3.7,34,1.1966,en
50005,Wind Blast,2010,Action|Thriller|Western,5.533,15,0.6836,zh
44946,Knucklehead,2010,Drama|Comedy,5.697,66,0.9199,en
46636,Nanga Parbat,2010,Adventure|Drama,6.613,62,2.121,de
44014,Groupie,2010,Horror|Thriller,3.3,22,2.0355,en
44862,Once Fallen,2010,Drama|Action|Crime,5.2,30,0.7839,en
46064,Den Brother,2010,Comedy|Family|Romance|TV Movie,5.885,139,0.7722,en
101797,Night Drive,2010,Horror|Thriller,3.9,16,0.7687,en
42296,Catfish,2010,Documentary,6.812,556,0.8228,en
58107,Black★Rock Shooter,2010,Drama|Animation|Fantasy,6.141,46,0.8374,ja
51728,Crook,2010,Action|Drama|Thriller,4.6,16,0.7996,hi
62423,Saru Lock: The Movie,2010,Action|Comedy|Drama|Romance,6.4,11,0.7609,ja
57018,Caged,2010,Horror|Thriller,5.3,112,0.8651,fr
62728,Brighton Rock,2010,Drama|Thriller|Crime,5.664,113,1.049,en
44613,Lafangey Parindey,2010,Action|Drama|Romance,5.9,22,1.0984,hi
54456,Raavanan,2010,Action|Adventure|Crime,7.0,47,0.7987,ta
68412,3 Backyards,2010,Drama,4.3,17,0.8015,en
56563,Vampire Warriors,2010,Action|Romance|Horror,3.9,11,0.7696,cn
61682,A Boy and His Samurai,2010,Comedy|Drama|Romance,6.5,22,0.7957,ja
54994,Teenage Paparazzo,2010,Documentary,7.034,29,0.9717,en
78400,The City Below,2010,Romance|Drama,5.3,20,0.9364,de
33107,And Soon the Darkness,2010,Mystery|Thriller,5.244,402,0.8699,en
51271,Yaroslav. A Thousand Years Ago,2010,Action|Drama|History,5.217,23,0.7881,ru
44245,Triple Tap,2010,Action|Mystery|Thriller,6.4,76,0.9043,cn
50023,Dead Awake,2010,Fantasy|Mystery|Thriller|Romance,4.573,41,1.3031,en
61888,Villain,2010,Crime|Drama,6.787,47,0.8161,ja
54693,One Night in Vegas,2010,Documentary,6.3,10,0.7953,en
41988,DC Showcase: Jonah Hex,2010,Animation|Action|Western,7.017,177,0.7635,en
53459,F,2010,Horror|Thriller,6.099,319,0.6146,en
52264,A Cat in Paris,2010,Animation|Comedy,6.8,289,0.757,fr
60098,Ha Ha Ha,2010,Comedy|Drama|Romance,6.3,62,0.8419,ko
315620,Doctor Who: A Christmas Carol,2010,Science Fiction|Drama,7.947,246,0.803,en
62871,A Distant Neighborhood,2010,Drama|Fantasy|Comedy,7.1,55,1.0699,fr
51904,Industrial Light & Magic: Creating the Impossible,2010,Documentary|TV Movie,6.6,33,0.7391,en
63929,Çakal,2010,Action|Crime|Drama,6.9,14,1.8168,tr
37638,The Whistler,2010,Comedy,4.9,79,1.5528,fr
42273,Don't You Forget About Me,2010,Documentary,5.3,15,0.8326,en
47518,The Tortured,2010,Horror|Thriller,5.3,178,0.8023,en
55241,Meteor Storm,2010,Science Fiction|Adventure|TV Movie,4.935,69,0.797,en
55431,Broken Blade: Scars from an Assassin's Blade,2010,Animation|Action|Fantasy,5.3,12,0.8902,ja
44978,Golmaal 3,2010,Comedy|Family,5.527,93,0.8698,hi
52466,Godkiller: Walk Among Us,2010,Animation|Science Fiction,5.365,26,0.6993,en
56937,Cold Prey III,2010,Horror,5.862,189,0.9115,no
45371,The Special Relationship,2010,TV Movie|Drama|History,6.452,73,0.792,en
39523,Paiyaa,2010,Action|Adventure|Romance,6.305,41,0.9544,ta
68716,Venus & Vegas,2010,Action|Comedy,4.096,26,0.8323,en
84562,Vine of the Soul: Encounters with Ayahuasca,2010,Documentary,4.8,11,0.5427,en
47320,Cherry,2010,Comedy|Drama|Romance,6.2,89,0.7944,en
33215,Tenure,2010,Comedy,5.6,66,0.6883,en
35687,LSD: Love  Sex aur Dhokha,2010,Drama|Crime|Comedy,6.021,47,0.7568,hi
32845,Wrong Side of Town,2010,Action|Crime|Drama|Thriller,5.4,87,0.6275,en
295069,Saturday Night,2010,Comedy|Documentary,7.909,22,0.804,en
150782,Bikini Frankenstein,2010,Comedy|Horror|Romance|Science Fiction,5.9,20,1.4676,en
30886,Veer,2010,Action|Romance,5.0,49,0.7902,hi
35458,Crazy on the Outside,2010,Comedy|Romance|Crime,5.267,148,0.8993,en
101766,A Barefoot Dream,2010,Drama|Comedy,7.1,12,0.6806,ko
43418,Beneath Hill 60,2010,Drama|History|War,6.9,164,0.7963,en
51276,Silent Souls,2010,Drama,6.4,67,0.8299,ru
49261,Locked Down,2010,Action|Drama|Thriller,3.9,44,2.0535,en
61410,Spud,2010,Comedy|Drama,7.0,56,0.6856,en
40912,2001 Maniacs: Field of Screams,2010,Horror|Comedy,3.817,93,1.0286,en
46953,Behind Blue Skies,2010,Drama,6.519,53,0.873,sv
270650,Oy Vey! My Son Is Gay!,2010,Comedy|Romance,5.1,30,0.764,en
71622,Atrocious,2010,Horror|Thriller,5.542,192,0.8227,es
85959,Café Noir,2010,Drama|Romance,7.538,13,0.5916,ko
72098,Sameer & Shaheer & Baheer,2010,Comedy|Fantasy|Drama,7.1,33,0.7826,ar
47607,Tiny Furniture,2010,Romance|Comedy|Drama,5.6,170,0.7426,en
67198,Bloodworth,2010,Drama|Romance,6.542,36,0.7193,en
35074,Dinoshark,2010,Horror|Science Fiction|Comedy|TV Movie,4.257,70,0.9241,en
46207,White Material,2010,Drama,6.749,177,1.1719,fr
43216,Prince,2010,Action|Science Fiction|Thriller,5.2,16,0.8097,hi
259849,Class,2010,Drama|Romance,7.6,16,0.7926,en
47655,Hisss,2010,Fantasy|Horror|Thriller,3.3,40,0.8267,hi
46523,New Kids Turbo,2010,Action|Comedy,6.357,335,1.0672,nl
58764,Lapland Odyssey,2010,Comedy,6.46,100,0.8142,fi
44010,Logan,2010,Comedy|Drama|Family,5.3,10,1.6913,en
50105,Coopers' Camera,2010,Comedy,4.4,15,0.7201,en
45595,Miral,2010,Drama|History,5.7,73,0.8572,en
48798,Love and Distrust,2010,Romance|Drama,3.9,32,0.8137,en
43754,The Killing Jar,2010,Crime|Mystery|Thriller,5.511,95,0.6736,en
61404,Point Blank,2010,Action|Thriller|Crime,6.625,506,1.0105,fr
29538,Pyaar Impossible!,2010,Comedy|Romance,5.4,39,0.8229,hi
43609,My Own Love Song,2010,Comedy|Drama,6.2,62,0.7754,en
410674,Bastard,2010,Drama,4.3,11,1.7797,en
41409,Airline Disaster,2010,Action|Adventure|Thriller,5.0,38,0.741,en
51423,Beyond,2010,Drama,6.492,60,0.5676,sv
37304,Hot Summer Days,2010,Drama|Comedy|Romance,6.0,23,0.5824,zh
12645,Inhale,2010,Drama|Action|Thriller,6.019,130,0.7381,en
86841,Black Panther,2010,Animation,6.2,38,0.7761,en
88212,Prep & Landing Stocking Stuffer: Operation: Secret Santa,2010,Animation|Family|Fantasy,6.6,130,1.0149,en
54469,Main Street,2010,Drama|Romance,4.566,76,1.2946,en
44811,Mongolian Death Worm,2010,Horror|Science Fiction|TV Movie,4.789,76,0.7964,en
33570,Ice Castles,2010,Drama,6.3,82,0.68,en
63273,Endure,2010,Mystery|Thriller,6.3,11,0.7065,en
52371,LelleBelle,2010,Music|Romance,4.915,82,1.2725,nl
50938,Hello Stranger,2010,Comedy|Romance,7.3,45,0.9253,th
64786,Yes or No,2010,Comedy|Romance,6.901,76,0.8008,th
82531,Bold Native,2010,Drama,7.1,12,0.7746,en
38983,Attack the Gas Station 2,2010,Action|Comedy,6.0,15,0.7207,ko
148605,Monster Truck Mater,2010,Animation|Comedy|Family|Adventure|Action,6.31,116,0.6783,en
63812,Thillalangadi,2010,Comedy|Action|Drama,4.8,12,0.5942,ta
31900,Gainsbourg: A Heroic Life,2010,Drama,6.868,355,0.8421,fr
399199,Twilight Vamps,2010,Horror|Comedy|Romance,4.5,16,0.8816,en
275244,Cheburashka,2010,Family|Animation,6.0,18,0.6777,ja
50056,Secret Origin: The Story of DC Comics,2010,Documentary,7.031,49,1.0455,en
62255,Tracker,2010,Action|Drama|Thriller|Adventure,6.571,77,0.7686,en
47467,Kill Speed,2010,Crime|Action|Thriller,4.1,34,0.6971,en
261622,Wallander 22 - Angel of Death,2010,Thriller|Crime,4.529,17,0.5705,sv
46718,DC Showcase: Green Arrow,2010,Animation|Adventure|Action,7.153,186,0.779,en
57809,Six Degrees of Celebration,2010,Comedy,6.4,113,0.685,ru
37472,Ip Man 2,2010,Action|History|Drama,7.463,2497,0.807,cn
48414,To the Sea,2010,Documentary|Family|Drama,6.9,51,0.6988,es
44972,We Are Family,2010,Drama|Family,5.7,38,1.3315,hi
36147,Deadly Impact,2010,Drama|Action|Thriller,4.811,45,1.0666,en
55165,Simple Simon,2010,Comedy|Drama,7.212,165,0.7868,sv
62756,Singam,2010,Action|Drama,6.8,73,0.8012,ta
35428,What Men Talk About,2010,Comedy,7.179,196,0.6909,ru
74412,After the Flowers,2010,History|Drama,7.346,13,0.6548,ja
40900,Elevator Girl,2010,TV Movie|Comedy|Family|Romance,5.9,54,0.585,en
55785,Neds,2010,Drama,6.8,156,0.7244,en
38318,Burnt by the Sun 2: Exodus,2010,Drama|War,4.798,62,0.5535,ru
47747,The Garden of Sinners: Epilogue,2010,Mystery|Animation|Fantasy,6.4,60,0.7958,ja
51823,Across the Line: The Exodus of Charlie Wright,2010,Drama|Action|Thriller|Crime,4.9,44,0.7519,en
70761,Brownian Movement,2010,Romance|Drama,5.7,114,1.1654,en
78059,Call Me Mrs. Miracle,2010,TV Movie|Fantasy|Drama|Family|Comedy,5.879,66,0.8309,en
44647,Rock Slyde,2010,Comedy|Crime,5.4,21,0.7521,en
48255,Journey to Promethea,2010,Action|Fantasy|Science Fiction|TV Movie,3.214,14,0.5377,en
40016,Birdemic: Shock and Terror,2010,Romance|Horror|Thriller,2.196,368,0.7049,en
56623,Ao: The Last Hunter,2010,Adventure|History,5.7,65,0.852,fr
57695,The Princess of Montpensier,2010,Action|Drama|History|Romance,6.351,276,0.9244,fr
51991,Romantics Anonymous,2010,Drama|Comedy|Romance,6.551,574,0.7639,fr
51900,Nodame Cantabile: The Movie II,2010,Romance|Comedy|Music,7.3,26,0.732,ja
42380,Gallants,2010,Action|Comedy,6.4,50,0.7037,cn
85215,SP: The Motion Picture,2010,Drama|Action|Thriller,7.071,14,0.7457,ja
37682,Web of Lies,2010,TV Movie|Crime|Mystery|Thriller,4.6,15,0.6558,en
65327,Elimination,2010,Action|Horror|Thriller,3.7,11,1.0286,en
51072,Beautiful Lies,2010,Comedy|Romance,6.076,159,0.7217,fr
51778,About Her Brother,2010,Comedy|Drama,6.4,17,0.8255,ja
46206,Who Is Clark Rockefeller?,2010,Crime|Drama|History|TV Movie,5.1,14,0.744,en
42053,Witchville,2010,Fantasy|Adventure,4.048,42,1.9226,en
60534,The Silence,2010,Crime|Thriller|Drama,6.5,151,0.7494,de
46934,Mr. Nice,2010,Comedy|Crime|Drama,6.082,165,0.6954,en
148607,Heavy Metal Mater,2010,Animation|Comedy|Music|Family,6.124,101,0.8544,en
44224,Bear,2010,Horror|Action|Thriller,4.6,44,0.7465,en
54525,Secrets in the Walls,2010,Horror|Thriller|TV Movie,5.7,58,0.6798,en
32926,Recep Ivedik 3,2010,Comedy,4.588,142,0.7523,tr
76263,Thomas & Friends: Misty Island Rescue,2010,Animation|Family,5.6,12,0.797,en
58396,Joy,2010,Drama,6.0,15,1.7328,nl
74518,Territories,2010,Thriller|Horror,5.126,99,1.7673,en
58718,Siren,2010,Horror,4.2,80,2.1905,en
69597,Aayirathil Oruvan,2010,Action|Adventure,6.561,49,0.8614,ta
39800,Life During Wartime,2010,Comedy|Drama,5.901,147,0.6909,en
57436,The Erotic Man,2010,Documentary,4.813,24,0.7319,en
39525,Angadi Theru,2010,Drama|Romance,6.8,14,0.704,ta
69512,Kutty,2010,Romance,5.4,16,0.7037,ta
36699,We Are from the Future 2,2010,War|Science Fiction|Action|Adventure,5.173,55,0.7023,ru
316776,Who Killed Captain Alex?,2010,Action|Comedy|Drama,6.5,169,0.7218,lg
62325,Bhutto,2010,Documentary,5.6,12,0.6859,en
59164,The Fourth Portrait,2010,Drama,6.6,15,0.6217,zh
62368,Cat Shit One,2010,Animation|War,5.9,55,0.9552,ja
55894,Zatoichi: The Last,2010,Action|Drama,5.4,17,0.7724,ja
981616,Gal Avatar,2010,Science Fiction,4.5,18,0.5459,ja
69738,AAA - The Movie,2010,Animation|Action,6.373,55,0.8404,es
45959,Dark Relic,2010,Science Fiction|Fantasy|Horror,3.5,19,0.7865,en
55435,Broken Blade: The Land of Calamity,2010,Animation|Action|Fantasy,5.0,11,0.6847,ja
56981,Brindavanam,2010,Action|Romance|Drama,6.541,37,0.6755,te
139406,Radio Free Albemuth,2010,Drama|Thriller|Science Fiction,5.4,59,0.7634,en
52441,Parallel Life,2010,Action|Thriller|Mystery,6.2,31,0.6707,ko
49395,Death Kappa,2010,Action|Science Fiction|Comedy|Fantasy|Horror,4.647,17,0.6394,ja
42058,White Snow,2010,Thriller,5.9,38,0.636,fr
149091,Ties That Bind,2010,Crime|Mystery|Thriller|TV Movie,3.7,13,0.8083,en
56440,Amador,2010,Drama,5.74,25,1.775,es
61005,The Good Witch's Gift,2010,Drama|Family|Fantasy,7.557,97,0.6393,en
39213,Coach,2010,Comedy|Romance,5.348,23,0.7205,en
59835,Among Wolves,2010,Drama,6.15,50,0.6305,es
59435,An Invisible Sign,2010,Family|Drama|Romance|Comedy,5.174,118,0.5492,en
35197,The Reeds,2010,Horror|Thriller|Mystery,4.9,70,1.6491,en
44282,Plan B,2010,Comedy|Drama|Romance,7.0,102,0.8613,es
44246,When We Leave,2010,Drama|Family,6.9,75,0.6979,de
38498,Hard Ride to Hell,2010,Horror,4.717,23,0.7472,en
63160,Successful Alcoholics,2010,Comedy,6.4,19,1.182,en
275287,LEGO Hero Factory: Rise of the Rookies,2010,Action|Animation|Family,6.4,14,0.5703,en
137618,Who Are You?,2010,Horror|Mystery,6.6,16,0.6656,th
62267,Sakurada Gate Incident,2010,History|Drama|Action,7.406,16,0.7964,ja
45745,Sintel,2010,Animation|Fantasy,7.382,173,1.4803,en
71485,Trick the Movie: Psychic Battle Royale,2010,Action|Thriller|Science Fiction,6.7,25,0.6608,ja
72721,Nostalgia for the Light,2010,Documentary,7.382,169,0.5386,es
80041,The Runway,2010,Drama|Comedy,6.0,11,0.7181,en
57393,Africa United,2010,Drama|Comedy|Adventure,6.2,25,0.6924,en
36085,The Crocodiles Strike Back,2010,Family|Adventure,6.929,98,0.8791,de
44745,Beatdown,2010,Adventure|Action|Thriller,4.3,22,1.7575,en
49830,Bio Slime,2010,Horror|Action|Thriller|Science Fiction,3.7,17,0.5349,en
69791,Black Rat,2010,Drama|Horror,4.7,18,0.464,ja
39446,At Risk,2010,Crime|Mystery|TV Movie,4.643,21,0.6339,en
71779,Lou,2010,Drama,6.8,12,0.5679,en
47177,Devil's Playground,2010,Horror|Action,5.273,119,0.5714,en
250385,Despair,2010,Drama,6.2,21,0.9487,en
37460,Raavan,2010,Action|Adventure|Crime|Drama|Romance|Thriller,4.875,28,0.5314,hi
74495,Bandage,2010,Drama|Music|Romance,6.079,19,0.6973,ja
50210,Man of Vendetta,2010,Thriller|Action,6.364,44,0.7468,ko
67203,Frost Giant,2010,Action|Science Fiction|Thriller,5.3,39,0.6919,en
70925,Oranges and Sunshine,2010,Drama|History,6.955,89,0.6447,en
125493,Tokyo Stray Girls,2010,Drama,4.5,10,0.761,ja
37160,Let the Game Begin,2010,Comedy|Romance,4.7,12,0.5962,en
68193,The Perfect Teacher,2010,TV Movie|Thriller,5.8,63,0.5686,en
57958,Ice Kacang Puppy Love,2010,Drama|Romance,6.3,10,0.5391,zh
42307,Road Train,2010,Horror|Thriller|Science Fiction,4.06,117,1.0354,en
39477,Small Town Saturday Night,2010,Drama,5.2,33,0.6139,en
58936,Pure Country 2: The Gift,2010,Drama|Music|Romance,6.646,41,0.5857,en
41894,Blood Done Sign My Name,2010,Drama|Crime,5.6,13,0.6194,en
113558,Love  100°C,2010,Romance,5.3,10,0.7696,ko
38138,A Fork in the Road,2010,Comedy|Crime,5.8,30,0.6487,en
50653,Love Shack,2010,Comedy,2.0,10,0.5033,en
60775,Oxygen,2010,Drama,6.2,26,1.0988,nl
52645,Manmadhan Ambu,2010,Comedy|Drama,5.4,16,0.6306,ta
155060,The Eastwood Factor,2010,Documentary|Drama,6.0,12,0.5419,en
103799,The Three Are Tricking Her,2010,Comedy,4.9,13,0.9603,ar
55934,Cold Weather,2010,Mystery|Drama|Comedy|Thriller,6.181,47,1.568,en
55692,Scrat's Continental Crack-Up,2010,Animation|Family|Comedy,6.785,165,0.6229,en
52043,Jo's Boy,2010,Comedy|Drama,5.901,116,0.6077,fr
145132,A Heartland Christmas,2010,Family|TV Movie,7.88,54,0.6681,en
62339,The Dinner Club,2010,Thriller|Crime,5.2,33,0.4302,nl
226247,Beautiful Darling,2010,Documentary,6.026,19,0.7171,en
94622,Encounter with Danger,2010,TV Movie|Crime|Drama|Mystery,4.9,14,0.7705,en
37659,When You're Strange,2010,Documentary|Music,7.285,226,0.7233,en
43479,Off Limits,2010,Crime|Drama|Thriller,6.2,52,0.6224,fr
29888,Dulha Mil Gaya,2010,Comedy|Drama|Romance,5.4,33,0.667,hi
44262,Miss Staff Sergeant,2010,Action|Drama|War,5.773,11,0.7601,ko
38598,Misconceptions,2010,Comedy|Drama,3.4,12,0.6666,en
73659,The Quiz Show Scandal,2010,Comedy,5.5,12,0.6529,ko
45535,Fatal,2010,Comedy,6.0,666,0.6603,fr
80188,Boy Wonder,2010,Action|Crime|Drama|Thriller,6.284,146,0.6127,en
205218,Wedding Dress,2010,Drama,7.4,44,0.7123,ko
49004,Beneath the Dark,2010,Drama|Thriller,4.9,49,0.4703,en
54700,The Presence,2010,Drama|Horror|Thriller,4.2,81,0.6285,en
45523,Louis C.K.: Hilarious,2010,Comedy|TV Movie,7.828,305,0.4289,en
60809,Single By Contract,2010,Romance|Comedy,6.887,164,0.74,de
466852,Phineas and Ferb: Summer Belongs to You!,2010,Animation|Family|Comedy|Adventure|TV Movie,7.821,42,0.712,en
152808,Shikkar,2010,Action|Drama|Thriller,5.8,17,0.8469,ml
57521,Black Bread,2010,Crime|Drama,6.672,125,0.6255,ca
37680,Shadows in Paradise,2010,Action,5.0,22,0.6637,en
40048,In My Sleep,2010,Thriller|Mystery|Drama,5.329,41,0.5507,en
43942,Freakonomics,2010,Documentary,6.147,129,0.6981,en
95547,Triassic Attack,2010,Horror|Science Fiction|TV Movie|Fantasy,4.098,61,0.6086,en
148292,With or Without Love,2010,Comedy|Romance,4.1,11,0.6689,es
64205,BKO: Bangkok Knockout,2010,Action,5.7,76,0.7965,th
44849,Lady Daddy,2010,Comedy|Romance,5.8,13,0.6716,ko
63498,Chico & Rita,2010,Animation|Music|Romance,7.151,251,0.6986,es
45920,Ollie Klublershturf vs. the Nazis,2010,Comedy,6.9,14,0.5226,en
56212,The Stoker,2010,Drama|Crime,6.188,69,0.6199,ru
49433,Forgive Me For Raping You,2010,Thriller|Horror,2.9,11,0.5284,en
50021,Cornelis,2010,History|Drama|Music,6.1,32,1.2974,sv
70448,All About Evil,2010,Horror|Comedy,5.9,57,0.7514,en
57773,Bewildered Bolbol,2010,Comedy|Romance,6.413,52,0.6804,ar
47559,The First Grader,2010,Drama|History|Romance,7.13,100,0.5314,en
51090,With Love... from the Age of Reason,2010,Comedy|Romance,5.484,122,0.8285,fr
153436,Perfect Plan,2010,Thriller|TV Movie|Mystery,5.8,23,0.7562,en
53514,Cyrano Agency,2010,Romance|Comedy,6.815,62,0.7828,ko
46726,Pelican Blood,2010,Romance|Drama,5.9,19,0.8322,en
26018,Food Matters,2010,Documentary,6.7,49,0.5436,en
121094,Haru's Journey,2010,Drama,6.5,11,0.6832,ja
58156,Pure,2010,Drama,6.619,113,0.6211,sv
56232,The Seaside Motel,2010,Comedy|Romance,6.2,11,0.6366,ja
51074,Holiday,2010,Comedy|Crime,4.679,14,1.6064,fr
46689,Waste Land,2010,Documentary,7.6,127,0.5958,en
292019,Roses on Credit,2010,Romance|Drama|War|TV Movie,4.6,17,0.5399,fr
144539,The Wedding Party,2010,Comedy|Drama,5.0,17,0.566,en
49001,Black Heaven,2010,Drama|Thriller,5.3,78,0.4329,fr
36696,Space Dogs,2010,Family|Animation,5.209,55,0.7305,ru
44219,The Chosen One,2010,Drama|Comedy,4.4,49,0.6757,en
40663,Gasland,2010,Documentary,7.094,154,0.6137,en
42355,Taipei Exchanges,2010,Drama,6.7,28,0.684,zh
84377,Marykkundoru Kunjaadu,2010,Comedy,6.6,23,0.7566,ml
62972,Alzheimer's,2010,Comedy|Drama,6.3,34,0.534,ar
54553,Home Makeover,2010,Animation|Family|Comedy,6.836,198,0.6191,en
23738,Quantum Quest: A Cassini Space Odyssey,2010,Family|Animation|Science Fiction,6.353,17,0.5767,en
58286,The Recipe,2010,Drama|Mystery|Romance,6.5,18,0.516,ko
42548,The Secret Diaries of Miss Anne Lister,2010,Drama|Romance|TV Movie,6.508,61,0.8218,en
47405,Shameless,2010,Drama,4.9,11,0.6228,no
60263,No Retreat  No Surrender,2010,Comedy|Action,6.8,32,0.6219,ar
557854,Doomsday County,2010,Horror,2.5,10,0.6374,en
63706,Mandrake,2010,Horror|TV Movie,3.5,27,0.6821,en
49833,Ay Lav Yu,2010,Comedy,5.0,52,0.535,tr
38614,A Romantic Comedy,2010,Romance|Comedy,4.7,53,1.3938,tr
48015,13Hrs,2010,Horror|Action,4.338,77,0.7151,en
47145,Restless Heart: The Confessions of Augustine,2010,Drama,5.167,15,0.5509,en
54099,Hyenas,2010,Drama|Horror,3.0,35,1.7143,en
63784,Dusk,2010,Drama,5.5,28,1.6772,nl
74658,Winx Club - Magic Adventure,2010,Animation|Family,7.2,127,0.7524,it
62989,Ice Quake,2010,Science Fiction|Action|Thriller|TV Movie|Adventure,4.8,87,0.5112,en
39959,Open House,2010,Drama|Horror|Thriller,4.7,55,0.688,en
38277,Camping 2,2010,Comedy,4.807,650,0.659,fr
68803,Bond of Silence,2010,TV Movie|Drama|Mystery,6.3,15,0.6037,en
70044,The Scouting Book for Boys,2010,Thriller|Drama,6.3,21,0.5299,en
133448,Macbeth,2010,Drama,6.8,36,0.4756,en
79915,Repo,2010,Comedy|Drama,3.0,14,0.6239,en
53256,Three,2010,Romance|Drama|Comedy,6.054,83,0.6283,de
40777,I Hate Luv Storys,2010,Comedy|Drama|Romance,5.898,83,0.828,hi
86726,Under the Boardwalk: The Monopoly Story,2010,Documentary|History,6.2,25,0.6302,en
57209,Inadequate People,2010,Comedy|Romance|Drama,7.086,110,0.4864,ru
42897,The Jensen Project,2010,TV Movie|Action|Adventure|Family|Fantasy|Science Fiction,5.5,15,0.4059,en
232888,House Swap,2010,Horror|Thriller,4.2,23,0.492,en
40817,Kiss Me Again,2010,Comedy,5.756,387,0.6378,it
54441,Angel of Evil,2010,Crime|Drama,6.769,296,0.664,it
73085,Wreckage,2010,Horror|Thriller,4.0,25,0.5162,en
52939,Three Heroes and the Shamakhan Queen,2010,Animation|Family|Comedy|Adventure,6.319,102,0.6113,ru
39240,The Truth,2010,Thriller,5.1,24,0.8915,de
59392,Backlight,2010,Drama|Romance|Science Fiction,6.032,47,0.5212,en
553351,Doctor Who: Meanwhile in the TARDIS: Part 2,2010,Comedy|Science Fiction,6.5,17,0.5479,en
73283,Transfer,2010,Drama|Science Fiction,6.1,27,0.502,de
44992,IMAX Hubble,2010,Documentary,7.1,114,0.5315,en
114196,Shirome,2010,Horror,5.3,16,0.7521,ja
32497,Balls,2010,Comedy|Drama,4.593,43,0.6229,sv
47891,Cyrus: Mind of a Serial Killer,2010,Crime|Horror|Mystery|Thriller,4.5,47,0.6454,en
226261,Ekeb of Dekye,2010,Thriller|Mystery,6.6,13,0.5596,ja
70217,The Sylvian Experiments,2010,Horror,5.2,19,0.591,ja
46711,CJ7: The Cartoon,2010,Animation|Comedy|Family|Horror|Science Fiction,6.3,19,0.6408,en
57468,Lembi 8 Giga,2010,Comedy|Drama,5.5,28,0.6516,ar
46584,The Trotsky,2010,Comedy,6.672,119,0.5045,en
44248,Aisha,2010,Drama|Comedy|Romance,5.106,33,0.7095,hi
69717,Ways to Live Forever,2010,Drama|Family,6.959,37,0.6273,en
51918,SUS,2010,Drama,5.5,12,0.4967,en
67774,Mamma Gógó,2010,Comedy|Drama,5.6,15,1.4861,is
215359,Malarvaadi Arts Club,2010,Drama|Comedy,6.0,12,0.6788,ml
136921,Pixels,2010,Science Fiction|Animation|Action,7.128,86,2.2209,xx
44809,Dinocroc vs. Supergator,2010,Horror|Science Fiction|Comedy,4.363,73,0.8289,en
46103,Born to Raise Hell,2010,Action,4.655,113,0.537,en
63414,Darling,2010,Drama|Romance,6.544,34,0.6949,te
337045,Thriller Restaurant,2010,Thriller|Horror,6.1,14,0.5199,ja
48161,NOKAS,2010,Action|Crime|Drama,6.2,70,0.6862,no
34585,Unrivaled,2010,Action|Adventure|Drama,2.4,14,0.6531,en
31041,No Greater Love,2010,Romance,4.8,12,0.4891,en
51239,Paradox,2010,Science Fiction|Thriller,4.3,21,0.4851,en
52034,Tetsuo: The Bullet Man,2010,Action|Science Fiction|Horror,5.4,85,0.6624,en
64458,Bed & Breakfast,2010,Comedy|Romance,4.1,25,0.5627,pt
55430,Broken Blade: The Path of Separation,2010,Animation|Action|Fantasy,5.6,12,0.6402,ja
41445,Psychosis,2010,Horror|Mystery|Thriller,3.6,46,0.6793,en
55283,Leader,2010,Drama|Romance,6.4,26,0.5087,te
135330,Embracing Chaos: Making The African Queen,2010,Documentary,7.0,12,0.6012,en
27023,Saint John of Las Vegas,2010,Comedy,5.7,55,0.4498,en
215304,Thanthonni,2010,Action|Drama,5.1,11,0.5581,ml
41271,Copacabana,2010,Comedy,6.61,50,0.5948,fr
81021,Spork,2010,Comedy|Music,5.7,25,0.6296,en
66111,Luster,2010,Thriller|Horror,4.464,14,0.5519,en
50990,Bad Family,2010,Drama,6.0,21,0.5548,fi
65989,Cold Sweat,2010,Horror|Action|Thriller,5.0,42,1.7875,es
39397,Circle of Pain,2010,Action,4.0,22,0.5721,en
55808,Rakht Charitra 2,2010,Action|Crime|Drama,6.375,24,0.5447,hi
234067,Lipsett Diaries,2010,Animation|Documentary,6.0,10,0.3911,fr
37058,I'm Here,2010,Romance|Science Fiction|Drama,7.198,197,0.4697,en
39433,The Front,2010,Mystery|Crime|Action|Thriller|TV Movie,5.6,19,0.5499,en
66193,Sinners and Saints,2010,Action|Crime|Thriller,5.561,106,0.5676,en
90992,Toilet,2010,Drama|Comedy,5.6,11,0.7835,ja
83928,Gangster Exchange,2010,Action,4.3,13,0.5092,en
56405,Black Venus,2010,History|Drama,6.6,119,0.5742,fr
41416,Au Revoir Taipei,2010,Comedy|Drama|Romance,5.818,33,0.5972,zh
42484,Lennon Naked,2010,Drama|TV Movie,5.523,22,0.5622,en
69976,Глухарь в кино,2010,Unknown,4.0,11,0.5886,ru
68049,Vacation with Derek,2010,TV Movie|Comedy|Family|Drama,6.6,13,0.5884,en
42889,The Virginity Hit,2010,Comedy,4.4,78,0.7053,en
35656,As Good As Dead,2010,Action|Adventure|Thriller,5.018,55,0.8315,en
45231,The Confidant,2010,Comedy|Thriller,4.6,11,0.3849,en
132219,Homeland,2010,Drama,4.3,12,0.5995,el
52028,Pleasant Goat and Big Big Wolf 2,2010,Animation,6.4,15,0.5527,zh
52041,Healing Hands,2010,Drama|Family|Romance|TV Movie,6.6,14,0.6342,en
44549,Peepli Live,2010,Drama|Comedy,7.338,74,0.5494,hi
74586,Rabies,2010,Horror,5.8,82,0.7368,he
45839,FRED: The Movie,2010,Comedy|Family|Adventure|TV Movie,4.475,163,0.5618,en
70076,Lying to Be Perfect,2010,Comedy|TV Movie,6.1,140,0.7047,en
46669,La comédie humaine,2010,Comedy,6.5,10,0.568,cn
50590,Norman,2010,Drama,6.1,53,0.5705,en
34632,Theeradha Vilaiyattu Pillai,2010,Comedy|Romance,5.2,16,0.4966,ta
43924,The Tillman Story,2010,Documentary,7.1,51,0.6127,en
37832,Mammuth,2010,Comedy,5.783,166,0.4817,fr
80293,Trigger,2010,Drama|Music,4.771,24,0.567,en
58046,Toonpur Ka Superrhero,2010,Action|Adventure|Animation,4.7,14,0.5152,hi
44565,Khatta Meetha,2010,Comedy|Drama,5.725,71,0.677,hi
55344,Boys on the Run,2010,Comedy|Drama|Romance,5.0,14,0.5142,ja
42882,Life Is a Wonderful Thing,2010,Comedy,5.534,103,0.5872,it
76424,Master Harold... and the Boys,2010,Drama|TV Movie,5.3,13,0.5869,en
42291,The Buddha,2010,Documentary,6.2,16,0.6091,en
78083,Boggy Creek,2010,Horror|Thriller,3.607,28,0.4024,en
35716,Preacher's Kid,2010,Drama|Family|Music,6.239,44,0.5889,en
76364,Kutty Srank,2010,Drama,4.9,10,0.6925,ml
69406,Rio Sex Comedy,2010,Comedy|Drama,4.6,28,0.4743,en
65766,Bon Appétit,2010,Drama|Romance,5.536,28,0.4261,es
47902,Meskada,2010,Crime|Drama|Thriller,4.6,28,0.485,en
60575,Prowl,2010,Horror|Thriller,5.049,144,0.6008,en
54532,Is It Just Me?,2010,Drama|Comedy|Romance,5.5,74,0.4956,en
76324,LEGO® Atlantis: The Movie,2010,Animation,4.2,12,0.4912,en
51450,Santa's Apprentice,2010,Family|Animation,6.2,51,0.5429,fr
53284,Do Dooni Chaar,2010,Drama|Comedy,6.806,31,0.5183,hi
102747,Mazinkaizer SKL,2010,Science Fiction|Animation|Action,6.8,10,0.5767,ja
48871,Red: Werewolf Hunter,2010,Fantasy|Horror|Action|Thriller,4.2,66,0.6809,en
51409,The Tree,2010,Drama,6.4,119,0.754,en
50836,South Solitary,2010,Drama,6.9,11,0.6604,en
44050,Madrasapattinam,2010,Drama|History|Romance,7.0,31,0.728,ta
51597,Chasing 3000,2010,Drama,6.208,24,0.4089,en
50400,Mission London,2010,Comedy,6.7,32,0.5568,ru
74228,Bróder,2010,Drama|Crime,5.9,21,0.3806,pt
108993,Detention,2010,Horror|Action|Comedy|Thriller,3.685,27,0.5584,en
39560,Go Lala Go!,2010,Comedy|Drama,4.789,19,0.4874,zh
51281,The Ugly Duckling,2010,Animation,6.8,10,0.4827,ru
51322,The Child's Eye,2010,Horror,4.3,27,0.4942,cn
38150,Heartless,2010,Fantasy|Horror|Thriller,5.849,175,0.6258,en
221343,Locked In,2010,Thriller|Drama,4.0,26,0.5949,en
69794,Small Town Murder Songs,2010,Thriller|Crime|Drama,5.3,54,0.5205,en
52506,Limbo,2010,Drama,5.3,14,0.6633,no
34144,Atithi Tum Kab Jaoge?,2010,Comedy,6.324,54,0.4716,hi
47812,Love and the City 2,2010,Comedy|Romance,5.9,37,0.5882,ru
41997,Meteor Apocalypse,2010,Action|Science Fiction|Thriller,5.0,45,0.5574,en
54692,Once Brothers,2010,Documentary,7.379,58,0.3708,en
659800,Presidential Reunion,2010,Comedy|TV Movie,6.1,17,0.6882,en
51241,Heartbeats,2010,Drama|Romance,7.094,1055,0.8666,fr
51499,Beyoncé: I Am... World Tour,2010,Music,8.1,24,0.562,en
48832,Scott Pilgrim vs. the Animation,2010,Animation|Action|Comedy|Romance,7.0,89,0.4953,en
45017,Uninhabited,2010,Thriller|Horror,4.5,62,0.4837,en
43409,Traceless,2010,Crime,6.25,56,0.5457,fr
41360,Hunter Prey,2010,Science Fiction|Thriller,5.8,96,1.7452,en
43099,Mothman,2010,Horror|Science Fiction|Thriller|TV Movie,3.8,43,0.58,en
334931,Dreams: Cinema of the Subconscious,2010,Documentary,7.1,10,0.5447,en
77235,You're So Cupid,2010,Fantasy|Drama|Science Fiction|Romance|Family,6.2,93,0.4782,en
62043,The Ultimate Wave Tahiti,2010,Documentary,7.2,10,0.7029,en
53314,The Song of Lunch,2010,TV Movie|Drama,6.605,38,0.3602,en
77853,My Trip with Che,2010,Comedy,5.4,11,0.4902,th
32407,Malice in Wonderland,2010,Fantasy|Drama|Adventure,5.306,72,0.4655,en
44951,Beneath the Blue,2010,Drama,5.1,26,0.5339,en
55322,Grant Morrison: Talking with Gods,2010,Documentary,7.033,15,0.3875,en
50591,The Little Comedian,2010,Comedy|Drama,6.55,10,0.3671,th
49608,Zebraman 2: Attack on Zebra City,2010,Action|Comedy|Music,6.0,34,0.5425,ja
39042,Multiple Sarcasms,2010,Drama|Romance,5.9,17,0.6741,en
70110,Turbulent Skies,2010,Action|Thriller|TV Movie,5.413,69,1.2506,en
46198,My Girlfriend's Boyfriend,2010,Romance|Comedy,5.762,130,0.5269,en
62077,Neon Flesh,2010,Thriller|Action|Comedy,5.9,63,0.4493,es
115100,Enemy At The Dead End,2010,Thriller,6.3,23,0.6189,ko
48833,Night Catches Us,2010,Drama|Romance,5.3,25,0.4402,en
89753,Dead Lines,2010,Crime|Mystery|Thriller,6.0,10,0.6681,en
67099,The Consul's Son,2010,Comedy|Thriller|Drama|Family,6.7,31,0.4818,ar
56968,The Pregnancy Pact,2010,Drama|TV Movie,5.1,136,0.5583,en
52870,Parade,2010,Drama,7.1,29,0.6104,ja
60678,Princess,2010,Drama,5.8,31,0.4691,fi
48748,Klown,2010,Comedy,6.519,134,0.6238,da
222624,True Nature,2010,Unknown,4.9,12,0.3665,en
72024,Boobs: An American Obsession,2010,Documentary,5.5,14,0.577,en
41242,Unresolved Sexual Tension,2010,Comedy|Romance,4.818,33,0.5873,es
53344,Lemmy,2010,Music|Documentary,7.5,143,0.5202,en
48410,My Darling Is a Foreigner,2010,Comedy|Romance|Drama,5.7,22,0.4579,ja
57391,The Counsel,2010,Thriller|Drama,6.015,33,0.3703,fr
56410,You Lucky Dog,2010,Family|TV Movie,6.25,14,0.5145,en
41345,Shank,2010,Action|Drama|Thriller,4.9,74,0.4433,en
12125,Patagonia,2010,Drama|Adventure,5.3,16,0.4317,en
51021,A Lure: Teen Fight Club,2010,Crime|Horror|Thriller,6.808,26,0.3805,en
50715,SoulBoy,2010,Comedy|Drama|Music,5.8,32,0.557,en
211284,Dimension,2010,Drama,5.455,11,1.5169,en
77988,Chinese Grandma,2010,Comedy|Drama,5.3,12,0.4484,ru
59903,Click,2010,Horror|Mystery|Thriller,4.3,12,0.5791,hi
49901,Rammbock: Berlin Undead,2010,Horror|Thriller,5.891,138,0.5869,de
48392,Sound of Noise,2010,Comedy|Crime,7.2,179,0.4579,sv
51462,Brotherhood,2010,Drama|Action|Thriller,5.861,72,0.8076,en
82878,Johnny,2010,Drama,7.3,10,0.6051,en
27651,Charles Band's Puppet Master: Axis of Evil,2010,Horror|War,4.6,74,0.5916,en
24246,Basement Jack,2010,Horror,4.4,14,0.4664,en
99079,A Family Thanksgiving,2010,Fantasy|TV Movie|Comedy,6.3,21,0.479,en
71288,Meant To Be,2010,Comedy|Romance|Science Fiction,5.2,20,0.4013,sv
63727,Exorcismus,2010,Thriller|Horror,5.5,126,1.5573,en
41827,Red White & Blue,2010,Drama|Thriller|Horror,6.246,142,0.4234,en
76165,Break Up Club,2010,Drama|Comedy|Romance,5.8,14,0.4383,cn
59578,Spear of Destiny,2010,TV Movie|Adventure,5.2,30,0.4636,de
46789,Submarino,2010,Drama,7.086,174,0.5357,da
47088,The Extra Man,2010,Comedy,5.8,106,0.741,en
49588,Trick,2010,Comedy|Crime,5.386,22,0.4984,pl
57568,The Intruder,2010,Horror|Thriller,4.9,10,0.5875,th
58280,Dik Trom,2010,Family,5.586,35,0.5674,nl
34640,Westbrick Murders,2010,Horror|Action|Thriller,3.2,10,0.4506,en
59206,LennoNYC,2010,Documentary,7.3,18,0.5007,en
79404,Treacle Jr.,2010,Drama|Comedy,5.6,11,0.488,en
87081,Prince of Broadway,2010,Drama,6.571,21,0.5413,en
43938,Nice Guy Johnny,2010,Comedy|Romance,4.8,26,0.666,en
52830,Rock It!,2010,Comedy|Family,5.784,37,0.4941,de
58862,Herschell Gordon Lewis: The Godfather of Gore,2010,Documentary|Horror,5.9,23,0.3338,en
56853,We Believed,2010,History|Drama,6.638,58,0.5714,it
34592,ZMD: Zombies of Mass Destruction,2010,Horror,5.0,86,0.5208,en
148608,Moon Mater,2010,Animation|Comedy,6.4,99,0.5166,en
65673,A Letter to Elia,2010,Documentary,6.5,22,0.5815,en
83154,Nagavalli,2010,Action|Fantasy|Thriller|Drama,5.8,12,0.5844,te
52499,The Way Home,2010,Drama|Family|Romance,6.2,28,0.413,en
49510,Imogène McCarthery,2010,Comedy|Crime,5.4,40,0.3381,fr
55245,!W.A.R.: !Women Art Revolution,2010,Documentary,4.3,17,0.6137,en
60981,My Joy,2010,Drama,6.3,50,0.435,ru
44966,The Freebie,2010,Drama|Comedy,5.0,38,0.5079,en
48752,2012: Time for Change,2010,Documentary,6.3,10,0.4256,en
52817,Bitter Feast,2010,Horror|Thriller|Drama,5.3,56,0.6614,en
150308,Battle of the Bulbs,2010,Drama|Comedy|TV Movie,4.9,21,0.442,en
57059,Loft,2010,Thriller,6.2,105,0.5773,nl
57448,L'Amour Fou,2010,Documentary,6.9,35,0.5343,fr
34586,Kandahar,2010,Drama,6.2,44,0.5335,ru
50365,Our Day Will Come,2010,Drama|Comedy,6.2,157,0.545,fr
142099,The Stepson,2010,TV Movie|Drama|Mystery|Thriller,7.5,10,0.5249,en
91911,Behind the Burly Q,2010,Documentary|History,4.9,12,0.2986,en
57734,Orange,2010,Comedy|Romance,6.5,34,0.7439,te
135717,David Blaine: What Is Magic?,2010,Documentary,7.3,23,0.366,en
59248,The Wildest Dream,2010,Documentary,7.0,38,0.3932,en
68213,Louis Theroux: America's Medicated Kids,2010,Documentary|TV Movie,6.929,42,0.6292,en
47065,Tales of an Ancient Empire,2010,Adventure|Fantasy|Horror|Action|Thriller|Science Fiction,2.8,28,0.5006,en
65681,Old Boys,2010,Comedy|Drama,7.0,20,0.5817,zh
80610,Romantic Debtors,2010,Comedy|Romance,6.7,14,0.5063,ko
76966,Growing the Big One,2010,TV Movie|Drama|Romance,5.7,20,0.4935,en
68712,The Lazarus Papers,2010,Drama|Action|Thriller|Science Fiction,3.7,22,0.4303,en
34417,Good Intentions,2010,Comedy,5.0,14,0.4844,en
53389,Trader Games,2010,Drama|Thriller,4.3,20,0.4745,fr
276877,Orgy of the Damned,2010,Horror|Fantasy|Thriller,1.8,10,0.4741,en
50099,Break Ke Baad,2010,Drama|Comedy|Romance,5.6,46,0.5579,hi
57264,Hello Murderer,2010,Comedy|Thriller,5.1,19,0.5966,ko
54144,Abel,2010,Drama|Comedy,6.984,31,0.5183,es
82622,Violet Tendencies,2010,Comedy|Drama|Romance,4.9,16,1.1002,en
54737,The 16th Man,2010,Documentary,6.8,14,0.4941,en
82628,Xtinction: Predator X,2010,Horror|Action|Thriller|Science Fiction,3.7,36,0.5829,en
42189,Kevin Hart: Seriously Funny,2010,Comedy|Documentary|TV Movie,7.025,179,0.3914,en
64861,Thirst,2010,Drama|Horror|Thriller,3.9,14,0.4072,en
67509,Lily Sometimes,2010,Drama,5.6,60,0.5186,fr
44770,The Exploding Girl,2010,Drama,6.0,40,0.4053,en
810506,Max Steel vs The Toxic Legion,2010,Animation|Action|Adventure|Family|Science Fiction,8.2,19,0.4889,en
1066387,Die Bremer Stadtmusikanten,2010,Family|TV Movie|Fantasy,3.818,11,0.3516,de
37729,Bumm Bumm Bole,2010,Drama,6.955,11,0.4364,hi
40794,Loose Cannons,2010,Comedy|Drama|Romance,7.267,808,0.5994,it
53413,The Strange Case of Angelica,2010,Drama|Fantasy|Romance,6.5,64,0.4015,pt
63834,Cirkus Columbia,2010,Drama,6.7,27,0.5818,bs
38180,DC Showcase: The Spectre,2010,Animation|Crime|Mystery|Fantasy,6.928,152,0.6205,en
44049,Matching Jack,2010,Drama,6.1,37,0.4916,en
52605,Strapped,2010,Drama,6.111,54,0.5141,en
203273,Some Dogs Bite,2010,Drama,6.1,14,0.5256,en
78098,As If I Am Not There,2010,Drama|War,6.4,18,0.5559,en
136294,The Perfect Date,2010,Comedy|Romance,5.627,217,0.6953,fr
53404,Love Crime,2010,Thriller|Crime|Mystery,6.2,123,0.5525,fr
45368,Comme les 5 doigts de la main,2010,Crime,6.205,100,0.5323,fr
119261,The Land of the Astronauts,2010,Drama|Thriller,6.3,15,0.4473,en
70993,Man at Bath,2010,Drama,5.1,41,0.6007,fr
75090,Beware the Gonzo,2010,Comedy,5.6,35,0.3725,en
265647,Weird: The Al Yankovic Story,2010,Comedy,6.571,21,0.5664,en
54323,Moner Manush,2010,Drama|History|Music,7.5,11,0.5661,bn
327674,The Invited,2010,Horror,3.893,14,1.5289,en
71107,The Experiment,2010,Drama|Thriller,4.2,11,0.4689,da
43550,My Last Five Girlfriends,2010,Drama|Romance|Comedy,5.33,44,0.4959,en
58550,Memoirs of a Teenage Amnesiac,2010,Drama|Romance,5.4,17,0.4755,ja
35004,Order of Chaos,2010,Thriller,4.5,27,0.4326,en
39453,Death and Cremation,2010,Horror|Thriller,5.3,22,0.4866,en
144256,Farewell Mr. Kringle,2010,Romance|TV Movie,6.2,18,0.549,en
148606,Mater Private Eye,2010,Animation|Comedy|Family|Mystery,6.38,100,0.4513,en
89704,Happy People: A Year in the Taiga,2010,Documentary,7.273,141,0.461,en
123196,Super,2010,Unknown,6.2,10,0.6038,kn
31196,Growth,2010,Horror|Science Fiction|Thriller,5.297,91,0.5262,en
49998,Otto's Eleven,2010,Comedy,5.654,78,0.4983,de
45014,Anton Chekhov's The Duel,2010,Drama,5.867,15,0.4635,en
61674,Still,2010,Horror|Thriller,3.9,19,0.414,th
32511,Police  Adjective,2010,Drama|Comedy|Crime,6.5,62,0.3907,ro
38677,Adhurs,2010,Action|Comedy|Drama,6.0,23,0.4948,te
55194,Jedi Junkies,2010,Documentary,5.8,10,0.3271,en
61769,Gigola,2010,Drama,3.4,16,0.4433,fr
50848,The Names of Love,2010,Drama|Comedy|Romance,7.225,333,0.424,fr
82938,Five Star Day,2010,Drama|Romance,5.0,34,0.3302,en
182483,Consent,2010,Drama,5.1,13,0.458,en
40690,Classic Albums: Black Sabbath - Paranoid,2010,Documentary|Music,7.1,24,0.4152,en
55879,Speed-Dating,2010,Comedy|Drama|Romance|Thriller,3.3,11,0.6325,en
46967,Bill Burr: Let It Go,2010,Comedy,7.746,118,0.5625,en
53283,Khichdi: The Movie,2010,Comedy|Family,7.0,19,0.4148,hi
41042,Caught in the Crossfire,2010,Action|Adventure|Crime|Drama|Thriller,4.6,24,0.488,en
36618,Zero 2,2010,Comedy|Thriller,6.597,36,0.4535,lt
72248,Storming Juno,2010,History|War|Documentary|TV Movie,6.9,19,0.7394,en
42892,Happy Family,2010,Comedy,6.399,317,0.4793,it
158921,Reflections of a Blender,2010,Comedy|Thriller,7.8,82,0.3692,pt
55662,Virus X,2010,Thriller|Horror|Science Fiction|Drama,3.5,23,0.4124,en
54757,Maryada Ramanna,2010,Comedy|Action|Drama,6.938,24,0.4351,te
83209,Mahler on the Couch,2010,Drama,5.3,16,0.4771,de
64108,The Frankenstein Syndrome,2010,Horror|Science Fiction,5.0,37,0.3956,en
47261,Carancho,2010,Thriller|Drama|Romance,6.709,175,0.578,es
57500,Moomins and the Comet Chase,2010,Animation|Adventure|Family|Fantasy,5.6,17,0.4608,fi
53923,Stranded,2010,Mystery|Action|Horror|War,5.2,48,0.5033,fr
26353,The Penthouse,2010,Comedy,3.4,22,0.5372,en
52632,Hidalgo: la historia jamás contada,2010,Drama|History,4.9,14,0.3264,es
42057,It's a Wonderful Afterlife,2010,Comedy|Romance,4.8,22,0.4197,en
32206,Quantum Apocalypse,2010,Science Fiction|TV Movie|Mystery|Drama,3.8,90,0.6635,en
153529,The United Monster Talent Agency,2010,Comedy|Horror,9.1,14,0.4614,en
49504,A Day of Violence,2010,Crime|Thriller,4.1,11,0.2531,en
50294,Kooky,2010,Family|Adventure|Animation,6.663,46,0.4321,cs
103745,Vesku from Finland,2010,Documentary,6.2,13,0.4161,fi
79571,Day & Night,2010,Drama,4.6,18,0.4864,de
25540,Therapy,2010,Comedy,4.9,19,1.5917,da
54890,Dhobi Ghat,2010,Drama,6.418,92,0.462,hi
38877,Not the Messiah (He's a Very Naughty Boy),2010,Comedy|Music|History,6.958,36,0.477,en
121248,Halloween: The Inside Story,2010,Documentary,7.3,18,0.5151,en
40601,The Big Four: Live in Sofia,2010,Music|Documentary,8.2,67,0.4516,en
74008,Undocumented,2010,Horror|Thriller,6.0,40,0.5526,en
38325,How I Ended This Summer,2010,Drama|Thriller,6.488,130,0.4897,ru
89269,After the Fall,2010,Drama|TV Movie,5.2,12,0.6087,en
64832,Shadows & Lies,2010,Drama|Action|Romance,4.275,20,0.5961,en
55006,The 7th Dimension,2010,Science Fiction|Thriller|Horror,4.6,40,0.6905,en
68034,Lullaby for Pi,2010,Drama,6.8,35,0.4007,en
63943,West Is West,2010,Comedy,6.4,43,0.4545,en
167012,The Wish List,2010,Comedy|Drama|Romance|TV Movie,6.5,22,0.6721,en
42507,Bestseller,2010,Horror|Thriller|Mystery,6.0,56,0.5322,ko
103261,Astro Boy vs The Junkyard Pirates,2010,Science Fiction|Animation|Family|Action,5.412,17,0.4579,en
53399,The Solitude of Prime Numbers,2010,Drama,5.914,395,0.4427,it
63990,Joanna,2010,Drama|War|History,6.3,11,0.4641,pl
74471,The Dead,2010,Horror|Action|Thriller|Science Fiction,5.495,191,0.5841,en
57395,I Wish I Knew,2010,Documentary|History,6.583,24,0.3772,zh
52635,A Soldier's Love Story,2010,Romance|TV Movie,5.983,29,0.5697,en
45527,The Final Storm,2010,Action|Mystery|Thriller|Horror,4.4,53,0.4447,en
62324,Gaturro: The Movie,2010,Animation|Family|Comedy,4.9,13,0.3804,es
89734,Every Song Is About Me,2010,Comedy|Romance|Drama,6.4,20,0.5745,en
270050,Regresa,2010,Romance|Comedy,7.3,33,0.4411,es
35153,The Heavy,2010,Thriller|Action|Adventure,4.865,48,0.375,en
62638,DiDi Hollywood,2010,Drama,3.9,21,0.4058,es
57311,Thelma  Louise et Chantal,2010,Comedy,5.5,20,0.4326,fr
50493,Brilliantlove,2010,Romance|Drama,4.946,28,0.4207,en
50737,Hunting Season,2010,Mystery|Crime|Thriller,7.045,191,0.4489,tr
47912,Smash His Camera,2010,Documentary,6.9,26,0.4762,en
50158,No and Me,2010,Drama,5.9,72,0.4437,fr
56532,Corridor,2010,Horror|Thriller|Mystery,6.0,38,0.4314,sv
318882,Steve,2010,Drama,6.7,18,0.4539,en
47259,Cherry Tree Lane,2010,Crime|Thriller|Horror,4.6,62,0.4656,en
85441,Cairo 6 7 8,2010,Drama,7.4,75,0.4028,ar
71315,Jaane Kahan Se Aayi Hai,2010,Comedy|Drama|Fantasy|Romance,4.6,10,0.3591,hi
69511,Uthama Puthiran,2010,Drama|Comedy|Action,6.3,19,0.4709,ta
52349,In Gold We Trust,2010,Adventure,5.2,57,0.5987,fr
111332,Avatar: Creating the World of Pandora,2010,Documentary,6.455,177,0.5983,en
79528,Secrets of the Tribe,2010,Documentary|TV Movie,6.9,10,0.4193,pt
289423,Wallander: The Collector,2010,Crime|Thriller,4.6,13,0.4034,sv
38613,Veda - Atatürk,2010,History|Drama,5.7,40,0.4104,tr
89994,The Psycho Legacy,2010,Documentary|Horror,6.5,15,0.5297,en
61420,The 19th Wife,2010,Drama|Mystery|Thriller|TV Movie,5.5,10,0.5326,en
43814,Something Like A Business,2010,Comedy,2.5,14,0.4859,en
40779,Milenge Milenge,2010,Drama|Romance,4.324,17,0.5435,hi
293114,The Painting Sellers,2010,Drama,5.4,10,0.333,fi
116983,The Black Waters of Echo's Pond,2010,Horror|Thriller,4.2,48,0.5854,en
76421,Role/Play,2010,Drama|Romance,5.4,29,0.3828,en
58913,WWJD: What Would Jesus Do?,2010,Family,4.2,12,0.4414,en
38186,Alien Girl,2010,Drama|Action,5.931,36,0.4488,ru
51273,Dark World,2010,Fantasy|Mystery|Thriller,4.4,54,0.4176,ru
68212,The Terror Experiment,2010,Horror|Action|Thriller,4.1,35,0.458,en
57419,Montevideo  God Bless You!,2010,Adventure|History|Romance,6.7,65,0.4841,sr
160210,Bones,2010,Drama,7.6,10,0.3324,en
62975,Two Girls from Egypt,2010,Drama,5.4,11,0.329,ar
47904,Outside the Law,2010,Action|Drama|History|War,6.614,204,0.3444,fr
49250,Drones,2010,Comedy|Science Fiction|Romance,5.7,15,0.406,en
45715,Wog Boy 2: The Kings of Mykonos,2010,Comedy,4.9,28,0.3743,en
244941,Varudu,2010,Action,3.1,10,0.3508,te
31035,A Somewhat Gentle Man,2010,Comedy|Crime|Drama,6.5,123,0.4593,no
45585,Kill Me Please,2010,Comedy|Drama,6.3,50,0.4273,fr
55911,Freight,2010,Action|Crime|Drama|Thriller,3.6,21,0.4451,en
37828,Armadillo,2010,Documentary|War,7.0,132,0.4953,da
66046,Worried About the Boy,2010,Drama,6.3,41,0.5221,en
299340,The Valdemar Legacy II: The Forbidden Shadow,2010,Mystery|Horror,5.3,80,0.4791,es
38156,The Big I Am,2010,Thriller|Crime|Drama,4.7,21,0.4486,en
53844,Bacon on the Side,2010,Comedy|Romance,4.9,154,0.4359,fr
44737,Babies,2010,Documentary,6.986,145,0.4439,fr
59426,To Live,2010,Action|Drama|Mystery,6.5,55,0.3744,ru
43053,Web of Desire,2010,TV Movie|Drama|Thriller,4.5,10,0.4176,en
37655,Turk's Head,2010,Drama,5.7,36,0.4948,fr
77594,Dead West,2010,Action|Horror|Western,2.857,14,0.3073,en
5489,Neowolf,2010,Horror|Thriller,2.5,14,0.5293,en
37816,Dark Island,2010,Action|Science Fiction|Thriller,3.696,28,0.6102,en
54524,The Robber,2010,Drama|Thriller|Crime,6.48,98,0.4854,de
354870,Monster: The Josef Fritzl Story,2010,Crime|Documentary,5.0,57,0.4258,en
126223,Backyard Wedding,2010,TV Movie|Comedy|Romance,6.3,16,0.5342,en
63416,Welcome to Shama Town,2010,Adventure|Drama|Action|Comedy|Western|Thriller,5.333,12,0.4414,zh
47979,Vincent Wants to Sea,2010,Drama,6.727,128,0.5681,de
53804,No Problem,2010,Comedy,4.1,23,0.4424,hi
166731,Ploddy the Police Car Makes a Splash,2010,Animation|Family,4.3,10,0.6555,no
80121,Arabia 3D,2010,Documentary,6.5,10,0.4149,en
113028,Stacy's Mom,2010,Comedy|Romance,3.6,12,0.3332,en
42918,Winnebago Man,2010,Documentary|Comedy,6.626,95,1.6138,en
150686,Black Sheep,2010,Drama|War,4.8,12,0.4877,ru
44269,All That Glitters,2010,Comedy,6.347,763,0.4993,fr
39806,Princess Kaiulani,2010,Drama,5.7,40,0.5302,en
59112,Small World,2010,Drama,6.3,35,0.5179,fr
46147,Happy  Happy,2010,Drama|Comedy|Romance,5.8,52,0.3733,no
50939,Naan Mahaan Alla,2010,Action|Drama|Thriller|Crime,6.5,42,0.5435,ta
47853,King of the Avenue,2010,Action|Adventure|Thriller,4.5,19,0.3805,en
61716,Killjoy 3,2010,Horror,4.5,34,0.4501,en
47868,The First Men in the Moon,2010,Science Fiction|TV Movie,5.796,27,0.3999,en
22125,Madonna: Sticky & Sweet Tour,2010,Music,8.3,33,0.808,en
194361,Aagathan,2010,Mystery|Romance,5.2,11,0.334,ml
59927,Blue Eyes,2010,Drama,6.1,16,0.3557,pt
63469,Golimaar,2010,Action|Thriller|Crime,6.5,10,0.5155,te
74424,On Strike for Christmas,2010,Drama|Family|TV Movie,4.7,28,0.5231,en
63266,Phobos. Fear Kills,2010,Thriller|Horror,4.0,15,0.4094,ru
58401,Meet My Friend,2010,Comedy,4.5,83,0.3813,it
46909,Skeletons,2010,Fantasy|Comedy|Thriller|Mystery,5.7,40,0.4935,en
515197,Bring Me the Head of Lance Henriksen,2010,Comedy,6.1,10,0.2952,en
31059,Our Russia: Eggs of Destiny,2010,Comedy,4.622,78,0.3263,ru
109979,18 Years Later,2010,Drama,6.9,34,0.277,it
73594,Pet Pals And Marco Polo's Code,2010,Animation|Adventure,5.4,15,0.3647,it
54484,Tracy Morgan: Black & Blue,2010,Comedy|Documentary|TV Movie,4.864,11,0.3857,en
67327,Muay Thai Warrior,2010,Action|Drama,6.2,38,0.4537,th
48763,Eyyvah Eyvah,2010,Comedy,6.385,126,0.476,tr
46197,White Lion,2010,Drama|Family,6.4,21,1.6597,en
273279,The Skin of Sorrow,2010,Drama|TV Movie,6.3,19,0.516,fr
51590,Assault of the Sasquatch,2010,Action|Adventure|Horror,4.7,15,0.2791,en
41413,Sorry if I Want to Marry You,2010,Comedy|Romance|Drama,5.3,389,0.493,it
49426,The Fog,2010,Drama|War|Science Fiction,5.1,14,0.3996,ru
58623,Pickman's Muse,2010,Horror|Thriller,5.9,14,0.3762,en
40660,If You Love,2010,Drama|Romance,5.4,11,0.2822,fi
69157,An Ordinary Execution,2010,Drama,7.0,23,0.4537,fr
61623,Jew Suss: Rise and Fall,2010,Drama|War,5.0,28,0.4225,de
111581,Moscowin Kavery,2010,Romance,7.0,16,0.7204,ta
359218,Jordan,2010,Adventure|Drama|Thriller|TV Movie,5.3,13,0.3626,en
59419,The Best and the Brightest,2010,Comedy,4.8,28,0.3666,en
88237,Boca,2010,Action|Crime|Drama,5.4,26,0.4545,pt
183410,7 Days in Heaven,2010,Family|Drama,6.9,20,0.38,zh
41728,Enemies Among Us,2010,Action|Thriller,3.0,11,0.5432,en
41530,The Woman Who Dreamed of a Man,2010,Romance|Drama,4.9,24,0.5119,da
45332,To Hell With The Ugly,2010,Comedy,5.823,99,0.4569,es
34231,The Graves,2010,Horror|Thriller|Adventure,3.7,48,0.4252,en
191431,Black Hole,2010,Science Fiction|Horror,3.8,10,0.4245,en
39440,"Waiting for ""Superman""",2010,Documentary,6.9,145,0.3191,en
27613,Plaguers,2010,Horror|Science Fiction,3.0,27,0.4903,en
94898,Namo Venkatesa,2010,Drama|Comedy|Romance,5.0,11,0.5637,te
48999,The Life of Fish,2010,Romance|Drama,5.854,24,0.2561,es
119671,Beck 26 - Buried Alive,2010,Drama|Crime|Thriller|Mystery,6.1,28,0.3993,sv
159802,Shadow Island Mysteries: The Last Christmas,2010,Crime|Drama,6.222,18,0.4452,en
52369,The Pack,2010,Horror,4.703,69,0.429,fr
50583,The Red Eagle,2010,Action|Thriller,5.4,30,0.5609,th
56037,Fuchsia the Mini-Witch,2010,Fantasy|Family,5.327,26,0.3459,nl
37132,I Am Virgin,2010,Comedy|Horror,3.5,23,0.3644,en
50673,Life in Flight,2010,Comedy|Drama|Romance,5.286,15,0.4149,en
86569,Cannibal,2010,Horror|Romance|Thriller,4.5,15,0.4839,fr
56041,Unlikely Revolutionaries,2010,Comedy,5.712,73,0.2605,it
52128,Dersimiz: Atatürk,2010,History|Drama,5.4,14,0.2885,tr
42748,Bo,2010,Drama,5.0,37,0.5018,nl
54682,Jordan Rides the Bus,2010,Documentary,6.158,20,0.299,en
35756,Empty Barrels,2010,Action|Comedy,5.1,25,1.6537,no
45104,The Wronged Man,2010,Drama|TV Movie,6.08,25,0.3498,en
603409,Thorne: Scaredycat,2010,Crime|Drama|Mystery,6.3,15,0.6599,en
79897,Pranchiyettan & The Saint,2010,Comedy|Family,7.1,36,0.3959,ml
382894,Love at First Sight,2010,Drama|Romance,7.65,10,0.3654,en
73819,The Last Kung Fu Monk,2010,Action,5.5,15,0.3398,en
35025,The Pimp,2010,Comedy,5.79,302,0.5377,fr
58223,Woman of My Life,2010,Comedy,5.5,52,0.3192,it
42151,Down Terrace,2010,Crime|Drama,6.205,83,0.3078,en
413578,Hands Up! 2: Track Aduowan,2010,Comedy,5.1,14,0.5733,zh
39026,Costa Rican Summer,2010,Comedy,3.8,22,0.4626,en
65997,Vampires,2010,Comedy|Horror,5.2,22,0.3339,fr
59110,Parked,2010,Drama,6.598,56,0.3954,en
101520,Reel Injun,2010,Documentary|History,7.013,39,0.3803,en
73111,The Revelation of the Pyramids,2010,Documentary|History|Mystery,6.5,39,0.4965,fr
53190,The Two Escobars,2010,Crime|Documentary,7.4,49,0.3562,en
54559,Orientation Day,2010,Animation|Family|Comedy,6.926,209,0.573,en
75353,FIT,2010,Drama|Comedy,4.5,12,0.4749,en
80449,Jónsi: Go Quiet,2010,Music|Documentary,6.8,10,0.4574,en
91950,Flamenco Flamenco,2010,Music|Documentary,7.0,27,1.1338,es
74352,The Night Before the Night Before Christmas,2010,Family|Fantasy|TV Movie,5.4,21,0.6283,en
61624,Truth About Men,2010,Comedy|Drama,6.0,24,0.5235,da
71797,Kung Fu Magoo,2010,Animation|Family,4.9,15,0.531,es
43943,Jack Goes Boating,2010,Comedy|Drama|Romance,6.0,136,0.5311,en
50319,Death and Glory in Changde,2010,Action|Drama|History|War,6.3,10,0.5912,zh
56534,Knock Out,2010,Crime|Action|Thriller|Mystery,6.6,28,0.6357,hi
57830,Outbound,2010,Drama,6.4,16,0.3911,ro
12216,The Portal,2010,Horror,4.0,12,0.4254,en
65016,The Sleeping Beauty,2010,Fantasy|Drama,4.5,25,0.4209,fr
59293,Summer Coda,2010,Drama|Romance,4.5,13,0.308,en
178122,Maximum Shame,2010,Science Fiction|Fantasy|Horror|Music,4.8,10,0.3549,en
98115,Harmony and Me,2010,Comedy|Romance,5.6,16,0.5121,en
190018,No Doubt,2010,Thriller|Drama,6.4,10,0.6161,ko
89847,Modus Operandi,2010,Action|Thriller|Crime,5.864,11,0.3407,en
44646,The Last Seven,2010,Thriller|Mystery,4.258,33,0.3863,en
58557,House of Angels - Third Time Lucky,2010,Comedy|Drama,4.5,15,0.4443,sv
34104,The Cursed,2010,Horror|Thriller,4.1,18,0.518,en
60184,The Dealer,2010,Thriller|Drama|Adventure,6.3,14,0.2414,ar
258514,Van Gogh: Painted with Words,2010,Drama|Documentary,7.3,58,0.3762,en
72355,Deep in the Woods,2010,Drama|Romance,5.3,21,0.2905,fr
108614,The Seminarian,2010,Drama,4.6,24,0.3558,en
46504,Guy and Madeline on a Park Bench,2010,Drama|Music|Romance,5.453,64,0.4066,en
45756,Saint,2010,Horror|Comedy,4.937,158,0.4843,nl
50358,The Promise: The Making of Darkness on the Edge of Town,2010,Music|Documentary,6.8,10,0.4914,en
42850,Children of Invention,2010,Comedy|Drama|Romance,6.5,16,0.4184,en
92243,Memories of Anne Frank,2010,Drama|TV Movie|History,7.2,79,0.5063,it
49374,The Well Beloved One,2010,Comedy,6.305,41,0.4126,pt
53079,Who Is Harry Nilsson (And Why Is Everybody Talkin' About Him?),2010,Documentary|Music,7.1,40,0.4116,en
58054,Here Comes the Bride,2010,Comedy|Fantasy,6.0,11,0.3504,tl
56815,Post Mortem,2010,Drama,6.095,63,0.5474,es
39491,Sura,2010,Action|Comedy|Drama,2.515,33,0.3919,ta
51285,PG 16...,2010,Romance|Comedy|Drama,5.75,20,0.2893,ru
57173,Monsterwolf,2010,TV Movie|Fantasy|Horror,3.703,32,0.3622,en
53352,Freche Mädchen 2,2010,Drama|Comedy|Romance,5.1,27,0.3144,de
50604,Dark Woods,2010,Drama|Horror|Thriller,4.545,11,0.3258,en
47753,William S. Burroughs: A Man Within,2010,Documentary,6.5,31,0.3766,en
62069,Four More Years,2010,Comedy|Drama|Romance,6.063,32,0.4423,sv
136070,Vengeance Can Wait,2010,Romance|Comedy|Drama,6.2,10,0.3804,ja
62965,Boxhagener Platz,2010,Comedy,5.7,16,0.3553,de
201036,Reincarnate,2010,Drama,4.65,10,0.483,th
49028,Rakht Charitra,2010,Action|Crime|Drama,6.944,27,0.4401,hi
63480,The Kane Files: Life of Trial,2010,Action|Thriller,4.8,17,0.3428,en
56040,Gorbaciof,2010,Drama|Romance|Crime,6.0,63,0.4745,it
55895,Monogamy,2010,Drama|Romance,4.2,16,0.4356,en
54740,The Best That Never Was,2010,Documentary,6.906,16,0.3152,en
56835,The Secret Letter,2010,Drama|Family,6.3,17,0.5087,nl
48245,The Rati Horror Show,2010,Documentary,7.0,12,0.3059,es
67634,Truce,2010,Drama,4.0,10,0.3404,ru
178725,Death Tube: Broadcast Murder Show,2010,Horror,5.5,30,0.3518,ja
47984,Klara,2010,Adventure|Family,5.1,14,0.3628,sv
54069,Ragada,2010,Action,4.9,12,0.5291,te
50004,Paper Birds,2010,Drama|History|Thriller,6.7,36,0.4116,es
44687,The Lost Skeleton Returns Again,2010,Comedy|Horror,6.0,25,0.4076,en
44158,This Movie Is Broken,2010,Drama|Music|Romance,3.6,15,0.5244,en
56036,Nothing's All Bad,2010,Drama|Comedy,6.4,16,0.8766,da
51278,Who Am I?,2010,Drama|Thriller,5.417,24,0.3212,ru
94639,José & Pilar,2010,Documentary,7.3,27,0.3242,pt
78286,The Kate Logan Affair,2010,Drama|Thriller,5.091,22,0.4177,en
34685,Cut,2010,Horror|Mystery|Thriller,4.0,11,0.2347,en
53778,DMT: The Spirit Molecule,2010,Documentary,6.15,80,0.4215,en
49874,Inspector Späck,2010,Comedy|Crime,4.5,29,0.2535,sv
38883,Protect and Serve,2010,Comedy|Crime|Action,4.5,106,0.2806,fr
80649,Sweet Little Lies,2010,Drama|Romance,5.2,12,0.4429,ja
284321,Wallander: The Heritage,2010,Thriller|Crime,4.6,16,0.315,sv
111039,Second Chances,2010,TV Movie|Thriller|Crime|Mystery,4.4,18,0.3853,en
57389,The Four Times,2010,Drama,7.5,118,0.3035,it
129487,… But Film Is My Mistress,2010,Documentary,6.3,13,0.5363,sv
30695,Chance Pe Dance,2010,Music|Romance|Drama,5.3,31,0.4875,hi
264577,Camus,2010,Drama|TV Movie,5.1,16,0.4097,fr
62117,Route 132,2010,Drama,5.9,13,0.3121,fr
58729,The Bill Collector,2010,Crime|Comedy|Drama,2.6,12,0.3929,en
47610,Gravity,2010,Crime|Drama|Comedy,5.8,20,0.3309,de
59811,Dance with the Jackals,2010,Comedy,5.421,57,0.3268,tr
141202,1001 Inventions and the Library of Secrets,2010,Documentary|Family,5.5,10,0.319,en
44950,A Horrible Way to Die,2010,Horror|Thriller,5.1,90,0.3846,en
59255,The Unintentional Kidnapping of Mrs. Elfriede Ott,2010,Comedy,6.788,26,0.3213,de
56242,Demonic Toys: Personal Demons,2010,Horror,3.6,43,0.5772,en
82076,Ferozz: The Wild Red Riding Hood,2010,Fantasy|Horror,5.2,16,0.5056,es
50272,We Are What We Are,2010,Horror|Thriller,6.0,134,0.3309,es
31834,Ken Folletts Eisfieber,2010,Thriller,6.7,12,0.3154,de
50817,On the Path,2010,Drama,6.5,24,0.4082,bs
41499,Bluebeard,2010,Fantasy|Drama|Thriller,5.6,34,0.4738,fr
41520,Chico Xavier,2010,Drama,7.113,97,0.4306,pt
53456,What War May Bring,2010,Drama,6.5,23,0.4178,fr
85709,Dooman River,2010,Drama,6.385,13,0.7243,ko
278698,Avatar Spirits,2010,Documentary,8.012,41,0.3473,en
46734,Eva,2010,Drama|Romance,6.25,10,0.3319,en
73541,You Should Meet My Son!,2010,Comedy,6.267,45,0.3543,en
59266,The Arbor,2010,Drama|Documentary,7.278,45,0.3536,en
85821,Littlerock,2010,Drama,5.4,12,1.4083,en
53502,The Dead Undead,2010,Horror|Science Fiction|Action,4.0,19,0.3563,en
704882,Predators: Moments of Extraction,2010,Action|Animation|Science Fiction,4.2,10,0.3825,en
83877,Amphibious Creature of the Deep,2010,Horror,3.7,44,0.4249,en
56929,Elle: A Modern Cinderella Tale,2010,Fantasy|Drama|Science Fiction|Family,5.0,85,0.4206,en
55063,Still Bill,2010,Documentary|Music,7.1,11,0.4709,en
46281,Jerry Cotton,2010,Comedy|Crime,5.9,44,0.4781,de
683588,Alice in Wonderland: Effecting Wonderland,2010,Documentary|Fantasy,6.944,18,0.5546,en
580333,Chou Deneiban SD Gundam Sangokuden Brave Battle Warriors,2010,Animation|Comedy|Science Fiction,6.1,47,0.458,ja
84849,Orly,2010,Drama,6.462,13,0.3365,de
70018,10½,2010,Drama,7.0,22,0.3202,fr
46564,A Marine Story,2010,Drama,6.0,47,0.3978,en
133204,Out of Sight,2010,Animation|Adventure|Drama|Fantasy,7.7,26,0.2921,zh
200094,Disconnect,2010,Thriller|Mystery|Crime|Science Fiction,5.917,12,0.4089,en
33556,Ishqiya,2010,Thriller|Comedy,6.46,75,0.4512,hi
71328,The Boy She Met Online,2010,Crime|Romance|Thriller|Mystery|TV Movie,4.5,28,0.3955,en
87680,Monstro!,2010,Action|Comedy|Horror,4.6,11,0.238,en
48836,Kill Katie Malone,2010,Thriller|Horror,4.243,35,0.4407,en
37851,Hooked on the Game 2. The Next Level,2010,Action|Science Fiction,4.8,47,0.3665,ru
112341,An Old Fashioned Christmas,2010,Drama,5.2,10,0.3197,en
55893,Putty Hill,2010,Drama,5.5,13,0.2964,en
153717,Aschenputtel,2010,Fantasy|Family,6.8,20,0.4625,de
38301,The Japanese Wife,2010,Drama|Romance,6.6,23,0.4152,bn
40194,Paris Express,2010,Comedy|Action|Crime,5.1,161,0.4423,fr
83345,The Mosquito Net,2010,Drama|Comedy,5.5,19,0.4068,es
89369,Ashes,2010,Horror|Science Fiction|Thriller|Fantasy,4.6,10,0.3057,en
43541,Brother and Sister,2010,Comedy|Drama,6.7,20,0.2816,es
48740,Coyote Falls,2010,Animation|Comedy,7.038,40,0.4454,en
135041,Anwar,2010,Action|Thriller|Crime,6.2,27,0.4952,ml
90842,co2,2010,Drama,2.8,12,0.2576,en
54677,Four Days in October,2010,Documentary,6.6,19,0.3352,en
37438,Road  Movie,2010,Adventure|Comedy|Crime|Drama,5.545,11,0.3616,hi
51403,Bibliothèque Pascal,2010,Drama,6.1,32,0.5402,hu
48019,My Trip to Al-Qaeda,2010,Documentary,5.5,11,0.217,en
45780,I Am Slave,2010,Drama|Thriller,6.135,37,0.4298,en
105942,ReGeneration,2010,Documentary|Action,7.1,14,0.3672,en
95056,I'm Not Jesus Mommy,2010,Drama|Science Fiction|Thriller,3.8,11,0.2188,en
45822,Little Rose,2010,History|Drama|Romance,6.872,47,0.2391,pl
57008,Alice in Murderland,2010,Horror|Thriller,2.8,21,0.2614,en
39185,Winning Time: Reggie Miller vs. The New York Knicks,2010,Documentary,7.672,32,0.2918,en
45274,Client 9: The Rise and Fall of Eliot Spitzer,2010,Documentary,6.225,40,0.4816,en
58515,The Lost Thing,2010,Animation|Drama|Science Fiction,6.902,87,0.3323,en
44999,Casino Jack and the United States of Money,2010,Documentary,7.1,29,0.39,en
43615,Lula  the Son of Brazil,2010,Drama|History,5.5,90,0.4283,pt
56891,Passione,2010,History|Music|Documentary,6.4,16,0.4125,it
48487,Habermann,2010,War|Drama|History,5.923,26,0.5094,cs
219215,The Needle Remix,2010,Drama|Thriller,5.0,13,0.3092,ru
208885,Mary Last Seen,2010,Drama,5.7,22,0.2544,en
152961,Little Tailor,2010,Romance|Drama,5.8,39,0.5526,fr
35963,Dragon Trap,2010,Action|Crime|Thriller,5.5,32,0.3038,tr
147503,The Counterfeiters,2010,War|TV Movie,4.7,28,0.3029,fr
81622,Cinema Komunisto,2010,Documentary,7.1,14,0.3334,sr
61035,Here Comes Lola!,2010,Family|Comedy|Drama|Music,5.8,25,0.2438,de
50718,One Day,2010,Drama|Romance|Science Fiction,7.1,17,0.4179,zh
36511,White Wall,2010,Action|Drama|Fantasy|Science Fiction|Thriller,3.4,16,0.3744,en
553346,Doctor Who: Meanwhile in the TARDIS: Part 1,2010,Comedy|Science Fiction,7.0,16,0.3544,en
48373,Listen to Your Heart,2010,Drama|Music|Romance,7.1,84,0.3307,en
213971,The Road to Coronation Street,2010,TV Movie|Drama,7.1,10,0.2801,en
789978,Hellboy Animated: The Dark Below,2010,Animation|Adventure|Action|Fantasy|Horror,7.0,10,0.2795,en
53739,For the Good of Others,2010,Thriller|Drama|Fantasy,5.294,51,0.4231,es
69485,Blame,2010,Thriller,5.0,16,0.2743,en
128765,Tord and Tord,2010,Animation|Drama,5.9,14,0.2498,sv
169599,Connect,2010,Comedy|Drama,7.0,10,0.3271,en
43700,Big Money Rustlas,2010,Action|Comedy|Western,4.118,17,0.3502,en
430783,Priest of Evil,2010,Thriller|Mystery,5.3,34,0.3368,fi
206201,The Unliving,2010,Romance|Horror|Drama|Science Fiction,6.0,11,0.3875,sv
51299,Life Cycles,2010,Documentary,8.3,37,0.4532,en
43954,Shoot the Hero,2010,Action|Comedy,3.9,24,0.3639,en
67189,At the Sinatra Club,2010,Action|Crime|Drama|Thriller,2.8,10,0.585,en
55796,Mynaa,2010,Thriller|Drama|Romance,7.2,20,0.445,ta
41179,The Wedding Cake,2010,Comedy,5.2,66,0.5224,fr
84371,Kaaryasthan,2010,Comedy|Drama,5.7,14,0.502,ml
51976,Brother,2010,Drama,6.7,30,0.3351,es
80837,Dead Genesis,2010,Drama|Horror|Thriller,4.0,11,0.4899,en
805104,Hannibal Lecter  l'icône du mal par excellence,2010,Documentary|Horror,5.5,12,0.4722,en
52320,Home for Christmas,2010,Drama|Comedy,5.8,26,0.3879,no
246422,Fracture,2010,Drama|TV Movie,6.6,46,0.2707,fr
45950,La passione,2010,Comedy,6.3,42,0.3157,it
41120,Rush: Beyond the Lighted Stage,2010,Documentary|Music,7.454,87,0.3572,en
121806,Press,2010,Drama|Crime,5.893,14,0.3026,tr
138624,Gift of the Magi,2010,Drama|Romance|TV Movie,5.0,19,0.3636,en
42675,Genitori & figli - Agitare bene prima dell'uso,2010,Comedy,5.5,169,0.3403,it
78441,Jitters,2010,Drama,5.87,46,0.383,is
41342,Baseline,2010,Action|Crime|Drama,4.5,12,0.4437,en
63077,The Coming Days,2010,Drama|Science Fiction,4.9,36,0.4746,de
234631,Kandahar,2010,Drama|History,3.7,13,0.2998,ml
62543,My Normal,2010,Comedy|Drama|Romance,4.0,36,0.3304,en
48826,Jhootha Hi Sahi,2010,Drama|Romance,4.8,11,0.3075,hi
74141,VIPs: Histórias Reais de um Mentiroso,2010,Documentary,7.2,35,0.2095,pt
62120,The Child Prodigy,2010,Drama|Comedy,4.7,11,0.3417,fr
109463,The Color Out of Space,2010,Science Fiction|Horror,6.4,43,0.4659,de
45769,Shut Up and Kiss Me,2010,Romance|Comedy,4.6,13,0.3835,en
39750,Stonehenge Apocalypse,2010,Science Fiction|Action|TV Movie,4.1,76,0.4814,en
57517,First Dog,2010,Family|Comedy|Drama,6.6,50,0.3676,en
241982,One Husband Too Many,2010,Comedy|Romance|TV Movie,5.7,16,0.3554,fr
36298,Me  Them and Lara,2010,Comedy|Drama,5.58,313,0.3942,it
62116,Mozart's Sister,2010,Drama,6.3,36,0.3542,fr
46024,The Happy Housewife,2010,Drama|Romance,5.9,44,0.4438,nl
56596,Trust Me,2010,Drama|Comedy,6.3,11,0.323,sv
870606,Pokémon Apokélypse,2010,Crime|Action|Drama,5.6,11,0.2293,en
42757,Everything Will Be Fine,2010,Thriller|Drama,6.3,17,0.3568,da
308979,Tim and Eric Awesome Show  Great Job! Chrimbus Special,2010,Comedy|TV Movie,8.063,16,0.4255,en
49211,Freaknik: The Musical,2010,Animation|Comedy|Music|TV Movie,6.6,14,0.3851,en
240500,Holiday Camp,2010,Drama,5.6,13,0.2525,fr
48018,Runaway,2010,Music|Fantasy|Romance,7.7,51,0.2017,en
58635,Breakfast in Bed,2010,Comedy|Romance,5.833,21,0.3208,pl
144206,Whistle and I'll Come to You,2010,Horror|TV Movie,5.7,21,0.3676,en
53999,My Super Psycho Sweet 16: Part 2,2010,Horror|TV Movie,5.5,26,0.3671,en
51071,The Big Picture,2010,Thriller,6.3,163,0.3638,fr
51473,Mon pote,2010,Comedy,6.0,34,0.332,fr
70712,Te Presento a Laura,2010,Romance|Comedy|Drama,6.8,86,0.4669,en
56897,Phas Gaye Re Obama,2010,Comedy|Crime,7.175,60,0.358,hi
60479,Max Schmeling,2010,Action|Drama,5.6,22,0.3572,de
77821,The Cost of Love,2010,Drama|Comedy|Romance,4.0,15,0.1655,en
56840,Muita Calma Nessa Hora,2010,Comedy,6.03,116,0.3752,pt
71031,Wound,2010,Fantasy|Horror|Thriller,2.6,20,0.278,en
88278,The Trip,2010,Comedy,7.075,40,0.3041,es
63430,Ye Maaya Chesave,2010,Romance|Drama,6.8,23,0.3661,te
43737,Splintered,2010,Horror|Thriller,4.773,33,0.2877,en
28396,The Valdemar Legacy,2010,Horror|Mystery,5.9,114,0.3579,es
63065,Neue Vahr Süd,2010,Comedy|TV Movie,6.363,62,0.4623,de
52918,The Oath,2010,Documentary,7.4,26,0.3579,en
61312,Video Nasties: Moral Panic  Censorship & Videotape,2010,Documentary,6.8,29,0.3764,en
55151,Tuesday  After Christmas,2010,Drama|Romance,6.307,70,0.4265,ro
234165,Cupid's Arrow,2010,Comedy|Drama,5.5,11,0.2401,en
53918,Beyond Suspicion,2010,Thriller,3.9,11,1.4276,fr
47181,Women in Temptation,2010,Comedy|Romance,5.4,17,0.3245,cs
49827,Moscow  I Love You!,2010,Romance|Comedy,4.8,30,0.4438,ru
46675,Best Friends Forever,2010,Comedy,5.63,54,0.3349,fr
58013,The Santa Claus Gang,2010,Comedy,6.035,1092,0.4308,it
90291,Stalker,2010,Horror|Mystery|Thriller,4.7,21,0.3373,en
57400,The Human Resources Manager,2010,Comedy|Drama,7.1,28,0.2826,he
34557,Turn the Beat Around,2010,Drama,5.2,17,0.3681,en
73128,Bruc: The Manhunt,2010,Adventure|History|Drama,5.4,28,0.3794,ca
275994,Takumi-kun Series: Pure,2010,Drama,4.8,10,0.5149,ja
73127,Tears of Gaza,2010,Documentary|War,6.5,11,0.3552,no
44988,Grown Up Movie Star,2010,Drama,5.138,16,0.2924,en
1094904,Hotel Hell Vacation,2010,Comedy|Family,5.0,10,0.3889,en
42707,Road to Nowhere,2010,Mystery|Thriller|Romance,5.7,45,0.4268,en
59406,Psywar,2010,Documentary,7.0,12,0.282,en
253398,Gonger - Das Böse kehrt zurück,2010,Horror|Mystery|Thriller,6.2,13,0.2773,de
62878,Riverworld,2010,Science Fiction|TV Movie,4.7,46,0.3002,en
44249,The Legend Is Born: Ip Man,2010,Drama|Action|History,6.854,723,0.4104,cn
47640,Person of Interest,2010,Crime|Drama|Mystery,5.6,17,0.3541,en
202721,Happy Husbands,2010,Comedy,5.6,10,0.2605,ml
175987,Red Dead Redemption: The Man from Blackwater,2010,Animation|Western,6.658,19,0.3728,en
36604,Perfect Life,2010,Horror|Thriller,3.542,12,0.3254,en
79854,18 Meals,2010,Drama|Comedy,5.7,20,0.3009,es
54735,Straight Outta L.A.,2010,Documentary,6.2,14,0.4015,en
51486,Jean-Michel Basquiat: The Radiant Child,2010,Documentary,7.3,37,0.4735,en
37259,Blood Into Wine,2010,Documentary,7.1,21,0.2704,en
68952,En chantier  monsieur Tanner !,2010,Comedy|TV Movie,4.409,11,0.4637,fr
71733,The Albanian,2010,Drama,6.4,15,0.3583,sq
44671,Racing Dreams,2010,Documentary,7.3,18,0.3348,en
69740,Smoorverliefd,2010,Unknown,5.2,11,0.3504,nl
40188,A Spot of Bother,2010,Comedy,5.3,55,0.2375,fr
61101,Flying Pigs,2010,Drama|Comedy,5.452,31,0.2798,pl
56320,The Scientist,2010,Drama|Science Fiction,5.3,11,0.2127,en
41621,The Secret of the Whales,2010,Drama|Thriller,2.5,10,0.2654,de
84738,Beware,2010,Horror,3.1,10,0.3186,en
53840,Sharm El Sheikh: Un'estate indimenticabile,2010,Comedy,5.0,135,0.3144,it
67269,Un altro mondo,2010,Drama,7.1,35,0.3486,it
69333,Soul Boy,2010,Drama,6.8,12,0.3061,en
55637,Identity Card,2010,Comedy|Drama|History,6.667,24,0.3834,cs
70669,Dark Souls,2010,Horror|Thriller,4.2,23,0.4332,no
112153,Blocks,2010,Drama,5.5,14,0.2729,es
60084,Floating Lives,2010,Drama,6.3,12,0.2877,vi
64780,Upside Down: The Creation Records Story,2010,Documentary|Music,7.0,14,0.2461,en
50093,Goa,2010,Comedy|Romance,6.0,21,0.3467,ta
73095,Cool Gel Attacks,2010,Comedy|Science Fiction,5.8,12,0.2757,th
54424,Majority,2010,Drama,6.9,51,0.3207,tr
151321,Best Actor,2010,Comedy|Family,6.2,19,0.3317,ml
444167,Atmosphere,2010,Science Fiction,4.8,13,0.2464,es
63946,Viva Riva!,2010,Action|Drama|Thriller,5.261,23,0.4519,fr
52254,David Wants to Fly,2010,Documentary,7.0,18,0.3391,en
40636,The Rolling Stones: Stones in Exile,2010,Documentary|Music,6.6,14,0.2842,en
57413,The Great Vazquez,2010,Comedy,5.87,46,0.2997,es
70418,Wasted on the Young,2010,Drama|Thriller|Romance,5.5,52,0.2839,en
49388,Deeper,2010,Documentary,7.7,10,0.2674,en
48375,Brother's Justice,2010,Comedy|Documentary,4.8,14,0.3096,en
159518,The Crush,2010,Comedy|Drama,5.905,42,0.3781,en
21187,Diagnosis: Death,2010,Horror|Comedy,4.462,13,0.2683,en
213711,New Terminal Hotel,2010,Horror|Thriller,3.9,15,0.2534,en
418047,The Secret Life of Chaos,2010,Documentary,6.9,25,0.3384,en
73976,So Hard to Forget,2010,Drama,5.5,33,0.3534,pt
42480,Holyman Undercover,2010,Comedy,3.0,10,0.2987,en
44897,Weddings and Other Disasters,2010,Comedy|Romance,5.3,71,0.3484,it
495811,Twice: The Extraordinary Life of Tsutomu Yamaguchi,2010,Documentary|War,7.7,14,0.3709,ja
53980,Together Is Too Much,2010,Comedy|Family,4.4,24,0.3013,fr
64694,It's Not You  It's Me,2010,Drama|Comedy|Romance,7.406,186,0.2855,es
202724,In Ghost House Inn,2010,Comedy|Horror,5.5,20,0.5253,ml
160197,Elsamma Enna Aankutty,2010,Comedy|Family,5.9,16,0.2416,ml
67358,4 Black Suits,2010,Comedy,5.0,15,0.2956,el
83481,Heroes,2010,Drama|Adventure,7.372,43,0.2986,ca
68861,Hustlers,2010,Comedy|Drama,4.6,18,0.2637,fi
73419,The Devil's Teardrop,2010,Drama|Thriller|Crime|Mystery,6.237,19,0.2868,en
72848,The Three-way Wedding,2010,Drama,4.5,14,0.224,fr
47746,Gangsterboys,2010,Crime|Comedy,5.2,11,1.2607,nl
108321,Love on a Weekend,2010,Drama|Romance,3.9,11,0.3706,es
91790,Nowhere to Land,2010,Thriller|TV Movie,5.844,16,0.2597,en
49720,Clarkson: The Italian Job,2010,Documentary|Comedy,6.7,14,0.2593,en
32679,Times Change You,2010,Music|Drama,4.143,70,0.3137,de
215354,Kadha Thudarunnu...,2010,Drama,6.5,16,0.328,ml
63699,Federal,2010,Action|Mystery,4.412,34,1.0969,pt
61935,Crazy About Ya,2010,Romance|Comedy,6.0,14,0.3869,nl
42323,Tere Bin Laden,2010,Comedy,6.441,59,0.3356,hi
70636,Ghost from the Machine,2010,Thriller|Science Fiction|Horror|Mystery,7.4,17,0.1685,en
99779,Cappuccino,2010,Drama|Comedy,5.6,17,0.2966,fr
54527,Into Eternity: A Film for the Future,2010,Documentary,7.159,85,0.2594,en
424211,A Good Day,2010,Drama,4.8,11,0.3134,es
65150,Extreme Happiness,2010,Drama,4.375,12,0.2891,pt
100212,Cutback,2010,Drama,7.2,11,0.2933,en
83137,The Santa Suit,2010,Comedy|Family|Fantasy|TV Movie,5.855,31,0.3632,en
56604,The Haunted House Project,2010,Horror|Mystery,4.4,11,0.3671,ko
79782,Venice,2010,Drama|Romance,7.0,17,0.3199,pl
52321,The Sentiment of the Flesh,2010,Romance|Drama|Thriller,3.7,15,0.3433,fr
63705,Last Breath,2010,Drama|Horror|Thriller,2.7,10,0.2263,en
62156,Head Over Heels,2010,Comedy,6.459,246,0.1992,pt
61374,8 Times Up,2010,Drama|Comedy|Romance,6.071,21,0.3543,fr
71930,The Adventures of Chris Fable,2010,Action|Drama|Adventure|Fantasy,2.6,18,0.2763,en
64611,In the Shadows,2010,Drama|Thriller|Crime,6.8,19,0.2919,de
209692,Out of a Forest,2010,Animation|Horror,6.4,19,0.368,en
309337,Cigarettes et bas nylons,2010,Drama|TV Movie,5.4,13,0.2469,fr
47689,Get Lamp,2010,Documentary,6.5,12,0.2901,en
53225,Morgan and Destiny's Eleventeenth Date: The Zeppelin Zoo,2010,Romance,6.7,18,0.1843,en
51511,The Immaculate Conception of Little Dizzle,2010,Comedy|Drama,5.454,26,0.3123,en
59491,Going Our Way,2010,Adventure|Comedy,5.4,14,0.2697,sl
79168,Drama,2010,Drama,4.8,21,0.3231,es
27547,Slime City Massacre,2010,Horror|Comedy,4.0,10,0.3903,en
49850,A Quiet Life,2010,Drama|Thriller,6.536,166,0.3928,it
414086,The Color Purple,2010,Drama|Romance|Thriller,4.7,10,0.2483,fa
52032,My Dog Tulip,2010,Animation|Comedy|Drama,6.4,31,0.2488,en
223902,Isle of Dogs,2010,Crime|Thriller|Action,4.5,10,0.2945,en
75956,The Miracle of Marcelino,2010,Family|Drama,7.8,24,0.4449,es
124601,A Christmas Snow,2010,Family|Fantasy|Drama,5.1,18,0.2962,en
289436,Wallander: The Witness,2010,Crime|Thriller,4.8,13,0.2408,sv
50142,Mutant Vampire Zombies from the 'Hood!,2010,Horror|Comedy,2.7,10,0.3049,en
61933,The Light Bulb Conspiracy,2010,Documentary,7.584,83,0.2302,fr
56603,No Reason,2010,Horror|Thriller,3.295,22,0.3273,de
52249,The Red Chapel,2010,Comedy|Documentary,7.207,29,0.2184,da
50420,Countdown to Zero,2010,Documentary,6.4,35,0.3735,en
52330,Glass Tiger 3,2010,Comedy,6.6,24,0.2484,hu
56922,A Second Childhood,2010,Drama,6.7,22,0.3879,it
269336,Diarchy,2010,Drama,5.7,12,0.2346,it
48637,Una canzone per te,2010,Comedy,5.2,72,0.2825,it
76400,Pig,2010,Horror,4.1,13,0.2931,en
76292,Bastards,2010,Drama,4.706,17,0.3048,cs
37690,Paathshaala,2010,Drama|Family,5.0,18,0.3584,hi
53358,Fubar II,2010,Comedy,5.8,27,0.2804,en
24392,The Dark Lurking,2010,Action|Horror|Science Fiction,3.588,34,0.3575,en
78197,22nd of May,2010,Fantasy|Drama|Thriller,6.1,21,0.2289,nl
114010,Somebody Help Me 2,2010,Horror,5.4,11,0.3216,en
74637,Madso's War,2010,Action|Crime|TV Movie|Drama,4.1,10,0.275,en
70745,The Woman with a Broken Nose,2010,Romance|Drama|Comedy,5.2,15,0.3407,sr
49821,400 Against 1: A History of Organized Crime,2010,Action|Crime|Drama,5.461,38,0.5192,pt
36566,Cheech & Chong's Hey Watch This,2010,Documentary|Comedy,5.881,21,0.3057,en
84219,Jaws: The Inside Story,2010,Documentary|TV Movie,7.3,10,0.2586,en
51969,The End Is My Beginning,2010,Drama,6.1,30,0.2346,de
91530,The Christening,2010,Drama,6.3,18,0.2842,pl
158503,Natrang,2010,Drama|Music,7.5,10,0.4392,mr
71562,I Am Kalam,2010,Comedy|Drama|Family,7.258,31,0.2568,hi
60254,The Other Dumas,2010,Drama|History,5.8,36,0.3492,fr
56529,The Violent Kind,2010,Horror,4.7,60,0.2241,en
55003,Benda Bilili!,2010,Documentary|Music,6.3,19,0.3136,fr
62103,Agnosia,2010,Thriller|Drama,4.824,54,0.34,es
97342,Vedam,2010,Drama|Thriller,7.2,40,0.4207,te
69278,Phase 7,2010,Thriller|Science Fiction|Comedy,5.622,74,0.2962,es
51190,Run Sister Run!,2010,Drama,5.318,22,0.2607,fi
66944,Seventy-Two Days,2010,Comedy|Drama|Thriller|Crime,6.3,10,0.2184,hr
58765,Slices of Life,2010,Horror|Science Fiction|Thriller,3.1,13,0.3769,en
90990,Pusher,2010,Action|Crime|Drama|Thriller,5.6,15,0.2211,en
60524,Don't Fade Away,2010,Drama,4.1,13,0.2752,en
43676,The Two Deaths of Quincas Wateryell,2010,Comedy|Drama,6.932,44,0.2824,pt
292936,Ni reprise  ni échangée,2010,Comedy|TV Movie,6.0,15,0.3096,fr
46920,Our Life,2010,Drama,6.531,143,0.3325,it
57081,Whitney Cummings: Money Shot,2010,Comedy,6.0,27,0.2154,en
44186,Basement,2010,Horror,3.1,17,0.3513,en
63154,Zenith,2010,Action|Adventure|Drama|Mystery|Science Fiction|Thriller,5.2,29,0.2921,en
54741,The Birth of Big Air,2010,Documentary,6.2,15,0.2954,en
58397,The Liverpool Goalie,2010,Comedy|Family,6.4,23,0.3102,no
262742,Pastor Shepherd,2010,Comedy,3.5,15,0.3371,en
60619,The Unforgiving,2010,Horror|Thriller,3.0,19,0.356,en
47055,Cool It,2010,Documentary,6.4,10,0.2204,en
45060,Segurança Nacional,2010,Action|Crime|Thriller,4.469,16,0.3094,pt
49818,Varg Veum - The Writing on the Wall,2010,Crime,6.35,30,0.3752,no
201195,The Karski Report,2010,Documentary,6.2,10,0.2702,fr
52944,Don Seenu,2010,Comedy|Drama|Action,5.3,16,0.491,te
50845,The Clink of Ice,2010,Comedy|Drama,5.865,262,0.3811,fr
204344,Internet Story,2010,Animation|Drama|Mystery,8.1,14,0.2215,en
71511,Medium Raw,2010,Fantasy|Horror|Thriller,4.8,15,0.2828,en
84134,Earth: Making of a Planet,2010,Documentary,7.8,21,0.1967,en
54512,Portrait of the Fighter as a Young Man,2010,Action|Drama|History,7.1,13,0.4066,ro
112555,Old Cats,2010,Drama|Comedy,4.4,13,0.2587,es
87017,Leo's Room,2010,Drama|Romance,6.8,39,0.1924,es
56811,Cropsey,2010,Crime|Documentary|Mystery|Horror,6.0,177,0.3355,en
81435,Microphone,2010,Drama,7.6,14,0.2799,ar
37235,Until Nothing Remains,2010,Drama,6.3,23,0.2598,de
141750,Overdose: The Next Financial Crisis,2010,Documentary,6.8,13,0.2667,en
46810,Paco,2010,Drama,6.0,13,0.1608,es
56174,Special Treatment,2010,Drama|Comedy,4.2,17,0.2106,fr
56180,The Silent House,2010,Drama|Horror|Mystery|Thriller,5.412,164,0.2572,es
63695,Tiger Team: The Mountain of 1000 Dragons,2010,Adventure|Family,5.3,10,0.2563,de
44160,Honey,2010,Drama,6.8,101,0.3453,tr
58204,Love & Slaps,2010,Comedy,6.1,89,0.2978,it
44962,A Very Very Beautiful Love Story,2010,Comedy,4.5,18,0.3247,fr
313646,Mumbai Pune Mumbai,2010,Romance,7.65,10,0.2149,mr
48296,Mother Teresa of Cats,2010,Drama,6.25,10,0.2421,pl
52149,Ask Your Heart,2010,Drama,7.5,14,0.2265,tr
354261,Easy Money,2010,Thriller|Drama,5.5,14,0.3502,es
45133,Sebbe,2010,Drama,6.2,25,0.2651,sv
44241,Le Baltringue,2010,Comedy,2.6,30,0.354,fr
35791,Resident Evil: Afterlife,2010,Action|Adventure|Horror|Science Fiction,6.054,4193,0.2872,en
85101,Undercurrent,2010,Drama,7.1,10,0.2334,is
142712,8:28 AM,2010,Romance|Drama,4.6,10,0.3068,de
132390,Knifer,2010,Drama,6.26,25,0.2015,el
51548,The Invisible Eye,2010,Drama,6.017,29,0.2871,es
47059,Boxing Gym,2010,Documentary,6.6,20,0.2438,en
76146,Autumn,2010,Drama,5.9,11,0.2087,ks
142709,The Last Vampire On Earth,2010,Horror|Romance,3.333,12,0.1874,en
72875,I Want to Be a Soldier,2010,Drama,5.712,33,0.2194,es
110561,Bear Nation,2010,Documentary,5.2,13,0.2998,en
43083,This Is Sodom,2010,Comedy|History,6.8,22,0.2331,he
162374,Top Floor Left Wing,2010,Drama|Comedy,5.8,10,0.2863,fr
60556,Natale in Sudafrica,2010,Comedy,4.4,326,0.3792,it
286716,Peace,2010,Documentary,7.1,14,0.2773,ja
113511,À 10 minutes de la plage,2010,Comedy|TV Movie,5.3,12,0.2072,fr
27807,The Dead Matter,2010,Horror,2.9,17,0.2688,en
42833,Two Eyes Staring,2010,Horror,5.385,61,0.2989,nl
194834,Re-Generator,2010,Action|Science Fiction,6.2,44,0.1971,en
455424,MutantLand,2010,Horror|Animation|Science Fiction,5.7,13,0.2184,en
151433,Disquiet,2010,Drama,5.5,16,0.27,pt
59914,The Blonde with Bare Breasts,2010,Comedy|Drama|Romance|Adventure,5.1,22,0.2289,fr
81032,Neverlost,2010,Fantasy|Thriller|Science Fiction,5.6,15,0.1802,en
70166,Friends (With Benefits),2010,Comedy|Romance,4.5,10,0.2927,en
142025,Sind denn alle Männer Schweine?,2010,Comedy|Drama|TV Movie,3.9,11,0.2298,de
103416,Messages from the Sea,2010,Drama|Romance,8.0,21,0.2808,ar
89495,The Zero Hour,2010,Thriller|Drama,7.7,57,0.3718,es
51867,Boss Engira Baskaran,2010,Comedy|Drama|Action,6.6,34,0.4739,ta
46509,Girlfriend,2010,Romance|Drama,6.1,17,0.3569,en
103259,Franck Dubosc et Stéphane Rousseau - Permission accordée,2010,Comedy,5.8,10,0.337,en
39333,180° South,2010,Documentary,7.19,58,0.2852,en
173600,Rock & Chips,2010,TV Movie|Comedy|Drama,6.2,12,0.308,en
80597,My Perestroika,2010,Documentary|History,6.4,14,0.2691,ru
313809,Five,2010,Romance|Drama,5.3,13,0.2259,es
48413,Embargo,2010,Comedy|Drama,5.5,10,0.2373,pt
81311,Blind Date,2010,Comedy|Romance,4.5,13,0.252,pl
41994,David Cross: Bigger and Blackerer,2010,Comedy|Documentary|TV Movie,6.7,20,0.2209,en
62501,Sisters of War,2010,TV Movie|Drama|War|History,6.3,28,0.4027,en
66793,15 Till Midnight,2010,Drama|Mystery|Science Fiction,3.5,10,0.199,en
44752,The Wrath of Cain,2010,Action,5.1,21,0.2328,en
50779,And Everything Is Going Fine,2010,Documentary|Drama,6.4,24,0.2608,en
48132,Kevin Smith: Too Fat For 40,2010,Comedy|Documentary,6.4,35,0.3263,en
102743,Gabi on the Roof in July,2010,Comedy|Drama,5.0,15,0.244,en
52013,Marwencol,2010,Documentary,7.231,67,0.3178,en
30510,As Night Falls,2010,Horror|Action,4.6,10,0.2202,en
79456,Gone with the Pope,2010,Drama|Romance|Crime,4.9,16,0.2582,en
30587,Aziz Ansari: Intimate Moments for a Sensual Evening,2010,Comedy,6.7,55,0.2308,en
168090,The Town Christmas Forgot,2010,Comedy|TV Movie|Family,6.3,21,0.2698,en
44288,The Owls,2010,Drama|Crime|Thriller,3.5,10,0.3079,en
68380,Asal,2010,Action|Drama,4.4,20,0.284,ta
57216,A Natale mi sposo,2010,Comedy,5.0,233,0.2796,it
52461,Carrie Fisher: Wishful Drinking,2010,Documentary|Comedy,7.359,46,0.2322,en
405301,Bowie  Iggy & Lou 1971-1973: The Sacred Triangle,2010,Music|Documentary,7.0,10,0.3063,en
31458,Rann,2010,Drama|Thriller,6.625,20,0.3287,hi
61948,Spiderhole,2010,Horror,3.8,22,0.1768,en
67257,A Night in 67,2010,Documentary|Music|History,6.9,12,0.2292,pt
46451,All American Orgy,2010,Comedy,2.9,16,0.2778,en
53866,Fair is Fair,2010,Comedy,4.9,24,0.3319,fr
48725,Karla & Jonas,2010,Family|Comedy|Romance,5.5,13,0.2657,da
52350,Wandering Streams,2010,Comedy|Drama,6.0,24,0.1834,fr
298885,The Great Restaurant,2010,Comedy|TV Movie,5.7,14,0.2726,fr
86566,By Day and by Night,2010,Science Fiction|Drama,5.0,11,0.2444,es
247283,Anarchy Girls,2010,Drama,4.3,12,0.2711,lt
56554,Stag Night of the Dead,2010,Horror|Comedy,3.0,19,0.2943,en
50006,The Karlsson Brothers,2010,Comedy,4.6,21,0.3599,sv
88752,When Love Comes,2010,Drama|Romance,6.9,19,0.3279,zh
158773,Bodyguard,2010,Romance|Comedy,6.8,22,0.2346,ml
51507,Walking Too Fast,2010,Drama|Thriller,5.267,15,0.2266,cs
56663,Paul McCartney Really Is Dead: The Last Testament of George Harrison,2010,Documentary,4.929,13,0.339,en
43944,Bonded by Blood,2010,Drama|Thriller|Crime,5.063,40,0.3704,en
51142,Enemies of the State,2010,Action|Drama|Crime,5.204,27,0.2456,cs
107590,Thamizh Padam,2010,Comedy,6.1,17,0.2763,ta
105177,America: The Story of Us,2010,History|Documentary,6.4,14,0.2222,en
209905,Ormie,2010,Animation|Family,6.3,13,0.2596,en
79462,Candyman: The David Klein Story,2010,Documentary,6.6,11,0.1739,en
39352,Poker,2010,Comedy,4.6,14,0.2439,ro
45061,Bus Palladium,2010,Comedy|Drama|Romance,5.2,49,0.348,fr
148800,Triple Standard,2010,Drama,5.0,17,0.2391,en
90499,Live Is Life,2010,Comedy|Drama,4.4,10,0.441,de
51243,Vay Arkadaş,2010,Comedy,6.475,20,0.2428,tr
54742,The House of Steinbrenner,2010,Documentary,5.5,13,0.2229,en
42293,The Hairdresser,2010,Comedy|Drama,6.1,30,0.2647,de
251689,Sex Express Coffee,2010,Crime|Drama|Thriller,3.8,12,0.1869,es
259648,The Show Must Go On,2010,Science Fiction|Drama|Thriller,6.0,10,0.2284,en
39830,Bass Ackwards,2010,Adventure|Comedy,4.9,14,0.2664,en
57533,Please Call Me,2010,Comedy|Drama,4.9,12,0.2664,ar
116633,Becloud,2010,Drama,4.9,10,0.3204,es
123389,Mr. Hush,2010,Horror,3.1,13,0.2263,en
81703,White  White World,2010,Romance|Drama,4.7,12,0.2107,sr
106446,Anything You Want,2010,Drama,5.5,14,0.1967,es
92119,Caught Inside,2010,Thriller,4.632,19,0.2986,en
77934,The Christmas Bunny,2010,Drama|Family,6.4,22,0.2989,en
73889,The Day I Was Not Born,2010,Drama,5.9,26,0.2281,de
50462,Round Ireland with a Fridge,2010,Comedy,5.3,10,0.2865,en
205774,Unsolved Suburbia,2010,Crime|Drama,2.6,13,0.2546,en
72995,Once Upon a Time the City of Fools,2010,Drama,8.1,22,0.2115,it
52272,Bratz: Pampered Petz,2010,Animation|Family,7.4,11,0.1963,en
68774,Eastern Drift,2010,Drama,5.8,20,0.1877,fr
63774,Chicks,2010,Comedy|Drama,5.0,18,0.1155,fr
104525,All Good Children,2010,Drama,5.5,14,0.2336,en
68197,Chasing Madoff,2010,Documentary,5.667,18,0.3528,en
270848,Fairfield Road,2010,Drama|Romance|TV Movie,6.3,41,0.3546,en
53354,In Their Sleep,2010,Horror|Thriller,4.9,32,0.3112,fr
79773,Blood in the Mobile,2010,Documentary,7.5,18,0.2057,en
52044,Insane,2010,Horror,4.2,24,0.2565,en
491392,Amélie au pays des Bodin's,2010,Comedy,6.9,15,0.3291,fr
75182,How Much Does Your Building Weigh  Mr Foster?,2010,Documentary,7.6,10,0.2198,en
130627,Get Out,2010,Comedy|Animation,6.333,21,0.2263,fr
49073,Just Like Me,2010,Comedy,5.9,22,0.1981,es
72946,I Will Follow,2010,Drama|Romance,5.1,19,0.3023,en
62118,Aurélie Laflamme's Diary,2010,Comedy|Family,5.4,12,0.2546,fr
52903,Steam of Life,2010,Documentary,7.1,41,0.1732,fi
81394,Three Wise Women,2010,Family|Romance|TV Movie|Drama,4.8,14,0.2531,en
53930,Think Global  Act Rural,2010,Documentary,6.9,17,0.1759,fr
48016,The Maze,2010,Horror|Thriller,4.6,25,0.2914,en
71559,Love Like Poison,2010,Drama,5.6,22,0.2636,fr
68987,Cooking With Stella,2010,Comedy|Drama,3.6,11,0.352,en
79158,LEGO Star Wars: Bombad Bounty,2010,Family|Animation|Science Fiction|Comedy,6.0,40,0.2078,en
50288,House of Bones,2010,Horror|TV Movie,4.306,62,0.2958,en
92190,Tuba Atlantic,2010,Comedy|Drama,5.8,19,0.1669,en
179400,Pure Heart,2010,Romance|Drama,5.0,10,0.2392,ja
73852,Dirty Pictures,2010,Documentary,6.175,20,0.2122,en
68791,Holy Business,2010,Comedy,4.6,10,0.2119,pl
289434,Wallander: The Ghost,2010,Crime|Thriller,4.3,15,0.3587,sv
124835,Last Day of the Dinosaurs,2010,Documentary|Animation|TV Movie,7.4,28,0.2499,en
109455,Little Girl,2010,Drama,6.611,18,0.2029,it
49331,Piché: The Landing of a Man,2010,Adventure|Drama,6.9,14,0.1606,fr
44991,The Four-Faced Liar,2010,Comedy|Drama|Romance,5.41,61,0.3024,en
78394,Sea Rex 3D: Journey to a Prehistoric World,2010,Documentary,6.9,22,0.2402,en
57602,A Screaming Man,2010,War|Drama,6.21,31,0.243,fr
269440,Fallen Angel,2010,Unknown,6.1,20,0.1721,es
94180,Pájaros volando,2010,Comedy,5.3,14,0.1847,es
129955,Apart Together,2010,Drama,6.8,16,0.2998,zh
81523,A Useful Life,2010,Drama|Comedy,6.2,24,0.2104,es
59254,HIM: Beyond the Light,2010,Drama,6.8,12,0.1627,es
144161,Chicogrande,2010,History|Drama|War,6.7,21,0.1394,es
51795,The War You Don't See,2010,Documentary,7.8,36,0.2117,en
44155,The Italian,2010,Comedy,5.2,184,0.3157,fr
334568,Love Naturally,2010,Romance|Comedy|TV Movie,4.6,10,0.1921,fr
256853,Turma da Mônica em Cine Gibi 5: Luz  Câmera  Ação!,2010,Animation|Family|Comedy,7.4,15,0.945,pt
88274,Hello! How Are You?,2010,Comedy|Romance,6.1,20,0.2619,ro
54694,Pony Excess,2010,Documentary,7.2,20,0.188,en
194238,Farmacia de guardia: la última guardia,2010,Comedy|Family,3.7,10,0.2265,es
78369,Grey Skies,2010,Thriller|Science Fiction,3.2,12,0.1805,en
49618,Release,2010,Crime|Drama,5.235,17,0.1771,en
499137,Douze hommes en colère,2010,Comedy,7.0,10,0.2325,fr
66895,Ticked-Off Trannies with Knives,2010,Comedy|Horror,4.7,19,0.2131,en
50061,Simon Amstell: Do Nothing - Live,2010,Comedy,7.7,16,0.1863,en
163799,Harisma,2010,Comedy|Romance|Drama,4.7,11,0.2009,el
111481,Family Tree,2010,Drama|Comedy,5.0,11,0.2117,fr
52474,I Love You Very Much,2010,Comedy|Family,6.0,11,0.2036,fr
48741,Fur of Flying,2010,Animation|Comedy,6.683,30,0.2542,en
60120,Finisterrae,2010,Drama,7.4,22,0.2379,ca
59582,It Begins with the End,2010,Drama|Romance,4.4,14,0.1954,fr
127724,The Secret,2010,Mystery|Fantasy|Horror,6.7,11,0.3501,es
65325,Hay Fever,2010,Romance,4.5,11,0.1908,it
347396,Animated History of Poland,2010,History|Animation,6.6,27,0.2958,pl
39050,Meadowoods,2010,Horror|Thriller,4.6,10,0.2628,en
166736,Eyes in the Dark,2010,Horror,3.6,14,0.1218,en
129739,Invention of Love,2010,Romance|Animation|Drama,6.3,38,0.2199,ru
93226,Exquisite Corpse,2010,Horror,4.5,10,0.2337,en
59728,The 5th Quarter,2010,Drama,5.5,30,0.1689,en
119619,All Alone,2010,Thriller,4.8,10,0.2096,en
266558,Casus Belli,2010,Comedy|Drama|Fantasy,6.882,17,0.1633,el
57399,Dancing Dreams,2010,Documentary,6.8,15,0.2097,de
85083,He Dies at the End,2010,Horror,6.7,24,0.4249,en
131880,Stonewall Uprising,2010,Documentary,5.8,16,0.1997,en
44070,Aashayein,2010,Drama,6.7,12,0.354,hi
300617,Hair,2010,Drama,5.3,12,0.2601,tr
50065,Dara Ó Briain: This Is the Show,2010,Comedy,7.3,20,0.2941,en
33200,White Night,2010,Drama|Fantasy,7.2,23,0.1673,en
76456,Nydenion,2010,Science Fiction,4.0,17,0.1774,de
68363,Louis Theroux: The City Addicted to Crystal Meth,2010,Documentary|TV Movie,6.923,39,0.1969,en
60434,Kapitalism: Our Improved Formula,2010,Documentary,6.636,11,0.1775,mo
265829,Je t'aime,2010,Animation|Science Fiction,5.4,11,0.2106,ja
65105,Me and My Umbrella,2010,Family|Fantasy|Adventure,6.474,19,0.2145,pt
94025,The Stranger in Us,2010,Drama,5.1,19,0.2478,en
39097,C.i.S.: Chaoten im Sondereinsatz,2010,Comedy,5.9,12,0.2129,de
49505,Jim Jefferies: Alcoholocaust,2010,Comedy,7.337,89,0.1808,en
62684,Snowman's Land,2010,Thriller|Comedy|Crime,6.1,16,0.1976,de
150664,For 80 Days,2010,Drama,5.5,15,0.332,eu
58685,I Love Karditsa,2010,Comedy,5.8,10,0.2465,el
41150,Just The Three of Us,2010,Action|Thriller|Romance,4.1,11,0.1537,fr
244830,Gorosthane Sabdhan,2010,Mystery,6.1,11,0.1954,bn
148404,Tribute to Eric Rohmer,2010,Documentary,4.5,10,0.168,fr
210992,Open,2010,Romance|Drama|Fantasy,5.8,18,0.2456,en
226417,Red Balloon,2010,Horror,5.8,18,0.1771,en
229852,The Boogeyman,2010,Horror,4.8,13,0.2039,en
75828,Erratum,2010,Drama,6.4,18,0.1452,pl
466048,The Elevator,2010,Comedy,5.0,10,0.1765,en
42863,Blur: No Distance Left to Run,2010,Documentary|Music,7.4,24,0.214,en
216693,Friends and Lovers,2010,Drama,4.7,11,0.1645,en
70514,Call Centers,2010,Comedy,3.7,18,0.1642,fr
52009,Norwegian Ninja,2010,Drama|Action|Comedy|Thriller,4.7,27,0.1333,en
59190,Hold Me Tight,2010,Drama,5.4,14,0.2041,da
72097,Martino's Summer,2010,Drama,5.3,10,0.2139,it
132239,The Confession,2010,Drama|Thriller,7.1,20,0.3259,en
71440,Katt Williams: 9 Lives,2010,Comedy|Documentary,7.0,11,0.1776,en
49207,R,2010,Crime|Drama,6.8,237,0.2825,da
59015,Lights Out,2010,Drama|Mystery|Thriller,5.979,48,0.1853,fr
253401,Single Man,2010,Drama|Comedy,6.3,10,0.156,zh
76638,Surviving Life (Theory and Practice),2010,Comedy|Fantasy|Drama,7.0,45,0.2338,cs
59008,Fired,2010,Horror|Thriller,4.5,10,0.1637,hi
244490,Black Forest,2010,Thriller,3.6,11,0.2096,de
52522,Prasthanam,2010,Action|Drama,6.2,10,0.2715,te
57019,No Return,2010,Drama|Action|Thriller,6.0,65,0.139,es
263198,The Corrupted,2010,Horror|Science Fiction,2.1,14,0.3755,en
52046,Haunted Changi,2010,Mystery|Thriller|Horror,5.3,19,0.2098,en
51037,Sting: Live In Berlin,2010,Music,7.7,10,0.2095,en
74322,Truth in Numbers? Everything  According to Wikipedia,2010,Documentary,6.7,12,0.1783,en
64924,The Weight of Chains,2010,Documentary|History,7.3,26,0.1668,en
57051,Assassin's Creed: Ascendance,2010,Animation|Action,6.0,35,0.2713,en
64138,Black and White,2010,Drama,5.6,11,0.1683,tr
385067,Saint Petersburg,2010,Adventure|Comedy,5.5,19,0.1876,fa
54680,Guru of Go,2010,Documentary,6.3,14,0.168,en
254582,Oppressed Majority,2010,Drama,5.6,18,0.2558,fr
51832,The Matchmaker,2010,Drama,7.1,15,0.3722,he
333772,Bad Things That Could Happen,2010,Comedy,6.4,10,0.2004,en
73820,Flexing with Monty,2010,Comedy|Drama|Horror,3.806,18,0.2042,en
58772,A Film Unfinished,2010,History|Documentary,6.4,32,0.3514,he
63367,In Our Name,2010,Drama,5.3,10,0.1836,en
56441,The Elephant in the Living Room,2010,Documentary,6.594,16,0.1497,en
130165,President's Day,2010,Horror|Thriller|Comedy,3.9,17,0.1664,en
262751,Night of the Pumpkin,2010,Horror,3.4,10,0.203,en
327958,Psychohydrography,2010,Documentary|Animation,6.8,10,0.156,en
37925,Celine: Through the Eyes of the World,2010,Documentary|Music,7.3,16,0.1942,en
55429,The Lullaby,2010,Comedy|Fantasy,5.958,48,0.1931,pl
68790,War of Love,2010,Comedy|Romance,4.3,12,0.1958,pl
50160,Sean Lock: Lockipedia Live,2010,Comedy,6.6,17,0.1916,en
113258,Le Jeu de la mort,2010,Documentary,6.725,20,0.1678,fr
86476,Paula-Paula,2010,Drama,3.9,14,0.2674,es
56799,The Black Sheep,2010,Comedy|Drama,7.9,27,0.1895,it
72695,Necronos: Tower of Doom,2010,Horror,4.844,16,0.2928,en
65871,Zombie Undead,2010,Horror,3.5,21,0.2328,en
56113,The Parking Lot Movie,2010,Documentary,6.606,34,0.1609,en
183231,File of Attempted Murder,2010,War|History|Drama,5.9,10,0.142,es
82537,La valigia sul letto,2010,Comedy,6.3,24,0.1519,it
80355,HDSP: Hunting Down Small Predators,2010,Drama|Romance|Thriller,5.5,12,0.1554,en
61826,The Village of Shadows,2010,Thriller|Mystery|Horror|Fantasy,4.2,17,0.1748,fr
223820,Campamento Flipy,2010,Comedy,2.2,10,0.1532,es
136563,Guardians of the Lost Code,2010,Animation,7.708,24,0.2286,es
113377,Freedom Riders,2010,Documentary|History,7.545,11,0.3748,en
57637,Inside the Milky Way,2010,Documentary,6.9,14,0.166,en
82708,The Poll Diaries,2010,Drama,6.7,26,0.1342,de
42942,Closed for the Season,2010,Horror,3.7,11,0.1954,en
52252,Ricky Gervais: Out of England 2,2010,Comedy,7.377,69,0.1287,en
135223,Cocktail,2010,Thriller,6.7,21,0.148,ml
61881,Olsen Gang Gets Polished,2010,Crime|Animation|Comedy,4.6,20,0.1792,da
251037,Man With No Name,2010,Documentary,6.1,15,0.1905,zh
72271,The Queen of Clubs,2010,Thriller|Crime|Drama,5.4,17,0.1279,fr
66795,Infection: The Invasion Begins,2010,Horror|Science Fiction,2.8,10,0.3396,en
61868,Magic Journey to Africa,2010,Adventure|Family|Fantasy|Drama,4.5,10,0.2046,en
72641,Azureus Rising,2010,Science Fiction|Animation,6.4,16,0.2408,en
58719,The Hair of the Beast,2010,Horror|Adventure,4.5,14,0.2434,fr
198391,Ricky Gervais Live 4: Science,2010,Comedy,7.078,58,0.1763,en
75302,2 Frogs in the West,2010,Drama|Comedy,5.3,15,0.1882,fr
142540,The Eagleman Stag,2010,Animation|Drama,6.286,21,0.1066,en
44872,20 Cigarettes,2010,Drama|War|History,6.7,50,0.3037,it
117864,Fatal Romance,2010,TV Movie|Thriller,6.7,17,0.2911,fr
34845,SuicideGirls Must Die!,2010,Horror,3.5,23,0.1532,en
56624,Run If You Can,2010,Drama,6.7,21,0.3169,de
45615,Reindeerspotting: Escape from Santaland,2010,Documentary,6.918,49,0.1223,fi
72914,Fat  Sick & Nearly Dead,2010,Documentary,6.714,124,0.1959,en
87199,I Travel Because I Have to  I Come Back Because I Love You,2010,Drama,6.942,43,0.1448,pt
474102,The Accursed,2010,Unknown,6.077,13,0.1251,en
100287,My Avatar and Me,2010,Documentary|Science Fiction,5.3,23,0.1145,da
66595,The Day of the Cat,2010,Drama|Romance,4.8,10,0.1479,de
45374,One Night in Turin,2010,Documentary,6.2,18,0.1585,en
43200,Basilicata Coast To Coast,2010,Comedy|Drama,6.297,397,0.2435,it
67952,Kathleen Madigan: Gone Madigan,2010,Comedy,7.1,19,0.1349,en
150298,Madagascar  a Journey Diary,2010,Animation,6.8,17,0.1492,fr
48962,The Beauty and the Paparazzo,2010,Comedy|Romance,6.5,22,0.1793,pt
60823,Rabid Rider,2010,Animation|Family|Comedy,6.4,24,0.1244,en
110555,Street Days,2010,Drama,6.6,13,0.1979,ka
50344,Bill Bailey: Dandelion Mind,2010,Comedy,7.3,14,0.1561,en
62910,Fuck My Life,2010,Comedy,5.4,37,0.1694,es
68780,Lynch,2010,Thriller|Drama,6.1,27,0.1164,pl
52767,The Hunter,2010,Drama|Thriller,6.5,29,0.1226,fa
97131,The Diary of Carlota,2010,Family|Comedy|Romance,4.8,14,0.1941,es
223295,Czekając na sobotę,2010,Documentary,5.727,11,0.0741,pl
49381,Jimmy Carr: Making People Laugh,2010,Comedy,7.524,41,0.1921,en
78997,Jimi Hendrix: Voodoo Child,2010,Documentary,7.4,17,0.1801,en
57733,Respire,2010,Thriller|Horror,5.0,16,0.1491,en
58839,The Magicians,2010,Family|Comedy|Fantasy,6.3,13,0.1486,nl
145932,The Penitent Man,2010,Drama|Science Fiction,5.6,23,0.1779,en
57313,8213: Gacy House,2010,Horror|Mystery|Crime,3.473,55,0.2049,en
356098,There Are Things You Don't Know,2010,Drama,7.409,11,0.1806,fa
44211,Draquila: Italy Trembles,2010,Documentary,6.9,20,0.1806,it
61263,Illegal,2010,Drama,6.7,22,0.1435,fr
54426,The Crossing,2010,Drama|Crime,5.9,13,0.1722,tr
41174,Tutto l'amore del mondo,2010,Comedy|Romance,6.0,86,0.1707,it
39840,If I Want to Whistle  I Whistle,2010,Drama,6.4,60,0.1755,ro
361235,Watch Over Me,2010,Horror,4.3,11,0.1483,he
49604,The Drummond Will,2010,Comedy|Mystery,5.4,11,0.1792,en
54683,June 17th  1994,2010,Documentary|TV Movie,8.4,10,0.1698,en
72801,The Windmill Farmer,2010,Animation|Family,6.2,12,0.1353,en
110207,Elisa K,2010,Drama,4.7,10,0.2043,ca
56925,Wah Do Dem,2010,Drama,6.1,10,0.1097,en
50423,Sleeping Princess,2010,Drama|Comedy,5.75,20,0.1706,tr
181475,Oru Naal Varum,2010,Crime|Drama,5.1,13,0.1889,ml
63696,Aparecida - O Milagre,2010,Drama,6.6,11,0.1881,pt
131857,The Guilt,2010,Thriller,7.4,11,0.1285,es
90116,Jessicka Rabid,2010,Horror,2.8,10,0.164,en
75825,Zero,2010,Animation|Drama,7.242,64,0.2145,en
153599,Wisdom Teeth,2010,Comedy|Animation,6.768,56,0.1321,en
50324,Kurt Josef Wagle and the Legend of the Fjord Witch,2010,Comedy|Horror,4.7,13,0.2155,no
93102,Hard Core Logo 2,2010,Comedy,4.6,13,0.2261,en
71543,Intimate Grammar,2010,Drama,7.2,13,0.1506,he
55530,Faith,2010,Drama,5.357,14,0.1503,de
32930,Bill Maher: But I'm Not Wrong,2010,Comedy|Documentary,6.8,26,0.1173,en
183784,Incident by a Bank,2010,Action|Comedy|Crime|Drama,6.6,74,0.1341,sv
44806,12th & Delaware,2010,Documentary,7.029,17,0.1496,en
146206,Kreutzer Is Coming,2010,Comedy|Crime,4.6,10,0.16,de
45285,Sul mare,2010,Comedy,5.5,24,0.129,it
89375,Eric Antoine - Réalité ou illusion,2010,Comedy,6.708,12,0.1182,fr
85721,Burzynski  the Movie,2010,Documentary,5.8,10,0.2463,en
63049,Curling,2010,Drama,5.9,32,0.1143,fr
186074,One for the Road,2010,Drama|Comedy,6.8,22,0.1685,es
118778,Sweet Evil,2010,Drama|Thriller,5.8,22,0.145,fr
67404,The Autobiography of Nicolae Ceausescu,2010,Documentary,7.7,30,0.172,ro
54155,Hands in the Air,2010,Drama|Comedy|Romance,5.9,11,0.1524,fr
52161,Kutsal Damacana 2: İtmen,2010,Comedy|Horror|Fantasy,2.724,49,0.1831,tr
49594,Snowblind,2010,Western,4.364,11,0.3846,en
24243,The Best Things in the World,2010,Comedy|Drama|Romance,6.3,56,0.2719,pt
163047,Morgan M. Morgansen's Date with Destiny,2010,Comedy|Romance,6.7,12,0.1175,en
82079,Sons of Perdition,2010,Documentary,6.7,15,0.1173,en
321187,High School Musical: The Challenge Brazil,2010,Music|Romance,4.7,26,0.1548,pt
54487,Cane Toads: The Conquest,2010,Documentary|Comedy,6.8,12,0.1902,en
58763,God of Love,2010,Romance|Comedy,7.012,41,0.0827,en
64074,Two in the Wave,2010,Documentary,6.3,19,0.1576,fr
60861,Regretters,2010,Documentary,5.3,11,0.1693,sv
26214,The American Matrix - Age Of Deception,2010,Documentary,4.4,11,0.1817,en
69736,A Zombie Exorcism,2010,Action|Drama|Horror,4.5,10,0.1694,da
82649,Lunopolis,2010,Thriller|Science Fiction|Mystery,5.7,41,0.1029,en
51586,Shadowland,2010,Horror|Thriller,3.5,10,0.1355,en
46733,Çok Filim Hareketler Bunlar,2010,Comedy,4.571,56,0.1106,tr
41999,The Art of the Steal,2010,Documentary,6.9,45,0.1158,en
114648,Ev,2010,Thriller,6.4,12,0.2117,tr
50353,Derren Brown: Hero at 30 000 Feet,2010,Documentary,7.6,10,0.1224,en
391559,Fast,2010,Action|Comedy,7.9,74,0.1376,en
41397,Joan Rivers: A Piece of Work,2010,Documentary,6.806,49,0.1324,en
735736,5 Minute Dating,2010,Comedy|Horror|Drama,4.9,14,0.1204,en
117340,Hello Lonesome,2010,Drama|Comedy|Romance,6.2,16,0.185,en
51369,What in the World Are They Spraying?,2010,Documentary,6.5,10,0.1041,en
96592,Defcon 2012,2010,Science Fiction|Action,2.0,11,0.2621,en
99581,Pentecost,2010,Comedy,6.444,18,0.2041,en
353368,Nudisten,2010,Drama,4.4,13,0.1928,sv
133667,Three Letters: Marid,2010,Horror,3.2,11,0.1445,tr
241618,Louis Theroux: Law and Disorder in Lagos,2010,Documentary|TV Movie,7.021,24,0.2293,en
175388,Apart,2010,Drama|Romance,2.6,10,0.0899,en
46105,American: The Bill Hicks Story,2010,Comedy|Documentary,7.419,80,0.1379,en
152508,Fortune Teller,2010,Documentary,7.7,10,0.1081,zh
123413,Bekas,2010,Drama|Family,5.5,12,0.1082,ku
438398,Danny Boy,2010,Fantasy|Animation,6.563,16,0.125,xx
67250,12,2010,Comedy,5.0,57,0.1058,en
228168,Another Mexican,2010,Drama,5.6,10,0.1038,en
52550,Sovereign: Six Times São Paulo,2010,Documentary,8.6,10,0.0908,pt
203151,The Sanatorium,2010,Horror|Comedy,5.0,16,0.1973,es
209921,Slimtime,2010,Comedy|Animation,5.6,12,0.1115,de
56519,El Sicario  Room 164,2010,Documentary|Crime,6.8,54,0.074,es
52092,Island: Wedding of the Zombies,2010,Comedy|Horror,5.2,28,0.1183,tr
65844,Het Huis Anubis: The Return Of Sibuna,2010,TV Movie|Adventure|Mystery,6.5,10,0.099,nl
88682,Natascha Kampusch: The Girl in the Cellar,2010,Documentary,5.8,35,0.1224,de
411348,The Cage,2010,Drama,6.5,11,0.3216,ro
182850,Paradise for two,2010,Comedy|Romance,6.1,16,0.0916,it
56047,Miracle Fish,2010,Drama|Mystery,6.2,19,0.0875,en
75220,Deus Irae,2010,Horror,6.0,14,0.125,es
208609,Almost Invisible,2010,Horror|Mystery,2.6,10,0.2402,en
49333,Ultravox: Return to Eden - Live at The Roundhouse,2010,Music,6.8,40,0.1347,en
85039,Life 2.0,2010,Documentary,6.2,20,0.0828,en
45644,Opeth: In Live Concert At The Royal Albert Hall,2010,Music|Documentary,8.1,14,0.1085,en
147965,Symphony In Blood Red,2010,Horror,4.2,12,0.0869,it
58250,The Bucks County Massacre,2010,Horror|Action|Thriller,4.5,12,0.0861,en
369800,Marcel the Shell with Shoes On,2010,Comedy|Animation,6.6,39,0.1595,en
155711,After-Life,2010,Drama,5.5,24,0.1656,en
190776,Blood of Havana,2010,Documentary|Comedy,5.2,12,0.125,en
99503,Mondomanila: Kung paano ko inayos ang buhok ko matapos ang mahaba-haba ring paglalakbay,2010,Crime|Comedy|Music|Horror,5.6,11,0.1354,tl
129731,Thought of You,2010,Unknown,7.1,13,0.0938,en
56841,A Thousand Times Stronger,2010,Drama,5.1,20,0.1244,sv
231762,8,2010,War,6.8,12,0.0927,fr
157161,I Didn't Come Here to Die,2010,Horror|Comedy,4.7,19,0.098,en
75013,Ninjas vs. Vampires,2010,Horror|Action|Comedy|Thriller,3.9,17,0.1429,en
143675,No Crossover: The Trial of Allen Iverson,2010,Documentary,6.9,26,0.1274,en
68294,Katka,2010,Documentary,6.5,12,0.119,cs
54731,Run Ricky Run,2010,Documentary,6.5,13,0.1148,en
241993,Rita Cadillac: The Lady of the People,2010,Documentary,6.8,11,0.0591,pt
71727,Danilo Gentili: Politicamente Incorreto,2010,Comedy,6.5,13,0.0705,pt
44436,ODDSAC,2010,Music|Horror,5.8,20,0.0948,en
182865,Bottle,2010,Animation,7.2,19,0.0646,en
1012835,Darker Than Black: Gaiden (OVA),2010,Animation|Action|Science Fiction,7.231,13,0.0921,ja
62359,Mobile,2010,Animation|Family,6.7,12,0.0972,de
111314,The Search for Life: The Drake Equation,2010,Documentary,7.2,10,0.0775,en
56950,Frits and Freddy,2010,Comedy,6.1,22,0.1278,nl
213636,Road to Ythaca,2010,Documentary,5.6,13,0.0772,pt
451692,PUSSYCAT,2010,Comedy|Animation|Horror,5.1,16,0.0628,ja
337514,East of Main Street: Asians Aloud,2010,Documentary,6.0,90,0.0623,en
49847,The Possession of David O'Reilly,2010,Horror|Thriller,4.7,32,0.1413,en
159254,Friendsheep,2010,Comedy|Animation,6.6,14,0.0989,es
265088,Prometeo Deportado,2010,Comedy|Drama,7.1,10,0.1322,es
112063,Medal of Honor,2010,Drama,7.3,16,0.0482,ro
95468,Na Wewe,2010,Comedy|Drama|War,6.4,14,0.072,fr
63409,Star Vehicle,2010,Horror,3.9,10,0.098,en
72589,3nity,2010,Comedy,5.694,18,0.1478,de
49586,Billy Connolly: Live in London 2010,2010,Comedy,6.3,10,0.061,en
87919,Open Five,2010,Romance|Comedy,4.7,10,0.1292,en
78453,The House That Drips Blood on Alex,2010,Horror|Comedy,3.9,20,0.1011,en
45244,Life  Above All,2010,Drama,6.5,25,0.0876,en
147851,Zomblies,2010,Drama|War|Horror|Action,5.8,10,0.096,en
212295,The Mirror,2010,Family,6.6,10,0.0524,fr
186332,Trypps #7 (Badlands),2010,Unknown,6.1,11,0.0516,en
51402,WikiRebels,2010,Documentary,6.8,23,0.0859,en
40428,8: The Mormon Proposition,2010,Documentary,5.5,22,0.125,en
254690,Maska,2010,Animation|Fantasy|Science Fiction,7.0,10,0.0994,pl
589681,The Thankful Naruto,2010,Drama,7.8,20,0.081,id
230564,To My Mother and Father,2010,Horror,4.9,12,0.0655,en
124480,Father,2010,Unknown,6.1,10,0.0857,en
88378,The External World,2010,Animation|Comedy,6.2,31,0.0561,en
69940,Chihuahua: The Movie,2010,Family|Comedy|Fantasy,5.8,12,0.0414,en
97093,108,2010,Documentary,7.0,12,0.0527,es
304767,At the Opera,2010,Animation,7.1,19,0.0591,es
49614,Frankie Boyle: If I Could Reach Out Through Your TV and Strangle You  I Would,2010,Comedy,6.6,19,0.062,en
148802,Flight of the Cardinal,2010,Drama|Thriller,3.4,10,0.0546,en
368938,Heart,2010,Animation,5.7,10,0.0751,en
264210,Negerboll,2010,Comedy,8.0,12,0.0766,en
104782,Florence Fight Club,2010,Action|Documentary|Adventure,7.9,10,0.0852,it
39322,Dark Nature,2010,Drama|Horror|Thriller,3.2,14,0.0457,en
478629,Around the Country,2010,Documentary,7.6,11,0.0602,en
507479,FF,2010,Documentary,6.0,39,0.0429,en
200281,La sociedad del semáforo,2010,Drama,5.9,11,0.07,es
70149,Morgen,2010,Drama,6.0,14,0.0682,ro
108309,Portraits in a Sea of Lies,2010,Drama,7.5,10,0.1465,es
379979,ASD - Alma sin dueño (Sin alma),2010,Thriller,5.9,219,0.1077,es
57396,Le Président,2010,Documentary,6.8,10,0.0491,fr
264214,Ta mig,2010,Comedy,5.7,10,0.1009,sv
252426,La Tigra  Chaco,2010,Comedy|Drama|Romance,7.3,17,0.1552,es
71203,Agenda: Grinding America Down,2010,Documentary,5.8,12,0.0818,en
729066,Cynthia todavía tiene las llaves,2010,Comedy|Drama,6.6,12,0.0614,es
86329,The S from Hell,2010,Documentary|Horror,5.6,11,0.0847,en
281468,Killing Us Softly 4: Advertising's Image Of Women,2010,Documentary,6.7,10,0.0536,en
47330,Stewart Lee: If You Prefer a Milder Comedian  Please Ask for One,2010,Comedy,7.075,20,0.0357,en
473553,Sundance Skippy,2010,Documentary,9.2,20,0.0218,en
455169,Yuri Lennon's Landing on Alpha 46,2010,Science Fiction,5.2,10,0.077,en
357858,Out,2010,Documentary,3.1,11,0.0193,he
369854,Santa and Death,2010,Animation|Comedy,6.4,10,0.0168,en
100292,Ain't in It for My Health: A Film About Levon Helm,2010,Documentary|Music,6.2,11,0.0203,en
95520,Marimbas from Hell,2010,Drama|Documentary,5.5,10,0.0214,es
253396,Metallica/Slayer/Megadeth/Anthrax The Big 4 - Sofia  Bulgaria - Behind The Scenes Documentary,2010,Documentary|Music,7.4,14,0.0143,en
236630,Deeper Than Yesterday,2010,Drama,5.5,11,0.0071,en
218595,The Silence Beneath the Bark,2010,Animation,6.2,14,0.0143,fr
418763,For You I Will Fight,2010,Drama,6.176,17,0.0,fr
