id,title,release_year,genres,vote_average,vote_count,popularity,original_language
235271,Addicted,2014,Drama|Thriller,5.918,446,86.6408,en
157336,Interstellar,2014,Adventure|Drama|Science Fiction,8.477,39929,72.0966,en
269955,Obsessed,2014,Drama,6.683,82,33.1247,ko
244786,Whiplash,2014,Drama|Music|Thriller,8.375,16642,22.0292,en
285213,The Pirates,2014,Action|Adventure|Comedy|Fantasy,7.027,240,18.8468,ko
177572,Big Hero 6,2014,Adventure|Family|Animation|Action|Comedy,7.725,16595,20.1829,en
198663,The Maze Runner,2014,Action|Mystery|Science Fiction|Thriller,7.189,18111,20.9085,en
210577,Gone Girl,2014,Mystery|Thriller|Drama,7.9,19983,18.3498,en
122917,The Hobbit: The Battle of the Five Armies,2014,Action|Adventure|Fantasy,7.334,15371,21.7028,en
156022,The Equalizer,2014,Thriller|Action|Crime,7.287,9952,17.9485,en
102382,The Amazing Spider-Man 2,2014,Action|Adventure|Science Fiction,6.54,14245,15.6697,en
228150,Fury,2014,War|Drama|Action,7.545,12927,14.3054,en
245891,John Wick,2014,Action|Thriller,7.457,20860,15.5224,en
205596,The Imitation Game,2014,History|Drama|Thriller|War,7.984,18088,12.9173,en
242582,Nightcrawler,2014,Crime|Drama|Thriller,7.708,11732,12.7553,en
127585,X-Men: Days of Future Past,2014,Action|Adventure|Science Fiction,7.5,16262,13.0815,en
270946,Penguins of Madagascar,2014,Family|Animation|Adventure|Comedy,6.535,4475,12.8407,en
91314,Transformers: Age of Extinction,2014,Science Fiction|Action|Adventure,5.964,8756,12.3754,en
137113,Edge of Tomorrow,2014,Action|Science Fiction,7.6,15079,10.9798,en
184315,Hercules,2014,Action|Adventure,5.801,4347,11.3838,en
82702,How to Train Your Dragon 2,2014,Fantasy|Action|Adventure|Animation|Family,7.682,10444,11.6294,en
297090,The Torture Club,2014,Drama|Comedy,5.2,50,10.6881,ja
232672,Blended,2014,Comedy|Romance,6.897,3803,11.5943,en
131631,The Hunger Games: Mockingjay - Part 1,2014,Science Fiction|Adventure|Thriller,6.818,16737,10.022,en
240832,Lucy,2014,Action|Science Fiction,6.474,17077,10.6589,en
287649,Scarlet Innocence,2014,Thriller|Drama|Romance,6.1,69,9.4376,ko
260346,Taken 3,2014,Thriller|Action,6.267,6147,10.0398,en
225886,Sex Tape,2014,Comedy,5.4,4219,9.8847,en
118340,Guardians of the Galaxy,2014,Action|Science Fiction|Adventure,7.906,29732,9.6735,en
184345,A Haunted House 2,2014,Comedy|Horror,6.182,1592,10.816,en
246403,Tusk,2014,Comedy|Horror,5.528,1620,10.76,en
102651,Maleficent,2014,Fantasy|Adventure|Action|Family|Romance,7.089,13736,9.2615,en
124905,Godzilla,2014,Action|Drama|Science Fiction,6.361,9797,8.9098,en
120467,The Grand Budapest Hotel,2014,Comedy|Drama,8.028,16107,9.5961,en
372962,Mai-chan's Daily Life,2014,Horror,5.2,18,8.3435,ja
190859,American Sniper,2014,War|Action,7.413,13646,9.6907,en
119450,Dawn of the Planet of the Apes,2014,Science Fiction|Action|Drama|Thriller,7.338,12226,9.565,en
98566,Teenage Mutant Ninja Turtles,2014,Science Fiction|Action|Adventure|Comedy,5.9,7184,8.2772,en
137106,The Lego Movie,2014,Animation|Family|Adventure|Comedy|Fantasy,7.428,8489,7.794,en
313534,New Dubai,2014,Drama,6.2,12,9.9913,pt
157350,Divergent,2014,Action|Adventure|Science Fiction,6.905,13478,9.7357,en
181533,Night at the Museum: Secret of the Tomb,2014,Adventure|Comedy|Fantasy|Family,6.224,6222,8.3524,en
220289,Coherence,2014,Thriller|Science Fiction,7.214,3415,7.5484,en
138103,The Expendables 3,2014,Action|Adventure|Thriller,6.205,5344,7.5956,en
100402,Captain America: The Winter Soldier,2014,Action|Adventure|Science Fiction,7.654,20014,8.1262,en
206487,Predestination,2014,Science Fiction|Thriller,7.4,7094,7.8862,en
53182,300: Rise of an Empire,2014,Action|Drama|War,6.118,6957,7.7867,en
116149,Paddington,2014,Comedy|Adventure|Family,7.1,4244,6.7267,en
256274,As Above  So Below,2014,Horror|Thriller,6.744,3850,6.0684,en
250546,Annabelle,2014,Horror,5.791,6543,6.6289,en
147441,Exodus: Gods and Kings,2014,Adventure|Drama|Action,5.883,4852,6.6821,en
189,Sin City: A Dame to Kill For,2014,Action|Crime|Thriller,6.402,4165,6.0514,en
292777,Flower & Snake: Zero,2014,Mystery|Thriller|Drama|Horror,6.0,43,6.1408,ja
222935,The Fault in Our Stars,2014,Romance|Drama,7.592,11564,6.1937,en
172385,Rio 2,2014,Animation|Adventure|Comedy|Family,6.5,3760,6.2407,en
256771,The Pool,2014,Horror,4.7,38,6.9687,nl
194662,Birdman or (The Unexpected Virtue of Ignorance),2014,Drama|Comedy,7.441,13587,6.533,en
228967,The Interview,2014,Action|Comedy,6.2,6239,5.7905,en
196867,Annie,2014,Comedy|Drama|Family,6.251,1358,6.108,en
136797,Need for Speed,2014,Action|Crime|Drama|Thriller,6.434,4706,6.0594,en
297270,Tinker Bell and the Legend of the NeverBeast,2014,Adventure|Animation|Family,7.4,1185,6.0997,en
238636,The Purge: Anarchy,2014,Horror|Thriller,6.625,6715,5.3077,en
200727,Love  Rosie,2014,Romance|Drama|Comedy,7.81,6503,5.9247,en
546726,Sub Rosa,2014,Drama|Romance,6.0,18,5.2425,en
137094,Jack Ryan: Shadow Recruit,2014,Action|Drama|Thriller,6.126,3093,5.516,en
205587,The Judge,2014,Drama,7.332,4432,4.724,en
228326,The Book of Life,2014,Animation|Family|Fantasy,7.5,2932,5.1134,en
262543,Automata,2014,Thriller|Science Fiction,5.884,1798,4.827,en
187017,22 Jump Street,2014,Crime|Comedy|Action,6.827,8531,6.8204,en
317442,The Last: Naruto the Movie,2014,Action|Romance|Animation,7.47,2394,5.9717,ja
297222,PK,2014,Comedy|Drama|Science Fiction,7.697,1158,5.9243,hi
212778,Chef,2014,Comedy,7.1,3652,4.6057,en
312791,GirlHouse,2014,Horror|Thriller,5.967,320,4.6327,en
76649,Pompeii,2014,Action|Adventure|History|Romance|Drama,5.549,3387,4.6914,en
263132,Naked Ambition 3D,2014,Comedy,5.0,49,4.9049,cn
72784,The Loft,2014,Thriller,6.409,1573,4.9168,en
180299,The Raid 2,2014,Action|Crime|Thriller,7.611,2589,5.0053,id
82703,Mr. Peabody & Sherman,2014,Animation|Science Fiction|Comedy|Adventure|Family,6.73,2540,4.9332,en
243352,Where Hope Grows,2014,Drama,7.538,171,4.5288,en
86834,Noah,2014,Drama|Adventure,5.68,6615,4.3622,en
241848,The Guest,2014,Mystery|Thriller|Action,6.637,2140,5.3707,en
253376,In Darkness We Fall,2014,Horror|Adventure,5.914,186,5.6978,es
154400,The Drop,2014,Drama|Crime,6.827,2427,4.6154,en
193893,Let's Be Cops,2014,Comedy,6.465,2970,4.9132,en
195589,Neighbors,2014,Comedy,6.183,7290,4.168,en
97020,RoboCop,2014,Action|Adventure|Crime|Science Fiction|Thriller,5.886,5856,5.1904,en
171274,Inherent Vice,2014,Drama|Mystery|Comedy,6.542,2720,4.4515,en
216282,Into the Storm,2014,Action|Thriller,6.062,2169,4.6779,en
49017,Dracula Untold,2014,Horror|Action|Fantasy,6.457,6507,4.5813,en
297021,Recently  My Sister Is Unusual,2014,Comedy|Fantasy|Romance,6.897,78,4.4005,ja
181886,Enemy,2014,Thriller|Mystery,6.846,6433,4.0941,en
85350,Boyhood,2014,Drama,7.494,5517,3.7887,en
188161,A Million Ways to Die in the West,2014,Comedy|Western,6.1,4413,4.0436,en
227306,Unbroken,2014,Drama|War,7.425,4377,3.9093,en
265195,Wild Tales,2014,Drama|Thriller|Comedy,7.864,3756,3.475,es
296065,Last Shift,2014,Horror|Mystery,6.3,714,4.3648,en
119892,The Monkey King,2014,Action|Adventure|Family|Fantasy,5.6,235,4.7015,zh
68737,Seventh Son,2014,Adventure|Fantasy,5.522,2657,4.2098,en
218043,Left Behind,2014,Thriller|Action|Science Fiction,4.293,1396,5.6989,en
175112,Tinker Bell and the Pirate Fairy,2014,Animation|Family,6.955,1072,4.3022,en
297608,The Taking of Deborah Logan,2014,Horror|Mystery|Thriller,6.6,1472,4.0456,en
284536,The Gambler,2014,Thriller|Crime|Drama,6.031,1565,4.0485,en
221731,Rurouni Kenshin Part II: Kyoto Inferno,2014,Action|Adventure|Drama|Fantasy,7.6,654,3.9831,ja
100042,Dumb and Dumber To,2014,Comedy,5.6,3421,4.8047,en
193610,The Other Woman,2014,Comedy|Romance,6.423,3733,4.2208,en
269495,No Thank You,2014,Drama|Comedy,4.5,15,4.4321,fi
259072,Wrong Turn 6: Last Resort,2014,Horror,5.417,987,4.3669,en
157353,Transcendence,2014,Thriller|Science Fiction|Drama|Mystery,6.073,5803,4.7563,en
254904,The November Man,2014,Crime|Action|Thriller,6.108,1603,3.7092,en
204922,Before I Go to Sleep,2014,Thriller|Mystery,6.488,2145,4.001,en
136835,No Good Deed,2014,Crime|Thriller,5.951,686,3.508,en
266856,The Theory of Everything,2014,Drama|Romance,7.831,11122,3.4224,en
284329,The Last of Us: One Night Live,2014,Drama,7.5,11,3.3969,en
97370,Under the Skin,2014,Thriller|Science Fiction|Drama,6.1,3825,4.9819,en
197796,Beauty and the Beast,2014,Fantasy|Romance,6.237,2170,3.9458,fr
227159,Horrible Bosses 2,2014,Comedy,6.179,4391,3.8277,en
239678,This Is Where I Leave You,2014,Drama|Comedy,6.638,1487,4.1414,en
198277,Begin Again,2014,Comedy|Music|Romance|Drama,7.234,4002,3.8736,en
242828,When Marnie Was There,2014,Animation|Drama|Family,7.935,1964,4.6025,ja
239563,St. Vincent,2014,Comedy,7.114,2057,5.2482,en
226857,Endless Love,2014,Drama|Romance,6.905,1755,3.5649,en
260934,Canon (Fidelidad al límite),2014,Drama,7.146,175,3.7489,es
244761,The Captive,2014,Drama|Thriller|Crime,5.848,1169,3.5088,en
218836,Planes: Fire & Rescue,2014,Animation|Comedy|Adventure|Family,6.185,924,3.3743,en
225574,Non-Stop,2014,Action|Thriller|Mystery,6.812,5746,3.4227,en
250574,Creep,2014,Horror|Thriller,6.4,1631,4.1288,en
241863,As the Gods Will,2014,Thriller|Horror|Comedy,7.128,571,3.2913,ja
287590,Saint Seiya: Legend of Sanctuary,2014,Action|Animation|Fantasy,6.673,728,4.0054,ja
257512,Detective Conan: Dimensional Sniper,2014,Animation|Action|Drama|Mystery,6.816,136,3.4127,ja
242512,Ouija,2014,Horror,5.1,2780,3.6585,en
265177,Mommy,2014,Drama,8.205,2851,3.4099,fr
246741,What We Do in the Shadows,2014,Comedy|Horror,7.549,3939,2.997,en
284427,Who Am I,2014,Thriller,7.568,1717,3.2651,de
228970,Wild,2014,Drama,7.009,2675,3.9567,en
170687,The Boxtrolls,2014,Animation|Comedy|Family|Fantasy,6.7,1794,4.5308,en
256835,Toy Story That Time Forgot,2014,Animation|Family|Adventure|Comedy,7.022,1059,4.7734,en
280019,For the Emperor,2014,Action|Crime|Thriller,5.7,59,3.6457,ko
242224,The Babadook,2014,Drama|Horror,6.532,6418,3.7316,en
255718,Barbie: The Pearl Princess,2014,Family|Animation,6.982,354,2.8541,en
284293,Still Alice,2014,Drama,7.465,3272,3.3845,en
188207,The Legend of Hercules,2014,Action|Adventure,4.807,1404,3.3828,en
288418,Affair,2014,Romance|Drama,5.0,11,4.3243,ko
244506,Camp X-Ray,2014,Drama,6.723,1102,3.3082,en
203739,Vampire Academy,2014,Comedy|Action|Fantasy,6.3,1818,3.8575,en
257346,Avengers Confidential: Black Widow & Punisher,2014,Animation|Science Fiction|Action,6.362,294,3.615,ja
227156,The Giver,2014,Drama|Science Fiction,6.557,4639,3.0736,en
207933,Stonehearst Asylum,2014,Thriller|Mystery|Horror,6.848,1587,4.3845,en
172226,In Secret,2014,Drama|Thriller|Crime|Romance,6.118,255,3.2194,en
169917,A Walk Among the Tombstones,2014,Crime|Drama|Mystery|Thriller,6.331,3017,3.1842,en
290865,Tazza: The Hidden Card,2014,Crime|Drama,7.01,99,3.9926,ko
192102,3 Days to Kill,2014,Action|Drama|Thriller,6.1,2325,2.7868,en
297189,Persona3 THE MOVIE #2 Midsummer Knight's Dream,2014,Animation|Fantasy|Adventure,7.3,47,3.4734,ja
238215,The Cobbler,2014,Fantasy|Comedy|Drama,5.868,1807,4.0143,en
157547,Oculus,2014,Horror,6.496,3186,4.7609,en
289720,Outcast,2014,Action|Adventure,5.164,508,4.661,en
302945,Love Affair,2014,Drama|Romance,5.66,25,2.9056,ko
221732,Rurouni Kenshin Part III: The Legend Ends,2014,Action|Adventure|Fantasy,7.7,562,3.4853,ja
243683,Step Up All In,2014,Romance|Drama|Music,6.816,2002,3.0438,en
277432,Happy New Year,2014,Action|Comedy|Crime|Adventure,6.121,290,3.1189,hi
345169,Taksu,2014,Drama,5.4,14,3.2774,ja
345161,Kinki,2014,Crime|Drama,3.8,10,2.2746,ja
254474,Zombeavers,2014,Horror|Action|Comedy,4.953,769,3.1413,en
230179,Big Game,2014,Action|Adventure|Thriller|Comedy,5.499,1228,3.5316,en
265712,Stand by Me Doraemon,2014,Animation|Adventure|Science Fiction|Drama|Family|Fantasy,7.396,589,3.0398,ja
168530,Ride Along,2014,Action|Comedy,6.252,2417,2.8833,en
224141,Into the Woods,2014,Fantasy|Comedy,5.76,4409,2.9924,en
184346,Deliver Us from Evil,2014,Thriller|Crime|Horror,6.255,2235,3.2428,en
244267,I Origins,2014,Science Fiction|Drama,7.6,3470,2.718,en
187596,Walk of Shame,2014,Comedy,5.969,1522,2.9794,en
256474,In the Blood,2014,Action|Crime|Thriller,5.803,382,2.8186,en
243684,Men  Women & Children,2014,Drama|Comedy,6.494,984,3.1435,en
383045,Toxic Desire: Addiction,2014,Mystery|Thriller,5.2,25,2.9004,ko
242095,The Signal,2014,Thriller|Science Fiction,6.019,1845,3.8608,en
239571,The Best of Me,2014,Drama|Romance,7.462,2697,3.373,en
290864,Kung Fu Jungle,2014,Action|Thriller|Crime|Adventure,6.806,518,3.0406,zh
257475,Tamako Love Story,2014,Romance|Animation|Comedy,7.2,196,3.5288,ja
259018,Behaving Badly,2014,Comedy,5.296,610,2.9868,en
277685,Unfriended,2014,Horror|Mystery,5.546,3532,3.1789,en
144336,Sabotage,2014,Action|Drama|Thriller|Crime,5.616,1522,2.8549,en
280002,The Remaining,2014,Thriller|Horror,6.078,495,2.8548,en
152760,The Monuments Men,2014,War|Drama|History|Action,6.1,3816,3.1042,en
217993,Justice League: War,2014,Animation|Action,7.439,1168,2.5019,en
342437,A Courtesan with Flowered Skin,2014,Drama|Romance,6.611,18,2.3064,ja
100241,I  Frankenstein,2014,Horror|Thriller,5.377,2068,4.2773,en
206563,Trash,2014,Adventure|Crime|Drama|Thriller|Mystery,7.076,664,2.9841,en
291692,Brotherhood of Blades,2014,Romance|Action|Drama,6.738,185,2.4916,zh
254473,Brick Mansions,2014,Action|Crime|Drama,5.91,1612,3.1287,en
241843,Cooties,2014,Comedy|Horror|Action|Science Fiction|Thriller,5.909,813,4.1165,en
289732,Zombie Fight Club,2014,Action|Horror,5.6,124,2.3847,zh
294682,Little Forest: Summer/Autumn,2014,Drama,7.773,119,2.82,ja
249164,If I Stay,2014,Drama,7.349,4308,2.4408,en
290271,"One Piece ""3D2Y"": Overcome Ace's Death! Luffy's Vow to his Friends",2014,Animation|Action|Adventure|Comedy|Fantasy,7.074,190,2.5686,ja
260091,Boonie Bears: To the Rescue,2014,Animation|Family|Adventure,7.533,15,2.2105,zh
294993,Rise of the Legend,2014,Drama|Action,6.323,220,2.3492,zh
227348,Paranormal Activity: The Marked Ones,2014,Horror|Thriller,5.437,1540,2.39,en
279185,Love's Whirlpool,2014,Drama,6.3,28,2.2985,ja
112454,Clown,2014,Horror|Thriller,5.8,1461,3.19,en
285812,Doraemon: New Nobita's Great Demon - Peko and the Exploration Party of Five,2014,Family|Animation|Adventure|Fantasy|Comedy|Science Fiction,6.193,127,2.3269,ja
252178,'71,2014,Thriller|Action|Drama|War,6.807,1222,2.4081,en
284289,Beyond the Reach,2014,Thriller,5.915,401,2.3515,en
314127,A Wife's Nightmare,2014,Drama|Thriller|Mystery|TV Movie,6.375,40,2.3266,en
157849,A Most Wanted Man,2014,Thriller,6.472,1487,1.8321,en
244458,The Voices,2014,Comedy|Crime|Horror|Fantasy,6.3,1913,2.5548,en
227783,The Nut Job,2014,Animation|Comedy|Family|Adventure,5.864,1030,2.1637,en
234200,Pride,2014,Drama|Comedy,7.684,1410,2.3596,en
251981,The World of Kanako,2014,Mystery|Crime|Thriller,6.463,217,2.3386,ja
282631,The Admiral: Roaring Currents,2014,War|Action|Drama|History,7.0,322,2.0642,ko
242310,Rage,2014,Action|Crime|Thriller,5.271,807,3.4425,en
294652,Son of a Gun,2014,Action|Crime|Drama|Thriller,6.433,856,2.0671,en
267466,Innocent Thing,2014,Thriller|Romance,6.5,77,2.1384,ko
137321,Winter's Tale,2014,Drama|Fantasy|Mystery|Romance,6.27,1418,2.8244,en
226486,Tammy,2014,Comedy,5.341,1276,2.1681,en
283317,Messi,2014,Documentary,7.445,246,3.6947,es
356085,Rape Zombie: Lust of the Dead 5,2014,Horror,7.375,84,2.1835,ja
283589,Bang Bang!,2014,Action|Adventure|Comedy|Romance|Thriller,6.204,252,3.389,hi
145220,Muppets Most Wanted,2014,Comedy|Adventure|Crime|Family,6.3,893,2.4017,en
303903,Pokémon the Movie: Diancie and the Cocoon of Destruction,2014,Animation|Family|Adventure|Action|Comedy|Drama,6.7,200,2.2771,ja
278540,Girl's Blood,2014,Action|Drama|Romance,6.2,37,2.4145,ja
278774,Zapped,2014,TV Movie|Comedy|Family,6.091,641,2.7434,en
289727,The Rewrite,2014,Romance|Comedy,6.024,634,2.2543,en
253046,Jailbait,2014,Crime|Drama|Thriller,5.405,163,2.358,en
87492,Foxcatcher,2014,Drama|Thriller,6.7,2480,2.2434,en
247236,Lan Kwai Fong 3,2014,Romance,4.75,12,2.1448,cn
184098,Think Like a Man Too,2014,Comedy|Romance,6.422,597,1.9866,en
316269,Calculator,2014,Thriller|Science Fiction|Action,4.856,170,2.319,ru
185341,[REC]⁴ Apocalypse,2014,Thriller|Horror,5.618,1271,2.3443,es
110416,Song of the Sea,2014,Family|Animation|Fantasy,7.995,1579,2.3128,en
300424,LEGO DC Comics Super Heroes: Batman Be-Leaguered,2014,Action|Adventure|Animation|Family|Comedy|TV Movie,6.542,156,2.7586,en
236751,Heaven Is for Real,2014,Drama,6.782,884,2.4295,en
245527,Convict,2014,Action|Crime|Drama,6.5,120,2.4294,en
261037,Miss Meadows,2014,Drama,5.895,300,2.7231,en
269494,A Hard Day,2014,Crime|Thriller|Mystery|Action,7.07,511,2.2325,ko
296627,Njaan,2014,Drama|History,5.9,15,2.2892,ml
290555,Wolves,2014,Horror|Action,5.911,326,2.1168,en
336592,The Science of Interstellar,2014,Documentary,6.9,35,2.3643,en
280690,Kick,2014,Action|Romance|Comedy|Crime,5.749,173,2.8255,hi
259611,Frontera,2014,Western|Drama,6.536,208,2.1845,en
255343,Escobar: Paradise Lost,2014,Thriller|Romance,6.266,817,2.2997,en
254869,Torrente 5: Operation Eurovegas,2014,Action|Comedy|Crime,5.643,214,2.1903,es
282672,My Mistress,2014,Romance|Drama,5.1,72,2.3251,en
251519,Son of Batman,2014,Animation|Action|Adventure,7.081,1145,2.1765,en
264656,The Homesman,2014,Western|Drama,6.534,872,3.5039,en
241239,A Most Violent Year,2014,Crime|Drama|Thriller,6.603,1542,1.9027,en
242042,Barefoot,2014,Comedy|Drama|Romance,6.699,694,2.4783,en
262391,Serial (Bad) Weddings,2014,Comedy,6.664,3524,2.1427,fr
203834,Jessabelle,2014,Thriller|Horror,5.44,856,3.6077,en
278236,X+Y,2014,Drama,6.707,609,3.0655,en
257932,Dragon Nest: Warriors' Dawn,2014,Fantasy|Animation,7.588,154,2.2855,zh
273895,Selma,2014,History|Drama,7.372,2323,2.991,en
200505,Draft Day,2014,Drama,6.711,1004,2.1322,en
208763,Forbidden Empire,2014,Thriller|Adventure|Mystery|Fantasy|Horror|Science Fiction,5.904,338,2.4581,ru
256731,Bad Country,2014,Drama|Action|Crime,5.505,217,3.2142,en
282813,The Pyramid,2014,Horror,5.31,1153,1.8909,en
282069,Parasyte: Part 1,2014,Science Fiction|Horror|Action|Drama,7.1,310,2.5839,ja
257648,The White Haired Witch of Lunar Kingdom,2014,Fantasy,6.336,116,1.8631,zh
357965,One Night Only,2014,Romance|Drama,4.9,11,3.4452,ko
256106,Blind Massage,2014,Drama,6.9,48,1.9233,zh
258284,Every Secret Thing,2014,Thriller|Crime|Mystery,6.141,361,2.01,en
327833,Skin Trade,2014,Thriller|Action|Drama|Crime,6.086,303,2.0453,en
244566,Life After Beth,2014,Romance|Comedy|Horror,5.5,724,1.9044,en
170522,Asterix: The Mansions of the Gods,2014,Animation|Comedy|Adventure|Family,6.789,1470,2.72,fr
299969,Marvel: 75 Years  from Pulp to Pop!,2014,Documentary,6.842,79,1.8828,en
265851,No Tears for the Dead,2014,Action|Thriller|Drama,7.224,294,3.7763,ko
164251,Serena,2014,Drama,5.588,1068,3.0516,en
290477,Sexipede!,2014,Comedy,5.9,15,1.6423,en
253451,Crows Explode,2014,Action|Adventure|Crime|Comedy,6.111,108,1.8779,ja
59981,Legends of Oz: Dorothy's Return,2014,Animation|Family|Fantasy,6.3,374,1.8272,en
236399,Flowers in the Attic,2014,Drama|Mystery|Thriller|TV Movie,6.7,404,2.1332,en
82657,Flight 7500,2014,Thriller|Horror|Mystery,4.917,603,2.2091,en
258313,Man in Love,2014,Drama|Romance,7.296,54,1.9383,ko
218778,Alexander and the Terrible  Horrible  No Good  Very Bad Day,2014,Family|Comedy,6.207,1415,2.1924,en
250538,The Good Lie,2014,Drama,7.463,599,1.9836,en
157424,Cabin Fever: Patient Zero,2014,Horror,5.016,353,1.8152,en
210479,Locke,2014,Drama|Thriller,6.89,2939,2.1455,en
262903,Main Tera Hero,2014,Romance|Comedy,5.679,196,1.8196,hi
241254,The Prince,2014,Thriller|Action,4.927,508,2.4077,en
266285,The Salvation,2014,Drama|Western,6.452,942,2.1448,da
264450,7th Day,2014,Action|Thriller,6.204,27,1.0186,ml
326947,The Maid,2014,Romance|Drama,4.484,31,1.932,en
239566,Get On Up,2014,Drama|Music|History,6.761,567,1.9033,en
146229,Kristy,2014,Thriller|Horror,6.049,453,1.5858,en
252168,From Vegas to Macau,2014,Comedy|Action,5.2,73,2.1054,cn
270938,Falcon Rising,2014,Adventure|Action,6.345,385,2.2685,en
242643,Batman: Assault on Arkham,2014,Thriller|Animation|Action|Crime,7.322,1186,2.4298,en
252171,A Girl Walks Home Alone at Night,2014,Horror|Romance,6.815,948,2.1116,en
265189,Force Majeure,2014,Drama,6.9,1220,2.0182,sv
245473,Cloud 9,2014,Drama|Romance|Family|TV Movie,6.91,542,1.9741,en
262338,Good People,2014,Thriller|Crime|Action,5.494,491,1.9584,en
253235,And So It Goes,2014,Comedy|Drama|Romance,6.054,483,2.0301,en
287647,Cart,2014,Drama,7.225,40,2.3917,ko
287233,Tom and Jerry: The Lost Dragon,2014,Animation|Comedy|Family|Fantasy,6.0,82,1.6801,en
263281,My Summer in Provence,2014,Comedy|Drama,6.368,321,2.7524,fr
302828,Against the Sun,2014,War|Adventure,6.958,216,2.0953,en
246080,Black Sea,2014,Adventure|Drama|Thriller,6.265,1178,1.7996,en
244063,Boys,2014,Drama|Romance|TV Movie,7.684,741,1.9517,nl
214758,Easy Sex  Sad Movies,2014,Comedy,5.525,61,1.9709,es
192132,Palo Alto,2014,Drama,6.1,915,1.9055,en
157845,The Rover,2014,Crime|Drama,6.267,1056,1.9226,en
277547,Playing It Cool,2014,Comedy|Romance,5.85,811,2.2004,en
262551,Babysitting,2014,Comedy,6.789,2013,1.7178,fr
292795,Yellowbird,2014,Animation|Family|Comedy,5.0,69,1.6306,en
113833,The Normal Heart,2014,Drama,7.729,917,1.9311,en
87093,Big Eyes,2014,Drama,6.968,3613,1.9653,en
272691,Sea Fog,2014,Thriller|Drama,6.857,178,2.4659,ko
253065,Miss Granny,2014,Drama|Comedy|Music,7.313,126,1.7614,ko
250388,Rampage: Capital Punishment,2014,Action|Crime|Thriller,5.976,254,1.7771,en
283350,Before We Go,2014,Romance|Drama|Comedy,6.745,1894,1.9516,en
180296,They Came Together,2014,Comedy,5.531,447,1.5832,en
157832,Calvary,2014,Drama,7.108,1060,2.9365,en
260535,The Little Rascals Save the Day,2014,Comedy,6.326,118,1.7907,en
239526,Buddha 2: The Endless Journey,2014,Animation|Drama|History,7.7,48,1.9285,ja
258947,Deadly Virtues: Love. Honour. Obey.,2014,Thriller|Drama,4.774,53,1.8892,en
290542,You're Not You,2014,Drama,7.391,839,1.9231,en
294992,The Taking of Tiger Mountain,2014,Thriller|War|Adventure,6.626,214,1.9719,zh
292014,The Snow Queen 2: Refreeze,2014,Fantasy|Family|Animation|Adventure,6.3,107,2.8939,ru
305143,Crayon Shin-chan: Intense Battle! Robo Dad Strikes Back,2014,Comedy|Animation,7.509,55,1.8051,ja
266058,A Girl at My Door,2014,Drama,6.901,187,1.6712,ko
235260,Son of God,2014,Drama,6.888,349,2.0279,en
226140,See No Evil 2,2014,Horror,5.337,332,1.7185,en
277519,Z Storm,2014,Crime|Thriller,5.9,53,1.5414,cn
250066,American Heist,2014,Action,4.807,387,2.0445,en
314327,The Royal Tailor,2014,Drama|History,7.1,33,1.8305,ko
241842,Dead Snow 2: Red vs. Dead,2014,Horror|Action|Comedy,6.553,711,1.6917,no
225565,That Awkward Moment,2014,Comedy|Romance,6.147,2733,2.6593,en
290729,Sniper: Legacy,2014,Thriller|Action,5.976,275,1.7034,en
317960,Viking Quest,2014,Action|Adventure|Fantasy|TV Movie,4.3,43,2.6458,en
192712,Kite,2014,Drama|Action,4.327,272,1.5726,en
157851,Maps to the Stars,2014,Drama,6.2,1147,1.7196,en
157847,Joe,2014,Drama,6.524,1036,1.6476,en
250658,The Internet's Own Boy: The Story of Aaron Swartz,2014,Documentary|Crime,7.876,462,1.7751,en
245916,Kill the Messenger,2014,Crime|Drama|Mystery|Thriller|History,6.618,921,1.7648,en
248504,Sharknado 2: The Second One,2014,Thriller|Science Fiction|TV Movie,4.549,705,1.5475,en
254201,The Absent One,2014,Thriller,7.0,693,2.821,da
228194,The Hundred-Foot Journey,2014,Drama|Comedy,7.273,1550,1.9326,en
284276,Cake,2014,Drama,6.28,942,1.6312,en
254375,Hector and the Search for Happiness,2014,Adventure|Drama|Comedy,6.684,957,1.7202,en
155084,13 Sins,2014,Horror|Thriller,6.318,1206,1.8959,en
287888,Paradise in Service,2014,Romance|Drama|History,6.803,38,1.5457,zh
297961,Big Driver,2014,Crime|Mystery|Thriller|TV Movie,5.716,232,2.7011,en
287767,Mardaani,2014,Action|Crime|Drama|Thriller,6.663,120,2.2034,hi
222899,About Last Night,2014,Comedy|Romance,5.978,531,1.6272,en
255157,The Forger,2014,Thriller|Crime|Drama,5.816,400,1.4464,en
256917,The Water Diviner,2014,War|Drama,6.789,1331,2.124,en
276844,The Little Death,2014,Drama|Comedy|Romance,6.7,533,2.3066,en
260063,Seal Team Eight: Behind Enemy Lines,2014,Action|War|Drama,6.095,163,1.7014,en
258749,They Are All Dead,2014,Fantasy|Comedy|Drama,6.0,27,1.9247,es
253310,Premature,2014,Comedy,5.479,479,1.7596,en
272692,The Possession of Michael King,2014,Horror,6.1,435,1.8487,en
276935,Ek Villain,2014,Romance|Action|Crime|Thriller,6.552,172,1.8349,hi
246464,Heaven's Lost Property Final – The Movie: Eternally My Master,2014,Animation|Romance|Comedy|Science Fiction,7.4,47,1.5433,ja
265297,The Salt of the Earth,2014,Documentary,8.113,681,1.6494,fr
105001,Iceman,2014,Action|Adventure|Science Fiction|Comedy|Fantasy,5.537,219,1.8531,cn
261776,The Third One,2014,Drama|Romance,6.668,220,1.7508,es
209276,Starred Up,2014,Drama,7.1,1018,1.6902,en
313108,Ode to My Father,2014,Drama,7.4,137,1.55,ko
511082,Black Butler: Book of Murder,2014,Mystery|Animation|Adventure|Action,7.963,67,1.8343,ja
287084,The Town that Dreaded Sundown,2014,Thriller|Horror,5.806,521,1.7131,en
253980,Marvel One-Shot: All Hail the King,2014,Action|Comedy|Fantasy,6.7,616,1.841,en
259129,Monster,2014,Thriller|Drama,6.592,65,1.4151,ko
244517,God's Pocket,2014,Drama,5.826,215,1.473,en
268060,Road to Paloma,2014,Thriller|Drama,5.878,135,1.7043,en
204436,Jack and the Cuckoo-Clock Heart,2014,Animation|Romance|Adventure|Drama|Fantasy,7.221,759,1.6739,fr
286987,How to Build a Better Boy,2014,Family|Science Fiction|TV Movie,6.354,407,1.7486,en
260234,Monster High: Frights  Camera  Action!,2014,Family|Animation|Fantasy,7.497,153,1.7143,en
279229,Sapphire Blue,2014,Fantasy|Romance|Drama,7.103,1027,1.4797,de
273059,Starving in Suburbia,2014,Drama|TV Movie,6.543,69,2.0509,en
262137,Overheard 3,2014,Crime|Thriller,5.833,60,1.5755,cn
286532,A Merry Friggin' Christmas,2014,Comedy,5.365,260,1.4092,en
233470,Jamesy Boy,2014,Crime|Drama|Romance,6.4,178,2.2717,en
232679,When the Game Stands Tall,2014,Drama,6.7,379,1.6159,en
286554,Two Night Stand,2014,Romance|Comedy,6.415,1919,1.5929,en
284274,Iron Man & Captain America: Heroes United,2014,Adventure|Animation|Action,6.5,165,1.5629,en
261103,Maya the Bee Movie,2014,Family|Animation,6.203,187,1.4855,en
276902,Cut Bank,2014,Crime|Drama|Mystery|Thriller,5.768,357,1.7655,en
251768,JLA Adventures: Trapped in Time,2014,Family|Animation|Action|Science Fiction,6.649,262,1.5032,en
299738,The Four 3,2014,Action|Crime|Fantasy,6.152,66,1.5127,zh
304410,The Bélier Family,2014,Comedy|Music|Drama,6.946,2484,1.998,fr
273271,Time Lapse,2014,Thriller|Science Fiction|Mystery,6.541,1390,1.52,en
295588,23 Blast,2014,Drama,6.758,95,2.2502,en
268690,The Legend of the Guanajuato Mummies,2014,Animation|Horror|Adventure|Comedy|Family,8.048,165,1.7443,es
258152,Party Central,2014,Family|Comedy|Animation|Fantasy,6.778,320,1.5964,en
276928,Humpty Sharma Ki Dulhania,2014,Drama|Comedy|Romance,6.433,120,1.532,hi
114155,Effie Gray,2014,Drama,5.9,191,2.6034,en
290727,Monster High: Freaky Fusion,2014,Animation,7.738,130,1.5534,en
267793,Petals on the Wind,2014,TV Movie|Romance|Thriller,6.539,219,1.3939,en
314606,100 Yen Love,2014,Drama|Comedy|Romance,7.2,94,1.5386,ja
244772,The Skeleton Twins,2014,Drama,6.7,694,1.3846,en
271467,School Dance,2014,Comedy|Music|Drama,7.349,152,1.6191,en
260516,Lupin the Third: Jigen's Gravestone,2014,Animation|Adventure|Action|Crime,7.4,141,1.7087,ja
251626,Hasee Toh Phasee,2014,Comedy|Romance,6.566,114,1.1719,hi
269148,Samba,2014,Drama|Comedy,6.4,989,1.4463,fr
330115,Ride,2014,Drama|Comedy|Romance,5.7,145,2.3069,en
256196,Burning Blue,2014,Drama|Romance|War,6.179,84,1.2208,en
264529,The Obscure Spring,2014,Drama,6.896,96,1.8397,es
287493,Kabukicho Love Hotel,2014,Comedy|Drama,6.4,45,1.6718,ja
227300,Stretch,2014,Action|Comedy|Thriller,6.186,724,1.88,en
262866,In Security,2014,Comedy|Action,5.0,18,1.691,en
358651,Yo-kai Watch: The Movie,2014,Action|Animation|Adventure|Comedy|Family|Fantasy,7.604,72,1.5385,ja
265180,Leviathan,2014,Drama|Crime,7.359,959,1.516,ru
249660,God's Not Dead,2014,Drama,5.977,957,1.7857,en
249660,God's Not Dead,2014,Drama,5.977,957,1.7857,en
271709,Initial D Legend 1: Awakening,2014,Animation|Action,7.833,78,1.7233,ja
263855,Fort Bliss,2014,War|Drama,6.435,115,2.1019,en
270771,The Last Survivors,2014,Thriller|Action|Science Fiction,6.06,226,1.4393,en
169298,Bullet,2014,Action|Crime|Thriller,4.293,116,2.1184,en
250551,Gunday,2014,Action|Crime|Drama,4.881,113,1.465,hi
146015,The Double,2014,Thriller|Drama,6.5,1084,1.625,en
258893,Scooby-Doo! WrestleMania Mystery,2014,Animation|Comedy|Family|Mystery,7.3,335,1.7923,en
263105,Boy Meets Girl,2014,Comedy|Drama|Romance,6.628,113,1.5331,en
356084,Rape Zombie: Lust of the Dead 4,2014,Horror,6.804,56,1.6885,ja
209451,Jersey Boys,2014,Music|Drama,6.8,738,1.4705,en
254191,Honeymoon,2014,Horror|Science Fiction,5.423,632,2.0493,en
259233,Ju-on: The Beginning of the End,2014,Horror,6.0,79,1.3751,ja
267963,Space Battleship Yamato 2199: Odyssey of the Celestial Ark,2014,Animation|Action|Science Fiction|Drama,7.389,18,1.4095,ja
271185,Ask Me Anything,2014,Drama,5.6,425,1.3087,en
262227,Race Gurram,2014,Comedy|Action,6.7,59,1.4317,te
304613,Charlie's Farm,2014,Horror,4.7,115,1.342,en
275318,Sleeping Beauty,2014,Fantasy|Adventure,4.4,82,1.4577,en
258751,For a Handful of Kisses,2014,Drama|Romance,6.9,91,1.5181,es
126172,Leprechaun: Origins,2014,Horror,4.374,270,1.2527,en
270759,One on One,2014,Drama|Crime,6.225,51,1.2639,ko
286548,Tekken 2: Kazuya's Revenge,2014,Action,4.005,97,1.2765,en
269242,Alpha House,2014,Comedy,4.429,77,1.4582,en
284063,Mourning Grave,2014,Thriller|Horror,7.284,104,1.4656,ko
300823,Close Range Love,2014,Drama|Romance,7.5,114,1.3161,ja
265016,Extraterrestrial,2014,Horror|Science Fiction,5.535,565,1.7376,en
244509,Cold in July,2014,Drama|Thriller,6.539,818,1.4149,en
286873,Northmen: A Viking Saga,2014,Adventure|Action|Drama,5.4,361,1.6155,en
288158,The Woman in Black 2: Angel of Death,2014,Thriller|Horror|Drama,5.2,1062,1.7352,en
287951,Atomic Hotel Erotica,2014,Comedy,4.7,11,1.4169,en
190469,Redirected,2014,Action|Comedy|Crime|Thriller,5.839,412,1.6053,en
211166,Rio  I Love You,2014,Romance|Drama,4.796,49,1.3665,pt
229297,Magic in the Moonlight,2014,Comedy|Drama|Romance,6.492,2170,1.3238,en
276938,Punjab 1984,2014,Drama|Family|History,8.25,14,1.4951,pa
252391,Kiki's Delivery Service,2014,Fantasy|Adventure|Comedy,6.037,81,1.2493,ja
295698,Free the Nipple,2014,Drama|Comedy,4.489,47,1.2985,en
177494,Veronica Mars,2014,Crime|Drama|Comedy,6.62,1151,2.02,en
286521,5 Flights Up,2014,Drama,6.017,331,1.5742,en
272435,Gemma Bovery,2014,Romance|Drama|Comedy,6.157,347,1.2789,fr
272875,The Continent,2014,Drama,6.3,94,1.9887,zh
289416,Grace,2014,Thriller|Horror,4.9,232,2.1769,en
258807,TIGER & BUNNY: The Rising,2014,Action|Animation|Science Fiction,6.2,17,1.1435,ja
318334,S for Sex  S for Secrets,2014,Drama|Romance,5.8,11,1.4352,cn
240566,Tokyo Tribe,2014,Music|Science Fiction|Action|Drama|Crime,6.531,163,1.1643,ja
284995,Scooby-Doo! Frankencreepy,2014,Animation|Family|Mystery|Comedy|Science Fiction,7.6,217,1.4273,en
251994,Reach Me,2014,Drama,5.294,114,1.7277,en
273096,My Man,2014,Romance|Crime|Drama,5.8,28,1.9402,ja
276908,Comet,2014,Science Fiction|Comedy|Romance,6.654,461,1.2557,en
143049,Adult World,2014,Comedy,6.053,389,1.2465,en
392216,Phineas and Ferb: Star Wars,2014,Animation|Comedy|Family|Science Fiction|Adventure|TV Movie|Action,7.158,219,1.5126,en
254323,Jack,2014,Drama,7.0,56,1.4074,de
211067,The Sacrament,2014,Horror|Thriller,5.971,492,1.4797,en
253639,And the Oscar Goes To...,2014,Documentary|TV Movie,6.842,60,1.3028,en
402123,Lennon or McCartney,2014,Documentary|Music,5.259,29,1.3063,en
316053,Vengeance of an Assassin,2014,Action,6.421,57,1.3116,th
248376,Once Upon a Time in Shanghai,2014,Action|Crime,7.1,159,1.4051,zh
254023,The Humbling,2014,Drama|Comedy,5.1,154,1.3126,en
271708,K: Missing Kings,2014,Animation|Fantasy|Action,6.5,77,1.1205,ja
244403,Rudderless,2014,Music|Drama|Comedy,7.172,337,1.3986,en
260266,Ragini MMS 2,2014,Horror,4.705,39,1.3244,hi
399898,A Woman's Hole,2014,Mystery|Comedy|Romance,5.1,11,1.2304,ja
151368,Open Windows,2014,Thriller|Action|Crime,5.1,481,2.043,en
298115,Dragons: Dawn of the Dragon Racers,2014,Animation|Family|Adventure|Comedy|Fantasy,7.283,375,1.3495,en
295237,The Assault,2014,Mystery|Crime|Drama|TV Movie,6.747,81,2.2667,en
240341,Ghost in the Shell: Arise - Border 3: Ghost Tears,2014,Action|Animation|Science Fiction,6.768,166,1.2946,ja
157825,White Bird in a Blizzard,2014,Thriller|Drama,6.19,759,1.5824,en
299221,Phantom Halo,2014,Thriller|Crime|Drama,5.9,56,1.437,en
199933,Atlas Shrugged: Part III,2014,Drama|Science Fiction|Mystery,4.467,90,1.348,en
229304,Han Gong-ju,2014,Drama,7.2,127,1.3157,ko
274626,Animal,2014,Thriller|Horror,5.132,291,1.7238,en
238603,Earth to Echo,2014,Family|Adventure|Science Fiction,5.9,610,1.5121,en
192145,Third Person,2014,Drama|Romance,5.885,646,1.5076,en
255268,Bad Ass 2: Bad Asses,2014,Action,6.081,217,1.2336,en
145221,Monsters: Dark Continent,2014,Thriller|Drama|Science Fiction,4.724,390,1.5676,en
290217,My Old Classmate,2014,Romance,5.8,24,1.5639,zh
259910,Marvel Studios: Assembling a Universe,2014,Documentary|TV Movie|Fantasy,6.9,168,1.5758,en
226448,In Your Eyes,2014,Drama|Romance|Science Fiction,7.1,729,1.2722,en
287426,Shelter,2014,Drama,5.9,111,1.4276,en
284279,Burning,2014,Action|Comedy,6.4,106,1.2864,no
240916,Reasonable Doubt,2014,Crime|Thriller,5.8,596,1.4988,en
227738,Mortadelo & Filemon: Mission Implausible,2014,Comedy|Animation|Adventure,6.841,205,1.4835,es
295315,Sex Ed,2014,Romance|Comedy,5.3,154,1.2468,en
297275,Everlasting Love,2014,Drama|Horror|Romance,3.9,21,1.3782,es
79316,Devil's Due,2014,Horror,4.67,571,1.2978,en
277934,Only You,2014,Action|Drama|Romance,7.274,115,1.3061,tr
284298,Breakup Buddies,2014,Comedy|Romance,6.329,85,1.1846,zh
285900,Speed Walking,2014,Drama,6.4,45,1.4296,da
274817,Wood Job!,2014,Drama|Comedy,7.4,89,1.2114,ja
188166,Blue Ruin,2014,Crime|Thriller,6.787,1627,1.975,en
279254,Ghost in the Shell: Arise - Border 4: Ghost Stands Alone,2014,Action|Animation|Science Fiction|Crime,6.938,145,1.5247,ja
260339,Salting the Battlefield,2014,Action|Drama|Crime,6.266,126,1.2712,en
291326,Live Nude Girls,2014,Comedy|Romance,4.8,30,1.476,en
241771,Beyond the Lights,2014,Romance|Drama,6.779,390,1.5063,en
253849,John Doe: Vigilante,2014,Thriller|Crime,6.401,152,1.1701,en
275060,The Disappearance of Eleanor Rigby: Her,2014,Drama|Romance,6.665,245,1.3293,en
270400,Breathe,2014,Drama,7.08,480,1.9665,fr
171372,Frank,2014,Comedy|Drama|Mystery,6.9,1720,1.3822,en
239367,Giovanni's Island,2014,Animation|Drama|History,7.482,111,1.1214,ja
278086,Altman,2014,Documentary,6.7,39,2.152,en
201086,Cuban Fury,2014,Comedy|Romance,6.1,342,1.4466,en
261470,Sorry If I Call You Love,2014,Romance|Drama,7.462,526,2.446,es
267806,V/H/S: Viral,2014,Horror|Thriller,4.82,700,1.3888,en
157099,Better Living Through Chemistry,2014,Drama|Comedy,5.915,318,1.4385,en
312173,Inazuma Eleven ChouJigen Dream Match,2014,Animation,8.0,11,1.111,ja
227735,Dolphin Tale 2,2014,Family|Drama,7.0,368,1.6199,en
259954,5 to 7,2014,Comedy|Romance,7.103,412,1.2813,en
207774,The Borderlands,2014,Horror,5.544,285,1.1398,en
284305,Shrew's Nest,2014,Horror|Thriller|Drama,6.84,325,1.0416,es
255756,Black Coal  Thin Ice,2014,Drama|Crime|Mystery|Thriller,6.489,311,1.2012,zh
268002,Thermae Romae II,2014,Comedy|Fantasy|Science Fiction,6.347,36,1.3868,ja
252102,Land Ho!,2014,Comedy|Adventure,5.6,70,1.4534,en
259074,Joy Ride 3,2014,Thriller|Horror,5.601,243,1.2535,en
99367,Date and Switch,2014,Comedy,5.8,259,1.0803,en
321509,Undulant Fever,2014,Drama,4.7,12,1.0802,ja
270313,Heisei Rider vs. Showa Rider: Kamen Rider Wars feat. Super Sentai,2014,Action|Adventure|Science Fiction,6.4,16,1.3331,ja
258034,4 Moons,2014,Drama|Romance,7.194,173,1.5414,es
180305,Mercy,2014,Thriller|Horror,5.2,263,2.2243,en
287420,Don't Go Breaking My Heart 2,2014,Comedy|Romance,5.7,28,1.1433,cn
282041,Electric Boogaloo: The Wild  Untold Story of Cannon Films,2014,Documentary,7.206,177,1.1038,en
395940,For My Brother,2014,Drama|Crime,7.7,40,1.5567,da
249266,Small Time,2014,Drama|Comedy,5.3,33,1.1144,en
297558,My Love  My Bride,2014,Comedy|Romance,6.9,40,1.2301,ko
281780,Kundo: Age of the Rampant,2014,Action|Drama,6.609,133,1.1814,ko
301959,Interstellar: Nolan's Odyssey,2014,Documentary|TV Movie,7.763,186,1.2992,en
241855,Spring,2014,Horror|Romance|Science Fiction,6.63,786,1.3005,en
244688,The Hungover Games,2014,Comedy,4.051,535,1.1605,en
257093,Dark House,2014,Horror|Thriller,5.005,96,1.4133,en
213927,Born to Race: Fast Track,2014,Action,6.6,104,1.5803,en
254578,Phoenix,2014,Drama,6.836,488,1.1984,de
285700,The Fool,2014,Drama,7.824,319,1.317,ru
247954,As the Light Goes Out,2014,Drama|Action,6.2,62,1.0396,cn
193726,ABCs of Death 2,2014,Horror,5.371,340,1.0579,en
286709,Revenge of the Green Dragons,2014,Drama|Action|Crime,5.198,106,1.0716,en
256687,Swelter,2014,Action|Drama|Thriller,5.042,118,2.2215,en
279914,The Identical,2014,Music|Drama,5.1,52,1.0583,en
310972,The Christmas Secret,2014,Romance|Drama|Family|TV Movie,6.894,118,1.1349,en
270893,Ressha Sentai ToQger vs. Kamen Rider Gaim: Spring Break Combined Special,2014,Action|Adventure|Science Fiction|Fantasy,7.5,10,1.176,ja
237791,The Way He Looks,2014,Drama|Romance,7.9,991,1.9209,pt
292177,My Little Pony: Equestria Girls – Rainbow Rocks,2014,Family|Animation|Music,8.088,199,2.132,en
241868,Lupin the 3rd,2014,Action|Adventure|Comedy|Crime,5.981,107,1.1866,ja
252067,Hot Young Bloods,2014,Romance|Drama|Comedy,7.1,114,1.2053,ko
329687,Sara,2014,Drama,6.525,40,1.2515,cn
202456,I Am Happiness on Earth,2014,Drama,4.6,51,1.4804,es
254003,Golden Chickensss,2014,Comedy|Drama,5.7,36,1.2197,cn
259943,Coming Home,2014,Drama|Romance,7.274,206,1.3026,zh
330980,Box Room,2014,Science Fiction|Drama|Horror,5.5,12,1.4404,en
320150,Big Match,2014,Comedy|Action|Thriller,6.9,44,1.1893,ko
52653,Jinn,2014,Thriller,4.101,94,2.2242,en
152790,The Angriest Man in Brooklyn,2014,Drama|Comedy,5.65,545,1.166,en
297755,L♡DK,2014,Comedy|Drama|Romance,6.644,73,1.1073,ja
261375,Flying Home,2014,Romance,5.9,246,2.2872,en
244539,Infinitely Polar Bear,2014,Drama|Comedy,6.6,401,1.1242,en
256913,Quantum Love,2014,Drama|Romance,5.724,243,2.293,fr
261824,X/Y,2014,Drama|Romance,4.78,25,1.0334,en
297188,THE iDOLM@STER MOVIE: Beyond the Brilliant Future!,2014,Animation|Drama|Music,6.1,17,1.1885,ja
240745,Cymbeline,2014,Drama,3.9,127,1.4386,en
334175,Sijjin,2014,Horror,5.677,96,1.0343,tr
285423,Jarhead 2: Field of Fire,2014,War|Action,6.2,323,1.1562,en
277597,Mercenaries,2014,Action,5.115,131,1.6237,en
257331,Thread of Lies,2014,Drama,7.4,48,1.2222,ko
289728,Jingle All the Way 2,2014,Family|Comedy,5.266,128,1.2566,en
244264,Laggies,2014,Comedy|Drama|Romance,6.1,1178,1.304,en
285733,Barbie and the Secret Door,2014,Animation|Family,7.149,433,1.1755,en
210947,Afflicted,2014,Horror|Thriller,6.423,620,2.9426,en
332485,Pikachu  What's This Key?,2014,Adventure|Animation,6.25,10,1.4021,ja
300640,Wedding Planner Mystery,2014,Mystery|Drama|TV Movie,5.977,43,1.0874,en
239568,Search Party,2014,Comedy,5.356,202,2.321,en
480976,Girls und Panzer: This Is the Real Anzio Battle!,2014,Comedy|Animation|Action,6.25,20,1.2556,ja
306598,My Love  Don't Cross That River,2014,Documentary,7.9,29,1.1377,ko
287663,Star Wars Rebels: Spark of Rebellion,2014,Adventure|Animation|Action|Science Fiction|TV Movie|Family,7.3,159,1.4528,en
265228,Timbuktu,2014,Drama|War,6.968,512,1.294,fr
141043,A Long Way Down,2014,Comedy|Drama,6.2,935,1.2144,en
314996,Nanny Cam,2014,Drama|Mystery|Thriller,5.529,86,1.3739,en
267573,Man on High Heels,2014,Action|Drama,6.901,101,1.1976,ko
212231,Kid Cannabis,2014,Drama,6.168,182,1.3453,en
284296,Top Five,2014,Drama|Comedy|Romance,6.087,495,1.2457,en
270302,The Riot Club,2014,Drama,5.895,1018,1.1786,en
298821,Fatal Acquittal,2014,Thriller|TV Movie,4.5,14,1.0909,en
299579,Northpole,2014,TV Movie|Fantasy|Family,5.994,79,2.2259,en
277702,Supremacy,2014,Crime|Drama,5.7,63,1.2074,en
74461,Knights of Badassdom,2014,Adventure|Fantasy|Horror|Comedy,5.563,444,1.4247,en
243935,Rob the Mob,2014,Crime|Drama,6.094,260,1.0823,en
267467,The Target,2014,Thriller|Action,7.0,134,1.1958,ko
288281,A Good Marriage,2014,Thriller,5.333,516,1.3266,en
303126,Red Carpet,2014,Romance|Comedy,5.9,14,1.2009,ko
265010,The Canal,2014,Horror|Mystery|Thriller,5.768,460,1.1432,en
287360,Temporary Family,2014,Romance|Comedy,5.2,18,0.7001,cn
215248,Yevadu,2014,Action|Thriller,6.1,66,1.2019,te
292740,Yowamushi Pedal Re:RIDE,2014,Animation,7.3,19,0.9293,ja
290772,Fatal Instinct,2014,Action,5.417,12,1.0025,en
304023,Expelled from Paradise,2014,Animation|Science Fiction|Action|Adventure,6.4,102,1.2106,ja
230266,Miss Julie,2014,Drama|Romance,5.638,156,1.8619,en
197950,The Connection,2014,Thriller|Crime|Action,7.126,945,1.0325,fr
169607,Finding Vivian Maier,2014,Documentary,7.6,330,1.1918,en
249638,Something Must Break,2014,Drama|Romance,6.2,36,1.2534,sv
193612,The Quiet Ones,2014,Horror,5.11,694,0.8452,en
254679,The Little House,2014,Romance|Drama,6.87,46,1.1903,ja
270756,Return to Zero,2014,Drama|TV Movie,6.629,112,1.0359,en
253292,Harmontown,2014,Documentary,6.609,87,1.9767,en
283330,Eden,2014,Drama|Music,5.8,145,1.1468,fr
303542,The Invisible Boy,2014,Fantasy|Science Fiction|Family,6.273,979,1.046,it
299939,Debug,2014,Horror|Science Fiction,4.429,105,1.2661,en
487186,Halo: Nightfall,2014,Science Fiction|Action|Adventure,6.742,188,1.4827,en
305932,Expelled,2014,Comedy,5.783,454,1.3691,en
276843,What We Did on Our Holiday,2014,Comedy,6.678,572,1.3144,en
300892,Hot Road,2014,Drama,6.821,14,1.0432,ja
273621,Cat Run 2,2014,Action|Comedy,4.528,54,0.788,en
252509,The Satellite Girl and Milk Cow,2014,Animation|Comedy|Family|Science Fiction|Fantasy,7.2,29,0.9376,ko
946620,XXX,2014,Unknown,8.2,13,1.1795,es
220447,Black Butler,2014,Horror|Fantasy|Action|Adventure|Mystery|Crime|Drama,7.063,127,1.0581,ja
313452,Love On The Cloud,2014,Comedy,3.7,15,1.2137,zh
184352,Tom at the Farm,2014,Drama|Thriller|Mystery,6.767,857,1.0042,fr
297596,Dying of the Light,2014,Thriller|Drama,4.666,347,1.5669,en
242090,The One I Love,2014,Romance|Comedy|Drama,6.861,775,1.3048,en
254194,Starry Eyes,2014,Horror|Fantasy|Mystery,6.07,504,1.1918,en
124623,I Know That Voice,2014,Documentary,7.121,103,1.1166,en
290999,Wyrmwood: Road of the Dead,2014,Horror|Action|Comedy,6.043,508,1.1224,en
302496,Beautiful Girl,2014,Drama,4.1,14,0.9546,en
208869,Plastic,2014,Drama|Action|Comedy|Crime,5.973,203,2.2748,en
296879,Of Mind and Music,2014,Drama|Music,5.7,12,1.0194,en
248507,Superchondriac,2014,Comedy,5.497,1129,1.1535,fr
257423,Thegidi,2014,Crime|Thriller,7.1,25,1.2435,ta
191731,Manuscripts Don't Burn,2014,Crime|Drama,6.4,17,1.0195,fa
271397,The Tribe,2014,Drama|Crime,6.676,318,1.1221,uk
271234,22 Minutes,2014,Crime|Action,5.2,100,1.1205,ru
250535,Get Santa,2014,Comedy|Family,6.107,150,1.1865,en
296777,Black & White: The Dawn of Justice,2014,Action,6.2,36,1.0917,zh
274472,May We Chat,2014,Thriller|Drama,4.8,20,0.9799,cn
277688,Suburban Gothic,2014,Horror|Comedy,5.462,145,1.8942,en
321015,Name Me,2014,Drama|Adventure,5.987,38,1.03,ru
260602,Tom Holland's Twisted Tales,2014,Horror,4.4,14,1.0231,en
223954,Jacky in the Kingdom of Women,2014,Comedy,5.6,229,1.2957,fr
286654,Reclaim,2014,Thriller,5.25,150,1.0958,en
296626,Finders Keepers,2014,Mystery|Thriller|Horror,4.8,185,1.0021,en
280795,Haider,2014,Crime|Drama,7.2,249,1.0401,hi
300467,Dark Was the Night,2014,Horror|Thriller,5.598,281,1.1362,en
198185,Million Dollar Arm,2014,Drama,6.714,667,1.1666,en
290382,Roger Waters: The Wall,2014,Music,7.962,172,0.9543,en
238781,24 Days,2014,Drama|Thriller,6.6,75,1.421,fr
257642,Aberdeen,2014,Drama|Comedy,5.2,28,1.2808,cn
206192,Perfect Sisters,2014,Thriller|Drama|Crime,5.855,255,0.9393,en
256765,Harmonie,2014,Animation|Drama,7.7,33,1.0508,ja
288313,Perez.,2014,Drama,6.032,94,0.9515,it
283726,The New Girlfriend,2014,Drama,6.093,317,1.2141,fr
312171,Sex  Coffee  Cigarettes,2014,Drama|Comedy,4.3,10,0.9269,ru
316854,Les Souvenirs,2014,Comedy|Drama,6.3,111,0.8921,fr
221902,Two Days  One Night,2014,Drama,6.905,1017,1.4357,fr
289198,Redeemer,2014,Action|Crime,6.241,81,2.2494,es
419476,Snackpocalypse,2014,Comedy,6.4,14,1.8987,en
249169,Don Peyote,2014,Comedy,3.738,21,0.8582,en
255798,Burying the Ex,2014,Comedy|Horror,5.561,520,1.1104,en
285840,The Editor,2014,Comedy|Horror|Mystery,5.6,128,0.9315,en
252680,Moms' Night Out,2014,Comedy,5.637,306,0.9769,en
264401,Gloria,2014,Music|Drama,7.4,128,2.2857,es
321068,Mythica: A Quest for Heroes,2014,Action|Adventure|Fantasy,5.9,164,1.0623,en
244536,Hellion,2014,Thriller|Drama,5.9,130,0.9402,en
267863,Walking on Sunshine,2014,Comedy|Romance,6.239,266,1.104,en
276488,Let Us Prey,2014,Thriller|Horror,5.735,362,1.1377,en
293021,The House That Never Dies,2014,Drama|Horror|Romance|Mystery,4.6,15,1.0964,zh
215211,Grace of Monaco,2014,Romance|Drama,6.004,626,1.3854,en
246860,Clouds of Sils Maria,2014,Drama,6.595,813,1.1449,en
171846,Killers,2014,Crime|Thriller|Action,6.4,124,1.4063,ja
266044,Amour Fou,2014,Drama|Comedy|Romance,6.5,48,2.2859,de
293310,Citizenfour,2014,Documentary,7.736,1413,1.0702,en
267579,The Ardor,2014,Western|Drama,4.8,39,1.9578,es
206296,The Last Five Years,2014,Comedy|Drama|Music|Romance,5.9,349,0.9489,en
325592,Camp Belvidere,2014,Romance|Drama,6.477,44,1.0944,en
289239,Mostly Ghostly: Have You Met My Ghoulfriend?,2014,Family|Fantasy|Horror,5.603,73,1.1843,en
271200,Heropanti,2014,Romance|Action,5.664,70,0.8924,hi
239103,Run Boy Run,2014,Drama|War|History,7.1,198,0.9689,de
270593,How Old Are You,2014,Drama|Family,6.6,18,1.3186,ml
273645,Manhole,2014,Horror|Thriller,5.7,53,0.984,ko
258193,Alien Abduction,2014,Horror|Science Fiction|Thriller,5.888,410,1.3671,en
267458,3 A.M. Part 2,2014,Thriller|Horror,5.0,14,1.0722,th
296902,Vellimoonga,2014,Comedy|Romance,7.453,32,1.2534,ml
282058,My Brilliant Life,2014,Drama,7.4,37,1.1611,ko
256766,Heavenly Sword,2014,Adventure|Action|Animation|Fantasy,6.3,108,2.1196,en
285650,Pretty Cure All Stars New Stage 3: Eternal Friends,2014,Animation|Action|Fantasy|Comedy|Adventure|Family,7.458,12,1.0344,ja
312408,Gone with the Bullets,2014,Adventure|Comedy|Drama|Action,5.87,73,0.9012,zh
301201,Cam Girl,2014,Drama|Comedy,4.5,37,2.0318,it
298026,Reaper,2014,Science Fiction|Crime|Horror,5.484,64,0.9973,en
261036,Match,2014,Comedy|Drama,5.8,55,1.9079,en
298504,Vampire Sisters 2: Bats in the Belly,2014,Adventure|Comedy|Family|Fantasy,7.119,118,1.0576,de
124470,Exists,2014,Horror,5.539,387,1.1652,en
253287,We'll Never Have Paris,2014,Comedy|Romance,4.8,104,0.9242,en
270724,The Breakup Guru,2014,Romance|Comedy,4.219,32,0.9335,zh
256930,KANO,2014,Drama|History,7.0,38,1.1446,ja
276901,Mall,2014,Drama,4.643,70,1.961,en
285838,Teen Lust,2014,Comedy|Horror,4.7,80,0.9979,en
245700,Mr. Turner,2014,History|Drama,6.541,585,1.0777,en
157823,Night Moves,2014,Thriller|Drama,5.862,366,0.8811,en
267999,White God,2014,Drama,6.6,367,0.897,hu
251232,Copenhagen,2014,Adventure|Romance|Drama,6.563,215,1.2747,en
242076,The Bag Man,2014,Crime|Drama|Thriller,5.326,377,1.1617,en
245685,Postman Pat: The Movie,2014,Animation|Comedy|Family,5.2,53,0.9653,en
270851,Blood Lake: Attack of the Killer Lampreys,2014,Horror|Thriller|TV Movie,4.7,88,0.8741,en
114750,Dear White People,2014,Comedy|Drama,6.093,480,1.026,en
314285,Antboy: Revenge of the Red Fury,2014,Adventure|Comedy|Family|Fantasy,6.4,71,1.2067,da
267283,My Gal Sunday,2014,TV Movie|Mystery,6.4,18,1.0004,en
273641,Jackass Presents: Bad Grandpa .5,2014,Comedy,5.92,274,1.4651,en
256476,Walking with the Enemy,2014,Action|Drama|History|War,6.342,73,1.1076,en
171910,I Am Divine,2014,Documentary,7.315,92,0.8781,en
317182,Doctor Who: Last Christmas,2014,Science Fiction|Adventure|Drama,7.7,256,0.9828,en
275094,Leading Lady,2014,Drama|Comedy|Romance,5.4,29,1.2229,en
308165,Action Jackson,2014,Action|Thriller,4.3,42,0.8466,hi
292264,I Just Wanna Hug You,2014,Drama|Romance,6.66,25,1.0377,ja
448441,Sekaiichi Hatsukoi Movie,2014,Animation|Romance|Drama|Comedy,6.7,31,1.0028,ja
282116,Belgian Rhapsody,2014,Comedy|Romance,5.107,14,1.0831,nl
405465,Carcinoma,2014,Horror|Drama,5.29,31,0.9734,de
276601,The Secret Sex Life of a Single Mom,2014,Drama|Mystery|Romance|TV Movie,5.0,30,1.365,en
239562,The Single Moms Club,2014,Drama|Comedy,5.997,175,1.1003,en
286189,The Radiator Springs 500½,2014,Animation|Family|Comedy,6.3,95,0.9181,en
257117,Blood Punch,2014,Horror|Thriller,6.38,138,1.1609,en
258755,Hidden Away,2014,Drama|Romance,7.469,175,0.9356,es
248543,Good Luck,2014,Drama,7.3,43,0.9622,pt
199925,Over Your Dead Body,2014,Horror,6.0,62,1.0201,ja
254005,Land of Storms,2014,Drama,6.327,84,1.3652,hu
231576,Wish I Was Here,2014,Drama|Comedy,6.541,779,1.0662,en
257245,East Side Sushi,2014,Drama,6.715,79,0.9825,en
294222,Mantervention,2014,Romance|Comedy,4.7,25,0.8717,en
278347,It's Entertainment,2014,Comedy,4.831,71,0.8921,hi
280913,The Teacher's Diary,2014,Drama|Romance,7.55,50,0.8755,th
157829,The Disappearance of Eleanor Rigby: Them,2014,Drama,6.151,311,0.947,en
256103,Night Flight,2014,Drama,6.9,48,1.0587,ko
286875,Paper Planes,2014,Comedy|Family|Drama,5.992,129,1.1432,en
216769,Swindle,2014,Comedy|Crime|TV Movie,7.023,243,1.4229,en
214075,Words and Pictures,2014,Comedy|Drama|Romance,6.4,241,1.029,en
216580,Savaged,2014,Action|Drama|Horror|Thriller,6.611,221,0.978,en
304336,Lap Dance,2014,Drama,4.2,79,1.2661,en
269340,The Fatal Encounter,2014,Action|History,7.2,59,1.0147,ko
267463,The 10 Year Plan,2014,Romance|Comedy,6.761,303,0.7664,en
300433,The Con Artists,2014,Action|Crime|Drama,6.887,97,1.1186,ko
253295,Manny,2014,Documentary|Drama,6.386,66,0.9357,en
277806,Say 'I Love You',2014,Drama|Romance,6.832,110,0.8601,ja
251321,Aloft,2014,Drama,5.3,137,0.845,en
283564,SlugTerra: Return of the Elementals,2014,Family|Animation|Adventure,6.986,352,0.9099,en
245775,Yves Saint Laurent,2014,Drama,6.619,920,0.7917,fr
146243,Haunt,2014,Horror,5.3,251,0.9857,en
313263,Tokyo Slaves,2014,Mystery|Horror,5.1,11,1.085,ja
244783,Song One,2014,Drama,5.723,244,0.8553,en
265169,Winter Sleep,2014,Drama,7.515,623,1.6799,tr
307650,Tom and Jerry Santa's Little Helpers,2014,Animation|Comedy|Family,5.9,20,0.8713,en
280612,Genome Hazard,2014,Thriller|Drama,6.8,38,1.1699,ko
284166,For Better or For Worse,2014,Romance|Family|Comedy|TV Movie,5.7,41,1.0757,en
253312,Space Station 76,2014,Drama|Comedy|Science Fiction,4.846,241,0.8644,en
199575,These Final Hours,2014,Science Fiction|Drama|Thriller,6.464,612,1.3381,en
276122,A Brony Tale,2014,Documentary,5.7,23,0.9737,en
296633,The Whistleblower,2014,Drama,7.222,27,0.9041,ko
298614,Do Not Disturb,2014,Comedy,5.3,379,0.8815,fr
293299,Feast,2014,Animation|Comedy|Drama|Family,7.8,902,1.0834,en
253454,The Snow White Murder Case,2014,Drama|Mystery|Thriller,6.435,62,1.0057,ja
288788,But Always,2014,Drama|Romance,5.975,20,0.9117,cn
273187,The Scarehouse,2014,Thriller|Horror,4.4,55,0.8072,en
188839,Aftermath,2014,Thriller|Drama,4.741,58,0.98,en
245844,Blind,2014,Drama,6.266,235,0.858,no
199739,Ratatoing,2014,Family|Animation|Comedy,2.662,68,0.9839,pt
287771,Our Family,2014,Drama,7.2,11,1.0148,ja
110402,Hard to Be a God,2014,Drama|Science Fiction,6.5,165,0.852,ru
295050,#Stuck,2014,Comedy|Drama|Romance,5.7,35,1.9361,en
284278,Dearest,2014,Drama,7.132,68,0.9679,zh
300498,Set Me Free,2014,Drama,7.1,18,0.902,ko
312100,Elf: Buddy's Musical Christmas,2014,Animation|Family|Fantasy|TV Movie|Comedy,5.297,37,0.9094,en
292828,D@bbe: Curse of the Jinn,2014,Horror|Thriller|Fantasy,5.4,59,1.0211,tr
293982,Warsaw 44,2014,Drama|History|War,6.706,286,1.1845,pl
248774,Obvious Child,2014,Comedy|Romance,6.497,460,0.897,en
284284,The Keeping Room,2014,Western|Drama|Thriller,5.791,225,0.7524,en
253254,Before I Disappear,2014,Drama,6.713,190,1.0151,en
384205,The Gift,2014,Romance|Drama,6.0,10,2.0461,en
249772,1: Nenokkadine,2014,Action|Thriller|Mystery,6.646,96,1.0092,te
260202,Turks & Caicos,2014,Thriller|Drama|Action|Mystery,6.301,158,0.9312,en
197696,Welcome to New York,2014,Drama,5.1,136,0.9107,en
527056,Legal High 2 SP,2014,Drama|Comedy|TV Movie,7.3,25,0.8192,ja
301825,Bibi & Tina: Bewildered and Bewitched,2014,Adventure|Family,6.189,66,0.8972,de
264525,The Perfect Dictatorship,2014,Drama|Comedy,7.399,208,1.02,es
275619,Age of Tomorrow,2014,Thriller|Science Fiction|Action,2.944,71,0.9018,en
265602,Zoe Gone,2014,Crime|Mystery|Drama|TV Movie,6.4,24,2.1597,en
285043,Break Up 100,2014,Comedy|Romance,6.3,12,1.0058,cn
236735,Marshland,2014,Crime|Mystery|Thriller,7.035,1052,1.0289,es
192142,The Better Angels,2014,Drama|History,6.222,44,0.9975,en
298093,Poker Night,2014,Thriller|Action|Crime|Horror,5.893,225,1.1452,en
250766,Life Itself,2014,Documentary,7.515,370,0.8461,en
248601,Bibi & Tina,2014,Adventure|Family,6.516,95,0.841,de
297702,Gutshot Straight,2014,Thriller,4.144,66,0.8827,en
264264,The Crossing I,2014,Drama,5.643,42,1.1082,zh
242166,Red Sky,2014,Action|Thriller,4.4,71,1.0916,en
253306,Housebound,2014,Horror|Comedy|Thriller,6.6,914,1.0279,en
206821,The Longest Week,2014,Comedy|Drama,5.133,309,1.0469,en
294308,Don't Blink,2014,Horror,4.868,200,0.8702,en
233564,Dumbbells,2014,Comedy,4.258,31,1.9167,en
200511,7 Minutes,2014,Crime|Drama|Thriller,5.3,130,1.0715,en
282728,A Fairly Odd Summer,2014,Fantasy|Comedy|Animation|Family|TV Movie,5.638,80,0.8701,en
391402,The Hatching,2014,Comedy|Horror|Science Fiction,4.6,29,0.9748,en
268171,Elsa & Fred,2014,Drama|Comedy|Romance,6.0,97,1.0267,en
273197,The Great Hypnotist,2014,Thriller|Drama|Mystery,6.703,101,0.8827,zh
295887,Beethoven's Treasure Tail,2014,Family|Comedy|Adventure|Action,5.689,98,1.0179,en
285869,Wet Bum,2014,Drama,6.7,10,1.9874,en
258750,Gun Woman,2014,Thriller|Action,5.0,130,1.2018,ja
323162,Playing Doctor,2014,Romance|Comedy,5.9,80,2.095,de
303281,Happy Ending,2014,Comedy,5.3,35,1.1488,hi
248212,Lilting,2014,Drama,6.9,127,0.9376,en
269173,The Anomaly,2014,Thriller|Action|Science Fiction,4.957,349,0.9265,en
215379,Young Ones,2014,Western|Action|Drama|Science Fiction,5.724,332,1.2996,en
259543,The 13th Unit,2014,Thriller|Horror|Science Fiction,3.711,19,0.7942,en
264273,Broken,2014,Action|Crime|Drama,7.073,62,0.9585,ko
284754,Lyle,2014,Drama|Horror,4.2,18,2.0148,en
259720,2 States,2014,Comedy|Romance|Drama,6.55,160,0.865,hi
305276,Tell,2014,Drama|Action|Crime,5.635,52,0.8636,en
314062,The Snow Queen,2014,Family|Fantasy,5.9,10,0.9507,de
287509,Tokyo Fiancée,2014,Romance,6.245,106,1.9335,fr
306650,Kajaki,2014,Thriller|War|Adventure|Drama,6.6,315,1.7389,en
287301,Summertime,2014,Comedy,4.8,19,1.2373,fi
283017,Trick the Movie: Last Stage,2014,Mystery|Comedy,7.5,23,0.9134,ja
297186,Fatal Frame,2014,Horror,6.0,51,1.0047,ja
254781,The Plan Man,2014,Comedy,7.0,35,0.902,ko
293476,The Hole,2014,Comedy,5.2,37,1.6782,it
289891,Jackie & Ryan,2014,Drama,5.9,146,1.8789,en
283727,Blue Spring Ride,2014,Romance|Drama,6.675,63,0.93,ja
299244,Slow Video,2014,Comedy|Drama,7.0,21,0.8598,ko
252360,In the Name of the King III,2014,Action|Adventure|Drama|Fantasy,3.879,87,0.9829,en
289033,Listen,2014,Drama,7.273,11,0.9422,da
327923,The Michaels,2014,Romance|TV Movie|Comedy,6.1,15,1.6336,en
225044,Like Sunday  Like Rain,2014,Drama|Music,7.3,116,0.7626,en
217057,The Hero of Color City,2014,Animation,5.371,31,0.9268,en
287495,Labyrinth of Lies,2014,Drama|History,7.184,602,0.7489,de
252841,Highway,2014,Drama|Romance|Crime,7.2,184,0.855,hi
245855,Difret,2014,Drama,6.308,60,0.866,am
254772,Two Men in Town,2014,Crime|Drama,5.489,91,0.7902,en
192149,The Two Faces of January,2014,Thriller,5.844,734,0.9927,en
110390,A Pigeon Sat on a Branch Reflecting on Existence,2014,Drama|Comedy|Fantasy,6.8,493,0.9292,sv
268660,Bangalore Days,2014,Drama|Family|Romance,7.615,135,1.0632,ml
256316,Tabloid Truth,2014,Thriller|Crime|Mystery,6.105,38,1.0664,ko
270014,That Lovely Girl,2014,Drama,4.773,11,0.6965,he
287935,Midnight Sun,2014,Family|Adventure,5.859,92,0.9113,en
289151,Get Well Soon,2014,Comedy,5.356,142,0.7839,fr
214137,The Man Who Saved the World,2014,Documentary|History|War,6.842,57,0.9399,da
214314,Bears,2014,Documentary,7.381,176,0.9698,en
284301,Revivre,2014,Drama,5.9,17,0.8256,ko
276909,Deepsea Challenge 3D,2014,Documentary,6.61,59,0.8602,en
267457,That Burning Feeling,2014,Drama|Comedy,5.0,26,0.9257,en
261768,Lullaby,2014,Drama,6.1,58,0.8853,en
309049,We Still Kill the Old Way,2014,Crime,6.024,83,1.0392,en
263627,Lucky in Love,2014,Comedy|Drama|TV Movie,5.8,37,0.6689,en
288846,Inside 'Inside Llewyn Davis',2014,Documentary,6.7,13,1.092,en
279988,Extinction,2014,Thriller|Adventure,3.8,47,1.0485,en
285387,Colt 45,2014,Drama|Thriller|Action|Crime,5.666,178,0.8415,fr
248231,Miraculum,2014,Drama,5.038,26,0.823,fr
320412,Camp Massacre,2014,Horror|Comedy,2.3,10,0.8632,en
250349,Barbecue,2014,Comedy,5.8,735,0.9024,fr
292625,The Swimmers,2014,Drama|Horror|Thriller,6.204,54,0.907,th
254263,The Swan Princess: A Royal Family Tale,2014,Family|Animation|Fantasy,5.705,44,0.9922,en
266102,Desert Dancer,2014,Drama|Music,6.9,51,0.7737,en
256092,Drive Hard,2014,Action|Comedy|Crime,4.259,143,0.9367,en
285135,Zodiac,2014,Science Fiction|TV Movie,3.9,97,0.708,en
283700,Pasolini,2014,History|Drama,5.657,235,0.9673,it
186975,Norte  the End of History,2014,Crime|Drama,7.4,63,0.8116,tl
314087,Time Trip App,2014,Science Fiction|Drama,6.0,13,1.0092,ja
257447,Tapped Out,2014,Action|Drama,5.645,62,0.9462,en
270842,Tiny Times 3,2014,Romance|Drama,3.8,43,0.7701,zh
312526,Alien Outpost,2014,Thriller|Action|Science Fiction,5.022,255,1.0809,en
265193,Still the Water,2014,Drama|Romance,6.8,106,0.7965,ja
250657,Fed Up,2014,Documentary,7.311,257,0.6086,en
254526,The Midnight After,2014,Comedy|Mystery|Science Fiction|Thriller|Horror,5.76,73,0.7295,cn
291492,A Record of Sweet Murder,2014,Horror|Thriller|Crime,6.5,27,0.8406,ja
274795,All-Round Appraiser Q: The Eyes of Mona Lisa,2014,Fantasy|Mystery,5.9,14,0.7467,ja
281298,The Divine Move,2014,Action|Crime,6.7,104,1.0732,ko
258435,Paris Follies,2014,Comedy,5.907,43,1.4686,fr
284286,Learning to Drive,2014,Drama|Comedy,6.18,208,1.0522,en
251852,The Scribbler,2014,Thriller,5.111,184,0.8566,en
278545,Puzzle,2014,Horror|Thriller,6.794,34,1.0381,ja
268245,1000 to 1,2014,Drama,6.021,48,0.8694,en
172390,Tom Sawyer & Huckleberry Finn,2014,Family|Action|Adventure|Drama,5.526,38,0.7056,en
287018,The Powerpuff Girls: Dance Pantsed,2014,Family|TV Movie|Animation|Action|Comedy|Science Fiction|Adventure,6.1,17,0.7899,en
177047,Decoding Annie Parker,2014,Drama,6.0,90,0.8995,en
309028,Midnight Diner,2014,Drama,7.636,66,0.8843,ja
274820,4 Minute Mile,2014,Drama,5.925,87,0.7708,en
277095,Cross Road,2014,Animation,6.3,91,0.9017,ja
292821,Thomas & Friends: Tale of the Brave,2014,Animation|Family,6.3,18,1.2234,en
228108,The Road Within,2014,Comedy|Drama,6.84,403,0.8156,en
290599,The Man Cave,2014,Comedy,5.688,125,1.7079,de
234088,Nuigulumar Z,2014,Horror|Comedy|Action,4.5,10,1.9215,ja
304458,WWE: Macho Man - The Randy Savage Story,2014,Documentary,7.6,17,1.0583,en
279186,0.5 mm,2014,Drama,7.4,40,1.208,ja
281524,The Hooligan Factory,2014,Comedy,5.3,29,0.8217,en
282907,Murderer,2014,Crime|Thriller,4.4,12,0.7421,ko
287703,Café. Waiting. Love,2014,Comedy|Romance|Fantasy,6.4,44,0.7178,zh
325602,Somewhere Else Tomorrow,2014,Documentary,7.0,16,0.3645,de
284135,Hill of Freedom,2014,Drama,6.646,72,0.8278,ko
277653,My Mother's Future Husband,2014,Family|Romance|Comedy|TV Movie,5.7,14,0.8075,en
279967,Dead Within,2014,Drama|Horror|Thriller,3.8,43,0.9319,en
274804,Monsterz,2014,Science Fiction|Thriller,5.7,25,0.679,ja
390105,Marlon Brando: An Actor Named Desire,2014,Documentary|TV Movie,7.2,16,0.937,fr
261101,Cantinflas,2014,Drama,6.533,122,0.8124,es
307710,Family Business,2014,Comedy|TV Movie,5.75,12,0.9177,fr
287415,Free Fall,2014,Thriller,4.6,72,1.2015,en
278769,Bamse and the Thief City,2014,Animation|Family|Comedy,5.9,16,1.0746,sv
1016414,Street Fighter: Assassin's Fist The Movie,2014,Adventure|Action,7.246,61,0.8366,en
279992,Lost Soul: The Doomed Journey of Richard Stanley's Island of Dr. Moreau,2014,Documentary,6.68,122,0.806,en
336775,All-Stars,2014,Comedy,6.5,25,0.6295,en
267962,Happiness Charge Precure! the Movie: Ballerina of the Doll Kingdom,2014,Animation|Action|Fantasy|Comedy|Family|Adventure,7.136,11,0.8759,ja
314555,Melody,2014,Drama,5.8,15,1.927,fr
276401,The Disappearance of Eleanor Rigby: Him,2014,Drama|Romance,6.675,251,0.9295,en
272160,My Man Is a Loser,2014,Comedy,4.2,36,0.8402,en
259956,About Alex,2014,Comedy|Drama,6.102,163,1.0343,en
255476,Dakota's Summer,2014,Family,6.4,55,0.7889,en
253333,Soul Boys of the Western World,2014,Documentary|Music,5.813,24,0.6802,en
375211,Marvel Knights: Eternals,2014,Animation,6.7,37,0.7921,en
209271,Hateship Loveship,2014,Drama,5.8,154,0.8756,en
283237,Pudsey the Dog: The Movie,2014,Adventure|Comedy|Family,5.3,29,0.8598,en
281506,An American Girl: Isabelle Dances Into the Spotlight,2014,Family|Drama,6.156,16,0.7275,en
282297,Cowspiracy: The Sustainability Secret,2014,Documentary,7.619,520,0.9044,en
236737,Spanish Affair,2014,Comedy|Romance,6.651,674,0.7918,es
291540,Why Horror?,2014,Documentary|Horror,5.9,24,1.7733,en
287587,Adult Beginners,2014,Comedy|Drama,5.4,204,0.8643,en
282153,How to Steal a Dog,2014,Family|Drama|Comedy,7.2,20,0.8368,ko
280948,Madras,2014,Drama|Action,7.8,35,0.7237,ta
247182,The Kid,2014,Drama|Thriller,6.455,264,0.9951,es
248933,The Dark Valley,2014,Drama|Thriller,7.04,424,0.9944,de
180850,Lucky Bastard,2014,Crime|Drama|Horror|Thriller,4.2,35,1.3804,en
293880,Hollidaysburg,2014,Comedy,5.5,29,0.8605,en
264085,Bhoothnath Returns,2014,Comedy|Drama|Fantasy,6.347,88,0.8036,hi
279171,Outlaw Prophet: Warren Jeffs,2014,Drama|Crime|TV Movie,6.0,41,0.7296,en
285803,Singham Returns,2014,Action,6.1,131,0.7693,hi
256057,Güeros,2014,Drama|Comedy,7.547,161,0.863,es
214140,McCanick,2014,Crime|Drama|Thriller,4.552,48,0.8303,en
287778,The Light Shines Only There,2014,Drama,6.3,20,0.9041,ja
256690,Ribbit,2014,Animation|Comedy|Family|Adventure,4.5,31,1.0785,en
243526,Faults,2014,Drama|Comedy|Crime,6.664,258,0.8952,en
283384,The Calling,2014,Thriller,5.882,224,0.9322,en
242022,The Inbetweeners 2,2014,Comedy,6.098,536,0.7731,en
250230,The Cut,2014,History|Drama,5.895,105,0.7653,en
314041,Kicking Out Shoshana,2014,Comedy|Romance,4.9,21,0.7305,he
249766,Wake Up  Girls! - Seven Idols,2014,Animation|Music|Comedy|Drama,6.154,13,0.8038,ja
298095,Desiree,2014,Thriller|Crime|Drama,6.3,13,0.8771,en
325496,Unexpected,2014,Drama|Romance|TV Movie,5.8,35,0.7433,de
287637,Tigers,2014,Drama|Thriller,7.1,23,1.7785,hi
209269,Felony,2014,Mystery|Thriller|Crime,5.723,191,0.8425,en
253622,That Demon Within,2014,Action|Horror,5.6,78,0.7874,cn
201419,Code Black,2014,Documentary,6.8,22,0.8064,en
304441,Pants on Fire,2014,Comedy|Family,5.681,83,0.7889,en
278771,Infliction,2014,Drama|Horror,3.688,16,0.8112,en
258380,Status: Unknown,2014,Mystery|Thriller|Crime|TV Movie,4.1,10,0.9727,en
289153,Sex  Love & Therapy,2014,Comedy|Romance,5.441,304,0.8068,fr
249616,The Virginian,2014,Western,4.725,20,0.9883,en
332506,I Fine..Thank You Love You,2014,Comedy|Romance,7.0,44,0.8183,th
293491,Raspberry Boat Refugee,2014,Comedy|Romance,5.0,20,1.4629,sv
307172,Santa Hunters,2014,Family|Comedy|Fantasy|TV Movie,6.722,27,0.7441,en
371507,Locust,2014,Crime|Drama|Thriller,5.7,50,0.8534,ru
270913,Hungry Ghost Ritual,2014,Horror,5.7,13,0.9497,cn
288980,Freedom,2014,Drama|Music,5.5,27,0.8252,en
267428,Buttwhistle,2014,Mystery|Romance|Comedy|Crime|Drama,3.9,14,0.859,en
323666,Living Still Life,2014,Science Fiction,6.214,28,0.8791,fr
259963,Boulevard,2014,Drama,5.755,286,0.8828,en
263484,Robot Chicken DC Comics Special II: Villains in Paradise,2014,Animation|Comedy|Science Fiction,6.8,34,0.8472,en
152736,Child of God,2014,Crime|Drama|Thriller,4.8,92,0.8476,en
281418,The Lookalike,2014,Thriller|Crime|Drama,5.0,63,1.7983,en
284280,The Gate,2014,Drama,6.0,15,0.7857,fr
227359,Force of Execution,2014,Action|Crime,4.6,98,0.8116,en
291460,Lost in the White City,2014,Drama,4.2,15,0.9227,en
289510,The Blue Elephant,2014,Thriller|Drama|Mystery,6.99,102,0.8518,ar
294483,The King's Surrender,2014,Drama|Crime|Thriller,6.2,26,0.8894,de
255302,Beijing Love Story,2014,Drama|Romance,6.8,11,1.1179,zh
308264,Fleet of Time,2014,Romance|Drama,5.8,20,0.7486,zh
259453,I Am Soldier,2014,Action|Thriller|War,5.048,83,0.8561,en
284300,The Golden Era,2014,History|Drama|Romance,6.7,52,0.8031,zh
254193,Late Phases,2014,Horror|Thriller,6.037,272,0.6044,en
284152,Confession,2014,Drama|Crime|Thriller,6.69,42,0.6813,ko
254166,Stratos,2014,Crime|Drama,6.833,42,0.5709,el
244268,Love Is Strange,2014,Drama,6.3,308,0.8394,en
244237,Jai Ho,2014,Action|Drama,5.021,97,0.8511,hi
255615,River of Fundament,2014,Drama|Fantasy,5.9,18,0.9625,en
244562,Jamie Marks Is Dead,2014,Drama|Thriller,5.5,112,0.7529,en
259837,Maan Karate,2014,Romance,4.825,20,1.0506,ta
404531,Suicide,2014,Thriller|Action|Crime,6.1,17,0.6736,he
261814,Super Duper Alice Cooper,2014,Documentary|Music,7.1,31,0.6348,en
80920,Repentance,2014,Horror|Thriller,4.8,67,0.7629,en
290304,21 Years: Richard Linklater,2014,Documentary,6.3,38,0.851,en
256080,Red Krokodil,2014,Horror,5.1,11,0.6425,en
260030,Killer Mermaid,2014,Horror|Fantasy,4.3,88,0.9137,sr
284711,Sharktopus vs. Pteracuda,2014,Horror|Science Fiction|TV Movie,4.0,88,0.944,en
279049,Samurai Hustle,2014,History|Comedy,6.8,16,0.7436,ja
250668,Rich Hill,2014,Documentary,6.913,75,1.0073,en
257160,Ohm Shanthi Oshaana,2014,Comedy|Romance,7.2,54,0.8679,ml
251736,Listen Up Philip,2014,Comedy|Drama,5.861,155,0.6273,en
264905,Judge!,2014,Comedy,7.2,23,0.6803,ja
277368,Nicholas on Holiday,2014,Family|Comedy,5.4,476,1.0979,fr
291154,Daawat-e-Ishq,2014,Drama|Romance|Comedy,6.9,62,0.9926,hi
341041,Clover,2014,Comedy|Romance,7.191,47,0.7829,ja
287954,Lolita from Interstellar Space,2014,Comedy,5.0,15,1.1868,en
220471,The Devil's Hand,2014,Horror|Thriller,5.201,152,0.8202,en
299117,12 Citizens,2014,Drama|Crime,7.3,53,0.8548,zh
260001,Life Partners,2014,Romance|Comedy,5.779,242,0.7538,en
286407,Mission Blue,2014,Documentary,7.433,45,1.051,en
147778,Showrunners: The Art of Running a TV Show,2014,Documentary,6.43,50,0.8348,en
242555,Holidaze,2014,Romance|Family|Drama|TV Movie,5.3,44,1.7216,en
347520,The After,2014,Drama|Fantasy|Mystery,6.779,34,1.5768,en
255491,Authors Anonymous,2014,Comedy,4.6,58,0.7874,en
283686,Out of the Dark,2014,Thriller|Horror,5.1,174,0.7684,en
314283,A Perfect Christmas List,2014,Comedy|Drama|Family|TV Movie,5.3,47,0.8442,en
305091,That Sugar Film,2014,Documentary,6.848,230,0.844,en
253154,Imperial Dreams,2014,Drama,6.55,169,0.899,en
298078,Ruined Heart: Another Lovestory Between a Criminal & a Whore,2014,Crime|Music|Romance,6.1,16,0.6956,tl
291199,The Ignorance of Blood,2014,Thriller,3.6,11,0.5776,es
264420,Perfect Obedience,2014,Drama,6.491,54,1.4327,es
299585,Mr. Miracle,2014,Drama|Family|TV Movie,5.386,22,0.7683,en
254188,At the Devil's Door,2014,Horror,4.757,263,0.6854,en
299513,Drumline: A New Beat,2014,Music|Comedy|Drama|TV Movie,6.871,116,0.9883,en
308420,Late Spring,2014,Drama|Romance,5.8,12,1.1055,ko
312167,Merry Ex-Mas,2014,Comedy|Drama|Family|TV Movie,3.8,16,0.707,en
303680,No Touching at All,2014,Drama|Romance,5.7,33,0.7849,ja
253283,Take Care,2014,Drama|Comedy|Romance,6.041,73,0.9008,en
298664,Magician: The Astonishing Life and Work of Orson Welles,2014,Documentary,6.529,35,0.7379,en
264397,The Incident,2014,Thriller|Science Fiction,6.889,184,0.7859,es
289449,Old Boys: The Way of the Dragon,2014,Action|Comedy,4.8,14,0.6218,zh
174337,The Pretty One,2014,Comedy|Drama,6.09,256,0.7712,en
298830,The Dorm,2014,Horror|Thriller|TV Movie|Mystery,4.3,27,0.7762,en
263475,Kaththi,2014,Action|Drama,7.215,107,0.9728,ta
284621,Girls,2014,Comedy|Romance,5.4,19,0.7509,zh
267046,Kikaider Reboot,2014,Action|Adventure|Science Fiction,6.8,13,0.848,ja
276496,The Dark Horse,2014,Drama|History,6.284,146,0.5642,en
303623,Hello Ladies: The Movie,2014,Comedy|TV Movie,6.444,162,0.5954,en
274902,Keeping Rosy,2014,Thriller,5.4,19,1.6617,en
230779,Cesar Chavez,2014,Drama,6.21,69,0.5662,en
254200,A Second Chance,2014,Thriller|Drama,6.587,166,0.6464,da
278258,Anjaan,2014,Action|Thriller|Crime,5.6,49,0.829,ta
300778,Garage Sale Mystery: All That Glitters,2014,Mystery|Family|TV Movie,6.594,48,0.8086,en
283322,The Dead Lands,2014,Adventure|Action,6.055,119,0.7932,mi
290753,Lighthouse,2014,Mystery|Thriller|TV Movie,4.9,17,1.5632,en
287630,The Vanished Elephant,2014,Mystery|Thriller,6.0,10,0.6038,es
285843,October Gale,2014,Thriller|Drama|Romance,5.0,71,1.563,en
334495,The Barkley Marathons: The Race That Eats Its Young,2014,Documentary|History,7.418,116,0.6428,en
298966,Pickaxe,2014,Horror,4.3,11,0.6343,en
297544,Age of Ice,2014,Adventure|Science Fiction,3.852,64,0.6791,en
287322,Blackbird,2014,Drama,5.6,35,0.6313,en
301056,Enchanted Kingdom,2014,Documentary,6.3,30,0.7924,en
295709,Lady Maiko,2014,Comedy|Drama|Music,7.2,11,0.6201,ja
303224,My Pretend Girlfriend,2014,Romance|Drama,5.7,18,0.5572,ja
282346,Hate Story 2,2014,Drama|Thriller,4.409,33,0.9687,hi
308571,Bill Burr: I'm Sorry You Feel That Way,2014,Comedy,7.695,182,0.7032,en
261359,Three Days in Havana,2014,Crime|Comedy,4.5,12,0.4291,en
257521,Persecuted,2014,Action|Drama|Adventure|Thriller,4.3,27,0.7251,en
301730,Turkey Shoot,2014,Action,4.2,29,0.7364,en
295715,Snow on The Blades,2014,History|Action|Drama,6.7,15,0.6069,ja
246594,Mega Shark vs. Mecha Shark,2014,Action|Science Fiction|Thriller,4.015,133,1.0257,en
308471,Ushijima the Loan Shark Part 2,2014,Drama,7.2,11,0.6605,ja
260372,Bermuda Tentacles,2014,Science Fiction,3.891,78,0.6717,en
295485,Summer,2014,Drama,4.7,13,0.673,nl
272687,Gyeongju,2014,Drama|Romance,7.2,23,0.6404,ko
287486,The Grump,2014,Comedy|Drama,6.625,48,0.6235,fi
298307,Dot 2 Dot,2014,Drama|Romance,6.4,18,0.5802,cn
265019,Preservation,2014,Thriller|Horror,4.892,195,0.7752,en
282296,My Old Lady,2014,Romance|Comedy|Drama,6.213,286,0.6422,en
268618,Life in a Fishbowl,2014,Drama,6.31,29,1.7096,is
244563,Kumiko  the Treasure Hunter,2014,Drama,6.593,295,0.6655,en
247383,Ohne Dich,2014,Drama|Thriller,3.5,10,0.6085,de
269100,Video Games: The Movie,2014,Documentary,6.14,235,0.6132,en
292985,The Story of Frozen: Making a Disney Animated Classic,2014,Documentary,7.9,33,0.5834,en
267481,Kitchen in Paris,2014,Comedy|Romance,6.62,92,0.7427,ru
254012,Venus Talk,2014,Comedy|Drama,5.8,13,0.8731,ko
321192,Seven Weeks,2014,Drama,8.1,10,0.5426,ja
290802,Night Will Fall,2014,Documentary,7.598,87,0.9854,en
223706,Boy & the World,2014,Animation|Fantasy|Adventure|Family,7.369,255,0.6007,pt
275420,Bigfoot vs. D.B. Cooper,2014,Horror,2.4,18,0.6253,en
311170,Bugs,2014,Comedy|Horror,2.6,10,0.5535,zh
262840,WolfCop,2014,Horror|Comedy,5.231,232,0.7053,en
255913,Relationship Status: It's Complicated,2014,Romance|Comedy,5.2,198,0.7038,fr
247788,The 7th Dwarf,2014,Family|Fantasy|Animation|Adventure,5.446,92,0.7413,de
297621,There's Always Woodstock,2014,Romance|Comedy|Music,5.1,33,0.7567,en
255190,The Night That Changed America: A Grammy Salute to the Beatles,2014,Music|Documentary|TV Movie,7.1,16,0.893,en
257343,Recep Ivedik 4,2014,Comedy,4.306,142,0.6284,tr
307450,Sexy Warriors,2014,Comedy,5.4,14,0.7139,en
113091,Lust for Love,2014,Comedy|Romance,5.5,39,0.6203,en
291863,Future Shock! The Story of 2000AD,2014,Documentary,6.8,17,0.6537,en
283161,Kahlil Gibran's The Prophet,2014,Animation,7.4,140,0.6693,en
307217,We Are Brothers,2014,Comedy|Drama,6.6,11,0.6525,ko
273886,Holiday,2014,Action|Crime|Thriller,6.339,146,0.7416,hi
94590,Angry Video Game Nerd: The Movie,2014,Science Fiction|Adventure|Comedy|Action,5.281,155,0.679,en
253533,Manam,2014,Comedy|Drama|Fantasy|Family,7.15,60,0.8299,te
262492,Betibú,2014,Crime,5.515,34,0.7139,es
366383,The Blackout,2014,Thriller|Drama,4.9,11,0.599,en
244776,The Sleepwalker,2014,Drama,3.8,18,0.5995,en
315140,Touched,2014,Comedy|Family|Romance|TV Movie,6.2,11,0.8775,en
254304,Jossy's,2014,Science Fiction|Action|Comedy,6.4,28,0.6819,ja
246400,20 000 Days on Earth,2014,Documentary|Drama|Music,7.0,214,0.6266,en
302666,10.0 Earthquake,2014,Drama|Adventure|Action,4.97,132,0.728,en
218275,The Letters,2014,Drama,5.5,27,0.6307,en
261102,The Misfits Club,2014,Romance|Drama|Fantasy|Comedy,6.832,425,0.7888,es
278768,The Cartel,2014,Thriller|Drama,6.119,21,1.6468,da
156597,Stage Fright,2014,Horror,5.351,148,1.6073,en
254011,The Huntresses,2014,Action|Adventure|Comedy,5.7,20,0.8657,ko
253259,Wild Canaries,2014,Comedy|Mystery|Romance,5.1,12,1.4827,en
294644,Invasion,2014,Documentary|History|War,7.3,33,0.7002,es
294811,The Tunnel,2014,Horror|Thriller,5.0,24,0.695,ko
294991,Gangster Payday,2014,Crime|Action|Comedy,6.2,29,0.6033,cn
261818,Glass Chin,2014,Drama|Thriller,5.0,18,1.7782,en
243531,Freezer,2014,Action|Thriller,5.29,124,0.8481,en
286668,A Good Man,2014,Action,4.8,149,0.9122,en
242088,The Trip to Italy,2014,Comedy|Drama,6.34,256,0.7091,en
278837,I Am Steve McQueen,2014,Documentary,6.1,37,0.5725,en
280116,Aranmanai,2014,Horror|Comedy,5.2,22,0.6608,ta
223632,The Galapagos Affair: Satan Came to Eden,2014,Documentary|Mystery|History|Crime,6.5,40,0.7578,en
284270,Cub,2014,Adventure|Horror,5.484,249,1.7981,nl
538255,Mexican Garañon,2014,Comedy,5.7,64,0.9271,es
211065,Proxy,2014,Drama|Horror|Thriller,5.482,112,0.6505,en
297102,Scooby-Doo! Ghastly Goals,2014,Family|Mystery|Animation|Comedy,8.4,85,0.6884,en
301633,Open the Wall,2014,Drama|Comedy,7.3,39,1.6937,de
314065,Altar,2014,Mystery|Horror,4.9,115,1.7019,en
245859,God Help the Girl,2014,Comedy|Drama|Music,6.6,230,0.7343,en
293572,The Houses October Built,2014,Horror|Thriller,4.956,363,0.5277,en
260313,Flowers,2014,Drama,6.9,66,0.6981,eu
262847,The Town That Came A-Courtin',2014,Romance|Comedy|TV Movie,4.4,14,0.7267,en
266034,The Blue Room,2014,Crime|Romance|Thriller,6.032,140,0.7309,fr
315291,Jennifer Lopez: Dance Again,2014,Music|Documentary,7.413,40,0.6878,en
358876,Christmas in Palm Springs,2014,Comedy|TV Movie,5.0,16,0.6672,en
291495,American Burger,2014,Comedy|Horror,3.9,19,0.605,en
293633,Catch Hell,2014,Thriller|Drama,5.124,97,0.6418,en
270005,By the Gun,2014,Crime|Drama|Thriller,4.301,68,0.6889,en
309804,Paper Angels,2014,Drama|TV Movie,5.9,10,0.6954,en
291167,Crystal Skulls,2014,Adventure|Science Fiction|TV Movie|Horror|Fantasy|Mystery,4.885,26,0.8268,en
248934,Beloved Sisters,2014,Romance|Drama|History,5.7,51,0.7757,de
297292,Fashion King,2014,Comedy|Romance,6.7,21,0.7043,ko
288981,Guilty at 17,2014,Drama|TV Movie|Mystery,5.7,12,0.9917,en
290654,Rescuing Madison,2014,Romance|TV Movie,5.9,28,1.7981,en
299576,The Nine Lives of Christmas,2014,TV Movie|Romance|Drama|Comedy,6.7,110,0.7336,en
258805,Bad Johnson,2014,Comedy|Fantasy|Romance,4.586,140,0.9533,en
301872,Saul: The Journey to Damascus,2014,Drama,7.5,22,0.7124,en
289535,Operation Rogue,2014,Action,5.261,23,0.731,en
93550,Drew Peterson: Untouchable,2014,TV Movie|Crime|Drama,5.3,36,0.7505,en
137960,The Discoverers,2014,Comedy,5.0,10,0.7488,en
294690,Saints and Soldiers: The Void,2014,War,5.187,75,0.6788,en
249923,Someone Marry Barry,2014,Comedy,5.604,187,0.6091,en
256546,A Small September Affair,2014,Mystery|Romance,7.0,80,0.7635,tr
299584,Christmas Under Wraps,2014,TV Movie|Romance,5.86,204,0.744,en
243568,Lizzie Borden Took an Ax,2014,Drama|Mystery|Thriller,5.8,154,0.7402,en
295587,Loukyam,2014,Action|Comedy|Romance,5.7,11,1.1074,te
253794,Haunting of the Innocent,2014,Thriller|Horror,3.0,16,0.6646,en
274007,The Color of Rain,2014,TV Movie|Drama,6.394,47,0.6752,en
295723,Kingdom Come,2014,Horror|Mystery,4.6,62,0.6439,en
294093,Dinosaur Island,2014,Adventure|Science Fiction|Family,5.5,139,0.6698,en
251619,Kenau,2014,Adventure|Action|History,6.1,30,0.8389,nl
294651,Pale Moon,2014,Crime|Drama,6.5,34,0.9117,ja
297004,Gurov and Anna,2014,Romance|Drama,4.8,12,0.8252,en
315057,Headfirst,2014,Drama|Comedy,5.1,13,0.6029,fi
274477,Snakehead Swamp,2014,Horror|Science Fiction,4.7,43,0.7346,en
297825,Silver Spoon,2014,Drama|Comedy,6.7,14,0.757,ja
253687,Smart Ass,2014,Comedy|Drama,6.012,295,0.885,fr
252830,Puncture Wounds,2014,Action|Drama,4.6,51,0.6433,en
250572,Break Point,2014,Comedy,5.8,63,0.8408,en
275579,Ex-Files,2014,Romance|Comedy,6.389,18,0.4822,zh
259170,Maldamore,2014,Comedy,5.0,56,1.5739,it
252403,Mr. X,2014,Documentary,6.0,10,0.7068,en
228941,Au revoir l'été,2014,Drama,6.3,20,0.6647,ja
298539,A Belle for Christmas,2014,Family,5.4,25,0.7323,en
262970,Velaiyilla Pattathari,2014,Drama|Comedy|Action,7.514,73,0.963,ta
258651,Violet,2014,Crime|Drama|Family,6.7,17,0.8726,nl
253239,Diplomacy,2014,Drama|History|War,7.0,232,0.662,fr
299359,The Cabining,2014,Thriller|Horror,4.9,14,1.3211,en
240704,Island of Lemurs: Madagascar,2014,Documentary,6.2,34,0.7921,en
267480,The Look of Silence,2014,History|Documentary,7.817,312,0.7881,en
210910,Almost Human,2014,Horror|Science Fiction,4.7,123,0.6084,en
242083,Hits,2014,Drama|Comedy,4.8,51,0.6226,en
282855,Paris of the North,2014,Comedy|Drama,6.0,12,1.7362,is
255279,Hello Babies,2014,Comedy,5.1,12,0.7025,cn
228028,Back in the Day,2014,Comedy,4.8,31,0.547,en
290841,Winx Club: The Mystery of the Abyss,2014,Family|Fantasy|Animation,7.3,99,1.0391,it
274170,Under Milk Wood,2014,Comedy|Drama,6.0,11,0.5262,en
250777,To Be Takei,2014,Documentary,7.247,77,0.8797,en
297905,Sleeping Forest,2014,TV Movie|Mystery|Crime,7.158,19,0.5908,ja
244580,Low Down,2014,Drama|Music,5.5,60,0.9327,en
251577,The Treatment,2014,Crime|Mystery|Thriller,6.93,222,1.7163,nl
297125,Poojai,2014,Action|Drama|Family|Romance,5.4,16,0.6823,ta
239018,A Lesson in Romance,2014,Family|TV Movie,6.088,17,0.549,en
296690,Kill Dil,2014,Action|Drama|Romance,5.2,44,0.8598,hi
293205,Recipe for Love,2014,TV Movie|Drama|Romance,5.9,71,0.6077,en
289984,Winterkartoffelknödel,2014,Comedy|Crime,6.942,129,0.693,de
284470,Atari: Game Over,2014,Documentary,6.609,235,0.5904,en
282983,Magical Girl,2014,Drama|Thriller,7.339,211,0.5828,es
264532,Visitors,2014,Horror,6.6,27,0.4936,es
221667,Saint Laurent,2014,Drama,6.1,301,0.7723,fr
256969,Boys of Abu Ghraib,2014,Drama|War|Thriller,5.486,71,0.7023,en
249053,Famous Five 3,2014,Family|Adventure,6.368,57,0.648,de
244534,Happy Christmas,2014,Comedy|Drama,5.07,178,0.7758,en
380770,Hakuouki: Warrior Spirit of the Blue Sky,2014,Action|Animation|Drama|History,6.3,10,0.6904,ja
267433,NOW: In the Wings on a World Stage,2014,Documentary,6.2,15,0.584,en
167531,Summer Snow,2014,Drama,6.7,12,0.6094,en
256740,Wicked Blood,2014,Action|Drama|Thriller,5.5,99,0.9054,en
249982,Airport 2013,2014,Comedy|TV Movie,6.4,10,0.769,ja
286940,The Boxcar Children,2014,Family|Animation|Adventure,7.729,24,0.5692,en
290300,Peter Pan Live!,2014,Music|Adventure|Family|Fantasy,5.1,48,0.6544,en
266031,Jauja,2014,Western|Drama,6.546,130,0.712,es
265581,Ring Master,2014,Comedy,3.2,11,0.8441,ml
289390,Women Aren't Funny,2014,Comedy|Documentary,5.1,18,0.6417,en
269258,Head Full of Honey,2014,Comedy|Drama,7.256,373,0.5942,de
292191,Bachelor Night,2014,Comedy,3.822,45,0.6181,en
222649,Rosewater,2014,Drama,6.4,193,0.633,en
253272,The Mule,2014,Crime|Comedy|Thriller,6.238,151,0.5844,en
254936,Girltrash: All Night Long,2014,Crime|Drama|Comedy,5.9,41,0.6077,en
339763,The Nurse,2014,Thriller,5.375,16,0.5897,en
209185,The Grand Seduction,2014,Comedy,6.7,361,0.6445,en
275985,The Coed and the Zombie Stoner,2014,Horror|Comedy,3.862,58,0.5707,en
263416,Dead Sea,2014,Action|Horror|Science Fiction,3.513,39,1.544,en
360570,until You come to me.,2014,Music|Science Fiction|Animation,5.6,10,0.3674,ja
288130,A Good Job: Stories of the FDNY,2014,Documentary,5.806,31,0.3693,en
269776,Alleluia,2014,Horror|Drama|Thriller,5.96,125,0.6611,fr
260203,The Cure,2014,Thriller|Action|Science Fiction,4.3,28,0.6562,en
288889,Medicine,2014,Comedy|Drama,5.0,16,0.8204,sv
295748,Coming Soon,2014,Comedy|Drama|Romance,6.645,152,0.608,tr
265347,Chasing Ghosts,2014,Family|Comedy|Drama,6.3,15,0.5103,en
284304,Luna,2014,Drama|Fantasy,6.6,11,0.6105,en
271164,The Song,2014,Music|Romance|Drama,5.5,74,0.6692,en
294413,Aagadu,2014,Action|Comedy|Drama,4.69,21,0.9055,te
254187,Stan Lee's Mighty 7,2014,Science Fiction|Animation|Family,5.7,17,0.5382,en
287422,Gentlemen,2014,Thriller|Drama|Romance,6.48,25,0.6317,sv
283559,One Direction: Where We Are - The Concert Film,2014,Music|Documentary,8.4,169,0.8292,en
265314,Mexican Gangster,2014,Crime|Action,6.5,15,0.7913,es
302324,The Team,2014,Documentary,6.644,66,0.478,de
286817,Anatomy of a Love Seen,2014,Romance|Drama,5.0,128,0.7026,en
299583,The Christmas Shepherd,2014,TV Movie|Romance|Drama,6.0,34,0.69,en
272418,Man from Reno,2014,Mystery|Drama|Crime|Thriller,6.444,45,0.609,en
289225,Love Finds You In Sugarcreek,2014,Drama|TV Movie|Family|Mystery,6.531,49,0.4905,en
256756,Purgatory,2014,Horror|Mystery,4.406,16,1.8694,es
250784,Concerning Violence,2014,Documentary,7.0,19,0.4629,sv
277662,Nightingale,2014,Drama,6.0,53,0.6109,en
309853,Deliha,2014,Family|Comedy|Romance,5.0,87,0.734,tr
298581,Brave Men's Blood,2014,Crime|Thriller|Action|Drama,5.0,12,0.4449,is
292022,After Midnight,2014,Mystery|Thriller,2.7,19,0.8251,en
289171,The Secret of Arkandias,2014,Fantasy|Comedy|Adventure,5.2,110,0.954,fr
256381,Q,2014,Drama,5.8,53,0.8342,en
308686,Signed  Sealed  Delivered for Christmas,2014,Family|TV Movie,6.652,33,0.688,en
277796,Hide and Seek,2014,Drama|Romance,4.7,55,0.5678,en
338789,Chop Shop,2014,Action,5.0,13,0.6211,en
298457,Mafia Millionaires,2014,Crime|Drama,6.1,41,1.7685,it
269711,Johnny Express,2014,Animation|Comedy|Science Fiction,7.4,59,0.7058,ko
209249,The Love Punch,2014,Comedy|Romance|Drama,6.002,466,0.6481,en
253277,Sequoia,2014,Comedy|Drama|Romance,5.8,11,0.566,en
271826,An Eye for Beauty,2014,Drama,3.4,89,0.515,fr
265330,Bad Boys,2014,Documentary,7.7,39,0.4664,en
266442,Iverson,2014,Documentary,7.059,85,0.7914,en
262340,Mrs. Brown's Boys D'Movie,2014,Comedy,5.3,69,0.5969,en
260211,Achmed Saves America,2014,Animation|Comedy,5.3,16,0.5508,en
283671,Jungle Shuffle,2014,Family|Animation|Adventure,5.028,18,0.602,en
288818,Throwdown,2014,Thriller|Action,3.2,14,0.6558,en
291157,Khoobsurat,2014,Comedy|Romance,6.598,127,0.542,hi
225285,Blackwood,2014,Thriller|Horror,6.0,47,0.6812,en
273511,Ghost of Goodnight Lane,2014,Horror|Comedy,4.633,30,0.6688,en
294512,Alpha and Omega: The Legend of the Saw Tooth Cave,2014,Family|Animation|Comedy|Adventure,5.943,35,0.6789,en
258135,What Ever Happened to Timi,2014,Comedy,5.7,20,0.7245,hu
259945,The Grim Sleeper,2014,Thriller|TV Movie|Crime,4.9,17,0.5367,en
359636,The Werewolf Game: The Beast Side,2014,Thriller|Horror,5.8,10,0.5349,ja
239619,Hanna's Journey,2014,Romance|Comedy,6.1,18,1.2071,de
254721,Stations of the Cross,2014,Drama,7.027,131,0.9226,de
303967,My Dictator,2014,Drama,6.9,12,0.6963,ko
319389,Lovesick,2014,Romance|Comedy,5.0,75,0.6766,en
264555,Death Clique,2014,Drama|Thriller|TV Movie,5.674,43,0.7828,en
290829,40-Love,2014,Drama,5.4,25,1.7237,fr
330993,Disciples,2014,Horror,4.0,11,0.3786,en
296456,Christian Mingle,2014,Romance|Comedy|Drama,5.7,57,0.7757,en
289333,Jim Jefferies: Bare,2014,Comedy,7.543,163,0.42,en
263913,Balls Out,2014,Comedy,4.2,43,0.5324,en
292396,Deliverance Creek,2014,Drama,5.3,13,1.2616,en
256226,Champions,2014,Drama,5.045,11,0.62,ru
278393,Varsham,2014,Drama,7.0,15,0.6575,ml
285165,Beatles,2014,Drama|Music,6.0,21,0.7705,no
444941,Bride in Sneakers,2014,Romance|Comedy,8.4,12,0.8541,ko
279994,X Moor,2014,Horror|Thriller,4.1,21,0.4872,en
283105,Expecting Amish,2014,TV Movie|Drama,6.743,35,0.681,en
280276,Turtle Power: The Definitive History of the Teenage Mutant Ninja Turtles,2014,Documentary,7.4,28,0.6386,en
256284,Apocalypse Pompeii,2014,Adventure|Action,4.668,95,0.7936,en
285191,Captain Sabertooth and the Treasure of Lama Rama,2014,Adventure|Family,5.5,40,0.5786,no
272251,The Dependables,2014,Drama|Adventure|Comedy,3.1,10,1.4864,en
294457,The Apostle,2014,Drama,6.5,14,0.5308,fr
356480,Magpie,2014,Thriller,6.1,10,0.4405,en
241207,Altered Minds,2014,Drama|Thriller,4.6,17,0.6739,en
288436,Necropolis Symphony,2014,Comedy|Music|Romance|Fantasy,5.9,23,0.471,pt
255432,Starting Over Again,2014,Romance|Comedy|Drama,6.5,13,0.5744,tl
269650,Appleseed Alpha,2014,Animation|Science Fiction|Action,6.733,418,0.8589,ja
263614,Virunga,2014,Documentary|War,7.919,234,0.6518,en
302026,Garm Wars: The Last Druid,2014,Action|Science Fiction|Thriller,4.6,52,0.5809,en
287324,The Seventh Lie,2014,Thriller|Drama|Romance,3.6,11,0.5072,cn
277190,Secrets of War,2014,War|Family|Drama|History,6.7,76,0.6109,nl
325827,Dead Still,2014,Horror|Science Fiction|Thriller,3.6,18,0.6253,en
288463,The Guvnors,2014,Crime|Thriller,5.2,69,0.7183,en
299828,Women Who Flirt,2014,Comedy|Romance,5.4,38,0.6615,zh
279579,Ariane's Thread,2014,Drama,5.6,29,0.462,fr
245692,The Search,2014,Drama,6.8,85,0.6102,fr
277650,Dear Viola,2014,Romance|Comedy|TV Movie,6.8,16,0.6313,en
218071,The Black Brothers,2014,Family|Drama,6.6,33,0.5456,de
353378,Big Stone Gap,2014,Romance|Comedy,5.897,73,0.5563,en
313788,Firequake,2014,Thriller|Action|Science Fiction,4.414,35,0.7856,en
266036,Misunderstood,2014,Drama,6.239,44,0.6376,it
315467,Kubrick Remembered,2014,Documentary,6.5,13,0.6063,en
256347,Not Safe for Work,2014,Thriller,5.438,146,0.7221,en
296071,Princess Jellyfish,2014,Comedy,7.2,22,0.7032,ja
265226,The Wonders,2014,Drama,6.813,214,0.6745,it
285200,Operation Arctic,2014,Family|Adventure,5.7,43,0.7094,no
274815,Uzumasa Limelight,2014,Drama|Action,7.0,15,0.6808,ja
311146,The Golden Cane Warrior,2014,Action|Drama,6.5,21,0.5066,id
300706,Let's Kill Ward's Wife,2014,Comedy,5.5,170,0.7036,en
295099,The Go-Go Boys: The Inside Story of Cannon Films,2014,Documentary,6.36,25,0.6394,fr
252728,Hunting the Phantom,2014,Action|Science Fiction|Thriller,3.5,11,0.549,ru
281778,Survivor,2014,Science Fiction|Action|Fantasy,4.339,87,0.6782,en
260310,Space Dogs 2,2014,Adventure|Animation|Comedy|Family,4.5,20,0.5754,ru
254024,The Face of an Angel,2014,Drama|Thriller,5.0,191,0.7421,en
293828,Starve,2014,Thriller|Horror,4.9,29,1.5848,en
261071,Happy Camp,2014,Horror|Thriller,4.2,14,0.4142,en
307614,Rabhasa,2014,Action|Comedy,4.9,18,0.6278,te
273997,Stop at Nothing: The Lance Armstrong Story,2014,Documentary,7.277,65,0.5446,en
272610,Black Rose,2014,Action|Crime|Drama|Thriller,2.8,28,0.6694,en
266313,A Day Late and a Dollar Short,2014,Drama,6.583,30,0.9697,en
295144,Marvellous,2014,Drama|TV Movie,7.142,102,0.6906,en
295590,Govindudu Andarivaadele,2014,Drama|Family,4.738,21,0.5921,te
285027,Love Island,2014,Romance|Comedy,4.1,11,0.4747,hr
293859,Covert Operation,2014,Action|Thriller,4.3,11,0.4029,en
197583,50 to 1,2014,Comedy|Drama,6.663,83,0.5927,en
308423,Bonobo,2014,Drama|Comedy,4.813,24,0.5146,en
258096,Alpha and Omega 3: The Great Wolf Games,2014,Animation|Family|Adventure|Comedy,5.465,57,0.6728,en
311093,A Christmas Kiss II,2014,TV Movie|Romance,5.7,73,0.5714,en
271724,Hippocrates,2014,Comedy|Drama,6.537,501,0.6368,fr
315992,Blue Blood,2014,Drama|Mystery,5.5,13,0.3475,pt
268321,Squatters,2014,Drama,6.0,56,0.5603,en
257793,Happy Face Killer,2014,TV Movie|Crime|Drama|Thriller,5.2,44,0.7621,en
263148,Ilusión Nacional,2014,Documentary,7.8,22,0.4818,es
270654,Parts Per Billion,2014,Science Fiction,4.4,66,0.8861,en
204968,Jack Strong,2014,Drama|History|Thriller,6.537,135,0.5002,pl
299618,Fugly!,2014,Comedy,4.0,13,0.7475,en
251471,A LEGO Brickumentary,2014,Documentary|Family,5.909,137,0.6573,en
328037,Monty Python: The Meaning of Live,2014,Comedy|Documentary,7.4,30,0.5468,en
258075,Cruel & Unusual,2014,Thriller|Science Fiction,6.079,38,0.5818,en
266718,Murder of a Cat,2014,Thriller|Comedy|Mystery,5.0,50,0.4918,en
209840,Stray Dogs,2014,Drama,6.3,95,0.5928,zh
258255,Mischief Night,2014,Horror,4.0,30,0.5995,en
253255,Fort Tilden,2014,Comedy,5.564,39,0.5876,en
285995,Comic 8,2014,Action|Comedy|Crime,6.167,12,0.4736,id
270343,Love at First Fight,2014,Comedy|Romance,6.48,456,0.5853,fr
270920,Bodybuilder,2014,Drama|Comedy,5.8,76,0.5765,fr
282017,Louder Than Hell: Wacken The Movie,2014,Music|Documentary,6.4,17,0.5181,en
249021,Android Cop,2014,Action|Science Fiction,3.973,73,0.5103,en
273756,Asteroid vs Earth,2014,Adventure|Action|Science Fiction|TV Movie,5.1,57,0.6724,en
285181,1001 Grams,2014,Drama,5.5,42,0.5632,no
285270,Believe Me,2014,Drama|Comedy,5.3,47,0.6117,en
286371,Feed the Gods,2014,Horror|Thriller|Adventure,3.5,13,0.514,en
262958,Jimmy's Hall,2014,History|Drama,6.758,207,0.5382,en
318553,Sugar Daddies,2014,Drama|TV Movie,4.6,33,0.7738,en
333933,The Last Executioner,2014,Drama|Crime,6.7,11,0.6095,th
292830,Creature 3D,2014,Science Fiction|Horror,3.6,15,0.5553,hi
137347,Closer to the Moon,2014,Comedy|Drama,6.5,65,0.535,en
339709,My Trip Back to the Dark Side,2014,Crime|Thriller,3.2,14,0.6895,en
271331,United Passions,2014,Drama,3.492,61,0.8562,en
316359,Category 5,2014,Adventure|Action|TV Movie,5.5,20,0.5777,en
309770,The Christmas Dragon,2014,Family|Fantasy|Adventure,6.0,44,0.542,en
282761,She's Dating the Gangster,2014,Drama|Romance|Comedy,7.2,36,0.6933,tl
298317,My Boyfriends' Dogs,2014,Comedy|Romance|TV Movie,6.068,44,0.6029,en
280511,Fastlife,2014,Comedy,4.777,150,0.5261,fr
274899,Inner Demons,2014,Thriller|Horror|Mystery,5.244,78,0.5358,en
257314,A Woman as a Friend,2014,Romance|Comedy,5.2,174,0.6082,it
252607,Junior,2014,Comedy,5.385,684,0.4912,fr
253285,After the Fall,2014,Crime|Drama,4.9,43,0.5094,en
286101,Des lendemains qui chantent,2014,Comedy,5.7,67,0.4611,fr
385152,Ugramm,2014,Action|Drama|Thriller,6.563,16,0.5868,kn
292816,One Third,2014,Drama,6.1,12,0.5663,ja
251979,The Perfect Wave,2014,Romance|Adventure|Drama,4.9,53,0.6089,en
257614,As the Palaces Burn,2014,Documentary|Music,7.3,24,0.564,en
262665,A Proletarian Winter's Tale,2014,Comedy,6.7,10,0.61,de
296121,Trophy Heads,2014,Comedy|Horror,4.6,23,0.5012,en
258322,Fasten Your Seatbelts,2014,Drama|Comedy,6.64,272,0.519,it
253282,She's Lost Control,2014,Drama,4.932,37,0.4882,en
280064,Sigaram Thodu,2014,Action,5.8,12,0.5206,ta
282800,Raining Blood,2014,Thriller|Comedy|Horror,5.6,12,0.5981,ja
279828,Delirium,2014,Adventure|Fantasy|Romance|Science Fiction|TV Movie,6.2,93,0.4237,en
276578,The Good Sister,2014,TV Movie|Thriller|Drama|Mystery,5.3,15,0.8189,en
244852,Poseidon Rex,2014,Action|Science Fiction|Horror,4.024,62,1.691,en
265018,Indigenous,2014,Horror,5.9,194,0.5607,en
192767,Noble,2014,Drama,6.4,42,0.5297,en
322524,4.48,2014,Drama,3.575,20,0.6844,fr
284288,Mary Kom,2014,Action|Drama,7.043,104,0.7059,hi
261364,A Spicy Kraut,2014,Comedy,5.4,28,0.3773,de
328845,Under Construction 2,2014,Comedy|Drama,4.5,21,0.7188,tr
279148,Labyrinthus,2014,Family|Adventure,5.846,52,0.5908,nl
298751,Growing Up and Other Lies,2014,Comedy,4.3,16,0.6097,en
254420,Gulaab Gang,2014,Drama,6.2,16,1.6294,hi
300900,Ardennes Fury,2014,War,4.171,35,0.4437,en
343858,Sweet Surrender,2014,TV Movie|Romance,5.5,24,0.5808,en
261420,Patong Girl,2014,Romance|Drama,5.5,15,0.481,de
227325,A Fighting Man,2014,Drama,5.511,44,0.6638,en
287793,Cam2Cam,2014,Thriller|Horror,4.3,41,0.4618,en
297859,Drone,2014,Documentary|War,6.0,21,1.5716,en
294959,Valley Uprising,2014,Adventure|Documentary|History,7.7,96,0.5346,en
329527,Pirate's Code: The Adventures of Mickey Matson,2014,Family|Adventure,4.8,15,0.5347,en
317155,America  Here We Come!,2014,Comedy,7.6,16,0.7783,ro
256311,Stereo,2014,Thriller,6.065,161,0.6001,de
248402,A Fine Step,2014,Drama,5.2,21,0.5802,en
303616,Aaliyah: The Princess of R&B,2014,Drama|Music|TV Movie,6.5,56,0.6963,en
268413,Antidote,2014,Crime|Action|Drama,6.0,30,0.6608,tr
254186,Among the Living,2014,Horror|Mystery,5.3,127,0.5015,fr
283701,3 Hearts,2014,Romance|Drama,5.508,129,0.5709,fr
279092,Partners in Crime,2014,Thriller|Mystery,5.9,19,0.4837,zh
341749,Run for Your Life,2014,Drama|Thriller|TV Movie,6.1,14,0.5965,en
353746,One Day Since Yesterday: Peter Bogdanovich & the Lost American Film,2014,Documentary,6.7,10,0.5969,en
257118,The Dog Who Saved Easter,2014,Comedy|Family|TV Movie,6.3,15,0.5998,en
249699,Helium,2014,Drama|Family,7.3,42,0.5957,da
252981,Bride for Rent,2014,Romance|Comedy,6.4,16,0.5904,tl
258673,The Trip to Bountiful,2014,Drama|TV Movie,6.0,16,0.4932,en
218262,Memphis,2014,Drama,4.8,12,0.3841,en
311765,The Santa Con,2014,Comedy|Drama|Family|Romance|TV Movie,5.8,23,0.5203,en
299464,The Smoke,2014,Thriller|Crime,3.8,15,0.442,en
261327,Die Hebamme,2014,TV Movie|Drama,6.5,17,0.4692,de
255454,Angels in Stardust,2014,Comedy|Drama,5.5,20,0.5537,en
253029,The Grüninger File,2014,History|Drama,6.2,16,0.6646,de
378096,Date A Live II: Encore OVA,2014,Science Fiction|Animation|Romance|Comedy|Adventure,7.9,14,0.5413,ja
282024,The Iron Ivan,2014,Drama,6.119,42,0.5251,ru
309002,The Princess and the Magic Mirror,2014,Fantasy|Animation|Adventure|Family,6.8,31,0.686,es
262481,An Honest Liar,2014,History|Comedy|Documentary,7.1,236,0.6159,en
307022,The Tree That Saved Christmas,2014,Drama|Romance,6.0,32,0.607,en
282376,Corn Island,2014,Drama|War,7.209,74,0.6141,ka
266500,Dr. Cabbie,2014,Comedy,5.4,33,0.5984,en
293632,Bro  What Happened?,2014,Comedy,2.7,13,0.5429,en
278348,The Maid's Room,2014,Thriller,4.7,13,0.5737,en
303760,Worst Friends,2014,Comedy|Drama|Romance,4.2,12,0.6275,en
261823,Loitering with Intent,2014,Comedy|Drama,4.2,22,0.5711,en
310799,Flowers of Taipei: Taiwan New Cinema,2014,Documentary,7.2,17,0.7729,zh
297637,One Shot,2014,Science Fiction|Action,3.893,28,0.6059,en
300821,My Wife and My Wifey,2014,Comedy,3.8,11,0.6442,ar
251636,Pannaiyarum Padminiyum,2014,Comedy|Family|Drama,7.3,19,0.6362,ta
327682,JFK to 9/11: Everything is a Rich Man's Trick,2014,Crime|Documentary|History,7.6,16,0.5651,en
292481,Henry & Me,2014,Family|Animation,5.0,10,0.561,en
282268,Monty Python Live (Mostly),2014,Comedy|Music|Documentary,7.101,84,0.5556,en
308143,Coffee Shop,2014,Romance|Comedy|TV Movie,5.93,86,0.7686,en
410422,Fastening Days,2014,Animation|Adventure,6.4,11,0.504,ja
246087,Jilla,2014,Action,5.654,68,0.8069,ta
287524,Fear Clinic,2014,Horror,4.1,122,0.4984,en
287623,Second Coming,2014,Drama,5.2,20,0.4537,en
299582,A Royal Christmas,2014,TV Movie|Romance|Family,6.671,249,0.6499,en
288587,Wild Life,2014,Drama,6.4,52,1.4287,fr
276906,Apartment Troubles,2014,Drama|Comedy,5.0,18,0.687,en
287299,Katt Williams: Priceless: Afterlife,2014,TV Movie|Comedy,6.3,19,0.5271,en
267284,Apple Mortgage Cake,2014,Drama|TV Movie,5.806,18,0.4757,en
289520,Perfect on Paper,2014,Comedy|Romance|Family|TV Movie,6.308,26,0.5026,en
282248,The Living,2014,Drama|Crime|Mystery|Thriller,5.629,35,0.5052,en
268823,April Rain,2014,Action,3.3,28,0.4532,en
286702,The King of Jokgu,2014,Comedy|Drama,7.1,13,0.5394,ko
268726,To See the Sea,2014,Family|Drama|Comedy,7.3,18,0.3223,cs
282505,Stolen from the Womb,2014,TV Movie|Crime|Mystery|Thriller,6.4,14,0.3435,en
787561,ME!ME!ME!,2014,Animation|Music,7.93,143,0.5411,ja
351072,Na Maloom Afraad,2014,Thriller|Comedy,6.893,14,0.5018,ur
258310,Boss Wants a Happy Ending,2014,Comedy|Romance,5.5,64,0.5911,tr
283749,Ninja Apocalypse,2014,Horror|Action|Fantasy|Science Fiction,3.449,39,1.3405,en
255278,Way of the Wicked,2014,Thriller,4.224,49,0.5559,en
285860,Guidance,2014,Comedy,5.6,34,1.5693,en
247645,Queen,2014,Comedy|Drama,7.319,309,0.7535,hi
251990,No Clue,2014,Comedy|Thriller|Mystery,5.3,26,0.5383,en
270403,Gett: The Trial of Viviane Amsalem,2014,Drama,7.542,143,0.5884,he
251987,A Short History of Decay,2014,Comedy|Drama,5.2,13,0.4797,en
259282,Nimirndhu Nil,2014,Action|Thriller,7.0,15,0.6461,ta
300815,Martial Marriage,2014,Comedy|Romance,5.5,13,0.5681,ar
303793,High School Possession,2014,Thriller,5.4,23,0.5562,en
271388,Velociraptor,2014,Comedy|Drama|Fantasy,5.1,19,0.5021,es
253675,Unlocking Sherlock,2014,TV Movie|Documentary,7.9,50,0.4944,en
306026,Love Is Now,2014,Romance|Drama,6.2,15,0.4751,en
287859,Raja Natwarlal,2014,Thriller|Drama|Mystery|Crime,6.4,26,0.5293,hi
259997,Such Good People,2014,Comedy|Mystery,5.2,19,0.5802,en
257951,Beyond Beyond,2014,Animation|Adventure|Fantasy,6.721,34,0.6613,sv
253297,That Guy Dick Miller,2014,Documentary,7.0,22,0.4584,en
300839,Nobody from Nowhere,2014,Thriller|Drama,6.366,131,0.4685,fr
273912,The Young Kieslowski,2014,Comedy|Drama,6.8,55,0.6238,en
260088,Amici come noi,2014,Comedy,5.604,188,0.3852,it
100541,The Ganzfeld Haunting,2014,Horror|Thriller,4.4,38,0.7115,en
280636,The Maias: Story of a Portuguese Family,2014,Romance|History|Drama,5.9,25,0.5865,pt
290714,The Surface,2014,Drama,5.0,21,0.5905,en
344671,It's Not a Date,2014,Romance|Comedy|Drama,2.8,12,0.4841,en
225283,Gone Too Far!,2014,Comedy,5.2,20,0.3243,en
266082,Girlhood,2014,Drama,6.5,399,0.7029,fr
310126,The Rich  the Pauper and the Butler,2014,Comedy,5.705,890,0.4556,it
259138,Electric Slide,2014,Action|Crime|Thriller,5.0,40,0.4753,en
342562,Tiny Giants 3D,2014,Adventure|Documentary|Family,7.0,26,0.4746,en
303096,Brothers in Exile,2014,Documentary,7.5,11,0.5635,en
300441,Grumpy Cat's Worst Christmas Ever,2014,Comedy|Family|TV Movie,4.624,85,0.5435,en
269587,Steadfast Stanley,2014,Adventure|Animation|Comedy|Horror,6.3,11,0.2846,en
262642,Miss Sixty,2014,TV Movie|Comedy|Family,5.2,16,1.6829,de
254196,Someone You Love,2014,Drama,5.3,29,0.5607,da
279371,When Sparks Fly,2014,Comedy|Romance|TV Movie,5.3,35,0.5707,en
267093,Love of My Loves,2014,Romance|Comedy,7.388,67,0.4884,es
298935,All Relative,2014,Romance|Comedy|Drama,5.5,48,0.4532,en
303835,Sex and Broadcasting,2014,Documentary|Music,6.0,16,0.6966,en
277846,Castles in the Sky,2014,Drama|History|TV Movie|War,5.8,14,0.5622,en
299847,Happily Mixed Up,2014,Comedy,6.1,349,0.4903,it
259761,Lights Out,2014,Horror,7.288,387,0.6455,xx
373541,Dark Awakening,2014,Horror|Mystery|Thriller,5.8,15,0.6495,en
255319,Aunt Hilda!,2014,Animation|Comedy|Family,6.5,21,0.4511,fr
259999,Keep On Keepin' On,2014,Documentary,7.1,16,0.4912,en
436146,Seven Lucky Gods,2014,Drama|Thriller,5.6,11,0.6184,en
313654,The Incredible Adventures of Professor Branestawm,2014,Family,4.5,10,0.4086,en
287241,The Unauthorized Saved by the Bell Story,2014,TV Movie|Drama|Comedy,5.3,39,0.5598,en
330878,Kidnapping  Caucasian Style,2014,Romance|Comedy|Adventure,1.7,29,0.5774,ru
298291,A Warden's Ransom,2014,Thriller|Crime|Drama,5.9,14,0.4517,en
305455,Santa Claus,2014,Comedy,6.8,177,0.6619,fr
239030,Love Steaks,2014,Comedy|Drama|Romance,5.2,77,0.5914,de
248698,Dedh Ishqiya,2014,Comedy|Drama|Romance,6.554,46,0.5444,hi
285023,Fidelio  Alice's Odyssey,2014,Romance|Comedy|Adventure,5.569,36,0.6182,fr
264730,Violetta: Live in Concert,2014,Documentary|Music,7.1,36,0.5635,es
276536,We Are Many,2014,Documentary,6.7,15,0.4888,en
294935,1914: The Western Front,2014,War|Drama,5.553,19,1.42,nl
259045,His Wife,2014,Drama,5.3,12,0.5462,fr
273261,Red Knot,2014,Drama,5.6,20,0.4359,en
292483,Not Cool,2014,Comedy|Romance|Drama,3.311,106,0.7503,en
302431,Rang Rasiya,2014,Drama|History,6.14,25,1.4761,hi
287628,Theeb,2014,Adventure|Thriller|Drama,6.7,187,0.5929,ar
256596,House of Secrets,2014,TV Movie|Thriller|Drama|Mystery,5.6,15,0.4137,en
297733,The Silent Storm,2014,Romance|Drama,5.326,23,0.6315,en
423268,Where The Devil Dwells,2014,Horror,4.9,10,0.4589,en
256108,Inbetween Worlds,2014,Drama,6.4,24,0.6336,de
313055,Discount,2014,Comedy,6.0,89,0.5009,fr
257177,Frank vs. God,2014,Comedy|Drama|Romance,7.0,11,0.5123,en
343750,Dollface,2014,Horror,5.491,57,0.4025,en
301566,Too Many Cooks,2014,Horror|Comedy|Science Fiction|Crime,7.686,140,0.5624,en
255890,The Circle,2014,Drama|Documentary,6.5,41,0.5809,de
385856,Nectar,2014,Drama,5.8,13,0.9228,fr
254143,Healing,2014,Drama,5.9,21,0.4712,en
346592,10 Cent Pistol,2014,Action|Crime|Thriller,4.5,20,0.6602,en
297265,Northern Soul,2014,Music|Drama,5.771,85,0.6167,en
313040,A Christmas Mystery,2014,Crime|Mystery|TV Movie,5.357,14,0.5966,en
286250,Traces of Sandalwood,2014,Drama,5.8,14,0.4594,ca
287483,The Farewell Party,2014,Comedy|Drama,6.5,53,0.5133,he
279545,Les Francis,2014,Comedy,4.972,126,0.3027,fr
240581,Best in Bed,2014,Comedy,4.911,84,0.4705,fr
252053,Yaariyan,2014,Drama|Romance,3.2,18,0.7244,hi
308695,The Lost Legion,2014,History|Action|Adventure,5.7,37,0.6078,en
270668,When Animals Dream,2014,Mystery|Drama|Horror,5.553,122,0.5025,da
298459,Next Time I'll Aim for the Heart,2014,Crime|Thriller|Drama,5.953,306,0.4978,fr
296081,The Chosen Ones,2014,TV Movie|Drama,5.1,17,0.6255,de
279178,Samurai Cat: The Movie,2014,Action|Comedy|History,6.5,28,0.7722,ja
321662,LA Apocalypse,2014,Thriller|Science Fiction|Action,4.5,36,0.5003,en
289712,Mockingbird,2014,Horror|Thriller,4.666,149,0.5782,en
284864,Lügen und andere Wahrheiten,2014,Drama|Comedy,4.5,17,0.4763,de
266061,Xenia,2014,Drama|Romance,6.1,71,0.484,el
248417,Patch Town,2014,Music|Adventure|Comedy|Fantasy|Science Fiction,4.7,19,0.4636,en
254126,Blood Shed,2014,Horror,3.333,24,0.5568,en
330408,Forget and Forgive,2014,Thriller,5.2,19,0.5257,en
255554,Journey to the West,2014,Drama|Documentary,6.3,31,0.509,zh
299138,The Second Coming,2014,Thriller|Fantasy|Horror,4.6,16,0.5395,cn
204765,Anything for Alice,2014,Comedy,5.4,146,0.4351,fr
291348,A Matter of Faith,2014,Drama,4.838,34,0.4493,en
333321,Cousins,2014,Comedy,3.4,10,0.5461,ml
379779,The Present,2014,Animation|Comedy,7.54,199,0.3983,en
326045,Lonesome Dove Church,2014,Western,4.676,17,0.5796,en
420835,Human Form,2014,Horror|Science Fiction|Drama,6.1,21,0.5665,ko
250219,I Can Quit Whenever I Want,2014,Comedy,7.412,1848,0.4615,it
267319,Asian School Girls,2014,Action|Thriller,2.922,32,0.4958,en
280855,Like a Country Song,2014,Drama,6.9,14,0.4449,en
277969,The Adventures of RoboRex,2014,Family|Science Fiction,6.6,14,0.5068,en
297603,Mr. Dynamite: The Rise of James Brown,2014,Music|Documentary,6.9,40,0.4674,en
259171,The Silent Mountain,2014,War|Adventure|Drama|Romance,5.589,45,0.5282,de
293187,On the Run Tour: Beyoncé and Jay-Z,2014,Music,7.8,32,0.5667,en
299922,Hello,2014,Unknown,5.6,22,0.4226,en
272602,Amira & Sam,2014,Drama|Romance|Comedy,6.0,64,0.6729,en
114982,Goodbye to Language,2014,Drama,6.0,192,0.5198,fr
298853,Crimes of the Mind,2014,Crime|Thriller,4.8,10,0.4983,en
211358,Possessions,2014,Fantasy|Animation,5.875,28,0.5096,ja
327368,Crazy Murder,2014,Horror|Drama|Documentary|Thriller,5.7,17,0.3613,en
296138,The Disappearance Of Lenka Wood,2014,Crime,3.5,19,0.3721,en
294736,Misfire,2014,Thriller|Action,3.4,25,0.6291,en
280890,Wings: Sky Force Heroes,2014,Comedy|Animation|Adventure,5.4,11,0.4485,en
253484,1 Chance 2 Dance,2014,Drama,6.2,60,0.5931,en
250235,Tutta colpa di Freud,2014,Comedy,6.677,1049,0.4649,it
301229,Muffin Top: A Love Story,2014,Romance|Comedy,4.7,15,0.4011,en
273964,Gold,2014,Family|Comedy|Drama,6.3,31,0.4666,en
264327,Kathai Thiraikathai Vasanam Iyakkam,2014,Comedy|Drama,6.5,10,0.6582,ta
290556,Viktor,2014,Thriller|Action|Drama|Mystery,4.2,14,0.5123,ru
250700,The Battered Bastards of Baseball,2014,Documentary,7.428,97,0.4733,en
280959,Kaaviya Thalaivan,2014,Romance|History|Drama,7.0,10,0.5783,ta
296578,The Prom,2014,Comedy,3.3,27,0.5582,ru
286301,The Dinner,2014,Drama,6.352,135,0.3987,it
410272,Yamada-kun to 7-nin no Majo (OVA),2014,Animation|Comedy,6.1,11,0.5001,ja
262117,We Love You  You Bastard,2014,Romance|Comedy|Drama,5.571,56,0.4917,fr
299001,Lucifer,2014,Drama,5.9,14,0.4159,es
277223,City Lights,2014,Thriller|Drama,7.0,34,0.4302,hi
287529,Los Hongos,2014,Drama,5.4,21,0.2788,es
256503,Nas: Time Is Illmatic,2014,Documentary|Music,6.959,73,0.3997,en
253270,Kelly & Cal,2014,Drama|Comedy,6.2,53,0.4967,en
310952,A Little Game,2014,Family|Adventure,6.486,35,0.4694,en
248390,Le Crocodile du Botswanga,2014,Comedy,5.251,375,0.4341,fr
273505,Humshakals,2014,Comedy,3.158,57,0.4561,hi
269714,The Last Diamond,2014,Drama|Crime|Thriller,6.3,81,0.491,fr
381382,The Herd,2014,Horror|Thriller,6.7,27,0.4897,en
297680,Hangar 10,2014,Thriller|Horror|Science Fiction,4.1,58,1.5377,en
246320,The Three Brothers: The Return,2014,Comedy,5.0,472,0.4735,fr
263497,Yaamirukka Bayamey,2014,Comedy|Horror,6.6,12,0.54,ta
267792,Barbarous Mexico,2014,Horror|Fantasy,5.4,47,0.3879,es
294889,Männertreu,2014,TV Movie|Drama,5.8,12,1.3773,de
324436,Dyke Hard,2014,Comedy|Action|Adventure|Fantasy|Science Fiction|Horror|Music,4.9,13,0.3363,en
267268,Darker Than Night,2014,Horror|Thriller,4.9,47,0.5855,es
293271,Moomins on the Riviera,2014,Animation|Comedy|Family,5.8,43,0.5697,fi
332749,The Forecaster,2014,Documentary,6.8,32,0.4836,en
292822,A Midsummer Night's Dream,2014,Comedy|Fantasy,6.4,11,0.5848,en
278772,Serial Killer Culture,2014,History|Documentary|Crime,6.091,11,0.3318,en
295413,The Midnight Horror Show,2014,Horror,3.2,14,0.4631,en
286595,Marie's Story,2014,Drama,7.4,98,0.5488,fr
261906,The Sheik,2014,Documentary,7.4,28,0.5407,en
254963,At Home,2014,Drama,5.7,10,0.4117,el
250643,Alive Inside,2014,Documentary,7.566,83,0.4462,en
257668,Towards the Day of Doom,2014,Science Fiction|Comedy,5.4,23,0.4843,fi
300599,A Rose Reborn,2014,Science Fiction,5.3,12,0.4484,en
251555,Millionaire Dog,2014,Comedy|Family|Crime,4.9,37,0.4946,es
261047,P-51 Dragon Fighter,2014,Action|Science Fiction|Fantasy,4.7,39,0.5449,en
304024,Taken Away,2014,Drama|TV Movie,6.4,12,0.408,en
300325,Under Wraps,2014,Family|Animation|Comedy|Mystery,9.4,20,0.625,en
307115,12 Dog Days Till Christmas,2014,Family|TV Movie,5.3,25,0.4077,en
300425,Lingaa,2014,Action|Comedy|Drama,5.2,63,0.5387,ta
278718,Star,2014,Drama|Romance|Comedy,5.7,38,0.4222,ru
360039,Showroom,2014,Comedy|Drama,5.6,16,0.3089,es
292992,Crazed,2014,Action|Adventure|Thriller|Horror,3.5,11,0.5034,en
262788,The Games Maker,2014,Adventure|Family,5.37,77,0.5064,es
261810,Silenced,2014,Documentary,7.6,13,0.4212,en
241639,The Nightingale,2014,Drama,7.1,33,0.7264,zh
287915,One Night in Istanbul,2014,Comedy,4.368,19,0.5121,en
334440,The Judgement,2014,Drama,6.0,11,0.5773,bg
286071,Stranded in Paradise,2014,Drama|Romance|Comedy|TV Movie,6.0,47,0.5502,en
277231,Take-Away Romance,2014,Romance|Comedy,5.307,135,0.3155,fr
314572,The Boss: Anatomy of a Crime,2014,Drama|Crime,7.545,99,0.5918,es
302348,Allies,2014,Action|War,5.372,39,0.5202,en
253309,The Possibilities Are Endless,2014,Documentary|Music,6.3,13,0.4108,en
319017,The Last Straight Man,2014,Drama|Comedy|Romance,5.179,39,0.4619,en
277534,Carlotta,2014,TV Movie|Drama,4.7,11,0.4227,en
286722,The Killing Field,2014,Mystery|Drama|Crime|TV Movie,6.8,16,0.5107,en
258670,Marvel Renaissance,2014,Documentary|TV Movie,5.6,16,0.4351,fr
285549,Horsehead,2014,Fantasy|Horror,5.3,107,0.5461,en
324051,Nat King Cole: Afraid of the Dark,2014,Documentary,7.0,11,0.429,en
54415,Sinbad: The Fifth Voyage,2014,Fantasy|Family|Adventure,3.9,24,0.5379,en
242065,Accused,2014,Drama|Thriller,6.872,82,0.5731,nl
266508,Fukuchan of Fukufuku Flats,2014,Comedy,6.4,22,0.6261,ja
279973,Nowhere Safe,2014,TV Movie|Drama,6.5,59,0.5024,en
268888,Betrayed,2014,Thriller,4.5,10,0.7349,en
311155,Pisaasu,2014,Drama|Thriller|Horror,6.7,35,0.5437,ta
294463,Lou!,2014,Comedy,5.654,211,0.4735,fr
338647,Naked Zombie Girl,2014,Horror|Thriller,4.0,14,0.4338,en
309739,8 New Dates,2014,Comedy|Romance,5.3,38,0.4714,ru
288691,Last Weekend,2014,Drama|Comedy,4.3,19,0.4985,en
280640,Geronimo,2014,Drama,6.5,33,0.386,fr
297190,Blue Demon,2014,Fantasy|Horror|Mystery,4.5,16,0.6692,ja
253370,Joy of Fatherhood,2014,Comedy,6.113,137,0.4939,de
227975,Futuro Beach,2014,Drama,6.5,88,0.5482,pt
294334,House of the Witchdoctor,2014,Thriller|Crime|Horror,4.1,14,0.4267,en
416451,Spinners,2014,Drama,4.8,19,0.5182,en
269198,Sarajevo,2014,Thriller|History|War|TV Movie,6.262,65,0.4211,de
256346,Almost Home,2014,Adventure|Animation|Science Fiction|Family,6.3,140,0.3932,en
261770,Affluenza,2014,Drama|Romance,4.6,18,0.42,en
241875,Never on the First Night,2014,Comedy|Romance|Family,5.072,299,0.4389,fr
270919,Number One Fan,2014,Drama|Thriller|Comedy,6.05,270,0.4269,fr
173911,Bluebird,2014,Drama,5.7,25,0.4616,en
298536,Oka Laila Kosam,2014,Romance|Comedy|Drama,5.4,14,0.453,te
335085,Iron Ladies Roar!,2014,Comedy,5.8,10,0.6737,th
186889,Devil's Tower,2014,Horror,3.6,30,0.3316,en
265420,Salalah Mobiles,2014,Comedy|Romance,4.0,20,0.4986,ml
280874,Killing Daddy,2014,Thriller|Crime|Mystery|TV Movie,7.107,103,0.4093,en
313945,Back to Christmas,2014,Drama|Fantasy|TV Movie,5.0,45,0.4157,en
228176,Paulo Coelho's Best Story,2014,Drama|History,6.765,34,0.7878,pt
638187,The Good Witch's Wonder,2014,Fantasy|Family|Mystery|TV Movie,7.544,45,0.5189,en
337012,The Legend of Longwood,2014,Family|Adventure|Drama,5.3,13,0.5576,en
289523,Midnight Masquerade,2014,Romance|TV Movie,6.0,50,0.5651,en
199056,The Big Ask,2014,Comedy|Drama,5.0,11,0.4519,en
328820,Unknown Caller,2014,Thriller,4.738,40,0.513,en
283327,Blood Valley: Seed's Revenge,2014,Thriller|Horror,3.2,41,0.4619,en
268508,The Mummy Resurrected,2014,Horror,3.7,72,0.4537,en
306508,Chasing the Muse,2014,Documentary,5.318,11,0.332,fr
274906,The 50 Year Argument,2014,Documentary,6.6,18,0.5303,en
274415,The Pasta Detectives,2014,Family|Adventure|Comedy,6.278,45,0.4522,de
281932,ErOddity(s),2014,Drama|Fantasy|Horror,4.0,14,0.4271,en
266040,Bird People,2014,Drama|Fantasy|Romance,5.9,102,0.5416,fr
285851,Love in the Time of Civil War,2014,Drama,5.176,17,0.5527,fr
282502,Dancing Arabs,2014,Drama,6.455,44,0.4977,he
282448,Hunting the Legend,2014,Thriller|Horror|Mystery,3.8,10,0.3369,en
270290,Excuse My French,2014,Drama|Comedy,7.1,29,0.5391,ar
297963,Help! I’ve Shrunk the Family,2014,Adventure|Family|Fantasy,5.7,29,0.679,nl
303515,The Movie about Alekseev,2014,Drama,5.463,27,0.3754,ru
298833,Blood Ransom,2014,Romance|Fantasy|Horror,4.9,12,0.5221,en
288586,Dying Beyond Their Means,2014,Comedy,5.3,26,0.4862,es
305127,The Frame,2014,Drama|Science Fiction,6.361,104,0.3569,en
247504,Veeram,2014,Action|Comedy,5.268,41,0.419,ta
270700,Waiting in the Wings: The Musical,2014,Comedy|Music,5.0,11,0.454,en
356690,Lake Fear,2014,Horror|Comedy,4.333,54,0.7521,en
250705,Finding Fela,2014,Documentary|Music,6.9,18,0.4571,en
253251,10 000 Km,2014,Drama|Romance,6.1,94,0.3795,es
264746,Tinker Ticker,2014,Drama|Crime,6.3,25,0.3948,ko
326071,Warda,2014,Horror,4.1,21,0.3313,ar
261820,Goodbye to All That,2014,Comedy|Drama|Romance,4.873,59,0.5801,en
334839,Slut,2014,Drama|Horror|Thriller,6.0,21,0.4237,en
273467,Goal of the Dead,2014,Comedy|Horror,5.466,118,0.4782,fr
248611,Mea Culpa,2014,Action|Thriller,6.348,171,0.7794,fr
314462,Consequences,2014,Crime|Drama|Thriller,5.8,18,0.3514,tr
264170,Batman: Strange Days,2014,Action|Animation,7.0,109,0.4823,en
294476,Don't Look Back,2014,Thriller,5.4,16,0.5321,en
242661,Not My Day,2014,Comedy,6.453,171,0.4314,de
277847,Set Fire to the Stars,2014,Drama|History,5.6,32,0.4069,en
286995,The Truth About Beauty,2014,Comedy|Drama,4.5,11,0.4537,zh
277712,Two Women,2014,Romance|Drama,6.067,15,0.4336,ru
270899,In the Name of My Daughter,2014,Drama|Mystery,5.569,94,0.5136,fr
280509,Common,2014,Drama|Crime,6.5,26,0.389,en
263487,Vadacurry,2014,Romance|Comedy|Thriller,5.0,14,0.6205,ta
188765,My Sweet Pepper Land,2014,Drama,7.0,98,0.3757,ku
258086,The Damned,2014,Thriller|Horror|Mystery,5.5,266,0.407,en
271683,The Dune,2014,Drama,5.5,21,0.4716,fr
311362,Shelby: The Dog Who Saved Christmas,2014,Family,4.8,15,0.3844,en
298522,Wyatt Cenac: Brooklyn,2014,Comedy,6.0,15,0.3842,en
281869,The Bunnyman Massacre,2014,Horror,5.827,49,0.4657,en
298729,Do You See Me?,2014,Comedy,6.352,590,0.5791,it
293467,Painkillers,2014,Drama,6.0,31,0.3995,nl
263111,Jim Gaffigan: Obsessed,2014,Comedy,6.887,71,0.465,en
257451,Trailer Park Boys: Don't Legalize It,2014,Comedy,6.4,76,0.3754,en
238416,1789 : Les Amants de la Bastille,2014,Romance|Music|History,7.8,27,0.4992,fr
270457,D-Day: Normandy 1944,2014,Documentary|History|War,6.9,19,0.3712,en
298077,Ambition,2014,Science Fiction|History|Mystery,6.6,51,0.3778,en
313096,The Anderssons Rock the Mountains,2014,Comedy|Family,4.605,19,0.4231,sv
303457,Chaar Sahibzaade,2014,Animation|History|Action|Adventure|Family,6.3,14,0.5788,pa
240510,Stromberg – The Movie,2014,Comedy,6.896,260,0.6371,de
278608,Baby Geniuses and the Treasures of Egypt,2014,Comedy|Family,3.1,16,0.5352,en
120172,Another World,2014,Action|Drama|Science Fiction,3.8,70,0.4102,he
285844,Preggoland,2014,Comedy|Drama,5.7,46,0.4686,en
245175,Black Coffee,2014,Comedy|Romance,5.765,17,0.3984,en
309050,Mountain Men,2014,Comedy|Drama,5.5,53,0.4324,en
287508,Today,2014,Drama,5.5,13,0.5405,fa
277230,The List of My Desires,2014,Comedy|Drama,5.437,151,0.3775,fr
301816,Christmas Icetastrophe,2014,Drama|Science Fiction|TV Movie,5.4,71,0.6276,en
267931,Hidden in the Woods,2014,Thriller,4.6,22,0.463,en
290336,Montana,2014,Thriller|Crime|Action|Drama,6.2,45,0.3685,en
336292,Dance with the Jackals 3,2014,Comedy,5.103,29,0.3488,tr
228107,Anita B.,2014,Drama|Romance,5.5,54,0.5581,en
306626,Small Town Santa,2014,Family|Comedy|Drama,5.3,25,0.4572,en
250769,Mitt,2014,Documentary,6.3,60,0.3172,en
284837,Run Raja Run,2014,Drama|Crime|Romance,6.1,15,0.3279,te
229328,Electricity,2014,Drama,5.826,43,0.348,en
298081,To Life!,2014,Drama,5.2,11,0.3392,de
295621,Eyes of a Thief,2014,Drama,4.9,10,0.3691,ar
247319,Another Life,2014,Drama,4.7,36,0.2548,fr
228109,Two-Bit Waltz,2014,Comedy|Drama|Family,5.5,21,0.4771,en
250184,Locker 13,2014,Horror|Drama|Thriller,6.5,10,0.5587,en
296778,Death in Buenos Aires,2014,Crime|Drama|Mystery,5.9,66,0.4636,es
276137,Road,2014,Documentary,7.137,51,0.4671,en
272014,Bomb Girls: Facing the Enemy,2014,Drama|TV Movie,6.2,15,0.5372,en
320433,The Ninja Immovable Heart,2014,Action|Drama,4.676,17,0.3925,en
299574,One Starry Christmas,2014,TV Movie|Romance,6.5,50,0.6045,en
293301,Schoßgebete,2014,Drama,5.1,33,0.3478,de
301238,Mister Twister on Stage,2014,Comedy|Family,6.3,22,0.3275,nl
308418,Eat With Me,2014,Romance|Comedy,6.1,29,0.5534,en
277652,Far from Home,2014,Drama|TV Movie,5.3,11,0.4597,en
288445,The Device,2014,Thriller|Horror|Science Fiction,3.643,42,0.417,en
285022,El Cinco,2014,Drama|Comedy|Romance,5.6,17,0.3885,es
369777,Relentless Justice,2014,Thriller|Action,3.5,13,0.3926,en
230714,When I Was Alive,2014,Thriller|Horror|Drama,5.5,28,0.4191,pt
314034,The Boy in the Dress,2014,Drama|Family|Comedy|TV Movie,6.3,38,0.4266,en
228208,Teen's Confessions,2014,Comedy|Family,6.327,81,0.4341,pt
263564,Dark Hearts,2014,Thriller|Drama,3.6,14,0.4765,en
137876,The Reckoning,2014,Mystery|Thriller|Crime,5.0,30,0.7555,en
293262,I Am Ali,2014,Documentary,6.7,83,0.6116,en
284581,Back Issues: The Hustler Magazine Story,2014,Documentary,5.8,17,0.3701,en
337050,Artun,2014,Drama,5.9,14,0.5341,is
287503,Mirage,2014,Western|Action|Thriller|Drama,6.5,11,1.4882,hu
278095,A Gift with a Character,2014,Comedy|Family|Adventure,6.4,13,0.4402,ru
257214,Loaded,2014,Comedy|Drama,4.2,12,0.4164,en
250577,Doc of the Dead,2014,Documentary|Horror,6.2,51,0.3199,en
253012,Doctor Proctor's Fart Powder,2014,Comedy|Family,6.0,27,0.653,no
244260,Little Accidents,2014,Drama,5.4,83,0.361,en
291865,From the Dark,2014,Horror,5.6,133,0.4422,en
257954,2 Bedroom 1 Bath,2014,Horror,3.3,18,0.4376,ru
420750,Ever After High: Thronecoming,2014,Animation|Family|Fantasy,8.4,12,0.4251,en
296695,Revelation Road 3: The Black Rider,2014,Action|Drama|Fantasy|Horror,4.4,13,0.4058,en
269660,Diary ng Panget,2014,Comedy|Drama|Romance,7.9,53,0.3809,tl
299590,Best Christmas Party Ever,2014,Comedy|TV Movie|Drama,6.067,60,0.4024,en
287170,Love's Coming,2014,Comedy|Romance,5.7,20,0.2574,th
264891,Contract Killers,2014,Action,3.933,15,0.5305,en
272073,The Duchess of Malfi,2014,Drama|History,8.5,11,0.3819,en
293894,Viking: The Berserkers,2014,Thriller|Horror,4.7,25,0.4097,en
293082,10 000 Days,2014,Science Fiction,3.1,23,0.4559,en
273509,Blood Widow,2014,Horror,4.8,83,0.3465,en
315043,The Island of Secrets,2014,Family|Adventure|Romance,6.8,41,0.3295,fi
306523,Ogni maledetto Natale,2014,Comedy,5.587,328,0.3653,it
500008,Harry Potter: The Making of Diagon Alley,2014,Documentary,7.84,47,0.4844,en
303601,Naughty & Nice,2014,Romance|TV Movie,6.212,52,0.3947,en
265934,Tommy Cooper: Not Like That  Like This,2014,Comedy,6.9,14,0.3515,en
276956,The 50 Best Horror Movies You've Never Seen,2014,Horror|Documentary,6.2,23,0.4206,en
256907,Darr @ the Mall,2014,Horror|Thriller,3.8,14,0.4352,hi
308181,Princess,2014,Drama,5.5,26,0.5172,he
299736,The Three Dogateers,2014,Family|Adventure|Comedy,5.4,15,0.5982,en
256755,Os fenómenos,2014,Drama,5.4,13,1.5298,gl
299588,Christmas at Cartwright's,2014,Romance|Family|Drama|TV Movie,5.5,67,0.5047,en
260312,The Yellow Eyes of Crocodiles,2014,Drama,5.821,173,0.4303,fr
273632,The Little Queen,2014,Drama,6.1,22,0.4107,fr
273914,Uncertain Terms,2014,Drama,6.2,12,0.2929,en
260522,Easy on the Eyes,2014,Comedy|Science Fiction,5.29,31,0.4221,ru
394046,Winston Churchill: A Giant in the Century,2014,Documentary|History|War|TV Movie,8.0,10,0.5064,fr
313093,The Christmas Switch,2014,Family,6.4,12,0.4249,en
298533,Corner Gas: The Movie,2014,Family|Comedy,6.098,51,0.4133,en
319193,Of Girls and Horses,2014,Drama,5.8,19,0.4359,de
277399,2047: Sights of Death,2014,Action|Thriller|Science Fiction,2.88,46,0.4592,it
347668,Non è mai troppo tardi,2014,Drama,7.5,14,0.4976,it
268100,Casa Grande,2014,Drama,6.8,125,0.4662,pt
326420,Dig Two Graves,2014,Mystery|Thriller|Fantasy|Horror,5.587,98,0.3965,en
252028,Halfway,2014,Comedy|Drama,4.9,10,1.3941,nl
290370,Mutant World,2014,Science Fiction,2.8,22,0.4347,en
198182,The Occupants,2014,Thriller,4.5,17,0.516,en
308919,Wishin' and Hopin',2014,Drama|Comedy|TV Movie,4.8,12,0.38,en
229194,Kamikaze,2014,Drama,6.035,57,0.3483,es
314885,Night Has Settled,2014,Drama,5.0,16,0.3055,en
297472,Chemical Peel,2014,Horror|Drama,5.0,22,0.321,en
227970,Men Are from Mars... And That's Where I'm Going!,2014,Comedy,6.7,174,0.4178,pt
268108,Next to Her,2014,Drama,6.2,20,0.4062,he
285689,Glen Campbell: I'll Be Me,2014,Documentary|Music,7.6,39,0.4449,en
254719,History of Fear,2014,Drama|Mystery|Thriller,5.9,13,0.2988,es
313517,Dessau Dancers,2014,Music|Comedy,5.0,11,0.3782,de
228358,The Pact II,2014,Mystery|Horror|Thriller,4.8,185,0.5247,en
301225,Standby,2014,Romance|Comedy,6.125,40,0.5013,en
258350,The Girl He Met Online,2014,Crime|Drama|Mystery|Thriller|TV Movie,6.5,14,0.4041,en
295656,Along Came a Nanny,2014,Mystery|TV Movie,6.1,36,0.3838,en
302638,Iyobinte Pusthakam,2014,Drama|History|Thriller,7.725,40,0.5762,ml
257845,Silent,2014,Adventure|Animation|Family,6.778,36,0.4685,en
288286,The History of Eternity,2014,Drama|Music|Romance,7.725,20,0.4096,pt
391439,The Girl,2014,Thriller|Science Fiction|Crime,3.7,12,0.363,en
279998,Altergeist,2014,Thriller|Horror|Science Fiction,4.0,12,1.7722,en
263494,Vaayai Moodi Pesavum,2014,Romance|Comedy,6.1,31,0.3667,ta
269057,Bang Bang Baby,2014,Science Fiction|Drama|Music,6.1,34,0.3663,en
261825,Zero Motivation,2014,Drama|Comedy,6.3,68,0.4547,he
228961,Death to Prom,2014,Comedy|Romance,6.8,13,0.3184,en
267797,Elvira I Will Give You My Life But I'm Using It,2014,Drama|Comedy,6.231,39,0.4686,es
241432,Days and Nights,2014,Drama|Comedy,4.5,21,0.4761,en
336788,Love by Design,2014,Romance|TV Movie,5.4,26,0.4335,en
283707,Black Souls,2014,Crime|Drama,6.764,212,0.4306,it
268523,Nice and Easy,2014,Comedy,6.553,207,0.4769,fr
279047,SMS,2014,Comedy,4.607,126,0.4727,fr
300187,One Christmas Eve,2014,Comedy|Drama|Family|TV Movie,5.774,42,0.4374,en
303904,Ungli,2014,Thriller|Comedy|Drama,5.6,28,0.4951,hi
208284,The Strange Color of Your Body's Tears,2014,Horror|Thriller,6.2,145,0.4676,fr
279661,Killer Legends,2014,Documentary|History|Crime|Horror,5.81,79,0.4509,en
279966,The Forgotten,2014,Horror|Thriller,5.3,20,0.47,en
313893,E N V O Y,2014,Science Fiction,6.6,28,0.31,en
284341,Gente de bien,2014,Drama,6.7,20,0.681,es
298864,The Ice Forest,2014,Thriller,4.7,31,0.5297,it
253256,The Heart Machine,2014,Drama|Thriller,5.4,27,0.3668,en
308980,Zero Point,2014,Drama,7.1,32,0.5751,et
289981,Coming In,2014,Comedy,6.6,39,0.4319,de
279550,Maestro,2014,Drama|Comedy,6.15,70,0.4589,fr
255280,The Lamb,2014,Drama,6.3,10,0.3761,tr
297633,Bordering on Bad Behavior,2014,Comedy|War|Action|Drama,5.5,11,0.512,en
243451,Elite Cup,2014,Comedy,4.333,54,0.4413,pt
655958,Sueños de pasión: Una suegra muy ardiente,2014,Drama,5.8,21,0.3671,es
313733,Anomaly,2014,Drama|History|Fantasy,6.6,14,0.2337,en
281955,Presumed Dead in Paradise,2014,TV Movie|Thriller,5.2,27,0.3776,en
250278,Seventh Code,2014,Mystery|Thriller|Action|Drama,5.8,30,0.5371,ja
249142,Taste Of You,2014,Comedy,5.8,138,0.3536,it
303483,Once in a Lifetime,2014,Drama,7.4,329,0.3792,fr
247218,A Boss in the Living Room,2014,Comedy,5.983,540,0.506,it
284307,Waste Land,2014,Drama|Thriller,5.1,11,0.3877,en
285597,Nixon by Nixon: In His Own Words,2014,Documentary|History,7.2,10,0.3878,en
288129,Liz in September,2014,Drama|Romance,6.6,62,0.5354,es
499739,Creating Carrie,2014,Horror|Documentary,6.2,34,0.5044,en
229314,California Scheming,2014,Thriller,3.3,18,0.6388,en
319143,A Village Almost Perfect!,2014,Comedy,5.3,127,0.3821,fr
297849,Decor,2014,Drama,7.8,10,0.5947,ar
229154,The Curse of Styria,2014,Thriller|Fantasy|Horror|Mystery,4.5,36,0.3853,en
281139,Meeting Dr. Sun,2014,Comedy|Drama,5.1,11,0.3809,zh
374926,My Son,2014,Drama|Family|TV Movie,6.7,11,0.3338,fr
270221,Neverlake,2014,Horror|Drama|Mystery,4.797,69,0.5428,en
854932,Senritsu Kaiki File Kowasugi! The Most Terrifying Movie in History,2014,Horror,7.3,11,0.395,ja
297023,The Lies of the Victors,2014,Thriller|Drama,4.2,20,0.2437,de
280106,Naaigal Jaakirathai,2014,Thriller|Action|Comedy,6.3,11,0.3842,ta
303856,The Presence,2014,Horror,4.6,59,1.6957,de
296998,Sexennial Plan,2014,Thriller|Horror,5.1,11,0.3836,es
282663,I Won't Come Back,2014,Drama,5.7,28,0.274,ru
320035,Mix Tape,2014,Romance|Drama|Comedy,5.3,17,0.3397,tr
246013,War Story,2014,Drama,4.1,23,0.3708,en
270417,The Xposé,2014,Thriller|Drama|Crime,4.4,10,0.3628,hi
285749,Rob Zombie: The Zombie Horror Picture Show,2014,Music|Documentary,8.2,25,0.38,en
257938,Dioses y perros,2014,Drama,6.3,22,0.3809,es
253851,Shirin in Love,2014,Comedy|Romance,3.9,10,0.3183,en
294368,An Open Secret,2014,Documentary|Crime,6.942,69,0.3641,en
242257,Tuscan Wedding,2014,Comedy|Romance,5.027,56,0.8495,nl
291853,Threesome,2014,Comedy,4.0,10,0.3701,da
277778,Starship: Rising,2014,Action|Science Fiction,4.1,34,0.5058,en
245169,Three Night Stand,2014,Romance|Comedy|Drama,4.9,56,0.4748,en
362541,Jump!,2014,Comedy|Drama,7.0,10,0.4085,en
265351,Let's Sin,2014,Drama|Action|Crime,6.951,81,0.3076,tr
259000,Some Like It Cold,2014,Comedy|Romance,4.6,24,0.4737,ru
339520,Close-Ups,2014,Drama|Romance,6.3,10,0.4891,pl
264578,Jack Irish: Dead Point,2014,Crime|Drama|TV Movie,6.713,40,0.4413,en
296095,Little White Lie,2014,Documentary,6.1,13,0.3696,en
287358,High Moon,2014,Thriller|Drama|Science Fiction|TV Movie,5.8,24,0.3876,en
282353,Pizza,2014,Thriller|Horror,4.8,14,0.3835,hi
430250,City of Dead Men,2014,Thriller|Horror,4.7,26,0.4133,en
295049,Nativity 3: Dude  Where's My Donkey?!,2014,Comedy|Family,4.509,55,0.5093,en
274388,Express 'Moscow-Russia',2014,Comedy,5.2,37,0.3698,ru
208837,Tonnerre,2014,Drama|Romance,5.981,27,0.2019,fr
306060,Richard Pryor: Icon,2014,Documentary,6.2,11,0.3882,en
222887,The Last Showing,2014,Thriller,5.2,55,0.3687,en
295329,The Kármán Line,2014,Fantasy|Drama|Family,6.4,12,0.4773,en
276918,America: Imagine the World Without Her,2014,Documentary,4.371,85,0.3569,en
257442,Almost Married,2014,Comedy,4.5,15,0.3985,en
288154,Jersey Shore Massacre,2014,Horror|Comedy,4.507,76,0.4889,en
253258,The Mend,2014,Comedy,4.8,20,0.4605,en
260947,Something Wicked,2014,Mystery|Thriller,4.8,46,0.5882,en
336777,True Love Ways,2014,Horror|Thriller,4.3,16,0.4207,de
285307,My Bromance,2014,Drama|Romance,6.3,22,0.4475,th
301235,Top Gear: The Perfect Road Trip 2,2014,Documentary|Adventure|Comedy,7.0,46,0.4126,en
287574,Metamorphoses,2014,Drama|Fantasy,5.25,38,0.4245,fr
262165,The Unwanted,2014,Drama|Horror|Mystery,3.4,27,0.3973,en
126318,Miss Lovely,2014,Drama|Crime,6.2,15,0.4286,hi
299581,Angels and Ornaments,2014,TV Movie|Romance|Family,5.3,25,0.4546,en
282398,K-9 Adventures: Legend of the Lost Gold,2014,Family,6.846,13,0.4001,en
285864,The Valley Below,2014,Drama,5.1,10,0.3687,en
240900,BlackJacks,2014,Thriller|Action|Science Fiction,4.2,22,0.47,en
255456,Sotto una buona stella,2014,Comedy,5.806,297,0.4541,it
279582,Looking for Mr. Right,2014,Romance|Comedy|Family|Drama|TV Movie,5.6,24,0.4141,en
302634,To Life,2014,Drama|Comedy,5.2,17,0.3397,fr
280723,Nena,2014,Drama,5.9,22,0.3516,nl
255905,Piégé,2014,War|Thriller,4.4,43,0.5002,fr
307699,Aurora,2014,Drama,4.0,10,0.3834,es
253253,Animals,2014,Drama,5.8,25,1.3107,en
240865,Naan Sigappu Manithan,2014,Action|Drama,6.2,21,0.3663,ta
259985,Just Eat It: A Food Waste Story,2014,Documentary,6.833,24,0.307,en
280005,Blood Moon,2014,Western|Horror,5.667,33,0.5245,en
266433,Ejecta,2014,Science Fiction,3.762,42,0.4152,en
267430,The Aryans,2014,Documentary|Drama|Crime,6.6,15,0.3184,de
270401,Insecure,2014,Drama,5.5,44,0.391,fr
266882,Closer to God,2014,Horror|Science Fiction|Thriller,5.3,39,0.3835,en
258353,The Good Mistress,2014,Thriller|TV Movie|Crime|Mystery|Romance,4.4,22,0.3915,en
257450,Piranha Sharks,2014,Horror|Comedy|Action|Science Fiction,5.396,48,0.3054,en
298780,A Esmorga,2014,Drama,6.2,19,0.3745,gl
357021,Bath Time,2014,Crime|Horror,5.6,18,0.6144,es
308809,In Love with an Angel,2014,Drama|Romance|Fantasy|TV Movie,5.2,19,0.3238,it
300810,The Island 2,2014,Thriller|Action|Drama,6.7,26,0.3935,ar
294484,Ein Geschenk der Götter,2014,Drama,6.5,12,0.3583,de
257376,The Second Game,2014,Documentary|History,5.6,10,0.3669,ro
268297,The Film Critic,2014,Drama|Comedy,6.5,13,0.2958,es
285752,I Am the Keeper,2014,Drama|Romance,6.4,20,0.3959,de
214074,October November,2014,Drama,5.9,19,0.4071,de
257769,Chris Porter: Ugly and Angry,2014,Comedy,7.3,11,0.3021,en
262476,Ulidavaru Kandanthe,2014,Romance|Drama|Thriller,7.7,24,0.4722,kn
263775,ETXR,2014,Music|Adventure|Science Fiction,3.3,12,0.5332,en
248549,O Vendedor de Passados,2014,Drama,5.9,18,0.2101,pt
273598,Road to Your Heart,2014,Adventure|Romance,6.4,23,0.5248,af
337218,Wild in Blue,2014,Horror,4.2,22,0.5403,en
316744,Crazy Bitches,2014,Comedy|Horror,3.6,19,0.4541,en
287506,Red Rose,2014,Drama|Romance,4.9,11,0.351,fa
260619,Cuckoo,2014,Romance|Drama,7.3,10,0.4381,ta
292636,A Cry from Within,2014,Thriller|Horror|Mystery,3.8,13,0.337,en
286306,Senza nessuna pietà,2014,Crime|Drama,5.5,52,0.4219,it
220933,No God  No Master,2014,Crime|Drama|Thriller|History,5.9,22,0.2894,en
253315,All the Wilderness,2014,Drama,6.4,39,0.383,en
290656,Raised by Wolves,2014,Horror,6.1,36,0.3051,en
298865,Lost After Dark,2014,Horror,4.5,79,0.4629,en
265964,96 heures,2014,Thriller,5.417,72,0.4034,fr
252151,The Black Water Vampire,2014,Horror|Mystery,4.1,43,0.3567,en
281730,Fugly,2014,Comedy|Drama|Thriller,5.2,10,0.3216,hi
306220,My Dad Is Scrooge,2014,Family|Comedy,6.1,12,0.2544,en
293516,Mafia & Red Tomatoes,2014,Drama|Comedy,5.8,22,0.4407,it
326255,Meet the Hitlers,2014,Documentary,5.5,10,0.2769,en
299730,The Dead the Damned and the Darkness,2014,Thriller|Horror|Action,3.5,14,0.3278,en
287950,American Muscle,2014,Action,4.2,42,1.076,en
290504,Awake: The Life of Yogananda,2014,Documentary,6.7,26,0.3349,en
297580,Day of the Mummy,2014,Action|Adventure|Fantasy|Horror,5.2,46,0.4434,en
300490,Whisper If I Forget,2014,Music|Drama,7.3,60,0.5198,tr
300561,World War III,2014,Comedy|Fantasy,7.0,31,0.3519,ar
295832,Unique Brothers,2014,Romance|Comedy,5.989,305,0.3362,it
287589,Atlantic,2014,Drama,6.4,14,0.3667,en
384206,The Mundane Goddess,2014,Comedy,5.3,10,0.3353,en
278189,Apothecary,2014,Drama,6.9,12,0.3809,ml
288931,Pump,2014,Documentary,7.4,17,0.3732,en
275696,3 Nights in the Desert,2014,Drama,4.9,35,0.3177,en
267091,A Year in Champagne,2014,Documentary,6.2,14,0.2234,en
285736,Vikramadithyan,2014,Comedy|Drama,6.5,35,0.5309,ml
256467,Honour,2014,Thriller|Drama,5.615,26,0.4012,en
258691,A Ring by Spring,2014,Comedy|Romance|TV Movie,5.5,26,0.3027,en
274110,Ciudad delirio,2014,Comedy|Romance,6.4,28,0.4108,es
328319,Roh's Beauty,2014,Drama,5.0,16,0.3991,ar
309317,My Daughter Must Live,2014,TV Movie|Crime|Mystery|Thriller,4.5,10,0.3595,en
251227,Camp Takota,2014,Comedy,5.7,78,0.3287,en
294458,Vincent,2014,Comedy|Adventure|Fantasy,5.5,60,0.2969,fr
241882,Ankhon Dekhi,2014,Comedy|Drama,7.063,64,0.4135,hi
284050,Mr. Kaplan,2014,Drama|Comedy,6.3,26,0.3197,es
291260,The Ties That Bind,2014,Drama|Crime|Mystery|TV Movie,6.7,14,0.3077,en
243544,K3: Animal Hotel,2014,Family|Comedy|Adventure,7.4,15,0.3888,nl
294866,Redeemed,2014,Drama,3.045,12,0.3651,en
283389,Stones for the Rampart,2014,War|Drama|History,6.7,88,0.3122,pl
285176,Out of Nature,2014,Comedy|Drama,6.364,33,0.5043,no
254065,The Gabby Douglas Story,2014,TV Movie|Drama,7.379,70,0.45,en
270342,The Chef's Wife,2014,Comedy,5.1,80,0.3939,fr
291364,On the Bride’s Side,2014,Documentary,7.0,20,0.4872,it
270383,A Daughter's Nightmare,2014,Drama|Mystery|Thriller|TV Movie,5.9,28,0.3245,en
375311,Two Hearts As One,2014,Drama|Romance|History,6.8,13,0.3581,tr
261830,Björk: Biophilia Live,2014,Music,7.6,22,0.4937,en
363610,Dead of Winter,2014,Thriller,5.1,15,0.2831,en
423431,Drain the Bermuda Triangle,2014,Documentary|Mystery,6.8,18,0.3336,en
296727,Tutto molto bello,2014,Comedy,3.7,160,0.2786,it
294221,Hockney,2014,Documentary,7.0,11,0.2144,en
249684,Lose My Self,2014,Drama,5.4,16,0.2617,de
279332,Mom's Day Away,2014,Comedy|TV Movie,5.9,17,0.4796,en
285692,A Blast,2014,Drama|Thriller,5.9,27,0.3974,el
295884,Saving Christmas,2014,Comedy,1.84,103,0.2142,en
282113,Fair Play,2014,Drama,6.1,31,0.3622,cs
302627,French Dolls,2014,Comedy,4.6,17,0.4433,fr
332662,The Scopia Effect,2014,Thriller|Horror|Science Fiction,5.1,21,0.3056,en
251220,Who Took Johnny,2014,Documentary,6.815,65,0.316,en
306825,Deadly Daycare,2014,Drama|Thriller,5.2,16,0.395,en
287497,The Lesson,2014,Drama,6.608,51,0.3513,bg
267310,The Decent One,2014,Documentary|War,6.4,25,0.3788,de
263828,Youngistaan,2014,Drama|Romance,5.0,17,0.4332,hi
291151,The Stranger,2014,Thriller|Horror|Mystery,4.7,104,0.4406,en
342792,A Good Fellow,2014,Drama|Comedy,5.9,10,0.3037,tr
288585,Silent Heart,2014,Drama,6.6,45,0.4592,da
255824,Life of Riley,2014,Comedy|Drama,5.2,47,0.327,fr
355753,The Summer House,2014,Drama,5.558,26,0.4351,de
299729,Banksy Does New York,2014,Documentary,6.8,74,0.2445,en
278329,Korso,2014,Drama,5.0,13,0.3689,fi
329496,Gece,2014,Drama,4.0,17,0.3874,tr
329949,Finding the Adolescence,2014,Drama,4.7,12,0.3161,ja
262682,Pettson and Findus: A Little Nuisance  a Great Friendship,2014,Family|Comedy|Animation,6.2,12,0.3751,de
298609,Hollows Grove,2014,Horror,4.8,50,0.3549,en
293006,Aliens on the Moon: The Truth Exposed,2014,Documentary,3.8,34,0.3275,en
378310,Tales of Poe,2014,Horror,4.7,10,0.4252,en
298165,He Took His Skin Off for Me,2014,Horror|Drama|Romance,6.2,52,0.421,en
272101,Sacrament,2014,Thriller|Drama|Horror,3.7,15,0.2841,en
314284,Return to the Wild: The Chris McCandless Story,2014,Documentary|TV Movie,6.2,10,0.2765,en
286313,Free Fall,2014,Drama|Comedy,5.7,22,0.3618,hu
276884,In the Absence of the Sun,2014,Drama|Romance,7.3,10,0.4389,id
300695,A Magic Christmas,2014,Family|Fantasy,4.833,15,0.4414,en
371007,Ticky Tacky,2014,Drama|Comedy,6.8,16,0.3088,en
285486,Three Brothers,2014,Family|Comedy|Fantasy,6.48,25,0.3634,cs
161064,Filmistaan,2014,Comedy,6.7,18,0.3161,hi
250802,Stitch,2014,Thriller,3.7,15,0.537,en
290224,Hellmouth,2014,Horror,6.6,13,0.4279,en
250756,Lambert & Stamp,2014,Documentary|Music,7.2,13,0.3269,en
309875,Micke & Veronica,2014,Comedy|Romance,5.7,19,0.3962,sv
261192,Age of Cannibals,2014,Drama,6.8,57,0.4274,de
298986,Greenery Will Bloom Again,2014,War,6.7,88,0.2639,it
186610,Swearnet: The Movie,2014,Comedy,5.2,49,0.5821,en
169760,Maidentrip,2014,Adventure|Documentary,7.1,70,0.3335,en
256511,Cut!,2014,Thriller|Horror|Mystery,4.2,16,0.3604,en
335154,Dealer,2014,Action|Crime|Thriller,5.9,24,0.3172,fr
300568,Made in Egypt,2014,Comedy,5.324,37,0.3325,ar
308650,Children of the Night,2014,Comedy|Horror,5.0,21,0.4182,es
294622,Paulette's Chair,2014,Animation|Comedy|Family|Music,6.5,21,0.27,ja
255421,Idhu Kathirvelan Kadhal,2014,Romance|Comedy,5.3,10,0.517,ta
295799,Iris,2014,Documentary,7.3,108,0.4429,en
284290,Return to Ithaca,2014,Drama|Comedy,6.2,40,0.2641,es
289232,The Goob,2014,Romance|Drama,6.1,37,0.4775,en
442432,Metallica: This Monster Lives,2014,Documentary,5.8,16,0.205,en
288899,The Memory Book,2014,TV Movie|Romance|Drama,6.4,48,0.4116,en
304657,La Petite Mort 2: Nasty Tapes,2014,Thriller|Horror,4.2,11,0.3789,de
270766,Jigarthanda,2014,Music|Crime|Comedy|Thriller,7.528,71,0.4561,ta
260729,Les Enfoirés 2014 - Bon anniversaire Les Enfoirés,2014,Music,7.8,10,0.3048,fr
297809,Sonali Cable,2014,Drama|Romance,5.2,10,0.316,hi
299591,The Christmas Parade,2014,Drama|Family|TV Movie,5.2,50,0.2574,en
241261,The Girl on the Train,2014,Thriller,5.3,48,0.4213,en
314011,The Beat Beneath My Feet,2014,Drama|Comedy,6.349,43,0.4752,en
256273,The Fluffy Movie,2014,Comedy,6.952,115,0.3035,en
286742,High Society,2014,Drama|Comedy,5.6,32,0.3463,fr
266723,Latitudes,2014,Drama|Romance,5.8,10,0.3257,pt
312275,Throwback,2014,Horror|Action|Adventure,3.3,12,0.2588,en
291343,Nowitzki: The Perfect Shot,2014,Documentary,7.358,53,0.5612,de
283703,The Postman's White Nights,2014,Drama,6.8,48,0.2581,ru
253704,Toen was geluk heel gewoon: De film,2014,Comedy,6.4,11,0.2225,nl
262733,Dubrovsky,2014,Drama,4.7,16,0.417,ru
309929,White Soldier,2014,Drama|History|War|TV Movie,5.8,14,0.3472,fr
280831,Cecelia Ahern: Zwischen Himmel und hier,2014,Comedy|Romance|Drama,7.5,10,0.3057,de
354765,The Saturn V Story,2014,Documentary|History,6.533,15,0.3575,en
280075,Ablations,2014,Thriller|Mystery,5.0,18,0.3086,fr
293122,The Guide,2014,History|Drama,7.846,39,0.403,uk
321860,To Russia with Love,2014,Documentary,4.0,16,0.3322,en
285581,August Winds,2014,Drama,5.6,19,0.3751,pt
253281,Falling Star,2014,Drama|History,5.9,16,0.3556,es
334364,Neighborhooders,2014,Drama|Comedy,5.45,10,0.3393,pl
407344,Afterimages,2014,Fantasy|Thriller|Horror,4.3,11,0.2805,en
300214,Karthikeya,2014,Mystery|Thriller,6.1,24,0.4511,te
289180,H.,2014,Science Fiction|Thriller|Drama,5.3,39,0.3379,en
255580,Total Siyapaa,2014,Romance|Comedy,4.472,18,0.3486,hi
259416,Tommy,2014,Crime|Thriller|Mystery,5.0,21,0.356,sv
228185,Muita Calma Nessa Hora 2,2014,Comedy,5.49,52,0.2268,pt
288892,Chagall-Malevich,2014,Drama,7.0,10,0.321,ru
284215,Duran Duran: Unstaged,2014,Music|Documentary,7.469,32,0.3785,en
301016,Sunstroke,2014,History|Drama,4.8,25,0.3779,ru
263794,Druid Peak,2014,Adventure|Drama,6.7,12,0.5249,en
300795,Besondere Schwere der Schuld,2014,Drama|Thriller|TV Movie,6.5,16,0.416,de
275315,Remembering the Artist: Robert De Niro  Sr.,2014,Documentary,5.0,10,0.3955,en
258251,Ironclad 2: Battle for Blood,2014,Action|Adventure,4.8,108,0.3945,en
298653,Berkshire County,2014,Horror|Thriller,5.2,77,0.4687,en
293264,A Golden Boy,2014,Romance|Comedy|Drama,5.296,49,0.3015,it
228172,Isolados,2014,Thriller|Horror|Mystery,5.0,26,0.4765,pt
254418,Shaadi Ke Side Effects,2014,Comedy|Romance,5.343,35,0.2627,hi
313556,Six Degrees of Celebration 1914,2014,Comedy|Drama,5.8,45,0.3944,ru
336307,Love Me!,2014,Drama|Comedy,4.685,46,0.2621,de
273743,The Last Light,2014,Thriller|Drama,4.0,18,0.3865,en
313616,McDull: Me & My Mum,2014,Comedy|Animation|Drama,7.583,12,0.3316,zh
317953,Spud 3: Learning to Fly,2014,Comedy,6.0,30,0.3548,en
284306,They Have Escaped,2014,Drama,6.0,31,0.4134,fi
258665,A Prayer for Rain,2014,History|Drama,6.3,30,0.3857,en
302036,Beyond,2014,Romance|Science Fiction|Drama,3.6,27,0.4744,en
280000,Lemon Tree Passage,2014,Horror|Mystery|Thriller,4.2,96,0.4939,en
279450,Drushyam,2014,Crime|Thriller|Drama,7.9,23,0.5481,te
287594,Dukhtar,2014,Drama|Thriller,6.712,33,0.28,ur
253192,Faster Than Rabbits,2014,Comedy,6.15,50,0.3268,ru
255647,See You in Montevideo,2014,Adventure|Comedy,7.1,40,0.369,sr
193223,Die Fighting,2014,Thriller|Action,3.882,17,0.3537,en
244801,52 Tuesdays,2014,Drama,5.2,35,0.3912,en
292607,The Rise and Rise of Bitcoin,2014,Documentary|History,7.0,45,0.293,en
275657,All This Mayhem,2014,Documentary,7.5,63,0.3827,en
285021,Corrections Class,2014,Drama,6.047,53,0.3203,ru
268892,Collar,2014,Horror,4.2,11,0.2561,en
273169,French Women,2014,Comedy,5.7,385,0.3894,fr
404040,June  Adrift,2014,Drama|Comedy,4.1,12,0.3137,en
290930,Image,2014,Thriller|Drama,6.1,29,0.2819,nl
272636,Top Dog,2014,Crime|Drama,5.2,23,0.3631,en
403346,20min Walk from Nishi-Ogikubo Station  2 Bedrooms  Living Room  Dining Room  Kitchen  2mos Deposit  No Pets Allowed,2014,Animation|Fantasy|Romance,6.2,12,0.285,ja
150188,Candlestick,2014,Mystery|Thriller,5.1,13,0.2753,en
223946,Les Gazelles,2014,Comedy,5.0,108,0.4169,fr
343289,I Am Evel Knievel,2014,Documentary,6.1,12,0.4551,en
375548,Once a Year Can't Hurt,2014,Comedy,5.5,13,0.3267,es
254469,Tape_13,2014,Horror|Mystery,3.4,12,0.2799,en
295891,Jerrod Carmichael: Love at the Store,2014,Comedy|TV Movie,6.4,11,0.307,en
299264,Fort Buchanan,2014,Romance|Comedy|Drama,4.9,11,0.5665,fr
278867,Hardkor Disko,2014,Drama|Thriller,5.833,27,0.3795,pl
248268,$50K and a Call Girl: A Love Story,2014,Drama,5.8,25,0.3136,en
293536,Werewolf Rising,2014,Horror,2.4,16,0.3366,en
214775,'Til Madness Do Us Part,2014,Documentary,7.0,26,0.4436,zh
286896,Father of Four: Onkel Sofus Returns,2014,Comedy|Family,3.9,13,0.3188,da
263510,The Hornet's Nest,2014,War|Documentary|History,6.221,52,0.3576,en
258210,Airplane vs Volcano,2014,Action,4.62,92,0.4006,en
296834,An Alternative Reality: The Football Manager Documentary,2014,Documentary,6.8,14,0.3342,en
303179,The One I Wrote for You,2014,Music|Drama|Family,4.8,14,0.3917,en
286842,A Thousand Pieces,2014,Documentary,7.1,15,0.3097,sv
254047,The Wedding Pact,2014,Comedy|Romance,5.0,66,0.3603,en
278646,Divorce French Style,2014,Comedy|Romance,5.0,151,0.2237,fr
261033,Dirty Hands,2014,Thriller|Drama,6.6,18,0.2923,es
286256,Tim Maia,2014,Drama|Music|History,7.2,166,0.261,pt
297641,Holiday,2014,Drama,5.5,18,0.4152,es
288923,The Great Bikini Bowling Bash,2014,Comedy,4.5,13,0.2946,en
283704,Leopardi,2014,Drama|History,6.805,670,0.527,it
332168,Tonight It's Me,2014,Drama|Romance,5.684,19,0.2728,en
302376,We Are Young. We Are Strong.,2014,Drama,6.8,76,0.6647,de
253150,Plastic Galaxy: The Story of Star Wars Toys,2014,Documentary,6.7,27,0.3927,en
347497,Chaos on the Bridge,2014,TV Movie|Documentary|Science Fiction,7.0,54,0.4428,en
323803,Where the Road Runs Out,2014,Romance|Drama|Family,5.7,12,0.357,en
300817,Graves & Bones,2014,Thriller|Horror,4.7,12,0.1816,is
265832,Billy Crystal: 700 Sundays,2014,Comedy|TV Movie|Documentary,8.1,15,0.3487,en
258879,Dishkiyaoon,2014,Action|Thriller,3.5,11,0.3291,hi
302798,La scuola più bella del mondo,2014,Comedy,5.7,224,0.3133,it
298040,Gods,2014,Drama|History,7.7,170,0.2977,pl
173917,Stand Clear of the Closing Doors,2014,Drama,6.2,13,0.3546,en
280649,Justi&Cia,2014,Drama|Comedy,5.5,11,1.2119,es
177622,I Dream of Wires,2014,Music|Documentary,6.5,27,0.4043,en
334894,Nightmare Code,2014,Horror|Science Fiction|Thriller,4.2,20,0.2373,en
291347,Lost Time,2014,Thriller|Horror|Science Fiction,3.3,32,0.3726,en
345001,Foreign Relations,2014,Comedy|Drama,4.5,11,0.3054,en
276699,Reckless,2014,Thriller,5.672,29,0.3755,nl
256008,Superegos,2014,Comedy,4.8,14,0.3641,de
294655,Jeeva,2014,Drama|Romance,7.1,15,0.2857,ta
253307,The Infinite Man,2014,Science Fiction|Comedy|Romance,5.9,62,0.3904,en
316444,All Inclusive,2014,Comedy,5.5,26,0.3584,da
275164,Thursday the 12th,2014,Comedy,6.2,10,0.3314,el
293654,Corporate Event,2014,Comedy,3.667,18,0.4269,ru
328662,1448 Love Among Us,2014,Romance|Drama,4.6,17,0.3802,th
280127,Hazard Jack,2014,Thriller|Horror|Mystery,4.2,33,0.2945,en
307112,Beaster Day: Here Comes Peter Cottonhell,2014,Comedy|Horror,2.526,19,0.2943,en
298485,Intruders,2014,Drama|Horror|Mystery,6.9,18,0.3551,en
360292,Starship Apocalypse,2014,Action|Science Fiction,3.3,10,0.3891,en
259830,Scintilla,2014,Science Fiction,5.0,47,0.4673,en
278317,Kendime İyi Bak,2014,Romance|Comedy|Drama,6.3,11,0.2648,tr
214219,Avenged,2014,Action|Crime|Drama,5.8,25,0.4194,en
250651,The Case Against 8,2014,Documentary,6.8,25,0.3416,en
256968,Kochadaiiyaan,2014,Action|Adventure|Animation,5.4,37,0.314,ta
283607,Tales,2014,Drama,6.5,22,0.2984,fa
254171,Bewakoofiyaan,2014,Romance|Comedy|Drama,5.6,42,0.3605,hi
257353,Ready 2 Die,2014,Thriller|Crime|Drama,3.6,12,0.3373,en
264269,Apartment 18,2014,Horror|Thriller|Mystery,5.1,24,0.3984,ru
288706,Italy in a Day - Un giorno da italiani,2014,Documentary,7.7,52,0.2971,it
280218,1987,2014,Comedy|Drama,6.9,40,0.3547,fr
289169,Miracle Monks,2014,Comedy,5.4,14,0.3509,nl
266537,Not My Type,2014,Comedy|Romance|Drama,6.1,167,0.3237,fr
268778,Sophia Grace & Rosie's Royal Adventure,2014,Adventure|Music|Family|Comedy,7.1,11,0.2882,en
318654,1000 Rupee Note,2014,Drama,7.2,15,0.1662,mr
314605,Ecotherapy Getaway Holiday,2014,Comedy,6.3,10,0.3541,ja
304031,Repas de famille,2014,Comedy,4.0,31,0.1472,fr
280548,Oohalu Gusagusalade,2014,Comedy|Romance,6.8,18,0.2334,te
322127,You & I,2014,Romance|Drama,6.755,49,0.6485,de
292125,Monkey in the Middle,2014,Comedy|Family,5.5,10,0.2794,en
299145,Dawn Patrol,2014,Drama,5.0,28,0.3456,en
294095,Lascados,2014,Comedy,5.2,15,0.2633,pt
299331,Bowling Balls,2014,Drama|Comedy,5.2,21,0.3914,nl
285463,Two Shots Fired,2014,Drama|Comedy,5.692,26,0.2812,es
314353,Yearbook,2014,Comedy|Animation,6.5,20,0.1723,en
308636,Fat Pizza vs Housos,2014,Comedy,5.2,13,0.2935,en
267872,Korengal,2014,Documentary|War,6.59,89,0.4255,en
268763,The Adventurers,2014,Adventure|Romance,5.0,10,0.3582,ru
274666,Mercuriales,2014,Drama,5.4,23,0.2686,fr
256599,June in January,2014,Comedy|Drama|Romance|TV Movie,5.423,26,0.4119,en
301272,Let's Go to the Country,2014,Comedy,6.3,462,0.3112,it
182981,Nude Area,2014,Romance|Drama,4.4,25,0.412,nl
299400,Santa Claws,2014,Family|Fantasy,4.538,26,0.4854,en
264592,Die Mamba,2014,Comedy,5.2,22,1.285,de
262009,In the Crosswind,2014,Drama|History,7.1,44,0.3144,et
283563,White Collar Hooligan 3,2014,Thriller|Crime,4.8,17,0.2827,en
332675,The Gospel of John,2014,Drama|Fantasy,7.0,22,0.3248,en
272420,Bobby Jasoos,2014,Drama|Action|Comedy,5.438,32,0.2899,hi
331136,Sensitive Floor,2014,Comedy|Drama,5.3,11,0.3043,fa
292539,Food Chains,2014,Documentary,7.0,17,0.3161,de
286599,Casanova Variations,2014,Drama|Music,5.3,13,0.2883,en
311078,I Stay with You,2014,Drama|Comedy|Horror,4.8,21,0.2376,es
270772,Mundasupatti,2014,Comedy|Romance,7.2,13,0.4353,ta
269246,Batman Beyond,2014,Action|Animation|Science Fiction,7.0,71,0.3462,en
294086,Tiger Orange,2014,Drama,5.0,25,0.2765,en
276922,Come Back to Me,2014,Horror,5.7,117,0.3485,en
299578,A Cookie Cutter Christmas,2014,TV Movie|Comedy|Romance,6.1,82,0.3262,en
260094,Four of Us,2014,Comedy,6.0,32,0.2945,it
211076,Bad Turn Worse,2014,Thriller|Crime|Drama,5.404,83,0.275,en
200497,Chicks Dig Gay Guys,2014,Comedy,2.9,12,0.3904,en
341035,Demon Baby,2014,Thriller|Horror,3.7,22,0.3475,en
242262,La sedia della felicità,2014,Comedy,5.6,103,0.2739,it
428583,Sins of Our Youth,2014,Thriller|Drama,4.7,16,0.2655,en
315723,The Nostalgist,2014,Action|Adventure|Fantasy|Science Fiction,7.0,21,0.4203,en
281992,Sathuranga Vettai,2014,Crime|Thriller|Comedy,8.109,23,0.3653,ta
283739,The Grad Job,2014,Comedy,5.286,119,0.3962,fr
264389,Carmín Tropical,2014,Drama|Mystery,5.8,20,0.2202,es
307308,Benedict Ironbreaker: The Red Taxis,2014,Comedy,4.541,37,0.3327,fr
267557,A Boyfriend for My Wife,2014,Comedy,5.0,111,0.3366,it
262119,Legend,2014,Action|Drama,5.529,17,0.3986,te
249170,Dinosaur 13,2014,Documentary,6.886,101,0.3795,en
305639,Das Lächeln der Frauen,2014,Drama|Romance,5.4,13,0.3364,de
278878,The Gunfighter,2014,Comedy|Western,7.108,134,0.604,en
271955,Girls' Robbery,2014,Action|Comedy,4.5,16,0.433,tr
290695,Melbourne,2014,Drama,6.3,31,0.3049,fa
288694,La trattativa,2014,Crime|Documentary,7.494,85,0.32,it
322173,Mr & Mrs Ramachari,2014,Romance|Action|Drama,6.3,10,0.358,kn
255746,The Reunion 2: The Funeral,2014,Comedy,5.0,29,0.2802,da
284606,Prelude to Axanar,2014,Science Fiction|War,6.911,28,0.3575,en
259014,A Bit of Bad Luck,2014,Comedy|Thriller|Drama,4.2,11,0.2289,en
297298,Mandıra Filozofu,2014,Comedy,6.521,48,0.2946,tr
281455,Sophie Seeks 7,2014,Drama|Comedy|Romance,4.6,12,0.3523,pl
402515,American Beast,2014,Fantasy|Thriller,6.4,35,0.3592,en
254273,The Dam Keeper,2014,Animation|Drama|Family|Fantasy,7.5,45,0.3085,en
317467,Selfie,2014,Comedy,6.2,28,0.2844,ro
334613,Yusuf Yusuf,2014,Comedy,3.448,29,0.2496,tr
298538,Disaster L.A.: The Last Zombie Apocalypse Begins Here,2014,Action|Horror|Science Fiction,5.4,142,0.3107,en
268729,10 Rules for Winning Her Heart,2014,Comedy,4.667,15,0.3991,cs
172469,Love & Air Sex,2014,Comedy,4.244,39,0.2561,en
259719,Getulio,2014,Drama|History,6.7,69,0.2981,pt
279968,White Settlers,2014,Mystery|Thriller|Horror,4.7,106,0.289,en
396830,The IT Crowd Manual,2014,Comedy|Documentary,8.2,18,0.3436,en
274483,Fool Circle,2014,Drama|Comedy,5.811,53,0.3825,fr
287581,Foreign Body,2014,Drama,5.1,14,0.2418,pl
265505,Eyyvah Eyvah 3,2014,Comedy,5.278,72,0.3342,tr
297278,Na Quebrada,2014,Drama,5.3,22,0.4306,pt
299796,The Photographer,2014,Thriller,6.3,13,0.4496,pl
296641,Danny's Doomsday,2014,Science Fiction|Family|Adventure,5.9,33,0.2588,da
292218,De guerre lasse,2014,Drama,5.355,31,0.3203,fr
273693,Baby Bootcamp,2014,Romance|Drama|TV Movie,6.328,32,0.424,en
294223,The Fat and the Angry,2014,Crime,5.7,17,0.3186,sv
440003,INT. CAFÉ – NIGHT,2014,Romance|Drama,7.1,12,0.368,en
295800,Fevers,2014,Drama|Family,7.0,10,0.3638,fr
288424,Shock Value,2014,Horror,5.3,19,0.4258,en
278377,Whitney Cummings: I Love You,2014,Comedy,6.1,16,0.3056,en
291202,Fire,2014,Drama|Thriller,4.8,25,0.2352,es
268229,Hungerford,2014,Action|Horror|Science Fiction,4.1,105,0.2779,en
247726,What Did You Tell God?,2014,Music|Comedy,7.1,12,0.1873,es
420172,Tomorrow,2014,Drama|Romance,6.3,15,0.3448,en
285598,Call Girl of Cthulhu,2014,Comedy|Horror,5.0,37,0.325,en
314635,Schmitke,2014,Comedy|Drama,6.3,10,0.1738,de
288708,In the Basement,2014,Documentary,6.123,77,0.7777,de
264530,I've Never Had A Hilda,2014,Unknown,5.1,11,0.1717,es
308425,Amapola,2014,Comedy|Romance|Fantasy,5.8,12,0.2846,es
266065,Beautiful Youth,2014,Drama,5.9,29,0.3647,es
307293,Götz von Berlichingen,2014,Adventure|History|TV Movie,4.7,12,0.3997,de
292631,Negociador,2014,Comedy,6.3,28,0.3529,es
278296,Home,2014,Romance|Drama|Comedy,6.455,11,0.419,sv
668297,The Last Avatar,2014,Adventure|Drama|Fantasy,4.625,12,0.1894,en
274480,Among Ravens,2014,Drama|Comedy,4.8,20,0.3991,en
262904,Kidnapped for Christ,2014,Documentary|Drama,6.52,25,0.2395,en
280894,Anywhere Else,2014,Comedy|Drama,6.1,10,0.251,de
429531,Electric July,2014,Adventure|Drama|Mystery,5.3,13,0.3787,fr
302205,Citizen,2014,Comedy|Drama,5.435,23,0.3009,pl
289575,Tales of the Grim Sleeper,2014,Crime|Documentary,6.3,66,0.2533,en
262789,Ti ricordi di me?,2014,Romance|Comedy,6.6,243,0.2691,it
339992,The Redwood Massacre,2014,Horror,3.893,61,0.4124,en
262782,Boys in Brazil,2014,Comedy|Drama|Romance,6.0,17,0.381,pt
253337,The Winding Stream,2014,Documentary|Family|History|Music,6.5,11,0.3579,en
259879,20 Ft Below: The Darkness Descending,2014,Thriller,3.1,24,0.2175,en
253020,Road 47,2014,War|History|Drama,6.134,56,0.2131,pt
496353,Tits,2014,Drama|Comedy,4.4,16,0.2872,fi
406333,Che,2014,War,5.6,21,0.2312,fa
296178,Posthumous,2014,Comedy|Drama|Romance,5.9,56,0.3286,en
262199,Hannibal Buress: Live From Chicago,2014,Comedy,6.711,38,0.2967,en
236827,Land of the Bears,2014,Documentary,7.5,25,0.2195,fr
313302,Kuiba III,2014,Adventure|Action|Animation|Fantasy,7.9,11,0.2725,zh
292108,The Hunted,2014,Thriller,5.106,33,0.3611,en
271188,Dangerous Mind of a Hooligan,2014,Crime,4.1,14,0.2558,en
252444,Get Married If You Can,2014,Comedy|Romance,7.379,224,0.3486,es
236365,Redlands,2014,Drama,4.5,10,0.4261,en
172792,Holy Ghost People,2014,Drama|Thriller,5.036,28,0.4065,en
264001,A Fairy Tale Wedding,2014,Comedy,5.6,149,0.3634,it
401868,Slap,2014,Drama,6.0,10,0.3596,en
282762,Committed,2014,Comedy|Drama|Romance,6.2,24,0.2385,en
273599,The Suicide Theory,2014,Drama|Thriller,6.3,76,0.2461,en
369607,A Christmas Tail,2014,Family|Comedy|Romance|TV Movie,5.3,10,0.3507,en
254007,The Samurai,2014,Thriller|Horror|Fantasy,5.455,56,0.339,de
294861,An Evergreen Christmas,2014,Family|Music|Romance,4.2,15,0.3817,en
249457,Well-Off People,2014,Comedy,4.8,115,0.2805,it
320642,Skin Deep,2014,Drama,4.8,14,0.3425,en
282440,Bag Boy Lover Boy,2014,Horror|Comedy,3.2,18,0.2942,en
212814,Death Do Us Part,2014,Horror|Thriller,3.5,25,0.2893,en
276477,The Man Who Cracked the Nazi Code: The Story of Alan Turing,2014,Documentary,6.9,12,0.258,fr
296157,Genesis: Together and Apart,2014,Music|Documentary,6.4,14,0.2617,en
259043,Krisha,2014,Drama,6.2,15,0.207,en
334135,Jeziorak,2014,Crime|Drama,5.3,20,0.2067,pl
281348,American Mummy,2014,Horror,4.3,13,0.3345,en
271393,Demon Legacy,2014,Horror,4.6,27,0.3583,en
375186,Tree Lighting Ceremony,2014,Animation|Family|Music,6.1,25,0.2212,en
200487,Web Junkie,2014,Documentary,6.6,17,0.357,en
268536,A Master Builder,2014,Drama,5.9,26,0.3676,en
293901,Haunting of Cellblock 11,2014,Thriller|Horror,4.3,31,0.383,en
291259,Beyond the Pale,2014,Crime|Drama|Mystery|TV Movie,6.9,14,0.3089,en
284342,Hope,2014,Drama,5.9,17,0.2002,fr
211258,Wax,2014,Horror,5.0,28,0.231,en
284250,Halam Geldi,2014,Drama,7.3,25,0.3316,tr
296680,Human Voice,2014,Romance|Drama,7.1,22,0.3118,it
310127,Ma tu di che segno 6?,2014,Comedy,4.8,253,0.242,it
380876,J.R.R. Tolkien: Designer of Worlds,2014,Documentary|Fantasy,6.9,17,0.354,fr
348133,Yes & Yes,2014,Drama,4.0,18,0.3147,ru
198677,SAGA - Curse of the Shadow,2014,Action|Fantasy|Adventure,5.5,86,0.3346,en
294466,Papa Was Not a Rolling Stone,2014,Drama|Comedy,5.6,37,0.2597,fr
312428,Un Natale stupefacente,2014,Comedy,5.7,160,0.3022,it
289039,Factory Girl,2014,Drama|Romance,6.4,25,0.2986,ar
458918,Dear Elza!,2014,War|Drama,6.5,11,0.293,hu
283201,Finding Fanny,2014,Comedy,5.34,47,0.3864,en
293093,Dark Haul,2014,Horror,4.9,17,0.2425,en
353555,Face of the Devil,2014,Horror,5.58,25,0.3121,es
274285,Sector 4: Extraction,2014,War|Action,3.6,24,0.4418,en
298483,Bitterly! 2,2014,Comedy,4.533,46,0.3362,ru
367531,NEW,2014,Drama|Science Fiction,7.9,11,0.196,en
293303,Hirngespinster,2014,Drama,5.5,11,0.3819,de
283699,The Last Hammer Blow,2014,Drama,6.3,23,0.2495,fr
392051,The Damned Thing,2014,Thriller|Horror,4.0,16,0.2457,en
272822,Back on Board: Greg Louganis,2014,Documentary,7.4,10,0.253,en
305971,Das Zeugenhaus,2014,Drama|History,6.8,15,0.3774,de
290550,Storm Children,2014,Documentary,7.5,18,0.2985,tl
228167,Irmã Dulce,2014,Drama|History,7.7,33,0.228,pt
308152,The Perfect Husband,2014,Drama|Horror|Thriller,4.2,47,0.247,en
276729,Heaven Adores You,2014,Documentary|Music,6.9,33,0.3896,en
272414,Echo Park,2014,Drama|Romance,5.8,13,0.2572,en
255174,Daughters,2014,Drama,4.6,13,0.2883,de
375855,Ottaal,2014,Drama,7.6,20,0.295,ml
270646,The Kindergarten Teacher,2014,Drama,5.909,33,0.3018,en
250666,The Overnighters,2014,Drama|Documentary,6.977,65,0.3369,en
300998,Lee Evans: Monsters,2014,Comedy,7.6,14,0.212,en
285025,Tour de Force,2014,Drama|Comedy,7.2,66,0.2429,de
295087,Bangkok  We Have A Problem!,2014,Adventure|Comedy,5.0,114,0.2577,fr
280923,Death Factory,2014,Horror,3.3,25,0.2312,en
157380,May in the Summer,2014,Drama|Comedy,5.9,29,0.3608,en
252190,American Weapon,2014,Horror|Thriller,4.0,12,0.2592,en
266080,National Gallery,2014,Documentary,7.3,47,0.302,en
297736,Radiator,2014,Drama,6.4,12,0.2914,en
314449,I'm Not Angry!,2014,Drama,6.5,11,0.256,fa
854907,Senritsu Kaiki File Kowasugi! Preface: True Story of the Ghost of Yotsuya,2014,Horror,6.8,13,0.2403,ja
277610,Eat,2014,Drama|Thriller|Horror,5.0,62,0.2554,en
275330,Çılgın Dersane 3,2014,Comedy,2.1,10,0.2788,tr
346098,Oflu Hodja's Code,2014,Comedy,3.6,20,0.2536,tr
288789,Merchants of Doubt,2014,Documentary,7.4,98,0.3694,en
286569,Njan Steve Lopez,2014,Drama|Romance|Thriller,7.1,13,0.2423,ml
412811,Dark Amazon,2014,Adventure|Horror|Thriller,3.4,11,0.2016,en
270672,The Formula,2014,Romance|Comedy,2.9,15,0.2091,en
249147,Zebra Stripes,2014,Comedy,4.7,49,0.2263,fr
307251,He Who Dares: Downing Street Siege,2014,Action,3.4,21,0.2749,en
303141,The Dragons of Camelot,2014,Fantasy,5.0,12,0.2596,en
326474,Hadi Insallah,2014,Comedy,5.1,37,0.2748,tr
251671,Heart Street,2014,Romance|Comedy,6.242,33,0.3404,nl
289960,Blondie's New York and the Making of Parallel Lines,2014,Music|Documentary,5.8,10,0.2079,en
246011,Ping Pong Summer,2014,Comedy|Drama|History|Family,5.714,56,0.3365,en
241766,Lords of London,2014,Crime|Mystery|Thriller,3.6,14,0.2894,en
283459,Marsella,2014,Drama,6.679,14,1.3523,es
298869,Bag Man,2014,Action|Drama|Fantasy,7.0,11,0.2497,en
290365,Project-M,2014,Science Fiction|Drama,4.7,26,0.6838,fr
367181,Reality+,2014,Science Fiction,6.9,86,0.2528,fr
309019,Best Day Ever,2014,Romance|Drama,4.0,23,0.2386,en
290544,Sunstrokes,2014,Comedy,5.909,22,0.3303,es
253018,One Night in Oslo,2014,Drama|Romance,4.6,15,0.2131,no
281968,La Sapienza,2014,Drama,6.0,30,0.3525,fr
331745,Top Spin,2014,Documentary,6.9,21,0.2043,en
266030,Party Girl,2014,Drama,6.9,47,0.268,fr
308167,Coconut the Dragon,2014,Family|Animation,5.2,19,0.3359,de
299858,Dog Food,2014,Thriller|Horror|Drama,6.477,22,0.5727,en
297462,Old Fashioned,2014,Romance|Drama,6.4,42,0.219,en
264041,Meaghamann,2014,Thriller|Drama|Action|Crime,6.7,13,0.3386,ta
309268,Fuerzas Especiales,2014,Action|Comedy,4.9,18,0.2717,es
271665,Deep in the Darkness,2014,Horror|Thriller,4.78,84,0.2878,en
279665,Better than Nothing,2014,Drama|Comedy,5.1,11,0.2205,de
253684,Divin enfant,2014,Comedy,3.7,16,0.3401,fr
294686,Dummy the Mummy,2014,Adventure|Family,5.3,15,0.1867,nl
284200,The Choking Game,2014,Drama|TV Movie,5.1,12,0.2582,en
213373,What Now? Remind Me,2014,Documentary|History,5.4,11,0.2581,pt
253535,1983,2014,Drama,7.4,34,0.4248,ml
284051,The Bridges of Sarajevo,2014,Drama|Documentary,6.3,10,0.2372,fr
190625,Territory 8,2014,Science Fiction|Action|Drama,3.0,15,0.255,en
218670,One Eyed Girl,2014,Drama|Thriller,5.091,33,0.1849,en
267743,Mark of the Witch,2014,Fantasy|Horror|Science Fiction,3.327,26,0.3091,en
334616,Cristiano Ronaldo: World at His Feet,2014,Documentary,7.58,56,0.4138,en
307100,More Scenes from a Gay Marriage,2014,Comedy|Drama|Romance,3.909,11,0.3048,en
308817,Blood Red,2014,Crime|Drama|TV Movie,4.5,14,0.4092,fr
460286,The Jigsaw,2014,Horror|Mystery,6.2,11,0.2841,en
250660,Ivory Tower,2014,Documentary,7.118,34,0.3692,en
375380,Tiny Detectives,2014,Comedy,6.6,21,0.3043,en
296367,Morning Star,2014,Fantasy|Action|Adventure,3.4,19,0.2628,en
278265,Ballet Boys,2014,Documentary,7.3,17,0.4526,no
351686,Rik Mayall: Lord of Misrule,2014,Documentary,7.5,13,0.2393,en
484645,Golden Time,2014,Animation|Drama|Fantasy,6.8,30,0.3092,ja
306963,Wanderers,2014,Science Fiction|Animation,7.3,63,0.3942,en
256912,Lasa & Zabala,2014,Thriller|Crime,6.0,21,0.2194,es
302252,Red,2014,Drama|Action,4.5,21,0.2699,tl
321486,Across the Sea,2014,Drama,4.7,14,0.2423,tr
306959,Stand Up  Strip Down,2014,Thriller,3.6,11,0.1609,en
250653,E-Team,2014,Documentary,6.0,31,0.18,en
424432,Sofia Coppola's Little Mermaid,2014,Comedy,7.5,10,0.2647,en
290188,The Brittany Murphy Story,2014,Drama|TV Movie,3.9,26,0.2955,en
326293,Alice in Marialand,2014,Drama,5.7,11,0.3109,es
354677,3 in a Bed,2014,Drama|Comedy,3.9,12,0.3105,en
241070,Divorce Corp.,2014,Documentary|Drama,8.0,11,0.2325,en
280036,Surrounded,2014,Thriller,4.2,13,0.2704,en
289174,The President,2014,Drama,6.756,41,0.403,ka
258614,Pantani: The Accidental Death of a Cyclist,2014,Documentary,6.942,43,0.2511,en
434567,Bodom,2014,Mystery|Thriller|Horror,5.2,10,0.1676,hu
280422,All at Once,2014,Crime|Comedy|Mystery,6.294,34,0.2561,ru
268860,Hawaa Hawaai,2014,Drama|Family,7.3,14,0.3052,hi
296029,Matt Shepard Is a Friend of Mine,2014,History|Documentary,7.1,40,0.231,en
255674,The Visitant,2014,Horror|Thriller,4.5,14,0.2151,en
258357,The Whole Shebang,2014,Drama|Comedy,4.583,12,0.2153,de
138943,Daddy's Little Girl,2014,Horror|Thriller,6.121,66,0.2924,en
770192,Pol,2014,Comedy,3.9,10,0.1988,es
929131,Morning,2014,Drama,8.0,18,0.2301,ja
323182,One Hundred Thousand Bad Jokes,2014,Animation|Comedy|Fantasy,5.9,25,0.2922,zh
250665,No No: A Dockumentary,2014,Documentary,7.0,38,0.2176,en
227933,Alemão,2014,Action|Drama|Crime,6.186,105,0.2372,pt
251584,The Mighty Angel,2014,Drama,6.227,64,0.3108,pl
363072,Borderline,2014,Thriller|TV Movie,6.7,54,0.3224,fr
299876,A Tale of Momentum & Inertia,2014,Animation|Comedy,7.1,12,0.2832,en
312980,Paranormal Island,2014,Thriller|Horror,4.5,17,0.2598,en
278706,Chrysalis,2014,Drama|Horror|Science Fiction,5.056,18,0.3051,en
268694,Eddie Reynolds and The Iron Angels,2014,Comedy|Music|Romance,5.6,13,0.2893,es
298153,The Truth Shall Not Sink with Sewol,2014,Documentary,7.6,12,0.2467,ko
279997,I Survived a Zombie Holocaust,2014,Comedy|Horror,5.14,43,0.2145,en
319167,Station to Station,2014,Drama|Documentary|Music,6.8,10,0.5332,en
215946,Canopy,2014,War|Adventure|Drama,5.667,39,0.2146,en
372174,House of Manson,2014,Crime|Drama|Thriller|Horror|Mystery,4.526,19,0.2724,en
285394,Chubby,2014,Family|Comedy,3.6,24,0.2123,fr
261813,Slaying the Badger,2014,Documentary,6.8,12,0.3283,en
258126,Hallåhallå,2014,Comedy,6.367,15,0.2468,sv
334224,Inspector Dupin: Brittany Calling,2014,Crime|TV Movie,6.3,10,0.3464,de
218482,Stripped,2014,Documentary,7.1,22,0.2762,en
255073,Thou Wast Mild and Lovely,2014,Thriller|Drama,5.3,29,0.2679,en
278990,Seve,2014,Drama|Documentary,6.733,15,0.3445,en
270600,A Tiger's Tail,2014,Family|Comedy,4.5,13,0.2193,en
290643,Belluscone: A Sicilian Story,2014,History|Documentary,6.939,74,0.2318,it
295314,L'Oranais,2014,History|Drama,7.4,12,0.1809,fr
274826,On the Edge,2014,Action|Drama,4.9,13,0.2233,da
277594,Hercules Reborn,2014,Adventure|Action,4.2,72,0.3236,en
261039,The Other One: The Long  Strange Trip of Bob Weir,2014,Documentary|Music,6.8,29,0.2258,en
300600,Rise,2014,Crime|Thriller|Drama,6.1,10,0.4512,en
328763,Echoes,2014,Drama|Horror|Thriller,4.2,44,0.2295,en
284246,The Yes Men Are Revolting,2014,Documentary,7.048,31,0.2107,en
282671,Für immer ein Mörder - Der Fall Ritter,2014,Crime|TV Movie,6.7,12,0.2099,de
336033,Break Free,2014,Documentary,7.4,23,0.2052,en
256314,Beltracchi: The Art of Forgery,2014,Crime|Documentary|History,7.102,49,0.3642,de
260163,Apocalyptic,2014,Horror|Drama,4.5,33,0.1686,en
268386,Ragamuffin,2014,Drama|Music,6.1,14,0.348,en
232580,The Good Life,2014,Adventure|Drama,5.8,23,0.1926,fr
341957,21 Days,2014,Horror|Thriller,4.6,19,0.211,en
303965,Goat Witch,2014,Horror,4.3,10,0.2386,en
291452,Camp Blood First Slaughter,2014,Horror|Thriller,3.3,23,0.2581,en
267198,Public Enemies,2014,Drama|TV Movie|History,4.9,14,0.2344,de
287917,What We Have,2014,Drama|Romance,4.2,13,0.3199,en
691209,Friend,2014,Drama|Comedy,6.3,14,0.4238,jv
323518,Your Inner Fish,2014,Documentary,8.0,11,0.2648,en
294825,Rumors of Wars,2014,Thriller,3.4,17,0.2419,en
302253,Prague Cans,2014,Comedy,4.824,17,0.2646,cs
264800,L'oro di Scampia,2014,Drama|TV Movie,7.4,19,0.3154,it
302329,Robin Hood – The Musical Spectacle,2014,Family|Music,6.5,23,0.2955,fr
328930,Sunrise,2014,Drama,6.2,20,0.2293,mr
312817,All I Want for Christmas,2014,Family|TV Movie,4.971,17,0.2626,en
266370,1 by Two,2014,Thriller,5.0,13,0.2003,ml
263986,The Drownsman,2014,Horror|Fantasy|Thriller,4.5,57,0.3552,en
303632,Palace Beach Hotel,2014,Thriller|Drama|TV Movie,5.1,10,0.1956,de
300223,Change,2014,Adventure|Documentary,9.5,10,0.2612,en
268150,Circus of the Dead,2014,Horror|Thriller,5.2,12,0.2538,en
348799,Beauty,2014,Animation|Drama,5.8,12,0.1975,it
297590,The Day the Series Stopped,2014,Documentary|TV Movie,7.4,14,0.3567,en
265563,The Mystery of Happiness,2014,Comedy|Drama|Romance,6.1,22,0.4071,es
304599,Bath House,2014,Comedy|Animation,6.1,10,0.8854,sv
301733,William Kelly's War,2014,War,5.9,10,0.3062,en
772689,Re-Cycling,2014,Animation,7.6,48,0.2206,en
406339,The L Word Mississippi: Hate the Sin,2014,Documentary,5.9,10,0.2105,en
261041,The Search for General Tso,2014,Documentary,6.5,57,0.1846,en
251016,Patton Oswalt: Tragedy Plus Comedy Equals Time,2014,Comedy|Documentary|TV Movie,6.8,20,0.2855,en
286568,Inside Out,2014,Comedy,4.6,15,0.2271,pt
343878,An Afternoon,2014,Drama|Romance,5.5,11,0.191,da
329402,The Law,2014,History|TV Movie,6.4,17,0.343,fr
316745,Make Me Shudder 2: Shudder Me Mae Nak,2014,Comedy|Horror,5.2,14,0.2655,th
280016,Asmodexia,2014,Horror,4.6,37,0.2104,es
241135,Benny & Jolene,2014,Comedy|Romance,6.1,10,0.1286,en
288618,Atlántida,2014,Drama,5.667,12,0.2063,es
297258,Playing for the Mob,2014,Documentary,6.4,12,0.2993,en
294050,The Boy with the Golden Pants,2014,Fantasy|Adventure|Family,5.978,23,0.2684,sv
174349,Big Men,2014,Documentary,7.3,15,0.3491,en
291156,No One's Child,2014,Drama,6.6,21,0.2168,sr
270926,Maidan,2014,Documentary,7.9,20,0.2783,uk
111833,Boro in the Box,2014,Drama|Fantasy,6.7,30,0.2236,fr
309037,Partners By Accident,2014,Comedy|Action|Adventure,5.1,33,0.2156,es
322603,Sweet Cocoon,2014,Adventure|Comedy|Animation,6.0,24,0.4175,xx
303665,Journey to Le Mans,2014,Documentary,6.3,24,0.2615,en
250852,The Notorious Mr. Bout,2014,Documentary,5.5,11,0.22,en
435953,Una Ferrari per due,2014,Comedy|TV Movie,6.4,15,0.237,it
308931,Everything is Love,2014,Romance|Comedy|Drama,5.6,31,0.2061,de
292139,Power,2014,Action|Comedy,5.7,19,0.404,te
381071,My Beautiful Broken Brain,2014,Documentary,7.1,67,0.3026,en
279977,The Mirror,2014,Horror,4.188,40,0.2932,en
173327,From Bedrooms to Billions,2014,Documentary,7.0,13,0.2172,en
509767,What It Was,2014,Drama|Romance,5.2,12,0.1865,en
173165,The King of Arcades,2014,Documentary,5.7,18,0.2671,en
270802,666: Devilish Charm,2014,Horror|Thriller,3.2,11,0.3364,en
271433,Wir sind die Neuen,2014,Comedy,6.542,71,0.2104,de
306780,Warsaw Uprising,2014,History|War|Drama,6.763,19,0.1601,pl
190907,The Owners,2014,Comedy|Drama,7.0,12,0.1947,es
302632,Chotushkone,2014,Thriller|Drama,7.321,28,0.2522,bn
285595,My Own Man,2014,Comedy|Documentary|Drama,6.2,15,0.2173,en
294538,Hit by Lightning,2014,Romance|Comedy|Crime,4.7,39,0.3769,en
233226,The Dark Place,2014,Thriller|Mystery|Horror,4.6,19,0.2791,en
433715,8 Days,2014,Thriller|Drama,7.4,10,0.2305,en
265715,Field of Dogs,2014,Drama|Fantasy,5.1,17,0.2152,pl
246743,Whitey: United States of America v. James J. Bulger,2014,Crime|Documentary,6.4,82,0.1873,en
341182,I Am Nojoom  Age 10 and Divorced,2014,Drama,7.0,31,0.307,ar
297881,Dead Hearts,2014,Horror|Romance|Fantasy|Comedy,6.4,15,0.2721,en
267802,Cambio de ruta,2014,Comedy|Romance,6.0,21,0.2132,es
290316,My Friend Victoria,2014,Drama,6.1,18,0.2174,fr
334381,Basically,2014,Comedy|Drama,6.148,44,0.2361,en
293974,Gift from the Heart,2014,Comedy|Romance,5.2,17,0.2361,nl
302802,Three Touches,2014,Drama,4.3,12,0.3019,it
259829,The Crypt,2014,Horror,3.875,20,0.2398,en
250650,Captivated: The Trials of Pamela Smart,2014,Documentary,6.1,29,0.336,en
285205,Here Is Harold,2014,Comedy|Drama,5.808,26,0.2154,no
350830,Time Machine 1973,2014,Comedy,6.0,28,0.1819,tr
256509,Flytrap,2014,Science Fiction,5.6,11,0.3101,en
233839,GameCenter CX: The Movie - 1986 Mighty Bomb Jack,2014,Comedy|Drama,7.0,12,0.2012,ja
268302,W. Witse: de film,2014,Mystery|Crime|Thriller,5.8,13,0.1623,nl
300521,Born in Gaza,2014,Documentary,7.8,24,0.2904,es
276614,Attacking the Devil: Harold Evans and the Last Nazi War Crime,2014,Documentary,7.8,17,0.2942,en
346074,What a Wonderful World,2014,Drama,6.5,12,0.2662,ro
298722,Soap Opera,2014,Comedy,5.546,239,0.2308,it
280668,Don't Think I've Forgotten: Cambodia's Lost Rock and Roll,2014,Music|Documentary,7.7,10,0.2123,en
434142,C'est pas de l'amour,2014,Drama|TV Movie,4.8,12,0.1995,fr
347247,Lauda - The Untold Story,2014,Documentary,6.619,21,0.3447,de
270909,Refugiado,2014,Drama|Thriller,6.0,18,0.2276,es
265331,Happy Times,2014,Romance|Comedy,5.5,20,0.2472,es
261815,Five Star,2014,Drama,5.3,14,0.1826,en
296370,Dance-Off,2014,Romance|Music|Comedy|Drama,5.9,100,0.3287,en
365847,The Last Man,2014,Science Fiction,4.5,11,0.1486,en
270665,Eat Your Bones,2014,Drama,6.2,38,0.3042,fr
284343,Self Made,2014,Drama,5.1,11,0.2923,he
255549,Quiet Bliss,2014,Drama,6.2,19,0.1679,it
257593,The Move of the Penguin,2014,Comedy,5.6,179,0.2411,it
287578,Boys Like Us,2014,Drama,4.6,16,0.3185,fr
309360,Zouzou,2014,Comedy|Drama|Family,4.7,12,0.291,fr
255533,The Kidnapping of Michel Houellebecq,2014,Comedy|Drama,6.5,50,0.2825,fr
265112,Male Mistakes,2014,Comedy,6.0,39,0.1896,de
250193,The Crime of Cacaro Gumaro,2014,Comedy,4.4,19,0.2044,es
277686,The Man in the Orange Jacket,2014,Horror|Thriller|Crime,5.3,24,0.235,lv
319351,Murder In Aveyron,2014,Crime|Drama|Mystery|TV Movie,6.0,10,0.3476,fr
332488,Zombie Resurrection,2014,Horror,4.3,15,0.1488,en
291506,Supervenus,2014,Horror|Animation|Comedy,6.3,28,0.1989,fr
245589,Voodoo Possession,2014,Mystery|Horror|Drama,3.3,29,0.4354,en
499273,2101,2014,Action|Adventure|Science Fiction,2.9,12,0.1515,en
169817,Swim Little Fish Swim,2014,Comedy|Drama,4.6,19,0.3417,fr
297482,Sebastian Maniscalco: Aren't You Embarrassed?,2014,Comedy,7.875,28,0.274,en
275332,Back to School,2014,Comedy,6.6,20,0.1653,es
285580,White Nights on the Pier,2014,Romance|Drama,5.9,11,0.3317,fr
257381,Week-ends,2014,Drama|Comedy,4.2,31,0.226,fr
256423,Miracle Landing on the Hudson,2014,Documentary,6.8,11,0.323,en
298445,I Am Santa Claus,2014,Drama|Documentary|Comedy,6.141,39,0.2803,en
256561,Free to Play,2014,Documentary,6.927,158,0.2444,en
302687,Kev Adams - Voilà Voilà,2014,Comedy,6.6,76,0.224,fr
278717,Test,2014,Drama,6.4,29,0.3602,ru
256836,Next Goal Wins,2014,Documentary,7.105,57,0.2232,en
228184,Os Caras de Pau em O Misterioso Roubo do Anel,2014,Comedy,5.038,52,0.8438,pt
289280,A Single Life,2014,Animation|Comedy,6.9,70,0.1675,xx
312149,Russell Brand: End the Drugs War,2014,Documentary,7.9,11,0.1943,en
364998,Cryptic,2014,Horror|Comedy,4.5,10,0.2166,en
316590,Robert Kelly: Live at the Village Underground,2014,Comedy,6.7,10,0.2202,en
292106,Mummy  I'm a Zombie,2014,Fantasy|Animation,7.0,54,0.3022,es
262240,My Son's Murderer Will Die Tonight,2014,Drama|TV Movie,6.463,67,0.1835,fr
267804,In the Courtyard,2014,Drama|Comedy,5.8,89,0.2217,fr
254362,Navajazo,2014,Documentary,5.7,11,0.2024,en
320643,Stand,2014,Drama|Mystery|Romance,5.1,15,0.2676,ru
253513,Heart Attack,2014,Romance|Action,4.8,11,0.2909,te
229559,The Unexpected Love,2014,Comedy|Drama,6.373,51,0.3137,es
348964,Baby Phone,2014,Family|Comedy,5.1,73,0.431,fr
256628,Takedown: The DNA of GSP,2014,Documentary,6.2,12,0.2821,en
313686,Princezna a písař,2014,Family|Comedy,6.0,11,0.433,cs
301865,World of Warcraft: Looking For Group,2014,Documentary,6.5,19,0.313,en
253702,Supernova,2014,Drama,5.2,12,0.2504,nl
285554,Norway,2014,Horror|Comedy|Fantasy,4.981,26,0.1597,el
283979,Staudamm,2014,Drama,6.1,11,0.1517,de
261082,Perpetual Sadness,2014,Drama,7.5,10,0.2642,es
289229,My Dad's a Soccer Mom,2014,Comedy|Drama|Family|TV Movie,6.2,10,0.2288,en
250761,Last Days in Vietnam,2014,War|Documentary,7.3,93,0.2444,en
309309,A Noite da Virada,2014,Comedy,5.4,35,0.1935,pt
295538,The Culture High,2014,Documentary,7.438,48,0.2282,en
259246,Chasing the Devil,2014,Horror,4.5,21,0.1934,en
291520,Brèves de comptoir,2014,Comedy,4.5,19,0.2231,fr
128250,When I Saw You,2014,Drama,7.02,25,0.2417,ar
174378,Run & Jump,2014,Drama,5.9,28,0.2883,en
227929,Julio Sumiu,2014,Drama|Comedy|Crime,5.6,16,0.2144,pt
277812,The Impeccables,2014,Drama,6.0,15,0.1633,tr
294703,The Maneater,2014,Drama,4.5,10,0.2388,fr
343468,Bubba the Redneck Werewolf,2014,Horror|Comedy,5.6,24,0.2813,en
307686,Boogaloo and Graham,2014,Drama|Comedy,6.4,24,0.2033,en
298835,After School Massacre,2014,Horror,4.1,18,0.2936,en
280633,Cats Don't Have Vertigo,2014,Comedy|Drama,6.9,21,0.2147,pt
302502,Pervert Park,2014,Crime|Documentary,6.4,38,0.2301,en
294601,Turma da Mônica em Cine Gibi 7: Bagunça Animal,2014,Animation|Family|Comedy,7.0,14,0.9597,pt
297019,The Shaukeens,2014,Comedy,4.438,24,0.2918,hi
289190,Felt,2014,Drama|Horror,4.8,28,0.2177,en
326817,The Magic of Mushrooms,2014,Documentary,7.1,16,0.4151,en
381372,The Fog of Courage,2014,Animation|Comedy|Horror|Family|Fantasy,6.3,12,0.1464,en
335837,Therapy for a Vampire,2014,Comedy|Horror,5.6,36,0.1776,de
253944,If You Don't  I Will,2014,Comedy,4.629,35,0.2356,fr
279516,Ten,2014,Adventure|Horror|Mystery|Thriller,3.7,12,0.2315,en
264480,Meet Me There,2014,Drama|Horror|Thriller,3.8,27,0.1771,en
242459,In Real Life,2014,Drama|Romance,3.9,10,0.2112,da
252189,Camp Dread,2014,Thriller|Horror|Mystery,4.8,30,0.1995,en
305615,Interior,2014,Horror|Thriller,5.3,13,0.2144,en
332813,Allende in His Maze,2014,Drama|History,7.714,14,0.1794,es
281653,Kissing Darkness,2014,Thriller|Comedy|Horror,4.1,11,0.1834,en
270886,You're Sleeping  Nicole,2014,Comedy|Drama,6.5,54,0.192,fr
304417,Why I Kidnapped My Boss,2014,TV Movie|Comedy,6.886,22,0.1774,de
312695,The Sentimentalists,2014,Crime|Drama,5.9,14,0.2316,el
228201,Trust Me,2014,Thriller,6.0,28,0.1694,pt
296941,The Hacker Wars,2014,Documentary,6.5,34,0.1918,en
257241,The David Dance,2014,Drama|Romance,3.6,10,0.1677,en
253291,DamNation,2014,Documentary,6.7,12,0.2707,en
307930,The Paedophile Hunter,2014,Documentary,6.5,12,0.2174,en
287318,3 Scream Queens,2014,Horror|Comedy,4.5,11,0.2273,en
216436,Giraffada,2014,Drama,5.9,15,0.1685,en
322142,Something Better to Come,2014,Documentary,6.7,10,0.1525,en
257059,The Hope Factory,2014,Drama,5.0,15,0.2029,ru
252200,The Sunfish,2014,Drama,5.5,18,0.2023,da
289197,Necrofobia,2014,Mystery|Horror|Thriller,5.0,21,0.3171,es
281826,Algorithm,2014,Thriller|Crime|Drama,4.179,28,0.2202,en
280492,From What Is Before,2014,Drama,7.9,32,0.3101,tl
233487,He Who Dares,2014,Action,3.8,31,0.367,en
298166,Invaders,2014,Horror|Comedy,5.8,10,0.1533,en
286452,Varsity Blood,2014,Horror,4.1,18,0.9258,en
253155,We Come as Friends,2014,Documentary,6.95,20,0.2117,en
261529,Quando c'era Berlinguer,2014,Documentary,7.2,20,0.2115,it
255898,Another Year,2014,Drama,5.4,15,0.2304,ru
228692,Cheatin',2014,Animation|Comedy|Drama,6.6,35,0.2378,xx
278395,Munnariyippu,2014,Drama|Thriller|Crime,7.4,23,0.2262,ml
260536,666: Kreepy Kerry,2014,Horror|Action,2.4,13,0.1863,en
350737,The Expert,2014,Comedy,7.706,17,0.2521,en
256971,Jaatishwar,2014,Music,7.6,18,0.3451,bn
292619,All Yours,2014,Comedy|Drama,5.2,17,0.1428,fr
290400,The Inheritance or You Shouldn't Say That,2014,Comedy,4.5,10,0.2903,cs
314238,Plug,2014,Science Fiction,5.6,12,0.2746,en
268115,Patchwork Family,2014,Comedy|Drama,4.1,12,0.2742,fr
269997,Darker Than Midnight,2014,Drama,6.1,28,0.2201,it
301937,Interesting Ball,2014,Fantasy|Comedy,6.817,30,0.2188,en
251860,Video Nasties: Draconian Days,2014,Documentary|Horror,7.4,14,0.2391,en
296317,Data Limite segundo Chico Xavier,2014,Documentary,7.0,20,0.161,pt
253262,The Great Invisible,2014,Documentary|Drama|Crime,6.5,15,0.2557,en
252773,WTF,2014,Comedy,4.511,44,0.1488,fr
265449,Summer of Blood,2014,Horror|Comedy,4.8,34,0.1792,en
233444,Cold Harbour,2014,Thriller|Crime,4.4,10,0.2262,en
386585,The iMom,2014,Science Fiction|Drama|Horror,6.2,15,0.2175,en
319073,How to Change the World,2014,Documentary|History,7.1,34,0.2445,en
216203,Pieces of Talent,2014,Horror|Thriller,5.7,15,0.1899,en
264569,Dave Attell: Road Work,2014,Comedy,6.8,15,0.177,en
261855,1971,2014,Documentary|History,6.7,14,0.2629,en
237808,Quod erat demonstrandum,2014,Drama,6.727,11,0.173,ro
290890,Sapthamashree Thaskaraha,2014,Comedy|Crime|Thriller,6.4,24,0.3428,ml
298408,Behind Closed Doors,2014,Drama,5.5,21,0.2102,fr
296945,Bañeros 4: Los rompeolas,2014,Comedy,4.071,21,0.2762,es
366637,Lake Nowhere,2014,Comedy|Horror,5.7,16,0.2208,en
292035,How to Avoid Everything,2014,Comedy|Romance|Drama,6.2,29,0.5236,nl
327038,It Happens!,2014,Comedy,3.7,15,0.2243,tr
214138,Bad Hair,2014,Drama,6.543,58,0.2668,es
299674,All Cats Are Grey,2014,Drama,6.8,12,0.3349,fr
290565,Hi I'm Tony,2014,Horror|Thriller,5.0,12,0.1914,ml
286657,Crawl or Die,2014,Thriller|Science Fiction|Horror,4.9,74,0.2416,en
250798,The Green Prince,2014,Documentary|Thriller,7.2,44,0.1867,en
271910,All Good 2 Back To Square One,2014,Comedy,4.1,44,0.1587,tr
276696,Screwed Up,2014,Comedy,5.154,38,0.4106,pl
257132,The Ambassador to Bern,2014,Drama|History,6.938,16,0.1544,hu
300685,Jeff Dunham: All Over the Map,2014,Comedy,6.1,25,0.267,en
292342,Bill Maher: Live from D.C.,2014,Comedy,5.8,12,0.2237,en
279087,Specter,2014,Thriller|Horror|Science Fiction,3.6,10,0.1276,en
314407,Cocaine Cowboys: Reloaded,2014,Documentary|Crime,7.194,31,0.2262,en
389412,00:08,2014,Animation,5.5,12,0.2572,ja
289328,Talk Back and You're Dead,2014,Romance|Comedy,6.3,15,0.3026,tl
306752,Lucky Child,2014,TV Movie|Comedy|Drama|Family,5.6,11,0.1522,de
297308,1989,2014,Documentary|History,7.1,11,0.3766,en
293278,Children of the Sun,2014,Family|Comedy|Drama,5.1,10,0.2673,mk
286111,Now or Never,2014,Drama,6.1,78,0.1816,fr
295089,We Did It on a Song,2014,Documentary,5.9,17,0.3621,fr
268917,The Past Is a Grotesque Animal,2014,Documentary|Music,5.5,10,0.1619,en
300790,Don't Hug Me I'm Scared 3,2014,Horror|Fantasy|Animation|Music,7.1,91,0.2122,en
298296,Heidi,2014,Horror,6.444,45,0.2382,en
305966,Night Swim,2014,Horror,4.7,18,0.1948,en
254439,The Honest Candidate,2014,Comedy,6.019,182,0.1694,pt
285697,Horse Money,2014,Drama,7.2,50,0.1592,pt
264763,Regarding Susan Sontag,2014,Documentary,5.7,17,0.2466,en
275585,Real Lies,2014,Drama|Comedy,5.1,17,0.1571,fr
612554,King of the Hill: A 70th Anniversary Retrospective of Cincinnati’s King Records,2014,Music|Documentary|History,4.6,19,0.1949,en
295410,The Word,2014,Drama,4.4,26,0.191,pl
241968,Carmina and Amen,2014,Drama|Comedy,6.17,88,0.1225,es
329550,Dzień dobry  kocham cię!,2014,Comedy|Romance,4.6,32,0.2176,pl
289933,The Truth About Webcam Girls,2014,Documentary,5.3,11,0.144,en
332600,Fulboy,2014,Documentary,4.8,18,0.1821,es
350072,Home from the Gym,2014,Drama,5.3,11,0.1401,en
258910,Lotoman 003,2014,Comedy,6.8,13,0.1652,es
281314,The Forest,2014,Drama|TV Movie,6.1,12,0.2024,fr
428444,Bikini Girls vs Dinosaurs,2014,Comedy|Science Fiction,3.7,11,0.1985,en
246818,David Attenborough's Natural History Museum Alive,2014,Documentary,6.8,18,0.3225,en
393643,Arachnicide,2014,Science Fiction|Action|Horror,5.3,10,0.2127,en
444161,Wandering Clouds,2014,Romance,3.8,10,0.1513,es
295111,War,2014,Drama,5.0,14,0.4147,de
284729,Killa,2014,Comedy|Drama,7.217,23,0.2277,mr
334648,The Badger Game,2014,Thriller|Crime|Drama,4.3,19,0.1616,en
279975,The Sleeping Room,2014,Horror,3.4,20,0.326,en
285592,Ladies and Gentlemen  My Name Is Paul Heyman,2014,Documentary,7.4,16,0.2359,en
266062,Run,2014,Drama|Thriller,5.4,12,0.514,fr
241975,Obra 67,2014,Crime|Comedy|Mystery|Thriller,5.385,13,0.1571,es
428282,Never Open the Door,2014,Comedy|Horror|Science Fiction,4.1,14,0.1764,en
253266,Print the Legend,2014,Documentary,6.6,67,0.163,en
257407,Actress,2014,Drama,6.4,12,0.2016,en
266714,Afronauts,2014,Drama|History|Science Fiction,6.7,10,0.2166,en
306562,Ulises and the 10 000 moustaches,2014,Comedy|Family,6.2,26,0.1702,en
435955,Una villa per due,2014,Comedy|TV Movie,6.5,13,0.1744,it
163710,Hide Your Smiling Faces,2014,Drama,6.333,48,0.1458,en
291155,Fat  Sick & Nearly Dead 2,2014,Documentary,6.034,44,0.1969,en
297745,...It's Snowing Outside!,2014,Comedy,6.0,151,0.1379,it
416874,Vampires: Lucas Rising,2014,Horror,5.5,12,0.1531,en
281591,Le sens de l'humour,2014,Romance|Drama,6.4,12,0.1276,fr
291006,The Price We Pay,2014,Documentary,6.4,10,0.1838,en
251602,Sickos,2014,Comedy|Drama,6.9,10,0.1998,nl
294660,Bony a klid 2,2014,Crime|Comedy,2.5,14,0.1526,cs
271707,The Great Museum,2014,Documentary,6.0,16,0.1513,en
265929,Art and Craft,2014,Documentary,7.1,35,0.1824,en
300832,Communists,2014,Drama,4.5,10,0.197,de
343907,Rebound,2014,Thriller|Horror|Mystery,3.5,11,0.1812,en
307527,Time Trap,2014,Comedy|Adventure|Science Fiction,6.7,26,0.1535,en
341030,Pandas: The Journey Home,2014,Documentary,8.1,11,0.1494,en
251028,Morgan Murphy: Irish Goodbye,2014,Comedy,6.0,11,0.1921,en
256959,White Out  Black In,2014,Science Fiction|Documentary|Drama,6.55,30,0.1543,pt
255885,Breadcrumb Trail,2014,Documentary|Music,7.6,19,0.2968,en
250114,Nick Offerman: American Ham,2014,Comedy,6.9,36,0.2772,en
312854,Tony Bennett & Lady Gaga: Cheek to Cheek Live,2014,Music|TV Movie,8.536,14,0.1793,en
370488,Mary Poppins Quits,2014,Comedy|Music,6.909,11,0.1982,en
269408,"From Dreams - Making ""The Last of Us: Left Behind""",2014,Documentary,7.1,10,0.1321,en
260680,Dust on the Tongue,2014,Drama,5.8,15,0.2587,es
280467,Miley Cyrus: Bangerz Tour,2014,Music|Documentary,8.2,36,0.2103,en
294098,Viper’s Nest 2,2014,Drama|Comedy|Romance,5.9,45,0.2298,nl
286628,Killing Love,2014,Comedy|Crime,5.8,10,0.179,pl
250667,Private Violence,2014,Documentary,6.5,10,0.194,en
284682,Jinxy Jenkins  Lucky Lou,2014,Comedy|Animation,7.1,18,0.1292,en
267635,Up to the World,2014,Comedy|Drama,5.2,25,0.1471,it
300838,Dylan Dog: Victim Of Circumstances,2014,Thriller|Adventure|Mystery,6.8,78,0.2118,it
289339,Chelsea Peretti: One of the Greats,2014,Comedy,6.6,110,0.2583,en
259016,Insane Fight Club,2014,Documentary,6.8,16,0.1725,en
255384,Don't Hug Me I'm Scared 2,2014,Horror|Animation|Fantasy|Music|Comedy,7.6,103,0.1593,en
245158,Kids for Cash,2014,Crime|Documentary|Drama,6.6,63,0.1865,en
300886,Family Fever,2014,Drama|Comedy,4.9,11,0.1394,de
325803,October 1,2014,Thriller|Crime|Mystery,6.0,18,0.2387,en
287611,May Allah Bless France!,2014,Drama,6.0,48,0.2183,fr
298156,The Door,2014,Horror,4.7,14,0.1521,en
336303,Love Struck,2014,Romance|Comedy|Drama,4.7,14,0.1391,el
307318,Stephen Fry Live: More Fool Me,2014,Comedy,6.0,15,0.1857,en
302132,Out to Kill,2014,Drama|Mystery,3.167,12,0.1804,en
269141,Love Today,2014,Comedy|TV Movie,5.1,39,0.1547,it
227961,S.O.S.: Women to the Sea,2014,Romance|Comedy,6.674,207,0.1447,pt
288841,The Kate Bush Story: Running Up That Hill,2014,TV Movie|Documentary|Music,6.9,18,0.1457,en
297419,Common Denominator,2014,Drama|Comedy,6.9,19,0.1666,el
242049,Beautiful Noise,2014,Music|Documentary,6.5,14,0.1662,en
268159,We Could Be King,2014,Documentary,6.3,16,0.3516,en
250738,Cool Kids Don't Cry,2014,Drama|Family,6.9,15,0.2309,no
347841,Gone Doggy Gone,2014,Adventure|Comedy,4.95,10,0.1275,en
299638,Brian and the Boz,2014,Documentary,7.0,15,0.2141,en
313948,The Shift,2014,Science Fiction|Thriller,5.1,10,0.1402,en
299608,Secret Wars,2014,Action|Crime|Thriller,6.3,40,0.1979,pl
339312,A Nightingale Falling,2014,War|Drama|History,5.4,11,0.229,en
278863,Duet,2014,Animation,7.3,24,0.1588,en
320299,Bleu Catacombes,2014,Thriller,5.5,10,0.2359,fr
279817,Of Silence,2014,Thriller|Drama|Horror|Science Fiction,3.1,17,0.1503,en
297288,Good For Nothing,2014,Comedy,5.8,44,0.1959,it
253686,Darling Trap,2014,Comedy,4.8,55,0.2534,fr
290235,Find Me,2014,Horror|Mystery|Thriller,4.2,25,0.1818,en
254613,Miley Cyrus: MTV Unplugged,2014,Music,7.8,10,0.1316,en
335000,Wrapped,2014,Unknown,7.1,13,0.1341,en
250745,Happy Valley,2014,Documentary|Crime,6.9,34,0.0969,en
336893,The OceanMaker,2014,Drama|Action|Animation|Science Fiction,6.9,23,0.1309,en
250374,To Kill a Man,2014,Thriller|Drama,6.1,31,0.1257,es
293126,Terror at the Mall,2014,Documentary,7.7,16,0.1715,en
314529,Pause,2014,Romance|Comedy,5.3,10,0.1946,fr
425518,Hello  Again,2014,Drama,7.1,12,0.1475,en
316618,The Posthuman Project,2014,Adventure|Science Fiction|Action|Comedy,3.9,10,0.1504,en
293758,Somebody,2014,Comedy,5.9,11,0.1335,en
295317,Dark Star: H. R. Giger's World,2014,Documentary,6.9,45,0.2051,de
294663,Couleur locale,2014,Comedy|TV Movie,7.0,16,0.1053,fr
289278,My So-Called Father,2014,Drama,5.9,13,0.2093,sv
415255,The Secret of Evil,2014,Horror|Mystery|Thriller,6.9,46,0.1356,es
303742,Trailer Park Boys: Live at the North Pole,2014,TV Movie|Comedy,6.2,31,0.1534,en
285709,Confetti Harvest,2014,Drama,6.3,13,0.2038,nl
269026,The Toy Soldiers,2014,Drama,4.9,18,0.1337,en
299114,La Folle Soirée du Palmashow,2014,Comedy|Family,7.1,38,0.16,fr
338886,Naked Dragon,2014,Drama|Romance,5.738,21,0.1234,en
270648,Kumu Hina,2014,Documentary,6.1,10,0.203,en
375729,The Looking Planet,2014,Adventure|Animation,6.1,23,0.1411,en
329063,We Can't Live Without Cosmos,2014,Animation|Drama,7.015,68,0.1177,ru
365037,Swearnet Live,2014,Comedy,5.1,12,0.1733,en
310993,But Muzeyyen That's the Deepest Desire,2014,Drama|Romance,6.4,43,0.1275,tr
338131,Lebe lieber italienisch!,2014,Drama,5.1,10,0.1119,de
295823,Mixed Feelings,2014,Comedy,4.3,10,0.2576,ru
314559,Toto and his Sisters,2014,Documentary|Drama|Family,7.7,14,0.1601,ro
272731,Pane e burlesque,2014,Comedy,5.4,58,0.1299,it
344104,Perfidy,2014,Fantasy|Horror|Drama,4.2,12,0.1221,es
301932,Number 55,2014,War|Action|History,6.5,13,0.1259,hr
250578,Leave the World Behind,2014,Documentary|Music,7.074,47,0.2793,sv
225629,González: The False Prophet,2014,Drama|Adventure,6.7,11,0.4223,es
189277,See You Next Tuesday,2014,Comedy|Drama,4.2,14,0.1584,en
298013,Absence,2014,Drama,6.6,15,0.1299,pt
299071,Coffee Stains,2014,Romance|Drama,4.8,12,0.0945,pt
291423,Wheels,2014,Drama,6.2,40,0.1256,en
255482,The Third Side of the River,2014,Drama,5.5,13,0.1644,es
342399,Discipline,2014,Comedy,6.8,11,0.2175,fr
268279,Ever,2014,Drama|Romance,6.2,11,0.1243,en
323697,The Notorious,2014,TV Movie|Documentary,7.5,11,0.1472,en
307314,Gaby Baby Doll,2014,Comedy|Romance,5.5,17,0.1196,fr
305974,Nuggets,2014,Animation,7.2,18,0.1658,xx
296216,Inner Demon,2014,Horror,4.7,24,0.1129,en
287482,Aire libre,2014,Drama|Romance,5.154,13,0.1807,es
296340,Little Buddho,2014,Comedy,5.0,17,0.1736,sr
330215,Exile,2014,Science Fiction|Horror,3.8,14,0.097,en
496200,The Demon of the Andes,2014,Horror,6.792,24,0.1022,en
318645,Beyoncé: X10 - The Mrs. Carter Show World Tour,2014,Music,8.2,11,0.1679,en
297789,Angels of Revolution,2014,Romance|Drama|History,5.8,14,0.1862,ru
259099,The Extraordinary Tale of the Times Table,2014,Drama|Comedy,4.9,11,0.1391,es
254258,As Dreamers Do,2014,Drama|Family,3.9,21,0.1935,en
308259,RE,2014,Drama|Horror,6.4,77,0.1621,en
265717,Ti sposo ma non troppo,2014,Comedy,6.2,33,0.232,it
293456,For Some Inexplicable Reason,2014,Drama|Comedy,6.8,31,0.1034,hu
307695,The Bigger Picture,2014,Drama|Animation,6.632,19,0.0948,en
285245,10000 Hours,2014,Comedy,5.5,20,0.1451,sv
273212,The Gulf,2014,Drama|Animation,7.8,18,0.1527,en
259460,Behavior,2014,Drama,7.313,75,0.2022,es
292369,Dancing with Maria,2014,Documentary,7.4,10,0.2137,es
254435,The Boy in the Mirror,2014,Family|Adventure|Drama,5.9,15,0.1388,pt
314553,Next Year,2014,Drama,4.8,19,0.1146,fr
410631,Possibilia,2014,Unknown,7.393,14,0.1294,en
321542,The Naked Screen,2014,Drama,6.2,22,0.1022,es
266764,Meet the Patels,2014,Romance|Comedy|Documentary,7.0,52,0.1722,en
286330,Mau Mau Maria,2014,Comedy,5.5,10,0.1277,pt
266047,Snow in Paradise,2014,Thriller,4.4,20,0.1311,en
234155,Asier ETA biok,2014,Documentary|History,6.4,11,0.1196,es
251425,The Price of Gold,2014,Documentary,6.7,29,0.1021,en
311669,Malik Bentalha se la raconte,2014,Comedy,7.4,40,0.0981,en
264166,Point and Shoot,2014,Documentary,6.4,35,0.1469,en
417707,The Laughing Mask,2014,Thriller|Crime|Horror,4.0,12,0.131,en
949748,Lion,2014,Unknown,7.1,14,0.1035,en
329124,Life's a Bitch,2014,Comedy,6.3,11,0.1269,fr
259668,Spirit in the Woods,2014,Horror|Mystery,3.7,10,0.1301,en
248142,Viktoria,2014,Family|Drama,2.1,10,0.148,bg
250214,Letter to the King,2014,Drama,6.2,10,0.1034,no
508261,Lion,2014,Drama,5.9,19,0.1961,en
289026,The Wanted 18,2014,Documentary|Animation,6.8,15,0.0808,en
248249,Le Jeu de la vérité,2014,Comedy,5.2,10,0.1418,fr
242093,Under the Electric Sky,2014,Documentary|Music,6.1,18,0.2127,en
274836,Midday Demons,2014,Thriller,4.3,10,0.0951,it
864700,Godzilla Battle Royale,2014,Action,9.1,13,0.1991,en
261857,Ballet 422,2014,Documentary|Music,6.365,37,0.147,en
450730,H,2014,History|Drama,5.1,14,0.1043,ca
290843,Arance & martello,2014,Comedy,5.809,34,0.126,it
311933,I Don't Believe in Anarchy,2014,Documentary,6.5,10,0.1106,ru
258113,Assepoester: Een Modern Sprookje,2014,Fantasy|Drama|Family,6.2,11,0.0939,nl
252987,Person to Person,2014,Comedy|Drama,7.1,11,0.1127,en
436403,Operation Anthropoid - Eliminate the SS Heydrich,2014,Documentary|War|History,6.8,11,0.0898,fr
277582,Monk with a Camera,2014,Documentary,7.2,10,0.1388,en
356994,Wire Cutters,2014,Animation|Drama|Science Fiction,6.5,39,0.1718,xx
341288,Seni Seviyorum Adamım,2014,Romance,5.3,15,0.2042,tr
1083189,Man,2014,Drama,6.8,17,0.1736,en
346385,The History of Time Travel,2014,Science Fiction|Drama,6.3,32,0.1157,en
254004,Unfriend,2014,Romance|Crime|Drama,4.2,13,0.2041,en
314563,The Last Drive-In Theater,2014,Comedy|Drama,6.4,15,0.1108,pt
289024,Me and My Moulton,2014,Animation,6.0,26,0.1508,en
288581,Rocks in My Pockets,2014,Comedy|Animation|Drama,7.8,26,0.1068,en
314520,Veve,2014,Drama|Crime,6.2,10,0.0908,en
298432,Freeway: Crack in the System,2014,Documentary,7.3,19,0.0959,en
274984,White Gate,2014,Drama,7.0,11,0.2045,ro
253377,The Distance,2014,Unknown,5.7,12,0.0966,en
308329,Last Days,2014,Crime|Animation|Documentary,7.6,10,0.1261,en
321224,Boy,2014,Drama,4.7,11,0.1215,da
294980,Scienceless Fiction,2014,Comedy|Science Fiction|Fantasy|Action,3.5,10,0.133,en
531066,Escapade,2014,Drama,6.1,11,0.1659,nl
297466,A Reunion,2014,Drama|Romance,5.1,10,0.2032,en
274326,Trailer Park Boys: Live in F**kin' Dublin,2014,Comedy|TV Movie|Documentary,5.9,38,0.2099,en
297098,Chelsea Handler: Uganda Be Kidding Me Live,2014,Comedy,5.9,44,0.087,en
316951,Beautiful People,2014,Horror|Science Fiction,3.2,14,0.1229,en
420781,I Heard It Too,2014,Thriller|Horror,5.7,16,0.1112,en
327308,Elenore Makes Love,2014,Romance|Drama,4.9,15,0.0993,en
294083,Dead Girls,2014,Horror,4.3,11,0.1763,en
323615,Pure Life,2014,Adventure|Documentary|Drama,7.1,11,0.0858,fr
204506,Tea Time,2014,Documentary,7.104,24,0.1169,es
326072,The Way Out,2014,Drama,5.3,11,0.1256,cs
254426,Fields of the Dead,2014,Horror,2.8,24,0.0994,en
307697,Footprints,2014,Animation|Comedy,5.455,11,0.0962,en
297751,Fango e Gloria - La Grande Guerra,2014,History|Drama,6.8,12,0.1144,it
276471,Loonies II,2014,Family|Comedy,6.5,10,0.0953,nl
306555,Mio papà,2014,Drama,7.3,13,0.1341,it
303420,El arca de Noé,2014,Science Fiction|Comedy,4.0,13,0.1153,es
257627,NSFW: Not Safe for Work,2014,Comedy|Drama|Romance,2.1,10,0.1412,en
282990,Dos a la carta,2014,Comedy,4.5,10,0.154,es
297269,How to Save Us,2014,Drama|Horror,5.0,16,0.0918,en
261244,Open Cage,2014,Drama,6.1,11,0.14,es
269705,She's Beautiful When She's Angry,2014,Documentary,7.387,53,0.1405,en
256301,Claudia Tagbo - Crazy,2014,Comedy,5.0,10,0.1383,fr
265634,Tarr Béla: I Used to Be a Filmmaker,2014,Documentary,6.6,11,0.0863,en
261038,The Newburgh Sting,2014,Documentary,7.7,10,0.1032,en
290158,Near Death Experience,2014,Drama,6.0,24,0.3552,fr
299269,Do Androids Dream,2014,Thriller|Science Fiction,4.7,19,0.0827,es
261977,Summits of My Life,2014,Documentary,6.958,12,0.2101,it
271505,Timeless: The Film,2014,Music,8.2,13,0.1296,fr
256021,Macondo,2014,Drama,6.2,10,0.1081,de
275144,Krásno,2014,Crime|Comedy,5.8,13,0.1843,cs
290552,Irene,2014,Unknown,6.0,21,0.128,es
294314,Derren Brown: Infamous,2014,Documentary|TV Movie,7.6,25,0.102,en
185207,The Final Girl,2014,Drama,4.4,19,0.0975,fr
295254,11:23 - 09:59 (About Fear),2014,Horror,3.6,19,0.1153,en
259084,School of Babel,2014,Documentary,6.6,21,0.1075,fr
261899,Prospect,2014,Science Fiction|Thriller,6.1,36,0.1692,en
215976,Reminiscence,2014,Horror|Thriller,2.7,15,0.1062,en
371332,Blood Redd,2014,Horror,3.8,13,0.1551,en
361712,Pedal the World,2014,Documentary,5.2,27,0.0834,de
386853,HI,2014,Horror,6.97,33,0.0936,en
267330,Children 404,2014,Documentary,5.8,10,0.0787,ru
354596,End of Summer,2014,Documentary,5.6,13,0.0967,xx
723745,Fight!,2014,Animation,5.9,23,0.0749,en
272075,Silvered Water,2014,Documentary,6.9,11,0.0614,fr
294721,Paradise,2014,Documentary,5.9,12,0.1502,fr
283834,Tuck Me In,2014,Horror|Thriller,6.8,44,0.1324,en
270525,Dress to Wed,2014,Comedy,5.174,23,0.1591,pt
295865,Mouse-X,2014,Mystery|Science Fiction,6.6,22,0.0732,en
215646,The Special Need,2014,Documentary|Comedy,6.0,10,0.1062,it
299740,Mr. Dentonn,2014,Mystery|Horror|Fantasy,6.5,11,0.0737,es
279525,Bombshell Bloodbath,2014,Horror,3.7,23,0.1235,en
249726,Prison Terminal: The Last Days of Private Jack Hall,2014,Documentary,6.8,10,0.2042,en
357155,Delirium,2014,Comedy,5.0,15,0.0796,es
312174,Unedited Footage of a Bear,2014,Thriller|Horror|Mystery,6.959,61,0.1171,en
258358,Advanced Style,2014,Documentary,6.8,19,0.0724,en
259395,Tom Segura: Completely Normal,2014,Comedy,7.5,62,0.083,en
323730,As Long as Shotguns Remain,2014,Family|Drama,6.028,18,0.0823,fr
250263,Neal Brennan: Women and Black Dudes,2014,Comedy,6.6,20,0.0813,en
320420,Love Me,2014,Documentary,6.4,38,0.0802,en
419474,Marcel the Shell with Shoes On  Three,2014,Comedy|Animation,6.8,30,0.0759,en
291854,Meet the Mormons,2014,Family|Documentary,6.0,12,0.0982,en
322712,Fear Town  USA,2014,Comedy|Horror,4.7,10,0.1219,en
313822,Fig Jam 2,2014,Romance|Drama,5.7,30,0.1823,tr
254129,Back to Switzerland,2014,Comedy,6.132,38,0.0963,es
512737,Women of the Mine,2014,Documentary,7.7,14,0.0693,es
365820,NM,2014,Unknown,5.8,11,0.1106,fr
293831,The Augusta Street Ripper,2014,Horror,5.6,13,0.0957,pt
257401,Life After Pi,2014,Documentary,7.3,15,0.0735,en
348237,F*ggot,2014,Drama,6.6,24,0.0701,es
306199,Joe Rogan: Rocky Mountain High,2014,Comedy,7.2,10,0.1175,en
298367,Flesh Computer,2014,Science Fiction,5.2,11,0.1313,en
303285,R.E.M. by MTV,2014,Music|Documentary,6.6,10,0.1145,en
969753,SOME,2014,Unknown,5.8,10,0.0671,ko
253332,Pulp: a Film About Life  Death & Supermarkets,2014,Music|Documentary,7.195,41,0.1662,en
291393,Everything & Everything & Everything,2014,Science Fiction,6.5,11,0.0584,en
308436,Le Comte de Bouderbala,2014,Comedy,6.8,17,0.1059,fr
283706,Sivas,2014,Drama,7.511,45,0.1296,tr
306342,Democrats,2014,Documentary,6.8,13,0.0726,sn
284226,The Creeping Garden,2014,Documentary,5.4,14,0.0668,en
331132,Red Carpet,2014,Unknown,3.0,11,0.099,fa
892837,Forest,2014,Unknown,6.6,14,0.0569,en
259843,Natural Sciences,2014,Drama,6.5,14,0.0569,es
1274542,T,2014,Documentary,6.0,11,0.0561,ru
231020,My Class,2014,Drama|Documentary,7.3,21,0.0657,it
305283,The Fidel Castro Tapes,2014,Documentary,6.933,15,0.0771,en
296315,Psychomentary,2014,Horror,6.0,10,0.0575,it
253267,Vessel,2014,Documentary,7.5,16,0.1225,en
496053,The Girlfriend Experience,2014,Unknown,5.3,11,0.0828,en
416947,The Grotto,2014,Horror,2.3,12,0.0813,en
307631,God Loves the Fighter,2014,Drama|Crime,5.6,11,0.0605,en
299511,Steak (R)evolution,2014,Family|Documentary|Adventure,6.4,20,0.0643,fr
212843,Burt's Buzz,2014,Documentary,6.6,17,0.0652,en
339913,Lila,2014,Fantasy|Adventure|Animation,6.8,13,0.0859,es
174323,G.B.F.,2014,Comedy|Drama,5.952,404,0.0567,en
204016,In No Great Hurry: 13 Lessons in Life with Saul Leiter,2014,Documentary,7.1,10,0.0703,en
352111,Guilt,2014,Horror|Drama,6.4,11,0.0621,fo
1248173,L.O.L.,2014,Comedy,6.6,13,0.0596,el
299800,The Telescope of Time,2014,Drama|Music,7.1,12,0.0493,pt
301304,Doug Benson: Doug Dynasty,2014,Comedy|TV Movie,5.5,17,0.2435,en
276860,Ciutat morta,2014,Documentary,6.3,19,0.0397,ca
411847,Indie Game: Life After,2014,Documentary,6.25,24,0.0484,en
309000,Judy,2014,Horror|Thriller,2.8,10,0.0505,en
257116,SlingShot,2014,Documentary,7.3,21,0.045,en
353544,I'm You  Dickhead,2014,Science Fiction|Comedy,7.3,12,0.0479,en
224894,The Man Whose Mind Exploded,2014,Documentary,5.9,14,0.0454,en
496302,Women at War 1914-1918,2014,Documentary,7.769,13,0.0487,fr
295465,Strayed,2014,Horror,4.4,18,0.0579,es
443359,Q,2014,Thriller|Drama,4.5,12,0.0722,en
470148,Memories of a Boobs Flasher,2014,Mystery,4.5,13,0.0362,fr
353266,Guida,2014,Animation|Drama,7.4,10,0.048,pt
323404,Hotel 22,2014,Documentary,6.5,11,0.0538,en
369761,There's a Man in the Woods,2014,Animation|Horror|Drama,8.1,32,0.0286,en
368010,Exode,2014,Animation,6.3,10,0.0461,fr
308429,The way back,2014,Animation,7.6,20,0.0336,ko
378150,Transformers: The Premake,2014,Documentary,5.2,12,0.0495,en
280924,Hungarian Retro 2.,2014,Documentary,4.9,16,0.0256,hu
297053,Return of the River,2014,Documentary,7.2,11,0.0214,en
301919,Les Chevaliers du Fiel : Croisière d'enfer !,2014,Comedy,6.4,11,0.0386,fr
256885,Symphony No. 42,2014,Animation|Mystery,6.7,22,0.0168,en
302161,A Field Full of Secrets,2014,Documentary,4.7,10,0.0214,en
251208,Kung Fu Elliot,2014,Documentary,6.1,16,0.0362,en
603664,Oops  Homicide,2014,Horror|Drama,4.4,15,0.0214,en
490763,Timber,2014,Animation|Drama,6.7,13,0.0214,de
