id,title,release_year,genres,vote_average,vote_count,popularity,original_language
299536,Avengers: Infinity War,2018,Adventure|Action|Science Fiction,8.237,32054,47.4421,en
337167,Fifty Shades Freed,2018,Drama|Romance,6.674,8350,45.9032,en
324857,Spider-Man: Into the Spider-Verse,2018,Animation|Action|Adventure|Science Fiction,8.393,17262,24.5708,en
530442,My Teacher  My Obsession,2018,Drama|Thriller|TV Movie,4.9,109,17.5146,en
333339,Ready Player One,2018,Adventure|Action|Science Fiction,7.6,16941,12.9803,en
427641,Rampage,2018,Action|Adventure|Science Fiction,6.446,7512,14.1433,en
284054,Black Panther,2018,Action|Adventure|Science Fiction,7.364,23504,13.6172,en
493922,Hereditary,2018,Horror|Mystery|Thriller,7.294,8602,12.1662,en
383498,Deadpool 2,2018,Action|Comedy|Adventure,7.491,19235,14.4535,en
335983,Venom,2018,Science Fiction|Action,6.826,17248,12.0674,en
439079,The Nun,2018,Horror,5.905,7171,12.4728,en
530254,The Witch: Part 1. The Subversion,2018,Action|Science Fiction,7.912,750,10.4227,ko
351286,Jurassic World: Fallen Kingdom,2018,Adventure|Science Fiction|Thriller,6.531,12766,11.4219,en
447332,A Quiet Place,2018,Horror|Drama|Science Fiction,7.4,15355,10.5913,en
508642,Gonjiam: Haunted Asylum,2018,Horror|Mystery,7.282,928,9.7456,ko
297802,Aquaman,2018,Action|Adventure|Fantasy,6.867,14912,10.2317,en
345940,The Meg,2018,Action|Science Fiction|Horror,6.248,8200,12.4096,en
490132,Green Book,2018,Drama|Comedy|History,8.225,12879,9.6955,en
260513,Incredibles 2,2018,Action|Adventure|Animation|Family,7.5,13682,9.7023,en
345887,The Equalizer 2,2018,Action|Thriller|Crime,6.789,5985,9.1678,en
268896,Pacific Rim: Uprising,2018,Action|Fantasy|Science Fiction|Adventure,6.128,5342,9.6039,en
420634,Terrifier,2018,Horror,6.31,2966,7.6483,en
400535,Sicario: Day of the Soldado,2018,Action|Crime|Thriller,6.9,4047,9.0395,en
499191,Call Boy,2018,Drama,6.5,56,8.4555,ja
353081,Mission: Impossible - Fallout,2018,Action|Adventure,7.45,9141,9.6562,en
480530,Creed II,2018,Drama|Action,7.0,5791,9.0006,en
399402,Hunter Killer,2018,Action|Thriller,6.911,2406,9.2022,en
551824,Sex Weather,2018,Romance|Drama|Comedy,5.7,70,8.8285,en
553512,Burn the Stage: The Movie,2018,Music|Documentary,8.3,432,6.3952,ko
300668,Annihilation,2018,Science Fiction|Horror,6.4,9368,7.8451,en
405774,Bird Box,2018,Horror|Thriller|Drama,6.824,10582,9.0396,en
402900,Ocean's Eight,2018,Crime|Comedy|Action,6.957,8801,8.9194,en
424783,Bumblebee,2018,Action|Adventure|Science Fiction,6.72,6630,7.699,en
363088,Ant-Man and the Wasp,2018,Action|Adventure|Science Fiction,6.9,14197,7.564,en
336843,Maze Runner: The Death Cure,2018,Science Fiction|Action|Adventure|Thriller,7.081,8398,8.822,en
400155,Hotel Transylvania 3: Summer Vacation,2018,Animation|Comedy|Family|Fantasy,6.852,4702,8.1443,en
504056,Big Brother,2018,Action|Drama|Comedy,7.57,280,7.3239,zh
454983,The Kissing Booth,2018,Romance|Comedy,7.163,7448,8.0743,en
419743,Disobedience,2018,Drama|Romance,6.9,1285,7.3305,en
404368,Ralph Breaks the Internet,2018,Action|Adventure|Animation|Comedy|Family|Science Fiction,7.161,8102,7.7056,en
360920,The Grinch,2018,Animation|Comedy|Family|Fantasy,6.9,4435,6.9124,en
424694,Bohemian Rhapsody,2018,Music|Drama,7.958,17786,7.8164,en
338970,Tomb Raider,2018,Action|Adventure|Fantasy,6.367,8366,8.7341,en
346910,The Predator,2018,Science Fiction|Action|Thriller,5.622,5145,7.7966,en
499546,We,2018,Drama,5.427,117,7.4905,nl
500664,Upgrade,2018,Action|Thriller|Science Fiction,7.5,5019,7.1669,en
449443,Den of Thieves,2018,Crime|Thriller|Action,6.864,3410,6.2402,en
440471,Escape Plan 2: Hades,2018,Action|Thriller|Crime|Mystery|Science Fiction,5.166,1558,6.7531,en
444000,Love Sonia,2018,Drama,7.194,31,6.7111,hi
384521,The Cloverfield Paradox,2018,Horror|Mystery|Science Fiction,5.633,3567,6.9351,en
348350,Solo: A Star Wars Story,2018,Science Fiction|Adventure|Action,6.558,9268,6.8558,en
499726,MILF,2018,Comedy|Romance,5.704,596,5.6011,fr
428078,Mortal Engines,2018,Adventure|Science Fiction,6.207,5115,5.7753,en
564147,K.G.F: Chapter 1,2018,Action|Thriller|Adventure|Crime,7.48,277,5.6692,kn
401981,Red Sparrow,2018,Thriller|Mystery,6.534,6357,5.3989,en
472269,Possum,2018,Drama|Horror|Thriller,6.124,326,7.7957,en
543753,High Society,2018,Drama,5.5,59,5.6671,ko
501190,God  Sex and Truth,2018,Romance,5.8,28,6.0136,en
375588,Robin Hood,2018,Adventure|Action|Thriller|Fantasy,5.911,3144,5.4718,en
491584,Burning,2018,Mystery|Drama|Thriller,7.375,1819,5.5266,ko
399174,Isle of Dogs,2018,Adventure|Comedy|Animation,7.848,5419,6.002,en
550353,Three Husbands,2018,Drama,5.1,25,5.5308,cn
537996,The Ballad of Buster Scruggs,2018,Western|Comedy|Drama,7.133,4427,4.7542,en
406563,Insidious: The Last Key,2018,Horror|Thriller,6.262,3143,6.1084,en
504253,I Want to Eat Your Pancreas,2018,Animation|Drama|Romance,8.225,1779,6.9598,ja
338952,Fantastic Beasts: The Crimes of Grindelwald,2018,Fantasy|Adventure,6.834,11470,5.5897,en
540468,Geetha Govindam,2018,Romance,7.025,80,4.9753,te
424139,Halloween,2018,Horror|Thriller,6.566,5056,4.9143,en
445571,Game Night,2018,Mystery|Comedy|Crime,6.844,6302,4.8187,en
449992,The Night Comes For Us,2018,Action|Crime|Thriller,6.903,799,4.612,id
476299,Ghostland,2018,Horror|Mystery|Thriller,7.405,2675,4.6288,en
466282,To All the Boys I've Loved Before,2018,Comedy|Romance,7.6,8712,5.5825,en
480681,An Affair,2018,Drama,5.369,61,4.9369,no
460885,Mandy,2018,Fantasy|Action|Horror,6.208,2147,4.3052,en
563987,Pihu,2018,Thriller|Drama,7.597,93,4.8791,hi
369972,First Man,2018,History|Drama,7.042,5660,5.165,en
489999,Searching,2018,Drama|Mystery|Thriller,7.569,4238,5.8898,en
429351,12 Strong,2018,War|Drama|Action|History,6.36,3195,4.8498,en
517814,Capernaum,2018,Drama,8.143,1976,5.8203,ar
332562,A Star Is Born,2018,Music|Drama|Romance,7.493,12239,4.4159,en
550776,Believe Me: The Abduction of Lisa McVey,2018,Drama|TV Movie|Crime,8.0,687,4.5834,en
505262,My Hero Academia: Two Heroes,2018,Animation|Action|Adventure|Fantasy,7.886,1110,4.5236,ja
491418,Instant Family,2018,Comedy|Drama,7.497,3236,4.5189,en
381719,Peter Rabbit,2018,Animation|Adventure|Family,6.699,1919,5.2595,en
476292,Maquia: When the Promised Flower Blooms,2018,Animation|Drama|Fantasy,8.1,703,3.8591,ja
460555,Operation Red Sea,2018,Action|Thriller|War|Adventure,7.4,433,5.6166,zh
463272,Johnny English Strikes Again,2018,Action|Adventure|Comedy,6.278,2761,4.4462,en
518068,Along with the Gods: The Last 49 Days,2018,Action|Adventure|Fantasy|Thriller,8.05,751,4.118,ko
449176,Love  Simon,2018,Comedy|Drama|Romance,7.972,6265,4.8946,en
395990,Death Wish,2018,Action|Crime|Thriller|Drama,6.235,2808,4.3068,en
361292,Suspiria,2018,Horror|Mystery|Drama,6.9,2765,3.9557,en
399360,Alpha,2018,Adventure|Drama,6.546,2756,4.3218,en
429197,Vice,2018,Drama|Comedy,7.017,3604,4.0455,en
538858,Tumbbad,2018,Fantasy|Horror,7.586,327,4.1247,hi
455207,Crazy Rich Asians,2018,Comedy|Romance,7.052,3960,4.6686,en
417261,Forever My Girl,2018,Romance|Drama,7.612,1389,4.2777,en
529216,Mirage,2018,Thriller|Drama|Mystery|Fantasy,7.459,1989,4.9882,es
401478,Death Race: Beyond Anarchy,2018,Action|Thriller|Science Fiction,6.224,390,4.1477,en
442249,The First Purge,2018,Action|Horror|Thriller,6.002,4232,4.0982,en
387592,Early Man,2018,Family|Comedy|Animation|Adventure,6.141,874,4.5633,en
504172,The Mule,2018,Crime|Drama,6.867,5366,4.9799,en
407436,Mowgli: Legend of the Jungle,2018,Adventure|Drama,6.5,2601,4.4337,en
505192,Shoplifters,2018,Drama|Crime|Thriller,7.835,2303,4.9747,ja
484247,A Simple Favor,2018,Thriller|Comedy|Mystery,6.642,4599,3.4352,en
455980,Tag,2018,Comedy|Action,6.708,3445,3.9136,en
507076,Climax,2018,Drama|Horror|Music,7.048,2331,3.7189,fr
400650,Mary Poppins Returns,2018,Fantasy|Family|Comedy,6.507,3465,3.9963,en
438799,Overlord,2018,Horror|War|Science Fiction,6.734,3127,5.1367,en
540620,Laila Majnu,2018,Drama|Romance,6.8,29,3.637,hi
398173,The House That Jack Built,2018,Drama|Horror|Crime|Thriller,7.122,3054,4.117,en
460019,Truth or Dare,2018,Thriller|Horror,5.938,4216,3.4792,en
554972,Unstoppable,2018,Crime|Action|Thriller|Comedy,7.42,206,3.4861,ko
407440,Euphoria,2018,Drama,6.289,140,3.7771,en
463821,The House with a Clock in Its Walls,2018,Comedy|Family|Fantasy|Horror|Mystery,6.249,2307,3.7557,en
454619,Overboard,2018,Romance|Comedy,6.662,1495,3.7505,en
447200,Skyscraper,2018,Action|Thriller|Adventure,6.308,5342,3.8011,en
450001,Master Z: Ip Man Legacy,2018,Action|Crime|Drama,6.524,592,3.7056,cn
432527,Padmaavat,2018,Drama|History|Romance,6.922,308,3.4619,hi
437543,The Monkey King 3,2018,Adventure|Fantasy|Action|Family,5.8,61,3.694,zh
495925,Doraemon: Nobita's Treasure Island,2018,Animation|Adventure|Fantasy|Science Fiction|Comedy|Family,7.0,104,3.5013,ja
446894,Smallfoot,2018,Family|Comedy|Adventure|Animation|Fantasy,6.8,1620,5.0547,en
437557,Blockers,2018,Comedy,6.306,2132,3.4624,en
454227,Outlaw King,2018,Action|History|War,6.831,1692,4.551,en
532814,The Bad Seed,2018,Horror|Thriller|TV Movie,7.026,344,3.7532,en
399035,The Commuter,2018,Action|Thriller|Mystery,6.367,4653,3.8101,en
458423,Mamma Mia! Here We Go Again,2018,Comedy|Romance,7.08,3571,4.0928,en
458594,Peppermint,2018,Action|Thriller,6.731,2238,3.4595,en
375262,The Favourite,2018,History|Comedy|Drama,7.489,5922,3.8276,en
531384,Project Gutenberg,2018,Action|Crime|Mystery,7.2,139,4.3694,cn
439015,Slender Man,2018,Horror|Mystery|Thriller,4.3,2151,3.7087,en
442062,Goosebumps 2: Haunted Halloween,2018,Comedy|Fantasy|Horror|Family,6.098,1625,4.5069,en
417688,Pimp,2018,Drama,6.25,40,5.924,en
445651,The Darkest Minds,2018,Action|Adventure|Drama,7.021,2937,3.4931,en
446021,Bad Times at the El Royale,2018,Thriller|Mystery|Crime,6.846,3871,3.122,en
426543,The Nutcracker and the Four Realms,2018,Family|Fantasy|Adventure,6.085,2245,3.7302,en
567604,Once Upon a Deadpool,2018,Comedy|Action|Adventure|Science Fiction,7.105,847,3.3901,en
429415,Extinction,2018,Action|Drama|Science Fiction|Thriller,6.035,1993,3.2418,en
504903,Adultery Alumni Association,2018,Drama|Romance,6.9,16,3.6407,ko
416494,Status Update,2018,Comedy|Fantasy|Science Fiction,7.276,571,3.5136,en
438590,A-X-L,2018,Science Fiction|Action|Adventure|Family,6.32,1244,3.0706,en
476926,The Titan,2018,Science Fiction|Thriller,5.325,1329,3.3592,en
451915,Beautiful Boy,2018,Drama,7.5,2862,3.6222,en
437586,mid90s,2018,Drama|Comedy,7.5,1795,3.1135,en
487558,BlacKkKlansman,2018,Crime|Comedy|Drama|History,7.491,8105,3.7444,en
454992,The Spy Who Dumped Me,2018,Comedy|Action|Adventure,6.373,2365,2.8444,en
506072,Prospect,2018,Science Fiction,6.216,974,3.3672,en
470044,The Hate U Give,2018,Crime|Drama,8.1,2222,3.1832,en
512412,Backtrace,2018,Crime|Action|Adventure|Thriller,4.978,252,3.4552,en
401469,Widows,2018,Drama|Crime|Thriller,6.482,2477,4.4881,en
429300,Adrift,2018,Thriller|Romance|Adventure,6.841,2698,3.946,en
467660,Unsane,2018,Horror|Thriller,6.26,1679,3.404,en
338768,Please Stand By,2018,Comedy|Drama,6.767,517,3.0088,en
701952,My Girlfriend's Mother 2,2018,Romance,3.0,11,3.3914,ko
532321,Re:ZERO -Starting Life in Another World- Memory Snow,2018,Animation|Adventure|Fantasy,7.2,292,3.4974,ja
505513,Detective Chinatown 2,2018,Comedy|Mystery,6.235,149,3.1851,zh
457136,Mary Queen of Scots,2018,Drama|History,6.559,1947,2.997,en
592742,Be My Master,2018,Drama,6.786,15,2.729,ja
434555,The Possession of Hannah Grace,2018,Horror|Drama,5.633,1486,2.8601,en
493623,Hichki,2018,Drama|Comedy,7.6,157,3.2775,hi
347375,Mile 22,2018,Action|Thriller,6.231,2414,2.9626,en
517991,The Spy Gone North,2018,Drama|History|Thriller,7.374,219,2.7736,ko
474395,Teen Titans Go! To the Movies,2018,Animation|Action|Comedy|Science Fiction,7.172,1175,3.1759,en
438689,Siberia,2018,Crime|Romance|Thriller,4.733,615,2.8132,en
420814,Christopher Robin,2018,Adventure|Comedy|Family|Fantasy,7.303,2907,3.1224,en
424781,Sorry to Bother You,2018,Fantasy|Science Fiction|Comedy,6.782,1759,3.192,en
396461,Under the Silver Lake,2018,Crime|Drama|Mystery,6.353,1599,2.8844,en
700979,Friend's Mothers,2018,Romance,5.3,11,3.1929,ko
506763,Detective Dee: The Four Heavenly Kings,2018,Action|Fantasy|Adventure|Mystery,6.285,212,3.2423,zh
430040,The Hurricane Heist,2018,Action|Adventure|Crime|Thriller,5.684,1079,2.7737,en
384677,Set It Up,2018,Romance|Comedy,6.909,2807,3.4638,en
534780,Andhadhun,2018,Crime|Mystery|Thriller|Comedy,7.609,622,3.0666,hi
300681,Replicas,2018,Science Fiction|Thriller|Drama,6.041,1480,2.9299,en
399796,Life of the Party,2018,Comedy,6.085,1053,2.7158,en
526051,Look Away,2018,Horror|Thriller|Fantasy,6.547,970,2.8404,en
371608,The Strangers: Prey at Night,2018,Horror|Thriller,5.7,1500,3.2684,en
538331,Hello Mr. Billionaire,2018,Comedy,7.0,143,2.9474,zh
470878,I Can Only Imagine,2018,Music|Drama,7.5,500,2.9673,en
507732,The Testament of Sister New Devil: Departures,2018,Animation|Action|Fantasy,7.6,41,2.5603,ja
568332,Taylor Swift: Reputation Stadium Tour,2018,Music,8.183,432,2.0396,en
500919,211,2018,Crime|Action|Thriller,5.3,494,2.7298,en
496327,Sui Dhaaga - Made in India,2018,Comedy|Drama|Family,7.2,94,3.1223,hi
569547,Black Mirror: Bandersnatch,2018,Thriller|Science Fiction|Mystery,6.761,4182,2.7169,en
484747,Little Tickles,2018,Drama|Comedy,7.368,382,2.702,fr
528998,Affairs of State,2018,Drama|Thriller|Romance,4.9,38,2.7203,en
396806,Anon,2018,Science Fiction|Crime|Mystery|Thriller,6.004,1730,3.5456,en
414018,Damsel,2018,Western|Drama|Comedy,5.3,164,2.9516,en
494407,Pokémon the Movie: The Power of Us,2018,Animation|Family|Adventure|Fantasy,7.2,229,2.7156,ja
497722,The Coach,2018,Drama,6.6,71,2.6751,ru
426426,Roma,2018,Drama,7.622,4122,3.29,es
446807,The Girl in the Spider's Web,2018,Action|Crime|Thriller,6.153,1514,3.2697,en
471507,Destroyer,2018,Thriller|Crime|Drama|Action,5.901,794,3.9014,en
426618,Where Hands Touch,2018,War|Drama|Romance,7.891,538,2.6332,en
549590,Ordinary People,2018,Action|Crime|Thriller|Mystery,7.514,109,3.1254,ko
539517,Constantine: City of Demons - The Movie,2018,Fantasy|Animation|Horror|Action,7.678,659,2.624,en
505058,Unfriended: Dark Web,2018,Horror,6.282,1668,3.175,en
537190,Rampant,2018,Action|Horror|Drama|Fantasy,6.799,234,3.0209,ko
503838,Raid,2018,Crime|Drama|Thriller,7.184,133,3.6742,hi
500475,SuperFly,2018,Action|Crime,6.706,406,3.6358,en
440298,Cold War,2018,Romance|Music|Drama,7.4,1586,2.8711,pl
523777,Next Gen,2018,Animation|Action|Adventure|Comedy|Family|Science Fiction,6.978,848,3.5306,en
483980,Z-O-M-B-I-E-S,2018,Fantasy|Comedy|Romance|TV Movie,7.251,766,2.6493,en
424121,Apostle,2018,Horror|Mystery,6.1,1581,2.3663,en
340022,Gringo,2018,Comedy|Action|Crime,5.885,799,2.79,en
474335,Uncle Drew,2018,Comedy,6.661,597,2.5783,en
513691,The Debt Collector,2018,Action|Comedy,5.8,248,2.7812,en
421658,Final Score,2018,Action|Thriller|Adventure|Drama,6.082,570,2.4773,en
536115,Godzilla: The Planet Eater,2018,Animation|Science Fiction|Action|Adventure,6.5,400,2.5521,ja
385955,Where Is Kyra?,2018,Drama,5.565,62,2.5169,en
455236,Accident Man,2018,Action|Crime|Thriller|Adventure|Comedy,6.289,584,3.1211,en
420426,Bleach,2018,Action|Fantasy|Adventure,6.5,580,2.239,ja
497814,Breaking In,2018,Action|Crime|Thriller,5.967,699,2.5402,en
454615,Black Water,2018,Action|Thriller,5.6,275,2.8721,en
518963,Believer,2018,Crime|Action|Thriller,7.196,189,2.9131,ko
504231,Sarkar,2018,Action|Drama,5.7,84,2.3169,ta
485942,Batman Ninja,2018,Animation|Action|Science Fiction,5.857,1070,2.3898,ja
460668,I Feel Pretty,2018,Comedy|Romance,6.377,2122,2.5996,en
497370,The Drug King,2018,Crime|Action|Drama,6.348,161,2.1989,ko
489430,Terrified,2018,Horror,6.725,820,3.4818,es
553610,Mobile Suit Gundam Narrative,2018,Animation|Science Fiction|Action,6.5,20,1.9377,ja
571346,American Kamasutra,2018,Drama|Romance,4.2,50,2.2359,en
419478,Midnight Sun,2018,Romance|Drama,7.804,3547,2.3132,en
461126,Rangasthalam,2018,Action|Drama,7.103,78,2.4782,te
199928,The Outsider,2018,Crime|Drama|Mystery,6.158,691,3.3598,en
429476,Hell Fest,2018,Horror|Thriller,5.676,882,2.4631,en
400090,The Nightingale,2018,Drama|Thriller|Western,7.061,658,2.2298,en
446696,Life Itself,2018,Drama|Romance,7.188,627,2.2908,en
385332,Terminal,2018,Crime|Drama|Thriller|Action|Comedy|Mystery,5.53,878,2.57,en
220882,London Fields,2018,Crime|Thriller,5.075,302,2.5246,en
459910,Braven,2018,Drama|Action|Thriller,6.183,1112,2.5564,en
434355,Taxi 5,2018,Action|Comedy|Crime,5.387,1085,2.296,fr
486947,The Guilty,2018,Thriller|Drama|Crime,7.311,1850,2.2839,da
475214,Farming,2018,Drama,6.2,75,2.5169,en
345934,Air Strike,2018,Action|Drama|War|History,5.076,288,2.7559,en
527435,The Christmas Chronicles,2018,Comedy|Adventure|Family|Fantasy,7.16,2390,2.7769,en
491472,At Eternity's Gate,2018,Drama|History,6.977,1571,2.3693,en
482725,The Lover in the Attic: A True Story,2018,TV Movie|History|Drama,4.6,10,2.4629,en
522417,Scorpion King: Book of Souls,2018,Action|Adventure|Fantasy,5.868,319,2.271,en
511652,Mutual Relations 2,2018,Drama|Romance,5.2,10,2.4021,ko
501624,Girl in the Bunker,2018,TV Movie|Drama,7.122,45,2.3064,en
489925,Eighth Grade,2018,Comedy|Drama,7.156,1665,2.4447,en
401545,Everybody Knows,2018,Crime|Mystery|Thriller,6.54,1038,2.5319,es
475210,How It Ends,2018,Science Fiction|Thriller|Mystery|Action|Adventure,5.281,2045,2.3822,en
418879,The Current War,2018,Drama|History,6.694,1155,2.0049,en
465136,Every Day,2018,Romance|Fantasy,7.24,2298,2.3352,en
542836,The Negotiation,2018,Crime|Action|Thriller,7.07,164,2.477,ko
477033,Errementari: The Blacksmith and the Devil,2018,Drama|Fantasy|Horror,6.366,604,2.084,eu
527729,Asterix: The Secret of the Magic Potion,2018,Family|Animation|Comedy|Adventure,6.8,1322,2.2019,fr
547865,Jalebi,2018,Drama|Romance,6.6,24,2.3987,hi
515042,Free Solo,2018,Documentary|Adventure,7.897,1517,2.1932,en
493551,Operation Finale,2018,Drama|History|Thriller,6.681,1097,2.3539,en
417812,Wildlife,2018,Drama,6.625,779,2.508,en
438808,White Boy Rick,2018,Crime|Drama,6.35,1207,2.4264,en
458737,First Reformed,2018,Drama,6.967,1460,2.4735,en
426563,Holmes & Watson,2018,Comedy|Mystery|Crime,4.3,929,1.9693,en
401905,Fahrenheit 451,2018,Drama|Science Fiction|Thriller,5.46,943,2.3391,en
505177,10x10,2018,Thriller|Mystery,5.238,606,2.1254,en
532444,On Your Wedding Day,2018,Romance|Drama,7.524,188,2.2414,ko
446101,Assassination Nation,2018,Thriller|Horror|Comedy,6.257,894,1.9126,en
502682,Book Club,2018,Romance|Comedy|Drama,6.225,833,3.5711,en
535389,The Great Battle,2018,War|History|Action,6.8,189,2.076,ko
505579,Bent,2018,Thriller|Crime,5.212,219,3.174,en
489930,Blindspotting,2018,Comedy|Crime|Drama,7.316,728,2.6863,en
493006,Case Closed: Zero the Enforcer,2018,Animation|Crime|Mystery|Action,6.2,175,2.075,ja
532753,Dying to Survive,2018,Drama|Comedy,8.196,214,2.1982,zh
362826,Wildling,2018,Horror|Fantasy|Thriller|Drama,5.451,387,2.1248,en
496704,Tremors: A Cold Day in Hell,2018,Action|Adventure|Science Fiction,5.84,454,2.0996,en
485296,Redbad,2018,Adventure|History|War|Drama,6.4,240,2.5636,nl
483983,Balloon,2018,Thriller|Drama|History,7.504,477,3.2,de
503616,Second Act,2018,Romance|Comedy,6.324,1250,2.1079,en
504603,The World Is Yours,2018,Comedy|Crime,6.7,440,2.3853,fr
452015,Psychokinesis,2018,Fantasy|Action|Comedy,6.3,338,2.2216,ko
515841,I Am Not an Easy Man,2018,Comedy|Fantasy,6.2,1022,2.4839,fr
460071,Lizzie,2018,Crime|Drama|Thriller,6.2,299,3.1642,en
530154,Lust Stories,2018,Drama|Romance,6.215,142,2.4183,hi
438145,Black '47,2018,Drama,6.559,330,2.762,en
487242,Suicide Squad: Hell to Pay,2018,Science Fiction|Action|Animation|Fantasy,7.091,716,2.0414,en
523931,Megalodon,2018,Action|Science Fiction|Horror|TV Movie,5.57,314,2.2533,en
385360,Billionaire Boys Club,2018,Drama,5.715,508,2.4373,en
482150,Liz and the Blue Bird,2018,Animation|Drama|Music,7.5,155,2.7003,ja
493017,A Polar Year,2018,Drama|Adventure,6.4,33,3.4949,da
401200,Kursk,2018,Drama|History|Thriller|Action,6.645,704,2.0197,en
476764,The Front Runner,2018,Drama|History,5.91,379,2.1127,en
533991,Stree,2018,Horror|Comedy,6.94,192,2.2632,hi
475215,Mirai,2018,Animation|Family|Fantasy|Adventure|Drama,7.1,856,2.1583,ja
496328,Sanju,2018,Drama,7.208,216,2.8575,hi
412988,The Happytime Murders,2018,Action|Crime|Comedy,5.8,1084,2.4524,en
548682,No One Would Tell,2018,Drama|Thriller|Mystery|TV Movie|Crime,6.5,37,1.9039,en
448358,Darker Shades of Elise,2018,Thriller|Drama,3.8,36,2.1825,en
376865,High Life,2018,Science Fiction|Drama|Mystery,5.735,1224,3.0996,en
416724,Boar,2018,Horror,5.3,114,1.8914,en
347866,Hot Summer Nights,2018,Drama|Crime,6.606,808,2.0647,en
467824,Illang: The Wolf Brigade,2018,Science Fiction|Action|Thriller|Drama,6.271,327,1.9452,ko
517839,Border,2018,Fantasy|Drama|Crime,6.691,923,3.2765,sv
397722,Thoroughbreds,2018,Drama|Thriller,6.434,1253,2.8946,en
496524,Simmba,2018,Action|Comedy|Drama,6.217,99,1.9041,hi
523849,The Last Sharknado: It's About Time,2018,Action|Comedy|Horror|Science Fiction|TV Movie,4.4,271,1.9627,en
498248,Mia and the White Lion,2018,Adventure|Family|Drama,7.258,920,2.6464,fr
447665,Kickboxer: Retaliation,2018,Action|Drama,5.423,326,3.1385,en
488143,Laboratory Conditions,2018,Horror|Drama|Science Fiction,7.429,28,2.1545,en
502235,Purpose of Reunion 3,2018,Drama|Romance,5.923,13,2.1644,ko
433627,7 Days in Entebbe,2018,Thriller|Drama|Crime,5.854,449,2.041,en
443463,Leave No Trace,2018,Drama,6.802,1381,2.0266,en
354279,Charming,2018,Animation|Adventure|Comedy|Family|Fantasy|Music|Romance,6.363,278,2.302,en
564140,Cold Feet,2018,Comedy,6.608,97,2.7281,de
476968,Paul  Apostle of Christ,2018,Drama|History,7.617,411,1.9563,en
471474,Batman: Gotham by Gaslight,2018,Thriller|Action|Animation|Science Fiction,6.696,760,1.928,en
552095,PAW Patrol: Mighty Pups,2018,Adventure|Animation|Family|Action,7.518,588,2.2869,en
407439,Mary Magdalene,2018,Drama,6.32,575,2.0626,en
545742,One Piece: Episode of Skypiea,2018,Action|Adventure|Comedy|Animation,7.2,93,2.1114,ja
520576,After the Rain,2018,Romance|Drama,7.5,59,2.0052,ja
461992,Hostile,2018,Drama|Horror|Romance|Science Fiction,5.803,403,2.0489,en
390059,Permission,2018,Comedy|Romance|Drama,5.095,169,2.9653,en
499556,An Elephant Sitting Still,2018,Drama,7.7,232,1.7099,zh
505954,T-34,2018,Action|Drama|History|War,7.174,942,1.7996,ru
479226,The Purity of Vengeance,2018,Crime|Thriller|Mystery|Drama,7.161,550,3.3773,da
492719,Godzilla: City on the Edge of Battle,2018,Animation|Science Fiction,6.56,402,1.819,ja
472451,Boy Erased,2018,Drama,6.989,1490,1.7378,en
529011,Oolong Courtyard: Kung Fu School,2018,Comedy,3.6,10,1.4098,zh
457712,The VelociPastor,2018,Action|Horror|Comedy,5.321,246,1.759,en
492336,Deep Blue Sea 2,2018,Action|Horror|Science Fiction,5.1,563,1.9088,en
470821,Vampire Clay,2018,Horror,6.132,34,1.7365,ja
369523,The Tale,2018,Drama|Mystery,7.1,472,2.2218,en
389218,Our Time,2018,Drama,6.609,64,2.5379,es
543103,Kamen Rider Heisei Generations Forever,2018,Action|Adventure|Science Fiction|Fantasy|Drama|Comedy,6.1,29,2.8615,ja
508422,Penguin Highway,2018,Animation|Adventure|Comedy|Fantasy,7.169,254,1.8515,ja
523561,A Fortunate Man,2018,Drama,6.784,171,2.2147,da
401371,Mute,2018,Science Fiction|Mystery|Thriller,5.566,1151,1.4403,en
400579,Tully,2018,Comedy|Drama,6.78,1521,2.2516,en
514879,KASANE –Beauty and Fate–,2018,Mystery|Fantasy,6.8,29,1.7331,ja
454293,Night School,2018,Comedy,6.125,1764,2.0559,en
554447,A Female Employee's Taste,2018,Drama|Romance,5.3,34,1.8377,ko
498934,Liverleaf,2018,Horror|Thriller|Drama,6.257,74,1.6999,ja
454033,Swinging Safari,2018,Comedy|Drama,5.2,67,2.17,en
283601,Galveston,2018,Thriller,6.123,548,1.586,en
456750,Game Over  Man!,2018,Action|Comedy,5.46,972,1.6661,en
339380,On the Basis of Sex,2018,Drama|History,7.326,1134,2.1369,en
523773,Little Italy,2018,Comedy|Romance,6.612,709,2.1106,en
448491,Little Forest,2018,Drama,7.6,177,2.191,ko
506053,Gatao 2: Rise of the King,2018,Action|Drama|Crime,5.842,19,1.9783,zh
543094,Kamen Rider Build The Movie: Be The One,2018,Action|Adventure|Science Fiction|Drama,7.0,10,1.9184,ja
474392,Samson,2018,Action|Drama|Adventure,5.767,253,1.8449,en
295011,Patient Zero,2018,Horror|Thriller|Action|Drama,5.301,403,2.7638,en
440626,Sobibor,2018,War|Drama,6.544,331,1.9453,ru
527642,Flight 666,2018,Horror|Action,5.36,75,2.7599,en
477510,Dog Days,2018,Comedy|Family|Romance,6.643,286,1.7025,en
426613,The Miseducation of Cameron Post,2018,Drama,6.9,1015,2.0496,en
426249,Lords of Chaos,2018,Drama|Music|Thriller|Horror,6.767,553,2.0201,en
517373,Killing for the Prosecution,2018,Mystery|Drama|Crime|Thriller,6.3,22,1.6308,ja
489931,American Animals,2018,Drama|Crime|Documentary,6.739,1209,1.4963,en
503314,Dragon Ball Super: Broly,2018,Action|Science Fiction|Animation,7.927,3156,1.9651,ja
470229,Summer of 84,2018,Drama|Horror|Mystery,6.9,1466,1.8699,en
411143,Tau,2018,Science Fiction|Thriller|Horror,6.17,1368,2.0729,en
551591,HUG! PreCure Futari wa Pretty Cure: All Star Memories,2018,Animation|Fantasy|Action|Comedy|Adventure|Family,6.625,20,2.7885,ja
465656,Kedarnath,2018,Romance,6.51,48,2.0511,hi
529569,The Witness,2018,Thriller|Crime,6.731,104,2.973,ko
548066,Level 16,2018,Science Fiction|Thriller,6.73,734,2.1094,en
514754,Bao,2018,Animation|Family|Fantasy|Drama|Comedy,7.558,1310,2.3459,en
570352,Agatha and the Truth of Murder,2018,Drama|Mystery,6.37,154,1.5475,en
416234,Winchester,2018,Horror|Thriller,5.888,1825,2.0941,en
426865,UFO,2018,Science Fiction|Thriller|Mystery,6.902,445,2.8489,en
470333,Hearts Beat Loud,2018,Music|Drama|Comedy|Family,6.847,281,1.7997,en
433501,City of Lies,2018,Crime|Thriller|Drama,6.369,687,1.6416,en
534338,An Interview with God,2018,Drama|Mystery,6.989,277,2.2582,en
375107,Duck Duck Goose,2018,Animation|Family|Adventure|Comedy,6.2,182,1.8719,en
569947,Kung Fu Monster,2018,Action|Fantasy|Adventure,5.646,24,1.8896,zh
592041,Dirty Work,2018,Romance|Drama,4.316,19,1.7821,en
497984,Monster Hunt 2,2018,Adventure|Comedy|Fantasy,6.6,143,2.1293,zh
563103,Door Lock,2018,Thriller|Crime|Mystery,7.418,171,1.7204,ko
472734,Dumplin',2018,Comedy|Drama,6.761,1440,1.8864,en
542787,Frenzy,2018,Horror|Thriller|TV Movie,3.902,66,2.0684,en
375785,Then Came You,2018,Comedy|Drama,7.446,545,2.0147,en
453755,Arctic,2018,Drama|Adventure,6.5,1382,1.7501,en
507411,Natsume's Book of Friends the Movie: Ephemeral Bond,2018,Animation|Fantasy|Drama,7.4,32,1.6498,ja
544510,Cyrano  My Love,2018,Comedy|History,7.483,526,2.7671,fr
484862,Scooby-Doo! & Batman: The Brave and the Bold,2018,Animation|Comedy|Action|Family|Science Fiction,7.2,265,2.2063,en
520360,King of Thieves,2018,Crime|Drama,5.553,457,1.7186,en
401561,Mom and Dad,2018,Comedy|Horror|Thriller,5.407,1075,1.7476,en
529962,The Perfection,2018,Horror|Thriller|Drama,6.452,1459,1.7625,en
433694,Sgt. Stubby: An American Hero,2018,Animation|Adventure|Family|History|War,7.902,215,2.1333,en
496076,Zero,2018,Romance|Drama|Comedy,5.187,115,1.7498,hi
439058,Hey Arnold! The Jungle Movie,2018,Family|Comedy|Animation|Adventure|TV Movie|Fantasy,7.652,198,1.6705,en
463319,Shadow,2018,Action|War,6.72,447,2.1144,zh
503619,The Package,2018,Comedy,5.9,1249,1.7265,en
515224,Diamond Dust,2018,Mystery|Thriller|Drama,7.6,52,1.9582,ar
467632,Bad Samaritan,2018,Thriller|Crime|Horror|Drama,6.742,776,1.8528,en
494656,The Legend of the Black Charro,2018,Animation|Fantasy|Action|Family|Horror,8.136,198,1.5478,es
411135,Future World,2018,Science Fiction,4.291,282,1.7414,en
496334,Batti Gul Meter Chalu,2018,Comedy|Drama,5.983,30,2.7389,hi
459928,12 Feet Deep,2018,Thriller|Horror,6.008,332,2.0902,en
479040,Acts of Violence,2018,Action|Crime|Thriller,5.586,447,1.8428,en
508747,Us and Them,2018,Drama|Romance,7.521,169,1.8182,zh
483455,Bungo Stray Dogs: Dead Apple,2018,Animation|Action|Comedy|Mystery,8.1,191,1.9474,ja
451480,The Guernsey Literary & Potato Peel Pie Society,2018,Romance|Drama|History,7.398,1407,1.8509,en
528949,The Photographer of Mauthausen,2018,Drama|History|Thriller,7.0,745,1.8205,es
458344,Juliet  Naked,2018,Comedy|Drama|Romance,6.295,538,1.8107,en
370567,Sherlock Gnomes,2018,Animation|Family|Fantasy|Comedy|Adventure|Mystery,5.8,773,1.9735,en
510938,The Matchmaker's Playbook,2018,Romance,7.167,66,1.602,en
438623,Keys to the Heart,2018,Drama|Comedy,8.042,48,2.0323,ko
541611,The Conductor,2018,Drama|History,7.591,165,1.858,nl
401847,Can You Ever Forgive Me?,2018,Drama|Crime|Comedy,6.812,1349,1.8382,en
513347,Flavors of Youth,2018,Animation|Romance|Drama,6.871,586,1.7186,zh
552345,Cry Me a Sad River,2018,Drama,6.438,32,1.7142,zh
451877,I Think We're Alone Now,2018,Drama|Science Fiction|Mystery,5.777,446,1.533,en
440161,The Sisters Brothers,2018,Western|Drama|Comedy,6.8,2085,1.4945,en
454652,Colette,2018,Drama|History,6.9,950,1.7944,en
521647,Darc,2018,Action|Thriller,6.093,210,1.8289,en
557968,Revenger,2018,Action|Crime|Thriller,5.581,173,2.5005,ko
425505,Kin,2018,Science Fiction|Action|Adventure|Thriller,6.104,884,1.6637,en
464502,Acrimony,2018,Drama|Thriller,6.752,412,1.4689,en
275236,What We May Become,2018,Romance,6.0,10,2.0328,es
497333,Code Blue: The Movie,2018,Action|Adventure|Drama,6.7,10,1.7499,ja
500494,Naa Peru Surya - Naa Illu India,2018,Action|Drama,5.81,42,1.8191,te
557635,After Porn Ends 3,2018,Documentary,5.425,113,1.7274,en
459267,Human  Space  Time and Human,2018,Drama,5.523,43,1.4913,ko
399248,Beirut,2018,Action|Thriller|Drama,6.302,606,1.7981,en
441717,96,2018,Romance,7.624,145,1.7481,ta
416194,The Quake,2018,Action|Drama|Thriller,6.723,815,1.8061,no
426814,The Domestics,2018,Horror|Thriller,6.13,513,1.7458,en
504561,Quincy,2018,Documentary|Music,7.4,113,1.323,en
414001,The Mercy,2018,Drama|Adventure,5.9,299,1.5902,en
429202,Vox Lux,2018,Drama|Music,5.785,532,2.1122,en
474538,The Blood of Wolves,2018,Crime|Thriller|Drama|Horror,7.23,37,1.5007,ja
407451,A Wrinkle in Time,2018,Adventure|Science Fiction|Family|Fantasy,5.059,1862,1.7655,en
500006,Utøya: July 22,2018,History|Drama,7.154,446,1.6977,no
518158,Leprechaun Returns,2018,Horror|Comedy,6.135,661,2.0466,en
454286,God's Not Dead: A Light in Darkness,2018,Drama,6.571,225,1.9654,en
531593,Reprisal,2018,Action|Adventure|Thriller,5.209,304,2.7621,en
487476,Nothing to Hide,2018,Drama|Comedy,6.58,1429,1.4895,fr
465914,If Beale Street Could Talk,2018,Romance|Drama,6.889,1225,2.1273,en
425194,The Little Witch,2018,Family|Comedy|Drama,7.0,148,1.5448,de
489763,The Keeper,2018,Drama|War|History,7.4,242,1.5313,de
569578,Ascharya Fuck It,2018,Thriller|Drama,4.5,11,1.6863,hi
423612,Never Look Away,2018,Drama|Romance|History,7.7,754,1.9747,de
458005,Zoe,2018,Science Fiction|Romance|Thriller,5.922,441,1.6794,en
475094,The Captain,2018,War|Drama|History,7.21,497,1.9979,de
528644,Bilby,2018,Animation|Comedy|Family|Adventure,8.015,206,2.5479,en
467917,A Kid Like Jake,2018,Drama,5.984,154,1.3106,en
487850,Asako I & II,2018,Drama|Romance,6.773,200,1.8508,ja
523536,Checkered Ninja,2018,Animation|Comedy|Adventure|Fantasy,7.4,260,2.0575,da
463116,The Stolen Princess,2018,Animation|Comedy|Adventure|Family,6.772,189,1.8971,uk
478159,Patrick,2018,Family|Comedy,6.721,262,1.3368,en
453201,The 15:17 to Paris,2018,Drama|Thriller,5.414,1689,1.8113,en
467936,The Children Act,2018,Drama,6.579,652,1.5112,en
443009,Don't Worry  He Won't Get Far on Foot,2018,Comedy|Drama,6.689,758,1.6982,en
485811,Redcon-1,2018,Action|Horror|Science Fiction,5.69,329,1.4876,en
525554,The Bouncer,2018,Action|Drama|Thriller,6.232,396,2.1113,fr
470918,Beast,2018,Mystery|Crime|Drama,6.538,344,1.849,en
456154,White Fang,2018,Animation|Family,7.343,235,1.6013,fr
500921,Between Worlds,2018,Mystery|Thriller|Fantasy,5.009,278,1.6393,en
448776,A Prayer Before Dawn,2018,Drama|Action|Crime,6.722,643,1.7561,en
475220,In Fabric,2018,Horror|Fantasy|Comedy|Mystery,5.673,369,1.8189,en
426793,Parallel,2018,Science Fiction|Fantasy|Horror,5.994,180,1.4065,en
406761,Hotel Artemis,2018,Science Fiction|Crime|Action|Thriller|Drama,6.074,1676,2.0224,en
351044,Welcome to Marwen,2018,Drama|Comedy,6.502,1204,1.7071,en
315064,Animal Crackers,2018,Comedy|Animation|Adventure|Family|Fantasy,6.3,203,1.7089,en
489928,Blaze,2018,Drama|Music|History,6.288,59,1.6921,en
571622,The Wrong Teacher,2018,Drama|TV Movie,5.6,15,1.6409,en
570556,Buttons,2018,Family|Drama|Music,6.263,19,1.5714,en
543580,They Shall Not Grow Old,2018,Documentary|History|War,7.774,667,1.343,en
503606,The Ferry Man Manjusaka,2018,Fantasy|Mystery|Thriller,6.2,11,2.3747,zh
457955,The Night Eats the World,2018,Horror|Thriller|Science Fiction,6.026,799,1.6495,fr
520358,Champion,2018,Drama|Comedy,6.636,44,1.3772,ko
433310,When We First Met,2018,Comedy|Romance|Fantasy,6.561,2360,1.696,en
519091,Carmen & Lola,2018,Romance|Drama,6.962,184,1.3762,es
499088,Maya the Bee: The Honey Games,2018,Comedy|Family|Animation|Adventure,6.632,68,1.7596,en
339103,Gotti,2018,Crime|Drama|History|Thriller,5.315,639,1.5804,en
514277,Mara,2018,Crime|Horror|Thriller,5.706,418,2.5799,en
50022,Super Troopers 2,2018,Comedy|Crime|Mystery,5.855,520,1.5973,en
461649,Pari,2018,Horror|Mystery,6.482,55,1.7735,hi
425148,Show Dogs,2018,Adventure|Crime|Family|Comedy,6.0,256,1.5793,en
418667,Dear Dictator,2018,Comedy,5.5,161,2.7548,en
545582,Ultraman Geed the Movie: Connect! The Wishes!!,2018,Action|Science Fiction,7.115,26,1.8233,ja
483539,After My Death,2018,Drama|Mystery,7.034,73,1.6156,ko
554779,Swing Kids,2018,Drama|War,8.131,84,2.5139,ko
541660,Loro,2018,Drama,6.719,349,1.6704,it
429417,Ghost Stories,2018,Horror|Drama,6.447,1278,1.4083,en
480100,Nightmare Cinema,2018,Horror,5.84,256,1.5239,en
458342,Private Life,2018,Drama|Comedy,6.898,415,1.3013,en
507562,Crayon Shin-chan: Burst Serving! Kung Fu Boys ~Ramen Rebellion~,2018,Comedy|Adventure|Animation,6.51,49,1.1828,ja
514619,Nobody's Fool,2018,Comedy|Romance,6.056,294,1.4991,en
375327,Submergence,2018,Drama|Thriller|Romance,5.5,313,1.3459,en
518997,The Daughters of Fire,2018,Drama,4.2,33,1.2482,es
437375,Looking Glass,2018,Thriller|Mystery,4.79,336,1.6722,en
337676,Mektoub  My Love: Canto Uno,2018,Romance|Drama,6.7,335,1.3042,fr
519255,Bel Canto,2018,Drama|Music|Romance|Thriller,5.467,138,2.4292,en
503902,Sabrina,2018,Horror|Thriller,5.3,192,1.4284,id
539649,The Lie,2018,Horror|Mystery|Thriller,6.354,791,1.6004,en
550093,K: Seven Stories Movie 6 - Circle Vision - Nameless Song,2018,Animation|Action|Fantasy,6.0,11,1.3559,ja
499028,Be With You,2018,Romance|Drama|Fantasy,8.2,222,1.964,ko
546728,Auntie Edna,2018,Animation|Comedy|Family|Science Fiction,7.2,272,1.7613,en
513427,King Lear,2018,Drama|TV Movie,6.08,106,1.4741,en
457435,Return of the Hero,2018,History|Comedy,6.306,647,1.5642,fr
432301,Chappaquiddick,2018,History|Drama|Thriller,6.118,289,2.4952,en
444149,Hellraiser: Judgment,2018,Horror|Thriller,5.1,364,1.4018,en
473149,Traffik,2018,Thriller|Action,6.097,478,1.4834,en
353576,The Con Is On,2018,Comedy|Crime,3.938,192,1.9256,en
410331,Vada Chennai,2018,Action|Crime|Drama,7.8,106,1.6553,ta
506558,O.G.,2018,Drama,5.906,106,2.2949,en
486898,Long Day's Journey Into Night,2018,Drama|Mystery,7.0,284,1.9429,zh
513736,LEGO DC Comics Super Heroes: Aquaman - Rage of Atlantis,2018,Animation|Family|Action|Comedy,6.148,118,1.6522,en
457915,Superlopez,2018,Comedy,5.594,282,1.519,es
525460,Welcome Home,2018,Thriller|Horror,5.3,358,1.5299,en
529982,Asher,2018,Thriller|Action|Drama,5.787,157,1.6545,en
494974,Red Joan,2018,Thriller|History,6.641,396,1.3531,en
503235,Hidden Man,2018,Action|Crime|Drama,6.7,87,1.3539,zh
533932,We Need Your Vote,2018,Comedy,5.2,127,1.8386,fr
399131,Dude,2018,Comedy,5.532,759,1.2959,en
535170,The Island,2018,Comedy|Drama|Mystery,6.695,100,1.6387,zh
409582,7 Guardians of the Tomb,2018,Action|Adventure|Horror,5.356,260,1.2382,en
475132,A Private War,2018,Drama|War,6.8,555,1.489,en
506863,Hurricane,2018,War|Drama|Action,5.9,185,1.945,en
467915,The Delinquent Season,2018,Drama|Romance,6.148,54,1.0492,en
510460,Paris Pigalle,2018,Comedy|Drama,5.25,100,1.2441,fr
385448,The Little Mermaid,2018,Family|Adventure|Fantasy|Romance|Drama,5.035,864,1.6901,en
425373,The Miracle Season,2018,Drama,7.181,334,1.2075,en
489891,Laplace's Witch,2018,Mystery|Crime|Science Fiction,6.3,38,1.1078,ja
459616,The Brand New Adventures of Aladdin,2018,Comedy|Fantasy|Adventure,4.817,404,1.7867,fr
534530,Aravinda Sametha Veera Raghava,2018,Action|Drama,7.2,35,1.5893,te
491629,Raazi,2018,Thriller|Drama|History,7.205,190,1.3632,hi
465109,The Week Of,2018,Comedy,5.462,848,1.3824,en
395841,Hold the Dark,2018,Thriller|Mystery|Crime,5.449,1043,1.8045,en
493675,Profile,2018,Thriller|Drama|Mystery,6.886,162,1.1904,en
544431,The Clovehitch Killer,2018,Drama|Mystery|Crime,6.403,810,2.0495,en
495386,Runaway Romance,2018,Romance|TV Movie,6.8,72,2.8953,en
447743,Inuyashiki,2018,Action|Adventure|Science Fiction|Fantasy,7.692,198,1.6865,ja
474647,Impossibility Defense,2018,Mystery|Thriller|Crime|Fantasy,7.175,40,1.1565,ja
515916,Girl,2018,Drama,7.163,762,2.4795,nl
518496,Sauvage,2018,Drama,6.694,188,1.1687,fr
571446,Mojin: The Worm Valley,2018,Action|Fantasy|Adventure,6.284,58,1.5725,zh
550201,The Pool,2018,Thriller|Horror,5.9,367,1.539,th
489929,Destination Wedding,2018,Romance|Comedy|Drama,5.783,834,1.4453,en
300906,Atrocious,2018,Horror|Thriller,6.616,99,1.5338,es
507143,Candy Jar,2018,Comedy|Drama|Romance,6.109,485,1.5646,en
474051,Calibre,2018,Thriller|Drama,6.5,783,1.4663,en
483742,The Violin Player,2018,Drama|Romance,5.9,28,1.5944,fi
542905,Ride,2018,Thriller|Crime,5.403,160,1.8063,en
442064,Proud Mary,2018,Thriller|Action|Crime,5.503,532,2.4193,en
458109,Spinning Man,2018,Thriller|Mystery|Crime,5.59,483,1.5753,en
396622,Andover,2018,Science Fiction|Comedy|Romance,5.156,48,1.6488,en
340601,Delirium,2018,Horror|Thriller,5.7,334,2.3743,en
412157,A Dark Place,2018,Thriller|Mystery,6.014,220,1.5437,en
546493,Ode to the Goose,2018,Drama,8.2,18,1.1507,ko
353066,The Vanishing of Sidney Hall,2018,Drama|Mystery|Romance,6.734,282,1.8929,en
412061,Age Out,2018,Drama|Crime,6.013,39,1.5119,en
556803,The Princess Switch,2018,Romance|Comedy,6.985,2282,1.8085,en
529981,Bayou Caviar,2018,Crime|Thriller,4.6,44,1.8056,en
595801,Other Side of the Box,2018,Horror|Thriller,6.6,106,1.4739,en
531380,Golden Job,2018,Action|Adventure|Crime,6.186,97,1.307,cn
460399,Love  Chunibyo & Other Delusions! Take On Me,2018,Animation|Comedy|Fantasy,7.8,127,1.5668,ja
381237,Office Uprising,2018,Comedy|Horror|Action,5.342,263,1.5175,en
469916,Downrange,2018,Horror|Thriller,5.709,339,1.4581,en
451925,Time Freak,2018,Science Fiction|Comedy|Romance,6.683,488,1.4071,en
514710,Modest Heroes,2018,Animation|Fantasy|Adventure|Drama,6.654,192,1.564,ja
494471,Non Non Biyori: Vacation,2018,Animation|Comedy,7.7,36,1.1938,ja
476678,Backstabbing for Beginners,2018,Thriller|Drama|History,6.177,217,1.5587,en
497768,A Better Tomorrow,2018,Action,5.6,33,1.5094,zh
483552,Gangsta,2018,Thriller|Action|Crime,6.774,104,2.5528,nl
518514,An Elephant's Journey,2018,Adventure|Drama|Family,4.9,13,1.6464,en
496349,Macross Delta: Passionate Walküre,2018,Animation|Action|Drama|Science Fiction|War|Romance|Music,6.091,11,1.257,ja
496320,Race 3,2018,Thriller|Action|Crime|Adventure,3.582,85,1.3535,hi
506596,Ploey: You Never Fly Alone,2018,Animation|Family,6.1,93,1.3721,en
399725,Ideal Home,2018,Comedy|Drama,6.4,280,2.2505,en
498598,Sonu Ke Titu Ki Sweety,2018,Romance|Comedy,6.574,129,1.3134,hi
373449,2.0,2018,Action|Science Fiction|Fantasy,5.84,175,1.367,ta
535437,Swiped,2018,Comedy|Drama|Romance,4.446,709,1.7527,en
515295,Kase-san and Morning Glories,2018,Romance|Animation,7.3,49,1.2816,ja
523750,LOUDER! Can't Hear What You're Singin'  Wimp!,2018,Comedy,6.1,12,1.1695,ja
339976,American Woman,2018,Drama,6.336,165,1.9153,en
477887,The White Crow,2018,Drama,6.569,255,1.2691,en
490003,Won't You Be My Neighbor?,2018,Documentary,7.996,590,1.4348,en
499319,Duck Butter,2018,Drama|Romance|Comedy,5.4,231,1.2128,en
492452,Ben Is Back,2018,Drama,6.6,964,1.5762,en
540384,The Soul-Mate,2018,Comedy|Fantasy|Crime|Drama,6.7,43,1.5612,ko
505914,A.I. Rising,2018,Science Fiction|Drama|Romance,4.965,312,1.5798,en
412862,Ratsasan,2018,Thriller|Crime|Mystery,7.396,188,1.525,ta
467952,The Catcher Was a Spy,2018,Drama|War|Thriller|History,6.197,322,1.3775,en
477489,Just a Breath Away,2018,Drama|Science Fiction|Thriller,6.329,855,1.3424,fr
445456,55 Steps,2018,Drama,6.694,170,1.7653,de
475935,Mobile Suit Gundam: The Origin VI – Rise of the Red Comet,2018,Action|Animation|Science Fiction|War,7.5,35,1.6235,ja
441393,Ash Is Purest White,2018,Crime|Romance|Drama,6.9,358,1.1326,zh
535618,Still Life of Memories,2018,Drama|Romance,4.1,14,1.6878,ja
420915,Yardie,2018,Crime|Drama,5.862,65,2.4193,en
472138,Thugs of Hindostan,2018,Adventure|Action,5.536,124,1.4241,hi
462550,Family,2018,Comedy,6.5,71,1.0859,en
463053,Ibiza,2018,Comedy|Romance,5.709,1187,1.3061,en
503346,Occupation,2018,Action|Science Fiction|Drama,4.806,258,1.7972,en
495673,Belleville Cop,2018,Comedy|Crime,5.011,392,1.4124,fr
466411,Speed Kills,2018,Crime|Drama|Thriller,5.439,147,1.2933,en
519176,Gintama 2: Rules are Made to Be Broken,2018,Comedy|Action|Science Fiction,7.133,83,1.1482,ja
521296,Okko's Inn,2018,Animation|Drama|Fantasy|Family,7.205,122,1.4486,ja
518452,Like Father,2018,Drama,6.225,698,1.5642,en
461352,blank13,2018,Family|Drama,6.3,17,2.0152,ja
531639,Tracey,2018,Drama,6.231,13,1.2018,cn
460059,Burn Out,2018,Action|Thriller|Crime,6.721,454,1.327,fr
506680,Unbroken: Path to Redemption,2018,Drama,6.7,158,1.4523,en
504997,LEGO DC Comics Super Heroes: The Flash,2018,Adventure|Animation|Comedy|Family|Science Fiction,6.9,236,1.4822,en
522915,The Wrong Daughter,2018,Thriller|Crime|Drama|TV Movie,5.568,44,1.4298,en
529426,Boonie Bears: The Big Shrink,2018,Animation|Comedy|Adventure|Science Fiction,6.6,13,1.2796,zh
527281,My Teacher  My Love,2018,Romance|Comedy,7.462,53,1.2341,ja
521935,Cam,2018,Horror|Mystery,5.848,1583,1.5118,en
557972,Take Point,2018,Action|Thriller,6.872,125,1.3265,ko
474354,22 July,2018,Crime|Drama|History|Thriller,7.073,1263,1.6145,en
421792,Down a Dark Hall,2018,Horror|Mystery|Thriller|Fantasy|Drama,5.544,724,1.3114,en
513386,Cats,2018,Animation|Family|Adventure,6.65,133,1.8191,zh
544814,Miss Baek,2018,Drama|Thriller|Crime,7.583,54,1.1336,ko
511785,Alex Strangelove,2018,Comedy|Drama,6.566,1574,1.4376,en
497727,Beyond the Edge,2018,Adventure|Fantasy|Action,5.519,189,1.5504,ru
554137,Default,2018,Drama|History,6.836,64,1.2583,ko
550148,The Body,2018,Thriller|TV Movie|Horror,6.2,123,1.4408,en
524738,May the Devil Take You,2018,Horror|Mystery|Thriller,6.181,182,1.6049,id
489138,Land of Hope,2018,History|Drama|Romance,6.9,61,1.0636,fi
525107,7:20 Once a Week,2018,Romance|Drama,5.0,31,1.2047,es
458302,Remi  Nobody's Boy,2018,Adventure|Family|Drama,7.9,466,1.6215,fr
466532,Clara,2018,Science Fiction|Drama|Romance,7.389,230,1.26,en
297725,The Man Who Killed Don Quixote,2018,Adventure|Comedy,6.738,1078,1.3867,en
520270,Be Natural: The Untold Story of Alice Guy-Blaché,2018,Documentary|History,7.2,39,1.5812,en
396373,Woman Walks Ahead,2018,Drama|History|Western,6.734,203,1.6669,en
352548,5th Passenger,2018,Science Fiction|TV Movie,4.286,56,2.3037,en
534939,Your Son,2018,Drama|Thriller,5.773,289,2.183,es
518682,Love+Sling,2018,Comedy|Romance,6.667,15,1.1243,ko
555185,Eve of Abduction,2018,Thriller|TV Movie|Crime,4.789,19,0.7409,en
460100,Anything,2018,Drama|Romance,5.3,18,1.5106,en
462148,Love Addict,2018,Comedy|Romance,5.9,367,1.1832,fr
460048,Heavy Trip,2018,Comedy|Music,6.861,255,1.1572,fi
509467,The Vanished,2018,Thriller|Crime|Mystery,7.093,86,1.325,ko
527735,Mama's Boy,2018,Comedy,5.9,26,1.3022,ar
534094,In Like Flynn,2018,Comedy|Action|Adventure,4.9,58,1.7466,en
448095,I Still See You,2018,Thriller|Fantasy|Mystery,6.451,663,1.4594,en
508720,Sex School: Student Bodies,2018,Comedy,7.2,13,1.214,en
502242,Beauty Salon: Special Service 2,2018,Romance,7.5,11,1.1561,ko
461234,Survivor's Guide to Prison,2018,Documentary|Crime,6.4,38,1.1141,en
523593,Monstrum,2018,Action|Horror|Drama|Fantasy,6.48,203,1.3781,ko
483459,Donten: Laughing Under the Clouds - Gaiden: Chapter 2 - The Tragedy of Fuuma Ninja Tribe,2018,Animation|Action|Adventure|Fantasy,7.0,12,1.5058,ja
458534,Rolling to You,2018,Comedy|Romance,6.5,785,1.3024,fr
448677,Head Full of Honey,2018,Drama,6.353,85,1.2883,en
538362,On My Skin,2018,Drama,8.017,1890,1.3686,it
548669,The Scoundrels,2018,Crime|Action,6.8,18,0.9352,zh
485336,Urban Country,2018,Drama|Family,6.4,25,1.2971,en
459713,Mahanati,2018,Drama|History,7.483,60,1.0323,te
569982,Mr. 365,2018,TV Movie|Romance,6.2,52,2.287,en
532030,Dead Sexy,2018,Comedy,5.288,26,1.3433,en
558912,Beyond Boundaries: The Harvey Weinstein Scandal,2018,Documentary|Crime,5.4,16,1.2138,en
461928,Anna and the Apocalypse,2018,Horror|Comedy|Fantasy,6.036,439,1.1851,en
457943,Slaughterhouse Rulez,2018,Comedy|Horror|Action|Fantasy,5.609,499,1.3081,en
496316,Baaghi 2,2018,Action|Crime|Adventure|Mystery|Thriller,5.8,85,1.4784,hi
394741,Stan & Ollie,2018,Comedy|Drama,6.939,1132,1.3807,en
463022,The Super,2018,Thriller|Horror,5.112,170,1.5066,en
442709,Nostalgia,2018,Drama,5.4,31,1.1751,en
520466,Lake Placid: Legacy,2018,Horror|Action|Science Fiction|TV Movie,4.939,172,1.3528,en
437083,Seven Years of Night,2018,Thriller|Action|Drama,5.7,22,2.2757,ko
534271,The Cleaning Lady,2018,Horror|Thriller,5.457,151,1.7219,en
484482,Sink or Swim,2018,Drama|Comedy,6.923,1590,1.3327,fr
523873,Kung Fu League,2018,Action|Comedy,5.69,105,1.2589,zh
609247,Baby Girl,2018,Thriller,3.7,14,0.7819,en
518764,Animal World,2018,Drama|Action|Adventure|Thriller,6.977,258,1.3492,zh
481375,Malevolent,2018,Horror,5.008,551,1.2574,en
521288,The Trough,2018,Action|Crime|Thriller,5.9,13,0.9354,cn
414454,Submission,2018,Drama,5.9,41,1.1242,en
462919,Sierra Burgess Is a Loser,2018,Comedy|Drama|Romance,6.285,3461,1.4282,en
490033,Holiday,2018,Drama|Crime,5.3,142,2.6092,da
468362,The Angel,2018,Action|Drama|History|Thriller|War,6.6,330,1.194,en
399440,Peterloo,2018,History|Drama,6.776,157,2.898,en
499170,Harmony,2018,Fantasy|Romance|Thriller|Science Fiction,6.2,42,1.3906,en
505945,Team Darryl,2018,Comedy|Fantasy|Science Fiction,6.168,190,2.1045,en
495193,Benji,2018,Drama|Family|Adventure|Crime,6.929,322,1.2934,en
526795,Diana,2018,Mystery|Drama,5.4,22,1.2675,es
447856,Pad Man,2018,Comedy|Drama,7.452,240,1.4613,hi
564145,The Snow Queen: Mirror Lands,2018,Family|Animation|Adventure|Comedy|Fantasy,7.6,97,1.4313,ru
544810,That Girl's Captives of Love,2018,Romance|Comedy,6.2,16,1.1901,ja
516850,The Mermaid: Lake of the Dead,2018,Horror|Fantasy|Romance,6.116,349,1.6087,ru
426375,Malicious,2018,Thriller|Horror,5.611,184,1.2804,en
545471,Swingers,2018,Comedy,3.8,10,2.2585,fi
525041,A Christmas Prince: The Royal Wedding,2018,Romance|Comedy|TV Movie,6.4,956,1.2581,en
456929,Champions,2018,Comedy|Family|Drama,7.512,776,0.9608,es
499791,M/M,2018,Thriller|Mystery,5.542,24,1.1067,en
512191,Howard,2018,Documentary|Music,6.8,54,1.0225,en
480823,Dirt,2018,Drama|Action,6.1,76,0.9437,en
516846,Once Upon a Prince,2018,TV Movie|Romance,6.5,80,1.1665,en
632458,FLCL Progressive,2018,Action|Comedy|Animation,5.4,27,0.9944,ja
515114,Honey: Rise Up and Dance,2018,Music|Drama,6.9,108,1.3686,en
477779,Code Geass: Lelouch of the Rebellion III - Glorification,2018,Science Fiction|Animation|Drama|Action,7.5,26,0.9482,ja
481203,All the Devil's Men,2018,Action,5.715,165,1.1854,en
556018,Tankers,2018,War|History|Drama,6.48,76,1.2298,ru
478682,Gold,2018,Drama|History,7.044,80,1.209,hi
501689,Royal Matchmaker,2018,Romance|TV Movie,6.7,61,1.8802,en
424619,The Magic Tuche,2018,Comedy,5.279,845,1.0516,fr
539827,The Natural Sweetness of Skin,2018,Drama,5.25,16,1.0471,fr
449749,The Leisure Seeker,2018,Drama|Romance|Adventure,7.1,494,1.2447,en
495601,A Rough Draft,2018,Fantasy|Science Fiction|Action,5.156,167,1.1154,ru
497713,I'm Losing It,2018,Comedy,6.613,111,0.9973,ru
504599,Donnybrook,2018,Drama|Crime,5.326,112,1.567,en
478528,Beyond The Sky,2018,Science Fiction|Horror|Mystery|Thriller,5.0,93,1.1814,en
457041,Elizabeth Harvest,2018,Science Fiction|Thriller|Horror|Mystery,6.178,387,1.2774,en
516784,The Toybox,2018,Horror|Thriller,4.2,106,1.1373,en
519040,Donten: Laughing Under the Clouds - Gaiden: Chapter 3 - Conspiracy of the Military,2018,Action|Animation|Adventure|Fantasy,6.909,11,1.0747,ja
387827,Time Share,2018,Drama|Horror|Mystery,5.7,65,2.1581,es
554205,A Cool Fish,2018,Comedy|Thriller|Crime,7.0,100,0.9948,zh
522964,Incoming,2018,Action|Science Fiction|Thriller,4.495,97,1.0112,en
450489,Irreplaceable You,2018,Comedy|Drama|Romance,6.942,722,1.9638,en
554636,Reborn,2018,Horror,6.4,61,2.4561,en
447682,Boundaries,2018,Comedy|Drama,5.6,64,1.0413,en
422615,The Clapper,2018,Comedy,4.9,284,1.0187,en
524087,Dear Ex,2018,Drama|Comedy,7.2,158,1.0087,zh
471853,Transit,2018,Drama|Romance,6.701,266,1.1263,de
391714,On Chesil Beach,2018,Drama|Romance,6.136,386,1.2198,en
541100,Thriller,2018,Horror|Mystery,4.3,37,1.1528,en
545143,Hibiki,2018,Action|Comedy,7.0,20,1.2094,ja
544627,Dark Figure of Crime,2018,Crime|Drama,6.604,91,1.1032,ko
507612,My Little Monster,2018,Romance|Comedy|Drama,7.6,87,1.2707,ja
521190,The Beach House,2018,TV Movie|Romance|Drama,6.323,79,1.0529,en
504897,Uchu Sentai Kyuranger vs. Space Squad,2018,Action|Adventure|Science Fiction,5.692,13,1.1348,ja
513243,The Etruscan Smile,2018,Drama,6.3,59,1.1844,en
494467,Past Malice: An Emma Fielding Mystery,2018,Mystery|Crime|Drama|TV Movie,6.5,41,0.8652,en
499635,Brimming with Love,2018,TV Movie|Family|Romance,6.4,41,1.2545,en
453278,The Rider,2018,Drama|Western,7.263,556,1.1064,en
472553,Zoo,2018,Family|War|History,6.651,109,1.054,en
544089,Feng Shui,2018,Drama|History,7.158,19,1.1897,ko
483184,Dogman,2018,Crime|Drama|Thriller,7.512,2297,1.4886,it
533592,Scooby-Doo! and the Gourmet Ghost,2018,Animation|Adventure|Family|Comedy,8.0,174,1.2565,en
549253,Family Vanished,2018,Thriller|Crime|TV Movie,4.9,21,1.3578,en
526384,Cafe Funiculi Funicula,2018,Fantasy|Drama,6.6,51,1.2786,ja
519035,Nappily Ever After,2018,Comedy|Romance|Drama,7.206,827,1.2211,en
345942,Henchmen,2018,Animation|Comedy|Adventure,6.427,48,1.1812,en
532973,Hell House LLC II: The Abaddon Hotel,2018,Horror|Mystery,5.711,216,1.0256,en
412546,Antrum,2018,Horror,5.79,348,1.2146,en
370756,Always at The Carlyle,2018,Documentary,6.68,25,1.1087,en
529649,The Row,2018,Thriller|Horror,4.4,67,1.9651,en
469284,Gogol. Viy,2018,Mystery|Adventure|Drama,6.2,85,1.0817,ru
525452,Marrying Mr. Darcy,2018,TV Movie|Comedy|Romance,6.279,43,0.9882,en
522055,What We Left Behind: Looking Back at Star Trek: Deep Space Nine,2018,Documentary,7.047,53,1.1706,en
500699,Golden Slumber,2018,Action|Thriller,6.694,54,1.5155,ko
462979,Brillantissime,2018,Comedy,4.8,139,2.1389,fr
512418,Mr. Know-It-All,2018,Comedy|Drama,6.8,215,1.09,fr
478417,Arthur & Claire,2018,Comedy|Drama,7.3,21,1.1246,de
539504,Consequences,2018,Drama|Crime,6.133,64,0.9747,sl
481760,Digimon Adventure tri. Part 6: Future,2018,Animation|Adventure|Action|Family|Fantasy|Science Fiction,6.773,44,1.1215,ja
564149,Message Man,2018,Action|Crime|Thriller,5.112,84,1.1006,en
347392,Slice,2018,Comedy|Horror,4.4,121,0.8602,en
429203,The Old Man & the Gun,2018,Comedy|Crime|Drama,6.449,1501,1.1495,en
528656,Genghis Khan,2018,Fantasy|Action|Adventure,5.4,32,0.9971,zh
507256,Whitney,2018,Music|Documentary,7.305,205,0.9622,en
543583,Cinderella and the Secret Prince,2018,Animation|Adventure|Family|Fantasy,6.3,69,0.9856,en
451657,Custody,2018,Drama|Thriller,7.486,732,1.1721,fr
503752,What Keeps You Alive,2018,Horror|Thriller,5.808,292,1.4785,en
478820,The Emperor of Paris,2018,Drama|Crime|Thriller,6.3,526,1.3207,fr
494603,The Highway Rat,2018,Family|Animation|Comedy|TV Movie,6.3,32,1.7904,en
552011,Jingle Belle,2018,Romance|Drama|Family|Music|TV Movie,5.9,19,1.6928,en
527280,You Are the Apple of My Eye,2018,Romance|Drama,5.6,25,1.0534,ja
573641,End of the World,2018,Science Fiction|Adventure|Action,4.6,46,0.9553,en
521871,A or B,2018,Drama|Crime|Mystery|Thriller,6.3,21,0.957,zh
540003,Why Are We Creative?,2018,Documentary,7.553,19,1.1144,de
455565,Bombshell: The Hedy Lamarr Story,2018,Documentary,6.873,114,1.3026,en
512534,Nota,2018,Drama,5.7,26,1.2251,ta
506775,Nekrotronic,2018,Comedy|Horror|Science Fiction,5.8,172,1.1972,en
506643,Haikara-san: Here Comes Miss Modern Part 2,2018,Animation|Romance|Drama|Comedy,5.0,12,1.1334,ja
501987,Bharat Ane Nenu,2018,Drama|Action,6.457,70,1.7154,te
411996,Measure of a Man,2018,Comedy|Drama,6.574,54,0.9551,en
493100,Robin Williams: Come Inside My Mind,2018,Documentary,7.861,262,1.1355,en
562326,Joseph,2018,Drama|Thriller,7.6,41,1.0881,ml
430644,Oh Lucy!,2018,Comedy|Drama|Romance,6.7,103,0.9744,ja
517380,Over Drive,2018,Action,6.8,19,1.0968,ja
588064,The Fare,2018,Mystery|Thriller|Romance|Science Fiction,6.453,116,1.858,en
522438,6-Headed Shark Attack,2018,Horror|Action|Science Fiction|TV Movie,4.739,92,1.1974,en
559867,Category III: The Untold Story of Hong Kong Exploitation Cinema,2018,Documentary,5.5,10,1.1272,en
391710,A Futile and Stupid Gesture,2018,Comedy|Drama,6.5,364,1.298,en
564638,My Little Pony: Best Gift Ever,2018,Animation|Comedy|Fantasy|Music,7.563,88,1.0217,en
548928,The Marine 6: Close Quarters,2018,Action,6.78,184,1.1611,en
417643,In Darkness,2018,Thriller|Mystery,6.056,517,1.2071,en
390874,Ashes in the Snow,2018,Drama|Romance,6.419,130,1.0899,en
528911,Alex & Me,2018,Family|Fantasy,6.473,74,0.9793,en
420644,Europe Raiders,2018,Action|Adventure|Thriller,7.0,53,0.8975,cn
489939,Daphne & Velma,2018,Comedy|Horror|Action|Crime,6.1,251,1.1779,en
492998,Puzzle,2018,Drama,6.5,189,1.0858,en
432383,Luis and the Aliens,2018,Animation|Family,6.5,189,1.037,de
407447,The Extraordinary Journey of the Fakir,2018,Comedy|Adventure|Drama,6.887,310,1.3515,en
539549,I'll Take Your Dead,2018,Horror|Crime|Drama,6.27,183,1.0084,en
499255,Grass,2018,Drama,6.6,59,0.8641,ko
502143,The Breaker Upperers,2018,Comedy,5.218,227,1.1363,en
436387,Cut Off,2018,Thriller|Crime|Horror|Mystery,6.585,305,1.5619,de
505832,My Little Pony: Equestria Girls - Forgotten Friendship,2018,Animation|Family|Fantasy,7.8,94,1.021,en
433150,The Invisible Boy: Second Generation,2018,Fantasy,6.4,303,0.9701,it
548352,Intimate Strangers,2018,Drama|Comedy,7.2,59,1.0274,ko
454650,Beast of Burden,2018,Action|Crime|Drama|Thriller,4.287,127,1.0313,en
471335,Cheese in the Trap,2018,Romance|Drama,6.6,68,0.9867,ko
491474,Skate Kitchen,2018,Drama|Comedy,6.681,135,1.381,en
538394,Nawabzaade,2018,Comedy|Romance,4.9,10,1.0412,hi
521784,Karmouz War,2018,Action|War|Drama,5.942,52,0.9162,ar
505904,Freaky Friday,2018,Family|Fantasy|TV Movie|Comedy,5.363,135,1.3393,en
501630,Summer '03,2018,Comedy|Romance,5.819,224,1.0761,en
454648,Con Man,2018,Crime|Drama,4.909,22,0.8651,en
540158,High Strung Free Dance,2018,Music|Romance|Drama,7.302,242,0.9989,en
467181,Blurt!,2018,Family|Comedy|TV Movie,7.1,65,1.3246,en
543628,Go Brother!,2018,Comedy|Drama,7.0,37,0.9975,zh
455842,Elliot: The Littlest Reindeer,2018,Animation|Family|Adventure,5.7,85,1.2568,en
464842,A Thought of Ecstasy,2018,Romance|Mystery|Thriller,4.029,35,0.9177,en
483435,All About Nina,2018,Comedy|Drama,5.961,77,1.1483,en
511014,United Skates,2018,Documentary,7.4,27,1.7962,en
537347,Viking Destiny,2018,Adventure|Action|Fantasy,5.19,50,0.8207,en
550506,Saint Judy,2018,Drama,6.842,76,1.1981,en
508648,Battle Drone,2018,Science Fiction|Action,5.096,78,0.7921,en
566810,The Dark Kingdom,2018,Fantasy|Adventure|Science Fiction|Action,5.7,85,1.297,en
511343,Tomb Invader,2018,Action|Adventure|TV Movie,3.9,58,1.1987,en
508466,Sad Hill Unearthed,2018,Documentary|History,6.943,114,1.0546,es
559700,Alcatraz,2018,Action|Crime,4.2,33,1.0891,en
519159,Violence Voyager,2018,Horror|Adventure|Animation|Science Fiction,6.75,18,0.8796,ja
387773,Little Bitches,2018,Comedy|Romance|Drama,5.2,61,0.8354,en
566949,Pooka!,2018,Horror|Thriller|TV Movie,5.925,126,2.1909,en
341735,The Seagull,2018,Drama|Romance|Comedy,5.4,113,0.8656,en
507220,Chimera Strain,2018,Science Fiction|Thriller,4.087,23,1.0332,en
503267,Surviving the Wild,2018,Adventure|Family|Action,7.8,10,0.7162,en
567767,Lupin the Third: Is Lupin Still Burning?,2018,Action|Adventure|Comedy|Crime|Animation,6.8,14,1.1308,ja
515333,Amateur,2018,Drama,6.389,310,0.8636,en
525454,Love on Safari,2018,TV Movie|Drama|Romance,6.6,114,0.9375,en
535186,The Whispering,2018,Horror|Mystery,6.4,19,1.0448,ko
550104,Yo-kai Watch: Friends Forever,2018,Animation|Fantasy|Adventure,8.3,15,1.1585,ja
552799,The Girl in the Bathtub,2018,Drama|Thriller|TV Movie,5.3,25,1.0256,en
517065,Sunny: Our Hearts Beat Together,2018,Drama|Comedy,6.9,23,0.9872,ja
529483,Encounter,2018,Science Fiction|Drama,4.154,68,1.0351,en
536108,Aragne: Sign of Vermillion,2018,Animation|Horror|Mystery|Fantasy,4.8,10,1.1117,ja
526224,Big Legend,2018,Horror|Action|Thriller,6.059,145,1.3074,en
519185,Ayka,2018,Drama,6.9,67,0.8571,ru
446695,An Evening with Beverly Luff Linn,2018,Comedy|Crime,5.5,125,0.9321,en
522320,Bob Lazar: Area 51 and Flying Saucers,2018,Documentary,6.193,145,0.9207,en
463322,The Dark,2018,Horror|Drama|Fantasy,6.087,218,2.2072,en
529210,Gun City,2018,Drama|Crime|Thriller,6.316,207,0.7943,es
502259,A Wizard's Tale,2018,Comedy|Animation|Adventure|Family|Fantasy,5.8,62,0.9579,en
520596,The Oath,2018,Comedy|Thriller,5.646,106,1.6792,en
473328,Wrath of Silence,2018,Drama|Thriller,7.223,92,0.8359,zh
489852,Soorma,2018,Drama,7.213,40,0.8039,hi
548537,I Am Jonas,2018,Drama|Romance|TV Movie,6.733,266,0.8318,fr
472715,The Last Man,2018,Science Fiction|Action|Drama|Thriller,5.5,130,0.9946,en
471429,Blue Iguana,2018,Action|Comedy|Thriller|Romance,5.735,113,1.0251,en
505916,It Comes,2018,Mystery|Drama|Horror,6.52,51,1.1994,ja
454312,Tyrel,2018,Drama|Comedy,5.183,30,2.0525,en
470614,Tales from the Hood 2,2018,Horror,5.0,65,0.8438,en
461615,MFKZ,2018,Science Fiction|Animation|Action|Crime|Comedy|Thriller,7.152,351,1.0616,fr
546630,100 Things,2018,Comedy|Drama,6.56,317,2.3188,de
463158,My Dinner with Hervé,2018,Drama|TV Movie,6.288,137,1.1149,en
419473,Aardvark,2018,Drama,4.8,22,0.8735,en
526841,The Leakers,2018,Action|Crime|Thriller,5.357,14,1.0547,cn
431072,Step Sisters,2018,Comedy,6.357,466,1.9789,en
493101,Studio 54,2018,Documentary,6.464,84,0.9609,en
455605,Haunted Hospital: Heilstatten,2018,Horror,5.622,295,0.9025,de
511883,What a Man Wants,2018,Comedy,6.7,29,0.9398,ko
525395,Student A,2018,Drama,6.563,16,0.8358,ko
502453,Agent Mr. Chan,2018,Action|Comedy|Romance,5.471,17,0.8347,cn
554279,Return to Christmas Creek,2018,Romance|Family|TV Movie,6.488,122,1.0934,en
298096,The Cleanse,2018,Drama|Comedy|Fantasy|Horror,5.1,103,2.099,en
10148,Krystal,2018,Drama|Comedy,5.134,67,1.6487,en
558095,All Is True,2018,Drama|History,6.038,143,0.9058,en
497223,Don't. Get. Out!,2018,Thriller,6.332,131,0.9143,de
547654,Badhaai Ho,2018,Comedy|Romance|Drama,7.196,171,1.1104,hi
448432,The Convent,2018,History|Horror,5.473,132,1.1766,en
479001,Gogol. A Terrible Vengeance,2018,Mystery|Thriller|Horror|Adventure,6.4,73,0.9561,ru
506492,L Storm,2018,Action|Crime|Thriller,6.909,44,1.3388,cn
563799,Clyde Cooper,2018,Mystery,4.455,11,1.0959,en
483297,Microhabitat,2018,Drama|Romance,7.556,107,1.2754,ko
518497,Sir,2018,Drama|Romance,7.086,110,0.858,hi
505444,Riot,2018,Drama|TV Movie,6.409,22,1.9009,en
472796,Dominion,2018,Documentary,8.495,92,1.2016,en
550134,Attrition,2018,Action,4.4,57,1.0662,en
397408,Juveniles,2018,Drama,6.4,10,1.9116,en
513730,DC Super Hero Girls: Legends of Atlantis,2018,Animation|Family,5.903,31,1.0832,en
422128,Blame,2018,Drama,6.621,140,0.9014,en
418109,The Scythian Lamb,2018,Crime|Drama,6.1,21,1.0309,ja
465642,Parmanu: The Story of Pokhran,2018,Drama|History|Thriller,7.093,113,0.7931,hi
508003,McQueen,2018,Documentary,7.507,140,0.8243,en
504080,Dhadak,2018,Romance|Drama|Comedy,6.917,60,1.1008,hi
502913,Swingers,2018,Comedy|Romance,4.6,17,1.1212,uk
409056,Along Came the Devil,2018,Thriller|Horror|Drama,5.557,105,0.9142,en
496212,You Shall Not Sleep,2018,Horror|Thriller,5.6,142,1.4407,es
434714,My Days of Mercy,2018,Romance|Drama,7.3,248,1.0791,en
481432,Happy as Lazzaro,2018,Drama|Fantasy,7.395,771,1.1614,it
532908,Fahrenheit 11/9,2018,Documentary,7.117,475,1.1717,en
490004,Arizona,2018,Comedy|Thriller,5.464,225,0.8265,en
477777,Code Geass: Lelouch of the Rebellion II - Transgression,2018,Science Fiction|Animation|Drama|Action,7.2,32,0.9344,ja
485114,Chihayafuru: Part III,2018,Drama|Romance|Comedy,8.472,18,0.9809,ja
491633,Marvel Rising: Secret Warriors,2018,Family|Animation|Action|Comedy|Science Fiction|TV Movie|Adventure,6.379,124,1.0878,en
432165,The Pagan King,2018,History|Adventure|Action,6.4,79,1.1562,lv
529784,A Faithful Man,2018,Comedy|Drama|Romance,5.5,294,0.9557,fr
557080,Principal: Am I In a Love Story?,2018,Comedy|Romance,6.955,11,1.0812,ja
407890,Lean on Pete,2018,Drama|Adventure,6.937,364,1.0147,en
503403,My Perfect Romance,2018,Romance|TV Movie,5.6,205,1.0606,en
563857,The Mystery of Padre Pio,2018,Documentary|Thriller,8.2,54,0.9196,es
467916,Allure,2018,Thriller|Drama|Romance,5.388,85,2.0531,en
494082,Rainbow Days,2018,Comedy|Drama,6.8,10,0.7427,ja
557132,The Donkey King,2018,Animation|Comedy|Family,6.0,16,1.0141,ur
513349,The Factory,2018,Thriller|Drama|Crime,6.233,88,0.7447,ru
513324,Higher Power,2018,Science Fiction|Action|Thriller,5.128,98,1.101,en
463325,Genesis,2018,Science Fiction,3.676,34,0.6636,en
355193,Devil's Gate,2018,Thriller|Horror|Science Fiction,5.304,257,1.0289,en
548786,American Dresser,2018,Adventure|Drama,4.9,14,0.9432,en
480853,Nancy,2018,Mystery|Drama|Thriller,5.8,133,0.861,en
455108,The Little Stranger,2018,Mystery|Horror,5.671,283,0.9814,en
513223,Perdida,2018,Drama|Mystery|Crime,6.128,290,1.187,es
521854,Aravindante Athidhikal,2018,Drama|Comedy,6.526,19,0.988,ml
514501,Luciferina,2018,Drama|Horror,5.944,80,2.0483,es
502422,Thunder Road,2018,Comedy|Drama,6.792,448,1.0378,en
489982,And Breathe Normally,2018,Drama,6.7,111,1.132,is
489166,Sonja: The White Swan,2018,Drama,6.296,27,2.1448,no
527746,The Night of Hana and Sorour,2018,Comedy,4.7,25,0.8305,ar
533550,Breaking & Exiting,2018,Comedy|Drama|Romance,5.982,109,1.0485,en
539498,Alien Siege,2018,Action|Adventure|Science Fiction,3.2,26,0.8921,en
472226,Blood Fest,2018,Comedy|Horror,5.4,266,0.941,en
554493,More Than Blue,2018,Romance|Drama,5.606,33,0.9288,zh
520951,50 First Kisses,2018,Romance,7.0,13,2.0265,ja
587928,Violentia,2018,Drama|Science Fiction,4.6,18,1.8792,en
459008,Kaala,2018,Action|Crime|Drama,6.5,70,0.9319,ta
535849,Secrets in the Hot Spring,2018,Comedy|Horror,6.6,36,0.8413,zh
287523,Death House,2018,Horror|Action|Crime|Thriller|Fantasy,3.648,54,0.8961,en
555032,Hocus Pocus 25th Anniversary Halloween Bash,2018,Music|Documentary|Family,7.028,36,0.9136,en
456616,How to Be Really Bad,2018,Comedy,6.6,110,0.8744,de
454545,Help  I Shrunk My Parents,2018,Comedy|Adventure|Family,5.204,49,1.072,de
514575,A Twelve-Year Night,2018,Drama|Crime|History,7.351,303,1.067,es
561461,RuPaul's Drag Race Holi-Slay Spectacular,2018,Music,5.214,42,0.9568,en
414191,Our House,2018,Horror,5.621,360,1.3592,en
551608,Haunting on Fraternity Row,2018,Horror|Mystery|Thriller,5.474,57,1.0359,en
436373,Primal Rage,2018,Horror,5.423,91,0.8124,en
538235,Beautiful Vampire,2018,Romance|Fantasy|Drama,6.9,86,1.0476,ko
486753,Not Cinderella's Type,2018,Romance,6.757,105,0.9137,en
512337,Mori  The Artist's Habitat,2018,Drama|Comedy,7.3,17,0.9686,ja
506464,The Awakener,2018,Thriller|Action|Crime|Drama,6.583,157,0.8496,pt
504982,The Jurassic Games,2018,Science Fiction|Action|Horror,4.6,163,0.9971,en
515596,Honey,2018,Drama|Romance,7.7,46,0.943,ja
496274,The Thinning: New World Order,2018,Action|Drama|Thriller|Horror,6.8,128,1.1924,en
496527,October,2018,Drama|Romance,6.951,113,1.0912,hi
522882,Hover,2018,Science Fiction,5.2,27,1.1389,en
484428,Becoming Astrid,2018,Drama|History,7.023,176,0.892,sv
429194,Journeyman,2018,Drama,6.625,92,1.2374,en
500634,6 Balloons,2018,Drama,6.006,256,1.0558,en
493099,RBG,2018,Documentary,7.498,307,1.0353,en
541560,The Wind,2018,Horror|Mystery|Western,5.709,364,1.3958,en
540612,Paltan,2018,War|Drama|Action,6.1,15,1.0884,hi
502581,Nothing to Lose,2018,Drama|History,5.241,110,1.0212,pt
548754,River Runs Red,2018,Thriller|Crime,5.487,159,0.9318,en
487358,River's Edge,2018,Crime|Drama,6.1,51,0.8279,ja
514759,Gone Are the Days,2018,Western,5.463,40,0.8278,en
543726,VS.,2018,Drama|Music,5.8,20,1.0385,en
525938,Break,2018,Comedy|Drama,6.0,164,1.886,fr
531647,22 Chaser,2018,Crime|Drama|Action|Thriller,7.1,24,1.1122,en
537170,My Little Pony: Equestria Girls - Rollercoaster of Friendship,2018,Animation|Family|Music,8.172,96,0.9738,en
532153,Amazon Hot Box,2018,Horror|Action|Drama,3.9,21,1.3735,en
538002,They'll Love Me When I'm Dead,2018,Documentary,7.134,145,0.9231,en
337426,Another Time,2018,Drama|Science Fiction|Romance|Comedy,5.543,35,1.017,en
502897,Leto,2018,Music|Drama,7.4,341,0.9826,ru
476294,Infini-T Force the Movie: Farewell Gatchaman My Friend,2018,Action|Adventure|Animation|Crime|Science Fiction,5.5,10,0.7908,ja
552858,Blood Brother,2018,Action|Crime|Drama|Thriller,5.7,72,0.9967,en
564176,Deadsight,2018,Horror,6.082,49,1.0226,en
550023,Christmas at the Palace,2018,Romance|TV Movie,6.4,121,1.1656,en
490448,Our Happy Holiday,2018,Comedy,5.653,405,0.7002,fr
521113,Black Site,2018,Action|Horror|Science Fiction,5.554,84,1.1865,en
448557,After Everything,2018,Comedy|Drama|Romance,6.6,72,0.7776,en
487088,Devious Nanny,2018,Thriller|TV Movie,5.9,29,0.8928,en
516696,Acid,2018,Drama,4.9,44,0.8369,ru
561546,Nazi Overlord,2018,Action|Horror|Mystery,4.3,65,0.8133,en
553350,The Wrath,2018,Horror|Mystery|History,5.8,24,1.0108,ko
489988,Three Identical Strangers,2018,Documentary,7.304,814,1.139,en
532944,Ronnie Coleman: The King,2018,Documentary,6.7,81,0.901,en
497561,I Have a Date with Spring,2018,Mystery|Drama,6.7,16,0.6837,ko
473510,The Lies She Loved,2018,Drama|Mystery,6.795,22,0.9663,ja
498214,Women of Mafia,2018,Drama|Action|Crime,5.093,75,0.667,pl
481370,Bigger,2018,Drama|History,6.9,81,0.7475,en
445065,Eric Clapton: Life in 12 Bars,2018,Documentary|Music,7.3,33,0.813,en
508152,Piggy,2018,Drama|Horror,6.388,49,1.8777,es
528484,Silencer,2018,Action,4.9,27,2.0664,en
483347,Little Women,2018,Drama,6.438,48,0.8525,en
517331,The Realm,2018,Thriller|Mystery|Drama,7.1,474,1.0626,es
431491,Bodied,2018,Drama|Comedy|Music,7.238,130,0.7319,en
493620,Aiyaary,2018,Crime|Drama|Thriller,5.746,57,0.813,hi
469062,Scotty and the Secret History of Hollywood,2018,Documentary,5.909,44,0.9182,en
551634,Last Letter,2018,Romance|Drama,6.2,18,0.7542,zh
458027,The Last Warrior,2018,Action|Drama|Fantasy|History|Adventure,5.818,129,1.0178,ru
520777,Behind the Curve,2018,Documentary,6.287,312,0.8452,en
474883,A Swingers Weekend,2018,Comedy|Drama,4.4,11,0.8523,en
546794,Perfect World,2018,Romance,7.5,30,0.7736,ja
475153,Mothers,2018,Drama,6.8,12,0.7992,ko
440630,Ice,2018,Comedy|Romance|Drama,6.9,120,0.8572,ru
431185,He's Out There,2018,Horror|Thriller,5.846,335,1.1341,en
531145,Boarding School,2018,Horror|Mystery,6.3,238,0.9228,en
434767,God Bless the Broken Road,2018,Drama|Family|Romance,7.2,63,0.7469,en
289930,Forever Young,2018,War|Drama|Romance|History,7.088,34,0.9718,zh
515696,Reap What You Sew: An Aurora Teagarden Mystery,2018,Mystery|Crime|Drama,6.877,69,0.8892,en
485098,Treat Me Like Fire,2018,Drama,5.77,61,0.8499,fr
500378,Detective K: Secret of the Living Dead,2018,Comedy|Crime|Action|Mystery,6.267,15,0.8449,ko
527952,Anunnaki,2018,Documentary,7.211,38,0.9524,en
467867,Paterno,2018,Drama|TV Movie,6.208,190,1.0695,en
459422,Falling Camellia,2018,Drama,7.9,15,0.9472,ja
502141,All Square,2018,Comedy|Drama,6.1,18,1.8155,en
558655,Flesh & Blood,2018,Horror|Thriller|TV Movie,6.891,147,0.7555,en
507505,El Angel,2018,Drama|Crime,7.377,576,0.7862,es
472612,Miracle,2018,Comedy|Drama,6.5,13,0.8517,lt
493058,Banana Split,2018,Comedy,6.6,140,0.777,en
459722,Kammara Sambhavam,2018,Thriller,6.5,14,1.0244,ml
422619,Jonathan,2018,Drama|Science Fiction,5.908,212,0.7375,en
493178,Maari 2,2018,Action|Comedy,5.592,38,1.9144,ta
458080,Filmworker,2018,Documentary,7.1,78,1.7502,en
565527,The Trip 5,2018,Comedy,7.2,26,0.4548,es
500168,The Princess and the Matchmaker,2018,Comedy|Romance|History,7.154,146,0.858,ko
483119,When I Get Home  My Wife Always Pretends to Be Dead,2018,Comedy,7.0,36,0.8805,ja
553884,Glass Jaw,2018,Drama|Thriller,6.8,12,1.9378,en
501851,Ouija House,2018,Horror,5.3,117,0.939,en
545659,SuperGrid,2018,Action|Science Fiction,5.809,47,0.8362,en
529250,Yes  I Do,2018,Romance|TV Movie,6.8,87,1.1277,en
555249,Killer High,2018,Horror|Comedy|TV Movie,5.7,53,1.0105,en
534515,Calamity of a Zombie Girl,2018,Animation|Action|Horror,4.4,10,0.9978,ja
472025,Dublin Oldschool,2018,Drama,7.1,11,2.1238,en
502122,First Match,2018,Drama,6.436,148,0.8491,en
482948,Vision,2018,Drama,4.912,34,0.6772,ja
513857,The Nanny,2018,Science Fiction|Thriller|Horror|Fantasy|Mystery,5.39,105,0.8906,en
511901,Ragged Life of Juice Leskinen,2018,Drama|Music,5.7,17,1.1156,fi
475930,Knife+Heart,2018,Horror|Romance|Mystery,5.865,226,0.9152,fr
456086,Support the Girls,2018,Drama|Comedy,6.08,188,1.0045,en
514570,The Tower,2018,Animation|Drama,7.06,25,2.1297,no
543762,The Crossing,2018,Drama|Crime,6.7,36,0.7772,zh
551238,D-Railed,2018,Horror,5.885,279,1.0883,en
513399,Super Crazy,2018,Comedy,6.726,265,0.8691,es
506734,LEGO DC Super Hero Girls: Super-Villain High,2018,Animation|Action|Family,6.093,27,1.0384,en
356199,Amazing Grace,2018,Music|Documentary,7.146,106,0.8986,en
502406,St. Agatha,2018,Horror|Thriller,5.511,227,0.732,en
505723,Royal Hearts,2018,TV Movie|Romance,6.1,58,1.8769,en
489927,The Kindergarten Teacher,2018,Drama,6.562,387,0.959,en
502350,The Tree of Blood,2018,Drama,6.382,157,0.7338,es
370594,Revenge of the Necromancer,2018,Horror|Comedy,6.071,14,0.962,da
513263,Paper Year,2018,Drama|Romance,5.4,23,1.5717,en
536595,Kanaa,2018,Drama|Family,7.6,20,0.7354,ta
552017,Christmas Around the Corner,2018,Drama|Romance|TV Movie,6.4,49,0.9809,en
540841,Vlad the Impaler,2018,Drama|History|War,5.686,51,0.8797,tr
448916,2036 Origin Unknown,2018,Science Fiction|Thriller|Mystery,4.696,283,1.0346,en
537552,Every Day a Good Day,2018,Drama,7.209,67,0.8196,ja
387806,The Cousin,2018,Comedy,5.8,30,1.0939,es
566792,Baby Obsession,2018,TV Movie|Thriller,5.8,12,1.7066,en
539619,Edge of Fear,2018,Action|Thriller,4.7,114,0.9254,en
542476,Santa Jaws,2018,Action|Fantasy|Horror,4.6,33,0.7707,en
542630,Baby,2018,Drama,5.9,13,0.7476,zh
531753,Killing,2018,Drama|Action,7.087,69,0.7442,ja
485189,Sorry Angel,2018,Comedy|Drama|Romance,6.9,230,0.952,fr
483411,Ladies in Black,2018,Comedy|Drama,6.693,184,1.09,en
513296,Home by Spring,2018,Drama|Romance|TV Movie,6.383,47,0.852,en
577974,Missions of Love,2018,Comedy|Romance,7.0,10,0.8535,ja
537328,The Unity of Heroes,2018,Action,5.6,18,0.7318,zh
521049,Marmalade Boy,2018,Romance|Comedy|Drama,6.2,29,0.8014,ja
433419,The Hollow Child,2018,Horror,6.357,155,0.9483,en
514729,Bathtubs Over Broadway,2018,Documentary|Comedy|Music,8.115,26,0.8194,en
535692,My Masterpiece,2018,Comedy,7.237,198,0.7254,es
546194,Conrad & Michelle: If Words Could Kill,2018,Drama|TV Movie,5.7,21,1.0942,en
555020,Legend of the Ancient Sword,2018,Action|Fantasy|Adventure,5.9,14,0.7007,zh
559829,Murder in Le Havre,2018,Crime|Drama|Mystery|TV Movie,6.4,23,0.8324,fr
529865,Last Winter  We Parted,2018,Mystery,6.6,18,0.8281,ja
495271,3 Days in Quiberon,2018,Drama,6.3,61,0.7154,de
537755,Stolen Identity,2018,Crime|Mystery,5.6,30,0.9287,ja
500565,Krishnarjuna Yudham,2018,Thriller|Action|Romance,5.1,16,1.0616,te
464911,Colors of Wind,2018,Romance|Drama,7.8,28,0.6059,ja
518527,Harry & Meghan: A Royal Romance,2018,Romance|Family|TV Movie,6.91,211,0.8715,en
543294,Song Lang,2018,Drama|Music,6.85,20,0.732,vi
366964,Mohawk,2018,Action|Thriller,5.1,65,1.8753,en
522912,Corazón,2018,Drama,7.3,12,0.7255,en
540888,The Kowess Family,2018,Comedy,5.2,13,0.8721,ar
500372,What a Wonderful Family! 3,2018,Drama|Comedy,7.6,14,0.7665,ja
578547,The Road to Stardom: The Making of A Star Is Born,2018,Documentary,7.433,15,0.7585,en
516525,Seth Rogen's Hilarity for Charity,2018,Comedy|Documentary|TV Movie,5.094,90,0.8477,en
454291,Dolphin Reef,2018,Documentary|Family,6.846,81,0.8167,en
448982,King Cohen: The Wild World of Filmmaker Larry Cohen,2018,Documentary,6.4,20,0.8047,en
373209,Izzy Gets the F*ck Across Town,2018,Comedy,5.328,67,1.0545,en
539981,Meow,2018,Comedy,5.0,12,1.8586,es
737931,FLCL Alternative,2018,Animation|Science Fiction|Comedy,6.0,21,0.6834,ja
552737,The Rope Curse,2018,Horror,5.7,13,0.8458,zh
539073,Real Girl,2018,Romance,6.4,20,0.8612,ja
502124,Sadie,2018,Drama,6.8,17,1.0146,en
480465,Wunderland,2018,Action|War|Drama|Thriller,5.5,51,0.9695,en
489996,Clara's Ghost,2018,Comedy|Drama|Thriller,4.9,11,0.673,en
535809,A Shoe Addict's Christmas,2018,Romance|Drama|TV Movie|Fantasy,6.179,78,0.9048,en
533237,Karwaan,2018,Adventure|Comedy,7.088,114,0.7561,hi
479034,The Crimes That Bind,2018,Mystery|Thriller|Crime,7.34,53,0.9074,ja
470894,At First Light,2018,Thriller|Science Fiction,5.684,147,0.8924,en
529859,Sunset in My Hometown,2018,Drama|Music,7.5,20,0.8864,ko
511443,A Deadly View,2018,Thriller|TV Movie,5.6,31,0.7806,en
548204,Danger One,2018,Action|Comedy,6.1,48,1.8431,en
570701,Zog,2018,Family|Adventure|Animation|Fantasy|TV Movie,6.8,37,0.8678,en
549301,Christmas at Pemberley Manor,2018,Romance|TV Movie,6.244,90,0.953,en
512936,4/20 Massacre,2018,Horror|Action,6.0,65,0.9273,en
383585,The Yellow Birds,2018,War|Drama,6.013,154,0.7985,en
510079,Obey,2018,Drama,5.4,17,1.4924,en
311307,The Legacy of a Whitetail Deer Hunter,2018,Comedy,5.2,116,0.8241,en
553668,My Little Big Man,2018,Comedy,6.0,24,0.7499,es
427214,The Happy Prince,2018,Drama,6.2,189,0.7479,en
545572,The Prey,2018,Adventure|Action|Crime,5.1,14,0.7755,th
552660,No Escape Room,2018,Horror|Thriller|Mystery|TV Movie,6.197,238,1.0026,en
529441,Miss Arizona,2018,Comedy|Drama,6.0,23,1.5331,en
515237,Death Kiss,2018,Action|Thriller,5.2,44,0.8152,en
527215,Deja Vu,2018,Mystery|Thriller,5.385,13,0.8801,ko
532645,Lifechanger,2018,Horror|Thriller|Drama,5.795,105,1.831,en
479316,Summer Days  Summer Nights,2018,Drama|Romance,5.688,24,0.9561,en
459258,Distorted,2018,Action|Mystery|Thriller,4.838,213,0.9392,en
502220,1985,2018,Drama,6.2,75,0.9721,en
552088,Magical Nights,2018,Comedy,6.072,181,1.8997,it
451713,An Impossible Love,2018,Drama|Romance|History,6.59,233,0.7525,fr
531398,Nightclub Secrets,2018,Thriller|TV Movie,5.8,13,0.5664,en
546922,Savage Raghda,2018,Family|Comedy,4.2,12,0.8072,ar
516532,Sleeper,2018,Thriller|TV Movie,5.1,47,1.207,en
531712,How to Train Your Husband,2018,Romance|Comedy|TV Movie,6.2,63,1.1336,en
527251,Putin's Witnesses,2018,Documentary|History,6.3,43,0.4861,ru
493909,Cléo & Paul,2018,Adventure|Drama,6.0,10,0.6875,fr
347111,Scorched Earth,2018,Action|Science Fiction,5.222,115,1.666,en
470893,Spare Room,2018,Drama,5.6,11,0.6628,en
500890,Ramen Shop,2018,Drama,6.815,119,0.8216,ja
520541,Nisekoi: False Love,2018,Romance|Comedy,7.4,58,0.9141,ja
502385,The Festival,2018,Comedy|Music,5.889,166,0.8632,en
541340,Cities of Last Things,2018,Drama|Science Fiction|Crime,6.416,77,0.7683,zh
522811,The Accidental Detective 2: In Action,2018,Comedy|Crime,6.5,41,0.6479,ko
543342,All of My Heart: The Wedding,2018,Romance|TV Movie,7.4,51,0.7198,en
588775,Mommy Group Murder,2018,Thriller|TV Movie,6.6,14,0.6755,en
518671,Shéhérazade,2018,Drama|Thriller|Romance,7.2,274,1.0248,fr
495766,I'm Back,2018,Comedy,5.928,583,1.192,it
480531,The Guardian Angel,2018,Drama|Thriller,5.1,52,0.7953,en
348657,Woman at War,2018,Drama|Thriller|Comedy,7.2,439,0.6783,is
659475,Bully,2018,Comedy,5.9,21,1.8123,en
493014,Generation Wealth,2018,Documentary,6.5,103,0.953,en
556452,The Necromancer,2018,Horror,3.917,12,1.419,en
487509,F.R.E.D.I.,2018,Science Fiction|Family|Adventure,6.0,63,0.712,en
545620,Genius,2018,Thriller|Action,5.6,15,0.9981,hi
469715,Snake Outta Compton,2018,Science Fiction|Comedy|Horror,3.314,35,0.7422,en
520145,Lethal Admirer,2018,Thriller|TV Movie,5.535,43,1.0016,en
499722,The Other Woman,2018,Drama|Comedy|Romance,4.988,160,0.7208,fr
496283,BuyBust,2018,Action|Drama|Thriller|Crime,5.968,63,1.0265,tl
554294,Hometown Christmas,2018,Romance|TV Movie,6.063,24,1.9619,en
529377,Wedding March 4: Something Old  Something New,2018,Romance|TV Movie|Comedy,6.8,35,0.7518,en
566611,Howard Lovecraft & The Kingdom Of Madness,2018,Animation|Adventure|Family|Fantasy|Horror,4.733,15,0.8776,en
543016,Room for Murder,2018,Thriller,7.3,67,0.6669,en
528372,Muslum,2018,Drama|Music,7.126,135,0.7128,tr
517015,The Campus,2018,Horror,3.8,24,0.5736,en
502126,Write When You Get Work,2018,Romance|Drama|Comedy,3.9,10,0.6669,en
566565,Click & Collect,2018,Comedy|TV Movie,6.634,41,0.6791,en
537406,Love Jacked,2018,Romance|Comedy,6.1,155,1.005,en
498301,Old Boys,2018,Comedy,6.566,61,0.7163,en
451919,What They Had,2018,Drama,6.488,123,0.7118,en
446170,Black Tide,2018,Thriller|Mystery,5.749,293,0.7656,fr
485164,Pearl,2018,Drama,6.2,10,0.6916,fr
471856,Non-Fiction,2018,Comedy|Drama|Romance,5.442,252,0.7627,fr
571721,The Last Hangover,2018,Comedy,6.6,81,0.9331,pt
522619,Pup Star: World Tour,2018,Family|Comedy|Music,5.9,14,0.5645,en
531592,MYSTERIOUS FIGHTER Project A,2018,Action|Drama|Thriller,6.909,22,0.7655,cn
513919,Youtopia,2018,Drama,5.156,128,0.7029,it
527436,Herstory,2018,Drama,8.676,17,0.787,ko
551947,Betrayed,2018,Crime|Action|Thriller,4.7,21,0.712,en
430446,Come Sunday,2018,Drama,5.831,80,0.9632,en
518880,Solo,2018,Thriller|Drama|Adventure,5.427,248,0.846,es
507809,Fury of the Fist and the Golden Fleece,2018,Action,3.9,15,0.7518,en
493775,Fugue,2018,Thriller|Drama,6.0,45,1.8783,pl
468210,Sweet Country,2018,Western|Crime|Thriller|Drama,6.556,213,0.984,en
499537,The Wolf House,2018,Animation|Horror|Drama,7.577,189,0.7217,es
507034,The House Where the Mermaid Sleeps,2018,Drama,6.9,15,0.7953,ja
576404,And Your Bird Can Sing,2018,Drama,6.75,20,0.7098,ja
551736,The Hug,2018,Horror|Science Fiction,6.152,33,0.6703,en
556907,Baazaar,2018,Crime|Drama|Thriller,6.194,31,0.7709,hi
434358,Belle and Sebastian 3: The Last Chapter,2018,Adventure|Family,6.526,190,0.6645,fr
451563,Happy Anniversary,2018,Romance|Comedy,5.7,196,0.9636,en
570587,Endless Loop,2018,Crime|Science Fiction,5.9,11,0.6678,zh
498249,Bad Seeds,2018,Comedy|Drama,7.621,630,0.8141,fr
545612,Curse of the Nun,2018,Horror,4.1,56,0.8177,en
518502,The Unthinkable,2018,Thriller|Action|Science Fiction|Drama,5.695,192,0.5611,sv
497802,Pandas,2018,Documentary,8.065,62,0.7599,en
508933,Ricky Gervais: Humanity,2018,Comedy,7.65,516,0.7031,en
543755,Love At Least,2018,Romance|Drama,6.6,13,0.4733,ja
477311,Two for Joy,2018,Drama,7.5,13,0.8493,en
462723,All I Wish,2018,Comedy|Romance,5.5,98,0.7583,en
546230,Paskal,2018,Action|War|Drama|History|Adventure|Crime,7.679,81,0.6726,ms
485774,The Open House,2018,Horror|Thriller,3.705,1430,0.9251,en
502166,Take Your Pills,2018,Documentary,6.51,144,0.8927,en
466703,Volontaire,2018,Drama,5.7,116,1.7852,fr
440424,Freak Show,2018,Comedy|Drama,6.71,131,0.7409,en
445710,Children of the Corn: Runaway,2018,Horror,4.582,85,0.8014,en
508830,Kamen Rider Amazons The Movie: The Final Judgment,2018,Action|Adventure|Science Fiction|Horror|Mystery,7.833,12,0.643,ja
505204,Little Miss Dolittle,2018,Comedy|Family|Fantasy|Crime,6.4,25,0.8723,de
414187,Josie,2018,Thriller|Drama,5.2,106,0.9192,en
525916,Christ(Off),2018,Comedy,5.5,81,1.5904,fr
502086,Till the End of the World,2018,Adventure|Drama|Romance,6.6,11,0.9253,zh
529790,Pachamama,2018,Adventure|Animation|Family|Fantasy,7.216,81,0.6291,fr
531208,Triassic World,2018,Action|Horror|Science Fiction,3.152,33,1.8211,en
522921,How Long Will I Love U,2018,Comedy|Romance|Drama|Mystery|Fantasy,6.6,53,0.6565,zh
531597,Satyameva Jayate,2018,Action|Thriller,6.4,58,0.5804,hi
549319,Christmas Everlasting,2018,Romance|Drama|TV Movie,5.8,31,0.5017,en
550097,No Sleep 'Til Christmas,2018,Comedy|Romance|TV Movie,6.825,117,0.6717,en
525455,Love at Sea,2018,Romance|TV Movie,6.1,45,0.7509,en
515911,Lady J,2018,Drama|Romance,6.4,291,0.768,fr
530451,The Wrong Son,2018,TV Movie|Thriller,6.5,19,0.6397,en
345935,Half Magic,2018,Romance|Comedy,5.351,47,0.7164,en
524736,The Chanting: Revisited,2018,Horror|Comedy,5.9,62,0.7403,id
503420,Relentless,2018,Thriller,4.8,25,0.697,en
571432,Kill Mobile,2018,Drama|Comedy,5.5,20,0.6962,zh
538260,Abducted,2018,Action|Crime|Drama,4.8,30,0.7229,en
460082,Ghost Squad,2018,Horror|Fantasy|Action,4.4,15,0.5975,ja
514617,The Faces of My Gene,2018,Drama|Comedy,4.3,21,0.7792,zh
399056,Sunset,2018,Drama|History,5.8,95,0.9001,hu
488397,Wheely,2018,Family|Animation|Adventure|Comedy,6.4,19,0.7545,en
471616,Indian Horse,2018,Drama,6.9,77,0.863,en
554647,Zombiepura,2018,Comedy|Horror,6.0,11,0.5052,zh
477187,The Inhabitant,2018,Horror,5.978,93,0.708,es
552836,Dark  Deadly & Dreadful,2018,Horror|Comedy,4.941,17,0.5432,en
456426,Touch Chesi Chudu,2018,Action,5.6,11,0.6189,te
567145,Free Rein: The Twelve Neighs of Christmas,2018,Comedy|Drama|Family,6.7,117,0.603,en
496748,Deliha 2,2018,Comedy,5.2,41,0.789,tr
500284,Life-Size 2,2018,Family|Fantasy,6.279,68,0.684,en
539076,Waiting For Spring,2018,Romance,7.2,12,0.8582,ja
462698,Fantasy of the Girls,2018,Drama|Romance,5.7,23,0.7963,ko
497916,The Resistance Banker,2018,War|Drama,6.703,269,0.8932,nl
541458,The Girl Allergic to Wi-Fi,2018,Romance|Comedy,6.3,26,0.46,tl
544594,Falling for You,2018,TV Movie|Comedy|Romance,6.9,41,0.6194,en
535807,It's Christmas  Eve,2018,Romance|Drama|TV Movie|Music,6.2,43,0.6554,en
526997,Sauerkrautkoma,2018,Comedy|Crime,7.063,104,1.1994,de
519956,The Last Witness,2018,History|Thriller,5.8,85,1.0054,en
500259,Mario,2018,Drama|Romance,7.177,150,0.7745,de
528222,LEGO Marvel Super Heroes: Black Panther - Trouble in Wakanda,2018,Animation|Fantasy|Family,6.0,71,1.3535,en
551629,Asih,2018,Horror|Mystery|Thriller,6.844,48,0.8329,id
461166,Odiyan,2018,Drama|Action|Fantasy,5.6,20,0.7773,ml
516604,Hell Trip,2018,Horror|Thriller,3.5,26,1.7091,en
502098,Rock Band,2018,Comedy|Drama|Adventure,6.963,27,0.5361,no
447685,The Green Fog,2018,Documentary|Mystery,5.9,27,0.5556,en
498821,Kadaikutty Singam,2018,Romance|Comedy|Family|Action,6.674,23,0.6123,ta
535561,Ride,2018,Action|Thriller,5.5,99,1.3364,it
519523,Evil Bong 777,2018,Comedy|Horror,4.1,25,0.7305,en
485166,Amanda,2018,Drama,7.1,298,0.7238,fr
431135,Eva,2018,Drama|Romance,4.413,120,0.6533,fr
559709,Rent-an-Elf,2018,Family|TV Movie|Romance,5.6,17,0.6199,en
500114,Morning Show Mysteries: Mortal Mishaps,2018,Mystery|TV Movie,7.4,21,0.651,en
412595,Katie Says Goodbye,2018,Drama,6.5,63,0.6901,en
510641,Amin,2018,Drama,5.7,38,0.8067,fr
496671,Blood  Sweat and Lies,2018,Thriller|TV Movie,4.797,33,1.0547,en
549165,Robin Hood: The Rebellion,2018,Adventure|History|Action,5.02,75,0.8443,en
463858,The Freshmen,2018,Comedy|Drama,6.7,724,0.6339,fr
533534,Aurora,2018,Horror|Thriller,5.1,31,0.5561,tl
437029,The Laws of Thermodynamics,2018,Romance|Comedy,5.8,168,0.8708,es
542034,Our Departures,2018,Drama|Family,6.8,16,0.7841,ja
365240,Cruise,2018,Romance,5.8,87,0.7608,en
433121,Thaanaa Serndha Koottam,2018,Crime|Action|Comedy,5.592,38,0.7321,ta
468287,Hannah,2018,Drama,5.616,56,0.6853,fr
449575,The Beyond,2018,Science Fiction,5.512,201,0.5445,en
491411,One Winter Weekend,2018,Romance|TV Movie,6.6,66,0.8081,en
707011,Woodland,2018,Thriller,5.5,14,1.0109,en
567409,Hex,2018,Horror|Thriller,4.008,62,0.5975,en
498284,Bad Stepmother,2018,TV Movie|Thriller,4.5,14,0.7079,en
516698,Super Miss,2018,Action|Adventure|Family,5.3,15,1.6232,nl
502426,Furlough,2018,Comedy,5.7,59,0.8268,en
543033,Ruben Brandt  Collector,2018,Animation|Action|Thriller|Crime,7.142,176,0.8416,hu
597710,Shattered Memories,2018,Crime|Thriller|TV Movie,4.4,12,0.7752,en
512098,Blackmail,2018,Comedy|Thriller,6.863,106,0.8753,hi
548998,Furthest Witness,2018,Crime|Drama|Thriller,4.3,12,1.105,en
517388,To Die For,2018,Drama|War,4.7,17,0.7237,tr
550518,South Wind,2018,Crime|Thriller|Drama,7.2,89,0.6609,sr
512340,The Travelling Cat Chronicles,2018,Drama,6.941,17,0.6614,ja
493177,Junga,2018,Action|Comedy,5.861,18,0.8277,ta
539069,Threesomething,2018,Comedy,3.929,21,0.6361,en
514407,Indivisible,2018,Drama|War,6.884,82,0.7763,en
478503,A Reindeer's Journey,2018,Documentary|Family|Adventure,6.5,56,0.7846,fr
458969,Monster Party,2018,Horror|Thriller,5.7,145,0.7558,en
392407,A Place in Hell,2018,Horror|Thriller,4.5,12,0.4946,en
514684,Why Don't You Just Die!,2018,Comedy|Thriller|Horror,6.596,203,0.8165,ru
429742,Still/Born,2018,Horror,5.826,161,0.8155,en
550385,Christmas with a View,2018,TV Movie|Romance|Family,5.817,323,1.0524,en
521387,Darrow & Darrow: In The Key Of Murder,2018,Drama|TV Movie|Mystery,6.69,29,0.6287,en
450766,The Forgiven,2018,Thriller|Drama,6.1,96,0.54,en
559708,Christmas Cupid's Arrow,2018,Romance|TV Movie,5.3,14,0.5996,en
471515,Adventures in Public School,2018,Comedy,6.3,91,0.7321,en
529909,The Dare Project,2018,Drama|Romance,6.5,27,0.9223,en
538604,The After Party,2018,Comedy|Music,6.1,216,0.6778,en
553045,A Bread Factory  Part One: For the Sake of Gold,2018,Drama|Comedy,6.6,17,0.8747,en
462469,Been So Long,2018,Drama|Music|Romance,5.508,60,0.5837,en
531949,Father of the Year,2018,Comedy,5.428,491,1.0181,en
454283,Action Point,2018,Comedy|Drama,5.4,361,0.6727,en
529221,Black Is Beltza,2018,Animation|Drama|Thriller,5.5,18,0.5939,en
523518,Party Mom,2018,Thriller|Drama|Crime|TV Movie,5.5,39,0.586,en
501298,Overexposed,2018,Thriller|TV Movie,4.9,10,1.6926,en
585358,The Music Box,2018,Thriller,4.333,57,0.9263,en
466174,Knuckleball,2018,Horror|Thriller,5.9,55,0.6764,en
489170,Angel Face,2018,Drama,6.207,140,0.6914,fr
433448,The Year of Spectacular Men,2018,Drama|Comedy|Romance,5.564,39,0.7235,en
449848,The Boy Downstairs,2018,Romance|Comedy|Drama,6.0,34,0.7778,en
391912,Rosy,2018,Comedy|Romance|Thriller,5.2,35,0.8466,en
552436,Qismat,2018,Comedy|Drama|Romance,7.1,13,0.6323,pa
530838,700 Sharks,2018,Documentary,6.8,20,0.6039,fr
502145,Unlovable,2018,Comedy|Drama|Music,5.6,31,0.8129,en
463387,One Nation  One King,2018,Drama|History,5.6,177,0.7229,fr
435506,A Dog's Courage,2018,Animation|Adventure|Family|Drama,7.9,43,0.6027,ko
563355,Puppy Star Christmas,2018,Family|Comedy|Music|Fantasy,5.7,19,0.6499,en
551298,Under the Sea: A Descendants Story,2018,Music|TV Movie|Fantasy,7.138,105,0.864,en
540871,Leal,2018,Action|Crime|Drama,7.3,65,0.6811,es
508206,As Needed,2018,Comedy,6.665,118,0.6461,it
481157,In Her Hands,2018,Comedy,6.6,294,0.7182,fr
526475,Astro,2018,Science Fiction|Action|Thriller,3.9,22,0.6909,en
536056,Comedy Central Roast of Bruce Willis,2018,Comedy|TV Movie,6.565,77,0.7329,en
506750,Tanks for Stalin,2018,War|Action|Adventure,4.989,44,0.6934,ru
553903,Yellow Is the New Black,2018,Animation|Comedy|Family|Crime,6.5,75,0.6741,en
592741,Up to You,2018,Romance,5.471,17,0.7443,ja
545963,Norm of the North: Keys to the Kingdom,2018,Animation|Comedy|Family,5.085,41,0.7161,en
482121,Kids on the Slope,2018,Drama|Music|Romance,7.3,32,0.7118,ja
538057,Wuff,2018,Comedy,5.4,19,0.5703,de
490071,Half the Picture,2018,Documentary,6.6,14,0.5617,en
510096,The Swan Princess: A Royal Myztery,2018,Family|Animation|Adventure|Comedy,6.577,52,0.7592,en
561396,Shrimp,2018,Drama|Comedy|Romance,6.0,13,0.5583,en
462347,The Ringmaster,2018,Horror|Mystery,5.7,65,1.7307,da
477666,My Best Friend,2018,Drama|Romance,7.065,224,0.7285,es
421920,Ice Princess Lily,2018,Family|Animation,6.2,16,0.9453,de
490005,Never Goin' Back,2018,Comedy,6.078,97,0.8746,en
479184,Hard-Core,2018,Comedy|Drama,6.2,12,0.5903,ja
549672,A Bread Factory  Part Two: Walk With Me A While,2018,Comedy|Drama,6.3,14,0.5903,en
552670,Cut Off,2018,Crime|Drama|Thriller,5.9,21,1.8523,en
424201,Burden,2018,Drama,6.1,86,1.028,en
475250,Omertà,2018,Action|Drama,6.841,22,0.5327,hi
535812,Christmas Joy,2018,Family|TV Movie|Romance,6.5,70,0.6055,en
449454,E-Demon,2018,Horror|Drama|Thriller,4.958,12,0.5994,en
553252,Darrow & Darrow: Body of Evidence,2018,Mystery|TV Movie,7.3,21,0.6772,en
521920,Nomitori Samurai,2018,Comedy,5.7,15,0.5706,ja
550075,Welcome to Christmas,2018,Romance|Drama|TV Movie,5.9,49,0.7034,en
506951,Going for Gold,2018,Drama|Family,6.7,131,0.7496,en
532635,The Golem,2018,Horror|Drama,5.7,175,0.5895,en
547265,Deadly Shores,2018,Drama|TV Movie|Thriller,5.8,52,0.7802,en
531723,Koode,2018,Drama|Romance,7.1,34,0.682,ml
511679,Héctor el Father: Conocerás la verdad,2018,Drama|Documentary,7.833,111,0.8143,es
508632,Shifting Gears,2018,Action|Comedy|Family,6.5,11,0.8286,en
507648,"My Friend ""A""",2018,Drama|Thriller|Crime|Mystery,7.2,14,0.8318,ja
517285,The Soul Conductor,2018,Thriller|Horror,6.5,50,0.6907,ru
478508,To the Ends of the World,2018,Drama|Adventure|War,5.995,93,0.5663,fr
487741,East of Sweden,2018,Drama|Thriller,6.1,10,0.5371,fi
499646,Last Child,2018,Drama|Thriller,7.7,15,0.6147,ko
505618,Aliens Ate My Homework,2018,Family|Adventure|Comedy,4.8,25,0.6759,en
486101,There's No Place Like Home,2018,Comedy|Drama,6.214,738,0.7077,it
544054,The Diesel,2018,Crime|Action|Thriller,4.7,12,0.7923,ar
461118,What We Started,2018,Music|Documentary,7.2,28,0.7494,en
505015,Empowered,2018,Comedy,5.888,134,0.7056,es
480736,25 km/h,2018,Comedy|Drama|Adventure|Family,6.866,235,0.6102,de
435557,The Party's Just Beginning,2018,Drama|Comedy,6.2,70,0.7542,en
525914,Songbird,2018,Drama,4.6,24,0.6834,en
517324,Yucatán,2018,Comedy,5.575,154,0.5272,es
415193,Imaikkaa Nodigal,2018,Action|Thriller|Drama|Crime,7.0,71,0.6707,ta
514558,Cynthia,2018,Comedy|Horror,4.7,19,0.6718,en
469056,A New Girl in Paris!,2018,Comedy,6.387,297,0.5969,fr
539626,Freedom Fighters: The Ray,2018,Animation|Action|Fantasy,6.1,91,0.6696,en
526090,Mulk,2018,Drama,6.75,42,0.5467,hi
448419,West North West,2018,Drama,5.5,12,0.6033,ja
571768,The Wrong Patient,2018,Thriller|TV Movie,6.75,18,0.8402,en
507569,The Seven Deadly Sins: Prisoners of the Sky,2018,Action|Adventure|Fantasy|Animation,7.53,1079,0.6245,ja
565413,The King's Musketeers,2018,Adventure|Comedy,5.935,405,0.5794,it
448447,In a Relationship,2018,Drama|Comedy|Romance,5.701,132,0.6726,en
525864,Groomzilla,2018,Romance|TV Movie,4.5,11,0.6795,en
533658,Friedkin Uncut,2018,Documentary,7.1,47,0.5197,en
514782,Toy Gun,2018,Comedy|Action|Crime,4.172,29,1.0042,en
490814,Induced Labor,2018,Comedy,6.7,19,0.6274,ar
512916,Captain Morten and the Spider Queen,2018,Animation|Adventure,4.4,13,0.8356,en
422742,Jim Button and Luke the Engine Driver,2018,Adventure|Family|Fantasy,6.358,180,0.7584,de
501791,Monsters at Large,2018,Adventure|Family,5.111,18,0.6535,en
499128,Very  Very  Valentine,2018,Romance|TV Movie,6.4,31,0.7034,en
562685,MARS: Inside SpaceX,2018,History|TV Movie|Documentary,7.5,44,0.5873,en
484751,Through the Fire,2018,Drama,7.334,725,0.6619,fr
472918,Wiro Sableng: 212 Warrior,2018,Action|Comedy|Adventure,6.2,14,0.7183,id
542202,Don't Go,2018,Mystery,4.9,43,0.6483,en
534326,You  I Love,2018,Romance|Comedy|Drama,6.3,38,0.6827,ja
500244,The Simone Biles Story: Courage to Soar,2018,TV Movie|Drama,8.271,24,0.7486,en
299782,The Other Side of the Wind,2018,Drama,6.7,230,0.7834,en
565428,The Tag-Along: Devil Fish,2018,Horror,4.9,23,0.6318,zh
432579,Corbin Nash,2018,Action|Horror|Thriller,4.494,79,1.218,en
530198,Sammohanam,2018,Romance|Drama,6.868,19,0.7588,te
456165,Family Is Family,2018,Comedy,5.804,769,0.7788,fr
550172,High Voltage,2018,Horror|Thriller,4.6,18,0.7355,en
564082,30 Miles from Nowhere,2018,Horror|Comedy,4.4,60,0.8204,en
513574,Battle,2018,Drama|Romance|Music,6.3,657,0.6921,no
549675,God: City,2018,Fantasy|Comedy,6.028,36,0.6052,en
546487,Beautiful Days,2018,Drama,6.7,20,0.5104,ko
510338,Dry Martina,2018,Comedy|Drama,5.794,34,0.5767,es
479520,Girls of the Sun,2018,Drama|War,7.0,87,0.5992,fr
510465,Mad Mom,2018,Comedy|Family,5.9,203,0.7469,fr
550844,Alien Expedition,2018,Science Fiction|Adventure|Action,3.1,59,0.8671,en
543749,Silencio,2018,Drama|Mystery|Thriller,6.283,23,0.7121,en
505418,The Escape of Prisoner 614,2018,Adventure|Comedy|Crime|Western,4.943,35,0.75,en
553779,Fireflies,2018,Drama,6.032,31,1.6582,es
522828,My Step Dad: The Hippie,2018,Comedy,4.8,19,0.5826,tr
557130,Dangerous Matrimony,2018,Crime|Drama|Mystery|TV Movie,5.0,12,0.9028,en
517987,Rafiki,2018,Drama|Romance,7.01,155,0.7006,sw
516232,The Honor List,2018,Drama,5.803,33,0.6713,en
483452,K: Seven Stories Movie 1 - R:B - Blaze,2018,Animation|Drama|Action,6.5,26,0.8751,ja
535488,Romina,2018,Horror|Thriller,2.8,182,0.6045,es
492550,Normandy Nude,2018,Drama|Comedy,5.568,140,0.8104,fr
536685,Morning Show Mysteries: Murder on the Menu,2018,Mystery|TV Movie,7.0,20,0.6347,en
511972,Love  Gilda,2018,Documentary,7.209,43,0.6661,en
514289,Lajko: Gypsy in Space,2018,Comedy,6.1,12,0.6498,hu
534789,Thomas & Friends: Big World! Big Adventures! The Movie,2018,Family|Animation|Adventure,7.3,38,0.8513,en
479198,Tango One,2018,Crime|Drama|Thriller,5.2,28,0.7507,en
418426,In Between Seasons,2018,Drama,6.6,26,0.5731,ko
554617,Instakiller,2018,Thriller|TV Movie,6.953,32,0.5408,en
490214,Iceman: The Time Traveler,2018,Action|Comedy|History,6.567,105,0.687,cn
561347,Oru Kuprasidha Payyan,2018,Mystery|Thriller,6.8,12,0.8977,ml
513648,Nothing Like a Dame,2018,Documentary,6.828,58,0.6193,en
497622,Change in the Air,2018,Drama,5.7,15,0.6769,en
522868,Bergman: A Year in a Life,2018,Documentary|History,7.4,39,0.7223,sv
418472,The Wild Pear Tree,2018,Drama,7.493,305,0.9481,tr
594676,Hope Frozen: A Quest To Live Twice,2018,Documentary,6.271,24,0.6244,th
519223,The Accused,2018,Thriller|Drama,6.566,182,0.8203,es
526682,Blackmark,2018,Thriller|Drama,5.7,25,0.6905,en
523277,Manmarziyaan,2018,Romance|Drama,6.792,72,0.7868,hi
500321,Dead Men,2018,Western|Drama|Action,5.0,15,1.261,en
505906,Seemaraja,2018,Action|Comedy|Drama|Romance,4.6,12,0.6332,ta
528094,Hailey Dean Mysteries: 2 + 2 = Murder,2018,Mystery|TV Movie,6.7,36,0.6019,en
499086,The Prayer,2018,Drama,6.34,103,1.7976,fr
513540,Missing,2018,Thriller|Mystery,6.088,17,0.6334,hi
550036,A Midnight Kiss,2018,Romance|TV Movie,5.915,40,0.5278,en
490082,Jane Fonda in Five Acts,2018,Documentary,7.143,70,0.6204,en
467673,Budapest,2018,Comedy,5.522,474,0.6875,fr
492024,Vielmachglas,2018,Comedy|Drama,5.9,51,0.5917,de
532638,Open 24 Hours,2018,Horror|Thriller,5.5,154,0.7779,en
473902,The Amityville Murders,2018,Horror,5.0,162,0.6413,en
555850,The Holiday Calendar,2018,Romance|Comedy|Family,6.62,1043,0.901,en
570027,Airpocalypse,2018,Action|Adventure|Fantasy|Comedy,4.3,16,0.4959,zh
510276,Danur 2: Maddah,2018,Horror|Mystery|Thriller,7.4,11,0.6866,id
430727,303 Squadron,2018,War|Drama|History,5.912,125,0.7973,pl
505003,Carter & June,2018,Action|Comedy,4.9,28,1.8062,en
421456,Dilili in Paris,2018,Animation|Adventure,6.7,148,0.7051,fr
526034,Lez Bomb,2018,Comedy,6.7,58,0.7091,en
533889,Lakshmi,2018,Family|Drama|Comedy,7.8,10,0.9922,ta
551300,Suzzanna: Buried Alive,2018,Horror|Drama|Thriller,5.103,34,0.642,id
549650,My Travel Buddy 2,2018,Comedy|Family,5.622,49,0.7003,tr
419916,Funny Cow,2018,Comedy|Drama,6.3,33,0.6495,en
507618,Feminists: What Were They Thinking?,2018,Documentary,7.5,98,0.7261,en
550244,Don't Shoot,2018,Drama|History,7.3,43,1.7484,nl
543772,Icebox,2018,Drama,7.1,28,0.622,es
561246,Seduced by My Neighbor,2018,Thriller|TV Movie,5.154,13,0.6296,en
567691,I Am Toxic,2018,Drama|Horror|Science Fiction,4.5,23,0.5773,es
527415,Lobster Cop,2018,Comedy|Crime|Thriller,5.643,14,0.6948,zh
505063,Await Further Instructions,2018,Horror,5.4,306,0.9776,en
428589,The Competition,2018,Romance|Comedy,4.0,31,0.5735,en
489934,Monsters and Men,2018,Drama|Crime|Thriller,5.829,73,0.7938,en
564766,Orphan Horse,2018,Drama|Family,8.2,27,0.526,en
539960,Garage Sale Mysteries: The Pandora's Box Murders,2018,Drama|Mystery|TV Movie,6.867,30,0.5953,en
550020,Christmas in Love,2018,TV Movie|Romance|Family|Comedy,5.985,66,0.599,en
559578,Alone We Fight,2018,War,4.063,16,0.7805,en
474753,The China Hustle,2018,Documentary,7.2,88,0.5476,en
482342,Frontier,2018,Action|Fantasy|Science Fiction|Adventure|War,5.28,50,0.6271,ru
540899,A Sister's Obsession,2018,Thriller|TV Movie,5.476,21,0.5436,en
547116,Deadman Standing,2018,Thriller|Western,5.417,12,0.656,en
437380,The Skin of the Wolf,2018,Romance|Drama,5.49,146,0.5731,es
545426,Varathan,2018,Thriller,6.767,45,0.6893,ml
500734,#SquadGoals,2018,Drama|Thriller,4.5,27,0.7454,en
539025,Carmine Street Guitars,2018,Documentary,7.2,10,0.5787,en
511751,Idle Thoughts,2018,Comedy|Drama|Romance,3.9,10,0.6881,en
517062,The Most Beautiful Girl in the World,2018,Comedy|Romance|Drama|Music,7.44,126,0.699,de
499151,The Red Collar,2018,Drama,6.0,95,0.5474,fr
564689,Pretham 2,2018,Horror|Comedy,4.5,10,0.5277,ml
598607,Out of the Cradle,2018,Documentary|TV Movie|History,7.5,10,0.5903,en
539757,Anthropocene: The Human Epoch,2018,Documentary,6.9,71,0.6002,en
488368,In Love & War,2018,War|Drama,4.3,12,0.6723,da
550022,Mingle All the Way,2018,Romance|Comedy|TV Movie,7.1,157,0.7258,en
502970,The Wedding Do Over,2018,TV Movie|Romance,5.6,34,0.6562,en
449858,Cobain,2018,Drama,5.9,11,0.8587,nl
344276,Inhumane,2018,Thriller,4.4,12,1.7622,en
558394,Detetives do Prédio Azul 2: O Mistério Italiano,2018,Adventure|Fantasy|Family,7.583,18,0.6398,pt
623034,The Haunted,2018,Horror|Thriller|Mystery,6.481,77,1.7299,en
493762,Love on the Slopes,2018,TV Movie|Romance|Comedy,6.399,69,0.5299,en
448565,The Child in Time,2018,TV Movie|Drama,5.8,101,0.7162,en
546377,Grace,2018,Comedy|Drama|Romance|TV Movie,6.038,39,0.6072,en
560704,Beyond White Space,2018,Science Fiction|Thriller,4.861,101,0.6498,en
514166,Brothers in Arms,2018,Documentary,5.8,12,0.4978,en
474937,Tempting Devils,2018,Drama,4.5,27,0.8197,fr
429977,Hot Dog,2018,Comedy|Action,5.556,126,0.4687,de
521934,The Witch in the Window,2018,Horror|Drama,6.144,254,0.5635,en
512474,All the Creatures Were Stirring,2018,Horror,5.0,74,0.5296,en
531158,Aurora Teagarden Mysteries: The Disappearing Game,2018,TV Movie|Drama|Crime|Mystery,7.052,77,0.7689,en
505205,Pope Francis: A Man of His Word,2018,Documentary,7.2,112,0.7146,en
471310,The White Orchid,2018,Drama|Thriller,5.708,48,0.7144,en
482712,The Apparition,2018,Drama,6.0,154,0.6449,fr
489705,Dead on Arrival,2018,Thriller,4.37,23,0.5649,en
537617,The Padre,2018,Drama,5.905,63,0.6153,en
480928,The Forest,2018,Drama,4.4,17,0.7037,ru
452226,The King,2018,Documentary,6.274,31,0.5912,en
534344,Running for Grace,2018,Family|Romance,6.5,61,0.665,en
503758,Most Likely to Murder,2018,Comedy,5.5,51,0.6066,en
444101,Louis & Luca: Mission to the Moon,2018,Adventure|Animation|Family,6.2,20,0.6379,no
555281,Christmas Bells Are Ringing,2018,Family|TV Movie|Comedy|Romance,5.6,53,0.5949,en
446171,Mrs. Hyde,2018,Fantasy|Comedy,4.304,120,1.7006,fr
468735,Madeline's Madeline,2018,Drama,5.99,105,0.6049,en
551602,Sorry For Your Loss,2018,Comedy|Drama,5.0,27,0.748,en
510467,Bécassine !,2018,Comedy,4.8,65,0.4286,fr
537138,Twisted,2018,Thriller|TV Movie,6.044,45,0.6964,en
532108,The Suit,2018,Action|Comedy|Drama,5.9,32,0.4779,ar
558218,Still Human,2018,Drama,7.8,43,0.6831,cn
517207,Marfa Girl 2,2018,Drama,4.733,30,0.5153,en
492459,Dilan 1990,2018,Drama|Romance,7.686,35,0.6547,id
547454,Never Heard,2018,Drama|Family,7.6,12,1.675,en
515875,Target,2018,Comedy|Horror|Action,4.3,31,0.5958,id
506319,Atlantic Rim: Resurrection,2018,Action|Science Fiction,2.6,30,0.5722,en
609354,Dead Sound,2018,Action|Thriller,5.7,11,0.4149,en
550035,Christmas Made to Order,2018,TV Movie|Romance,6.11,236,0.8118,en
481583,Barbie: Dreamtopia Festival of Fun,2018,Family|Animation|Fantasy,7.2,18,0.5475,en
468219,Dead in a Week (Or Your Money Back),2018,Comedy|Action|Drama,6.304,364,0.6599,en
523900,Spivak,2018,Comedy,5.2,35,0.6194,en
469052,Gaston Lagaffe,2018,Comedy,4.873,249,0.6538,fr
460279,Midnighters,2018,Thriller|Horror,5.692,78,0.5785,en
479315,Hot Air,2018,Drama,5.0,23,0.6208,en
549829,Loveyatri,2018,Drama|Romance|Comedy|Music,5.5,16,0.6319,hi
524789,The Devil's Doorway,2018,Horror|Drama,5.455,179,0.8528,en
493655,Dovlatov,2018,Drama,5.8,51,0.5638,ru
552004,Once Upon a Christmas Miracle,2018,Romance|Drama|TV Movie|Comedy,6.6,56,0.6718,en
493003,A Boy. A Girl. A Dream,2018,Romance,6.5,18,0.647,en
434392,The Rake,2018,Horror|Thriller|Drama,4.6,33,0.4912,en
529646,Solis,2018,Action|Adventure|Science Fiction,4.876,121,0.4707,en
501638,Mr. President's Vacation,2018,Comedy,4.5,20,0.5518,ru
484355,Here and Now,2018,Romance|Drama,5.266,64,0.6066,en
568047,Panic: The Untold Story of the 2008 Financial Crisis,2018,Documentary|History,6.4,21,0.5053,en
497327,Asylum of Fear,2018,Mystery|Thriller|Horror,5.4,52,0.6118,en
522449,Goyo: The Boy General,2018,History,7.0,28,0.7649,tl
295786,Operation Ragnarok,2018,Drama|Horror|Action,5.533,15,0.6205,sv
541568,Sex School: Final Exams,2018,Unknown,5.2,14,0.6164,en
555630,Forsaken,2018,Adventure|Science Fiction|Drama,3.448,58,0.8338,ru
543119,Betty White: First Lady of Television,2018,Documentary,7.357,14,0.6702,en
518601,Two Tails,2018,Animation|Family,6.1,38,0.7048,ru
446663,Andre the Giant,2018,Documentary|TV Movie,7.344,163,0.6117,en
473352,Sergio and Sergei,2018,Drama,5.8,31,0.6155,es
533743,Strokes of Genius,2018,Documentary|History,7.7,31,0.4399,en
555252,Killer Under The Bed,2018,Thriller|Horror,4.2,43,0.6884,en
550476,Blood  Sweat and Terrors,2018,Action|Horror|Thriller,5.0,12,0.4348,en
546600,Adrenochrome,2018,Action|Horror|War|Fantasy,3.9,16,1.7033,en
515047,The Fall of the American Empire,2018,Comedy|Crime|Drama|Thriller,6.525,202,0.8061,fr
469312,The Seen and Unseen,2018,Drama,7.1,14,0.4678,id
547442,Dare to Stop Us,2018,Drama,7.0,14,0.6045,ja
567857,G Affairs,2018,Crime|Drama|Mystery,6.083,12,0.6666,cn
490488,#Roxy,2018,Comedy|Romance,5.6,14,0.5136,en
514547,White Chamber,2018,Science Fiction,4.459,61,0.6267,en
560252,Matriarch,2018,Thriller|Horror,5.069,65,0.7147,en
529866,Thicker than Water,2018,Drama|Comedy,5.5,10,0.7683,ja
506600,Deadly Still,2018,Thriller|Horror,5.1,61,0.5901,ru
500535,Seven in Heaven,2018,Horror,5.684,106,0.5274,en
543338,Truly  Madly  Sweetly,2018,Romance|TV Movie,6.5,32,0.6274,en
434129,Days of Power,2018,Action,4.7,16,0.5695,en
547377,Her Boyfriend's Secret,2018,Thriller|TV Movie|Crime,5.972,18,0.5697,en
523443,House of Deadly Secrets,2018,Thriller|TV Movie,4.6,20,0.6577,en
545957,Age of Summer,2018,Comedy|Drama|Romance,6.0,23,0.4911,en
452731,The Land of Steady Habits,2018,Drama|Comedy,5.576,190,0.6459,en
445872,Alterscape,2018,Science Fiction,3.4,15,1.3634,en
483315,Armed,2018,Action|Thriller,4.3,23,0.5171,en
554282,Time for Me to Come Home for Christmas,2018,Romance|Drama|TV Movie,6.6,53,0.5534,en
436494,Feral,2018,Thriller|Action|Drama|Horror,6.2,274,0.5892,en
550864,Devadas,2018,Action|Comedy|Drama,6.1,17,0.794,te
518604,The Princess and the Dragon,2018,Animation|Fantasy,6.7,27,0.6652,ru
481762,Neuilly sa mère  sa mère !,2018,Comedy,5.357,343,0.7626,fr
465026,You  Me and Him,2018,Comedy,5.614,44,0.5957,en
568021,Champion,2018,Romance|Drama,7.817,90,0.5821,tr
514124,How About Adolf?,2018,Comedy,6.81,289,0.655,de
450720,Arif V 216,2018,Adventure|Comedy|Science Fiction,6.193,220,0.5812,tr
466361,Kingdom of Swords,2018,Action|Adventure,5.971,34,0.6034,uk
504198,Damascus Time,2018,War|Action|Drama|Thriller,5.8,33,0.5797,fa
551554,American Nightmares,2018,Horror|Comedy,4.7,36,0.5878,en
526477,Debi,2018,Drama|Mystery,7.7,20,0.59,bn
514952,Odds Are,2018,Thriller,5.6,14,0.5315,en
491408,Frozen in Love,2018,Romance|TV Movie,6.3,60,0.5066,en
438146,Birds of Passage,2018,Drama|Crime,7.265,323,0.5217,es
551653,The Panama Papers,2018,Documentary|Crime,6.697,66,0.5562,en
565277,Kavacham,2018,Action|Thriller,5.1,12,0.7993,te
517672,Rubber Dolphin,2018,Drama,5.5,13,0.4113,he
526234,"Call Sign ""Banderas""",2018,War|Drama|Thriller,6.417,18,0.5428,uk
525200,The School,2018,Thriller|Horror|Mystery,4.7,37,0.5042,en
441766,Octavio Is Dead!,2018,Drama,4.1,21,0.5175,en
545937,Our Body,2018,Drama,5.4,14,0.6667,ko
548257,Alien Predator,2018,Action|Science Fiction|Adventure|Horror,4.222,45,0.7866,en
537860,Destined to Ride,2018,Adventure|Family|Drama,6.8,35,0.5602,en
503517,In the Cloud,2018,Thriller,5.0,22,0.5561,en
412000,Small Town Crime,2018,Thriller|Crime|Mystery|Drama|Action,6.371,253,0.5666,en
321558,The Truth About Lies,2018,Comedy|Romance,4.8,19,0.7844,en
486072,Leo Da Vinci: Mission Mona Lisa,2018,Animation|Adventure|Family,5.8,71,0.6868,it
559337,A Christmas Switch,2018,Comedy|TV Movie|Drama|Family,6.0,38,0.6514,en
535810,Pride  Prejudice and Mistletoe,2018,Romance|TV Movie,6.093,81,0.69,en
557646,Above Majestic,2018,Documentary,7.353,116,0.5582,en
508018,The Warning,2018,Thriller|Drama|Fantasy,6.046,388,0.6583,es
407719,Golden Exits,2018,Drama,5.8,56,0.4923,en
378631,Like Me,2018,Crime|Drama,5.8,40,1.4849,en
525830,My Dad Is a Heel Wrestler,2018,Family|Drama,7.3,11,0.6457,ja
500003,Funny Story,2018,Comedy|Drama,5.757,37,0.618,en
499789,Chalo,2018,Action|Romance|Comedy,6.4,20,0.6834,te
447957,I Am Vengeance,2018,Action,5.194,31,0.7072,en
548878,Wach,2018,Drama,5.2,16,0.3982,de
410482,Savarakathi,2018,Drama|Family,5.4,10,0.8175,ta
563038,He Knows Your Every Move,2018,TV Movie|Thriller,4.75,24,0.716,en
526772,Nela Ticket,2018,Action|Drama,4.6,10,0.6344,te
444516,Naachiyaar,2018,Crime|Thriller,5.5,11,0.6534,ta
516842,In the Hood,2018,Thriller|Drama,3.5,12,0.5175,ru
550024,Christmas at Grand Valley,2018,TV Movie|Family|Romance,6.4,60,0.626,en
541781,iPartment,2018,Comedy|Fantasy|Adventure,4.263,19,0.7427,zh
534937,The Uncovering,2018,Thriller|Drama,5.1,19,0.6514,es
554153,Toman,2018,Drama|History,5.9,18,0.4809,cs
456178,Warning Shot,2018,Drama|Thriller,5.1,20,0.617,en
550655,The Christmas Contract,2018,TV Movie|Romance|Drama,6.5,99,0.5158,en
537021,Yuli,2018,Drama,6.959,98,0.566,es
482564,Intrigo: Death of an Author,2018,Mystery|Crime|Drama|Thriller,5.3,58,0.5265,en
484579,The More You Ignore Me,2018,Comedy,6.3,27,0.6841,en
491305,Dead Pigs,2018,Comedy|Drama,6.8,71,0.6333,zh
467467,A Moment in the Reeds,2018,Romance|Drama,6.17,91,0.5435,fi
416673,A Boy Called Sailboat,2018,Drama|Comedy|Family,6.6,27,0.8697,en
442811,Sunday's Illness,2018,Drama,6.6,112,0.6745,es
541057,The Wind Guardians,2018,Animation|Action|Adventure|Drama|Fantasy,6.5,20,0.4107,zh
476046,Birthmarked,2018,Comedy,5.725,91,0.5625,en
478308,A Bluebird in My Heart,2018,Thriller,5.841,132,0.5506,en
539196,We Belong Together,2018,Thriller|Drama,5.093,27,0.5727,en
272094,Tattoo of Revenge,2018,Comedy|Romance|Thriller,4.9,12,0.589,es
549733,Nannu Dochukunduvate,2018,Romance,6.2,10,0.5877,te
527632,Hope Springs Eternal,2018,Comedy|Drama,5.8,53,0.5295,en
438373,Quién te cantará,2018,Music|Drama|Mystery,7.1,144,0.5369,es
415671,2307: Winter's Dream,2018,Science Fiction,3.9,38,0.5903,en
503755,Brothers' Nest,2018,Comedy|Crime,6.592,66,0.479,en
497160,Attenborough and the Sea Dragon,2018,Documentary|TV Movie,7.0,15,0.8368,en
454693,The Silent Revolution,2018,Drama|History,7.4,257,0.6305,de
534023,Killer Mosquitos,2018,Horror|Comedy,3.603,39,0.3961,it
551758,Daddy's Girl,2018,Horror|Crime|Thriller,5.7,37,0.63,en
532163,7 Splinters in Time,2018,Mystery|Science Fiction|Thriller,4.429,21,0.5395,en
466565,Hagazussa,2018,Horror|Drama|Fantasy,5.715,265,0.7267,de
551777,Fat Buddies,2018,Comedy|Action,5.3,10,0.6625,zh
517317,The Footballest,2018,Comedy,5.906,53,0.4454,es
536541,A Family Tour,2018,Drama,6.1,16,0.3472,zh
500527,Tholi Prema,2018,Comedy|Romance,7.2,20,0.6079,te
489327,Stella's Last Weekend,2018,Comedy,6.4,29,0.5141,en
531513,The Parting Glass,2018,Drama,5.412,18,0.5444,en
496321,Eeda,2018,Romance|Drama,6.962,13,0.6715,ml
523534,Happy Ending,2018,Comedy,5.1,13,1.6583,da
522621,Chanakyathanthram,2018,Thriller,3.2,10,1.0791,ml
534235,14 Cameras,2018,Horror|Thriller,5.029,105,0.5159,en
567141,Super Monsters and the Wish Star,2018,Comedy|Family|Animation|Fantasy,5.3,10,0.5271,en
483189,Veere Di Wedding,2018,Drama|Comedy,4.7,41,0.5772,hi
530023,Blue Kids,2018,Drama,5.031,16,1.4011,it
433637,What Still Remains,2018,Thriller|Drama,5.22,50,0.6506,en
516237,Gray Matter,2018,Science Fiction,5.793,41,0.593,en
521720,Avengers Grimm: Time Wars,2018,Action|Adventure|Fantasy,5.125,68,0.6525,en
511858,One Last Thing,2018,Drama,6.469,16,1.0555,en
396321,Puppet Master: The Littlest Reich,2018,Horror|Comedy,5.569,167,0.6749,en
505175,Love per Square Foot,2018,Comedy|Romance,6.69,124,0.4689,hi
539199,The Great Buster: A Celebration,2018,Documentary|Comedy,7.197,71,0.6629,en
426251,Love After Love,2018,Drama,5.5,26,0.5308,en
601197,Killer Grandma,2018,Thriller|TV Movie,5.725,20,0.6735,en
501192,Hate Story IV,2018,Thriller|Crime|Drama,5.176,17,0.6114,hi
551644,Broken Mirrors,2018,Drama,5.0,11,0.4128,he
532142,Crying Free Sex,2018,Comedy|Action,6.9,26,0.6769,ja
472645,West of Sunshine,2018,Drama,6.1,10,0.4707,en
563833,A Documentary on The Shadow Play,2018,Documentary,7.9,10,0.6139,zh
477036,The Sonata,2018,Horror|Thriller|Mystery,4.8,61,0.6876,en
511449,Family Blood,2018,Horror|Thriller,4.6,176,0.7764,en
526089,Signed  Sealed  Delivered: To the Altar,2018,Drama|Comedy|Mystery|TV Movie,7.229,35,0.5934,en
542570,My Husband's Secret Wife,2018,Thriller|TV Movie,5.4,11,0.5267,en
535657,U Turn,2018,Thriller|Horror|Crime,6.824,54,0.702,ta
513146,Every Act of Life,2018,Documentary,6.4,10,0.947,en
462949,When the Trees Fall,2018,Fantasy|Crime|Romance,6.125,20,0.534,uk
472744,The Gateway,2018,Science Fiction,5.528,53,0.4162,en
567320,Porndemic,2018,Documentary,5.7,28,0.5943,en
550656,A Christmas Arrangement,2018,Romance|TV Movie,5.2,24,0.7651,en
467679,Carnivores,2018,Drama|Thriller,5.5,89,0.7415,fr
549214,Strange Nature,2018,Horror|Fantasy|Mystery|Thriller,5.7,28,0.5504,en
565431,VIP Cop: New Year's Eve Mayhem,2018,Comedy|Crime,6.056,54,0.7827,ru
512180,Yamla Pagla Deewana: Phir Se,2018,Comedy|Drama,3.583,12,0.5109,hi
435097,The Basement,2018,Horror,4.2,62,0.6426,en
567203,Hornet,2018,Science Fiction|Action|Adventure,3.333,18,0.4681,en
484008,Winning Ticket,2018,Drama|Comedy,5.0,12,0.6959,fi
507697,Snapshots,2018,Drama,7.1,61,0.5298,en
543688,The Hows of Us,2018,Drama|Romance,6.85,20,0.6263,tl
533992,When the Angels Sleep,2018,Thriller|Crime,5.548,271,0.673,es
466410,Who We Are Now,2018,Drama,5.7,45,0.4908,en
503349,Yowis Ben,2018,Comedy|Drama|Romance,7.5,13,0.4361,jv
563672,You Should Meet My Son! 2,2018,Comedy,5.333,15,0.5085,en
520409,Royally Ever After,2018,Drama|TV Movie|Comedy|Romance,6.1,57,0.7072,en
538161,I Am Paul Walker,2018,Documentary,8.3,39,0.5204,en
554979,Mail Order Monster,2018,Drama|Family|Science Fiction,5.4,24,0.5938,en
565839,Bernie the Dolphin,2018,Family|Comedy|Adventure,5.8,34,0.5469,en
482865,Bitter Flowers,2018,Drama,6.2,20,0.4691,fr
533938,West of Hell,2018,Horror|Western|Fantasy,4.864,33,0.5068,en
573668,Snake,2018,Adventure|Horror,6.721,86,0.5221,zh
538061,The Tobacconist,2018,Drama|History,6.424,99,1.7751,de
515052,Love 1. Dog,2018,Drama,5.5,11,0.336,ro
531736,To Each  Her Own,2018,Comedy|Romance,5.055,190,0.5885,fr
466673,L'Animale,2018,Drama,6.5,28,1.7863,de
563708,Springsteen on Broadway,2018,Music|Documentary,7.86,50,0.4315,en
512788,Crystal Sky of Yesterday,2018,Animation|Romance,6.3,21,0.5242,zh
506971,Teefa in Trouble,2018,Drama|Comedy|Action|Crime,7.357,28,0.5464,ur
497864,The New Romantic,2018,Drama|Comedy,6.4,115,0.6671,en
489418,In Safe Hands,2018,Drama,7.42,528,0.5855,fr
525619,Mommy Be Mine,2018,Thriller|TV Movie,5.6,10,0.7094,en
483180,Signed  Sealed  Delivered: The Road Less Traveled,2018,TV Movie|Drama|Comedy,6.9,28,0.5677,en
434520,The Ninth Passenger,2018,Horror,4.1,35,0.5482,en
387836,Martians vs Mexicans,2018,Animation|Comedy|Science Fiction,7.924,92,0.5871,es
458956,Let the Girls Play,2018,Comedy,5.6,132,0.5328,fr
543463,Right Place  Wrong Tim,2018,Comedy|Thriller,6.429,14,0.5434,en
500788,Garbage,2018,Thriller|Drama,4.269,13,0.5237,en
550025,Christmas in Evergreen: Letters to Santa,2018,Family|Romance|TV Movie,6.79,62,0.5079,en
500438,Ray & Liz,2018,Drama,6.7,58,0.5038,en
434596,An Actor Prepares,2018,Comedy|Drama,5.8,33,0.5964,en
552872,Legal Action,2018,Action|Western,6.15,10,0.7238,en
506025,Swimming with Men,2018,Comedy|Drama,6.076,85,0.6032,en
561265,The Last Six Degrees of Celebration,2018,Comedy,6.0,43,0.6213,ru
549304,Marrying Father Christmas,2018,Romance|Drama|TV Movie,6.138,40,0.5631,en
482936,The Quietude,2018,Thriller|Drama,6.067,60,0.5602,es
500913,Ether,2018,History|Thriller|War,5.0,11,0.7577,pl
496297,Off the Menu,2018,Comedy|Romance,5.9,42,0.4892,en
530294,Void,2018,Drama|Comedy|Romance,6.3,21,0.5859,fi
525453,The Perfect Bride: Wedding Bells,2018,Romance|TV Movie,6.5,37,0.7485,en
492353,Put Grandma in the Freezer,2018,Comedy,6.14,719,0.6804,it
460064,Edie,2018,Drama,6.3,71,0.5216,en
432524,The Harvesting,2018,Thriller|Horror,5.474,19,0.5369,en
457685,Island Zero,2018,Horror,4.7,46,0.4931,en
549077,Better Off Zed,2018,Horror|Comedy|Drama,5.1,10,0.5703,en
576426,Fuck You All: The Uwe Boll Story,2018,Documentary,6.615,13,0.4452,en
560014,The Black String,2018,Horror|Thriller|Mystery,5.235,49,0.4916,en
480713,The Orange Years: The Nickelodeon Story,2018,Documentary,6.6,16,0.6659,en
539572,Leading Lady Parts,2018,Comedy,7.8,90,0.5848,en
502074,Disconnected,2018,Comedy,5.9,251,0.5521,it
427032,Asphaltgorillas,2018,Action|Drama|Comedy|Crime,5.924,33,0.6181,de
547491,Clergy,2018,Drama,6.497,198,0.5478,pl
538153,Avengers of Justice: Farce Wars,2018,Comedy|Fantasy|Action,4.917,30,0.6217,en
490008,White Rabbit,2018,Comedy|Drama,5.7,10,0.4684,en
500861,The Man from the Sea,2018,Fantasy|Drama,5.8,21,0.5767,ja
430011,Supercon,2018,Comedy,4.5,26,0.5182,en
527246,How to Get Over a Breakup,2018,Comedy,6.8,253,0.5103,es
565404,Care,2018,Drama|TV Movie,6.6,10,0.7698,en
530180,Reach,2018,Comedy|Drama,5.7,16,0.5866,en
514752,System Error,2018,Documentary,7.2,16,0.5085,de
565255,Struggle: The Life and Lost Art of Szukalski,2018,Documentary,7.5,79,0.6557,en
509563,Bad Tutor,2018,Thriller|TV Movie,5.3,17,0.5224,en
564177,Njan Prakashan,2018,Comedy,6.9,53,0.5615,ml
560766,The Prayer Box,2018,Drama|Family,6.9,11,0.4757,en
553856,The Sinister Surrogate,2018,Thriller|TV Movie,6.333,27,0.4252,en
561543,Alpha Wolf,2018,Horror|Thriller,5.6,20,0.5224,en
537156,Nanny Surveillance,2018,Thriller,5.8,38,0.569,en
518454,The Work Wife,2018,Drama|Romance|Thriller,6.9,25,0.5951,en
557181,Peter Pan: The Quest for the Never Book,2018,Animation|Adventure,7.7,18,0.7648,en
550649,Santa's Boots,2018,Family|TV Movie|Romance,6.276,29,0.4451,en
516321,The Assassin's Code,2018,Thriller|Action,5.3,35,0.4688,en
525208,Paws P.I.,2018,Family,5.5,10,0.4598,en
513650,The Eyes of Orson Welles,2018,Documentary,7.0,44,0.5372,en
517940,Euphoria,2018,Drama,6.49,208,0.5671,it
501145,America,2018,Documentary|Drama,6.9,16,0.5167,fr
562446,Stuntman,2018,Documentary,6.7,24,0.4309,en
417670,Loro 1,2018,Drama,6.788,544,0.6248,it
516570,Hyperlight,2018,Science Fiction,6.1,28,0.636,en
510456,Chacun pour tous,2018,Comedy,6.137,164,0.4407,fr
458414,Tiger,2018,Drama|Action,6.4,15,0.578,en
499345,King of the Mountain,2018,Drama,6.8,10,0.5523,ru
561131,Sorority Stalker,2018,Thriller|TV Movie,5.4,10,0.4352,en
529878,Nanny Killer,2018,Thriller|TV Movie,5.4,15,0.5057,en
507781,A Father's Nightmare,2018,Thriller|TV Movie,4.4,12,0.6127,en
539056,Tel Aviv on Fire,2018,Comedy,6.75,114,0.604,he
526159,Tokyo Living Dead Idol,2018,Comedy|Horror,6.7,17,0.6191,ja
525906,Eaten by Lions,2018,Comedy|Drama,5.6,29,0.4011,en
546388,Any Bullet Will Do,2018,Western,4.974,19,0.5212,en
493900,303,2018,Romance|Drama|Comedy,7.3,150,0.5679,de
542781,Killer Kate!,2018,Horror|Comedy|Thriller,3.962,26,0.4668,en
526990,Reckless,2018,Comedy|Action,5.73,76,0.5588,it
338598,Slay Belles,2018,Horror|Adventure,4.2,20,0.7658,en
517307,Growing Up,2018,Comedy|Romance,5.1,28,0.4665,es
510714,The Director and the Jedi,2018,Documentary,7.222,45,0.4695,en
463958,Gulaebaghavali,2018,Comedy|Romance,5.6,16,0.5779,ta
530776,Men on the Dragon,2018,Drama|Comedy,6.2,15,0.6243,cn
554152,Coldplay: A Head Full of Dreams,2018,Music|Documentary,7.8,141,0.6737,en
504331,Hurricane Bianca: From Russia with Hate,2018,Comedy,5.113,137,0.6078,en
481220,Congo,2018,Drama|Crime|History,6.1,30,0.4795,no
486266,Color Me True,2018,Drama|Romance|Fantasy,7.4,33,0.5332,ja
497863,Happy New Year  Colin Burstead,2018,Comedy|Drama,6.38,54,0.5751,en
470641,Mukkabaaz,2018,Drama,7.478,45,0.5893,hi
567452,Qué León,2018,Romance|Comedy,7.7,105,0.7979,es
535808,Christmas at Graceland,2018,TV Movie|Family|Romance,5.9,53,0.6466,en
451422,Little Pink House,2018,Drama,6.103,29,0.6312,en
525705,Ulysses: A Dark Odyssey,2018,Action|Drama|Adventure,4.857,35,0.6105,en
519597,The Best Summer of My Life,2018,Comedy|Family,5.806,144,0.5825,es
567129,Ian,2018,Family|Animation,8.157,35,1.3905,xx
518471,Chuchotage,2018,Drama|Comedy|Romance,7.361,18,0.4857,hu
502157,The Bill Murray Stories: Life Lessons Learned from a Mythical Man,2018,Documentary,6.828,58,0.4583,en
540638,The Boxcar Children: Surprise Island,2018,Animation,6.2,11,0.6134,en
510095,Baja,2018,Comedy,5.6,17,0.5047,en
497411,Secret Millionaire,2018,Romance|TV Movie,6.5,50,0.5048,en
490039,Loveling,2018,Drama,7.4,76,0.4344,pt
506460,Deadly Deed: A Fixer Upper Mystery,2018,Mystery|TV Movie,6.6,30,0.5938,en
460033,Summer Blooms,2018,Drama|Romance,6.588,17,0.4927,ja
518668,Guy,2018,Comedy|Drama|Music,7.0,145,0.4752,fr
503352,#FriendButMarried,2018,Comedy|Drama|Romance,6.6,14,0.4715,id
486225,The Awakening of Motti Wolkenbruch,2018,Comedy,6.029,157,0.4907,de
491052,The Gospel According to André,2018,Documentary,6.3,16,0.6732,en
466415,Five Fingers for Marseilles,2018,Western|Drama|Thriller,5.783,30,0.5255,en
535805,Love in Design,2018,Romance|TV Movie|Comedy,6.7,32,0.4549,en
518500,Apocalypse After,2018,Comedy|Fantasy|Horror,5.521,47,0.4515,fr
535077,Aruna & Her Palate,2018,Drama|Romance,6.7,23,0.6361,id
529369,Hailey Dean Mysteries: A Marriage Made for Murder,2018,Mystery|TV Movie,7.0,29,0.5003,en
512531,Pyaar Prema Kaadhal,2018,Romance|Drama|Comedy,5.2,12,0.5264,ta
523576,Wildwitch,2018,Family|Fantasy,4.9,48,0.7755,da
546116,The Sweetheart,2018,Drama|Thriller|TV Movie,4.676,17,0.4601,en
502308,Jurassic Predator,2018,Action|Adventure|Comedy,4.2,10,0.4704,en
474313,Je vais mieux,2018,Comedy,5.6,51,0.6492,fr
491080,Over the Limit,2018,Documentary,7.1,28,0.5362,pl
485464,Lies We Tell,2018,Thriller|Crime|Romance,5.326,23,0.5048,en
400309,His Master's Voice,2018,Science Fiction|Drama,4.917,12,0.4577,hu
523392,A Mother's Worst Fear,2018,Thriller|Drama|TV Movie,6.1,10,0.4877,en
538126,Lupt,2018,Horror|Thriller,3.9,13,0.469,hi
502140,Paradox,2018,Music|Fantasy,3.8,21,0.7038,en
461337,Separated at Birth,2018,Thriller|TV Movie,5.515,34,0.4555,en
490445,Dumped,2018,Comedy,6.039,381,0.6061,fr
531836,Pearl in Paradise,2018,TV Movie|Romance,6.0,65,0.6406,en
569499,Detainment,2018,Drama|Crime|Documentary,6.7,102,0.4265,en
511404,The Summer House,2018,Comedy|Drama,5.0,92,0.7611,fr
500723,Awe!,2018,Romance|Action|Drama,7.051,39,0.6387,te
532653,Fright Fest,2018,Horror,4.0,37,1.434,en
551127,Hello  Mrs. Money,2018,Comedy,4.815,27,0.4815,zh
519228,Freaks and Geeks: The Documentary,2018,Documentary,6.8,29,0.4847,en
541187,Leona,2018,Drama|Romance,5.9,18,1.5557,es
540486,Garage Sale Mysteries: The Mask Murder,2018,Mystery|TV Movie,7.206,34,0.5226,en
460713,102 Not Out,2018,Comedy|Family|Drama,7.385,65,0.5342,hi
525949,John McCain: For Whom the Bell Tolls,2018,Documentary,6.8,16,0.6026,en
513180,Witness Unprotected,2018,Crime|Thriller|TV Movie,4.2,12,0.8509,en
553684,Nonsense,2018,Drama|Comedy|Family,6.2,10,0.5236,ml
544065,Surviving Christmas with the Relatives,2018,Comedy,5.1,36,0.5473,en
441592,El club de los buenos infieles,2018,Comedy,5.3,34,0.4574,es
545634,Reversing Roe,2018,Documentary,7.3,38,0.5384,en
288410,Chris Claremont's X-Men,2018,Documentary,6.708,12,0.3936,en
635802,Elon Musk: The Real Life Iron Man,2018,Documentary,5.2,24,0.5724,en
569367,Night Shift,2018,Horror,5.629,31,0.5098,en
461693,Silukkuvarupatti Singam,2018,Action|Comedy,4.8,16,0.5746,ta
487593,Irumbu Thirai,2018,Action|Thriller,6.87,46,0.598,ta
518729,Autumn Stables,2018,Drama|Romance|TV Movie,7.4,25,0.6129,en
486521,Place publique,2018,Comedy|Drama,5.5,167,1.4361,fr
398826,Luna's Revenge,2018,Thriller|Action,5.718,110,0.6814,de
554766,Hellmington,2018,Thriller|Horror|Mystery,4.9,18,0.5529,en
473314,Going West,2018,Comedy|Drama,5.2,11,1.694,no
520788,Dystopia,2018,Science Fiction,5.2,57,0.4526,en
473336,All You Can Eat Buddha,2018,Comedy|Drama|Fantasy,6.2,15,0.3708,fr
517596,Adam Sandler: 100% Fresh,2018,Comedy|Music,7.07,135,0.7451,en
496096,A Woman With No Filter,2018,Comedy,7.75,150,0.4528,es
453068,Sketch,2018,Action,5.0,22,0.5269,ta
451204,The Last Movie Star,2018,Drama,6.513,117,0.5524,en
559302,Psycho Prom Queen,2018,Thriller|TV Movie,4.8,42,0.6107,en
550017,Road to Christmas,2018,Family|Romance|TV Movie,6.3,113,0.4353,en
492344,Daughter of Mine,2018,Drama,6.2,73,0.5436,it
365651,Minutes to Midnight,2018,Horror|Action,4.177,31,0.5436,en
559196,Ariana Grande at the BBC,2018,Music|TV Movie|Documentary,8.6,10,0.4304,en
547768,Mitron,2018,Romance|Comedy|Family,6.4,11,0.4539,hi
493686,Eruption: LA,2018,Science Fiction|Action,5.3,41,0.5551,en
525456,Love at First Dance,2018,Romance|TV Movie,5.9,47,0.4264,en
514808,Tomboy,2018,Romance|TV Movie,5.4,30,0.5198,en
550032,Christmas Wonderland,2018,TV Movie|Romance,5.964,211,0.7506,en
566039,Christmas with a Prince,2018,Drama|Romance|TV Movie|Comedy,5.6,108,0.4945,en
461311,Tik Tik Tik,2018,Science Fiction|Thriller|Adventure,5.3,27,0.428,ta
562266,Shoelaces for Christmas,2018,Family|TV Movie|Comedy|Romance,4.3,19,0.3884,en
497901,Cops,2018,Drama,5.7,33,0.6065,de
492257,A Tale of Two Coreys,2018,Drama,6.1,11,0.6332,en
518683,Intention,2018,Documentary,9.2,12,0.5239,ko
515049,My Favourite Fabric,2018,Drama,5.5,12,0.5775,fr
552012,The Christmas Pact,2018,Romance|TV Movie,5.9,16,0.5843,en
545052,Doris,2018,Comedy|Drama,6.0,26,1.7141,nl
512096,Cake,2018,Drama|Romance|Mystery|Comedy,7.0,12,0.5099,ur
579296,Abnormal Attraction,2018,Adventure|Comedy|Fantasy|Horror,4.4,19,0.6116,en
531101,Darkness Reigns,2018,Horror,5.2,11,0.4709,en
560412,Hospitality,2018,Thriller|Crime|Drama,5.775,20,0.5905,en
545273,Helicopter Eela,2018,Drama,6.0,16,0.613,hi
551701,Jingle Around the Clock,2018,Comedy|Romance|TV Movie,6.8,45,0.5467,en
560517,Love Is Everything,2018,Comedy|Romance,4.6,25,0.4525,pl
524788,The Appearance,2018,Horror|Thriller,5.3,42,0.5387,en
492823,CALL TV,2018,Comedy|Crime|Mystery|Thriller,4.6,13,0.2975,es
492684,Honor Up,2018,Action,4.2,10,0.367,en
537847,The Armadillo's Prophecy,2018,Comedy|Drama,6.143,263,0.5342,it
510616,Stalked by a Reality Star,2018,Thriller|TV Movie,6.3,11,0.397,en
436305,The Farthest,2018,Documentary,7.78,66,0.4208,en
552938,Cucuy: The Boogeyman,2018,Thriller|Horror,6.6,102,0.549,en
535369,RX 100,2018,Drama|Action|Romance,5.6,25,0.5097,te
452947,Lake Alice,2018,Horror,3.8,28,0.4286,en
540880,A Sister's Secret,2018,Drama|Thriller|TV Movie,7.2,40,0.708,en
550379,Long Lost Daughter,2018,Thriller|TV Movie,5.8,13,0.3524,en
507313,Carga,2018,Drama,6.1,46,0.613,pt
550189,Bikeman,2018,Comedy,6.464,14,0.6046,th
506407,Social Animals,2018,Comedy|Romance,6.1,79,0.4715,en
484901,Close Enemies,2018,Drama|Thriller,5.9,205,0.615,fr
555104,Kill Ben Lyk,2018,Comedy|Crime|Thriller,5.5,27,0.4824,en
533961,Reconstructing Utøya,2018,Documentary,7.1,11,0.4656,no
543328,Wedding of Dreams,2018,Romance|TV Movie,4.8,24,0.4782,en
537880,Capri-Revolution,2018,Drama|History,6.4,168,0.6333,it
468469,Kaalakaandi,2018,Comedy|Thriller|Drama,6.306,31,0.4895,hi
517360,Temporary Difficulties,2018,Drama,5.1,30,0.3649,ru
490000,We the Animals,2018,Drama,6.49,152,0.4385,en
554305,Doe,2018,Thriller|Mystery,5.4,29,0.5548,en
462718,Pariyerum Perumal,2018,Romance|Drama,8.2,76,0.5114,ta
518801,McKellen: Playing the Part,2018,Documentary|History,7.2,21,0.4762,en
497514,My Secret Valentine,2018,TV Movie|Romance,6.4,64,0.4487,en
531122,Ana e Vitória,2018,Romance|Comedy|Music,7.1,176,0.4752,pt
486519,All About Mothers,2018,Drama|Comedy,5.236,53,0.5601,fr
449453,Hondros,2018,Documentary,7.2,21,0.5682,en
474331,Keep an Eye Out,2018,Comedy,6.645,636,0.746,fr
475007,The Escape,2018,Drama,5.493,76,0.5357,en
450608,Saturday Church,2018,Romance|Drama|Music|Fantasy,6.238,21,0.6061,en
518772,Body of Sin,2018,Crime|Thriller,4.3,17,0.4767,en
437316,Spirou & Fantasio's Big Adventures,2018,Adventure|Comedy,4.515,132,0.4454,fr
533165,Deadly Transaction,2018,Thriller|TV Movie,6.0,11,0.3037,en
527511,Bhavesh Joshi Superhero,2018,Action|Drama,7.4,51,0.4789,hi
513211,Playmaker,2018,Crime|Drama,5.7,21,0.498,de
540247,Jurassic Galaxy,2018,Science Fiction|Action|Adventure,5.1,216,0.5154,en
370187,Frat Pack,2018,Comedy,4.7,23,0.4827,en
489847,X&Y,2018,Drama,6.0,21,0.524,sv
560082,El rey,2018,Drama|History,6.5,14,0.4808,es
518737,Another Tango,2018,Drama|Romance,6.0,25,0.3679,en
666265,The Amaranth,2018,Drama|Mystery|Thriller|Science Fiction,4.375,16,0.7214,en
551572,Everything for a Pop Star,2018,Comedy|Music,7.1,88,0.3984,pt
362676,The Big Take,2018,Thriller,4.9,21,0.5118,en
530454,American Chaos,2018,Documentary,6.5,15,0.3463,en
404713,Downhill,2018,Horror|Action,3.6,19,0.4959,es
378107,Another Day of Life,2018,Animation|Documentary|History,7.426,115,0.4255,en
429710,My Name Is Thomas,2018,Drama,5.9,44,0.6413,it
524323,Paradise Lost,2018,Drama|Music|Romance,7.3,56,0.4261,pt
540765,App War,2018,Comedy|Romance,6.8,12,0.4803,th
536070,The Stolen Caravaggio,2018,Drama,6.0,110,0.4915,it
551641,Olimpia,2018,Animation|Thriller|Drama|History,6.6,11,1.5313,es
504345,The Tribe,2018,Comedy,6.3,211,0.5211,es
66213,Iruttu Araiyil Murattu Kuthu,2018,Comedy|Horror,4.3,13,0.5832,ta
478426,Westwood: Punk  Icon  Activist,2018,Documentary,6.4,25,0.435,en
571984,Stalked by My Patient,2018,TV Movie|Thriller,5.3,17,0.43,en
550321,My Little Goat,2018,Animation|Fantasy|Horror,7.9,22,0.4182,ja
549432,Homestay,2018,Drama|Thriller|Fantasy,7.407,27,0.5506,th
469055,In the Game,2018,Comedy,6.4,242,1.5558,fr
548055,Time of Day,2018,Drama,5.3,11,0.4301,en
484594,Keep Going,2018,Drama,5.402,56,1.237,fr
448561,Who's Watching Oliver,2018,Horror|TV Movie,5.1,30,0.4604,en
566139,Padi Padi Leche Manasu,2018,Romance|Drama,6.325,20,0.6145,te
494466,Last Scene Alive: An Aurora Teagarden Mystery,2018,Mystery|TV Movie|Crime|Drama,7.175,83,0.6384,en
497106,All About Me,2018,Drama|Comedy,7.424,198,0.5448,de
550767,O.I.,2018,Comedy|Horror|Science Fiction,7.056,18,1.7209,en
663431,Sarah Q,2018,Comedy|Drama,6.0,15,0.4426,en
550096,The Truth About Christmas,2018,TV Movie|Drama|Comedy,4.8,28,0.3995,en
529371,Hailey Dean Mysteries: A Will to Kill,2018,Mystery|TV Movie,6.625,36,0.5163,en
536241,Más sabe el Diablo por Viejo,2018,Comedy,7.5,29,0.4133,en
408490,It Came from the Desert,2018,Horror|Action|Comedy,4.818,74,0.632,en
555561,The Invisible Witness,2018,Thriller|Mystery,7.0,343,0.4868,it
557587,Hidden Intentions,2018,Thriller|TV Movie,5.8,16,0.5567,en
532789,Ee Nagaraniki Emaindi?,2018,Comedy|Drama,7.604,24,0.5361,te
459845,Rabbit,2018,Thriller|Mystery,4.8,25,0.322,en
539397,Pretty Broken,2018,Comedy|Drama,4.3,10,0.4697,en
495659,Bayonet,2018,Drama,6.1,34,0.4615,es
475855,Manuel,2018,Drama,6.9,23,1.5909,it
437220,Have a Nice Day,2018,Animation|Crime,5.593,59,0.4218,zh
525526,School Is Over,2018,Comedy,5.5,113,0.312,fr
558022,If They're Roses...,2018,Comedy,5.9,219,0.386,it
472608,The Final Year,2018,Documentary,7.071,49,0.4908,en
566879,The Ghost Beyond,2018,Horror|Thriller,4.5,14,0.4161,en
488512,Malila: The Farewell Flower,2018,Drama,5.0,10,0.4738,th
436972,Caught,2018,Horror|Science Fiction,5.1,45,0.4502,en
552016,A Christmas in Tennessee,2018,Family|TV Movie|Romance,6.6,44,0.6128,en
495503,Iravukku Aayiram Kangal,2018,Action|Crime|Thriller,6.7,18,0.4141,ta
550028,A Majestic Christmas,2018,TV Movie|Drama|Romance|Comedy,5.0,17,0.3903,en
546109,The Secret of Happiness,2018,Comedy|Drama,6.6,18,0.3815,ro
593945,Mujeres infieles 5,2018,Drama,5.2,18,0.657,es
471514,Eye on Juliet,2018,Drama,6.5,33,0.3527,en
499155,Touch Me Not,2018,Drama,5.0,62,0.577,ro
333676,Alex & the List,2018,Romance|Comedy,5.5,51,0.5148,en
489998,Night Comes On,2018,Drama,6.0,36,0.4601,en
548460,The Wrong Friend,2018,Thriller|TV Movie,5.7,16,0.4326,en
485346,Little Tito and the Aliens,2018,Comedy,5.5,62,0.573,it
499444,The Hungry Lion,2018,Drama,6.6,15,0.3629,ja
518681,True Fiction,2018,Thriller|Drama|Crime,6.2,20,0.5483,ko
439961,Lo más sencillo es complicarlo todo,2018,Comedy,6.4,145,0.4166,es
467519,The Ashram,2018,Thriller|Fantasy,5.604,24,0.4277,en
511655,He Loves Me,2018,Romance,5.6,15,0.6717,en
547243,Love  of Course,2018,Romance|Drama|TV Movie,6.7,39,0.6515,en
462035,House of Demons,2018,Drama|Thriller|Horror|Science Fiction|Fantasy,4.4,11,0.4414,en
566494,Christmas Break-In,2018,Family,5.72,59,0.4608,en
536370,The Way of the Bug,2018,Comedy|Action,4.6,10,0.5108,zh
472805,Outside In,2018,Drama,6.145,117,0.4797,en
437310,Holy Goalie,2018,Comedy,5.613,159,0.4791,es
554755,Texas Cotton,2018,Crime|Mystery|Western,5.042,12,0.2683,en
535169,Amar Akbar Anthony,2018,Action|Drama,4.3,12,0.5013,te
553776,Suffocation,2018,Drama,6.6,21,0.5932,es
511752,Ira,2018,Crime|Thriller,6.5,11,1.0039,ml
535683,An Unexpected Love,2018,Comedy|Romance,6.296,71,0.5928,es
514201,No. 1 Chung Ying Street,2018,History|Drama,6.364,11,0.5215,cn
497721,Zombiebox,2018,Comedy,3.472,18,0.3896,ru
452327,Lost Child,2018,Drama,5.625,16,0.444,en
572704,The World Over,2018,Science Fiction|Thriller|Horror,7.5,11,0.4281,en
518512,Vultures,2018,Thriller|Drama|Crime,5.7,36,0.4395,is
413576,1/1,2018,Drama,5.115,39,0.3763,en
537869,A Family Submerged,2018,Drama,6.1,21,0.3135,es
432688,Freddy Eddy,2018,Thriller,6.3,12,0.4965,de
551918,Shangri-La: Near Extinction,2018,Science Fiction,3.7,10,0.4999,en
456618,Mack the Knife - Brecht's Threepenny Film,2018,Drama|Comedy|Fantasy,7.1,34,0.4143,de
537878,The Man Who Surprised Everyone,2018,Drama,5.5,20,0.4919,ru
508471,trustWHO,2018,Documentary,8.0,11,0.3833,de
566574,A Fistful of Lead,2018,Western|Action,5.6,14,0.5617,en
529207,Crime Wave,2018,Comedy|Crime,5.8,101,0.4952,es
643187,Christmas Cupcakes,2018,Drama|Romance|TV Movie,5.8,16,0.4874,en
514899,Core of the World,2018,Drama,5.1,24,0.5101,ru
550593,The Trigonal: Fight for Justice,2018,Action|Drama|Thriller,4.2,10,0.7233,en
517792,Kevin Smith: Silent but Deadly,2018,Comedy|Documentary,6.879,33,0.4472,en
557996,Ride,2018,Drama,6.2,42,0.6911,it
530837,At the End of the Day,2018,Comedy|Drama,5.1,13,0.3722,en
527476,Rondo,2018,Thriller|Comedy,4.9,13,1.5407,en
510041,Maine,2018,Drama,5.065,31,0.5667,en
483222,The Human Part,2018,Comedy|Drama,5.5,14,0.2132,fi
443849,Winter Ridge,2018,Thriller,5.1,41,0.4821,en
499461,Mortal World,2018,Comedy|Action|Crime,7.073,199,0.4743,tr
440627,Selfie,2018,Drama|Thriller,5.4,35,0.5441,ru
558949,No Alternative,2018,Drama,5.8,10,0.4072,en
519882,Helsinki Mansplaining Massacre,2018,Horror|Comedy,5.2,16,0.3129,fi
527266,Decision: Liquidation,2018,Action|War|Drama,5.5,10,0.4179,ru
539228,L'Amour flou,2018,Comedy,6.036,110,0.5221,fr
516043,Here Come the Teachers,2018,Comedy,5.431,391,0.3932,it
542602,Poinsettias for Christmas,2018,Romance|TV Movie,6.4,51,0.4706,en
552990,Open,2018,Comedy,6.5,11,0.4506,hu
571417,The Gentleman Driver,2018,Documentary,6.9,13,0.3374,en
555530,Take the Ball  Pass the Ball,2018,Documentary,8.0,96,0.4927,en
523179,Jirga,2018,Drama|War,6.7,12,0.2775,en
507787,Murdered at 17,2018,Drama|TV Movie,5.5,10,0.4882,en
547242,Under the Autumn Moon,2018,Romance|TV Movie,6.7,52,0.4687,en
520922,Van Goghs,2018,Drama,5.4,17,0.4059,ru
497328,Battalion,2018,Science Fiction,2.6,17,0.4134,en
537751,Gosnell: The Trial of America's Biggest Serial Killer,2018,Drama|Crime|Documentary,5.663,52,0.5497,en
467240,Burning Shadow,2018,Thriller|Drama,6.1,19,0.3864,en
449811,Hacker,2018,Thriller|TV Movie,4.7,15,0.4014,en
526103,The Ride,2018,Drama,7.162,68,0.5331,en
565274,Christmas on Holly Lane,2018,Romance|Drama|TV Movie,6.4,37,0.4544,en
432507,Claire's Camera,2018,Drama|Comedy,6.28,75,0.4504,fr
473325,So Help Me God,2018,Documentary|Thriller|Crime,7.323,116,0.3918,fr
435036,A Crooked Somebody,2018,Drama|Thriller|Crime,6.346,52,0.4504,en
607337,Stay With Me,2018,Drama|Romance,8.0,10,0.4572,tr
516047,Step Outside,2018,Comedy,6.8,10,0.4767,ar
532640,The Tokoloshe,2018,Horror|Thriller,4.8,12,0.2263,en
499782,Dark Buildings (A Crack in the Wall),2018,Thriller|Mystery|Drama,5.476,21,0.5027,es
492181,1921,2018,Thriller|Horror,5.5,16,0.6191,hi
533274,Stalked by My Doctor: Patient's Revenge,2018,Thriller|TV Movie|Horror,6.2,28,0.6346,en
412366,Bitter Money,2018,Documentary,5.8,11,0.482,zh
510804,Locating Silver Lake,2018,Drama,5.4,14,0.4587,en
487364,Unforgiven,2018,Drama|History,6.898,59,0.5604,ru
543692,Namaste England,2018,Comedy|Romance,5.4,12,0.4539,hi
552504,Zoo,2018,Comedy|Drama|Horror|Romance,6.1,125,0.468,en
553928,Karma,2018,Horror,5.9,29,0.4634,en
550648,Christmas Pen Pals,2018,Romance|TV Movie,6.56,58,0.475,en
536429,Shailaja Reddy Alludu,2018,Comedy|Drama,4.5,12,0.5445,te
535340,Iliza Shlesinger: Elder Millennial,2018,Comedy,6.96,124,0.6187,en
580431,Point Man,2018,Action|War,6.0,18,0.4197,en
552441,Crazy Wedding,2018,Comedy,6.0,31,0.6331,uk
535358,Ellen DeGeneres: Relatable,2018,Comedy,6.406,176,0.3258,en
485789,Bhaagamathie,2018,Thriller|Horror|Crime,6.0,36,0.4423,te
466961,Maradona,2018,Action|Comedy|Thriller,6.2,16,0.4724,ml
519834,The Second,2018,Drama|Thriller,5.211,19,0.3938,en
550412,The Legend of Halloween Jack,2018,Horror,4.7,39,0.4837,en
414030,The Image Book,2018,Documentary|Drama,6.3,83,0.4761,fr
512690,M. C. Escher: Journey to Infinity,2018,Documentary|History,6.944,27,0.3704,nl
544530,Munafik 2,2018,Horror|Mystery|Thriller,5.413,23,0.5834,ms
567929,Emmet's Holiday Party: A LEGO Movie Short,2018,Animation|Comedy|Family|Fantasy,6.275,20,0.4739,en
480603,The Lullaby,2018,Horror,5.9,68,0.5051,en
524933,Kafir: A Deal with the Devil,2018,Mystery|Horror|Drama|Thriller,6.1,18,0.4738,id
484739,Angel,2018,Drama|Romance,4.6,16,0.5278,fr
563741,Amici Come Prima,2018,Comedy,5.402,256,0.4413,it
621300,Pretty Little Stalker,2018,TV Movie|Mystery|Thriller,4.704,27,0.523,en
467254,The Wandering Soap Opera,2018,Fantasy|Comedy|Drama,6.333,18,0.417,es
565918,A Snow White Christmas,2018,Romance|TV Movie|Comedy,5.8,33,0.3702,en
485371,The Famous Five and the Valley of Dinosaurs,2018,Family|Adventure,5.9,38,0.7152,de
458987,Becks,2018,Drama|Music|Romance,5.226,31,0.5287,en
528108,Seder-Masochism,2018,Animation|Music|Fantasy,7.4,14,0.3798,en
469321,Dark Was the Night,2018,Drama,5.6,39,0.5551,en
505720,Wedding March 3: Here Comes the Bride,2018,TV Movie|Romance,6.2,38,0.5614,en
504512,Shiva Baby,2018,Comedy|Drama,7.0,27,0.4022,en
549429,Lost Fare,2018,Crime|Drama|Thriller,5.3,15,0.4977,en
499468,Resistance: Karatay,2018,War|History|Action|Thriller,6.1,13,0.4243,tr
527248,Crystal Swan,2018,Drama,6.722,63,0.4628,ru
517731,3 Faces,2018,Drama,6.737,152,0.3956,fa
521669,27: Gone Too Soon,2018,Documentary,5.8,67,0.485,en
498064,Lost Ones,2018,Drama,6.1,13,0.4298,de
518590,Three Heroes: The Heiress to the Throne,2018,Animation|Family,6.848,33,0.4149,ru
497369,Shikkari Shambhu,2018,Comedy|Thriller,5.346,13,0.6544,ml
470211,(Girl)Friend,2018,Comedy|Romance,5.4,256,0.4486,fr
459952,Captain,2018,Drama,6.786,14,0.6039,ml
520594,John Mulaney: Kid Gorgeous at Radio City,2018,Comedy|TV Movie,7.902,244,0.4585,en
476634,Bees Make Honey,2018,Comedy|Mystery|Romance,4.739,23,0.4543,en
514961,Beck 38 - The Devil's Advocate,2018,Crime|Mystery|Thriller|Drama,5.6,15,0.4849,sv
501687,Love  Once and Always,2018,Drama|TV Movie,6.3,42,0.6863,en
557336,The Plagues of Breslau,2018,Crime|Action|Thriller,6.221,278,0.4608,pl
551735,Terrortory 2,2018,Horror,4.4,16,0.292,en
529694,Benched,2018,Comedy|Drama,6.2,12,1.4622,en
516516,Without Me,2018,Thriller|Drama|Romance,6.1,32,0.4872,ru
542038,Blind Spot,2018,Drama,7.306,18,0.8749,no
493062,Good Girls Get High,2018,Comedy,5.125,24,0.4742,en
493488,Buffalo Boys,2018,Drama|Action,6.7,51,0.4316,en
506043,The Black Book,2018,Romance|Drama|History,5.4,22,0.3216,fr
495029,Jesus Christ Superstar Live in Concert,2018,Music|Drama|TV Movie,6.9,51,0.8063,en
505747,When Margaux Meets Margaux,2018,Comedy|Fantasy,5.1,61,0.4066,fr
560491,Ghost Killers vs. Bloody Mary,2018,Horror|Comedy,5.68,128,0.4523,pt
540132,Pledges,2018,Horror|Comedy,3.6,10,0.3465,en
514236,Contromano,2018,Comedy,5.8,151,0.475,it
537164,Duran Duran: There's Something You Should Know,2018,Documentary|Music,6.6,14,0.4128,en
557642,Cattle Hill,2018,Animation|Family,7.1,14,0.3698,no
548178,The Whistler: Origins,2018,Drama|Horror,6.5,88,0.3374,es
565191,Sealed Lips,2018,Drama|History,6.3,13,0.3675,de
509421,Everything's Gone Wrong!,2018,Comedy,7.1,50,0.4606,es
475401,Brotherly Love,2018,Romance|Drama|Comedy,4.538,13,0.3395,en
530228,Yung,2018,Drama,4.671,35,0.534,de
499555,John McEnroe: In the Realm of Perfection,2018,Documentary,6.3,27,0.4763,fr
490794,Kusama: Infinity,2018,Documentary,7.2,30,0.3045,en
489992,Our New President,2018,Documentary,6.5,11,0.3579,en
548162,[Cargo],2018,Crime|Horror|Thriller,4.2,14,0.2669,en
567665,Two Graves,2018,Thriller,4.1,10,0.263,en
529218,Coward Love,2018,Drama|Romance,5.5,26,0.2466,es
498914,Night Shift,2018,Comedy,5.048,21,0.4614,ru
562466,Christmas on the Coast,2018,Drama|Romance|TV Movie,6.0,11,0.3282,en
485162,At War,2018,Drama,7.0,182,0.3595,fr
499153,Pig,2018,Drama|Comedy|Horror,5.8,31,0.4324,fa
563737,Christmas Catch,2018,TV Movie|Romance|Comedy|Crime,5.3,44,0.424,en
474722,What a Crush,2018,Comedy,5.54,88,0.4552,tr
322855,Shakedown,2018,Documentary,5.2,15,0.2559,en
520736,Loro 2,2018,Drama,7.155,391,0.3787,it
519719,Diminuendo,2018,Romance|Science Fiction,4.0,12,0.7119,en
567016,Just Sex  Nothing Personal,2018,Comedy|Romance,5.167,12,0.3854,uk
565926,A Christmas in Royal Fashion,2018,TV Movie|Drama|Romance,5.9,42,0.5291,en
526746,The Lost Viking,2018,Action|Adventure|History,6.4,158,0.4437,en
565964,Lilith,2018,Horror,4.2,12,0.3617,en
541876,Babysitter's Nightmare,2018,Thriller|TV Movie,5.1,38,0.4743,en
528364,Bizim Köyün Şarkısı,2018,Comedy|Family,5.5,13,0.4118,tr
473326,Messi and Maud,2018,Drama,7.2,11,0.3914,es
523997,Foster,2018,Documentary,6.2,13,0.4267,en
519120,Lucia's Grace,2018,Comedy|Drama,5.9,121,0.4689,it
520446,Into the Okavango,2018,Documentary|TV Movie,7.5,32,0.4167,en
407720,Billy Boy,2018,Crime|Drama|Thriller,4.6,21,0.5019,en
478157,Nativity Rocks!,2018,Family|Comedy,3.912,17,0.4852,en
476929,The Witch Files,2018,Horror|Thriller,6.041,37,0.4769,en
526408,Several Conversations About a Very Tall Girl,2018,Drama,4.8,12,0.3682,ro
563388,Fall City,2018,Drama|Romance,6.0,14,0.247,en
517772,Dead Souls,2018,Documentary,7.3,20,0.2739,zh
481942,First We Take Brooklyn,2018,Drama|Crime,4.2,32,0.481,en
519393,Miss Dalí,2018,Drama,5.7,11,0.9575,ca
468091,Alien Invasion,2018,Science Fiction|Horror|Comedy,3.4,29,0.4799,en
556485,Crimean Bridge. Made With Love!,2018,Comedy|Romance,2.25,14,0.5609,ru
511022,The Sweetest Heart,2018,Romance|TV Movie,6.672,58,0.5144,en
518045,Ali Wong: Hard Knock Wife,2018,Comedy,6.9,136,0.3735,en
511129,Stillwater,2018,Mystery|Thriller,5.7,21,1.4419,en
544052,Coconut The Little Dragon: Into The Jungle,2018,Animation|Family|Comedy,6.0,39,0.4039,de
540489,Garage Sale Mysteries: Murder In D Minor,2018,Mystery|TV Movie|Crime|Drama,6.7,24,0.4568,en
462391,Aan Devathai,2018,Drama|Family,3.8,17,0.4603,ta
545083,The Butler,2018,History|Romance|War,6.5,26,0.4589,pl
534296,Intensive Care,2018,Action,4.3,15,0.507,en
493594,Beck 35 - Your Own Blood,2018,Drama|Thriller|Crime|Mystery,5.0,19,0.3745,sv
497917,Her Word Against His,2018,Drama|Crime|Mystery|TV Movie,5.3,20,0.3223,fr
549644,Foodiverse,2018,Animation|Comedy|Family|Science Fiction,7.5,23,0.3261,zh
504184,Chekka Chivantha Vaanam,2018,Action|Crime|Thriller,6.565,54,0.5006,ta
527701,Mistrust,2018,Drama|Romance,4.1,15,0.5432,en
489990,Pity,2018,Drama,6.3,65,0.2855,el
494493,The Beachnickers,2018,Comedy,6.893,200,0.3634,pt
425723,Lake Fear 2: The Swamp,2018,Horror,4.2,16,0.3871,en
543004,Nightmare Shark,2018,Horror|Action|Fantasy,3.8,16,0.4297,en
542460,Pataakha,2018,Action|Comedy|Drama,6.875,24,0.5107,hi
467864,The Go-Getters,2018,Comedy|Adventure,3.909,11,0.451,en
493001,King in the Wilderness,2018,Documentary,6.9,21,0.3417,en
489415,Kiss & Tell,2018,Drama|Comedy,5.764,148,0.5199,fr
531542,Lost  Found,2018,Drama|Family,6.9,13,0.3253,zh
516910,Rufmord,2018,Drama|Crime|TV Movie,6.879,29,0.2545,de
490725,On Happiness Road,2018,Animation|Drama,7.0,34,0.5815,zh
513285,Trouble Is My Business,2018,Adventure|Mystery|Romance|Thriller,4.667,21,0.4881,en
505593,La Bolduc,2018,Drama,7.429,14,1.6597,fr
513568,Fishbowl California,2018,Comedy|Drama,5.6,38,0.4835,en
515676,Rottentail,2018,Comedy|Horror,3.6,12,0.3662,en
486520,Looking for Teddy,2018,Comedy,5.397,286,0.3355,fr
522531,Starving Generation,2018,Comedy,5.2,88,0.3854,fr
542590,Harajuku,2018,Drama,6.2,14,0.5177,no
540189,Goodachari,2018,Thriller|Action|Crime,6.904,47,0.373,te
502193,Number 37,2018,Thriller,5.7,22,0.4495,af
550651,A Very Nutty Christmas,2018,TV Movie|Family,5.7,50,0.3907,en
525020,Christmas Harmony,2018,Comedy|Drama|Music|TV Movie,6.1,28,0.3517,en
519106,The Trouble with You,2018,Comedy|Drama|Romance|Crime,6.032,472,0.5658,fr
515820,Dany,2018,Comedy,5.366,172,0.3433,fr
507470,Cómplices,2018,Comedy|Romance,5.3,15,0.444,es
534313,Racetime,2018,Animation|Family|Comedy|Adventure,5.5,35,0.51,fr
522495,B Tech,2018,Comedy|Romance,5.2,17,0.5482,ml
525722,Before the Night,2018,Drama|Crime,7.0,25,0.3181,it
514186,I Wanted to Find You,2018,Comedy|Romance,6.4,36,0.3103,es
441583,The Distances,2018,Drama,5.4,37,0.3648,ca
515920,DriverX,2018,Drama,6.5,19,0.4152,en
490594,Up and Away,2018,Animation|Family|Comedy,6.1,44,0.538,da
637743,Point Defiance,2018,Thriller,6.2,13,0.3805,en
550064,Jonathan Agassi Saved My Life,2018,Documentary,5.846,13,0.4036,he
531837,A Summer to Remember,2018,TV Movie|Drama|Romance|Comedy,6.5,41,0.4883,en
502147,Wild Nights with Emily,2018,History|Comedy,5.9,45,0.4719,en
464862,Jinn,2018,Drama,5.4,12,0.4486,en
500971,Adanga Maru,2018,Action|Thriller|Crime,7.4,33,0.4443,ta
566849,Bride of Scarecrow,2018,Horror,5.5,19,0.4672,en
523519,Anonymous 616,2018,Horror|Thriller,4.434,38,0.3074,en
522317,Hunt for the Skinwalker,2018,Documentary,4.68,25,0.4353,en
512968,Tu mi nascondi qualcosa,2018,Comedy|Romance,5.4,95,0.2484,it
546449,The Adventures of Halvdan Viking,2018,Family|Adventure,4.839,31,0.5636,sv
569970,Body Keepers,2018,Thriller,4.7,15,1.2267,en
499728,Paul Sanchez Is Back!,2018,Thriller,5.2,59,0.3852,fr
546507,Sijjin 5,2018,Horror,5.544,68,0.434,tr
456635,Fishtronaut: The Movie,2018,Adventure|Animation|Family,7.7,11,0.3057,pt
510662,Chacrinha: O Velho Guerreiro,2018,Drama|Comedy,6.4,31,0.1874,pt
552485,A Child's Voice,2018,Drama|Thriller|Horror,6.3,33,0.2869,en
587786,In a Stranger's House,2018,Horror|Thriller,4.3,14,0.3835,en
514185,Savage Youth,2018,Crime|Drama,5.6,18,0.426,en
510475,My Guy,2018,Comedy|Drama,6.6,68,0.5033,fr
550033,A Gingerbread Romance,2018,Romance|TV Movie,5.083,30,0.3466,en
537104,The Intent 2: The Come Up,2018,Crime|Drama,4.4,10,0.2886,en
502163,Nossa Chape,2018,Documentary,7.2,10,0.2725,pt
564675,I'll Be Next Door for Christmas,2018,Comedy|Family,4.4,14,0.3739,en
495737,Grandpa's Great Escape,2018,Family|Adventure|Comedy|Drama|TV Movie,6.1,16,0.4537,en
490405,The Saint Bernard Syndicate,2018,Comedy,5.3,10,0.2504,da
516715,Kembang Kantil,2018,Horror,5.9,15,0.3365,id
493110,The Oslo Diaries,2018,Documentary,7.8,17,0.2647,en
208628,Thugocratie,2018,Thriller,5.3,20,0.4528,fr
467241,9 Fingers,2018,Crime|Mystery,6.9,14,0.4215,fr
516592,The Fall of Sparta,2018,Comedy|Drama,5.2,18,0.5486,fr
549313,A Godwink Christmas,2018,TV Movie|Family|Romance,6.4,46,0.4133,en
527427,Enter the Wild,2018,Drama,4.0,33,0.3153,en
411141,The Scent of Rain & Lightning,2018,Western|Drama|Mystery,4.986,37,0.4751,en
551964,Abrakadabra,2018,Thriller|Drama,4.389,27,0.3781,es
508631,Eat Me,2018,Drama|Thriller,3.5,10,0.4128,en
504314,Sudani from Nigeria,2018,Comedy|Drama|Family,7.236,36,0.4101,ml
540573,Garage Sale Mysteries: Picture a Murder,2018,Mystery|TV Movie,6.106,33,0.6159,en
516082,Dead Squad: Temple of the Undead,2018,Horror,4.8,12,0.4294,en
514464,The Little Comrade,2018,Drama|Family,6.933,15,0.5266,et
572020,Web of Lies,2018,Thriller|TV Movie,5.563,16,0.3826,en
528942,The Neighborhood Nightmare,2018,Mystery|Thriller|TV Movie,4.5,13,0.6352,en
552161,The Art of Murder,2018,Thriller,6.2,22,0.4637,en
499921,The Perfect Host: A Southern Gothic Tale,2018,Horror|Thriller|Drama,5.0,11,0.3309,en
550079,Northern Lights of Christmas,2018,Drama|Romance|TV Movie,6.366,55,0.3461,en
502963,Nieraali,2018,Thriller,4.1,13,0.4194,ml
413138,The Lucky Man,2018,Action|Drama|Science Fiction,5.5,14,0.485,en
457243,The Long Dumb Road,2018,Comedy,5.6,78,0.5237,en
493483,In the Aisles,2018,Drama,6.9,190,0.5467,de
509250,The Kingdom: How Fungi Made Our World,2018,Documentary,8.3,12,0.4449,en
486070,Blessed Madness,2018,Comedy|Family,6.038,396,0.495,it
511548,Momentum Generation,2018,Documentary,6.9,18,0.3199,en
550519,Soldier's Lullaby,2018,War,7.4,10,0.3194,sr
484735,Gundermann,2018,Drama,7.2,73,0.3117,de
505860,The Outer Wild,2018,Science Fiction|Horror|Action|Adventure,4.8,11,0.3427,en
521092,Demi-sœurs,2018,Comedy,6.0,198,0.5092,fr
476900,Tom and Grant,2018,Comedy,6.5,12,0.4351,en
598824,The Guard of Auschwitz,2018,Drama|Thriller|War,4.3,36,0.6282,en
540977,A Reckoning,2018,Western,6.8,17,0.3823,en
493103,Kalakalappu 2,2018,Action|Comedy,4.4,15,1.3433,ta
550073,Hope at Christmas,2018,Family|Romance|TV Movie,6.5,47,0.4599,en
470643,A Season in France,2018,Drama,5.5,29,0.3081,fr
477654,Museo,2018,Crime|Drama,6.5,151,0.3819,es
522773,A Dangerous Son,2018,Documentary,6.8,16,0.2291,en
347009,The Insomnia Club,2018,Drama|Comedy,6.7,26,0.3759,es
537965,Those Who Work,2018,Drama,6.2,88,0.3644,fr
521509,Extremity,2018,Horror,5.299,82,0.57,en
517582,Dirty Computer,2018,Drama|Romance|Science Fiction,7.019,52,0.48,en
544022,Smiles of Sad Men,2018,Comedy|Drama,6.182,11,0.23,cs
524288,Period. End of Sentence.,2018,Documentary,7.785,251,0.4364,hi
500853,Styx,2018,Drama,6.268,110,0.3541,de
478100,The Most Assassinated Woman in the World,2018,Mystery|Thriller,5.307,101,0.5326,fr
519729,Still,2018,Drama|Fantasy|Mystery,5.1,29,0.4274,en
517298,Jefe,2018,Comedy,5.6,64,0.5741,es
517320,The Pact,2018,Horror|Thriller|Drama,6.0,96,0.6048,es
445867,Black Wake,2018,Horror|Science Fiction|Thriller|TV Movie,2.3,20,0.3873,en
449019,Sara's Notebook,2018,Thriller,6.099,161,0.663,es
619090,The Plan,2018,Comedy|Drama,6.018,57,0.4032,es
533238,Kolamavu Kokila,2018,Comedy|Thriller,6.6,37,0.419,ta
563974,The Orphanage,2018,Drama|History|TV Movie,6.0,10,0.3082,fr
498945,Deadly Delusion,2018,Thriller|TV Movie,5.3,19,0.549,en
567046,2 in the Bush: A Love Story,2018,Comedy|Drama|Romance,4.5,15,0.3853,en
503929,Fixed,2018,Comedy,4.2,20,0.3696,en
494950,Rajma Chawal,2018,Comedy|Drama|Family,6.4,23,0.3925,hi
586334,Sanctuary Population One,2018,Science Fiction|Action|Drama|Adventure|Thriller,5.6,25,0.3759,en
502791,Bullitt County,2018,Action|Drama|Thriller,4.9,13,0.4732,en
565388,Atlas,2018,Drama,6.4,26,0.4614,de
550650,A Twist of Christmas,2018,Romance|TV Movie|Family,6.0,30,0.3753,en
550970,Burning Kiss,2018,Thriller,3.9,11,0.4008,en
284593,Einstein and Einstein,2018,Drama|Family,7.2,46,0.3157,zh
534597,It Must Schwing: The Blue Note Story,2018,Documentary,8.136,11,0.3479,de
421285,Draug,2018,Horror|History|Fantasy,4.8,28,0.4235,sv
349064,Seeds,2018,Drama,5.571,14,0.2982,es
690969,Valley of the Lanterns,2018,Animation,5.2,11,0.3956,en
554901,Survival of the Film Freaks,2018,Documentary,5.2,13,0.4382,en
456648,Trouble,2018,Thriller,5.0,12,0.3842,en
515673,Murder In The Tarentaise Valley,2018,Mystery|Crime|Drama,5.7,21,0.3061,fr
499152,The Heiresses,2018,Drama,6.5,85,0.4804,es
478427,Postcards from London,2018,Drama,5.2,45,0.3368,en
482303,Murer: Anatomy of a Trial,2018,Drama,6.0,30,0.4394,de
549877,Camp Cold Brook,2018,Horror,4.697,38,0.4872,en
592303,In the Absence,2018,Documentary,7.8,47,0.5529,ko
521931,Bobby Robson: More Than a Manager,2018,Documentary,7.0,48,0.4549,en
516788,The Handyman,2018,Comedy,6.172,169,0.4708,it
550290,Outlawed,2018,Action,6.62,96,0.6457,en
513377,Una festa esagerata,2018,Comedy,5.7,122,0.4432,it
489146,That Time of Year,2018,Drama|Comedy,6.368,34,0.6639,da
585590,30 Nights,2018,Comedy,4.4,19,0.412,en
521353,Flopsy Turvy,2018,Family|Comedy|Fantasy|Animation,5.9,12,0.3254,en
517978,The Harvesters,2018,Drama,5.8,46,0.4883,af
471878,Oblivion Verses,2018,Drama,6.063,16,0.4769,es
513077,Hasta que la boda nos separe,2018,Comedy,7.789,64,0.4418,es
539985,Drew Michael,2018,Comedy|TV Movie,6.0,10,0.3711,en
525213,Ya veremos,2018,Comedy,8.1,128,0.4487,es
497294,Kayamkulam Kochunni,2018,Action|Drama|History,6.3,17,0.4874,ml
484237,Tuftland,2018,Horror|Mystery,4.9,18,0.4251,fi
561859,Alien Overlords,2018,Action|Science Fiction|Drama|Horror,4.0,12,0.4134,en
460066,My Pure Land,2018,Drama,6.5,10,0.3424,ur
427031,Verpiss Dich  Schneewittchen,2018,Comedy,3.577,26,0.5916,de
562988,T R Y,2018,Drama,5.9,28,0.339,en
510469,The Troubleshooter,2018,Comedy|Drama,5.8,184,0.3876,fr
480733,Butterfly Kisses,2018,Horror|Mystery|Drama,5.925,100,0.3074,en
490818,Seeing Allred,2018,Documentary,6.703,37,0.3999,en
350050,They,2018,Drama,4.6,39,0.3114,en
475928,School's Out,2018,Thriller|Drama|Mystery,6.0,299,0.5204,fr
542437,Contigo no  bicho,2018,Comedy,4.8,12,0.2984,es
533981,Some Time Later,2018,Comedy|Science Fiction,6.185,89,0.399,es
517939,Paranormal Demons,2018,Horror|Thriller,5.2,12,0.222,en
545816,The Griddle House,2018,Drama,4.3,12,0.4631,en
481533,When Jeff Tried to Save the World,2018,Comedy|Drama,5.5,31,0.3936,en
562775,Death on the Tyne,2018,Comedy|Crime|Drama,5.8,16,0.3656,en
513510,All Light Will End,2018,Horror|Thriller,4.9,33,0.4822,en
564637,A Wedding for Christmas,2018,TV Movie|Romance,6.0,42,0.4782,en
527838,He Loved Them All,2018,Thriller|Drama|TV Movie,5.3,19,0.5707,en
498247,Dad Friend,2018,Comedy,5.564,195,0.4579,fr
525937,Canary,2018,Music|Drama,6.476,21,0.3684,af
467482,A Man in a Hurry,2018,Comedy|Drama,6.502,319,0.4963,fr
524708,Blindsided: The Game,2018,Comedy|Action|Drama,8.4,54,0.3517,es
517975,Manto,2018,Drama|History,7.367,49,0.546,hi
559281,California No,2018,Comedy,4.7,11,0.2731,en
437032,Ana by Day,2018,Drama,5.5,23,0.3298,es
484436,Animas,2018,Thriller|Drama|Horror,4.93,122,0.4,es
499816,Deadly Inn,2018,Thriller|TV Movie,4.7,12,0.5275,en
553796,Perfectos desconocidos,2018,Comedy|Drama,7.043,104,1.1048,es
449020,Petra,2018,Drama,6.238,40,0.271,es
550030,Homegrown Christmas,2018,Drama|TV Movie|Romance,4.9,38,0.4332,en
518565,My Daddy is in Heaven,2018,Drama,7.3,10,0.4401,en
508887,Chal Mohan Ranga,2018,Romance|Comedy|Family,5.5,11,0.4014,te
522144,Crossroads: One Two Jaga,2018,Crime|Drama|Action,5.2,11,0.4247,ms
526028,Eva + Candela,2018,Drama,4.1,16,0.3505,es
524442,Did I Kill My Mother?,2018,TV Movie|Crime,5.694,18,0.3386,en
555058,8 Remains,2018,Thriller|Mystery,4.9,13,0.3689,en
554537,Her Side of the Bed,2018,Comedy|Drama|Romance,4.8,12,0.5471,en
511365,We Are Thr3e,2018,Drama|Romance,4.4,14,0.4579,es
471706,The Cake General,2018,Comedy|Drama,6.074,47,0.2893,sv
606443,The Swerve,2018,Thriller|Drama|Horror,6.6,37,0.3545,en
489985,Minding the Gap,2018,Documentary,7.698,192,0.6071,en
526295,Another Soul,2018,Horror|Thriller,4.7,17,0.2523,en
457221,A Gentle Night,2018,Drama,6.3,11,0.2716,zh
498919,Valentina's Wedding,2018,Comedy,6.5,66,0.3963,es
535954,Ryan Gosling: Hollywood's Demigod,2018,Documentary|TV Movie,7.0,11,0.3103,de
550870,Twinsanity,2018,Thriller|Horror|TV Movie,5.2,13,0.3718,en
529414,Franco Escamilla: por la anécdota,2018,Comedy,8.628,141,0.3944,es
467256,Mrs. Fang,2018,Documentary,4.8,11,0.309,zh
401732,Delirium,2018,Thriller|Horror,4.694,49,0.4378,en
450994,American Folk,2018,Music|Drama|Family,5.9,10,0.375,en
530588,Abrahaminte Santhathikal,2018,Crime|Thriller,5.7,21,0.4994,ml
816741,Grey Eyes,2018,Action|Science Fiction,5.8,66,0.4601,es
504263,Caroline,2018,Drama,7.4,18,0.27,en
492826,Maybe a Love Story,2018,Comedy|Romance,6.6,35,0.3785,pt
612381,Please Come with Me,2018,Drama|Romance,4.3,13,0.4641,en
278358,Vishwaroopam II,2018,Action|Thriller,5.5,30,0.3946,ta
419407,Astral,2018,Drama|Horror|Science Fiction,4.792,77,0.549,en
558742,Ghost Light,2018,Comedy|Horror,6.3,20,0.521,en
554576,Two Times You,2018,Drama|Fantasy,4.0,11,0.4662,es
498052,A Dysfunctional Cat,2018,Drama,5.9,12,0.2399,de
500909,I Do Not Care If We Go Down in History as Barbarians,2018,History|Drama|Comedy,6.732,56,0.5859,ro
497726,What Men Talk About 3,2018,Comedy,6.43,64,0.3363,ru
515050,The Innocent,2018,Drama,4.8,13,0.6277,de
549871,Soledad,2018,Drama|Romance|Thriller,7.0,19,0.4432,es
520393,Taxiwala,2018,Thriller|Comedy|Horror,5.891,32,0.4039,te
436973,Dead Night,2018,Horror,4.6,64,0.2402,en
517288,Dear Son,2018,Drama,6.4,12,0.3606,ar
546233,He's Watching,2018,Thriller|TV Movie,4.6,12,0.4726,en
507295,Görevimiz Tatil,2018,Comedy|Family,4.45,20,0.325,tr
590088,Nightmare Tenant,2018,Thriller|TV Movie,5.0,11,0.7773,en
540210,#Female Pleasure,2018,Documentary,7.635,26,0.2646,en
506752,Kikoriki. Deja Vu,2018,Animation|Family|Comedy,6.961,51,0.4197,ru
565620,Catskill Park,2018,Horror|Science Fiction,3.3,11,0.259,en
510055,Gerçek Kesit: Manyak,2018,Drama|Thriller,5.2,11,0.3606,tr
578377,David Attenborough's Tasmania,2018,Documentary|TV Movie,7.5,12,0.2901,en
502799,Her Stolen Past,2018,Thriller|TV Movie,6.8,16,0.6632,en
618620,Wicked Witches,2018,Horror,4.4,14,0.2892,en
514292,Les Disparus de Valenciennes,2018,Crime|TV Movie,6.4,12,0.3324,fr
523354,The Queen of Sin,2018,Thriller|TV Movie,4.9,41,0.4684,en
440792,Beyond the Clouds,2018,Family|Drama,6.4,24,0.4056,hi
354083,Sharon 1.2.3.,2018,Romance|Comedy,5.8,33,0.4175,en
582148,Mom + Mom,2018,Romance|Drama|Comedy,4.4,22,0.4912,it
550652,Christmas Perfection,2018,Comedy|TV Movie|Romance|Fantasy,5.7,37,0.4248,en
506353,Killers Within,2018,Thriller|Horror,4.7,12,0.3277,en
524582,Livescream,2018,Horror,4.923,13,0.38,en
486606,Warfighter,2018,Action|Drama|Romance,4.7,10,0.2548,en
551863,A Veteran's Christmas,2018,TV Movie|Family|Drama,6.5,69,0.5618,en
565144,Alien Addiction,2018,Comedy|Science Fiction,5.167,12,0.2887,en
493966,Life Is Wonderful,2018,Romance|Comedy,4.7,10,0.2028,nl
547698,Julius,2018,Comedy,5.5,25,0.312,pl
496872,Class Reunion 1.0,2018,Comedy,5.747,95,0.4048,de
546837,Isy Way Out,2018,Drama|TV Movie,6.8,21,0.4355,de
554653,Watch Me Burn,2018,Drama|TV Movie,7.2,101,0.4515,fr
490862,A Paris Education,2018,Drama,5.8,38,0.3697,fr
564659,A Baby for Christmas,2018,Romance|Comedy|Drama|TV Movie,5.9,34,0.3776,fr
523249,Nursery Rhymes,2018,Drama,7.0,11,0.19,en
506068,Living Space,2018,Horror,4.2,17,0.4821,en
561147,La Noria,2018,Animation|Fantasy|Horror,7.3,32,0.2836,es
563730,Christmas Camp,2018,Romance|TV Movie,5.8,23,0.3568,en
511754,Fairytale,2018,Comedy,7.0,21,0.2708,it
545815,Epidemic,2018,Horror,4.091,11,0.3561,en
566486,Antariksham 9000 KMPH,2018,Science Fiction|Thriller,5.6,11,0.2467,te
495362,Agnyaathavaasi,2018,Drama|Action,3.7,19,0.4025,te
549218,The Middle of X,2018,Drama,4.0,11,0.3748,en
347030,Native,2018,Science Fiction|Drama,5.6,19,0.3402,en
481952,Werewolves of the Third Reich,2018,Horror|War,2.7,27,0.4707,en
516027,Hippopotamus,2018,Horror|Drama|Thriller,5.829,79,0.3289,en
516561,The Tolstoy Defence,2018,Drama,7.1,19,0.3108,ru
551603,My Christmas Inn,2018,Romance|TV Movie,6.042,120,0.3882,en
543768,Gwen,2018,Drama|Mystery|Horror|History,5.4,62,0.4178,en
503811,Like Arrows,2018,Drama,8.1,14,0.3238,en
560283,Blood Bags,2018,Horror,3.1,12,0.241,en
543326,Season for Love,2018,TV Movie|Comedy|Romance|Drama,6.319,36,0.4519,en
501606,Ranam,2018,Action,5.5,23,0.4164,ml
593988,Enthusiastic Sinners,2018,Drama|Romance,4.2,12,0.5328,en
543633,Lola and Her Brothers,2018,Comedy,6.5,128,0.3109,fr
533580,R: King  Queen & Secrets,2018,Drama|Romance,7.2,16,0.2941,id
492414,Alive,2018,Horror|Thriller,5.977,110,0.4843,en
510073,The Rachel Divide,2018,Documentary,6.2,54,0.3801,en
579386,Darker than Night,2018,Thriller|Horror,5.3,19,0.2943,en
510258,End Game,2018,Documentary,7.1,79,0.3487,en
437294,Thi Mai,2018,Comedy,6.216,169,0.434,es
519337,Tempus Tormentum,2018,Horror|Thriller,5.6,38,0.36,en
526510,Night Zero,2018,Science Fiction|Horror|Thriller,5.2,12,0.3558,en
500859,Black Mother,2018,Documentary,6.6,15,0.4523,en
471860,Public Disturbance,2018,Comedy,5.5,13,0.4793,en
539685,Rojo,2018,Drama|Mystery|Thriller,6.0,63,0.5259,es
534953,Kaatrin Mozhi,2018,Comedy|Drama,7.6,11,0.4442,ta
516652,Hopelessly Devout,2018,Comedy,5.71,31,0.3586,es
461774,Friendly Beast,2018,Thriller|Horror|Crime,6.507,136,0.3663,pt
481849,Living Among Us,2018,Thriller|Horror|Science Fiction|Fantasy|Comedy,6.1,42,0.4899,en
521772,Untamed Romania,2018,Documentary,7.8,25,0.3011,ro
489354,The Trader,2018,Documentary,6.6,77,0.3306,ka
503751,The Ranger,2018,Horror,4.8,93,0.3381,en
552950,Welcome to Mercy,2018,Drama|Horror,5.0,41,0.384,en
517286,Yomeddine,2018,Adventure|Comedy|Drama,6.9,34,0.3178,ar
493224,I'm Not Crazy!,2018,Comedy|Drama,6.1,50,0.2902,es
497515,Cooking with Love,2018,Comedy|TV Movie|Romance,6.4,44,0.5744,en
377269,24 Frames,2018,Drama,6.6,58,0.3563,fa
570465,King of Boys,2018,Drama,6.4,11,0.3437,en
518809,Wanderland,2018,Adventure|Comedy|Music,5.5,11,0.4176,en
561927,Lake Fear 3,2018,Horror|Comedy,5.4,30,0.2772,en
524377,Spitfire,2018,Documentary|History|War,7.054,28,0.4332,en
532811,Pettson and Findus: Findus Moves House,2018,Family|Animation,5.0,12,0.5918,de
567362,Tough Guy,2018,Documentary,6.9,12,0.3977,en
476651,Stupid Young Heart,2018,Drama,5.6,31,0.3158,fi
499398,Escape from Ensenada,2018,Action,4.0,15,0.3704,en
492994,The Cleaners,2018,Documentary,7.132,57,0.3458,de
540000,The Ghost of Peter Sellers,2018,Documentary,5.8,12,0.2871,en
494963,Winter's Dream,2018,Romance|TV Movie,5.8,32,0.4581,en
450765,Bad Investigate,2018,Crime|Action|Comedy|Thriller|Drama|Mystery,6.6,16,0.4571,pt
504199,Bomb: A Love Story,2018,Drama|War,6.6,28,0.3794,fa
444400,Mug,2018,Drama|Comedy,6.0,73,0.3292,pl
518200,Rideshare,2018,Thriller,5.1,14,0.2316,en
514975,Another Version of You,2018,Romance|Fantasy,6.2,16,0.3199,en
512186,Tortured for Christ,2018,History|Drama,7.083,12,0.3041,en
486103,My Big Gay Italian Wedding,2018,Comedy,5.743,317,0.4355,it
445559,Jumpman,2018,Drama|Crime,4.7,22,0.3455,ru
512391,Theevandi,2018,Comedy|Romance,6.3,25,0.3242,ml
500824,Lemonade,2018,Drama,6.2,26,0.4426,en
549484,One Small Step,2018,Family|Animation|Adventure|Fantasy,7.597,155,0.2828,xx
472389,Soldiers. Story from Ferentari,2018,Drama,5.8,22,0.4384,ro
503976,Arada,2018,Romance|Drama|Music,5.6,11,0.2865,tr
497179,Stranger in My Pocket,2018,Comedy|Thriller|Drama,6.61,91,0.3563,tr
514622,Necronomicon – The Book of Hell,2018,Horror|Thriller,5.267,15,0.3562,es
377281,Amateurs,2018,Comedy,6.0,10,0.3919,sv
467924,Abe & Phil's Last Poker Game,2018,Drama|Comedy,6.0,12,0.3523,en
514692,Neon Heart,2018,Drama,5.5,18,0.4296,da
557165,Superchamp Returns,2018,Comedy,7.318,11,0.3474,lb
502167,Don't Leave Home,2018,Thriller|Mystery,4.7,67,0.4294,en
499925,Animal,2018,Thriller|Drama,6.4,45,0.3282,es
522896,GONE: My Daughter,2018,Drama|Thriller|TV Movie,7.0,10,0.3508,en
516780,Interrail,2018,Comedy,5.4,49,0.3469,fr
499456,Jonaki,2018,Fantasy|Drama|Romance,5.0,11,0.3155,bn
470135,Panic Attack,2018,Drama|Comedy,5.7,74,0.3421,pl
465651,Fanney Khan,2018,Comedy|Drama|Music,5.304,23,0.4462,hi
533109,Cola de mono,2018,Drama|Thriller,4.346,39,0.3649,es
476243,The Charmer,2018,Drama|Thriller,6.5,27,1.3394,da
415633,Tonight She Comes,2018,Horror,4.8,55,0.4109,en
515325,Playing Hard,2018,Documentary,6.3,17,0.1803,en
500652,The Interpreter,2018,Drama|Comedy,5.5,19,0.2586,sk
499386,Fortuna,2018,Drama,6.8,15,1.1592,fr
545449,Cursed Seat,2018,Horror|Crime|Thriller,4.6,15,0.3589,ru
522554,Murderous Children,2018,Drama|Thriller,7.2,43,0.3364,es
517129,Wolfman's Got Nards,2018,Documentary,7.7,11,0.4018,en
567623,Passagier 23,2018,Thriller|TV Movie,6.6,19,0.4093,de
560694,Sune vs Sune,2018,Family|Comedy|Fantasy,5.778,18,0.5177,sv
479093,Defective,2018,Science Fiction|Action|Thriller,4.3,19,0.2533,en
503430,Curse of the Witch's Doll,2018,Horror,4.8,11,0.3384,en
503646,The Bray Road Beast,2018,Documentary|Horror,5.5,18,0.2017,en
533575,National Theatre Live: Antony & Cleopatra,2018,Drama,7.2,11,0.4156,en
551412,The Fear Footage,2018,Horror,6.05,20,0.3536,en
564297,¡Asu Mare! 3,2018,Comedy,7.3,23,0.3766,es
505638,Wackersdorf,2018,Drama|History,6.5,29,0.3797,de
426258,The Strange Ones,2018,Thriller|Drama,5.247,87,0.3132,en
504114,Cold Sweat,2018,Drama,5.7,17,0.3399,fa
531615,Doubting Thomas,2018,Drama,5.1,15,0.5068,en
493915,Supa Modo,2018,Drama,7.4,35,0.3963,sw
499375,Happier Times  Grump,2018,Drama|Comedy,6.4,30,0.386,fi
482088,Better Start Running,2018,Drama|Comedy,5.9,40,0.4166,en
559418,Age of Sail,2018,Animation|Adventure,7.1,26,0.4357,en
569791,Our Family Three More,2018,Drama|Family|TV Movie,7.154,13,0.354,it
521862,Active Measures,2018,Documentary,7.3,35,0.3657,en
532658,Killer Weekend,2018,Comedy|Horror,5.395,38,0.4231,en
505544,Night of Knots,2018,Comedy,3.8,13,0.5122,tr
537309,A Stolen Life,2018,Drama|TV Movie,5.4,13,0.4065,en
543803,Black Sheep,2018,Documentary,7.2,52,0.3631,en
551025,Jaga Pocong,2018,Horror,6.0,10,0.3301,id
522168,Mulheres Alteradas,2018,Comedy,6.4,24,0.299,pt
501960,Eternal Winter,2018,Drama|History|Romance,6.779,34,0.3567,hu
493106,Matangi / Maya / M.I.A.,2018,Music|Documentary,7.7,46,0.4189,en
534110,100 Days of Loneliness,2018,Documentary|Drama,5.9,18,0.212,es
509934,Far Cry 5: Inside Eden's Gate,2018,Drama|Mystery,6.982,28,0.3067,en
544308,Foreign Body,2018,Drama,6.0,10,0.2078,sr
422273,A Nice Quiet Life,2018,Drama,4.1,20,0.355,en
568066,Bikes,2018,Animation|Adventure|Family,6.4,12,0.5061,es
528442,Il fulgore di Dony,2018,Drama|TV Movie,7.4,17,0.3196,it
488453,In My Room,2018,Drama,5.7,40,0.2649,de
549326,Memories of Christmas,2018,Drama|Romance|TV Movie,5.4,24,0.3465,en
557078,Beside Me,2018,Drama|Romance,6.929,14,0.2564,ro
345921,Headgame,2018,Horror,4.211,38,0.2839,en
515411,Why Hide?,2018,Comedy|Horror,4.8,29,0.3149,en
514239,Tricky Old Dogs,2018,Comedy,5.78,175,0.4936,fr
510088,Mylove Lost,2018,Comedy|Romance,5.4,73,0.4273,es
528776,Between Summer and Fall,2018,Drama|Romance,5.1,14,0.5199,de
492677,My Dead Dad's Porno Tapes,2018,Documentary|Drama|Animation,7.2,18,0.3022,en
512897,The Vice of Hope,2018,Drama,6.4,55,0.286,it
507476,Agenda: Payback,2018,Crime|Drama|Action,5.4,10,0.4213,en
497626,Season of the Devil,2018,Drama,5.9,15,0.3358,tl
534366,Florianópolis Dream,2018,Drama|Comedy,5.964,14,0.3589,es
445732,Johnny Gruesome,2018,Horror,4.3,10,0.328,en
546565,In Search of Greatness,2018,Documentary,6.7,16,0.3785,en
498479,Vodka Diaries,2018,Mystery|Thriller,6.133,15,0.3667,hi
445869,Bloody Ballet,2018,Horror,3.4,14,0.3784,en
414181,Videoman,2018,Thriller|Comedy|Drama,5.5,28,0.487,sv
519187,Donbass,2018,Drama|War,6.8,113,0.6073,uk
568993,Say Yes,2018,Drama,4.5,11,0.292,en
500869,Viper Club,2018,Thriller|Drama,5.4,22,0.3958,en
520454,Tiny Shoulders: Rethinking Barbie,2018,Documentary,6.8,29,0.291,en
550159,Klimt & Schiele: Eros and Psyche,2018,Documentary|History,7.0,32,0.3304,it
498517,The Reports on Sarah and Saleem,2018,Drama,6.9,48,0.3134,ar
570711,Children of the Lie,2018,Thriller|Drama|Crime|Mystery|TV Movie,6.9,15,0.3601,fr
554691,Express Kidnapping,2018,Crime|Drama|Thriller,5.5,41,0.2937,pt
528489,JerryMaja's Detective Agency - The First Mystery,2018,Family|Adventure|Mystery,5.5,11,0.2897,sv
494632,Making Fun: The Story of Funko,2018,Documentary|Adventure,6.5,43,0.4599,en
562416,Pip,2018,Animation|Drama,7.1,27,0.402,xx
551672,Anyone But Them,2018,Comedy,3.7,11,0.3515,ru
505159,Chris Rock: Tamborine,2018,Comedy,6.429,182,0.4753,en
544656,Anyone Home?,2018,Horror,4.3,11,0.4109,en
487004,The Full House,2018,Comedy,5.71,316,0.3409,fr
555605,The Burial of Kojo,2018,Drama|Thriller|Fantasy,6.5,24,0.2494,ak
538528,Pulang,2018,Drama|Romance|Adventure,5.8,17,0.4897,ms
514266,Io sono Tempesta,2018,Comedy,5.812,287,0.3504,it
499682,Family First,2018,Drama,5.7,18,0.4083,fr
568490,Wolf,2018,History|Drama|Action,7.156,90,0.3028,tr
518747,This Magnificent Cake!,2018,Animation|History|Comedy|Drama|Mystery,6.8,40,0.2981,fr
558577,A Final Cut for Orson: 40 Years in the Making,2018,Documentary,6.8,11,0.3333,en
500705,A Champion Heart,2018,Family,7.742,33,0.3329,en
514886,Spitak,2018,Drama|Action,6.6,40,0.3357,hy
521127,Kingdoms,2018,Drama|Romance,6.364,308,0.301,es
492783,The Commodore Story,2018,Documentary,6.526,19,0.1946,en
483181,My See-Through Heart,2018,Drama|Mystery,5.6,15,0.343,fr
496245,Cover Versions,2018,Mystery|Thriller,6.6,31,0.2686,en
433288,Outlaws,2018,Thriller|Drama|Crime,5.0,51,0.5481,en
520331,Let Me Introduce You to Sofia,2018,Comedy,6.074,265,0.3494,it
491627,5 Weddings,2018,Drama|Comedy|Romance,3.75,10,0.3712,hi
504255,The Terrible Two,2018,Horror,2.7,21,0.3081,en
538514,The Story of the Stone,2018,Drama|Crime|Romance,4.6,12,0.44,zh
407651,Sanky Panky 3,2018,Comedy,7.6,62,0.3858,es
588346,Chief Daddy,2018,Comedy|Drama,5.0,11,0.2653,en
542802,Take It or Leave It,2018,Drama,7.5,20,0.3232,et
451676,Beyond Words,2018,Drama,6.2,26,0.385,en
513224,The Executioners,2018,Horror|Thriller,3.9,47,0.3418,en
675568,You Die,2018,Horror|Drama|Thriller,5.44,50,0.2988,it
546181,Killer Single Dad,2018,Thriller|TV Movie,4.9,15,0.3459,en
491303,Butterflies,2018,Drama|Comedy,6.915,112,0.3343,tr
461923,Breaking Brooklyn,2018,Drama|Family|Music|Romance,7.8,14,0.3616,en
482650,Cold November,2018,Drama|Family|Thriller,5.7,11,0.5276,en
543720,Lost and Found,2018,Comedy|Drama,5.7,25,0.3147,en
503436,Behind the Walls,2018,Horror,4.0,14,0.3911,en
432625,Family Business,2018,Comedy,4.6,59,0.298,fr
554071,Running for Good: The Fiona Oakes Documentary,2018,Documentary,7.9,10,0.2697,en
548921,Too Macabre: The Making of Elvira  Mistress of the Dark,2018,Documentary,7.5,12,0.2933,en
490078,Ee.Ma.Yau.,2018,Drama|Comedy,7.66,47,0.3237,ml
542694,Bert Kreischer: Secret Time,2018,Comedy,7.255,49,0.2133,en
489987,The Price of Everything,2018,Documentary,7.1,22,0.358,en
569888,The Predator Holiday Special,2018,Comedy|Horror|Science Fiction|Animation,6.3,13,0.3988,en
455401,Keep the Change,2018,Comedy|Romance,6.045,22,0.3216,en
499631,Fabrizio De André: Principe libero,2018,Music|History,7.5,355,0.4531,it
539765,Sharkwater Extinction,2018,Documentary,7.023,64,0.32,en
537153,American Pets,2018,Drama|Crime,5.545,22,0.3269,en
557606,John Leguizamo's Latin History for Morons,2018,Comedy,7.3,40,0.4163,en
524783,Baltic Tribes,2018,Documentary|Drama|History,5.9,13,0.3155,lv
509243,Men from Mars,2018,Comedy,5.5,11,0.3417,nl
532043,Death in the Soul,2018,Drama|Crime|Thriller|TV Movie,6.2,37,0.3185,fr
456022,Entanglement,2018,Comedy|Drama|Romance,5.3,27,0.4148,en
454681,So viel Zeit,2018,Drama|Comedy,4.9,13,0.36,de
470827,Boom for Real: The Late Teenage Years of Jean-Michel Basquiat,2018,Documentary,6.857,14,0.3408,en
517999,Not the End,2018,Drama|Fantasy|Romance|Science Fiction,6.1,17,0.2934,es
500849,Boys Cry,2018,Crime|Drama,6.964,289,0.4595,it
504127,A Woman's Name,2018,Drama,5.6,63,0.2806,it
499550,Victory Day,2018,Documentary,6.2,11,0.272,ru
518495,Diamantino,2018,Comedy|Science Fiction|Fantasy,6.115,91,0.4395,pt
497536,The Legend of Muay Thai: 9 Satra,2018,Animation|Action|Adventure|Fantasy,6.554,28,0.315,th
561504,Invoking 5,2018,Horror,5.6,12,0.3138,en
561297,Hometown Holiday,2018,TV Movie|Romance,5.4,26,0.4233,en
507297,Entrusted,2018,Drama|Thriller,5.5,13,0.4155,tr
537973,Your Face,2018,Documentary,6.8,13,0.3087,zh
457312,Pickings,2018,Thriller|Action|Crime|Drama|Mystery,5.9,10,0.2739,en
423189,Right Here Right Now,2018,Drama,4.2,15,0.301,de
543028,Salt,2018,Horror,6.1,12,0.3393,en
504112,Confiscation,2018,Comedy|Drama,5.2,13,0.5059,fa
521202,Prescription for Danger,2018,Thriller|TV Movie,5.613,31,0.3625,en
496915,Nina,2018,Drama|Romance,5.0,30,0.5512,pl
555794,Intimate Strangers,2018,Drama,5.0,19,0.5286,pt
513686,Land Of Glass,2018,Family|Fantasy,6.8,13,0.2295,da
506792,Paradise 89,2018,Drama|Family,5.2,15,0.3225,lv
404782,Altered Perception,2018,Science Fiction|Mystery|Fantasy,3.3,10,0.284,en
457775,The Devil and Father Amorth,2018,Documentary|Horror,5.1,105,0.4,en
500831,Marilyn,2018,Drama,5.357,14,0.3412,es
575019,Til Ex Do Us Part,2018,Thriller|TV Movie,5.1,15,0.3524,en
517508,Hello Guru Prema Kosame,2018,Romance|Family,6.35,20,0.5261,te
558589,King of Crime,2018,Crime|Drama|Thriller,4.5,12,0.4099,en
475351,Troll: The Tale of a Tail,2018,Animation|Adventure|Family,5.9,11,0.3973,en
539441,Domingo,2018,Comedy|Drama,6.3,11,0.2878,pt
413852,Welcome the Stranger,2018,Drama|Mystery|Thriller|Science Fiction,5.0,54,0.2836,en
545698,Is That You?,2018,Horror,4.6,37,0.2905,es
485880,Safari: Match Me If You Can,2018,Comedy,4.5,18,0.329,de
565688,Ente Ummante Peru,2018,Comedy|Drama,6.5,14,0.2504,ml
659088,Cruel Hearts,2018,Thriller,6.9,15,0.293,en
551141,Murder In Luberon,2018,Mystery|Crime|Drama|TV Movie,6.643,14,0.3121,fr
528769,Dogman's Rabies: Underdog,2018,Horror|Thriller|Crime,5.8,29,0.3433,it
535754,Best Intentions,2018,Drama|Comedy,5.6,42,0.2616,fr
525176,The Black Forest,2018,Horror,5.3,23,0.3079,pt
510393,Vengo anch'io,2018,Comedy,6.0,61,0.2456,it
547849,Uno di famiglia,2018,Comedy,5.805,100,0.2999,it
544795,C/o Kancharapalem,2018,Drama|Romance,7.3,34,0.4004,te
455304,Sleep No More,2018,Horror,4.512,43,0.2415,en
569769,Murder in Aquitaine,2018,Crime|Drama|TV Movie,6.289,19,0.3722,fr
500879,Die grüne Lüge,2018,Documentary,6.1,24,0.2752,de
570525,The Dragon Unleashed,2018,Action,5.0,11,0.3138,en
492355,Just Believe,2018,Comedy,6.1,355,0.2744,it
499394,Retablo,2018,Drama,7.379,62,0.4842,qu
567296,The Least of These: A Christmas Story,2018,Comedy|Drama,5.0,10,0.2993,en
549936,CC,2018,Science Fiction,6.9,13,0.2509,en
519672,The Most Unknown,2018,Documentary,6.49,50,0.383,en
509361,Billy Graham: An Extraordinary Journey,2018,Documentary,6.4,15,0.2921,en
419734,Only God Can Judge Me,2018,Thriller|Drama|Crime,6.776,76,0.4095,de
549671,Hide in the Light,2018,Horror|Thriller|Mystery,6.2,19,0.3155,en
543666,Nureyev,2018,Documentary,7.3,27,0.3383,en
498208,Bride and Groom,2018,Romance|Comedy,5.7,42,0.3304,pl
434362,Gutland,2018,Drama|Mystery|Thriller,6.011,46,0.3148,de
533983,Up Among the Stars,2018,Drama,5.8,30,0.2714,es
585649,The Blackwell Ghost 2,2018,Horror,6.023,44,0.1812,en
395948,Are We Not Cats,2018,Romance|Horror,6.0,24,0.285,en
561996,Red Land,2018,Drama|War|History|Crime,6.0,32,0.2864,it
493092,Bad Reputation,2018,Documentary|Music,6.6,38,0.3922,en
424344,Gaspard at the Wedding,2018,Comedy|Drama,6.0,115,0.2873,fr
562242,A Christmas Carol,2018,Fantasy|Drama,4.8,12,0.3108,en
496186,High Resolution,2018,Drama|Romance,4.9,23,0.7418,en
495831,Quality Problems,2018,Comedy|Drama,6.7,10,0.4772,en
422047,The Dwarves of Demrel,2018,Fantasy|Horror|Thriller,5.4,13,0.3606,en
548226,None Like Us,2018,Romance,5.9,78,0.302,it
514215,Bauhaus Spirit: 100 Years of Bauhaus,2018,Documentary,6.0,12,0.2205,de
558615,Rescue Bus 300,2018,Documentary|Drama,7.9,22,0.305,he
554288,Every Day Is Christmas,2018,Drama|TV Movie|Fantasy,4.9,19,0.3209,en
470541,Plan V,2018,Comedy|Romance,7.5,74,0.2196,es
552390,Black Magic,2018,Horror,5.4,17,0.2577,id
490349,1991,2018,Drama|Comedy,6.656,32,0.4091,fr
554581,Crazy About Work,2018,Comedy,7.708,144,0.2692,es
531737,Open Seas,2018,Drama,5.865,26,0.2607,nl
528292,Killer Island,2018,Thriller|TV Movie,3.5,10,0.3108,en
494593,Away You Go,2018,Drama,5.4,15,0.3191,de
520335,Nigerian Prince,2018,Drama|Thriller,5.1,21,0.3629,en
481954,The Revenge of Robert,2018,Horror,3.6,29,0.2812,en
526988,Due Piccoli Italiani,2018,Comedy,7.6,10,0.2646,it
551910,Dead in the Water,2018,Thriller|TV Movie,5.4,52,0.3449,en
513729,The Queen of Hollywood Blvd,2018,Crime|Drama,4.9,13,0.3559,en
533919,Domestique,2018,Drama,4.7,11,0.379,cs
596386,Excursion,2018,Science Fiction|Thriller|Mystery,4.81,21,0.2546,en
550084,Reunited at Christmas,2018,Family|TV Movie,5.3,39,0.2969,en
474594,Scream for Me Sarajevo,2018,Documentary|War,7.8,17,0.2892,bs
643058,Aggretsuko: We Wish You a Metal Christmas,2018,Animation|Comedy,6.8,21,0.2404,ja
544827,Inside the Manson Cult: The Lost Tapes,2018,Documentary|TV Movie|Crime,6.1,34,0.3005,en
510806,Souls of Totality,2018,Drama|Romance|Science Fiction,5.8,11,0.158,en
523281,Hotel Gagarin,2018,Comedy,6.2,137,0.3583,it
511541,The Man Who Stole Banksy,2018,Documentary,7.3,13,0.3077,en
502164,Operation Odessa,2018,Documentary,7.186,94,0.3621,en
497723,Women vs Men 2,2018,Romance|Comedy,3.6,23,0.4961,ru
529573,No Postage Necessary,2018,Comedy|Drama,5.3,21,0.2894,en
553080,Welcome to Hell,2018,Horror,4.8,12,0.3278,en
541696,The Honest Candidate 2,2018,Comedy,5.7,67,0.3129,pt
477871,Let Me Fall,2018,Drama,5.9,19,0.3976,is
617331,A 3 Minute Hug,2018,Documentary,6.5,22,0.312,es
564427,Minha Vida em Marte,2018,Comedy|Romance,7.9,289,0.2961,pt
545766,I'll Be Watching,2018,Drama|Romance,6.3,12,0.2575,en
544986,The Satanic Nun,2018,Horror|Thriller,4.2,20,0.3235,en
553539,ReMastered: Who Shot the Sheriff,2018,Documentary,6.8,58,0.3265,en
500848,Shut Up and Play the Piano,2018,Music|Documentary,7.2,15,0.213,en
519253,Forgive Us Our Debts,2018,Drama,6.1,284,0.2985,it
510265,Magnificent Times,2018,Comedy|Drama,5.9,24,0.4463,de
544486,The Blue Flower of Novalis,2018,Documentary|Fantasy,5.967,15,0.2042,pt
517060,Twin Betrayal,2018,Thriller|TV Movie,4.559,17,0.5153,en
511815,The Bleeding Edge,2018,Documentary,6.808,73,0.4101,en
512732,Brother of the Year,2018,Comedy|Drama|Romance,7.45,30,0.3169,th
526370,Witness of Another World,2018,Documentary,7.3,30,0.2494,es
499673,The Waldheim Waltz,2018,Documentary,7.778,18,0.284,de
555120,If I Were You,2018,Comedy,6.8,30,0.2142,es
516261,A Joy Story: Joy and Heron,2018,Animation|Comedy,7.4,23,0.1705,en
571511,Samadhi Part 2: It's Not What You Think,2018,Documentary,6.958,12,0.3337,en
553798,Christmas on Honeysuckle Lane,2018,TV Movie|Romance,5.9,52,0.4307,en
544355,Socrates,2018,Drama,6.295,39,0.3652,pt
517952,The State Against Mandela and the Others,2018,Documentary|Animation|History,6.6,18,0.3455,fr
495781,The 2018 Rose Parade Hosted by Cord & Tish,2018,Comedy,5.9,13,0.3375,en
490450,Photo de famille,2018,Comedy|Drama,5.8,209,0.2982,fr
507084,Tungstênio,2018,Drama|Crime,4.5,13,0.2826,pt
578656,Betsy,2018,Horror,5.0,11,0.2587,en
553956,Pause,2018,Drama,5.3,11,0.4182,el
542559,Last Summer,2018,Drama,6.7,16,0.375,en
581465,Nefta Football Club,2018,Comedy|Drama,7.09,61,0.3206,ar
464979,Hey Jude,2018,Romance|Drama,6.019,26,0.4217,ml
523951,Kuttanpillayude Sivarathri,2018,Comedy|Horror,5.864,11,0.3239,ml
515883,Rahul Subramanian: Kal Main Udega,2018,Comedy,7.2,11,0.2799,en
636372,Oxalis,2018,Science Fiction,4.1,15,0.5159,en
561516,Curse of the Scarecrow,2018,Horror,2.9,13,0.2751,en
500366,Sandakozhi 2,2018,Family|Action|Romance,4.8,18,0.2704,ta
530727,Njan Marykutty,2018,Drama,6.5,11,0.2518,ml
397113,The Great Mystical Circus,2018,Drama|Fantasy|Romance,4.4,44,0.2742,pt
481627,Lockdown,2018,Thriller,5.9,18,0.4482,de
503150,Eating Animals,2018,Documentary,6.6,24,0.2739,en
496874,My Dead Ones,2018,Crime|Drama|Horror,5.3,38,0.3117,pt
539456,Emma Peeters,2018,Comedy,5.7,14,0.3112,fr
533509,On the Ropes,2018,Action,4.667,12,0.4121,en
493443,Ted: Show Me Love,2018,Music|Drama,7.0,32,0.2451,sv
306755,Dirty Dealing,2018,Drama,3.3,15,0.2408,en
472644,Samui Song,2018,Drama|Crime|Mystery|Thriller,5.8,19,0.6012,th
511689,Say Her Name: The Life and Death of Sandra Bland,2018,Documentary|TV Movie,6.8,13,0.2075,en
472615,The Swan,2018,Drama,5.0,13,0.3942,is
521706,Madhouse Mecca,2018,Drama,3.6,11,0.2696,en
560709,Wandering Girl,2018,Drama,6.2,14,0.3315,es
493905,Fake Tattoos,2018,Romance|Drama,6.5,17,0.3263,fr
550034,Entertaining Christmas,2018,TV Movie|Romance|Family,6.1,38,0.2679,en
511562,To the Beat!,2018,Comedy|Drama|Family,6.3,15,0.3689,en
500176,My Brother's Keeper,2018,Drama|Music,4.3,16,0.4533,fi
497767,Through the Mill,2018,History|Drama|TV Movie,4.9,16,0.3846,fr
510243,Rams,2018,Documentary,7.344,16,0.399,en
504969,Fauve,2018,Drama,7.5,140,0.3712,fr
506640,Shopkins: Wild,2018,Animation,7.9,24,0.3402,en
511425,Eternity,2018,Drama,7.82,25,0.4952,ay
594603,The Price for Silence,2018,Drama,5.5,10,0.2929,en
541042,Aura,2018,Horror,3.4,30,0.3861,en
525814,Steve Martin and Martin Short: An Evening You Will Forget for the Rest of Your Life,2018,Comedy|Music|TV Movie,6.6,80,0.3934,en
514577,Our Struggles,2018,Drama,6.429,141,1.0646,fr
498210,Taxing Love,2018,Comedy|Romance,6.7,46,0.3341,pl
545514,Gunshot,2018,Crime|Drama,7.292,12,0.3148,ar
494681,Exterminator: Ready To Roll,2018,Comedy|Music,6.4,31,0.299,pl
654025,Unschuldig,2018,Drama|Crime,7.533,15,0.3101,de
471858,Maya,2018,Drama,5.3,43,0.3254,fr
567662,Heaven & Hell,2018,Drama,5.636,11,0.4608,en
520532,Dany de Boon des Hauts-de-France,2018,Comedy,6.2,27,0.1924,fr
511813,Cannibals and Carpet Fitters,2018,Comedy|Horror,4.8,23,0.3829,en
490816,On Her Shoulders,2018,Documentary,6.6,14,0.2389,en
914434,Scorpion,2018,Action|Mystery|Drama,6.5,15,0.3166,uz
567181,The Magic Quill,2018,Fantasy|Family,6.4,25,0.2773,cs
798016,Anunnaki: los caídos del cielo,2018,Action|Family|Horror,5.5,75,0.3547,es
540845,Remember us,2018,Drama,7.8,19,0.3547,tr
473706,Pin Cushion,2018,Drama,6.4,50,0.3471,en
549690,Spell,2018,Thriller|Drama|Comedy,5.0,23,0.2418,en
520370,The American Meme,2018,Documentary,5.725,89,0.2662,en
475963,Pororoca,2018,Drama,7.329,41,0.3462,ro
473470,Martyr,2018,Drama,6.118,17,0.2451,ar
613976,Is This Love?,2018,Comedy|Romance|Drama,6.8,16,0.3303,tr
561417,Generation Iron 3,2018,Documentary,6.6,27,0.3886,en
491311,The Queen of Fear,2018,Drama,6.0,10,0.2798,es
465024,Queen,2018,Drama,6.194,18,0.3264,ml
529283,Worlds of Ursula K. Le Guin,2018,Documentary|Animation,7.844,16,0.303,en
496282,The Night Sitter,2018,Comedy|Horror,4.8,36,0.2363,en
540914,The City of Gold,2018,Adventure|Action|Thriller,5.3,16,0.3292,en
666483,The Jupiter Enigma,2018,Documentary,7.8,20,0.2743,en
533527,Ouija Seance: The Final Game,2018,Horror|TV Movie,3.9,13,0.3274,en
548633,What Have We Done to Deserve This?,2018,Comedy,5.4,37,0.2609,de
563774,Water Lilies by Monet,2018,Documentary,6.8,16,0.2607,it
526999,The Wild Fields,2018,Adventure|Comedy|Western|Drama,6.684,19,0.2603,uk
500833,The Trial,2018,Documentary,7.5,36,0.248,pt
558341,Trevor Noah: Son of Patricia,2018,Comedy|TV Movie,7.073,123,0.2399,en
66534,Annanukku Jey,2018,Comedy|Drama,5.1,11,0.3951,ta
555479,The Strange Life of Dr. Frankenstein,2018,Documentary|History|TV Movie,8.5,13,0.2391,fr
882052,Bad Ben: The Mandela Effect,2018,Comedy|Horror,4.7,11,0.2115,en
531002,LEGO House - Home of the Brick,2018,Documentary,6.9,29,0.3166,en
565762,Last American Horror Show,2018,Horror|Comedy,4.3,13,0.2855,en
532498,Winter Flies,2018,Comedy|Drama,5.4,19,0.2849,cs
520379,Si muore tutti democristiani,2018,Comedy,6.522,112,0.2534,it
493016,Genesis 2.0,2018,Documentary,6.4,21,0.2503,en
489994,Shirkers,2018,Documentary,7.207,138,0.2966,en
687647,The Door in the Woods,2018,Horror,5.7,12,0.1759,en
559740,Krampus Origins,2018,Horror,5.5,57,0.3151,en
505039,Illicit Desires,2018,Thriller|Horror,4.7,35,0.2797,en
473338,Antonio Lopez 1970: Sex Fashion & Disco,2018,Documentary,7.0,10,0.2373,en
563766,5 Star Christmas,2018,Comedy,4.32,186,0.3611,it
482272,The Asphalt Kiss,2018,Drama|Crime,7.4,20,0.2519,pt
475954,The Lion Sleeps Tonight,2018,Drama,7.1,20,0.3412,fr
566182,Time Jumpers,2018,Action|Drama|Science Fiction,5.0,20,0.415,en
552009,The Bad Man,2018,Horror|Drama,4.3,13,0.3412,en
559495,Rafadan Tribe: Corridor Adventure,2018,Animation|Science Fiction|Adventure|Family,6.0,11,0.3253,tr
489991,Rust,2018,Drama,6.3,44,0.2514,pt
525147,Heavily in Love!,2018,Comedy|Romance,5.8,14,0.34,nl
492118,Party Hard  Die Young,2018,Thriller|Horror,4.6,45,0.3589,de
512218,Transformer,2018,Documentary,5.895,38,0.2539,en
485918,The Godfathers of Hardcore,2018,Documentary|Music,6.7,12,0.2343,en
484432,Fight Girl,2018,Drama,6.1,21,0.3157,nl
566674,RUSSELL BRAND: RE:BIRTH,2018,Comedy,6.5,36,0.2412,en
511586,Wind,2018,Comedy|Family|Romance,5.8,15,0.2444,tr
551809,Born Racer,2018,Action|Drama|Documentary,7.3,14,0.2402,en
496884,Opus Zero,2018,Drama,5.5,11,0.2435,es
506509,Comic Sans,2018,Comedy|Drama|Romance,6.75,12,0.2561,hr
550654,Every Other Holiday,2018,TV Movie|Family|Romance|Drama,6.7,23,0.4258,en
532868,Death of a Nation,2018,Documentary|History,4.1,53,0.3166,en
579517,The Black Widow Killer,2018,Thriller|Drama|TV Movie,6.0,12,0.3714,en
504859,All Good,2018,Drama,6.0,54,0.468,de
544946,Crô em Família,2018,Comedy,4.7,25,0.1997,pt
549246,All Love Songs,2018,Romance,7.3,71,0.351,pt
512119,Exit Strategy,2018,Science Fiction|Thriller,7.405,21,0.3157,en
517697,Las Vegas,2018,Comedy|Romance,5.9,15,0.3156,es
555277,Small Town Christmas,2018,Drama|Romance|TV Movie,6.4,60,0.3383,en
523818,The Cold Blue,2018,War|Documentary|TV Movie|History,6.7,32,0.3223,en
502132,People's Republic of Desire,2018,Documentary,6.2,11,0.2524,en
472685,Fighting the Sky,2018,Science Fiction,5.9,19,0.2407,en
539883,Edge of the Knife,2018,Drama|Horror,6.636,11,0.2441,ik
834226,El todas mías,2018,Comedy,6.882,34,0.1766,es
512747,The Bromley Boys,2018,Comedy,6.0,22,0.2003,en
566141,Her Only Choice,2018,Drama,5.3,11,0.2395,en
566067,Locked on You,2018,Comedy,5.634,41,0.2745,tr
493908,Red Cow,2018,Drama,5.25,14,0.2352,he
484427,All You Need Is Love,2018,Comedy|Romance,6.0,13,0.3246,nl
65471,Elvis: The '68 Comeback Special,2018,Music|TV Movie,8.267,15,0.2731,en
504278,Vihta,2018,Comedy,5.8,14,0.3224,fr
635697,Poof,2018,Drama,4.9,10,0.2909,en
462029,Mrs McCutcheon,2018,Comedy|Drama,4.7,13,0.2479,en
569038,Prince of Peoria: A Christmas Moose Miracle,2018,Comedy|Family,6.1,11,0.3909,en
497269,Bad Apples,2018,Horror,4.3,19,0.3107,en
509940,Anche senza di te,2018,Romance|Comedy,6.0,25,0.245,it
592660,Red Island,2018,Horror|Mystery|Science Fiction|Thriller,4.1,15,0.2336,en
539048,The Truk,2018,Drama,6.0,22,0.2366,fr
526242,Michelangelo Endless,2018,Drama|Documentary,7.0,49,0.2679,it
635341,In a Moment,2018,Drama|Romance,4.4,12,0.3254,de
510111,Virgins,2018,Drama,6.9,15,0.3215,fr
548083,Making Coco: The Grant Fuhr Story,2018,Documentary,7.1,10,0.2164,en
543775,Twin Flower,2018,Drama,5.1,18,0.2786,it
552013,Christmas Lost and Found,2018,Comedy|Drama|Family|TV Movie,5.7,16,0.2593,en
518493,The Song of the Tree,2018,Action|Drama|Music,5.3,11,0.4304,ky
555377,Classic Albums: Amy Winehouse - Back to Black,2018,Documentary|Music,7.667,12,0.2005,en
499670,Theatre of War,2018,Documentary,7.2,13,0.2187,es
557818,Brampton's Own,2018,Drama,4.4,30,0.269,en
507050,Beck 37 - Without Intent,2018,Crime|Mystery|Thriller|Drama,5.1,18,0.3426,sv
621048,Perception,2018,Thriller,3.5,10,0.3578,en
412003,Modern Life Is Rubbish,2018,Romance|Music,7.1,60,0.3306,en
508781,We the Coyotes,2018,Drama,5.4,19,0.2452,en
570620,Cherokee Creek,2018,Horror,3.3,13,0.2413,en
554175,Derren Brown: Sacrifice,2018,Documentary|Mystery,7.2,54,0.2639,en
526775,Driven to Dance,2018,Drama,6.1,12,0.4075,en
624574,The Devil’s Passenger,2018,Horror,7.1,11,0.24,fr
517055,The Time Capsule,2018,Romance|TV Movie,5.8,14,0.3056,en
562280,All Mixed Up,2018,Comedy,3.5,16,0.3135,tr
533972,Bill Maher: Live From Oklahoma,2018,Comedy,6.7,16,0.2545,en
501547,Chris the Swiss,2018,Animation|Documentary,6.5,14,0.3402,de
589766,Red Rover,2018,Comedy|Romance,6.1,19,0.2084,en
562334,Tinker',2018,Science Fiction|Drama|Fantasy,5.4,29,0.3125,en
432676,Different Kinds of Rain,2018,Drama,6.5,21,0.2894,de
487635,Laugh or Die,2018,Drama|History|War,6.2,26,0.3416,fi
565492,A Brother,2018,Drama|Romance,6.594,32,0.3124,fr
473343,Here to be Heard: The Story of The Slits,2018,Documentary|Music,6.417,12,0.3082,en
522440,The Royal Wedding Live with Cord and Tish!,2018,Comedy,6.1,10,0.3392,en
527833,Tamizh Padam 2,2018,Comedy,6.1,20,0.2919,ta
567837,My True Brilliant Friend,2018,Documentary,8.6,18,0.2836,it
483787,Candelaria,2018,Drama,6.712,33,0.2295,es
551342,They Swapped My Baby,2018,Drama|TV Movie,7.4,24,0.3369,fr
509020,Involution,2018,Thriller|Science Fiction|Drama,3.0,10,0.3213,en
390066,Insect,2018,Comedy|Drama,5.6,16,0.2204,cs
511793,My Life with James Dean,2018,Comedy|Drama,5.6,22,0.3783,fr
430912,Escape from Cannibal Farm,2018,Horror,3.4,16,0.2459,en
516716,Milly & Mamet,2018,Comedy|Drama|Romance,7.6,15,0.3581,id
458639,Le Rire de ma mère,2018,Comedy|Drama,5.963,27,0.3113,fr
514826,Distant Sky,2018,Documentary|Music,8.0,13,0.3847,en
510738,Bird Karma,2018,Animation|Comedy|Family,6.5,45,0.2524,en
559994,Watch If You Dare,2018,Horror,4.5,16,0.2247,en
483366,As Green As It Gets,2018,Comedy|Drama,7.3,25,0.5859,de
499346,Hello Oksana Sokolova!,2018,Comedy,5.8,15,0.2797,ru
375786,American Curious,2018,Comedy|Drama|Romance,6.8,17,0.2635,es
630601,Azali,2018,Drama,5.7,13,0.3475,ak
601326,Dance with the Jackals 5,2018,Comedy,3.688,16,0.1643,tr
529531,Hannah Gadsby: Nanette,2018,Comedy,7.894,298,0.3043,en
497757,Break Night,2018,Drama|Crime,4.4,11,0.3082,en
544914,Dantza,2018,Music|Drama,7.8,16,0.2328,eu
562561,Murder on Devil's Bridge,2018,Drama|Thriller|TV Movie,6.4,18,0.3764,fr
537542,The Incantation,2018,Adventure|Fantasy|Horror|Mystery|Thriller,4.107,14,0.3443,en
511827,Killer Unicorn,2018,Horror,5.25,18,0.2329,en
503112,Sheeple,2018,Drama|Crime,6.0,34,0.1758,fa
496708,Babes with Blades,2018,Fantasy|Action|Adventure|Drama,3.5,15,0.2646,en
548967,Conversation with Romy Schneider,2018,Documentary,7.0,10,0.2682,fr
538112,Happy Phirr Bhag Jayegi,2018,Drama|Romance|Comedy,6.591,11,0.3073,hi
413136,Merku Thodarchi Malai,2018,Drama,7.5,17,0.3569,ta
564295,John & Yoko: Above Us Only Sky,2018,Documentary|Music,7.0,46,0.318,en
510228,Rage,2018,Drama,6.8,14,0.2986,pt
558295,Asesinato en la Universidad,2018,Drama|History|Thriller|TV Movie,5.0,11,0.3097,es
477634,Fractured,2018,Thriller,6.1,38,0.2509,en
555319,Murder on Omaha Beach,2018,Mystery|Drama|TV Movie,5.9,14,0.1651,fr
507498,Seeds,2018,Horror|Thriller,3.9,18,0.3596,en
496968,Carbon,2018,Adventure|Fantasy,6.7,20,0.2891,ml
506986,Survive the Hollow Shoals,2018,Horror,4.808,13,0.209,en
519139,The Orphan,2018,Drama,6.3,19,0.541,pt
553685,Boyfriend's Deceit,2018,Thriller,5.5,16,0.3389,en
555861,The Waiter,2018,Mystery,6.25,16,0.2067,el
512295,Swathanthryam Ardharathriyil,2018,Action|Thriller,7.1,19,0.3542,ml
391872,Child of Satan,2018,Action|Drama|Horror|Mystery|Thriller,3.9,13,0.2766,en
521410,Broken Star,2018,Thriller,5.031,16,0.1983,en
504993,Solar Walk,2018,Animation,6.9,12,0.3143,en
488689,Uma Quase Dupla,2018,Comedy,6.0,102,0.2681,pt
516856,The Year of the Plague,2018,Comedy|Horror|Science Fiction,5.8,12,0.2163,es
506731,Love for Sale,2018,Drama|Romance,7.9,14,0.3056,id
537646,Kingdom of Sweden,2018,Comedy,5.6,11,0.3325,sv
517829,Pickpockets,2018,Drama|Thriller|Crime,5.0,107,0.4066,es
508528,Veneno,2018,Action|Drama,5.4,19,0.2781,es
562490,Holly Star,2018,Comedy,5.7,17,0.2895,en
553307,This Is Måneskin,2018,Music|Documentary,7.6,25,0.2812,it
474298,The Party Is Over,2018,Drama,6.1,59,0.2686,fr
477042,Virus Tropical,2018,Animation|Drama,6.74,50,0.2686,es
561894,Make Us Dream,2018,Documentary,7.5,66,0.311,en
519101,Buy Me a Gun,2018,Drama,6.9,41,0.2254,es
550860,Lessons from a School Shooting: Notes from Dunblane,2018,Documentary,5.9,14,0.3379,en
511474,Soul to Keep,2018,Horror|Thriller,5.2,41,0.1898,en
527465,Moromete Family: On the Edge of Time,2018,Drama,6.7,23,0.2949,ro
494058,Selfie from Hell,2018,Mystery|Horror,3.5,63,0.2323,en
546228,Killer Night Shift,2018,Thriller|TV Movie,5.2,11,0.2467,en
500205,Beck 36 - The Thin Ice,2018,Crime|Mystery|Thriller|Drama,4.4,18,0.3764,sv
542424,Ulysse & Mona,2018,Drama,4.4,11,0.3084,fr
543398,Padayottam,2018,Comedy|Action|Thriller,5.9,12,0.2963,ml
550046,Aegean SOS,2018,Comedy|Action,3.8,16,0.2995,el
544825,The Woman Who Loves Giraffes,2018,Documentary,6.4,17,0.2942,en
470834,Mary Goes Round,2018,Drama,6.3,29,0.2708,en
557809,WWE Survivor Series 2018,2018,Action|Drama,7.525,20,0.3322,en
459243,Screwed,2018,Romance|Drama,6.014,37,0.1848,fi
554364,X - The eXploited,2018,Crime|Thriller,6.471,35,0.3397,hu
554954,I  Potro,2018,Comedy|TV Movie,5.3,12,0.3471,es
520814,The Hastrman,2018,Romance|Thriller|Fantasy|Drama|Mystery,5.7,11,0.3391,cs
567220,New Year  New You,2018,Horror|Thriller|TV Movie,4.993,68,0.2922,en
548764,A Cat with a Dog,2018,Drama|Comedy,5.5,20,0.2524,pl
497931,Slut in a Good Way,2018,Comedy|Drama,5.6,28,0.4189,fr
517963,Sofia,2018,Drama,6.2,49,0.2365,fr
627453,Willy and the Guardians of the Lake,2018,Animation|Family,6.0,11,0.1729,en
525894,Treasure Island,2018,Documentary,6.5,35,0.2199,fr
375795,Te juro que yo no fui,2018,Comedy,6.9,51,0.2255,es
547144,2 215,2018,Documentary,7.1,10,0.2622,th
515169,Dave Allen at Peace,2018,TV Movie|Drama|Comedy,4.4,18,0.2156,en
500654,Ryuichi Sakamoto: async at the Park Avenue Armory,2018,Documentary|Music,7.2,11,0.4427,en
506976,The Climb,2018,Comedy,6.3,10,0.2171,en
505826,Bigfoot Country,2018,Horror,4.9,10,0.242,en
492470,Opportunity Knocks,2018,Comedy,5.9,14,0.3858,no
608444,End Trip,2018,Horror|Thriller,5.4,20,0.3233,en
542419,Exterior/Night,2018,Adventure|Drama,6.6,17,0.3077,ar
472181,The Good Ground,2018,Drama,5.4,17,0.3659,it
544876,Her Worst Nightmare,2018,Thriller|TV Movie,5.7,18,0.2806,en
568563,Pete Holmes: Dirty Clean,2018,Comedy|TV Movie,6.6,18,0.2874,en
493832,1968,2018,History|Documentary,7.0,16,0.2668,el
515189,Nanu Ki Jaanu,2018,Comedy|Horror,5.4,10,0.2926,hi
535645,Henry Rollins: Keep Talking  Pal.,2018,Comedy,5.433,15,0.258,en
568161,Mission to the Sun,2018,Documentary,6.8,23,0.2734,en
494836,Ghajinikanth,2018,Family|Comedy|Romance,5.8,13,0.2265,ta
546391,The Dawnseeker,2018,Science Fiction,4.1,24,0.2884,en
504062,Si saben cómo me pongo ¿Pa' qué me invitan?,2018,Comedy,6.4,11,0.3346,es
560716,Phantom Owl Forest,2018,Family,7.4,11,0.3615,et
512064,Anne,2018,Horror,3.6,18,0.2523,en
526027,Devil's Path,2018,Drama|Thriller|Horror,5.333,15,0.2795,en
551752,Teddy Pendergrass: If You Don't Know Me,2018,Documentary|Music,6.27,63,0.1899,en
517982,Sextape,2018,Comedy,4.6,35,0.2558,fr
517686,The Russian Five,2018,Documentary,7.4,34,0.3527,en
552180,El Potro: Unstoppable,2018,Drama|Music,5.148,27,0.2209,es
474002,Bernard and Huey,2018,Drama|Comedy,4.8,12,0.2438,en
565599,A Christmas for the Books,2018,Romance|TV Movie,5.3,26,0.227,en
527461,Unterwerfung,2018,Drama|TV Movie,7.2,11,0.2813,de
499639,Kayhan: Revenge at the Reunion,2018,Comedy,3.242,33,0.2771,tr
559927,La prima pietra,2018,Comedy|Drama,5.6,74,0.2227,it
536666,With the Wind,2018,Drama,5.8,42,0.347,fr
531729,Lilli,2018,Thriller|Drama,5.727,10,0.5799,ml
531896,Propaganda: Engineering Consent,2018,Documentary|History|TV Movie,7.357,14,0.2534,fr
424389,Almost Dead,2018,Horror|Thriller,4.7,13,0.2456,it
494491,No Returns Accepted,2018,Comedy,6.5,30,0.4555,pt
494841,Enchanted Princess,2018,Animation|Family|Fantasy,5.5,11,0.2717,ru
548146,Paradox: A Rusty Lake Film,2018,Fantasy|Adventure|Horror|Mystery,7.1,19,0.2351,en
528779,The Perfect Day,2018,Documentary,7.5,12,0.2077,fr
434007,Mission: Love,2018,Comedy|Romance|Drama,4.7,16,0.4214,de
512768,Pitbull. Last Dog,2018,Action|Crime,5.991,57,0.2832,pl
535105,10 Seconds to Win,2018,History|Drama,6.7,21,0.2258,pt
616104,The Flood,2018,Documentary|TV Movie,6.7,12,0.3301,en
536808,Between Two Waters,2018,Drama,6.396,24,0.2136,es
521948,Do Unto Others,2018,Drama|TV Movie,4.8,10,0.2056,en
474206,The Night I Swam,2018,Drama,6.5,29,0.233,ja
765967,Black Pumpkin,2018,Horror,5.8,16,0.2674,en
512236,Chuck Steel: Night of the Trampires,2018,Animation|Action|Comedy|Horror,7.167,21,0.5108,en
589435,Une vie après,2018,Drama|TV Movie,5.1,14,0.1869,fr
513172,Ava Gardner  the Gypsy of Hollywood,2018,Documentary|TV Movie,6.9,12,0.226,fr
512761,Call Her Ganda,2018,Documentary|Crime,5.4,14,0.2255,en
543774,Lionheart,2018,Drama|Comedy,6.129,35,0.2527,en
523703,Comment tuer sa mère,2018,Comedy,5.0,66,0.2365,fr
539049,De acá a la China,2018,Comedy|Drama,8.9,12,0.2438,es
539784,Prosecuting Evil: The Extraordinary World of Ben Ferencz,2018,Documentary|History,6.3,13,0.2138,en
496464,The Barge People,2018,Horror,4.841,22,0.2276,en
388406,Champs,2018,Unknown,6.2,10,0.2735,es
517327,Unbridled,2018,Thriller,5.3,36,0.2657,es
548886,O Homem Perfeito,2018,Comedy|Romance,6.8,22,0.2108,pt
500268,Made in Italy,2018,Comedy|Romance,6.059,220,0.2797,it
490402,The Way to Mandalay,2018,Drama,6.5,13,0.3799,da
543631,Swiped: Hooking Up in the Digital Age,2018,Documentary,6.0,13,0.3079,en
555183,Last Vermont Christmas,2018,Drama|TV Movie|Romance,5.9,29,0.3034,en
504769,The Redeemed and the Dominant: Fittest on Earth,2018,Documentary,7.078,32,0.2976,en
508540,That's Life,2018,Comedy|Drama,5.998,204,0.2543,it
467277,Longing,2018,Drama,5.5,11,0.2577,he
493107,Saamy²,2018,Action|Thriller|Romance,3.3,14,0.2691,ta
502068,When You No Longer Love Me,2018,Mystery|Drama|Thriller,7.3,12,0.2917,es
530584,Jim Gaffigan: Noble Ape,2018,Comedy,6.9,46,0.2142,en
506212,A Man is Dead,2018,Animation|Drama|History|Documentary,6.4,21,0.1511,fr
540970,Collider,2018,Science Fiction,3.9,20,0.2052,en
499077,Django: Sangre de mi sangre,2018,Action|Crime|Drama,7.034,29,0.2202,es
507660,The Merger,2018,Comedy|Drama,5.719,16,0.228,en
554386,Evanescence: Synthesis Live,2018,Music,8.5,69,0.2506,en
519177,Double Trouble,2018,Comedy,5.0,11,0.2001,cs
527664,Camarón: The Film,2018,Documentary,7.094,16,0.1985,es
489983,Crime + Punishment,2018,Documentary,7.154,13,0.2325,en
499910,Hair Wolf,2018,Horror|Comedy,7.1,19,0.2254,en
539016,Aquarela,2018,Documentary,6.6,35,0.2557,en
542613,El Día de la Unión,2018,Drama,6.6,60,0.2749,es
617120,Test,2018,Drama,6.0,119,0.1929,en
545752,Starbucks Unfiltered,2018,Documentary,7.1,28,0.2198,en
432671,What Doesn't Kill Us,2018,Drama|Comedy,6.2,12,0.2369,de
558813,The Bachelor 3,2018,Action,5.8,11,0.26,el
505500,Kilian Jornet  Path to Everest,2018,Documentary,7.2,18,0.2561,en
490422,Mme Mills  une voisine si parfaite,2018,Comedy,4.716,95,0.2286,fr
549661,Belong To Us,2018,Drama,7.0,34,0.254,en
551988,De Rubén a Rubius: El Viaje de un Virtual Hero,2018,Documentary,7.0,15,0.2292,es
375791,Tenants,2018,Horror,7.154,26,0.2684,es
480458,I Miss You When I See You,2018,Drama,5.458,12,0.21,cn
502133,Social Animals,2018,Documentary,5.9,19,0.1951,en
553357,Archons,2018,Horror|Thriller|Science Fiction,5.4,17,0.2909,en
473015,Kissing Candice,2018,Thriller|Drama,5.5,10,0.244,en
776051,I delitti del BarLume - Un due tre stella!,2018,Comedy|Crime|Drama,6.9,12,0.1847,it
558739,Bellingcat: Truth in a Post-Truth World,2018,Documentary,6.9,26,0.173,en
545371,With A Kiss I Die,2018,Drama|Fantasy|Romance,3.2,15,0.1808,en
555590,Rend Your Heart,2018,Drama,7.2,13,0.1985,pt
565402,Country Christmas Album,2018,Drama|Music|TV Movie,5.5,14,0.258,en
603127,Murder In Saint Paul de Vence,2018,Crime|Drama|Mystery|TV Movie|Thriller,5.5,10,0.2726,fr
502183,If I Leave Here Tomorrow: A Film About Lynyrd Skynyrd,2018,Documentary|Music,7.7,30,0.1754,en
561627,The Morricone Duel: The Most Dangerous Concert Ever,2018,Music,8.6,11,0.2058,en
569055,Sergio Leone  une Amérique de légende,2018,Documentary,6.9,16,0.2522,fr
553580,Bocadillo,2018,Comedy,2.3,19,0.2173,es
513014,Hannibal: A March on Rome,2018,Documentary,4.1,19,0.1818,de
505321,Caravaggio: The Soul and the Blood,2018,Documentary,6.7,44,0.2941,it
516065,Glossary of Broken Dreams,2018,Documentary|Animation|Comedy|History,6.8,11,0.1764,en
564090,The Hoard,2018,Comedy|Horror,5.0,10,0.2265,en
500727,Edhel,2018,Drama|Fantasy,6.3,67,0.3508,it
533969,Jaulas,2018,Thriller,5.7,15,0.1812,es
574194,The Quiet Room,2018,Drama|Horror|Thriller,5.8,13,0.2063,en
493902,The Pigeon,2018,Drama,6.4,14,0.2062,tr
461413,Manivald,2018,Animation|Romance|Comedy,6.9,11,0.2365,et
536420,Savyasachi,2018,Thriller|Action,5.4,17,0.3137,te
505054,Virgin Cheerleaders in Chains,2018,Horror,4.7,10,0.2393,en
611534,The Hatred,2018,Horror|Thriller|Western,4.929,14,0.2111,en
545481,El fantasma de mi novia,2018,Comedy|Romance|Drama,8.0,80,0.1992,es
513046,Your Mother Should Know,2018,Comedy|Romance|Drama,6.8,12,0.2923,nl
555311,All Inclusive,2018,Comedy|Romance,6.9,13,0.2142,es
524006,Under the Wire,2018,Documentary,8.1,17,0.2413,en
558466,Trezor,2018,Thriller|Crime|History,7.1,12,0.1399,hu
512171,Inspector Dupin: Brittany's Glowing,2018,Crime|TV Movie,5.8,12,0.1888,de
550522,Achille Tarallo,2018,Comedy,4.125,20,0.1319,it
503985,Break-Out to the Unknown,2018,Thriller|TV Movie|Drama|Science Fiction,5.1,11,0.27,de
635420,Main Man,2018,Drama,6.333,30,0.1037,de
533598,Fly Rocket Fly,2018,Documentary,7.3,14,0.2183,de
545333,What Men Want,2018,Comedy,6.6,24,0.2644,cs
504196,Lottery,2018,Drama|Romance|Thriller,3.9,17,0.249,fa
489984,The Devil We Know,2018,Documentary,7.6,27,0.1825,en
479379,The Benefit of the Doubt,2018,Mystery|Thriller,6.188,32,0.2601,fr
539039,The River,2018,Drama,6.0,13,0.2367,kk
568354,Wine to Love,2018,Comedy|Romance,4.8,10,0.2012,it
513195,Adelaide,2018,Crime|Drama|Mystery,4.4,11,0.2246,pt
569922,Mystery at Sorbonne University,2018,Crime|Mystery|Drama,7.2,12,0.1797,fr
553648,ReMastered: Who Killed Jam Master Jay?,2018,Documentary|Music,6.462,26,0.1405,en
516363,The World is Theirs,2018,Comedy,5.741,54,0.2497,es
502138,The World Before Your Feet,2018,Documentary,6.9,17,0.2351,en
507189,Hammer Horror: The Warner Bros. Years,2018,Documentary,7.3,12,0.2926,en
571844,Nevermind,2018,Comedy,5.0,24,0.3156,it
528886,The Lake Vampire,2018,Crime|Thriller|Mystery|Horror,5.393,14,0.2138,es
587245,Cumali Ceber 2,2018,Comedy,1.75,12,0.1769,tr
553795,The Reality,2018,Comedy,6.9,15,0.2104,es
542314,Maradona Confidential,2018,Documentary,6.4,18,0.1944,es
490758,Bisbee '17,2018,Documentary|History,6.941,17,0.2361,en
546476,Sick for Toys,2018,Horror,4.8,26,0.2714,en
525102,Girl Lost,2018,Drama,5.8,142,0.1953,en
394514,The Skin of Others,2018,Drama,3.9,10,0.3378,de
543988,Lake Michigan Monster,2018,Comedy|Fantasy|Horror|Adventure,6.676,34,0.2127,en
510262,Penalty Kick,2018,Comedy,5.5,21,0.2901,es
499558,Infinite Football,2018,Documentary,6.313,16,0.2675,ro
540215,Chi La Sow,2018,Romance|Comedy,7.688,16,0.2465,te
549599,Two Catalonias,2018,Documentary,6.5,29,0.2262,es
525021,Aldo Moro - il Professore,2018,TV Movie,6.8,16,0.2917,it
545284,Intimate Enemy,2018,Thriller,5.7,13,0.2215,sk
429730,The Marshes,2018,Horror,4.615,13,0.1922,en
500900,Ten Years Thailand,2018,Drama,6.1,10,0.2635,th
535280,Dracula in Love,2018,Horror|Fantasy,4.8,21,0.2705,en
479393,Tower. A Bright Day.,2018,Thriller|Drama,5.35,30,0.2119,pl
503446,Songwriter,2018,Documentary,8.3,14,0.1966,en
520928,Elephants Can Play Football,2018,Romance|Drama,5.9,11,0.2309,ru
458244,Territory of Love,2018,Drama|Romance,6.2,16,0.1803,fr
568909,Analysis Paralysis,2018,Romance|Comedy,4.5,14,0.2733,en
543089,Divide and Conquer: The Story of Roger Ailes,2018,Documentary,6.7,20,0.2317,en
537049,Hero of My Time,2018,Comedy|Drama,6.4,13,0.1838,uk
527754,Three Letters: Curse,2018,Horror,3.8,14,0.2651,tr
495356,Kaybedenler Kulübü Yolda,2018,Comedy|Drama,4.9,19,0.1643,tr
463291,Mercury,2018,Thriller|Horror,6.639,18,0.203,ta
507641,Aleksi,2018,Drama,5.2,13,0.199,hr
544944,Bruce Lee and the Outlaw,2018,Documentary,7.4,10,0.1599,ro
519771,De sicario a Youtuber,2018,Documentary|Crime,5.4,10,0.1833,es
587319,Off-Piste,2018,Animation|Comedy,6.391,23,0.2605,fr
583274,Unveiled,2018,Drama|TV Movie,5.8,15,0.2603,fr
569930,The Man Who Bought The Moon,2018,Comedy,6.9,83,0.2564,it
546266,La Fuitina Sbagliata,2018,Comedy,6.3,165,0.1874,it
523527,All I Want for Christmas,2018,Family|Adventure,6.2,13,0.1981,da
502229,Rocco Chinnici: May Your Kiss Lie Lightly On My Head,2018,TV Movie|Drama|History,7.1,10,0.3185,it
680050,The Good Journey,2018,Drama,7.1,13,0.1823,en
524786,Empathy  Inc.,2018,Science Fiction|Drama,5.8,22,0.2014,en
497520,Tom Segura: Disgraceful,2018,Comedy,7.1,81,0.1929,en
535041,Last Supper,2018,Thriller,5.1,12,0.2162,en
492638,The Sentence,2018,Documentary|Crime,6.8,19,0.2004,en
492561,The Great Satan,2018,Horror|Comedy|Fantasy,5.8,10,0.2783,en
563925,Mary Poppins Returns: Behind the Magic,2018,Documentary,6.2,13,0.3865,en
500902,My Mother Is Crazy,2018,Comedy,5.5,48,0.2352,fr
501628,Wobble Palace,2018,Romance|Comedy|Drama,5.5,21,0.1727,en
518470,Acid,2018,Drama,6.4,11,0.2299,fr
547691,Jacqueline Sauvage: It Was Him or Me,2018,Drama|TV Movie,7.7,121,0.2414,fr
514307,The Midwife's Deception,2018,Thriller|TV Movie,3.6,15,0.1905,en
495671,I Feel Good,2018,Drama|Comedy,5.6,229,0.4245,fr
542480,Lower House,2018,Documentary,8.4,10,0.1673,pt
761248,Kapture: Locust,2018,Science Fiction|Animation|Horror,5.8,10,0.2198,en
566491,Búék,2018,Drama|Comedy,6.8,28,0.3005,hu
629374,John,2018,Comedy,6.7,21,0.1781,en
435681,Where Are You  João Gilberto?,2018,Documentary|Music,6.4,14,0.1867,de
521876,Dead List,2018,Horror,3.9,11,0.1788,en
560910,King Petar the First,2018,War|Drama|History,8.2,12,0.294,sr
546085,Salvador Dalí: In Search of Immortality,2018,Documentary,7.1,19,0.2542,it
500863,Kiss Me Not,2018,Comedy,5.3,10,0.3399,ar
488093,The Deminer,2018,Documentary,7.8,10,0.1571,en
585997,Paranormal Investigation,2018,Horror|Thriller,4.4,49,0.2962,fr
555059,Flesh Blanket,2018,Horror|Comedy,3.182,11,0.186,en
495002,Waco: Madman or Messiah,2018,Documentary,7.3,15,0.1952,en
499469,The Endless Film,2018,Documentary|Fantasy,5.625,12,0.1477,es
521936,Mega Time Squad,2018,Comedy|Science Fiction|Action|Crime|Adventure,6.214,66,0.2681,en
469197,The Heart,2018,Drama,4.8,10,0.295,sv
450545,Secret Santa,2018,Horror|Thriller|Mystery,4.9,36,0.2872,en
515669,Murder in Tours,2018,Mystery|Thriller|Crime|TV Movie,6.2,10,0.186,fr
610261,The Curse of Lilith Ratchet,2018,Horror,3.9,14,0.2637,en
464670,Aadhi,2018,Action|Thriller,5.4,21,0.2658,ml
520330,Kaiser: The Greatest Footballer Never to Play Football,2018,Documentary,6.238,21,0.2596,en
497318,The Amorous Indies,2018,Documentary,8.0,13,0.2515,fr
569736,Rejected,2018,Fantasy|Drama,6.2,12,0.1551,es
556935,Jules of Light and Dark,2018,Drama,3.0,10,0.2308,en
550286,Don't Open Your Eyes,2018,Drama|Horror,5.9,12,0.2503,en
544294,Incredible Violence,2018,Comedy|Horror,4.125,12,0.27,en
545907,Dirty Work,2018,Comedy,7.1,11,0.1833,es
645443,Mirage,2018,Thriller|Drama,4.9,10,0.1612,fr
535575,Final Offer,2018,Science Fiction|Comedy,6.3,12,0.1793,en
619935,Running Out of Time,2018,Thriller,5.867,15,0.226,en
484915,Christian IV,2018,History|Drama,5.5,11,0.1767,da
487939,Just Past Noon on a Tuesday,2018,Drama|Romance,6.1,12,0.1636,pt
502616,Fred Armisen: Standup for Drummers,2018,Music|Comedy,6.3,33,0.3261,en
528848,Me  You  He  She,2018,Comedy,6.2,32,0.1737,uk
549321,Somm III,2018,Documentary,6.8,16,0.2539,en
539926,Dreamfools,2018,Comedy,5.6,75,0.2819,it
497796,Best F(r)iends: Volume 2,2018,Thriller|Mystery,5.5,48,0.2268,en
467746,July Tales,2018,Drama|Comedy,6.5,18,0.4591,fr
506730,Neat: The Story of Bourbon,2018,Documentary,7.1,23,0.2453,en
521926,Welcome to Curiosity,2018,Thriller,5.2,18,0.2022,en
558815,A Christmas Village,2018,Romance|TV Movie,4.4,17,0.2086,en
547498,Heart Is Not a Service,2018,Comedy|Drama|Romance,5.2,18,0.1777,pl
538523,Demetri Martin: The Overthinker,2018,Comedy|TV Movie,6.8,47,0.1729,en
571656,A Lonely Woman,2018,Action|Drama|Crime,5.0,12,0.2396,en
518103,Night Out,2018,Comedy,4.3,12,0.2123,de
569491,42 to 1,2018,Documentary,7.0,12,0.2274,en
535107,O Banquete,2018,Drama|Thriller,6.3,12,0.1655,pt
522866,Searching for Ingmar Bergman,2018,Documentary,5.9,15,0.2236,de
507671,La mossa del cavallo,2018,Drama|Thriller|TV Movie,7.6,44,0.2506,it
509893,Hitler Versus Picasso,2018,Documentary,7.3,40,0.2031,it
547386,Breath of Life,2018,Drama,6.3,62,0.2883,fr
594333,Cortázar y Antín: cartas iluminadas,2018,Documentary,9.1,12,0.187,es
480394,They Remain,2018,Drama|Horror|Mystery|Thriller,4.611,36,0.1522,en
484569,My Nephew Emmett,2018,History|Drama,6.3,19,0.217,en
569529,Sister,2018,Animation|Drama,7.3,53,0.1108,zh
558414,The Sermon,2018,Horror|Romance,4.4,11,0.204,en
614186,Escape from Marwin,2018,Horror,3.9,25,0.1654,en
519471,Voodoo Apocalypse,2018,Action|Comedy|Fantasy|Horror,4.5,20,0.2349,es
567338,Until Judge Do Us Part,2018,Comedy,5.3,25,0.2966,it
538702,Adam & Evelyn,2018,Drama,5.2,14,0.1448,de
495339,Enes Batur: Imagination or Reality?,2018,Comedy,2.5,37,0.2634,tr
554142,Cosa fai a Capodanno?,2018,Comedy,4.8,99,0.1983,it
548762,7 Emotions,2018,Drama|Comedy,6.562,65,0.2333,pl
509207,Combat Obscura,2018,Documentary|War|History,6.9,16,0.237,en
526171,Life in the Doghouse,2018,Documentary,7.9,15,0.175,en
473320,Village Rockstars,2018,Drama,7.375,16,0.1905,as
471970,B-Day!,2018,Comedy,5.1,11,0.2643,ru
608569,WitchStars,2018,Science Fiction|Horror|Comedy,5.0,10,0.2161,en
547088,Special Day,2018,Horror,6.577,13,0.1962,en
555666,The Mover,2018,History|Drama,7.5,10,0.2105,lv
512701,Ghost of Camp Blood,2018,Horror,4.1,22,0.1957,en
504800,Crazy in Love 2,2018,Music,6.8,24,0.2067,es
547447,Yanka y el espíritu del volcán,2018,Adventure|Fantasy|Family,5.8,17,0.1833,es
544522,16 Sunrises,2018,Documentary,6.8,35,0.2493,fr
516503,Do You Trust this Computer?,2018,Documentary,7.1,70,0.3298,en
502786,On Your Tiptoes,2018,Drama|TV Movie,7.976,21,0.1474,it
550216,Strangeways Here We Come,2018,Comedy|Crime,6.5,13,0.1972,en
505390,Girls Like Magic,2018,Comedy|Romance,5.7,11,0.1853,en
447383,Don't Look,2018,Horror,2.8,19,0.2343,en
572026,Din Don: Una Parrocchia In Due,2018,TV Movie|Comedy,5.0,23,0.1882,it
483855,Papers  Please,2018,Drama|Thriller,6.963,80,0.366,ru
538621,The Trial,2018,Documentary,6.9,14,0.1444,ru
552649,73 Cows,2018,Documentary,9.0,11,0.1751,en
552957,Point of No Return,2018,Action,6.2,10,0.2952,en
582070,Amityville: Mt Misery Road,2018,Horror,1.8,22,0.2949,en
515387,American Exorcist,2018,Horror|Comedy,4.8,13,0.2485,en
516834,Mrs. Claus,2018,Horror,4.7,21,0.1353,en
525057,Vitamania: The Sense and Nonsense of Vitamins,2018,Documentary,7.396,24,0.1704,en
548887,The Trump Prophecy,2018,Drama,2.5,17,0.1972,en
479758,Luna,2018,Drama|Romance,6.4,39,0.1853,fr
539499,Cheerleader Nightmare,2018,TV Movie|Thriller,6.3,12,0.2083,en
496916,Anna's War,2018,Drama|War,5.3,30,0.235,ru
510028,Ghostbox Cowboy,2018,Comedy,6.5,10,0.2539,en
548532,Sam Morril: Positive Influence,2018,Comedy|TV Movie,6.5,11,0.3974,en
457324,The Starry Sky Above Me,2018,Comedy,4.8,15,0.1646,fr
517402,Stroomop,2018,Adventure|Drama,6.0,10,0.1838,af
686749,Without a Trace,2018,Thriller|TV Movie|Crime,6.4,16,0.2254,fr
561318,Santiago  Italia,2018,Documentary,7.2,120,0.1523,it
531818,Joel,2018,Drama,5.9,17,0.1903,es
631380,One Must Fall,2018,Comedy|Horror,4.1,17,0.2943,en
532997,Chicken Girls: The Movie,2018,Comedy|Drama|Family|Romance,6.4,17,0.1696,en
512584,Trico Tri Happy Halloween,2018,Family|Horror|Comedy,4.9,22,0.2277,en
518720,Cassandro the Exotico!,2018,Documentary,5.4,16,0.3087,en
513865,Don't Call Me Spinster,2018,Comedy,7.9,37,0.1633,es
540020,The Father's Shadow,2018,Drama|Fantasy|Horror,6.4,13,0.1919,pt
541386,Black Hole Apocalypse,2018,Documentary,7.4,38,0.1564,en
550416,Flight of the Conchords: Live in London,2018,Comedy|Music,7.384,43,0.1871,en
546154,Blue,2018,Fantasy,6.1,26,0.1308,th
544753,Metti una notte,2018,Comedy|Fantasy,6.8,13,0.1904,it
553649,ReMastered: Tricky Dick & The Man in Black,2018,Documentary|Music,6.6,44,0.3066,en
467243,Charleston,2018,Comedy|Drama,5.6,17,0.2131,ro
570019,Commando Ninja,2018,Action|Comedy,5.8,31,0.1539,en
558088,The Blue Door,2018,Horror|Fantasy|Thriller,5.9,13,0.4871,en
509729,Ciro and Me,2018,Documentary,7.5,11,0.1376,es
518240,The Nursery,2018,Horror|Thriller,3.841,22,0.2307,en
308805,I'd Kill for You,2018,Comedy|Drama|Romance,5.4,11,0.1761,en
506421,J'ai perdu Albert,2018,Comedy,4.1,28,0.2228,fr
550052,A Simple Wedding,2018,Romance|Comedy,4.694,18,0.1597,en
518000,Casi 40,2018,Comedy|Romance|Drama,6.2,19,0.187,es
570648,Bad Luck Good Love,2018,Comedy|Romance,4.7,30,0.1897,pl
547549,Leonardo: The Mystery of the Lost Portrait,2018,Documentary|History,7.4,11,0.1742,fr
545581,Rudeboy: The Story of Trojan Records,2018,Documentary|Music,6.9,20,0.1117,en
530349,Stewart Lee: Content Provider,2018,Comedy,7.6,16,0.2398,en
551369,The Stone Eater,2018,Drama|Thriller,5.65,30,0.1661,it
390485,The Snarling,2018,Comedy|Horror,4.6,10,0.1644,en
551720,Dust,2018,Drama,5.1,17,0.239,nl
546652,Happy Go Lucky,2018,Comedy,4.4,27,0.1955,it
539167,Rafaël,2018,Drama,6.267,15,0.3002,nl
536329,Veslemøy's Song,2018,Drama,6.7,10,0.1156,en
559491,Siren's Call,2018,Comedy,6.8,12,0.1869,tr
542757,Hope You Die Next Time :-),2018,Drama,6.5,32,0.1506,hu
493670,Obscuro Barroco,2018,Documentary,6.5,11,0.2969,pt
531922,Bon Bini Holland 2,2018,Comedy,5.9,17,0.1987,nl
532756,Lucy's Tale,2018,Horror|Fantasy|Drama,6.9,17,0.1461,en
814925,The Wait,2018,Unknown,8.4,10,0.1842,en
532622,A Sniper's War,2018,Documentary|War,5.0,13,0.2221,en
523288,2 Hours from Paris,2018,Comedy,4.7,18,0.1918,fr
538610,We'll Be Young and Beautiful,2018,Drama,6.4,16,0.1883,it
537943,Malevolence 3: Killer,2018,Horror,4.8,38,0.1462,en
540375,The Barn,2018,Crime|Horror|Mystery,3.4,11,0.1493,en
776054,I delitti del BarLume - La battaglia navale,2018,Comedy|Crime|Drama,7.1,12,0.1799,it
776061,I delitti del BarLume - Il battesimo di Ampelio,2018,Comedy|Crime|Drama,6.8,13,0.1339,it
537968,Monrovia  Indiana,2018,Documentary,6.2,21,0.179,en
518490,One Day,2018,Drama,6.3,20,0.1578,hu
533988,Alegría  tristeza,2018,Drama|Family,7.1,25,0.1932,es
496466,The House of Violent Desire,2018,Horror|Mystery|Thriller,5.3,19,0.17,en
552400,Who Will Write Our History?,2018,Documentary|History|War|Drama,7.3,12,0.4256,en
515409,Armed to the Teeth,2018,Documentary,7.6,18,0.1484,es
525121,Meine Mutter ist unmöglich,2018,TV Movie|Comedy,5.5,12,0.1949,de
561262,Sarah Millican: Control Enthusiast,2018,Comedy,6.5,10,0.234,en
602432,16 Shots,2018,Documentary,5.6,14,0.1335,en
533574,Our Youth In Taiwan,2018,Documentary,6.2,10,0.132,zh
417611,Beyond the Woods,2018,Horror,3.5,29,0.1866,en
532162,W. Kamau Bell: Private School Negro,2018,Comedy,6.1,20,0.1439,en
509624,The Lotus,2018,Action|Horror|Science Fiction,4.6,18,0.3215,en
447691,Leaning Into the Wind: Andy Goldsworthy,2018,Documentary,7.433,15,0.1548,en
544918,Notes for a Heist Film,2018,Documentary,6.4,21,0.197,es
554164,The Marshal's Two Executions,2018,Documentary|History,6.31,21,0.169,ro
486078,Il vegetale,2018,Comedy,5.7,269,0.2702,it
508474,Tátova volha,2018,Comedy|Drama,5.1,11,0.1184,cs
589600,Le Mans 1955,2018,Animation|Drama|History,7.281,16,0.1569,fr
501154,Pass Over,2018,Drama,5.8,18,0.1412,en
573507,Kaya Yanar - Reiz der Schweiz,2018,Comedy|Documentary,8.214,14,0.1375,de
534062,The Fireflies Are Gone,2018,Drama|Comedy,6.9,14,0.1782,fr
561230,Out of Many  One,2018,Documentary,5.3,15,0.1857,en
550294,Mo Amer: The Vagabond,2018,Comedy,6.0,21,0.1506,en
553036,Bad Poems,2018,Comedy|Drama,6.7,24,0.1958,hu
504551,The Lost Strait,2018,War,7.1,16,0.2166,fa
548763,Outsider,2018,Drama|History,5.3,11,0.1758,pl
528213,Scotch: A Golden Dream,2018,Documentary,7.3,11,0.137,en
484568,Wild Heart,2018,Music|Documentary,7.6,13,0.1053,de
592661,The Kleptocrats,2018,Documentary,6.4,14,0.2257,en
509903,The Legend of Cocaine Island,2018,Documentary,6.2,30,0.2443,en
503445,Recreo,2018,Drama|Comedy,6.15,10,0.178,es
536474,Centipede,2018,Comedy,5.3,22,0.2594,fa
449017,Formentera Lady,2018,Comedy|Drama,5.4,17,0.209,es
535378,Menocchio the Heretic,2018,Drama|History,6.0,29,0.1372,it
501597,Gefangen: Der Fall K.,2018,Drama|TV Movie,6.313,16,0.1614,de
566556,The Cabin,2018,Thriller|Horror,3.9,30,0.1997,en
544501,Alien Crystal Palace,2018,Music|Mystery|Thriller|Fantasy,2.813,17,0.1335,fr
606882,F.O.T.O.G.R.A.F.,2018,Action|Science Fiction|Drama,6.718,39,0.1419,ru
517510,Van Gogh: Of Wheat Fields and Clouded Skies,2018,Documentary,8.1,22,0.1481,it
493121,Science Fair,2018,Documentary,7.2,18,0.1324,en
458749,Bob & Marys,2018,Comedy,5.2,62,0.2708,it
517937,Die Wunderübung,2018,Comedy|Romance,6.5,16,0.245,de
529643,Whore and Beloved,2018,Comedy,3.7,10,0.1353,es
561471,Best Friend,2018,Animation|Drama|Science Fiction,7.5,30,0.1454,en
555031,Kemper on Kemper: Inside the Mind of a Serial Killer,2018,Documentary|Crime,7.5,17,0.1356,en
542008,Babamın Ceketi,2018,Family|Comedy,5.5,11,0.142,tr
517931,Memento Mori,2018,Horror|Mystery,4.7,16,0.1725,nl
511791,Mercury 13,2018,Documentary,6.672,58,0.1869,en
522393,Recovery Boys,2018,Documentary,6.5,17,0.1438,en
499651,Inland Sea,2018,Documentary,7.4,10,0.1164,ja
490780,Dark Money,2018,Documentary,6.8,17,0.1048,en
555559,The Lost Footage of Leah Sullivan,2018,Horror|Mystery|Crime|Thriller,5.379,29,0.1505,en
499720,Les Municipaux  ces héros,2018,Comedy,5.1,122,0.1507,fr
544047,Un Amore così grande,2018,Romance,5.5,32,0.1466,it
453546,Marisa in the Woods,2018,Fantasy|Drama|Comedy,4.8,12,0.1499,es
411267,Webcast,2018,Thriller|Horror,6.0,24,0.14,en
499517,Sol Alegria,2018,Comedy|Fantasy,4.861,18,0.2817,pt
605040,Always Amazing,2018,Documentary,6.7,11,0.1959,en
481984,Michael Inside,2018,Drama,6.643,21,0.2347,en
596178,Music Teacher,2018,Drama|Music|Romance,6.8,10,0.2201,hi
540632,De film van Dylan Haegens,2018,Family|Comedy|Adventure|Science Fiction,7.4,20,0.1593,nl
519112,Samouni Road,2018,Documentary|Animation,6.9,15,0.1631,ar
474942,The Royal Hibiscus Hotel,2018,Romance|Comedy,4.4,12,0.1316,en
518228,Shanda's River,2018,Horror,4.3,11,0.1397,en
515917,Saints Rest,2018,Drama|Music,6.8,11,0.1763,en
540677,On the Run,2018,Thriller|Crime|Drama,4.6,15,0.1567,pl
561267,Bill Bailey: Limboland,2018,Comedy,6.808,13,0.2341,en
447757,Respiri,2018,Thriller|Drama,3.4,11,0.3114,it
520789,The Accountant of Auschwitz,2018,Documentary|History|Crime,7.0,68,0.3973,en
489172,Golden Dawn Girls,2018,Documentary,5.8,10,0.1477,no
457215,Grandpa Walrus,2018,Drama|Animation,7.1,28,0.1542,fr
511138,Animal Behaviour,2018,Comedy|Animation,6.4,91,0.1805,en
490021,Last Days in Shibati,2018,Documentary,7.1,11,0.1203,fr
541689,Fuck You,2018,Drama|Romance,3.1,13,0.1117,sv
518335,Call for Dreams,2018,Crime|Drama|Mystery|Thriller,6.0,13,0.1398,ja
387809,Drunk Angry Idiot,2018,Comedy,5.4,21,0.2523,es
518835,Debt,2018,Drama,6.2,13,0.19,tr
499772,Meet Me in St. Gallen,2018,Drama|Romance,5.286,35,0.207,tl
558219,Dissonance,2018,Thriller,4.917,12,0.1506,fr
517208,Industrial Accident: The Story of Wax Trax! Records,2018,Documentary|History|Music,7.9,15,0.1386,en
538598,The Young Fan,2018,Comedy,6.9,29,0.1885,it
553713,Cognitio,2018,Drama,5.75,16,0.1458,da
553674,Chivas: The Movie,2018,Documentary,8.6,123,0.1652,es
537868,Sophia Antipolis,2018,Drama,5.5,16,0.169,fr
532223,Dibujando el cielo,2018,Romance,5.0,10,0.1746,es
496208,27: The Cursed Club,2018,Action|Comedy|Crime|Fantasy,4.3,27,0.2421,es
574358,Blue Dog,2018,Drama,5.9,12,0.4632,fr
548213,Mémoire de sang,2018,Thriller|Crime|Drama|Mystery|TV Movie,6.2,13,0.267,fr
476197,Serial Cook,2018,Comedy|Drama|Crime,6.5,56,0.2005,tr
521329,Beached Tuna,2018,Comedy,5.0,214,0.1264,it
579960,The Trial of Ratko Mladic,2018,Documentary|History,7.2,11,0.1105,en
505210,Plan B,2018,Comedy|Romance,4.4,25,0.1106,pl
579023,U Get What U Kiss,2018,Comedy,7.0,24,0.1388,ro
521512,Tig Notaro: Happy to Be Here,2018,Comedy,6.3,52,0.1803,en
528615,You Are My Passion,2018,Comedy,5.0,11,0.2616,es
633099,No More We,2018,Drama|Romance,5.1,10,0.1588,sv
428427,The Road Movie,2018,Documentary,6.7,21,0.2257,ru
500107,Wild Amsterdam,2018,Documentary,6.133,15,0.1231,nl
575107,A Sister,2018,Thriller|Drama,7.607,61,0.0934,fr
516038,Fary Is the New Black,2018,Comedy,6.7,93,0.2159,en
514705,Oh My God!,2018,Comedy|Drama,3.8,12,0.1834,it
608191,Lunaire,2018,Drama|Comedy,5.0,11,0.1878,fr
500748,Nine Meals from Chaos,2018,Drama,4.2,12,0.2028,es
473355,Life and Nothing More,2018,Drama,7.3,14,0.1237,en
497274,The Number on Great-Grandpa's Arm,2018,Documentary,7.0,13,0.1351,en
553100,Wild and Free,2018,Drama,5.9,18,0.2081,tl
519137,The Night of Plastic Bags,2018,Animation|Horror,6.393,14,0.3559,fr
500542,Ága,2018,Drama,6.824,34,0.143,bg
509594,The Crossbreed,2018,Horror|Thriller,3.7,11,0.1984,en
490785,Hale County This Morning  This Evening,2018,Documentary,6.033,60,0.2034,en
520273,The Gentle Indifference of the World,2018,Drama,5.1,10,0.1147,kk
497227,Seethakathi,2018,Comedy|Drama,7.5,15,0.1486,ta
545577,After the Screaming Stops,2018,Documentary|Music,6.4,30,0.1483,en
557071,Thermostat 6,2018,Animation|Comedy|Family,6.9,13,0.1011,fr
515290,The Long Road to War,2018,Documentary|History|War,6.9,21,0.1458,en
544769,Les Déguns,2018,Comedy,4.406,85,0.1302,fr
531664,Path of Blood,2018,Documentary,6.4,18,0.1263,en
553848,Neither You Nor I,2018,Comedy,5.15,20,0.1416,es
513360,Matti and Sami and the Three Biggest Mistakes in the Universe,2018,Adventure|Family,4.8,11,0.1062,de
519881,Tramposos con suerte,2018,Comedy,6.3,14,0.1329,es
505527,Garabandal: Only God Knows,2018,Drama,6.139,18,0.1104,es
546553,A Decent Man,2018,Drama,6.5,13,0.1324,ro
532170,Farmlands,2018,Documentary,6.042,12,0.1096,en
537109,How Fernando Pessoa Saved Portugal,2018,Comedy,6.3,20,0.1051,pt
434370,Araby,2018,Drama,8.0,41,0.1271,pt
499724,Cornelius  the Howling Miller,2018,Drama,4.7,17,0.1727,fr
522614,In Top Form? No  Thank You!,2018,Comedy,6.0,16,0.2211,it
574366,Wild Love,2018,Animation|Comedy|Horror,5.725,20,0.1847,fr
551737,Carved,2018,Horror,5.133,15,0.1648,en
500815,Land,2018,Drama,5.8,13,0.1144,en
471284,Empty Days,2018,Drama,4.1,14,0.073,pt
469915,Coffee With Cinnamon,2018,Drama,7.5,33,0.1526,pt
516355,Memoirs of a Man in Pajamas,2018,Animation|Comedy,5.1,15,0.1252,es
521041,Hari Kondabolu: Warn Your Relatives,2018,Comedy,5.8,17,0.1569,en
587385,Little Miss Sumo,2018,Documentary,6.155,42,0.1419,en
507892,Devil's Tree: Rooted Evil,2018,Horror|Thriller,5.1,34,0.1186,en
495507,Twisted Pair,2018,Thriller|Science Fiction|Drama,5.2,40,0.151,en
481056,Secret Ingredient,2018,Drama|Comedy,6.3,15,0.1025,mk
548176,Getting My Ex-wife Back,2018,Comedy|Romance,5.2,17,0.121,es
483489,Return to Bollene,2018,Drama,5.8,10,0.1428,fr
538078,The Glorious Acceptance of Nicolas Chauvin,2018,Comedy,6.7,14,0.314,fr
551702,In viaggio con Adele,2018,Drama|Comedy,5.8,33,0.1738,it
540762,BNK48: Girls Don't Cry,2018,Documentary,5.9,13,0.1569,th
497766,Northern Wind,2018,Drama,6.7,16,0.0913,fr
546832,La stella di Andra e Tati,2018,Animation|Drama|War|History,7.8,11,0.1293,it
499161,A Journey to the Fumigated Towns,2018,Documentary,6.5,10,0.0907,es
546546,Midnight Runner,2018,Drama,6.3,20,0.3062,de
1236172,Astartes,2018,Action|Science Fiction|Animation,8.75,10,0.1823,en
497658,Scott and Sid,2018,Drama|Comedy,6.4,24,0.1229,en
478425,The Ice King,2018,Documentary,6.5,10,0.1371,en
473518,On the Sly,2018,Drama,5.5,52,0.0904,fr
464699,Kings for a Day,2018,Drama,5.628,47,0.1278,fr
514234,Bruno Motoneta,2018,Unknown,5.3,10,0.2291,es
603945,The La Llorona Curse,2018,Horror,6.6,16,0.1222,en
543661,Bleed Out,2018,Documentary,7.7,14,0.1042,en
542784,Operation Thai Cave Rescue,2018,Documentary,8.9,28,0.1066,en
570039,Maikol Yordan 2: La Cura Lejana,2018,Adventure|Family|Comedy,7.9,17,0.1251,es
548756,We Are the Heat,2018,Drama,6.3,17,0.0882,es
513178,Welcome to Sodom,2018,Documentary,7.1,15,0.1326,en
537197,Alban Ivanov - Élément perturbateur,2018,Comedy,7.2,41,0.0956,fr
464561,Volcano,2018,Comedy|Drama,6.4,26,0.0766,uk
599999,Into the Mirror,2018,Drama|Thriller,3.8,11,0.1447,en
572764,What I Feel For You,2018,Drama|Comedy,8.1,18,0.0877,es
746953,The Rejected,2018,Horror,6.4,37,0.1127,en
507729,Marlon Wayans: Woke-ish,2018,Comedy,6.298,57,0.1208,en
516807,Jack of all Trades,2018,Documentary,5.8,16,0.1662,en
462440,Seat 25,2018,Drama|Science Fiction,5.3,18,0.1234,en
574466,Night Shot,2018,Horror|Drama,5.2,28,0.1258,fr
480714,Life Is a Bitch,2018,Comedy,7.2,10,0.1481,pt
519804,Kevin James: Never Don't Give Up,2018,Comedy|TV Movie,6.2,50,0.1476,en
513460,Catwalk: Tales from the Catshow Circuit,2018,Documentary,5.9,16,0.1878,en
520369,It's a Hard Truth Ain't It,2018,Documentary|Animation,6.8,11,0.0743,en
533989,Journey to a Mother's Room,2018,Drama,6.3,39,0.127,es
531841,Bañeros 5: Lentos y cargosos,2018,Comedy,5.1,12,0.1848,es
540002,Il bene mio,2018,Drama,6.6,22,0.1249,it
542574,Raccoon Valley,2018,Drama|Horror|Thriller,6.3,20,0.1528,en
552477,Let's Not Meet,2018,Horror,4.4,10,0.106,en
502971,Air,2018,Drama|Romance,4.8,17,0.1508,de
544575,Skin Creepers,2018,Horror|Comedy|Fantasy,4.9,12,0.1463,de
507389,Zion,2018,Documentary,6.6,61,0.107,en
555274,Deux gouttes d'eau,2018,Mystery|Drama,6.1,14,0.1403,fr
633177,Dual,2018,Horror,5.6,11,0.1073,en
543086,The Truth About Killer Robots,2018,Documentary,5.2,17,0.1548,en
532374,Jim Jefferies: This Is Me Now,2018,Comedy,6.922,115,0.103,en
527256,Stripped,2018,Drama,5.3,11,0.1287,he
561930,Ant Head,2018,Horror|Music,5.2,26,0.1172,en
552376,Robowar,2018,Science Fiction|Action,5.8,10,0.1841,en
533048,Leila,2018,Drama,5.7,33,0.163,fr
499723,Abdel et la Comtesse,2018,Comedy,5.267,30,0.1192,fr
541011,My Beloved Enemy,2018,Comedy|Crime,5.4,71,0.1687,it
493050,Das Joshua-Profil,2018,Thriller|Adventure,5.7,15,0.1025,de
777912,Bad Ben 5: The Crescent Moon Clown,2018,Horror|Comedy,4.8,12,0.1874,en
436316,The Beginner,2018,Drama|Family,6.5,10,0.1216,de
603663,Cherrie - ut ur mörkret,2018,Documentary|TV Movie,6.0,34,0.0973,sv
520558,Love & Bananas: An Elephant Story,2018,Documentary|TV Movie,8.1,11,0.0988,en
540136,Forever Chape,2018,Documentary,6.3,17,0.1081,pt
492495,Lovers,2018,Comedy|Drama|Romance,5.3,48,0.1061,en
561291,Winterskin,2018,Horror|Action|Fantasy|Mystery|Thriller,4.1,18,0.1251,en
527555,Make It Soul,2018,Animation|Music,6.8,13,0.0843,en
515921,The Patient,2018,Drama|History,7.0,17,0.091,pt
486114,Of Skin and Men,2018,Drama,5.7,15,0.1082,fr
503229,The Ones Who Stay,2018,Drama|Comedy,4.8,15,0.138,fr
475862,Crater,2018,Drama,5.6,15,0.1079,it
629020,New Land Broken Road,2018,Unknown,6.3,20,0.1812,km
538675,Blonde Animals,2018,Comedy|Drama|Crime,5.2,18,0.1136,fr
550248,Joe Rogan: Strange Times,2018,Comedy,7.056,72,0.1083,en
1124113,Not Found - Forbidden Videos Removed from the Net - Best Selection by Staff Part 5,2018,Horror,3.9,28,0.1093,ja
547780,Skeletons in the Closet,2018,Horror,4.3,10,0.132,en
575466,The Hidebehind,2018,Horror,6.1,15,0.1039,en
518749,The Snatch Thief,2018,Drama,6.433,15,0.0981,es
655279,The Wrong Rock,2018,Animation|Drama,6.8,10,0.5412,en
517112,Taksim Hold'em,2018,Drama|Comedy,6.5,11,0.1219,tr
408417,The Last of Us,2018,Drama,6.5,11,0.0913,xx
440086,Occidental,2018,Drama|Comedy|Thriller,5.5,10,0.096,fr
379282,Rewind: Die zweite Chance,2018,Thriller|Science Fiction,5.1,10,0.1281,de
477577,3,2018,Horror|Mystery|Thriller,5.7,19,0.1579,en
517827,Alejandro Sanz: What I Was Is What I Am,2018,Documentary|Music,7.5,14,0.1462,es
828508,Return,2018,Documentary,6.5,571,0.1817,es
502154,Alt-Right: Age of Rage,2018,Documentary,6.1,27,0.108,en
540836,Blood Paradise,2018,Comedy|Horror|Mystery,4.1,11,0.2019,en
537856,Yara,2018,Drama,5.2,11,0.2738,ar
535408,Luciano Mellera: Infantiloide,2018,Comedy,7.5,10,0.0934,es
493201,Todd Glass: Act Happy,2018,Comedy,5.6,16,0.1901,en
565024,Jusqu'à ce que la mort nous unisse,2018,Drama|Crime,6.4,12,0.1172,fr
536475,Aa Karaala Ratri,2018,Thriller,5.75,12,0.2373,kn
563091,45 Days Away from You,2018,Romance|Drama|Comedy,6.3,14,0.127,pt
563778,Zakir Khan: Kaksha Gyarvi,2018,Comedy,7.3,12,0.133,hi
533201,53 Wars,2018,Drama,4.6,13,0.3178,pl
539398,La Banda Grossi,2018,Adventure|Crime,6.8,18,0.0802,it
543126,It Lives Inside,2018,Horror,3.9,13,0.1334,en
553686,Th'dread Rattlin',2018,Horror,5.5,10,0.1316,en
551893,The Rizzle,2018,Horror,6.182,11,0.1463,en
560930,Gypsy's Revenge,2018,TV Movie|Documentary,7.933,15,0.1606,en
379280,LOMO: The Language of Many Others,2018,Drama,5.8,15,0.0898,de
550302,Ron White: If You Quit Listening  I'll Shut Up,2018,Comedy,6.028,36,0.0836,en
910552,Anime,2018,Unknown,5.9,16,0.0923,en
445147,The Cage Fighter,2018,Drama|Documentary|Action,6.3,10,0.0822,en
499474,Poisonous Roses,2018,Drama,5.6,10,0.091,ar
574856,Wretch,2018,Horror,3.7,14,0.1274,en
488411,Helena,2018,Drama|Romance,6.2,19,0.1897,es
547158,Cycles,2018,Animation|Drama,7.547,32,0.107,en
517667,All These Creatures,2018,Drama,6.5,13,0.1038,en
465672,Milla,2018,Drama,4.8,11,0.1631,fr
551859,The Secret of the Two Headed Dragon,2018,Family|Fantasy,3.4,10,0.1067,cs
576721,Being Impossible,2018,Drama,5.5,13,0.087,es
552746,Planet Single 2,2018,Comedy|Romance,6.3,58,0.1296,pl
559353,Elsewhere - Alone in Africa,2018,Documentary,7.75,16,0.0636,de
499159,Oxidan,2018,Comedy,3.9,12,0.1233,en
538368,If Life Gives You Lemons,2018,Drama,6.3,31,0.1,it
455277,Coby,2018,Documentary,4.4,10,0.1185,en
560329,Ovunque Proteggimi,2018,Drama,7.5,20,0.0835,it
480252,Yonlu,2018,Romance|Drama,7.8,20,0.1182,pt
519133,The Fight,2018,Drama,5.633,15,0.1361,it
517786,The Night She Moves,2018,Drama|Romance,6.3,12,0.1058,es
559323,5B,2018,Documentary,5.8,12,0.097,en
519407,Third Kind,2018,Science Fiction,5.4,10,0.0743,en
552786,The Creepy Line,2018,Documentary,6.5,14,0.157,en
467384,Those Who Are Fine,2018,Drama,5.8,18,0.0968,de
564625,Il Sindaco Italian politics 4 dummies,2018,Unknown,5.6,15,0.0761,it
499091,A Kind of America 3,2018,Comedy|Music|Crime,6.0,21,0.0648,hu
500735,Finally Married,2018,Comedy,6.9,84,0.1551,it
507531,Hello & Goodbye,2018,Romance|Drama,5.66,25,0.0754,en
528134,DZIDZIO First Time,2018,Comedy,6.4,12,0.0732,uk
636220,Twice,2018,Drama,5.3,10,0.0794,it
532032,S He,2018,Animation|Fantasy,7.2,12,0.123,zh
513300,Terror Nullius,2018,Adventure|Comedy|Fantasy,7.4,13,0.1045,en
522140,Beate,2018,Comedy,6.4,12,0.1186,it
507112,Road to Hell,2018,Action|Horror|Crime,7.0,33,0.1037,it
524794,Eugenio,2018,Documentary,6.0,10,0.1043,es
536510,Each and Every Moment,2018,Documentary,6.3,15,0.0861,fr
539158,Kesha: Rainbow - The Film,2018,Music|Documentary,5.7,10,0.0675,en
537531,M,2018,Documentary,6.0,24,0.0782,yi
525427,The Grand Ball,2018,Documentary,6.7,19,0.1153,fr
577449,One,2018,Drama,6.6,10,0.1226,es
535302,Kaya Yanar - Planet Deutschland,2018,Comedy|Family,7.5,11,0.0759,de
543809,Lifeboat,2018,Documentary,6.6,22,0.1055,en
551898,Lippy,2018,Horror,4.077,13,0.1272,en
553595,Father of Independence,2018,Drama|History,5.8,11,0.1035,si
470180,Uma Vida Sublime,2018,Thriller,6.15,10,0.0699,pt
462332,A Cambodian Spring,2018,Documentary,6.1,11,0.097,en
544423,The Goalkeeper,2018,Thriller,7.6,11,0.0634,es
498630,My Uncle Archimedes,2018,Comedy|Drama|TV Movie,6.179,14,0.0998,cs
546069,A Son of Man,2018,Drama|Adventure|Family,7.9,12,0.0627,es
544295,D.L. Hughley: Contrarian,2018,Comedy|Documentary|TV Movie,5.2,17,0.0591,en
497557,Djon Africa,2018,Drama|Crime,6.2,13,0.0778,pt
734185,Friend,2018,Drama|Mystery|Crime,6.7,17,0.0356,de
742389,Brothers,2018,Crime|Drama|Action,7.128,38,0.0524,en
494795,The Widowed Witch,2018,Fantasy|Drama,6.0,11,0.0845,zh
567524,Vir Das: Losing It,2018,Comedy,7.2,31,0.0759,en
483263,Nichts zu verlieren,2018,Comedy,6.5,10,0.0497,de
715552,Magnetic,2018,Documentary,5.9,14,0.0762,fr
497522,Katt Williams: Great America,2018,Comedy,5.7,44,0.0599,en
530049,In the Middle of the River,2018,Drama,6.0,11,0.0698,en
749555,Peephole,2018,Horror,5.5,13,0.0805,en
591369,The Christmas Gift,2018,Drama|History,8.0,15,0.0571,ro
528305,Canavar Gibi,2018,Comedy,3.6,11,0.0599,tr
498086,Sultry,2018,Drama|Horror,5.0,11,0.0708,pt
546674,Enough,2018,Animation,6.7,21,0.1122,en
551906,The Gillymuck,2018,Horror,6.0,12,0.0664,en
538391,The Story of a Summer Lover,2018,Comedy,5.7,14,0.0586,ro
523246,Lost & Found,2018,Animation|Drama,7.9,64,0.1103,en
610709,Dadli,2018,Documentary,6.4,10,0.0772,en
539962,Still Recording,2018,Documentary,7.7,10,0.0743,ar
796655,The Little Cat,2018,Animation,7.1,10,0.1059,es
478812,Little Hands,2018,Drama,7.0,27,0.0981,fr
563953,Transfert,2018,Drama|Thriller,7.0,16,0.0532,it
559967,Head Above Water,2018,Drama,5.4,21,0.0768,fr
539029,1938 Diverse,2018,Documentary|Animation,6.7,12,0.0754,it
526450,98  secrets d'une victoire,2018,Documentary,8.0,14,0.063,fr
532127,The Grand Bizarre,2018,Documentary|Animation,6.7,13,0.0577,en
592564,I Am Maris: Portrait of a Young Yogi,2018,Documentary,7.3,14,0.0466,en
504958,Coyote,2018,Animation,6.4,10,0.0462,de
542135,Dante Goes To War,2018,Comedy,5.6,13,0.0585,it
544292,Patision Avenue,2018,Drama,6.7,16,0.0771,el
440254,Baronesa,2018,Documentary|Drama,6.0,10,0.0537,pt
516341,Greg Davies: You Magnificent Beast,2018,Comedy,6.725,51,0.0797,en
547395,The Bird & The Whale,2018,Animation,6.5,10,0.0461,en
523704,Carlos Ballarta: furia ñera,2018,Comedy,7.0,20,0.0404,es
553788,The Sower,2018,Documentary,7.3,18,0.0478,es
524699,Les bonnes conditions,2018,Documentary,7.0,13,0.0629,fr
368386,The Bear Tales,2018,Drama,6.3,10,0.0661,it
496049,I Remember the Crows,2018,Documentary,6.1,10,0.0441,pt
527716,The Texture of Falling,2018,Drama|Mystery|Thriller,4.4,11,0.0352,en
551908,The Box,2018,Horror,6.1,10,0.0865,en
540014,Island,2018,Drama,5.9,11,0.0414,pt
704599,Porn with Murder,2018,Comedy,5.0,11,0.0588,uk
523243,Jaula,2018,Drama,5.8,15,0.0393,es
514480,Malati di sesso,2018,Comedy,4.1,37,0.0465,it
536317,J the Film,2018,Drama,7.3,16,0.0669,bs
493661,Ex-Shaman,2018,Documentary,6.6,11,0.0687,pt
549443,Rafinha Bastos: Ultimatum,2018,Comedy,6.3,30,0.1751,pt
733875,Dirty Money: Payday,2018,Unknown,7.7,10,0.0338,en
579838,The FGM Detectives,2018,Documentary|Crime,6.5,16,0.0423,en
1137928,Bat,2018,Animation,6.9,60,0.0545,en
537961,Dead Horse Nebula,2018,Drama,5.1,11,0.0588,tr
549550,Brutal,2018,Horror|Action|Fantasy,8.4,11,0.0377,fr
497945,Averno,2018,Fantasy,6.8,16,0.0368,es
565730,Flesh Memory,2018,Documentary,4.7,10,0.0404,fr
515488,Auto de Resistência,2018,Documentary,6.8,12,0.0214,pt
518126,Einführung in eine wahre Geschichte der DFFB,2018,Unknown,5.0,10,0.0264,en
532448,Samantha Hudson: A Story About Faith  Sex and Electro-Queer,2018,Documentary,7.3,10,0.0256,es
503128,Now It's Dark,2018,Drama,7.0,10,0.0538,no
501685,The Remembered Film,2018,Drama,4.6,14,0.0588,en
552362,Heaven,2018,Drama,6.0,11,0.0286,es
531956,Hamburger Gitter,2018,Documentary,8.1,16,0.0563,de
552756,23,2018,Documentary,5.8,21,0.0143,ru
562250,Follow Me,2018,Documentary,5.5,11,0.0286,en
540925,P.A.I.N,2018,Unknown,6.1,21,0.0143,en
560120,Good,2018,Documentary,6.6,17,0.0143,fr
549632,Caterpillarplasty,2018,Animation,5.25,12,0.1795,en
601850,Marielle and Monica,2018,Unknown,5.0,12,0.0168,pt
596589,El Piedra,2018,Drama,6.6,16,0.0214,es
552921,Let's Dance!,2018,Documentary,7.6,10,0.0143,he
510819,Dirty Dead Con Men,2018,Action|Crime|Drama,3.6,25,0.0185,en
523689,China Not China,2018,Unknown,5.5,10,0.0071,en
